# VPXTOOL table OBJ file
# VPXTOOL OBJ file
# numVerts: 2002 numFaces: 3988
o PinCab_LegsFront
v -14.23244 1710.4093 -2264.753
v -14.863123 1711.6666 -2250.2756
v -14.305507 1713.6353 -2265.0364
v -77.266014 1712.1713 -2265.4753
v -14.93619 1714.8927 -2250.5596
v -77.19295 1708.9452 -2265.1924
v -81.56965 1715.8818 -2185.1113
v -81.642715 1719.1078 -2185.3948
v -80.96624 1712.1144 -2265.1711
v -80.893364 1708.8883 -2264.8875
v -84.456055 1712.1165 -2264.2415
v -84.38298 1708.8906 -2263.9583
v -87.676216 1712.1753 -2262.7458
v -87.603325 1708.9491 -2262.4622
v -90.56804 1712.2861 -2260.7417
v -90.49497 1709.0598 -2260.4583
v -93.072296 1712.4452 -2258.2864
v -92.99941 1709.2188 -2258.0032
v -95.13068 1712.6486 -2255.438
v -95.05761 1709.4225 -2255.1543
v -96.68377 1712.8932 -2252.2542
v -96.610695 1709.667 -2251.9702
v -97.67287 1713.1749 -2248.792
v -97.5998 1709.9487 -2248.5085
v -98.520515 1715.4983 -2185.1072
v -98.03876 1713.4902 -2245.1104
v -97.96588 1710.2639 -2244.8271
v -98.59358 1718.7241 -2185.3906
v -38.13994 339.88602 -2120.8271
v -35.1289 340.501 -2122.1343
v -41.279373 339.70422 -2119.5083
v -35.137302 340.92242 -2117.3352
v -38.148346 340.30716 -2116.0308
v -32.34938 341.9232 -2118.5852
v -46.93464 602.7517 -2137.912
v -40.989716 340.14236 -2114.8403
v -32.360405 341.49463 -2123.3784
v -41.288895 340.17743 -2114.1199
v -44.383858 339.7466 -2118.2258
v -32.28248 341.5253 -2123.3806
v -46.643677 340.17056 -2112.8171
v -32.291077 341.94635 -2118.5872
v -50.32933 602.37744 -2141.2996
v -38.251312 602.634 -2141.49
v -29.647785 343.44498 -2118.7139
v -38.262527 602.21265 -2146.2842
v -29.639378 343.02393 -2123.5078
v -27.242199 345.28857 -2118.8718
v -27.233599 344.86758 -2123.6653
v -25.110378 347.4494 -2119.0579
v -25.101782 347.02835 -2123.8518
v -23.288763 349.89948 -2119.2698
v -23.280355 349.4785 -2124.064
v -21.814167 352.61093 -2119.5056
v -21.805569 352.18994 -2124.299
v -20.722462 355.55573 -2119.7622
v -20.714241 355.1348 -2124.5562
v 29.231653 526.84845 -2139.5483
v 29.222864 527.2682 -2134.7544
v 27.483297 604.1208 -2141.506
v 30.51676 531.6255 -2136.1135
v 30.522177 531.3594 -2139.1443
v 27.41228 607.2535 -2141.7832
v 27.491888 603.6998 -2146.3
v 28.882204 603.8008 -2145.5088
v 28.876978 604.06683 -2142.4775
v 28.811575 606.9286 -2145.7856
v 27.421064 606.82654 -2146.577
v 28.80615 607.1984 -2142.7551
v 28.740751 610.0557 -2146.0662
v -38.333344 605.33954 -2146.5608
v 27.350431 609.95264 -2146.8577
v 28.735144 610.3296 -2143.0364
v -50.400345 605.5103 -2141.5774
v 27.341452 610.3858 -2142.065
v -38.322327 605.76685 -2141.7676
v 28.669928 613.1839 -2146.3513
v -47.005646 605.88904 -2138.19
v -38.393333 608.8992 -2142.0488
v -47.07666 609.026 -2138.4717
v -50.609642 606.5779 -2129.5437
v -38.463974 612.0325 -2142.3342
v -50.68084 609.7261 -2129.8264
v -47.147858 612.1639 -2138.757
v 27.270452 613.5192 -2142.35
v 28.66432 613.46173 -2143.322
v -38.53499 615.16675 -2142.6233
v 28.59891 616.31305 -2146.64
v -47.218872 615.30286 -2139.0474
v 27.199434 616.6535 -2142.6394
v 28.593496 616.59467 -2143.611
v 27.279608 613.07996 -2147.1423
v 28.528078 619.44293 -2146.9336
v -38.404182 608.4655 -2146.8416
v 28.522478 619.72833 -2143.9043
v -50.47117 608.64294 -2141.8582
v -38.475006 611.59283 -2147.1262
v -50.541992 611.77655 -2142.1438
v -55.492012 609.61554 -2129.8445
v -55.56321 612.7645 -2130.1316
v -55.42063 606.4674 -2129.562
v -55.683006 618.76904 -2064.6355
v -55.609756 615.53534 -2064.3406
v -55.756256 622.0035 -2064.9338
v -55.53669 612.3026 -2064.05
v -55.634598 615.91455 -2130.4229
v -50.613007 614.9111 -2142.4333
v 27.208784 616.2079 -2147.4312
v -38.54563 614.72076 -2147.415
v -38.616455 617.84955 -2147.7085
v 27.13796 619.33673 -2147.7244
v -27.815147 618.0938 -2147.7112
v -50.684013 618.0463 -2142.7268
v -38.90274 621.4259 -2148.276
v -50.94526 621.63226 -2143.2769
v -55.992836 622.66644 -2131.2874
v -28.173752 621.6899 -2148.0557
v -55.70598 619.06525 -2130.7183
v -17.013828 618.3381 -2147.7136
v -51.454483 625.18445 -2144.1182
v -39.47252 624.9652 -2149.1597
v -17.222563 621.9379 -2148.0562
v -56.562973 626.2307 -2132.1736
v -12.374386 618.443 -2147.7148
v -28.91619 625.2772 -2148.4092
v -12.574899 622.02625 -2148.2322
v -7.735132 618.54803 -2147.716
v -17.6077 625.5338 -2148.4036
v -2.94208 618.6563 -2147.717
v -7.816234 622.11707 -2148.4092
v 1.851154 618.7648 -2147.7183
v -2.901902 622.245 -2148.2346
v -12.940415 625.5816 -2148.9983
v 1.897311 622.3703 -2148.0608
v -7.896212 625.63806 -2149.5933
v 27.056292 622.9393 -2148.067
v -2.693544 625.8134 -2149.0005
v 2.119874 625.98 -2148.4084
v 28.446615 623.0465 -2147.2761
v 26.974821 626.5421 -2148.4148
v -2.428751 629.374 -2149.8528
v 28.44082 623.3365 -2144.2476
v -7.975637 629.1407 -2150.9438
v -13.360313 629.12683 -2149.85
v 2.401488 629.5911 -2148.7615
v -8.055426 632.65643 -2152.1377
v 28.36514 626.6506 -2147.6235
v 26.893164 630.145 -2148.7678
v -2.220198 632.93964 -2150.6292
v 2.624235 633.2007 -2149.12
v 28.283464 630.25464 -2147.977
v -2.18002 636.5246 -2151.168
v 26.811865 633.74774 -2149.126
v 2.670392 636.80566 -2149.484
v -8.136156 636.2185 -2152.8516
v -2.296441 641.6581 -2151.696
v -13.725462 632.6795 -2150.6262
v -13.925978 636.25903 -2151.165
v -18.051521 629.1285 -2148.757
v -18.436659 632.72437 -2149.115
v -18.645775 636.32367 -2149.4788
v -29.786446 628.86163 -2148.7698
v -30.528696 632.4487 -2149.1335
v -40.13665 628.49066 -2150.1523
v -40.70661 632.02655 -2151.0466
v -30.8873 636.0444 -2149.4993
v -40.992714 635.5982 -2151.635
v -52.046677 628.724 -2145.0598
v -52.556084 632.2729 -2145.9116
v -52.816956 635.8547 -2146.4827
v -57.22786 629.7809 -2133.1694
v -57.798187 633.3417 -2134.066
v -58.084846 636.9383 -2134.6567
v -41.10894 640.7309 -2152.1628
v -52.93357 640.9979 -2147.011
v -56.149048 638.1041 -2123.626
v -31.003721 641.1814 -2150.0276
v -56.065704 634.49567 -2122.9446
v -55.98124 630.9287 -2121.8335
v -58.201828 642.10614 -2135.188
v -56.16288 639.4939 -2109.961
v -56.266403 643.2949 -2124.1592
v -56.080093 635.8468 -2109.4624
v -55.896217 627.37335 -2120.583
v -55.99787 632.21643 -2108.7903
v -55.811752 623.8016 -2119.4822
v -55.91565 628.59076 -2108.0642
v -55.72821 620.1867 -2118.822
v -55.833435 624.9584 -2107.403
v -57.29139 632.70026 -2103.595
v -55.75083 621.3084 -2106.9263
v -56.622955 629.082 -2102.8508
v -56.04927 625.45435 -2102.1743
v -55.760742 621.80194 -2101.6904
v -57.864708 636.3257 -2104.282
v -56.265663 625.96405 -2096.804
v -58.153427 639.9751 -2104.7874
v -57.33101 629.6196 -2097.1584
v -58.58641 633.271 -2097.5195
v -59.651947 636.9265 -2097.8845
v -60.146965 640.5944 -2098.2554
v -56.280983 644.71277 -2110.4973
v -58.271904 645.2047 -2105.325
v -58.179962 641.28406 -2091.9133
v -56.384132 648.48285 -2124.7036
v -57.890312 637.5891 -2091.6724
v -57.315132 633.8825 -2091.6194
v -60.265625 645.83746 -2098.7944
v -56.64482 630.1726 -2091.6326
v -56.12625 638.13324 -2086.6423
v -55.77063 622.2957 -2096.4543
v -56.06964 626.4678 -2091.5906
v -55.77999 622.7748 -2091.3718
v -56.041977 634.4094 -2086.575
v -55.957886 630.6807 -2086.5713
v -55.87361 626.95856 -2086.5144
v -55.829506 625.2389 -2065.237
v -55.913788 628.96216 -2065.5908
v -55.998062 632.6858 -2065.9504
v -54.964302 622.1504 -2063.5483
v -55.03736 625.38745 -2063.851
v -55.121834 629.11273 -2064.2056
v -56.082344 636.4094 -2066.3157
v -55.20629 632.8385 -2064.5652
v -51.995857 625.45636 -2063.8518
v -56.166626 640.1327 -2066.6855
v -52.08014 629.1815 -2064.2063
v -55.290573 636.56415 -2064.9307
v -52.164597 632.90717 -2064.5662
v -56.21035 641.83966 -2086.8896
v -55.374847 640.2895 -2065.3008
v -58.298996 646.5403 -2092.4534
v -56.25109 643.8558 -2067.0613
v -56.329575 647.1063 -2087.4304
v -52.24906 636.6329 -2064.9307
v -56.4488 652.37036 -2087.983
v -51.271362 636.51825 -2066.3167
v -58.418045 651.79407 -2093.0044
v -51.187073 632.7945 -2065.9514
v -60.384293 651.07806 -2099.3442
v -51.1028 629.071 -2065.5925
v -58.39038 650.4317 -2105.873
v -58.53689 657.0442 -2093.5662
v -56.399086 649.92914 -2111.0442
v -60.502953 656.3151 -2099.9048
v -58.508484 655.65533 -2106.4326
v -56.567833 657.63104 -2088.5454
v -58.65574 662.29 -2094.1384
v -56.371246 649.16327 -2067.6072
v -56.491226 654.46844 -2068.1636
v -56.686874 662.8873 -2089.119
v -56.61119 659.77026 -2068.7307
v -55.69964 654.6331 -2066.7793
v -55.579475 649.3251 -2066.2224
v -55.819794 659.9375 -2067.347
v -55.459137 644.01434 -2065.677
v -52.53778 649.3939 -2066.2231
v -52.333153 640.3584 -2065.3015
v -52.417618 644.08307 -2065.6777
v -51.355637 640.24146 -2066.6873
v -51.43992 643.96436 -2067.063
v -51.560074 649.27203 -2067.6086
v -52.658127 654.7019 -2066.7798
v -51.398613 641.91693 -2087.2007
v -52.7781 660.00635 -2067.3477
v -51.517838 647.183 -2087.742
v -51.68023 654.5774 -2068.165
v -51.637062 652.44635 -2088.2942
v -53.48764 646.6349 -2092.5923
v -51.314713 638.21094 -2086.9539
v -53.368607 641.3787 -2092.0525
v -51.230614 634.4877 -2086.8865
v -53.078957 637.6839 -2091.8132
v -51.14615 630.75934 -2086.882
v -52.50376 633.97705 -2091.765
v -55.335983 640.7032 -2098.2573
v -51.061882 627.03766 -2086.826
v -55.454636 645.9463 -2098.7961
v -53.60649 651.8881 -2093.143
v -54.840958 637.0353 -2097.8862
v -51.756096 657.7064 -2088.8567
v -51.83365 630.26697 -2091.783
v -51.800392 659.8789 -2068.7324
v -53.775604 633.3799 -2097.52
v -52.89807 665.3065 -2067.9258
v -53.053726 636.4308 -2104.3196
v -55.939766 665.2377 -2067.925
v -53.342438 640.0798 -2104.829
v -56.731346 665.06744 -2069.3083
v -53.460724 645.3094 -2105.3665
v -56.059555 670.5243 -2068.5134
v -56.850952 670.351 -2069.8967
v -55.573486 651.18695 -2099.3452
v -56.805534 668.13116 -2089.7026
v -53.725533 657.1381 -2093.705
v -53.5792 650.5363 -2105.9148
v -51.875137 662.962 -2089.4304
v -55.69178 656.424 -2099.906
v -51.920174 665.17615 -2069.31
v -53.844193 662.3837 -2094.2776
v -53.017853 670.59344 -2068.5146
v -52.039955 670.4605 -2069.898
v -51.99398 668.20593 -2090.0132
v -56.633614 840.2295 -2088.9019
v -57.61133 840.3535 -2087.517
v -60.652466 840.2594 -2087.5132
v -63.631546 1014.86444 -2106.9414
v -61.443665 840.0806 -2088.8955
v -66.671745 1014.75104 -2106.935
v -62.654022 1014.74774 -2108.3267
v -61.39863 837.8736 -2108.7034
v -56.588013 837.9881 -2109.0186
v -67.46277 1014.5678 -2108.3176
v -53.962852 667.61774 -2094.8599
v -62.608612 1012.51764 -2128.445
v -55.810448 661.6566 -2100.4768
v -58.5567 837.38654 -2113.8638
v -55.928734 666.8778 -2101.0579
v -53.697495 655.7597 -2106.4736
v -53.815598 660.97876 -2107.043
v -60.5222 836.6347 -2120.0598
v -51.588097 650.0378 -2111.0466
v -53.93351 666.18713 -2107.6226
v -51.706017 655.2507 -2111.6042
v -51.82412 660.4592 -2112.1724
v -51.469994 644.8215 -2110.4995
v -53.50782 647.3822 -2135.7112
v -51.3517 639.60266 -2109.9634
v -53.39084 642.21704 -2135.1694
v -52.312782 638.326 -2122.2996
v -51.269104 635.9554 -2109.4648
v -53.6248 652.5439 -2136.2637
v -52.4804 632.8064 -2103.6226
v -52.12815 634.7041 -2121.7551
v -52.52002 629.7284 -2097.1604
v -51.186882 632.32513 -2108.7925
v -51.811783 629.1894 -2102.8662
v -51.25846 626.56195 -2091.7454
v -51.454483 626.07275 -2096.8057
v -51.10485 628.69946 -2108.0664
v -50.977966 623.3336 -2086.6008
v -51.801872 631.1085 -2120.9707
v -51.238457 625.56274 -2102.18
v -53.27404 637.04913 -2134.6387
v -50.96881 622.869 -2091.528
v -52.987007 633.45245 -2134.0479
v -50.959465 622.40454 -2096.4558
v -49.667625 636.25244 -2143.274
v -50.949554 621.9109 -2101.692
v -49.78405 641.40234 -2143.8037
v -50.752228 612.8752 -2130.1133
v -51.022255 625.067 -2107.405
v -49.900658 646.54956 -2144.3435
v -50.93966 621.4172 -2106.928
v -51.428505 627.5205 -2120.1099
v -51.10205 623.9222 -2119.3357
v -52.41687 629.89166 -2133.151
v -51.752167 626.34143 -2132.1553
v -50.91742 620.2966 -2118.8127
v -49.381157 632.6683 -2142.6848
v -48.811005 629.1202 -2141.7896
v -51.181656 622.7772 -2131.2693
v -48.146492 625.5826 -2140.7952
v -40.6967 632.50665 -2146.2588
v -50.894814 619.1759 -2130.7
v -40.982986 636.0857 -2146.8474
v -47.576546 622.03107 -2139.9097
v -50.823616 616.0252 -2130.4048
v -47.29007 618.44244 -2139.3416
v -40.126938 628.96375 -2145.3633
v -39.46261 625.4314 -2144.37
v -38.89247 621.88513 -2143.4854
v -38.606003 618.3019 -2142.9172
v -27.968004 618.54236 -2142.9197
v -28.21561 622.1374 -2143.3755
v -28.69344 625.712 -2143.9915
v -29.24751 629.2792 -2144.6655
v -17.540804 622.3896 -2143.2656
v -29.725153 632.852 -2145.2927
v -17.926132 625.99255 -2143.614
v -18.37032 629.59424 -2143.9675
v -17.331879 618.78296 -2142.9224
v -18.755648 633.1972 -2144.3267
v -13.335279 629.5993 -2145.0708
v -29.972755 636.4444 -2145.769
v -18.964575 636.8034 -2144.6912
v -13.687341 633.15906 -2145.8513
v -13.882247 636.7454 -2146.3926
v -19.081182 641.9503 -2145.22
v -41.09941 641.2281 -2147.376
v -13.998667 641.8889 -2146.9211
v -19.197594 647.0948 -2145.7593
v -41.215828 646.368 -2147.9148
v -50.017075 651.69354 -2144.8938
v -19.314014 652.23584 -2146.3096
v -53.7416 657.7013 -2136.8262
v -41.33207 651.5044 -2148.4648
v -50.133682 656.833 -2145.4548
v -51.941658 665.6575 -2112.7507
v -53.858208 662.84985 -2137.3994
v -41.448486 656.63666 -2149.0244
v -58.52755 835.9646 -2126.627
v -56.536247 835.45447 -2131.7576
v -50.249916 661.9648 -2146.026
v -58.452606 832.6468 -2156.4063
v -19.430252 657.3724 -2146.87
v -41.564537 661.7623 -2149.5955
v -14.115272 647.0298 -2147.46
v -14.231505 652.16724 -2148.01
v -7.953768 641.8522 -2148.5923
v -8.070002 646.9897 -2149.1318
v -14.347739 657.30035 -2148.5698
v -7.837163 636.7122 -2148.0645
v -8.186235 652.12384 -2149.6807
v -7.756438 633.14307 -2147.3499
v -2.13704 637.0139 -2146.3665
v -2.369887 647.2985 -2147.4343
v -7.676455 629.6204 -2146.155
v -2.253461 642.15753 -2146.895
v -2.486121 652.4361 -2147.984
v 2.427653 647.5839 -2145.7646
v -2.166379 633.4221 -2145.8286
v 2.54426 642.4395 -2145.225
v 2.660868 637.2925 -2144.6965
v 2.311233 652.72504 -2146.3147
v 26.603315 642.98364 -2145.231
v 26.48689 648.12805 -2145.7708
v 26.719923 637.83655 -2144.7021
v 27.997564 642.91437 -2146.2017
v 26.370474 653.26904 -2146.3206
v 26.801779 634.22754 -2144.3376
v 2.194993 657.8615 -2146.8755
v 2.614898 633.6805 -2144.3318
v 27.880953 648.0569 -2146.7407
v -2.349515 629.8496 -2145.0552
v 28.113981 637.7695 -2145.6724
v 27.887499 647.73663 -2149.766
v 28.003912 642.6004 -2149.2278
v 28.195631 634.1618 -2145.3083
v 28.120329 637.4617 -2148.6992
v 26.88344 630.61774 -2143.9785
v 2.392328 630.0639 -2143.9727
v 28.20181 633.8584 -2148.3354
v 28.277311 630.5534 -2144.9495
v 26.7302 637.34985 -2149.49
v 26.965109 627.0079 -2143.6248
v 28.359148 626.945 -2144.596
v 26.61378 642.48694 -2150.0178
v 27.046946 623.3981 -2143.2766
v 2.553794 641.9428 -2150.0117
v 26.497541 647.62146 -2150.556
v 2.11091 626.4458 -2143.619
v 27.128603 619.78845 -2142.933
v 1.888341 622.829 -2143.2705
v -2.584035 626.28235 -2144.206
v -2.79651 619.11163 -2142.926
v -2.767169 622.70715 -2143.4434
v -7.435578 619.0067 -2142.9246
v -7.596845 626.1107 -2144.8035
v -7.51668 622.58264 -2143.6187
v -12.383543 618.8949 -2142.9236
v -12.578633 622.4848 -2143.4438
v -12.930882 626.04736 -2144.2136
v 2.43756 647.0773 -2150.5503
v 27.771254 652.8694 -2150.3152
v 26.381315 652.7525 -2151.1052
v 27.764708 653.19586 -2147.2905
v 27.655218 657.99774 -2150.8752
v 26.254248 658.40564 -2146.8816
v 27.648298 658.33057 -2147.8508
v 2.321505 652.2084 -2151.0996
v 26.137995 663.5449 -2147.4531
v -2.41268 646.7891 -2152.2336
v 26.265257 657.8793 -2151.6648
v -8.25239 641.3485 -2153.379
v 27.53224 663.46796 -2148.4219
v -14.042212 641.3926 -2151.6929
v 27.53916 663.1291 -2151.4456
v -18.762001 641.4607 -2150.0066
v 26.149214 663.0089 -2152.235
v -31.119955 646.31573 -2150.566
v -18.878235 646.5952 -2150.5452
v -14.158439 646.5236 -2152.231
v -8.368437 646.4762 -2153.917
v -31.236004 651.4469 -2151.115
v -2.528727 651.9168 -2152.7822
v -18.994465 651.7263 -2151.0942
v -14.274486 651.6512 -2152.7793
v -8.484481 651.6002 -2154.4653
v 2.205461 657.3351 -2151.659
v -2.644765 657.0399 -2153.3416
v 2.089411 662.4614 -2152.229
v -2.760625 662.16235 -2153.9111
v -8.600341 656.72 -2155.0237
v 21.537237 833.47015 -2171.3162
v -14.390532 656.7743 -2153.3386
v -8.716204 661.838 -2155.5933
v -14.506392 661.89514 -2153.9082
v -19.11052 656.853 -2151.6536
v -19.226566 661.9765 -2152.2236
v -13.320704 832.016 -2174.6426
v -31.35205 656.5734 -2151.6746
v -7.366439 832.3881 -2172.9658
v -2.517325 832.7257 -2171.288
v -19.109774 832.0248 -2172.9521
v -13.399372 1007.26764 -2192.4316
v -31.468096 661.6953 -2152.2446
v -8.551571 1007.6358 -2190.757
v 15.497765 1008.5346 -2190.8025
v -19.352516 1006.8587 -2194.104
v -15.719932 1186.2334 -2210.551
v -23.82863 832.0664 -2171.263
v 8.324729 1187.2463 -2210.609
v 16.887156 1008.674 -2190.0154
v 22.926813 833.60144 -2170.5283
v -20.56699 1185.8433 -2212.2227
v 22.919899 833.9383 -2167.5044
v 16.880428 1009.0092 -2186.9917
v 21.52603 834.00323 -2166.534
v 2.078759 662.9976 -2147.4468
v 15.486752 1009.06464 -2186.0195
v -2.527977 833.2587 -2166.5054
v -2.718579 662.7011 -2149.115
v -2.602345 657.56915 -2148.5444
v -7.324393 832.92413 -2168.1697
v -8.302468 657.2534 -2150.2402
v -8.418515 662.38116 -2150.811
v -14.463786 662.4308 -2149.1406
v -8.561848 1008.1661 -2185.9739
v -13.023012 832.55835 -2169.86
v -13.35714 1007.8016 -2187.6348
v 8.313704 1187.7747 -2205.8257
v -15.730393 1186.7616 -2205.7676
v -19.05483 1007.4003 -2189.3218
v 9.707019 1187.7262 -2206.7986
v -19.06698 832.5576 -2168.184
v -19.546486 662.50543 -2147.4412
v 9.713933 1187.3923 -2209.8223
v -24.14855 832.5896 -2166.4802
v 1.693058 1369.1384 -2226.842
v 1.699791 1368.8054 -2229.866
v 0.299942 1369.1823 -2225.869
v 0.310781 1368.6554 -2230.6528
v -6.869173 1552.2924 -2247.0378
v -23.73052 1367.5643 -2230.5857
v -6.862629 1551.9595 -2250.0625
v -8.251266 1551.8071 -2250.8481
v -8.262291 1552.3333 -2246.065
v -7.162933 1558.4636 -2247.718
v -7.156209 1558.1307 -2250.7422
v -23.740614 1368.0913 -2225.8022
v -8.555871 1558.5044 -2246.7444
v -20.52457 1186.3751 -2207.4258
v -32.30079 1551.1987 -2245.993
v -28.534412 1367.6898 -2227.4587
v -26.221138 1185.9475 -2209.1099
v -25.097292 1007.3597 -2187.6414
v -34.230045 1367.2444 -2229.1406
v -32.262672 1185.8777 -2207.426
v -30.177565 1007.35834 -2185.9333
v -37.094025 1550.7888 -2247.6484
v -37.342003 1185.8513 -2205.7156
v -40.270645 1367.1542 -2227.455
v -41.180893 1006.8272 -2186.9924
v -42.789284 1550.3334 -2249.3296
v -46.161743 831.6676 -2168.6135
v -32.721813 1557.3641 -2246.6729
v -54.84526 831.7966 -2165.0364
v -52.18609 1006.2962 -2188.0515
v -59.34604 1184.6855 -2207.8223
v -60.86754 1006.3675 -2184.4673
v -64.47396 1007.18976 -2175.8337
v -45.349228 1367.111 -2225.7424
v -68.02581 1184.7144 -2204.2334
v -48.82933 1550.232 -2247.6426
v -67.35028 1365.8745 -2227.841
v -53.90754 1550.1794 -2245.9287
v -71.63131 1185.516 -2195.598
v -64.9062 1549.5413 -2246.9763
v -62.55741 1009.9965 -2151.1855
v -69.714935 1188.3218 -2170.949
v -64.54833 1010.491 -2146.0535
v -71.70531 1188.8049 -2165.816
v -66.542244 1011.14484 -2139.4841
v -73.69866 1189.4465 -2159.2454
v -64.57693 1011.90607 -2133.289
v -71.73371 1190.2146 -2153.0505
v -69.76576 1190.8334 -2148.2078
v -81.70009 1370.5756 -2179.258
v -79.73551 1371.348 -2173.0635
v -77.76758 1371.9718 -2168.2214
v -69.8108 1193.0552 -2128.0886
v -77.81224 1374.1881 -2148.1013
v -70.78815 1193.167 -2126.7021
v -78.78957 1374.2963 -2146.7148
v -73.82779 1193.0388 -2126.6946
v -87.34433 1557.2921 -2166.8933
v -81.82865 1374.1582 -2146.7063
v -74.61862 1192.8527 -2128.0767
v -86.36737 1557.1859 -2168.2803
v -67.4183 1012.3719 -2128.1262
v -86.32271 1554.9728 -2188.4004
v -87.63809 1563.4636 -2167.5737
v -88.29027 1554.3462 -2193.2422
v -86.66094 1563.3573 -2168.9604
v -90.38341 1557.1489 -2166.8843
v -82.61949 1373.9701 -2148.0876
v -74.574326 1190.6648 -2147.8865
v -90.67699 1563.3197 -2167.5647
v -91.174065 1556.9591 -2168.2656
v -82.57576 1371.7878 -2167.898
v -87.931854 1569.6357 -2168.2534
v -91.46782 1563.1304 -2168.9456
v -90.97093 1569.4923 -2168.2446
v -91.13033 1554.7799 -2188.0762
v -76.54208 1190.027 -2152.9016
v -84.54295 1371.1451 -2172.9126
v -69.38623 1011.74164 -2133.1418
v -63.366936 837.2532 -2113.7205
v -71.35119 1010.96515 -2139.4749
v -58.774208 667.5237 -2094.7207
v -65.33207 836.48596 -2120.0542
v -60.739906 666.7684 -2101.0564
v -60.621437 661.54785 -2100.4753
v -58.626778 660.87445 -2107.002
v -58.74488 666.08215 -2107.581
v -56.51719 655.1419 -2111.602
v -56.63492 660.35046 -2112.1704
v -63.3376 835.82007 -2126.581
v -56.75283 665.54816 -2112.7483
v -56.501305 653.6674 -2125.258
v -56.61885 658.84753 -2125.8235
v -56.735832 664.0179 -2126.3987
v -61.3463 835.30585 -2131.7512
v -69.35727 1010.31586 -2146.0042
v -78.50666 1189.244 -2159.2336
v -67.36635 1009.81696 -2151.175
v -76.513306 1188.6067 -2165.764
v -86.50752 1370.3574 -2179.2441
v -61.32949 833.7841 -2145.4023
v -74.52295 1188.1193 -2170.9368
v -93.09752 1554.1345 -2193.0903
v -84.51455 1369.7284 -2185.7756
v -95.06172 1553.344 -2199.4219
v -91.42372 1560.9376 -2188.882
v -93.185165 1560.3011 -2193.9023
v -91.761955 1569.3026 -2169.626
v -91.71692 1567.0768 -2189.862
v -94.94399 1559.5347 -2200.103
v -91.26525 1575.6653 -2168.9246
v -93.06893 1552.7195 -2205.9536
v -92.05609 1575.4756 -2170.306
v -92.98764 1566.4619 -2194.8975
v -92.0105 1573.2104 -2190.8997
v -82.52437 1369.2487 -2190.949
v -93.15732 1558.9155 -2206.499
v -94.25669 1565.7532 -2200.7864
v -91.07913 1552.2445 -2211.1277
v -92.69575 1572.6217 -2195.9526
v -92.961296 1565.1464 -2206.8586
v -93.37988 1571.9816 -2201.4695
v -91.37308 1558.43 -2211.6787
v -82.50831 1367.7443 -2204.602
v -91.06325 1550.7421 -2224.7805
v -74.50669 1186.6108 -2184.589
v -67.3499 1008.30304 -2164.8276
v -76.43949 1185.3114 -2195.6055
v -69.28289 1007.0081 -2175.8442
v -63.262474 832.4957 -2156.4194
v -84.440926 1366.4412 -2215.6182
v -64.01501 1005.8942 -2187.6672
v -58.66919 662.7383 -2137.4177
v -57.993286 831.34186 -2168.2383
v -58.5524 657.59033 -2136.8447
v -53.39869 661.5337 -2149.23
v -53.282455 656.4088 -2148.6602
v -58.43579 652.43304 -2136.2822
v -53.16622 651.27606 -2148.1
v -58.318993 647.27136 -2135.7292
v -53.049988 646.1387 -2147.5503
v -41.225174 645.86084 -2152.7007
v -41.341225 650.9876 -2153.2493
v -41.457085 656.10974 -2153.808
v -41.573135 661.2259 -2154.3774
v -46.170525 831.13416 -2173.3967
v -36.067734 831.685 -2171.2727
v -52.19487 1005.7653 -2192.8342
v -42.094307 1006.3798 -2190.7175
v -29.858202 1006.83966 -2190.7168
v -59.355003 1184.1566 -2212.605
v -49.256325 1184.8182 -2210.494
v -37.022453 1185.336 -2210.4995
v -25.140085 1006.82916 -2192.4092
v -32.305466 1185.3486 -2212.1948
v -26.518824 1185.4064 -2213.892
v -40.31344 1366.6262 -2232.2231
v -28.576645 1367.1589 -2232.2556
v -34.527916 1366.7032 -2233.923
v -32.290512 1550.6727 -2250.7766
v -37.136635 1550.2585 -2252.446
v -43.08716 1549.7927 -2254.1118
v -45.02968 1366.5983 -2230.5261
v -48.872124 1549.705 -2252.411
v -57.261864 1366.0405 -2230.5164
v -53.58818 1549.6677 -2250.7131
v -49.04721 1555.901 -2252.9163
v -67.359055 1365.3467 -2232.6245
v -43.381477 1556.0023 -2254.4417
v -71.17291 1184.2274 -2207.4316
v -65.819244 1549.088 -2250.701
v -79.17527 1365.3777 -2227.4465
v -75.9155 1548.3761 -2252.807
v -92.995865 1549.4379 -2235.7966
v -87.73059 1548.3851 -2247.6267
v -91.35607 1556.9479 -2225.1472
v -93.085 1555.6432 -2236.2527
v -87.845146 1554.5878 -2248.1006
v -91.66796 1564.6361 -2212.0515
v -91.648155 1563.2026 -2225.0796
v -92.89122 1561.8976 -2236.3984
v -76.00464 1554.5822 -2253.263
v -87.71209 1560.8342 -2248.2893
v -65.83606 1555.2725 -2251.3792
v -75.811035 1560.836 -2253.409
v -53.754677 1555.8448 -2251.3933
v -65.469795 1561.4763 -2252.0554
v -53.74533 1562.0316 -2252.0745
v -49.05786 1562.1324 -2253.1794
v -64.97608 1567.6874 -2252.7307
v -75.523254 1567.1074 -2253.4514
v -53.677498 1568.2217 -2252.7559
v -87.496254 1567.0964 -2248.3838
v -75.33003 1573.3628 -2253.5972
v -92.60344 1568.1682 -2236.441
v -87.36358 1573.3444 -2248.5725
v -92.41021 1574.4241 -2236.587
v -91.94023 1569.4741 -2224.867
v -92.23287 1575.7303 -2224.7996
v -91.96303 1570.8495 -2212.365
v -92.258095 1577.0571 -2212.7375
v -92.67071 1571.3894 -2207.1563
v -92.475426 1577.6213 -2207.5159
v -92.69295 1578.2015 -2202.1533
v -92.55317 1583.2461 -2213.2896
v -92.56457 1583.8209 -2208.0618
v -92.57634 1584.3958 -2202.8347
v -92.52682 1581.9396 -2225.1663
v -93.76259 1607.0277 -2239.9514
v -92.50047 1580.6332 -2237.0435
v -87.479065 1579.5502 -2249.0469
v -92.587555 1584.9541 -2197.7603
v -92.49879 1578.784 -2196.9478
v -92.59876 1585.5123 -2192.6858
v -92.30425 1579.3512 -2191.8801
v -92.35041 1581.6494 -2170.9863
v -92.645294 1587.8243 -2171.6665
v -91.55958 1581.8391 -2169.6047
v -91.854454 1588.0137 -2170.2854
v -93.90723 1614.2168 -2174.5745
v -93.116394 1614.4066 -2173.193
v -88.81557 1588.1572 -2170.294
v -90.07749 1614.5508 -2173.2024
v -94.38188 1640.8108 -2176.1023
v -88.52068 1581.9823 -2169.614
v -87.83842 1588.051 -2171.6812
v -88.226364 1575.8085 -2168.9333
v -87.54353 1581.8763 -2171.0012
v -86.954895 1569.5295 -2169.6406
v -87.249214 1575.7023 -2170.3206
v -86.6161 1561.1305 -2189.206
v -86.909485 1567.2695 -2190.186
v -87.20287 1573.4032 -2191.2234
v -88.377914 1560.5126 -2194.056
v -88.18058 1566.6732 -2195.0552
v -87.88831 1572.832 -2196.1162
v -87.49663 1579.5442 -2192.2036
v -87.69173 1578.994 -2197.1152
v -87.780304 1585.1638 -2197.9292
v -89.10036 1614.4451 -2174.5896
v -87.76927 1584.6227 -2202.8494
v -91.342995 1640.956 -2176.1116
v -87.88625 1578.4285 -2202.1677
v -88.57282 1572.2084 -2201.4844
v -89.44999 1565.9801 -2200.8003
v -87.75787 1584.0479 -2208.0767
v -87.66855 1577.8479 -2207.535
v -87.86383 1571.6145 -2207.1853
v -90.1373 1559.7616 -2200.1177
v -88.15423 1565.3702 -2206.8994
v -90.25503 1553.5708 -2199.4363
v -88.35026 1559.1384 -2206.5496
v -79.706924 1369.942 -2185.8289
v -88.262054 1552.942 -2206.0083
v -77.71712 1369.4668 -2190.9631
v -86.5662 1558.6567 -2211.6938
v -79.633675 1366.6616 -2215.612
v -86.27244 1552.4713 -2211.1428
v -87.23053 1551.069 -2223.466
v -76.028564 1365.8739 -2224.249
v -88.18899 1549.6665 -2235.7917
v -87.422066 1557.2644 -2223.9695
v -88.27812 1555.8722 -2236.2473
v -84.58425 1548.8867 -2244.4294
v -75.90653 1548.9032 -2248.0232
v -84.673386 1555.0924 -2244.8855
v -65.03382 1555.7329 -2247.5442
v -75.99586 1555.1091 -2248.4792
v -84.47979 1561.3466 -2245.0313
v -88.084335 1562.1262 -2236.3936
v -87.47271 1563.4948 -2224.2292
v -86.861084 1564.8628 -2212.067
v -87.796555 1568.3972 -2236.436
v -87.15597 1571.0763 -2212.3806
v -87.476265 1569.7368 -2224.4067
v -87.45122 1577.2838 -2212.7532
v -87.527275 1575.9688 -2224.6667
v -87.74629 1583.4727 -2213.3052
v -87.71994 1582.1675 -2225.1704
v -87.60352 1574.6531 -2236.582
v -87.693596 1580.862 -2237.038
v -88.9559 1607.2582 -2239.9465
v -84.08904 1580.0824 -2245.6768
v -83.99878 1573.8732 -2245.2202
v -84.19201 1567.6174 -2245.074
v -90.36602 1640.8506 -2177.4985
v -75.80225 1561.3634 -2248.6252
v -75.51429 1567.6342 -2248.6677
v -64.93235 1561.9531 -2247.9578
v -64.75463 1568.1836 -2248.3198
v -75.32125 1573.8901 -2248.814
v -64.653725 1574.4056 -2248.733
v -53.996857 1568.733 -2247.9714
v -75.41151 1580.099 -2249.2703
v -54.064697 1562.543 -2247.2903
v -64.78248 1580.6006 -2249.302
v -54.073853 1556.3566 -2246.6094
v -53.987892 1574.9211 -2248.6528
v -54.15551 1581.102 -2249.3333
v -49.009842 1556.428 -2248.1465
v -49.03376 1562.6595 -2248.4058
v -49.005547 1568.9031 -2248.5842
v -43.083794 1556.5431 -2249.6592
v -43.37961 1562.8069 -2249.504
v -43.675987 1569.0897 -2249.1875
v -37.498787 1556.9739 -2248.155
v -38.057533 1563.1793 -2248.42
v -38.667664 1569.3916 -2248.6047
v -33.319798 1563.522 -2247.3518
v -33.977028 1569.6777 -2248.0313
v -8.850003 1564.6765 -2247.4248
v -9.144135 1570.8497 -2248.1052
v -34.57557 1575.8374 -2248.7107
v -7.457065 1564.6357 -2248.3984
v -7.751203 1570.809 -2249.0781
v -7.450341 1564.3031 -2251.422
v -8.545024 1557.9784 -2251.5278
v -7.744473 1570.4762 -2252.1028
v -8.839162 1564.1505 -2252.208
v -32.711533 1556.8381 -2251.4563
v -8.045708 1576.9824 -2249.759
v -37.55186 1556.4437 -2252.9502
v -9.733338 1583.1981 -2249.4656
v -43.677483 1562.2662 -2254.2869
v -38.135643 1562.648 -2253.2122
v -33.309708 1562.9957 -2252.1355
v -49.013947 1568.3765 -2253.3625
v -43.973854 1568.549 -2253.9707
v -38.775856 1568.8599 -2253.3928
v -9.133302 1570.3237 -2252.8884
v -33.966747 1569.1516 -2252.8145
v -8.038983 1576.65 -2252.7832
v -9.427621 1576.4973 -2253.5688
v -8.340409 1583.1573 -2250.4387
v -8.333676 1582.8246 -2253.4634
v -34.565292 1575.3112 -2253.4941
v -9.60384 1609.5809 -2253.35
v -9.7225 1582.6721 -2254.249
v -39.360397 1575.0657 -2253.6545
v -9.59711 1609.2482 -2256.3748
v -39.77674 1581.2542 -2254.1597
v -10.985933 1609.0955 -2257.1602
v -44.27024 1574.815 -2253.8152
v -44.565674 1581.0282 -2254.1453
v -49.02498 1574.6096 -2253.6262
v -49.201004 1580.8093 -2254.1316
v -53.668533 1574.4097 -2253.4373
v -53.836334 1580.5905 -2254.1177
v -76.682594 1605.9725 -2256.962
v -64.62832 1580.0813 -2254.0854
v -64.61037 1573.8931 -2253.407
v -75.42048 1579.5719 -2254.0537
v -88.74138 1605.9468 -2251.9556
v -77.94846 1632.3849 -2259.872
v -90.00687 1632.3545 -2254.8647
v -95.028275 1633.4337 -2242.8606
v -12.252917 1635.53 -2260.0725
v -95.172714 1640.6205 -2177.4834
v -96.44139 1667.0486 -2180.395
v -96.29693 1659.8617 -2245.7717
v -91.27571 1658.7827 -2257.7761
v -95.65054 1667.2388 -2179.0137
v -97.71117 1693.4666 -2183.3044
v -97.56673 1686.2813 -2248.682
v -79.21713 1658.813 -2262.7837
v -92.54569 1685.2046 -2260.6865
v -92.61166 1667.3843 -2179.0222
v -96.92034 1693.6569 -2181.9233
v -98.98171 1719.8873 -2186.215
v -98.83745 1712.7045 -2251.593
v -93.816414 1711.6293 -2263.5974
v -91.6347 1667.2787 -2180.4097
v -81.75858 1711.6686 -2268.6057
v -90.4264 1712.1658 -2260.2268
v -13.521586 1661.958 -2262.9841
v -94.03095 1712.9397 -2251.5884
v -10.864097 1635.6833 -2259.2866
v -89.15567 1685.74 -2257.316
v -10.870827 1636.0157 -2256.2627
v -12.13295 1662.1115 -2262.198
v -12.139677 1662.4438 -2259.174
v -12.263756 1636.0558 -2255.2886
v -14.792869 1688.4067 -2265.8977
v -13.532425 1662.484 -2258.2004
v -81.7496 1712.195 -2263.8223
v -10.996775 1609.6211 -2252.377
v -28.696617 1714.2449 -2268.7717
v -34.99771 1582.0061 -2249.3904
v -77.9395 1632.9116 -2255.0889
v -39.226974 1575.5988 -2248.8704
v -76.67382 1606.4996 -2252.1792
v -39.63285 1581.7875 -2249.3765
v -43.97236 1575.3553 -2249.033
v -44.267807 1581.5687 -2249.3628
v -49.030205 1575.1356 -2248.844
v -49.211662 1581.3353 -2249.3484
v -85.35116 1606.4802 -2248.5847
v -86.61685 1632.889 -2251.4944
v -90.2214 1633.6659 -2242.856
v -91.49025 1660.0936 -2245.7673
v -87.885506 1659.317 -2254.4058
v -79.20836 1659.3397 -2257.9998
v -16.075737 1715.3838 -2264.0278
v -92.76022 1686.5153 -2248.6782
v -92.90449 1693.6985 -2183.3196
v -94.17521 1720.121 -2186.2307
v -93.88163 1693.8035 -2181.933
v -94.66387 1720.1732 -2185.5369
v -95.15217 1720.2255 -2184.8433
v -98.19106 1720.078 -2184.834
v -96.694786 1720.1504 -2184.8386
v -13.410959 1688.8931 -2262.0876
v -15.379453 1715.3644 -2264.5144
v -13.404232 1688.5607 -2265.1116
v -14.682985 1715.3451 -2265.0012
v -16.064896 1714.8583 -2268.8115
v -14.679435 1715.176 -2266.5364
v -15.370486 1714.9353 -2268.4182
v -14.676261 1715.0127 -2268.0254
v -55.349434 603.31934 -2129.2837
v -49.42768 341.74158 -2106.3025
v -49.23053 341.53357 -2106.75
v -47.956825 340.64108 -2109.706
v -44.640984 342.94974 -2103.9866
v -43.14135 340.74994 -2109.7068
v -49.45198 342.84088 -2103.9849
v -44.41207 341.64264 -2106.7515
v -41.8312 340.27942 -2112.8184
v -44.617073 341.85938 -2106.285
v -49.48916 344.5131 -2101.4456
v -50.53826 603.4299 -2129.2651
v -44.67836 344.62198 -2101.4468
v -49.534195 346.5155 -2099.1655
v -44.723022 346.62433 -2099.1665
v -49.585594 348.81766 -2097.1792
v -44.774605 348.9265 -2097.18
v -49.643517 351.38956 -2095.5215
v -44.832344 351.49832 -2095.5222
v -49.70668 354.2006 -2094.2263
v -44.89569 354.3094 -2094.2275
v -49.774704 357.22058 -2093.3293
v -44.963715 357.32944 -2093.3306
v -53.556976 524.8529 -2056.365
v -48.745796 524.9605 -2056.3667
v -55.463432 609.07306 -2063.7644
v -49.82292 529.4715 -2055.367
v -52.864433 529.40265 -2055.3665
v -50.652443 609.1817 -2063.7664
v -54.671288 609.2128 -2062.3782
v -54.744354 612.44403 -2062.664
v -51.629776 609.28156 -2062.3787
v -54.817787 615.67834 -2062.9543
v -51.702843 612.5128 -2062.6648
v -50.72551 612.4113 -2064.0518
v -51.776093 615.74725 -2062.9553
v -54.89086 618.914 -2063.2493
v -50.798767 615.64386 -2064.3418
v -51.84935 618.9828 -2063.2502
v -50.871834 618.87775 -2064.6367
v -51.9226 622.21924 -2063.5488
v -50.945274 622.11237 -2064.9355
v -51.01834 625.3476 -2065.2388
v 997.1588 340.49872 -2122.1345
v 1000.16876 339.8782 -2120.8267
v 1003.3078 339.69058 -2119.508
v 997.1678 340.92014 -2117.3354
v 1000.1778 340.29932 -2116.0308
v 994.38196 341.92615 -2118.5852
v 1009.44836 602.7273 -2137.9119
v 1003.0188 340.12927 -2114.84
v 994.3922 341.49744 -2123.3784
v 1003.31793 340.1637 -2114.1196
v 1006.4123 339.72714 -2118.2256
v 994.31445 341.52832 -2123.3806
v 1008.67267 340.14706 -2112.8167
v 994.3234 341.94928 -2118.5872
v 1012.8424 602.3466 -2141.2996
v 1000.76495 602.6256 -2141.49
v 991.68304 343.4527 -2118.7139
v 1000.7753 602.20416 -2146.2842
v 991.6741 343.03174 -2123.5078
v 989.28076 345.3008 -2118.8718
v 989.27167 344.8798 -2123.6655
v 987.153 347.46555 -2119.0576
v 987.14404 347.04462 -2123.8516
v 985.3359 349.91904 -2119.2698
v 985.3269 349.49805 -2124.064
v 983.86633 352.6332 -2119.5054
v 983.85736 352.21222 -2124.2993
v 982.7803 355.57993 -2119.7625
v 982.7713 355.15903 -2124.5564
v 933.1422 526.96454 -2139.5496
v 933.15155 527.3842 -2134.7551
v 935.03296 604.2333 -2141.5076
v 931.8658 531.74384 -2136.1147
v 931.86 531.47784 -2139.1455
v 935.10986 607.366 -2141.7847
v 935.0238 603.8125 -2146.3015
v 933.6335 603.91595 -2145.51
v 933.6393 604.1821 -2142.4788
v 933.7102 607.04364 -2145.7869
v 935.10034 606.9392 -2146.578
v 933.716 607.31354 -2142.756
v 933.7866 610.17065 -2146.0674
v 1000.85187 605.33075 -2146.5608
v 935.17694 610.0651 -2146.859
v 933.7926 610.44446 -2143.0374
v 1012.9191 605.47943 -2141.5764
v 933.86334 613.2988 -2146.3523
v 1000.92847 608.45685 -2146.8413
v 935.1866 610.4982 -2142.066
v 1012.99585 608.61194 -2141.858
v 935.2535 613.1922 -2147.1436
v 1000.8415 605.75824 -2141.7673
v 933.8693 613.5766 -2143.323
v 1009.52527 605.86444 -2138.1895
v 935.2632 613.6315 -2142.3513
v 1000.9183 608.8904 -2142.0486
v 933.94006 616.42773 -2146.6409
v 1000.995 612.0237 -2142.3337
v 1009.602 609.0012 -2138.4712
v 1009.6787 612.13904 -2138.7576
v 1001.0717 615.15784 -2142.623
v 1013.2073 609.6946 -2129.826
v 1009.7557 615.2779 -2139.047
v 1013.28436 612.8436 -2130.1133
v 1013.36163 615.9935 -2130.4043
v 1013.1302 606.54663 -2129.5435
v 1009.8324 618.41724 -2139.341
v 1013.0529 603.39874 -2129.2646
v 1013.3347 615.61224 -2064.3416
v 1001.1485 618.2926 -2142.917
v 1013.2555 612.3799 -2064.0518
v 1013.4139 618.84607 -2064.6362
v 1014.31226 615.7138 -2062.9548
v 1014.3913 618.9493 -2063.249
v 1014.2327 612.4795 -2062.6646
v 1014.4705 622.1854 -2063.5486
v 1013.17645 609.15045 -2063.766
v 1013.4931 622.0804 -2064.9355
v 1017.433 618.8749 -2063.2485
v 1017.35376 615.6396 -2062.954
v 1017.51215 622.11115 -2063.5476
v 1013.5723 625.3155 -2065.2383
v 1018.1456 615.4947 -2064.34
v 1013.5285 623.3015 -2086.6008
v 1018.2246 618.72833 -2064.6345
v 1018.0664 612.2622 -2064.0498
v 1017.27435 612.40515 -2062.6636
v 1014.15405 609.2485 -2062.3784
v 1017.1955 609.174 -2062.3774
v 1012.19977 529.4417 -2055.3672
v 1017.9872 609.0327 -2063.7642
v 1011.1145 524.93274 -2056.3662
v 1015.2413 529.3673 -2055.3657
v 1015.9254 524.8164 -2056.3645
v 1017.86383 603.2794 -2129.2832
v 1007.0241 357.30884 -2093.33
v 1011.8349 357.19116 -2093.3286
v 1006.9504 354.2891 -2094.2273
v 1011.7613 354.17133 -2094.226
v 1006.8819 351.47818 -2095.522
v 1011.6929 351.3604 -2095.5208
v 1006.8196 348.90637 -2097.1797
v 1011.6304 348.78867 -2097.1782
v 1006.7636 346.6043 -2099.166
v 1011.5746 346.48654 -2099.1646
v 1006.7154 344.60193 -2101.4463
v 1011.5262 344.48434 -2101.4448
v 1006.6751 342.92978 -2103.986
v 1011.486 342.81226 -2103.985
v 1011.45966 341.71295 -2106.302
v 1006.64905 341.83957 -2106.2844
v 1011.26196 341.50516 -2106.75
v 1003.86066 340.26468 -2112.8184
v 1006.4436 341.62323 -2106.7512
v 1005.1715 340.73288 -2109.7065
v 1009.98676 340.61505 -2109.7056
v 1017.9411 606.4272 -2129.5618
v 1018.0182 609.5753 -2129.844
v 1018.0952 612.7243 -2130.1313
v 1013.07245 611.74536 -2142.143
v 1018.30383 621.96277 -2064.933
v 1001.005 611.58386 -2147.126
v 1018.17236 615.8741 -2130.422
v 1013.14935 614.87976 -2142.4329
v 1018.3832 625.19794 -2065.2366
v 935.3299 616.3201 -2147.4321
v 1001.0816 614.71173 -2147.415
v 1001.1583 617.8404 -2147.708
v 1017.5914 625.34814 -2063.8506
v 990.3572 618.10455 -2147.711
v 1014.54987 625.42236 -2063.8518
v 1013.2259 618.0147 -2142.7266
v 1013.6633 629.03876 -2065.5923
v 1013.49365 621.60034 -2143.2766
v 1013.6193 627.00543 -2086.8257
v 1001.45123 621.4162 -2148.2754
v 1013.815 626.52954 -2091.7449
v 990.72253 621.69995 -2148.0562
v 1013.5186 622.83704 -2091.5278
v 979.55634 618.36884 -2147.7139
v 1002.02747 624.9545 -2149.1592
v 979.772 621.96814 -2148.0562
v 1014.0097 625.15155 -2144.1177
v 991.4715 625.2859 -2148.4092
v 974.91736 618.48224 -2147.715
v 980.1636 625.5635 -2148.4036
v 975.1245 622.06494 -2148.2324
v 970.2782 618.5958 -2147.716
v 1002.69824 628.47864 -2150.1523
v 970.36584 622.1646 -2148.4097
v 1014.60834 628.68994 -2145.0596
v 992.3484 628.86865 -2148.7695
v 965.48535 618.71295 -2147.7175
v 975.4963 625.6198 -2148.9985
v 980.614 629.15717 -2148.7566
v 960.6922 618.83026 -2147.7188
v 965.4519 622.3015 -2148.235
v 970.4523 625.68536 -2149.5935
v 935.4066 619.4488 -2147.7256
v 960.6528 622.4358 -2148.0615
v 965.25006 625.8705 -2149.0015
v 975.9229 629.16406 -2149.8508
v 970.5383 629.1879 -2150.9443
v 960.4368 626.0459 -2148.409
v 935.4948 623.051 -2148.0679
v 934.0165 619.55743 -2146.9343
v 964.9918 629.4316 -2149.8538
v 933.94604 616.7093 -2143.6125
v 934.10486 623.1608 -2147.2769
v 934.0228 619.84296 -2143.9058
v 935.3399 616.7657 -2142.6406
v 935.583 626.6539 -2148.416
v 960.16205 629.65753 -2148.7622
v 934.11115 623.4509 -2144.2483
v 934.193 626.7647 -2147.6255
v 935.67114 630.25665 -2148.7688
v 935.4168 619.9004 -2142.9343
v 934.1995 627.0592 -2144.597
v 935.5052 623.5097 -2143.2778
v 934.2814 630.36884 -2147.9783
v 959.94574 633.2675 -2149.1208
v 935.7595 633.8591 -2149.1272
v 964.7898 632.99756 -2150.6296
v 970.6246 632.7036 -2152.1384
v 964.75635 636.5824 -2151.1687
v 976.2945 632.7162 -2150.6267
v 970.71185 636.2654 -2152.8523
v 976.50183 636.2953 -2151.1655
v 981.006 632.7523 -2149.1152
v 981.2214 636.3512 -2149.479
v 993.0973 632.4544 -2149.1335
v 993.4627 636.0494 -2149.4993
v 1003.27435 632.0135 -2151.0461
v 1003.5671 635.5847 -2151.635
v 1015.1244 632.238 -2145.9116
v 1015.3919 635.81934 -2146.4822
v 1003.69293 640.717 -2152.162
v 993.58856 641.1861 -2150.0276
v 976.6275 641.42865 -2151.693
v 981.3474 641.488 -2150.0068
v 993.71423 646.3204 -2150.566
v 981.4731 646.6223 -2150.5452
v 970.8378 641.3953 -2153.3794
v 976.753 646.55945 -2152.2312
v 993.8397 651.4513 -2151.1152
v 964.88214 641.7159 -2151.696
v 981.5986 651.75323 -2151.0945
v 970.9631 646.5226 -2153.9175
v 1003.8184 645.8469 -2152.7004
v 976.87866 651.68677 -2152.7798
v 993.9654 656.57764 -2151.6746
v 965.0077 646.84674 -2152.2341
v 981.72424 656.87976 -2151.6536
v 971.08856 651.64655 -2154.4656
v 1003.9441 650.97327 -2153.249
v 977.00415 656.8098 -2153.3389
v 965.13336 651.97406 -2152.783
v 981.8496 662.003 -2152.2236
v 971.21405 656.76605 -2155.0244
v 994.0909 661.69916 -2152.2446
v 977.12946 661.9304 -2153.9087
v 965.25885 657.09705 -2153.342
v 971.33936 661.884 -2155.5935
v 982.0469 832.051 -2172.9524
v 960.4092 657.4011 -2151.6592
v 976.258 832.0533 -2174.643
v 965.38434 662.2192 -2153.9116
v 970.3042 832.43616 -2172.9663
v 960.2837 652.2746 -2151.1
v 960.53467 662.5272 -2152.2297
v 960.158 647.1438 -2150.5508
v 936.3504 657.9897 -2151.6655
v 936.22473 652.8632 -2151.1064
v 960.03235 642.00946 -2150.0125
v 965.45575 832.78284 -2171.2888
v 936.09906 647.7323 -2150.5571
v 959.9065 636.8725 -2149.4846
v 935.9734 642.59796 -2150.0188
v 935.8477 637.4611 -2149.491
v 934.36957 633.97235 -2148.3367
v 934.5837 642.7141 -2149.2288
v 934.2879 630.6675 -2144.9504
v 934.458 637.57544 -2148.7007
v 934.37604 634.27576 -2145.3098
v 935.59357 627.1195 -2143.626
v 935.6819 630.7292 -2143.9797
v 934.4646 637.88324 -2145.6738
v 935.77026 634.33887 -2144.3389
v 934.7094 647.85 -2149.7673
v 934.59045 643.028 -2146.2024
v 935.85864 637.9478 -2144.7036
v 934.8352 652.9825 -2150.3167
v 934.7165 648.1702 -2146.742
v 934.9606 658.1106 -2150.8762
v 934.84216 653.309 -2147.2915
v 936.11066 648.2388 -2145.772
v 936.4761 663.11896 -2152.2368
v 935.9848 643.0946 -2145.2322
v 941.4026 833.5715 -2171.3174
v 960.0429 642.50616 -2145.2258
v 947.76514 1008.62445 -2190.8035
v 959.9169 637.35925 -2144.6973
v 960.16876 647.65027 -2145.7656
v 959.95593 633.7472 -2144.3325
v 936.2365 653.3797 -2146.322
v 960.17175 630.1303 -2143.9736
v 960.2946 652.79114 -2146.3154
v 960.4465 626.5116 -2143.6194
v 964.9133 629.9073 -2145.0554
v 960.6625 622.8945 -2143.2705
v 965.1414 626.3396 -2144.2068
v 965.3405 619.16846 -2142.9265
v 965.3178 622.76404 -2143.4436
v 969.9793 619.055 -2142.9253
v 970.06714 622.63086 -2143.6194
v 970.15356 626.1587 -2144.804
v 974.9272 618.93414 -2142.9238
v 975.1289 622.52356 -2143.4438
v 979.87524 618.8129 -2142.9226
v 990.5108 618.55286 -2142.9197
v 980.0909 622.4193 -2143.2656
v 975.4876 626.0855 -2144.2144
v 990.76514 622.14734 -2143.3755
v 970.24 629.66815 -2146.1553
v 980.48285 626.0214 -2143.6143
v 975.89844 629.6367 -2145.071
v 964.73663 633.4801 -2145.829
v 970.32623 633.1908 -2147.3503
v 964.7141 637.07196 -2146.3672
v 976.25714 633.19574 -2145.8516
v 964.8399 642.21533 -2146.896
v 970.4139 636.7597 -2148.065
v 964.96594 647.3561 -2147.4348
v 970.53973 641.89954 -2148.5933
v 976.4587 636.78186 -2146.3923
v 980.9335 629.6223 -2143.9678
v 981.32544 633.2245 -2144.3267
v 991.2495 625.72107 -2143.992
v 991.8103 629.2872 -2144.6658
v 1001.4415 621.8754 -2143.485
v 1002.0181 625.42065 -2144.3699
v 1010.1256 622.00525 -2139.9094
v 1013.4387 619.1441 -2130.6992
v 1010.7023 625.5557 -2140.795
v 1013.4628 620.2648 -2118.8125
v 1013.7321 622.7448 -2131.269
v 1002.6891 628.95184 -2145.3633
v 1014.3091 626.3079 -2132.155
v 992.2945 632.8591 -2145.2927
v 1011.3732 629.0921 -2141.7896
v 981.5412 636.83044 -2144.6917
v 1003.2652 632.4935 -2146.2583
v 992.5487 636.4512 -2145.7693
v 981.66724 641.9771 -2145.2202
v 976.5847 641.925 -2146.9214
v 1003.5582 636.07196 -2146.8474
v 976.7106 647.0657 -2147.4604
v 1011.95 632.63916 -2142.6846
v 981.7933 647.12134 -2145.76
v 1003.68427 641.2142 -2147.3757
v 1012.24304 636.2228 -2143.2744
v 1014.9804 629.857 -2133.1506
v 1015.5574 633.4166 -2134.0474
v 1013.6545 623.88995 -2119.3354
v 1013.98737 627.48773 -2120.1094
v 1013.4873 621.3852 -2106.9275
v 1013.57654 625.035 -2107.4048
v 1014.36755 631.075 -2120.9705
v 1013.49805 621.8789 -2101.6914
v 1013.5086 622.3725 -2096.4558
v 1013.7934 625.53015 -2102.1797
v 1013.6656 628.6672 -2108.0662
v 1014.01056 626.0399 -2096.8047
v 1014.37354 629.1558 -2102.866
v 1013.75446 632.2928 -2108.7922
v 1015.08234 629.69354 -2097.16
v 1014.70056 634.67 -2121.7544
v 1015.0485 632.7717 -2103.622
v 1015.85077 637.0129 -2134.6382
v 1013.84357 635.92303 -2109.4644
v 1014.89185 638.29156 -2122.2998
v 1015.97736 642.1804 -2135.169
v 1014.3971 630.2335 -2091.7827
v 1016.34485 633.34265 -2097.52
v 1015.62885 636.39496 -2104.319
v 1013.9328 639.5699 -2109.9624
v 1013.71045 630.7271 -2086.8818
v 1015.07404 633.9423 -2091.7642
v 1017.41693 636.99615 -2097.8855
v 1015.9242 640.0434 -2104.8286
v 1014.06055 644.78864 -2110.4993
v 1017.91876 640.6632 -2098.2566
v 1015.6561 637.6481 -2091.813
v 1013.80164 634.45514 -2086.8862
v 1016.0523 645.2728 -2105.3662
v 1015.9525 641.34235 -2092.052
v 1013.75464 632.7622 -2065.9512
v 1013.89264 638.1782 -2086.9534
v 1013.8458 636.48566 -2066.3162
v 1014.64105 629.1476 -2064.2058
v 1014.7324 632.87305 -2064.5652
v 1017.68256 629.0733 -2064.2048
v 1017.77374 632.7986 -2064.5647
v 1018.47437 628.921 -2065.5906
v 1018.56555 632.64453 -2065.95
v 1017.86505 636.5241 -2064.9294
v 1018.4309 626.91754 -2086.5137
v 1018.6566 636.3679 -2066.3147
v 1018.522 630.63947 -2086.5708
v 1018.61304 634.36816 -2086.5747
v 1018.3297 622.7339 -2091.3713
v 1018.6261 626.4265 -2091.59
v 1019.2081 630.1302 -2091.632
v 1018.31946 622.2548 -2096.4539
v 1018.8213 625.92224 -2096.8037
v 1019.88513 633.83875 -2091.6191
v 1018.3087 621.7613 -2101.6897
v 1019.89343 629.576 -2097.158
v 1018.60425 625.41296 -2102.174
v 1018.29785 621.2677 -2106.9253
v 1018.7042 638.0917 -2086.642
v 1018.27356 620.14606 -2118.8215
v 1018.7477 640.09125 -2066.6853
v 1018.3876 624.9173 -2107.4019
v 1019.18445 629.0394 -2102.8506
v 1018.24927 619.0246 -2130.7173
v 1018.3639 623.7607 -2119.4817
v 1018.54285 622.6253 -2131.2869
v 1018.4763 628.5497 -2108.0642
v 1018.45483 627.3323 -2120.5828
v 1019.12 626.1884 -2132.1733
v 1018.5652 632.17523 -2108.79
v 1019.79114 629.7375 -2133.1687
v 1018.5465 630.8875 -2121.8335
v 1020.3679 633.29706 -2134.0654
v 1018.6377 634.45435 -2122.9438
v 1018.6543 635.80536 -2109.4617
v 1020.6615 636.8932 -2134.6565
v 1018.72754 638.0627 -2123.6252
v 1018.74365 639.45233 -2109.9604
v 1015.51794 640.9624 -2147.0105
v 1020.7881 642.0608 -2135.1875
v 1018.85474 643.2532 -2124.159
v 1015.6438 646.10284 -2147.5498
v 1020.9144 647.22577 -2135.729
v 1018.9818 648.44086 -2124.7031
v 1015.76965 651.2399 -2148.0996
v 1021.0408 652.38727 -2136.2813
v 1019.1085 653.62524 -2125.2578
v 1018.87146 644.671 -2110.4968
v 1018.99927 649.887 -2111.0437
v 1019.2356 658.80524 -2125.823
v 1020.7351 639.9298 -2104.7869
v 1021.16724 657.5444 -2136.8442
v 1015.8953 656.3725 -2148.66
v 1004.0694 656.0953 -2153.808
v 1021.29346 662.692 -2137.4167
v 1004.1949 661.2113 -2154.377
v 1016.0208 661.49713 -2149.2297
v 999.0042 831.68 -2171.2727
v 1019.3622 663.9753 -2126.3984
v 1009.10596 831.1108 -2173.396
v 1026.2001 832.44073 -2156.419
v 986.7658 832.08405 -2171.2632
v 1020.9291 831.2965 -2168.238
v 1005.3531 1006.36346 -2190.717
v 1024.269 833.73285 -2145.4016
v 993.11774 1006.8459 -2190.7168
v 988.39984 1006.8442 -2192.4094
v 1015.4526 1005.7304 -2192.834
v 1000.61163 1185.3289 -2210.4995
v 982.6124 1006.8842 -2194.1045
v 995.89465 1185.3506 -2212.1946
v 990.1083 1185.4183 -2213.8923
v 976.66 1007.3045 -2192.432
v 984.1571 1185.8665 -2212.2231
v 971.8127 1007.68146 -2190.7573
v 979.3108 1186.2656 -2210.5513
v 955.268 1187.3228 -2210.6099
v 992.5015 1367.167 -2232.2559
v 987.6559 1367.5815 -2230.5862
v 998.45197 1366.7004 -2233.9233
v 963.61664 1368.7167 -2230.6528
v 1004.2373 1366.6127 -2232.2236
v 1001.3991 1550.2507 -2252.446
v 1007.3489 1549.7737 -2254.1118
v 996.55396 1550.6737 -2250.7769
v 972.5169 1551.8527 -2250.8486
v 1008.95355 1366.5757 -2230.5261
v 1012.8446 1184.7885 -2210.4937
v 1013.13385 1549.6752 -2252.4102
v 1021.1846 1365.9956 -2230.516
v 1022.9419 1184.1083 -2212.6045
v 1017.8496 1549.6295 -2250.7131
v 1027.2727 1005.8377 -2187.6667
v 1031.2806 1365.2833 -2232.6235
v 1032.5424 1006.9417 -2175.8438
v 1034.7599 1184.1573 -2207.4314
v 1040.0281 1185.2316 -2195.6047
v 1030.6118 1008.2402 -2164.8267
v 1038.0977 1186.5347 -2184.5884
v 1048.364 1366.3467 -2215.6174
v 1030.6309 1009.75397 -2151.1746
v 1046.4333 1367.6531 -2204.601
v 1038.1165 1188.0431 -2170.936
v 1046.452 1369.1575 -2190.948
v 1024.2885 835.2543 -2131.7502
v 1040.1075 1188.5267 -2165.763
v 1019.3817 665.50543 -2112.748
v 1048.4429 1369.6333 -2185.7744
v 1032.6222 1010.24945 -2146.0032
v 1026.2808 835.7651 -2126.5803
v 1019.2543 660.308 -2112.17
v 1021.3745 666.0358 -2107.5808
v 1019.12683 655.0997 -2111.6016
v 1021.24695 660.82825 -2107.001
v 1021.11914 655.60944 -2106.4321
v 1020.99133 650.386 -2105.873
v 1023.2428 661.498 -2100.4749
v 1020.8633 645.15924 -2105.3247
v 1023.11475 656.2655 -2099.9036
v 1022.9863 651.0287 -2099.3435
v 1023.3707 666.7184 -2101.056
v 1021.2781 662.24384 -2094.138
v 1028.2761 836.42706 -2120.0537
v 1021.4064 667.47723 -2094.72
v 1026.3124 837.1981 -2113.7195
v 1034.6172 1010.89496 -2139.474
v 1032.6536 1011.67487 -2133.141
v 1042.1019 1189.1603 -2159.2324
v 1040.1387 1189.9471 -2152.9004
v 1050.4368 1370.2588 -2179.243
v 1048.4739 1371.05 -2172.9116
v 1038.1719 1190.5885 -2147.8855
v 1059.3291 1553.2292 -2199.4207
v 1046.5074 1371.6965 -2167.897
v 1057.3662 1554.0237 -2193.0894
v 1055.3999 1554.6726 -2188.0752
v 1057.3354 1552.6086 -2205.9521
v 1057.4651 1560.1897 -2193.9011
v 1055.3448 1552.1373 -2211.1267
v 1059.2228 1559.4204 -2200.102
v 1057.4348 1558.8043 -2206.4983
v 1055.3262 1550.6349 -2224.7798
v 1055.6504 1558.3223 -2211.6777
v 1058.5469 1565.6403 -2200.785
v 1057.2567 1549.3267 -2235.7957
v 1057.2794 1566.3511 -2194.8965
v 1057.2506 1565.0355 -2206.858
v 1055.705 1560.8297 -2188.881
v 1055.6309 1556.8398 -2225.1462
v 1055.9562 1564.5277 -2212.0505
v 1056.0093 1566.9683 -2189.8606
v 1055.7527 1563.0221 -2168.9448
v 1056.0579 1569.1941 -2169.6248
v 1056.3143 1573.1013 -2190.8987
v 1055.4476 1556.8517 -2168.2642
v 1056.3638 1575.3661 -2170.3047
v 1046.5552 1373.8785 -2148.0867
v 1056.9983 1572.5111 -2195.952
v 1038.22 1192.7761 -2128.0762
v 1057.6818 1571.8702 -2201.4688
v 1030.6868 1012.30914 -2128.1257
v 1056.9716 1571.2788 -2207.1553
v 1024.3451 837.82214 -2108.7026
v 1030.7352 1014.50494 -2108.317
v 1019.4387 668.0884 -2089.7021
v 1024.3938 840.0292 -2088.895
v 1037.4293 1192.9639 -2126.694
v 1029.9443 1014.68976 -2106.9348
v 1019.4879 670.3083 -2069.8962
v 1045.7645 1374.0682 -2146.7053
v 1019.3104 662.8447 -2089.119
v 1054.657 1557.0426 -2166.8833
v 1023.6029 840.2093 -2087.5125
v 1054.962 1563.2135 -2167.5632
v 1051.6182 1557.1918 -2166.8926
v 1055.2676 1569.385 -2168.2434
v 1051.9233 1563.3623 -2167.5725
v 1052.2288 1569.534 -2168.2524
v 1055.5731 1575.5575 -2168.9233
v 1052.5343 1575.7064 -2168.9329
v 1050.9463 1563.258 -2168.9595
v 1055.8789 1581.7311 -2169.6042
v 1051.2513 1569.4296 -2169.6394
v 1050.6411 1557.0873 -2168.2793
v 1052.8402 1581.8798 -2169.6125
v 1042.7258 1374.2119 -2146.7139
v 1041.7484 1374.1056 -2148.1003
v 1034.3898 1193.0977 -2126.7014
v 1033.4124 1192.9875 -2128.088
v 1026.9043 1014.80865 -2106.941
v 1041.6998 1371.8892 -2168.221
v 1020.56226 840.309 -2087.516
v 1033.3638 1190.7659 -2148.2073
v 1025.9265 1014.6934 -2108.3264
v 1050.5929 1554.8745 -2188.3994
v 1025.8774 1012.4633 -2128.4446
v 1019.5841 840.1868 -2088.9016
v 1019.53467 837.9454 -2109.018
v 1027.8447 1011.8483 -2133.2883
v 1018.69666 670.4828 -2068.5132
v 1015.6552 670.5576 -2068.5134
v 1019.3585 665.02484 -2069.3083
v 1014.6771 670.42664 -2069.898
v 1018.56714 665.19653 -2067.924
v 1014.6273 668.172 -2090.0132
v 1015.5257 665.27094 -2067.9253
v 1014.5476 665.14233 -2069.31
v 1014.49866 662.9282 -2089.4297
v 1014.41785 659.84546 -2068.7314
v 1015.3958 659.971 -2067.3472
v 1019.22876 659.72784 -2068.7302
v 1018.4374 659.89655 -2067.3462
v 1014.28815 654.54395 -2068.1643
v 1019.18164 657.5886 -2088.5454
v 1015.26605 654.6667 -2066.7798
v 1019.0989 654.42633 -2068.1628
v 1018.3075 654.5922 -2066.779
v 1021.1498 656.99835 -2093.5654
v 1021.0209 651.74817 -2093.0034
v 1019.05273 652.32837 -2087.9822
v 1022.85803 645.7883 -2098.794
v 1020.89246 646.4948 -2092.4526
v 1018.969 649.1213 -2067.607
v 1022.7296 640.5455 -2098.255
v 1018.92395 647.0644 -2087.43
v 1020.4397 636.2809 -2104.2815
v 1020.7638 641.2387 -2091.9128
v 1022.22766 636.8785 -2097.8838
v 1019.8594 632.6567 -2103.5947
v 1021.1554 633.225 -2097.518
v 1020.4674 637.5444 -2091.6719
v 1018.79504 641.7979 -2086.8892
v 1018.83887 643.81396 -2067.0613
v 1017.95624 640.24945 -2065.3003
v 1018.1775 649.28455 -2066.222
v 1018.04736 643.974 -2065.6763
v 1014.82355 636.5985 -2064.9302
v 1014.9149 640.3237 -2065.3013
v 1013.9368 640.2089 -2066.6868
v 1015.0059 644.0485 -2065.6772
v 1014.0282 643.9316 -2067.0627
v 1013.98346 641.8842 -2087.2002
v 1015.13617 649.35895 -2066.2227
v 1014.1581 649.239 -2067.6082
v 1014.1123 647.15 -2087.7412
v 1016.0812 646.59814 -2092.5923
v 1014.24133 652.4132 -2088.2935
v 1014.3702 657.673 -2088.856
v 1016.21 651.8514 -2093.1428
v 1018.04724 645.906 -2098.7952
v 1016.3385 657.1011 -2093.7046
v 1018.17566 651.14636 -2099.3447
v 1016.1803 650.49945 -2105.914
v 1018.30383 656.38324 -2099.9053
v 1016.467 662.3463 -2094.2769
v 1014.18835 650.0047 -2111.0464
v 1016.59515 667.5802 -2094.8594
v 1018.43176 661.6156 -2100.4766
v 1016.3082 655.72266 -2106.4734
v 1021.5023 837.3405 -2113.8633
v 1018.55994 666.8367 -2101.0574
v 1016.43604 660.9416 -2107.0427
v 1014.316 655.2173 -2111.6038
v 1023.46643 836.58484 -2120.0593
v 1016.56366 666.1496 -2107.622
v 1014.44354 660.4256 -2112.172
v 1016.1037 647.3454 -2135.7112
v 1016.2301 652.507 -2136.2634
v 1012.3691 641.37244 -2143.8032
v 1012.4953 646.5196 -2144.343
v 1003.8101 646.354 -2147.915
v 1012.62115 651.6634 -2144.8933
v 1016.35645 657.66425 -2136.8257
v 981.9191 652.26227 -2146.3096
v 1003.936 651.4903 -2148.4646
v 1012.74695 656.80255 -2145.454
v 1014.571 665.6236 -2112.7507
v 1016.4825 662.81256 -2137.3987
v 1004.06165 656.6222 -2149.0244
v 1021.4708 835.91833 -2126.6265
v 1019.4789 835.41187 -2131.757
v 1012.8728 661.9341 -2146.0251
v 1029.8088 1011.08344 -2139.4836
v 1027.8136 1010.4333 -2146.0527
v 1021.3904 832.60077 -2156.4055
v 1035.3306 1190.1434 -2153.0498
v 1037.2943 1189.3718 -2159.2449
v 1043.6666 1371.2618 -2173.0627
v 1025.822 1009.94257 -2151.185
v 1035.2997 1188.7338 -2165.8152
v 1045.63 1370.4856 -2179.2568
v 1052.5594 1554.2439 -2193.2415
v 1033.3087 1188.2545 -2170.9487
v 1043.636 1369.856 -2185.8281
v 1054.5227 1553.465 -2199.4353
v 1027.734 1007.1324 -2175.8335
v 1041.6453 1369.3843 -2190.9622
v 1017.7816 831.7572 -2165.0354
v 1035.2203 1185.4451 -2195.597
v 1024.1261 1006.31683 -2184.4666
v 1009.0982 831.64404 -2168.6135
v 1015.4448 1006.2614 -2188.0505
v 1031.6135 1184.6501 -2204.2327
v 1004.18713 661.7476 -2149.595
v 1022.93396 1184.6371 -2207.8215
v 1004.44055 1006.8127 -2186.9922
v 987.0865 832.6068 -2166.48
v 982.045 657.3986 -2146.8704
v 982.1705 662.5314 -2147.4412
v 976.8364 652.20306 -2148.0105
v 976.9621 657.33575 -2148.5703
v 970.6656 647.0368 -2149.1318
v 970.79126 652.1706 -2149.6812
v 965.0918 652.49335 -2147.985
v 970.91693 657.3 -2150.2407
v 960.4207 657.9274 -2146.8762
v 965.2173 657.6263 -2148.5447
v 977.08777 662.466 -2149.1409
v 971.0424 662.4274 -2150.8113
v 965.34314 662.7581 -2149.1157
v 982.005 832.58405 -2168.1846
v 975.96106 832.5961 -2169.861
v 970.263 832.9722 -2168.1702
v 988.35785 1007.3748 -2187.6416
v 982.3154 1007.4268 -2189.3218
v 976.61865 1007.8382 -2187.6353
v 993.43835 1007.36395 -2185.933
v 989.81146 1185.9603 -2209.11
v 1000.93195 1185.8436 -2205.7156
v 995.8526 1185.8792 -2207.4263
v 1009.27374 1367.0881 -2225.7422
v 1004.19525 1367.1407 -2227.455
v 998.15497 1367.2418 -2229.1406
v 984.1156 1186.3986 -2207.4263
v 992.45996 1367.698 -2227.459
v 1007.05194 1550.3152 -2249.3296
v 979.322 1186.7937 -2205.768
v 1001.3577 1550.7809 -2247.6487
v 987.6671 1368.1084 -2225.8025
v 996.5651 1551.1998 -2245.9937
v 971.8241 1008.2115 -2185.9746
v 963.6286 1369.2435 -2225.8696
v 965.46716 833.31573 -2166.506
v 955.27997 1187.8511 -2205.8267
v 947.7773 1009.1545 -2186.0205
v 960.54626 663.0632 -2147.4475
v 941.4146 834.10443 -2166.535
v 936.36237 658.5159 -2146.8826
v 936.4882 663.65497 -2147.454
v 934.968 658.44336 -2147.8523
v 935.0937 663.58057 -2148.4233
v 940.0206 834.04205 -2167.5054
v 935.0861 663.2419 -2151.447
v 946.3833 1009.10175 -2186.9927
v 940.01324 833.70526 -2170.5293
v 953.88654 1187.8053 -2206.7993
v 946.37604 1008.7664 -2190.016
v 962.2354 1369.2026 -2226.8428
v 953.8794 1187.4712 -2209.8235
v 962.2281 1368.8694 -2229.867
v 972.5289 1552.3785 -2246.0652
v 971.13574 1552.3402 -2247.0383
v 971.12836 1552.0076 -2250.063
v 971.44086 1558.5107 -2247.7185
v 972.834 1558.5492 -2246.745
v 971.4335 1558.1782 -2250.7432
v 996.9977 1557.3645 -2246.6729
v 971.746 1564.6825 -2248.3992
v 973.1392 1564.7208 -2247.4255
v 1001.7737 1556.9653 -2248.155
v 997.6069 1563.5212 -2247.3518
v 972.0517 1570.855 -2249.079
v 972.8221 1558.0231 -2251.5283
v 971.7389 1564.3499 -2251.4229
v 996.9863 1556.8381 -2251.4563
v 973.1273 1564.1946 -2252.209
v 972.0445 1570.5225 -2252.1033
v 973.44495 1570.8934 -2248.1055
v 972.3576 1577.0281 -2249.7593
v 973.43304 1570.3674 -2252.8892
v 998.27527 1569.6758 -2248.0313
v 997.59595 1562.9948 -2252.1357
v 972.3504 1576.6956 -2252.7834
v 1001.8259 1556.4347 -2252.9504
v 1002.4212 1562.6381 -2253.2124
v 1007.6548 1555.983 -2254.4424
v 1007.9623 1562.2461 -2254.2866
v 1013.3202 1555.8711 -2252.9163
v 1013.3424 1562.1025 -2253.1794
v 1018.0276 1555.8064 -2251.393
v 1018.02966 1561.993 -2252.074
v 1013.3099 1568.3466 -2253.362
v 1030.108 1555.2115 -2251.3787
v 1017.9734 1568.1835 -2252.7556
v 1029.7532 1561.4164 -2252.0544
v 1029.2708 1567.6283 -2252.7302
v 1030.0797 1549.0271 -2250.7002
v 1040.0934 1560.7568 -2253.4077
v 1040.2754 1554.5024 -2253.2617
v 1040.1747 1548.2969 -2252.8062
v 1039.817 1567.0283 -2253.4507
v 1043.0963 1365.2927 -2227.4458
v 1051.9899 1548.284 -2247.6255
v 1052.1157 1554.4866 -2248.0994
v 1057.3572 1555.5321 -2236.2515
v 1051.9939 1560.7332 -2248.2883
v 1057.175 1561.787 -2236.3977
v 1055.9343 1563.0945 -2225.0781
v 1051.7899 1566.9951 -2248.3828
v 1056.899 1568.0582 -2236.44
v 1056.2378 1569.3651 -2224.866
v 1056.263 1570.7404 -2212.364
v 1056.5417 1575.6208 -2224.7988
v 1056.5693 1576.9476 -2212.7368
v 1056.7876 1577.5115 -2207.515
v 1056.7173 1574.3143 -2236.586
v 1051.6688 1573.2437 -2248.5718
v 1056.876 1583.1359 -2213.288
v 1056.8473 1581.8295 -2225.1653
v 1056.819 1580.5233 -2237.042
v 1056.8883 1583.7108 -2208.061
v 1058.1295 1606.9152 -2239.9507
v 1056.901 1584.2858 -2202.8337
v 1057.0062 1578.0913 -2202.1519
v 1056.913 1584.8441 -2197.759
v 1056.813 1578.674 -2196.9465
v 1056.9253 1585.402 -2192.6846
v 1056.6194 1579.2413 -2191.8784
v 1056.6697 1581.5397 -2170.985
v 1056.9756 1587.7139 -2171.6655
v 1056.1849 1587.9049 -2170.2842
v 1058.2864 1614.1041 -2174.5732
v 1057.4957 1614.2953 -2173.192
v 1053.1465 1588.0541 -2170.2932
v 1054.4574 1614.4452 -2173.2012
v 1058.8102 1640.6971 -2176.1008
v 1052.1691 1587.9496 -2171.6804
v 1059.6005 1640.5054 -2177.4822
v 1051.8632 1581.7754 -2170.9998
v 1059.444 1633.3187 -2242.8596
v 1051.5573 1575.6022 -2170.3198
v 1060.9181 1666.9312 -2180.3933
v 1051.2024 1567.1698 -2190.1853
v 1051.5071 1573.3031 -2191.2231
v 1051.8121 1579.4431 -2192.2026
v 1050.8977 1561.031 -2189.2053
v 1052.1918 1572.7306 -2196.115
v 1052.6584 1560.4103 -2194.0552
v 1052.4725 1566.5708 -2195.0544
v 1054.4164 1559.656 -2200.1165
v 1053.7404 1565.876 -2200.7996
v 1052.875 1572.1056 -2201.484
v 1052.0061 1578.8928 -2197.1145
v 1052.1997 1578.327 -2202.1667
v 1052.1061 1585.0624 -2197.9285
v 1052.0942 1584.5212 -2202.848
v 1053.4799 1614.3412 -2174.5884
v 1053.3234 1607.1544 -2239.9458
v 1052.0818 1583.9464 -2208.0757
v 1055.7714 1640.8483 -2176.11
v 1051.9811 1577.7468 -2207.5337
v 1060.1274 1667.1227 -2179.0125
v 1054.7941 1640.7444 -2177.4976
v 1057.0887 1667.2738 -2179.0222
v 1062.2365 1693.3467 -2183.3032
v 1056.1116 1667.1703 -2180.4087
v 1060.7615 1659.7443 -2245.7708
v 1061.4462 1693.5386 -2181.9224
v 1058.4075 1693.6906 -2181.932
v 1054.6378 1633.56 -2242.8547
v 1057.4304 1693.5878 -2183.3188
v 1055.9551 1659.9855 -2245.766
v 1049.7174 1606.383 -2248.584
v 1051.0319 1632.7898 -2251.4932
v 1057.2738 1686.4049 -2248.6768
v 1052.3495 1659.2152 -2254.4045
v 1059.2384 1720.0588 -2185.5361
v 1058.7496 1720.0076 -2186.2292
v 1059.7268 1720.1104 -2184.8423
v 1058.5935 1712.8268 -2251.5874
v 1061.2694 1720.0327 -2184.8374
v 1063.5558 1719.7651 -2186.2139
v 1062.7654 1719.9572 -2184.8325
v 1053.6683 1685.6361 -2257.3152
v 1062.0803 1686.1619 -2248.6814
v 1063.3995 1712.5824 -2251.5923
v 1054.9879 1712.0596 -2260.226
v 1043.6722 1659.254 -2257.999
v 1058.3768 1711.5167 -2263.5964
v 1046.311 1712.1045 -2263.8213
v 1057.0573 1685.0942 -2260.6855
v 1046.319 1711.5778 -2268.6047
v 1055.7388 1658.6748 -2257.7751
v 1043.6805 1658.7274 -2262.7825
v 1054.4211 1632.2491 -2254.864
v 1042.3629 1632.3015 -2259.8713
v 1053.1067 1605.8439 -2251.9539
v 1041.0482 1605.8918 -2256.9612
v 1051.7959 1579.4496 -2249.0464
v 1039.6354 1573.2844 -2253.5967
v 1039.7373 1579.4937 -2254.053
v 1028.9166 1573.8345 -2253.4065
v 1028.9462 1580.0226 -2254.085
v 1017.9758 1574.3712 -2253.4368
v 1018.155 1580.5519 -2254.1174
v 1013.3326 1574.5797 -2253.6257
v 1013.52 1580.779 -2254.1313
v 1008.2704 1568.5283 -2253.9702
v 1008.57825 1574.7936 -2253.8152
v 1003.07294 1568.8486 -2253.3928
v 1008.8852 1581.0065 -2254.145
v 1003.66864 1575.0537 -2253.6548
v 998.26416 1569.1498 -2252.8147
v 1004.0965 1581.2412 -2254.1594
v 998.8743 1575.308 -2253.4937
v 973.7389 1576.5404 -2253.5693
v 974.04504 1582.715 -2254.2495
v 975.3572 1609.1355 -2257.161
v 972.6565 1582.87 -2253.4639
v 976.6729 1635.5679 -2260.0732
v 973.96875 1609.291 -2256.375
v 977.99036 1661.9938 -2262.9846
v 972.6637 1583.2024 -2250.4395
v 975.2846 1635.7241 -2259.287
v 974.0568 1583.241 -2249.4666
v 973.976 1609.6235 -2253.3506
v 975.29156 1636.0565 -2256.263
v 998.88513 1575.834 -2248.7107
v 975.369 1609.6615 -2252.3774
v 999.31885 1582.0021 -2249.3906
v 976.6847 1636.0938 -2255.2896
v 976.6092 1662.4822 -2259.1746
v 978.00214 1662.5194 -2258.2012
v 1042.3547 1632.8287 -2255.088
v 976.602 1662.1494 -2262.199
v 980.6432 1715.4144 -2264.0283
v 1041.0402 1606.4186 -2252.1782
v 977.9294 1688.9286 -2262.0881
v 993.2619 1714.2524 -2268.7717
v 979.9467 1715.3961 -2264.5151
v 979.3104 1688.44 -2265.8977
v 979.25006 1715.378 -2265.0017
v 977.92206 1688.5963 -2265.1123
v 979.24664 1715.2095 -2266.5369
v 980.6314 1714.8889 -2268.8115
v 979.9372 1714.9675 -2268.4185
v 979.24304 1715.0458 -2268.0261
v 1003.53625 1575.5869 -2248.8704
v 1003.9534 1581.7749 -2249.3765
v 1002.96564 1569.3813 -2248.6047
v 1008.2812 1575.3347 -2249.0327
v 1002.34406 1563.1697 -2248.4204
v 1007.97345 1569.0697 -2249.1877
v 1007.66534 1562.7876 -2249.504
v 1007.35785 1556.524 -2249.6592
v 1013.3192 1562.6294 -2248.406
v 1013.0918 1550.2024 -2247.6423
v 1013.2836 1556.3982 -2248.1458
v 1018.17017 1550.1404 -2245.9285
v 1018.3478 1556.3175 -2246.6091
v 1013.3027 1568.8734 -2248.584
v 1029.1676 1549.4825 -2246.9756
v 1018.34985 1562.5038 -2247.29
v 1031.2727 1365.8112 -2227.8406
v 1029.3066 1555.6735 -2247.5437
v 1040.1666 1548.824 -2248.0225
v 1039.9508 1365.7947 -2224.2485
v 1043.5571 1366.5757 -2215.611
v 1048.8444 1548.7914 -2244.4285
v 1052.4503 1549.5647 -2235.7903
v 1051.4943 1550.9686 -2223.4653
v 1048.9448 1554.997 -2244.8845
v 1040.2675 1555.0295 -2248.479
v 1052.5507 1555.7698 -2236.2466
v 1048.7627 1561.2515 -2245.0303
v 1029.2166 1561.894 -2247.9573
v 1040.0854 1561.2844 -2248.6243
v 1018.2937 1568.6942 -2247.9712
v 1029.0505 1568.1249 -2248.3193
v 1013.33856 1575.106 -2248.844
v 1018.296 1574.8823 -2248.6526
v 1008.5882 1581.5476 -2249.363
v 1013.5315 1581.3052 -2249.3481
v 1018.4752 1581.0626 -2249.333
v 1028.9609 1574.347 -2248.7327
v 1039.809 1567.5557 -2248.667
v 1029.1011 1580.5415 -2249.3013
v 1039.6273 1573.8116 -2248.8132
v 1048.4867 1567.5227 -2245.0735
v 1039.7294 1580.0204 -2249.2695
v 1048.4066 1579.988 -2245.6753
v 1048.305 1573.7788 -2245.219
v 1052.3687 1562.0247 -2236.3923
v 1052.0922 1568.2959 -2236.4353
v 1051.911 1574.552 -2236.581
v 1051.6975 1557.164 -2223.9683
v 1051.7593 1563.3939 -2224.2283
v 1050.5383 1552.3728 -2211.142
v 1050.8439 1558.5575 -2211.6936
v 1052.5287 1552.8398 -2206.007
v 1052.6284 1559.036 -2206.5486
v 1051.1498 1564.7633 -2212.066
v 1051.7743 1569.6362 -2224.4058
v 1052.4443 1565.2683 -2206.8984
v 1051.4565 1570.9761 -2212.3792
v 1052.165 1571.5132 -2207.1838
v 1051.8369 1575.8678 -2224.6653
v 1051.7632 1577.1831 -2212.7524
v 1052.0695 1583.3713 -2213.3035
v 1052.0409 1582.0663 -2225.1694
v 1052.0126 1580.761 -2237.0378
v 1062.2358 1713.0549 -2248.7903
v 1062.1567 1709.8293 -2248.507
v 1062.6025 1713.3696 -2245.1086
v 1061.1674 1709.5491 -2251.969
v 1062.5234 1710.1438 -2244.8257
v 1061.2462 1712.7754 -2252.2524
v 1063.1655 1718.6029 -2185.3892
v 1046.2155 1719.0173 -2185.3936
v 1063.0864 1715.377 -2185.1057
v 1046.1364 1715.7915 -2185.11
v 1059.614 1709.3076 -2255.153
v 1059.6929 1712.5334 -2255.436
v 1057.5553 1709.1078 -2258.0017
v 1057.6343 1712.3336 -2258.2852
v 1055.0504 1708.9534 -2260.4568
v 1055.1298 1712.1792 -2260.74
v 1052.1587 1708.8478 -2262.4617
v 1052.2375 1712.0741 -2262.7446
v 1048.9384 1708.7955 -2263.957
v 1049.0175 1712.0214 -2264.2405
v 1045.4487 1708.7993 -2264.8862
v 1045.5276 1712.0253 -2265.17
v 979.50214 1714.9254 -2250.5598
v 1041.7484 1708.8629 -2265.1912
v 1041.8275 1712.089 -2265.4749
v 979.4233 1711.6996 -2250.276
v 978.79083 1710.4431 -2264.7532
v 978.8697 1713.6691 -2265.0366
vt 0.138815 0.00326097
vt 0.138354 0.008207023
vt 0.138762 0.003175974
vt 0.092733 0.0030199885
vt 0.138301 0.008122027
vt 0.092786 0.0031049848
vt 0.089586 0.030466974
vt 0.089533 0.030381978
vt 0.090028 0.0031239986
vt 0.090081 0.0032089949
vt 0.087476 0.0034409761
vt 0.08753 0.0035259724
vt 0.085122 0.0039520264
vt 0.085175 0.0040370226
vt 0.083008 0.004637003
vt 0.083061 0.004721999
vt 0.081177 0.005475998
vt 0.08123 0.005559981
vt 0.079672 0.006448984
vt 0.079726 0.0065339804
vt 0.078537 0.0075370073
vt 0.07859 0.0076209903
vt 0.077814 0.008719027
vt 0.077867 0.008804023
vt 0.077194 0.030466974
vt 0.077546 0.009976983
vt 0.0776 0.010061979
vt 0.077141 0.030381978
vt 0.121337 0.04733503
vt 0.123538 0.046890974
vt 0.119042 0.04778397
vt 0.123532 0.048530996
vt 0.121331 0.048973978
vt 0.12557 0.04810798
vt 0.114907 0.042472005
vt 0.119253 0.04937899
vt 0.125562 0.046469986
vt 0.119035 0.049625993
vt 0.116772 0.048222005
vt 0.125619 0.046468973
vt 0.11512 0.050069988
vt 0.125613 0.048107028
vt 0.112425 0.04131502
vt 0.121255 0.041251004
vt 0.127545 0.048069
vt 0.121247 0.03961301
vt 0.127551 0.046431005
vt 0.129304 0.048021972
vt 0.12931 0.046383977
vt 0.130862 0.047967017
vt 0.130869 0.04632902
vt 0.132194 0.047903
vt 0.1322 0.04626602
vt 0.133272 0.047833025
vt 0.133278 0.04619503
vt 0.13407 0.047756016
vt 0.134076 0.04611802
vt 0.170591 0.041634023
vt 0.170584 0.04327202
vt 0.169312 0.041251004
vt 0.17153 0.04282403
vt 0.171534 0.041788995
vt 0.169261 0.041167974
vt 0.169319 0.03961301
vt 0.170335 0.039883018
vt 0.170331 0.040919006
vt 0.170283 0.03979999
vt 0.169267 0.03952998
vt 0.17028 0.040835977
vt 0.170232 0.039716005
vt 0.121195 0.03952998
vt 0.169215 0.039445996
vt 0.170228 0.04075098
vt 0.112374 0.04123199
vt 0.169209 0.04108298
vt 0.121204 0.041167974
vt 0.17018 0.039629996
vt 0.114855 0.042388976
vt 0.121152 0.04108298
vt 0.114803 0.042304993
vt 0.112221 0.04534298
vt 0.1211 0.04099703
vt 0.112168 0.045257986
vt 0.114751 0.042218983
vt 0.169157 0.04099703
vt 0.170176 0.040665984
vt 0.121048 0.040910006
vt 0.170128 0.039542973
vt 0.114699 0.042131007
vt 0.169105 0.040910006
vt 0.170124 0.040578008
vt 0.169163 0.039359987
vt 0.170076 0.039454997
vt 0.121144 0.039445996
vt 0.170072 0.04049003
vt 0.112322 0.041146994
vt 0.121092 0.039359987
vt 0.11227 0.041060984
vt 0.108651 0.045252025
vt 0.108599 0.045165002
vt 0.108703 0.04533702
vt 0.108512 0.067545
vt 0.108565 0.06763399
vt 0.108458 0.06745499
vt 0.108618 0.06772101
vt 0.108547 0.04507798
vt 0.112218 0.04097402
vt 0.169112 0.039273024
vt 0.12104 0.039273024
vt 0.120988 0.039183974
vt 0.16906 0.039183974
vt 0.128885 0.039183974
vt 0.112166 0.04088497
vt 0.120779 0.039004028
vt 0.111975 0.040710986
vt 0.108285 0.044807017
vt 0.128623 0.039080024
vt 0.108495 0.04498899
vt 0.136782 0.039183974
vt 0.111603 0.040436983
vt 0.120363 0.038715005
vt 0.136629 0.039080977
vt 0.107868 0.044517994
vt 0.140173 0.039183974
vt 0.12808 0.03897202
vt 0.140027 0.039021015
vt 0.143565 0.039183974
vt 0.136347 0.038975
vt 0.147069 0.039183974
vt 0.143506 0.038960993
vt 0.150573 0.039183974
vt 0.147098 0.039021015
vt 0.13976 0.038771987
vt 0.150607 0.039080977
vt 0.143447 0.038569987
vt 0.169 0.039080977
vt 0.147251 0.038771987
vt 0.15077 0.038975
vt 0.170017 0.039350986
vt 0.168941 0.038975
vt 0.147444 0.038495004
vt 0.170012 0.04038602
vt 0.143389 0.038120985
vt 0.139453 0.038495004
vt 0.150976 0.03886801
vt 0.143331 0.037727
vt 0.169957 0.039246023
vt 0.168881 0.03886801
vt 0.147597 0.038242996
vt 0.151139 0.038758993
vt 0.169897 0.03913802
vt 0.147626 0.03807199
vt 0.168821 0.038758993
vt 0.151172 0.03864801
vt 0.143272 0.03749597
vt 0.147541 0.037910998
vt 0.139186 0.038242996
vt 0.139039 0.03807199
vt 0.136023 0.03886801
vt 0.135741 0.038758993
vt 0.135589 0.03864801
vt 0.127444 0.038863003
vt 0.126901 0.03875202
vt 0.119877 0.038389027
vt 0.11946 0.038097024
vt 0.126639 0.038640022
vt 0.119251 0.03790903
vt 0.11117 0.040127993
vt 0.110798 0.03985101
vt 0.110607 0.039668977
vt 0.107382 0.044191003
vt 0.106965 0.043897986
vt 0.106756 0.043709993
vt 0.119166 0.03774798
vt 0.110522 0.039507985
vt 0.108171 0.047479987
vt 0.126554 0.03847897
vt 0.108232 0.047698975
vt 0.108293 0.048065007
vt 0.10667 0.043547988
vt 0.108161 0.05215001
vt 0.108085 0.047317028
vt 0.108221 0.052305996
vt 0.108356 0.04847902
vt 0.108281 0.052522004
vt 0.108417 0.048841
vt 0.108341 0.052757025
vt 0.108478 0.049054027
vt 0.108402 0.05296898
vt 0.107336 0.054297984
vt 0.108462 0.05311799
vt 0.107824 0.05453801
vt 0.108244 0.054755986
vt 0.108455 0.054907978
vt 0.106916 0.054076016
vt 0.108086 0.056590974
vt 0.106705 0.05391699
vt 0.107307 0.05648303
vt 0.106389 0.056374013
vt 0.10561 0.056262016
vt 0.105248 0.056149006
vt 0.108074 0.05198598
vt 0.106619 0.05375302
vt 0.106686 0.058317006
vt 0.107999 0.047150016
vt 0.106898 0.058385015
vt 0.107318 0.05839002
vt 0.105161 0.055984974
vt 0.107808 0.05837202
vt 0.108187 0.060105026
vt 0.108448 0.05669701
vt 0.108229 0.05837202
vt 0.108441 0.058432996
vt 0.108249 0.060114026
vt 0.108311 0.060100973
vt 0.108372 0.060106993
vt 0.108404 0.06736398
vt 0.108343 0.06725699
vt 0.108281 0.06714797
vt 0.109037 0.06792903
vt 0.108984 0.067837
vt 0.108922 0.06773001
vt 0.10822 0.06703699
vt 0.10886 0.06762099
vt 0.111207 0.067837
vt 0.108158 0.066923976
vt 0.111145 0.06773001
vt 0.108799 0.06751001
vt 0.111084 0.06762099
vt 0.108126 0.060033977
vt 0.108737 0.06739801
vt 0.106599 0.05815202
vt 0.108096 0.06681001
vt 0.108039 0.05986899
vt 0.111022 0.06751001
vt 0.107952 0.059700012
vt 0.111737 0.06703699
vt 0.106512 0.05798298
vt 0.111798 0.06714797
vt 0.105075 0.055815995
vt 0.11186 0.06725699
vt 0.106532 0.053584993
vt 0.106425 0.05781102
vt 0.107988 0.051818013
vt 0.104988 0.055643976
vt 0.106446 0.053413987
vt 0.107865 0.05952698
vt 0.106338 0.05763501
vt 0.108008 0.066643
vt 0.107921 0.06647301
vt 0.107778 0.059350014
vt 0.107833 0.06629902
vt 0.108499 0.06694603
vt 0.108587 0.06711602
vt 0.108412 0.066771984
vt 0.108675 0.067282975
vt 0.110811 0.06711602
vt 0.11096 0.06739801
vt 0.110899 0.067282975
vt 0.111675 0.066923976
vt 0.111614 0.06681001
vt 0.111526 0.066643
vt 0.110723 0.06694603
vt 0.111644 0.059928
vt 0.110635 0.066771984
vt 0.111557 0.059763014
vt 0.111438 0.06647301
vt 0.111469 0.059593976
vt 0.110116 0.058104992
vt 0.111705 0.05999899
vt 0.110204 0.058269978
vt 0.111767 0.06000799
vt 0.110415 0.058337986
vt 0.111828 0.059994996
vt 0.110836 0.058341026
vt 0.108765 0.056149006
vt 0.11189 0.060001016
vt 0.108678 0.055984974
vt 0.11003 0.057936013
vt 0.109127 0.056262016
vt 0.111382 0.059421003
vt 0.111326 0.058321
vt 0.11135 0.06629902
vt 0.109906 0.056374013
vt 0.110547 0.066594005
vt 0.110434 0.054063976
vt 0.108324 0.066594005
vt 0.110223 0.053902984
vt 0.107745 0.06612098
vt 0.110136 0.05373901
vt 0.108236 0.066412985
vt 0.107658 0.06594002
vt 0.108592 0.055815995
vt 0.107691 0.05917102
vt 0.109943 0.057763994
vt 0.110049 0.053570986
vt 0.111295 0.059243977
vt 0.108505 0.055643976
vt 0.111262 0.06612098
vt 0.109856 0.05758798
vt 0.11046 0.066412985
vt 0.111175 0.06594002
vt 0.111208 0.059064984
vt 0.107817 0.06007898
vt 0.107102 0.060552
vt 0.104878 0.060553014
vt 0.102701 0.054565012
vt 0.1043 0.06007999
vt 0.100478 0.05456698
vt 0.103415 0.05409199
vt 0.104333 0.05331099
vt 0.10785 0.053202987
vt 0.0999 0.054094017
vt 0.109769 0.057407975
vt 0.103448 0.047216
vt 0.108418 0.055468976
vt 0.106411 0.05154699
vt 0.108332 0.055289984
vt 0.109963 0.05339998
vt 0.109877 0.05322498
vt 0.104974 0.049429
vt 0.111505 0.051818013
vt 0.10979 0.053045988
vt 0.111419 0.051647007
vt 0.111333 0.05147201
vt 0.111592 0.051985025
vt 0.110102 0.04338801
vt 0.111678 0.052148998
vt 0.110187 0.043554008
vt 0.110975 0.047932982
vt 0.111738 0.052305996
vt 0.110016 0.04321897
vt 0.110853 0.054288983
vt 0.11111 0.048106015
vt 0.110824 0.05648303
vt 0.111799 0.052522004
vt 0.111342 0.054533005
vt 0.111746 0.058319986
vt 0.111603 0.056590974
vt 0.111858 0.05275601
vt 0.111951 0.060064018
vt 0.111349 0.04835999
vt 0.111761 0.05475402
vt 0.110273 0.043717027
vt 0.111958 0.058380008
vt 0.110482 0.04390502
vt 0.111965 0.05669701
vt 0.112909 0.040766
vt 0.111972 0.054907024
vt 0.112824 0.040603995
vt 0.112116 0.045171976
vt 0.111919 0.05296898
vt 0.112739 0.04043901
vt 0.111979 0.05311799
vt 0.111622 0.048641026
vt 0.111861 0.04889202
vt 0.110899 0.044197977
vt 0.111385 0.044525027
vt 0.111996 0.049057007
vt 0.113119 0.040953994
vt 0.113535 0.041245997
vt 0.111802 0.04481399
vt 0.114021 0.041572988
vt 0.119468 0.039732993
vt 0.112012 0.04499501
vt 0.119258 0.039545
vt 0.114438 0.04186201
vt 0.112064 0.045084
vt 0.114647 0.04204297
vt 0.119884 0.04002601
vt 0.12037 0.040351987
vt 0.120787 0.04064101
vt 0.120996 0.040821016
vt 0.128773 0.040821016
vt 0.128592 0.040678978
vt 0.128243 0.040481985
vt 0.127838 0.040265024
vt 0.136396 0.04071802
vt 0.127489 0.040063977
vt 0.136115 0.040611982
vt 0.13579 0.04050398
vt 0.136549 0.040821016
vt 0.135508 0.04039502
vt 0.139471 0.040127993
vt 0.127308 0.039915025
vt 0.135355 0.040283978
vt 0.139214 0.03987503
vt 0.139071 0.03970301
vt 0.13527 0.040122986
vt 0.119173 0.039384007
vt 0.138986 0.03954202
vt 0.135185 0.039956987
vt 0.119088 0.03921902
vt 0.112654 0.04026997
vt 0.1351 0.03978902
vt 0.109931 0.043045998
vt 0.119003 0.039049983
vt 0.112568 0.040097
vt 0.111247 0.05129397
vt 0.109846 0.04286897
vt 0.118918 0.038878024
vt 0.106432 0.047185004
vt 0.107888 0.04543197
vt 0.112484 0.039920986
vt 0.106487 0.037007987
vt 0.135015 0.03961599
vt 0.118833 0.03870201
vt 0.138901 0.039376974
vt 0.138816 0.039207995
vt 0.143405 0.038971007
vt 0.14332 0.03880602
vt 0.138731 0.039035976
vt 0.14349 0.039132
vt 0.143235 0.038636982
vt 0.14355 0.039363027
vt 0.147658 0.039713025
vt 0.147487 0.039385974
vt 0.143608 0.039758027
vt 0.147573 0.03955102
vt 0.147402 0.03921801
vt 0.150995 0.039956987
vt 0.147636 0.039883018
vt 0.15108 0.040122986
vt 0.151165 0.040283978
vt 0.15091 0.03978902
vt 0.168669 0.040122986
vt 0.168584 0.039956987
vt 0.168754 0.040283978
vt 0.169688 0.039790988
vt 0.168499 0.03978902
vt 0.168814 0.04039502
vt 0.150825 0.03961599
vt 0.151132 0.04039502
vt 0.169603 0.039626002
vt 0.147502 0.040134013
vt 0.169773 0.039952993
vt 0.169608 0.03859198
vt 0.169693 0.038757026
vt 0.169833 0.040063977
vt 0.169778 0.03891802
vt 0.168874 0.04050398
vt 0.150969 0.04050398
vt 0.169838 0.039029002
vt 0.169893 0.040172994
vt 0.168762 0.03864801
vt 0.168934 0.040611982
vt 0.169953 0.040279984
vt 0.168677 0.038487017
vt 0.168993 0.04071802
vt 0.151087 0.038487017
vt 0.168592 0.038321972
vt 0.150763 0.040611982
vt 0.169053 0.040821016
vt 0.150601 0.04071802
vt 0.147331 0.040410995
vt 0.147176 0.040821016
vt 0.147197 0.040657997
vt 0.143784 0.040821016
vt 0.143666 0.040206015
vt 0.143725 0.040597975
vt 0.140167 0.040821016
vt 0.140024 0.040656984
vt 0.139767 0.040407002
vt 0.151002 0.038321972
vt 0.169523 0.038423
vt 0.168507 0.038152993
vt 0.169518 0.039457023
vt 0.169438 0.038250983
vt 0.168414 0.03961599
vt 0.169433 0.039285004
vt 0.150917 0.038152993
vt 0.168329 0.039439976
vt 0.147456 0.037746012
vt 0.168422 0.037980974
vt 0.143187 0.03733498
vt 0.169348 0.03910899
vt 0.138954 0.037910998
vt 0.169353 0.03807497
vt 0.135504 0.038487017
vt 0.168337 0.03780502
vt 0.126469 0.038313985
vt 0.135419 0.038321972
vt 0.138869 0.037746012
vt 0.143102 0.037171006
vt 0.126384 0.038145006
vt 0.147371 0.037577987
vt 0.135334 0.038152993
vt 0.138784 0.037577987
vt 0.143017 0.037002027
vt 0.150832 0.037980974
vt 0.147287 0.037406027
vt 0.150748 0.037805974
vt 0.147202 0.037230015
vt 0.142932 0.036830008
vt 0.164965 0.03192103
vt 0.138699 0.037406027
vt 0.142848 0.03665501
vt 0.138615 0.037230015
vt 0.135249 0.037980974
vt 0.135164 0.037805974
vt 0.139482 0.030780017
vt 0.126299 0.037972987
vt 0.143835 0.03135401
vt 0.14738 0.031928003
vt 0.135249 0.03135699
vt 0.139424 0.025354028
vt 0.126214 0.037797987
vt 0.142968 0.025927007
vt 0.16055 0.025915027
vt 0.135072 0.024782002
vt 0.137728 0.019828975
vt 0.131799 0.031934023
vt 0.155306 0.019813001
vt 0.161566 0.026184022
vt 0.165981 0.032190025
vt 0.134184 0.019257009
vt 0.165976 0.033223987
vt 0.161561 0.027217984
vt 0.164957 0.03355503
vt 0.15074 0.039439976
vt 0.160542 0.027549982
vt 0.147372 0.033562005
vt 0.147233 0.038869977
vt 0.147317 0.039044976
vt 0.143865 0.03299302
vt 0.14315 0.038465023
vt 0.143065 0.03828901
vt 0.138646 0.038860023
vt 0.142961 0.027562022
vt 0.139699 0.03241402
vt 0.139455 0.026992977
vt 0.155298 0.021448016
vt 0.13772 0.02146399
vt 0.13529 0.026416004
vt 0.156317 0.021116018
vt 0.135281 0.032987
vt 0.13493 0.039439976
vt 0.156322 0.020081997
vt 0.131566 0.033568025
vt 0.150458 0.014943004
vt 0.150463 0.013908982
vt 0.149439 0.0152750015
vt 0.149447 0.0136399865
vt 0.144198 0.008723974
vt 0.131871 0.013659
vt 0.144203 0.0076910257
vt 0.143188 0.0074219704
vt 0.14318 0.009056985
vt 0.143983 0.008515
vt 0.143988 0.007480979
vt 0.131864 0.015294015
vt 0.142965 0.008846998
vt 0.134215 0.020896018
vt 0.125606 0.009077013
vt 0.128359 0.014726996
vt 0.13005 0.020319998
vt 0.130872 0.026989996
vt 0.124195 0.014150977
vt 0.125634 0.020893991
vt 0.127158 0.02757299
vt 0.122101 0.008509994
vt 0.12192 0.021477997
vt 0.119779 0.014725983
vt 0.119114 0.027208984
vt 0.117938 0.007934988
vt 0.115472 0.032836974
vt 0.125298 0.008867979
vt 0.109124 0.034057975
vt 0.111068 0.026845992
vt 0.105834 0.020754993
vt 0.104721 0.02806902
vt 0.102085 0.031019986
vt 0.116066 0.015311003
vt 0.099488 0.021979988
vt 0.113522 0.008509994
vt 0.099982 0.014590025
vt 0.10981 0.009095013
vt 0.096852 0.024931014
vt 0.101769 0.008735001
vt 0.103486 0.03944397
vt 0.098253 0.033354998
vt 0.10203 0.041198015
vt 0.096798 0.035108984
vt 0.100573 0.04344201
vt 0.095341 0.037355006
vt 0.102009 0.045560002
vt 0.096777 0.039471984
vt 0.098216 0.04112798
vt 0.089491 0.031190991
vt 0.090927 0.033308983
vt 0.092366 0.034964025
vt 0.098183 0.04800403
vt 0.092333 0.041840017
vt 0.097468 0.048476994
vt 0.091619 0.042313993
vt 0.095246 0.04847902
vt 0.085365 0.036100984
vt 0.089397 0.04231602
vt 0.094668 0.04800701
vt 0.086079 0.035627007
vt 0.099932 0.047324
vt 0.086112 0.028751016
vt 0.08515 0.03589201
vt 0.084673 0.027095973
vt 0.085864 0.035417974
vt 0.083143 0.036104023
vt 0.088819 0.04184401
vt 0.0947 0.041236997
vt 0.082928 0.035893977
vt 0.082565 0.035631
vt 0.088851 0.035073996
vt 0.084935 0.035682023
vt 0.08235 0.035422027
vt 0.082713 0.035685003
vt 0.082597 0.028860986
vt 0.093262 0.039521992
vt 0.087413 0.033360004
vt 0.098493 0.04561001
vt 0.102894 0.051595986
vt 0.097057 0.04344499
vt 0.106251 0.057455003
vt 0.101457 0.049431026
vt 0.104815 0.055289984
vt 0.104901 0.055468976
vt 0.106359 0.053238988
vt 0.106273 0.053059995
vt 0.107902 0.051647007
vt 0.107816 0.05147201
vt 0.102915 0.047200024
vt 0.107729 0.05129397
vt 0.107913 0.046980023
vt 0.107827 0.046805978
vt 0.107742 0.04662901
vt 0.104371 0.045433998
vt 0.098515 0.04121399
vt 0.091826 0.037357986
vt 0.09997 0.03944701
vt 0.093283 0.03512597
vt 0.085976 0.031194985
vt 0.104384 0.040768027
vt 0.094738 0.03335899
vt 0.081159 0.027146995
vt 0.087433 0.028963983
vt 0.079723 0.024982989
vt 0.082382 0.028608024
vt 0.081095 0.026892006
vt 0.082135 0.035212994
vt 0.082168 0.028297007
vt 0.079809 0.024773002
vt 0.082498 0.035475016
vt 0.081179 0.022750974
vt 0.08192 0.035003006
vt 0.081239 0.026575983
vt 0.081953 0.02796501
vt 0.088888 0.02719599
vt 0.081115 0.022587001
vt 0.080311 0.024563015
vt 0.082634 0.02098298
vt 0.081452 0.026238024
vt 0.081258 0.022486985
vt 0.080952 0.024352014
vt 0.082419 0.020816982
vt 0.0889 0.02253002
vt 0.082646 0.016315997
vt 0.09475 0.02869302
vt 0.099982 0.03478098
vt 0.093337 0.02492702
vt 0.098569 0.031014979
vt 0.10297 0.037002027
vt 0.087487 0.018764019
vt 0.10242 0.026974976
vt 0.106328 0.04286301
vt 0.106822 0.03296399
vt 0.106414 0.043039024
vt 0.110181 0.03882599
vt 0.110266 0.039002
vt 0.106499 0.043211997
vt 0.110351 0.03917402
vt 0.106584 0.04338199
vt 0.110436 0.039343
vt 0.119081 0.037582994
vt 0.118996 0.037415028
vt 0.118912 0.03724301
vt 0.118827 0.03706801
vt 0.115466 0.031202018
vt 0.122852 0.031929016
vt 0.111062 0.025210977
vt 0.118446 0.025936007
vt 0.127391 0.025937974
vt 0.105827 0.019119978
vt 0.11321 0.019842982
vt 0.122154 0.019842982
vt 0.130841 0.025359988
vt 0.125602 0.019264996
vt 0.129833 0.018684983
vt 0.119748 0.013096988
vt 0.128328 0.013086975
vt 0.123978 0.012516975
vt 0.125613 0.0074419975
vt 0.12207 0.006870985
vt 0.11772 0.0062999725
vt 0.1163 0.013675988
vt 0.113491 0.0068809986
vt 0.107357 0.013677001
vt 0.110043 0.007459998
vt 0.113363 0.0067309737
vt 0.099975 0.01295501
vt 0.117505 0.006210983
vt 0.097187 0.020886004
vt 0.101101 0.0074620247
vt 0.091337 0.014723003
vt 0.09372 0.0067409873
vt 0.081233 0.01255101
vt 0.085082 0.00850898
vt 0.082432 0.016214013
vt 0.081168 0.012417972
vt 0.084999 0.008369982
vt 0.082204 0.020712972
vt 0.082218 0.016260028
vt 0.081309 0.012391984
vt 0.093655 0.0066080093
vt 0.085096 0.008328974
vt 0.101089 0.0072540045
vt 0.093796 0.0065810084
vt 0.109921 0.0072510242
vt 0.101357 0.0070459843
vt 0.109928 0.0070409775
vt 0.113355 0.006663978
vt 0.101717 0.0068380237
vt 0.094007 0.0065900087
vt 0.109978 0.0068309903
vt 0.085254 0.008319974
vt 0.094148 0.006563008
vt 0.08152 0.0123999715
vt 0.085351 0.008278012
vt 0.081661 0.012373984
vt 0.082005 0.016355991
vt 0.081791 0.016402006
vt 0.081988 0.020628989
vt 0.081772 0.020524979
vt 0.081471 0.022409022
vt 0.081613 0.022309005
vt 0.081454 0.024142027
vt 0.081557 0.02035898
vt 0.081548 0.022145987
vt 0.08154 0.02393198
vt 0.081576 0.016300023
vt 0.080672 0.011345029
vt 0.081595 0.012241006
vt 0.085266 0.008139014
vt 0.081531 0.025665998
vt 0.081596 0.025920987
vt 0.081523 0.02740097
vt 0.081739 0.027652979
vt 0.081705 0.034793973
vt 0.081489 0.034583986
vt 0.082283 0.035265982
vt 0.082067 0.03505701
vt 0.080567 0.033689022
vt 0.081145 0.03416097
vt 0.084289 0.03505397
vt 0.083367 0.034159005
vt 0.08022 0.033266008
vt 0.084505 0.035263002
vt 0.085003 0.034579992
vt 0.08472 0.03547299
vt 0.085219 0.03478998
vt 0.085649 0.035207987
vt 0.085434 0.034999013
vt 0.085897 0.028499007
vt 0.085683 0.028186977
vt 0.085468 0.027854979
vt 0.084609 0.026840985
vt 0.084753 0.02652198
vt 0.084967 0.02618301
vt 0.085253 0.027543008
vt 0.085111 0.025865018
vt 0.085046 0.025609016
vt 0.084081 0.03368497
vt 0.085054 0.023927987
vt 0.082441 0.033263028
vt 0.084969 0.024137974
vt 0.084466 0.02434802
vt 0.083825 0.024559021
vt 0.085062 0.02214098
vt 0.085128 0.022302985
vt 0.084985 0.022400022
vt 0.083323 0.024769008
vt 0.084772 0.02247399
vt 0.083237 0.024977982
vt 0.084629 0.022571027
vt 0.090948 0.028945982
vt 0.084694 0.022732973
vt 0.092403 0.027191997
vt 0.085934 0.020812988
vt 0.091002 0.018767
vt 0.086148 0.020977974
vt 0.085448 0.016766012
vt 0.093637 0.015815973
vt 0.084747 0.01255399
vt 0.085308 0.016617
vt 0.084682 0.012421012
vt 0.087382 0.00960201
vt 0.093727 0.008376002
vt 0.087317 0.009469986
vt 0.101675 0.008563995
vt 0.093661 0.008243024
vt 0.087459 0.009442985
vt 0.084824 0.012394011
vt 0.085271 0.016551971
vt 0.085718 0.020708978
vt 0.085034 0.012403011
vt 0.085502 0.020623982
vt 0.085268 0.016514003
vt 0.085286 0.020519972
vt 0.085231 0.016448021
vt 0.085071 0.020354986
vt 0.08509 0.01629901
vt 0.085175 0.01237601
vt 0.085109 0.012242973
vt 0.084187 0.011348009
vt 0.087745 0.0092920065
vt 0.087811 0.009424984
vt 0.087669 0.009450972
vt 0.083156 0.032788992
vt 0.093803 0.008216023
vt 0.094013 0.008225024
vt 0.101749 0.008445978
vt 0.101879 0.008346021
vt 0.094154 0.008198023
vt 0.101953 0.008226991
vt 0.109744 0.008466005
vt 0.094088 0.008064985
vt 0.109695 0.0086759925
vt 0.101859 0.008055985
vt 0.109688 0.00888598
vt 0.109751 0.008256972
vt 0.109628 0.008046985
vt 0.11339 0.008360982
vt 0.113373 0.008296013
vt 0.113393 0.008257985
vt 0.117723 0.0078449845
vt 0.117506 0.00792098
vt 0.11729 0.008053005
vt 0.121806 0.008360028
vt 0.121397 0.008292973
vt 0.120951 0.008252978
vt 0.124861 0.008659005
vt 0.12438 0.008449972
vt 0.14275 0.008638024
vt 0.142535 0.008428991
vt 0.123943 0.0082399845
vt 0.143768 0.008306026
vt 0.143553 0.00809598
vt 0.143773 0.007272005
vt 0.142973 0.0072129965
vt 0.143558 0.0070629716
vt 0.142758 0.0070030093
vt 0.125305 0.0072330236
vt 0.143338 0.007887006
vt 0.121767 0.0067210197
vt 0.142104 0.00801003
vt 0.117288 0.0062869787
vt 0.12134 0.006654978
vt 0.124868 0.00702399
vt 0.113387 0.0066249967
vt 0.117072 0.0064179897
vt 0.120872 0.0066159964
vt 0.142543 0.006793976
vt 0.124388 0.0068150163
vt 0.143343 0.0068529844
vt 0.142328 0.0065839887
vt 0.143123 0.0076770186
vt 0.143127 0.0066440105
vt 0.12395 0.006605983
vt 0.142199 0.006780982
vt 0.142112 0.006375015
vt 0.120445 0.006550014
vt 0.142204 0.0057470202
vt 0.12014 0.006399989
vt 0.141189 0.005478978
vt 0.116855 0.0064939857
vt 0.116639 0.0064039826
vt 0.113379 0.006558001
vt 0.11325 0.006407976
vt 0.109984 0.0066220164
vt 0.109862 0.0064120293
vt 0.093159 0.0055350065
vt 0.101972 0.0064210296
vt 0.101985 0.0066300035
vt 0.094082 0.00643003
vt 0.084343 0.007243991
vt 0.092234 0.0046390295
vt 0.083418 0.006348014
vt 0.079747 0.0104500055
vt 0.140262 0.004581988
vt 0.079641 0.032792985
vt 0.078714 0.03189701
vt 0.07882 0.009553015
vt 0.082491 0.0054519773
vt 0.079292 0.032369018
vt 0.077786 0.031000972
vt 0.077891 0.008656979
vt 0.091306 0.0037429929
vt 0.081562 0.004556
vt 0.081514 0.03236699
vt 0.078364 0.03147298
vt 0.076857 0.030104995
vt 0.076962 0.0077610016
vt 0.080633 0.00365901
vt 0.082228 0.031893015
vt 0.089448 0.0019500256
vt 0.083111 0.004812002
vt 0.139335 0.0036860108
vt 0.080476 0.007763982
vt 0.141278 0.0048509836
vt 0.08404 0.005707979
vt 0.141273 0.0058839917
vt 0.14035 0.0039539933
vt 0.140345 0.0049880147
vt 0.140254 0.006217003
vt 0.138405 0.0027890205
vt 0.139327 0.005321026
vt 0.089455 0.003584981
vt 0.141181 0.00711298
vt 0.128241 0.0019029975
vt 0.123634 0.008031011
vt 0.09224 0.006273985
vt 0.120542 0.008185029
vt 0.093166 0.0071690083
vt 0.120245 0.008035004
vt 0.117073 0.008129001
vt 0.116857 0.008038998
vt 0.113375 0.008192003
vt 0.113243 0.008042991
vt 0.086822 0.0083960295
vt 0.085896 0.007501006
vt 0.083261 0.0104519725
vt 0.082334 0.009555995
vt 0.084969 0.006604016
vt 0.091313 0.0053769946
vt 0.137467 0.0035269856
vt 0.081405 0.008660018
vt 0.0813 0.030996978
vt 0.080371 0.030101001
vt 0.080585 0.031471014
vt 0.080014 0.03033799
vt 0.079656 0.030574977
vt 0.077435 0.030577004
vt 0.078529 0.03057599
vt 0.139416 0.0040910244
vt 0.137977 0.0033599734
vt 0.139421 0.0030580163
vt 0.138486 0.0031939745
vt 0.137475 0.0018919706
vt 0.138488 0.0026689768
vt 0.137983 0.0020260215
vt 0.138491 0.0021600127
vt 0.108755 0.04541999
vt 0.113085 0.052299976
vt 0.113229 0.052146018
vt 0.11416 0.05113399
vt 0.116584 0.053094983
vt 0.11768 0.05113399
vt 0.113067 0.053094983
vt 0.116751 0.052146018
vt 0.118638 0.050069988
vt 0.116602 0.052305996
vt 0.11304 0.053968012
vt 0.112273 0.045427024
vt 0.116557 0.053968012
vt 0.113007 0.05475402
vt 0.116524 0.05475402
vt 0.112969 0.05544001
vt 0.116486 0.05544001
vt 0.112927 0.056016028
vt 0.116444 0.056016028
vt 0.112881 0.05646801
vt 0.116398 0.05646801
vt 0.112831 0.056786
vt 0.116348 0.056786
vt 0.110066 0.07002199
vt 0.113583 0.07002199
vt 0.108672 0.06780702
vt 0.112796 0.07037997
vt 0.110572 0.07037997
vt 0.112189 0.06780702
vt 0.109251 0.068280995
vt 0.109198 0.068194985
vt 0.111475 0.068280995
vt 0.109144 0.06810802
vt 0.111421 0.068194985
vt 0.112136 0.06772101
vt 0.111368 0.06810802
vt 0.109091 0.06801903
vt 0.112082 0.06763399
vt 0.111314 0.06801903
vt 0.112029 0.067545
vt 0.111261 0.06792903
vt 0.111975 0.06745499
vt 0.111922 0.06736398
vt 0.878219 0.046890974
vt 0.88042 0.04733503
vt 0.882715 0.04778397
vt 0.878226 0.048530996
vt 0.880426 0.048973978
vt 0.876189 0.04810798
vt 0.887204 0.042472005
vt 0.882503 0.04937899
vt 0.876197 0.046469986
vt 0.882722 0.04962498
vt 0.884984 0.048222005
vt 0.87614 0.046468973
vt 0.886637 0.050069988
vt 0.876146 0.048107028
vt 0.889685 0.04131502
vt 0.880856 0.041251004
vt 0.874216 0.048069
vt 0.880863 0.03961301
vt 0.874209 0.046431005
vt 0.87246 0.048021972
vt 0.872453 0.046383977
vt 0.870904 0.047967017
vt 0.870898 0.04632902
vt 0.869576 0.047903
vt 0.869569 0.046265006
vt 0.868501 0.047833025
vt 0.868495 0.04619503
vt 0.867707 0.047756016
vt 0.867701 0.04611802
vt 0.831418 0.041634023
vt 0.831425 0.04327202
vt 0.832801 0.041251004
vt 0.830485 0.04282403
vt 0.830481 0.041788995
vt 0.832857 0.041167974
vt 0.832794 0.03961301
vt 0.831778 0.039883018
vt 0.831782 0.040919006
vt 0.831833 0.03979999
vt 0.83285 0.03952998
vt 0.831838 0.040835977
vt 0.831889 0.039716005
vt 0.880919 0.03952998
vt 0.832906 0.039444983
vt 0.831894 0.04075098
vt 0.889741 0.04123199
vt 0.831945 0.039629996
vt 0.880975 0.039444983
vt 0.832913 0.04108298
vt 0.889797 0.041146994
vt 0.832962 0.039359987
vt 0.880912 0.041167974
vt 0.83195 0.04066503
vt 0.88726 0.042388976
vt 0.832969 0.04099703
vt 0.880968 0.04108298
vt 0.832002 0.039542973
vt 0.881024 0.04099703
vt 0.887316 0.042304993
vt 0.887372 0.042218983
vt 0.88108 0.040910006
vt 0.889952 0.045257986
vt 0.887429 0.042131007
vt 0.890008 0.045171976
vt 0.890065 0.045084
vt 0.889896 0.04534298
vt 0.887485 0.042042017
vt 0.889839 0.045427024
vt 0.890045 0.06763399
vt 0.881136 0.040821016
vt 0.889987 0.06772101
vt 0.890103 0.067545
vt 0.89076 0.06810802
vt 0.890818 0.06801903
vt 0.890702 0.068194985
vt 0.890876 0.06792903
vt 0.889929 0.06780702
vt 0.890161 0.06745499
vt 0.893041 0.06801903
vt 0.892983 0.06810802
vt 0.893099 0.06792903
vt 0.890219 0.06736398
vt 0.893562 0.06763399
vt 0.890187 0.060064018
vt 0.89362 0.067545
vt 0.893504 0.06772101
vt 0.892925 0.068194985
vt 0.890644 0.068280995
vt 0.892868 0.068280995
vt 0.889216 0.07037997
vt 0.893447 0.06780702
vt 0.888422 0.07002199
vt 0.891439 0.07037997
vt 0.891939 0.07002199
vt 0.893356 0.04541999
vt 0.885432 0.056784987
vt 0.888949 0.056784987
vt 0.885378 0.05646801
vt 0.888895 0.05646801
vt 0.885328 0.056016028
vt 0.888845 0.056016028
vt 0.885282 0.05544001
vt 0.888799 0.05544001
vt 0.885241 0.05475402
vt 0.888758 0.05475402
vt 0.885206 0.053968012
vt 0.888723 0.053968012
vt 0.885176 0.053094983
vt 0.888694 0.053094983
vt 0.888674 0.052299976
vt 0.885157 0.052305996
vt 0.88853 0.052146018
vt 0.883119 0.050069988
vt 0.885007 0.052146018
vt 0.884077 0.05113399
vt 0.887597 0.05113399
vt 0.893413 0.04533702
vt 0.893469 0.045252025
vt 0.893525 0.045165002
vt 0.889853 0.041060984
vt 0.893678 0.06745499
vt 0.881031 0.039359987
vt 0.893582 0.04507798
vt 0.88991 0.04097402
vt 0.893736 0.06736398
vt 0.833018 0.039273024
vt 0.881087 0.039273024
vt 0.881143 0.039183974
vt 0.893157 0.067837
vt 0.873247 0.039183974
vt 0.890934 0.067837
vt 0.889966 0.04088497
vt 0.890285 0.06725699
vt 0.890161 0.040710986
vt 0.890253 0.060001016
vt 0.881357 0.039004028
vt 0.890396 0.058319986
vt 0.873514 0.039080024
vt 0.89018 0.058380008
vt 0.865351 0.039183974
vt 0.881779 0.038715005
vt 0.865508 0.039080977
vt 0.890539 0.040436983
vt 0.874061 0.03897202
vt 0.861959 0.039183974
vt 0.865794 0.038975
vt 0.862111 0.039021015
vt 0.858568 0.039183974
vt 0.882269 0.038389027
vt 0.858632 0.038960993
vt 0.890976 0.040127993
vt 0.874703 0.038863003
vt 0.855064 0.039183974
vt 0.862382 0.038771987
vt 0.866124 0.03886801
vt 0.851559 0.039183974
vt 0.855039 0.039021015
vt 0.858695 0.038569987
vt 0.833074 0.039183974
vt 0.851531 0.039080977
vt 0.854891 0.038771987
vt 0.862694 0.038495004
vt 0.858758 0.038120985
vt 0.851373 0.038975
vt 0.833138 0.039080977
vt 0.832057 0.039454997
vt 0.854703 0.038495004
vt 0.832006 0.040578008
vt 0.832122 0.039350986
vt 0.832062 0.04049003
vt 0.833025 0.040910006
vt 0.833203 0.038975
vt 0.851172 0.03886801
vt 0.832127 0.04038602
vt 0.832187 0.03924501
vt 0.833267 0.03886801
vt 0.833081 0.040821016
vt 0.832191 0.040279984
vt 0.833146 0.04071802
vt 0.832251 0.03913802
vt 0.851014 0.038758993
vt 0.833332 0.038758993
vt 0.854555 0.038242996
vt 0.858821 0.037727
vt 0.854531 0.03807199
vt 0.862966 0.038242996
vt 0.858885 0.03749597
vt 0.863117 0.03807199
vt 0.86641 0.038758993
vt 0.866568 0.03864801
vt 0.87525 0.03875202
vt 0.875517 0.038640022
vt 0.88269 0.038097024
vt 0.882904 0.03790903
vt 0.891353 0.03985101
vt 0.891549 0.039668977
vt 0.882996 0.03774798
vt 0.875609 0.03847897
vt 0.863209 0.037910998
vt 0.86666 0.038487017
vt 0.875701 0.038313985
vt 0.866752 0.038321972
vt 0.858976 0.03733498
vt 0.863301 0.037746012
vt 0.875793 0.038145006
vt 0.854623 0.037910998
vt 0.866844 0.038152993
vt 0.859068 0.037169993
vt 0.883088 0.037582994
vt 0.863393 0.037577987
vt 0.875885 0.037972987
vt 0.854714 0.037746012
vt 0.866935 0.037980974
vt 0.85916 0.037002027
vt 0.88318 0.037415028
vt 0.863485 0.037406027
vt 0.854806 0.037577987
vt 0.867027 0.037805974
vt 0.859252 0.036830008
vt 0.875976 0.037797987
vt 0.863576 0.037230015
vt 0.854898 0.037406027
vt 0.859343 0.03665501
vt 0.867171 0.03135699
vt 0.851353 0.037980974
vt 0.862939 0.030780017
vt 0.85499 0.037230015
vt 0.858586 0.03135401
vt 0.851261 0.038152993
vt 0.851444 0.037805974
vt 0.851169 0.038321972
vt 0.833764 0.037980974
vt 0.833672 0.038152993
vt 0.851077 0.038487017
vt 0.855042 0.031928003
vt 0.83358 0.038321972
vt 0.850985 0.03864801
vt 0.833488 0.038487017
vt 0.833396 0.03864801
vt 0.832316 0.039029002
vt 0.832472 0.038757026
vt 0.832256 0.040172994
vt 0.83238 0.03891802
vt 0.83232 0.040063977
vt 0.83321 0.040611982
vt 0.833275 0.04050398
vt 0.832385 0.039952993
vt 0.83334 0.04039502
vt 0.832564 0.03859198
vt 0.832477 0.039790988
vt 0.833404 0.040283978
vt 0.832656 0.038423
vt 0.832569 0.039626002
vt 0.832748 0.038250983
vt 0.832661 0.039457023
vt 0.833588 0.039956987
vt 0.833856 0.03780502
vt 0.833496 0.040122986
vt 0.837457 0.03192103
vt 0.851085 0.040121973
vt 0.842109 0.025915027
vt 0.850993 0.040283978
vt 0.851177 0.039956987
vt 0.851021 0.04039502
vt 0.83368 0.03978902
vt 0.851179 0.04050398
vt 0.851269 0.039788008
vt 0.85138 0.040611982
vt 0.854645 0.040134013
vt 0.851538 0.04071802
vt 0.854812 0.040410995
vt 0.854958 0.040821016
vt 0.854941 0.040657997
vt 0.858349 0.040821016
vt 0.858413 0.040597975
vt 0.858476 0.040206015
vt 0.861966 0.040821016
vt 0.862114 0.040656984
vt 0.865584 0.040821016
vt 0.873359 0.040821016
vt 0.865741 0.04071802
vt 0.862376 0.040407002
vt 0.873545 0.040678978
vt 0.85854 0.039758027
vt 0.866028 0.040611982
vt 0.862676 0.040127993
vt 0.854516 0.039883018
vt 0.858603 0.039363027
vt 0.8545 0.039713025
vt 0.862939 0.039874017
vt 0.854592 0.03955102
vt 0.858667 0.039132
vt 0.854684 0.039385974
vt 0.858759 0.038971007
vt 0.863086 0.03970301
vt 0.866357 0.04050398
vt 0.866644 0.04039502
vt 0.873899 0.040481985
vt 0.874309 0.040265024
vt 0.88135 0.04064101
vt 0.881772 0.040351987
vt 0.887699 0.04186201
vt 0.890121 0.04499501
vt 0.888121 0.041572988
vt 0.890139 0.049057007
vt 0.890336 0.04481399
vt 0.882262 0.04002601
vt 0.890758 0.044525027
vt 0.874663 0.040063977
vt 0.888611 0.041245997
vt 0.866802 0.040283978
vt 0.882684 0.039732993
vt 0.874849 0.039915025
vt 0.866894 0.040121973
vt 0.863178 0.03954202
vt 0.882898 0.039545
vt 0.86327 0.039376974
vt 0.889033 0.040953994
vt 0.866986 0.039956987
vt 0.88299 0.039384007
vt 0.889247 0.040766
vt 0.891248 0.044197977
vt 0.89167 0.04390502
vt 0.890279 0.04889202
vt 0.890522 0.048641026
vt 0.890157 0.05311799
vt 0.890222 0.05296898
vt 0.8908 0.04835999
vt 0.890164 0.054907024
vt 0.890172 0.05669701
vt 0.89038 0.05475402
vt 0.890287 0.05275601
vt 0.890539 0.056590974
vt 0.890805 0.054533005
vt 0.890352 0.052522004
vt 0.891323 0.05648303
vt 0.891044 0.048106015
vt 0.891298 0.05428803
vt 0.891885 0.043716013
vt 0.890417 0.052305996
vt 0.891183 0.047932982
vt 0.891977 0.043554008
vt 0.890822 0.058321
vt 0.892246 0.056374013
vt 0.891722 0.054063976
vt 0.890482 0.052148998
vt 0.89032 0.059994996
vt 0.891317 0.058341026
vt 0.89303 0.056262016
vt 0.891938 0.053902984
vt 0.890576 0.051985025
vt 0.893396 0.056149006
vt 0.891742 0.058337986
vt 0.890386 0.06000799
vt 0.892032 0.05373901
vt 0.891959 0.058269978
vt 0.890352 0.06714797
vt 0.890453 0.059997976
vt 0.890419 0.06703699
vt 0.891 0.06773001
vt 0.891067 0.06762099
vt 0.893224 0.06773001
vt 0.893291 0.06762099
vt 0.893803 0.06725699
vt 0.893869 0.06714797
vt 0.893357 0.06751001
vt 0.893771 0.060106993
vt 0.893936 0.06703699
vt 0.893837 0.060100973
vt 0.893904 0.060114026
vt 0.893697 0.058432996
vt 0.893914 0.05837202
vt 0.894339 0.05837202
vt 0.893689 0.05669701
vt 0.894056 0.056590974
vt 0.894834 0.05839002
vt 0.893682 0.054907024
vt 0.89484 0.05648303
vt 0.893897 0.054755986
vt 0.893674 0.05311799
vt 0.893971 0.060104012
vt 0.893656 0.049053013
vt 0.894003 0.066923976
vt 0.893739 0.05296898
vt 0.894322 0.05453801
vt 0.893638 0.04498899
vt 0.893722 0.048841
vt 0.893853 0.044807017
vt 0.893804 0.052757025
vt 0.893788 0.04847902
vt 0.894275 0.044517994
vt 0.893869 0.052522004
vt 0.894765 0.044191003
vt 0.893855 0.048065007
vt 0.895187 0.043897986
vt 0.893922 0.047698975
vt 0.893934 0.052305996
vt 0.895401 0.043709993
vt 0.893988 0.047479987
vt 0.893999 0.052148998
vt 0.891641 0.039507985
vt 0.895494 0.043547988
vt 0.894081 0.047317028
vt 0.891733 0.039341986
vt 0.895586 0.04338199
vt 0.894174 0.047150016
vt 0.891825 0.03917402
vt 0.895679 0.043211997
vt 0.894266 0.046980023
vt 0.894093 0.05198598
vt 0.894186 0.051818013
vt 0.894359 0.046805978
vt 0.895455 0.05391699
vt 0.895771 0.043039024
vt 0.891917 0.039002
vt 0.883272 0.03724301
vt 0.895864 0.04286301
vt 0.883363 0.03706801
vt 0.892009 0.03882599
vt 0.879568 0.031929016
vt 0.894452 0.04662901
vt 0.886953 0.031202018
vt 0.899451 0.037002027
vt 0.870621 0.031934023
vt 0.895597 0.03296399
vt 0.88421 0.025936007
vt 0.898039 0.040768027
vt 0.875265 0.025937974
vt 0.871816 0.025359988
vt 0.891593 0.025210977
vt 0.880744 0.019842982
vt 0.867585 0.024782002
vt 0.877295 0.019264996
vt 0.873065 0.018684983
vt 0.863233 0.025354028
vt 0.868714 0.019257009
vt 0.859689 0.025927007
vt 0.865171 0.019828975
vt 0.847594 0.019813001
vt 0.874814 0.013086975
vt 0.871272 0.013659
vt 0.879165 0.012516022
vt 0.853697 0.0136399865
vt 0.883394 0.013095975
vt 0.881319 0.006870985
vt 0.885669 0.0062999725
vt 0.877777 0.0074419975
vt 0.860204 0.0074219704
vt 0.886842 0.013675988
vt 0.889687 0.019842982
vt 0.889898 0.0068809986
vt 0.895784 0.013677001
vt 0.897069 0.019119978
vt 0.893346 0.007459998
vt 0.900235 0.026974976
vt 0.903165 0.01295501
vt 0.904087 0.031014979
vt 0.905708 0.020886004
vt 0.90956 0.02492702
vt 0.902676 0.03478098
vt 0.908149 0.02869302
vt 0.915654 0.018764019
vt 0.90269 0.03944701
vt 0.914243 0.022529006
vt 0.908162 0.03335899
vt 0.914256 0.02719599
vt 0.898053 0.045433998
vt 0.909618 0.03512597
vt 0.894466 0.05129397
vt 0.915712 0.02896297
vt 0.904146 0.04121399
vt 0.89951 0.047200024
vt 0.894373 0.05147201
vt 0.895923 0.053059995
vt 0.89428 0.051647007
vt 0.895829 0.053238988
vt 0.895736 0.053413987
vt 0.895643 0.053584993
vt 0.897289 0.055468976
vt 0.895549 0.05375302
vt 0.897195 0.055643976
vt 0.897101 0.055815995
vt 0.897382 0.055289984
vt 0.895852 0.05763501
vt 0.900968 0.049431026
vt 0.895946 0.057455003
vt 0.899533 0.051595986
vt 0.905604 0.04344499
vt 0.904169 0.04561001
vt 0.911076 0.037357986
vt 0.909641 0.039521992
vt 0.91717 0.031194985
vt 0.915734 0.033360004
vt 0.908203 0.041236997
vt 0.92367 0.024981976
vt 0.914297 0.035073996
vt 0.922235 0.027146995
vt 0.920798 0.028860986
vt 0.922213 0.02275002
vt 0.922308 0.026892006
vt 0.920758 0.020982027
vt 0.923593 0.024773002
vt 0.922286 0.022587001
vt 0.920744 0.016315997
vt 0.920981 0.020816982
vt 0.923099 0.024562001
vt 0.922155 0.01255101
vt 0.922172 0.02657497
vt 0.922151 0.022486985
vt 0.921021 0.028608024
vt 0.920967 0.016214013
vt 0.921205 0.020712972
vt 0.921243 0.028297007
vt 0.921056 0.035422027
vt 0.921279 0.03521198
vt 0.921466 0.02796501
vt 0.920833 0.035631
vt 0.921502 0.035003006
vt 0.914332 0.04184401
vt 0.921966 0.026238024
vt 0.908238 0.04800701
vt 0.922466 0.024352014
vt 0.902731 0.047324
vt 0.921947 0.022409022
vt 0.898095 0.05331099
vt 0.902766 0.054094017
vt 0.894508 0.05917102
vt 0.89813 0.06007999
vt 0.90766 0.04847902
vt 0.902188 0.05456698
vt 0.894544 0.06594002
vt 0.913754 0.04231602
vt 0.894414 0.059350014
vt 0.920255 0.03610301
vt 0.897552 0.060553014
vt 0.920478 0.035893977
vt 0.918033 0.036100984
vt 0.920701 0.035685003
vt 0.918256 0.03589201
vt 0.91848 0.035682023
vt 0.920925 0.035475016
vt 0.918703 0.03547299
vt 0.917542 0.035417974
vt 0.921148 0.035265982
vt 0.917765 0.035207987
vt 0.917319 0.035627007
vt 0.918927 0.035263002
vt 0.911532 0.042313993
vt 0.910818 0.041840017
vt 0.905438 0.048476994
vt 0.904723 0.048003018
vt 0.899966 0.054565012
vt 0.910782 0.034964025
vt 0.895329 0.060552
vt 0.904688 0.041127026
vt 0.899251 0.05409199
vt 0.917284 0.028751016
vt 0.899215 0.047216
vt 0.894614 0.06007898
vt 0.894578 0.053202987
vt 0.900653 0.045560002
vt 0.893965 0.066412985
vt 0.891742 0.06641197
vt 0.894449 0.06612098
vt 0.891027 0.06594002
vt 0.893871 0.066594005
vt 0.89099 0.059064984
vt 0.891647 0.066594005
vt 0.890932 0.06612098
vt 0.890896 0.059243977
vt 0.890837 0.06629902
vt 0.891552 0.066771984
vt 0.894354 0.06629902
vt 0.893776 0.066771984
vt 0.890742 0.06647301
vt 0.89432 0.05952698
vt 0.891457 0.06694603
vt 0.894259 0.06647301
vt 0.893681 0.06694603
vt 0.895758 0.05781102
vt 0.895664 0.05798298
vt 0.894225 0.059699
vt 0.897007 0.055984974
vt 0.89557 0.05815202
vt 0.894164 0.066643
vt 0.896914 0.056149006
vt 0.894131 0.059867978
vt 0.895239 0.054076016
vt 0.895476 0.058317006
vt 0.896547 0.056262016
vt 0.894815 0.05429697
vt 0.895763 0.056374013
vt 0.89526 0.058385015
vt 0.894037 0.060033977
vt 0.894069 0.06681001
vt 0.893424 0.06739801
vt 0.893586 0.06711602
vt 0.893491 0.067282975
vt 0.891134 0.06751001
vt 0.8912 0.06739801
vt 0.890485 0.066923976
vt 0.891267 0.067282975
vt 0.890552 0.06681001
vt 0.890519 0.059928
vt 0.891362 0.06711602
vt 0.890647 0.066643
vt 0.890614 0.059763014
vt 0.892053 0.058104992
vt 0.890708 0.059593022
vt 0.890802 0.059421003
vt 0.892147 0.057936013
vt 0.89349 0.055984974
vt 0.892241 0.057763994
vt 0.893584 0.055815995
vt 0.892125 0.053570986
vt 0.893678 0.055643976
vt 0.892335 0.05758798
vt 0.890669 0.051818013
vt 0.892429 0.057407975
vt 0.893772 0.055468976
vt 0.892219 0.05339998
vt 0.896016 0.05154699
vt 0.893865 0.055289984
vt 0.892312 0.05322498
vt 0.890762 0.051647007
vt 0.897452 0.049429
vt 0.892406 0.053045988
vt 0.890856 0.05147201
vt 0.892069 0.04338801
vt 0.892162 0.04321897
vt 0.889339 0.040603995
vt 0.889431 0.04043901
vt 0.883082 0.03921902
vt 0.889523 0.04026997
vt 0.892254 0.043045998
vt 0.867078 0.039788008
vt 0.883174 0.039049983
vt 0.889615 0.040097
vt 0.890949 0.05129397
vt 0.892346 0.04286897
vt 0.883266 0.038878024
vt 0.895993 0.047185004
vt 0.894537 0.04543197
vt 0.889707 0.039920986
vt 0.902089 0.04344201
vt 0.90063 0.041198015
vt 0.895935 0.037006974
vt 0.906126 0.039471984
vt 0.907561 0.037355006
vt 0.91222 0.033308983
vt 0.899174 0.03944397
vt 0.906103 0.035108984
vt 0.913655 0.031190991
vt 0.918721 0.027095973
vt 0.904648 0.033354998
vt 0.912198 0.028945982
vt 0.920157 0.024977982
vt 0.900572 0.031018972
vt 0.910742 0.027190983
vt 0.893296 0.034057975
vt 0.906045 0.024931014
vt 0.897934 0.02806902
vt 0.886948 0.032836974
vt 0.891588 0.026845992
vt 0.903408 0.021979988
vt 0.883358 0.03870201
vt 0.897063 0.020754993
vt 0.883543 0.027208984
vt 0.870856 0.033568025
vt 0.86717 0.03961599
vt 0.867262 0.039439976
vt 0.863362 0.039207995
vt 0.863454 0.039035976
vt 0.858851 0.03880602
vt 0.858943 0.038636982
vt 0.854776 0.03921801
vt 0.859034 0.038465023
vt 0.851361 0.03961599
vt 0.854868 0.039044976
vt 0.863546 0.038860023
vt 0.859126 0.03828901
vt 0.85496 0.038869023
vt 0.867141 0.032985985
vt 0.862722 0.03241402
vt 0.858556 0.03299302
vt 0.871785 0.026989996
vt 0.867368 0.026416004
vt 0.863203 0.026992977
vt 0.875499 0.02757299
vt 0.872848 0.020319998
vt 0.880978 0.021477997
vt 0.877264 0.020893991
vt 0.887076 0.015311003
vt 0.883363 0.014725983
vt 0.878947 0.014150977
vt 0.868684 0.020896018
vt 0.874784 0.014726996
vt 0.885452 0.007934988
vt 0.865179 0.02146399
vt 0.881289 0.008509994
vt 0.87128 0.015294015
vt 0.877785 0.009077013
vt 0.859698 0.027562022
vt 0.853706 0.0152750015
vt 0.85505 0.033562005
vt 0.847603 0.021448016
vt 0.842118 0.027549028
vt 0.851453 0.039439976
vt 0.837466 0.03355503
vt 0.833772 0.03961599
vt 0.833864 0.039439976
vt 0.832753 0.039285004
vt 0.832845 0.03910899
vt 0.836447 0.033223987
vt 0.832839 0.03807497
vt 0.841098 0.027217984
vt 0.836441 0.032190025
vt 0.846584 0.021116018
vt 0.841093 0.026184022
vt 0.852688 0.014943004
vt 0.846579 0.020081997
vt 0.852682 0.013908982
vt 0.860213 0.009056985
vt 0.859194 0.008723974
vt 0.859189 0.0076910257
vt 0.859417 0.008515
vt 0.860436 0.008846998
vt 0.859412 0.007480979
vt 0.878101 0.008867979
vt 0.859641 0.008306026
vt 0.860659 0.008638024
vt 0.881593 0.008360028
vt 0.878547 0.008659005
vt 0.859864 0.00809598
vt 0.860427 0.0072129965
vt 0.859635 0.007272005
vt 0.878093 0.0072330236
vt 0.86065 0.0070030093
vt 0.859859 0.0070629716
vt 0.860883 0.008428991
vt 0.860088 0.007887006
vt 0.860874 0.006793976
vt 0.879036 0.008449018
vt 0.878539 0.00702399
vt 0.860082 0.0068529844
vt 0.881631 0.0067210197
vt 0.882066 0.006654978
vt 0.885893 0.006210983
vt 0.886117 0.0062869787
vt 0.890034 0.0067309737
vt 0.890051 0.006663978
vt 0.893476 0.0072510242
vt 0.893477 0.0070409775
vt 0.890027 0.0066249967
vt 0.902308 0.007252991
vt 0.893436 0.0068309903
vt 0.902048 0.007044971
vt 0.901696 0.0068380237
vt 0.902287 0.0074620247
vt 0.909608 0.0065810084
vt 0.909741 0.0066080093
vt 0.909667 0.0067409873
vt 0.909406 0.0065900087
vt 0.911803 0.01472199
vt 0.918305 0.00850898
vt 0.918397 0.008369982
vt 0.922229 0.012417972
vt 0.918308 0.008328974
vt 0.922096 0.012391984
vt 0.921189 0.016260028
vt 0.918159 0.008319974
vt 0.921894 0.0123999715
vt 0.921411 0.016355991
vt 0.921429 0.020628989
vt 0.921633 0.016402006
vt 0.921653 0.020524025
vt 0.921812 0.022309005
vt 0.921761 0.012372971
vt 0.91807 0.008278012
vt 0.921877 0.02035898
vt 0.921856 0.016300023
vt 0.921835 0.012241006
vt 0.921886 0.022144973
vt 0.922794 0.011345029
vt 0.921895 0.02393198
vt 0.921972 0.024142027
vt 0.921904 0.025665998
vt 0.921831 0.025920987
vt 0.921913 0.02740097
vt 0.921689 0.027652979
vt 0.921726 0.034793973
vt 0.92195 0.034583986
vt 0.921372 0.035055995
vt 0.922908 0.033689022
vt 0.92233 0.03416097
vt 0.91915 0.03505397
vt 0.920109 0.03415799
vt 0.923291 0.033266008
vt 0.918436 0.034579992
vt 0.923869 0.032792985
vt 0.918212 0.034789026
vt 0.923754 0.0104500055
vt 0.917989 0.034999013
vt 0.924832 0.03189701
vt 0.917729 0.028186977
vt 0.917952 0.027854979
vt 0.918175 0.027543008
vt 0.917506 0.028497994
vt 0.918452 0.02618301
vt 0.918794 0.026840985
vt 0.918658 0.02652198
vt 0.920079 0.024769008
vt 0.919585 0.024558008
vt 0.918952 0.02434802
vt 0.918317 0.025864005
vt 0.918458 0.024137974
vt 0.91839 0.025609016
vt 0.918381 0.023927987
vt 0.919394 0.03368497
vt 0.91928 0.011348009
vt 0.918372 0.02214098
vt 0.921069 0.033263028
vt 0.918299 0.022302985
vt 0.924254 0.032369018
vt 0.920355 0.032788992
vt 0.922033 0.03236699
vt 0.925796 0.031000972
vt 0.921318 0.031893015
vt 0.924718 0.009553015
vt 0.925218 0.03147298
vt 0.922997 0.031471014
vt 0.920241 0.0104519725
vt 0.922282 0.030996978
vt 0.921204 0.009555995
vt 0.916644 0.0083960295
vt 0.917605 0.007499993
vt 0.922168 0.008660018
vt 0.918568 0.006604016
vt 0.923604 0.03033799
vt 0.923247 0.030101001
vt 0.923961 0.030574977
vt 0.923133 0.007763982
vt 0.925089 0.03057599
vt 0.92676 0.030104995
vt 0.926183 0.030577004
vt 0.919532 0.005707979
vt 0.925682 0.008656979
vt 0.926646 0.0077610016
vt 0.920497 0.004812002
vt 0.912224 0.0053769946
vt 0.922974 0.00365901
vt 0.914153 0.003584981
vt 0.92201 0.004556
vt 0.914159 0.0019500256
vt 0.921045 0.0054519773
vt 0.91223 0.0037419796
vt 0.920082 0.006348014
vt 0.911267 0.0046390295
vt 0.919121 0.007243991
vt 0.910306 0.0055350065
vt 0.918163 0.008139014
vt 0.909273 0.006563008
vt 0.909347 0.00643003
vt 0.901437 0.0066300035
vt 0.901458 0.0064210296
vt 0.893438 0.0066220164
vt 0.893569 0.0064120293
vt 0.890044 0.006558001
vt 0.890181 0.006407976
vt 0.886343 0.0064179897
vt 0.886568 0.0064939857
vt 0.882543 0.0066159964
vt 0.886792 0.0064039826
vt 0.882978 0.006550014
vt 0.879027 0.0068150163
vt 0.883291 0.006399989
vt 0.879473 0.006605029
vt 0.861098 0.0065839887
vt 0.861321 0.006375015
vt 0.862281 0.005478978
vt 0.860306 0.0066440105
vt 0.863243 0.004581988
vt 0.861266 0.0057470202
vt 0.864206 0.0036860108
vt 0.860312 0.0076770186
vt 0.862227 0.0048509836
vt 0.86133 0.00801003
vt 0.861271 0.006780982
vt 0.862233 0.0058839917
vt 0.879481 0.0082399845
vt 0.862289 0.00711298
vt 0.879798 0.008031011
vt 0.863251 0.006217003
vt 0.863196 0.0049880147
vt 0.864214 0.0053200126
vt 0.911261 0.006273985
vt 0.863191 0.0039539933
vt 0.866145 0.0035259724
vt 0.9103 0.0071690083
vt 0.864161 0.0040910244
vt 0.87537 0.0019029975
vt 0.865636 0.0033599734
vt 0.865171 0.0027890205
vt 0.865127 0.0031939745
vt 0.864156 0.003057003
vt 0.865124 0.0026689768
vt 0.866136 0.0018919706
vt 0.865629 0.0020260215
vt 0.865121 0.0021600127
vt 0.882882 0.008185029
vt 0.883187 0.008035004
vt 0.882464 0.008252025
vt 0.886351 0.008127987
vt 0.88201 0.008292973
vt 0.886126 0.008051991
vt 0.8859 0.00792098
vt 0.885676 0.0078449845
vt 0.890034 0.008296013
vt 0.889867 0.008509994
vt 0.890008 0.008360982
vt 0.89358 0.009095013
vt 0.89371 0.00888598
vt 0.890022 0.008257985
vt 0.90162 0.008735001
vt 0.893712 0.0086759925
vt 0.903159 0.014590025
vt 0.901722 0.008563995
vt 0.909661 0.008374989
vt 0.909503 0.015815973
vt 0.91214 0.018767
vt 0.916005 0.00960201
vt 0.918641 0.01255399
vt 0.917943 0.016766012
vt 0.916079 0.009468973
vt 0.909735 0.008243024
vt 0.918715 0.012421012
vt 0.915946 0.009442985
vt 0.901656 0.008445978
vt 0.909602 0.008216023
vt 0.89367 0.008466005
vt 0.901534 0.008345008
vt 0.890048 0.008192003
vt 0.893672 0.008256972
vt 0.886575 0.008038998
vt 0.890189 0.008042991
vt 0.893803 0.008046985
vt 0.901469 0.008226991
vt 0.9094 0.008225024
vt 0.901572 0.008055985
vt 0.909267 0.008198023
vt 0.915744 0.009450972
vt 0.909341 0.008064985
vt 0.915685 0.0092920065
vt 0.915611 0.009423971
vt 0.918582 0.012394011
vt 0.91838 0.012403011
vt 0.918247 0.01237601
vt 0.918091 0.016617
vt 0.918136 0.016551971
vt 0.917244 0.020977974
vt 0.917467 0.020812988
vt 0.918699 0.022732973
vt 0.918772 0.022571027
vt 0.917691 0.020708025
vt 0.918147 0.016514003
vt 0.918637 0.02247399
vt 0.917915 0.020623982
vt 0.918433 0.022400022
vt 0.918193 0.016448021
vt 0.918139 0.020519972
vt 0.918363 0.020354986
vt 0.918342 0.01629901
vt 0.918321 0.012242973
vt 0.925795 0.008719027
vt 0.925738 0.008804023
vt 0.926063 0.009976983
vt 0.925014 0.0076209903
vt 0.926006 0.010061979
vt 0.925072 0.007535994
vt 0.926475 0.030381978
vt 0.914083 0.030381978
vt 0.926417 0.030466974
vt 0.914025 0.030466974
vt 0.923879 0.0065330267
vt 0.923936 0.006448984
vt 0.922374 0.005559981
vt 0.922431 0.0054749846
vt 0.920542 0.004721999
vt 0.9206 0.004637003
vt 0.918428 0.0040370226
vt 0.918486 0.0039520264
vt 0.916074 0.0035259724
vt 0.916132 0.0034409761
vt 0.913523 0.0032089949
vt 0.91358 0.0031239986
vt 0.865311 0.008122027
vt 0.910818 0.0031049848
vt 0.910875 0.0030199885
vt 0.865253 0.008207023
vt 0.864791 0.0032600164
vt 0.864848 0.003175974
vn 0.606 -0.6091 -0.5116
vn 0.721 -0.5869 0.3684
vn 0.5801 0.5373 -0.6123
vn -0.0413 0.6311 -0.7746
vn 0.6925 0.6739 0.2576
vn -0.0099 -0.7576 -0.6527
vn 0.3065 -0.559 0.7705
vn 0.278 0.6979 0.66
vn -0.1383 0.6193 -0.7728
vn -0.1072 -0.7501 -0.6525
vn -0.2623 0.6198 -0.7396
vn -0.2312 -0.7504 -0.6193
vn -0.3761 0.6223 -0.6865
vn -0.3451 -0.7487 -0.566
vn -0.4778 0.6264 -0.6159
vn -0.4468 -0.745 -0.4954
vn -0.5655 0.632 -0.5298
vn -0.5345 -0.7394 -0.4094
vn -0.6381 0.6389 -0.4297
vn -0.607 -0.732 -0.3093
vn -0.6933 0.6472 -0.317
vn -0.6622 -0.7231 -0.1966
vn -0.7287 0.6568 -0.194
vn -0.6976 -0.7126 -0.0737
vn -0.5676 -0.5374 0.6238
vn -0.7313 0.6749 -0.0982
vn -0.7 -0.7138 0.0239
vn -0.5936 0.6118 0.5228
vn -0.1372 -0.7925 -0.5942
vn -0.0374 -0.7878 -0.6148
vn -0.2207 -0.7792 -0.5866
vn 0.448 -0.5984 0.6642
vn 0.3611 -0.6346 0.6833
vn 0.4172 -0.6138 0.6702
vn 0.7057 0.0781 0.7042
vn 0.4854 -0.7378 0.4691
vn 0.0759 -0.7181 -0.6918
vn 0.669 -0.6666 0.3287
vn -0.5336 -0.6882 -0.4916
vn 0.3142 -0.7094 -0.6309
vn -0.6353 -0.7524 -0.174
vn 0.3117 -0.5876 0.7467
vn -0.7058 -0.0781 -0.7041
vn 0.1931 0.0906 0.977
vn 0.3984 -0.5384 0.7426
vn -0.1935 -0.0905 -0.9769
vn 0.4008 -0.6595 -0.6359
vn 0.4775 -0.4778 0.7373
vn 0.4799 -0.5989 -0.6411
vn 0.5477 -0.4067 0.7311
vn 0.5501 -0.5278 -0.6472
vn 0.6081 -0.3259 0.7239
vn 0.6104 -0.4469 -0.654
vn 0.657 -0.2363 0.7159
vn 0.6595 -0.3572 -0.6614
vn 0.6778 -0.1614 0.7173
vn 0.6803 -0.2837 -0.6758
vn 0.6833 -0.2466 -0.6872
vn 0.6816 -0.1204 0.7218
vn 0.299 0.0905 0.95
vn 0.9025 -0.0412 0.4286
vn 0.8836 -0.1198 -0.4526
vn 0.299 0.0915 0.9499
vn 0.2581 -0.0791 -0.9629
vn 0.8655 -0.0246 -0.5003
vn 0.8859 0.0606 0.4598
vn 0.8656 -0.025 -0.5002
vn 0.2581 -0.08 -0.9628
vn 0.8859 0.0611 0.4598
vn 0.8657 -0.0256 -0.5
vn -0.1935 -0.0914 -0.9768
vn 0.2583 -0.0812 -0.9627
vn 0.8859 0.0617 0.4598
vn -0.7057 -0.0787 -0.7041
vn 0.299 0.0927 0.9498
vn 0.1931 0.0915 0.9769
vn 0.8656 -0.0262 -0.5001
vn 0.7058 0.0788 0.7041
vn 0.1931 0.0927 0.9768
vn 0.7057 0.0796 0.704
vn 0.9803 0.0395 0.1937
vn 0.193 0.0939 0.9767
vn 0.9803 0.0397 0.1937
vn 0.7057 0.0806 0.7039
vn 0.299 0.0938 0.9496
vn 0.8859 0.0622 0.4596
vn 0.1929 0.0952 0.9766
vn 0.8656 -0.0269 -0.5
vn 0.7057 0.0815 0.7038
vn 0.299 0.095 0.9495
vn 0.8859 0.0627 0.4595
vn 0.2582 -0.0824 -0.9626
vn 0.8656 -0.0276 -0.5
vn -0.1935 -0.0927 -0.9767
vn 0.8859 0.0634 0.4596
vn -0.7058 -0.0796 -0.704
vn -0.1934 -0.0939 -0.9766
vn -0.7057 -0.0806 -0.7039
vn -0.9802 -0.0397 -0.1941
vn -0.9802 -0.04 -0.1941
vn -0.9802 -0.0395 -0.1942
vn -0.9667 0.0016 0.2558
vn -0.9667 0.0013 0.2557
vn -0.9667 0.0019 0.2558
vn -0.9667 0.0009 0.2559
vn -0.9802 -0.0403 -0.1941
vn -0.7057 -0.0814 -0.7038
vn 0.2583 -0.0837 -0.9624
vn -0.1934 -0.0952 -0.9765
vn -0.1902 -0.1321 -0.9728
vn 0.2583 -0.085 -0.9623
vn 0.0059 -0.097 -0.9953
vn -0.7044 -0.1206 -0.6994
vn -0.1809 -0.2136 -0.96
vn -0.6963 -0.2114 -0.6859
vn -0.9766 -0.1419 -0.1614
vn 0.0209 -0.1004 -0.9947
vn -0.9803 -0.0704 -0.1845
vn 0.0019 -0.0939 -0.9956
vn -0.6859 -0.2783 -0.6724
vn -0.1624 -0.2717 -0.9486
vn -0.0116 -0.1016 -0.9948
vn -0.9714 -0.1947 -0.1358
vn -0.003 -0.1135 -0.9935
vn 0.0479 -0.097 -0.9941
vn -0.0407 -0.1736 -0.984
vn -0.0026 -0.1373 -0.9905
vn -0.0489 -0.1142 -0.9923
vn 0.008 -0.1229 -0.9924
vn -0.0127 -0.2404 -0.9706
vn 0.0075 -0.0991 -0.995
vn 0.0469 -0.1842 -0.9818
vn -0.1192 -0.2304 -0.9658
vn 0.0343 -0.1091 -0.9934
vn -0.0189 -0.3193 -0.9475
vn 0.2582 -0.0864 -0.9622
vn 0.1223 -0.2271 -0.9662
vn 0.0801 -0.1165 -0.99
vn 0.8656 -0.0283 -0.4999
vn 0.2584 -0.0877 -0.962
vn 0.2055 -0.2255 -0.9523
vn 0.8858 0.0641 0.4596
vn -0.0172 -0.322 -0.9466
vn -0.2066 -0.2403 -0.9485
vn 0.1259 -0.1174 -0.9851
vn -0.0107 -0.247 -0.969
vn 0.8658 -0.029 -0.4996
vn 0.2584 -0.0891 -0.9619
vn 0.27 -0.1751 -0.9468
vn 0.156 -0.1085 -0.9818
vn 0.8657 -0.0297 -0.4996
vn 0.2993 -0.1135 -0.9474
vn 0.2585 -0.0906 -0.9618
vn 0.1673 -0.099 -0.9809
vn -0.0044 -0.146 -0.9893
vn 0.3034 -0.0916 -0.9484
vn -0.2735 -0.1986 -0.9411
vn -0.3033 -0.1346 -0.9434
vn -0.0969 -0.1222 -0.9878
vn -0.1382 -0.1205 -0.9831
vn -0.1617 -0.1109 -0.9806
vn 0.0789 -0.0903 -0.9928
vn 0.103 -0.088 -0.9908
vn -0.1393 -0.2685 -0.9531
vn -0.1214 -0.2081 -0.9705
vn 0.1099 -0.0944 -0.9895
vn -0.1076 -0.1336 -0.9852
vn -0.6855 -0.2779 -0.673
vn -0.6947 -0.2116 -0.6874
vn -0.7025 -0.1252 -0.7006
vn -0.9743 -0.1918 -0.1184
vn -0.9836 -0.1376 -0.1168
vn -0.9905 -0.0662 -0.1202
vn -0.0995 -0.105 -0.9895
vn -0.7046 -0.089 -0.704
vn -0.9962 -0.0134 0.0859
vn 0.1075 -0.1003 -0.9891
vn -0.9974 -0.0134 0.0705
vn -0.9989 -0.018 0.0443
vn -0.9923 -0.0348 -0.119
vn -0.9832 -0.0435 -0.1771
vn -0.9961 -0.0135 0.0876
vn -0.9851 -0.0536 -0.1637
vn -0.9995 -0.024 0.0202
vn -0.9896 -0.0605 -0.1302
vn -0.9997 -0.0246 0.0052
vn -0.9952 -0.0546 -0.0811
vn -0.9997 -0.0228 0.0003
vn -0.9986 -0.0419 -0.033
vn -0.9605 -0.1969 -0.1969
vn -0.9996 -0.0289 -0.0053
vn -0.9761 -0.1881 -0.1089
vn -0.9909 -0.13 -0.0357
vn -0.9984 -0.0565 -0.0026
vn -0.9507 -0.1478 -0.2726
vn -0.9816 -0.1875 0.0357
vn -0.9464 -0.0807 -0.3127
vn -0.9599 -0.2753 0.0531
vn -0.9596 -0.2767 0.0515
vn -0.9812 -0.1897 0.0343
vn -0.9972 -0.0729 0.0135
vn -0.9829 -0.0409 -0.1794
vn -0.9456 -0.0547 -0.3206
vn -0.9439 -0.0235 0.3294
vn -0.9961 -0.0133 0.0876
vn -0.9464 -0.1017 0.3065
vn -0.9574 -0.159 0.241
vn -0.9997 -0.0222 0.0045
vn -0.9761 -0.1601 0.1467
vn -0.9877 -0.0274 0.1542
vn -0.9973 -0.0721 0.0109
vn -0.9927 -0.107 0.056
vn -0.999 -0.0444 0.0082
vn -0.9933 -0.0359 0.1094
vn -0.9978 -0.0348 0.0565
vn -0.9995 -0.0277 0.0153
vn -0.9668 0.0022 0.2557
vn -0.9667 0.0026 0.2557
vn -0.9668 0.003 0.2556
vn -0.5035 0.0686 0.8613
vn -0.5034 0.0699 0.8612
vn -0.5035 0.0711 0.8611
vn -0.9668 0.0033 0.2556
vn -0.5035 0.0724 0.8609
vn 0.4599 0.0937 0.883
vn -0.9668 0.0037 0.2556
vn 0.4598 0.095 0.8829
vn -0.5036 0.0735 0.8608
vn 0.4597 0.0963 0.8828
vn -0.9839 -0.0121 0.1785
vn -0.5035 0.0748 0.8607
vn -0.944 0.0128 0.3296
vn -0.9668 0.0041 0.2556
vn -0.9828 -0.0031 0.1849
vn 0.4596 0.0975 0.8827
vn -0.9828 -0.0027 0.1849
vn 0.9528 0.0511 0.2992
vn -0.9441 0.0135 0.3295
vn 0.9528 0.0507 0.2993
vn -0.9997 -0.0222 0.0045
vn 0.9529 0.0502 0.2992
vn -0.9456 -0.0554 -0.3205
vn -0.9441 0.0142 0.3294
vn -0.9829 -0.0413 -0.1793
vn -0.9997 -0.0222 0.0045
vn -0.9456 -0.056 -0.3205
vn -0.9828 -0.0023 0.1848
vn -0.9441 0.0149 0.3294
vn -0.9668 0.0047 0.2555
vn -0.9668 0.0052 0.2554
vn -0.9828 -0.0019 0.1848
vn -0.9668 0.0057 0.2554
vn -0.5037 0.0797 0.8602
vn -0.5036 0.0779 0.8604
vn -0.5038 0.0815 0.86
vn -0.5035 0.0763 0.8606
vn 0.4597 0.102 0.8822
vn 0.4598 0.0989 0.8825
vn 0.4596 0.1003 0.8824
vn 0.9528 0.0515 0.2991
vn 0.9528 0.0521 0.2991
vn 0.9528 0.0526 0.299
vn 0.4595 0.1039 0.8821
vn 0.9819 0.0062 -0.1891
vn 0.4596 0.1057 0.8818
vn 0.9816 0.0024 -0.1908
vn 0.9528 0.0533 0.299
vn 0.9816 0.002 -0.1907
vn 0.941 -0.0138 -0.3381
vn 0.984 0.0198 -0.1773
vn 0.9419 0.0142 -0.3356
vn 0.9891 0.0342 -0.1435
vn 0.9471 0.0888 -0.3084
vn 0.9951 0.0387 -0.091
vn 0.9586 0.153 -0.2401
vn 0.9973 0.0731 -0.0096
vn 0.9986 0.0357 -0.0382
vn 0.9997 0.0218 -0.0085
vn 0.941 -0.0145 -0.3381
vn 0.9814 0.1918 -0.0113
vn 0.9816 0.0016 -0.1907
vn 0.9757 0.1627 -0.1467
vn 0.9528 0.0539 0.2989
vn 0.9597 0.2809 -0.0087
vn 0.4595 0.1076 0.8816
vn 0.9474 0.1612 0.2766
vn -0.5037 0.0833 0.8599
vn 0.9453 0.0893 0.3138
vn -0.9668 0.0062 0.2554
vn 0.9455 0.0547 0.321
vn -0.5033 0.0835 0.86
vn -0.9668 0.0045 0.2554
vn 0.9997 0.0217 -0.0085
vn -0.9827 -0.0038 0.1851
vn 0.941 -0.0152 -0.338
vn 0.9455 0.0554 0.3209
vn 0.9817 0.0012 -0.1907
vn 0.9997 0.0217 -0.0085
vn 0.9527 0.0545 0.2989
vn 0.941 -0.0159 -0.3379
vn 0.46 0.1098 0.8811
vn 0.9527 0.057 0.2984
vn 0.9816 0.0031 -0.1909
vn 0.9527 0.0625 0.2976
vn 0.4604 0.1125 0.8806
vn -0.5029 0.0806 0.8606
vn 0.4601 0.115 0.8804
vn -0.9666 -0.0012 0.2562
vn -0.503 0.0768 0.8609
vn 0.9524 0.0685 0.297
vn -0.9826 -0.0095 0.1857
vn 0.9814 0.0088 -0.1916
vn -0.9664 -0.0076 0.2567
vn 0.941 -0.0143 -0.3381
vn 0.9812 0.0153 -0.1923
vn 0.9997 0.0217 -0.0085
vn 0.9408 -0.0089 -0.3387
vn 0.9997 0.0239 -0.0086
vn 0.9455 0.0561 0.3209
vn 0.9454 0.0568 0.3208
vn 0.9995 0.0297 -0.0091
vn 0.9891 0.0374 0.1422
vn 0.9454 0.0593 0.3206
vn 0.9891 0.0378 0.1421
vn 0.9891 0.0381 0.1421
vn 0.9891 0.0372 0.1422
vn 0.9872 0.0387 0.1545
vn 0.9901 0.0434 0.1336
vn 0.9872 0.0384 0.1545
vn 0.9966 0.0255 -0.0787
vn 0.9926 0.053 0.1091
vn 0.9872 0.0391 0.1545
vn 0.9576 0.2042 0.203
vn 0.9958 0.0555 -0.0732
vn 0.9599 0.2802 -0.0026
vn 0.9959 0.054 0.0719
vn 0.9759 0.1865 0.1132
vn 0.9909 0.121 -0.0585
vn 0.9816 0.1912 0.0013
vn 0.9985 0.0451 0.0323
vn 0.9996 0.028 -0.0071
vn 0.9949 0.0831 -0.0578
vn 0.9925 0.1166 0.0371
vn 0.9852 0.0699 0.1566
vn 0.9984 0.0556 -0.0096
vn 0.9771 0.1458 0.1547
vn 0.9973 0.0731 0.0009
vn 0.7037 0.1288 0.6987
vn 0.9989 0.0459 0.0034
vn 0.7056 0.089 0.703
vn 0.9802 0.04 0.1937
vn 0.9995 0.032 0.0049
vn 0.7055 0.0904 0.7029
vn 0.9997 0.0237 -0.002
vn 0.9954 0.0891 -0.036
vn 0.9975 0.0693 -0.0154
vn 0.9666 0.205 0.1536
vn 0.9648 0.2072 0.1618
vn 0.9993 0.0376 -0.0034
vn 0.6953 0.2232 0.6831
vn 0.6846 0.2959 0.6662
vn 0.973 0.1506 0.1747
vn 0.6846 0.2967 0.6658
vn 0.1476 0.2165 0.9651
vn 0.9795 0.0736 0.1873
vn 0.147 0.1381 0.9794
vn 0.6959 0.224 0.6823
vn 0.9802 0.0402 0.1937
vn 0.7045 0.1244 0.6988
vn 0.1495 0.2753 0.9497
vn 0.16 0.2746 0.9481
vn 0.1745 0.2127 0.9614
vn 0.1872 0.1306 0.9736
vn -0.0044 0.1077 0.9942
vn -0.0167 0.1436 0.9895
vn -0.04 0.1712 0.9844
vn -0.0669 0.1705 0.9831
vn 0.0262 0.1116 0.9934
vn -0.0883 0.1454 0.9854
vn 0.0609 0.1219 0.9907
vn 0.0912 0.1242 0.9881
vn 0.0035 0.0993 0.9951
vn 0.1069 0.1162 0.9875
vn 0.19 0.2343 0.9534
vn -0.0985 0.1134 0.9887
vn 0.1104 0.1067 0.9881
vn 0.2551 0.1869 0.9487
vn 0.2862 0.1269 0.9497
vn 0.1107 0.1051 0.9883
vn 0.1443 0.1054 0.9839
vn 0.2913 0.1053 0.9508
vn 0.1107 0.1072 0.9881
vn 0.1442 0.1075 0.9837
vn 0.7055 0.0919 0.7027
vn 0.1106 0.1093 0.9878
vn 0.9872 0.0394 0.1544
vn 0.1442 0.1096 0.9835
vn 0.7055 0.0934 0.7025
vn 0.9891 0.0404 0.1417
vn 0.9871 0.0418 0.1543
vn 0.1442 0.1116 0.9832
vn 0.9452 0.0648 0.32
vn 0.9889 0.0462 0.1409
vn 0.7051 0.096 0.7026
vn 0.987 0.0475 0.1538
vn 0.1106 0.1113 0.9876
vn 0.1438 0.1134 0.9831
vn 0.2913 0.1073 0.9506
vn 0.2912 0.1093 0.9504
vn -0.012 0.103 0.9946
vn -0.0121 0.1051 0.9944
vn 0.2912 0.1113 0.9502
vn -0.0165 0.1454 0.9892
vn -0.0121 0.1071 0.9942
vn -0.027 0.2458 0.9689
vn -0.3075 0.1202 0.9439
vn -0.3106 0.0932 0.946
vn -0.0357 0.3203 0.9466
vn -0.3105 0.0912 0.9462
vn -0.3106 0.0952 0.9458
vn -0.1695 0.1 0.9804
vn -0.2805 0.1846 0.9419
vn -0.1695 0.0979 0.9807
vn -0.1631 0.1034 0.9812
vn -0.1696 0.1021 0.9802
vn 0.2987 0.1053 0.9485
vn 0.2986 0.1072 0.9483
vn 0.2986 0.1034 0.9488
vn 0.8857 0.0677 0.4592
vn 0.2985 0.1092 0.9481
vn 0.2987 0.1019 0.9489
vn -0.1696 0.1042 0.98
vn -0.1408 0.1138 0.9835
vn 0.8857 0.0687 0.4592
vn -0.2159 0.2289 0.9492
vn 0.8857 0.0669 0.4594
vn 0.8658 -0.0333 -0.4993
vn 0.8658 -0.0322 -0.4994
vn 0.8858 0.0661 0.4593
vn 0.8658 -0.0313 -0.4994
vn 0.2988 0.1005 0.949
vn -0.1007 0.1172 0.988
vn 0.8658 -0.0305 -0.4995
vn 0.8858 0.0654 0.4594
vn 0.2585 -0.0921 -0.9616
vn 0.2988 0.099 0.9492
vn 0.8858 0.0647 0.4595
vn 0.2584 -0.0939 -0.9614
vn 0.2988 0.0977 0.9493
vn 0.1691 -0.098 -0.9807
vn 0.2585 -0.096 -0.9612
vn -0.0532 0.1115 0.9923
vn 0.2988 0.0964 0.9494
vn -0.0158 0.1009 0.9948
vn -0.1284 0.2232 0.9663
vn -0.0076 0.1133 0.9935
vn -0.0478 0.1708 0.9841
vn -0.0083 0.1366 0.9906
vn -0.0355 0.3176 0.9476
vn -0.0239 0.2393 0.9707
vn 0.0028 0.1234 0.9924
vn 0.0377 0.1862 0.9818
vn 0.1089 0.2324 0.9665
vn 0.1691 -0.1001 -0.9805
vn 0.8659 -0.0344 -0.4991
vn 0.2586 -0.098 -0.961
vn 0.8857 0.0697 0.4591
vn 0.8659 -0.0354 -0.499
vn 0.2984 0.1112 0.9479
vn 0.8856 0.0706 0.459
vn 0.1691 -0.1021 -0.9803
vn 0.2987 0.1131 0.9476
vn 0.3035 -0.0936 -0.9482
vn 0.2586 -0.1 -0.9608
vn -0.0019 -0.1033 -0.9946
vn 0.8857 0.0731 0.4585
vn -0.3075 -0.1052 -0.9457
vn 0.866 -0.0341 -0.4989
vn -0.1685 -0.1056 -0.98
vn 0.2591 -0.1007 -0.9606
vn 0.1076 -0.1023 -0.9889
vn -0.1684 -0.1076 -0.9798
vn -0.3074 -0.1071 -0.9455
vn -0.0018 -0.1054 -0.9944
vn 0.1076 -0.1044 -0.9887
vn 0.3035 -0.0956 -0.948
vn -0.1683 -0.1097 -0.9796
vn -0.3074 -0.1091 -0.9453
vn -0.0017 -0.1075 -0.9942
vn 0.1692 -0.1041 -0.9801
vn 0.3036 -0.0976 -0.9478
vn 0.169 -0.1051 -0.98
vn 0.3036 -0.0982 -0.9477
vn -0.0017 -0.1095 -0.994
vn 0.259 -0.0993 -0.9608
vn -0.3074 -0.1111 -0.9451
vn -0.0013 -0.1109 -0.9938
vn -0.3073 -0.1131 -0.9449
vn -0.1683 -0.1117 -0.9794
vn -0.1685 -0.1135 -0.9792
vn -0.001 -0.111 -0.9938
vn 0.1077 -0.1065 -0.9885
vn 0.3036 -0.0965 -0.9479
vn 0.1688 -0.1042 -0.9801
vn -0.3073 -0.1149 -0.9447
vn 0.3035 -0.094 -0.9482
vn 0.1076 -0.1076 -0.9884
vn 0.1689 -0.1026 -0.9803
vn 0.2588 -0.0971 -0.961
vn -0.0012 -0.1104 -0.9939
vn 0.1689 -0.1014 -0.9804
vn -0.1687 -0.1145 -0.979
vn 0.2586 -0.0955 -0.9613
vn 0.8655 -0.0233 -0.5004
vn 0.8657 -0.0291 -0.4997
vn 0.3034 -0.0922 -0.9484
vn 0.8858 0.0783 0.4574
vn 0.8856 0.0838 0.4568
vn 0.299 0.1149 0.9473
vn -0.1694 0.1051 0.9799
vn 0.2989 0.1164 0.9472
vn -0.1693 0.1042 0.98
vn -0.3107 0.0978 0.9455
vn -0.3106 0.0972 0.9456
vn -0.3106 0.096 0.9457
vn -0.0121 0.1093 0.9939
vn -0.0126 0.1106 0.9938
vn 0.2911 0.1132 0.95
vn -0.1693 0.1026 0.9802
vn -0.0128 0.1105 0.9938
vn -0.3106 0.0935 0.9459
vn 0.2987 0.1174 0.9471
vn -0.1693 0.1013 0.9803
vn -0.0126 0.1099 0.9939
vn 0.8854 0.0878 0.4565
vn 0.291 0.115 0.9498
vn 0.1108 0.1129 0.9874
vn 0.865 -0.019 -0.5014
vn 0.111 0.1136 0.9873
vn 0.8852 0.0906 0.4562
vn 0.8652 -0.016 -0.5012
vn 0.2987 0.1181 0.947
vn 0.2587 -0.0943 -0.9613
vn 0.885 0.0921 0.4564
vn 0.1689 -0.1005 -0.9805
vn 0.865 -0.0145 -0.5016
vn 0.2584 -0.0938 -0.9615
vn 0.2982 0.1184 0.9471
vn 0.885 0.0924 0.4563
vn 0.8649 -0.0141 -0.5017
vn -0.1694 0.1005 0.9804
vn 0.2984 0.1186 0.9471
vn -0.3105 0.0916 0.9462
vn -0.1683 0.0985 0.9808
vn -0.3104 0.0903 0.9463
vn -0.0125 0.1095 0.9939
vn 0.291 0.1163 0.9496
vn -0.0124 0.1091 0.9939
vn 0.2909 0.1173 0.9495
vn 0.1109 0.1138 0.9873
vn -0.3065 0.0776 0.9487
vn 0.1107 0.1139 0.9873
vn 0.2909 0.118 0.9494
vn -0.1003 0.1061 0.9893
vn -0.0082 0.0841 0.9964
vn 0.1435 0.1141 0.983
vn -0.1555 0.0919 0.9836
vn 0.7047 0.1001 0.7024
vn 0.1436 0.1145 0.983
vn 0.1437 0.1148 0.9829
vn 0.7047 0.1042 0.7018
vn 0.9868 0.0538 0.153
vn 0.1107 0.114 0.9873
vn 0.7046 0.1073 0.7014
vn 0.2892 0.0994 0.9521
vn 0.1438 0.115 0.9829
vn 0.106 0.1092 0.9884
vn 0.9866 0.0585 0.1525
vn -0.0983 0.0981 0.9903
vn 0.9887 0.0525 0.1403
vn 0.9885 0.0571 0.1398
vn 0.945 0.0707 0.3193
vn 0.9448 0.0751 0.3188
vn 0.9993 0.0362 -0.0099
vn 0.9991 0.041 -0.0104
vn 0.9406 -0.0026 -0.3394
vn 0.9405 0.002 -0.3399
vn 0.981 0.02 -0.1928
vn 0.999 0.0442 -0.0107
vn 0.9403 0.0052 -0.3403
vn 0.9809 0.0233 -0.1932
vn 0.9523 0.0729 0.2964
vn 0.9521 0.076 0.2963
vn 0.4599 0.1168 0.8803
vn 0.4595 0.1181 0.8803
vn -0.5032 0.0741 0.861
vn 0.4594 0.1187 0.8803
vn -0.5031 0.0722 0.8612
vn -0.9663 -0.0123 0.2572
vn 0.952 0.0775 0.2961
vn -0.9823 -0.0159 0.1865
vn 0.9821 0.0194 -0.1875
vn 0.4591 0.1189 0.8804
vn 0.942 -0.0149 -0.3351
vn 0.952 0.0779 0.2962
vn -0.5034 0.0712 0.8611
vn -0.9661 -0.0155 0.2577
vn -0.9821 -0.0207 0.187
vn -0.5034 0.0709 0.8611
vn -0.9661 -0.0171 0.2578
vn -0.982 -0.024 0.1873
vn 0.4593 0.1189 0.8803
vn -0.966 -0.0176 0.2579
vn -0.5034 0.0709 0.8611
vn -0.9822 -0.0239 0.1862
vn -0.9435 -0.0031 0.3314
vn -0.9434 -0.0063 0.3317
vn -0.9437 0.0015 0.3309
vn -0.9439 0.0078 0.3301
vn -0.9993 -0.0366 0.0059
vn -0.944 0.0133 0.3296
vn -0.9995 -0.0302 0.0052
vn -0.9997 -0.0243 0.0046
vn -0.9997 -0.0222 0.0045
vn -0.9456 -0.0567 -0.3204
vn -0.9455 -0.0592 -0.3202
vn -0.9829 -0.0416 -0.1793
vn -0.9829 -0.042 -0.1793
vn -0.9454 -0.0648 -0.3195
vn -0.9829 -0.0444 -0.1789
vn -0.9961 -0.0131 0.0875
vn -0.9961 -0.0129 0.0875
vn -0.996 -0.015 0.0878
vn -0.9827 -0.0501 -0.1781
vn -0.9451 -0.0707 -0.3189
vn -0.9991 -0.0414 0.0064
vn -0.9825 -0.0564 -0.1775
vn -0.945 -0.0751 -0.3184
vn -0.999 -0.0447 0.0068
vn -0.9959 -0.0208 0.0884
vn -0.9823 -0.061 -0.177
vn -0.9452 0.0063 0.3264
vn -0.9448 -0.0781 -0.3181
vn -0.9999 -0.0171 0.0007
vn -0.985 -0.0177 0.1714
vn -0.9559 0.0434 0.2904
vn -0.966 -0.0176 0.2579
vn -0.9909 -0.0143 0.1337
vn -0.9986 0.051 -0.0147
vn -0.5034 0.0709 0.8611
vn -0.9465 -0.0573 -0.3174
vn -0.966 -0.0176 0.2579
vn -0.9741 0.0694 0.2151
vn -0.9965 -0.0204 0.0815
vn -0.9822 -0.0642 -0.1767
vn -0.9559 -0.0099 -0.2935
vn -0.9943 0.1026 -0.0286
vn -0.9833 -0.0593 -0.172
vn -0.9907 0.0595 0.122
vn -0.9734 0.0258 -0.2277
vn -0.9944 0.1007 -0.0317
vn -0.9875 -0.0481 -0.1498
vn -0.9953 -0.0353 0.0901
vn -0.995 -0.039 0.0918
vn -0.9955 -0.032 0.0897
vn -0.9956 -0.0273 0.0892
vn -0.9916 -0.0548 -0.117
vn -0.9918 -0.0501 -0.1176
vn -0.992 -0.0437 -0.1183
vn -0.9915 -0.058 -0.1167
vn -0.7037 -0.1043 -0.7028
vn -0.9922 -0.0379 -0.1188
vn -0.7038 -0.1002 -0.7033
vn -0.9923 -0.0356 -0.1189
vn -0.7041 -0.096 -0.7036
vn -0.7045 -0.0935 -0.7035
vn -0.9923 -0.0353 -0.119
vn -0.7045 -0.092 -0.7037
vn -0.9923 -0.0351 -0.1189
vn -0.7046 -0.0905 -0.7038
vn -0.0994 -0.107 -0.9893
vn -0.0994 -0.1091 -0.989
vn -0.0993 -0.1112 -0.9888
vn -0.0989 -0.1128 -0.9887
vn -0.0986 -0.1134 -0.9887
vn 0.1075 -0.107 -0.9884
vn -0.0987 -0.1135 -0.9886
vn 0.1075 -0.1058 -0.9886
vn -0.1685 -0.115 -0.979
vn -0.0989 -0.1136 -0.9886
vn 0.1075 -0.1049 -0.9887
vn -0.1685 -0.1154 -0.9789
vn -0.3071 -0.1164 -0.9445
vn -0.3071 -0.1175 -0.9444
vn -0.0013 -0.11 -0.9939
vn -0.3072 -0.1182 -0.9443
vn 0.3034 -0.0909 -0.9485
vn -0.0015 -0.1098 -0.994
vn 0.1643 -0.0951 -0.9818
vn 0.2998 -0.0714 -0.9513
vn -0.0001 -0.0844 -0.9964
vn -0.1683 -0.1157 -0.9789
vn -0.3044 -0.106 -0.9466
vn 0.1075 -0.1042 -0.9887
vn -0.1672 -0.1141 -0.9793
vn -0.2769 -0.07 -0.9584
vn -0.099 -0.1136 -0.9886
vn 0.004 -0.0247 -0.9997
vn -0.7037 -0.1074 -0.7023
vn 0.1052 -0.1028 -0.9891
vn -0.7037 -0.1095 -0.702
vn -0.1024 -0.0944 -0.9902
vn -0.9913 -0.0445 -0.1241
vn -0.7047 -0.0884 -0.704
vn -0.9954 -0.042 0.086
vn -0.9899 -0.0053 -0.1416
vn -0.7061 -0.036 -0.7072
vn -0.9935 -0.0407 -0.1061
vn -0.9969 -0.0418 0.0659
vn -0.9863 0.0272 -0.1628
vn -0.1108 -0.0514 -0.9925
vn -0.7063 0.0052 -0.7079
vn 0.0886 -0.1026 -0.9908
vn -0.1274 -0.0192 -0.9917
vn -0.1547 -0.1063 -0.9822
vn 0.0588 -0.1026 -0.993
vn -0.1211 -0.0982 -0.9878
vn -0.2112 -0.0386 -0.9767
vn 0.0289 -0.1027 -0.9943
vn -0.1518 -0.0194 -0.9882
vn -0.0729 -0.0966 -0.9926
vn -0.7068 0.0058 -0.7074
vn -0.1747 -0.0542 -0.9831
vn -0.9829 0.028 -0.182
vn -0.7076 -0.035 -0.7058
vn -0.9815 -0.0045 -0.1915
vn -0.9984 -0.0405 0.0399
vn -0.999 -0.041 0.0174
vn -0.9977 -0.0397 -0.0541
vn -0.999 -0.0439 -0.0128
vn -0.9905 0.0287 -0.1348
vn -0.9989 -0.0009 -0.0469
vn -0.9986 0.0475 -0.0211
vn -0.9989 -0.0474 0.003
vn -0.9994 -0.0358 -0.0026
vn -0.9998 -0.0195 -0.0044
vn -0.999 -0.0447 0.0056
vn -0.9792 -0.0679 -0.1911
vn -0.9802 -0.0485 -0.1918
vn -0.7062 -0.0885 -0.7025
vn -0.9997 -0.0258 0.0051
vn -0.9989 0.0208 0.0412
vn -0.9991 -0.0421 0.0069
vn -0.999 -0.0313 0.0326
vn -0.966 -0.0177 0.2578
vn -0.966 -0.0177 0.2579
vn -0.5034 0.0709 0.8612
vn -0.5035 0.0708 0.8611
vn -0.966 -0.0178 0.2578
vn -0.5034 0.0708 0.8611
vn 0.4592 0.1189 0.8803
vn 0.4592 0.119 0.8803
vn -0.5034 0.0707 0.8612
vn 0.4594 0.1189 0.8802
vn 0.952 0.0781 0.2961
vn 0.4592 0.1189 0.8804
vn 0.952 0.078 0.296
vn 0.952 0.078 0.296
vn 0.952 0.078 0.2961
vn 0.9866 0.0131 -0.1624
vn 0.9932 0.0156 -0.1156
vn 0.9978 0.0265 -0.0613
vn 0.9522 -0.0559 -0.3003
vn 0.9714 -0.0759 -0.225
vn 0.99 -0.0578 -0.1287
vn 0.999 0.0402 -0.0189
vn 0.999 -0.009 -0.0441
vn 0.9994 0.035 -0.0061
vn 0.952 0.0782 0.2961
vn 0.9998 0.0187 -0.0043
vn 0.4592 0.119 0.8803
vn 0.9987 -0.0505 -0.0077
vn 0.9944 -0.1051 -0.0101
vn 0.9942 -0.1069 -0.0101
vn 0.9996 0.0268 0.0037
vn 0.9988 -0.011 0.0479
vn 0.9907 -0.0316 0.1326
vn 0.9985 -0.0538 -0.0099
vn 0.9746 -0.0214 0.2231
vn 0.9998 0.016 -0.0106
vn 0.957 0.0202 0.2895
vn 0.9447 0.0781 0.3185
vn 0.9465 0.0644 0.3161
vn 0.9884 0.0603 0.1394
vn 0.9899 0.0496 0.1326
vn 0.9864 0.0616 0.1521
vn 0.9884 0.0593 0.1396
vn 0.9964 0.0299 -0.0794
vn 0.7046 0.1094 0.7011
vn 0.9867 0.0445 0.1562
vn 0.9975 0.0134 -0.0689
vn 0.9865 0.001 0.1638
vn 0.7054 0.0863 0.7035
vn 0.1485 0.0964 0.9842
vn 0.706 0.029 0.7076
vn -0.0871 0.0802 0.993
vn 0.1579 0.0499 0.9862
vn 0.705 -0.0161 0.709
vn 0.9846 -0.0322 0.172
vn 0.9988 0.0019 -0.0497
vn 0.9934 0.0386 0.1076
vn 0.983 -0.0313 0.1809
vn 0.9971 0.0345 0.0673
vn 0.9996 0.004 -0.0278
vn 0.999 0.0368 0.0261
vn 0.9997 0.0208 -0.0109
vn 0.9991 0.0432 0.0019
vn 0.9992 0.0403 -0.0037
vn 0.9824 0.0041 0.1867
vn 0.9807 0.0492 0.1894
vn 0.9793 0.0679 0.1907
vn 0.7059 0.0864 0.703
vn 0.7066 0.0278 0.7071
vn 0.7052 -0.0167 0.7088
vn 0.9519 0.0783 0.2961
vn 0.1695 0.0125 0.9854
vn 0.1817 0.0113 0.9833
vn -0.0639 0.0641 0.9959
vn -0.0361 0.0624 0.9974
vn 0.1894 0.0473 0.9808
vn -0.0135 0.077 0.9969
vn 0.0274 0.0959 0.995
vn 0.1918 0.0956 0.9768
vn 0.06 0.0948 0.9937
vn -0.0035 0.0989 0.9951
vn 0.0891 0.1001 0.991
vn 0.0032 0.102 0.9948
vn -0.0039 0.1079 0.9942
vn 0.2645 0.0603 0.9625
vn 0.2025 0.0341 0.9787
vn 0.1182 0.0372 0.9923
vn 0.0023 0.0251 0.9997
vn 0.0128 -0.0196 0.9997
vn 0.0172 -0.018 0.9997
vn -0.276 0.0446 0.9601
vn -0.2081 0.0196 0.9779
vn -0.1206 0.0242 0.9924
vn -0.1222 0.0871 0.9887
vn -0.0749 0.0899 0.9931
vn 0.2983 0.1186 0.9471
vn 0.2982 0.1186 0.9471
vn -0.0299 0.0969 0.9949
vn 0.885 0.0924 0.4562
vn 0.8849 0.0925 0.4564
vn 0.8649 -0.0141 -0.5017
vn 0.2583 -0.0936 -0.9615
vn 0.865 -0.0141 -0.5016
vn 0.2583 -0.0937 -0.9615
vn 0.1428 -0.0881 -0.9858
vn 0.885 0.0925 0.4563
vn 0.2708 -0.0345 -0.962
vn 0.2983 0.1186 0.9471
vn 0.0092 0.0207 -0.9997
vn 0.2049 -0.0146 -0.9787
vn 0.1022 -0.0879 -0.9909
vn -0.1236 -0.0351 -0.9917
vn 0.0121 0.0195 -0.9997
vn 0.1188 -0.026 -0.9926
vn 0.2584 -0.0937 -0.9615
vn 0.0545 -0.0945 -0.994
vn 0.8649 -0.014 -0.5017
vn 0.2582 -0.0936 -0.9615
vn 0.885 0.0925 0.4563
vn 0.8649 -0.0139 -0.5017
vn 0.0166 -0.1041 -0.9944
vn 0.885 0.0926 0.4564
vn 0.2583 -0.0936 -0.9615
vn 0.0414 -0.0637 -0.9971
vn 0.8649 -0.0139 -0.5018
vn 0.0055 -0.0991 -0.9951
vn 0.2582 -0.0936 -0.9615
vn 0.0102 -0.0268 -0.9996
vn 0.0049 -0.0851 -0.9964
vn -0.0427 -0.0569 -0.9975
vn -0.0025 -0.0913 -0.9958
vn -0.0268 -0.0994 -0.9947
vn -0.0019 -0.1053 -0.9944
vn -0.1928 -0.1166 -0.9743
vn 0.0022 -0.1092 -0.994
vn 0.0089 -0.106 -0.9943
vn -0.1886 -0.0987 -0.9771
vn -0.7047 -0.1109 -0.7007
vn -0.1929 -0.1166 -0.9743
vn -0.7047 -0.111 -0.7007
vn -0.9792 -0.068 -0.1911
vn 0.2587 -0.0935 -0.9614
vn -0.966 -0.0179 0.2579
vn -0.966 -0.018 0.2579
vn -0.9792 -0.0681 -0.1911
vn -0.7047 -0.111 -0.7007
vn -0.5035 0.0707 0.8611
vn -0.966 -0.018 0.2579
vn -0.9792 -0.0681 -0.1911
vn -0.1929 -0.1166 -0.9743
vn -0.7048 -0.1111 -0.7007
vn 0.4592 0.119 0.8803
vn -0.5033 0.0707 0.8612
vn -0.7625 0.635 0.1237
vn -0.7627 0.6098 -0.2152
vn -0.5775 0.5394 -0.6128
vn 0.952 0.0783 0.2959
vn -0.1762 0.5739 -0.7997
vn 0.3797 0.8647 0.3287
vn 0.2584 -0.0935 -0.9615
vn 0.6073 0.7933 0.0431
vn 0.8652 -0.0137 -0.5012
vn 0.7047 0.1111 0.7007
vn 0.885 0.0927 0.4562
vn 0.865 -0.0137 -0.5016
vn 0.885 0.0928 0.4562
vn 0.2984 0.1186 0.947
vn 0.2584 -0.0935 -0.9615
vn 0.2984 0.1187 0.947
vn 0.0898 0.8249 0.5581
vn 0.2982 0.1186 0.9471
vn -0.0328 0.6248 -0.7801
vn -0.0059 0.105 0.9945
vn 0.1924 0.1166 0.9744
vn -0.0421 0.0533 0.9977
vn 0.1924 0.1166 0.9744
vn -0.0053 0.091 0.9958
vn 0.0126 0.0277 0.9995
vn 0.0027 0.0854 0.9963
vn 0.0401 0.0673 0.9969
vn 0.0021 0.0993 0.9951
vn 0.7047 0.1109 0.7007
vn 0.7047 0.111 0.7007
vn 0.9793 0.068 0.1907
vn 0.9793 0.068 0.1907
vn 0.7047 0.111 0.7007
vn 0.1924 0.1166 0.9744
vn 0.1968 0.7314 0.653
vn 0.9793 0.0681 0.1907
vn 0.9519 0.0784 0.2961
vn 0.6961 0.7009 0.1558
vn 0.4592 0.119 0.8803
vn 0.5433 0.7743 0.3245
vn 0.3319 0.7058 0.6259
vn -0.4285 0.6612 0.6158
vn -0.0359 0.7792 0.6257
vn 0.8849 0.0928 0.4565
vn 0.3696 0.7849 0.4973
vn 0.865 -0.0137 -0.5016
vn 0.6669 0.6856 0.292
vn 0.164 0.5784 -0.7991
vn 0.6723 0.736 -0.0794
vn 0.3172 0.6517 -0.6889
vn 0.6564 0.5948 -0.464
vn -0.9802 -0.0393 -0.1942
vn -0.7367 -0.6659 0.1173
vn -0.6646 -0.7471 0.0093
vn -0.6442 -0.7596 -0.09
vn 0.7059 -0.6134 0.354
vn 0.6396 -0.6525 0.4064
vn -0.6772 -0.6448 0.3544
vn 0.6227 -0.6097 0.4905
vn 0.6588 -0.668 0.3461
vn 0.628 -0.6277 0.46
vn -0.6786 -0.5896 0.438
vn 0.9803 0.0393 0.1938
vn 0.7048 -0.5583 0.4377
vn -0.6801 -0.5237 0.513
vn 0.7033 -0.4925 0.5126
vn -0.6817 -0.448 0.5785
vn 0.7015 -0.4167 0.5781
vn -0.6835 -0.3631 0.6332
vn 0.6994 -0.3318 0.633
vn -0.6853 -0.2701 0.6763
vn 0.6971 -0.2389 0.676
vn -0.6947 -0.1946 0.6924
vn 0.7032 -0.163 0.6921
vn -0.7038 -0.1567 0.6929
vn 0.7104 -0.1222 0.6931
vn -0.9667 0.0007 0.2558
vn 0.4222 -0.0101 0.9064
vn -0.4621 -0.0325 0.8862
vn 0.9529 0.048 0.2993
vn -0.5034 0.0646 0.8616
vn -0.5033 0.0654 0.8616
vn 0.4601 0.0883 0.8835
vn -0.5034 0.0666 0.8615
vn 0.4599 0.0892 0.8835
vn 0.9529 0.0483 0.2995
vn 0.4599 0.0903 0.8834
vn -0.5034 0.0677 0.8614
vn 0.9529 0.0487 0.2995
vn 0.4599 0.0914 0.8833
vn 0.9529 0.049 0.2994
vn 0.4598 0.0925 0.8832
vn 0.9529 0.0494 0.2993
vn 0.9529 0.0498 0.2992
vn 0.0359 -0.7878 -0.6148
vn 0.1357 -0.7929 -0.5941
vn 0.2193 -0.7796 -0.5866
vn -0.4491 -0.5976 0.6642
vn -0.3623 -0.6339 0.6833
vn -0.4159 -0.6134 0.6714
vn -0.7056 0.0794 0.7041
vn -0.4868 -0.7369 0.469
vn -0.0774 -0.7181 -0.6916
vn -0.6707 -0.6649 0.3287
vn 0.5324 -0.6892 -0.4915
vn -0.3159 -0.7085 -0.631
vn 0.6339 -0.7536 -0.174
vn -0.3102 -0.5885 0.7466
vn 0.7056 -0.0793 -0.7042
vn -0.1929 0.0909 0.977
vn -0.3994 -0.5377 0.7425
vn 0.1934 -0.0909 -0.9769
vn -0.402 -0.6588 -0.6359
vn -0.4783 -0.477 0.7373
vn -0.481 -0.598 -0.6411
vn -0.5485 -0.4057 0.7311
vn -0.5511 -0.5267 -0.6471
vn -0.6087 -0.3248 0.7239
vn -0.6111 -0.4458 -0.654
vn -0.6573 -0.235 0.716
vn -0.66 -0.356 -0.6615
vn -0.6784 -0.1601 0.717
vn -0.6807 -0.2825 -0.6759
vn -0.6838 -0.2453 -0.6872
vn -0.6818 -0.1191 0.7217
vn -0.2988 0.0911 0.9499
vn -0.9027 -0.0396 0.4285
vn -0.8838 -0.1181 -0.4527
vn -0.2988 0.092 0.9499
vn -0.2583 -0.0785 -0.9629
vn -0.8656 -0.0229 -0.5003
vn -0.8858 0.0623 0.4598
vn -0.8656 -0.0234 -0.5002
vn -0.2583 -0.0795 -0.9628
vn -0.8858 0.0627 0.4599
vn -0.8656 -0.024 -0.5002
vn 0.1933 -0.0918 -0.9768
vn -0.2583 -0.0808 -0.9627
vn -0.8858 0.0633 0.4598
vn 0.7056 -0.08 -0.704
vn -0.8656 -0.0246 -0.5001
vn 0.1933 -0.093 -0.9767
vn -0.2988 0.0932 0.9498
vn 0.7056 -0.0809 -0.704
vn -0.2584 -0.0819 -0.9626
vn -0.1929 0.0918 0.9769
vn -0.8858 0.0639 0.4596
vn -0.7056 0.08 0.704
vn -0.2988 0.0944 0.9496
vn -0.1929 0.093 0.9768
vn -0.8657 -0.0253 -0.4999
vn -0.1928 0.0942 0.9767
vn -0.7056 0.081 0.7039
vn -0.7055 0.0819 0.7039
vn -0.1928 0.0956 0.9766
vn -0.9802 0.0415 0.1937
vn -0.7055 0.0827 0.7038
vn -0.9802 0.0418 0.1937
vn -0.9802 0.042 0.1936
vn -0.9802 0.0413 0.1937
vn -0.7042 0.1257 0.6988
vn -0.9802 0.0412 0.1938
vn -0.9528 0.0503 0.2994
vn -0.187 0.1309 0.9736
vn -0.9528 0.05 0.2993
vn -0.9528 0.0508 0.2993
vn -0.4598 0.0911 0.8834
vn -0.4597 0.0923 0.8832
vn -0.4599 0.09 0.8834
vn -0.4598 0.0935 0.8831
vn -0.9529 0.0497 0.2993
vn -0.9528 0.0512 0.2992
vn 0.5036 0.0667 0.8614
vn 0.5035 0.0655 0.8615
vn 0.5035 0.0678 0.8613
vn -0.9528 0.0516 0.2993
vn 0.9667 -0.0005 0.2558
vn -0.9995 0.0298 -0.0071
vn 0.9667 -0.0002 0.2558
vn 0.9667 -0.0009 0.2559
vn 0.5034 0.0645 0.8616
vn -0.4599 0.0892 0.8835
vn 0.5036 0.0637 0.8616
vn -0.4223 -0.0093 0.9064
vn 0.9667 -0.0011 0.2557
vn -0.7106 -0.1209 0.6931
vn 0.4619 -0.0334 0.8863
vn 0.7034 -0.158 0.693
vn 0.9801 -0.0412 -0.1942
vn -0.7035 -0.1617 0.6921
vn 0.6944 -0.1959 0.6924
vn -0.6976 -0.2376 0.676
vn 0.6848 -0.2714 0.6763
vn -0.7001 -0.3305 0.633
vn 0.6827 -0.3643 0.6334
vn -0.7023 -0.4154 0.5782
vn 0.6808 -0.4492 0.5785
vn -0.7043 -0.4912 0.5126
vn 0.6791 -0.525 0.513
vn -0.7058 -0.557 0.4377
vn 0.6775 -0.5909 0.438
vn -0.707 -0.6122 0.3541
vn 0.6761 -0.646 0.3544
vn 0.7354 -0.6675 0.1172
vn -0.6292 -0.6266 0.4599
vn 0.6631 -0.7484 0.0092
vn -0.6594 -0.6675 0.3459
vn -0.624 -0.6082 0.4906
vn -0.6407 -0.6515 0.4064
vn 0.6427 -0.7608 -0.09
vn 0.9801 -0.0413 -0.1941
vn 0.9801 -0.0415 -0.1941
vn 0.9801 -0.0418 -0.1941
vn 0.7056 -0.0818 -0.7039
vn 0.9667 0.0001 0.2558
vn 0.1933 -0.0943 -0.9766
vn 0.9801 -0.042 -0.1941
vn 0.7056 -0.0828 -0.7038
vn 0.9667 0.0004 0.2557
vn -0.2586 -0.0832 -0.9624
vn 0.1932 -0.0956 -0.9765
vn 0.19 -0.1324 -0.9728
vn 0.5035 0.0689 0.8612
vn -0.006 -0.097 -0.9953
vn -0.4598 0.0946 0.883
vn 0.7042 -0.1219 -0.6994
vn -0.9528 0.052 0.2992
vn 0.6959 -0.2127 -0.6859
vn -0.9986 0.0376 -0.0382
vn 0.1805 -0.2139 -0.96
vn -0.9907 0.1228 -0.0585
vn -0.021 -0.1004 -0.9947
vn -0.9983 0.0575 -0.0097
vn -0.0021 -0.094 -0.9956
vn 0.1619 -0.272 -0.9486
vn 0.0114 -0.1016 -0.9948
vn 0.6854 -0.2796 -0.6724
vn -0.0481 -0.0968 -0.9941
vn 0.0028 -0.1134 -0.9935
vn 0.0486 -0.1142 -0.9923
vn 0.0404 -0.1737 -0.984
vn 0.0023 -0.137 -0.9906
vn 0.1388 -0.2688 -0.9531
vn 0.0123 -0.2405 -0.9706
vn 0.685 -0.2792 -0.6729
vn -0.0791 -0.0901 -0.9928
vn -0.0082 -0.1233 -0.9923
vn 0.1188 -0.2307 -0.9658
vn 0.0968 -0.1224 -0.9878
vn -0.0077 -0.0991 -0.9951
vn -0.0472 -0.1842 -0.9818
vn 0.0183 -0.3193 -0.9475
vn -0.2585 -0.0845 -0.9623
vn -0.0345 -0.1091 -0.9934
vn -0.1227 -0.227 -0.9661
vn 0.2062 -0.2407 -0.9484
vn 0.0166 -0.3221 -0.9466
vn -0.0804 -0.1163 -0.99
vn -0.2585 -0.0859 -0.9622
vn -0.8657 -0.026 -0.4998
vn -0.206 -0.2251 -0.9523
vn -0.8858 0.0644 0.4595
vn -0.8657 -0.0267 -0.4998
vn -0.8858 0.065 0.4595
vn -0.2988 0.0956 0.9495
vn -0.2584 -0.0873 -0.9621
vn -0.1261 -0.1172 -0.9851
vn -0.8856 0.0657 0.4597
vn -0.8657 -0.0274 -0.4999
vn -0.2585 -0.0886 -0.9619
vn -0.2987 0.0969 0.9494
vn -0.8857 0.0664 0.4595
vn -0.2985 0.0983 0.9493
vn -0.8658 -0.0281 -0.4996
vn -0.1562 -0.1082 -0.9818
vn -0.2586 -0.0901 -0.9618
vn -0.2704 -0.1746 -0.9468
vn 0.0103 -0.247 -0.969
vn -0.2995 -0.1129 -0.9474
vn 0.2731 -0.1991 -0.9411
vn 0.0042 -0.146 -0.9893
vn 0.3031 -0.1351 -0.9433
vn 0.138 -0.1208 -0.983
vn 0.1615 -0.1112 -0.9806
vn -0.1032 -0.0879 -0.9908
vn -0.11 -0.0942 -0.9895
vn 0.121 -0.2083 -0.9705
vn 0.1074 -0.1338 -0.9852
vn 0.6944 -0.2128 -0.6874
vn 0.7023 -0.1265 -0.7005
vn 0.0993 -0.1052 -0.9895
vn -0.1077 -0.1001 -0.9891
vn 0.3073 -0.1057 -0.9457
vn 0.1682 -0.1059 -0.98
vn -0.1077 -0.1021 -0.9889
vn 0.1682 -0.1079 -0.9798
vn 0.0017 -0.1033 -0.9946
vn 0.3073 -0.1077 -0.9455
vn -0.1078 -0.1042 -0.9887
vn -0.3036 -0.091 -0.9485
vn 0.1682 -0.11 -0.9796
vn 0.0016 -0.1054 -0.9944
vn 0.0992 -0.1073 -0.9893
vn 0.3073 -0.1097 -0.9453
vn -0.1079 -0.1063 -0.9885
vn -0.3037 -0.093 -0.9482
vn 0.1681 -0.112 -0.9794
vn 0.0015 -0.1075 -0.9942
vn 0.0992 -0.1093 -0.989
vn 0.3072 -0.1117 -0.9451
vn -0.3037 -0.095 -0.948
vn 0.1683 -0.1138 -0.9791
vn 0.0015 -0.1096 -0.994
vn -0.1077 -0.1074 -0.9884
vn 0.3071 -0.1136 -0.9449
vn -0.3038 -0.097 -0.9478
vn 0.0011 -0.1109 -0.9938
vn 0.307 -0.1155 -0.9447
vn -0.1694 -0.1038 -0.9801
vn 0.0008 -0.111 -0.9938
vn -0.3038 -0.0976 -0.9477
vn -0.3038 -0.0959 -0.9479
vn -0.1693 -0.1018 -0.9803
vn -0.1691 -0.1049 -0.98
vn -0.1693 -0.0998 -0.9805
vn -0.2587 -0.0996 -0.9608
vn -0.2587 -0.0975 -0.961
vn -0.1692 -0.0977 -0.9807
vn -0.169 -0.1039 -0.9801
vn -0.2587 -0.0955 -0.9612
vn -0.1674 -0.0987 -0.9809
vn -0.2586 -0.0935 -0.9614
vn -0.2586 -0.0916 -0.9616
vn -0.8658 -0.0289 -0.4996
vn -0.8658 -0.0307 -0.4994
vn -0.8857 0.0671 0.4594
vn -0.8658 -0.0297 -0.4996
vn -0.8857 0.0677 0.4593
vn -0.2987 0.0996 0.9492
vn -0.2986 0.101 0.949
vn -0.8856 0.0685 0.4594
vn -0.2986 0.1024 0.9489
vn -0.8659 -0.0317 -0.4992
vn -0.8856 0.0694 0.4592
vn -0.2984 0.104 0.9488
vn -0.8659 -0.0328 -0.4992
vn -0.8856 0.0703 0.4591
vn -0.8659 -0.0338 -0.4991
vn -0.8855 0.0713 0.4592
vn -0.2984 0.1078 0.9483
vn -0.2592 -0.1003 -0.9606
vn -0.2985 0.1058 0.9485
vn -0.2592 -0.0988 -0.9607
vn 0.1697 0.0977 0.9806
vn -0.2591 -0.0966 -0.961
vn 0.1633 0.1031 0.9812
vn 0.1697 0.0997 0.9804
vn 0.141 0.1135 0.9835
vn -0.2982 0.1098 0.9482
vn 0.1009 0.117 0.988
vn 0.1698 0.1018 0.9802
vn 0.0535 0.1115 0.9923
vn 0.2162 0.2284 0.9492
vn 0.016 0.1009 0.9948
vn 0.1289 0.223 0.9663
vn 0.0078 0.1129 0.9936
vn 0.0482 0.1707 0.9841
vn 0.0085 0.1371 0.9905
vn 0.0243 0.2393 0.9707
vn 0.0361 0.3175 0.9476
vn -0.0026 0.1232 0.9924
vn -0.0374 0.1863 0.9818
vn -0.0033 0.0993 0.9951
vn 0.0045 0.1077 0.9942
vn -0.026 0.1117 0.9934
vn -0.1085 0.2326 0.9665
vn 0.017 0.1437 0.9895
vn 0.0363 0.3202 0.9466
vn -0.0607 0.1221 0.9907
vn -0.1896 0.2346 0.9534
vn 0.2809 0.1841 0.9419
vn 0.0274 0.2458 0.9689
vn 0.3077 0.1197 0.9439
vn -0.2548 0.1873 0.9487
vn 0.3107 0.0906 0.9462
vn 0.0167 0.1454 0.9892
vn 0.3107 0.0926 0.946
vn 0.0122 0.103 0.9946
vn -0.286 0.1274 0.9497
vn -0.091 0.1244 0.9881
vn -0.1067 0.1164 0.9875
vn 0.0403 0.1711 0.9844
vn 0.0672 0.1703 0.9831
vn -0.1741 0.2131 0.9614
vn -0.1595 0.275 0.9481
vn -0.6955 0.2253 0.6823
vn -0.9794 0.0754 0.1873
vn -0.6841 0.298 0.6658
vn -0.9992 0.0395 -0.0034
vn -0.9728 0.1524 0.1747
vn -0.149 0.2755 0.9497
vn -0.9644 0.209 0.1617
vn 0.0885 0.1452 0.9854
vn -0.684 0.2971 0.6662
vn -0.1101 0.107 0.9881
vn -0.1472 0.2168 0.9651
vn 0.0987 0.1132 0.9887
vn -0.1105 0.1053 0.9883
vn -0.2911 0.1059 0.9508
vn -0.1467 0.1385 0.9794
vn -0.2911 0.1078 0.9506
vn -0.6949 0.2246 0.6831
vn -0.1105 0.1073 0.9881
vn -0.1441 0.1057 0.9839
vn -0.7035 0.1301 0.6987
vn -0.9663 0.2068 0.1536
vn -0.9769 0.1476 0.1547
vn -0.9973 0.0712 -0.0154
vn -0.9952 0.0909 -0.0361
vn -0.9997 0.0255 -0.0021
vn -0.9994 0.0338 0.0049
vn -0.9947 0.085 -0.0579
vn -0.9989 0.0477 0.0034
vn -0.9972 0.075 0.0008
vn -0.9923 0.1184 0.0371
vn -0.9984 0.047 0.0322
vn -0.9812 0.1929 0.0013
vn -0.9756 0.1882 0.1131
vn -0.9958 0.0559 0.0719
vn -0.9594 0.282 -0.0027
vn -0.9957 0.0573 -0.0732
vn -0.9573 0.206 0.203
vn -0.9851 0.0717 0.1566
vn -0.9925 0.0548 0.1091
vn -0.9965 0.0273 -0.0787
vn -0.9872 0.0402 0.1545
vn -0.9754 0.1646 -0.1467
vn -0.9592 0.2827 -0.0087
vn -0.9471 0.163 0.2766
vn -0.99 0.0452 0.1336
vn -0.995 0.0405 -0.091
vn -0.9583 0.1547 -0.2401
vn -0.981 0.1936 -0.0113
vn -0.9451 0.0911 0.3138
vn -0.9891 0.039 0.1422
vn -0.9971 0.075 -0.0097
vn -0.9469 0.0905 -0.3084
vn -0.989 0.0361 -0.1435
vn -0.9454 0.0565 0.321
vn -0.9418 0.0159 -0.3357
vn -0.9527 0.0524 0.2992
vn -0.9839 0.0217 -0.1773
vn -0.9527 0.0529 0.2992
vn -0.4597 0.0958 0.8829
vn -0.4596 0.0971 0.8828
vn 0.5036 0.0702 0.8611
vn 0.5037 0.0714 0.861
vn 0.9668 0.0008 0.2557
vn 0.9668 0.0012 0.2557
vn 0.5037 0.0727 0.8608
vn 0.9994 -0.0295 0.0154
vn 0.9668 0.0016 0.2556
vn 0.9977 -0.0367 0.0565
vn 0.9933 -0.0377 0.1094
vn 0.9989 -0.0463 0.0083
vn 0.9925 -0.1088 0.056
vn 0.9758 -0.1619 0.1467
vn 0.9972 -0.0738 0.0109
vn 0.9813 -0.1893 0.0357
vn 0.9571 -0.1608 0.241
vn 0.9983 -0.0583 -0.0026
vn 0.9594 -0.277 0.0531
vn 0.9906 -0.1319 -0.0356
vn 0.9995 -0.0305 -0.0053
vn 0.9876 -0.0293 0.1542
vn 0.9997 -0.0247 0.0003
vn 0.9668 0.002 0.2555
vn 0.9985 -0.0438 -0.033
vn 0.9758 -0.1899 -0.1089
vn 0.9802 -0.0722 -0.1844
vn 0.9996 -0.0265 0.0052
vn 0.9764 -0.1437 -0.1614
vn 0.9951 -0.0564 -0.0811
vn 0.9995 -0.0258 0.0203
vn 0.9711 -0.1965 -0.1358
vn 0.9895 -0.0623 -0.1302
vn 0.9739 -0.1936 -0.1183
vn 0.9988 -0.0199 0.0443
vn 0.9833 -0.1394 -0.1168
vn 0.9974 -0.0152 0.0706
vn 0.985 -0.0555 -0.1637
vn 0.9904 -0.068 -0.1202
vn 0.9962 -0.0152 0.0859
vn 0.9831 -0.0453 -0.1771
vn 0.7045 -0.0903 -0.704
vn 0.9922 -0.0366 -0.119
vn 0.996 -0.0153 0.0876
vn 0.7044 -0.0918 -0.7038
vn 0.9922 -0.0369 -0.1189
vn 0.996 -0.0151 0.0876
vn 0.7044 -0.0933 -0.7037
vn 0.9922 -0.0372 -0.1189
vn 0.996 -0.0149 0.0875
vn 0.9829 -0.0427 -0.1794
vn 0.9828 -0.0431 -0.1793
vn 0.9961 -0.0148 0.0875
vn 0.9463 -0.0824 -0.3127
vn 0.9922 -0.0374 -0.1189
vn 0.7043 -0.0948 -0.7035
vn 0.0991 -0.1114 -0.9888
vn 0.9921 -0.0398 -0.1188
vn 0.0987 -0.1129 -0.9887
vn 0.7039 -0.0973 -0.7036
vn -0.1076 -0.1068 -0.9884
vn 0.996 -0.0168 0.0878
vn 0.0983 -0.1136 -0.9887
vn 0.9919 -0.0456 -0.1183
vn 0.1684 -0.1148 -0.979
vn 0.7036 -0.1015 -0.7033
vn -0.1076 -0.1056 -0.9886
vn 0.9958 -0.0226 0.0885
vn 0.1684 -0.1153 -0.979
vn 0.307 -0.1169 -0.9445
vn 0.0985 -0.1137 -0.9886
vn 0.1682 -0.1157 -0.9789
vn 0.001 -0.1104 -0.9939
vn 0.3069 -0.118 -0.9444
vn 0.0011 -0.11 -0.9939
vn -0.3037 -0.0934 -0.9482
vn -0.3036 -0.0916 -0.9484
vn -0.1691 -0.1023 -0.9803
vn -0.1691 -0.1011 -0.9804
vn -0.2588 -0.095 -0.9613
vn -0.3034 -0.0904 -0.9486
vn -0.169 -0.1002 -0.9805
vn 0.0013 -0.1098 -0.994
vn -0.2591 -0.0939 -0.9613
vn 0.307 -0.1188 -0.9443
vn -0.2999 -0.0709 -0.9513
vn 0 -0.0844 -0.9964
vn -0.1644 -0.0948 -0.9818
vn -0.2585 -0.0933 -0.9615
vn 0.1682 -0.116 -0.9789
vn -0.1076 -0.1047 -0.9887
vn 0.3043 -0.1066 -0.9466
vn -0.1077 -0.104 -0.9887
vn 0.0987 -0.1137 -0.9886
vn 0.167 -0.1143 -0.9793
vn 0.7035 -0.1056 -0.7028
vn 0.0988 -0.1138 -0.9886
vn 0.9917 -0.0519 -0.1176
vn 0.7035 -0.1087 -0.7023
vn 0.9915 -0.0566 -0.117
vn 0.9956 -0.0291 0.0892
vn 0.9954 -0.0339 0.0897
vn 0.9914 -0.0598 -0.1166
vn 0.9824 -0.0582 -0.1774
vn 0.9952 -0.0371 0.0901
vn 0.9822 -0.0628 -0.1769
vn 0.9821 -0.066 -0.1766
vn 0.9826 -0.0519 -0.1781
vn 0.9449 -0.0768 -0.3184
vn 0.9828 -0.0462 -0.1789
vn 0.9447 -0.0798 -0.318
vn 0.945 -0.0724 -0.3189
vn 0.9452 -0.0665 -0.3195
vn 0.9828 -0.0438 -0.1792
vn 0.9454 -0.061 -0.3201
vn 0.9828 -0.0434 -0.1793
vn 0.9455 -0.0585 -0.3204
vn 0.9455 -0.0578 -0.3205
vn 0.9455 -0.0571 -0.3205
vn 0.9997 -0.024 0.0045
vn 0.9455 -0.0565 -0.3206
vn 0.9997 -0.024 0.0046
vn 0.9997 -0.024 0.0046
vn 0.9996 -0.0262 0.0046
vn 0.9441 0.0132 0.3294
vn 0.9995 -0.032 0.0052
vn 0.9441 0.0116 0.3296
vn 0.9439 0.0061 0.3302
vn 0.9992 -0.0385 0.0059
vn 0.9437 -0.0002 0.3309
vn 0.999 -0.0432 0.0065
vn 0.9435 -0.0048 0.3314
vn 0.9989 -0.0465 0.0068
vn 0.9433 -0.008 0.3317
vn 0.9821 -0.0225 0.187
vn 0.9998 -0.019 0.0007
vn 0.982 -0.0258 0.1874
vn 0.9452 0.0046 0.3265
vn 0.9822 -0.0257 0.1862
vn 0.9464 -0.0591 -0.3174
vn 0.956 0.0416 0.2905
vn 0.9832 -0.0611 -0.172
vn 0.9987 0.0491 -0.0146
vn 0.9559 -0.0117 -0.2934
vn 0.9949 -0.0409 0.0919
vn 0.9875 -0.0499 -0.1498
vn 0.9945 0.1008 -0.0285
vn 0.9912 -0.0463 -0.1241
vn 0.9742 0.0676 0.2151
vn 0.9735 0.0239 -0.2276
vn 0.985 -0.0196 0.1714
vn 0.9953 -0.0439 0.086
vn 0.9934 -0.0426 -0.1061
vn 0.9909 -0.0162 0.1338
vn 0.966 -0.0193 0.2578
vn 0.966 -0.0194 0.2579
vn 0.9964 -0.0223 0.0815
vn 0.966 -0.0189 0.2579
vn 0.966 -0.0194 0.2578
vn 0.9661 -0.0173 0.2577
vn 0.9908 0.0577 0.122
vn 0.9662 -0.0141 0.2572
vn 0.9946 0.0989 -0.0316
vn 0.9823 -0.0178 0.1865
vn 0.9905 0.0268 -0.1349
vn 0.9825 -0.0113 0.1857
vn 0.9664 -0.0093 0.2569
vn 0.9827 -0.0056 0.1851
vn 0.9666 -0.0029 0.2561
vn 0.5034 0.0731 0.861
vn 0.503 0.0759 0.8609
vn 0.9668 0.0027 0.2555
vn 0.5032 0.0713 0.8612
vn 0.9828 -0.0037 0.1848
vn 0.5034 0.0703 0.8612
vn 0.5031 0.0797 0.8606
vn 0.5035 0.07 0.8612
vn -0.4591 0.1195 0.8803
vn 0.5035 0.07 0.8611
vn -0.4592 0.1197 0.8803
vn -0.459 0.1197 0.8803
vn 0.5036 0.0699 0.8611
vn -0.4591 0.1197 0.8803
vn -0.9518 0.0797 0.296
vn 0.5035 0.07 0.8612
vn -0.9518 0.0797 0.2961
vn -0.9519 0.0793 0.2961
vn -0.459 0.1198 0.8803
vn -0.4594 0.1189 0.8802
vn -0.9519 0.0777 0.2962
vn -0.4596 0.1176 0.8803
vn -0.9521 0.0747 0.2964
vn -0.4599 0.1158 0.8804
vn -0.9808 0.0251 -0.1932
vn -0.4603 0.1133 0.8805
vn -0.981 0.0218 -0.1929
vn -0.9523 0.0703 0.297
vn -0.982 0.0212 -0.1875
vn -0.9812 0.0171 -0.1923
vn -0.9526 0.0643 0.2974
vn -0.9814 0.0106 -0.1916
vn -0.9406 -0.0009 -0.3394
vn 0.5036 0.0826 0.86
vn -0.4599 0.1106 0.8811
vn 0.9668 0.0045 0.2554
vn -0.9527 0.0587 0.2982
vn 0.5038 0.0825 0.8599
vn -0.9816 0.0049 -0.1909
vn -0.4594 0.1084 0.8816
vn -0.9527 0.0563 0.2987
vn -0.9816 0.003 -0.1907
vn -0.9526 0.0556 0.299
vn -0.4594 0.1065 0.8818
vn 0.9668 0.0039 0.2554
vn 0.5038 0.0805 0.8601
vn -0.9527 0.055 0.299
vn 0.9828 -0.0041 0.1849
vn -0.4594 0.1047 0.882
vn 0.9668 0.0034 0.2555
vn 0.5038 0.0788 0.8602
vn 0.9441 0.0125 0.3295
vn 0.9441 0.0118 0.3295
vn 0.9828 -0.0045 0.1849
vn 0.9997 -0.024 0.0045
vn 0.9441 0.0111 0.3296
vn 0.9668 0.0028 0.2555
vn 0.9971 -0.0748 0.0135
vn 0.9827 -0.0049 0.1849
vn 0.9504 -0.1496 -0.2726
vn 0.9438 -0.0252 0.3294
vn 0.9809 -0.1915 0.0343
vn 0.9601 -0.1986 -0.1969
vn 0.959 -0.2785 0.0516
vn 0.9462 -0.1035 0.3065
vn 0.9838 -0.0139 0.1785
vn 0.9668 0.0024 0.2556
vn 0.5037 0.074 0.8607
vn 0.5038 0.077 0.8604
vn 0.5037 0.0753 0.8606
vn -0.4596 0.0984 0.8827
vn -0.4595 0.0998 0.8825
vn -0.9527 0.0534 0.2992
vn -0.4596 0.1011 0.8824
vn -0.9527 0.0538 0.299
vn -0.9819 0.008 -0.1891
vn -0.4594 0.1029 0.8823
vn -0.9527 0.0544 0.2991
vn -0.9816 0.0042 -0.1908
vn -0.941 -0.012 -0.3382
vn -0.9816 0.0038 -0.1907
vn -0.9816 0.0034 -0.1907
vn -0.941 -0.0127 -0.3381
vn -0.9997 0.0236 -0.0085
vn -0.941 -0.0135 -0.338
vn -0.9997 0.0236 -0.0085
vn -0.9454 0.0572 0.3209
vn -0.9997 0.0235 -0.0085
vn -0.9411 -0.0142 -0.3379
vn -0.9891 0.0393 0.1421
vn -0.941 -0.0126 -0.3381
vn -0.9997 0.0236 -0.0085
vn -0.9454 0.0578 0.3209
vn -0.9409 -0.0071 -0.3387
vn -0.9996 0.0258 -0.0086
vn -0.9453 0.0585 0.3208
vn -0.9891 0.0396 0.1421
vn -0.9995 0.0316 -0.0091
vn -0.9453 0.061 0.3205
vn -0.989 0.0399 0.1421
vn -0.9872 0.0405 0.1545
vn -0.9872 0.0409 0.1544
vn -0.7054 0.0902 0.703
vn -0.7054 0.0917 0.7029
vn -0.1441 0.1078 0.9837
vn -0.7054 0.0932 0.7027
vn -0.9872 0.0412 0.1544
vn -0.1105 0.1095 0.9878
vn -0.144 0.1098 0.9835
vn -0.7053 0.0947 0.7025
vn -0.989 0.0422 0.1417
vn -0.9871 0.0436 0.1543
vn -0.144 0.1119 0.9832
vn -0.9451 0.0665 0.3199
vn -0.9889 0.048 0.1409
vn -0.7049 0.0972 0.7026
vn -0.9992 0.038 -0.0099
vn -0.9449 0.0725 0.3193
vn -0.9869 0.0494 0.1538
vn -0.9404 0.0038 -0.3399
vn -0.999 0.0428 -0.0104
vn -0.9403 0.0069 -0.3403
vn -0.9886 0.0543 0.1402
vn -0.9447 0.0768 0.3188
vn -0.9989 0.0461 -0.0108
vn -0.9421 -0.0132 -0.3351
vn -0.9884 0.059 0.1397
vn -0.9446 0.0798 0.3184
vn -0.9998 0.0178 -0.0106
vn -0.9867 0.0556 0.153
vn -0.9883 0.0621 0.1394
vn -0.7045 0.1014 0.7024
vn -0.9865 0.0603 0.1525
vn -0.7045 0.1056 0.7019
vn -0.1433 0.1144 0.983
vn -0.1434 0.1148 0.983
vn -0.7045 0.1086 0.7014
vn -0.1436 0.1136 0.9831
vn -0.1436 0.1151 0.9829
vn 0.1005 0.1059 0.9893
vn -0.1109 0.1138 0.9873
vn -0.1104 0.1115 0.9876
vn -0.1106 0.1131 0.9874
vn -0.2911 0.1098 0.9504
vn -0.291 0.1118 0.9502
vn 0.0122 0.105 0.9944
vn 0.0123 0.1071 0.9942
vn 0.3107 0.0946 0.9458
vn 0.0123 0.1092 0.9939
vn 0.1698 0.1038 0.98
vn 0.3107 0.0966 0.9456
vn -0.2909 0.1138 0.95
vn 0.0128 0.1106 0.9938
vn 0.3108 0.0972 0.9455
vn -0.2909 0.1155 0.9498
vn 0.013 0.1105 0.9938
vn 0.3108 0.0954 0.9457
vn -0.2908 0.1169 0.9496
vn 0.0128 0.1099 0.9939
vn 0.3107 0.0929 0.946
vn -0.1107 0.114 0.9873
vn 0.0127 0.1094 0.9939
vn -0.1106 0.1141 0.9873
vn -0.2908 0.1179 0.9495
vn -0.1105 0.1142 0.9873
vn -0.2907 0.1186 0.9494
vn 0.0126 0.1091 0.9939
vn 0.3106 0.091 0.9462
vn 0.3106 0.0898 0.9463
vn 0.0083 0.0841 0.9964
vn 0.1695 0.101 0.9803
vn 0.3066 0.0771 0.9487
vn 0.1695 0.1002 0.9804
vn 0.1684 0.0981 0.9808
vn 0.1695 0.1022 0.9802
vn -0.2984 0.1187 0.947
vn 0.1694 0.1039 0.9801
vn -0.2985 0.1179 0.9471
vn -0.2986 0.1169 0.9472
vn 0.1696 0.1048 0.9799
vn -0.2989 0.1155 0.9473
vn -0.2983 0.1118 0.9479
vn -0.2985 0.1137 0.9476
vn -0.8855 0.0723 0.4589
vn -0.8856 0.0748 0.4584
vn -0.8857 0.0799 0.4574
vn -0.866 -0.0326 -0.499
vn -0.8854 0.0854 0.4569
vn -0.8658 -0.0275 -0.4996
vn -0.8852 0.0895 0.4564
vn -0.8656 -0.0217 -0.5003
vn -0.8851 0.0922 0.4562
vn -0.8653 -0.0174 -0.501
vn -0.8652 -0.0144 -0.5013
vn -0.2981 0.119 0.9471
vn -0.8848 0.0937 0.4564
vn -0.865 -0.0129 -0.5016
vn -0.8848 0.0941 0.4564
vn -0.298 0.1191 0.9471
vn -0.8649 -0.0125 -0.5018
vn 0.1556 0.0916 0.9836
vn -0.8849 0.0941 0.4562
vn -0.2981 0.1191 0.9471
vn 0.2761 0.0441 0.9601
vn 0.1224 0.0869 0.9887
vn -0.8849 0.0941 0.4563
vn -0.2583 -0.0932 -0.9616
vn -0.865 -0.0125 -0.5016
vn -0.143 -0.0878 -0.9858
vn -0.2585 -0.0932 -0.9615
vn -0.865 -0.0124 -0.5017
vn -0.2981 0.1191 0.9471
vn -0.8848 0.0942 0.4564
vn -0.2585 -0.0931 -0.9615
vn 0.0751 0.0898 0.9931
vn -0.1024 -0.0877 -0.9909
vn -0.865 -0.0124 -0.5016
vn -0.2709 -0.034 -0.962
vn -0.2049 -0.0142 -0.9787
vn -0.0041 -0.0247 -0.9997
vn -0.0091 0.0208 -0.9997
vn 0.2768 -0.0706 -0.9583
vn 0.2112 -0.039 -0.9767
vn 0.1545 -0.1065 -0.9822
vn 0.121 -0.0984 -0.9878
vn 0.1235 -0.0352 -0.9917
vn -0.0888 -0.1024 -0.9908
vn 0.0728 -0.0967 -0.9927
vn -0.0589 -0.1025 -0.993
vn -0.029 -0.1027 -0.9943
vn -0.1053 -0.1026 -0.9891
vn 0.1273 -0.0195 -0.9917
vn 0.1107 -0.0516 -0.9925
vn 0.1023 -0.0946 -0.9902
vn 0.1518 -0.0197 -0.9882
vn 0.7035 -0.1108 -0.702
vn 0.7045 -0.0897 -0.704
vn 0.706 -0.0373 -0.7072
vn 0.9899 -0.0072 -0.1416
vn 0.7063 0.0039 -0.7079
vn 0.9863 0.0254 -0.1628
vn 0.9969 -0.0437 0.0659
vn 0.7068 0.0044 -0.7074
vn 0.983 0.0262 -0.182
vn 0.9983 -0.0424 0.0399
vn 0.9977 -0.0416 -0.0541
vn 0.9989 -0.0429 0.0174
vn 0.9989 -0.0457 -0.0128
vn 0.9989 -0.0027 -0.0469
vn 0.9815 -0.0063 -0.1914
vn 0.7075 -0.0363 -0.7058
vn 0.9988 -0.0492 0.0031
vn 0.9989 -0.0465 0.0056
vn 0.9801 -0.0503 -0.1918
vn 0.9993 -0.0377 -0.0026
vn 0.9791 -0.0697 -0.1911
vn 0.9998 -0.0213 -0.0044
vn 0.9987 0.0457 -0.0211
vn 0.9996 -0.0276 0.0051
vn 0.999 0.019 0.0412
vn 0.999 -0.044 0.0069
vn 0.9989 -0.0331 0.0326
vn 0.9659 -0.0194 0.258
vn 0.966 -0.0195 0.2579
vn 0.5035 0.0699 0.8612
vn 0.966 -0.0196 0.2579
vn 0.5035 0.0698 0.8612
vn -0.459 0.1198 0.8803
vn -0.4589 0.1198 0.8804
vn 0.5036 0.0698 0.8611
vn -0.9518 0.0799 0.296
vn 0.966 -0.0197 0.2578
vn -0.9519 0.0798 0.296
vn 0.9791 -0.0698 -0.1911
vn -0.9518 0.0798 0.296
vn 0.9659 -0.0198 0.258
vn -0.9931 0.0175 -0.1156
vn -0.9977 0.0284 -0.0613
vn -0.9989 0.0421 -0.0189
vn -0.9866 0.0149 -0.1624
vn -0.9901 -0.056 -0.1287
vn -0.9523 -0.0542 -0.3003
vn -0.9715 -0.0741 -0.225
vn -0.9986 -0.0519 -0.0099
vn -0.9944 -0.1051 -0.0101
vn -0.9946 -0.1033 -0.0101
vn -0.999 -0.0072 -0.0441
vn -0.9988 -0.0486 -0.0078
vn -0.9993 0.0368 -0.0061
vn -0.9998 0.0205 -0.0043
vn -0.9518 0.08 0.2962
vn -0.9792 0.0697 0.1907
vn -0.9996 0.0286 0.0036
vn -0.4591 0.1199 0.8803
vn -0.9988 -0.0091 0.0479
vn 0.5034 0.0698 0.8613
vn -0.9518 0.08 0.296
vn -0.4591 0.1199 0.8803
vn 0.966 -0.0198 0.2579
vn -0.9518 0.0801 0.2961
vn 0.9791 -0.0699 -0.1911
vn 0.5035 0.0697 0.8612
vn -0.4591 0.1199 0.8803
vn -0.9792 0.0698 0.1907
vn -0.9518 0.0801 0.296
vn -0.9792 0.0699 0.1907
vn -0.7045 0.1122 0.7007
vn -0.7045 0.1123 0.7007
vn -0.9792 0.0699 0.1906
vn -0.7046 0.1123 0.7007
vn -0.5418 0.7753 0.3245
vn -0.6948 0.7021 0.1559
vn -0.3306 0.7064 0.6258
vn -0.6058 0.7944 0.0431
vn 0.0373 0.7793 0.6255
vn 0.7637 0.6336 0.1237
vn 0.4297 0.6602 0.616
vn -0.7045 0.1124 0.7007
vn 0.9791 -0.0699 -0.1911
vn 0.7639 0.6084 -0.2152
vn -0.3781 0.8654 0.3287
vn -0.1922 0.1169 0.9744
vn 0.5785 0.5383 -0.6128
vn -0.0883 0.8251 0.558
vn 0.7045 -0.1124 -0.7007
vn 0.1772 0.5736 -0.7998
vn 0.7045 -0.1123 -0.7007
vn 0.1927 -0.1169 -0.9743
vn 0.7045 -0.1123 -0.7007
vn 0.1927 -0.1169 -0.9743
vn 0.7046 -0.1122 -0.7007
vn 0.1927 -0.1169 -0.9743
vn 0.706 -0.0898 -0.7025
vn 0.1746 -0.0545 -0.9831
vn 0.1884 -0.099 -0.9771
vn -0.0091 -0.106 -0.9943
vn -0.0024 -0.1092 -0.994
vn 0.0266 -0.0994 -0.9947
vn 0.0018 -0.1053 -0.9944
vn 0.0427 -0.057 -0.9975
vn 0.0024 -0.0913 -0.9958
vn -0.012 0.0195 -0.9997
vn -0.0102 -0.0268 -0.9996
vn -0.1188 -0.0258 -0.9926
vn -0.005 -0.0851 -0.9964
vn -0.0416 -0.0636 -0.9971
vn -0.0547 -0.0944 -0.994
vn -0.0057 -0.0991 -0.9951
vn -0.0169 -0.1041 -0.9944
vn -0.2585 -0.0931 -0.9615
vn -0.2584 -0.0931 -0.9615
vn -0.2586 -0.0931 -0.9615
vn -0.8649 -0.0124 -0.5017
vn -0.2586 -0.093 -0.9615
vn -0.865 -0.0123 -0.5016
vn -0.2584 -0.093 -0.9615
vn -0.8848 0.0942 0.4564
vn -0.865 -0.0122 -0.5017
vn -0.2979 0.1191 0.9471
vn -0.8848 0.0943 0.4563
vn -0.8848 0.0944 0.4563
vn 0.03 0.0968 0.9948
vn -0.2981 0.1192 0.9471
vn 0.006 0.105 0.9945
vn -0.298 0.1192 0.9471
vn -0.8849 0.0944 0.4562
vn -0.2981 0.1192 0.9471
vn -0.1922 0.1169 0.9744
vn -0.8649 -0.0121 -0.5018
vn -0.1955 0.7318 0.6529
vn -0.1922 0.1169 0.9744
vn -0.8845 0.0945 0.4568
vn 0.0339 0.6247 -0.7801
vn -0.3681 0.7856 0.4973
vn -0.2584 -0.093 -0.9615
vn -0.6658 0.6866 0.292
vn -0.8649 -0.0121 -0.5018
vn -0.6708 0.7373 -0.0794
vn -0.1625 0.5785 -0.7993
vn -0.3157 0.6525 -0.6888
vn -0.655 0.5958 -0.4647
vn 0.0422 0.0532 0.9977
vn 0.0054 0.091 0.9958
vn 0.1207 0.0239 0.9924
vn -0.0126 0.0278 0.9995
vn 0.2081 0.0192 0.9779
vn -0.0172 -0.018 0.9997
vn -0.0129 -0.0196 0.9997
vn -0.0023 0.0251 0.9997
vn -0.2024 0.0345 0.9787
vn -0.2891 0.0999 0.9521
vn -0.2644 0.0608 0.9625
vn -0.1058 0.1094 0.9884
vn -0.0889 0.1003 0.991
vn -0.1181 0.0374 0.9923
vn 0.0985 0.0979 0.9903
vn -0.0599 0.0949 0.9937
vn -0.1437 0.1153 0.9829
vn 0.0872 0.08 0.993
vn -0.1483 0.0967 0.9842
vn -0.7045 0.1107 0.7011
vn -0.9863 0.0635 0.1521
vn -0.7053 0.0876 0.7035
vn -0.9866 0.0463 0.1562
vn -0.9963 0.0317 -0.0794
vn -0.706 0.0303 0.7076
vn -0.1579 0.0502 0.9862
vn -0.9865 0.0028 0.1638
vn -0.7051 -0.0147 0.709
vn 0.064 0.064 0.9959
vn -0.1695 0.0127 0.9854
vn -0.0273 0.0959 0.995
vn 0.0362 0.0623 0.9974
vn -0.04 0.0674 0.9969
vn -0.003 0.102 0.9948
vn -0.0025 0.0854 0.9963
vn -0.0019 0.0994 0.9951
vn 0.004 0.1079 0.9942
vn 0.0136 0.0769 0.9969
vn -0.1816 0.0116 0.9833
vn 0.0036 0.0989 0.9951
vn -0.1894 0.0477 0.9807
vn -0.7052 -0.0154 0.7088
vn -0.1917 0.096 0.9768
vn -0.7058 0.0877 0.703
vn -0.7065 0.029 0.7071
vn -0.9846 -0.0304 0.172
vn -0.9831 -0.0295 0.1809
vn -0.9824 0.0059 0.1867
vn -0.9975 0.0152 -0.0689
vn -0.9988 0.0037 -0.0497
vn -0.9883 0.0611 0.1395
vn -0.9898 0.0514 0.1325
vn -0.9464 0.0662 0.3161
vn -0.9569 0.022 0.2894
vn -0.9934 0.0404 0.1076
vn -0.9996 0.0058 -0.0278
vn -0.9746 -0.0196 0.2231
vn -0.9971 0.0364 0.0673
vn -0.9907 -0.0298 0.1326
vn -0.9997 0.0227 -0.0109
vn -0.9989 0.0386 0.0261
vn -0.999 0.045 0.0019
vn -0.9991 0.0422 -0.0038
vn -0.9806 0.051 0.1894
vn 0.7299 0.6554 -0.194
vn 0.6964 -0.7139 -0.0736
vn 0.7326 0.6735 -0.0982
vn 0.6609 -0.7243 -0.1966
vn 0.6986 -0.7151 0.0239
vn 0.6944 0.646 -0.317
vn 0.5947 0.6107 0.5228
vn -0.2767 0.6984 0.66
vn 0.5666 -0.5384 0.6238
vn -0.3075 -0.5584 0.7705
vn 0.6057 -0.7331 -0.3094
vn 0.6392 0.6378 -0.4297
vn 0.5332 -0.7404 -0.4094
vn 0.5667 0.6309 -0.5299
vn 0.4454 -0.7458 -0.4953
vn 0.479 0.6255 -0.6159
vn 0.3438 -0.7492 -0.5661
vn 0.3773 0.6217 -0.6864
vn 0.2298 -0.7508 -0.6193
vn 0.2634 0.6193 -0.7396
vn 0.1059 -0.7503 -0.6525
vn 0.1394 0.6191 -0.7729
vn -0.6913 0.6752 0.2575
vn 0.0085 -0.7576 -0.6526
vn 0.0425 0.6309 -0.7747
vn -0.7221 -0.5855 0.3683
vn -0.6071 -0.608 -0.5116
vn -0.5791 0.5383 -0.6123
f 3/3/3 2/2/2 1/1/1
f 4/4/4 3/3/3 1/1/1
f 3/3/3 5/5/5 2/2/2
f 4/4/4 5/5/5 3/3/3
f 6/6/6 1/1/1 2/2/2
f 4/4/4 1/1/1 6/6/6
f 5/5/5 7/7/7 2/2/2
f 6/6/6 2/2/2 7/7/7
f 4/4/4 8/8/8 5/5/5
f 5/5/5 8/8/8 7/7/7
f 9/9/9 4/4/4 6/6/6
f 9/9/9 8/8/8 4/4/4
f 9/9/9 6/6/6 10/10/10
f 10/10/10 6/6/6 7/7/7
f 11/11/11 9/9/9 10/10/10
f 11/11/11 8/8/8 9/9/9
f 11/11/11 10/10/10 12/12/12
f 12/12/12 10/10/10 7/7/7
f 13/13/13 11/11/11 12/12/12
f 13/13/13 8/8/8 11/11/11
f 13/13/13 12/12/12 14/14/14
f 14/14/14 12/12/12 7/7/7
f 15/15/15 13/13/13 14/14/14
f 15/15/15 8/8/8 13/13/13
f 15/15/15 14/14/14 16/16/16
f 16/16/16 14/14/14 7/7/7
f 17/17/17 15/15/15 16/16/16
f 17/17/17 8/8/8 15/15/15
f 17/17/17 16/16/16 18/18/18
f 18/18/18 16/16/16 7/7/7
f 19/19/19 17/17/17 18/18/18
f 19/19/19 8/8/8 17/17/17
f 19/19/19 18/18/18 20/20/20
f 20/20/20 18/18/18 7/7/7
f 21/21/21 19/19/19 20/20/20
f 21/21/21 8/8/8 19/19/19
f 21/21/21 20/20/20 22/22/22
f 22/22/22 20/20/20 7/7/7
f 23/23/23 21/21/21 22/22/22
f 23/23/23 8/8/8 21/21/21
f 24/24/24 22/22/22 7/7/7
f 23/23/23 22/22/22 24/24/24
f 8/8/8 25/25/25 7/7/7
f 26/26/26 23/23/23 24/24/24
f 26/26/26 8/8/8 23/23/23
f 27/27/27 24/24/24 7/7/7
f 26/26/26 24/24/24 27/27/27
f 25/25/25 27/27/27 7/7/7
f 28/28/28 8/8/8 26/26/26
f 28/28/28 26/26/26 27/27/27
f 8/8/8 28/28/28 25/25/25
f 28/28/28 27/27/27 25/25/25
f 31/31/31 30/30/30 29/29/29
f 32/32/32 29/29/29 30/30/30
f 33/33/33 31/31/31 29/29/29
f 29/29/29 32/32/32 33/33/33
f 30/30/30 34/34/34 32/32/32
f 32/32/32 35/35/35 33/33/33
f 34/34/34 35/35/35 32/32/32
f 31/31/31 33/33/33 36/36/36
f 33/33/33 35/35/35 36/36/36
f 30/30/30 31/31/31 37/37/37
f 37/37/37 34/34/34 30/30/30
f 31/31/31 36/36/36 38/38/38
f 37/37/37 31/31/31 39/39/39
f 38/38/38 39/39/39 31/31/31
f 40/40/40 34/34/34 37/37/37
f 38/38/38 41/41/41 39/39/39
f 34/34/34 40/40/40 42/42/42
f 37/37/37 39/39/39 43/43/43
f 41/41/41 43/43/43 39/39/39
f 42/42/42 44/44/44 34/34/34
f 35/35/35 34/34/34 44/44/44
f 40/40/40 45/45/45 42/42/42
f 45/45/45 44/44/44 42/42/42
f 46/46/46 40/40/40 37/37/37
f 37/37/37 43/43/43 46/46/46
f 45/45/45 40/40/40 47/47/47
f 46/46/46 47/47/47 40/40/40
f 47/47/47 48/48/48 45/45/45
f 48/48/48 44/44/44 45/45/45
f 48/48/48 47/47/47 49/49/49
f 46/46/46 49/49/49 47/47/47
f 49/49/49 50/50/50 48/48/48
f 50/50/50 44/44/44 48/48/48
f 50/50/50 49/49/49 51/51/51
f 46/46/46 51/51/51 49/49/49
f 51/51/51 52/52/52 50/50/50
f 52/52/52 44/44/44 50/50/50
f 52/52/52 51/51/51 53/53/53
f 46/46/46 53/53/53 51/51/51
f 53/53/53 54/54/54 52/52/52
f 54/54/54 44/44/44 52/52/52
f 54/54/54 53/53/53 55/55/55
f 46/46/46 55/55/55 53/53/53
f 55/55/55 56/56/56 54/54/54
f 56/56/56 44/44/44 54/54/54
f 56/56/56 55/55/55 57/57/57
f 46/46/46 57/57/57 55/55/55
f 58/58/58 56/56/56 57/57/57
f 46/46/46 58/58/58 57/57/57
f 59/59/59 44/44/44 56/56/56
f 58/58/58 59/59/59 56/56/56
f 44/44/44 59/59/59 60/60/60
f 58/58/58 61/61/61 59/59/59
f 61/61/61 60/60/60 59/59/59
f 61/61/61 58/58/58 62/62/62
f 63/63/63 44/44/44 60/60/60
f 64/64/64 62/62/62 58/58/58
f 58/58/58 46/46/46 64/64/64
f 65/65/65 61/61/61 62/62/62
f 62/62/62 64/64/64 65/65/65
f 60/60/60 61/61/61 66/66/66
f 61/61/61 65/65/65 66/66/66
f 66/66/66 63/63/63 60/60/60
f 64/64/64 67/67/67 65/65/65
f 66/66/66 65/65/65 67/67/67
f 46/46/46 68/68/68 64/64/64
f 67/67/67 64/64/64 68/68/68
f 66/66/66 67/67/67 69/69/69
f 63/63/63 66/66/66 69/69/69
f 68/68/68 70/70/70 67/67/67
f 69/69/69 67/67/67 70/70/70
f 68/68/68 46/46/46 71/71/71
f 70/70/70 68/68/68 72/72/72
f 71/71/71 72/72/72 68/68/68
f 69/69/69 70/70/70 73/73/73
f 46/46/46 74/74/74 71/71/71
f 74/74/74 46/46/46 43/43/43
f 69/69/69 75/75/75 63/63/63
f 75/75/75 69/69/69 73/73/73
f 44/44/44 63/63/63 76/76/76
f 75/75/75 76/76/76 63/63/63
f 73/73/73 70/70/70 77/77/77
f 72/72/72 77/77/77 70/70/70
f 78/78/78 44/44/44 76/76/76
f 44/44/44 78/78/78 35/35/35
f 76/76/76 75/75/75 79/79/79
f 76/76/76 80/80/80 78/78/78
f 80/80/80 76/76/76 79/79/79
f 81/81/81 35/35/35 78/78/78
f 75/75/75 82/82/82 79/79/79
f 83/83/83 78/78/78 80/80/80
f 78/78/78 83/83/83 81/81/81
f 79/79/79 84/84/84 80/80/80
f 84/84/84 79/79/79 82/82/82
f 73/73/73 85/85/85 75/75/75
f 82/82/82 75/75/75 85/85/85
f 85/85/85 73/73/73 86/86/86
f 73/73/73 77/77/77 86/86/86
f 85/85/85 87/87/87 82/82/82
f 86/86/86 77/77/77 88/88/88
f 89/89/89 82/82/82 87/87/87
f 82/82/82 89/89/89 84/84/84
f 86/86/86 90/90/90 85/85/85
f 87/87/87 85/85/85 90/90/90
f 86/86/86 88/88/88 91/91/91
f 90/90/90 86/86/86 91/91/91
f 92/92/92 88/88/88 77/77/77
f 77/77/77 72/72/72 92/92/92
f 91/91/91 88/88/88 93/93/93
f 94/94/94 92/92/92 72/72/72
f 72/72/72 71/71/71 94/94/94
f 91/91/91 93/93/93 95/95/95
f 95/95/95 90/90/90 91/91/91
f 71/71/71 96/96/96 94/94/94
f 96/96/96 71/71/71 74/74/74
f 92/92/92 94/94/94 97/97/97
f 98/98/98 94/94/94 96/96/96
f 94/94/94 98/98/98 97/97/97
f 74/74/74 99/99/99 96/96/96
f 96/96/96 100/100/100 98/98/98
f 100/100/100 96/96/96 99/99/99
f 99/99/99 74/74/74 101/101/101
f 43/43/43 101/101/101 74/74/74
f 102/102/102 100/100/100 99/99/99
f 103/103/103 99/99/99 101/101/101
f 102/102/102 99/99/99 103/103/103
f 104/104/104 100/100/100 102/102/102
f 103/103/103 101/101/101 105/105/105
f 106/106/106 98/98/98 100/100/100
f 104/104/104 106/106/106 100/100/100
f 107/107/107 97/97/97 98/98/98
f 98/98/98 106/106/106 107/107/107
f 97/97/97 108/108/108 92/92/92
f 88/88/88 92/92/92 108/108/108
f 97/97/97 107/107/107 109/109/109
f 108/108/108 97/97/97 109/109/109
f 107/107/107 110/110/110 109/109/109
f 111/111/111 88/88/88 108/108/108
f 88/88/88 111/111/111 93/93/93
f 112/112/112 109/109/109 110/110/110
f 112/112/112 108/108/108 109/109/109
f 110/110/110 107/107/107 113/113/113
f 106/106/106 113/113/113 107/107/107
f 112/112/112 110/110/110 114/114/114
f 110/110/110 113/113/113 115/115/115
f 115/115/115 114/114/114 110/110/110
f 116/116/116 115/115/115 113/113/113
f 114/114/114 117/117/117 112/112/112
f 113/113/113 118/118/118 116/116/116
f 113/113/113 106/106/106 118/118/118
f 119/119/119 112/112/112 117/117/117
f 119/119/119 108/108/108 112/112/112
f 114/114/114 115/115/115 120/120/120
f 117/117/117 114/114/114 121/121/121
f 120/120/120 121/121/121 114/114/114
f 117/117/117 122/122/122 119/119/119
f 123/123/123 120/120/120 115/115/115
f 115/115/115 116/116/116 123/123/123
f 124/124/124 119/119/119 122/122/122
f 124/124/124 108/108/108 119/119/119
f 122/122/122 117/117/117 125/125/125
f 121/121/121 125/125/125 117/117/117
f 122/122/122 126/126/126 124/124/124
f 127/127/127 108/108/108 124/124/124
f 127/127/127 124/124/124 126/126/126
f 125/125/125 128/128/128 122/122/122
f 126/126/126 122/122/122 128/128/128
f 129/129/129 108/108/108 127/127/127
f 126/126/126 130/130/130 127/127/127
f 129/129/129 127/127/127 130/130/130
f 131/131/131 108/108/108 129/129/129
f 108/108/108 131/131/131 111/111/111
f 130/130/130 132/132/132 129/129/129
f 131/131/131 129/129/129 132/132/132
f 130/130/130 126/126/126 133/133/133
f 128/128/128 133/133/133 126/126/126
f 134/134/134 111/111/111 131/131/131
f 132/132/132 134/134/134 131/131/131
f 133/133/133 135/135/135 130/130/130
f 132/132/132 130/130/130 135/135/135
f 111/111/111 134/134/134 136/136/136
f 136/136/136 93/93/93 111/111/111
f 134/134/134 132/132/132 137/137/137
f 135/135/135 137/137/137 132/132/132
f 138/138/138 136/136/136 134/134/134
f 137/137/137 138/138/138 134/134/134
f 93/93/93 136/136/136 139/139/139
f 95/95/95 93/93/93 139/139/139
f 136/136/136 138/138/138 140/140/140
f 140/140/140 139/139/139 136/136/136
f 138/138/138 137/137/137 141/141/141
f 95/95/95 139/139/139 142/142/142
f 137/137/137 135/135/135 143/143/143
f 143/143/143 141/141/141 137/137/137
f 135/135/135 133/133/133 144/144/144
f 144/144/144 143/143/143 135/135/135
f 141/141/141 145/145/145 138/138/138
f 145/145/145 140/140/140 138/138/138
f 141/141/141 143/143/143 146/146/146
f 139/139/139 140/140/140 147/147/147
f 142/142/142 139/139/139 147/147/147
f 140/140/140 145/145/145 148/148/148
f 148/148/148 147/147/147 140/140/140
f 145/145/145 141/141/141 149/149/149
f 146/146/146 149/149/149 141/141/141
f 150/150/150 148/148/148 145/145/145
f 149/149/149 150/150/150 145/145/145
f 147/147/147 148/148/148 151/151/151
f 150/150/150 149/149/149 152/152/152
f 148/148/148 150/150/150 153/153/153
f 153/153/153 151/151/151 148/148/148
f 152/152/152 154/154/154 150/150/150
f 154/154/154 153/153/153 150/150/150
f 155/155/155 152/152/152 149/149/149
f 149/149/149 146/146/146 155/155/155
f 156/156/156 154/154/154 152/152/152
f 155/155/155 156/156/156 152/152/152
f 157/157/157 146/146/146 143/143/143
f 143/143/143 144/144/144 157/157/157
f 158/158/158 155/155/155 146/146/146
f 146/146/146 157/157/157 158/158/158
f 159/159/159 144/144/144 133/133/133
f 133/133/133 128/128/128 159/159/159
f 160/160/160 157/157/157 144/144/144
f 144/144/144 159/159/159 160/160/160
f 161/161/161 158/158/158 157/157/157
f 157/157/157 160/160/160 161/161/161
f 162/162/162 159/159/159 128/128/128
f 128/128/128 125/125/125 162/162/162
f 163/163/163 160/160/160 159/159/159
f 159/159/159 162/162/162 163/163/163
f 164/164/164 162/162/162 125/125/125
f 125/125/125 121/121/121 164/164/164
f 165/165/165 163/163/163 162/162/162
f 162/162/162 164/164/164 165/165/165
f 160/160/160 163/163/163 166/166/166
f 166/166/166 161/161/161 160/160/160
f 163/163/163 165/165/165 167/167/167
f 167/167/167 166/166/166 163/163/163
f 168/168/168 164/164/164 121/121/121
f 121/121/121 120/120/120 168/168/168
f 169/169/169 165/165/165 164/164/164
f 164/164/164 168/168/168 169/169/169
f 170/170/170 167/167/167 165/165/165
f 165/165/165 169/169/169 170/170/170
f 171/171/171 168/168/168 120/120/120
f 120/120/120 123/123/123 171/171/171
f 172/172/172 169/169/169 168/168/168
f 168/168/168 171/171/171 172/172/172
f 173/173/173 170/170/170 169/169/169
f 169/169/169 172/172/172 173/173/173
f 170/170/170 174/174/174 167/167/167
f 174/174/174 166/166/166 167/167/167
f 173/173/173 175/175/175 170/170/170
f 174/174/174 170/170/170 175/175/175
f 176/176/176 173/173/173 172/172/172
f 166/166/166 174/174/174 177/177/177
f 177/177/177 161/161/161 166/166/166
f 178/178/178 172/172/172 171/171/171
f 172/172/172 178/178/178 176/176/176
f 179/179/179 171/171/171 123/123/123
f 171/171/171 179/179/179 178/178/178
f 176/176/176 180/180/180 173/173/173
f 175/175/175 173/173/173 180/180/180
f 181/181/181 176/176/176 178/178/178
f 180/180/180 176/176/176 182/182/182
f 181/181/181 182/182/182 176/176/176
f 183/183/183 178/178/178 179/179/179
f 178/178/178 183/183/183 181/181/181
f 123/123/123 184/184/184 179/179/179
f 184/184/184 123/123/123 116/116/116
f 179/179/179 185/185/185 183/183/183
f 185/185/185 179/179/179 184/184/184
f 116/116/116 186/186/186 184/184/184
f 186/186/186 116/116/116 118/118/118
f 184/184/184 187/187/187 185/185/185
f 187/187/187 184/184/184 186/186/186
f 118/118/118 188/188/188 186/186/186
f 106/106/106 188/188/188 118/118/118
f 186/186/186 189/189/189 187/187/187
f 189/189/189 186/186/186 188/188/188
f 190/190/190 185/185/185 187/187/187
f 188/188/188 191/191/191 189/189/189
f 106/106/106 191/191/191 188/188/188
f 192/192/192 187/187/187 189/189/189
f 187/187/187 192/192/192 190/190/190
f 193/193/193 189/189/189 191/191/191
f 189/189/189 193/193/193 192/192/192
f 191/191/191 106/106/106 194/194/194
f 191/191/191 194/194/194 193/193/193
f 185/185/185 190/190/190 195/195/195
f 195/195/195 183/183/183 185/185/185
f 196/196/196 193/193/193 194/194/194
f 183/183/183 195/195/195 197/197/197
f 197/197/197 181/181/181 183/183/183
f 198/198/198 192/192/192 193/193/193
f 193/193/193 196/196/196 198/198/198
f 199/199/199 190/190/190 192/192/192
f 192/192/192 198/198/198 199/199/199
f 200/200/200 195/195/195 190/190/190
f 190/190/190 199/199/199 200/200/200
f 201/201/201 197/197/197 195/195/195
f 195/195/195 200/200/200 201/201/201
f 197/197/197 202/202/202 181/181/181
f 182/182/182 181/181/181 202/202/202
f 201/201/201 203/203/203 197/197/197
f 202/202/202 197/197/197 203/203/203
f 204/204/204 201/201/201 200/200/200
f 182/182/182 202/202/202 205/205/205
f 205/205/205 180/180/180 182/182/182
f 206/206/206 200/200/200 199/199/199
f 200/200/200 206/206/206 204/204/204
f 207/207/207 199/199/199 198/198/198
f 199/199/199 207/207/207 206/206/206
f 204/204/204 208/208/208 201/201/201
f 203/203/203 201/201/201 208/208/208
f 198/198/198 209/209/209 207/207/207
f 209/209/209 198/198/198 196/196/196
f 210/210/210 206/206/206 207/207/207
f 194/194/194 211/211/211 196/196/196
f 194/194/194 106/106/106 211/211/211
f 212/212/212 196/196/196 211/211/211
f 196/196/196 212/212/212 209/209/209
f 211/211/211 106/106/106 213/213/213
f 211/211/211 213/213/213 212/212/212
f 214/214/214 207/207/207 209/209/209
f 207/207/207 214/214/214 210/210/210
f 215/215/215 209/209/209 212/212/212
f 209/209/209 215/215/215 214/214/214
f 216/216/216 212/212/212 213/213/213
f 212/212/212 216/216/216 215/215/215
f 213/213/213 106/106/106 217/217/217
f 213/213/213 217/217/217 216/216/216
f 217/217/217 106/106/106 104/104/104
f 216/216/216 218/218/218 215/215/215
f 216/216/216 217/217/217 218/218/218
f 215/215/215 219/219/219 214/214/214
f 215/215/215 218/218/218 219/219/219
f 220/220/220 217/217/217 104/104/104
f 102/102/102 220/220/220 104/104/104
f 221/221/221 218/218/218 217/217/217
f 217/217/217 220/220/220 221/221/221
f 222/222/222 219/219/219 218/218/218
f 218/218/218 221/221/221 222/222/222
f 214/214/214 219/219/219 223/223/223
f 214/214/214 223/223/223 210/210/210
f 219/219/219 222/222/222 224/224/224
f 224/224/224 223/223/223 219/219/219
f 225/225/225 222/222/222 221/221/221
f 210/210/210 223/223/223 226/226/226
f 227/227/227 224/224/224 222/222/222
f 222/222/222 225/225/225 227/227/227
f 223/223/223 224/224/224 228/228/228
f 228/228/228 226/226/226 223/223/223
f 224/224/224 227/227/227 229/229/229
f 229/229/229 228/228/228 224/224/224
f 210/210/210 226/226/226 230/230/230
f 206/206/206 210/210/210 230/230/230
f 230/230/230 204/204/204 206/206/206
f 226/226/226 228/228/228 231/231/231
f 230/230/230 232/232/232 204/204/204
f 208/208/208 204/204/204 232/232/232
f 230/230/230 226/226/226 233/233/233
f 231/231/231 233/233/233 226/226/226
f 232/232/232 230/230/230 234/234/234
f 230/230/230 233/233/233 234/234/234
f 235/235/235 231/231/231 228/228/228
f 228/228/228 229/229/229 235/235/235
f 236/236/236 232/232/232 234/234/234
f 229/229/229 237/237/237 235/235/235
f 238/238/238 208/208/208 232/232/232
f 232/232/232 236/236/236 238/238/238
f 237/237/237 229/229/229 239/239/239
f 227/227/227 239/239/239 229/229/229
f 208/208/208 238/238/238 240/240/240
f 240/240/240 203/203/203 208/208/208
f 239/239/239 227/227/227 241/241/241
f 225/225/225 241/241/241 227/227/227
f 203/203/203 240/240/240 242/242/242
f 242/242/242 202/202/202 203/203/203
f 243/243/243 240/240/240 238/238/238
f 202/202/202 242/242/242 244/244/244
f 205/205/205 202/202/202 244/244/244
f 245/245/245 242/242/242 240/240/240
f 240/240/240 243/243/243 245/245/245
f 246/246/246 244/244/244 242/242/242
f 242/242/242 245/245/245 246/246/246
f 238/238/238 247/247/247 243/243/243
f 247/247/247 238/238/238 236/236/236
f 248/248/248 245/245/245 243/243/243
f 234/234/234 249/249/249 236/236/236
f 234/234/234 233/233/233 249/249/249
f 236/236/236 250/250/250 247/247/247
f 236/236/236 249/249/249 250/250/250
f 251/251/251 243/243/243 247/247/247
f 243/243/243 251/251/251 248/248/248
f 247/247/247 250/250/250 252/252/252
f 247/247/247 252/252/252 251/251/251
f 249/249/249 253/253/253 250/250/250
f 233/233/233 254/254/254 249/249/249
f 253/253/253 249/249/249 254/254/254
f 250/250/250 255/255/255 252/252/252
f 255/255/255 250/250/250 253/253/253
f 254/254/254 233/233/233 256/256/256
f 233/233/233 231/231/231 256/256/256
f 257/257/257 253/253/253 254/254/254
f 258/258/258 256/256/256 231/231/231
f 231/231/231 235/235/235 258/258/258
f 259/259/259 254/254/254 256/256/256
f 256/256/256 258/258/258 259/259/259
f 254/254/254 259/259/259 257/257/257
f 235/235/235 260/260/260 258/258/258
f 260/260/260 235/235/235 237/237/237
f 258/258/258 261/261/261 259/259/259
f 261/261/261 258/258/258 260/260/260
f 259/259/259 262/262/262 257/257/257
f 262/262/262 259/259/259 261/261/261
f 253/253/253 257/257/257 263/263/263
f 262/262/262 263/263/263 257/257/257
f 263/263/263 255/255/255 253/253/253
f 260/260/260 264/264/264 261/261/261
f 255/255/255 263/263/263 265/265/265
f 261/261/261 266/266/266 262/262/262
f 261/261/261 264/264/264 266/266/266
f 263/263/263 262/262/262 267/267/267
f 267/267/267 265/265/265 263/263/263
f 262/262/262 266/266/266 268/268/268
f 262/262/262 268/268/268 267/267/267
f 264/264/264 269/269/269 266/266/266
f 269/269/269 268/268/268 266/266/266
f 260/260/260 270/270/270 264/264/264
f 237/237/237 270/270/270 260/260/260
f 269/269/269 264/264/264 271/271/271
f 271/271/271 264/264/264 270/270/270
f 237/237/237 272/272/272 270/270/270
f 239/239/239 272/272/272 237/237/237
f 270/270/270 273/273/273 271/271/271
f 273/273/273 270/270/270 272/272/272
f 239/239/239 274/274/274 272/272/272
f 241/241/241 274/274/274 239/239/239
f 272/272/272 275/275/275 273/273/273
f 275/275/275 272/272/272 274/274/274
f 276/276/276 271/271/271 273/273/273
f 241/241/241 277/277/277 274/274/274
f 271/271/271 278/278/278 269/269/269
f 278/278/278 271/271/271 276/276/276
f 268/268/268 269/269/269 279/279/279
f 278/278/278 279/279/279 269/269/269
f 273/273/273 280/280/280 276/276/276
f 280/280/280 273/273/273 275/275/275
f 279/279/279 281/281/281 268/268/268
f 267/267/267 268/268/268 281/281/281
f 274/274/274 282/282/282 275/275/275
f 282/282/282 274/274/274 277/277/277
f 267/267/267 281/281/281 283/283/283
f 265/265/265 267/267/267 283/283/283
f 284/284/284 275/275/275 282/282/282
f 275/275/275 284/284/284 280/280/280
f 283/283/283 285/285/285 265/265/265
f 286/286/286 280/280/280 284/284/284
f 287/287/287 265/265/265 285/285/285
f 265/265/265 287/287/287 255/255/255
f 287/287/287 252/252/252 255/255/255
f 288/288/288 276/276/276 280/280/280
f 280/280/280 286/286/286 288/288/288
f 252/252/252 287/287/287 289/289/289
f 251/251/251 252/252/252 289/289/289
f 290/290/290 276/276/276 288/288/288
f 276/276/276 290/290/290 278/278/278
f 291/291/291 289/289/289 287/287/287
f 285/285/285 291/291/291 287/287/287
f 292/292/292 251/251/251 289/289/289
f 289/289/289 291/291/291 292/292/292
f 290/290/290 293/293/293 278/278/278
f 279/279/279 278/278/278 293/293/293
f 251/251/251 292/292/292 294/294/294
f 294/294/294 248/248/248 251/251/251
f 293/293/293 295/295/295 279/279/279
f 281/281/281 279/279/279 295/295/295
f 293/293/293 290/290/290 296/296/296
f 295/295/295 297/297/297 281/281/281
f 283/283/283 281/281/281 297/297/297
f 295/295/295 293/293/293 298/298/298
f 296/296/296 298/298/298 293/293/293
f 283/283/283 297/297/297 299/299/299
f 285/285/285 283/283/283 299/299/299
f 297/297/297 295/295/295 300/300/300
f 298/298/298 300/300/300 295/295/295
f 299/299/299 301/301/301 285/285/285
f 291/291/291 285/285/285 301/301/301
f 297/297/297 302/302/302 299/299/299
f 301/301/301 299/299/299 302/302/302
f 302/302/302 297/297/297 303/303/303
f 300/300/300 303/303/303 297/297/297
f 304/304/304 301/301/301 302/302/302
f 303/303/303 304/304/304 302/302/302
f 305/305/305 291/291/291 301/301/301
f 301/301/301 304/304/304 305/305/305
f 291/291/291 305/305/305 306/306/306
f 306/306/306 292/292/292 291/291/291
f 304/304/304 307/307/307 305/305/305
f 307/307/307 306/306/306 305/305/305
f 292/292/292 306/306/306 308/308/308
f 308/308/308 294/294/294 292/292/292
f 306/306/306 307/307/307 309/309/309
f 309/309/309 308/308/308 306/306/306
f 307/307/307 304/304/304 310/310/310
f 294/294/294 308/308/308 311/311/311
f 312/312/312 310/310/310 304/304/304
f 304/304/304 303/303/303 312/312/312
f 313/313/313 311/311/311 308/308/308
f 308/308/308 309/309/309 313/313/313
f 314/314/314 312/312/312 303/303/303
f 303/303/303 300/300/300 314/314/314
f 310/310/310 312/312/312 315/315/315
f 316/316/316 314/314/314 300/300/300
f 300/300/300 298/298/298 316/316/316
f 312/312/312 314/314/314 317/317/317
f 317/317/317 315/315/315 312/312/312
f 314/314/314 316/316/316 318/318/318
f 318/318/318 317/317/317 314/314/314
f 319/319/319 316/316/316 298/298/298
f 298/298/298 296/296/296 319/319/319
f 320/320/320 318/318/318 316/316/316
f 316/316/316 319/319/319 320/320/320
f 317/317/317 318/318/318 321/321/321
f 322/322/322 319/319/319 296/296/296
f 318/318/318 320/320/320 323/323/323
f 323/323/323 321/321/321 318/318/318
f 324/324/324 320/320/320 319/319/319
f 319/319/319 322/322/322 324/324/324
f 325/325/325 323/323/323 320/320/320
f 320/320/320 324/324/324 325/325/325
f 296/296/296 326/326/326 322/322/322
f 326/326/326 296/296/296 290/290/290
f 288/288/288 326/326/326 290/290/290
f 327/327/327 324/324/324 322/322/322
f 326/326/326 288/288/288 328/328/328
f 328/328/328 288/288/288 286/286/286
f 329/329/329 322/322/322 326/326/326
f 322/322/322 329/329/329 327/327/327
f 330/330/330 326/326/326 328/328/328
f 330/330/330 329/329/329 326/326/326
f 286/286/286 331/331/331 328/328/328
f 330/330/330 328/328/328 331/331/331
f 324/324/324 327/327/327 332/332/332
f 332/332/332 325/325/325 324/324/324
f 331/331/331 286/286/286 333/333/333
f 284/284/284 333/333/333 286/286/286
f 331/331/331 334/334/334 330/330/330
f 333/333/333 284/284/284 335/335/335
f 282/282/282 335/335/335 284/284/284
f 333/333/333 336/336/336 331/331/331
f 334/334/334 331/331/331 336/336/336
f 335/335/335 337/337/337 333/333/333
f 336/336/336 333/333/333 337/337/337
f 335/335/335 282/282/282 338/338/338
f 277/277/277 338/338/338 282/282/282
f 337/337/337 335/335/335 339/339/339
f 338/338/338 339/339/339 335/335/335
f 337/337/337 340/340/340 336/336/336
f 338/338/338 277/277/277 341/341/341
f 342/342/342 336/336/336 340/340/340
f 336/336/336 342/342/342 334/334/334
f 340/340/340 337/337/337 343/343/343
f 339/339/339 343/343/343 337/337/337
f 344/344/344 330/330/330 334/334/334
f 329/329/329 330/330/330 344/344/344
f 339/339/339 338/338/338 345/345/345
f 341/341/341 345/345/345 338/338/338
f 334/334/334 346/346/346 344/344/344
f 346/346/346 334/334/334 342/342/342
f 345/345/345 347/347/347 339/339/339
f 343/343/343 339/339/339 347/347/347
f 348/348/348 329/329/329 344/344/344
f 348/348/348 344/344/344 346/346/346
f 347/347/347 349/349/349 343/343/343
f 329/329/329 348/348/348 350/350/350
f 350/350/350 327/327/327 329/329/329
f 351/351/351 347/347/347 345/345/345
f 351/351/351 349/349/349 347/347/347
f 351/351/351 345/345/345 341/341/341
f 352/352/352 343/343/343 349/349/349
f 343/343/343 352/352/352 340/340/340
f 327/327/327 350/350/350 353/353/353
f 353/353/353 332/332/332 327/327/327
f 349/349/349 354/354/354 352/352/352
f 351/351/351 354/354/354 349/349/349
f 355/355/355 340/340/340 352/352/352
f 340/340/340 355/355/355 342/342/342
f 356/356/356 352/352/352 354/354/354
f 352/352/352 356/356/356 355/355/355
f 357/357/357 342/342/342 355/355/355
f 342/342/342 357/357/357 346/346/346
f 358/358/358 355/355/355 356/356/356
f 355/355/355 358/358/358 357/357/357
f 354/354/354 359/359/359 356/356/356
f 351/351/351 359/359/359 354/354/354
f 360/360/360 346/346/346 357/357/357
f 346/346/346 360/360/360 348/348/348
f 361/361/361 357/357/357 358/358/358
f 357/357/357 361/361/361 360/360/360
f 356/356/356 362/362/362 358/358/358
f 362/362/362 356/356/356 359/359/359
f 358/358/358 363/363/363 361/361/361
f 363/363/363 358/358/358 362/362/362
f 364/364/364 360/360/360 361/361/361
f 359/359/359 365/365/365 362/362/362
f 366/366/366 348/348/348 360/360/360
f 360/360/360 364/364/364 366/366/366
f 367/367/367 362/362/362 365/365/365
f 362/362/362 367/367/367 363/363/363
f 359/359/359 368/368/368 365/365/365
f 368/368/368 359/359/359 351/351/351
f 365/365/365 369/369/369 367/367/367
f 368/368/368 369/369/369 365/365/365
f 370/370/370 361/361/361 363/363/363
f 361/361/361 370/370/370 364/364/364
f 371/371/371 363/363/363 367/367/367
f 363/363/363 371/371/371 370/370/370
f 372/372/372 367/367/367 369/369/369
f 367/367/367 372/372/372 371/371/371
f 369/369/369 368/368/368 89/89/89
f 368/368/368 84/84/84 89/89/89
f 84/84/84 368/368/368 351/351/351
f 351/351/351 80/80/80 84/84/84
f 89/89/89 373/373/373 369/369/369
f 369/369/369 373/373/373 372/372/372
f 373/373/373 89/89/89 87/87/87
f 80/80/80 351/351/351 83/83/83
f 87/87/87 374/374/374 373/373/373
f 90/90/90 374/374/374 87/87/87
f 375/375/375 372/372/372 373/373/373
f 373/373/373 374/374/374 375/375/375
f 376/376/376 371/371/371 372/372/372
f 372/372/372 375/375/375 376/376/376
f 377/377/377 370/370/370 371/371/371
f 371/371/371 376/376/376 377/377/377
f 378/378/378 375/375/375 374/374/374
f 370/370/370 377/377/377 379/379/379
f 379/379/379 364/364/364 370/370/370
f 380/380/380 376/376/376 375/375/375
f 375/375/375 378/378/378 380/380/380
f 381/381/381 377/377/377 376/376/376
f 376/376/376 380/380/380 381/381/381
f 374/374/374 382/382/382 378/378/378
f 90/90/90 382/382/382 374/374/374
f 377/377/377 381/381/381 383/383/383
f 383/383/383 379/379/379 377/377/377
f 384/384/384 381/381/381 380/380/380
f 364/364/364 379/379/379 385/385/385
f 385/385/385 366/366/366 364/364/364
f 379/379/379 383/383/383 386/386/386
f 386/386/386 385/385/385 379/379/379
f 387/387/387 383/383/383 381/381/381
f 381/381/381 384/384/384 387/387/387
f 388/388/388 386/386/386 383/383/383
f 383/383/383 387/387/387 388/388/388
f 389/389/389 385/385/385 386/386/386
f 388/388/388 389/389/389 386/386/386
f 385/385/385 390/390/390 366/366/366
f 390/390/390 385/385/385 389/389/389
f 390/390/390 348/348/348 366/366/366
f 348/348/348 390/390/390 350/350/350
f 390/390/390 353/353/353 350/350/350
f 389/389/389 388/388/388 391/391/391
f 392/392/392 390/390/390 389/389/389
f 391/391/391 392/392/392 389/389/389
f 353/353/353 390/390/390 393/393/393
f 390/390/390 392/392/392 393/393/393
f 393/393/393 394/394/394 353/353/353
f 332/332/332 353/353/353 394/394/394
f 395/395/395 393/393/393 392/392/392
f 394/394/394 396/396/396 332/332/332
f 325/325/325 332/332/332 396/396/396
f 394/394/394 393/393/393 397/397/397
f 393/393/393 395/395/395 397/397/397
f 396/396/396 394/394/394 398/398/398
f 397/397/397 398/398/398 394/394/394
f 396/396/396 399/399/399 325/325/325
f 323/323/323 325/325/325 399/399/399
f 398/398/398 400/400/400 396/396/396
f 399/399/399 396/396/396 400/400/400
f 398/398/398 397/397/397 401/401/401
f 399/399/399 402/402/402 323/323/323
f 321/321/321 323/323/323 402/402/402
f 400/400/400 403/403/403 399/399/399
f 402/402/402 399/399/399 403/403/403
f 400/400/400 398/398/398 404/404/404
f 401/401/401 404/404/404 398/398/398
f 403/403/403 400/400/400 405/405/405
f 404/404/404 405/405/405 400/400/400
f 397/397/397 406/406/406 401/401/401
f 406/406/406 397/397/397 395/395/395
f 404/404/404 401/401/401 407/407/407
f 406/406/406 407/407/407 401/401/401
f 408/408/408 395/395/395 392/392/392
f 392/392/392 391/391/391 408/408/408
f 409/409/409 406/406/406 395/395/395
f 395/395/395 408/408/408 409/409/409
f 410/410/410 408/408/408 391/391/391
f 388/388/388 410/410/410 391/391/391
f 411/411/411 409/409/409 408/408/408
f 408/408/408 410/410/410 411/411/411
f 406/406/406 409/409/409 412/412/412
f 410/410/410 388/388/388 413/413/413
f 413/413/413 388/388/388 387/387/387
f 409/409/409 411/411/411 414/414/414
f 414/414/414 412/412/412 409/409/409
f 387/387/387 415/415/415 413/413/413
f 415/415/415 387/387/387 384/384/384
f 416/416/416 410/410/410 413/413/413
f 416/416/416 413/413/413 415/415/415
f 410/410/410 417/417/417 411/411/411
f 384/384/384 418/418/418 415/415/415
f 417/417/417 410/410/410 419/419/419
f 410/410/410 416/416/416 419/419/419
f 420/420/420 411/411/411 417/417/417
f 411/411/411 420/420/420 414/414/414
f 419/419/419 421/421/421 417/417/417
f 415/415/415 422/422/422 416/416/416
f 422/422/422 415/415/415 418/418/418
f 416/416/416 423/423/423 419/419/419
f 421/421/421 419/419/419 423/423/423
f 424/424/424 416/416/416 422/422/422
f 423/423/423 416/416/416 424/424/424
f 425/425/425 417/417/417 421/421/421
f 417/417/417 425/425/425 420/420/420
f 426/426/426 421/421/421 423/423/423
f 427/427/427 425/425/425 421/421/421
f 421/421/421 426/426/426 427/427/427
f 423/423/423 428/428/428 426/426/426
f 428/428/428 423/423/423 424/424/424
f 429/429/429 427/427/427 426/426/426
f 428/428/428 429/429/429 426/426/426
f 425/425/425 427/427/427 430/430/430
f 424/424/424 431/431/431 428/428/428
f 432/432/432 420/420/420 425/425/425
f 430/430/430 432/432/432 425/425/425
f 422/422/422 433/433/433 424/424/424
f 431/431/431 424/424/424 433/433/433
f 434/434/434 430/430/430 427/427/427
f 427/427/427 429/429/429 434/434/434
f 433/433/433 422/422/422 435/435/435
f 418/418/418 435/435/435 422/422/422
f 429/429/429 428/428/428 436/436/436
f 431/431/431 436/436/436 428/428/428
f 429/429/429 437/437/437 434/434/434
f 436/436/436 438/438/438 429/429/429
f 429/429/429 438/438/438 437/437/437
f 436/436/436 431/431/431 439/439/439
f 436/436/436 440/440/440 438/438/438
f 439/439/439 440/440/440 436/436/436
f 433/433/433 441/441/441 431/431/431
f 441/441/441 439/439/439 431/431/431
f 435/435/435 442/442/442 433/433/433
f 441/441/441 433/433/433 442/442/442
f 439/439/439 443/443/443 440/440/440
f 439/439/439 441/441/441 444/444/444
f 444/444/444 443/443/443 439/439/439
f 445/445/445 438/438/438 440/440/440
f 443/443/443 445/445/445 440/440/440
f 446/446/446 444/444/444 441/441/441
f 442/442/442 446/446/446 441/441/441
f 444/444/444 151/151/151 443/443/443
f 151/151/151 153/153/153 443/443/443
f 445/445/445 443/443/443 153/153/153
f 153/153/153 154/154/154 445/445/445
f 447/447/447 151/151/151 444/444/444
f 444/444/444 446/446/446 447/447/447
f 447/447/447 147/147/147 151/151/151
f 142/142/142 147/147/147 447/447/447
f 438/438/438 445/445/445 448/448/448
f 154/154/154 448/448/448 445/445/445
f 448/448/448 437/437/437 438/438/438
f 447/447/447 449/449/449 142/142/142
f 449/449/449 447/447/447 446/446/446
f 448/448/448 154/154/154 450/450/450
f 154/154/154 156/156/156 450/450/450
f 437/437/437 448/448/448 451/451/451
f 450/450/450 451/451/451 448/448/448
f 452/452/452 449/449/449 446/446/446
f 446/446/446 442/442/442 452/452/452
f 453/453/453 142/142/142 449/449/449
f 142/142/142 453/453/453 95/95/95
f 90/90/90 95/95/95 453/453/453
f 449/449/449 452/452/452 454/454/454
f 454/454/454 453/453/453 449/449/449
f 455/455/455 452/452/452 442/442/442
f 442/442/442 435/435/435 455/455/455
f 453/453/453 454/454/454 456/456/456
f 456/456/456 90/90/90 453/453/453
f 457/457/457 454/454/454 452/452/452
f 454/454/454 457/457/457 456/456/456
f 452/452/452 455/455/455 457/457/457
f 90/90/90 456/456/456 458/458/458
f 458/458/458 456/456/456 457/457/457
f 459/459/459 455/455/455 435/435/435
f 435/435/435 418/418/418 459/459/459
f 460/460/460 457/457/457 455/455/455
f 457/457/457 460/460/460 458/458/458
f 455/455/455 459/459/459 460/460/460
f 90/90/90 458/458/458 461/461/461
f 461/461/461 458/458/458 460/460/460
f 90/90/90 461/461/461 382/382/382
f 460/460/460 462/462/462 461/461/461
f 382/382/382 461/461/461 462/462/462
f 462/462/462 460/460/460 459/459/459
f 462/462/462 378/378/378 382/382/382
f 463/463/463 459/459/459 418/418/418
f 459/459/459 463/463/463 462/462/462
f 378/378/378 462/462/462 463/463/463
f 418/418/418 384/384/384 463/463/463
f 463/463/463 380/380/380 378/378/378
f 380/380/380 463/463/463 384/384/384
f 451/451/451 450/450/450 464/464/464
f 156/156/156 464/464/464 450/450/450
f 451/451/451 465/465/465 437/437/437
f 434/434/434 437/437/437 465/465/465
f 464/464/464 466/466/466 451/451/451
f 465/465/465 451/451/451 466/466/466
f 434/434/434 465/465/465 467/467/467
f 430/430/430 434/434/434 467/467/467
f 466/466/466 468/468/468 465/465/465
f 467/467/467 465/465/465 468/468/468
f 467/467/467 469/469/469 430/430/430
f 432/432/432 430/430/430 469/469/469
f 467/467/467 468/468/468 470/470/470
f 469/469/469 467/467/467 470/470/470
f 466/466/466 464/464/464 471/471/471
f 470/470/470 472/472/472 469/469/469
f 473/473/473 471/471/471 464/464/464
f 464/464/464 156/156/156 473/473/473
f 471/471/471 474/474/474 466/466/466
f 468/468/468 466/466/466 474/474/474
f 475/475/475 473/473/473 156/156/156
f 156/156/156 155/155/155 475/475/475
f 468/468/468 476/476/476 470/470/470
f 472/472/472 470/470/470 476/476/476
f 155/155/155 477/477/477 475/475/475
f 477/477/477 155/155/155 158/158/158
f 161/161/161 477/477/477 158/158/158
f 476/476/476 468/468/468 478/478/478
f 477/477/477 161/161/161 479/479/479
f 161/161/161 177/177/177 479/479/479
f 468/468/468 480/480/480 478/478/478
f 480/480/480 468/468/468 474/474/474
f 481/481/481 479/479/479 177/177/177
f 174/174/174 481/481/481 177/177/177
f 482/482/482 477/477/477 479/479/479
f 479/479/479 481/481/481 482/482/482
f 483/483/483 475/475/475 477/477/477
f 477/477/477 482/482/482 483/483/483
f 473/473/473 475/475/475 484/484/484
f 475/475/475 483/483/483 484/484/484
f 485/485/485 482/482/482 481/481/481
f 484/484/484 486/486/486 473/473/473
f 471/471/471 473/473/473 486/486/486
f 487/487/487 483/483/483 482/482/482
f 482/482/482 485/485/485 487/487/487
f 488/488/488 484/484/484 483/483/483
f 483/483/483 487/487/487 488/488/488
f 486/486/486 484/484/484 489/489/489
f 484/484/484 488/488/488 489/489/489
f 486/486/486 490/490/490 471/471/471
f 474/474/474 471/471/471 490/490/490
f 489/489/489 491/491/491 486/486/486
f 490/490/490 486/486/486 491/491/491
f 492/492/492 474/474/474 490/490/490
f 474/474/474 492/492/492 480/480/480
f 493/493/493 490/490/490 491/491/491
f 490/490/490 493/493/493 492/492/492
f 491/491/491 489/489/489 494/494/494
f 492/492/492 495/495/495 480/480/480
f 489/489/489 496/496/496 494/494/494
f 496/496/496 489/489/489 488/488/488
f 497/497/497 491/491/491 494/494/494
f 491/491/491 497/497/497 493/493/493
f 498/498/498 494/494/494 496/496/496
f 494/494/494 498/498/498 497/497/497
f 488/488/488 499/499/499 496/496/496
f 499/499/499 488/488/488 487/487/487
f 496/496/496 500/500/500 498/498/498
f 500/500/500 496/496/496 499/499/499
f 498/498/498 501/501/501 497/497/497
f 487/487/487 502/502/502 499/499/499
f 502/502/502 487/487/487 485/485/485
f 497/497/497 503/503/503 493/493/493
f 503/503/503 497/497/497 501/501/501
f 493/493/493 504/504/504 492/492/492
f 504/504/504 493/493/493 503/503/503
f 495/495/495 492/492/492 504/504/504
f 501/501/501 498/498/498 505/505/505
f 500/500/500 505/505/505 498/498/498
f 501/501/501 506/506/506 503/503/503
f 499/499/499 507/507/507 500/500/500
f 507/507/507 499/499/499 502/502/502
f 503/503/503 508/508/508 504/504/504
f 508/508/508 503/503/503 506/506/506
f 504/504/504 509/509/509 495/495/495
f 509/509/509 504/504/504 508/508/508
f 506/506/506 501/501/501 510/510/510
f 505/505/505 510/510/510 501/501/501
f 506/506/506 511/511/511 508/508/508
f 505/505/505 500/500/500 512/512/512
f 507/507/507 512/512/512 500/500/500
f 508/508/508 513/513/513 509/509/509
f 513/513/513 508/508/508 511/511/511
f 514/514/514 495/495/495 509/509/509
f 513/513/513 514/514/514 509/509/509
f 515/515/515 480/480/480 495/495/495
f 495/495/495 514/514/514 515/515/515
f 480/480/480 515/515/515 478/478/478
f 511/511/511 506/506/506 516/516/516
f 510/510/510 516/516/516 506/506/506
f 517/517/517 478/478/478 515/515/515
f 478/478/478 517/517/517 476/476/476
f 517/517/517 472/472/472 476/476/476
f 515/515/515 518/518/518 517/517/517
f 518/518/518 515/515/515 514/514/514
f 472/472/472 517/517/517 519/519/519
f 518/518/518 519/519/519 517/517/517
f 519/519/519 520/520/520 472/472/472
f 520/520/520 469/469/469 472/472/472
f 469/469/469 520/520/520 432/432/432
f 519/519/519 518/518/518 521/521/521
f 520/520/520 519/519/519 522/522/522
f 521/521/521 522/522/522 519/519/519
f 523/523/523 432/432/432 520/520/520
f 522/522/522 523/523/523 520/520/520
f 432/432/432 523/523/523 524/524/524
f 420/420/420 432/432/432 524/524/524
f 524/524/524 414/414/414 420/420/420
f 523/523/523 522/522/522 525/525/525
f 414/414/414 524/524/524 526/526/526
f 412/412/412 414/414/414 526/526/526
f 527/527/527 524/524/524 523/523/523
f 524/524/524 527/527/527 526/526/526
f 525/525/525 527/527/527 523/523/523
f 526/526/526 528/528/528 412/412/412
f 528/528/528 526/526/526 527/527/527
f 529/529/529 525/525/525 522/522/522
f 522/522/522 521/521/521 529/529/529
f 527/527/527 525/525/525 530/530/530
f 530/530/530 528/528/528 527/527/527
f 525/525/525 529/529/529 531/531/531
f 531/531/531 530/530/530 525/525/525
f 532/532/532 529/529/529 521/521/521
f 518/518/518 532/532/532 521/521/521
f 533/533/533 531/531/531 529/529/529
f 529/529/529 532/532/532 533/533/533
f 530/530/530 531/531/531 534/534/534
f 532/532/532 518/518/518 535/535/535
f 514/514/514 535/535/535 518/518/518
f 528/528/528 530/530/530 536/536/536
f 534/534/534 536/536/536 530/530/530
f 537/537/537 412/412/412 528/528/528
f 536/536/536 537/537/537 528/528/528
f 412/412/412 537/537/537 406/406/406
f 407/407/407 406/406/406 537/537/537
f 535/535/535 514/514/514 538/538/538
f 514/514/514 513/513/513 538/538/538
f 539/539/539 407/407/407 537/537/537
f 537/537/537 536/536/536 539/539/539
f 538/538/538 540/540/540 535/535/535
f 540/540/540 532/532/532 535/535/535
f 513/513/513 541/541/541 538/538/538
f 540/540/540 538/538/538 541/541/541
f 532/532/532 540/540/540 542/542/542
f 542/542/542 533/533/533 532/532/532
f 541/541/541 513/513/513 543/543/543
f 511/511/511 543/543/543 513/513/513
f 541/541/541 544/544/544 540/540/540
f 543/543/543 511/511/511 545/545/545
f 516/516/516 545/545/545 511/511/511
f 543/543/543 546/546/546 541/541/541
f 544/544/544 541/541/541 546/546/546
f 545/545/545 547/547/547 543/543/543
f 546/546/546 543/543/543 547/547/547
f 548/548/548 540/540/540 544/544/544
f 540/540/540 548/548/548 542/542/542
f 546/546/546 549/549/549 544/544/544
f 549/549/549 548/548/548 544/544/544
f 547/547/547 550/550/550 546/546/546
f 549/549/549 546/546/546 550/550/550
f 548/548/548 551/551/551 542/542/542
f 533/533/533 542/542/542 551/551/551
f 548/548/548 549/549/549 552/552/552
f 551/551/551 553/553/553 533/533/533
f 531/531/531 533/533/533 553/553/553
f 553/553/553 534/534/534 531/531/531
f 551/551/551 548/548/548 554/554/554
f 552/552/552 554/554/554 548/548/548
f 553/553/553 551/551/551 555/555/555
f 554/554/554 555/555/555 551/551/551
f 534/534/534 553/553/553 556/556/556
f 555/555/555 556/556/556 553/553/553
f 536/536/536 534/534/534 557/557/557
f 556/556/556 557/557/557 534/534/534
f 557/557/557 539/539/539 536/536/536
f 556/556/556 555/555/555 558/558/558
f 557/557/557 556/556/556 559/559/559
f 558/558/558 559/559/559 556/556/556
f 539/539/539 557/557/557 560/560/560
f 559/559/559 560/560/560 557/557/557
f 555/555/555 554/554/554 561/561/561
f 561/561/561 558/558/558 555/555/555
f 560/560/560 559/559/559 562/562/562
f 559/559/559 558/558/558 563/563/563
f 563/563/563 562/562/562 559/559/559
f 564/564/564 539/539/539 560/560/560
f 562/562/562 564/564/564 560/560/560
f 565/565/565 563/563/563 558/558/558
f 558/558/558 561/561/561 565/565/565
f 539/539/539 564/564/564 566/566/566
f 407/407/407 539/539/539 566/566/566
f 566/566/566 404/404/404 407/407/407
f 561/561/561 554/554/554 567/567/567
f 554/554/554 552/552/552 567/567/567
f 404/404/404 566/566/566 568/568/568
f 405/405/405 404/404/404 568/568/568
f 564/564/564 569/569/569 566/566/566
f 569/569/569 568/568/568 566/566/566
f 564/564/564 570/570/570 569/569/569
f 570/570/570 564/564/564 562/562/562
f 568/568/568 569/569/569 571/571/571
f 570/570/570 571/571/571 569/569/569
f 568/568/568 572/572/572 405/405/405
f 572/572/572 568/568/568 571/571/571
f 573/573/573 570/570/570 562/562/562
f 562/562/562 563/563/563 573/573/573
f 571/571/571 570/570/570 574/574/574
f 575/575/575 573/573/573 563/563/563
f 563/563/563 565/565/565 575/575/575
f 570/570/570 573/573/573 576/576/576
f 576/576/576 574/574/574 570/570/570
f 573/573/573 575/575/575 577/577/577
f 578/578/578 571/571/571 574/574/574
f 571/571/571 578/578/578 572/572/572
f 579/579/579 573/573/573 577/577/577
f 573/573/573 579/579/579 576/576/576
f 580/580/580 405/405/405 572/572/572
f 405/405/405 580/580/580 403/403/403
f 581/581/581 572/572/572 578/578/578
f 572/572/572 581/581/581 580/580/580
f 582/582/582 403/403/403 580/580/580
f 403/403/403 582/582/582 402/402/402
f 583/583/583 580/580/580 581/581/581
f 580/580/580 583/583/583 582/582/582
f 584/584/584 402/402/402 582/582/582
f 402/402/402 584/584/584 321/321/321
f 585/585/585 582/582/582 583/583/583
f 582/582/582 585/585/585 584/584/584
f 586/586/586 321/321/321 584/584/584
f 321/321/321 586/586/586 317/317/317
f 315/315/315 317/317/317 586/586/586
f 587/587/587 584/584/584 585/585/585
f 584/584/584 587/587/587 586/586/586
f 586/586/586 588/588/588 315/315/315
f 588/588/588 586/586/586 587/587/587
f 583/583/583 589/589/589 585/585/585
f 585/585/585 590/590/590 587/587/587
f 590/590/590 585/585/585 589/589/589
f 587/587/587 591/591/591 588/588/588
f 591/591/591 587/587/587 590/590/590
f 592/592/592 315/315/315 588/588/588
f 315/315/315 592/592/592 310/310/310
f 592/592/592 307/307/307 310/310/310
f 593/593/593 588/588/588 591/591/591
f 588/588/588 593/593/593 592/592/592
f 307/307/307 592/592/592 594/594/594
f 594/594/594 309/309/309 307/307/307
f 595/595/595 592/592/592 593/593/593
f 592/592/592 595/595/595 594/594/594
f 309/309/309 594/594/594 596/596/596
f 595/595/595 596/596/596 594/594/594
f 596/596/596 313/313/313 309/309/309
f 593/593/593 597/597/597 595/595/595
f 596/596/596 595/595/595 598/598/598
f 597/597/597 598/598/598 595/595/595
f 313/313/313 596/596/596 599/599/599
f 598/598/598 599/599/599 596/596/596
f 597/597/597 593/593/593 600/600/600
f 591/591/591 600/600/600 593/593/593
f 599/599/599 601/601/601 313/313/313
f 311/311/311 313/313/313 601/601/601
f 600/600/600 591/591/591 602/602/602
f 590/590/590 602/602/602 591/591/591
f 600/600/600 603/603/603 597/597/597
f 602/602/602 590/590/590 604/604/604
f 589/589/589 604/604/604 590/590/590
f 602/602/602 605/605/605 600/600/600
f 603/603/603 600/600/600 605/605/605
f 598/598/598 597/597/597 606/606/606
f 603/603/603 606/606/606 597/597/597
f 599/599/599 598/598/598 607/607/607
f 606/606/606 607/607/607 598/598/598
f 601/601/601 599/599/599 608/608/608
f 607/607/607 608/608/608 599/599/599
f 603/603/603 609/609/609 606/606/606
f 607/607/607 606/606/606 610/610/610
f 609/609/609 610/610/610 606/606/606
f 608/608/608 607/607/607 611/611/611
f 610/610/610 611/611/611 607/607/607
f 612/612/612 609/609/609 603/603/603
f 605/605/605 612/612/612 603/603/603
f 610/610/610 609/609/609 613/613/613
f 612/612/612 614/614/614 609/609/609
f 614/614/614 613/613/613 609/609/609
f 611/611/611 610/610/610 615/615/615
f 613/613/613 615/615/615 610/610/610
f 611/611/611 616/616/616 608/608/608
f 615/615/615 617/617/617 611/611/611
f 616/616/616 611/611/611 617/617/617
f 608/608/608 618/618/618 601/601/601
f 618/618/618 608/608/608 616/616/616
f 619/619/619 601/601/601 618/618/618
f 601/601/601 619/619/619 311/311/311
f 616/616/616 620/620/620 618/618/618
f 621/621/621 311/311/311 619/619/619
f 311/311/311 621/621/621 294/294/294
f 248/248/248 294/294/294 621/621/621
f 618/618/618 622/622/622 619/619/619
f 622/622/622 618/618/618 620/620/620
f 619/619/619 623/623/623 621/621/621
f 623/623/623 619/619/619 622/622/622
f 621/621/621 624/624/624 248/248/248
f 624/624/624 621/621/621 623/623/623
f 245/245/245 248/248/248 624/624/624
f 624/624/624 246/246/246 245/245/245
f 623/623/623 625/625/625 624/624/624
f 246/246/246 624/624/624 625/625/625
f 622/622/622 626/626/626 623/623/623
f 625/625/625 623/623/623 626/626/626
f 625/625/625 627/627/627 246/246/246
f 244/244/244 246/246/246 627/627/627
f 626/626/626 628/628/628 625/625/625
f 627/627/627 625/625/625 628/628/628
f 626/626/626 622/622/622 629/629/629
f 620/620/620 629/629/629 622/622/622
f 628/628/628 626/626/626 630/630/630
f 629/629/629 630/630/630 626/626/626
f 631/631/631 244/244/244 627/627/627
f 205/205/205 244/244/244 631/631/631
f 632/632/632 627/627/627 628/628/628
f 631/631/631 627/627/627 632/632/632
f 633/633/633 628/628/628 630/630/630
f 632/632/632 628/628/628 633/633/633
f 630/630/630 629/629/629 634/634/634
f 634/634/634 633/633/633 630/630/630
f 629/629/629 620/620/620 635/635/635
f 635/635/635 634/634/634 629/629/629
f 620/620/620 616/616/616 636/636/636
f 636/636/636 635/635/635 620/620/620
f 617/617/617 636/636/636 616/616/616
f 634/634/634 635/635/635 637/637/637
f 635/635/635 636/636/636 638/638/638
f 638/638/638 637/637/637 635/635/635
f 636/636/636 617/617/617 639/639/639
f 639/639/639 638/638/638 636/636/636
f 637/637/637 640/640/640 634/634/634
f 633/633/633 634/634/634 640/640/640
f 637/637/637 638/638/638 641/641/641
f 642/642/642 639/639/639 617/617/617
f 617/617/617 615/615/615 642/642/642
f 638/638/638 639/639/639 643/643/643
f 643/643/643 641/641/641 638/638/638
f 639/639/639 642/642/642 644/644/644
f 644/644/644 643/643/643 639/639/639
f 642/642/642 615/615/615 645/645/645
f 615/615/615 613/613/613 645/645/645
f 644/644/644 642/642/642 646/646/646
f 645/645/645 646/646/646 642/642/642
f 647/647/647 645/645/645 613/613/613
f 613/613/613 614/614/614 647/647/647
f 646/646/646 645/645/645 648/648/648
f 645/645/645 647/647/647 648/648/648
f 646/646/646 649/649/649 644/644/644
f 650/650/650 647/647/647 614/614/614
f 643/643/643 644/644/644 651/651/651
f 651/651/651 644/644/644 649/649/649
f 652/652/652 648/648/648 647/647/647
f 647/647/647 650/650/650 652/652/652
f 648/648/648 653/653/653 646/646/646
f 649/649/649 646/646/646 653/653/653
f 648/648/648 652/652/652 654/654/654
f 653/653/653 648/648/648 654/654/654
f 651/651/651 655/655/655 643/643/643
f 641/641/641 643/643/643 655/655/655
f 649/649/649 656/656/656 651/651/651
f 653/653/653 657/657/657 649/649/649
f 656/656/656 649/649/649 657/657/657
f 655/655/655 651/651/651 658/658/658
f 658/658/658 651/651/651 656/656/656
f 657/657/657 653/653/653 659/659/659
f 654/654/654 659/659/659 653/653/653
f 657/657/657 660/660/660 656/656/656
f 659/659/659 661/661/661 657/657/657
f 660/660/660 657/657/657 661/661/661
f 656/656/656 662/662/662 658/658/658
f 662/662/662 656/656/656 660/660/660
f 658/658/658 663/663/663 655/655/655
f 664/664/664 658/658/658 662/662/662
f 663/663/663 658/658/658 664/664/664
f 655/655/655 665/665/665 641/641/641
f 665/665/665 655/655/655 663/663/663
f 641/641/641 666/666/666 637/637/637
f 666/666/666 641/641/641 665/665/665
f 640/640/640 637/637/637 666/666/666
f 663/663/663 667/667/667 665/665/665
f 665/665/665 668/668/668 666/666/666
f 668/668/668 665/665/665 667/667/667
f 666/666/666 669/669/669 640/640/640
f 669/669/669 666/666/666 668/668/668
f 667/667/667 663/663/663 670/670/670
f 664/664/664 670/670/670 663/663/663
f 667/667/667 671/671/671 668/668/668
f 672/672/672 640/640/640 669/669/669
f 640/640/640 672/672/672 633/633/633
f 668/668/668 673/673/673 669/669/669
f 673/673/673 668/668/668 671/671/671
f 674/674/674 633/633/633 672/672/672
f 633/633/633 674/674/674 632/632/632
f 669/669/669 675/675/675 672/672/672
f 675/675/675 669/669/669 673/673/673
f 672/672/672 676/676/676 674/674/674
f 676/676/676 672/672/672 675/675/675
f 677/677/677 632/632/632 674/674/674
f 632/632/632 677/677/677 631/631/631
f 678/678/678 674/674/674 676/676/676
f 674/674/674 678/678/678 677/677/677
f 679/679/679 631/631/631 677/677/677
f 631/631/631 679/679/679 205/205/205
f 180/180/180 205/205/205 679/679/679
f 679/679/679 175/175/175 180/180/180
f 677/677/677 680/680/680 679/679/679
f 175/175/175 679/679/679 680/680/680
f 680/680/680 677/677/677 678/678/678
f 680/680/680 174/174/174 175/175/175
f 174/174/174 680/680/680 681/681/681
f 678/678/678 681/681/681 680/680/680
f 481/481/481 174/174/174 681/681/681
f 681/681/681 485/485/485 481/481/481
f 681/681/681 678/678/678 682/682/682
f 485/485/485 681/681/681 682/682/682
f 676/676/676 682/682/682 678/678/678
f 682/682/682 502/502/502 485/485/485
f 682/682/682 676/676/676 683/683/683
f 502/502/502 682/682/682 683/683/683
f 675/675/675 683/683/683 676/676/676
f 684/684/684 502/502/502 683/683/683
f 683/683/683 675/675/675 684/684/684
f 502/502/502 684/684/684 507/507/507
f 675/675/675 685/685/685 684/684/684
f 685/685/685 675/675/675 673/673/673
f 684/684/684 686/686/686 507/507/507
f 686/686/686 684/684/684 685/685/685
f 512/512/512 507/507/507 686/686/686
f 673/673/673 687/687/687 685/685/685
f 687/687/687 673/673/673 671/671/671
f 685/685/685 688/688/688 686/686/686
f 688/688/688 685/685/685 687/687/687
f 686/686/686 689/689/689 512/512/512
f 689/689/689 686/686/686 688/688/688
f 671/671/671 690/690/690 687/687/687
f 687/687/687 691/691/691 688/688/688
f 691/691/691 687/687/687 690/690/690
f 688/688/688 692/692/692 689/689/689
f 692/692/692 688/688/688 691/691/691
f 693/693/693 512/512/512 689/689/689
f 512/512/512 693/693/693 505/505/505
f 510/510/510 505/505/505 693/693/693
f 689/689/689 694/694/694 693/693/693
f 694/694/694 689/689/689 692/692/692
f 693/693/693 695/695/695 510/510/510
f 695/695/695 693/693/693 694/694/694
f 516/516/516 510/510/510 695/695/695
f 692/692/692 696/696/696 694/694/694
f 695/695/695 697/697/697 516/516/516
f 545/545/545 516/516/516 697/697/697
f 694/694/694 698/698/698 695/695/695
f 697/697/697 695/695/695 698/698/698
f 698/698/698 694/694/694 696/696/696
f 697/697/697 699/699/699 545/545/545
f 547/547/547 545/545/545 699/699/699
f 698/698/698 700/700/700 697/697/697
f 699/699/699 697/697/697 700/700/700
f 696/696/696 701/701/701 698/698/698
f 700/700/700 698/698/698 701/701/701
f 696/696/696 692/692/692 702/702/702
f 691/691/691 702/702/702 692/692/692
f 701/701/701 696/696/696 703/703/703
f 702/702/702 703/703/703 696/696/696
f 702/702/702 691/691/691 704/704/704
f 690/690/690 704/704/704 691/691/691
f 703/703/703 702/702/702 705/705/705
f 704/704/704 705/705/705 702/702/702
f 701/701/701 703/703/703 706/706/706
f 704/704/704 690/690/690 707/707/707
f 700/700/700 701/701/701 708/708/708
f 706/706/706 708/708/708 701/701/701
f 709/709/709 707/707/707 690/690/690
f 690/690/690 671/671/671 709/709/709
f 671/671/671 667/667/667 709/709/709
f 670/670/670 709/709/709 667/667/667
f 707/707/707 710/710/710 704/704/704
f 705/705/705 704/704/704 710/710/710
f 707/707/707 709/709/709 711/711/711
f 709/709/709 670/670/670 711/711/711
f 710/710/710 707/707/707 712/712/712
f 711/711/711 712/712/712 707/707/707
f 713/713/713 711/711/711 670/670/670
f 670/670/670 664/664/664 713/713/713
f 712/712/712 711/711/711 714/714/714
f 711/711/711 713/713/713 714/714/714
f 713/713/713 664/664/664 715/715/715
f 662/662/662 715/715/715 664/664/664
f 714/714/714 713/713/713 716/716/716
f 715/715/715 716/716/716 713/713/713
f 712/712/712 714/714/714 717/717/717
f 716/716/716 717/717/717 714/714/714
f 715/715/715 662/662/662 718/718/718
f 660/660/660 718/718/718 662/662/662
f 716/716/716 715/715/715 719/719/719
f 718/718/718 719/719/719 715/715/715
f 717/717/717 716/716/716 720/720/720
f 719/719/719 720/720/720 716/716/716
f 717/717/717 721/721/721 712/712/712
f 710/710/710 712/712/712 721/721/721
f 720/720/720 722/722/722 717/717/717
f 721/721/721 717/717/717 722/722/722
f 721/721/721 723/723/723 710/710/710
f 705/705/705 710/710/710 723/723/723
f 722/722/722 724/724/724 721/721/721
f 723/723/723 721/721/721 724/724/724
f 723/723/723 725/725/725 705/705/705
f 703/703/703 705/705/705 725/725/725
f 725/725/725 706/706/706 703/703/703
f 724/724/724 726/726/726 723/723/723
f 725/725/725 723/723/723 726/726/726
f 706/706/706 725/725/725 727/727/727
f 726/726/726 727/727/727 725/725/725
f 727/727/727 728/728/728 706/706/706
f 708/708/708 706/706/706 728/728/728
f 727/727/727 726/726/726 729/729/729
f 726/726/726 724/724/724 730/730/730
f 730/730/730 729/729/729 726/726/726
f 728/728/728 727/727/727 731/731/731
f 729/729/729 731/731/731 727/727/727
f 732/732/732 730/730/730 724/724/724
f 724/724/724 722/722/722 732/732/732
f 729/729/729 730/730/730 733/733/733
f 734/734/734 732/732/732 722/722/722
f 722/722/722 720/720/720 734/734/734
f 730/730/730 732/732/732 735/735/735
f 735/735/735 733/733/733 730/730/730
f 732/732/732 734/734/734 736/736/736
f 736/736/736 735/735/735 732/732/732
f 737/737/737 734/734/734 720/720/720
f 720/720/720 719/719/719 737/737/737
f 738/738/738 736/736/736 734/734/734
f 734/734/734 737/737/737 738/738/738
f 739/739/739 737/737/737 719/719/719
f 719/719/719 718/718/718 739/739/739
f 740/740/740 738/738/738 737/737/737
f 737/737/737 739/739/739 740/740/740
f 741/741/741 739/739/739 718/718/718
f 718/718/718 660/660/660 741/741/741
f 661/661/661 741/741/741 660/660/660
f 742/742/742 740/740/740 739/739/739
f 739/739/739 741/741/741 742/742/742
f 741/741/741 661/661/661 743/743/743
f 743/743/743 742/742/742 741/741/741
f 738/738/738 740/740/740 744/744/744
f 740/740/740 742/742/742 745/745/745
f 745/745/745 744/744/744 740/740/740
f 742/742/742 743/743/743 746/746/746
f 746/746/746 745/745/745 742/742/742
f 744/744/744 747/747/747 738/738/738
f 736/736/736 738/738/738 747/747/747
f 748/748/748 744/744/744 745/745/745
f 748/748/748 747/747/747 744/744/744
f 748/748/748 745/745/745 746/746/746
f 747/747/747 749/749/749 736/736/736
f 735/735/735 736/736/736 749/749/749
f 747/747/747 748/748/748 749/749/749
f 749/749/749 750/750/750 735/735/735
f 748/748/748 750/750/750 749/749/749
f 733/733/733 735/735/735 750/750/750
f 751/751/751 746/746/746 743/743/743
f 748/748/748 746/746/746 751/751/751
f 752/752/752 743/743/743 661/661/661
f 743/743/743 752/752/752 751/751/751
f 661/661/661 659/659/659 752/752/752
f 753/753/753 751/751/751 752/752/752
f 748/748/748 751/751/751 753/753/753
f 754/754/754 752/752/752 659/659/659
f 752/752/752 754/754/754 753/753/753
f 659/659/659 654/654/654 754/754/754
f 654/654/654 755/755/755 754/754/754
f 755/755/755 654/654/654 652/652/652
f 754/754/754 756/756/756 753/753/753
f 756/756/756 754/754/754 755/755/755
f 652/652/652 757/757/757 755/755/755
f 757/757/757 652/652/652 650/650/650
f 755/755/755 758/758/758 756/756/756
f 758/758/758 755/755/755 757/757/757
f 759/759/759 753/753/753 756/756/756
f 748/748/748 753/753/753 759/759/759
f 760/760/760 756/756/756 758/758/758
f 756/756/756 760/760/760 759/759/759
f 757/757/757 761/761/761 758/758/758
f 762/762/762 760/760/760 758/758/758
f 762/762/762 758/758/758 761/761/761
f 763/763/763 759/759/759 760/760/760
f 762/762/762 763/763/763 760/760/760
f 761/761/761 757/757/757 764/764/764
f 764/764/764 757/757/757 650/650/650
f 765/765/765 762/762/762 761/761/761
f 764/764/764 765/765/765 761/761/761
f 764/764/764 650/650/650 766/766/766
f 766/766/766 650/650/650 614/614/614
f 766/766/766 614/614/614 612/612/612
f 765/765/765 764/764/764 767/767/767
f 766/766/766 767/767/767 764/764/764
f 768/768/768 766/766/766 612/612/612
f 612/612/612 605/605/605 768/768/768
f 767/767/767 766/766/766 769/769/769
f 766/766/766 768/768/768 769/769/769
f 770/770/770 768/768/768 605/605/605
f 605/605/605 602/602/602 770/770/770
f 771/771/771 769/769/769 768/768/768
f 768/768/768 770/770/770 771/771/771
f 772/772/772 767/767/767 769/769/769
f 769/769/769 771/771/771 772/772/772
f 773/773/773 770/770/770 602/602/602
f 602/602/602 604/604/604 773/773/773
f 774/774/774 771/771/771 770/770/770
f 770/770/770 773/773/773 774/774/774
f 775/775/775 772/772/772 771/771/771
f 771/771/771 774/774/774 775/775/775
f 767/767/767 772/772/772 776/776/776
f 776/776/776 765/765/765 767/767/767
f 772/772/772 775/775/775 777/777/777
f 777/777/777 776/776/776 772/772/772
f 765/765/765 776/776/776 778/778/778
f 776/776/776 777/777/777 778/778/778
f 778/778/778 779/779/779 765/765/765
f 762/762/762 765/765/765 779/779/779
f 780/780/780 778/778/778 777/777/777
f 779/779/779 781/781/781 762/762/762
f 763/763/763 762/762/762 781/781/781
f 782/782/782 777/777/777 775/775/775
f 777/777/777 782/782/782 780/780/780
f 783/783/783 775/775/775 774/774/774
f 775/775/775 783/783/783 782/782/782
f 784/784/784 774/774/774 773/773/773
f 774/774/774 784/784/784 783/783/783
f 785/785/785 780/780/780 782/782/782
f 786/786/786 782/782/782 783/783/783
f 782/782/782 786/786/786 785/785/785
f 787/787/787 783/783/783 784/784/784
f 783/783/783 787/787/787 786/786/786
f 773/773/773 788/788/788 784/784/784
f 788/788/788 773/773/773 604/604/604
f 784/784/784 789/789/789 787/787/787
f 789/789/789 784/784/784 788/788/788
f 604/604/604 790/790/790 788/788/788
f 604/604/604 589/589/589 790/790/790
f 788/788/788 791/791/791 789/789/789
f 791/791/791 788/788/788 790/790/790
f 792/792/792 790/790/790 589/589/589
f 589/589/589 583/583/583 792/792/792
f 581/581/581 792/792/792 583/583/583
f 790/790/790 793/793/793 791/791/791
f 790/790/790 792/792/792 793/793/793
f 792/792/792 581/581/581 794/794/794
f 794/794/794 793/793/793 792/792/792
f 578/578/578 794/794/794 581/581/581
f 795/795/795 791/791/791 793/793/793
f 794/794/794 578/578/578 796/796/796
f 574/574/574 796/796/796 578/578/578
f 793/793/793 794/794/794 797/797/797
f 793/793/793 797/797/797 795/795/795
f 798/798/798 794/794/794 796/796/796
f 794/794/794 798/798/798 797/797/797
f 796/796/796 574/574/574 799/799/799
f 574/574/574 576/576/576 799/799/799
f 798/798/798 796/796/796 800/800/800
f 799/799/799 800/800/800 796/796/796
f 797/797/797 798/798/798 801/801/801
f 801/801/801 795/795/795 797/797/797
f 798/798/798 800/800/800 802/802/802
f 802/802/802 801/801/801 798/798/798
f 800/800/800 799/799/799 803/803/803
f 804/804/804 799/799/799 576/576/576
f 799/799/799 804/804/804 803/803/803
f 579/579/579 804/804/804 576/576/576
f 805/805/805 800/800/800 803/803/803
f 804/804/804 805/805/805 803/803/803
f 800/800/800 805/805/805 802/802/802
f 804/804/804 579/579/579 806/806/806
f 805/805/805 804/804/804 807/807/807
f 806/806/806 807/807/807 804/804/804
f 808/808/808 802/802/802 805/805/805
f 807/807/807 808/808/808 805/805/805
f 801/801/801 802/802/802 809/809/809
f 802/802/802 808/808/808 809/809/809
f 795/795/795 801/801/801 810/810/810
f 809/809/809 810/810/810 801/801/801
f 791/791/791 795/795/795 811/811/811
f 810/810/810 811/811/811 795/795/795
f 811/811/811 789/789/789 791/791/791
f 810/810/810 809/809/809 812/812/812
f 789/789/789 811/811/811 813/813/813
f 813/813/813 787/787/787 789/789/789
f 811/811/811 810/810/810 814/814/814
f 814/814/814 813/813/813 811/811/811
f 812/812/812 814/814/814 810/810/810
f 787/787/787 813/813/813 815/815/815
f 815/815/815 786/786/786 787/787/787
f 813/813/813 814/814/814 816/816/816
f 816/816/816 815/815/815 813/813/813
f 786/786/786 815/815/815 817/817/817
f 817/817/817 785/785/785 786/786/786
f 815/815/815 816/816/816 818/818/818
f 818/818/818 817/817/817 815/815/815
f 819/819/819 816/816/816 814/814/814
f 814/814/814 812/812/812 819/819/819
f 820/820/820 818/818/818 816/816/816
f 816/816/816 819/819/819 820/820/820
f 818/818/818 821/821/821 817/817/817
f 817/817/817 821/821/821 785/785/785
f 821/821/821 818/818/818 820/820/820
f 785/785/785 821/821/821 780/780/780
f 780/780/780 821/821/821 778/778/778
f 778/778/778 821/821/821 779/779/779
f 819/819/819 822/822/822 820/820/820
f 822/822/822 821/821/821 820/820/820
f 812/812/812 823/823/823 819/819/819
f 822/822/822 819/819/819 823/823/823
f 809/809/809 824/824/824 812/812/812
f 823/823/823 812/812/812 824/824/824
f 824/824/824 809/809/809 808/808/808
f 821/821/821 825/825/825 779/779/779
f 781/781/781 779/779/779 825/825/825
f 826/826/826 824/824/824 808/808/808
f 808/808/808 807/807/807 826/826/826
f 827/827/827 823/823/823 824/824/824
f 824/824/824 826/826/826 827/827/827
f 828/828/828 826/826/826 807/807/807
f 807/807/807 806/806/806 828/828/828
f 829/829/829 827/827/827 826/826/826
f 826/826/826 828/828/828 829/829/829
f 823/823/823 827/827/827 830/830/830
f 830/830/830 822/822/822 823/823/823
f 827/827/827 829/829/829 831/831/831
f 831/831/831 830/830/830 827/827/827
f 832/832/832 829/829/829 828/828/828
f 822/822/822 830/830/830 833/833/833
f 834/834/834 828/828/828 806/806/806
f 828/828/828 834/834/834 832/832/832
f 835/835/835 833/833/833 830/830/830
f 830/830/830 831/831/831 835/835/835
f 806/806/806 836/836/836 834/834/834
f 836/836/836 806/806/806 579/579/579
f 579/579/579 577/577/577 836/836/836
f 837/837/837 831/831/831 829/829/829
f 829/829/829 832/832/832 837/837/837
f 838/838/838 835/835/835 831/831/831
f 831/831/831 837/837/837 838/838/838
f 839/839/839 836/836/836 577/577/577
f 577/577/577 575/575/575 839/839/839
f 840/840/840 834/834/834 836/836/836
f 836/836/836 839/839/839 840/840/840
f 841/841/841 832/832/832 834/834/834
f 834/834/834 840/840/840 841/841/841
f 842/842/842 839/839/839 575/575/575
f 575/575/575 565/565/565 842/842/842
f 843/843/843 840/840/840 839/839/839
f 839/839/839 842/842/842 843/843/843
f 844/844/844 841/841/841 840/840/840
f 840/840/840 843/843/843 844/844/844
f 845/845/845 842/842/842 565/565/565
f 565/565/565 561/561/561 845/845/845
f 567/567/567 845/845/845 561/561/561
f 846/846/846 843/843/843 842/842/842
f 842/842/842 845/845/845 846/846/846
f 847/847/847 844/844/844 843/843/843
f 843/843/843 846/846/846 847/847/847
f 845/845/845 567/567/567 848/848/848
f 848/848/848 846/846/846 845/845/845
f 849/849/849 847/847/847 846/846/846
f 846/846/846 848/848/848 849/849/849
f 567/567/567 850/850/850 848/848/848
f 567/567/567 552/552/552 850/850/850
f 848/848/848 851/851/851 849/849/849
f 848/848/848 850/850/850 851/851/851
f 847/847/847 849/849/849 852/852/852
f 849/849/849 851/851/851 852/852/852
f 552/552/552 853/853/853 850/850/850
f 853/853/853 552/552/552 549/549/549
f 550/550/550 853/853/853 549/549/549
f 850/850/850 854/854/854 851/851/851
f 854/854/854 850/850/850 853/853/853
f 853/853/853 550/550/550 855/855/855
f 855/855/855 854/854/854 853/853/853
f 856/856/856 855/855/855 550/550/550
f 550/550/550 547/547/547 856/856/856
f 699/699/699 856/856/856 547/547/547
f 854/854/854 855/855/855 857/857/857
f 855/855/855 856/856/856 858/858/858
f 858/858/858 857/857/857 855/855/855
f 856/856/856 699/699/699 859/859/859
f 856/856/856 859/859/859 858/858/858
f 860/860/860 851/851/851 854/854/854
f 857/857/857 860/860/860 854/854/854
f 861/861/861 859/859/859 699/699/699
f 699/699/699 700/700/700 861/861/861
f 708/708/708 861/861/861 700/700/700
f 860/860/860 862/862/862 851/851/851
f 852/852/852 851/851/851 862/862/862
f 861/861/861 708/708/708 863/863/863
f 728/728/728 863/863/863 708/708/708
f 859/859/859 861/861/861 864/864/864
f 863/863/863 864/864/864 861/861/861
f 858/858/858 859/859/859 865/865/865
f 864/864/864 865/865/865 859/859/859
f 863/863/863 728/728/728 866/866/866
f 731/731/731 866/866/866 728/728/728
f 864/864/864 863/863/863 867/867/867
f 866/866/866 867/867/867 863/863/863
f 865/865/865 864/864/864 868/868/868
f 867/867/867 868/868/868 864/864/864
f 858/858/858 865/865/865 869/869/869
f 857/857/857 858/858/858 869/869/869
f 868/868/868 870/870/870 865/865/865
f 869/869/869 865/865/865 870/870/870
f 869/869/869 871/871/871 857/857/857
f 860/860/860 857/857/857 871/871/871
f 869/869/869 870/870/870 872/872/872
f 871/871/871 869/869/869 872/872/872
f 871/871/871 873/873/873 860/860/860
f 862/862/862 860/860/860 873/873/873
f 872/872/872 874/874/874 871/871/871
f 873/873/873 871/871/871 874/874/874
f 872/872/872 870/870/870 875/875/875
f 874/874/874 876/876/876 873/873/873
f 876/876/876 862/862/862 873/873/873
f 874/874/874 872/872/872 877/877/877
f 872/872/872 875/875/875 877/877/877
f 870/870/870 868/868/868 878/878/878
f 878/878/878 875/875/875 870/870/870
f 877/877/877 879/879/879 874/874/874
f 876/876/876 874/874/874 879/879/879
f 877/877/877 875/875/875 880/880/880
f 875/875/875 878/878/878 880/880/880
f 879/879/879 877/877/877 881/881/881
f 880/880/880 881/881/881 877/877/877
f 882/882/882 878/878/878 868/868/868
f 868/868/868 867/867/867 882/882/882
f 883/883/883 880/880/880 878/878/878
f 878/878/878 882/882/882 883/883/883
f 884/884/884 882/882/882 867/867/867
f 867/867/867 866/866/866 884/884/884
f 885/885/885 883/883/883 882/882/882
f 882/882/882 884/884/884 885/885/885
f 886/886/886 884/884/884 866/866/866
f 866/866/866 731/731/731 886/886/886
f 887/887/887 885/885/885 884/884/884
f 884/884/884 886/886/886 887/887/887
f 885/885/885 888/888/888 883/883/883
f 887/887/887 888/888/888 885/885/885
f 883/883/883 888/888/888 880/880/880
f 889/889/889 887/887/887 886/886/886
f 889/889/889 888/888/888 887/887/887
f 890/890/890 886/886/886 731/731/731
f 886/886/886 890/890/890 889/889/889
f 731/731/731 729/729/729 890/890/890
f 733/733/733 890/890/890 729/729/729
f 891/891/891 889/889/889 890/890/890
f 890/890/890 733/733/733 891/891/891
f 888/888/888 889/889/889 891/891/891
f 750/750/750 891/891/891 733/733/733
f 750/750/750 888/888/888 891/891/891
f 888/888/888 750/750/750 892/892/892
f 750/750/750 748/748/748 892/892/892
f 880/880/880 888/888/888 893/893/893
f 880/880/880 893/893/893 881/881/881
f 894/894/894 888/888/888 892/892/892
f 888/888/888 894/894/894 893/893/893
f 895/895/895 892/892/892 748/748/748
f 892/892/892 895/895/895 894/894/894
f 881/881/881 893/893/893 896/896/896
f 896/896/896 879/879/879 881/881/881
f 748/748/748 897/897/897 895/895/895
f 897/897/897 748/748/748 759/759/759
f 759/759/759 763/763/763 897/897/897
f 898/898/898 895/895/895 897/897/897
f 763/763/763 898/898/898 897/897/897
f 899/899/899 894/894/894 895/895/895
f 895/895/895 898/898/898 899/899/899
f 900/900/900 893/893/893 894/894/894
f 894/894/894 899/899/899 900/900/900
f 898/898/898 763/763/763 901/901/901
f 781/781/781 901/901/901 763/763/763
f 902/902/902 899/899/899 898/898/898
f 901/901/901 902/902/902 898/898/898
f 903/903/903 900/900/900 899/899/899
f 899/899/899 902/902/902 903/903/903
f 893/893/893 900/900/900 904/904/904
f 904/904/904 896/896/896 893/893/893
f 900/900/900 903/903/903 905/905/905
f 905/905/905 904/904/904 900/900/900
f 906/906/906 901/901/901 781/781/781
f 825/825/825 906/906/906 781/781/781
f 902/902/902 901/901/901 907/907/907
f 906/906/906 907/907/907 901/901/901
f 908/908/908 903/903/903 902/902/902
f 907/907/907 908/908/908 902/902/902
f 909/909/909 905/905/905 903/903/903
f 903/903/903 908/908/908 909/909/909
f 905/905/905 909/909/909 910/910/910
f 906/906/906 825/825/825 911/911/911
f 912/912/912 905/905/905 910/910/910
f 905/905/905 912/912/912 904/904/904
f 909/909/909 913/913/913 910/910/910
f 913/913/913 912/912/912 910/910/910
f 904/904/904 914/914/914 896/896/896
f 912/912/912 914/914/914 904/904/904
f 909/909/909 915/915/915 913/913/913
f 908/908/908 915/915/915 909/909/909
f 914/914/914 916/916/916 896/896/896
f 879/879/879 896/896/896 916/916/916
f 915/915/915 917/917/917 913/913/913
f 918/918/918 879/879/879 916/916/916
f 879/879/879 918/918/918 876/876/876
f 916/916/916 914/914/914 919/919/919
f 916/916/916 920/920/920 918/918/918
f 920/920/920 916/916/916 919/919/919
f 921/921/921 876/876/876 918/918/918
f 922/922/922 919/919/919 914/914/914
f 912/912/912 922/922/922 914/914/914
f 923/923/923 918/918/918 920/920/920
f 918/918/918 923/923/923 921/921/921
f 912/912/912 913/913/913 924/924/924
f 917/917/917 924/924/924 913/913/913
f 876/876/876 921/921/921 925/925/925
f 862/862/862 876/876/876 925/925/925
f 912/912/912 924/924/924 926/926/926
f 922/922/922 912/912/912 926/926/926
f 925/925/925 927/927/927 862/862/862
f 852/852/852 862/862/862 927/927/927
f 928/928/928 925/925/925 921/921/921
f 929/929/929 852/852/852 927/927/927
f 852/852/852 929/929/929 847/847/847
f 844/844/844 847/847/847 929/929/929
f 930/930/930 927/927/927 925/925/925
f 930/930/930 925/925/925 928/928/928
f 927/927/927 931/931/931 929/929/929
f 930/930/930 931/931/931 927/927/927
f 929/929/929 932/932/932 844/844/844
f 932/932/932 929/929/929 931/931/931
f 841/841/841 844/844/844 932/932/932
f 931/931/931 933/933/933 932/932/932
f 930/930/930 933/933/933 931/931/931
f 932/932/932 934/934/934 841/841/841
f 934/934/934 932/932/932 933/933/933
f 832/832/832 841/841/841 934/934/934
f 934/934/934 837/837/837 832/832/832
f 933/933/933 935/935/935 934/934/934
f 837/837/837 934/934/934 935/935/935
f 930/930/930 935/935/935 933/933/933
f 935/935/935 838/838/838 837/837/837
f 930/930/930 838/838/838 935/935/935
f 930/930/930 835/835/835 838/838/838
f 835/835/835 930/930/930 833/833/833
f 930/930/930 822/822/822 833/833/833
f 822/822/822 930/930/930 936/936/936
f 821/821/821 822/822/822 936/936/936
f 930/930/930 937/937/937 936/936/936
f 937/937/937 930/930/930 928/928/928
f 936/936/936 938/938/938 821/821/821
f 938/938/938 936/936/936 937/937/937
f 825/825/825 821/821/821 938/938/938
f 938/938/938 911/911/911 825/825/825
f 937/937/937 939/939/939 938/938/938
f 911/911/911 938/938/938 939/939/939
f 928/928/928 940/940/940 937/937/937
f 939/939/939 937/937/937 940/940/940
f 921/921/921 941/941/941 928/928/928
f 940/940/940 928/928/928 941/941/941
f 923/923/923 941/941/941 921/921/921
f 941/941/941 917/917/917 940/940/940
f 923/923/923 924/924/924 941/941/941
f 924/924/924 917/917/917 941/941/941
f 924/924/924 923/923/923 942/942/942
f 920/920/920 942/942/942 923/923/923
f 926/926/926 924/924/924 942/942/942
f 943/943/943 940/940/940 917/917/917
f 940/940/940 943/943/943 939/939/939
f 917/917/917 915/915/915 943/943/943
f 944/944/944 939/939/939 943/943/943
f 939/939/939 944/944/944 911/911/911
f 945/945/945 943/943/943 915/915/915
f 943/943/943 945/945/945 944/944/944
f 915/915/915 908/908/908 945/945/945
f 946/946/946 911/911/911 944/944/944
f 911/911/911 946/946/946 906/906/906
f 947/947/947 944/944/944 945/945/945
f 947/947/947 946/946/946 944/944/944
f 947/947/947 945/945/945 908/908/908
f 946/946/946 907/907/907 906/906/906
f 908/908/908 948/948/948 947/947/947
f 946/946/946 947/947/947 948/948/948
f 908/908/908 907/907/907 949/949/949
f 950/950/950 946/946/946 948/948/948
f 950/950/950 907/907/907 946/946/946
f 948/948/948 908/908/908 950/950/950
f 907/907/907 950/950/950 949/949/949
f 949/949/949 950/950/950 908/908/908
f 951/951/951 942/942/942 920/920/920
f 919/919/919 951/951/951 920/920/920
f 942/942/942 951/951/951 952/952/952
f 942/942/942 952/952/952 926/926/926
f 951/951/951 919/919/919 953/953/953
f 919/919/919 922/922/922 953/953/953
f 952/952/952 951/951/951 954/954/954
f 922/922/922 926/926/926 955/955/955
f 951/951/951 956/956/956 954/954/954
f 952/952/952 954/954/954 956/956/956
f 956/956/956 926/926/926 952/952/952
f 956/956/956 951/951/951 953/953/953
f 926/926/926 956/956/956 955/955/955
f 957/957/957 922/922/922 955/955/955
f 956/956/956 957/957/957 955/955/955
f 922/922/922 957/957/957 953/953/953
f 956/956/956 953/953/953 958/958/958
f 956/956/956 958/958/958 957/957/957
f 953/953/953 957/957/957 958/958/958
f 43/43/43 960/960/960 959/959/959
f 101/101/101 43/43/43 959/959/959
f 105/105/105 101/101/101 959/959/959
f 960/960/960 43/43/43 961/961/961
f 961/961/961 43/43/43 962/962/962
f 962/962/962 43/43/43 41/41/41
f 961/961/961 963/963/963 960/960/960
f 41/41/41 964/964/964 962/962/962
f 960/960/960 963/963/963 965/965/965
f 965/965/965 959/959/959 960/960/960
f 966/966/966 962/962/962 964/964/964
f 962/962/962 966/966/966 961/961/961
f 964/964/964 41/41/41 967/967/967
f 967/967/967 966/966/966 964/964/964
f 41/41/41 38/38/38 967/967/967
f 968/968/968 961/961/961 966/966/966
f 966/966/966 967/967/967 968/968/968
f 968/968/968 967/967/967 38/38/38
f 963/963/963 961/961/961 968/968/968
f 968/968/968 38/38/38 36/36/36
f 963/963/963 969/969/969 965/965/965
f 969/969/969 959/959/959 965/965/965
f 968/968/968 36/36/36 970/970/970
f 970/970/970 963/963/963 968/968/968
f 970/970/970 36/36/36 35/35/35
f 969/969/969 963/963/963 971/971/971
f 970/970/970 971/971/971 963/963/963
f 35/35/35 81/81/81 970/970/970
f 971/971/971 972/972/972 969/969/969
f 972/972/972 959/959/959 969/969/969
f 972/972/972 971/971/971 973/973/973
f 970/970/970 973/973/973 971/971/971
f 973/973/973 974/974/974 972/972/972
f 974/974/974 959/959/959 972/972/972
f 974/974/974 973/973/973 975/975/975
f 970/970/970 975/975/975 973/973/973
f 975/975/975 976/976/976 974/974/974
f 976/976/976 959/959/959 974/974/974
f 976/976/976 975/975/975 977/977/977
f 970/970/970 977/977/977 975/975/975
f 977/977/977 978/978/978 976/976/976
f 978/978/978 959/959/959 976/976/976
f 978/978/978 977/977/977 979/979/979
f 970/970/970 979/979/979 977/977/977
f 980/980/980 959/959/959 978/978/978
f 979/979/979 980/980/980 978/978/978
f 980/980/980 979/979/979 981/981/981
f 970/970/970 981/981/981 979/979/979
f 982/982/982 959/959/959 980/980/980
f 981/981/981 982/982/982 980/980/980
f 970/970/970 983/983/983 981/981/981
f 983/983/983 982/982/982 981/981/981
f 984/984/984 959/959/959 982/982/982
f 105/105/105 959/959/959 984/984/984
f 985/985/985 982/982/982 983/983/983
f 986/986/986 984/984/984 982/982/982
f 982/982/982 985/985/985 986/986/986
f 970/970/970 987/987/987 983/983/983
f 987/987/987 985/985/985 983/983/983
f 984/984/984 986/986/986 988/988/988
f 985/985/985 988/988/988 986/986/986
f 984/984/984 989/989/989 105/105/105
f 989/989/989 984/984/984 988/988/988
f 988/988/988 985/985/985 990/990/990
f 990/990/990 989/989/989 988/988/988
f 985/985/985 987/987/987 990/990/990
f 991/991/991 105/105/105 989/989/989
f 105/105/105 991/991/991 103/103/103
f 989/989/989 990/990/990 992/992/992
f 987/987/987 992/992/992 990/990/990
f 992/992/992 991/991/991 989/989/989
f 970/970/970 993/993/993 987/987/987
f 992/992/992 987/987/987 993/993/993
f 81/81/81 993/993/993 970/970/970
f 991/991/991 992/992/992 994/994/994
f 993/993/993 994/994/994 992/992/992
f 995/995/995 103/103/103 991/991/991
f 994/994/994 995/995/995 991/991/991
f 103/103/103 995/995/995 102/102/102
f 220/220/220 102/102/102 995/995/995
f 81/81/81 996/996/996 993/993/993
f 994/994/994 993/993/993 996/996/996
f 83/83/83 996/996/996 81/81/81
f 995/995/995 994/994/994 997/997/997
f 996/996/996 997/997/997 994/994/994
f 997/997/997 220/220/220 995/995/995
f 83/83/83 998/998/998 996/996/996
f 997/997/997 996/996/996 998/998/998
f 351/351/351 998/998/998 83/83/83
f 220/220/220 997/997/997 999/999/999
f 998/998/998 999/999/999 997/997/997
f 999/999/999 221/221/221 220/220/220
f 221/221/221 999/999/999 225/225/225
f 351/351/351 1000/1000/1000 998/998/998
f 999/999/999 998/998/998 1000/1000/1000
f 351/351/351 341/341/341 1000/1000/1000
f 999/999/999 1001/1001/1001 225/225/225
f 1001/1001/1001 999/999/999 1000/1000/1000
f 1000/1000/1000 341/341/341 1001/1001/1001
f 241/241/241 225/225/225 1001/1001/1001
f 1001/1001/1001 341/341/341 277/277/277
f 1001/1001/1001 277/277/277 241/241/241
f 1004/1004/1004 1003/1003/1003 1002/1002/1002
f 1005/1005/1005 1002/1002/1002 1003/1003/1003
f 1006/1006/1006 1003/1003/1003 1004/1004/1004
f 1003/1003/1003 1006/1006/1006 1005/1005/1005
f 1002/1002/1002 1005/1005/1005 1007/1007/1007
f 1005/1005/1005 1006/1006/1006 1008/1008/1008
f 1007/1007/1007 1005/1005/1005 1008/1008/1008
f 1004/1004/1004 1009/1009/1009 1006/1006/1006
f 1006/1006/1006 1009/1009/1009 1008/1008/1008
f 1002/1002/1002 1010/1010/1010 1004/1004/1004
f 1010/1010/1010 1002/1002/1002 1007/1007/1007
f 1004/1004/1004 1011/1011/1011 1009/1009/1009
f 1010/1010/1010 1012/1012/1012 1004/1004/1004
f 1011/1011/1011 1004/1004/1004 1012/1012/1012
f 1013/1013/1013 1010/1010/1010 1007/1007/1007
f 1011/1011/1011 1012/1012/1012 1014/1014/1014
f 1007/1007/1007 1015/1015/1015 1013/1013/1013
f 1010/1010/1010 1016/1016/1016 1012/1012/1012
f 1014/1014/1014 1012/1012/1012 1016/1016/1016
f 1015/1015/1015 1007/1007/1007 1017/1017/1017
f 1008/1008/1008 1017/1017/1017 1007/1007/1007
f 1013/1013/1013 1015/1015/1015 1018/1018/1018
f 1018/1018/1018 1015/1015/1015 1017/1017/1017
f 1019/1019/1019 1010/1010/1010 1013/1013/1013
f 1010/1010/1010 1019/1019/1019 1016/1016/1016
f 1018/1018/1018 1020/1020/1020 1013/1013/1013
f 1019/1019/1019 1013/1013/1013 1020/1020/1020
f 1020/1020/1020 1018/1018/1018 1021/1021/1021
f 1021/1021/1021 1018/1018/1018 1017/1017/1017
f 1021/1021/1021 1022/1022/1022 1020/1020/1020
f 1019/1019/1019 1020/1020/1020 1022/1022/1022
f 1022/1022/1022 1021/1021/1021 1023/1023/1023
f 1023/1023/1023 1021/1021/1021 1017/1017/1017
f 1023/1023/1023 1024/1024/1024 1022/1022/1022
f 1019/1019/1019 1022/1022/1022 1024/1024/1024
f 1024/1024/1024 1023/1023/1023 1025/1025/1025
f 1025/1025/1025 1023/1023/1023 1017/1017/1017
f 1025/1025/1025 1026/1026/1026 1024/1024/1024
f 1019/1019/1019 1024/1024/1024 1026/1026/1026
f 1026/1026/1026 1025/1025/1025 1027/1027/1027
f 1027/1027/1027 1025/1025/1025 1017/1017/1017
f 1027/1027/1027 1028/1028/1028 1026/1026/1026
f 1019/1019/1019 1026/1026/1026 1028/1028/1028
f 1028/1028/1028 1027/1027/1027 1029/1029/1029
f 1029/1029/1029 1027/1027/1027 1017/1017/1017
f 1029/1029/1029 1030/1030/1030 1028/1028/1028
f 1019/1019/1019 1028/1028/1028 1030/1030/1030
f 1031/1031/1031 1030/1030/1030 1029/1029/1029
f 1019/1019/1019 1030/1030/1030 1031/1031/1031
f 1032/1032/1032 1029/1029/1029 1017/1017/1017
f 1031/1031/1031 1029/1029/1029 1032/1032/1032
f 1017/1017/1017 1033/1033/1033 1032/1032/1032
f 1031/1031/1031 1032/1032/1032 1034/1034/1034
f 1034/1034/1034 1032/1032/1032 1033/1033/1033
f 1034/1034/1034 1035/1035/1035 1031/1031/1031
f 1036/1036/1036 1033/1033/1033 1017/1017/1017
f 1037/1037/1037 1031/1031/1031 1035/1035/1035
f 1031/1031/1031 1037/1037/1037 1019/1019/1019
f 1038/1038/1038 1035/1035/1035 1034/1034/1034
f 1035/1035/1035 1038/1038/1038 1037/1037/1037
f 1033/1033/1033 1039/1039/1039 1034/1034/1034
f 1034/1034/1034 1039/1039/1039 1038/1038/1038
f 1039/1039/1039 1033/1033/1033 1036/1036/1036
f 1037/1037/1037 1038/1038/1038 1040/1040/1040
f 1039/1039/1039 1040/1040/1040 1038/1038/1038
f 1019/1019/1019 1037/1037/1037 1041/1041/1041
f 1040/1040/1040 1041/1041/1041 1037/1037/1037
f 1036/1036/1036 1042/1042/1042 1039/1039/1039
f 1039/1039/1039 1042/1042/1042 1040/1040/1040
f 1041/1041/1041 1040/1040/1040 1043/1043/1043
f 1042/1042/1042 1043/1043/1043 1040/1040/1040
f 1041/1041/1041 1044/1044/1044 1019/1019/1019
f 1043/1043/1043 1045/1045/1045 1041/1041/1041
f 1044/1044/1044 1041/1041/1041 1045/1045/1045
f 1042/1042/1042 1046/1046/1046 1043/1043/1043
f 1019/1019/1019 1044/1044/1044 1047/1047/1047
f 1047/1047/1047 1016/1016/1016 1019/1019/1019
f 1045/1045/1045 1043/1043/1043 1048/1048/1048
f 1046/1046/1046 1048/1048/1048 1043/1043/1043
f 1045/1045/1045 1049/1049/1049 1044/1044/1044
f 1050/1050/1050 1046/1046/1046 1042/1042/1042
f 1042/1042/1042 1036/1036/1036 1050/1050/1050
f 1044/1044/1044 1049/1049/1049 1051/1051/1051
f 1051/1051/1051 1047/1047/1047 1044/1044/1044
f 1049/1049/1049 1045/1045/1045 1052/1052/1052
f 1048/1048/1048 1052/1052/1052 1045/1045/1045
f 1050/1050/1050 1036/1036/1036 1053/1053/1053
f 1017/1017/1017 1053/1053/1053 1036/1036/1036
f 1046/1046/1046 1054/1054/1054 1048/1048/1048
f 1055/1055/1055 1053/1053/1053 1017/1017/1017
f 1017/1017/1017 1008/1008/1008 1055/1055/1055
f 1046/1046/1046 1050/1050/1050 1056/1056/1056
f 1056/1056/1056 1054/1054/1054 1046/1046/1046
f 1053/1053/1053 1057/1057/1057 1050/1050/1050
f 1054/1054/1054 1058/1058/1058 1048/1048/1048
f 1052/1052/1052 1048/1048/1048 1058/1058/1058
f 1050/1050/1050 1057/1057/1057 1059/1059/1059
f 1059/1059/1059 1056/1056/1056 1050/1050/1050
f 1060/1060/1060 1057/1057/1057 1053/1053/1053
f 1053/1053/1053 1055/1055/1055 1060/1060/1060
f 1061/1061/1061 1059/1059/1059 1057/1057/1057
f 1057/1057/1057 1060/1060/1060 1061/1061/1061
f 1056/1056/1056 1059/1059/1059 1062/1062/1062
f 1063/1063/1063 1060/1060/1060 1055/1055/1055
f 1059/1059/1059 1061/1061/1061 1064/1064/1064
f 1064/1064/1064 1062/1062/1062 1059/1059/1059
f 1065/1065/1065 1061/1061/1061 1060/1060/1060
f 1060/1060/1060 1063/1063/1063 1065/1065/1065
f 1066/1066/1066 1064/1064/1064 1061/1061/1061
f 1061/1061/1061 1065/1065/1065 1066/1066/1066
f 1055/1055/1055 1067/1067/1067 1063/1063/1063
f 1067/1067/1067 1055/1055/1055 1008/1008/1008
f 1068/1068/1068 1064/1064/1064 1066/1066/1066
f 1008/1008/1008 1069/1069/1069 1067/1067/1067
f 1069/1069/1069 1008/1008/1008 1009/1009/1009
f 1063/1063/1063 1067/1067/1067 1070/1070/1070
f 1064/1064/1064 1068/1068/1068 1071/1071/1071
f 1071/1071/1071 1062/1062/1062 1064/1064/1064
f 1067/1067/1067 1072/1072/1072 1070/1070/1070
f 1067/1067/1067 1069/1069/1069 1072/1072/1072
f 1063/1063/1063 1070/1070/1070 1073/1073/1073
f 1065/1065/1065 1063/1063/1063 1073/1073/1073
f 1074/1074/1074 1070/1070/1070 1072/1072/1072
f 1075/1075/1075 1073/1073/1073 1070/1070/1070
f 1070/1070/1070 1074/1074/1074 1075/1075/1075
f 1072/1072/1072 1076/1076/1076 1074/1074/1074
f 1073/1073/1073 1075/1075/1075 1077/1077/1077
f 1076/1076/1076 1072/1072/1072 1078/1078/1078
f 1069/1069/1069 1078/1078/1078 1072/1072/1072
f 1077/1077/1077 1079/1079/1079 1073/1073/1073
f 1065/1065/1065 1073/1073/1073 1079/1079/1079
f 1080/1080/1080 1075/1075/1075 1074/1074/1074
f 1081/1081/1081 1074/1074/1074 1076/1076/1076
f 1074/1074/1074 1081/1081/1081 1080/1080/1080
f 1082/1082/1082 1077/1077/1077 1075/1075/1075
f 1075/1075/1075 1080/1080/1080 1082/1082/1082
f 1083/1083/1083 1079/1079/1079 1077/1077/1077
f 1080/1080/1080 1081/1081/1081 1084/1084/1084
f 1079/1079/1079 1083/1083/1083 1085/1085/1085
f 1065/1065/1065 1079/1079/1079 1085/1085/1085
f 1084/1084/1084 1086/1086/1086 1080/1080/1080
f 1082/1082/1082 1080/1080/1080 1086/1086/1086
f 1087/1087/1087 1084/1084/1084 1081/1081/1081
f 1076/1076/1076 1088/1088/1088 1081/1081/1081
f 1081/1081/1081 1088/1088/1088 1087/1087/1087
f 1088/1088/1088 1076/1076/1076 1089/1089/1089
f 1078/1078/1078 1089/1089/1089 1076/1076/1076
f 1089/1089/1089 1090/1090/1090 1088/1088/1088
f 1091/1091/1091 1089/1089/1089 1078/1078/1078
f 1090/1090/1090 1089/1089/1089 1091/1091/1091
f 1092/1092/1092 1087/1087/1087 1088/1088/1088
f 1088/1088/1088 1090/1090/1090 1092/1092/1092
f 1078/1078/1078 1093/1093/1093 1091/1091/1091
f 1069/1069/1069 1093/1093/1093 1078/1078/1078
f 1091/1091/1091 1094/1094/1094 1090/1090/1090
f 1092/1092/1092 1090/1090/1090 1094/1094/1094
f 1095/1095/1095 1094/1094/1094 1091/1091/1091
f 1094/1094/1094 1095/1095/1095 1092/1092/1092
f 1091/1091/1091 1093/1093/1093 1095/1095/1095
f 1087/1087/1087 1092/1092/1092 1096/1096/1096
f 1092/1092/1092 1095/1095/1095 1096/1096/1096
f 1093/1093/1093 1097/1097/1097 1095/1095/1095
f 1069/1069/1069 1097/1097/1097 1093/1093/1093
f 1097/1097/1097 1098/1098/1098 1095/1095/1095
f 1095/1095/1095 1098/1098/1098 1096/1096/1096
f 1098/1098/1098 1097/1097/1097 1099/1099/1099
f 1069/1069/1069 1099/1099/1099 1097/1097/1097
f 1099/1099/1099 1100/1100/1100 1098/1098/1098
f 1098/1098/1098 1100/1100/1100 1096/1096/1096
f 1100/1100/1100 1099/1099/1099 1101/1101/1101
f 1069/1069/1069 1101/1101/1101 1099/1099/1099
f 1101/1101/1101 1102/1102/1102 1100/1100/1100
f 1100/1100/1100 1102/1102/1102 1096/1096/1096
f 1102/1102/1102 1101/1101/1101 1103/1103/1103
f 1069/1069/1069 1103/1103/1103 1101/1101/1101
f 1103/1103/1103 1104/1104/1104 1102/1102/1102
f 1102/1102/1102 1104/1104/1104 1096/1096/1096
f 1104/1104/1104 1103/1103/1103 1105/1105/1105
f 1069/1069/1069 1105/1105/1105 1103/1103/1103
f 1105/1105/1105 1106/1106/1106 1104/1104/1104
f 1104/1104/1104 1106/1106/1106 1096/1096/1096
f 1069/1069/1069 1107/1107/1107 1105/1105/1105
f 1106/1106/1106 1105/1105/1105 1107/1107/1107
f 1107/1107/1107 1108/1108/1108 1106/1106/1106
f 1106/1106/1106 1108/1108/1108 1096/1096/1096
f 1069/1069/1069 1109/1109/1109 1107/1107/1107
f 1108/1108/1108 1107/1107/1107 1109/1109/1109
f 1108/1108/1108 1110/1110/1110 1096/1096/1096
f 1109/1109/1109 1110/1110/1110 1108/1108/1108
f 1110/1110/1110 1111/1111/1111 1096/1096/1096
f 1111/1111/1111 1110/1110/1110 1109/1109/1109
f 1069/1069/1069 1112/1112/1112 1109/1109/1109
f 1112/1112/1112 1069/1069/1069 1009/1009/1009
f 1112/1112/1112 1009/1009/1009 1011/1011/1011
f 1113/1113/1113 1111/1111/1111 1109/1109/1109
f 1109/1109/1109 1112/1112/1112 1113/1113/1113
f 1016/1016/1016 1096/1096/1096 1111/1111/1111
f 1111/1111/1111 1113/1113/1113 1016/1016/1016
f 1112/1112/1112 1011/1011/1011 1114/1114/1114
f 1014/1014/1014 1114/1114/1114 1011/1011/1011
f 1112/1112/1112 1115/1115/1115 1113/1113/1113
f 1115/1115/1115 1112/1112/1112 1114/1114/1114
f 1116/1116/1116 1114/1114/1114 1014/1014/1014
f 1114/1114/1114 1116/1116/1116 1115/1115/1115
f 1014/1014/1014 1117/1117/1117 1116/1116/1116
f 1115/1115/1115 1116/1116/1116 1117/1117/1117
f 1117/1117/1117 1113/1113/1113 1115/1115/1115
f 1117/1117/1117 1014/1014/1014 1016/1016/1016
f 1113/1113/1113 1117/1117/1117 1016/1016/1016
f 1118/1118/1118 1096/1096/1096 1016/1016/1016
f 1087/1087/1087 1096/1096/1096 1118/1118/1118
f 1016/1016/1016 1047/1047/1047 1118/1118/1118
f 1084/1084/1084 1087/1087/1087 1118/1118/1118
f 1119/1119/1119 1118/1118/1118 1047/1047/1047
f 1084/1084/1084 1118/1118/1118 1119/1119/1119
f 1047/1047/1047 1051/1051/1051 1119/1119/1119
f 1086/1086/1086 1084/1084/1084 1119/1119/1119
f 1120/1120/1120 1119/1119/1119 1051/1051/1051
f 1086/1086/1086 1119/1119/1119 1120/1120/1120
f 1051/1051/1051 1121/1121/1121 1120/1120/1120
f 1121/1121/1121 1051/1051/1051 1049/1049/1049
f 1122/1122/1122 1086/1086/1086 1120/1120/1120
f 1086/1086/1086 1122/1122/1122 1082/1082/1082
f 1049/1049/1049 1123/1123/1123 1121/1121/1121
f 1052/1052/1052 1123/1123/1123 1049/1049/1049
f 1124/1124/1124 1120/1120/1120 1121/1121/1121
f 1122/1122/1122 1120/1120/1120 1124/1124/1124
f 1125/1125/1125 1121/1121/1121 1123/1123/1123
f 1121/1121/1121 1125/1125/1125 1124/1124/1124
f 1082/1082/1082 1122/1122/1122 1126/1126/1126
f 1126/1126/1126 1122/1122/1122 1124/1124/1124
f 1123/1123/1123 1052/1052/1052 1127/1127/1127
f 1058/1058/1058 1127/1127/1127 1052/1052/1052
f 1123/1123/1123 1128/1128/1128 1125/1125/1125
f 1127/1127/1127 1128/1128/1128 1123/1123/1123
f 1125/1125/1125 1128/1128/1128 1129/1129/1129
f 1126/1126/1126 1130/1130/1130 1082/1082/1082
f 1077/1077/1077 1082/1082/1082 1130/1130/1130
f 1131/1131/1131 1129/1129/1129 1128/1128/1128
f 1131/1131/1131 1128/1128/1128 1127/1127/1127
f 1130/1130/1130 1132/1132/1132 1077/1077/1077
f 1077/1077/1077 1132/1132/1132 1083/1083/1083
f 1129/1129/1129 1133/1133/1133 1125/1125/1125
f 1124/1124/1124 1125/1125/1125 1133/1133/1133
f 1134/1134/1134 1083/1083/1083 1132/1132/1132
f 1129/1129/1129 1135/1135/1135 1133/1133/1133
f 1083/1083/1083 1134/1134/1134 1136/1136/1136
f 1083/1083/1083 1136/1136/1136 1085/1085/1085
f 1135/1135/1135 1129/1129/1129 1137/1137/1137
f 1131/1131/1131 1137/1137/1137 1129/1129/1129
f 1138/1138/1138 1085/1085/1085 1136/1136/1136
f 1137/1137/1137 1131/1131/1131 1139/1139/1139
f 1085/1085/1085 1138/1138/1138 1140/1140/1140
f 1065/1065/1065 1085/1085/1085 1140/1140/1140
f 1141/1141/1141 1139/1139/1139 1131/1131/1131
f 1141/1141/1141 1131/1131/1131 1127/1127/1127
f 1139/1139/1139 1142/1142/1142 1137/1137/1137
f 1139/1139/1139 1141/1141/1141 1143/1143/1143
f 1144/1144/1144 1137/1137/1137 1142/1142/1142
f 1137/1137/1137 1144/1144/1144 1135/1135/1135
f 1142/1142/1142 1139/1139/1139 1145/1145/1145
f 1143/1143/1143 1145/1145/1145 1139/1139/1139
f 1146/1146/1146 1143/1143/1143 1141/1141/1141
f 1146/1146/1146 1141/1141/1141 1127/1127/1127
f 1145/1145/1145 1143/1143/1143 1147/1147/1147
f 1143/1143/1143 1146/1146/1146 1148/1148/1148
f 1148/1148/1148 1147/1147/1147 1143/1143/1143
f 1149/1149/1149 1146/1146/1146 1127/1127/1127
f 1149/1149/1149 1148/1148/1148 1146/1146/1146
f 1145/1145/1145 1150/1150/1150 1142/1142/1142
f 1148/1148/1148 1149/1149/1149 1151/1151/1151
f 1152/1152/1152 1142/1142/1142 1150/1150/1150
f 1142/1142/1142 1152/1152/1152 1144/1144/1144
f 1150/1150/1150 1145/1145/1145 1153/1153/1153
f 1147/1147/1147 1153/1153/1153 1145/1145/1145
f 1154/1154/1154 1149/1149/1149 1127/1127/1127
f 1154/1154/1154 1151/1151/1151 1149/1149/1149
f 1147/1147/1147 1148/1148/1148 1155/1155/1155
f 1151/1151/1151 1155/1155/1155 1148/1148/1148
f 1153/1153/1153 1147/1147/1147 1156/1156/1156
f 1155/1155/1155 1156/1156/1156 1147/1147/1147
f 1157/1157/1157 1154/1154/1154 1127/1127/1127
f 1151/1151/1151 1154/1154/1154 1158/1158/1158
f 1157/1157/1157 1158/1158/1158 1154/1154/1154
f 1155/1155/1155 1151/1151/1151 1159/1159/1159
f 1158/1158/1158 1159/1159/1159 1151/1151/1151
f 1127/1127/1127 1160/1160/1160 1157/1157/1157
f 1160/1160/1160 1127/1127/1127 1058/1058/1058
f 1158/1158/1158 1157/1157/1157 1161/1161/1161
f 1161/1161/1161 1157/1157/1157 1160/1160/1160
f 1159/1159/1159 1158/1158/1158 1162/1162/1162
f 1161/1161/1161 1162/1162/1162 1158/1158/1158
f 1159/1159/1159 1163/1163/1163 1155/1155/1155
f 1156/1156/1156 1155/1155/1155 1163/1163/1163
f 1162/1162/1162 1164/1164/1164 1159/1159/1159
f 1163/1163/1163 1159/1159/1159 1164/1164/1164
f 1162/1162/1162 1161/1161/1161 1165/1165/1165
f 1160/1160/1160 1166/1166/1166 1161/1161/1161
f 1165/1165/1165 1161/1161/1161 1166/1166/1166
f 1058/1058/1058 1167/1167/1167 1160/1160/1160
f 1166/1166/1166 1160/1160/1160 1167/1167/1167
f 1165/1165/1165 1168/1168/1168 1162/1162/1162
f 1164/1164/1164 1162/1162/1162 1168/1168/1168
f 1169/1169/1169 1167/1167/1167 1058/1058/1058
f 1054/1054/1054 1169/1169/1169 1058/1058/1058
f 1167/1167/1167 1170/1170/1170 1166/1166/1166
f 1169/1169/1169 1171/1171/1171 1167/1167/1167
f 1171/1171/1171 1170/1170/1170 1167/1167/1167
f 1172/1172/1172 1169/1169/1169 1054/1054/1054
f 1171/1171/1171 1169/1169/1169 1172/1172/1172
f 1054/1054/1054 1056/1056/1056 1172/1172/1172
f 1062/1062/1062 1172/1172/1172 1056/1056/1056
f 1166/1166/1166 1173/1173/1173 1165/1165/1165
f 1173/1173/1173 1166/1166/1166 1170/1170/1170
f 1168/1168/1168 1165/1165/1165 1174/1174/1174
f 1174/1174/1174 1165/1165/1165 1173/1173/1173
f 1171/1171/1171 1175/1175/1175 1170/1170/1170
f 1170/1170/1170 1176/1176/1176 1173/1173/1173
f 1175/1175/1175 1176/1176/1176 1170/1170/1170
f 1173/1173/1173 1177/1177/1177 1174/1174/1174
f 1177/1177/1177 1173/1173/1173 1176/1176/1176
f 1175/1175/1175 1171/1171/1171 1178/1178/1178
f 1172/1172/1172 1178/1178/1178 1171/1171/1171
f 1175/1175/1175 1179/1179/1179 1176/1176/1176
f 1178/1178/1178 1180/1180/1180 1175/1175/1175
f 1179/1179/1179 1175/1175/1175 1180/1180/1180
f 1176/1176/1176 1181/1181/1181 1177/1177/1177
f 1179/1179/1179 1181/1181/1181 1176/1176/1176
f 1182/1182/1182 1174/1174/1174 1177/1177/1177
f 1183/1183/1183 1177/1177/1177 1181/1181/1181
f 1177/1177/1177 1183/1183/1183 1182/1182/1182
f 1174/1174/1174 1184/1184/1184 1168/1168/1168
f 1184/1184/1184 1174/1174/1174 1182/1182/1182
f 1185/1185/1185 1168/1168/1168 1184/1184/1184
f 1168/1168/1168 1185/1185/1185 1164/1164/1164
f 1182/1182/1182 1186/1186/1186 1184/1184/1184
f 1187/1187/1187 1164/1164/1164 1185/1185/1185
f 1164/1164/1164 1187/1187/1187 1163/1163/1163
f 1184/1184/1184 1188/1188/1188 1185/1185/1185
f 1188/1188/1188 1184/1184/1184 1186/1186/1186
f 1185/1185/1185 1189/1189/1189 1187/1187/1187
f 1189/1189/1189 1185/1185/1185 1188/1188/1188
f 1190/1190/1190 1163/1163/1163 1187/1187/1187
f 1163/1163/1163 1190/1190/1190 1156/1156/1156
f 1191/1191/1191 1187/1187/1187 1189/1189/1189
f 1187/1187/1187 1191/1191/1191 1190/1190/1190
f 1192/1192/1192 1156/1156/1156 1190/1190/1190
f 1156/1156/1156 1192/1192/1192 1153/1153/1153
f 1193/1193/1193 1190/1190/1190 1191/1191/1191
f 1190/1190/1190 1193/1193/1193 1192/1192/1192
f 1194/1194/1194 1153/1153/1153 1192/1192/1192
f 1153/1153/1153 1194/1194/1194 1150/1150/1150
f 1195/1195/1195 1192/1192/1192 1193/1193/1193
f 1192/1192/1192 1195/1195/1195 1194/1194/1194
f 1196/1196/1196 1150/1150/1150 1194/1194/1194
f 1150/1150/1150 1196/1196/1196 1152/1152/1152
f 1197/1197/1197 1194/1194/1194 1195/1195/1195
f 1194/1194/1194 1197/1197/1197 1196/1196/1196
f 1198/1198/1198 1195/1195/1195 1193/1193/1193
f 1197/1197/1197 1195/1195/1195 1198/1198/1198
f 1199/1199/1199 1193/1193/1193 1191/1191/1191
f 1193/1193/1193 1199/1199/1199 1198/1198/1198
f 1191/1191/1191 1189/1189/1189 1200/1200/1200
f 1200/1200/1200 1189/1189/1189 1188/1188/1188
f 1191/1191/1191 1201/1201/1201 1199/1199/1199
f 1200/1200/1200 1201/1201/1201 1191/1191/1191
f 1202/1202/1202 1199/1199/1199 1201/1201/1201
f 1198/1198/1198 1199/1199/1199 1202/1202/1202
f 1203/1203/1203 1201/1201/1201 1200/1200/1200
f 1201/1201/1201 1203/1203/1203 1202/1202/1202
f 1188/1188/1188 1204/1204/1204 1200/1200/1200
f 1200/1200/1200 1205/1205/1205 1203/1203/1203
f 1205/1205/1205 1200/1200/1200 1204/1204/1204
f 1206/1206/1206 1202/1202/1202 1203/1203/1203
f 1207/1207/1207 1204/1204/1204 1188/1188/1188
f 1188/1188/1188 1186/1186/1186 1207/1207/1207
f 1208/1208/1208 1203/1203/1203 1205/1205/1205
f 1203/1203/1203 1208/1208/1208 1206/1206/1206
f 1204/1204/1204 1209/1209/1209 1205/1205/1205
f 1210/1210/1210 1202/1202/1202 1206/1206/1206
f 1202/1202/1202 1210/1210/1210 1198/1198/1198
f 1205/1205/1205 1211/1211/1211 1208/1208/1208
f 1211/1211/1211 1205/1205/1205 1209/1209/1209
f 1212/1212/1212 1206/1206/1206 1208/1208/1208
f 1213/1213/1213 1209/1209/1209 1204/1204/1204
f 1204/1204/1204 1207/1207/1207 1213/1213/1213
f 1214/1214/1214 1208/1208/1208 1211/1211/1211
f 1208/1208/1208 1214/1214/1214 1212/1212/1212
f 1209/1209/1209 1215/1215/1215 1211/1211/1211
f 1216/1216/1216 1206/1206/1206 1212/1212/1212
f 1206/1206/1206 1216/1216/1216 1210/1210/1210
f 1211/1211/1211 1217/1217/1217 1214/1214/1214
f 1217/1217/1217 1211/1211/1211 1215/1215/1215
f 1209/1209/1209 1213/1213/1213 1218/1218/1218
f 1218/1218/1218 1215/1215/1215 1209/1209/1209
f 1219/1219/1219 1214/1214/1214 1217/1217/1217
f 1215/1215/1215 1220/1220/1220 1217/1217/1217
f 1214/1214/1214 1219/1219/1219 1221/1221/1221
f 1221/1221/1221 1212/1212/1212 1214/1214/1214
f 1217/1217/1217 1222/1222/1222 1219/1219/1219
f 1222/1222/1222 1217/1217/1217 1220/1220/1220
f 1223/1223/1223 1220/1220/1220 1215/1215/1215
f 1215/1215/1215 1218/1218/1218 1223/1223/1223
f 1220/1220/1220 1224/1224/1224 1222/1222/1222
f 1224/1224/1224 1220/1220/1220 1223/1223/1223
f 1219/1219/1219 1222/1222/1222 1225/1225/1225
f 1226/1226/1226 1223/1223/1223 1218/1218/1218
f 1222/1222/1222 1224/1224/1224 1227/1227/1227
f 1227/1227/1227 1225/1225/1225 1222/1222/1222
f 1223/1223/1223 1228/1228/1228 1224/1224/1224
f 1228/1228/1228 1223/1223/1223 1226/1226/1226
f 1229/1229/1229 1227/1227/1227 1224/1224/1224
f 1224/1224/1224 1228/1228/1228 1229/1229/1229
f 1218/1218/1218 1230/1230/1230 1226/1226/1226
f 1230/1230/1230 1218/1218/1218 1213/1213/1213
f 1226/1226/1226 1231/1231/1231 1228/1228/1228
f 1213/1213/1213 1232/1232/1232 1230/1230/1230
f 1232/1232/1232 1213/1213/1213 1207/1207/1207
f 1233/1233/1233 1226/1226/1226 1230/1230/1230
f 1231/1231/1231 1226/1226/1226 1233/1233/1233
f 1234/1234/1234 1230/1230/1230 1232/1232/1232
f 1230/1230/1230 1234/1234/1234 1233/1233/1233
f 1207/1207/1207 1235/1235/1235 1232/1232/1232
f 1228/1228/1228 1231/1231/1231 1236/1236/1236
f 1236/1236/1236 1229/1229/1229 1228/1228/1228
f 1237/1237/1237 1232/1232/1232 1235/1235/1235
f 1232/1232/1232 1237/1237/1237 1234/1234/1234
f 1238/1238/1238 1235/1235/1235 1207/1207/1207
f 1207/1207/1207 1186/1186/1186 1238/1238/1238
f 1186/1186/1186 1182/1182/1182 1238/1238/1238
f 1238/1238/1238 1182/1182/1182 1183/1183/1183
f 1239/1239/1239 1235/1235/1235 1238/1238/1238
f 1235/1235/1235 1239/1239/1239 1237/1237/1237
f 1183/1183/1183 1240/1240/1240 1238/1238/1238
f 1238/1238/1238 1240/1240/1240 1239/1239/1239
f 1240/1240/1240 1183/1183/1183 1241/1241/1241
f 1181/1181/1181 1241/1241/1241 1183/1183/1183
f 1242/1242/1242 1239/1239/1239 1240/1240/1240
f 1243/1243/1243 1241/1241/1241 1181/1181/1181
f 1179/1179/1179 1243/1243/1243 1181/1181/1181
f 1241/1241/1241 1244/1244/1244 1240/1240/1240
f 1240/1240/1240 1244/1244/1244 1242/1242/1242
f 1243/1243/1243 1245/1245/1245 1241/1241/1241
f 1245/1245/1245 1244/1244/1244 1241/1241/1241
f 1243/1243/1243 1179/1179/1179 1246/1246/1246
f 1180/1180/1180 1246/1246/1246 1179/1179/1179
f 1245/1245/1245 1243/1243/1243 1247/1247/1247
f 1246/1246/1246 1247/1247/1247 1243/1243/1243
f 1245/1245/1245 1248/1248/1248 1244/1244/1244
f 1248/1248/1248 1242/1242/1242 1244/1244/1244
f 1247/1247/1247 1249/1249/1249 1245/1245/1245
f 1248/1248/1248 1245/1245/1245 1249/1249/1249
f 1239/1239/1239 1242/1242/1242 1250/1250/1250
f 1250/1250/1250 1237/1237/1237 1239/1239/1239
f 1248/1248/1248 1251/1251/1251 1242/1242/1242
f 1251/1251/1251 1250/1250/1250 1242/1242/1242
f 1249/1249/1249 1252/1252/1252 1248/1248/1248
f 1251/1251/1251 1248/1248/1248 1252/1252/1252
f 1237/1237/1237 1250/1250/1250 1253/1253/1253
f 1253/1253/1253 1234/1234/1234 1237/1237/1237
f 1251/1251/1251 1254/1254/1254 1250/1250/1250
f 1254/1254/1254 1253/1253/1253 1250/1250/1250
f 1234/1234/1234 1253/1253/1253 1255/1255/1255
f 1255/1255/1255 1233/1233/1233 1234/1234/1234
f 1254/1254/1254 1256/1256/1256 1253/1253/1253
f 1256/1256/1256 1255/1255/1255 1253/1253/1253
f 1257/1257/1257 1254/1254/1254 1251/1251/1251
f 1258/1258/1258 1233/1233/1233 1255/1255/1255
f 1233/1233/1233 1258/1258/1258 1231/1231/1231
f 1251/1251/1251 1259/1259/1259 1257/1257/1257
f 1252/1252/1252 1259/1259/1259 1251/1251/1251
f 1231/1231/1231 1258/1258/1258 1260/1260/1260
f 1260/1260/1260 1236/1236/1236 1231/1231/1231
f 1261/1261/1261 1259/1259/1259 1252/1252/1252
f 1236/1236/1236 1260/1260/1260 1262/1262/1262
f 1252/1252/1252 1263/1263/1263 1261/1261/1261
f 1263/1263/1263 1252/1252/1252 1249/1249/1249
f 1259/1259/1259 1261/1261/1261 1264/1264/1264
f 1264/1264/1264 1257/1257/1257 1259/1259/1259
f 1249/1249/1249 1265/1265/1265 1263/1263/1263
f 1265/1265/1265 1249/1249/1249 1247/1247/1247
f 1254/1254/1254 1257/1257/1257 1266/1266/1266
f 1266/1266/1266 1256/1256/1256 1254/1254/1254
f 1247/1247/1247 1267/1267/1267 1265/1265/1265
f 1267/1267/1267 1247/1247/1247 1246/1246/1246
f 1268/1268/1268 1266/1266/1266 1257/1257/1257
f 1257/1257/1257 1264/1264/1264 1268/1268/1268
f 1246/1246/1246 1269/1269/1269 1267/1267/1267
f 1269/1269/1269 1246/1246/1246 1180/1180/1180
f 1270/1270/1270 1265/1265/1265 1267/1267/1267
f 1180/1180/1180 1271/1271/1271 1269/1269/1269
f 1271/1271/1271 1180/1180/1180 1178/1178/1178
f 1272/1272/1272 1267/1267/1267 1269/1269/1269
f 1267/1267/1267 1272/1272/1272 1270/1270/1270
f 1178/1178/1178 1273/1273/1273 1271/1271/1271
f 1274/1274/1274 1269/1269/1269 1271/1271/1271
f 1271/1271/1271 1273/1273/1273 1274/1274/1274
f 1269/1269/1269 1274/1274/1274 1272/1272/1272
f 1273/1273/1273 1178/1178/1178 1172/1172/1172
f 1275/1275/1275 1274/1274/1274 1273/1273/1273
f 1172/1172/1172 1275/1275/1275 1273/1273/1273
f 1276/1276/1276 1272/1272/1272 1274/1274/1274
f 1274/1274/1274 1275/1275/1275 1276/1276/1276
f 1277/1277/1277 1270/1270/1270 1272/1272/1272
f 1272/1272/1272 1276/1276/1276 1277/1277/1277
f 1278/1278/1278 1276/1276/1276 1275/1275/1275
f 1172/1172/1172 1278/1278/1278 1275/1275/1275
f 1279/1279/1279 1277/1277/1277 1276/1276/1276
f 1276/1276/1276 1278/1278/1278 1279/1279/1279
f 1172/1172/1172 1280/1280/1280 1278/1278/1278
f 1280/1280/1280 1279/1279/1279 1278/1278/1278
f 1172/1172/1172 1281/1281/1281 1280/1280/1280
f 1172/1172/1172 1062/1062/1062 1281/1281/1281
f 1062/1062/1062 1071/1071/1071 1281/1281/1281
f 1279/1279/1279 1280/1280/1280 1282/1282/1282
f 1281/1281/1281 1282/1282/1282 1280/1280/1280
f 1277/1277/1277 1279/1279/1279 1283/1283/1283
f 1282/1282/1282 1283/1283/1283 1279/1279/1279
f 1071/1071/1071 1284/1284/1284 1281/1281/1281
f 1282/1282/1282 1281/1281/1281 1284/1284/1284
f 1283/1283/1283 1285/1285/1285 1277/1277/1277
f 1270/1270/1270 1277/1277/1277 1285/1285/1285
f 1283/1283/1283 1282/1282/1282 1286/1286/1286
f 1284/1284/1284 1286/1286/1286 1282/1282/1282
f 1285/1285/1285 1283/1283/1283 1287/1287/1287
f 1286/1286/1286 1287/1287/1287 1283/1283/1283
f 1285/1285/1285 1288/1288/1288 1270/1270/1270
f 1265/1265/1265 1270/1270/1270 1288/1288/1288
f 1288/1288/1288 1263/1263/1263 1265/1265/1265
f 1287/1287/1287 1289/1289/1289 1285/1285/1285
f 1288/1288/1288 1285/1285/1285 1289/1289/1289
f 1263/1263/1263 1288/1288/1288 1290/1290/1290
f 1289/1289/1289 1290/1290/1290 1288/1288/1288
f 1261/1261/1261 1263/1263/1263 1290/1290/1290
f 1289/1289/1289 1287/1287/1287 1291/1291/1291
f 1290/1290/1290 1292/1292/1292 1261/1261/1261
f 1264/1264/1264 1261/1261/1261 1292/1292/1292
f 1290/1290/1290 1289/1289/1289 1293/1293/1293
f 1291/1291/1291 1293/1293/1293 1289/1289/1289
f 1292/1292/1292 1294/1294/1294 1264/1264/1264
f 1268/1268/1268 1264/1264/1264 1294/1294/1294
f 1295/1295/1295 1292/1292/1292 1290/1290/1290
f 1290/1290/1290 1293/1293/1293 1295/1295/1295
f 1294/1294/1294 1292/1292/1292 1295/1295/1295
f 1293/1293/1293 1291/1291/1291 1296/1296/1296
f 1295/1295/1295 1293/1293/1293 1296/1296/1296
f 1297/1297/1297 1291/1291/1291 1287/1287/1287
f 1287/1287/1287 1286/1286/1286 1297/1297/1297
f 1298/1298/1298 1296/1296/1296 1291/1291/1291
f 1291/1291/1291 1297/1297/1297 1298/1298/1298
f 1299/1299/1299 1297/1297/1297 1286/1286/1286
f 1286/1286/1286 1284/1284/1284 1299/1299/1299
f 1300/1300/1300 1298/1298/1298 1297/1297/1297
f 1297/1297/1297 1299/1299/1299 1300/1300/1300
f 1301/1301/1301 1299/1299/1299 1284/1284/1284
f 1284/1284/1284 1071/1071/1071 1301/1301/1301
f 1068/1068/1068 1301/1301/1301 1071/1071/1071
f 1302/1302/1302 1300/1300/1300 1299/1299/1299
f 1299/1299/1299 1301/1301/1301 1302/1302/1302
f 1301/1301/1301 1068/1068/1068 1303/1303/1303
f 1303/1303/1303 1302/1302/1302 1301/1301/1301
f 1304/1304/1304 1303/1303/1303 1068/1068/1068
f 1066/1066/1066 1304/1304/1304 1068/1068/1068
f 1302/1302/1302 1303/1303/1303 1305/1305/1305
f 1306/1306/1306 1304/1304/1304 1066/1066/1066
f 1303/1303/1303 1304/1304/1304 1307/1307/1307
f 1306/1306/1306 1307/1307/1307 1304/1304/1304
f 1307/1307/1307 1305/1305/1305 1303/1303/1303
f 1066/1066/1066 1065/1065/1065 1306/1306/1306
f 1305/1305/1305 1308/1308/1308 1302/1302/1302
f 1300/1300/1300 1302/1302/1302 1308/1308/1308
f 1305/1305/1305 1307/1307/1307 1309/1309/1309
f 1308/1308/1308 1310/1310/1310 1300/1300/1300
f 1298/1298/1298 1300/1300/1300 1310/1310/1310
f 1308/1308/1308 1305/1305/1305 1311/1311/1311
f 1309/1309/1309 1311/1311/1311 1305/1305/1305
f 1310/1310/1310 1312/1312/1312 1298/1298/1298
f 1296/1296/1296 1298/1298/1298 1312/1312/1312
f 1310/1310/1310 1308/1308/1308 1313/1313/1313
f 1311/1311/1311 1313/1313/1313 1308/1308/1308
f 1312/1312/1312 1310/1310/1310 1314/1314/1314
f 1313/1313/1313 1314/1314/1314 1310/1310/1310
f 1296/1296/1296 1312/1312/1312 1315/1315/1315
f 1315/1315/1315 1312/1312/1312 1314/1314/1314
f 1315/1315/1315 1316/1316/1316 1296/1296/1296
f 1296/1296/1296 1316/1316/1316 1295/1295/1295
f 1314/1314/1314 1313/1313/1313 1317/1317/1317
f 1295/1295/1295 1316/1316/1316 1318/1318/1318
f 1319/1319/1319 1317/1317/1317 1313/1313/1313
f 1313/1313/1313 1311/1311/1311 1319/1319/1319
f 1316/1316/1316 1315/1315/1315 1320/1320/1320
f 1320/1320/1320 1318/1318/1318 1316/1316/1316
f 1321/1321/1321 1315/1315/1315 1314/1314/1314
f 1314/1314/1314 1317/1317/1317 1321/1321/1321
f 1320/1320/1320 1315/1315/1315 1321/1321/1321
f 1317/1317/1317 1319/1319/1319 1322/1322/1322
f 1321/1321/1321 1317/1317/1317 1322/1322/1322
f 1323/1323/1323 1319/1319/1319 1311/1311/1311
f 1311/1311/1311 1309/1309/1309 1323/1323/1323
f 1324/1324/1324 1322/1322/1322 1319/1319/1319
f 1319/1319/1319 1323/1323/1323 1324/1324/1324
f 1325/1325/1325 1309/1309/1309 1307/1307/1307
f 1307/1307/1307 1306/1306/1306 1325/1325/1325
f 1326/1326/1326 1323/1323/1323 1309/1309/1309
f 1309/1309/1309 1325/1325/1325 1326/1326/1326
f 1327/1327/1327 1325/1325/1325 1306/1306/1306
f 1065/1065/1065 1327/1327/1327 1306/1306/1306
f 1328/1328/1328 1326/1326/1326 1325/1325/1325
f 1325/1325/1325 1327/1327/1327 1328/1328/1328
f 1323/1323/1323 1326/1326/1326 1329/1329/1329
f 1329/1329/1329 1324/1324/1324 1323/1323/1323
f 1065/1065/1065 1330/1330/1330 1327/1327/1327
f 1330/1330/1330 1328/1328/1328 1327/1327/1327
f 1065/1065/1065 1331/1331/1331 1330/1330/1330
f 1065/1065/1065 1140/1140/1140 1331/1331/1331
f 1328/1328/1328 1330/1330/1330 1332/1332/1332
f 1331/1331/1331 1332/1332/1332 1330/1330/1330
f 1326/1326/1326 1328/1328/1328 1333/1333/1333
f 1332/1332/1332 1333/1333/1333 1328/1328/1328
f 1333/1333/1333 1329/1329/1329 1326/1326/1326
f 1140/1140/1140 1334/1334/1334 1331/1331/1331
f 1332/1332/1332 1331/1331/1331 1334/1334/1334
f 1334/1334/1334 1140/1140/1140 1138/1138/1138
f 1333/1333/1333 1332/1332/1332 1335/1335/1335
f 1334/1334/1334 1335/1335/1335 1332/1332/1332
f 1329/1329/1329 1333/1333/1333 1336/1336/1336
f 1335/1335/1335 1336/1336/1336 1333/1333/1333
f 1138/1138/1138 1337/1337/1337 1334/1334/1334
f 1335/1335/1335 1334/1334/1334 1337/1337/1337
f 1336/1336/1336 1338/1338/1338 1329/1329/1329
f 1324/1324/1324 1329/1329/1329 1338/1338/1338
f 1336/1336/1336 1335/1335/1335 1339/1339/1339
f 1337/1337/1337 1339/1339/1339 1335/1335/1335
f 1338/1338/1338 1340/1340/1340 1324/1324/1324
f 1322/1322/1322 1324/1324/1324 1340/1340/1340
f 1338/1338/1338 1336/1336/1336 1341/1341/1341
f 1339/1339/1339 1341/1341/1341 1336/1336/1336
f 1340/1340/1340 1338/1338/1338 1342/1342/1342
f 1341/1341/1341 1342/1342/1342 1338/1338/1338
f 1322/1322/1322 1340/1340/1340 1343/1343/1343
f 1343/1343/1343 1340/1340/1340 1342/1342/1342
f 1337/1337/1337 1138/1138/1138 1344/1344/1344
f 1136/1136/1136 1344/1344/1344 1138/1138/1138
f 1339/1339/1339 1337/1337/1337 1345/1345/1345
f 1344/1344/1344 1345/1345/1345 1337/1337/1337
f 1341/1341/1341 1339/1339/1339 1346/1346/1346
f 1345/1345/1345 1346/1346/1346 1339/1339/1339
f 1342/1342/1342 1341/1341/1341 1347/1347/1347
f 1346/1346/1346 1347/1347/1347 1341/1341/1341
f 1344/1344/1344 1136/1136/1136 1348/1348/1348
f 1134/1134/1134 1348/1348/1348 1136/1136/1136
f 1345/1345/1345 1344/1344/1344 1349/1349/1349
f 1348/1348/1348 1349/1349/1349 1344/1344/1344
f 1346/1346/1346 1345/1345/1345 1350/1350/1350
f 1349/1349/1349 1350/1350/1350 1345/1345/1345
f 1347/1347/1347 1346/1346/1346 1351/1351/1351
f 1350/1350/1350 1351/1351/1351 1346/1346/1346
f 1342/1342/1342 1347/1347/1347 1352/1352/1352
f 1352/1352/1352 1347/1347/1347 1351/1351/1351
f 1342/1342/1342 1352/1352/1352 1343/1343/1343
f 1351/1351/1351 1350/1350/1350 1353/1353/1353
f 1350/1350/1350 1349/1349/1349 1354/1354/1354
f 1354/1354/1354 1353/1353/1353 1350/1350/1350
f 1349/1349/1349 1348/1348/1348 1355/1355/1355
f 1355/1355/1355 1354/1354/1354 1349/1349/1349
f 1356/1356/1356 1351/1351/1351 1353/1353/1353
f 1351/1351/1351 1356/1356/1356 1352/1352/1352
f 1353/1353/1353 1354/1354/1354 1357/1357/1357
f 1358/1358/1358 1355/1355/1355 1348/1348/1348
f 1134/1134/1134 1358/1358/1358 1348/1348/1348
f 1354/1354/1354 1355/1355/1355 1359/1359/1359
f 1359/1359/1359 1357/1357/1357 1354/1354/1354
f 1358/1358/1358 1360/1360/1360 1355/1355/1355
f 1360/1360/1360 1359/1359/1359 1355/1355/1355
f 1358/1358/1358 1134/1134/1134 1361/1361/1361
f 1132/1132/1132 1361/1361/1361 1134/1134/1134
f 1360/1360/1360 1358/1358/1358 1362/1362/1362
f 1361/1361/1361 1362/1362/1362 1358/1358/1358
f 1363/1363/1363 1361/1361/1361 1132/1132/1132
f 1132/1132/1132 1130/1130/1130 1363/1363/1363
f 1364/1364/1364 1362/1362/1362 1361/1361/1361
f 1361/1361/1361 1363/1363/1363 1364/1364/1364
f 1365/1365/1365 1363/1363/1363 1130/1130/1130
f 1130/1130/1130 1126/1126/1126 1365/1365/1365
f 1366/1366/1366 1364/1364/1364 1363/1363/1363
f 1363/1363/1363 1365/1365/1365 1366/1366/1366
f 1362/1362/1362 1364/1364/1364 1367/1367/1367
f 1368/1368/1368 1365/1365/1365 1126/1126/1126
f 1364/1364/1364 1366/1366/1366 1369/1369/1369
f 1369/1369/1369 1367/1367/1367 1364/1364/1364
f 1370/1370/1370 1366/1366/1366 1365/1365/1365
f 1368/1368/1368 1370/1370/1370 1365/1365/1365
f 1371/1371/1371 1369/1369/1369 1366/1366/1366
f 1370/1370/1370 1371/1371/1371 1366/1366/1366
f 1372/1372/1372 1368/1368/1368 1126/1126/1126
f 1372/1372/1372 1126/1126/1126 1124/1124/1124
f 1373/1373/1373 1370/1370/1370 1368/1368/1368
f 1368/1368/1368 1372/1372/1372 1373/1373/1373
f 1374/1374/1374 1371/1371/1371 1370/1370/1370
f 1370/1370/1370 1373/1373/1373 1374/1374/1374
f 1375/1375/1375 1373/1373/1373 1372/1372/1372
f 1375/1375/1375 1372/1372/1372 1124/1124/1124
f 1376/1376/1376 1374/1374/1374 1373/1373/1373
f 1373/1373/1373 1375/1375/1375 1376/1376/1376
f 1371/1371/1371 1374/1374/1374 1377/1377/1377
f 1378/1378/1378 1376/1376/1376 1375/1375/1375
f 1378/1378/1378 1375/1375/1375 1124/1124/1124
f 1374/1374/1374 1376/1376/1376 1379/1379/1379
f 1379/1379/1379 1377/1377/1377 1374/1374/1374
f 1376/1376/1376 1378/1378/1378 1380/1380/1380
f 1380/1380/1380 1379/1379/1379 1376/1376/1376
f 1381/1381/1381 1378/1378/1378 1124/1124/1124
f 1381/1381/1381 1380/1380/1380 1378/1378/1378
f 1377/1377/1377 1382/1382/1382 1371/1371/1371
f 1371/1371/1371 1382/1382/1382 1369/1369/1369
f 1124/1124/1124 1383/1383/1383 1381/1381/1381
f 1382/1382/1382 1384/1384/1384 1369/1369/1369
f 1367/1367/1367 1369/1369/1369 1384/1384/1384
f 1380/1380/1380 1381/1381/1381 1385/1385/1385
f 1383/1383/1383 1385/1385/1385 1381/1381/1381
f 1379/1379/1379 1380/1380/1380 1386/1386/1386
f 1385/1385/1385 1386/1386/1386 1380/1380/1380
f 1124/1124/1124 1387/1387/1387 1383/1383/1383
f 1133/1133/1133 1387/1387/1387 1124/1124/1124
f 1385/1385/1385 1383/1383/1383 1388/1388/1388
f 1387/1387/1387 1388/1388/1388 1383/1383/1383
f 1133/1133/1133 1389/1389/1389 1387/1387/1387
f 1388/1388/1388 1387/1387/1387 1389/1389/1389
f 1389/1389/1389 1133/1133/1133 1135/1135/1135
f 1388/1388/1388 1390/1390/1390 1385/1385/1385
f 1386/1386/1386 1385/1385/1385 1390/1390/1390
f 1389/1389/1389 1391/1391/1391 1388/1388/1388
f 1390/1390/1390 1388/1388/1388 1391/1391/1391
f 1135/1135/1135 1392/1392/1392 1389/1389/1389
f 1391/1391/1391 1389/1389/1389 1392/1392/1392
f 1392/1392/1392 1135/1135/1135 1144/1144/1144
f 1391/1391/1391 1393/1393/1393 1390/1390/1390
f 1144/1144/1144 1394/1394/1394 1392/1392/1392
f 1394/1394/1394 1144/1144/1144 1152/1152/1152
f 1392/1392/1392 1395/1395/1395 1391/1391/1391
f 1395/1395/1395 1392/1392/1392 1394/1394/1394
f 1393/1393/1393 1391/1391/1391 1395/1395/1395
f 1152/1152/1152 1396/1396/1396 1394/1394/1394
f 1396/1396/1396 1152/1152/1152 1196/1196/1196
f 1394/1394/1394 1397/1397/1397 1395/1395/1395
f 1397/1397/1397 1394/1394/1394 1396/1396/1396
f 1395/1395/1395 1398/1398/1398 1393/1393/1393
f 1398/1398/1398 1395/1395/1395 1397/1397/1397
f 1196/1196/1196 1399/1399/1399 1396/1396/1396
f 1399/1399/1399 1196/1196/1196 1197/1197/1197
f 1396/1396/1396 1400/1400/1400 1397/1397/1397
f 1400/1400/1400 1396/1396/1396 1399/1399/1399
f 1397/1397/1397 1401/1401/1401 1398/1398/1398
f 1401/1401/1401 1397/1397/1397 1400/1400/1400
f 1399/1399/1399 1197/1197/1197 1402/1402/1402
f 1198/1198/1198 1402/1402/1402 1197/1197/1197
f 1400/1400/1400 1399/1399/1399 1403/1403/1403
f 1402/1402/1402 1403/1403/1403 1399/1399/1399
f 1401/1401/1401 1400/1400/1400 1404/1404/1404
f 1403/1403/1403 1404/1404/1404 1400/1400/1400
f 1405/1405/1405 1402/1402/1402 1198/1198/1198
f 1198/1198/1198 1210/1210/1210 1405/1405/1405
f 1406/1406/1406 1403/1403/1403 1402/1402/1402
f 1402/1402/1402 1405/1405/1405 1406/1406/1406
f 1407/1407/1407 1404/1404/1404 1403/1403/1403
f 1403/1403/1403 1406/1406/1406 1407/1407/1407
f 1408/1408/1408 1405/1405/1405 1210/1210/1210
f 1210/1210/1210 1216/1216/1216 1408/1408/1408
f 1409/1409/1409 1406/1406/1406 1405/1405/1405
f 1405/1405/1405 1408/1408/1408 1409/1409/1409
f 1410/1410/1410 1407/1407/1407 1406/1406/1406
f 1406/1406/1406 1409/1409/1409 1410/1410/1410
f 1404/1404/1404 1407/1407/1407 1411/1411/1411
f 1404/1404/1404 1411/1411/1411 1401/1401/1401
f 1407/1407/1407 1410/1410/1410 1412/1412/1412
f 1407/1407/1407 1412/1412/1412 1411/1411/1411
f 1413/1413/1413 1410/1410/1410 1409/1409/1409
f 1414/1414/1414 1401/1401/1401 1411/1411/1411
f 1414/1414/1414 1398/1398/1398 1401/1401/1401
f 1415/1415/1415 1409/1409/1409 1408/1408/1408
f 1409/1409/1409 1415/1415/1415 1413/1413/1413
f 1416/1416/1416 1408/1408/1408 1216/1216/1216
f 1408/1408/1408 1416/1416/1416 1415/1415/1415
f 1216/1216/1216 1417/1417/1417 1416/1416/1416
f 1212/1212/1212 1417/1417/1417 1216/1216/1216
f 1418/1418/1418 1415/1415/1415 1416/1416/1416
f 1419/1419/1419 1417/1417/1417 1212/1212/1212
f 1212/1212/1212 1221/1221/1221 1419/1419/1419
f 1420/1420/1420 1416/1416/1416 1417/1417/1417
f 1417/1417/1417 1419/1419/1419 1420/1420/1420
f 1416/1416/1416 1420/1420/1420 1418/1418/1418
f 1419/1419/1419 1221/1221/1221 1421/1421/1421
f 1415/1415/1415 1418/1418/1418 1422/1422/1422
f 1422/1422/1422 1413/1413/1413 1415/1415/1415
f 1420/1420/1420 1419/1419/1419 1423/1423/1423
f 1421/1421/1421 1423/1423/1423 1419/1419/1419
f 1424/1424/1424 1418/1418/1418 1420/1420/1420
f 1425/1425/1425 1421/1421/1421 1221/1221/1221
f 1221/1221/1221 1219/1219/1219 1425/1425/1425
f 1225/1225/1225 1425/1425/1425 1219/1219/1219
f 1423/1423/1423 1426/1426/1426 1420/1420/1420
f 1420/1420/1420 1426/1426/1426 1424/1424/1424
f 1423/1423/1423 1421/1421/1421 1427/1427/1427
f 1418/1418/1418 1424/1424/1424 1428/1428/1428
f 1428/1428/1428 1422/1422/1422 1418/1418/1418
f 1421/1421/1421 1425/1425/1425 1429/1429/1429
f 1429/1429/1429 1427/1427/1427 1421/1421/1421
f 1425/1425/1425 1225/1225/1225 1430/1430/1430
f 1430/1430/1430 1429/1429/1429 1425/1425/1425
f 1427/1427/1427 1431/1431/1431 1423/1423/1423
f 1426/1426/1426 1423/1423/1423 1431/1431/1431
f 1427/1427/1427 1429/1429/1429 1432/1432/1432
f 1433/1433/1433 1430/1430/1430 1225/1225/1225
f 1225/1225/1225 1227/1227/1227 1433/1433/1433
f 1429/1429/1429 1430/1430/1430 1434/1434/1434
f 1434/1434/1434 1432/1432/1432 1429/1429/1429
f 1430/1430/1430 1433/1433/1433 1435/1435/1435
f 1435/1435/1435 1434/1434/1434 1430/1430/1430
f 1436/1436/1436 1433/1433/1433 1227/1227/1227
f 1227/1227/1227 1229/1229/1229 1436/1436/1436
f 1437/1437/1437 1435/1435/1435 1433/1433/1433
f 1433/1433/1433 1436/1436/1436 1437/1437/1437
f 1438/1438/1438 1436/1436/1436 1229/1229/1229
f 1229/1229/1229 1236/1236/1236 1438/1438/1438
f 1262/1262/1262 1438/1438/1438 1236/1236/1236
f 1439/1439/1439 1437/1437/1437 1436/1436/1436
f 1436/1436/1436 1438/1438/1438 1439/1439/1439
f 1438/1438/1438 1262/1262/1262 1440/1440/1440
f 1440/1440/1440 1439/1439/1439 1438/1438/1438
f 1435/1435/1435 1437/1437/1437 1441/1441/1441
f 1437/1437/1437 1439/1439/1439 1442/1442/1442
f 1442/1442/1442 1441/1441/1441 1437/1437/1437
f 1434/1434/1434 1435/1435/1435 1443/1443/1443
f 1441/1441/1441 1443/1443/1443 1435/1435/1435
f 1444/1444/1444 1442/1442/1442 1439/1439/1439
f 1439/1439/1439 1440/1440/1440 1444/1444/1444
f 1443/1443/1443 1445/1445/1445 1434/1434/1434
f 1432/1432/1432 1434/1434/1434 1445/1445/1445
f 1443/1443/1443 1441/1441/1441 1446/1446/1446
f 1445/1445/1445 1443/1443/1443 1447/1447/1447
f 1446/1446/1446 1447/1447/1447 1443/1443/1443
f 1441/1441/1441 1442/1442/1442 1448/1448/1448
f 1448/1448/1448 1446/1446/1446 1441/1441/1441
f 1442/1442/1442 1444/1444/1444 1449/1449/1449
f 1449/1449/1449 1448/1448/1448 1442/1442/1442
f 1445/1445/1445 1450/1450/1450 1432/1432/1432
f 1432/1432/1432 1451/1451/1451 1427/1427/1427
f 1451/1451/1451 1432/1432/1432 1450/1450/1450
f 1431/1431/1431 1427/1427/1427 1451/1451/1451
f 1450/1450/1450 1445/1445/1445 1452/1452/1452
f 1447/1447/1447 1452/1452/1452 1445/1445/1445
f 1450/1450/1450 1453/1453/1453 1451/1451/1451
f 1451/1451/1451 1454/1454/1454 1431/1431/1431
f 1454/1454/1454 1451/1451/1451 1453/1453/1453
f 1452/1452/1452 1455/1455/1455 1450/1450/1450
f 1453/1453/1453 1450/1450/1450 1455/1455/1455
f 1456/1456/1456 1431/1431/1431 1454/1454/1454
f 1431/1431/1431 1456/1456/1456 1426/1426/1426
f 1453/1453/1453 1457/1457/1457 1454/1454/1454
f 1426/1426/1426 1456/1456/1456 1458/1458/1458
f 1458/1458/1458 1424/1424/1424 1426/1426/1426
f 1454/1454/1454 1459/1459/1459 1456/1456/1456
f 1459/1459/1459 1454/1454/1454 1457/1457/1457
f 1460/1460/1460 1458/1458/1458 1456/1456/1456
f 1456/1456/1456 1459/1459/1459 1460/1460/1460
f 1424/1424/1424 1458/1458/1458 1461/1461/1461
f 1461/1461/1461 1428/1428/1428 1424/1424/1424
f 1458/1458/1458 1460/1460/1460 1462/1462/1462
f 1462/1462/1462 1461/1461/1461 1458/1458/1458
f 1463/1463/1463 1460/1460/1460 1459/1459/1459
f 1428/1428/1428 1461/1461/1461 1464/1464/1464
f 1465/1465/1465 1462/1462/1462 1460/1460/1460
f 1460/1460/1460 1463/1463/1463 1465/1465/1465
f 1461/1461/1461 1462/1462/1462 1466/1466/1466
f 1466/1466/1466 1464/1464/1464 1461/1461/1461
f 1462/1462/1462 1465/1465/1465 1467/1467/1467
f 1467/1467/1467 1466/1466/1466 1462/1462/1462
f 1464/1464/1464 1468/1468/1468 1428/1428/1428
f 1422/1422/1422 1428/1428/1428 1468/1468/1468
f 1464/1464/1464 1466/1466/1466 1469/1469/1469
f 1468/1468/1468 1470/1470/1470 1422/1422/1422
f 1471/1471/1471 1469/1469/1469 1466/1466/1466
f 1466/1466/1466 1467/1467/1467 1471/1471/1471
f 1468/1468/1468 1464/1464/1464 1472/1472/1472
f 1469/1469/1469 1472/1472/1472 1464/1464/1464
f 1470/1470/1470 1468/1468/1468 1473/1473/1473
f 1472/1472/1472 1473/1473/1473 1468/1468/1468
f 1422/1422/1422 1470/1470/1470 1474/1474/1474
f 1413/1413/1413 1422/1422/1422 1474/1474/1474
f 1473/1473/1473 1475/1475/1475 1470/1470/1470
f 1474/1474/1474 1470/1470/1470 1475/1475/1475
f 1413/1413/1413 1474/1474/1474 1476/1476/1476
f 1410/1410/1410 1413/1413/1413 1476/1476/1476
f 1410/1410/1410 1476/1476/1476 1412/1412/1412
f 1475/1475/1475 1477/1477/1477 1474/1474/1474
f 1476/1476/1476 1474/1474/1474 1477/1477/1477
f 1412/1412/1412 1476/1476/1476 1478/1478/1478
f 1477/1477/1477 1478/1478/1478 1476/1476/1476
f 1478/1478/1478 1479/1479/1479 1412/1412/1412
f 1411/1411/1411 1412/1412/1412 1479/1479/1479
f 1478/1478/1478 1477/1477/1477 1480/1480/1480
f 1479/1479/1479 1481/1481/1481 1411/1411/1411
f 1411/1411/1411 1481/1481/1481 1414/1414/1414
f 1479/1479/1479 1478/1478/1478 1482/1482/1482
f 1480/1480/1480 1482/1482/1482 1478/1478/1478
f 1481/1481/1481 1479/1479/1479 1483/1483/1483
f 1482/1482/1482 1483/1483/1483 1479/1479/1479
f 1484/1484/1484 1480/1480/1480 1477/1477/1477
f 1477/1477/1477 1475/1475/1475 1484/1484/1484
f 1482/1482/1482 1480/1480/1480 1485/1485/1485
f 1486/1486/1486 1484/1484/1484 1475/1475/1475
f 1475/1475/1475 1473/1473/1473 1486/1486/1486
f 1480/1480/1480 1484/1484/1484 1487/1487/1487
f 1487/1487/1487 1485/1485/1485 1480/1480/1480
f 1484/1484/1484 1486/1486/1486 1488/1488/1488
f 1488/1488/1488 1487/1487/1487 1484/1484/1484
f 1489/1489/1489 1486/1486/1486 1473/1473/1473
f 1473/1473/1473 1472/1472/1472 1489/1489/1489
f 1490/1490/1490 1488/1488/1488 1486/1486/1486
f 1486/1486/1486 1489/1489/1489 1490/1490/1490
f 1491/1491/1491 1489/1489/1489 1472/1472/1472
f 1472/1472/1472 1469/1469/1469 1491/1491/1491
f 1492/1492/1492 1490/1490/1490 1489/1489/1489
f 1489/1489/1489 1491/1491/1491 1492/1492/1492
f 1493/1493/1493 1491/1491/1491 1469/1469/1469
f 1469/1469/1469 1471/1471/1471 1493/1493/1493
f 1494/1494/1494 1492/1492/1492 1491/1491/1491
f 1491/1491/1491 1493/1493/1493 1494/1494/1494
f 1490/1490/1490 1492/1492/1492 1495/1495/1495
f 1496/1496/1496 1493/1493/1493 1471/1471/1471
f 1492/1492/1492 1494/1494/1494 1497/1497/1497
f 1497/1497/1497 1495/1495/1495 1492/1492/1492
f 1498/1498/1498 1494/1494/1494 1493/1493/1493
f 1493/1493/1493 1496/1496/1496 1498/1498/1498
f 1499/1499/1499 1497/1497/1497 1494/1494/1494
f 1494/1494/1494 1498/1498/1498 1499/1499/1499
f 1471/1471/1471 1500/1500/1500 1496/1496/1496
f 1500/1500/1500 1471/1471/1471 1467/1467/1467
f 1496/1496/1496 1501/1501/1501 1498/1498/1498
f 1467/1467/1467 1502/1502/1502 1500/1500/1500
f 1502/1502/1502 1467/1467/1467 1465/1465/1465
f 1500/1500/1500 1503/1503/1503 1496/1496/1496
f 1501/1501/1501 1496/1496/1496 1503/1503/1503
f 1502/1502/1502 1504/1504/1504 1500/1500/1500
f 1503/1503/1503 1500/1500/1500 1504/1504/1504
f 1465/1465/1465 1505/1505/1505 1502/1502/1502
f 1505/1505/1505 1465/1465/1465 1463/1463/1463
f 1504/1504/1504 1502/1502/1502 1506/1506/1506
f 1505/1505/1505 1506/1506/1506 1502/1502/1502
f 1504/1504/1504 1507/1507/1507 1503/1503/1503
f 1463/1463/1463 1508/1508/1508 1505/1505/1505
f 1509/1509/1509 1503/1503/1503 1507/1507/1507
f 1503/1503/1503 1509/1509/1509 1501/1501/1501
f 1507/1507/1507 1504/1504/1504 1510/1510/1510
f 1506/1506/1506 1510/1510/1510 1504/1504/1504
f 1511/1511/1511 1498/1498/1498 1501/1501/1501
f 1498/1498/1498 1511/1511/1511 1499/1499/1499
f 1506/1506/1506 1505/1505/1505 1512/1512/1512
f 1508/1508/1508 1512/1512/1512 1505/1505/1505
f 1510/1510/1510 1506/1506/1506 1513/1513/1513
f 1512/1512/1512 1513/1513/1513 1506/1506/1506
f 1501/1501/1501 1514/1514/1514 1511/1511/1511
f 1514/1514/1514 1501/1501/1501 1509/1509/1509
f 1499/1499/1499 1511/1511/1511 1515/1515/1515
f 1511/1511/1511 1514/1514/1514 1516/1516/1516
f 1516/1516/1516 1515/1515/1515 1511/1511/1511
f 1509/1509/1509 1517/1517/1517 1514/1514/1514
f 1515/1515/1515 1518/1518/1518 1499/1499/1499
f 1497/1497/1497 1499/1499/1499 1518/1518/1518
f 1519/1519/1519 1516/1516/1516 1514/1514/1514
f 1514/1514/1514 1517/1517/1517 1519/1519/1519
f 1518/1518/1518 1520/1520/1520 1497/1497/1497
f 1495/1495/1495 1497/1497/1497 1520/1520/1520
f 1517/1517/1517 1509/1509/1509 1521/1521/1521
f 1507/1507/1507 1521/1521/1521 1509/1509/1509
f 1520/1520/1520 1522/1522/1522 1495/1495/1495
f 1521/1521/1521 1507/1507/1507 1523/1523/1523
f 1510/1510/1510 1523/1523/1523 1507/1507/1507
f 1524/1524/1524 1495/1495/1495 1522/1522/1522
f 1495/1495/1495 1524/1524/1524 1490/1490/1490
f 1488/1488/1488 1490/1490/1490 1524/1524/1524
f 1523/1523/1523 1510/1510/1510 1525/1525/1525
f 1513/1513/1513 1525/1525/1525 1510/1510/1510
f 1524/1524/1524 1526/1526/1526 1488/1488/1488
f 1487/1487/1487 1488/1488/1488 1526/1526/1526
f 1522/1522/1522 1527/1527/1527 1524/1524/1524
f 1526/1526/1526 1524/1524/1524 1527/1527/1527
f 1526/1526/1526 1528/1528/1528 1487/1487/1487
f 1485/1485/1485 1487/1487/1487 1528/1528/1528
f 1527/1527/1527 1529/1529/1529 1526/1526/1526
f 1528/1528/1528 1526/1526/1526 1529/1529/1529
f 1527/1527/1527 1522/1522/1522 1530/1530/1530
f 1529/1529/1529 1527/1527/1527 1531/1531/1531
f 1530/1530/1530 1531/1531/1531 1527/1527/1527
f 1529/1529/1529 1532/1532/1532 1528/1528/1528
f 1533/1533/1533 1530/1530/1530 1522/1522/1522
f 1522/1522/1522 1520/1520/1520 1533/1533/1533
f 1528/1528/1528 1534/1534/1534 1485/1485/1485
f 1534/1534/1534 1528/1528/1528 1532/1532/1532
f 1535/1535/1535 1533/1533/1533 1520/1520/1520
f 1520/1520/1520 1518/1518/1518 1535/1535/1535
f 1532/1532/1532 1529/1529/1529 1536/1536/1536
f 1531/1531/1531 1536/1536/1536 1529/1529/1529
f 1537/1537/1537 1535/1535/1535 1518/1518/1518
f 1518/1518/1518 1515/1515/1515 1537/1537/1537
f 1533/1533/1533 1535/1535/1535 1538/1538/1538
f 1539/1539/1539 1537/1537/1537 1515/1515/1515
f 1515/1515/1515 1516/1516/1516 1539/1539/1539
f 1540/1540/1540 1535/1535/1535 1537/1537/1537
f 1540/1540/1540 1538/1538/1538 1535/1535/1535
f 1541/1541/1541 1537/1537/1537 1539/1539/1539
f 1541/1541/1541 1540/1540/1540 1537/1537/1537
f 1542/1542/1542 1539/1539/1539 1516/1516/1516
f 1516/1516/1516 1519/1519/1519 1542/1542/1542
f 1543/1543/1543 1541/1541/1541 1539/1539/1539
f 1543/1543/1543 1539/1539/1539 1542/1542/1542
f 1544/1544/1544 1540/1540/1540 1541/1541/1541
f 1545/1545/1545 1542/1542/1542 1519/1519/1519
f 1541/1541/1541 1546/1546/1546 1544/1544/1544
f 1546/1546/1546 1541/1541/1541 1543/1543/1543
f 1540/1540/1540 1544/1544/1544 1547/1547/1547
f 1547/1547/1547 1538/1538/1538 1540/1540/1540
f 1548/1548/1548 1543/1543/1543 1542/1542/1542
f 1548/1548/1548 1542/1542/1542 1545/1545/1545
f 1538/1538/1538 1549/1549/1549 1533/1533/1533
f 1530/1530/1530 1533/1533/1533 1549/1549/1549
f 1538/1538/1538 1547/1547/1547 1550/1550/1550
f 1550/1550/1550 1549/1549/1549 1538/1538/1538
f 1549/1549/1549 1551/1551/1551 1530/1530/1530
f 1531/1531/1531 1530/1530/1530 1551/1551/1551
f 1549/1549/1549 1550/1550/1550 1552/1552/1552
f 1552/1552/1552 1551/1551/1551 1549/1549/1549
f 1551/1551/1551 1553/1553/1553 1531/1531/1531
f 1553/1553/1553 1551/1551/1551 1552/1552/1552
f 1536/1536/1536 1531/1531/1531 1553/1553/1553
f 1554/1554/1554 1550/1550/1550 1547/1547/1547
f 1553/1553/1553 1555/1555/1555 1536/1536/1536
f 1556/1556/1556 1552/1552/1552 1550/1550/1550
f 1550/1550/1550 1554/1554/1554 1556/1556/1556
f 1552/1552/1552 1557/1557/1557 1553/1553/1553
f 1547/1547/1547 1558/1558/1558 1554/1554/1554
f 1558/1558/1558 1547/1547/1547 1544/1544/1544
f 1559/1559/1559 1557/1557/1557 1552/1552/1552
f 1552/1552/1552 1556/1556/1556 1559/1559/1559
f 1553/1553/1553 1557/1557/1557 1560/1560/1560
f 1560/1560/1560 1555/1555/1555 1553/1553/1553
f 1557/1557/1557 1559/1559/1559 1561/1561/1561
f 1561/1561/1561 1560/1560/1560 1557/1557/1557
f 1562/1562/1562 1559/1559/1559 1556/1556/1556
f 1563/1563/1563 1536/1536/1536 1555/1555/1555
f 1536/1536/1536 1563/1563/1563 1532/1532/1532
f 1564/1564/1564 1555/1555/1555 1560/1560/1560
f 1555/1555/1555 1564/1564/1564 1563/1563/1563
f 1565/1565/1565 1532/1532/1532 1563/1563/1563
f 1532/1532/1532 1565/1565/1565 1534/1534/1534
f 1560/1560/1560 1566/1566/1566 1564/1564/1564
f 1563/1563/1563 1567/1567/1567 1565/1565/1565
f 1568/1568/1568 1566/1566/1566 1560/1560/1560
f 1560/1560/1560 1561/1561/1561 1568/1568/1568
f 1563/1563/1563 1564/1564/1564 1569/1569/1569
f 1569/1569/1569 1567/1567/1567 1563/1563/1563
f 1564/1564/1564 1566/1566/1566 1570/1570/1570
f 1570/1570/1570 1569/1569/1569 1564/1564/1564
f 1566/1566/1566 1568/1568/1568 1571/1571/1571
f 1571/1571/1571 1570/1570/1570 1566/1566/1566
f 1569/1569/1569 1570/1570/1570 1572/1572/1572
f 1572/1572/1572 1570/1570/1570 1571/1571/1571
f 1567/1567/1567 1569/1569/1569 1573/1573/1573
f 1572/1572/1572 1573/1573/1573 1569/1569/1569
f 1574/1574/1574 1565/1565/1565 1567/1567/1567
f 1534/1534/1534 1565/1565/1565 1574/1574/1574
f 1573/1573/1573 1575/1575/1575 1567/1567/1567
f 1567/1567/1567 1575/1575/1575 1574/1574/1574
f 1573/1573/1573 1572/1572/1572 1576/1576/1576
f 1577/1577/1577 1534/1534/1534 1574/1574/1574
f 1575/1575/1575 1573/1573/1573 1578/1578/1578
f 1576/1576/1576 1578/1578/1578 1573/1573/1573
f 1579/1579/1579 1574/1574/1574 1575/1575/1575
f 1577/1577/1577 1574/1574/1574 1579/1579/1579
f 1578/1578/1578 1580/1580/1580 1575/1575/1575
f 1575/1575/1575 1580/1580/1580 1579/1579/1579
f 1534/1534/1534 1577/1577/1577 1581/1581/1581
f 1581/1581/1581 1485/1485/1485 1534/1534/1534
f 1485/1485/1485 1581/1581/1581 1482/1482/1482
f 1483/1483/1483 1482/1482/1482 1581/1581/1581
f 1582/1582/1582 1581/1581/1581 1577/1577/1577
f 1581/1581/1581 1582/1582/1582 1483/1483/1483
f 1583/1583/1583 1577/1577/1577 1579/1579/1579
f 1577/1577/1577 1583/1583/1583 1582/1582/1582
f 1584/1584/1584 1483/1483/1483 1582/1582/1582
f 1483/1483/1483 1584/1584/1584 1481/1481/1481
f 1585/1585/1585 1582/1582/1582 1583/1583/1583
f 1582/1582/1582 1585/1585/1585 1584/1584/1584
f 1583/1583/1583 1579/1579/1579 1586/1586/1586
f 1586/1586/1586 1579/1579/1579 1580/1580/1580
f 1481/1481/1481 1584/1584/1584 1587/1587/1587
f 1587/1587/1587 1414/1414/1414 1481/1481/1481
f 1588/1588/1588 1583/1583/1583 1586/1586/1586
f 1583/1583/1583 1588/1588/1588 1585/1585/1585
f 1587/1587/1587 1589/1589/1589 1414/1414/1414
f 1398/1398/1398 1414/1414/1414 1589/1589/1589
f 1589/1589/1589 1393/1393/1393 1398/1398/1398
f 1590/1590/1590 1587/1587/1587 1584/1584/1584
f 1584/1584/1584 1585/1585/1585 1590/1590/1590
f 1589/1589/1589 1587/1587/1587 1591/1591/1591
f 1590/1590/1590 1591/1591/1591 1587/1587/1587
f 1393/1393/1393 1589/1589/1589 1592/1592/1592
f 1591/1591/1591 1592/1592/1592 1589/1589/1589
f 1592/1592/1592 1390/1390/1390 1393/1393/1393
f 1390/1390/1390 1592/1592/1592 1386/1386/1386
f 1593/1593/1593 1386/1386/1386 1592/1592/1592
f 1592/1592/1592 1591/1591/1591 1593/1593/1593
f 1386/1386/1386 1593/1593/1593 1379/1379/1379
f 1377/1377/1377 1379/1379/1379 1593/1593/1593
f 1594/1594/1594 1593/1593/1593 1591/1591/1591
f 1593/1593/1593 1594/1594/1594 1377/1377/1377
f 1591/1591/1591 1590/1590/1590 1594/1594/1594
f 1382/1382/1382 1377/1377/1377 1594/1594/1594
f 1595/1595/1595 1590/1590/1590 1585/1585/1585
f 1595/1595/1595 1594/1594/1594 1590/1590/1590
f 1594/1594/1594 1595/1595/1595 1382/1382/1382
f 1585/1585/1585 1588/1588/1588 1595/1595/1595
f 1382/1382/1382 1595/1595/1595 1384/1384/1384
f 1595/1595/1595 1588/1588/1588 1596/1596/1596
f 1595/1595/1595 1596/1596/1596 1384/1384/1384
f 1588/1588/1588 1586/1586/1586 1596/1596/1596
f 1597/1597/1597 1384/1384/1384 1596/1596/1596
f 1384/1384/1384 1597/1597/1597 1367/1367/1367
f 1596/1596/1596 1586/1586/1586 1598/1598/1598
f 1580/1580/1580 1598/1598/1598 1586/1586/1586
f 1596/1596/1596 1599/1599/1599 1597/1597/1597
f 1598/1598/1598 1599/1599/1599 1596/1596/1596
f 1600/1600/1600 1367/1367/1367 1597/1597/1597
f 1367/1367/1367 1600/1600/1600 1362/1362/1362
f 1362/1362/1362 1600/1600/1600 1360/1360/1360
f 1601/1601/1601 1597/1597/1597 1599/1599/1599
f 1597/1597/1597 1601/1601/1601 1600/1600/1600
f 1602/1602/1602 1360/1360/1360 1600/1600/1600
f 1600/1600/1600 1601/1601/1601 1602/1602/1602
f 1360/1360/1360 1602/1602/1602 1359/1359/1359
f 1599/1599/1599 1603/1603/1603 1601/1601/1601
f 1603/1603/1603 1599/1599/1599 1598/1598/1598
f 1604/1604/1604 1602/1602/1602 1601/1601/1601
f 1601/1601/1601 1603/1603/1603 1604/1604/1604
f 1602/1602/1602 1605/1605/1605 1359/1359/1359
f 1602/1602/1602 1604/1604/1604 1605/1605/1605
f 1357/1357/1357 1359/1359/1359 1605/1605/1605
f 1606/1606/1606 1598/1598/1598 1580/1580/1580
f 1598/1598/1598 1606/1606/1606 1603/1603/1603
f 1580/1580/1580 1578/1578/1578 1606/1606/1606
f 1603/1603/1603 1606/1606/1606 1607/1607/1607
f 1607/1607/1607 1606/1606/1606 1578/1578/1578
f 1607/1607/1607 1604/1604/1604 1603/1603/1603
f 1578/1578/1578 1576/1576/1576 1607/1607/1607
f 1604/1604/1604 1608/1608/1608 1605/1605/1605
f 1604/1604/1604 1607/1607/1607 1608/1608/1608
f 1609/1609/1609 1357/1357/1357 1605/1605/1605
f 1605/1605/1605 1608/1608/1608 1609/1609/1609
f 1607/1607/1607 1610/1610/1610 1608/1608/1608
f 1607/1607/1607 1576/1576/1576 1610/1610/1610
f 1609/1609/1609 1608/1608/1608 1610/1610/1610
f 1576/1576/1576 1611/1611/1611 1610/1610/1610
f 1576/1576/1576 1572/1572/1572 1611/1611/1611
f 1572/1572/1572 1571/1571/1571 1611/1611/1611
f 1610/1610/1610 1612/1612/1612 1609/1609/1609
f 1612/1612/1612 1610/1610/1610 1611/1611/1611
f 1357/1357/1357 1609/1609/1609 1613/1613/1613
f 1613/1613/1613 1609/1609/1609 1612/1612/1612
f 1613/1613/1613 1353/1353/1353 1357/1357/1357
f 1353/1353/1353 1613/1613/1613 1356/1356/1356
f 1611/1611/1611 1614/1614/1614 1612/1612/1612
f 1614/1614/1614 1611/1611/1611 1571/1571/1571
f 1612/1612/1612 1615/1615/1615 1613/1613/1613
f 1356/1356/1356 1613/1613/1613 1615/1615/1615
f 1615/1615/1615 1612/1612/1612 1614/1614/1614
f 1615/1615/1615 1616/1616/1616 1356/1356/1356
f 1352/1352/1352 1356/1356/1356 1616/1616/1616
f 1614/1614/1614 1617/1617/1617 1615/1615/1615
f 1616/1616/1616 1615/1615/1615 1617/1617/1617
f 1571/1571/1571 1618/1618/1618 1614/1614/1614
f 1617/1617/1617 1614/1614/1614 1618/1618/1618
f 1618/1618/1618 1571/1571/1571 1568/1568/1568
f 1616/1616/1616 1619/1619/1619 1352/1352/1352
f 1343/1343/1343 1352/1352/1352 1619/1619/1619
f 1568/1568/1568 1620/1620/1620 1618/1618/1618
f 1620/1620/1620 1568/1568/1568 1561/1561/1561
f 1618/1618/1618 1621/1621/1621 1617/1617/1617
f 1621/1621/1621 1618/1618/1618 1620/1620/1620
f 1617/1617/1617 1622/1622/1622 1616/1616/1616
f 1622/1622/1622 1617/1617/1617 1621/1621/1621
f 1619/1619/1619 1616/1616/1616 1622/1622/1622
f 1561/1561/1561 1623/1623/1623 1620/1620/1620
f 1623/1623/1623 1561/1561/1561 1559/1559/1559
f 1559/1559/1559 1562/1562/1562 1623/1623/1623
f 1620/1620/1620 1624/1624/1624 1621/1621/1621
f 1624/1624/1624 1620/1620/1620 1623/1623/1623
f 1621/1621/1621 1625/1625/1625 1622/1622/1622
f 1625/1625/1625 1621/1621/1621 1624/1624/1624
f 1622/1622/1622 1626/1626/1626 1619/1619/1619
f 1626/1626/1626 1622/1622/1622 1625/1625/1625
f 1623/1623/1623 1627/1627/1627 1624/1624/1624
f 1627/1627/1627 1623/1623/1623 1562/1562/1562
f 1624/1624/1624 1628/1628/1628 1625/1625/1625
f 1628/1628/1628 1624/1624/1624 1627/1627/1627
f 1625/1625/1625 1629/1629/1629 1626/1626/1626
f 1629/1629/1629 1625/1625/1625 1628/1628/1628
f 1630/1630/1630 1619/1619/1619 1626/1626/1626
f 1619/1619/1619 1630/1630/1630 1343/1343/1343
f 1631/1631/1631 1626/1626/1626 1629/1629/1629
f 1626/1626/1626 1631/1631/1631 1630/1630/1630
f 1632/1632/1632 1343/1343/1343 1630/1630/1630
f 1343/1343/1343 1632/1632/1632 1322/1322/1322
f 1322/1322/1322 1632/1632/1632 1321/1321/1321
f 1630/1630/1630 1633/1633/1633 1632/1632/1632
f 1321/1321/1321 1632/1632/1632 1633/1633/1633
f 1633/1633/1633 1630/1630/1630 1631/1631/1631
f 1633/1633/1633 1634/1634/1634 1321/1321/1321
f 1321/1321/1321 1634/1634/1634 1320/1320/1320
f 1631/1631/1631 1635/1635/1635 1633/1633/1633
f 1634/1634/1634 1633/1633/1633 1635/1635/1635
f 1629/1629/1629 1636/1636/1636 1631/1631/1631
f 1635/1635/1635 1631/1631/1631 1636/1636/1636
f 1637/1637/1637 1320/1320/1320 1634/1634/1634
f 1318/1318/1318 1320/1320/1320 1637/1637/1637
f 1635/1635/1635 1638/1638/1638 1634/1634/1634
f 1634/1634/1634 1638/1638/1638 1637/1637/1637
f 1636/1636/1636 1639/1639/1639 1635/1635/1635
f 1638/1638/1638 1635/1635/1635 1639/1639/1639
f 1636/1636/1636 1629/1629/1629 1640/1640/1640
f 1628/1628/1628 1640/1640/1640 1629/1629/1629
f 1639/1639/1639 1636/1636/1636 1641/1641/1641
f 1640/1640/1640 1641/1641/1641 1636/1636/1636
f 1639/1639/1639 1642/1642/1642 1638/1638/1638
f 1640/1640/1640 1628/1628/1628 1643/1643/1643
f 1627/1627/1627 1643/1643/1643 1628/1628/1628
f 1641/1641/1641 1640/1640/1640 1644/1644/1644
f 1643/1643/1643 1644/1644/1644 1640/1640/1640
f 1641/1641/1641 1645/1645/1645 1639/1639/1639
f 1642/1642/1642 1639/1639/1639 1645/1645/1645
f 1643/1643/1643 1627/1627/1627 1646/1646/1646
f 1562/1562/1562 1646/1646/1646 1627/1627/1627
f 1644/1644/1644 1643/1643/1643 1647/1647/1647
f 1646/1646/1646 1647/1647/1647 1643/1643/1643
f 1644/1644/1644 1648/1648/1648 1641/1641/1641
f 1645/1645/1645 1641/1641/1641 1648/1648/1648
f 1646/1646/1646 1562/1562/1562 1649/1649/1649
f 1556/1556/1556 1649/1649/1649 1562/1562/1562
f 1649/1649/1649 1556/1556/1556 1554/1554/1554
f 1649/1649/1649 1650/1650/1650 1646/1646/1646
f 1647/1647/1647 1646/1646/1646 1650/1650/1650
f 1554/1554/1554 1651/1651/1651 1649/1649/1649
f 1650/1650/1650 1649/1649/1649 1651/1651/1651
f 1651/1651/1651 1554/1554/1554 1558/1558/1558
f 1647/1647/1647 1652/1652/1652 1644/1644/1644
f 1648/1648/1648 1644/1644/1644 1652/1652/1652
f 1650/1650/1650 1653/1653/1653 1647/1647/1647
f 1652/1652/1652 1647/1647/1647 1653/1653/1653
f 1651/1651/1651 1654/1654/1654 1650/1650/1650
f 1653/1653/1653 1650/1650/1650 1654/1654/1654
f 1558/1558/1558 1655/1655/1655 1651/1651/1651
f 1654/1654/1654 1651/1651/1651 1655/1655/1655
f 1653/1653/1653 1656/1656/1656 1652/1652/1652
f 1654/1654/1654 1657/1657/1657 1653/1653/1653
f 1656/1656/1656 1653/1653/1653 1657/1657/1657
f 1655/1655/1655 1658/1658/1658 1654/1654/1654
f 1657/1657/1657 1654/1654/1654 1658/1658/1658
f 1659/1659/1659 1652/1652/1652 1656/1656/1656
f 1652/1652/1652 1659/1659/1659 1648/1648/1648
f 1657/1657/1657 1660/1660/1660 1656/1656/1656
f 1661/1661/1661 1648/1648/1648 1659/1659/1659
f 1648/1648/1648 1661/1661/1661 1645/1645/1645
f 1656/1656/1656 1662/1662/1662 1659/1659/1659
f 1662/1662/1662 1656/1656/1656 1660/1660/1660
f 1659/1659/1659 1663/1663/1663 1661/1661/1661
f 1663/1663/1663 1659/1659/1659 1662/1662/1662
f 1645/1645/1645 1661/1661/1661 1664/1664/1664
f 1661/1661/1661 1663/1663/1663 1665/1665/1665
f 1665/1665/1665 1664/1664/1664 1661/1661/1661
f 1662/1662/1662 1666/1666/1666 1663/1663/1663
f 1664/1664/1664 1667/1667/1667 1645/1645/1645
f 1645/1645/1645 1667/1667/1667 1642/1642/1642
f 1668/1668/1668 1665/1665/1665 1663/1663/1663
f 1663/1663/1663 1666/1666/1666 1668/1668/1668
f 1669/1669/1669 1664/1664/1664 1665/1665/1665
f 1669/1669/1669 1665/1665/1665 1668/1668/1668
f 1667/1667/1667 1664/1664/1664 1670/1670/1670
f 1670/1670/1670 1664/1664/1664 1669/1669/1669
f 1671/1671/1671 1642/1642/1642 1667/1667/1667
f 1638/1638/1638 1642/1642/1642 1671/1671/1671
f 1671/1671/1671 1637/1637/1637 1638/1638/1638
f 1670/1670/1670 1672/1672/1672 1667/1667/1667
f 1667/1667/1667 1672/1672/1672 1671/1671/1671
f 1673/1673/1673 1637/1637/1637 1671/1671/1671
f 1637/1637/1637 1673/1673/1673 1318/1318/1318
f 1674/1674/1674 1671/1671/1671 1672/1672/1672
f 1671/1671/1671 1674/1674/1674 1673/1673/1673
f 1675/1675/1675 1318/1318/1318 1673/1673/1673
f 1318/1318/1318 1675/1675/1675 1295/1295/1295
f 1295/1295/1295 1675/1675/1675 1294/1294/1294
f 1676/1676/1676 1673/1673/1673 1674/1674/1674
f 1673/1673/1673 1676/1676/1676 1675/1675/1675
f 1677/1677/1677 1294/1294/1294 1675/1675/1675
f 1675/1675/1675 1676/1676/1676 1677/1677/1677
f 1294/1294/1294 1677/1677/1677 1268/1268/1268
f 1674/1674/1674 1678/1678/1678 1676/1676/1676
f 1679/1679/1679 1268/1268/1268 1677/1677/1677
f 1266/1266/1266 1268/1268/1268 1679/1679/1679
f 1680/1680/1680 1677/1677/1677 1676/1676/1676
f 1676/1676/1676 1678/1678/1678 1680/1680/1680
f 1677/1677/1677 1680/1680/1680 1679/1679/1679
f 1678/1678/1678 1674/1674/1674 1681/1681/1681
f 1672/1672/1672 1681/1681/1681 1674/1674/1674
f 1680/1680/1680 1678/1678/1678 1682/1682/1682
f 1681/1681/1681 1682/1682/1682 1678/1678/1678
f 1679/1679/1679 1680/1680/1680 1683/1683/1683
f 1682/1682/1682 1683/1683/1683 1680/1680/1680
f 1684/1684/1684 1681/1681/1681 1672/1672/1672
f 1672/1672/1672 1670/1670/1670 1684/1684/1684
f 1685/1685/1685 1682/1682/1682 1681/1681/1681
f 1681/1681/1681 1684/1684/1684 1685/1685/1685
f 1686/1686/1686 1683/1683/1683 1682/1682/1682
f 1682/1682/1682 1685/1685/1685 1686/1686/1686
f 1687/1687/1687 1684/1684/1684 1670/1670/1670
f 1688/1688/1688 1685/1685/1685 1684/1684/1684
f 1684/1684/1684 1687/1687/1687 1688/1688/1688
f 1689/1689/1689 1686/1686/1686 1685/1685/1685
f 1685/1685/1685 1688/1688/1688 1689/1689/1689
f 1670/1670/1670 1690/1690/1690 1687/1687/1687
f 1669/1669/1669 1690/1690/1690 1670/1670/1670
f 1691/1691/1691 1688/1688/1688 1687/1687/1687
f 1692/1692/1692 1690/1690/1690 1669/1669/1669
f 1668/1668/1668 1692/1692/1692 1669/1669/1669
f 1693/1693/1693 1687/1687/1687 1690/1690/1690
f 1690/1690/1690 1692/1692/1692 1693/1693/1693
f 1687/1687/1687 1693/1693/1693 1691/1691/1691
f 1694/1694/1694 1692/1692/1692 1668/1668/1668
f 1695/1695/1695 1693/1693/1693 1692/1692/1692
f 1692/1692/1692 1694/1694/1694 1695/1695/1695
f 1696/1696/1696 1691/1691/1691 1693/1693/1693
f 1693/1693/1693 1695/1695/1695 1696/1696/1696
f 1688/1688/1688 1691/1691/1691 1697/1697/1697
f 1697/1697/1697 1689/1689/1689 1688/1688/1688
f 1691/1691/1691 1696/1696/1696 1698/1698/1698
f 1698/1698/1698 1697/1697/1697 1691/1691/1691
f 1699/1699/1699 1696/1696/1696 1695/1695/1695
f 1689/1689/1689 1697/1697/1697 1700/1700/1700
f 1701/1701/1701 1698/1698/1698 1696/1696/1696
f 1696/1696/1696 1699/1699/1699 1701/1701/1701
f 1697/1697/1697 1698/1698/1698 1702/1702/1702
f 1702/1702/1702 1700/1700/1700 1697/1697/1697
f 1698/1698/1698 1701/1701/1701 1703/1703/1703
f 1703/1703/1703 1702/1702/1702 1698/1698/1698
f 1700/1700/1700 1704/1704/1704 1689/1689/1689
f 1686/1686/1686 1689/1689/1689 1704/1704/1704
f 1700/1700/1700 1702/1702/1702 1705/1705/1705
f 1704/1704/1704 1706/1706/1706 1686/1686/1686
f 1683/1683/1683 1686/1686/1686 1706/1706/1706
f 1704/1704/1704 1700/1700/1700 1707/1707/1707
f 1705/1705/1705 1707/1707/1707 1700/1700/1700
f 1706/1706/1706 1704/1704/1704 1708/1708/1708
f 1707/1707/1707 1708/1708/1708 1704/1704/1704
f 1706/1706/1706 1709/1709/1709 1683/1683/1683
f 1683/1683/1683 1709/1709/1709 1679/1679/1679
f 1708/1708/1708 1710/1710/1710 1706/1706/1706
f 1709/1709/1709 1706/1706/1706 1710/1710/1710
f 1711/1711/1711 1679/1679/1679 1709/1709/1709
f 1679/1679/1679 1711/1711/1711 1266/1266/1266
f 1256/1256/1256 1266/1266/1266 1711/1711/1711
f 1710/1710/1710 1712/1712/1712 1709/1709/1709
f 1709/1709/1709 1712/1712/1712 1711/1711/1711
f 1711/1711/1711 1713/1713/1713 1256/1256/1256
f 1713/1713/1713 1711/1711/1711 1712/1712/1712
f 1256/1256/1256 1713/1713/1713 1255/1255/1255
f 1712/1712/1712 1714/1714/1714 1713/1713/1713
f 1255/1255/1255 1713/1713/1713 1714/1714/1714
f 1712/1712/1712 1710/1710/1710 1715/1715/1715
f 1715/1715/1715 1714/1714/1714 1712/1712/1712
f 1714/1714/1714 1716/1716/1716 1255/1255/1255
f 1716/1716/1716 1714/1714/1714 1715/1715/1715
f 1255/1255/1255 1716/1716/1716 1258/1258/1258
f 1710/1710/1710 1708/1708/1708 1717/1717/1717
f 1717/1717/1717 1715/1715/1715 1710/1710/1710
f 1717/1717/1717 1708/1708/1708 1707/1707/1707
f 1715/1715/1715 1718/1718/1718 1716/1716/1716
f 1258/1258/1258 1716/1716/1716 1718/1718/1718
f 1718/1718/1718 1715/1715/1715 1717/1717/1717
f 1718/1718/1718 1260/1260/1260 1258/1258/1258
f 1707/1707/1707 1719/1719/1719 1717/1717/1717
f 1260/1260/1260 1718/1718/1718 1720/1720/1720
f 1717/1717/1717 1720/1720/1720 1718/1718/1718
f 1720/1720/1720 1717/1717/1717 1719/1719/1719
f 1720/1720/1720 1262/1262/1262 1260/1260/1260
f 1440/1440/1440 1262/1262/1262 1720/1720/1720
f 1721/1721/1721 1719/1719/1719 1707/1707/1707
f 1707/1707/1707 1705/1705/1705 1721/1721/1721
f 1719/1719/1719 1722/1722/1722 1720/1720/1720
f 1720/1720/1720 1722/1722/1722 1440/1440/1440
f 1722/1722/1722 1719/1719/1719 1721/1721/1721
f 1440/1440/1440 1722/1722/1722 1723/1723/1723
f 1721/1721/1721 1723/1723/1723 1722/1722/1722
f 1723/1723/1723 1444/1444/1444 1440/1440/1440
f 1721/1721/1721 1705/1705/1705 1724/1724/1724
f 1724/1724/1724 1705/1705/1705 1702/1702/1702
f 1702/1702/1702 1703/1703/1703 1724/1724/1724
f 1723/1723/1723 1721/1721/1721 1725/1725/1725
f 1724/1724/1724 1725/1725/1725 1721/1721/1721
f 1444/1444/1444 1723/1723/1723 1726/1726/1726
f 1725/1725/1725 1726/1726/1726 1723/1723/1723
f 1726/1726/1726 1449/1449/1449 1444/1444/1444
f 1727/1727/1727 1725/1725/1725 1724/1724/1724
f 1726/1726/1726 1725/1725/1725 1727/1727/1727
f 1728/1728/1728 1724/1724/1724 1703/1703/1703
f 1724/1724/1724 1728/1728/1728 1727/1727/1727
f 1449/1449/1449 1726/1726/1726 1729/1729/1729
f 1727/1727/1727 1729/1729/1729 1726/1726/1726
f 1703/1703/1703 1730/1730/1730 1728/1728/1728
f 1701/1701/1701 1730/1730/1730 1703/1703/1703
f 1731/1731/1731 1727/1727/1727 1728/1728/1728
f 1729/1729/1729 1727/1727/1727 1731/1731/1731
f 1730/1730/1730 1732/1732/1732 1728/1728/1728
f 1728/1728/1728 1732/1732/1732 1731/1731/1731
f 1730/1730/1730 1701/1701/1701 1733/1733/1733
f 1699/1699/1699 1733/1733/1733 1701/1701/1701
f 1730/1730/1730 1734/1734/1734 1732/1732/1732
f 1733/1733/1733 1734/1734/1734 1730/1730/1730
f 1735/1735/1735 1731/1731/1731 1732/1732/1732
f 1729/1729/1729 1736/1736/1736 1449/1449/1449
f 1448/1448/1448 1449/1449/1449 1736/1736/1736
f 1731/1731/1731 1737/1737/1737 1729/1729/1729
f 1736/1736/1736 1729/1729/1729 1737/1737/1737
f 1737/1737/1737 1731/1731/1731 1735/1735/1735
f 1736/1736/1736 1738/1738/1738 1448/1448/1448
f 1737/1737/1737 1739/1739/1739 1736/1736/1736
f 1736/1736/1736 1739/1739/1739 1738/1738/1738
f 1735/1735/1735 1740/1740/1740 1737/1737/1737
f 1739/1739/1739 1737/1737/1737 1740/1740/1740
f 1732/1732/1732 1741/1741/1741 1735/1735/1735
f 1734/1734/1734 1741/1741/1741 1732/1732/1732
f 1740/1740/1740 1735/1735/1735 1742/1742/1742
f 1742/1742/1742 1735/1735/1735 1741/1741/1741
f 1740/1740/1740 1743/1743/1743 1739/1739/1739
f 1734/1734/1734 1744/1744/1744 1741/1741/1741
f 1739/1739/1739 1743/1743/1743 1745/1745/1745
f 1739/1739/1739 1745/1745/1745 1738/1738/1738
f 1743/1743/1743 1740/1740/1740 1746/1746/1746
f 1742/1742/1742 1746/1746/1746 1740/1740/1740
f 1747/1747/1747 1448/1448/1448 1738/1738/1738
f 1448/1448/1448 1747/1747/1747 1446/1446/1446
f 1748/1748/1748 1738/1738/1738 1745/1745/1745
f 1738/1738/1738 1748/1748/1748 1747/1747/1747
f 1749/1749/1749 1446/1446/1446 1747/1747/1747
f 1446/1446/1446 1749/1749/1749 1447/1447/1447
f 1750/1750/1750 1747/1747/1747 1748/1748/1748
f 1747/1747/1747 1750/1750/1750 1749/1749/1749
f 1751/1751/1751 1447/1447/1447 1749/1749/1749
f 1447/1447/1447 1751/1751/1751 1452/1452/1452
f 1752/1752/1752 1749/1749/1749 1750/1750/1750
f 1749/1749/1749 1752/1752/1752 1751/1751/1751
f 1753/1753/1753 1452/1452/1452 1751/1751/1751
f 1452/1452/1452 1753/1753/1753 1455/1455/1455
f 1754/1754/1754 1751/1751/1751 1752/1752/1752
f 1751/1751/1751 1754/1754/1754 1753/1753/1753
f 1750/1750/1750 1755/1755/1755 1752/1752/1752
f 1756/1756/1756 1455/1455/1455 1753/1753/1753
f 1752/1752/1752 1757/1757/1757 1754/1754/1754
f 1757/1757/1757 1752/1752/1752 1755/1755/1755
f 1758/1758/1758 1753/1753/1753 1754/1754/1754
f 1753/1753/1753 1758/1758/1758 1756/1756/1756
f 1759/1759/1759 1754/1754/1754 1757/1757/1757
f 1754/1754/1754 1759/1759/1759 1758/1758/1758
f 1455/1455/1455 1756/1756/1756 1760/1760/1760
f 1455/1455/1455 1760/1760/1760 1453/1453/1453
f 1457/1457/1457 1453/1453/1453 1760/1760/1760
f 1761/1761/1761 1756/1756/1756 1758/1758/1758
f 1762/1762/1762 1760/1760/1760 1756/1756/1756
f 1756/1756/1756 1761/1761/1761 1762/1762/1762
f 1760/1760/1760 1763/1763/1763 1457/1457/1457
f 1760/1760/1760 1762/1762/1762 1763/1763/1763
f 1758/1758/1758 1764/1764/1764 1761/1761/1761
f 1764/1764/1764 1758/1758/1758 1759/1759/1759
f 1765/1765/1765 1457/1457/1457 1763/1763/1763
f 1457/1457/1457 1765/1765/1765 1459/1459/1459
f 1459/1459/1459 1765/1765/1765 1463/1463/1463
f 1508/1508/1508 1463/1463/1463 1765/1765/1765
f 1763/1763/1763 1766/1766/1766 1765/1765/1765
f 1765/1765/1765 1766/1766/1766 1508/1508/1508
f 1767/1767/1767 1763/1763/1763 1762/1762/1762
f 1763/1763/1763 1767/1767/1767 1766/1766/1766
f 1766/1766/1766 1768/1768/1768 1508/1508/1508
f 1768/1768/1768 1766/1766/1766 1767/1767/1767
f 1512/1512/1512 1508/1508/1508 1768/1768/1768
f 1762/1762/1762 1769/1769/1769 1767/1767/1767
f 1769/1769/1769 1762/1762/1762 1761/1761/1761
f 1767/1767/1767 1770/1770/1770 1768/1768/1768
f 1770/1770/1770 1767/1767/1767 1769/1769/1769
f 1768/1768/1768 1771/1771/1771 1512/1512/1512
f 1771/1771/1771 1768/1768/1768 1770/1770/1770
f 1513/1513/1513 1512/1512/1512 1771/1771/1771
f 1761/1761/1761 1772/1772/1772 1769/1769/1769
f 1772/1772/1772 1761/1761/1761 1764/1764/1764
f 1769/1769/1769 1773/1773/1773 1770/1770/1770
f 1773/1773/1773 1769/1769/1769 1772/1772/1772
f 1770/1770/1770 1774/1774/1774 1771/1771/1771
f 1774/1774/1774 1770/1770/1770 1773/1773/1773
f 1771/1771/1771 1775/1775/1775 1513/1513/1513
f 1775/1775/1775 1771/1771/1771 1774/1774/1774
f 1525/1525/1525 1513/1513/1513 1775/1775/1775
f 1773/1773/1773 1776/1776/1776 1774/1774/1774
f 1774/1774/1774 1777/1777/1777 1775/1775/1775
f 1777/1777/1777 1774/1774/1774 1776/1776/1776
f 1775/1775/1775 1778/1778/1778 1525/1525/1525
f 1778/1778/1778 1775/1775/1775 1777/1777/1777
f 1772/1772/1772 1779/1779/1779 1773/1773/1773
f 1776/1776/1776 1773/1773/1773 1779/1779/1779
f 1764/1764/1764 1780/1780/1780 1772/1772/1772
f 1779/1779/1779 1772/1772/1772 1780/1780/1780
f 1776/1776/1776 1781/1781/1781 1777/1777/1777
f 1779/1779/1779 1782/1782/1782 1776/1776/1776
f 1781/1781/1781 1776/1776/1776 1782/1782/1782
f 1780/1780/1780 1783/1783/1783 1779/1779/1779
f 1782/1782/1782 1779/1779/1779 1783/1783/1783
f 1784/1784/1784 1777/1777/1777 1781/1781/1781
f 1777/1777/1777 1784/1784/1784 1778/1778/1778
f 1785/1785/1785 1781/1781/1781 1782/1782/1782
f 1785/1785/1785 1784/1784/1784 1781/1781/1781
f 1782/1782/1782 1783/1783/1783 1785/1785/1785
f 1786/1786/1786 1778/1778/1778 1784/1784/1784
f 1785/1785/1785 1786/1786/1786 1784/1784/1784
f 1787/1787/1787 1525/1525/1525 1778/1778/1778
f 1778/1778/1778 1786/1786/1786 1787/1787/1787
f 1525/1525/1525 1787/1787/1787 1523/1523/1523
f 1788/1788/1788 1787/1787/1787 1786/1786/1786
f 1785/1785/1785 1788/1788/1788 1786/1786/1786
f 1789/1789/1789 1523/1523/1523 1787/1787/1787
f 1787/1787/1787 1788/1788/1788 1789/1789/1789
f 1523/1523/1523 1789/1789/1789 1521/1521/1521
f 1790/1790/1790 1789/1789/1789 1788/1788/1788
f 1785/1785/1785 1790/1790/1790 1788/1788/1788
f 1791/1791/1791 1521/1521/1521 1789/1789/1789
f 1789/1789/1789 1790/1790/1790 1791/1791/1791
f 1521/1521/1521 1791/1791/1791 1517/1517/1517
f 1517/1517/1517 1791/1791/1791 1792/1792/1792
f 1792/1792/1792 1519/1519/1519 1517/1517/1517
f 1519/1519/1519 1792/1792/1792 1545/1545/1545
f 1791/1791/1791 1790/1790/1790 1793/1793/1793
f 1793/1793/1793 1792/1792/1792 1791/1791/1791
f 1794/1794/1794 1545/1545/1545 1792/1792/1792
f 1792/1792/1792 1793/1793/1793 1794/1794/1794
f 1795/1795/1795 1793/1793/1793 1790/1790/1790
f 1785/1785/1785 1795/1795/1795 1790/1790/1790
f 1796/1796/1796 1794/1794/1794 1793/1793/1793
f 1793/1793/1793 1795/1795/1795 1796/1796/1796
f 1545/1545/1545 1794/1794/1794 1797/1797/1797
f 1797/1797/1797 1548/1548/1548 1545/1545/1545
f 1798/1798/1798 1794/1794/1794 1796/1796/1796
f 1798/1798/1798 1797/1797/1797 1794/1794/1794
f 1799/1799/1799 1796/1796/1796 1795/1795/1795
f 1798/1798/1798 1796/1796/1796 1799/1799/1799
f 1548/1548/1548 1797/1797/1797 1800/1800/1800
f 1800/1800/1800 1797/1797/1797 1798/1798/1798
f 1795/1795/1795 1801/1801/1801 1799/1799/1799
f 1801/1801/1801 1795/1795/1795 1785/1785/1785
f 1800/1800/1800 1802/1802/1802 1548/1548/1548
f 1543/1543/1543 1548/1548/1548 1802/1802/1802
f 1785/1785/1785 1803/1803/1803 1801/1801/1801
f 1802/1802/1802 1804/1804/1804 1543/1543/1543
f 1543/1543/1543 1804/1804/1804 1546/1546/1546
f 1805/1805/1805 1801/1801/1801 1803/1803/1803
f 1799/1799/1799 1801/1801/1801 1805/1805/1805
f 1806/1806/1806 1546/1546/1546 1804/1804/1804
f 1807/1807/1807 1804/1804/1804 1802/1802/1802
f 1804/1804/1804 1807/1807/1807 1806/1806/1806
f 1808/1808/1808 1802/1802/1802 1800/1800/1800
f 1802/1802/1802 1808/1808/1808 1807/1807/1807
f 1546/1546/1546 1806/1806/1806 1809/1809/1809
f 1809/1809/1809 1544/1544/1544 1546/1546/1546
f 1544/1544/1544 1809/1809/1809 1558/1558/1558
f 1810/1810/1810 1806/1806/1806 1807/1807/1807
f 1811/1811/1811 1558/1558/1558 1809/1809/1809
f 1558/1558/1558 1811/1811/1811 1655/1655/1655
f 1812/1812/1812 1809/1809/1809 1806/1806/1806
f 1809/1809/1809 1812/1812/1812 1811/1811/1811
f 1806/1806/1806 1810/1810/1810 1812/1812/1812
f 1813/1813/1813 1655/1655/1655 1811/1811/1811
f 1655/1655/1655 1813/1813/1813 1658/1658/1658
f 1814/1814/1814 1811/1811/1811 1812/1812/1812
f 1811/1811/1811 1814/1814/1814 1813/1813/1813
f 1815/1815/1815 1812/1812/1812 1810/1810/1810
f 1812/1812/1812 1815/1815/1815 1814/1814/1814
f 1807/1807/1807 1816/1816/1816 1810/1810/1810
f 1816/1816/1816 1807/1807/1807 1808/1808/1808
f 1810/1810/1810 1817/1817/1817 1815/1815/1815
f 1817/1817/1817 1810/1810/1810 1816/1816/1816
f 1808/1808/1808 1818/1818/1818 1816/1816/1816
f 1800/1800/1800 1818/1818/1818 1808/1808/1808
f 1816/1816/1816 1819/1819/1819 1817/1817/1817
f 1819/1819/1819 1816/1816/1816 1818/1818/1818
f 1818/1818/1818 1800/1800/1800 1820/1820/1820
f 1798/1798/1798 1820/1820/1820 1800/1800/1800
f 1819/1819/1819 1818/1818/1818 1821/1821/1821
f 1818/1818/1818 1820/1820/1820 1821/1821/1821
f 1822/1822/1822 1817/1817/1817 1819/1819/1819
f 1822/1822/1822 1819/1819/1819 1821/1821/1821
f 1820/1820/1820 1798/1798/1798 1823/1823/1823
f 1799/1799/1799 1823/1823/1823 1798/1798/1798
f 1817/1817/1817 1822/1822/1822 1824/1824/1824
f 1824/1824/1824 1815/1815/1815 1817/1817/1817
f 1823/1823/1823 1799/1799/1799 1825/1825/1825
f 1805/1805/1805 1825/1825/1825 1799/1799/1799
f 1823/1823/1823 1826/1826/1826 1820/1820/1820
f 1821/1821/1821 1820/1820/1820 1826/1826/1826
f 1827/1827/1827 1823/1823/1823 1825/1825/1825
f 1826/1826/1826 1823/1823/1823 1827/1827/1827
f 1825/1825/1825 1805/1805/1805 1828/1828/1828
f 1827/1827/1827 1829/1829/1829 1826/1826/1826
f 1828/1828/1828 1805/1805/1805 1830/1830/1830
f 1803/1803/1803 1830/1830/1830 1805/1805/1805
f 1827/1827/1827 1825/1825/1825 1831/1831/1831
f 1828/1828/1828 1831/1831/1831 1825/1825/1825
f 1829/1829/1829 1827/1827/1827 1832/1832/1832
f 1832/1832/1832 1827/1827/1827 1831/1831/1831
f 1833/1833/1833 1826/1826/1826 1829/1829/1829
f 1826/1826/1826 1833/1833/1833 1821/1821/1821
f 1832/1832/1832 1834/1834/1834 1829/1829/1829
f 1829/1829/1829 1835/1835/1835 1833/1833/1833
f 1835/1835/1835 1829/1829/1829 1834/1834/1834
f 1836/1836/1836 1821/1821/1821 1833/1833/1833
f 1837/1837/1837 1833/1833/1833 1835/1835/1835
f 1833/1833/1833 1837/1837/1837 1836/1836/1836
f 1834/1834/1834 1838/1838/1838 1835/1835/1835
f 1835/1835/1835 1839/1839/1839 1837/1837/1837
f 1839/1839/1839 1835/1835/1835 1838/1838/1838
f 1840/1840/1840 1834/1834/1834 1832/1832/1832
f 1838/1838/1838 1834/1834/1834 1841/1841/1841
f 1840/1840/1840 1841/1841/1841 1834/1834/1834
f 1832/1832/1832 1842/1842/1842 1840/1840/1840
f 1841/1841/1841 1843/1843/1843 1838/1838/1838
f 1844/1844/1844 1842/1842/1842 1832/1832/1832
f 1844/1844/1844 1832/1832/1832 1831/1831/1831
f 1845/1845/1845 1840/1840/1840 1842/1842/1842
f 1840/1840/1840 1845/1845/1845 1841/1841/1841
f 1842/1842/1842 1844/1844/1844 1845/1845/1845
f 1843/1843/1843 1841/1841/1841 1845/1845/1845
f 1831/1831/1831 1846/1846/1846 1844/1844/1844
f 1846/1846/1846 1845/1845/1845 1844/1844/1844
f 1845/1845/1845 1846/1846/1846 1831/1831/1831
f 1831/1831/1831 1828/1828/1828 1845/1845/1845
f 1847/1847/1847 1838/1838/1838 1843/1843/1843
f 1838/1838/1838 1847/1847/1847 1839/1839/1839
f 1845/1845/1845 1828/1828/1828 1848/1848/1848
f 1830/1830/1830 1848/1848/1848 1828/1828/1828
f 1845/1845/1845 1849/1849/1849 1843/1843/1843
f 1848/1848/1848 1849/1849/1849 1845/1845/1845
f 1843/1843/1843 1850/1850/1850 1847/1847/1847
f 1849/1849/1849 1850/1850/1850 1843/1843/1843
f 1851/1851/1851 1839/1839/1839 1847/1847/1847
f 1849/1849/1849 1852/1852/1852 1850/1850/1850
f 1847/1847/1847 1850/1850/1850 1853/1853/1853
f 1853/1853/1853 1851/1851/1851 1847/1847/1847
f 1854/1854/1854 1852/1852/1852 1849/1849/1849
f 1849/1849/1849 1848/1848/1848 1854/1854/1854
f 1850/1850/1850 1852/1852/1852 1855/1855/1855
f 1855/1855/1855 1852/1852/1852 1854/1854/1854
f 1855/1855/1855 1853/1853/1853 1850/1850/1850
f 1856/1856/1856 1854/1854/1854 1848/1848/1848
f 1848/1848/1848 1830/1830/1830 1856/1856/1856
f 1854/1854/1854 1857/1857/1857 1855/1855/1855
f 1854/1854/1854 1856/1856/1856 1857/1857/1857
f 1858/1858/1858 1856/1856/1856 1830/1830/1830
f 1830/1830/1830 1803/1803/1803 1858/1858/1858
f 1859/1859/1859 1857/1857/1857 1856/1856/1856
f 1856/1856/1856 1858/1858/1858 1859/1859/1859
f 1860/1860/1860 1858/1858/1858 1803/1803/1803
f 1803/1803/1803 1785/1785/1785 1860/1860/1860
f 1858/1858/1858 1860/1860/1860 1861/1861/1861
f 1861/1861/1861 1859/1859/1859 1858/1858/1858
f 1862/1862/1862 1860/1860/1860 1785/1785/1785
f 1861/1861/1861 1860/1860/1860 1862/1862/1862
f 1785/1785/1785 1783/1783/1783 1862/1862/1862
f 1783/1783/1783 1780/1780/1780 1862/1862/1862
f 1863/1863/1863 1862/1862/1862 1780/1780/1780
f 1780/1780/1780 1764/1764/1764 1863/1863/1863
f 1759/1759/1759 1863/1863/1863 1764/1764/1764
f 1862/1862/1862 1863/1863/1863 1864/1864/1864
f 1862/1862/1862 1864/1864/1864 1861/1861/1861
f 1863/1863/1863 1759/1759/1759 1865/1865/1865
f 1865/1865/1865 1864/1864/1864 1863/1863/1863
f 1757/1757/1757 1865/1865/1865 1759/1759/1759
f 1864/1864/1864 1865/1865/1865 1866/1866/1866
f 1861/1861/1861 1864/1864/1864 1866/1866/1866
f 1865/1865/1865 1757/1757/1757 1867/1867/1867
f 1867/1867/1867 1866/1866/1866 1865/1865/1865
f 1755/1755/1755 1867/1867/1867 1757/1757/1757
f 1866/1866/1866 1867/1867/1867 1868/1868/1868
f 1866/1866/1866 1868/1868/1868 1861/1861/1861
f 1867/1867/1867 1755/1755/1755 1869/1869/1869
f 1869/1869/1869 1868/1868/1868 1867/1867/1867
f 1868/1868/1868 1870/1870/1870 1861/1861/1861
f 1868/1868/1868 1869/1869/1869 1870/1870/1870
f 1871/1871/1871 1869/1869/1869 1755/1755/1755
f 1755/1755/1755 1750/1750/1750 1871/1871/1871
f 1748/1748/1748 1871/1871/1871 1750/1750/1750
f 1872/1872/1872 1870/1870/1870 1869/1869/1869
f 1869/1869/1869 1871/1871/1871 1872/1872/1872
f 1871/1871/1871 1748/1748/1748 1873/1873/1873
f 1873/1873/1873 1872/1872/1872 1871/1871/1871
f 1745/1745/1745 1873/1873/1873 1748/1748/1748
f 1870/1870/1870 1872/1872/1872 1874/1874/1874
f 1870/1870/1870 1874/1874/1874 1861/1861/1861
f 1872/1872/1872 1873/1873/1873 1875/1875/1875
f 1875/1875/1875 1874/1874/1874 1872/1872/1872
f 1873/1873/1873 1745/1745/1745 1876/1876/1876
f 1876/1876/1876 1875/1875/1875 1873/1873/1873
f 1743/1743/1743 1876/1876/1876 1745/1745/1745
f 1874/1874/1874 1877/1877/1877 1861/1861/1861
f 1874/1874/1874 1875/1875/1875 1877/1877/1877
f 1877/1877/1877 1859/1859/1859 1861/1861/1861
f 1875/1875/1875 1876/1876/1876 1878/1878/1878
f 1878/1878/1878 1877/1877/1877 1875/1875/1875
f 1743/1743/1743 1879/1879/1879 1876/1876/1876
f 1879/1879/1879 1878/1878/1878 1876/1876/1876
f 1746/1746/1746 1879/1879/1879 1743/1743/1743
f 1880/1880/1880 1877/1877/1877 1878/1878/1878
f 1879/1879/1879 1880/1880/1880 1878/1878/1878
f 1877/1877/1877 1881/1881/1881 1859/1859/1859
f 1877/1877/1877 1880/1880/1880 1881/1881/1881
f 1879/1879/1879 1746/1746/1746 1882/1882/1882
f 1882/1882/1882 1880/1880/1880 1879/1879/1879
f 1881/1881/1881 1883/1883/1883 1859/1859/1859
f 1857/1857/1857 1859/1859/1859 1883/1883/1883
f 1884/1884/1884 1881/1881/1881 1880/1880/1880
f 1883/1883/1883 1881/1881/1881 1884/1884/1884
f 1880/1880/1880 1882/1882/1882 1884/1884/1884
f 1857/1857/1857 1883/1883/1883 1885/1885/1885
f 1855/1855/1855 1857/1857/1857 1885/1885/1885
f 1886/1886/1886 1882/1882/1882 1746/1746/1746
f 1746/1746/1746 1742/1742/1742 1886/1886/1886
f 1885/1885/1885 1883/1883/1883 1887/1887/1887
f 1884/1884/1884 1887/1887/1887 1883/1883/1883
f 1888/1888/1888 1886/1886/1886 1742/1742/1742
f 1742/1742/1742 1741/1741/1741 1888/1888/1888
f 1882/1882/1882 1886/1886/1886 1889/1889/1889
f 1889/1889/1889 1884/1884/1884 1882/1882/1882
f 1889/1889/1889 1886/1886/1886 1888/1888/1888
f 1890/1890/1890 1887/1887/1887 1884/1884/1884
f 1884/1884/1884 1889/1889/1889 1890/1890/1890
f 1891/1891/1891 1888/1888/1888 1741/1741/1741
f 1744/1744/1744 1891/1891/1891 1741/1741/1741
f 1888/1888/1888 1892/1892/1892 1889/1889/1889
f 1891/1891/1891 1893/1893/1893 1888/1888/1888
f 1892/1892/1892 1888/1888/1888 1893/1893/1893
f 1894/1894/1894 1890/1890/1890 1889/1889/1889
f 1889/1889/1889 1892/1892/1892 1894/1894/1894
f 1887/1887/1887 1890/1890/1890 1895/1895/1895
f 1890/1890/1890 1894/1894/1894 1896/1896/1896
f 1896/1896/1896 1895/1895/1895 1890/1890/1890
f 1897/1897/1897 1894/1894/1894 1892/1892/1892
f 1895/1895/1895 1898/1898/1898 1887/1887/1887
f 1887/1887/1887 1898/1898/1898 1885/1885/1885
f 1896/1896/1896 1894/1894/1894 1851/1851/1851
f 1894/1894/1894 1897/1897/1897 1851/1851/1851
f 1839/1839/1839 1851/1851/1851 1897/1897/1897
f 1896/1896/1896 1851/1851/1851 1853/1853/1853
f 1897/1897/1897 1837/1837/1837 1839/1839/1839
f 1853/1853/1853 1899/1899/1899 1896/1896/1896
f 1895/1895/1895 1896/1896/1896 1899/1899/1899
f 1837/1837/1837 1897/1897/1897 1900/1900/1900
f 1900/1900/1900 1897/1897/1897 1892/1892/1892
f 1900/1900/1900 1892/1892/1892 1893/1893/1893
f 1900/1900/1900 1836/1836/1836 1837/1837/1837
f 1901/1901/1901 1895/1895/1895 1899/1899/1899
f 1898/1898/1898 1895/1895/1895 1901/1901/1901
f 1902/1902/1902 1899/1899/1899 1853/1853/1853
f 1855/1855/1855 1902/1902/1902 1853/1853/1853
f 1899/1899/1899 1903/1903/1903 1901/1901/1901
f 1899/1899/1899 1902/1902/1902 1903/1903/1903
f 1855/1855/1855 1885/1885/1885 1904/1904/1904
f 1904/1904/1904 1885/1885/1885 1898/1898/1898
f 1904/1904/1904 1902/1902/1902 1855/1855/1855
f 1903/1903/1903 1905/1905/1905 1901/1901/1901
f 1898/1898/1898 1906/1906/1906 1904/1904/1904
f 1901/1901/1901 1906/1906/1906 1898/1898/1898
f 1903/1903/1903 1907/1907/1907 1905/1905/1905
f 1901/1901/1901 1905/1905/1905 1907/1907/1907
f 1907/1907/1907 1903/1903/1903 1902/1902/1902
f 1907/1907/1907 1906/1906/1906 1901/1901/1901
f 1904/1904/1904 1908/1908/1908 1902/1902/1902
f 1902/1902/1902 1908/1908/1908 1907/1907/1907
f 1909/1909/1909 1908/1908/1908 1904/1904/1904
f 1907/1907/1907 1908/1908/1908 1909/1909/1909
f 1904/1904/1904 1906/1906/1906 1909/1909/1909
f 1907/1907/1907 1909/1909/1909 1910/1910/1910
f 1906/1906/1906 1910/1910/1910 1909/1909/1909
f 1907/1907/1907 1910/1910/1910 1906/1906/1906
f 1911/1911/1911 1893/1893/1893 1891/1891/1891
f 1893/1893/1893 1911/1911/1911 1912/1912/1912
f 1900/1900/1900 1893/1893/1893 1912/1912/1912
f 1891/1891/1891 1913/1913/1913 1911/1911/1911
f 1913/1913/1913 1891/1891/1891 1744/1744/1744
f 1914/1914/1914 1912/1912/1912 1911/1911/1911
f 1744/1744/1744 1915/1915/1915 1913/1913/1913
f 1915/1915/1915 1744/1744/1744 1734/1734/1734
f 1734/1734/1734 1733/1733/1733 1915/1915/1915
f 1916/1916/1916 1911/1911/1911 1913/1913/1913
f 1911/1911/1911 1916/1916/1916 1914/1914/1914
f 1917/1917/1917 1913/1913/1913 1915/1915/1915
f 1913/1913/1913 1917/1917/1917 1916/1916/1916
f 1918/1918/1918 1915/1915/1915 1733/1733/1733
f 1915/1915/1915 1918/1918/1918 1917/1917/1917
f 1733/1733/1733 1699/1699/1699 1918/1918/1918
f 1919/1919/1919 1916/1916/1916 1917/1917/1917
f 1920/1920/1920 1918/1918/1918 1699/1699/1699
f 1695/1695/1695 1920/1920/1920 1699/1699/1699
f 1921/1921/1921 1917/1917/1917 1918/1918/1918
f 1918/1918/1918 1920/1920/1920 1921/1921/1921
f 1917/1917/1917 1921/1921/1921 1919/1919/1919
f 1920/1920/1920 1695/1695/1695 1694/1694/1694
f 1922/1922/1922 1921/1921/1921 1920/1920/1920
f 1694/1694/1694 1922/1922/1922 1920/1920/1920
f 1923/1923/1923 1919/1919/1919 1921/1921/1921
f 1921/1921/1921 1922/1922/1922 1923/1923/1923
f 1916/1916/1916 1919/1919/1919 1924/1924/1924
f 1924/1924/1924 1914/1914/1914 1916/1916/1916
f 1925/1925/1925 1922/1922/1922 1694/1694/1694
f 1925/1925/1925 1923/1923/1923 1922/1922/1922
f 1926/1926/1926 1924/1924/1924 1919/1919/1919
f 1919/1919/1919 1923/1923/1923 1926/1926/1926
f 1694/1694/1694 1927/1927/1927 1925/1925/1925
f 1668/1668/1668 1927/1927/1927 1694/1694/1694
f 1927/1927/1927 1668/1668/1668 1666/1666/1666
f 1923/1923/1923 1925/1925/1925 1928/1928/1928
f 1928/1928/1928 1926/1926/1926 1923/1923/1923
f 1925/1925/1925 1927/1927/1927 1929/1929/1929
f 1929/1929/1929 1928/1928/1928 1925/1925/1925
f 1666/1666/1666 1930/1930/1930 1927/1927/1927
f 1929/1929/1929 1927/1927/1927 1930/1930/1930
f 1931/1931/1931 1930/1930/1930 1666/1666/1666
f 1666/1666/1666 1662/1662/1662 1931/1931/1931
f 1660/1660/1660 1931/1931/1931 1662/1662/1662
f 1930/1930/1930 1932/1932/1932 1929/1929/1929
f 1930/1930/1930 1931/1931/1931 1933/1933/1933
f 1933/1933/1933 1932/1932/1932 1930/1930/1930
f 1934/1934/1934 1931/1931/1931 1660/1660/1660
f 1934/1934/1934 1933/1933/1933 1931/1931/1931
f 1929/1929/1929 1932/1932/1932 1935/1935/1935
f 1935/1935/1935 1932/1932/1932 1933/1933/1933
f 1928/1928/1928 1929/1929/1929 1936/1936/1936
f 1935/1935/1935 1936/1936/1936 1929/1929/1929
f 1933/1933/1933 1937/1937/1937 1935/1935/1935
f 1934/1934/1934 1937/1937/1937 1933/1933/1933
f 1936/1936/1936 1935/1935/1935 1938/1938/1938
f 1938/1938/1938 1935/1935/1935 1937/1937/1937
f 1936/1936/1936 1939/1939/1939 1928/1928/1928
f 1926/1926/1926 1928/1928/1928 1939/1939/1939
f 1938/1938/1938 1940/1940/1940 1936/1936/1936
f 1939/1939/1939 1936/1936/1936 1940/1940/1940
f 1939/1939/1939 1941/1941/1941 1926/1926/1926
f 1924/1924/1924 1926/1926/1926 1941/1941/1941
f 1940/1940/1940 1942/1942/1942 1939/1939/1939
f 1941/1941/1941 1939/1939/1939 1942/1942/1942
f 1941/1941/1941 1943/1943/1943 1924/1924/1924
f 1914/1914/1914 1924/1924/1924 1943/1943/1943
f 1942/1942/1942 1944/1944/1944 1941/1941/1941
f 1943/1943/1943 1941/1941/1941 1944/1944/1944
f 1943/1943/1943 1945/1945/1945 1914/1914/1914
f 1912/1912/1912 1914/1914/1914 1945/1945/1945
f 1900/1900/1900 1912/1912/1912 1945/1945/1945
f 1945/1945/1945 1943/1943/1943 1946/1946/1946
f 1944/1944/1944 1946/1946/1946 1943/1943/1943
f 1900/1900/1900 1945/1945/1945 1946/1946/1946
f 1946/1946/1946 1944/1944/1944 1947/1947/1947
f 1900/1900/1900 1946/1946/1946 1947/1947/1947
f 1944/1944/1944 1942/1942/1942 1948/1948/1948
f 1948/1948/1948 1947/1947/1947 1944/1944/1944
f 1942/1942/1942 1940/1940/1940 1949/1949/1949
f 1949/1949/1949 1948/1948/1948 1942/1942/1942
f 1947/1947/1947 1948/1948/1948 1950/1950/1950
f 1900/1900/1900 1947/1947/1947 1950/1950/1950
f 1948/1948/1948 1949/1949/1949 1951/1951/1951
f 1951/1951/1951 1950/1950/1950 1948/1948/1948
f 1952/1952/1952 1949/1949/1949 1940/1940/1940
f 1940/1940/1940 1938/1938/1938 1952/1952/1952
f 1950/1950/1950 1953/1953/1953 1900/1900/1900
f 1950/1950/1950 1951/1951/1951 1953/1953/1953
f 1900/1900/1900 1953/1953/1953 1954/1954/1954
f 1954/1954/1954 1953/1953/1953 1951/1951/1951
f 1954/1954/1954 1836/1836/1836 1900/1900/1900
f 1955/1955/1955 1951/1951/1951 1949/1949/1949
f 1949/1949/1949 1952/1952/1952 1955/1955/1955
f 1951/1951/1951 1955/1955/1955 1954/1954/1954
f 1821/1821/1821 1836/1836/1836 1954/1954/1954
f 1952/1952/1952 1938/1938/1938 1956/1956/1956
f 1937/1937/1937 1956/1956/1956 1938/1938/1938
f 1955/1955/1955 1952/1952/1952 1957/1957/1957
f 1956/1956/1956 1957/1957/1957 1952/1952/1952
f 1954/1954/1954 1955/1955/1955 1958/1958/1958
f 1957/1957/1957 1958/1958/1958 1955/1955/1955
f 1959/1959/1959 1956/1956/1956 1937/1937/1937
f 1937/1937/1937 1934/1934/1934 1959/1959/1959
f 1960/1960/1960 1957/1957/1957 1956/1956/1956
f 1956/1956/1956 1959/1959/1959 1960/1960/1960
f 1961/1961/1961 1959/1959/1959 1934/1934/1934
f 1660/1660/1660 1961/1961/1961 1934/1934/1934
f 1962/1962/1962 1960/1960/1960 1959/1959/1959
f 1959/1959/1959 1961/1961/1961 1962/1962/1962
f 1963/1963/1963 1961/1961/1961 1660/1660/1660
f 1963/1963/1963 1962/1962/1962 1961/1961/1961
f 1660/1660/1660 1657/1657/1657 1963/1963/1963
f 1658/1658/1658 1963/1963/1963 1657/1657/1657
f 1658/1658/1658 1964/1964/1964 1963/1963/1963
f 1962/1962/1962 1963/1963/1963 1964/1964/1964
f 1964/1964/1964 1658/1658/1658 1813/1813/1813
f 1960/1960/1960 1962/1962/1962 1965/1965/1965
f 1964/1964/1964 1965/1965/1965 1962/1962/1962
f 1957/1957/1957 1960/1960/1960 1966/1966/1966
f 1965/1965/1965 1966/1966/1966 1960/1960/1960
f 1966/1966/1966 1958/1958/1958 1957/1957/1957
f 1813/1813/1813 1967/1967/1967 1964/1964/1964
f 1965/1965/1965 1964/1964/1964 1967/1967/1967
f 1967/1967/1967 1813/1813/1813 1814/1814/1814
f 1966/1966/1966 1965/1965/1965 1968/1968/1968
f 1967/1967/1967 1968/1968/1968 1965/1965/1965
f 1814/1814/1814 1969/1969/1969 1967/1967/1967
f 1968/1968/1968 1967/1967/1967 1969/1969/1969
f 1969/1969/1969 1814/1814/1814 1815/1815/1815
f 1815/1815/1815 1824/1824/1824 1969/1969/1969
f 1968/1968/1968 1970/1970/1970 1966/1966/1966
f 1958/1958/1958 1966/1966/1966 1970/1970/1970
f 1969/1969/1969 1971/1971/1971 1968/1968/1968
f 1971/1971/1971 1969/1969/1969 1824/1824/1824
f 1970/1970/1970 1968/1968/1968 1971/1971/1971
f 1824/1824/1824 1972/1972/1972 1971/1971/1971
f 1972/1972/1972 1824/1824/1824 1822/1822/1822
f 1972/1972/1972 1822/1822/1822 1821/1821/1821
f 1973/1973/1973 1971/1971/1971 1972/1972/1972
f 1973/1973/1973 1972/1972/1972 1821/1821/1821
f 1971/1971/1971 1973/1973/1973 1970/1970/1970
f 1821/1821/1821 1974/1974/1974 1973/1973/1973
f 1974/1974/1974 1970/1970/1970 1973/1973/1973
f 1970/1970/1970 1974/1974/1974 1958/1958/1958
f 1954/1954/1954 1974/1974/1974 1821/1821/1821
f 1958/1958/1958 1974/1974/1974 1954/1954/1954
f 1977/1977/1977 1976/1976/1976 1975/1975/1975
f 1975/1975/1975 1976/1976/1976 1978/1978/1978
f 1977/1977/1977 1979/1979/1979 1976/1976/1976
f 1975/1975/1975 1978/1978/1978 1980/1980/1980
f 1981/1981/1981 1979/1979/1979 1977/1977/1977
f 1977/1977/1977 1975/1975/1975 1982/1982/1982
f 1981/1981/1981 1977/1977/1977 1982/1982/1982
f 1975/1975/1975 1980/1980/1980 1982/1982/1982
f 1981/1981/1981 1983/1983/1983 1979/1979/1979
f 1982/1982/1982 1983/1983/1983 1981/1981/1981
f 1979/1979/1979 1984/1984/1984 1976/1976/1976
f 1983/1983/1983 1984/1984/1984 1979/1979/1979
f 1976/1976/1976 1984/1984/1984 1978/1978/1978
f 1982/1982/1982 1984/1984/1984 1983/1983/1983
f 1980/1980/1980 1978/1978/1978 1985/1985/1985
f 1978/1978/1978 1984/1984/1984 1985/1985/1985
f 1980/1980/1980 1985/1985/1985 1986/1986/1986
f 1980/1980/1980 1986/1986/1986 1982/1982/1982
f 1986/1986/1986 1985/1985/1985 1987/1987/1987
f 1985/1985/1985 1984/1984/1984 1987/1987/1987
f 1986/1986/1986 1987/1987/1987 1988/1988/1988
f 1986/1986/1986 1988/1988/1988 1982/1982/1982
f 1988/1988/1988 1987/1987/1987 1989/1989/1989
f 1987/1987/1987 1984/1984/1984 1989/1989/1989
f 1988/1988/1988 1989/1989/1989 1990/1990/1990
f 1988/1988/1988 1990/1990/1990 1982/1982/1982
f 1990/1990/1990 1989/1989/1989 1991/1991/1991
f 1989/1989/1989 1984/1984/1984 1991/1991/1991
f 1990/1990/1990 1991/1991/1991 1992/1992/1992
f 1990/1990/1990 1992/1992/1992 1982/1982/1982
f 1992/1992/1992 1991/1991/1991 1993/1993/1993
f 1991/1991/1991 1984/1984/1984 1993/1993/1993
f 1992/1992/1992 1993/1993/1993 1994/1994/1994
f 1992/1992/1992 1994/1994/1994 1982/1982/1982
f 1994/1994/1994 1993/1993/1993 1995/1995/1995
f 1993/1993/1993 1984/1984/1984 1995/1995/1995
f 1994/1994/1994 1996/1996/1996 1982/1982/1982
f 1994/1994/1994 1995/1995/1995 1996/1996/1996
f 1997/1997/1997 1984/1984/1984 1982/1982/1982
f 1996/1996/1996 1995/1995/1995 1998/1998/1998
f 1995/1995/1995 1984/1984/1984 1998/1998/1998
f 1996/1996/1996 1999/1999/1999 1982/1982/1982
f 1996/1996/1996 1998/1998/1998 1999/1999/1999
f 1999/1999/1999 1997/1997/1997 1982/1982/1982
f 1998/1998/1998 1984/1984/1984 2000/2000/2000
f 1997/1997/1997 2000/2000/2000 1984/1984/1984
f 1999/1999/1999 1998/1998/1998 2001/2001/2001
f 1998/1998/1998 2000/2000/2000 2001/2001/2001
f 1999/1999/1999 2002/2002/2002 1997/1997/1997
f 1999/1999/1999 2001/2001/2001 2002/2002/2002
f 2002/2002/2002 2000/2000/2000 1997/1997/1997
f 2002/2002/2002 2001/2001/2001 2000/2000/2000
