# VPXTOOL table OBJ file
# VPXTOOL OBJ file
# numVerts: 1288 numFaces: 600
o Primitive3
v -0.041107 0.06015 0.009382
v -0.041275 0.05 0
v -0.04024 0.05 0.009185
v 0.026289 0.06015 0.032965
v 0.017909 0.05 0.037187
v 0.025735 0.05 0.03227
v 0.018294 0.06015 0.037988
v 0.032965 0.06015 0.026289
v 0.03227 0.05 0.025735
v 0.037187 0.05 0.017909
v 0.037988 0.06015 0.018294
v 0.032965 0.06015 0.026289
v 0.026289 0.06015 0.032965
v 0.03227 0.05 0.025735
v 0.025735 0.05 0.03227
v -0.041107 0.06015 0.009382
v -0.04024 0.05 0.009185
v -0.037187 0.05 0.017909
v -0.037988 0.06015 0.018294
v 0.037988 0.06015 0.018294
v 0.037187 0.05 0.017909
v 0.04024 0.05 0.009185
v 0.041107 0.06015 0.009382
v -0.041107 0.06015 0.009382
v -0.042164 0.06015 0
v -0.041275 0.05 0
v 0.041107 0.06015 0.009382
v 0.04024 0.05 0.009185
v 0.041275 0.05 0
v 0.042164 0.06015 0
v -0.037988 0.06015 0.018294
v -0.037187 0.05 0.017909
v -0.03227 0.05 0.025735
v -0.032965 0.06015 0.026289
v -0.032965 0.06015 0.026289
v -0.03227 0.05 0.025735
v -0.025735 0.05 0.03227
v -0.026289 0.06015 0.032965
v -0.018294 0.06015 0.037988
v -0.025735 0.05 0.03227
v -0.017909 0.05 0.037187
v -0.026289 0.06015 0.032965
v -0.009382 0.06015 0.041107
v -0.017909 0.05 0.037187
v -0.009185 0.05 0.04024
v -0.018294 0.06015 0.037988
v 0 0.06015 0.042164
v -0.009185 0.05 0.04024
v 0 0.05 0.041275
v -0.009382 0.06015 0.041107
v 0.009382 0.06015 0.041107
v 0 0.05 0.041275
v 0.009185 0.05 0.04024
v 0 0.06015 0.042164
v 0.018294 0.06015 0.037988
v 0.009185 0.05 0.04024
v 0.017909 0.05 0.037187
v 0.009382 0.06015 0.041107
v -0.044328 0.05218 -0.028373
v -0.046736 0.053369 -0.022262
v -0.046736 0.05 -0.026983
v 0.002408 0.05218 -0.052576
v -0.00408 0.053363 -0.051611
v 0 0.05 -0.053966
v 0.043806 0.06015 0
v 0.042849 0.06015 -0.009108
v 0.044811 0.059574 0
v -0.042849 0.06015 -0.009108
v -0.043806 0.06015 0
v -0.046108 0.058286 -0.007637
v -0.046736 0.058286 0
v -0.046736 0.057807 -0.007741
v -0.046108 0.058286 -0.007637
v -0.043806 0.06015 0
v -0.044811 0.059574 0
v -0.046108 0.058286 -0.007637
v -0.044811 0.059574 0
v -0.045788 0.058952 0
v -0.046108 0.058286 -0.007637
v -0.045788 0.058952 0
v -0.046736 0.058286 0
v -0.046108 0.058286 -0.007637
v -0.046736 0.057807 -0.007741
v -0.046736 0.056239 -0.015302
v -0.045715 0.058286 -0.009717
v -0.046108 0.058286 -0.007637
v -0.046736 0.057807 -0.007741
v -0.045715 0.058286 -0.009717
v -0.042849 0.06015 -0.009108
v -0.046108 0.058286 -0.007637
v -0.045715 0.058286 -0.009717
v -0.040019 0.06015 -0.017818
v -0.042849 0.06015 -0.009108
v -0.044416 0.058286 -0.014542
v -0.042849 0.06015 -0.009108
v -0.045715 0.058286 -0.009717
v -0.044416 0.058286 -0.014542
v -0.045715 0.058286 -0.009717
v -0.046736 0.056239 -0.015302
v -0.044416 0.058286 -0.014542
v -0.040019 0.06015 -0.017818
v -0.044416 0.058286 -0.014542
v -0.042695 0.058286 -0.019009
v -0.042695 0.058286 -0.019009
v -0.044416 0.058286 -0.014542
v -0.044926 0.056239 -0.020002
v -0.046736 0.056239 -0.015302
v -0.046736 0.053369 -0.022262
v -0.044926 0.056239 -0.020002
v -0.044416 0.058286 -0.014542
v -0.046736 0.056239 -0.015302
v -0.044926 0.056239 -0.020002
v -0.03544 0.06015 -0.025749
v -0.040019 0.06015 -0.017818
v -0.040475 0.058286 -0.023368
v -0.040019 0.06015 -0.017818
v -0.042695 0.058286 -0.019009
v -0.040475 0.058286 -0.023368
v -0.03544 0.06015 -0.025749
v -0.040475 0.058286 -0.023368
v -0.039363 0.058286 -0.025195
v -0.039363 0.058286 -0.025195
v -0.040475 0.058286 -0.023368
v -0.042589 0.056239 -0.024589
v -0.040475 0.058286 -0.023368
v -0.042695 0.058286 -0.019009
v -0.042589 0.056239 -0.024589
v -0.044926 0.056239 -0.020002
v -0.03544 0.06015 -0.025749
v -0.039363 0.058286 -0.025195
v -0.037984 0.058286 -0.02723
v -0.037984 0.058286 -0.02723
v -0.039363 0.058286 -0.025195
v -0.041419 0.056239 -0.026511
v -0.039363 0.058286 -0.025195
v -0.042589 0.056239 -0.024589
v -0.041419 0.056239 -0.026511
v -0.044926 0.056239 -0.020002
v -0.046736 0.053369 -0.022262
v -0.044432 0.053948 -0.025653
v -0.042589 0.056239 -0.024589
v -0.044926 0.056239 -0.020002
v -0.044432 0.053948 -0.025653
v -0.046736 0.053369 -0.022262
v -0.044328 0.05218 -0.028373
v -0.044432 0.053948 -0.025653
v -0.041698 0.053948 -0.029892
v -0.034851 0.056789 -0.033845
v -0.039968 0.056239 -0.028652
v -0.037984 0.058286 -0.02723
v -0.041419 0.056239 -0.026511
v -0.039968 0.056239 -0.028652
v -0.034851 0.056789 -0.033845
v -0.037984 0.058286 -0.02723
v -0.039968 0.056239 -0.028652
v -0.042589 0.056239 -0.024589
v -0.044432 0.053948 -0.025653
v -0.043212 0.053948 -0.027658
v -0.044328 0.05218 -0.028373
v -0.041698 0.053948 -0.029892
v -0.043212 0.053948 -0.027658
v -0.041419 0.056239 -0.026511
v -0.042589 0.056239 -0.024589
v -0.043212 0.053948 -0.027658
v -0.039968 0.056239 -0.028652
v -0.041419 0.056239 -0.026511
v -0.043212 0.053948 -0.027658
v -0.041698 0.053948 -0.029892
v -0.044432 0.053948 -0.025653
v -0.044328 0.05218 -0.028373
v -0.043212 0.053948 -0.027658
v -0.029312 0.06015 -0.032554
v -0.03544 0.06015 -0.025749
v -0.033528 0.058286 -0.03256
v -0.037984 0.058286 -0.02723
v -0.034851 0.056789 -0.033845
v -0.033528 0.058286 -0.03256
v -0.03544 0.06015 -0.025749
v -0.037984 0.058286 -0.02723
v -0.033528 0.058286 -0.03256
v -0.034851 0.056789 -0.033845
v -0.026522 0.058182 -0.038653
v -0.031272 0.058286 -0.034732
v -0.033528 0.058286 -0.03256
v -0.034851 0.056789 -0.033845
v -0.031272 0.058286 -0.034732
v -0.029312 0.06015 -0.032554
v -0.033528 0.058286 -0.03256
v -0.031272 0.058286 -0.034732
v -0.021903 0.06015 -0.037937
v -0.029312 0.06015 -0.032554
v -0.026442 0.058286 -0.038537
v -0.029312 0.06015 -0.032554
v -0.031272 0.058286 -0.034732
v -0.026442 0.058286 -0.038537
v -0.026522 0.058182 -0.038653
v -0.021903 0.06015 -0.037937
v -0.026442 0.058286 -0.038537
v -0.031272 0.058286 -0.034732
v -0.026522 0.058182 -0.038653
v -0.026442 0.058286 -0.038537
v -0.013537 0.06015 -0.041662
v -0.021903 0.06015 -0.037937
v -0.017281 0.058286 -0.043424
v -0.026522 0.058182 -0.038653
v -0.017464 0.057912 -0.043883
v -0.017281 0.058286 -0.043424
v -0.021903 0.06015 -0.037937
v -0.026522 0.058182 -0.038653
v -0.017281 0.058286 -0.043424
v -0.017464 0.057912 -0.043883
v -0.010106 0.056236 -0.048131
v -0.014442 0.058286 -0.044449
v -0.013537 0.06015 -0.041662
v -0.017281 0.058286 -0.043424
v -0.014442 0.058286 -0.044449
v -0.017281 0.058286 -0.043424
v -0.017464 0.057912 -0.043883
v -0.014442 0.058286 -0.044449
v -0.004579 0.06015 -0.043566
v -0.013537 0.06015 -0.041662
v -0.009604 0.058286 -0.045739
v -0.013537 0.06015 -0.041662
v -0.014442 0.058286 -0.044449
v -0.009604 0.058286 -0.045739
v -0.014442 0.058286 -0.044449
v -0.010106 0.056236 -0.048131
v -0.010105 0.056239 -0.048128
v -0.009604 0.058286 -0.045739
v -0.014442 0.058286 -0.044449
v -0.010105 0.056239 -0.048128
v -0.004579 0.06015 -0.043566
v -0.009604 0.058286 -0.045739
v -0.004885 0.058286 -0.04648
v -0.010106 0.056236 -0.048131
v -0.00408 0.053363 -0.051611
v -0.00514 0.056239 -0.048908
v -0.009604 0.058286 -0.045739
v -0.010105 0.056239 -0.048128
v -0.00514 0.056239 -0.048908
v -0.004885 0.058286 -0.04648
v -0.010105 0.056239 -0.048128
v -0.010106 0.056236 -0.048131
v -0.00514 0.056239 -0.048908
v 0.004579 0.06015 -0.043566
v -0.004579 0.06015 -0.043566
v 0 0.058286 -0.046736
v -0.004579 0.06015 -0.043566
v -0.004885 0.058286 -0.04648
v 0 0.058286 -0.046736
v 0.004579 0.06015 -0.043566
v 0 0.058286 -0.046736
v 0.002138 0.058286 -0.046687
v -0.004885 0.058286 -0.04648
v -0.00514 0.056239 -0.048908
v 0 0.056239 -0.049177
v 0 0.058286 -0.046736
v 0.004579 0.06015 -0.043566
v 0.002138 0.058286 -0.046687
v 0.004589 0.058286 -0.04651
v 0.002138 0.058286 -0.046687
v 0 0.058286 -0.046736
v 0.00225 0.056239 -0.049126
v 0 0.058286 -0.046736
v 0 0.056239 -0.049177
v 0.00225 0.056239 -0.049126
v -0.00408 0.053363 -0.051611
v 0.002408 0.05218 -0.052576
v 0 0.053948 -0.051305
v -0.00514 0.056239 -0.048908
v -0.00408 0.053363 -0.051611
v 0 0.053948 -0.051305
v 0 0.056239 -0.049177
v -0.00514 0.056239 -0.048908
v 0 0.053948 -0.051305
v 0.005038 0.053948 -0.051057
v 0.011885 0.056789 -0.047104
v 0.004829 0.056239 -0.04894
v 0.004589 0.058286 -0.04651
v 0.002138 0.058286 -0.046687
v 0.004829 0.056239 -0.04894
v 0.002138 0.058286 -0.046687
v 0.00225 0.056239 -0.049126
v 0.004829 0.056239 -0.04894
v 0.011885 0.056789 -0.047104
v 0.004589 0.058286 -0.04651
v 0.004829 0.056239 -0.04894
v 0.002408 0.05218 -0.052576
v 0.005038 0.053948 -0.051057
v 0.002347 0.053948 -0.051252
v 0 0.053948 -0.051305
v 0.002408 0.05218 -0.052576
v 0.002347 0.053948 -0.051252
v 0.00225 0.056239 -0.049126
v 0 0.056239 -0.049177
v 0.002347 0.053948 -0.051252
v 0.005038 0.053948 -0.051057
v 0.004829 0.056239 -0.04894
v 0.002347 0.053948 -0.051252
v 0 0.056239 -0.049177
v 0 0.053948 -0.051305
v 0.002347 0.053948 -0.051252
v 0.004829 0.056239 -0.04894
v 0.00225 0.056239 -0.049126
v 0.002347 0.053948 -0.051252
v 0.013537 0.06015 -0.041662
v 0.004579 0.06015 -0.043566
v 0.011434 0.058286 -0.045316
v 0.004579 0.06015 -0.043566
v 0.004589 0.058286 -0.04651
v 0.011434 0.058286 -0.045316
v 0.004589 0.058286 -0.04651
v 0.011885 0.056789 -0.047104
v 0.011434 0.058286 -0.045316
v 0.011885 0.056789 -0.047104
v 0.020214 0.058182 -0.042296
v 0.014442 0.058286 -0.044449
v 0.011434 0.058286 -0.045316
v 0.011885 0.056789 -0.047104
v 0.014442 0.058286 -0.044449
v 0.013537 0.06015 -0.041662
v 0.011434 0.058286 -0.045316
v 0.014442 0.058286 -0.044449
v 0.020214 0.058182 -0.042296
v 0.021903 0.06015 -0.037937
v 0.020153 0.058286 -0.042168
v 0.021903 0.06015 -0.037937
v 0.013537 0.06015 -0.041662
v 0.020153 0.058286 -0.042168
v 0.014442 0.058286 -0.044449
v 0.020214 0.058182 -0.042296
v 0.020153 0.058286 -0.042168
v 0.013537 0.06015 -0.041662
v 0.014442 0.058286 -0.044449
v 0.020153 0.058286 -0.042168
v 0.021903 0.06015 -0.037937
v 0.020214 0.058182 -0.042296
v 0.028966 0.058286 -0.036678
v 0.029312 0.06015 -0.032554
v 0.021903 0.06015 -0.037937
v 0.028966 0.058286 -0.036678
v 0.020214 0.058182 -0.042296
v 0.029272 0.057912 -0.037066
v 0.028966 0.058286 -0.036678
v 0.029272 0.057912 -0.037066
v 0.03663 0.056235 -0.032818
v 0.031272 0.058286 -0.034732
v 0.029312 0.06015 -0.032554
v 0.028966 0.058286 -0.036678
v 0.031272 0.058286 -0.034732
v 0.028966 0.058286 -0.036678
v 0.029272 0.057912 -0.037066
v 0.031272 0.058286 -0.034732
v 0.03544 0.06015 -0.025749
v 0.029312 0.06015 -0.032554
v 0.034809 0.058286 -0.031186
v 0.029312 0.06015 -0.032554
v 0.031272 0.058286 -0.034732
v 0.034809 0.058286 -0.031186
v 0.031272 0.058286 -0.034732
v 0.03663 0.056235 -0.032818
v 0.036627 0.056239 -0.032815
v 0.034809 0.058286 -0.031186
v 0.031272 0.058286 -0.034732
v 0.036627 0.056239 -0.032815
v 0.03544 0.06015 -0.025749
v 0.034809 0.058286 -0.031186
v 0.03781 0.058286 -0.027471
v 0.03663 0.056235 -0.032818
v 0.042656 0.053363 -0.029338
v 0.039785 0.056239 -0.028906
v 0.036627 0.056239 -0.032815
v 0.03663 0.056235 -0.032818
v 0.039785 0.056239 -0.028906
v 0.034809 0.058286 -0.031186
v 0.036627 0.056239 -0.032815
v 0.039785 0.056239 -0.028906
v 0.03781 0.058286 -0.027471
v 0.040019 0.06015 -0.017818
v 0.03544 0.06015 -0.025749
v 0.040475 0.058286 -0.023368
v 0.03544 0.06015 -0.025749
v 0.03781 0.058286 -0.027471
v 0.040475 0.058286 -0.023368
v 0.040019 0.06015 -0.017818
v 0.040475 0.058286 -0.023368
v 0.042047 0.058286 -0.020404
v 0.040475 0.058286 -0.023368
v 0.03781 0.058286 -0.027471
v 0.042589 0.056239 -0.024589
v 0.039785 0.056239 -0.028906
v 0.040019 0.06015 -0.017818
v 0.042047 0.058286 -0.020404
v 0.043656 0.058286 -0.016687
v 0.042849 0.06015 -0.009108
v 0.040019 0.06015 -0.017818
v 0.043656 0.058286 -0.016687
v 0.042047 0.058286 -0.020404
v 0.040475 0.058286 -0.023368
v 0.044243 0.056239 -0.02147
v 0.042589 0.056239 -0.024589
v 0.042589 0.056239 -0.024589
v 0.039785 0.056239 -0.028906
v 0.044432 0.053948 -0.025653
v 0.044243 0.056239 -0.02147
v 0.042589 0.056239 -0.024589
v 0.044432 0.053948 -0.025653
v 0.046736 0.05 -0.026983
v 0.046736 0.053131 -0.02268
v 0.044432 0.053948 -0.025653
v 0.042656 0.053363 -0.029338
v 0.046736 0.05 -0.026983
v 0.044432 0.053948 -0.025653
v 0.039785 0.056239 -0.028906
v 0.042656 0.053363 -0.029338
v 0.044432 0.053948 -0.025653
v 0.043656 0.058286 -0.016687
v 0.042047 0.058286 -0.020404
v 0.045936 0.056239 -0.017558
v 0.042047 0.058286 -0.020404
v 0.044243 0.056239 -0.02147
v 0.045936 0.056239 -0.017558
v 0.046736 0.057548 -0.009535
v 0.043656 0.058286 -0.016687
v 0.045936 0.056239 -0.017558
v 0.044243 0.056239 -0.02147
v 0.046736 0.055384 -0.017864
v 0.045936 0.056239 -0.017558
v 0.046736 0.055384 -0.017864
v 0.046736 0.057548 -0.009535
v 0.045936 0.056239 -0.017558
v 0.046736 0.055384 -0.017864
v 0.044243 0.056239 -0.02147
v 0.046157 0.053948 -0.022399
v 0.044432 0.053948 -0.025653
v 0.046736 0.053131 -0.02268
v 0.046157 0.053948 -0.022399
v 0.046736 0.053131 -0.02268
v 0.046736 0.055384 -0.017864
v 0.046157 0.053948 -0.022399
v 0.044243 0.056239 -0.02147
v 0.044432 0.053948 -0.025653
v 0.046157 0.053948 -0.022399
v 0.042849 0.06015 -0.009108
v 0.043656 0.058286 -0.016687
v 0.045715 0.058286 -0.009717
v 0.043656 0.058286 -0.016687
v 0.046736 0.057548 -0.009535
v 0.045715 0.058286 -0.009717
v 0.045788 0.058952 0
v 0.044811 0.059574 0
v 0.045715 0.058286 -0.009717
v 0.046736 0.058286 0
v 0.045788 0.058952 0
v 0.045715 0.058286 -0.009717
v 0.046736 0.057548 -0.009535
v 0.046736 0.058286 0
v 0.045715 0.058286 -0.009717
v 0.044811 0.059574 0
v 0.042849 0.06015 -0.009108
v 0.045715 0.058286 -0.009717
v 0.011027 0.012571 -0.062535
v 0 0.012571 -0.0635
v 0.011027 0.001786 -0.062535
v 0 0.001786 -0.0635
v 0.021718 0.012571 -0.05967
v 0.011027 0.012571 -0.062535
v 0.021718 0.001786 -0.05967
v 0.011027 0.001786 -0.062535
v -0.062535 0.012571 -0.011027
v -0.0635 0.012571 0
v -0.062535 0.001786 -0.011027
v -0.0635 0.001786 0
v 0.03175 0.012571 -0.054993
v 0.021718 0.012571 -0.05967
v 0.03175 0.001786 -0.054993
v 0.021718 0.001786 -0.05967
v -0.059671 0.012571 -0.021718
v -0.062535 0.012571 -0.011027
v -0.059671 0.001786 -0.021718
v -0.062535 0.001786 -0.011027
v 0.040817 0.012571 -0.048644
v 0.03175 0.012571 -0.054993
v 0.040817 0.001786 -0.048644
v 0.03175 0.001786 -0.054993
v -0.054993 0.012571 -0.03175
v -0.059671 0.012571 -0.021718
v -0.054993 0.001786 -0.03175
v -0.059671 0.001786 -0.021718
v 0.048644 0.012571 -0.040817
v 0.040817 0.012571 -0.048644
v 0.048644 0.001786 -0.040817
v 0.040817 0.001786 -0.048644
v -0.048644 0.012571 -0.040817
v -0.054993 0.012571 -0.03175
v -0.048644 0.001786 -0.040817
v -0.054993 0.001786 -0.03175
v 0.054993 0.012571 -0.03175
v 0.048644 0.012571 -0.040817
v 0.054993 0.001786 -0.03175
v 0.048644 0.001786 -0.040817
v -0.040817 0.012571 -0.048644
v -0.048644 0.012571 -0.040817
v -0.040817 0.001786 -0.048644
v -0.048644 0.001786 -0.040817
v 0.054993 0.012571 -0.03175
v 0.054993 0.001786 -0.03175
v 0.05967 0.001786 -0.021718
v 0.05967 0.012571 -0.021718
v -0.03175 0.012571 -0.054993
v -0.040817 0.012571 -0.048644
v -0.03175 0.001786 -0.054993
v -0.040817 0.001786 -0.048644
v 0.062535 0.012571 -0.011027
v 0.05967 0.012571 -0.021718
v 0.062535 0.001786 -0.011027
v 0.05967 0.001786 -0.021718
v 0.0635 0.012571 0
v 0.062535 0.012571 -0.011027
v 0.0635 0.001786 0
v 0.062535 0.001786 -0.011027
v -0.021718 0.012571 -0.05967
v -0.03175 0.012571 -0.054993
v -0.021718 0.001786 -0.05967
v -0.03175 0.001786 -0.054993
v -0.011027 0.012571 -0.062535
v -0.021718 0.012571 -0.05967
v -0.011027 0.001786 -0.062535
v -0.021718 0.001786 -0.05967
v 0 0.012571 -0.0635
v -0.011027 0.012571 -0.062535
v 0 0.001786 -0.0635
v -0.011027 0.001786 -0.062535
v -0.011027 0.012571 0.062535
v 0 0.012571 0.0635
v -0.011027 0.001786 0.062535
v 0 0.001786 0.0635
v -0.021718 0.012571 0.05967
v -0.011027 0.012571 0.062535
v -0.021718 0.001786 0.05967
v -0.011027 0.001786 0.062535
v 0.0635 0.012571 0
v 0.0635 0.001786 0
v 0.062535 0.001786 0.011027
v 0.062535 0.012571 0.011027
v -0.03175 0.012571 0.054993
v -0.021718 0.012571 0.05967
v -0.03175 0.001786 0.054993
v -0.021718 0.001786 0.05967
v 0.05967 0.012571 0.021718
v 0.062535 0.012571 0.011027
v 0.05967 0.001786 0.021718
v 0.062535 0.001786 0.011027
v -0.040817 0.012571 0.048644
v -0.03175 0.012571 0.054993
v -0.040817 0.001786 0.048644
v -0.03175 0.001786 0.054993
v 0.054993 0.012571 0.03175
v 0.05967 0.012571 0.021718
v 0.054993 0.001786 0.03175
v 0.05967 0.001786 0.021718
v -0.048644 0.012571 0.040817
v -0.040817 0.012571 0.048644
v -0.048644 0.001786 0.040817
v -0.040817 0.001786 0.048644
v 0.048644 0.012571 0.040817
v 0.054993 0.012571 0.03175
v 0.048644 0.001786 0.040817
v 0.054993 0.001786 0.03175
v -0.054993 0.012571 0.03175
v -0.048644 0.012571 0.040817
v -0.054993 0.001786 0.03175
v -0.048644 0.001786 0.040817
v 0.040817 0.012571 0.048644
v 0.048644 0.012571 0.040817
v 0.040817 0.001786 0.048644
v 0.048644 0.001786 0.040817
v -0.054993 0.012571 0.03175
v -0.054993 0.001786 0.03175
v -0.059671 0.001786 0.021718
v -0.059671 0.012571 0.021718
v 0.03175 0.012571 0.054993
v 0.040817 0.012571 0.048644
v 0.03175 0.001786 0.054993
v 0.040817 0.001786 0.048644
v -0.062535 0.012571 0.011027
v -0.059671 0.012571 0.021718
v -0.062535 0.001786 0.011027
v -0.059671 0.001786 0.021718
v -0.0635 0.012571 0
v -0.062535 0.012571 0.011027
v -0.0635 0.001786 0
v -0.062535 0.001786 0.011027
v 0.021718 0.012571 0.05967
v 0.03175 0.012571 0.054993
v 0.021718 0.001786 0.05967
v 0.03175 0.001786 0.054993
v 0.011027 0.012571 0.062535
v 0.021718 0.012571 0.05967
v 0.011027 0.001786 0.062535
v 0.021718 0.001786 0.05967
v 0 0.012571 0.0635
v 0.011027 0.012571 0.062535
v 0 0.001786 0.0635
v 0.011027 0.001786 0.062535
v 0.046736 0.012571 -0.026983
v 0 0.012571 -0.053966
v 0.03175 0.012571 -0.054993
v 0.040817 0.012571 -0.048644
v 0.021718 0.012571 -0.05967
v 0.048644 0.012571 -0.040817
v 0.011027 0.012571 -0.062535
v 0.054993 0.012571 -0.03175
v 0 0.012571 -0.0635
v 0.05967 0.012571 -0.021718
v -0.011027 0.012571 -0.062535
v 0.062535 0.012571 -0.011027
v -0.021718 0.012571 -0.05967
v 0.0635 0.012571 0
v -0.03175 0.012571 -0.054993
v 0.046736 0.012571 0.026983
v -0.046736 0.012571 -0.026983
v 0.062535 0.012571 0.011027
v -0.040817 0.012571 -0.048644
v 0.05967 0.012571 0.021718
v -0.048644 0.012571 -0.040817
v 0.054993 0.012571 0.03175
v -0.054993 0.012571 -0.03175
v 0.048644 0.012571 0.040817
v -0.059671 0.012571 -0.021718
v 0.040817 0.012571 0.048644
v -0.062535 0.012571 -0.011027
v 0.03175 0.012571 0.054993
v -0.0635 0.012571 0
v 0 0.012571 0.053966
v -0.046736 0.012571 0.026983
v 0.021718 0.012571 0.05967
v -0.062535 0.012571 0.011027
v 0.011027 0.012571 0.062535
v -0.059671 0.012571 0.021718
v 0 0.012571 0.0635
v -0.054993 0.012571 0.03175
v -0.011027 0.012571 0.062535
v -0.048644 0.012571 0.040817
v -0.021718 0.012571 0.05967
v -0.040817 0.012571 0.048644
v -0.03175 0.012571 0.054993
v 0.046736 0.05 -0.026983
v 0.042656 0.053363 -0.029338
v 0.023368 0.035376 -0.040475
v 0.046736 0.012571 -0.026983
v 0 0.012571 -0.053966
v 0 0.05 -0.053966
v 0.002408 0.05218 -0.052576
v 0.005038 0.053948 -0.051057
v 0.011885 0.056789 -0.047104
v 0.005038 0.053948 -0.051057
v 0.020214 0.058182 -0.042296
v 0.029272 0.057912 -0.037066
v 0.03663 0.056235 -0.032818
v 0.042656 0.053363 -0.029338
v 0.046736 0.05 0.026983
v 0.046736 0.053368 0.022262
v 0.046736 0.035428 0
v 0.046736 0.012571 0.026983
v 0.046736 0.056239 0.015302
v 0.046736 0.012571 -0.026983
v 0.046736 0.057807 0.007741
v 0.046736 0.05 -0.026983
v 0.046736 0.058286 0
v 0.046736 0.053131 -0.02268
v 0.046736 0.057548 -0.009535
v 0.046736 0.055384 -0.017864
v 0 0.05 0.053966
v 0.00408 0.053363 0.051611
v 0.023368 0.035376 0.040475
v 0 0.012571 0.053966
v 0.010106 0.056235 0.048131
v 0.046736 0.012571 0.026983
v 0.046736 0.05 0.026983
v 0.017464 0.057912 0.043883
v 0.026522 0.058182 0.038653
v 0.034851 0.056789 0.033845
v 0.034851 0.056789 0.033845
v 0.041698 0.053948 0.029892
v 0.044328 0.05218 0.028373
v 0.046736 0.05 0.026983
v 0.023368 0.035376 0.040475
v 0.041698 0.053948 0.029892
v 0.044328 0.05218 0.028373
v 0.023368 0.035376 0.040475
v -0.046736 0.05 0.026983
v -0.042656 0.053363 0.029338
v -0.023368 0.035376 0.040475
v -0.042656 0.053363 0.029338
v -0.03663 0.056236 0.032818
v -0.023368 0.035376 0.040475
v -0.029272 0.057912 0.037066
v -0.020214 0.058182 0.042296
v -0.011885 0.056789 0.047104
v -0.005038 0.053948 0.051057
v -0.002408 0.05218 0.052576
v 0 0.05 0.053966
v 0 0.012571 0.053966
v -0.046736 0.012571 0.026983
v -0.046736 0.05 0.026983
v -0.046736 0.05 -0.026983
v -0.046736 0.053369 -0.022262
v -0.046736 0.035429 0
v -0.046736 0.012571 -0.026983
v -0.046736 0.056239 -0.015302
v -0.046736 0.012571 0.026983
v -0.046736 0.057807 -0.007741
v -0.046736 0.05 0.026983
v -0.046736 0.058286 0
v -0.046736 0.053131 0.02268
v -0.046736 0.057548 0.009535
v -0.046736 0.055384 0.017864
v 0 0.05 -0.053966
v -0.00408 0.053363 -0.051611
v -0.023368 0.035376 -0.040475
v -0.00408 0.053363 -0.051611
v -0.010106 0.056236 -0.048131
v -0.023368 0.035376 -0.040475
v -0.017464 0.057912 -0.043883
v -0.026522 0.058182 -0.038653
v -0.034851 0.056789 -0.033845
v -0.041698 0.053948 -0.029892
v -0.044328 0.05218 -0.028373
v -0.046736 0.05 -0.026983
v -0.046736 0.012571 -0.026983
v 0 0.012571 -0.053966
v 0 0.05 -0.053966
v -0.041698 0.053948 -0.029892
v -0.044328 0.05218 -0.028373
v -0.023368 0.035376 -0.040475
v 0.044328 0.05218 0.028373
v 0.046736 0.053368 0.022262
v 0.046736 0.05 0.026983
v -0.002408 0.05218 0.052576
v 0.00408 0.053363 0.051611
v 0 0.05 0.053966
v -0.043806 0.06015 0
v -0.042849 0.06015 0.009108
v -0.044811 0.059574 0
v 0.043806 0.06015 0
v 0.044811 0.059574 0
v 0.046108 0.058286 0.007637
v 0.044811 0.059574 0
v 0.045788 0.058952 0
v 0.046108 0.058286 0.007637
v 0.045788 0.058952 0
v 0.046736 0.058286 0
v 0.046108 0.058286 0.007637
v 0.042849 0.06015 0.009108
v 0.043806 0.06015 0
v 0.046108 0.058286 0.007637
v 0.046736 0.058286 0
v 0.046736 0.057807 0.007741
v 0.046108 0.058286 0.007637
v 0.046108 0.058286 0.007637
v 0.046736 0.057807 0.007741
v 0.045715 0.058286 0.009717
v 0.046736 0.057807 0.007741
v 0.046736 0.056239 0.015302
v 0.045715 0.058286 0.009717
v 0.042849 0.06015 0.009108
v 0.046108 0.058286 0.007637
v 0.045715 0.058286 0.009717
v 0.045715 0.058286 0.009717
v 0.046736 0.056239 0.015302
v 0.044416 0.058286 0.014542
v 0.040019 0.06015 0.017818
v 0.042849 0.06015 0.009108
v 0.044416 0.058286 0.014542
v 0.042849 0.06015 0.009108
v 0.045715 0.058286 0.009717
v 0.044416 0.058286 0.014542
v 0.040019 0.06015 0.017818
v 0.044416 0.058286 0.014542
v 0.042695 0.058286 0.019009
v 0.046736 0.056239 0.015302
v 0.046736 0.053368 0.022262
v 0.044926 0.056239 0.020002
v 0.042695 0.058286 0.019009
v 0.044416 0.058286 0.014542
v 0.044926 0.056239 0.020002
v 0.044416 0.058286 0.014542
v 0.046736 0.056239 0.015302
v 0.044926 0.056239 0.020002
v 0.03544 0.06015 0.025749
v 0.040019 0.06015 0.017818
v 0.040475 0.058286 0.023368
v 0.040019 0.06015 0.017818
v 0.042695 0.058286 0.019009
v 0.040475 0.058286 0.023368
v 0.03544 0.06015 0.025749
v 0.040475 0.058286 0.023368
v 0.039363 0.058286 0.025195
v 0.042695 0.058286 0.019009
v 0.044926 0.056239 0.020002
v 0.042589 0.056239 0.024589
v 0.040475 0.058286 0.023368
v 0.042695 0.058286 0.019009
v 0.042589 0.056239 0.024589
v 0.03544 0.06015 0.025749
v 0.039363 0.058286 0.025195
v 0.037984 0.058286 0.02723
v 0.039363 0.058286 0.025195
v 0.040475 0.058286 0.023368
v 0.041419 0.056239 0.026511
v 0.040475 0.058286 0.023368
v 0.042589 0.056239 0.024589
v 0.041419 0.056239 0.026511
v 0.044926 0.056239 0.020002
v 0.046736 0.053368 0.022262
v 0.044432 0.053948 0.025653
v 0.042589 0.056239 0.024589
v 0.044926 0.056239 0.020002
v 0.044432 0.053948 0.025653
v 0.046736 0.053368 0.022262
v 0.044328 0.05218 0.028373
v 0.044432 0.053948 0.025653
v 0.037984 0.058286 0.02723
v 0.039363 0.058286 0.025195
v 0.039968 0.056239 0.028652
v 0.041698 0.053948 0.029892
v 0.034851 0.056789 0.033845
v 0.039968 0.056239 0.028652
v 0.039363 0.058286 0.025195
v 0.041419 0.056239 0.026511
v 0.039968 0.056239 0.028652
v 0.034851 0.056789 0.033845
v 0.037984 0.058286 0.02723
v 0.039968 0.056239 0.028652
v 0.039968 0.056239 0.028652
v 0.041419 0.056239 0.026511
v 0.043212 0.053948 0.027658
v 0.041698 0.053948 0.029892
v 0.044328 0.05218 0.028373
v 0.041698 0.053948 0.029892
v 0.043212 0.053948 0.027658
v 0.041419 0.056239 0.026511
v 0.042589 0.056239 0.024589
v 0.043212 0.053948 0.027658
v 0.044432 0.053948 0.025653
v 0.044432 0.053948 0.025653
v 0.044328 0.05218 0.028373
v 0.043212 0.053948 0.027658
v 0.029312 0.06015 0.032554
v 0.03544 0.06015 0.025749
v 0.033528 0.058286 0.03256
v 0.037984 0.058286 0.02723
v 0.034851 0.056789 0.033845
v 0.033528 0.058286 0.03256
v 0.03544 0.06015 0.025749
v 0.037984 0.058286 0.02723
v 0.033528 0.058286 0.03256
v 0.033528 0.058286 0.03256
v 0.034851 0.056789 0.033845
v 0.031272 0.058286 0.034732
v 0.034851 0.056789 0.033845
v 0.026522 0.058182 0.038653
v 0.031272 0.058286 0.034732
v 0.029312 0.06015 0.032554
v 0.033528 0.058286 0.03256
v 0.031272 0.058286 0.034732
v 0.021903 0.06015 0.037937
v 0.029312 0.06015 0.032554
v 0.026442 0.058286 0.038537
v 0.031272 0.058286 0.034732
v 0.026522 0.058182 0.038653
v 0.026442 0.058286 0.038537
v 0.029312 0.06015 0.032554
v 0.031272 0.058286 0.034732
v 0.026442 0.058286 0.038537
v 0.026522 0.058182 0.038653
v 0.021903 0.06015 0.037937
v 0.026442 0.058286 0.038537
v 0.013537 0.06015 0.041662
v 0.021903 0.06015 0.037937
v 0.017281 0.058286 0.043424
v 0.026522 0.058182 0.038653
v 0.017464 0.057912 0.043883
v 0.017281 0.058286 0.043424
v 0.021903 0.06015 0.037937
v 0.026522 0.058182 0.038653
v 0.017281 0.058286 0.043424
v 0.013537 0.06015 0.041662
v 0.017281 0.058286 0.043424
v 0.014442 0.058286 0.044449
v 0.017464 0.057912 0.043883
v 0.010106 0.056235 0.048131
v 0.014442 0.058286 0.044449
v 0.017281 0.058286 0.043424
v 0.017464 0.057912 0.043883
v 0.014442 0.058286 0.044449
v 0.004579 0.06015 0.043566
v 0.013537 0.06015 0.041662
v 0.009604 0.058286 0.045739
v 0.013537 0.06015 0.041662
v 0.014442 0.058286 0.044449
v 0.009604 0.058286 0.045739
v 0.014442 0.058286 0.044449
v 0.010106 0.056235 0.048131
v 0.010105 0.056239 0.048128
v 0.009604 0.058286 0.045739
v 0.014442 0.058286 0.044449
v 0.010105 0.056239 0.048128
v 0.004579 0.06015 0.043566
v 0.009604 0.058286 0.045739
v 0.004885 0.058286 0.04648
v 0.010106 0.056235 0.048131
v 0.00408 0.053363 0.051611
v 0.00514 0.056239 0.048908
v 0.009604 0.058286 0.045739
v 0.010105 0.056239 0.048128
v 0.00514 0.056239 0.048908
v 0.004885 0.058286 0.04648
v 0.009604 0.058286 0.045739
v 0.00514 0.056239 0.048908
v 0.010105 0.056239 0.048128
v 0.010106 0.056235 0.048131
v 0.00514 0.056239 0.048908
v -0.004579 0.06015 0.043566
v 0.004579 0.06015 0.043566
v 0 0.058286 0.046736
v 0.004579 0.06015 0.043566
v 0.004885 0.058286 0.04648
v 0 0.058286 0.046736
v -0.004579 0.06015 0.043566
v 0 0.058286 0.046736
v -0.002138 0.058286 0.046687
v 0.004885 0.058286 0.04648
v 0.00514 0.056239 0.048908
v 0 0.056239 0.049177
v 0 0.058286 0.046736
v 0.004885 0.058286 0.04648
v 0 0.056239 0.049177
v -0.002138 0.058286 0.046687
v 0 0.058286 0.046736
v 0 0.056239 0.049177
v -0.004579 0.06015 0.043566
v -0.002138 0.058286 0.046687
v -0.004589 0.058286 0.04651
v -0.002138 0.058286 0.046687
v 0 0.056239 0.049177
v -0.00225 0.056239 0.049126
v -0.004589 0.058286 0.04651
v -0.002138 0.058286 0.046687
v -0.00225 0.056239 0.049126
v -0.004829 0.056239 0.04894
v 0.00408 0.053363 0.051611
v -0.002408 0.05218 0.052576
v 0 0.053948 0.051305
v -0.00225 0.056239 0.049126
v 0 0.056239 0.049177
v 0 0.053948 0.051305
v 0.00514 0.056239 0.048908
v 0.00408 0.053363 0.051611
v 0 0.053948 0.051305
v 0 0.056239 0.049177
v 0.00514 0.056239 0.048908
v 0 0.053948 0.051305
v -0.005038 0.053948 0.051057
v -0.011885 0.056789 0.047104
v -0.004829 0.056239 0.04894
v -0.011885 0.056789 0.047104
v -0.004589 0.058286 0.04651
v -0.004829 0.056239 0.04894
v -0.002408 0.05218 0.052576
v -0.005038 0.053948 0.051057
v -0.002347 0.053948 0.051252
v 0 0.053948 0.051305
v -0.002408 0.05218 0.052576
v -0.002347 0.053948 0.051252
v -0.00225 0.056239 0.049126
v 0 0.053948 0.051305
v -0.002347 0.053948 0.051252
v -0.005038 0.053948 0.051057
v -0.004829 0.056239 0.04894
v -0.002347 0.053948 0.051252
v -0.004829 0.056239 0.04894
v -0.00225 0.056239 0.049126
v -0.002347 0.053948 0.051252
v -0.013537 0.06015 0.041662
v -0.004579 0.06015 0.043566
v -0.011434 0.058286 0.045316
v -0.004579 0.06015 0.043566
v -0.004589 0.058286 0.04651
v -0.011434 0.058286 0.045316
v -0.004589 0.058286 0.04651
v -0.011885 0.056789 0.047104
v -0.011434 0.058286 0.045316
v -0.011885 0.056789 0.047104
v -0.020214 0.058182 0.042296
v -0.014442 0.058286 0.044449
v -0.011434 0.058286 0.045316
v -0.011885 0.056789 0.047104
v -0.014442 0.058286 0.044449
v -0.013537 0.06015 0.041662
v -0.011434 0.058286 0.045316
v -0.014442 0.058286 0.044449
v -0.020214 0.058182 0.042296
v -0.021903 0.06015 0.037937
v -0.020153 0.058286 0.042168
v -0.021903 0.06015 0.037937
v -0.013537 0.06015 0.041662
v -0.020153 0.058286 0.042168
v -0.014442 0.058286 0.044449
v -0.020214 0.058182 0.042296
v -0.020153 0.058286 0.042168
v -0.013537 0.06015 0.041662
v -0.014442 0.058286 0.044449
v -0.020153 0.058286 0.042168
v -0.021903 0.06015 0.037937
v -0.020214 0.058182 0.042296
v -0.028966 0.058286 0.036678
v -0.029312 0.06015 0.032554
v -0.021903 0.06015 0.037937
v -0.028966 0.058286 0.036678
v -0.020214 0.058182 0.042296
v -0.029272 0.057912 0.037066
v -0.028966 0.058286 0.036678
v -0.029272 0.057912 0.037066
v -0.03663 0.056236 0.032818
v -0.031272 0.058286 0.034732
v -0.029312 0.06015 0.032554
v -0.028966 0.058286 0.036678
v -0.031272 0.058286 0.034732
v -0.028966 0.058286 0.036678
v -0.029272 0.057912 0.037066
v -0.031272 0.058286 0.034732
v -0.03544 0.06015 0.025749
v -0.029312 0.06015 0.032554
v -0.034809 0.058286 0.031186
v -0.029312 0.06015 0.032554
v -0.031272 0.058286 0.034732
v -0.034809 0.058286 0.031186
v -0.031272 0.058286 0.034732
v -0.03663 0.056236 0.032818
v -0.036627 0.056239 0.032815
v -0.034809 0.058286 0.031186
v -0.031272 0.058286 0.034732
v -0.036627 0.056239 0.032815
v -0.03544 0.06015 0.025749
v -0.034809 0.058286 0.031186
v -0.03781 0.058286 0.027471
v -0.03663 0.056236 0.032818
v -0.042656 0.053363 0.029338
v -0.039785 0.056239 0.028906
v -0.036627 0.056239 0.032815
v -0.03663 0.056236 0.032818
v -0.039785 0.056239 0.028906
v -0.034809 0.058286 0.031186
v -0.036627 0.056239 0.032815
v -0.039785 0.056239 0.028906
v -0.03781 0.058286 0.027471
v -0.034809 0.058286 0.031186
v -0.039785 0.056239 0.028906
v -0.040019 0.06015 0.017818
v -0.03544 0.06015 0.025749
v -0.040475 0.058286 0.023368
v -0.03544 0.06015 0.025749
v -0.03781 0.058286 0.027471
v -0.040475 0.058286 0.023368
v -0.040019 0.06015 0.017818
v -0.040475 0.058286 0.023368
v -0.042047 0.058286 0.020404
v -0.040475 0.058286 0.023368
v -0.03781 0.058286 0.027471
v -0.042589 0.056239 0.024589
v -0.039785 0.056239 0.028906
v -0.040019 0.06015 0.017818
v -0.042047 0.058286 0.020404
v -0.043656 0.058286 0.016687
v -0.042849 0.06015 0.009108
v -0.040019 0.06015 0.017818
v -0.043656 0.058286 0.016687
v -0.040475 0.058286 0.023368
v -0.042589 0.056239 0.024589
v -0.044243 0.056239 0.02147
v -0.042047 0.058286 0.020404
v -0.042589 0.056239 0.024589
v -0.039785 0.056239 0.028906
v -0.044432 0.053948 0.025653
v -0.046736 0.05 0.026983
v -0.046736 0.053131 0.02268
v -0.044432 0.053948 0.025653
v -0.042656 0.053363 0.029338
v -0.046736 0.05 0.026983
v -0.044432 0.053948 0.025653
v -0.039785 0.056239 0.028906
v -0.042656 0.053363 0.029338
v -0.044432 0.053948 0.025653
v -0.042047 0.058286 0.020404
v -0.044243 0.056239 0.02147
v -0.045936 0.056239 0.017558
v -0.046736 0.057548 0.009535
v -0.043656 0.058286 0.016687
v -0.045936 0.056239 0.017558
v -0.044243 0.056239 0.02147
v -0.046736 0.055384 0.017864
v -0.045936 0.056239 0.017558
v -0.046736 0.055384 0.017864
v -0.046736 0.057548 0.009535
v -0.045936 0.056239 0.017558
v -0.043656 0.058286 0.016687
v -0.042047 0.058286 0.020404
v -0.045936 0.056239 0.017558
v -0.044243 0.056239 0.02147
v -0.042589 0.056239 0.024589
v -0.046157 0.053948 0.022399
v -0.042589 0.056239 0.024589
v -0.044432 0.053948 0.025653
v -0.046157 0.053948 0.022399
v -0.046736 0.055384 0.017864
v -0.044243 0.056239 0.02147
v -0.046157 0.053948 0.022399
v -0.044432 0.053948 0.025653
v -0.046736 0.053131 0.02268
v -0.046157 0.053948 0.022399
v -0.046736 0.053131 0.02268
v -0.046736 0.055384 0.017864
v -0.046157 0.053948 0.022399
v -0.042849 0.06015 0.009108
v -0.043656 0.058286 0.016687
v -0.045715 0.058286 0.009717
v -0.043656 0.058286 0.016687
v -0.046736 0.057548 0.009535
v -0.045715 0.058286 0.009717
v -0.045788 0.058952 0
v -0.044811 0.059574 0
v -0.045715 0.058286 0.009717
v -0.046736 0.058286 0
v -0.045788 0.058952 0
v -0.045715 0.058286 0.009717
v -0.046736 0.057548 0.009535
v -0.046736 0.058286 0
v -0.045715 0.058286 0.009717
v -0.044811 0.059574 0
v -0.042849 0.06015 0.009108
v -0.045715 0.058286 0.009717
v 0.041275 0.05 0
v 0.04024 0.05 0.009185
v 0 0.05 0
v 0.04024 0.05 -0.009185
v 0.037187 0.05 0.017909
v 0.037187 0.05 -0.017909
v 0.03227 0.05 0.025735
v 0.03227 0.05 -0.025735
v 0.025735 0.05 0.03227
v 0.025735 0.05 -0.03227
v 0.017909 0.05 0.037187
v 0.017909 0.05 -0.037187
v 0.009185 0.05 0.04024
v 0.009185 0.05 -0.04024
v 0 0.05 0.041275
v 0 0.05 -0.041275
v -0.009185 0.05 0.04024
v -0.009185 0.05 -0.04024
v -0.017909 0.05 0.037187
v -0.017909 0.05 -0.037187
v -0.025735 0.05 0.03227
v -0.025735 0.05 -0.03227
v -0.03227 0.05 0.025735
v -0.03227 0.05 -0.025735
v -0.037187 0.05 0.017909
v -0.037187 0.05 -0.017909
v -0.04024 0.05 0.009185
v -0.04024 0.05 -0.009185
v -0.041275 0.05 0
v -0.032965 0.06015 -0.026289
v -0.03227 0.05 -0.025735
v -0.037187 0.05 -0.017909
v -0.037988 0.06015 -0.018294
v -0.032965 0.06015 -0.026289
v -0.025735 0.05 -0.03227
v -0.03227 0.05 -0.025735
v -0.026289 0.06015 -0.032965
v 0.042164 0.06015 0
v 0.041275 0.05 0
v 0.04024 0.05 -0.009185
v 0.041107 0.06015 -0.009382
v -0.037988 0.06015 -0.018294
v -0.037187 0.05 -0.017909
v -0.04024 0.05 -0.009185
v -0.041107 0.06015 -0.009382
v 0.041107 0.06015 -0.009382
v 0.04024 0.05 -0.009185
v 0.037187 0.05 -0.017909
v 0.037988 0.06015 -0.018294
v -0.041107 0.06015 -0.009382
v -0.04024 0.05 -0.009185
v -0.041275 0.05 0
v 0.037988 0.06015 -0.018294
v 0.037187 0.05 -0.017909
v 0.03227 0.05 -0.025735
v 0.032965 0.06015 -0.026289
v -0.042164 0.06015 0
v -0.041107 0.06015 -0.009382
v -0.041275 0.05 0
v 0.032965 0.06015 -0.026289
v 0.03227 0.05 -0.025735
v 0.025735 0.05 -0.03227
v 0.026289 0.06015 -0.032965
v 0.018294 0.06015 -0.037988
v 0.017909 0.05 -0.037187
v 0.009185 0.05 -0.04024
v 0.009382 0.06015 -0.041107
v 0.018294 0.06015 -0.037988
v 0.025735 0.05 -0.03227
v 0.017909 0.05 -0.037187
v 0.026289 0.06015 -0.032965
v 0.009382 0.06015 -0.041107
v 0.009185 0.05 -0.04024
v 0 0.05 -0.041275
v 0 0.06015 -0.042164
v 0 0.06015 -0.042164
v 0 0.05 -0.041275
v -0.009185 0.05 -0.04024
v -0.009382 0.06015 -0.041107
v -0.009382 0.06015 -0.041107
v -0.009185 0.05 -0.04024
v -0.017909 0.05 -0.037187
v -0.018294 0.06015 -0.037988
v -0.026289 0.06015 -0.032965
v -0.017909 0.05 -0.037187
v -0.025735 0.05 -0.03227
v -0.018294 0.06015 -0.037988
v -0.029312 0.06015 0.032554
v -0.03544 0.06015 0.025749
v -0.032965 0.06015 0.026289
v -0.026289 0.06015 0.032965
v -0.037988 0.06015 0.018294
v -0.021903 0.06015 0.037937
v -0.040019 0.06015 0.017818
v -0.018294 0.06015 0.037988
v -0.041107 0.06015 0.009382
v -0.013537 0.06015 0.041662
v -0.042849 0.06015 0.009108
v -0.009382 0.06015 0.041107
v -0.042164 0.06015 0
v -0.004579 0.06015 0.043566
v -0.043806 0.06015 0
v 0 0.06015 0.042164
v -0.042849 0.06015 -0.009108
v 0.004579 0.06015 0.043566
v -0.041107 0.06015 -0.009382
v 0.009382 0.06015 0.041107
v -0.040019 0.06015 -0.017818
v 0.013537 0.06015 0.041662
v -0.037988 0.06015 -0.018294
v 0.018294 0.06015 0.037988
v -0.03544 0.06015 -0.025749
v 0.021903 0.06015 0.037937
v -0.032965 0.06015 -0.026289
v 0.026289 0.06015 0.032965
v -0.029312 0.06015 -0.032554
v 0.029312 0.06015 0.032554
v -0.026289 0.06015 -0.032965
v 0.032965 0.06015 0.026289
v -0.021903 0.06015 -0.037937
v 0.03544 0.06015 0.025749
v -0.018294 0.06015 -0.037988
v 0.037988 0.06015 0.018294
v -0.013537 0.06015 -0.041662
v 0.040019 0.06015 0.017818
v -0.009382 0.06015 -0.041107
v 0.041107 0.06015 0.009382
v -0.004579 0.06015 -0.043566
v 0.042849 0.06015 0.009108
v 0 0.06015 -0.042164
v 0.042164 0.06015 0
v 0.004579 0.06015 -0.043566
v 0.043806 0.06015 0
v 0.009382 0.06015 -0.041107
v 0.042849 0.06015 -0.009108
v 0.013537 0.06015 -0.041662
v 0.041107 0.06015 -0.009382
v 0.018294 0.06015 -0.037988
v 0.040019 0.06015 -0.017818
v 0.021903 0.06015 -0.037937
v 0.037988 0.06015 -0.018294
v 0.026289 0.06015 -0.032965
v 0.03544 0.06015 -0.025749
v 0.029312 0.06015 -0.032554
v 0.032965 0.06015 -0.026289
vt 0.70583 0.360026
vt 0.728062 0.380529
vt 0.728024 0.36043203
vt 0.376736 0.60018098
vt 0.399223 0.618366
vt 0.398914 0.60134202
vt 0.377052 0.61757302
vt 0.399045 0.47049403
vt 0.376843 0.471745
vt 0.376771 0.488765
vt 0.398971 0.48788
vt 0.399045 0.47049403
vt 0.399152 0.456021
vt 0.376843 0.471745
vt 0.376949 0.457577
vt 0.70583 0.360026
vt 0.728024 0.36043203
vt 0.727938 0.34131503
vt 0.705742 0.34049797
vt 0.398971 0.48788
vt 0.376771 0.488765
vt 0.376736 0.507783
vt 0.398935 0.507308
vt 0.70583 0.360026
vt 0.705868 0.380556
vt 0.728062 0.380529
vt 0.398935 0.507308
vt 0.376736 0.507783
vt 0.37674 0.52784598
vt 0.398939 0.527803
vt 0.705742 0.34049797
vt 0.727938 0.34131503
vt 0.727807 0.32413697
vt 0.705609 0.322949
vt 0.376785 0.729863
vt 0.398962 0.728289
vt 0.399259 0.71388298
vt 0.377089 0.715146
vt 0.377297 0.697576
vt 0.399259 0.71388298
vt 0.399463 0.696683
vt 0.377089 0.715146
vt 0.3774 0.678034
vt 0.399463 0.696683
vt 0.399564 0.677553
vt 0.377297 0.697576
vt 0.377393 0.65750003
vt 0.399564 0.677553
vt 0.399556 0.657452
vt 0.3774 0.678034
vt 0.377275 0.637003
vt 0.399556 0.657452
vt 0.399441 0.637388
vt 0.377393 0.65750003
vt 0.377052 0.61757302
vt 0.399441 0.637388
vt 0.399223 0.618366
vt 0.377275 0.637003
vt 0.403974 0.49750698
vt 0.411983 0.48535204
vt 0.400763 0.491031
vt 0.544325 0.54520702
vt 0.546907 0.531047
vt 0.539644 0.53990197
vt 0.019317 0.42430496
vt 0.009528 0.43916202
vt 0.021566 0.42547202
vt 0.443752 0.475488
vt 0.45602 0.46140397
vt 0.440218 0.46753597
vt 0.450679 0.456021
vt 0.438818 0.466506
vt 0.440218 0.46753597
vt 0.45602 0.46140397
vt 0.45427 0.45957196
vt 0.440218 0.46753597
vt 0.45427 0.45957196
vt 0.452488 0.45777702
vt 0.440218 0.46753597
vt 0.452488 0.45777702
vt 0.450679 0.456021
vt 0.440218 0.46753597
vt 0.438818 0.466506
vt 0.425809 0.47649097
vt 0.43759 0.47104704
vt 0.440218 0.46753597
vt 0.438818 0.466506
vt 0.43759 0.47104704
vt 0.443752 0.475488
vt 0.440218 0.46753597
vt 0.43759 0.47104704
vt 0.433932 0.49219096
vt 0.443752 0.475488
vt 0.431881 0.479846
vt 0.443752 0.475488
vt 0.43759 0.47104704
vt 0.431881 0.479846
vt 0.43759 0.47104704
vt 0.425809 0.47649097
vt 0.431881 0.479846
vt 0.433932 0.49219096
vt 0.431881 0.479846
vt 0.427114 0.48886704
vt 0.427114 0.48886704
vt 0.431881 0.479846
vt 0.420792 0.485983
vt 0.425809 0.47649097
vt 0.411983 0.48535204
vt 0.420792 0.485983
vt 0.431881 0.479846
vt 0.425809 0.47649097
vt 0.420792 0.485983
vt 0.426989 0.51078302
vt 0.433932 0.49219096
vt 0.423003 0.498586
vt 0.433932 0.49219096
vt 0.427114 0.48886704
vt 0.423003 0.498586
vt 0.426989 0.51078302
vt 0.423003 0.498586
vt 0.42146 0.50296402
vt 0.42146 0.50296402
vt 0.423003 0.498586
vt 0.416466 0.49620903
vt 0.423003 0.498586
vt 0.427114 0.48886704
vt 0.416466 0.49620903
vt 0.420792 0.485983
vt 0.426989 0.51078302
vt 0.42146 0.50296402
vt 0.419883 0.508079
vt 0.419883 0.508079
vt 0.42146 0.50296402
vt 0.414843 0.500816
vt 0.42146 0.50296402
vt 0.416466 0.49620903
vt 0.414843 0.500816
vt 0.420792 0.485983
vt 0.411983 0.48535204
vt 0.410113 0.49402
vt 0.416466 0.49620903
vt 0.420792 0.485983
vt 0.410113 0.49402
vt 0.411983 0.48535204
vt 0.403974 0.49750698
vt 0.410113 0.49402
vt 0.406687 0.50444102
vt 0.411466 0.522079
vt 0.413183 0.506198
vt 0.419883 0.508079
vt 0.414843 0.500816
vt 0.413183 0.506198
vt 0.411466 0.522079
vt 0.419883 0.508079
vt 0.413183 0.506198
vt 0.416466 0.49620903
vt 0.410113 0.49402
vt 0.408419 0.49882603
vt 0.403974 0.49750698
vt 0.406687 0.50444102
vt 0.408419 0.49882603
vt 0.414843 0.500816
vt 0.416466 0.49620903
vt 0.408419 0.49882603
vt 0.413183 0.506198
vt 0.414843 0.500816
vt 0.408419 0.49882603
vt 0.406687 0.50444102
vt 0.410113 0.49402
vt 0.403974 0.49750698
vt 0.408419 0.49882603
vt 0.423227 0.530451
vt 0.426989 0.51078302
vt 0.416593 0.52290303
vt 0.419883 0.508079
vt 0.411466 0.522079
vt 0.416593 0.52290303
vt 0.426989 0.51078302
vt 0.419883 0.508079
vt 0.416593 0.52290303
vt 0.411466 0.522079
vt 0.414605 0.54305398
vt 0.415692 0.52968597
vt 0.416593 0.52290303
vt 0.411466 0.522079
vt 0.415692 0.52968597
vt 0.423227 0.530451
vt 0.416593 0.52290303
vt 0.415692 0.52968597
vt 0.422809 0.550335
vt 0.423227 0.530451
vt 0.414991 0.54305398
vt 0.423227 0.530451
vt 0.415692 0.52968597
vt 0.414991 0.54305398
vt 0.414605 0.54305398
vt 0.422809 0.550335
vt 0.414991 0.54305398
vt 0.415692 0.52968597
vt 0.414605 0.54305398
vt 0.414991 0.54305398
vt 0.425755 0.56956702
vt 0.422809 0.550335
vt 0.417042 0.56522
vt 0.414605 0.54305398
vt 0.415708 0.565453
vt 0.417042 0.56522
vt 0.422809 0.550335
vt 0.414605 0.54305398
vt 0.417042 0.56522
vt 0.415708 0.565453
vt 0.414714 0.58330798
vt 0.418389 0.571418
vt 0.425755 0.56956702
vt 0.417042 0.56522
vt 0.418389 0.571418
vt 0.417042 0.56522
vt 0.415708 0.565453
vt 0.418389 0.571418
vt 0.431935 0.58730602
vt 0.425755 0.56956702
vt 0.421347 0.58135802
vt 0.425755 0.56956702
vt 0.418389 0.571418
vt 0.421347 0.58135802
vt 0.418389 0.571418
vt 0.414714 0.58330798
vt 0.414724 0.583305
vt 0.421347 0.58135802
vt 0.418389 0.571418
vt 0.414724 0.583305
vt 0.431935 0.58730602
vt 0.421347 0.58135802
vt 0.424982 0.590344
vt 0.414714 0.58330798
vt 0.411957 0.597584
vt 0.418549 0.59276003
vt 0.421347 0.58135802
vt 0.414724 0.583305
vt 0.418549 0.59276003
vt 0.424982 0.590344
vt 0.414724 0.583305
vt 0.414714 0.58330798
vt 0.418549 0.59276003
vt 0.441079 0.602776
vt 0.431935 0.58730602
vt 0.429488 0.598947
vt 0.431935 0.58730602
vt 0.424982 0.590344
vt 0.429488 0.598947
vt 0.441079 0.602776
vt 0.429488 0.598947
vt 0.431694 0.60249197
vt 0.424982 0.590344
vt 0.418549 0.59276003
vt 0.423291 0.60181302
vt 0.429488 0.598947
vt 0.441079 0.602776
vt 0.431694 0.60249197
vt 0.434399 0.606391
vt 0.431694 0.60249197
vt 0.429488 0.598947
vt 0.425612 0.60554302
vt 0.429488 0.598947
vt 0.423291 0.60181302
vt 0.425612 0.60554302
vt 0.546907 0.531047
vt 0.544325 0.54520702
vt 0.548144 0.539977
vt 0.418549 0.59276003
vt 0.411957 0.597584
vt 0.417232 0.60419297
vt 0.423291 0.60181302
vt 0.418549 0.59276003
vt 0.417232 0.60419297
vt 0.422623 0.612365
vt 0.438881 0.61918098
vt 0.428458 0.609645
vt 0.434399 0.606391
vt 0.431694 0.60249197
vt 0.428458 0.609645
vt 0.431694 0.60249197
vt 0.425612 0.60554302
vt 0.428458 0.609645
vt 0.438881 0.61918098
vt 0.434399 0.606391
vt 0.428458 0.609645
vt 0.544325 0.54520702
vt 0.548097 0.55099797
vt 0.548125 0.54511
vt 0.417232 0.60419297
vt 0.4155 0.60958898
vt 0.419654 0.60808498
vt 0.425612 0.60554302
vt 0.423291 0.60181302
vt 0.419654 0.60808498
vt 0.422623 0.612365
vt 0.428458 0.609645
vt 0.419654 0.60808498
vt 0.423291 0.60181302
vt 0.417232 0.60419297
vt 0.419654 0.60808498
vt 0.428458 0.609645
vt 0.425612 0.60554302
vt 0.419654 0.60808498
vt 0.181489 0.468224
vt 0.161571 0.466156
vt 0.174659 0.474419
vt 0.441079 0.602776
vt 0.434399 0.606391
vt 0.442967 0.616318
vt 0.434399 0.606391
vt 0.438881 0.61918098
vt 0.442967 0.616318
vt 0.438881 0.61918098
vt 0.455983 0.626992
vt 0.44723 0.62021297
vt 0.442967 0.616318
vt 0.438881 0.61918098
vt 0.44723 0.62021297
vt 0.181489 0.468224
vt 0.174659 0.474419
vt 0.181501 0.47464
vt 0.194958 0.474046
vt 0.201402 0.466107
vt 0.194917 0.47373903
vt 0.201402 0.466107
vt 0.181489 0.468224
vt 0.194917 0.47373903
vt 0.181501 0.47464
vt 0.194958 0.474046
vt 0.194917 0.47373903
vt 0.181489 0.468224
vt 0.181501 0.47464
vt 0.194917 0.47373903
vt 0.201402 0.466107
vt 0.194958 0.474046
vt 0.216947 0.46824896
vt 0.22044 0.459895
vt 0.201402 0.466107
vt 0.216947 0.46824896
vt 0.194958 0.474046
vt 0.217325 0.46926498
vt 0.216947 0.46824896
vt 0.217325 0.46926498
vt 0.235495 0.465388
vt 0.223057 0.46575296
vt 0.22044 0.459895
vt 0.216947 0.46824896
vt 0.223057 0.46575296
vt 0.216947 0.46824896
vt 0.217325 0.46926498
vt 0.223057 0.46575296
vt 0.23777 0.449861
vt 0.22044 0.459895
vt 0.232801 0.46075797
vt 0.22044 0.459895
vt 0.223057 0.46575296
vt 0.232801 0.46075797
vt 0.223057 0.46575296
vt 0.235495 0.465388
vt 0.235491 0.46538103
vt 0.232801 0.46075797
vt 0.223057 0.46575296
vt 0.235491 0.46538103
vt 0.23777 0.449861
vt 0.232801 0.46075797
vt 0.241546 0.45504797
vt 0.235495 0.465388
vt 0.250382 0.462219
vt 0.244693 0.459373
vt 0.235491 0.46538103
vt 0.235495 0.465388
vt 0.244693 0.459373
vt 0.232801 0.46075797
vt 0.235491 0.46538103
vt 0.244693 0.459373
vt 0.241546 0.45504797
vt 0.252635 0.43644404
vt 0.23777 0.449861
vt 0.249851 0.44830596
vt 0.23777 0.449861
vt 0.241546 0.45504797
vt 0.249851 0.44830596
vt 0.252635 0.43644404
vt 0.249851 0.44830596
vt 0.255116 0.44319904
vt 0.249851 0.44830596
vt 0.241546 0.45504797
vt 0.253432 0.45227802
vt 0.244693 0.459373
vt 0.252635 0.43644404
vt 0.255116 0.44319904
vt 0.260966 0.436548
vt 0.264386 0.420228
vt 0.252635 0.43644404
vt 0.260966 0.436548
vt 0.255116 0.44319904
vt 0.249851 0.44830596
vt 0.258973 0.446904
vt 0.253432 0.45227802
vt 0.253432 0.45227802
vt 0.244693 0.459373
vt 0.256555 0.455743
vt 0.005402 0.46198702
vt 0.000089 0.465383
vt 0.004869 0.46915698
vt 0.294819 0.57407898
vt 0.287961 0.56467402
vt 0.286232 0.57120597
vt 0.287561 0.57928902
vt 0.294819 0.57407898
vt 0.286232 0.57120597
vt 0.244693 0.459373
vt 0.250382 0.462219
vt 0.256555 0.455743
vt 0.260966 0.436548
vt 0.255116 0.44319904
vt 0.265128 0.439905
vt 0.255116 0.44319904
vt 0.258973 0.446904
vt 0.265128 0.439905
vt 0.018328 0.44435704
vt 0.006221 0.45319998
vt 0.011501 0.457241
vt 0.005402 0.46198702
vt 0.013536 0.45863104
vt 0.011501 0.457241
vt 0.013536 0.45863104
vt 0.018328 0.44435704
vt 0.011501 0.457241
vt 0.013536 0.45863104
vt 0.005402 0.46198702
vt 0.010412 0.46561396
vt 0.286232 0.57120597
vt 0.287961 0.56467402
vt 0.286185 0.56406897
vt 0.287961 0.56467402
vt 0.283023 0.554147
vt 0.286185 0.56406897
vt 0.005402 0.46198702
vt 0.004869 0.46915698
vt 0.010412 0.46561396
vt 0.264386 0.420228
vt 0.260966 0.436548
vt 0.269942 0.423433
vt 0.006221 0.45319998
vt 0.018328 0.44435704
vt 0.015673 0.44352198
vt 0.023834 0.42659497
vt 0.021566 0.42547202
vt 0.015673 0.44352198
vt 0.026117 0.42767203
vt 0.023834 0.42659497
vt 0.015673 0.44352198
vt 0.018328 0.44435704
vt 0.026117 0.42767203
vt 0.015673 0.44352198
vt 0.021566 0.42547202
vt 0.009528 0.43916202
vt 0.015673 0.44352198
vt 0.059124 0.55186403
vt 0.059148 0.575992
vt 0.082722 0.55179602
vt 0.082746 0.57592398
vt 0.059202 0.528435
vt 0.059124 0.55186403
vt 0.0828 0.52836698
vt 0.082722 0.55179602
vt 0.720611 0.25197804
vt 0.720676 0.22788501
vt 0.697007 0.251934
vt 0.697072 0.22784102
vt 0.059379 0.50641698
vt 0.059202 0.528435
vt 0.082977 0.50634903
vt 0.0828 0.52836698
vt 0.720512 0.275302
vt 0.720611 0.25197804
vt 0.696908 0.275257
vt 0.697007 0.251934
vt 0.059649 0.48647797
vt 0.059379 0.50641698
vt 0.083247 0.48641002
vt 0.082977 0.50634903
vt 0.720383 0.297149
vt 0.720512 0.275302
vt 0.696779 0.297104
vt 0.696908 0.275257
vt 0.060005 0.469225
vt 0.059649 0.48647797
vt 0.083603 0.46915698
vt 0.083247 0.48641002
vt 0.720227 0.316855
vt 0.720383 0.297149
vt 0.696623 0.31681
vt 0.696779 0.297104
vt 0.062325 0.43525398
vt 0.062492 0.45516503
vt 0.085929 0.435238
vt 0.086096 0.455149
vt 0.060197 0.664976
vt 0.060658 0.681951
vt 0.083795 0.664909
vt 0.084256 0.68188298
vt 0.062325 0.43525398
vt 0.085929 0.435238
vt 0.085801 0.41323996
vt 0.062197 0.413256
vt 0.059805 0.64526403
vt 0.060197 0.664976
vt 0.083403 0.64519602
vt 0.083795 0.664909
vt 0.062113 0.389839
vt 0.062197 0.413256
vt 0.085717 0.38982296
vt 0.085801 0.41323996
vt 0.062075 0.36571503
vt 0.062113 0.389839
vt 0.085679 0.365699
vt 0.085717 0.38982296
vt 0.059493 0.623412
vt 0.059805 0.64526403
vt 0.083091 0.623344
vt 0.083403 0.64519602
vt 0.059272 0.60008502
vt 0.059493 0.623412
vt 0.08287 0.600017
vt 0.083091 0.623344
vt 0.059148 0.575992
vt 0.059272 0.60008502
vt 0.082746 0.57592398
vt 0.08287 0.600017
vt 0.186371 0.539757
vt 0.186275 0.56386697
vt 0.209975 0.53982902
vt 0.209879 0.56393898
vt 0.186509 0.516383
vt 0.186371 0.539757
vt 0.210112 0.516456
vt 0.209975 0.53982902
vt 0.062075 0.36571503
vt 0.085679 0.365699
vt 0.085688 0.341601
vt 0.062084 0.341617
vt 0.186684 0.49445498
vt 0.186509 0.516383
vt 0.210287 0.494528
vt 0.210112 0.516456
vt 0.06214 0.318277
vt 0.062084 0.341617
vt 0.085743 0.31826103
vt 0.085688 0.341601
vt 0.18689 0.47464
vt 0.186684 0.49445498
vt 0.210494 0.474712
vt 0.210287 0.494528
vt 0.062241 0.296404
vt 0.06214 0.318277
vt 0.085844 0.29638803
vt 0.085743 0.31826103
vt 0.720575 0.13835698
vt 0.720463 0.121095
vt 0.696971 0.13831198
vt 0.696859 0.12105101
vt 0.062384 0.27666402
vt 0.062241 0.296404
vt 0.085988 0.27664804
vt 0.085844 0.29638803
vt 0.720653 0.15830201
vt 0.720575 0.13835698
vt 0.697049 0.15825802
vt 0.696971 0.13831198
vt 0.186343 0.653144
vt 0.18647 0.67027098
vt 0.209946 0.653216
vt 0.210073 0.67034298
vt 0.720653 0.15830201
vt 0.697049 0.15825802
vt 0.697093 0.18028098
vt 0.720697 0.18032503
vt 0.186258 0.63330698
vt 0.186343 0.653144
vt 0.209861 0.63337898
vt 0.209946 0.653216
vt 0.720705 0.20375699
vt 0.720697 0.18032503
vt 0.697101 0.20371199
vt 0.697093 0.18028098
vt 0.720676 0.22788501
vt 0.720705 0.20375699
vt 0.697072 0.22784102
vt 0.697101 0.20371199
vt 0.186217 0.611363
vt 0.186258 0.63330698
vt 0.209821 0.611436
vt 0.209861 0.63337898
vt 0.186223 0.58797997
vt 0.186217 0.611363
vt 0.209827 0.58805197
vt 0.209821 0.611436
vt 0.186275 0.56386697
vt 0.186223 0.58797997
vt 0.209879 0.56393898
vt 0.209827 0.58805197
vt 0.300987 0.16886598
vt 0.331529 0.05488199
vt 0.280851 0.102386
vt 0.276648 0.12622201
vt 0.289129 0.079642
vt 0.276648 0.15042502
vt 0.30123 0.05868101
vt 0.280851 0.17426097
vt 0.316788 0.040139973
vt 0.289129 0.19700503
vt 0.335329 0.024582982
vt 0.30123 0.21796602
vt 0.35629 0.012480974
vt 0.316788 0.236507
vt 0.379034 0.0042030215
vt 0.384429 0.252308
vt 0.445513 0.024339974
vt 0.335329 0.252065
vt 0.40287 0
vt 0.35629 0.264167
vt 0.427073 0
vt 0.379034 0.27244496
vt 0.450909 0.0042030215
vt 0.402869 0.27664804
vt 0.473653 0.012480974
vt 0.427073 0.27664804
vt 0.494614 0.024582982
vt 0.450909 0.27244496
vt 0.513154 0.040140986
vt 0.498413 0.221766
vt 0.528955 0.107782006
vt 0.473652 0.264167
vt 0.528712 0.058682024
vt 0.494613 0.252065
vt 0.540814 0.07964301
vt 0.513154 0.236507
vt 0.549092 0.102386
vt 0.528712 0.21796602
vt 0.553295 0.12622201
vt 0.540814 0.19700599
vt 0.553295 0.15042603
vt 0.549092 0.17426199
vt 0.537919 0.64256603
vt 0.545428 0.633628
vt 0.506783 0.59113002
vt 0.45602 0.642299
vt 0.457745 0.539635
vt 0.539644 0.53990197
vt 0.544325 0.54520702
vt 0.548097 0.55099797
vt 0.554061 0.56605798
vt 0.548097 0.55099797
vt 0.5568 0.58436298
vt 0.555877 0.60426003
vt 0.551936 0.62041003
vt 0.545428 0.633628
vt 0.294747 0.45607603
vt 0.287381 0.466403
vt 0.326674 0.515056
vt 0.376665 0.456021
vt 0.281108 0.481627
vt 0.376736 0.574023
vt 0.277686 0.49816203
vt 0.294819 0.57407898
vt 0.276648 0.51509
vt 0.287961 0.56467402
vt 0.278276 0.535937
vt 0.283023 0.554147
vt 0.571027 0.17415798
vt 0.563694 0.18305898
vt 0.603186 0.225375
vt 0.652945 0.17440802
vt 0.557446 0.19622397
vt 0.653251 0.27664804
vt 0.571334 0.276397
vt 0.553825 0.21230799
vt 0.553295 0.23212302
vt 0.556397 0.25035203
vt 0.556397 0.25035203
vt 0.562659 0.26534903
vt 0.566546 0.271115
vt 0.571334 0.276397
vt 0.603186 0.225375
vt 0.562659 0.26534903
vt 0.566546 0.271115
vt 0.603186 0.225375
vt 0.571961 0.07200801
vt 0.564519 0.08090198
vt 0.6035 0.123180985
vt 0.564519 0.08090198
vt 0.558112 0.094055
vt 0.6035 0.123180985
vt 0.554295 0.110125005
vt 0.553525 0.12992203
vt 0.556406 0.148135
vt 0.562486 0.16311902
vt 0.566304 0.168881
vt 0.571027 0.17415798
vt 0.652945 0.17440802
vt 0.653879 0.072257996
vt 0.571961 0.07200801
vt 0.168148 0.59263998
vt 0.175509 0.582309
vt 0.13619 0.533678
vt 0.086228 0.59273797
vt 0.181775 0.567082
vt 0.086096 0.474737
vt 0.185188 0.550546
vt 0.168016 0.47464
vt 0.186217 0.53361797
vt 0.174878 0.48404002
vt 0.184579 0.512771
vt 0.179821 0.494564
vt 0.539644 0.53990197
vt 0.546907 0.531047
vt 0.507097 0.48893797
vt 0.546907 0.531047
vt 0.553051 0.517951
vt 0.507097 0.48893797
vt 0.556547 0.501949
vt 0.556923 0.48223603
vt 0.553681 0.464099
vt 0.547304 0.449176
vt 0.543373 0.443439
vt 0.538546 0.438183
vt 0.456647 0.43791604
vt 0.457745 0.539635
vt 0.539644 0.53990197
vt 0.547304 0.449176
vt 0.543373 0.443439
vt 0.507097 0.48893797
vt 0.056733 0.37330496
vt 0.0531 0.387398
vt 0.061901 0.378397
vt 0.566304 0.168881
vt 0.563694 0.18305898
vt 0.571027 0.17415798
vt 0.619847 0.442694
vt 0.630716 0.457721
vt 0.621776 0.44105804
vt 0.019317 0.42430496
vt 0.021566 0.42547202
vt 0.032211 0.41338897
vt 0.021566 0.42547202
vt 0.023834 0.42659497
vt 0.032211 0.41338897
vt 0.023834 0.42659497
vt 0.026117 0.42767203
vt 0.032211 0.41338897
vt 0.026276 0.40700698
vt 0.019317 0.42430496
vt 0.032211 0.41338897
vt 0.026117 0.42767203
vt 0.03387 0.41391098
vt 0.032211 0.41338897
vt 0.032211 0.41338897
vt 0.03387 0.41391098
vt 0.033542 0.409216
vt 0.03387 0.41391098
vt 0.042898 0.400254
vt 0.033542 0.409216
vt 0.026276 0.40700698
vt 0.032211 0.41338897
vt 0.033542 0.409216
vt 0.033542 0.409216
vt 0.042898 0.400254
vt 0.036059 0.399042
vt 0.030101 0.38802302
vt 0.026276 0.40700698
vt 0.036059 0.399042
vt 0.026276 0.40700698
vt 0.033542 0.409216
vt 0.036059 0.399042
vt 0.030101 0.38802302
vt 0.036059 0.399042
vt 0.037623 0.38896298
vt 0.042898 0.400254
vt 0.0531 0.387398
vt 0.044544 0.38964796
vt 0.037623 0.38896298
vt 0.036059 0.399042
vt 0.044544 0.38964796
vt 0.036059 0.399042
vt 0.042898 0.400254
vt 0.044544 0.38964796
vt 0.030624 0.36818302
vt 0.030101 0.38802302
vt 0.038347 0.37843704
vt 0.030101 0.38802302
vt 0.037623 0.38896298
vt 0.038347 0.37843704
vt 0.030624 0.36818302
vt 0.038347 0.37843704
vt 0.038384 0.37379396
vt 0.037623 0.38896298
vt 0.044544 0.38964796
vt 0.045306 0.378572
vt 0.038347 0.37843704
vt 0.037623 0.38896298
vt 0.045306 0.378572
vt 0.030624 0.36818302
vt 0.038384 0.37379396
vt 0.038216 0.36844397
vt 0.038384 0.37379396
vt 0.038347 0.37843704
vt 0.045345 0.37368703
vt 0.038347 0.37843704
vt 0.045306 0.378572
vt 0.045345 0.37368703
vt 0.044544 0.38964796
vt 0.0531 0.387398
vt 0.052043 0.37859
vt 0.045306 0.378572
vt 0.044544 0.38964796
vt 0.052043 0.37859
vt 0.0531 0.387398
vt 0.056733 0.37330496
vt 0.052043 0.37859
vt 0.038216 0.36844397
vt 0.038384 0.37379396
vt 0.045168 0.36805797
vt 0.051899 0.36762
vt 0.041649 0.35247397
vt 0.045168 0.36805797
vt 0.038384 0.37379396
vt 0.045345 0.37368703
vt 0.045168 0.36805797
vt 0.041649 0.35247397
vt 0.038216 0.36844397
vt 0.045168 0.36805797
vt 0.045168 0.36805797
vt 0.045345 0.37368703
vt 0.052083 0.37349296
vt 0.051899 0.36762
vt 0.056733 0.37330496
vt 0.051899 0.36762
vt 0.052083 0.37349296
vt 0.045345 0.37368703
vt 0.045306 0.378572
vt 0.052083 0.37349296
vt 0.052043 0.37859
vt 0.052043 0.37859
vt 0.056733 0.37330496
vt 0.052083 0.37349296
vt 0.027823 0.348356
vt 0.030624 0.36818302
vt 0.036529 0.353352
vt 0.038216 0.36844397
vt 0.041649 0.35247397
vt 0.036529 0.353352
vt 0.030624 0.36818302
vt 0.038216 0.36844397
vt 0.036529 0.353352
vt 0.036529 0.353352
vt 0.041649 0.35247397
vt 0.035192 0.34664202
vt 0.041649 0.35247397
vt 0.031915 0.333641
vt 0.035192 0.34664202
vt 0.027823 0.348356
vt 0.036529 0.353352
vt 0.035192 0.34664202
vt 0.02182 0.32940602
vt 0.027823 0.348356
vt 0.03155 0.33376598
vt 0.035192 0.34664202
vt 0.031915 0.333641
vt 0.03155 0.33376598
vt 0.027823 0.348356
vt 0.035192 0.34664202
vt 0.03155 0.33376598
vt 0.031915 0.333641
vt 0.02182 0.32940602
vt 0.03155 0.33376598
vt 0.012877 0.31216204
vt 0.02182 0.32940602
vt 0.022501 0.313457
vt 0.031915 0.333641
vt 0.023689 0.312805
vt 0.022501 0.313457
vt 0.02182 0.32940602
vt 0.031915 0.333641
vt 0.022501 0.313457
vt 0.012877 0.31216204
vt 0.022501 0.313457
vt 0.019247 0.30802798
vt 0.023689 0.312805
vt 0.018939 0.295591
vt 0.019247 0.30802798
vt 0.022501 0.313457
vt 0.023689 0.312805
vt 0.019247 0.30802798
vt 0.001386 0.297378
vt 0.012877 0.31216204
vt 0.01328 0.299581
vt 0.012877 0.31216204
vt 0.019247 0.30802798
vt 0.01328 0.299581
vt 0.019247 0.30802798
vt 0.018939 0.295591
vt 0.01893 0.29559696
vt 0.01328 0.299581
vt 0.019247 0.30802798
vt 0.01893 0.29559696
vt 0.001386 0.297378
vt 0.01328 0.299581
vt 0.006986 0.29225504
vt 0.018939 0.295591
vt 0.017033 0.28119504
vt 0.012307 0.287889
vt 0.01328 0.299581
vt 0.01893 0.29559696
vt 0.012307 0.287889
vt 0.006986 0.29225504
vt 0.01328 0.299581
vt 0.012307 0.287889
vt 0.01893 0.29559696
vt 0.018939 0.295591
vt 0.012307 0.287889
vt 0.630769 0.570306
vt 0.619914 0.585037
vt 0.631908 0.5823
vt 0.001386 0.297378
vt 0.006986 0.29225504
vt 0 0.28557396
vt 0.630769 0.570306
vt 0.631908 0.5823
vt 0.634378 0.57878798
vt 0.006986 0.29225504
vt 0.012307 0.287889
vt 0.004956 0.28085804
vt 0 0.28557396
vt 0.006986 0.29225504
vt 0.004956 0.28085804
vt 0.634378 0.57878798
vt 0.631908 0.5823
vt 0.637749 0.58584303
vt 0.630769 0.570306
vt 0.634378 0.57878798
vt 0.63705 0.574583
vt 0.634378 0.57878798
vt 0.637749 0.58584303
vt 0.640348 0.58214802
vt 0.63705 0.574583
vt 0.634378 0.57878798
vt 0.640348 0.58214802
vt 0.64316 0.57772303
vt 0.563694 0.18305898
vt 0.566304 0.168881
vt 0.562447 0.17413598
vt 0.640348 0.58214802
vt 0.637749 0.58584303
vt 0.64349 0.58891302
vt 0.012307 0.287889
vt 0.017033 0.28119504
vt 0.009946 0.27664804
vt 0.004956 0.28085804
vt 0.012307 0.287889
vt 0.009946 0.27664804
vt 0.649135 0.580442
vt 0.648399 0.563675
vt 0.64316 0.57772303
vt 0.648399 0.563675
vt 0.63705 0.574583
vt 0.64316 0.57772303
vt 0.650285 0.58686
vt 0.649135 0.580442
vt 0.646201 0.58505797
vt 0.64349 0.58891302
vt 0.650285 0.58686
vt 0.646201 0.58505797
vt 0.640348 0.58214802
vt 0.64349 0.58891302
vt 0.646201 0.58505797
vt 0.649135 0.580442
vt 0.64316 0.57772303
vt 0.646201 0.58505797
vt 0.64316 0.57772303
vt 0.640348 0.58214802
vt 0.646201 0.58505797
vt 0.638877 0.553078
vt 0.630769 0.570306
vt 0.643589 0.561805
vt 0.630769 0.570306
vt 0.63705 0.574583
vt 0.643589 0.561805
vt 0.63705 0.574583
vt 0.648399 0.563675
vt 0.643589 0.561805
vt 0.648399 0.563675
vt 0.650149 0.543207
vt 0.646012 0.555682
vt 0.643589 0.561805
vt 0.648399 0.563675
vt 0.646012 0.555682
vt 0.638877 0.553078
vt 0.643589 0.561805
vt 0.646012 0.555682
vt 0.650149 0.543207
vt 0.643884 0.534105
vt 0.649774 0.543119
vt 0.643884 0.534105
vt 0.638877 0.553078
vt 0.649774 0.543119
vt 0.646012 0.555682
vt 0.650149 0.543207
vt 0.649774 0.543119
vt 0.638877 0.553078
vt 0.646012 0.555682
vt 0.649774 0.543119
vt 0.643884 0.534105
vt 0.650149 0.543207
vt 0.652985 0.520814
vt 0.645572 0.514216
vt 0.643884 0.534105
vt 0.652985 0.520814
vt 0.650149 0.543207
vt 0.654339 0.520882
vt 0.652985 0.520814
vt 0.654339 0.520882
vt 0.65961 0.502698
vt 0.653154 0.514221
vt 0.645572 0.514216
vt 0.652985 0.520814
vt 0.653154 0.514221
vt 0.652985 0.520814
vt 0.654339 0.520882
vt 0.653154 0.514221
vt 0.643865 0.494281
vt 0.645572 0.514216
vt 0.652674 0.50328302
vt 0.645572 0.514216
vt 0.653154 0.514221
vt 0.652674 0.50328302
vt 0.653154 0.514221
vt 0.65961 0.502698
vt 0.659599 0.502698
vt 0.652674 0.50328302
vt 0.653154 0.514221
vt 0.659599 0.502698
vt 0.643865 0.494281
vt 0.652674 0.50328302
vt 0.651334 0.492953
vt 0.65961 0.502698
vt 0.66585 0.48775
vt 0.65819 0.49182904
vt 0.659599 0.502698
vt 0.65961 0.502698
vt 0.65819 0.49182904
vt 0.652674 0.50328302
vt 0.659599 0.502698
vt 0.65819 0.49182904
vt 0.651334 0.492953
vt 0.652674 0.50328302
vt 0.65819 0.49182904
vt 0.63884 0.47517097
vt 0.643865 0.494281
vt 0.649085 0.482592
vt 0.643865 0.494281
vt 0.651334 0.492953
vt 0.649085 0.482592
vt 0.63884 0.47517097
vt 0.649085 0.482592
vt 0.647042 0.47567403
vt 0.649085 0.482592
vt 0.651334 0.492953
vt 0.655823 0.480927
vt 0.65819 0.49182904
vt 0.63884 0.47517097
vt 0.647042 0.47567403
vt 0.64405 0.46758103
vt 0.630716 0.457721
vt 0.63884 0.47517097
vt 0.64405 0.46758103
vt 0.649085 0.482592
vt 0.655823 0.480927
vt 0.653674 0.473648
vt 0.647042 0.47567403
vt 0.655823 0.480927
vt 0.65819 0.49182904
vt 0.662346 0.47945702
vt 0.671891 0.47758102
vt 0.662207 0.47131896
vt 0.662346 0.47945702
vt 0.66585 0.48775
vt 0.671891 0.47758102
vt 0.662346 0.47945702
vt 0.65819 0.49182904
vt 0.66585 0.48775
vt 0.662346 0.47945702
vt 0.647042 0.47567403
vt 0.653674 0.473648
vt 0.650525 0.465132
vt 0.639221 0.45200896
vt 0.64405 0.46758103
vt 0.650525 0.465132
vt 0.653674 0.473648
vt 0.652973 0.46426797
vt 0.650525 0.465132
vt 0.652973 0.46426797
vt 0.639221 0.45200896
vt 0.650525 0.465132
vt 0.64405 0.46758103
vt 0.647042 0.47567403
vt 0.650525 0.465132
vt 0.653674 0.473648
vt 0.655823 0.480927
vt 0.660103 0.47186303
vt 0.655823 0.480927
vt 0.662346 0.47945702
vt 0.660103 0.47186303
vt 0.652973 0.46426797
vt 0.653674 0.473648
vt 0.660103 0.47186303
vt 0.662346 0.47945702
vt 0.662207 0.47131896
vt 0.660103 0.47186303
vt 0.662207 0.47131896
vt 0.652973 0.46426797
vt 0.660103 0.47186303
vt 0.630716 0.457721
vt 0.64405 0.46758103
vt 0.637304 0.45394802
vt 0.64405 0.46758103
vt 0.639221 0.45200896
vt 0.637304 0.45394802
vt 0.623732 0.43946397
vt 0.621776 0.44105804
vt 0.637304 0.45394802
vt 0.625709 0.43791604
vt 0.623732 0.43946397
vt 0.637304 0.45394802
vt 0.639221 0.45200896
vt 0.625709 0.43791604
vt 0.637304 0.45394802
vt 0.621776 0.44105804
vt 0.630716 0.457721
vt 0.637304 0.45394802
vt 0.302515 0.430153
vt 0.318316 0.44275403
vt 0.366334 0.36633396
vt 0.289914 0.414352
vt 0.336525 0.451523
vt 0.281145 0.39614296
vt 0.356229 0.456021
vt 0.276648 0.37643898
vt 0.376439 0.456021
vt 0.276648 0.356229
vt 0.396143 0.45152402
vt 0.281145 0.33652496
vt 0.414352 0.44275498
vt 0.289914 0.31831598
vt 0.430153 0.43015397
vt 0.302515 0.30251503
vt 0.442754 0.414352
vt 0.318316 0.289914
vt 0.451523 0.39614296
vt 0.336525 0.28114498
vt 0.45602 0.37644
vt 0.356229 0.27664804
vt 0.45602 0.356229
vt 0.376439 0.27664804
vt 0.451523 0.33652496
vt 0.396143 0.28114498
vt 0.442754 0.31831598
vt 0.414352 0.289914
vt 0.430153 0.30251503
vt 0.705678 0.43791604
vt 0.727875 0.43667996
vt 0.727985 0.41963303
vt 0.70579 0.420502
vt 0.557167 0.60265303
vt 0.579471 0.618541
vt 0.579365 0.604239
vt 0.557276 0.61726302
vt 0.398939 0.527803
vt 0.37674 0.52784598
vt 0.376781 0.547948
vt 0.398981 0.548338
vt 0.70579 0.420502
vt 0.727985 0.41963303
vt 0.728048 0.400598
vt 0.705855 0.401057
vt 0.398981 0.548338
vt 0.376781 0.547948
vt 0.376859 0.56708097
vt 0.399061 0.567883
vt 0.705855 0.401057
vt 0.728048 0.400598
vt 0.728062 0.380529
vt 0.399061 0.567883
vt 0.376859 0.56708097
vt 0.37697 0.58428597
vt 0.399174 0.58545798
vt 0.705868 0.380556
vt 0.705855 0.401057
vt 0.728062 0.380529
vt 0.399174 0.58545798
vt 0.37697 0.58428597
vt 0.377107 0.59869897
vt 0.399314 0.60018098
vt 0.557092 0.71475798
vt 0.579291 0.71398097
vt 0.57942 0.69491
vt 0.557224 0.69527602
vt 0.557092 0.71475798
vt 0.579126 0.731085
vt 0.579291 0.71398097
vt 0.556923 0.73223102
vt 0.557224 0.69527602
vt 0.57942 0.69491
vt 0.579505 0.674828
vt 0.557311 0.674762
vt 0.557311 0.674762
vt 0.579505 0.674828
vt 0.579543 0.65474302
vt 0.557349 0.654244
vt 0.557349 0.654244
vt 0.579543 0.65474302
vt 0.579532 0.63566202
vt 0.557338 0.63475198
vt 0.557276 0.61726302
vt 0.579532 0.63566202
vt 0.579471 0.618541
vt 0.557338 0.63475198
vt 0.142304 0.28497696
vt 0.124974 0.29501104
vt 0.130486 0.29555297
vt 0.14887 0.286157
vt 0.114654 0.30880404
vt 0.161341 0.27876496
vt 0.110109 0.308428
vt 0.168884 0.281088
vt 0.102167 0.32524502
vt 0.181254 0.27664804
vt 0.098358 0.32464397
vt 0.189524 0.2806
vt 0.093652 0.34405303
vt 0.201173 0.27871704
vt 0.090235 0.34294796
vt 0.209755 0.284716
vt 0.086096 0.36254
vt 0.220225 0.284881
vt 0.089535 0.36428404
vt 0.228563 0.293231
vt 0.08612 0.38256598
vt 0.23758 0.294873
vt 0.090024 0.384924
vt 0.245004 0.305718
vt 0.090308 0.402148
vt 0.252478 0.308254
vt 0.095093 0.40493798
vt 0.258255 0.32155
vt 0.098475 0.42043197
vt 0.264268 0.32444
vt 0.104488 0.42332196
vt 0.267651 0.339934
vt 0.110266 0.43661797
vt 0.272436 0.34272397
vt 0.117739 0.43915403
vt 0.27272 0.35994804
vt 0.125164 0.44999897
vt 0.276623 0.362307
vt 0.134181 0.45164096
vt 0.273208 0.380588
vt 0.142518 0.45999098
vt 0.276648 0.38233197
vt 0.152988 0.46015596
vt 0.269092 0.400819
vt 0.161571 0.466156
vt 0.272508 0.401924
vt 0.17322 0.46427202
vt 0.264386 0.420228
vt 0.181489 0.468224
vt 0.260576 0.419627
vt 0.19386 0.46378398
vt 0.252635 0.43644404
vt 0.201402 0.466107
vt 0.24809 0.436068
vt 0.213873 0.45871496
vt 0.23777 0.449861
vt 0.22044 0.459895
vt 0.232257 0.449319
vn 0.99 0.0867 -0.1116
vn 0.99 0.0867 -0.1116
vn 0.99 0.0867 -0.1116
vn -0.53 0.0867 -0.8436
vn -0.53 0.0867 -0.8436
vn -0.53 0.0867 -0.8436
vn -0.53 0.0867 -0.8436
vn -0.8436 0.0867 -0.53
vn -0.8436 0.0867 -0.53
vn -0.8436 0.0867 -0.53
vn -0.8436 0.0867 -0.53
vn -0.7044 0.0867 -0.7044
vn -0.7044 0.0867 -0.7044
vn -0.7044 0.0867 -0.7044
vn -0.7044 0.0867 -0.7044
vn 0.9403 0.0867 -0.3291
vn 0.9403 0.0867 -0.3291
vn 0.9403 0.0867 -0.3291
vn 0.9403 0.0867 -0.3291
vn -0.9403 0.0867 -0.3291
vn -0.9403 0.0867 -0.3291
vn -0.9403 0.0867 -0.3291
vn -0.9403 0.0867 -0.3291
vn 0.99 0.0867 -0.1115
vn 0.99 0.0867 -0.1115
vn 0.99 0.0867 -0.1115
vn -0.99 0.0867 -0.1115
vn -0.99 0.0867 -0.1116
vn -0.99 0.0867 -0.1115
vn -0.99 0.0867 -0.1115
vn 0.8436 0.0867 -0.53
vn 0.8436 0.0867 -0.53
vn 0.8436 0.0867 -0.53
vn 0.8436 0.0867 -0.53
vn 0.7044 0.0867 -0.7044
vn 0.7044 0.0867 -0.7044
vn 0.7044 0.0867 -0.7044
vn 0.7044 0.0867 -0.7044
vn 0.53 0.0867 -0.8436
vn 0.53 0.0867 -0.8436
vn 0.53 0.0867 -0.8436
vn 0.53 0.0867 -0.8436
vn 0.3291 0.0867 -0.9403
vn 0.3291 0.0867 -0.9403
vn 0.3291 0.0867 -0.9403
vn 0.3291 0.0867 -0.9403
vn 0.1115 0.0867 -0.99
vn 0.1115 0.0867 -0.99
vn 0.1116 0.0867 -0.99
vn 0.1115 0.0867 -0.99
vn -0.1115 0.0867 -0.99
vn -0.1115 0.0867 -0.99
vn -0.1116 0.0867 -0.99
vn -0.1115 0.0867 -0.99
vn -0.3291 0.0867 -0.9403
vn -0.3291 0.0867 -0.9403
vn -0.3291 0.0867 -0.9403
vn -0.3291 0.0867 -0.9403
vn -0.7313 0.5552 -0.3962
vn -0.7313 0.5552 -0.3962
vn -0.7313 0.5552 -0.3962
vn -0.0225 0.555 -0.8315
vn -0.0225 0.555 -0.8315
vn -0.0225 0.555 -0.8315
vn 0.4966 0.8664 -0.0522
vn 0.4966 0.8664 -0.0522
vn 0.4966 0.8664 -0.0522
vn -0.514 0.8561 -0.054
vn -0.514 0.8561 -0.054
vn -0.514 0.8561 -0.054
vn -0.6005 0.7981 -0.0494
vn -0.6005 0.7981 -0.0494
vn -0.6005 0.7981 -0.0494
vn -0.4963 0.8659 -0.0618
vn -0.4963 0.8659 -0.0618
vn -0.4963 0.8659 -0.0618
vn -0.5363 0.8425 -0.051
vn -0.5363 0.8425 -0.051
vn -0.5363 0.8425 -0.051
vn -0.5742 0.8173 -0.0472
vn -0.5742 0.8173 -0.0472
vn -0.5742 0.8173 -0.0472
vn -0.6487 0.7452 -0.1545
vn -0.6487 0.7452 -0.1545
vn -0.6487 0.7452 -0.1545
vn -0.5909 0.799 -0.1116
vn -0.5909 0.799 -0.1116
vn -0.5909 0.799 -0.1116
vn -0.5275 0.8437 -0.0997
vn -0.5275 0.8437 -0.0997
vn -0.5275 0.8437 -0.0997
vn -0.4821 0.862 -0.1567
vn -0.4821 0.862 -0.1567
vn -0.4821 0.862 -0.1567
vn -0.5188 0.8434 -0.1397
vn -0.5188 0.8434 -0.1397
vn -0.5188 0.8434 -0.1397
vn -0.6209 0.7658 -0.1672
vn -0.6209 0.7658 -0.1672
vn -0.6209 0.7658 -0.1672
vn -0.5015 0.8433 -0.1932
vn -0.5015 0.8433 -0.1932
vn -0.5015 0.8433 -0.1932
vn -0.5999 0.766 -0.2311
vn -0.5999 0.766 -0.2311
vn -0.5999 0.766 -0.2311
vn -0.7035 0.657 -0.2709
vn -0.7035 0.657 -0.2709
vn -0.7035 0.657 -0.2709
vn -0.6 0.7659 -0.2311
vn -0.6 0.7659 -0.2311
vn -0.6 0.7659 -0.2311
vn -0.439 0.862 -0.2534
vn -0.439 0.862 -0.2534
vn -0.439 0.862 -0.2534
vn -0.4789 0.8433 -0.2439
vn -0.4789 0.8433 -0.2439
vn -0.4789 0.8433 -0.2439
vn -0.4441 0.8543 -0.2703
vn -0.4441 0.8543 -0.2703
vn -0.4441 0.8543 -0.2703
vn -0.5489 0.7662 -0.3341
vn -0.5489 0.7662 -0.3341
vn -0.5489 0.7662 -0.3341
vn -0.573 0.7658 -0.2918
vn -0.5729 0.7659 -0.2918
vn -0.573 0.7659 -0.2918
vn -0.5733 0.7655 -0.2922
vn -0.4436 0.8443 -0.3006
vn -0.4436 0.8443 -0.3006
vn -0.4436 0.8443 -0.3006
vn -0.532 0.7661 -0.3605
vn -0.532 0.7661 -0.3605
vn -0.532 0.7661 -0.3605
vn -0.5489 0.7662 -0.3342
vn -0.5489 0.7662 -0.3342
vn -0.5489 0.7662 -0.3342
vn -0.658 0.6761 -0.3316
vn -0.658 0.6761 -0.3316
vn -0.658 0.6761 -0.3316
vn -0.6532 0.6801 -0.3328
vn -0.6532 0.6801 -0.3328
vn -0.6532 0.6801 -0.3328
vn -0.7239 0.5655 -0.3953
vn -0.7239 0.5655 -0.3953
vn -0.7239 0.5655 -0.3953
vn -0.5574 0.6793 -0.4773
vn -0.5574 0.6793 -0.4773
vn -0.5574 0.6793 -0.4773
vn -0.532 0.7661 -0.3606
vn -0.532 0.7661 -0.3606
vn -0.532 0.7661 -0.3606
vn -0.497 0.7655 -0.4086
vn -0.497 0.7655 -0.4086
vn -0.497 0.7655 -0.4086
vn -0.626 0.6805 -0.3809
vn -0.626 0.6805 -0.3809
vn -0.626 0.6805 -0.3809
vn -0.6624 0.5997 -0.4489
vn -0.6624 0.5997 -0.4489
vn -0.6624 0.5997 -0.4489
vn -0.6259 0.6806 -0.381
vn -0.6259 0.6806 -0.381
vn -0.6259 0.6806 -0.381
vn -0.6066 0.6805 -0.4111
vn -0.6066 0.6805 -0.4111
vn -0.6066 0.6805 -0.4111
vn -0.6066 0.6805 -0.4111
vn -0.6836 0.5997 -0.416
vn -0.6836 0.5997 -0.416
vn -0.6836 0.5997 -0.416
vn -0.3796 0.8597 -0.3418
vn -0.3796 0.8597 -0.3418
vn -0.3796 0.8597 -0.3418
vn -0.4843 0.7756 -0.4049
vn -0.4843 0.7756 -0.4049
vn -0.4843 0.7756 -0.4049
vn -0.4147 0.8414 -0.3467
vn -0.4147 0.8414 -0.3467
vn -0.4147 0.8414 -0.3467
vn -0.4349 0.7163 -0.5458
vn -0.4349 0.7163 -0.5458
vn -0.4349 0.7163 -0.5458
vn -0.4372 0.7763 -0.4542
vn -0.4372 0.7763 -0.4542
vn -0.4372 0.7763 -0.4542
vn -0.3724 0.8436 -0.3868
vn -0.3724 0.8436 -0.3868
vn -0.3724 0.8436 -0.3868
vn -0.2991 0.8608 -0.4117
vn -0.2991 0.8608 -0.4117
vn -0.2991 0.8608 -0.4117
vn -0.3327 0.8432 -0.4223
vn -0.3327 0.8432 -0.4223
vn -0.3327 0.8432 -0.4223
vn -0.2575 0.801 -0.5405
vn -0.2575 0.801 -0.5405
vn -0.2575 0.801 -0.5405
vn -0.368 0.804 -0.4671
vn -0.368 0.804 -0.4671
vn -0.368 0.804 -0.4671
vn -0.208 0.8594 -0.4671
vn -0.208 0.8594 -0.4671
vn -0.208 0.8594 -0.4671
vn -0.285 0.7956 -0.5346
vn -0.285 0.7956 -0.5346
vn -0.285 0.7956 -0.5346
vn -0.2705 0.819 -0.5061
vn -0.2705 0.819 -0.5061
vn -0.2705 0.819 -0.5061
vn -0.2124 0.7259 -0.6542
vn -0.2124 0.7259 -0.6542
vn -0.2124 0.7259 -0.6542
vn -0.1823 0.8436 -0.505
vn -0.1823 0.8436 -0.505
vn -0.1823 0.8436 -0.505
vn -0.205 0.7972 -0.5678
vn -0.205 0.7972 -0.5678
vn -0.2048 0.7976 -0.5674
vn -0.1054 0.862 -0.4958
vn -0.1054 0.862 -0.4958
vn -0.1054 0.862 -0.4958
vn -0.1384 0.8434 -0.5191
vn -0.1384 0.8434 -0.5191
vn -0.1384 0.8434 -0.5191
vn -0.228 0.7131 -0.663
vn -0.228 0.7131 -0.663
vn -0.228 0.7131 -0.663
vn -0.1657 0.7658 -0.6214
vn -0.1657 0.7658 -0.6214
vn -0.1657 0.7658 -0.6214
vn -0.0833 0.8434 -0.5308
vn -0.0833 0.8434 -0.5308
vn -0.0833 0.8434 -0.5308
vn -0.1169 0.6569 -0.7448
vn -0.1169 0.6569 -0.7448
vn -0.1169 0.6569 -0.7448
vn -0.0998 0.7658 -0.6352
vn -0.0998 0.7658 -0.6353
vn -0.0998 0.7659 -0.6352
vn -0.0997 0.7659 -0.6352
vn -0.1088 0.7134 -0.6923
vn -0.1088 0.7134 -0.6923
vn -0.1088 0.7134 -0.6923
vn 0 0.862 -0.5069
vn 0 0.862 -0.5069
vn 0 0.862 -0.5069
vn -0.0281 0.8434 -0.5365
vn -0.0281 0.8434 -0.5365
vn -0.0281 0.8434 -0.5365
vn 0.0119 0.8543 -0.5196
vn 0.0119 0.8543 -0.5196
vn 0.0119 0.8543 -0.5196
vn -0.0336 0.7658 -0.6422
vn -0.0336 0.7658 -0.6421
vn -0.0336 0.7658 -0.6422
vn -0.0337 0.7658 -0.6422
vn 0.0386 0.8443 -0.5345
vn 0.0386 0.8443 -0.5345
vn 0.0386 0.8443 -0.5345
vn 0.0147 0.7662 -0.6424
vn 0.0147 0.7662 -0.6424
vn 0.0147 0.7662 -0.6424
vn 0.0146 0.7662 -0.6425
vn 0.0146 0.7662 -0.6425
vn 0.0146 0.7662 -0.6425
vn -0.0194 0.5661 -0.8241
vn -0.0194 0.5661 -0.8241
vn -0.0195 0.5658 -0.8243
vn -0.0418 0.676 -0.7357
vn -0.0418 0.676 -0.7357
vn -0.0418 0.676 -0.7357
vn -0.0383 0.6801 -0.7322
vn -0.0383 0.6801 -0.7322
vn -0.0383 0.6801 -0.7322
vn 0.1344 0.6797 -0.7211
vn 0.1346 0.6794 -0.7213
vn 0.1343 0.6797 -0.7211
vn 0.0463 0.7662 -0.6409
vn 0.0463 0.7662 -0.6409
vn 0.0463 0.7662 -0.6409
vn 0.0462 0.7662 -0.6409
vn 0.0462 0.7662 -0.6409
vn 0.0462 0.7662 -0.6409
vn 0.1054 0.7657 -0.6346
vn 0.1054 0.7657 -0.6346
vn 0.1054 0.7657 -0.6346
vn 0.0574 0.5999 -0.798
vn 0.0578 0.5997 -0.7981
vn 0.0578 0.5997 -0.7981
vn 0.0181 0.5997 -0.8
vn 0.0181 0.5997 -0.8
vn 0.0181 0.5997 -0.8
vn 0.0166 0.6805 -0.7326
vn 0.0166 0.6805 -0.7326
vn 0.0166 0.6805 -0.7326
vn 0.053 0.6803 -0.731
vn 0.053 0.6803 -0.731
vn 0.053 0.6803 -0.731
vn 0.0165 0.6805 -0.7326
vn 0.0165 0.6805 -0.7326
vn 0.0165 0.6805 -0.7326
vn 0.0527 0.6805 -0.7309
vn 0.0527 0.6805 -0.7309
vn 0.0527 0.6805 -0.7309
vn 0.1062 0.8597 -0.4997
vn 0.1062 0.8597 -0.4997
vn 0.1062 0.8597 -0.4997
vn 0.0929 0.8414 -0.5324
vn 0.0929 0.8414 -0.5324
vn 0.0929 0.8414 -0.5324
vn 0.1085 0.7755 -0.6219
vn 0.1085 0.7755 -0.6219
vn 0.1085 0.7755 -0.6219
vn 0.2552 0.7162 -0.6496
vn 0.2552 0.7162 -0.6496
vn 0.2552 0.7162 -0.6496
vn 0.1746 0.7762 -0.6058
vn 0.1746 0.7762 -0.6058
vn 0.1746 0.7762 -0.6058
vn 0.1487 0.8436 -0.5159
vn 0.1487 0.8436 -0.5159
vn 0.1487 0.8436 -0.5159
vn 0.3393 0.801 -0.4933
vn 0.3393 0.801 -0.4933
vn 0.3393 0.801 -0.4933
vn 0.207 0.8608 -0.4649
vn 0.207 0.8608 -0.4649
vn 0.207 0.8608 -0.4649
vn 0.2206 0.8039 -0.5523
vn 0.2206 0.804 -0.5523
vn 0.2206 0.8039 -0.5524
vn 0.1994 0.8432 -0.4992
vn 0.1994 0.8432 -0.4992
vn 0.1994 0.8432 -0.4992
vn 0.303 0.819 -0.4872
vn 0.303 0.819 -0.4872
vn 0.303 0.819 -0.4872
vn 0.3005 0.8594 -0.4137
vn 0.3005 0.8594 -0.4137
vn 0.3005 0.8594 -0.4137
vn 0.3205 0.7956 -0.5141
vn 0.3205 0.7956 -0.5141
vn 0.3205 0.7956 -0.5141
vn 0.4604 0.726 -0.5108
vn 0.4604 0.726 -0.5108
vn 0.4604 0.726 -0.5108
vn 0.3463 0.8436 -0.4104
vn 0.3463 0.8436 -0.4104
vn 0.3463 0.8436 -0.4104
vn 0.389 0.7976 -0.4611
vn 0.3894 0.7972 -0.4614
vn 0.3894 0.7972 -0.4614
vn 0.3767 0.862 -0.3392
vn 0.3767 0.862 -0.3392
vn 0.3767 0.862 -0.3392
vn 0.3804 0.8434 -0.3795
vn 0.3804 0.8434 -0.3795
vn 0.3804 0.8434 -0.3795
vn 0.4612 0.712 -0.5295
vn 0.4612 0.712 -0.5295
vn 0.4612 0.712 -0.5295
vn 0.4553 0.7658 -0.4542
vn 0.4553 0.7658 -0.4542
vn 0.4553 0.7658 -0.4542
vn 0.418 0.8434 -0.3376
vn 0.418 0.8434 -0.3376
vn 0.418 0.8434 -0.3376
vn 0.5866 0.6568 -0.4738
vn 0.5866 0.6568 -0.4738
vn 0.5866 0.6568 -0.4738
vn 0.5451 0.7134 -0.4403
vn 0.5451 0.7134 -0.4403
vn 0.5451 0.7134 -0.4403
vn 0.5002 0.7658 -0.4041
vn 0.5002 0.7658 -0.4041
vn 0.5002 0.7658 -0.4041
vn 0.5002 0.7659 -0.4041
vn 0.439 0.862 -0.2534
vn 0.439 0.862 -0.2534
vn 0.439 0.862 -0.2534
vn 0.4506 0.8434 -0.2927
vn 0.4506 0.8434 -0.2927
vn 0.4506 0.8434 -0.2927
vn 0.4659 0.8497 -0.2471
vn 0.4659 0.8497 -0.2471
vn 0.4659 0.8497 -0.2471
vn 0.5393 0.7658 -0.3503
vn 0.5393 0.7658 -0.3503
vn 0.5393 0.7658 -0.3503
vn 0.5393 0.7658 -0.3503
vn 0.4976 0.8402 -0.2154
vn 0.4976 0.8402 -0.2154
vn 0.4976 0.8402 -0.2154
vn 0.489 0.8577 -0.1589
vn 0.489 0.8577 -0.1589
vn 0.489 0.8577 -0.1589
vn 0.5679 0.766 -0.3012
vn 0.5679 0.7661 -0.3012
vn 0.5679 0.7661 -0.3012
vn 0.5679 0.7661 -0.3011
vn 0.6148 0.6801 -0.3993
vn 0.6148 0.6801 -0.3993
vn 0.6148 0.6801 -0.3993
vn 0.6475 0.6803 -0.3434
vn 0.6475 0.6803 -0.3434
vn 0.6475 0.6803 -0.3434
vn 0.7228 0.5588 -0.4066
vn 0.7228 0.5588 -0.4066
vn 0.7228 0.5588 -0.4066
vn 0.7089 0.5587 -0.4304
vn 0.7089 0.5587 -0.4304
vn 0.7089 0.5587 -0.4304
vn 0.6162 0.6759 -0.4043
vn 0.6162 0.6759 -0.4043
vn 0.6162 0.6759 -0.4043
vn 0.5901 0.7659 -0.2554
vn 0.5901 0.7659 -0.2554
vn 0.5901 0.7659 -0.2554
vn 0.59 0.7659 -0.2553
vn 0.59 0.7659 -0.2553
vn 0.59 0.7659 -0.2553
vn 0.616 0.7654 -0.1863
vn 0.616 0.7654 -0.1863
vn 0.616 0.7654 -0.1863
vn 0.6487 0.7074 -0.2807
vn 0.6487 0.7074 -0.2807
vn 0.6487 0.7074 -0.2807
vn 0.6842 0.7058 -0.1834
vn 0.6842 0.7058 -0.1834
vn 0.6842 0.7058 -0.1834
vn 0.6684 0.6803 -0.3008
vn 0.6684 0.6803 -0.3008
vn 0.6684 0.6803 -0.3008
vn 0.6945 0.6181 -0.3684
vn 0.6944 0.6182 -0.3683
vn 0.6944 0.6181 -0.3683
vn 0.732 0.6171 -0.2887
vn 0.732 0.6171 -0.2887
vn 0.732 0.6171 -0.2887
vn 0.6476 0.6803 -0.3433
vn 0.6476 0.6803 -0.3433
vn 0.6476 0.6803 -0.3433
vn 0.5159 0.843 -0.1524
vn 0.5159 0.843 -0.1524
vn 0.5159 0.843 -0.1524
vn 0.5971 0.7825 -0.1764
vn 0.5971 0.7825 -0.1764
vn 0.5971 0.7825 -0.1764
vn 0.536 0.8419 -0.0617
vn 0.536 0.8419 -0.0617
vn 0.536 0.8419 -0.0617
vn 0.5738 0.8168 -0.0603
vn 0.5738 0.8168 -0.0603
vn 0.5738 0.8168 -0.0603
vn 0.5919 0.8036 -0.0622
vn 0.5919 0.8036 -0.0622
vn 0.5919 0.8036 -0.0622
vn 0.5349 0.8427 -0.0619
vn 0.5349 0.8427 -0.0619
vn 0.5349 0.8427 -0.0619
vn 0.0872 0 -0.9962
vn 0.0872 0 -0.9962
vn 0.0872 0 -0.9962
vn 0.0872 0 -0.9962
vn 0.2588 0 -0.9659
vn 0.2588 0 -0.9659
vn 0.2588 0 -0.9659
vn 0.2588 0 -0.9659
vn -0.9962 -0 -0.0872
vn -0.9962 -0 -0.0872
vn -0.9962 -0 -0.0872
vn -0.9962 -0 -0.0872
vn 0.4225 0 -0.9063
vn 0.4225 0 -0.9063
vn 0.4225 0 -0.9063
vn 0.4225 0 -0.9063
vn -0.9659 0 -0.2588
vn -0.9659 0 -0.2588
vn -0.9659 0 -0.2588
vn -0.9659 0 -0.2588
vn 0.5736 0 -0.8191
vn 0.5736 0 -0.8191
vn 0.5736 0 -0.8191
vn 0.5736 0 -0.8191
vn -0.9063 -0 -0.4226
vn -0.9063 -0 -0.4226
vn -0.9063 -0 -0.4226
vn -0.9063 -0 -0.4226
vn 0.7071 0 -0.7071
vn 0.7071 0 -0.7071
vn 0.7071 0 -0.7071
vn 0.7071 0 -0.7071
vn -0.8191 0 -0.5736
vn -0.8191 0 -0.5736
vn -0.8191 0 -0.5736
vn -0.8191 0 -0.5736
vn 0.8191 0 -0.5736
vn 0.8191 0 -0.5736
vn 0.8191 0 -0.5736
vn 0.8191 0 -0.5736
vn -0.7071 0 -0.7071
vn -0.7071 0 -0.7071
vn -0.7071 0 -0.7071
vn -0.7071 0 -0.7071
vn 0.9063 0 -0.4225
vn 0.9063 0 -0.4225
vn 0.9063 0 -0.4225
vn 0.9063 0 -0.4225
vn -0.5736 0 -0.8191
vn -0.5736 0 -0.8191
vn -0.5736 0 -0.8191
vn -0.5736 0 -0.8191
vn 0.9659 0 -0.2588
vn 0.9659 0 -0.2588
vn 0.9659 0 -0.2588
vn 0.9659 0 -0.2588
vn 0.9962 0 -0.0872
vn 0.9962 0 -0.0872
vn 0.9962 0 -0.0872
vn 0.9962 0 -0.0872
vn -0.4225 0 -0.9063
vn -0.4225 0 -0.9063
vn -0.4225 0 -0.9063
vn -0.4225 0 -0.9063
vn -0.2588 0 -0.9659
vn -0.2588 0 -0.9659
vn -0.2588 0 -0.9659
vn -0.2588 0 -0.9659
vn -0.0872 0 -0.9962
vn -0.0872 0 -0.9962
vn -0.0872 0 -0.9962
vn -0.0872 0 -0.9962
vn -0.0872 0 0.9962
vn -0.0872 0 0.9962
vn -0.0872 0 0.9962
vn -0.0872 0 0.9962
vn -0.2588 -0 0.9659
vn -0.2588 -0 0.9659
vn -0.2588 -0 0.9659
vn -0.2588 -0 0.9659
vn 0.9962 0 0.0872
vn 0.9962 0 0.0872
vn 0.9962 0 0.0872
vn 0.9962 0 0.0872
vn -0.4225 -0 0.9063
vn -0.4225 -0 0.9063
vn -0.4225 -0 0.9063
vn -0.4225 -0 0.9063
vn 0.9659 0 0.2588
vn 0.9659 0 0.2588
vn 0.9659 0 0.2588
vn 0.9659 0 0.2588
vn -0.5736 -0 0.8191
vn -0.5736 -0 0.8191
vn -0.5736 -0 0.8191
vn -0.5736 -0 0.8191
vn 0.9063 0 0.4225
vn 0.9063 0 0.4225
vn 0.9063 0 0.4225
vn 0.9063 0 0.4225
vn -0.7071 -0 0.7071
vn -0.7071 -0 0.7071
vn -0.7071 -0 0.7071
vn -0.7071 -0 0.7071
vn 0.8191 -0 0.5736
vn 0.8191 -0 0.5736
vn 0.8191 -0 0.5736
vn 0.8191 -0 0.5736
vn -0.8191 -0 0.5736
vn -0.8191 -0 0.5736
vn -0.8191 -0 0.5736
vn -0.8191 -0 0.5736
vn 0.7071 -0 0.7071
vn 0.7071 -0 0.7071
vn 0.7071 -0 0.7071
vn 0.7071 -0 0.7071
vn -0.9063 -0 0.4226
vn -0.9063 -0 0.4226
vn -0.9063 -0 0.4226
vn -0.9063 -0 0.4226
vn 0.5736 -0 0.8191
vn 0.5736 -0 0.8191
vn 0.5736 -0 0.8191
vn 0.5736 -0 0.8191
vn -0.9659 0 0.2588
vn -0.9659 0 0.2588
vn -0.9659 0 0.2588
vn -0.9659 0 0.2588
vn -0.9962 0 0.0872
vn -0.9962 0 0.0872
vn -0.9962 0 0.0872
vn -0.9962 0 0.0872
vn 0.4225 -0 0.9063
vn 0.4225 -0 0.9063
vn 0.4225 -0 0.9063
vn 0.4225 -0 0.9063
vn 0.2588 -0 0.9659
vn 0.2588 -0 0.9659
vn 0.2588 -0 0.9659
vn 0.2588 -0 0.9659
vn 0.0872 0 0.9962
vn 0.0872 0 0.9962
vn 0.0872 0 0.9962
vn 0.0872 0 0.9962
vn -0 1 0
vn -0 1 0
vn -0 1 0
vn -0 1 0
vn -0 1 0
vn -0 1 0
vn -0 1 0
vn -0 1 0
vn -0 1 0
vn -0 1 0
vn -0 1 0
vn -0 1 0
vn -0 1 0
vn -0 1 0
vn -0 1 0
vn -0 1 0
vn -0 1 0
vn -0 1 0
vn -0 1 0
vn -0 1 0
vn -0 1 0
vn -0 1 0
vn -0 1 0
vn -0 1 0
vn -0 1 0
vn -0 1 0
vn -0 1 0
vn -0 1 0
vn -0 1 0
vn -0 1 0
vn -0 1 0
vn -0 1 0
vn -0 1 0
vn -0 1 0
vn -0 1 0
vn -0 1 0
vn -0 1 0
vn -0 1 0
vn -0 1 0
vn -0 1 0
vn -0 1 0
vn -0 1 0
vn 0.5 0.0001 -0.866
vn 0.5 0.0001 -0.866
vn 0.5 0 -0.866
vn 0.5 0 -0.866
vn 0.5 0 -0.866
vn 0.5 0 -0.866
vn 0.5 0 -0.866
vn 0.5001 0.0001 -0.866
vn 0.5 0 -0.866
vn 0.5 0 -0.866
vn 0.5 0 -0.866
vn 0.5 0 -0.866
vn 0.5 0 -0.866
vn 0.5001 -0.0001 -0.866
vn 1 0 0
vn 1 0 0
vn 1 0 0
vn 1 0 0
vn 1 0 0
vn 1 0 0
vn 1 0 0
vn 1 0 0
vn 1 0 0
vn 1 0 0
vn 1 0 0
vn 1 0 0
vn 0.5 0 0.866
vn 0.5 0 0.866
vn 0.5 0 0.866
vn 0.5 0 0.866
vn 0.5 0.0001 0.866
vn 0.5 0 0.866
vn 0.5 0 0.866
vn 0.5 0 0.866
vn 0.5 0 0.866
vn 0.4999 0 0.8661
vn 0.5 0 0.866
vn 0.5 0 0.866
vn 0.5 0.0001 0.866
vn 0.5 0.0001 0.866
vn 0.5 0.0001 0.866
vn 0.5001 -0.0001 0.866
vn 0.5001 -0.0001 0.866
vn 0.5001 -0.0001 0.866
vn -0.5 0.0001 0.866
vn -0.5 0.0001 0.866
vn -0.5 0.0001 0.866
vn -0.5001 -0.0001 0.866
vn -0.5 -0 0.866
vn -0.5 -0 0.866
vn -0.5 -0 0.866
vn -0.5 -0 0.866
vn -0.5 -0 0.866
vn -0.5 0.0001 0.866
vn -0.5 -0 0.866
vn -0.5 -0 0.866
vn -0.5 -0 0.866
vn -0.5 -0 0.866
vn -0.5 -0 0.866
vn -1 0 0
vn -1 0 0
vn -1 0 0
vn -1 0 0
vn -1 0 0
vn -1 0 0
vn -1 0 0
vn -1 0 0
vn -1 0 0
vn -1 0 0
vn -1 0 0
vn -1 0 0
vn -0.5 -0.0001 -0.8661
vn -0.5 -0.0001 -0.8661
vn -0.5 -0.0001 -0.8661
vn -0.5001 0.0001 -0.866
vn -0.5 0.0001 -0.866
vn -0.5 0 -0.866
vn -0.5 0 -0.866
vn -0.5 0 -0.866
vn -0.5 0 -0.866
vn -0.5 0 -0.866
vn -0.5 0.0001 -0.866
vn -0.5 0 -0.866
vn -0.5 0 -0.866
vn -0.5 0 -0.866
vn -0.5 0 -0.866
vn -0.5001 -0.0001 -0.866
vn -0.5001 -0.0001 -0.866
vn -0.5001 -0.0001 -0.866
vn 0.7313 0.5552 0.3961
vn 0.7313 0.5552 0.3961
vn 0.7313 0.5552 0.3961
vn 0.0225 0.555 0.8315
vn 0.0225 0.555 0.8315
vn 0.0225 0.555 0.8315
vn -0.4966 0.8664 0.0522
vn -0.4966 0.8664 0.0522
vn -0.4966 0.8664 0.0522
vn 0.4963 0.8659 0.0618
vn 0.4963 0.8659 0.0618
vn 0.4963 0.8659 0.0618
vn 0.5363 0.8425 0.051
vn 0.5363 0.8425 0.051
vn 0.5363 0.8425 0.051
vn 0.5738 0.8176 0.0472
vn 0.5738 0.8176 0.0472
vn 0.5738 0.8176 0.0472
vn 0.514 0.8561 0.054
vn 0.514 0.8561 0.054
vn 0.514 0.8561 0.054
vn 0.6005 0.7981 0.0494
vn 0.6005 0.7981 0.0494
vn 0.6005 0.7981 0.0494
vn 0.5909 0.799 0.1116
vn 0.5909 0.799 0.1116
vn 0.5909 0.799 0.1116
vn 0.6487 0.7452 0.1545
vn 0.6487 0.7452 0.1545
vn 0.6487 0.7452 0.1545
vn 0.5275 0.8437 0.0997
vn 0.5275 0.8437 0.0997
vn 0.5275 0.8437 0.0997
vn 0.6209 0.7658 0.1672
vn 0.6209 0.7658 0.1672
vn 0.6209 0.7658 0.1672
vn 0.4821 0.862 0.1567
vn 0.4821 0.862 0.1567
vn 0.4821 0.862 0.1567
vn 0.5188 0.8434 0.1397
vn 0.5188 0.8434 0.1397
vn 0.5188 0.8434 0.1397
vn 0.5015 0.8433 0.1932
vn 0.5015 0.8433 0.1932
vn 0.5015 0.8433 0.1932
vn 0.7036 0.6569 0.271
vn 0.7036 0.6569 0.271
vn 0.7036 0.6569 0.271
vn 0.5999 0.766 0.2311
vn 0.5999 0.766 0.2311
vn 0.5999 0.766 0.2311
vn 0.6 0.7659 0.2311
vn 0.6 0.7659 0.2311
vn 0.6 0.7659 0.2311
vn 0.439 0.862 0.2534
vn 0.439 0.862 0.2534
vn 0.439 0.862 0.2534
vn 0.4789 0.8433 0.2439
vn 0.4789 0.8433 0.2439
vn 0.4789 0.8433 0.2439
vn 0.4441 0.8543 0.2703
vn 0.4441 0.8543 0.2703
vn 0.4441 0.8543 0.2703
vn 0.5729 0.7659 0.2919
vn 0.5733 0.7655 0.2922
vn 0.5729 0.7659 0.2919
vn 0.573 0.7658 0.2918
vn 0.573 0.7658 0.2918
vn 0.573 0.7658 0.2918
vn 0.4436 0.8443 0.3006
vn 0.4436 0.8443 0.3006
vn 0.4436 0.8443 0.3006
vn 0.549 0.7662 0.3341
vn 0.549 0.7662 0.3341
vn 0.549 0.7662 0.3341
vn 0.5489 0.7662 0.3341
vn 0.5489 0.7662 0.3341
vn 0.5489 0.7662 0.3341
vn 0.6582 0.6759 0.3316
vn 0.6582 0.6759 0.3316
vn 0.6582 0.6759 0.3316
vn 0.6532 0.6801 0.3328
vn 0.6532 0.6801 0.3328
vn 0.6532 0.6801 0.3328
vn 0.724 0.5654 0.3952
vn 0.724 0.5654 0.3952
vn 0.724 0.5654 0.3952
vn 0.532 0.7661 0.3605
vn 0.532 0.7661 0.3605
vn 0.532 0.7661 0.3605
vn 0.5574 0.6793 0.4773
vn 0.5574 0.6793 0.4773
vn 0.5574 0.6793 0.4773
vn 0.532 0.7661 0.3606
vn 0.532 0.7661 0.3606
vn 0.532 0.7661 0.3606
vn 0.497 0.7655 0.4086
vn 0.497 0.7655 0.4086
vn 0.497 0.7655 0.4086
vn 0.6066 0.6805 0.4111
vn 0.6066 0.6805 0.4111
vn 0.6066 0.6805 0.4111
vn 0.6066 0.6805 0.4111
vn 0.6624 0.5997 0.4489
vn 0.6624 0.5997 0.4489
vn 0.6624 0.5997 0.4489
vn 0.6259 0.6806 0.381
vn 0.6259 0.6805 0.381
vn 0.6259 0.6805 0.3809
vn 0.6261 0.6806 0.3805
vn 0.6836 0.5997 0.416
vn 0.6836 0.5997 0.416
vn 0.6836 0.5997 0.416
vn 0.3796 0.8597 0.3418
vn 0.3796 0.8597 0.3418
vn 0.3796 0.8597 0.3418
vn 0.4843 0.7756 0.4049
vn 0.4843 0.7756 0.4049
vn 0.4843 0.7756 0.4049
vn 0.4147 0.8414 0.3467
vn 0.4147 0.8414 0.3467
vn 0.4147 0.8414 0.3467
vn 0.4372 0.7763 0.4542
vn 0.4372 0.7763 0.4542
vn 0.4372 0.7763 0.4542
vn 0.4349 0.7162 0.5458
vn 0.4349 0.7162 0.5458
vn 0.4349 0.7162 0.5458
vn 0.3724 0.8436 0.3868
vn 0.3724 0.8436 0.3868
vn 0.3724 0.8436 0.3868
vn 0.2991 0.8608 0.4117
vn 0.2991 0.8608 0.4117
vn 0.2991 0.8608 0.4117
vn 0.368 0.804 0.4671
vn 0.368 0.804 0.4671
vn 0.368 0.804 0.4671
vn 0.3327 0.8432 0.4223
vn 0.3327 0.8432 0.4223
vn 0.3327 0.8432 0.4223
vn 0.2575 0.801 0.5405
vn 0.2575 0.801 0.5405
vn 0.2575 0.801 0.5405
vn 0.208 0.8594 0.4671
vn 0.208 0.8594 0.4671
vn 0.208 0.8594 0.4671
vn 0.285 0.7956 0.5346
vn 0.285 0.7956 0.5346
vn 0.285 0.7956 0.5346
vn 0.2705 0.819 0.5061
vn 0.2705 0.819 0.5061
vn 0.2705 0.819 0.5061
vn 0.1823 0.8436 0.505
vn 0.1823 0.8436 0.505
vn 0.1823 0.8436 0.505
vn 0.2122 0.726 0.6542
vn 0.2122 0.726 0.6542
vn 0.2122 0.726 0.6542
vn 0.2049 0.7975 0.5675
vn 0.205 0.7972 0.5678
vn 0.205 0.7972 0.5678
vn 0.1054 0.862 0.4958
vn 0.1054 0.862 0.4958
vn 0.1054 0.862 0.4958
vn 0.1384 0.8434 0.5191
vn 0.1384 0.8434 0.5191
vn 0.1384 0.8434 0.5191
vn 0.2285 0.7115 0.6645
vn 0.2285 0.7115 0.6645
vn 0.2285 0.7115 0.6645
vn 0.1657 0.7658 0.6214
vn 0.1657 0.7658 0.6214
vn 0.1657 0.7658 0.6214
vn 0.0833 0.8434 0.5308
vn 0.0833 0.8434 0.5308
vn 0.0833 0.8434 0.5308
vn 0.1171 0.6569 0.7448
vn 0.1171 0.6569 0.7448
vn 0.1171 0.6569 0.7448
vn 0.0998 0.7658 0.6353
vn 0.0998 0.7658 0.6353
vn 0.0998 0.7658 0.6353
vn 0.0997 0.7659 0.6352
vn 0.0997 0.7659 0.6352
vn 0.0997 0.7659 0.6352
vn 0.1086 0.712 0.6937
vn 0.1086 0.7121 0.6937
vn 0.1086 0.712 0.6937
vn 0 0.862 0.5069
vn 0 0.862 0.5069
vn 0 0.862 0.5069
vn 0.0281 0.8434 0.5365
vn 0.0281 0.8434 0.5365
vn 0.0281 0.8434 0.5365
vn -0.0119 0.8543 0.5196
vn -0.0119 0.8543 0.5196
vn -0.0119 0.8543 0.5196
vn 0.0336 0.7658 0.6421
vn 0.0336 0.7658 0.6421
vn 0.0336 0.7658 0.6421
vn 0.0337 0.7658 0.6422
vn 0.0337 0.7658 0.6422
vn 0.0337 0.7658 0.6422
vn -0.0147 0.7662 0.6425
vn -0.0147 0.7662 0.6425
vn -0.0147 0.7662 0.6425
vn -0.0386 0.8443 0.5345
vn -0.0386 0.8443 0.5345
vn -0.0386 0.8443 0.5345
vn -0.0146 0.7662 0.6424
vn -0.0146 0.7662 0.6424
vn -0.0146 0.7662 0.6424
vn -0.0463 0.7662 0.6409
vn -0.0463 0.7662 0.6409
vn -0.0462 0.7662 0.6409
vn -0.0462 0.7662 0.6409
vn 0.0194 0.5661 0.8241
vn 0.0194 0.5661 0.8241
vn 0.0194 0.5661 0.8241
vn -0.0166 0.6805 0.7326
vn -0.0166 0.6805 0.7326
vn -0.0166 0.6805 0.7326
vn 0.0418 0.676 0.7357
vn 0.0418 0.676 0.7357
vn 0.0418 0.676 0.7357
vn 0.0383 0.6801 0.7322
vn 0.0383 0.6801 0.7322
vn 0.0383 0.6801 0.7322
vn -0.1346 0.6794 0.7213
vn -0.1346 0.6794 0.7213
vn -0.1346 0.6794 0.7213
vn -0.1054 0.7656 0.6346
vn -0.1054 0.7656 0.6346
vn -0.1054 0.7656 0.6346
vn -0.0578 0.5997 0.7981
vn -0.0578 0.5997 0.7981
vn -0.0578 0.5997 0.7981
vn -0.0181 0.5997 0.8
vn -0.0181 0.5997 0.8
vn -0.0181 0.5997 0.8
vn -0.0169 0.6805 0.7325
vn -0.0169 0.6805 0.7325
vn -0.0169 0.6805 0.7325
vn -0.053 0.6803 0.731
vn -0.053 0.6803 0.731
vn -0.053 0.6803 0.731
vn -0.0527 0.6805 0.7309
vn -0.0527 0.6805 0.7309
vn -0.0527 0.6805 0.7309
vn -0.1062 0.8597 0.4997
vn -0.1062 0.8597 0.4997
vn -0.1062 0.8597 0.4997
vn -0.0929 0.8414 0.5324
vn -0.0929 0.8414 0.5324
vn -0.0929 0.8414 0.5324
vn -0.1085 0.7755 0.6219
vn -0.1085 0.7755 0.6219
vn -0.1085 0.7755 0.6219
vn -0.2552 0.7162 0.6496
vn -0.2552 0.7162 0.6496
vn -0.2552 0.7162 0.6496
vn -0.1746 0.7762 0.6058
vn -0.1746 0.7762 0.6058
vn -0.1746 0.7762 0.6058
vn -0.1487 0.8436 0.5159
vn -0.1487 0.8436 0.5159
vn -0.1487 0.8436 0.5159
vn -0.3392 0.801 0.4933
vn -0.3392 0.801 0.4933
vn -0.3392 0.801 0.4933
vn -0.207 0.8608 0.4649
vn -0.207 0.8608 0.4649
vn -0.207 0.8608 0.4649
vn -0.2206 0.8039 0.5523
vn -0.2206 0.8039 0.5524
vn -0.2206 0.8039 0.5524
vn -0.1994 0.8432 0.4992
vn -0.1994 0.8432 0.4992
vn -0.1994 0.8432 0.4992
vn -0.3031 0.8189 0.4874
vn -0.3031 0.8189 0.4874
vn -0.3031 0.8189 0.4874
vn -0.3005 0.8594 0.4137
vn -0.3005 0.8594 0.4137
vn -0.3005 0.8594 0.4137
vn -0.3205 0.7956 0.5141
vn -0.3205 0.7956 0.5141
vn -0.3205 0.7956 0.5141
vn -0.4603 0.7261 0.5108
vn -0.4603 0.7261 0.5108
vn -0.4603 0.7261 0.5108
vn -0.3463 0.8436 0.4104
vn -0.3463 0.8436 0.4104
vn -0.3463 0.8436 0.4104
vn -0.3891 0.7974 0.4612
vn -0.3894 0.7972 0.4614
vn -0.3894 0.7972 0.4614
vn -0.3767 0.862 0.3392
vn -0.3767 0.862 0.3392
vn -0.3767 0.862 0.3392
vn -0.3804 0.8434 0.3795
vn -0.3804 0.8434 0.3795
vn -0.3804 0.8434 0.3795
vn -0.4612 0.7114 0.5303
vn -0.4612 0.7114 0.5303
vn -0.4612 0.7114 0.5303
vn -0.4553 0.7658 0.4542
vn -0.4553 0.7658 0.4542
vn -0.4553 0.7658 0.4542
vn -0.418 0.8434 0.3376
vn -0.418 0.8434 0.3376
vn -0.418 0.8434 0.3376
vn -0.5867 0.6568 0.4737
vn -0.5867 0.6568 0.4737
vn -0.5867 0.6568 0.4737
vn -0.5457 0.7127 0.4408
vn -0.5457 0.7127 0.4408
vn -0.5457 0.7127 0.4408
vn -0.5002 0.7658 0.4041
vn -0.5002 0.7658 0.4041
vn -0.5002 0.7658 0.4041
vn -0.5002 0.7659 0.4041
vn -0.5002 0.7659 0.4041
vn -0.5002 0.7659 0.4041
vn -0.439 0.862 0.2534
vn -0.439 0.862 0.2534
vn -0.439 0.862 0.2534
vn -0.4506 0.8434 0.2927
vn -0.4506 0.8434 0.2927
vn -0.4506 0.8434 0.2927
vn -0.4659 0.8497 0.2471
vn -0.4659 0.8497 0.2471
vn -0.4659 0.8497 0.2471
vn -0.5393 0.7658 0.3503
vn -0.5393 0.7658 0.3503
vn -0.5393 0.7658 0.3503
vn -0.5393 0.7658 0.3503
vn -0.4976 0.8402 0.2154
vn -0.4976 0.8402 0.2154
vn -0.4976 0.8402 0.2154
vn -0.489 0.8577 0.1589
vn -0.489 0.8577 0.1589
vn -0.489 0.8577 0.1589
vn -0.5679 0.7661 0.3012
vn -0.5679 0.7661 0.3011
vn -0.5679 0.7661 0.3012
vn -0.5679 0.766 0.3012
vn -0.6148 0.6801 0.3994
vn -0.6148 0.6801 0.3994
vn -0.6148 0.6801 0.3994
vn -0.7228 0.5588 0.4066
vn -0.7228 0.5588 0.4066
vn -0.7228 0.5588 0.4066
vn -0.7089 0.5587 0.4304
vn -0.7089 0.5587 0.4304
vn -0.7089 0.5587 0.4304
vn -0.6162 0.6759 0.4043
vn -0.6162 0.6759 0.4043
vn -0.6162 0.6759 0.4043
vn -0.59 0.7659 0.2553
vn -0.59 0.7659 0.2553
vn -0.59 0.7659 0.2553
vn -0.616 0.7654 0.1863
vn -0.616 0.7654 0.1863
vn -0.616 0.7654 0.1863
vn -0.6487 0.7074 0.2807
vn -0.6487 0.7074 0.2807
vn -0.6487 0.7074 0.2807
vn -0.6842 0.7058 0.1834
vn -0.6842 0.7058 0.1834
vn -0.6842 0.7058 0.1834
vn -0.5901 0.7659 0.2554
vn -0.5901 0.7659 0.2554
vn -0.5901 0.7659 0.2554
vn -0.6473 0.6805 0.3434
vn -0.6471 0.6806 0.3435
vn -0.6473 0.6805 0.3434
vn -0.6473 0.6804 0.3435
vn -0.6473 0.6804 0.3435
vn -0.6473 0.6804 0.3435
vn -0.6684 0.6803 0.3008
vn -0.6684 0.6803 0.3008
vn -0.6684 0.6803 0.3008
vn -0.6945 0.6181 0.3684
vn -0.6944 0.6182 0.3683
vn -0.6944 0.6181 0.3683
vn -0.732 0.6171 0.2887
vn -0.732 0.6171 0.2887
vn -0.732 0.6171 0.2887
vn -0.5159 0.843 0.1524
vn -0.5159 0.843 0.1524
vn -0.5159 0.843 0.1524
vn -0.5971 0.7825 0.1764
vn -0.5971 0.7825 0.1764
vn -0.5971 0.7825 0.1764
vn -0.536 0.8419 0.0617
vn -0.536 0.8419 0.0617
vn -0.536 0.8419 0.0617
vn -0.5738 0.8168 0.0603
vn -0.5738 0.8168 0.0603
vn -0.5738 0.8168 0.0603
vn -0.5919 0.8036 0.0622
vn -0.5919 0.8036 0.0622
vn -0.5919 0.8036 0.0622
vn -0.5349 0.8427 0.0619
vn -0.5349 0.8427 0.0619
vn -0.5349 0.8427 0.0619
vn -0 1 0
vn -0 1 0
vn -0 1 0
vn -0 1 0
vn -0 1 0
vn -0 1 0
vn -0 1 0
vn -0 1 0
vn -0 1 0
vn -0 1 0
vn -0 1 0
vn -0 1 0
vn -0 1 0
vn -0 1 0
vn -0 1 0
vn -0 1 0
vn -0 1 0
vn -0 1 0
vn -0 1 0
vn -0 1 0
vn -0 1 0
vn -0 1 0
vn -0 1 0
vn -0 1 0
vn -0 1 0
vn -0 1 0
vn -0 1 0
vn -0 1 0
vn -0 1 0
vn 0.8436 0.0867 0.53
vn 0.8436 0.0867 0.53
vn 0.8436 0.0867 0.53
vn 0.8436 0.0867 0.53
vn 0.7044 0.0867 0.7044
vn 0.7044 0.0867 0.7044
vn 0.7044 0.0867 0.7044
vn 0.7044 0.0867 0.7044
vn -0.99 0.0867 0.1115
vn -0.99 0.0867 0.1116
vn -0.99 0.0867 0.1115
vn -0.99 0.0867 0.1115
vn 0.9403 0.0867 0.3291
vn 0.9403 0.0867 0.3291
vn 0.9403 0.0867 0.3291
vn 0.9403 0.0867 0.3291
vn -0.9403 0.0867 0.3291
vn -0.9403 0.0867 0.3291
vn -0.9403 0.0867 0.3291
vn -0.9403 0.0867 0.3291
vn 0.99 0.0867 0.1116
vn 0.99 0.0867 0.1116
vn 0.99 0.0867 0.1116
vn -0.8436 0.0867 0.53
vn -0.8436 0.0867 0.53
vn -0.8436 0.0867 0.53
vn -0.8436 0.0867 0.53
vn 0.99 0.0867 0.1115
vn 0.99 0.0867 0.1115
vn 0.99 0.0867 0.1115
vn -0.7044 0.0867 0.7044
vn -0.7044 0.0867 0.7044
vn -0.7044 0.0867 0.7044
vn -0.7044 0.0867 0.7044
vn -0.3291 0.0867 0.9403
vn -0.3291 0.0867 0.9403
vn -0.3291 0.0867 0.9403
vn -0.3291 0.0867 0.9403
vn -0.53 0.0867 0.8436
vn -0.53 0.0867 0.8436
vn -0.53 0.0867 0.8436
vn -0.53 0.0867 0.8436
vn -0.1115 0.0867 0.99
vn -0.1116 0.0867 0.99
vn -0.1115 0.0867 0.99
vn -0.1115 0.0867 0.99
vn 0.1115 0.0867 0.99
vn 0.1116 0.0867 0.99
vn 0.1115 0.0867 0.99
vn 0.1115 0.0867 0.99
vn 0.3291 0.0867 0.9403
vn 0.3291 0.0867 0.9403
vn 0.3291 0.0867 0.9403
vn 0.3291 0.0867 0.9403
vn 0.53 0.0867 0.8436
vn 0.53 0.0867 0.8436
vn 0.53 0.0867 0.8436
vn 0.53 0.0867 0.8436
vn -0 1 0
vn -0 1 0
vn -0 1 0
vn -0 1 0
vn -0 1 0
vn -0 1 0
vn -0 1 0
vn -0 1 0
vn -0 1 0
vn -0 1 0
vn -0 1 0
vn -0 1 0
vn -0 1 0
vn -0 1 0
vn -0 1 0
vn -0 1 0
vn -0 1 0
vn -0 1 0
vn -0 1 0
vn -0 1 0
vn -0 1 0
vn -0 1 0
vn -0 1 0
vn -0 1 0
vn -0 1 0
vn -0 1 0
vn -0 1 0
vn -0 1 0
vn -0 1 0
vn -0 1 0
vn -0 1 0
vn -0 1 0
vn -0 1 0
vn -0 1 0
vn -0 1 0
vn -0 1 0
vn -0 1 0
vn -0 1 0
vn -0 1 0
vn -0 1 0
vn -0 1 0
vn -0 1 0
vn -0 1 0
vn -0 1 0
vn -0 1 0
vn -0 1 0
vn -0 1 0
vn -0 1 0
vn -0 1 0
vn -0 1 0
vn -0 1 0
vn -0 1 0
vn -0 1 0
vn -0 1 0
vn -0 1 0
vn -0 1 0
vn -0 1 0
vn -0 1 0
f 3/3/3 2/2/2 1/1/1
f 6/6/6 5/5/5 4/4/4
f 5/5/5 7/7/7 4/4/4
f 10/10/10 9/9/9 8/8/8
f 10/10/10 8/8/8 11/11/11
f 14/14/14 13/13/13 12/12/12
f 14/14/14 15/15/15 13/13/13
f 18/18/18 17/17/17 16/16/16
f 18/18/18 16/16/16 19/19/19
f 22/22/22 21/21/21 20/20/20
f 22/22/22 20/20/20 23/23/23
f 26/26/26 25/25/25 24/24/24
f 29/29/29 28/28/28 27/27/27
f 29/29/29 27/27/27 30/30/30
f 33/33/33 32/32/32 31/31/31
f 33/33/33 31/31/31 34/34/34
f 37/37/37 36/36/36 35/35/35
f 37/37/37 35/35/35 38/38/38
f 41/41/41 40/40/40 39/39/39
f 40/40/40 42/42/42 39/39/39
f 45/45/45 44/44/44 43/43/43
f 44/44/44 46/46/46 43/43/43
f 49/49/49 48/48/48 47/47/47
f 48/48/48 50/50/50 47/47/47
f 53/53/53 52/52/52 51/51/51
f 52/52/52 54/54/54 51/51/51
f 57/57/57 56/56/56 55/55/55
f 56/56/56 58/58/58 55/55/55
f 61/61/61 60/60/60 59/59/59
f 64/64/64 63/63/63 62/62/62
f 67/67/67 66/66/66 65/65/65
f 70/70/70 69/69/69 68/68/68
f 73/73/73 72/72/72 71/71/71
f 76/76/76 75/75/75 74/74/74
f 79/79/79 78/78/78 77/77/77
f 82/82/82 81/81/81 80/80/80
f 85/85/85 84/84/84 83/83/83
f 88/88/88 87/87/87 86/86/86
f 91/91/91 90/90/90 89/89/89
f 94/94/94 93/93/93 92/92/92
f 97/97/97 96/96/96 95/95/95
f 100/100/100 99/99/99 98/98/98
f 103/103/103 102/102/102 101/101/101
f 106/106/106 105/105/105 104/104/104
f 109/109/109 108/108/108 107/107/107
f 112/112/112 111/111/111 110/110/110
f 115/115/115 114/114/114 113/113/113
f 118/118/118 117/117/117 116/116/116
f 121/121/121 120/120/120 119/119/119
f 124/124/124 123/123/123 122/122/122
f 127/127/127 126/126/126 125/125/125
f 127/127/127 128/128/128 126/126/126
f 131/131/131 130/130/130 129/129/129
f 134/134/134 133/133/133 132/132/132
f 137/137/137 136/136/136 135/135/135
f 140/140/140 139/139/139 138/138/138
f 143/143/143 142/142/142 141/141/141
f 146/146/146 145/145/145 144/144/144
f 149/149/149 148/148/148 147/147/147
f 152/152/152 151/151/151 150/150/150
f 155/155/155 154/154/154 153/153/153
f 158/158/158 157/157/157 156/156/156
f 161/161/161 160/160/160 159/159/159
f 164/164/164 163/163/163 162/162/162
f 167/167/167 166/166/166 165/165/165
f 167/167/167 165/165/165 168/168/168
f 171/171/171 170/170/170 169/169/169
f 174/174/174 173/173/173 172/172/172
f 177/177/177 176/176/176 175/175/175
f 180/180/180 179/179/179 178/178/178
f 183/183/183 182/182/182 181/181/181
f 186/186/186 185/185/185 184/184/184
f 189/189/189 188/188/188 187/187/187
f 192/192/192 191/191/191 190/190/190
f 195/195/195 194/194/194 193/193/193
f 198/198/198 197/197/197 196/196/196
f 201/201/201 200/200/200 199/199/199
f 204/204/204 203/203/203 202/202/202
f 207/207/207 206/206/206 205/205/205
f 210/210/210 209/209/209 208/208/208
f 213/213/213 212/212/212 211/211/211
f 216/216/216 215/215/215 214/214/214
f 219/219/219 218/218/218 217/217/217
f 222/222/222 221/221/221 220/220/220
f 225/225/225 224/224/224 223/223/223
f 228/228/228 227/227/227 226/226/226
f 231/231/231 230/230/230 229/229/229
f 234/234/234 233/233/233 232/232/232
f 237/237/237 236/236/236 235/235/235
f 240/240/240 239/239/239 238/238/238
f 240/240/240 238/238/238 241/241/241
f 244/244/244 243/243/243 242/242/242
f 247/247/247 246/246/246 245/245/245
f 250/250/250 249/249/249 248/248/248
f 253/253/253 252/252/252 251/251/251
f 256/256/256 255/255/255 254/254/254
f 256/256/256 254/254/254 257/257/257
f 260/260/260 259/259/259 258/258/258
f 263/263/263 262/262/262 261/261/261
f 266/266/266 265/265/265 264/264/264
f 269/269/269 268/268/268 267/267/267
f 272/272/272 271/271/271 270/270/270
f 275/275/275 274/274/274 273/273/273
f 278/278/278 277/277/277 276/276/276
f 281/281/281 280/280/280 279/279/279
f 284/284/284 283/283/283 282/282/282
f 287/287/287 286/286/286 285/285/285
f 290/290/290 289/289/289 288/288/288
f 293/293/293 292/292/292 291/291/291
f 296/296/296 295/295/295 294/294/294
f 299/299/299 298/298/298 297/297/297
f 302/302/302 301/301/301 300/300/300
f 305/305/305 304/304/304 303/303/303
f 308/308/308 307/307/307 306/306/306
f 311/311/311 310/310/310 309/309/309
f 314/314/314 313/313/313 312/312/312
f 317/317/317 316/316/316 315/315/315
f 320/320/320 319/319/319 318/318/318
f 323/323/323 322/322/322 321/321/321
f 326/326/326 325/325/325 324/324/324
f 329/329/329 328/328/328 327/327/327
f 332/332/332 331/331/331 330/330/330
f 335/335/335 334/334/334 333/333/333
f 338/338/338 337/337/337 336/336/336
f 341/341/341 340/340/340 339/339/339
f 344/344/344 343/343/343 342/342/342
f 347/347/347 346/346/346 345/345/345
f 350/350/350 349/349/349 348/348/348
f 353/353/353 352/352/352 351/351/351
f 356/356/356 355/355/355 354/354/354
f 359/359/359 358/358/358 357/357/357
f 362/362/362 361/361/361 360/360/360
f 365/365/365 364/364/364 363/363/363
f 368/368/368 367/367/367 366/366/366
f 371/371/371 370/370/370 369/369/369
f 374/374/374 373/373/373 372/372/372
f 377/377/377 376/376/376 375/375/375
f 377/377/377 375/375/375 378/378/378
f 381/381/381 380/380/380 379/379/379
f 384/384/384 383/383/383 382/382/382
f 387/387/387 386/386/386 385/385/385
f 390/390/390 389/389/389 388/388/388
f 390/390/390 391/391/391 389/389/389
f 394/394/394 393/393/393 392/392/392
f 397/397/397 396/396/396 395/395/395
f 400/400/400 399/399/399 398/398/398
f 400/400/400 401/401/401 399/399/399
f 404/404/404 403/403/403 402/402/402
f 407/407/407 406/406/406 405/405/405
f 410/410/410 409/409/409 408/408/408
f 413/413/413 412/412/412 411/411/411
f 416/416/416 415/415/415 414/414/414
f 419/419/419 418/418/418 417/417/417
f 422/422/422 421/421/421 420/420/420
f 425/425/425 424/424/424 423/423/423
f 428/428/428 427/427/427 426/426/426
f 431/431/431 430/430/430 429/429/429
f 434/434/434 433/433/433 432/432/432
f 437/437/437 436/436/436 435/435/435
f 440/440/440 439/439/439 438/438/438
f 443/443/443 442/442/442 441/441/441
f 446/446/446 445/445/445 444/444/444
f 449/449/449 448/448/448 447/447/447
f 452/452/452 451/451/451 450/450/450
f 455/455/455 454/454/454 453/453/453
f 458/458/458 457/457/457 456/456/456
f 461/461/461 460/460/460 459/459/459
f 464/464/464 463/463/463 462/462/462
f 464/464/464 465/465/465 463/463/463
f 468/468/468 467/467/467 466/466/466
f 468/468/468 469/469/469 467/467/467
f 472/472/472 471/471/471 470/470/470
f 472/472/472 473/473/473 471/471/471
f 476/476/476 475/475/475 474/474/474
f 476/476/476 477/477/477 475/475/475
f 480/480/480 479/479/479 478/478/478
f 480/480/480 481/481/481 479/479/479
f 484/484/484 483/483/483 482/482/482
f 484/484/484 485/485/485 483/483/483
f 488/488/488 487/487/487 486/486/486
f 488/488/488 489/489/489 487/487/487
f 492/492/492 491/491/491 490/490/490
f 492/492/492 493/493/493 491/491/491
f 496/496/496 495/495/495 494/494/494
f 496/496/496 497/497/497 495/495/495
f 500/500/500 499/499/499 498/498/498
f 500/500/500 501/501/501 499/499/499
f 504/504/504 503/503/503 502/502/502
f 504/504/504 505/505/505 503/503/503
f 508/508/508 507/507/507 506/506/506
f 508/508/508 506/506/506 509/509/509
f 512/512/512 511/511/511 510/510/510
f 512/512/512 513/513/513 511/511/511
f 516/516/516 515/515/515 514/514/514
f 516/516/516 517/517/517 515/515/515
f 520/520/520 519/519/519 518/518/518
f 520/520/520 521/521/521 519/519/519
f 524/524/524 523/523/523 522/522/522
f 524/524/524 525/525/525 523/523/523
f 528/528/528 527/527/527 526/526/526
f 528/528/528 529/529/529 527/527/527
f 532/532/532 531/531/531 530/530/530
f 532/532/532 533/533/533 531/531/531
f 536/536/536 535/535/535 534/534/534
f 536/536/536 537/537/537 535/535/535
f 540/540/540 539/539/539 538/538/538
f 540/540/540 541/541/541 539/539/539
f 544/544/544 543/543/543 542/542/542
f 544/544/544 542/542/542 545/545/545
f 548/548/548 547/547/547 546/546/546
f 548/548/548 549/549/549 547/547/547
f 552/552/552 551/551/551 550/550/550
f 552/552/552 553/553/553 551/551/551
f 556/556/556 555/555/555 554/554/554
f 556/556/556 557/557/557 555/555/555
f 560/560/560 559/559/559 558/558/558
f 560/560/560 561/561/561 559/559/559
f 564/564/564 563/563/563 562/562/562
f 564/564/564 565/565/565 563/563/563
f 568/568/568 567/567/567 566/566/566
f 568/568/568 569/569/569 567/567/567
f 572/572/572 571/571/571 570/570/570
f 572/572/572 573/573/573 571/571/571
f 576/576/576 575/575/575 574/574/574
f 576/576/576 577/577/577 575/575/575
f 580/580/580 579/579/579 578/578/578
f 580/580/580 578/578/578 581/581/581
f 584/584/584 583/583/583 582/582/582
f 584/584/584 585/585/585 583/583/583
f 588/588/588 587/587/587 586/586/586
f 588/588/588 589/589/589 587/587/587
f 592/592/592 591/591/591 590/590/590
f 592/592/592 593/593/593 591/591/591
f 596/596/596 595/595/595 594/594/594
f 596/596/596 597/597/597 595/595/595
f 600/600/600 599/599/599 598/598/598
f 600/600/600 601/601/601 599/599/599
f 604/604/604 603/603/603 602/602/602
f 604/604/604 605/605/605 603/603/603
f 608/608/608 607/607/607 606/606/606
f 609/609/609 608/608/608 606/606/606
f 608/608/608 610/610/610 607/607/607
f 611/611/611 609/609/609 606/606/606
f 610/610/610 612/612/612 607/607/607
f 611/611/611 606/606/606 613/613/613
f 612/612/612 614/614/614 607/607/607
f 613/613/613 606/606/606 615/615/615
f 614/614/614 616/616/616 607/607/607
f 615/615/615 606/606/606 617/617/617
f 607/607/607 616/616/616 618/618/618
f 606/606/606 619/619/619 617/617/617
f 607/607/607 618/618/618 620/620/620
f 606/606/606 621/621/621 619/619/619
f 607/607/607 620/620/620 622/622/622
f 619/619/619 621/621/621 623/623/623
f 620/620/620 624/624/624 622/622/622
f 623/623/623 621/621/621 625/625/625
f 624/624/624 626/626/626 622/622/622
f 625/625/625 621/621/621 627/627/627
f 626/626/626 628/628/628 622/622/622
f 627/627/627 621/621/621 629/629/629
f 622/622/622 628/628/628 630/630/630
f 621/621/621 631/631/631 629/629/629
f 622/622/622 630/630/630 632/632/632
f 621/621/621 633/633/633 631/631/631
f 622/622/622 632/632/632 634/634/634
f 621/621/621 635/635/635 633/633/633
f 622/622/622 634/634/634 636/636/636
f 633/633/633 635/635/635 637/637/637
f 634/634/634 638/638/638 636/636/636
f 637/637/637 635/635/635 639/639/639
f 638/638/638 640/640/640 636/636/636
f 639/639/639 635/635/635 641/641/641
f 636/636/636 640/640/640 642/642/642
f 635/635/635 643/643/643 641/641/641
f 636/636/636 642/642/642 644/644/644
f 635/635/635 645/645/645 643/643/643
f 636/636/636 644/644/644 646/646/646
f 635/635/635 647/647/647 645/645/645
f 636/636/636 646/646/646 647/647/647
f 635/635/635 636/636/636 647/647/647
f 650/650/650 649/649/649 648/648/648
f 650/650/650 648/648/648 651/651/651
f 650/650/650 651/651/651 652/652/652
f 650/650/650 652/652/652 653/653/653
f 650/650/650 653/653/653 654/654/654
f 650/650/650 654/654/654 655/655/655
f 650/650/650 657/657/657 656/656/656
f 650/650/650 656/656/656 658/658/658
f 650/650/650 658/658/658 659/659/659
f 650/650/650 659/659/659 660/660/660
f 650/650/650 660/660/660 661/661/661
f 664/664/664 663/663/663 662/662/662
f 664/664/664 662/662/662 665/665/665
f 664/664/664 666/666/666 663/663/663
f 664/664/664 665/665/665 667/667/667
f 664/664/664 668/668/668 666/666/666
f 664/664/664 667/667/667 669/669/669
f 664/664/664 670/670/670 668/668/668
f 664/664/664 669/669/669 671/671/671
f 664/664/664 672/672/672 670/670/670
f 664/664/664 671/671/671 673/673/673
f 664/664/664 673/673/673 672/672/672
f 676/676/676 675/675/675 674/674/674
f 676/676/676 674/674/674 677/677/677
f 676/676/676 678/678/678 675/675/675
f 676/676/676 677/677/677 679/679/679
f 676/676/676 679/679/679 680/680/680
f 676/676/676 681/681/681 678/678/678
f 676/676/676 682/682/682 681/681/681
f 676/676/676 683/683/683 682/682/682
f 676/676/676 685/685/685 684/684/684
f 688/688/688 687/687/687 686/686/686
f 691/691/691 690/690/690 689/689/689
f 694/694/694 693/693/693 692/692/692
f 697/697/697 696/696/696 695/695/695
f 697/697/697 698/698/698 696/696/696
f 697/697/697 699/699/699 698/698/698
f 697/697/697 700/700/700 699/699/699
f 697/697/697 701/701/701 700/700/700
f 697/697/697 702/702/702 701/701/701
f 697/697/697 703/703/703 702/702/702
f 697/697/697 704/704/704 703/703/703
f 697/697/697 705/705/705 704/704/704
f 697/697/697 706/706/706 705/705/705
f 709/709/709 708/708/708 707/707/707
f 709/709/709 707/707/707 710/710/710
f 709/709/709 711/711/711 708/708/708
f 709/709/709 710/710/710 712/712/712
f 709/709/709 713/713/713 711/711/711
f 709/709/709 712/712/712 714/714/714
f 709/709/709 715/715/715 713/713/713
f 709/709/709 714/714/714 716/716/716
f 709/709/709 717/717/717 715/715/715
f 709/709/709 716/716/716 718/718/718
f 709/709/709 718/718/718 717/717/717
f 721/721/721 720/720/720 719/719/719
f 724/724/724 723/723/723 722/722/722
f 724/724/724 725/725/725 723/723/723
f 724/724/724 726/726/726 725/725/725
f 724/724/724 727/727/727 726/726/726
f 724/724/724 728/728/728 727/727/727
f 724/724/724 730/730/730 729/729/729
f 724/724/724 731/731/731 730/730/730
f 724/724/724 732/732/732 731/731/731
f 724/724/724 733/733/733 732/732/732
f 736/736/736 735/735/735 734/734/734
f 739/739/739 738/738/738 737/737/737
f 742/742/742 741/741/741 740/740/740
f 745/745/745 744/744/744 743/743/743
f 748/748/748 747/747/747 746/746/746
f 751/751/751 750/750/750 749/749/749
f 754/754/754 753/753/753 752/752/752
f 757/757/757 756/756/756 755/755/755
f 760/760/760 759/759/759 758/758/758
f 763/763/763 762/762/762 761/761/761
f 766/766/766 765/765/765 764/764/764
f 769/769/769 768/768/768 767/767/767
f 772/772/772 771/771/771 770/770/770
f 775/775/775 774/774/774 773/773/773
f 778/778/778 777/777/777 776/776/776
f 781/781/781 780/780/780 779/779/779
f 784/784/784 783/783/783 782/782/782
f 787/787/787 786/786/786 785/785/785
f 790/790/790 789/789/789 788/788/788
f 793/793/793 792/792/792 791/791/791
f 796/796/796 795/795/795 794/794/794
f 799/799/799 798/798/798 797/797/797
f 802/802/802 801/801/801 800/800/800
f 805/805/805 804/804/804 803/803/803
f 808/808/808 807/807/807 806/806/806
f 811/811/811 810/810/810 809/809/809
f 814/814/814 813/813/813 812/812/812
f 817/817/817 816/816/816 815/815/815
f 820/820/820 819/819/819 818/818/818
f 823/823/823 822/822/822 821/821/821
f 826/826/826 825/825/825 824/824/824
f 829/829/829 828/828/828 827/827/827
f 832/832/832 831/831/831 830/830/830
f 835/835/835 834/834/834 833/833/833
f 838/838/838 837/837/837 836/836/836
f 838/838/838 836/836/836 839/839/839
f 842/842/842 841/841/841 840/840/840
f 845/845/845 844/844/844 843/843/843
f 845/845/845 846/846/846 844/844/844
f 849/849/849 848/848/848 847/847/847
f 852/852/852 851/851/851 850/850/850
f 855/855/855 854/854/854 853/853/853
f 858/858/858 857/857/857 856/856/856
f 861/861/861 860/860/860 859/859/859
f 864/864/864 863/863/863 862/862/862
f 867/867/867 866/866/866 865/865/865
f 870/870/870 869/869/869 868/868/868
f 873/873/873 872/872/872 871/871/871
f 876/876/876 875/875/875 874/874/874
f 879/879/879 878/878/878 877/877/877
f 882/882/882 881/881/881 880/880/880
f 885/885/885 884/884/884 883/883/883
f 888/888/888 887/887/887 886/886/886
f 891/891/891 890/890/890 889/889/889
f 894/894/894 893/893/893 892/892/892
f 897/897/897 896/896/896 895/895/895
f 900/900/900 899/899/899 898/898/898
f 903/903/903 902/902/902 901/901/901
f 906/906/906 905/905/905 904/904/904
f 909/909/909 908/908/908 907/907/907
f 912/912/912 911/911/911 910/910/910
f 915/915/915 914/914/914 913/913/913
f 918/918/918 917/917/917 916/916/916
f 921/921/921 920/920/920 919/919/919
f 924/924/924 923/923/923 922/922/922
f 927/927/927 926/926/926 925/925/925
f 930/930/930 929/929/929 928/928/928
f 933/933/933 932/932/932 931/931/931
f 936/936/936 935/935/935 934/934/934
f 939/939/939 938/938/938 937/937/937
f 942/942/942 941/941/941 940/940/940
f 945/945/945 944/944/944 943/943/943
f 948/948/948 947/947/947 946/946/946
f 951/951/951 950/950/950 949/949/949
f 952/952/952 951/951/951 949/949/949
f 955/955/955 954/954/954 953/953/953
f 958/958/958 957/957/957 956/956/956
f 961/961/961 960/960/960 959/959/959
f 964/964/964 963/963/963 962/962/962
f 967/967/967 966/966/966 965/965/965
f 970/970/970 969/969/969 968/968/968
f 973/973/973 972/972/972 971/971/971
f 976/976/976 975/975/975 974/974/974
f 979/979/979 978/978/978 977/977/977
f 982/982/982 981/981/981 980/980/980
f 985/985/985 984/984/984 983/983/983
f 988/988/988 987/987/987 986/986/986
f 991/991/991 990/990/990 989/989/989
f 994/994/994 993/993/993 992/992/992
f 997/997/997 996/996/996 995/995/995
f 1000/1000/1000 999/999/999 998/998/998
f 1003/1003/1003 1002/1002/1002 1001/1001/1001
f 1006/1006/1006 1005/1005/1005 1004/1004/1004
f 1009/1009/1009 1008/1008/1008 1007/1007/1007
f 1012/1012/1012 1011/1011/1011 1010/1010/1010
f 1015/1015/1015 1014/1014/1014 1013/1013/1013
f 1018/1018/1018 1017/1017/1017 1016/1016/1016
f 1021/1021/1021 1020/1020/1020 1019/1019/1019
f 1024/1024/1024 1023/1023/1023 1022/1022/1022
f 1027/1027/1027 1026/1026/1026 1025/1025/1025
f 1030/1030/1030 1029/1029/1029 1028/1028/1028
f 1033/1033/1033 1032/1032/1032 1031/1031/1031
f 1036/1036/1036 1035/1035/1035 1034/1034/1034
f 1039/1039/1039 1038/1038/1038 1037/1037/1037
f 1042/1042/1042 1041/1041/1041 1040/1040/1040
f 1045/1045/1045 1044/1044/1044 1043/1043/1043
f 1048/1048/1048 1047/1047/1047 1046/1046/1046
f 1051/1051/1051 1050/1050/1050 1049/1049/1049
f 1054/1054/1054 1053/1053/1053 1052/1052/1052
f 1057/1057/1057 1056/1056/1056 1055/1055/1055
f 1060/1060/1060 1059/1059/1059 1058/1058/1058
f 1063/1063/1063 1062/1062/1062 1061/1061/1061
f 1066/1066/1066 1065/1065/1065 1064/1064/1064
f 1069/1069/1069 1068/1068/1068 1067/1067/1067
f 1072/1072/1072 1071/1071/1071 1070/1070/1070
f 1072/1072/1072 1073/1073/1073 1071/1071/1071
f 1076/1076/1076 1075/1075/1075 1074/1074/1074
f 1079/1079/1079 1078/1078/1078 1077/1077/1077
f 1082/1082/1082 1081/1081/1081 1080/1080/1080
f 1082/1082/1082 1080/1080/1080 1083/1083/1083
f 1086/1086/1086 1085/1085/1085 1084/1084/1084
f 1089/1089/1089 1088/1088/1088 1087/1087/1087
f 1092/1092/1092 1091/1091/1091 1090/1090/1090
f 1095/1095/1095 1094/1094/1094 1093/1093/1093
f 1098/1098/1098 1097/1097/1097 1096/1096/1096
f 1101/1101/1101 1100/1100/1100 1099/1099/1099
f 1104/1104/1104 1103/1103/1103 1102/1102/1102
f 1107/1107/1107 1106/1106/1106 1105/1105/1105
f 1110/1110/1110 1109/1109/1109 1108/1108/1108
f 1113/1113/1113 1112/1112/1112 1111/1111/1111
f 1116/1116/1116 1115/1115/1115 1114/1114/1114
f 1119/1119/1119 1118/1118/1118 1117/1117/1117
f 1122/1122/1122 1121/1121/1121 1120/1120/1120
f 1125/1125/1125 1124/1124/1124 1123/1123/1123
f 1128/1128/1128 1127/1127/1127 1126/1126/1126
f 1131/1131/1131 1130/1130/1130 1129/1129/1129
f 1134/1134/1134 1133/1133/1133 1132/1132/1132
f 1137/1137/1137 1136/1136/1136 1135/1135/1135
f 1140/1140/1140 1139/1139/1139 1138/1138/1138
f 1143/1143/1143 1142/1142/1142 1141/1141/1141
f 1146/1146/1146 1145/1145/1145 1144/1144/1144
f 1146/1146/1146 1144/1144/1144 1147/1147/1147
f 1146/1146/1146 1148/1148/1148 1145/1145/1145
f 1146/1146/1146 1147/1147/1147 1149/1149/1149
f 1146/1146/1146 1150/1150/1150 1148/1148/1148
f 1146/1146/1146 1149/1149/1149 1151/1151/1151
f 1146/1146/1146 1152/1152/1152 1150/1150/1150
f 1146/1146/1146 1151/1151/1151 1153/1153/1153
f 1146/1146/1146 1154/1154/1154 1152/1152/1152
f 1146/1146/1146 1153/1153/1153 1155/1155/1155
f 1146/1146/1146 1156/1156/1156 1154/1154/1154
f 1146/1146/1146 1155/1155/1155 1157/1157/1157
f 1146/1146/1146 1158/1158/1158 1156/1156/1156
f 1146/1146/1146 1157/1157/1157 1159/1159/1159
f 1146/1146/1146 1160/1160/1160 1158/1158/1158
f 1146/1146/1146 1159/1159/1159 1161/1161/1161
f 1146/1146/1146 1162/1162/1162 1160/1160/1160
f 1146/1146/1146 1161/1161/1161 1163/1163/1163
f 1146/1146/1146 1164/1164/1164 1162/1162/1162
f 1146/1146/1146 1163/1163/1163 1165/1165/1165
f 1146/1146/1146 1166/1166/1166 1164/1164/1164
f 1146/1146/1146 1165/1165/1165 1167/1167/1167
f 1146/1146/1146 1168/1168/1168 1166/1166/1166
f 1146/1146/1146 1167/1167/1167 1169/1169/1169
f 1146/1146/1146 1170/1170/1170 1168/1168/1168
f 1146/1146/1146 1169/1169/1169 1171/1171/1171
f 1146/1146/1146 1172/1172/1172 1170/1170/1170
f 1146/1146/1146 1171/1171/1171 1172/1172/1172
f 1175/1175/1175 1174/1174/1174 1173/1173/1173
f 1175/1175/1175 1173/1173/1173 1176/1176/1176
f 1179/1179/1179 1178/1178/1178 1177/1177/1177
f 1178/1178/1178 1180/1180/1180 1177/1177/1177
f 1183/1183/1183 1182/1182/1182 1181/1181/1181
f 1183/1183/1183 1181/1181/1181 1184/1184/1184
f 1187/1187/1187 1186/1186/1186 1185/1185/1185
f 1187/1187/1187 1185/1185/1185 1188/1188/1188
f 1191/1191/1191 1190/1190/1190 1189/1189/1189
f 1191/1191/1191 1189/1189/1189 1192/1192/1192
f 1195/1195/1195 1194/1194/1194 1193/1193/1193
f 1198/1198/1198 1197/1197/1197 1196/1196/1196
f 1198/1198/1198 1196/1196/1196 1199/1199/1199
f 1202/1202/1202 1201/1201/1201 1200/1200/1200
f 1205/1205/1205 1204/1204/1204 1203/1203/1203
f 1205/1205/1205 1203/1203/1203 1206/1206/1206
f 1209/1209/1209 1208/1208/1208 1207/1207/1207
f 1209/1209/1209 1207/1207/1207 1210/1210/1210
f 1213/1213/1213 1212/1212/1212 1211/1211/1211
f 1212/1212/1212 1214/1214/1214 1211/1211/1211
f 1217/1217/1217 1216/1216/1216 1215/1215/1215
f 1217/1217/1217 1215/1215/1215 1218/1218/1218
f 1221/1221/1221 1220/1220/1220 1219/1219/1219
f 1221/1221/1221 1219/1219/1219 1222/1222/1222
f 1225/1225/1225 1224/1224/1224 1223/1223/1223
f 1225/1225/1225 1223/1223/1223 1226/1226/1226
f 1229/1229/1229 1228/1228/1228 1227/1227/1227
f 1228/1228/1228 1230/1230/1230 1227/1227/1227
f 1233/1233/1233 1232/1232/1232 1231/1231/1231
f 1234/1234/1234 1233/1233/1233 1231/1231/1231
f 1235/1235/1235 1232/1232/1232 1233/1233/1233
f 1234/1234/1234 1231/1231/1231 1236/1236/1236
f 1235/1235/1235 1237/1237/1237 1232/1232/1232
f 1238/1238/1238 1234/1234/1234 1236/1236/1236
f 1239/1239/1239 1237/1237/1237 1235/1235/1235
f 1240/1240/1240 1238/1238/1238 1236/1236/1236
f 1239/1239/1239 1241/1241/1241 1237/1237/1237
f 1242/1242/1242 1238/1238/1238 1240/1240/1240
f 1243/1243/1243 1241/1241/1241 1239/1239/1239
f 1244/1244/1244 1242/1242/1242 1240/1240/1240
f 1243/1243/1243 1245/1245/1245 1241/1241/1241
f 1246/1246/1246 1242/1242/1242 1244/1244/1244
f 1247/1247/1247 1245/1245/1245 1243/1243/1243
f 1248/1248/1248 1246/1246/1246 1244/1244/1244
f 1249/1249/1249 1247/1247/1247 1243/1243/1243
f 1250/1250/1250 1246/1246/1246 1248/1248/1248
f 1251/1251/1251 1247/1247/1247 1249/1249/1249
f 1252/1252/1252 1250/1250/1250 1248/1248/1248
f 1253/1253/1253 1251/1251/1251 1249/1249/1249
f 1254/1254/1254 1250/1250/1250 1252/1252/1252
f 1255/1255/1255 1251/1251/1251 1253/1253/1253
f 1256/1256/1256 1254/1254/1254 1252/1252/1252
f 1257/1257/1257 1255/1255/1255 1253/1253/1253
f 1258/1258/1258 1254/1254/1254 1256/1256/1256
f 1259/1259/1259 1255/1255/1255 1257/1257/1257
f 1260/1260/1260 1258/1258/1258 1256/1256/1256
f 1261/1261/1261 1259/1259/1259 1257/1257/1257
f 1262/1262/1262 1258/1258/1258 1260/1260/1260
f 1263/1263/1263 1259/1259/1259 1261/1261/1261
f 1264/1264/1264 1262/1262/1262 1260/1260/1260
f 1265/1265/1265 1263/1263/1263 1261/1261/1261
f 1266/1266/1266 1262/1262/1262 1264/1264/1264
f 1267/1267/1267 1263/1263/1263 1265/1265/1265
f 1268/1268/1268 1266/1266/1266 1264/1264/1264
f 1269/1269/1269 1267/1267/1267 1265/1265/1265
f 1270/1270/1270 1266/1266/1266 1268/1268/1268
f 1271/1271/1271 1267/1267/1267 1269/1269/1269
f 1272/1272/1272 1270/1270/1270 1268/1268/1268
f 1273/1273/1273 1271/1271/1271 1269/1269/1269
f 1274/1274/1274 1270/1270/1270 1272/1272/1272
f 1275/1275/1275 1271/1271/1271 1273/1273/1273
f 1276/1276/1276 1274/1274/1274 1272/1272/1272
f 1277/1277/1277 1275/1275/1275 1273/1273/1273
f 1278/1278/1278 1274/1274/1274 1276/1276/1276
f 1279/1279/1279 1275/1275/1275 1277/1277/1277
f 1278/1278/1278 1280/1280/1280 1274/1274/1274
f 1281/1281/1281 1279/1279/1279 1277/1277/1277
f 1282/1282/1282 1280/1280/1280 1278/1278/1278
f 1283/1283/1283 1279/1279/1279 1281/1281/1281
f 1282/1282/1282 1284/1284/1284 1280/1280/1280
f 1283/1283/1283 1281/1281/1281 1285/1285/1285
f 1286/1286/1286 1284/1284/1284 1282/1282/1282
f 1287/1287/1287 1283/1283/1283 1285/1285/1285
f 1286/1286/1286 1288/1288/1288 1284/1284/1284
f 1287/1287/1287 1285/1285/1285 1288/1288/1288
f 1287/1287/1287 1288/1288/1288 1286/1286/1286
