# VPXTOOL table OBJ file
# VPXTOOL OBJ file
# numVerts: 1134 numFaces: 1932
o PinCab_StartButton2
v -649.21124 -373.89352 -37.17885
v -649.2895 -373.9557 -38.220787
v -649.2603 -367.5447 -37.463257
v -649.3239 -367.60654 -38.49895
v -649.20825 -373.977 -37.173866
v -649.2865 -374.03918 -38.21625
v -649.20465 -374.03076 -37.17066
v -649.2829 -374.093 -38.213585
v -649.2084 -374.06064 -37.168877
v -649.2866 -374.12283 -38.21125
v -649.2275 -374.07242 -37.168175
v -649.3055 -374.13443 -38.207703
v -650.5539 -374.26837 -37.189487
v -650.6221 -374.3186 -38.031307
v -652.0613 -374.43652 -37.252075
v -652.12335 -374.47333 -37.868828
v -653.892 -374.5548 -37.31764
v -653.9445 -374.5753 -37.661198
v -656.18884 -374.6012 -37.34788
v -656.2206 -374.6013 -37.349358
v -656.19293 -374.07437 -37.301746
v -656.2131 -374.07446 -37.303482
v -656.18884 -374.6012 -37.34788
v -656.2206 -374.6013 -37.349358
v -656.1965 -373.80768 -37.24999
v -656.2065 -373.8078 -37.251957
v -656.1988 -374.06137 -37.18699
v -656.20166 -374.0615 -37.189137
v -656.19946 -375.09555 -37.107117
v -656.19965 -375.09567 -37.10937
v -653.7883 -375.049 -37.109894
v -653.8154 -375.07056 -37.47087
v -656.19946 -375.09555 -37.107117
v -656.19965 -375.09567 -37.10937
v -651.94257 -374.93048 -37.116966
v -651.9903 -374.9684 -37.752552
v -650.4622 -374.76154 -37.12705
v -650.5264 -374.81262 -37.98288
v -649.14716 -374.56378 -37.13885
v -649.2261 -374.62653 -38.19033
v -648.96844 -374.4886 -37.143337
v -649.0494 -374.55292 -38.2214
v -648.83136 -374.3386 -37.15229
v -648.9138 -374.40414 -38.250748
v -648.7435 -374.13394 -37.1645
v -648.82697 -374.20026 -38.27603
v -648.7125 -373.8947 -37.17878
v -648.7963 -373.9613 -38.294918
v -648.7662 -367.54565 -37.49287
v -648.8397 -367.61185 -38.60175
v -649.2603 -367.5447 -37.463257
v -649.3239 -367.60654 -38.49895
v -648.7662 -367.54565 -37.49287
v -648.8397 -367.61185 -38.60175
v -649.5224 -374.01648 -39.239452
v -649.54144 -367.66708 -39.513615
v -649.51953 -374.1 -39.23535
v -649.51605 -374.15384 -39.233215
v -649.5196 -374.18365 -39.23034
v -649.5379 -374.1951 -39.22401
v -650.8151 -374.36768 -38.853584
v -652.27686 -374.50916 -38.469448
v -654.04767 -374.59512 -37.993114
v -656.2522 -374.6011 -37.3461
v -656.2332 -374.0744 -37.3022
v -656.2522 -374.6011 -37.3461
v -656.2167 -373.80783 -37.252407
v -656.20483 -374.06158 -37.19083
v -656.20013 -375.09583 -37.111572
v -653.8961 -375.0916 -37.823788
v -656.20013 -375.09583 -37.111572
v -652.1324 -375.0055 -38.373936
v -650.7178 -374.86255 -38.819588
v -649.4611 -374.68787 -39.218323
v -649.2904 -374.6158 -39.27538
v -649.1594 -374.46823 -39.324665
v -649.07544 -374.2651 -39.362732
v -649.04584 -374.02643 -39.386127
v -649.07806 -367.6766 -39.687298
v -649.54144 -367.66708 -39.513615
v -649.07806 -367.6766 -39.687298
v -649.90485 -374.07452 -40.212086
v -649.9081 -367.725 -40.484577
v -649.9021 -374.15808 -40.2084
v -649.8988 -374.21194 -40.20677
v -649.90216 -374.24173 -40.203377
v -649.91943 -374.253 -40.194397
v -651.1288 -374.4145 -39.637955
v -652.5183 -374.54324 -39.040524
v -654.1993 -374.61377 -38.305973
v -656.2829 -374.60062 -37.338177
v -656.253 -374.07413 -37.297935
v -656.2829 -374.60062 -37.338177
v -656.22687 -373.80777 -37.251335
v -656.20825 -374.06168 -37.192036
v -656.201 -375.09595 -37.113674
v -654.02856 -375.11172 -38.160755
v -656.201 -375.09595 -37.113674
v -652.36566 -375.0409 -38.96724
v -651.03186 -374.91022 -39.618492
v -649.84705 -374.74643 -40.19986
v -649.6861 -374.67587 -40.28173
v -649.56256 -374.52942 -40.35006
v -649.4834 -374.32703 -40.40033
v -649.45544 -374.0886 -40.428024
v -649.47577 -367.73856 -40.72527
v -649.9081 -367.725 -40.484577
v -649.47577 -367.73856 -40.72527
v -650.42816 -374.12854 -41.11696
v -650.4156 -367.77905 -41.390152
v -650.4257 -374.2121 -41.113663
v -650.42267 -374.266 -41.112507
v -650.4258 -374.29575 -41.10863
v -650.4415 -374.30685 -41.09718
v -651.5561 -374.45798 -40.366894
v -652.84235 -374.5748 -39.569298
v -654.3959 -374.6309 -38.59279
v -656.31213 -374.59988 -37.32577
v -656.2719 -374.0737 -37.290775
v -656.31213 -374.59988 -37.32577
v -656.23676 -373.80762 -37.248764
v -656.2118 -374.0617 -37.192722
v -656.2021 -375.09607 -37.11563
v -654.2099 -375.13043 -38.474247
v -656.2021 -375.09607 -37.11563
v -652.6849 -375.07385 -39.519215
v -651.46173 -374.9546 -40.361736
v -650.3752 -374.80093 -41.11302
v -650.22754 -374.73175 -41.21798
v -650.1143 -374.58636 -41.30402
v -650.0417 -374.38464 -41.365643
v -650.0161 -374.14645 -41.397343
v -650.024 -367.79626 -41.692474
v -650.4156 -367.77905 -41.390152
v -650.024 -367.79626 -41.692474
v -651.0808 -374.17728 -41.933865
v -651.0526 -367.82797 -42.21011
v -651.0786 -374.26086 -41.93092
v -651.0759 -374.3148 -41.930187
v -651.0787 -374.3445 -41.925877
v -651.09265 -374.3555 -41.912193
v -652.0874 -374.4972 -41.02412
v -653.2417 -374.60312 -40.043957
v -654.63306 -374.6461 -38.847153
v -656.3392 -374.5989 -37.309155
v -656.2895 -374.07312 -37.280888
v -656.3392 -374.5989 -37.309155
v -656.2461 -373.80737 -37.24475
v -656.21533 -374.0617 -37.19288
v -656.2035 -375.09616 -37.117393
v -654.436 -375.14734 -38.757263
v -656.2035 -375.09616 -37.117393
v -653.083 -375.10358 -40.017525
v -651.9978 -374.99463 -41.032726
v -651.0338 -374.85013 -41.937405
v -650.90283 -374.7822 -42.0632
v -650.8023 -374.63776 -42.165237
v -650.7379 -374.43665 -42.237106
v -650.7152 -374.19867 -42.272423
v -650.7106 -367.84848 -42.567314
v -651.0526 -367.82797 -42.21011
v -650.7106 -367.84848 -42.567314
v -651.8481 -374.2197 -42.64455
v -651.80493 -367.87073 -42.92613
v -651.84625 -374.3033 -42.641907
v -651.84393 -374.35724 -42.641544
v -651.84625 -374.38693 -42.636856
v -651.8582 -374.39783 -42.62124
v -652.711 -374.53128 -41.594955
v -653.70746 -374.6276 -40.4539
v -654.90564 -374.65897 -39.063377
v -656.3634 -374.5977 -37.288704
v -656.3054 -374.0724 -37.26849
v -656.3634 -374.5977 -37.288704
v -656.2548 -373.80707 -37.239388
v -656.21893 -374.06168 -37.192497
v -656.20514 -375.09625 -37.11893
v -654.70184 -375.16202 -39.00348
v -656.20514 -375.09625 -37.11893
v -653.551 -375.12946 -40.451046
v -652.62805 -375.02945 -41.61647
v -651.8081 -374.8929 -42.654594
v -651.6967 -374.82605 -42.798527
v -651.61127 -374.68246 -42.91447
v -651.55646 -374.4819 -42.99526
v -651.5371 -374.2441 -43.033722
v -651.52 -367.894 -43.330235
v -651.80493 -367.87073 -42.92613
v -651.52 -367.894 -43.330235
v -652.71295 -374.25482 -43.23314
v -652.6558 -367.90628 -43.522224
v -652.7114 -374.33844 -43.23075
v -652.7096 -374.3924 -43.230694
v -652.7115 -374.4221 -43.225693
v -652.721 -374.43286 -43.208466
v -653.4128 -374.55942 -42.066643
v -654.22925 -374.64764 -40.789967
v -655.2074 -374.6693 -39.23664
v -656.38434 -374.59625 -37.26487
v -656.31934 -374.0715 -37.25386
v -656.38434 -374.59625 -37.26487
v -656.2626 -373.80667 -37.232788
v -656.2224 -374.06165 -37.19159
v -656.20703 -375.09634 -37.120205
v -655.00146 -375.1742 -39.207394
v -656.20703 -375.09634 -37.120205
v -654.0786 -375.15088 -40.810085
v -653.3384 -375.0583 -42.09993
v -652.68085 -374.92838 -43.248577
v -652.59155 -374.8624 -43.407524
v -652.523 -374.71948 -43.534992
v -652.47906 -374.51935 -43.62316
v -652.46356 -374.28174 -43.66423
v -652.4344 -367.93185 -43.964207
v -652.6558 -367.90628 -43.522224
v -652.4344 -367.93185 -43.964207
v -653.656 -374.28186 -43.68649
v -653.5861 -367.9339 -43.98507
v -653.6549 -374.3655 -43.68429
v -653.65356 -374.41946 -43.68447
v -653.6549 -374.44913 -43.67923
v -653.6619 -374.45984 -43.660767
v -654.1772 -374.58102 -42.428646
v -654.79535 -374.66284 -41.04465
v -655.53174 -374.67685 -39.363068
v -656.4015 -374.59467 -37.23819
v -656.33093 -374.07053 -37.237324
v -656.4015 -374.59467 -37.23819
v -656.2693 -373.8062 -37.225105
v -656.2257 -374.06155 -37.190174
v -656.20905 -375.0964 -37.12118
v -655.3282 -375.18356 -39.364456
v -656.20905 -375.0964 -37.12118
v -654.6539 -375.1674 -41.086628
v -654.11304 -375.08054 -42.472298
v -653.63257 -374.95566 -43.706074
v -653.5673 -374.8904 -43.876587
v -653.5172 -374.74802 -44.012928
v -653.4851 -374.54822 -44.10679
v -653.47375 -374.3107 -44.14986
v -653.43317 -367.96112 -44.455055
v -653.5861 -367.9339 -43.98507
v -653.43317 -367.96112 -44.455055
v -654.6562 -374.30023 -43.994465
v -654.5752 -367.95297 -44.304337
v -654.6555 -374.38388 -43.9924
v -654.6547 -374.43787 -43.992744
v -654.6556 -374.46753 -43.987335
v -654.6598 -374.47818 -43.968033
v -654.9871 -374.59558 -42.672882
v -655.3932 -374.67285 -41.212265
v -655.8713 -374.68143 -39.439835
v -656.4145 -374.59293 -37.209255
v -656.3399 -374.06943 -37.21925
v -656.4145 -374.59293 -37.209255
v -656.2748 -373.8057 -37.216507
v -656.22876 -374.06143 -37.188286
v -656.21124 -375.09644 -37.12185
v -655.6747 -375.1899 -39.471153
v -656.21124 -375.09644 -37.12185
v -655.264 -375.1786 -41.274494
v -654.9346 -375.0956 -42.725266
v -654.64197 -374.9742 -44.016872
v -654.6022 -374.90942 -44.195244
v -654.57166 -374.7674 -44.337612
v -654.5521 -374.56784 -44.435337
v -654.5452 -374.33038 -44.47977
v -654.49414 -367.98123 -44.791824
v -654.5752 -367.95297 -44.304337
v -654.49414 -367.98123 -44.791824
v -655.6912 -374.30954 -44.150196
v -655.6009 -367.963 -44.472885
v -655.69104 -374.3932 -44.148197
v -655.69073 -374.44717 -44.14862
v -655.69104 -374.47684 -44.14313
v -655.69244 -374.48746 -44.1234
v -655.82446 -374.6028 -42.793896
v -656.0094 -374.67743 -41.289066
v -656.21844 -374.68295 -39.46523
v -656.423 -374.5911 -37.178715
v -656.34607 -374.0683 -37.200047
v -656.423 -374.5911 -37.178715
v -656.27893 -373.80515 -37.207188
v -656.2315 -374.0613 -37.185963
v -656.21344 -375.09647 -37.122185
v -656.03326 -375.19315 -39.525105
v -656.21344 -375.09647 -37.122185
v -655.8953 -375.18427 -41.369488
v -655.7847 -375.10324 -42.85318
v -655.68646 -374.98358 -44.174026
v -655.6731 -374.91904 -44.35637
v -655.66284 -374.7772 -44.50179
v -655.6563 -374.57773 -44.601467
v -655.654 -374.34036 -44.64659
v -655.5935 -367.9917 -44.966995
v -655.6009 -367.963 -44.472885
v -655.5935 -367.9917 -44.966995
v -656.738 -374.30954 -44.150196
v -656.64026 -367.96387 -44.48695
v -656.73816 -374.3932 -44.148197
v -656.73846 -374.44717 -44.14862
v -656.73816 -374.47684 -44.14313
v -656.73676 -374.48746 -44.1234
v -656.6705 -374.6025 -42.78898
v -656.6301 -374.67648 -41.273335
v -656.5656 -374.68137 -39.438683
v -656.4268 -374.58923 -37.14725
v -656.3493 -374.0671 -37.180134
v -656.4268 -374.58923 -37.14725
v -656.2817 -373.80453 -37.197357
v -656.2338 -374.06113 -37.183258
v -656.21576 -375.09647 -37.122185
v -656.39594 -375.19315 -39.525105
v -656.21576 -375.09647 -37.122185
v -656.5339 -375.18427 -41.369488
v -656.6445 -375.10324 -42.85318
v -656.74274 -374.98358 -44.174026
v -656.7561 -374.91904 -44.35637
v -656.76636 -374.7772 -44.50179
v -656.7729 -374.57773 -44.601467
v -656.7752 -374.34036 -44.64659
v -656.7067 -367.99225 -44.97664
v -656.64026 -367.96387 -44.48695
v -656.7067 -367.99225 -44.97664
v -657.773 -374.30023 -43.994465
v -657.67017 -367.95544 -44.346222
v -657.7737 -374.38388 -43.9924
v -657.7745 -374.43787 -43.992744
v -657.7736 -374.46753 -43.987335
v -657.7694 -374.47818 -43.968033
v -657.50635 -374.59473 -42.658245
v -657.2416 -374.67004 -41.16542
v -656.9049 -374.67673 -39.360786
v -656.4259 -374.58734 -37.115566
v -656.34955 -374.0659 -37.159966
v -656.4259 -374.58734 -37.115566
v -656.2829 -373.80396 -37.18723
v -656.2358 -374.06094 -37.180237
v -656.21796 -375.09644 -37.12185
v -656.7545 -375.1899 -39.471153
v -656.21796 -375.09644 -37.12185
v -657.1652 -375.1786 -41.27449
v -657.4946 -375.0956 -42.725266
v -657.78723 -374.9742 -44.016872
v -657.827 -374.90942 -44.195244
v -657.85754 -374.7674 -44.337612
v -657.8771 -374.56784 -44.435337
v -657.884 -374.33038 -44.47977
v -657.80896 -367.98294 -44.820557
v -657.67017 -367.95544 -44.346222
v -657.80896 -367.98294 -44.820557
v -658.7732 -374.28186 -43.68649
v -658.66754 -367.93802 -44.053844
v -658.7743 -374.3655 -43.68429
v -658.77563 -374.41946 -43.68447
v -658.7743 -374.44913 -43.67923
v -658.7673 -374.45984 -43.660767
v -658.31335 -374.5796 -42.404613
v -657.83014 -374.65823 -40.967743
v -657.22876 -374.66913 -39.233284
v -656.4203 -374.58548 -37.08437
v -656.34674 -374.0647 -37.139988
v -656.4203 -374.58548 -37.08437
v -656.2826 -373.80334 -37.177036
v -656.23724 -374.06076 -37.176956
v -656.22015 -375.0964 -37.12118
v -657.101 -375.18356 -39.364456
v -656.22015 -375.0964 -37.12118
v -657.7753 -375.1674 -41.086628
v -658.31616 -375.08054 -42.472298
v -658.79663 -374.95566 -43.706074
v -658.86194 -374.8904 -43.876587
v -658.912 -374.74802 -44.012928
v -658.9441 -374.54822 -44.10679
v -658.95544 -374.3107 -44.14986
v -658.8756 -367.96396 -44.502228
v -658.66754 -367.93802 -44.053844
v -658.8756 -367.96396 -44.502228
v -659.71625 -374.25482 -43.23314
v -659.6101 -367.9119 -43.616344
v -659.7178 -374.33844 -43.23075
v -659.7196 -374.3924 -43.230694
v -659.7177 -374.4221 -43.225693
v -659.7082 -374.43286 -43.208466
v -659.0735 -374.55746 -42.03375
v -658.38257 -374.64136 -40.684708
v -657.52997 -374.65872 -39.05902
v -656.4101 -374.58368 -37.054356
v -656.341 -374.06354 -37.120644
v -656.4101 -374.58368 -37.054356
v -656.28076 -373.80273 -37.167004
v -656.23816 -374.06055 -37.1735
v -656.22217 -375.09634 -37.1202
v -657.42773 -375.1742 -39.207394
v -656.22217 -375.09634 -37.1202
v -658.3506 -375.15088 -40.810085
v -659.0908 -375.0583 -42.099926
v -659.74835 -374.92838 -43.248577
v -659.83765 -374.8624 -43.407524
v -659.9062 -374.71948 -43.53499
v -659.95013 -374.51935 -43.62316
v -659.96564 -374.28174 -43.664227
v -659.8828 -367.9357 -44.02876
v -659.6101 -367.9119 -43.616344
v -659.8828 -367.9357 -44.02876
v -660.5811 -374.2197 -42.64455
v -660.4768 -367.87772 -43.043495
v -660.58295 -374.3033 -42.641907
v -660.58527 -374.35724 -42.641544
v -660.58295 -374.38693 -42.636856
v -660.571 -374.39783 -42.621235
v -659.7698 -374.5288 -41.553936
v -658.8866 -374.61975 -40.322647
v -657.8018 -374.64575 -38.84189
v -656.3955 -374.582 -37.0262
v -656.33246 -374.06247 -37.102375
v -656.3955 -374.582 -37.0262
v -656.27747 -373.80215 -37.157352
v -656.2386 -374.06033 -37.169937
v -656.22406 -375.09625 -37.11893
v -657.72736 -375.16202 -39.003475
v -656.22406 -375.09625 -37.11893
v -658.8782 -375.12946 -40.451042
v -659.80115 -375.02945 -41.61647
v -660.6211 -374.8929 -42.654594
v -660.7325 -374.82605 -42.798527
v -660.818 -374.68246 -42.91447
v -660.87274 -374.4819 -42.99526
v -660.8921 -374.2441 -43.033722
v -660.80804 -367.8988 -43.410736
v -660.4768 -367.87772 -43.043495
v -660.80804 -367.8988 -43.410736
v -661.3484 -374.17728 -41.933865
v -661.24835 -367.8362 -42.3481
v -661.3506 -374.26086 -41.93092
v -661.3533 -374.3148 -41.930183
v -661.3505 -374.3445 -41.925873
v -661.33655 -374.3555 -41.912193
v -660.3866 -374.49432 -40.975895
v -659.33093 -374.5939 -39.889637
v -658.03815 -374.63052 -38.586742
v -656.3769 -374.58047 -37.000523
v -656.3212 -374.06146 -37.085583
v -656.3769 -374.58047 -37.000523
v -656.2727 -373.8016 -37.148304
v -656.2385 -374.06012 -37.166355
v -656.2257 -375.09616 -37.117393
v -657.9932 -375.14734 -38.75726
v -656.2257 -375.09616 -37.117393
v -659.3462 -375.10358 -40.017525
v -660.4314 -374.99463 -41.032726
v -661.3954 -374.85013 -41.937405
v -661.52637 -374.7822 -42.0632
v -661.6269 -374.63776 -42.165234
v -661.6913 -374.43665 -42.237106
v -661.714 -374.19867 -42.272423
v -661.6307 -367.85413 -42.661957
v -661.24835 -367.8362 -42.3481
v -661.6307 -367.85413 -42.661957
v -662.00104 -374.12854 -41.11696
v -661.9074 -367.78833 -41.545685
v -662.0035 -374.2121 -41.113663
v -662.00653 -374.266 -41.112507
v -662.0034 -374.29575 -41.10863
v -661.9877 -374.30685 -41.09718
v -660.9102 -374.45474 -40.31254
v -659.7056 -374.56442 -39.395363
v -658.2338 -374.61337 -38.299274
v -656.3547 -374.57913 -36.977905
v -656.3077 -374.06058 -37.07064
v -656.3547 -374.57913 -36.977905
v -656.2667 -373.80112 -37.140057
v -656.23785 -374.0599 -37.162827
v -656.2271 -375.09607 -37.115627
v -658.2193 -375.13043 -38.474247
v -656.2271 -375.09607 -37.115627
v -659.7443 -375.07385 -39.519215
v -660.96747 -374.9546 -40.361736
v -662.054 -374.80093 -41.113018
v -662.20166 -374.73175 -41.217976
v -662.3149 -374.58636 -41.304016
v -662.3875 -374.38464 -41.365643
v -662.4131 -374.14645 -41.397343
v -662.33234 -367.80264 -41.799152
v -661.9074 -367.78833 -41.545685
v -662.33234 -367.80264 -41.799152
v -662.5244 -374.07452 -40.212082
v -662.4393 -367.73514 -40.65418
v -662.5271 -374.15808 -40.2084
v -662.5304 -374.21194 -40.20677
v -662.52704 -374.24173 -40.203377
v -662.50977 -374.253 -40.194393
v -661.329 -374.41095 -39.578682
v -660.0024 -374.53192 -38.850857
v -658.38434 -374.59467 -37.985912
v -656.3293 -374.578 -36.958847
v -656.292 -374.0598 -37.057888
v -656.3293 -374.578 -36.958847
v -656.2595 -373.8007 -37.132797
v -656.2367 -374.05972 -37.159435
v -656.2282 -375.09595 -37.113674
v -658.40063 -375.11172 -38.16075
v -656.2282 -375.09595 -37.113674
v -660.06354 -375.0409 -38.96724
v -661.39734 -374.91022 -39.61849
v -662.58215 -374.74643 -40.199856
v -662.74316 -374.67587 -40.28173
v -662.86664 -374.52942 -40.350056
v -662.9458 -374.32703 -40.400326
v -662.97375 -374.0886 -40.428024
v -662.89734 -367.7455 -40.84159
v -662.4393 -367.73514 -40.65418
v -662.89734 -367.7455 -40.84159
v -662.9068 -374.01648 -39.23945
v -662.83215 -367.6778 -39.693493
v -662.90967 -374.1 -39.23535
v -662.91315 -374.15384 -39.233215
v -662.9096 -374.18365 -39.23034
v -662.8913 -374.1951 -39.22401
v -661.63354 -374.36392 -38.79072
v -660.2145 -374.49716 -38.268288
v -658.4864 -374.57486 -37.653656
v -656.30133 -374.5771 -36.94378
v -656.27466 -374.0592 -37.047607
v -656.30133 -374.5771 -36.94378
v -656.25134 -373.80032 -37.126682
v -656.23505 -374.05954 -37.156254
v -656.22906 -375.09583 -37.111572
v -658.5331 -375.0916 -37.823788
v -656.22906 -375.09583 -37.111572
v -660.2968 -375.0055 -38.373936
v -661.7114 -374.86255 -38.819588
v -662.9681 -374.68787 -39.21832
v -663.1388 -374.6158 -39.27538
v -663.2698 -374.46823 -39.324665
v -663.35376 -374.2651 -39.362732
v -663.38336 -374.02643 -39.386127
v -663.31305 -367.684 -39.810673
v -662.83215 -367.6778 -39.693493
v -663.31305 -367.684 -39.810673
v -663.1397 -373.9557 -38.220787
v -663.07715 -367.61765 -38.685093
v -663.1427 -374.03918 -38.21625
v -663.1463 -374.093 -38.213585
v -663.1426 -374.12283 -38.211246
v -663.1237 -374.13443 -38.207703
v -661.81696 -374.31473 -37.966255
v -660.3373 -374.4609 -37.660664
v -658.5377 -374.55435 -37.309925
v -656.2715 -374.57645 -36.933033
v -656.2559 -374.05875 -37.040028
v -656.2715 -374.57645 -36.933033
v -656.2424 -373.80005 -37.121857
v -656.2329 -374.05936 -37.15336
v -656.22955 -375.09567 -37.109367
v -658.6138 -375.07056 -37.47087
v -656.22955 -375.09567 -37.109367
v -660.4389 -374.9684 -37.75255
v -661.9028 -374.81262 -37.982876
v -663.2031 -374.62653 -38.190327
v -663.3798 -374.55292 -38.221397
v -663.5154 -374.40414 -38.250744
v -663.60223 -374.20026 -38.27603
v -663.6329 -373.9613 -38.294918
v -663.5702 -367.61945 -38.729416
v -663.07715 -367.61765 -38.685093
v -663.5702 -367.61945 -38.729416
v -663.21796 -373.89352 -37.17885
v -663.1689 -367.55594 -37.6515
v -663.22095 -373.977 -37.173866
v -663.22455 -374.03076 -37.17066
v -663.2208 -374.06064 -37.168877
v -663.2017 -374.07242 -37.168175
v -661.8753 -374.26443 -37.123703
v -660.3679 -374.42395 -37.041565
v -658.5372 -374.5336 -36.9624
v -656.24036 -374.57608 -36.926853
v -656.23627 -374.05847 -37.035316
v -656.24036 -374.57608 -36.926853
v -656.2327 -373.79984 -37.11842
v -656.2304 -374.0592 -37.150806
v -656.22974 -375.09555 -37.107117
v -658.64087 -375.049 -37.109894
v -656.22974 -375.09555 -37.107117
v -660.48663 -374.93048 -37.116966
v -661.967 -374.76154 -37.12705
v -663.28204 -374.56378 -37.13885
v -663.46075 -374.4886 -37.143337
v -663.59784 -374.3386 -37.152287
v -663.68567 -374.13394 -37.1645
v -663.7167 -373.8947 -37.178776
v -663.663 -367.55338 -37.621983
v -663.1689 -367.55594 -37.6515
v -663.663 -367.55338 -37.621983
v -663.1397 -373.83136 -36.13691
v -663.1053 -367.49414 -36.615803
v -663.1427 -373.9148 -36.13148
v -663.1463 -373.96854 -36.12773
v -663.1426 -373.99844 -36.1265
v -663.1237 -374.01038 -36.128643
v -661.8071 -374.2142 -36.281887
v -660.30585 -374.38715 -36.424812
v -658.4847 -374.5131 -36.61884
v -656.2086 -374.576 -36.925377
v -656.2161 -374.05835 -37.03358
v -656.2086 -374.576 -36.925377
v -656.2227 -373.7997 -37.116455
v -656.22754 -374.05908 -37.14866
v -656.22955 -375.09543 -37.104866
v -658.6138 -375.02747 -36.748917
v -656.22955 -375.09543 -37.104866
v -660.4389 -374.89255 -36.481384
v -661.9028 -374.71048 -36.271217
v -663.2031 -374.50104 -36.08737
v -663.3798 -374.42426 -36.065273
v -663.5154 -374.27304 -36.05383
v -663.60223 -374.0676 -36.05297
v -663.6329 -373.8281 -36.062634
v -663.5895 -367.4872 -36.513103
v -663.1053 -367.49414 -36.615803
v -663.5895 -367.4872 -36.513103
v -662.9068 -373.77057 -35.118244
v -662.88776 -367.4336 -35.601143
v -662.90967 -373.85397 -35.11238
v -662.91315 -373.90768 -35.1081
v -662.9096 -373.93762 -35.107414
v -662.8913 -373.9497 -35.112335
v -661.6141 -374.16513 -35.45961
v -660.15234 -374.35132 -35.824192
v -658.38153 -374.4933 -36.286922
v -656.177 -374.57617 -36.928635
v -656.196 -374.05844 -37.034863
v -656.177 -374.57617 -36.928635
v -656.2125 -373.79968 -37.116
v -656.22437 -374.05896 -37.146965
v -656.22906 -375.09528 -37.102665
v -658.5331 -375.0064 -36.396
v -656.22906 -375.09528 -37.102665
v -660.2968 -374.85547 -35.86
v -661.7114 -374.66055 -35.43451
v -662.9681 -374.43967 -35.05938
v -663.1388 -374.36136 -35.011295
v -663.2698 -374.20895 -34.979908
v -663.35376 -374.00275 -34.96627
v -663.38336 -373.76297 -34.971428
v -663.35114 -367.42242 -35.427555
v -662.88776 -367.4336 -35.601143
v -663.35114 -367.42242 -35.427555
v -662.52435 -373.71252 -34.14561
v -662.5211 -367.37564 -34.630177
v -662.5271 -373.7959 -34.13933
v -662.5304 -373.84958 -34.134544
v -662.52704 -373.87955 -34.134373
v -662.50977 -373.8918 -34.14195
v -661.3004 -374.11835 -34.67524
v -659.9109 -374.31723 -35.253117
v -658.2299 -374.4746 -35.974064
v -656.1463 -374.57666 -36.936558
v -656.1762 -374.0587 -37.039127
v -656.1463 -374.57666 -36.936558
v -656.20233 -373.79974 -37.117073
v -656.22095 -374.0589 -37.14576
v -656.2282 -375.09515 -37.100563
v -658.40063 -374.9863 -36.059032
v -656.2282 -375.09515 -37.100563
v -660.06354 -374.82007 -35.266693
v -661.39734 -374.61288 -34.635605
v -662.58215 -374.3811 -34.077843
v -662.7431 -374.3013 -34.004944
v -662.86664 -374.14777 -33.954514
v -662.9458 -373.94083 -33.928673
v -662.97375 -373.7008 -33.929527
v -662.9534 -367.36047 -34.389584
v -662.5211 -367.37564 -34.630177
v -662.9534 -367.36047 -34.389584
v -662.00104 -373.6585 -33.240738
v -662.0136 -367.32162 -33.724606
v -662.0035 -373.74188 -33.23407
v -662.00653 -373.79553 -33.22881
v -662.0034 -373.82553 -33.229122
v -661.9877 -373.83795 -33.239166
v -660.8731 -374.07483 -33.946297
v -659.58685 -374.28568 -34.724342
v -658.0333 -374.45752 -35.68725
v -656.11707 -374.5774 -36.948963
v -656.1573 -374.0591 -37.046288
v -656.11707 -374.5774 -36.948963
v -656.19244 -373.7999 -37.119644
v -656.2174 -374.05887 -37.145073
v -656.2271 -375.09503 -37.098606
v -658.2193 -374.9676 -35.74554
v -656.2271 -375.09503 -37.098606
v -659.7443 -374.78714 -34.714718
v -660.96747 -374.5685 -33.89236
v -662.054 -374.3266 -33.16468
v -662.20166 -374.24542 -33.068695
v -662.3149 -374.09085 -33.000557
v -662.3875 -373.88324 -32.96336
v -662.4131 -373.64297 -32.960213
v -662.4052 -367.30276 -33.42238
v -662.0136 -367.32162 -33.724606
v -662.4052 -367.30276 -33.42238
v -661.3484 -373.60977 -32.423832
v -661.3766 -367.27267 -32.904648
v -661.3506 -373.6931 -32.416813
v -661.3533 -373.74673 -32.41113
v -661.3505 -373.77676 -32.411873
v -661.33655 -373.7893 -32.424152
v -660.3418 -374.0356 -33.28907
v -659.1875 -374.25735 -34.249683
v -657.79614 -374.44232 -35.432888
v -656.09 -374.5784 -36.96558
v -656.1397 -374.0597 -37.056175
v -656.09 -374.5784 -36.96558
v -656.1831 -373.80014 -37.123657
v -656.21387 -374.05884 -37.144917
v -656.2257 -375.09494 -37.09684
v -657.9932 -374.9507 -35.462524
v -656.2257 -375.09494 -37.09684
v -659.3462 -374.7574 -34.216408
v -660.4314 -374.52847 -33.22137
v -661.3954 -374.2774 -32.340298
v -661.52637 -374.195 -32.223473
v -661.6269 -374.03946 -32.13934
v -661.6913 -373.83124 -32.091896
v -661.714 -373.59076 -32.08513
v -661.7186 -367.25055 -32.547543
v -661.3766 -367.27267 -32.904648
v -661.7186 -367.25055 -32.547543
v -660.5811 -373.56735 -31.713146
v -660.62427 -367.22995 -32.188625
v -660.58295 -373.6507 -31.705826
v -660.58527 -373.70428 -31.699772
v -660.58295 -373.73434 -31.700893
v -660.571 -373.74698 -31.715109
v -659.7182 -374.00156 -32.71824
v -658.72174 -374.23288 -33.83974
v -657.52356 -374.4294 -35.21666
v -656.0658 -374.57962 -36.98603
v -656.1238 -374.06046 -37.068573
v -656.0658 -374.57962 -36.98603
v -656.1744 -373.80048 -37.129025
v -656.21027 -374.05887 -37.145298
v -656.22406 -375.09485 -37.095303
v -657.72736 -374.936 -35.216312
v -656.22406 -375.09485 -37.095303
v -658.8782 -374.73154 -33.78289
v -659.80115 -374.49365 -32.637627
v -660.6211 -374.23462 -31.623106
v -660.7325 -374.15112 -31.488148
v -660.81793 -373.99475 -31.390102
v -660.87274 -373.78598 -31.333742
v -660.8921 -373.54532 -31.323833
v -660.9092 -367.20502 -31.784618
v -660.62427 -367.22995 -32.188625
v -660.9092 -367.20502 -31.784618
v -659.71625 -373.53223 -31.124556
v -659.7734 -367.1944 -31.592533
v -659.7178 -373.61554 -31.116983
v -659.7196 -373.66913 -31.110622
v -659.7177 -373.6992 -31.112057
v -659.7082 -373.71194 -31.12788
v -659.0164 -373.97342 -32.24655
v -658.19995 -374.21283 -33.503674
v -657.2218 -374.4191 -35.043396
v -656.04486 -374.58102 -37.009865
v -656.10986 -374.0613 -37.083202
v -656.04486 -374.58102 -37.009865
v -656.1666 -373.80087 -37.13562
v -656.2068 -374.05893 -37.146206
v -656.22217 -375.09476 -37.094032
v -657.42773 -374.92386 -35.012394
v -656.22217 -375.09476 -37.094032
v -658.3506 -374.7101 -33.42385
v -659.0908 -374.46478 -32.15417
v -659.74835 -374.1992 -31.029125
v -659.83765 -374.11478 -30.879152
v -659.9062 -373.9577 -30.769585
v -659.95013 -373.7485 -30.705841
v -659.96564 -373.5077 -30.693327
v -659.9948 -367.1672 -31.15065
v -659.7734 -367.1944 -31.592533
v -659.9948 -367.1672 -31.15065
v -658.7732 -373.5052 -30.67121
v -658.8431 -367.16675 -31.129684
v -658.7743 -373.5885 -30.663443
v -658.77563 -373.64206 -30.656845
v -658.7743 -373.67212 -30.658522
v -658.7673 -373.68497 -30.675581
v -658.252 -373.9518 -31.884546
v -657.63385 -374.19763 -33.24899
v -656.89746 -374.41153 -34.91697
v -656.0277 -374.5826 -37.036545
v -656.09827 -374.06232 -37.09974
v -656.0277 -374.5826 -37.036545
v -656.1599 -373.80133 -37.143307
v -656.2035 -374.05902 -37.147617
v -656.22015 -375.09473 -37.093052
v -657.101 -374.9145 -34.85533
v -656.22015 -375.09473 -37.093052
v -657.7753 -374.6936 -33.14731
v -658.31616 -374.44257 -31.7818
v -658.79663 -374.17188 -30.571629
v -658.8619 -374.0868 -30.410088
v -658.912 -373.9292 -30.291647
v -658.9441 -373.71967 -30.222214
v -658.95544 -373.4787 -30.207695
v -658.99603 -367.1379 -30.659798
v -658.8431 -367.16675 -31.129684
v -658.99603 -367.1379 -30.659798
v -657.773 -373.48682 -30.36323
v -657.854 -367.1477 -30.810421
v -657.7737 -373.5701 -30.355331
v -657.7745 -373.62366 -30.348574
v -657.7736 -373.65375 -30.350414
v -657.7694 -373.66663 -30.368315
v -657.4421 -373.93723 -31.640308
v -657.036 -374.18762 -33.081375
v -656.5579 -374.40695 -34.840202
v -656.0147 -374.58435 -37.06548
v -656.0893 -374.0634 -37.117813
v -656.0147 -374.58435 -37.06548
v -656.15436 -373.80185 -37.1519
v -656.20044 -374.0591 -37.14951
v -656.21796 -375.09467 -37.09239
v -656.7545 -374.9081 -34.748634
v -656.21796 -375.09467 -37.09239
v -657.1652 -374.68237 -32.959442
v -657.4946 -374.42746 -31.528831
v -657.78723 -374.15332 -30.26083
v -657.827 -374.06778 -30.09143
v -657.85754 -373.90982 -29.966963
v -657.8771 -373.70004 -29.893665
v -657.884 -373.459 -29.877783
v -657.93506 -367.1178 -30.323027
v -657.854 -367.1477 -30.810421
v -657.93506 -367.1178 -30.323027
v -656.738 -373.4775 -30.207502
v -656.8283 -367.13766 -30.641872
v -656.73816 -373.5608 -30.199537
v -656.73846 -373.61435 -30.1927
v -656.73816 -373.64444 -30.194622
v -656.73676 -373.65735 -30.212948
v -656.60474 -373.93 -31.519297
v -656.41986 -374.18304 -33.004578
v -656.21075 -374.40546 -34.814808
v -656.0062 -374.58618 -37.09602
v -656.0831 -374.06454 -37.13702
v -656.0062 -374.58618 -37.09602
v -656.1502 -373.8024 -37.16122
v -656.1977 -374.05927 -37.151833
v -656.21576 -375.09467 -37.09205
v -656.39594 -374.90488 -34.694683
v -656.21576 -375.09467 -37.09205
v -656.5339 -374.67673 -32.86445
v -656.6445 -374.41983 -31.40092
v -656.74274 -374.14395 -30.103676
v -656.7561 -374.05817 -29.930305
v -656.76636 -373.90002 -29.802788
v -656.7729 -373.69012 -29.727535
v -656.7752 -373.44907 -29.710966
v -656.8357 -367.10736 -30.147861
v -656.8283 -367.13766 -30.641872
v -656.8357 -367.10736 -30.147861
v -655.6912 -373.4775 -30.207502
v -655.78894 -367.1368 -30.627806
v -655.69104 -373.5608 -30.199537
v -655.69073 -373.61435 -30.1927
v -655.69104 -373.64444 -30.194622
v -655.69244 -373.65735 -30.212948
v -655.7587 -373.9303 -31.524214
v -655.7991 -374.184 -33.02031
v -655.8636 -374.407 -34.841354
v -656.0024 -374.58804 -37.127483
v -656.0799 -374.0657 -37.15693
v -656.0024 -374.58804 -37.127483
v -656.1475 -373.80298 -37.171055
v -656.1954 -374.05942 -37.154533
v -656.21344 -375.09467 -37.09205
v -656.03326 -374.90488 -34.694683
v -656.21344 -375.09467 -37.09205
v -655.8953 -374.67673 -32.86445
v -655.7847 -374.41983 -31.40092
v -655.68646 -374.14395 -30.103676
v -655.6731 -374.05817 -29.930305
v -655.66284 -373.90002 -29.802788
v -655.6563 -373.69012 -29.727535
v -655.654 -373.44907 -29.710966
v -655.7225 -367.10678 -30.138214
v -655.78894 -367.1368 -30.627806
v -655.7225 -367.10678 -30.138214
v -654.6562 -373.48682 -30.363232
v -654.75903 -367.1452 -30.768534
v -654.6555 -373.5701 -30.355331
v -654.6547 -373.62366 -30.348574
v -654.6556 -373.65375 -30.350416
v -654.6598 -373.66663 -30.368317
v -654.92285 -373.9381 -31.654947
v -655.1876 -374.19043 -33.12822
v -655.5243 -374.41168 -34.91925
v -656.0033 -374.58994 -37.15917
v -656.07965 -374.06693 -37.177097
v -656.0033 -374.58994 -37.15917
v -656.1463 -373.8036 -37.18118
v -656.1934 -374.0596 -37.15756
v -656.21124 -375.09467 -37.09239
v -655.6747 -374.9081 -34.748634
v -656.21124 -375.09467 -37.09239
v -655.264 -374.68237 -32.959442
v -654.9346 -374.42746 -31.528831
v -654.64197 -374.15332 -30.26083
v -654.6022 -374.06778 -30.091433
v -654.57166 -373.90982 -29.966963
v -654.5521 -373.70004 -29.893665
v -654.5452 -373.459 -29.877785
v -654.62024 -367.1161 -30.294298
v -654.75903 -367.1452 -30.768534
v -654.62024 -367.1161 -30.294298
v -653.656 -373.5052 -30.67121
v -653.76166 -367.16266 -31.060913
v -653.6549 -373.5885 -30.663443
v -653.65356 -373.64206 -30.656845
v -653.6549 -373.67212 -30.658522
v -653.6619 -373.68497 -30.675581
v -654.11584 -373.95325 -31.90858
v -654.59906 -374.2022 -33.325897
v -655.20044 -374.41928 -35.046753
v -656.0089 -374.5918 -37.190365
v -656.08246 -374.0681 -37.19708
v -656.0089 -374.5918 -37.190365
v -656.1466 -373.8042 -37.191376
v -656.19196 -374.0598 -37.16084
v -656.20905 -375.09473 -37.093052
v -655.3282 -374.9145 -34.855335
v -656.20905 -375.09473 -37.093052
v -654.6539 -374.6936 -33.14731
v -654.11304 -374.44257 -31.7818
v -653.63257 -374.17188 -30.571629
v -653.5673 -374.0868 -30.410088
v -653.5172 -373.9292 -30.291647
v -653.4851 -373.71967 -30.222214
v -653.47375 -373.4787 -30.207695
v -653.5536 -367.1351 -30.612629
v -653.76166 -367.16266 -31.060913
v -653.5536 -367.1351 -30.612629
v -652.71295 -373.53223 -31.124556
v -652.8191 -367.18875 -31.498411
v -652.7114 -373.61554 -31.116983
v -652.7096 -373.66913 -31.110622
v -652.7115 -373.6992 -31.112059
v -652.721 -373.71194 -31.12788
v -653.3557 -373.97537 -32.27944
v -654.04663 -374.21912 -33.608932
v -654.89923 -374.4297 -35.22102
v -656.0191 -374.5936 -37.22038
v -656.0882 -374.06927 -37.21642
v -656.0191 -374.5936 -37.22038
v -656.14844 -373.80478 -37.20141
v -656.19104 -374.06 -37.164295
v -656.20703 -375.09476 -37.094032
v -655.00146 -374.92386 -35.012394
v -656.20703 -375.09476 -37.094032
v -654.0786 -374.7101 -33.42385
v -653.3384 -374.46478 -32.15417
v -652.68085 -374.1992 -31.029127
v -652.59155 -374.11478 -30.879152
v -652.523 -373.9577 -30.769585
v -652.47906 -373.7485 -30.705841
v -652.46356 -373.5077 -30.693327
v -652.5464 -367.16333 -31.086094
v -652.8191 -367.18875 -31.498411
v -652.5464 -367.16333 -31.086094
v -651.8481 -373.56735 -31.713148
v -651.9524 -367.22296 -32.07126
v -651.84625 -373.6507 -31.705828
v -651.84393 -373.70428 -31.699774
v -651.84625 -373.73434 -31.700897
v -651.8582 -373.74698 -31.715113
v -652.6594 -374.004 -32.759254
v -653.5426 -374.24072 -33.970997
v -654.6274 -374.44263 -35.43815
v -656.0337 -374.59528 -37.248535
v -656.09674 -374.07034 -37.234688
v -656.0337 -374.59528 -37.248535
v -656.15173 -373.80536 -37.211056
v -656.1906 -374.0602 -37.16786
v -656.20514 -375.09485 -37.095306
v -654.70184 -374.936 -35.216312
v -656.20514 -375.09485 -37.095306
v -653.551 -374.73154 -33.78289
v -652.62805 -374.49365 -32.63763
v -651.8081 -374.23462 -31.623108
v -651.6967 -374.15112 -31.48815
v -651.6112 -373.99475 -31.390106
v -651.55646 -373.78598 -31.333746
v -651.5371 -373.54532 -31.323837
v -651.62115 -367.20023 -31.70412
v -651.9524 -367.22296 -32.07126
v -651.62115 -367.20023 -31.70412
v -651.0808 -373.60977 -32.423836
v -651.18085 -367.26443 -32.76666
v -651.0786 -373.6931 -32.416817
v -651.0759 -373.74673 -32.411133
v -651.0787 -373.77676 -32.411877
v -651.09265 -373.7893 -32.424152
v -652.0426 -374.03848 -33.337296
v -653.09827 -374.26654 -34.404003
v -654.39105 -374.45786 -35.6933
v -656.0523 -374.5968 -37.27421
v -656.108 -374.07135 -37.25148
v -656.0523 -374.5968 -37.27421
v -656.1565 -373.8059 -37.220104
v -656.1907 -374.06042 -37.17144
v -656.2035 -375.09494 -37.09684
v -654.436 -374.9507 -35.46253
v -656.2035 -375.09494 -37.09684
v -653.083 -374.7574 -34.216408
v -651.9978 -374.52847 -33.22137
v -651.0338 -374.2774 -32.3403
v -650.90283 -374.195 -32.223473
v -650.8023 -374.03946 -32.139343
v -650.7379 -373.83124 -32.091896
v -650.7152 -373.59076 -32.085133
v -650.7985 -367.2449 -32.4529
v -651.18085 -367.26443 -32.76666
v -650.7985 -367.2449 -32.4529
v -650.42816 -373.6585 -33.240738
v -650.5218 -367.31235 -33.569073
v -650.4257 -373.74188 -33.23407
v -650.42267 -373.79553 -33.228813
v -650.4258 -373.82553 -33.229122
v -650.4415 -373.83795 -33.23917
v -651.519 -374.0781 -34.000656
v -652.7236 -374.29605 -34.898277
v -654.1954 -374.47504 -35.980762
v -656.0745 -374.59814 -37.29683
v -656.1215 -374.07227 -37.266422
v -656.0745 -374.59814 -37.29683
v -656.1625 -373.8064 -37.22835
v -656.19135 -374.06064 -37.17497
v -656.2021 -375.09503 -37.098606
v -654.2099 -374.9676 -35.745544
v -656.2021 -375.09503 -37.098606
v -652.6849 -374.78714 -34.71472
v -651.46173 -374.5685 -33.89236
v -650.3752 -374.3266 -33.164684
v -650.22754 -374.24542 -33.0687
v -650.1143 -374.09085 -33.000557
v -650.0417 -373.88324 -32.963364
v -650.0161 -373.64297 -32.960213
v -650.09686 -367.2964 -33.315704
v -650.5218 -367.31235 -33.569073
v -650.09686 -367.2964 -33.315704
v -649.90485 -373.71252 -34.145615
v -649.9899 -367.36554 -34.46058
v -649.9021 -373.7959 -34.13933
v -649.8988 -373.84958 -34.134544
v -649.90216 -373.87955 -34.134377
v -649.91943 -373.8918 -34.141953
v -651.1002 -374.1219 -34.73451
v -652.4268 -374.32855 -35.442783
v -654.04486 -374.4937 -36.294125
v -656.0999 -374.5993 -37.315887
v -656.1372 -374.073 -37.279175
v -656.0999 -374.5993 -37.315887
v -656.1697 -373.80682 -37.235615
v -656.1925 -374.06085 -37.17836
v -656.201 -375.09515 -37.100563
v -654.02856 -374.9863 -36.059036
v -656.201 -375.09515 -37.100563
v -652.36566 -374.82007 -35.266693
v -651.03186 -374.61288 -34.63561
v -649.84705 -374.3811 -34.077843
v -649.68604 -374.3013 -34.004944
v -649.56256 -374.14777 -33.954517
v -649.4834 -373.94083 -33.928677
v -649.45544 -373.7008 -33.92953
v -649.53186 -367.35355 -34.273262
v -649.9899 -367.36554 -34.46058
v -649.53186 -367.35355 -34.273262
v -649.5224 -373.77057 -35.118248
v -649.59705 -367.42285 -35.421265
v -649.51953 -373.85397 -35.112385
v -649.51605 -373.90768 -35.108105
v -649.5196 -373.93762 -35.107418
v -649.5379 -373.94974 -35.11234
v -650.79565 -374.16888 -35.522472
v -652.2147 -374.3633 -36.025356
v -653.9428 -374.51355 -36.62638
v -656.12787 -374.6002 -37.330956
v -656.15454 -374.07364 -37.289455
v -656.12787 -374.6002 -37.330956
v -656.17786 -373.8072 -37.241726
v -656.19415 -374.06104 -37.18154
v -656.20013 -375.09528 -37.102665
v -653.8961 -375.0064 -36.396004
v -656.20013 -375.09528 -37.102665
v -652.1324 -374.85547 -35.86
v -650.7178 -374.66055 -35.434513
v -649.4611 -374.43967 -35.059387
v -649.2904 -374.36136 -35.0113
v -649.1594 -374.20898 -34.97991
v -649.07544 -374.00275 -34.966274
v -649.04584 -373.76297 -34.97143
v -649.11615 -367.41507 -35.304184
v -649.59705 -367.42285 -35.421265
v -649.11615 -367.41507 -35.304184
v -649.2895 -373.83136 -36.13691
v -649.35205 -367.48303 -36.429665
v -649.2865 -373.9148 -36.13148
v -649.2829 -373.96854 -36.12773
v -649.2866 -373.99844 -36.126503
v -649.3055 -374.01038 -36.128643
v -650.61224 -374.2181 -36.346935
v -652.0919 -374.39957 -36.632977
v -653.8915 -374.53406 -36.97011
v -656.1577 -374.60083 -37.3417
v -656.1733 -374.07407 -37.297035
v -656.1577 -374.60083 -37.3417
v -656.1868 -373.8075 -37.246555
v -656.1963 -374.06122 -37.184437
v -656.19965 -375.09543 -37.104866
v -653.8154 -375.02747 -36.748917
v -656.19965 -375.09543 -37.104866
v -651.9903 -374.89255 -36.481384
v -650.5264 -374.71048 -36.27122
v -649.2261 -374.50104 -36.08737
v -649.0494 -374.42426 -36.065277
v -648.9138 -374.27304 -36.05383
v -648.82697 -374.0676 -36.05297
v -648.7963 -373.8281 -36.062637
v -648.859 -367.47958 -36.385437
v -649.35205 -367.48303 -36.429665
v -648.859 -367.47958 -36.385437
vt 0.96676 0.15929198
vt 0.961546 0.15929198
vt 0.963492 0.999890983105
vt 0.959252 0.999890983105
vt 0.966959 0.14823103
vt 0.961744 0.14823103
vt 0.967202 0.141105
vt 0.961984 0.141105
vt 0.966954 0.13714701
vt 0.961739 0.13714701
vt 0.96568 0.13558698
vt 0.960479 0.13558698
vt 0.877275 0.109878
vt 0.872734 0.109878
vt 0.776813 0.088168025
vt 0.772674 0.088168025
vt 0.654794 0.07306498
vt 0.651297 0.07306498
vt 0.501715 0.067175984
vt 0.499601 0.067175984
vt 0.501443 0.13638198
vt 0.500102 0.13638198
vt 0.501715 0.067175984
vt 0.499601 0.067175984
vt 0.50121 0.171188
vt 0.500542 0.171188
vt 0.501052 0.13719398
vt 0.50086 0.13719398
vt 0.501009 0
vt 0.500998 0
vt 0.661708 0.0061669946
vt 0.659902 0.0061669946
vt 0.501009 0
vt 0.500998 0
vt 0.784723 0.02187401
vt 0.781543 0.02187401
vt 0.883387 0.044261992
vt 0.879105 0.044261992
vt 0.971033 0.07047099
vt 0.965772 0.07047099
vt 0.982941 0.080434024
vt 0.977547 0.080434024
vt 0.992078 0.10030997
vt 0.986582 0.10030997
vt 0.997935 0.127433
vt 0.992373 0.127433
vt 1 0.159136
vt 0.994415 0.15913498
vt 0.996423 0.999998986721
vt 0.991521 0.999998986721
vt 0.963492 0.999890983105
vt 0.959252 0.999890983105
vt 0.996423 0.999998986721
vt 0.991521 0.999998986721
vt 0.946023 0.15929198
vt 0.944752 0.999890983105
vt 0.946214 0.14823103
vt 0.946446 0.141105
vt 0.946209 0.13714701
vt 0.944991 0.13558698
vt 0.859867 0.10987699
vt 0.762444 0.088168025
vt 0.644421 0.07306498
vt 0.497496 0.067175984
vt 0.498758 0.13638198
vt 0.497496 0.067175984
vt 0.499861 0.171188
vt 0.500649 0.13719398
vt 0.500964 0
vt 0.654524 0.0061669946
vt 0.500964 0
vt 0.772074 0.02187401
vt 0.866354 0.044261992
vt 0.950107 0.07047099
vt 0.961486 0.080434024
vt 0.970217 0.10030997
vt 0.975813 0.127433
vt 0.977786 0.15913498
vt 0.975639 0.999998986721
vt 0.944752 0.999890983105
vt 0.975639 0.999998986721
vt 0.920536 0.15929198
vt 0.920318 0.999890983105
vt 0.920716 0.14823103
vt 0.920935 0.141105
vt 0.920711 0.13714701
vt 0.919563 0.13558698
vt 0.83896 0.10987699
vt 0.746351 0.088168025
vt 0.634319 0.07306498
vt 0.495447 0.067175984
vt 0.497441 0.13638198
vt 0.495447 0.067175984
vt 0.499184 0.171188
vt 0.500424 0.13719398
vt 0.500909 0
vt 0.645694 0.0061669946
vt 0.500909 0
vt 0.756527 0.02187401
vt 0.84542 0.044261992
vt 0.924386 0.07047099
vt 0.935115 0.080434024
vt 0.943347 0.10030997
vt 0.948624 0.127433
vt 0.950484 0.15913498
vt 0.949132 0.999998986721
vt 0.920318 0.999890983105
vt 0.949132 0.999998986721
vt 0.885655 0.15929198
vt 0.886495 0.999890983105
vt 0.88582 0.14823103
vt 0.886021 0.141105
vt 0.885816 0.13714701
vt 0.884763 0.13558698
vt 0.810482 0.10987699
vt 0.724755 0.088168025
vt 0.621216 0.07306498
vt 0.493499 0.067175984
vt 0.496182 0.13638198
vt 0.493499 0.067175984
vt 0.498525 0.171188
vt 0.500189 0.13719398
vt 0.500834 0
vt 0.633609 0.0061669946
vt 0.500834 0
vt 0.735249 0.02187401
vt 0.816769 0.044261992
vt 0.889186 0.07047099
vt 0.899025 0.080434024
vt 0.906574 0.10030997
vt 0.911413 0.127433
vt 0.913119 0.15913498
vt 0.912592 0.999998986721
vt 0.886495 0.999890983105
vt 0.912592 0.999998986721
vt 0.842159 0.15929198
vt 0.844038 0.999890983105
vt 0.842305 0.14823103
vt 0.842484 0.141105
vt 0.842302 0.13714701
vt 0.841368 0.13558698
vt 0.775068 0.10987699
vt 0.698138 0.088168025
vt 0.605405 0.07306498
vt 0.491697 0.067175984
vt 0.495008 0.13638198
vt 0.491697 0.067175984
vt 0.497899 0.171188
vt 0.49995 0.13719398
vt 0.500739 0
vt 0.61854 0.0061669946
vt 0.500739 0
vt 0.708717 0.02187401
vt 0.781043 0.044261992
vt 0.845292 0.07047099
vt 0.854021 0.080434024
vt 0.860719 0.10030997
vt 0.865012 0.127433
vt 0.866526 0.15913498
vt 0.866836 0.999998986721
vt 0.844038 0.999890983105
vt 0.866836 0.999998986721
vt 0.79102 0.15929198
vt 0.793896 0.999890983105
vt 0.791144 0.14823103
vt 0.791296 0.141105
vt 0.791141 0.13714701
vt 0.790347 0.13558698
vt 0.73351 0.10987699
vt 0.667096 0.088168025
vt 0.58724 0.07306498
vt 0.49008 0.067175984
vt 0.493946 0.13638198
vt 0.49008 0.067175984
vt 0.49732 0.171188
vt 0.499712 0.13719398
vt 0.500629 0
vt 0.600823 0.0061669946
vt 0.500629 0
vt 0.677522 0.02187401
vt 0.739038 0.044261992
vt 0.793684 0.07047099
vt 0.801109 0.080434024
vt 0.806806 0.10030997
vt 0.810457 0.127433
vt 0.811745 0.15913498
vt 0.812885 0.999998986721
vt 0.793896 0.999890983105
vt 0.812885 0.999998986721
vt 0.73338 0.15929198
vt 0.737188 0.999890983105
vt 0.73348 0.14823103
vt 0.733601 0.141105
vt 0.733477 0.13714701
vt 0.73284 0.13558698
vt 0.686736 0.10987699
vt 0.63232 0.088168025
vt 0.567126 0.07306498
vt 0.488685 0.067175984
vt 0.493019 0.13638198
vt 0.488685 0.067175984
vt 0.496801 0.171188
vt 0.49948 0.13719398
vt 0.500504 0
vt 0.580854 0.0061669946
vt 0.500504 0
vt 0.642362 0.02187401
vt 0.691694 0.044261992
vt 0.735517 0.07047099
vt 0.741471 0.080434024
vt 0.746039 0.10030997
vt 0.748967 0.127433
vt 0.75 0.15913498
vt 0.751944 0.999998986721
vt 0.737188 0.999890983105
vt 0.751944 0.999998986721
vt 0.670526 0.15929198
vt 0.675182 0.999890983105
vt 0.670599 0.14823103
vt 0.670688 0.141105
vt 0.670597 0.13714701
vt 0.670132 0.13558698
vt 0.63579 0.109878
vt 0.594589 0.088168025
vt 0.545513 0.07306498
vt 0.487543 0.067175984
vt 0.492248 0.13638198
vt 0.487543 0.067175984
vt 0.496353 0.171188
vt 0.49926 0.13719398
vt 0.500368 0
vt 0.559079 0.0061669946
vt 0.500368 0
vt 0.604021 0.02187401
vt 0.640067 0.044261992
vt 0.672088 0.07047099
vt 0.676438 0.080434024
vt 0.679776 0.10030997
vt 0.681916 0.127433
vt 0.68267 0.159136
vt 0.685376 0.999998986721
vt 0.675182 0.999890983105
vt 0.685376 0.999998986721
vt 0.603864 0.15929198
vt 0.609263 0.999890983105
vt 0.603908 0.14823103
vt 0.603962 0.141105
vt 0.603907 0.13714701
vt 0.603624 0.13558698
vt 0.58181 0.109878
vt 0.554745 0.088168025
vt 0.522883 0.07306498
vt 0.486679 0.067175984
vt 0.49165 0.13638198
vt 0.486679 0.067175984
vt 0.495987 0.171188
vt 0.499056 0.13719398
vt 0.500224 0
vt 0.535983 0.0061669946
vt 0.500224 0
vt 0.563357 0.02187401
vt 0.585312 0.044261992
vt 0.604815 0.07047099
vt 0.607464 0.080434024
vt 0.609498 0.10030997
vt 0.610801 0.127433
vt 0.61126 0.159136
vt 0.614667 0.999998986721
vt 0.609263 0.999890983105
vt 0.614667 0.999998986721
vt 0.534881 0.15929198
vt 0.540903 0.999890983105
vt 0.534896 0.14823103
vt 0.534914 0.141105
vt 0.534895 0.13714701
vt 0.5348 0.13558698
vt 0.526004 0.109878
vt 0.513678 0.088168025
vt 0.499742 0.07306498
vt 0.486112 0.067175984
vt 0.491238 0.13638198
vt 0.486112 0.067175984
vt 0.49571 0.171188
vt 0.498874 0.13719398
vt 0.500075 0
vt 0.512084 0.0061669946
vt 0.500075 0
vt 0.521277 0.02187401
vt 0.52865 0.044261992
vt 0.5352 0.07047099
vt 0.53609 0.080434024
vt 0.536773 0.10030997
vt 0.537211 0.127433
vt 0.537365 0.159136
vt 0.541396 0.999998986721
vt 0.540903 0.999890983105
vt 0.541396 0.999998986721
vt 0.465119 0.15929198
vt 0.47163 0.999890983105
vt 0.465104 0.14823103
vt 0.465086 0.141105
vt 0.465104 0.13714701
vt 0.4652 0.13558698
vt 0.469616 0.109878
vt 0.472306 0.088168025
vt 0.476606 0.07306498
vt 0.485856 0.067175984
vt 0.491023 0.13638198
vt 0.485856 0.067175984
vt 0.49553 0.171188
vt 0.498717 0.13719398
vt 0.499925 0
vt 0.487915 0.0061669946
vt 0.499925 0
vt 0.478723 0.02187401
vt 0.471349 0.044261992
vt 0.4648 0.07047099
vt 0.46391 0.080434024
vt 0.463227 0.10030997
vt 0.462789 0.127433
vt 0.462635 0.159136
vt 0.4672 0.999998986721
vt 0.47163 0.999890983105
vt 0.4672 0.999998986721
vt 0.396136 0.15929198
vt 0.40299 0.999890983105
vt 0.396092 0.14823103
vt 0.396038 0.141105
vt 0.396093 0.13714701
vt 0.396376 0.13558698
vt 0.413907 0.109878
vt 0.431552 0.088168025
vt 0.453993 0.07306498
vt 0.485915 0.067175984
vt 0.491007 0.13638198
vt 0.485915 0.067175984
vt 0.495449 0.171188
vt 0.498588 0.13719398
vt 0.499775 0
vt 0.464016 0.0061669946
vt 0.499775 0
vt 0.436643 0.02187401
vt 0.414688 0.044261992
vt 0.395185 0.07047099
vt 0.392535 0.08043498
vt 0.390502 0.10030997
vt 0.389199 0.127433
vt 0.388739 0.159136
vt 0.393738 1
vt 0.40299 0.999890983105
vt 0.393738 1
vt 0.329474 0.159293
vt 0.336517 0.999890983105
vt 0.329401 0.14823103
vt 0.329312 0.141105
vt 0.329402 0.13714701
vt 0.329868 0.13558698
vt 0.360122 0.109878
vt 0.392327 0.088168025
vt 0.432408 0.07306498
vt 0.48629 0.067175984
vt 0.491193 0.13638198
vt 0.48629 0.067175984
vt 0.495469 0.171188
vt 0.498491 0.13719398
vt 0.499631 0
vt 0.440921 0.0061669946
vt 0.499631 0
vt 0.395979 0.02187401
vt 0.359933 0.044261992
vt 0.327912 0.070472
vt 0.323562 0.08043498
vt 0.320223 0.10030997
vt 0.318084 0.127433
vt 0.317329 0.159136
vt 0.322648 1
vt 0.336517 0.999890983105
vt 0.322648 1
vt 0.26662 0.159293
vt 0.273696 0.999890983105
vt 0.26652 0.14823103
vt 0.266399 0.141105
vt 0.266523 0.13714701
vt 0.26716 0.13558698
vt 0.30946 0.109878
vt 0.355507 0.088168025
vt 0.412333 0.07306498
vt 0.48697 0.067175984
vt 0.491576 0.13638198
vt 0.48697 0.067175984
vt 0.495591 0.171188
vt 0.498428 0.13719398
vt 0.499496 0
vt 0.419146 0.0061669946
vt 0.499496 0
vt 0.357638 0.02187401
vt 0.308306 0.044261992
vt 0.264483 0.070472
vt 0.258529 0.08043498
vt 0.253961 0.10030997
vt 0.251033 0.127433
vt 0.25 0.159136
vt 0.255521 1
vt 0.273696 0.999890983105
vt 0.255521 1
vt 0.20898 0.159293
vt 0.215931 0.999890983105
vt 0.208856 0.14823103
vt 0.208704 0.141105
vt 0.208859 0.13714701
vt 0.209653 0.13558698
vt 0.263056 0.109878
vt 0.321915 0.088168025
vt 0.394216 0.07306498
vt 0.487942 0.067175984
vt 0.492146 0.13638198
vt 0.487942 0.067175984
vt 0.495812 0.171188
vt 0.4984 0.13719398
vt 0.499371 0
vt 0.399177 0.0061669946
vt 0.499371 0
vt 0.322478 0.02187401
vt 0.260962 0.044261992
vt 0.206316 0.070472
vt 0.198891 0.08043498
vt 0.193194 0.10031098
vt 0.189543 0.127433
vt 0.188255 0.159136
vt 0.193855 1
vt 0.215931 0.999890983105
vt 0.193855 1
vt 0.157841 0.159293
vt 0.164511 0.999891996384
vt 0.157694 0.14823103
vt 0.157516 0.141105
vt 0.157698 0.13714701
vt 0.158632 0.13558799
vt 0.221944 0.109878
vt 0.292302 0.088168025
vt 0.378462 0.07306498
vt 0.489183 0.067175984
vt 0.492892 0.13638198
vt 0.489183 0.067175984
vt 0.496126 0.171188
vt 0.498407 0.13719398
vt 0.49926 0
vt 0.38146 0.0061669946
vt 0.49926 0
vt 0.291283 0.02187401
vt 0.218957 0.044261992
vt 0.154708 0.070472
vt 0.145979 0.08043498
vt 0.139281 0.10031098
vt 0.134988 0.127433
vt 0.133474 0.159136
vt 0.139028 1
vt 0.164511 0.999891996384
vt 0.139028 1
vt 0.114345 0.159293
vt 0.120585 0.999891996384
vt 0.11418 0.14823103
vt 0.113979 0.14110601
vt 0.114184 0.13714701
vt 0.115237 0.13558799
vt 0.187043 0.109878
vt 0.267327 0.088168025
vt 0.365423 0.07306498
vt 0.490665 0.067175984
vt 0.493797 0.13638198
vt 0.490665 0.067175984
vt 0.496526 0.171188
vt 0.49845 0.13719398
vt 0.499166 0
vt 0.36639 0.0061669946
vt 0.499166 0
vt 0.264751 0.02187401
vt 0.18323 0.044261992
vt 0.110814 0.070472
vt 0.100975 0.08043498
vt 0.093426 0.10031098
vt 0.088587 0.127433
vt 0.086881 0.159136
vt 0.092264 1
vt 0.120585 0.999891996384
vt 0.092264 1
vt 0.079464 0.159293
vt 0.085135 0.999891996384
vt 0.079284 0.14823103
vt 0.079065 0.14110601
vt 0.079289 0.13714701
vt 0.080437 0.13558799
vt 0.159134 0.109878
vt 0.247551 0.088168025
vt 0.35539 0.07306498
vt 0.492356 0.067175984
vt 0.49484 0.13638198
vt 0.492356 0.067175984
vt 0.497004 0.171188
vt 0.498528 0.13719398
vt 0.499091 0
vt 0.354306 0.0061669946
vt 0.499091 0
vt 0.243473 0.02187401
vt 0.15458 0.044263005
vt 0.075614 0.070472
vt 0.064885 0.08043498
vt 0.056653 0.10031098
vt 0.051376 0.127433
vt 0.049516 0.159136
vt 0.054608 1
vt 0.085135 0.999891996384
vt 0.054608 1
vt 0.053977 0.159293
vt 0.058952 0.999891996384
vt 0.053786 0.14823103
vt 0.053554 0.14110601
vt 0.053791 0.13714701
vt 0.055009 0.13558799
vt 0.138839 0.109878
vt 0.233413 0.088168025
vt 0.348588 0.07306498
vt 0.494218 0.067175984
vt 0.495999 0.13638198
vt 0.494218 0.067175984
vt 0.497549 0.171188
vt 0.498638 0.13719398
vt 0.499036 0
vt 0.345476 0.0061669946
vt 0.499036 0
vt 0.227926 0.02187401
vt 0.133645 0.044263005
vt 0.049893 0.070472
vt 0.038514 0.08043498
vt 0.029783 0.10031098
vt 0.024187 0.127433
vt 0.022214 0.159136
vt 0.026902 1
vt 0.058952 0.999891996384
vt 0.026902 1
vt 0.038454 0.159293
vt 0.042622 0.999891996384
vt 0.038256 0.14823103
vt 0.038016 0.14110601
vt 0.038261 0.13714701
vt 0.039521 0.13558799
vt 0.126611 0.109878
vt 0.225231 0.088168025
vt 0.345168 0.07306498
vt 0.496209 0.067175984
vt 0.497247 0.13638198
vt 0.496209 0.067175984
vt 0.498149 0.171188
vt 0.49878 0.13719398
vt 0.499002 0
vt 0.340098 0.0061669946
vt 0.499002 0
vt 0.218457 0.02187401
vt 0.120895 0.044263005
vt 0.034228 0.070472
vt 0.022453 0.08043498
vt 0.013418 0.10031098
vt 0.007627 0.127433
vt 0.005585 0.159136
vt 0.009764 1
vt 0.042622 0.999891996384
vt 0.009764 1
vt 0.03324 0.159293
vt 0.036508 0.999891996384
vt 0.033041 0.14823103
vt 0.032798 0.14110601
vt 0.033046 0.13714701
vt 0.03432 0.13558799
vt 0.122725 0.109878
vt 0.223187 0.088168025
vt 0.345206 0.07306498
vt 0.498285 0.067175984
vt 0.498557 0.13638198
vt 0.498285 0.067175984
vt 0.49879 0.171188
vt 0.498948 0.13719398
vt 0.498991 0
vt 0.338292 0.0061669946
vt 0.498991 0
vt 0.215277 0.02187401
vt 0.116613 0.044263005
vt 0.028967 0.070472
vt 0.017059 0.08043498
vt 0.007921 0.10031098
vt 0.002065 0.127433
vt 0 0.159136
vt 0.003577 1
vt 0.036508 0.999891996384
vt 0.003577 1
vt 0.038454 0.159293
vt 0.040749 0.999891996384
vt 0.038256 0.14823103
vt 0.038016 0.14110601
vt 0.038261 0.13714701
vt 0.039521 0.13558799
vt 0.127266 0.109878
vt 0.227326 0.088168025
vt 0.348703 0.07306498
vt 0.500399 0.067175984
vt 0.499898 0.13638198
vt 0.500399 0.067175984
vt 0.499458 0.171188
vt 0.49914 0.13719398
vt 0.499002 0
vt 0.340098 0.0061669946
vt 0.499002 0
vt 0.218457 0.02187401
vt 0.120895 0.044263005
vt 0.034228 0.070472
vt 0.022453 0.08043498
vt 0.013418 0.10031098
vt 0.007627 0.127433
vt 0.005585 0.159136
vt 0.008479 1
vt 0.040749 0.999891996384
vt 0.008479 1
vt 0.053977 0.159293
vt 0.055248 0.999891996384
vt 0.053786 0.14823103
vt 0.053554 0.14110601
vt 0.053791 0.13714701
vt 0.055009 0.13558799
vt 0.140133 0.109878
vt 0.237556 0.088168025
vt 0.355579 0.07306498
vt 0.502504 0.067175984
vt 0.501242 0.13638198
vt 0.502504 0.067175984
vt 0.500139 0.171188
vt 0.499351 0.13719398
vt 0.499036 0
vt 0.345476 0.0061669946
vt 0.499036 0
vt 0.227926 0.02187401
vt 0.133646 0.044263005
vt 0.049893 0.070472
vt 0.038514 0.08043498
vt 0.029783 0.10031098
vt 0.024187 0.127433
vt 0.022214 0.159136
vt 0.024361 1
vt 0.055248 0.999891996384
vt 0.024361 1
vt 0.079464 0.159293
vt 0.079682 0.999891996384
vt 0.079284 0.14823103
vt 0.079065 0.14110601
vt 0.079289 0.13714701
vt 0.080437 0.13558799
vt 0.16104 0.109878
vt 0.253649 0.088168025
vt 0.365681 0.07306498
vt 0.504553 0.067175984
vt 0.502559 0.13638198
vt 0.504553 0.067175984
vt 0.500816 0.171188
vt 0.499576 0.13719398
vt 0.499091 0
vt 0.354306 0.0061669946
vt 0.499091 0
vt 0.243473 0.02187401
vt 0.15458 0.044263005
vt 0.075614 0.070472
vt 0.064885 0.08043498
vt 0.056653 0.10031098
vt 0.051376 0.127433
vt 0.049516 0.159136
vt 0.050868 1
vt 0.079682 0.999891996384
vt 0.050868 1
vt 0.114345 0.159293
vt 0.113505 0.999891996384
vt 0.11418 0.14823103
vt 0.113979 0.14110601
vt 0.114184 0.13714701
vt 0.115237 0.13558799
vt 0.189518 0.109878
vt 0.275245 0.088168025
vt 0.378784 0.07306498
vt 0.5065 0.067175984
vt 0.503818 0.13638198
vt 0.5065 0.067175984
vt 0.501475 0.171188
vt 0.499811 0.13719398
vt 0.499166 0
vt 0.366391 0.0061669946
vt 0.499166 0
vt 0.264751 0.02187401
vt 0.183231 0.044263005
vt 0.110814 0.070472
vt 0.100975 0.08043498
vt 0.093426 0.10031098
vt 0.088587 0.127433
vt 0.086881 0.159136
vt 0.087408 1
vt 0.113505 0.999891996384
vt 0.087408 1
vt 0.157841 0.159293
vt 0.155962 0.999891996384
vt 0.157695 0.14823103
vt 0.157517 0.14110601
vt 0.157698 0.13714701
vt 0.158632 0.13558799
vt 0.224932 0.109878
vt 0.301862 0.088168025
vt 0.394595 0.07306498
vt 0.508303 0.067175984
vt 0.504992 0.13638198
vt 0.508303 0.067175984
vt 0.502101 0.171188
vt 0.50005 0.13719398
vt 0.49926 0
vt 0.38146 0.0061669946
vt 0.49926 0
vt 0.291283 0.02187401
vt 0.218957 0.044263005
vt 0.154708 0.070472
vt 0.145979 0.08043498
vt 0.139281 0.10031098
vt 0.134988 0.127433
vt 0.133474 0.159136
vt 0.133165 1
vt 0.155962 0.999891996384
vt 0.133165 1
vt 0.20898 0.159293
vt 0.206105 0.999891996384
vt 0.208856 0.14823103
vt 0.208704 0.14110601
vt 0.208859 0.13714701
vt 0.209653 0.13558799
vt 0.26649 0.109878
vt 0.332904 0.088168025
vt 0.41276 0.07306498
vt 0.50992 0.067175984
vt 0.506054 0.13638198
vt 0.50992 0.067175984
vt 0.50268 0.171188
vt 0.500288 0.13719398
vt 0.499371 0
vt 0.399177 0.0061669946
vt 0.499371 0
vt 0.322478 0.02187401
vt 0.260962 0.044263005
vt 0.206316 0.070472
vt 0.198891 0.08043498
vt 0.193194 0.10031098
vt 0.189543 0.127433
vt 0.188255 0.159136
vt 0.187116 1
vt 0.206105 0.999891996384
vt 0.187116 1
vt 0.26662 0.159293
vt 0.262812 0.999891996384
vt 0.26652 0.14823103
vt 0.266399 0.14110601
vt 0.266523 0.13714701
vt 0.26716 0.13558799
vt 0.313264 0.109878
vt 0.36768 0.088168025
vt 0.432874 0.07306498
vt 0.511315 0.067175984
vt 0.506981 0.13638198
vt 0.511315 0.067175984
vt 0.503199 0.171188
vt 0.50052 0.13719398
vt 0.499496 0
vt 0.419146 0.0061669946
vt 0.499496 0
vt 0.357638 0.02187401
vt 0.308306 0.044263005
vt 0.264483 0.070472
vt 0.258529 0.08043498
vt 0.253961 0.10031098
vt 0.251033 0.127433
vt 0.25 0.159136
vt 0.248056 1
vt 0.262812 0.999891996384
vt 0.248056 1
vt 0.329474 0.159293
vt 0.324818 0.999891996384
vt 0.329401 0.14823103
vt 0.329312 0.14110601
vt 0.329403 0.13714701
vt 0.329868 0.13558799
vt 0.36421 0.109878
vt 0.405411 0.088168025
vt 0.454487 0.07306498
vt 0.512457 0.067175984
vt 0.507752 0.13638198
vt 0.512457 0.067175984
vt 0.503647 0.171188
vt 0.50074 0.13719398
vt 0.499631 0
vt 0.440921 0.0061669946
vt 0.499631 0
vt 0.395979 0.02187401
vt 0.359933 0.044263005
vt 0.327912 0.070472
vt 0.323562 0.08043498
vt 0.320224 0.10031098
vt 0.318084 0.127433
vt 0.31733 0.159136
vt 0.314624 1
vt 0.324818 0.999891996384
vt 0.314624 1
vt 0.396136 0.159293
vt 0.390737 0.999891996384
vt 0.396092 0.14823103
vt 0.396038 0.14110601
vt 0.396093 0.13714701
vt 0.396377 0.13558799
vt 0.41819 0.109878
vt 0.445255 0.088168025
vt 0.477117 0.07306498
vt 0.513321 0.067175984
vt 0.50835 0.13638198
vt 0.513321 0.067175984
vt 0.504013 0.171188
vt 0.500943 0.13719398
vt 0.499776 0
vt 0.464017 0.0061669946
vt 0.499776 0
vt 0.436643 0.02187401
vt 0.414688 0.044263005
vt 0.395185 0.070472
vt 0.392536 0.08043498
vt 0.390502 0.10031098
vt 0.389199 0.127433
vt 0.38874 0.159136
vt 0.385334 1
vt 0.390737 0.999891996384
vt 0.385334 1
vt 0.465119 0.159293
vt 0.459097 0.999891996384
vt 0.465104 0.14823103
vt 0.465086 0.14110601
vt 0.465104 0.13714701
vt 0.4652 0.13558799
vt 0.473996 0.109878
vt 0.486322 0.088168025
vt 0.500258 0.07306498
vt 0.513888 0.067175984
vt 0.508762 0.13638198
vt 0.513888 0.067175984
vt 0.50429 0.171188
vt 0.501126 0.13719398
vt 0.499925 0
vt 0.487916 0.0061669946
vt 0.499925 0
vt 0.478723 0.02187401
vt 0.471349 0.044263005
vt 0.4648 0.070472
vt 0.46391 0.08043498
vt 0.463227 0.10031098
vt 0.462789 0.127433
vt 0.462635 0.159136
vt 0.458604 1
vt 0.459097 0.999891996384
vt 0.458604 1
vt 0.534881 0.159293
vt 0.52837 0.999891996384
vt 0.534896 0.14823103
vt 0.534914 0.14110601
vt 0.534896 0.13714701
vt 0.5348 0.13558799
vt 0.530384 0.109878
vt 0.527694 0.088168025
vt 0.523394 0.07306498
vt 0.514144 0.067175984
vt 0.508977 0.13638198
vt 0.514144 0.067175984
vt 0.50447 0.171188
vt 0.501283 0.13719398
vt 0.500075 0
vt 0.512084 0.0061669946
vt 0.500075 0
vt 0.521277 0.02187401
vt 0.528651 0.044263005
vt 0.5352 0.070472
vt 0.53609 0.08043498
vt 0.536773 0.10031098
vt 0.537211 0.127433
vt 0.537365 0.159136
vt 0.5328 1
vt 0.52837 0.999891996384
vt 0.5328 1
vt 0.603864 0.159293
vt 0.59701 0.999891996384
vt 0.603908 0.14823103
vt 0.603962 0.14110601
vt 0.603907 0.13714701
vt 0.603624 0.13558799
vt 0.586093 0.109878
vt 0.568448 0.088168025
vt 0.546007 0.07306498
vt 0.514084 0.067175984
vt 0.508992 0.13638198
vt 0.514084 0.067175984
vt 0.504551 0.171188
vt 0.501412 0.13719398
vt 0.500224 0
vt 0.535983 0.0061669946
vt 0.500224 0
vt 0.563357 0.02187401
vt 0.585312 0.044261992
vt 0.604815 0.070472
vt 0.607465 0.08043498
vt 0.609498 0.10031098
vt 0.610801 0.127433
vt 0.611261 0.159136
vt 0.606263 1
vt 0.59701 0.999891996384
vt 0.606263 1
vt 0.670526 0.159293
vt 0.663483 0.999891996384
vt 0.670599 0.14823103
vt 0.670688 0.141105
vt 0.670598 0.13714701
vt 0.670132 0.13558799
vt 0.639878 0.109878
vt 0.607673 0.088168025
vt 0.567592 0.07306498
vt 0.51371 0.067175984
vt 0.508807 0.13638198
vt 0.51371 0.067175984
vt 0.504531 0.171188
vt 0.501509 0.13719398
vt 0.500369 0
vt 0.559079 0.0061669946
vt 0.500369 0
vt 0.604021 0.02187401
vt 0.640067 0.044261992
vt 0.672088 0.070472
vt 0.676438 0.08043498
vt 0.679776 0.10031098
vt 0.681916 0.127433
vt 0.682671 0.159136
vt 0.677352 1
vt 0.663483 0.999891996384
vt 0.677352 1
vt 0.73338 0.159293
vt 0.726304 0.999890983105
vt 0.73348 0.14823103
vt 0.733601 0.141105
vt 0.733477 0.13714701
vt 0.73284 0.13558698
vt 0.690539 0.109878
vt 0.644493 0.088168025
vt 0.587667 0.07306498
vt 0.51303 0.067175984
vt 0.508424 0.13638198
vt 0.51303 0.067175984
vt 0.504409 0.171188
vt 0.501572 0.13719398
vt 0.500504 0
vt 0.580854 0.0061669946
vt 0.500504 0
vt 0.642362 0.02187401
vt 0.691694 0.044261992
vt 0.735517 0.070472
vt 0.741471 0.08043498
vt 0.746039 0.10031098
vt 0.748967 0.127433
vt 0.75 0.159136
vt 0.744479 1
vt 0.726304 0.999890983105
vt 0.744479 1
vt 0.79102 0.159293
vt 0.784069 0.999890983105
vt 0.791144 0.14823103
vt 0.791296 0.141105
vt 0.791141 0.13714701
vt 0.790347 0.13558698
vt 0.736944 0.109878
vt 0.678085 0.088168025
vt 0.605784 0.07306498
vt 0.512058 0.067175984
vt 0.507854 0.13638198
vt 0.512058 0.067175984
vt 0.504188 0.171188
vt 0.5016 0.13719398
vt 0.500629 0
vt 0.600823 0.0061669946
vt 0.500629 0
vt 0.677522 0.02187401
vt 0.739038 0.044261992
vt 0.793684 0.070472
vt 0.801109 0.08043498
vt 0.806806 0.10030997
vt 0.810457 0.127433
vt 0.811745 0.159136
vt 0.806145 1
vt 0.784069 0.999890983105
vt 0.806145 1
vt 0.842159 0.159293
vt 0.835489 0.999890983105
vt 0.842306 0.14823103
vt 0.842484 0.141105
vt 0.842302 0.13714701
vt 0.841368 0.13558698
vt 0.778056 0.109878
vt 0.707699 0.088168025
vt 0.621538 0.07306498
vt 0.510817 0.067175984
vt 0.507108 0.13638198
vt 0.510817 0.067175984
vt 0.503874 0.171188
vt 0.501593 0.13719398
vt 0.50074 0
vt 0.61854 0.0061669946
vt 0.50074 0
vt 0.708717 0.02187401
vt 0.781043 0.044261992
vt 0.845292 0.070472
vt 0.854021 0.08043498
vt 0.860719 0.10030997
vt 0.865012 0.127433
vt 0.866526 0.159136
vt 0.860972 1
vt 0.835489 0.999890983105
vt 0.860972 1
vt 0.885655 0.15929198
vt 0.879415 0.999890983105
vt 0.88582 0.14823103
vt 0.886021 0.141105
vt 0.885816 0.13714701
vt 0.884763 0.13558698
vt 0.812957 0.109878
vt 0.732673 0.088168025
vt 0.634577 0.07306498
vt 0.509335 0.067175984
vt 0.506203 0.13638198
vt 0.509335 0.067175984
vt 0.503474 0.171188
vt 0.50155 0.13719398
vt 0.500834 0
vt 0.633609 0.0061669946
vt 0.500834 0
vt 0.735249 0.02187401
vt 0.816769 0.044261992
vt 0.889186 0.07047099
vt 0.899025 0.08043498
vt 0.906574 0.10030997
vt 0.911413 0.127433
vt 0.913119 0.159136
vt 0.907736 1
vt 0.879415 0.999890983105
vt 0.907736 1
vt 0.920536 0.15929198
vt 0.914865 0.999890983105
vt 0.920716 0.14823103
vt 0.920935 0.141105
vt 0.920711 0.13714701
vt 0.919563 0.13558698
vt 0.840866 0.109878
vt 0.752449 0.088168025
vt 0.64461 0.07306498
vt 0.507644 0.067175984
vt 0.505159 0.13638198
vt 0.507644 0.067175984
vt 0.502996 0.171188
vt 0.501472 0.13719398
vt 0.500909 0
vt 0.645694 0.0061669946
vt 0.500909 0
vt 0.756527 0.02187401
vt 0.84542 0.044261992
vt 0.924386 0.07047099
vt 0.935115 0.080434024
vt 0.943347 0.10030997
vt 0.948624 0.127433
vt 0.950484 0.159136
vt 0.945392 1
vt 0.914865 0.999890983105
vt 0.945392 1
vt 0.946023 0.15929198
vt 0.941048 0.999890983105
vt 0.946214 0.14823103
vt 0.946446 0.141105
vt 0.946209 0.13714701
vt 0.944991 0.13558698
vt 0.861161 0.109878
vt 0.766587 0.088168025
vt 0.651412 0.07306498
vt 0.505782 0.067175984
vt 0.504001 0.13638198
vt 0.505782 0.067175984
vt 0.502451 0.171188
vt 0.501361 0.13719398
vt 0.500964 0
vt 0.654524 0.0061669946
vt 0.500964 0
vt 0.772074 0.02187401
vt 0.866354 0.044261992
vt 0.950107 0.07047099
vt 0.961486 0.080434024
vt 0.970217 0.10030997
vt 0.975813 0.127433
vt 0.977786 0.159136
vt 0.973098 0.999998986721
vt 0.941048 0.999890983105
vt 0.973098 0.999998986721
vt 0.961546 0.15929198
vt 0.957378 0.999890983105
vt 0.961744 0.14823103
vt 0.961984 0.141105
vt 0.961739 0.13714701
vt 0.960479 0.13558698
vt 0.873389 0.109878
vt 0.774769 0.088168025
vt 0.654832 0.07306498
vt 0.503791 0.067175984
vt 0.502753 0.13638198
vt 0.503791 0.067175984
vt 0.501851 0.171188
vt 0.50122 0.13719398
vt 0.500998 0
vt 0.659902 0.0061669946
vt 0.500998 0
vt 0.781543 0.02187401
vt 0.879105 0.044261992
vt 0.965772 0.07047099
vt 0.977547 0.080434024
vt 0.986582 0.10030997
vt 0.992373 0.127433
vt 0.994415 0.159136
vt 0.990236 0.999998986721
vt 0.957378 0.999890983105
vt 0.990236 0.999998986721
vn -0.999752 -0.022242 0.001331
vn -0.988585 -0.013366 0.150072
vn -0.999887 -0.007317 -0.013152
vn -0.990741 0.001569 0.13576
vn -0.998661 -0.051643 0.003082
vn -0.987507 -0.042776 0.15166
vn -0.999609 0.027919 -0.001666
vn -0.988444 0.036794 0.147053
vn -0.847199 0.530333 -0.031648
vn -0.837736 0.537854 0.094396
vn -0.350415 0.934931 -0.055801
vn -0.346503 0.938042 -0.003667
vn -0.127469 0.990126 -0.058333
vn -0.125933 0.991257 -0.039376
vn -0.086531 0.99461 -0.05713
vn -0.085234 0.995377 -0.044281
vn -0.042099 0.997527 -0.056275
vn -0.041144 0.997899 -0.050041
vn -0.024802 0.897079 0.441175
vn 0.049073 0.896983 0.439334
vn 0.157072 0.138085 -0.977886
vn 0.01106 0.137335 -0.990463
vn 0.119835 0.086792 -0.988993
vn -0.027871 0.086382 -0.995872
vn 0.002662 0.997598 -0.069211
vn 0.00119 0.997582 -0.069495
vn -0.654512 0.128206 0.745102
vn -0.53522 0.133516 0.834094
vn -0.999998 0.001945 -0.000118
vn -0.988833 0.010821 0.148631
vn 0.042843 -0.997308 0.059515
vn 0.042364 -0.997688 0.05314
vn 0.01933 -0.998038 0.059558
vn 0.019115 -0.998209 0.056682
vn 0.09009 -0.994165 0.059327
vn 0.089084 -0.994965 0.045923
vn 0.132138 -0.989471 0.059047
vn 0.130663 -0.990644 0.039387
vn 0.276276 -0.959372 0.05725
vn 0.27319 -0.961825 0.016147
vn 0.583721 -0.810513 0.048367
vn 0.577201 -0.815695 -0.038477
vn 0.842975 -0.536998 0.032045
vn 0.83356 -0.544482 -0.09337
vn 0.965087 -0.261465 0.015603
vn 0.954308 -0.270033 -0.12798
vn 0.998187 -0.060078 0.003583
vn 0.987038 -0.06894 -0.144925
vn 0.999921 0.009543 0.008132
vn 0.990048 0.000659 -0.140731
vn -0.001654 0.998221 -0.059594
vn -0.001639 0.998236 -0.059348
vn -0.001658 0.998222 -0.059581
vn -0.001642 0.998237 -0.059334
vn -0.955334 -0.004689 0.29549
vn -0.959463 0.010275 0.281648
vn -0.954293 -0.034109 0.29692
vn -0.955199 0.045472 0.292451
vn -0.80956 0.545208 0.217625
vn -0.33485 0.941083 0.047302
vn -0.121584 0.992362 -0.020861
vn -0.082033 0.996123 -0.031768
vn -0.039265 0.998259 -0.044013
vn 0.121848 0.896225 0.426537
vn -0.135202 0.137889 -0.981176
vn -0.174955 0.087287 -0.9807
vn -0.000305 0.997577 -0.069567
vn -0.40398 0.137707 0.904343
vn -0.955573 0.019503 0.294108
vn 0.040939 -0.99806 0.046909
vn 0.018472 -0.998377 0.05387
vn 0.086088 -0.995747 0.032819
vn 0.126268 -0.991791 0.020167
vn 0.264002 -0.964223 -0.024039
vn 0.557788 -0.820762 -0.123382
vn 0.805524 -0.551799 -0.215985
vn 0.922211 -0.27841 -0.268356
vn 0.95384 -0.077604 -0.290115
vn 0.958058 -0.008037 -0.286462
vn -0.001588 0.99825 -0.059106
vn -0.001588 0.998251 -0.059093
vn -0.900743 0.003597 0.434337
vn -0.906752 0.018606 0.421253
vn -0.899762 -0.025831 0.435615
vn -0.900616 0.053756 0.431278
vn -0.7633 0.55223 0.335285
vn -0.315717 0.943988 0.095969
vn -0.114519 0.993416 -0.003199
vn -0.076999 0.996833 -0.019872
vn -0.036544 0.998594 -0.038406
vn 0.191936 0.894785 0.403138
vn -0.278452 0.139735 -0.950231
vn -0.318135 0.089488 -0.943813
vn -0.001795 0.997587 -0.069408
vn -0.263741 0.140684 0.954279
vn -0.900948 0.027794 0.433036
vn 0.0386 -0.998415 0.040959
vn 0.017416 -0.998537 0.051185
vn 0.081168 -0.996494 0.020308
vn 0.119053 -0.992886 0.001816
vn 0.248916 -0.966512 -0.062408
vn 0.525914 -0.825599 -0.20445
vn 0.759494 -0.558785 -0.333058
vn 0.869513 -0.286408 -0.402389
vn 0.899335 -0.085876 -0.428745
vn 0.904667 -0.016353 -0.425806
vn -0.001501 0.998264 -0.058875
vn -0.001499 0.998265 -0.058862
vn -0.826031 0.011306 0.563511
vn -0.833787 0.026376 0.551457
vn -0.825132 -0.018132 0.564648
vn -0.825915 0.061463 0.560434
vn -0.699989 0.558762 0.444749
vn -0.289532 0.946689 0.141246
vn -0.104896 0.994395 0.013215
vn -0.070245 0.99749 -0.008857
vn -0.032955 0.998906 -0.033165
vn 0.257623 0.892863 0.36936
vn -0.415472 0.142833 -0.898322
vn -0.454202 0.092936 -0.886038
vn -0.003246 0.997608 -0.069044
vn -0.117562 0.142388 0.982805
vn -0.82622 0.035504 0.562228
vn 0.035398 -0.998745 0.035423
vn 0.015971 -0.998686 0.048688
vn 0.074436 -0.997188 0.008667
vn 0.109178 -0.993905 -0.015257
vn 0.22827 -0.968643 -0.098105
vn 0.482293 -0.8301 -0.27987
vn 0.696499 -0.565285 -0.441976
vn 0.797392 -0.29385 -0.527085
vn 0.82474 -0.093573 -0.557717
vn 0.831067 -0.024101 -0.55565
vn -0.001381 0.998277 -0.05866
vn -0.001377 0.998278 -0.058646
vn -0.732867 0.018265 0.680127
vn -0.742195 0.033411 0.669351
vn -0.73207 -0.011182 0.681138
vn -0.732765 0.068423 0.677034
vn -0.621039 0.564661 0.543569
vn -0.256879 0.949128 0.182121
vn -0.09293 0.995279 0.028014
vn -0.061922 0.99808 0.00103
vn -0.028653 0.999182 -0.028556
vn 0.317744 0.890202 0.326463
vn -0.543205 0.147113 -0.826611
vn -0.580127 0.097553 -0.808663
vn -0.004624 0.997644 -0.068451
vn 0.031284 0.142775 0.989261
vn -0.733024 0.042465 0.678876
vn 0.031406 -0.999044 0.030426
vn 0.01417 -0.998821 0.046432
vn 0.066041 -0.997815 -0.001841
vn 0.096864 -0.994825 -0.030671
vn 0.202524 -0.970566 -0.130331
vn 0.427897 -0.834163 -0.347959
vn 0.617944 -0.571152 -0.540305
vn 0.707459 -0.300567 -0.639657
vn 0.731721 -0.100521 -0.674151
vn 0.738902 -0.031109 -0.673094
vn -0.00123 0.998289 -0.058464
vn -0.001224 0.998289 -0.058452
vn -0.623332 0.02432 0.781579
vn -0.634025 0.039555 0.772301
vn -0.622655 -0.005133 0.78248
vn -0.623246 0.074471 0.778472
vn -0.528221 0.569787 0.629544
vn -0.218488 0.95125 0.217682
vn -0.078888 0.996046 0.040867
vn -0.052216 0.99859 0.009568
vn -0.02371 0.999415 -0.02464
vn 0.370519 0.887231 0.274838
vn -0.658812 0.152479 -0.736693
vn -0.693092 0.103237 -0.713419
vn -0.00589 0.997692 -0.067649
vn 0.179358 0.141834 0.973506
vn -0.623534 0.048515 0.780289
vn 0.026712 -0.999303 0.026078
vn 0.012053 -0.998938 0.044472
vn 0.05617 -0.998361 -0.010983
vn 0.082387 -0.995625 -0.04408
vn 0.172255 -0.972239 -0.158367
vn 0.363944 -0.837698 -0.407193
vn 0.525586 -0.576257 -0.625849
vn 0.601722 -0.306411 -0.737593
vn 0.622358 -0.106566 -0.775444
vn 0.630232 -0.037221 -0.775514
vn -0.001051 0.998299 -0.058294
vn -0.001044 0.9983 -0.058282
vn -0.499872 0.029332 0.865602
vn -0.511691 0.044669 0.858008
vn -0.49933 -0.000122 0.866412
vn -0.499804 0.079484 0.862484
vn -0.423601 0.574033 0.700749
vn -0.175216 0.953008 0.247134
vn -0.063083 0.996679 0.051487
vn -0.041344 0.999008 0.016567
vn -0.018238 0.999602 -0.021501
vn 0.4154 0.883567 0.216221
vn -0.759708 0.158812 -0.630573
vn -0.790577 0.10986 -0.602427
vn -0.007048 0.997748 -0.066708
vn 0.323528 0.139593 0.935865
vn -0.499849 0.053542 0.864456
vn 0.021421 -0.999518 0.022478
vn 0.009662 -0.999035 0.042846
vn 0.045045 -0.998813 -0.018555
vn 0.066069 -0.996288 -0.055185
vn 0.138138 -0.973624 -0.181586
vn 0.29186 -0.840626 -0.456252
vn 0.421488 -0.580485 -0.696696
vn 0.482543 -0.311252 -0.818703
vn 0.499092 -0.111573 -0.859336
vn 0.507483 -0.0423 -0.860623
vn -0.000849 0.998307 -0.058151
vn -0.00084 0.998308 -0.058141
vn -0.365246 0.033196 0.930319
vn -0.377926 0.048641 0.924557
vn -0.364851 0.003733 0.931058
vn -0.365198 0.083347 0.927191
vn -0.309516 0.577313 0.755586
vn -0.128029 0.954363 0.269816
vn -0.04587 0.997166 0.059638
vn -0.029548 0.999324 0.02187
vn -0.012358 0.999739 -0.019213
vn 0.450522 0.879848 0.151317
vn -0.843628 0.165969 -0.510633
vn -0.8704 0.117275 -0.478175
vn -0.008019 0.997817 -0.065557
vn 0.460322 0.136089 0.877259
vn -0.365185 0.057403 0.929164
vn 0.015652 -0.999683 0.019704
vn 0.007059 -0.99911 0.041594
vn 0.032914 -0.999161 -0.024387
vn 0.048276 -0.996798 -0.063739
vn 0.100935 -0.974692 -0.199471
vn 0.213257 -0.84288 -0.494038
vn 0.307973 -0.583741 -0.751265
vn 0.352585 -0.31498 -0.881176
vn 0.364676 -0.115429 -0.923952
vn 0.373397 -0.046233 -0.926519
vn -0.000628 0.998314 -0.058042
vn -0.000617 0.998314 -0.058033
vn -0.222462 0.035817 0.974283
vn -0.235721 0.05138 0.970462
vn -0.222223 0.006355 0.974975
vn -0.222434 0.085975 0.97115
vn -0.188519 0.579538 0.792841
vn -0.077983 0.955283 0.285225
vn -0.027632 0.997494 0.065136
vn -0.017092 0.999532 0.025359
vn -0.006203 0.999822 -0.017824
vn 0.47589 0.87567 0.082042
vn -0.908704 0.173792 -0.379544
vn -0.930776 0.125315 -0.343442
vn -0.008826 0.997892 -0.0643
vn 0.58687 0.131416 0.798946
vn -0.22256 0.06002 0.97307
vn 0.009533 -0.999796 0.01782
vn 0.004302 -0.99916 0.040746
vn 0.020047 -0.999397 -0.028349
vn 0.029404 -0.997145 -0.06955
vn 0.061477 -0.975417 -0.21162
vn 0.12989 -0.844412 -0.519708
vn 0.18758 -0.585954 -0.788335
vn 0.214752 -0.317512 -0.923616
vn 0.222116 -0.118047 -0.967848
vn 0.230972 -0.04893 -0.971729
vn -0.000393 0.998318 -0.057966
vn -0.000381 0.998319 -0.057959
vn -0.074708 0.037147 0.996513
vn -0.088249 0.052826 0.994697
vn -0.07463 0.00768 0.997182
vn -0.074701 0.087299 0.993377
vn -0.063311 0.580656 0.811684
vn -0.026196 0.955746 0.293026
vn -0.008776 0.997656 0.06786
vn -0.004254 0.999628 0.026956
vn 0.000091 0.999849 -0.017367
vn 0.490725 0.87126 0.009764
vn -0.953481 0.182105 -0.240235
vn -0.970366 0.133803 -0.201214
vn -0.009433 0.997973 -0.062934
vn 0.700396 0.125669 0.702604
vn -0.074724 0.061348 0.995315
vn 0.003202 -0.999853 0.016868
vn 0.001444 -0.999186 0.040316
vn 0.006732 -0.999517 -0.030352
vn 0.009875 -0.99732 -0.072488
vn 0.020646 -0.975783 -0.217764
vn 0.043621 -0.845187 -0.532688
vn 0.062996 -0.587072 -0.80708
vn 0.072121 -0.318793 -0.945077
vn 0.074593 -0.119372 -0.990044
vn 0.083386 -0.050334 -0.995245
vn -0.000149 0.998321 -0.057925
vn -0.000136 0.998321 -0.05792
vn 0.074716 0.037146 0.996513
vn 0.061195 0.052947 0.99672
vn 0.07463 0.00768 0.997182
vn 0.074701 0.087298 0.993378
vn 0.063312 0.580656 0.811683
vn 0.026177 0.955746 0.293027
vn 0.010276 0.99765 0.067747
vn 0.008679 0.999608 0.026625
vn 0.006383 0.99982 -0.017851
vn 0.494293 0.866942 -0.063927
vn -0.976955 0.190722 -0.095831
vn -0.988276 0.142546 -0.054694
vn -0.009855 0.998058 -0.061501
vn 0.79819 0.11898 0.590539
vn 0.074724 0.061348 0.995315
vn -0.003202 -0.999853 0.016868
vn -0.001444 -0.999186 0.040316
vn -0.006732 -0.999517 -0.030352
vn -0.009875 -0.99732 -0.072488
vn -0.020646 -0.975783 -0.217764
vn -0.043622 -0.845187 -0.532688
vn -0.062996 -0.587073 -0.807079
vn -0.072121 -0.318793 -0.945076
vn -0.074597 -0.119372 -0.990043
vn -0.066063 -0.050411 -0.996541
vn 0.000098 0.998321 -0.057921
vn 0.000112 0.998321 -0.057918
vn 0.222469 0.035819 0.974281
vn 0.209271 0.05174 0.976488
vn 0.222223 0.006353 0.974975
vn 0.222434 0.085969 0.97115
vn 0.188519 0.579536 0.792842
vn 0.077965 0.955283 0.285229
vn 0.029098 0.997474 0.064802
vn 0.021419 0.999473 0.024374
vn 0.012524 0.999736 -0.019264
vn 0.486976 0.86255 -0.137335
vn -0.978608 0.199452 0.050456
vn -0.98411 0.151351 0.092849
vn -0.009999 0.998148 -0.06001
vn 0.878219 0.111496 0.465081
vn 0.222461 0.06002 0.973092
vn -0.009533 -0.999796 0.01782
vn -0.0043 -0.99916 0.040745
vn -0.020047 -0.999397 -0.028349
vn -0.029404 -0.997145 -0.06955
vn -0.061477 -0.975417 -0.21162
vn -0.12989 -0.844413 -0.519708
vn -0.187579 -0.585954 -0.788335
vn -0.214752 -0.317512 -0.923616
vn -0.222119 -0.118047 -0.967847
vn -0.214035 -0.049161 -0.975588
vn 0.000343 0.998319 -0.057954
vn 0.000357 0.998319 -0.057953
vn 0.365254 0.033197 0.930316
vn 0.352673 0.049231 0.934451
vn 0.364852 0.003738 0.931058
vn 0.365198 0.083349 0.927191
vn 0.309518 0.577308 0.755589
vn 0.128012 0.954362 0.269826
vn 0.04727 0.997133 0.059089
vn 0.033679 0.999228 0.020252
vn 0.018394 0.999598 -0.021577
vn 0.46878 0.858273 -0.208836
vn -0.958399 0.208099 0.195364
vn -0.95796 0.160021 0.23813
vn -0.009994 0.998236 -0.058516
vn 0.938611 0.103385 0.329123
vn 0.365353 0.057397 0.929098
vn -0.015652 -0.999683 0.019704
vn -0.007062 -0.99911 0.041596
vn -0.032914 -0.999161 -0.024387
vn -0.048276 -0.996798 -0.063739
vn -0.100935 -0.974692 -0.199471
vn -0.213257 -0.842881 -0.494038
vn -0.307973 -0.583742 -0.751264
vn -0.352586 -0.31498 -0.881176
vn -0.364681 -0.115427 -0.92395
vn -0.357227 -0.046611 -0.932854
vn 0.00058 0.998315 -0.058023
vn 0.000594 0.998315 -0.058024
vn 0.499879 0.029334 0.865598
vn 0.488196 0.045477 0.871549
vn 0.499331 -0.000124 0.866411
vn 0.499804 0.079487 0.862483
vn 0.4236 0.574036 0.700746
vn 0.175201 0.953008 0.247145
vn 0.064386 0.996634 0.050737
vn 0.045187 0.998875 0.014352
vn 0.023861 0.999409 -0.024742
vn 0.440106 0.854208 -0.276832
vn -0.916785 0.216469 0.335629
vn -0.910411 0.168361 0.377897
vn -0.009678 0.998325 -0.057048
vn 0.978009 0.094829 0.185758
vn 0.50009 0.053532 0.864317
vn -0.021422 -0.999518 0.022478
vn -0.009667 -0.999035 0.042848
vn -0.045045 -0.998813 -0.018555
vn -0.066069 -0.996288 -0.055185
vn -0.138138 -0.973624 -0.181586
vn -0.29186 -0.840626 -0.456252
vn -0.421488 -0.580485 -0.696696
vn -0.482544 -0.311252 -0.818703
vn -0.499096 -0.111572 -0.859334
vn -0.492439 -0.042818 -0.869293
vn 0.000805 0.998309 -0.058126
vn 0.000819 0.998309 -0.058129
vn 0.623338 0.024319 0.781574
vn 0.612814 0.040562 0.789186
vn 0.622655 -0.005131 0.78248
vn 0.623246 0.074471 0.778472
vn 0.528221 0.569787 0.629544
vn 0.218471 0.951252 0.217692
vn 0.080063 0.99599 0.039931
vn 0.055686 0.998425 0.006806
vn 0.02878 0.999174 -0.028675
vn 0.401458 0.85055 -0.339699
vn -0.854684 0.224378 0.468156
vn -0.842528 0.176186 0.509023
vn -0.009228 0.998409 -0.055626
vn 0.995561 0.086019 0.038201
vn 0.623453 0.048519 0.780354
vn -0.026712 -0.999303 0.026078
vn -0.012052 -0.998938 0.044471
vn -0.05617 -0.998361 -0.010983
vn -0.082387 -0.995625 -0.04408
vn -0.172255 -0.972239 -0.158367
vn -0.363944 -0.837698 -0.407194
vn -0.525586 -0.576258 -0.625848
vn -0.601722 -0.306411 -0.737593
vn -0.622361 -0.106565 -0.775442
vn -0.61665 -0.037867 -0.786326
vn 0.001012 0.998301 -0.058262
vn 0.001025 0.9983 -0.058267
vn 0.732873 0.018262 0.680121
vn 0.723743 0.034596 0.689202
vn 0.73207 -0.01118 0.681137
vn 0.732765 0.06842 0.677033
vn 0.621039 0.564662 0.543569
vn 0.256861 0.949132 0.18213
vn 0.093953 0.995213 0.026914
vn 0.064941 0.997887 -0.002218
vn 0.033069 0.998898 -0.033308
vn 0.354044 0.847126 -0.396271
vn -0.773503 0.231645 0.589944
vn -0.755827 0.183321 0.628585
vn -0.008514 0.998488 -0.054303
vn 0.990907 0.077152 -0.110231
vn 0.733007 0.042464 0.678894
vn -0.031406 -0.999044 0.030426
vn -0.014169 -0.998821 0.046432
vn -0.066041 -0.997815 -0.001841
vn -0.096864 -0.994825 -0.030671
vn -0.202525 -0.970566 -0.130331
vn -0.427898 -0.834163 -0.347959
vn -0.617944 -0.571152 -0.540305
vn -0.707459 -0.300566 -0.639658
vn -0.731724 -0.100519 -0.674148
vn -0.727086 -0.031868 -0.685806
vn 0.001196 0.998291 -0.058427
vn 0.001207 0.998291 -0.058434
vn 0.826036 0.011302 0.563504
vn 0.818504 0.027711 0.573832
vn 0.825133 -0.01813 0.564648
vn 0.825915 0.061469 0.560433
vn 0.699989 0.558761 0.444749
vn 0.289523 0.94669 0.141262
vn 0.105743 0.994321 0.011975
vn 0.072746 0.997272 -0.012518
vn 0.036608 0.998587 -0.038513
vn 0.298665 0.8442 -0.445112
vn -0.675039 0.238112 0.698302
vn -0.652234 0.189607 0.733921
vn -0.007658 0.998561 -0.053086
vn 0.964106 0.068427 -0.256548
vn 0.826264 0.0355 0.562163
vn -0.035398 -0.998745 0.035423
vn -0.015972 -0.998686 0.048689
vn -0.074436 -0.997188 0.008667
vn -0.109178 -0.993905 -0.015257
vn -0.22827 -0.968643 -0.098105
vn -0.482293 -0.8301 -0.27987
vn -0.696499 -0.565285 -0.441976
vn -0.797392 -0.29385 -0.527084
vn -0.824742 -0.093573 -0.557713
vn -0.821281 -0.024956 -0.569978
vn 0.001352 0.99828 -0.058618
vn 0.001363 0.998279 -0.058626
vn 0.900747 0.003598 0.43433
vn 0.894981 0.020062 0.445653
vn 0.899762 -0.025827 0.435615
vn 0.900616 0.053762 0.431278
vn 0.763297 0.552234 0.335284
vn 0.315708 0.943989 0.095985
vn 0.115172 0.993335 -0.004551
vn 0.078925 0.996595 -0.023864
vn 0.039339 0.998248 -0.044202
vn 0.236591 0.841826 -0.485133
vn -0.561481 0.243632 0.790811
vn -0.534073 0.194903 0.822666
vn -0.006591 0.998624 -0.052025
vn 0.91574 0.060032 -0.397262
vn 0.900953 0.027793 0.433026
vn -0.0386 -0.998415 0.040959
vn -0.017416 -0.998537 0.051185
vn -0.081168 -0.996494 0.020307
vn -0.119053 -0.992886 0.001816
vn -0.248916 -0.966512 -0.062408
vn -0.525915 -0.825599 -0.20445
vn -0.759495 -0.558784 -0.333059
vn -0.869513 -0.286408 -0.402389
vn -0.899337 -0.085876 -0.428741
vn -0.897129 -0.017285 -0.44143
vn 0.001479 0.998267 -0.05883
vn 0.001489 0.998266 -0.05884
vn 0.955337 -0.004685 0.295482
vn 0.951466 0.011819 0.307526
vn 0.954293 -0.03411 0.29692
vn 0.955199 0.045466 0.292451
vn 0.809557 0.545214 0.217624
vn 0.334839 0.941087 0.047319
vn 0.122027 0.992276 -0.022295
vn 0.083341 0.995871 -0.036002
vn 0.041186 0.997888 -0.050226
vn 0.169262 0.839981 -0.51554
vn -0.435396 0.248083 0.865381
vn -0.403982 0.199091 0.892839
vn -0.005392 0.998677 -0.051134
vn 0.846945 0.052165 -0.529115
vn 0.955574 0.019503 0.294105
vn -0.040939 -0.99806 0.046909
vn -0.018471 -0.998377 0.05387
vn -0.086088 -0.995747 0.032819
vn -0.126268 -0.991791 0.020167
vn -0.264001 -0.964223 -0.024038
vn -0.557788 -0.820762 -0.123382
vn -0.805524 -0.551798 -0.215985
vn -0.922211 -0.278411 -0.268356
vn -0.953841 -0.077605 -0.290111
vn -0.952937 -0.009026 -0.303033
vn 0.001573 0.998253 -0.059058
vn 0.001581 0.998253 -0.059069
vn 0.988586 -0.013365 0.150063
vn 0.986697 0.003167 0.162538
vn 0.987507 -0.042779 0.15166
vn 0.988444 0.036793 0.147053
vn 0.837734 0.537857 0.094396
vn 0.3465 0.938043 -0.003649
vn 0.126157 0.991168 -0.040861
vn 0.085896 0.995115 -0.048662
vn 0.042112 0.997517 -0.056448
vn 0.098129 0.838782 -0.535551
vn -0.299575 0.251363 0.920365
vn -0.264865 0.202077 0.942874
vn -0.004072 0.99872 -0.050424
vn 0.759153 0.044995 -0.649355
vn 0.988849 0.010818 0.148528
vn -0.042364 -0.997688 0.05314
vn -0.019115 -0.998209 0.056684
vn -0.089084 -0.994965 0.045924
vn -0.130663 -0.990644 0.039388
vn -0.27319 -0.961825 0.016147
vn -0.577201 -0.815695 -0.038477
vn -0.83356 -0.544481 -0.09337
vn -0.954308 -0.270033 -0.12798
vn -0.987039 -0.06894 -0.14492
vn -0.987459 -0.000364 -0.157878
vn 0.001632 0.998239 -0.059298
vn 0.001638 0.998238 -0.05931
vn 0.999752 -0.022245 0.001323
vn 0.999887 -0.005701 0.013929
vn 0.998661 -0.051645 0.003082
vn 0.999609 0.027915 -0.001666
vn 0.847201 0.530329 -0.031647
vn 0.350413 0.934932 -0.055782
vn 0.127469 0.990036 -0.059834
vn 0.086531 0.994345 -0.061561
vn 0.042099 0.997141 -0.062756
vn 0.024802 0.838254 -0.544715
vn -0.157075 0.253402 0.954524
vn -0.119835 0.203794 0.971652
vn -0.00266 0.99875 -0.049922
vn 0.65451 0.038683 -0.755063
vn 0.999998 0.001945 -0.000117
vn -0.042842 -0.997308 0.059515
vn -0.019331 -0.998038 0.059558
vn -0.09009 -0.994165 0.059327
vn -0.132138 -0.989471 0.059047
vn -0.276276 -0.959372 0.05725
vn -0.583721 -0.810512 0.048367
vn -0.842975 -0.536997 0.032045
vn -0.965087 -0.261464 0.015603
vn -0.998187 -0.060077 0.003587
vn -0.999921 0.008508 -0.009209
vn 0.001654 0.998224 -0.059544
vn 0.001658 0.998224 -0.059557
vn 0.988585 -0.031117 -0.147417
vn 0.990741 -0.014587 -0.134983
vn 0.987506 -0.060512 -0.145496
vn 0.988444 0.019043 -0.150386
vn 0.837735 0.522813 -0.157692
vn 0.346503 0.931821 -0.107917
vn 0.125933 0.988905 -0.07879
vn 0.085234 0.993579 -0.07441
vn 0.041147 0.99677 -0.068975
vn -0.049073 0.838368 -0.542892
vn -0.011063 0.254152 0.967101
vn 0.027871 0.204204 0.978532
vn -0.001195 0.998767 -0.04963
vn 0.535232 0.033372 -0.844046
vn 0.988834 -0.006932 -0.148858
vn -0.042364 -0.996927 0.065888
vn -0.019115 -0.997866 0.062433
vn -0.089084 -0.993365 0.07273
vn -0.130663 -0.988298 0.078706
vn -0.27319 -0.956919 0.098354
vn -0.577201 -0.80533 0.135212
vn -0.83356 -0.529513 0.157461
vn -0.954308 -0.252896 0.159186
vn -0.987038 -0.051215 0.152095
vn -0.990048 0.017391 0.139654
vn 0.001639 0.99821 -0.05979
vn 0.001642 0.998209 -0.059804
vn 0.955334 -0.039798 -0.292836
vn 0.959463 -0.023293 -0.280871
vn 0.954293 -0.069177 -0.290757
vn 0.955199 0.010371 -0.295783
vn 0.809561 0.515455 -0.280921
vn 0.334854 0.928778 -0.158887
vn 0.121584 0.9878 -0.097306
vn 0.082033 0.992832 -0.086922
vn 0.039272 0.99641 -0.074999
vn -0.121837 0.839164 -0.530057
vn 0.135205 0.253598 0.957814
vn 0.174954 0.203299 0.963359
vn 0.000304 0.998771 -0.049564
vn 0.403964 0.02918 -0.914309
vn 0.955568 -0.015614 -0.294356
vn -0.040939 -0.996555 0.07212
vn -0.018472 -0.997698 0.065246
vn -0.086088 -0.992583 0.085834
vn -0.126268 -0.987151 0.097926
vn -0.264002 -0.954521 0.13854
vn -0.557788 -0.800263 0.220117
vn -0.805524 -0.522196 0.280076
vn -0.92221 -0.244521 0.299563
vn -0.95384 -0.042552 0.297286
vn -0.958058 0.026088 0.285385
vn 0.001588 0.998195 -0.060032
vn 0.001588 0.998194 -0.060045
vn 0.900743 -0.048081 -0.431682
vn 0.906752 -0.031624 -0.420476
vn 0.899762 -0.077458 -0.429452
vn 0.900616 0.002083 -0.43461
vn 0.763298 0.508438 -0.39858
vn 0.315717 0.925875 -0.207553
vn 0.114519 0.986746 -0.114968
vn 0.076999 0.992122 -0.098819
vn 0.036518 0.996071 -0.080676
vn -0.191967 0.840447 -0.506752
vn 0.278447 0.251751 0.92687
vn 0.318136 0.201098 0.926471
vn 0.001796 0.998761 -0.049724
vn 0.263739 0.026197 -0.964238
vn 0.900948 -0.023903 -0.433269
vn -0.0386 -0.9962 0.07807
vn -0.017416 -0.997538 0.067931
vn -0.081168 -0.991837 0.098346
vn -0.119053 -0.986056 0.116278
vn -0.248916 -0.952231 0.176909
vn -0.525914 -0.795426 0.301185
vn -0.759494 -0.51521 0.397149
vn -0.869513 -0.236521 0.433595
vn -0.899335 -0.034278 0.435915
vn -0.904667 0.034403 0.424729
vn 0.001501 0.998181 -0.060262
vn 0.001499 0.998181 -0.060276
vn 0.826031 -0.05579 -0.560856
vn 0.833786 -0.039394 -0.55068
vn 0.825132 -0.085156 -0.558485
vn 0.825915 -0.005625 -0.563766
vn 0.699988 0.501904 -0.508044
vn 0.289533 0.923172 -0.252831
vn 0.104896 0.985767 -0.131381
vn 0.070245 0.991465 -0.109834
vn 0.032951 0.995761 -0.085873
vn -0.257624 0.842598 -0.472926
vn 0.415475 0.248654 0.874958
vn 0.454208 0.197649 0.868694
vn 0.003243 0.99874 -0.050087
vn 0.117506 0.024499 -0.99277
vn 0.826149 -0.031616 -0.562564
vn -0.035398 -0.99587 0.083605
vn -0.01597 -0.997389 0.07043
vn -0.074436 -0.991142 0.109986
vn -0.109178 -0.985037 0.133351
vn -0.22827 -0.950101 0.212606
vn -0.482294 -0.790924 0.376606
vn -0.696498 -0.508711 0.506067
vn -0.797392 -0.22908 0.55829
vn -0.82474 -0.026581 0.564887
vn -0.831067 0.042152 0.554573
vn 0.001381 0.998169 -0.060478
vn 0.001377 0.998168 -0.060491
vn 0.732867 -0.06275 -0.677472
vn 0.742195 -0.046429 -0.668574
vn 0.73207 -0.092104 -0.674974
vn 0.732765 -0.012582 -0.680366
vn 0.621041 0.496003 -0.606867
vn 0.256879 0.920734 -0.293705
vn 0.09293 0.984883 -0.14618
vn 0.061923 0.990875 -0.119721
vn 0.028659 0.995487 -0.090469
vn -0.317629 0.845164 -0.429895
vn 0.543209 0.244373 0.803247
vn 0.580123 0.193033 0.791325
vn 0.004615 0.998703 -0.050707
vn -0.031283 0.024112 -0.99922
vn 0.733005 -0.038573 -0.679129
vn -0.031406 -0.995572 0.088603
vn -0.014169 -0.997254 0.072684
vn -0.066041 -0.990515 0.120495
vn -0.096864 -0.984117 0.148764
vn -0.202524 -0.948178 0.244832
vn -0.427897 -0.786862 0.444693
vn -0.617944 -0.502842 0.604396
vn -0.707458 -0.222362 0.670863
vn -0.731721 -0.019633 0.681321
vn -0.738902 0.04916 0.672017
vn 0.00123 0.998157 -0.060674
vn 0.001224 0.998156 -0.060686
vn 0.623332 -0.068806 -0.778924
vn 0.634025 -0.052573 -0.771524
vn 0.622655 -0.098151 -0.776316
vn 0.623246 -0.018635 -0.781804
vn 0.528221 0.490875 -0.692838
vn 0.218486 0.918613 -0.329264
vn 0.078888 0.984116 -0.159033
vn 0.052216 0.990365 -0.128259
vn 0.02371 0.995253 -0.094392
vn -0.370817 0.848018 -0.378629
vn 0.658815 0.239008 0.713328
vn 0.693098 0.187348 0.696072
vn 0.005917 0.998659 -0.051431
vn -0.179338 0.025051 -0.983469
vn 0.623518 -0.044627 -0.780535
vn -0.026712 -0.995312 0.09295
vn -0.012053 -0.997137 0.074644
vn -0.05617 -0.989969 0.129637
vn -0.082387 -0.983317 0.162173
vn -0.172255 -0.946505 0.272868
vn -0.363944 -0.783327 0.503928
vn -0.525586 -0.497738 0.689939
vn -0.601722 -0.216518 0.768798
vn -0.622358 -0.013589 0.782615
vn -0.630232 0.055272 0.774437
vn 0.001051 0.998147 -0.060844
vn 0.001043 0.998146 -0.060856
vn 0.499872 -0.07382 -0.862948
vn 0.511691 -0.057687 -0.857231
vn 0.49933 -0.103161 -0.860248
vn 0.499804 -0.023651 -0.865815
vn 0.4236 0.486624 -0.764042
vn 0.175214 0.916855 -0.358715
vn 0.063083 0.983483 -0.169654
vn 0.041344 0.989947 -0.135258
vn 0.018238 0.995065 -0.09753
vn -0.415036 0.851833 -0.31957
vn 0.759707 0.232676 0.607212
vn 0.790576 0.180725 0.585088
vn 0.007016 0.998598 -0.052473
vn -0.323496 0.0273 -0.945835
vn 0.499907 -0.049644 -0.864655
vn -0.021421 -0.995097 0.096551
vn -0.009663 -0.99704 0.07627
vn -0.045045 -0.989517 0.137209
vn -0.066069 -0.982654 0.173279
vn -0.138138 -0.945119 0.296087
vn -0.29186 -0.7804 0.552987
vn -0.421488 -0.49351 0.760787
vn -0.482543 -0.211677 0.849909
vn -0.499092 -0.008583 0.866507
vn -0.507483 0.060351 0.859546
vn 0.000849 0.998138 -0.060986
vn 0.00084 0.998138 -0.060996
vn 0.365246 -0.077683 -0.927664
vn 0.377927 -0.061659 -0.92378
vn 0.364852 -0.107024 -0.924894
vn 0.365198 -0.027508 -0.930523
vn 0.309515 0.483357 -0.818881
vn 0.12803 0.9155 -0.381402
vn 0.04587 0.982996 -0.177804
vn 0.029548 0.989631 -0.140561
vn 0.012367 0.994929 -0.099816
vn -0.450667 0.855517 -0.254933
vn 0.843623 0.225518 0.487279
vn 0.870394 0.173311 0.460844
vn 0.008034 0.998533 -0.053556
vn -0.460304 0.030793 -0.887227
vn 0.365274 -0.053506 -0.929361
vn -0.015652 -0.994932 0.099325
vn -0.007061 -0.996966 0.077521
vn -0.032913 -0.989169 0.14304
vn -0.048275 -0.982144 0.181832
vn -0.100935 -0.944052 0.313972
vn -0.213257 -0.778144 0.590773
vn -0.307973 -0.490254 0.815355
vn -0.352586 -0.207949 0.912382
vn -0.364677 -0.004727 0.931122
vn -0.373397 0.064283 0.925442
vn 0.000628 0.998132 -0.061097
vn 0.000617 0.998131 -0.061106
vn 0.222462 -0.080305 -0.971628
vn 0.23572 -0.064398 -0.969685
vn 0.222223 -0.10964 -0.968812
vn 0.222434 -0.03013 -0.974482
vn 0.188519 0.48113 -0.856139
vn 0.077984 0.91458 -0.396814
vn 0.027631 0.982668 -0.183302
vn 0.017091 0.989423 -0.14405
vn 0.006203 0.994846 -0.101208
vn -0.47585 0.859722 -0.185592
vn 0.9087 0.217696 0.356192
vn 0.930777 0.16527 0.326097
vn 0.008833 0.998457 -0.054827
vn -0.586865 0.035466 -0.808908
vn 0.22256 -0.05613 -0.973302
vn -0.009533 -0.99482 0.101209
vn -0.004302 -0.996915 0.07837
vn -0.020047 -0.988933 0.147002
vn -0.029404 -0.981797 0.187643
vn -0.061477 -0.943327 0.326121
vn -0.12989 -0.776612 0.616443
vn -0.187579 -0.488041 0.852426
vn -0.214752 -0.205418 0.954822
vn -0.222115 -0.002108 0.975018
vn -0.230971 0.066981 0.970652
vn 0.000393 0.998127 -0.061174
vn 0.000381 0.998127 -0.061181
vn 0.074707 -0.081629 -0.993859
vn 0.088248 -0.065845 -0.99392
vn 0.07463 -0.110965 -0.991018
vn 0.074701 -0.031459 -0.99671
vn 0.063311 0.48001 -0.874975
vn 0.026196 0.914117 -0.404604
vn 0.008776 0.982506 -0.186026
vn 0.004254 0.989327 -0.145647
vn -0.000091 0.994819 -0.101665
vn -0.49073 0.863912 -0.113311
vn 0.953481 0.209383 0.216872
vn 0.970365 0.156783 0.183875
vn 0.009432 0.998375 -0.056193
vn -0.700434 0.041225 -0.712526
vn 0.074724 -0.057457 -0.995548
vn -0.003202 -0.994763 0.102161
vn -0.001444 -0.996889 0.0788
vn -0.006732 -0.988813 0.149006
vn -0.009875 -0.981622 0.190582
vn -0.020646 -0.94296 0.332265
vn -0.043621 -0.775838 0.629422
vn -0.062996 -0.486923 0.87117
vn -0.072121 -0.204136 0.976282
vn -0.074592 -0.000783 0.997214
vn -0.083386 0.068385 0.994168
vn 0.000149 0.998125 -0.061214
vn 0.000136 0.998124 -0.06122
vn -0.074716 -0.081629 -0.993858
vn -0.061195 -0.065965 -0.995944
vn -0.07463 -0.110965 -0.991018
vn -0.074701 -0.031459 -0.99671
vn -0.063311 0.48001 -0.874976
vn -0.026177 0.914117 -0.404605
vn -0.010276 0.982512 -0.185914
vn -0.008679 0.989347 -0.145316
vn -0.006375 0.994848 -0.101181
vn -0.4943 0.868388 -0.039628
vn 0.976957 0.200764 0.072446
vn 0.988276 0.14804 0.037353
vn 0.009852 0.998289 -0.057632
vn -0.798249 0.047913 -0.600419
vn -0.074724 -0.057457 -0.995548
vn 0.003202 -0.994763 0.102161
vn 0.001444 -0.996889 0.0788
vn 0.006732 -0.988813 0.149006
vn 0.009875 -0.981622 0.190582
vn 0.020646 -0.94296 0.332265
vn 0.043622 -0.775838 0.629422
vn 0.062996 -0.486923 0.87117
vn 0.072121 -0.204136 0.976282
vn 0.074597 -0.000783 0.997213
vn 0.066063 0.068462 0.995464
vn -0.000098 0.998124 -0.061218
vn -0.000112 0.998124 -0.061221
vn -0.22247 -0.080303 -0.971627
vn -0.209271 -0.064758 -0.975711
vn -0.222223 -0.109642 -0.968811
vn -0.222434 -0.030136 -0.974482
vn -0.18852 0.48113 -0.856139
vn -0.077965 0.914581 -0.396817
vn -0.029097 0.982688 -0.182968
vn -0.021418 0.989482 -0.143065
vn -0.012533 0.994932 -0.099766
vn -0.486925 0.872791 0.033766
vn 0.978608 0.192035 -0.073816
vn 0.98411 0.139235 -0.110187
vn 0.009994 0.9982 -0.059128
vn -0.878176 0.055384 -0.47512
vn -0.222558 -0.056129 -0.973302
vn 0.009533 -0.99482 0.101209
vn 0.004302 -0.996915 0.07837
vn 0.020047 -0.988933 0.147002
vn 0.029404 -0.981797 0.187643
vn 0.061477 -0.943327 0.326121
vn 0.12989 -0.776613 0.616442
vn 0.18758 -0.488042 0.852425
vn 0.214752 -0.205417 0.954822
vn 0.22212 -0.002107 0.975017
vn 0.214035 0.067211 0.974511
vn -0.000344 0.998126 -0.061185
vn -0.000357 0.998126 -0.061186
vn -0.365254 -0.077681 -0.927661
vn -0.352672 -0.062249 -0.933674
vn -0.364852 -0.107019 -0.924895
vn -0.365198 -0.027507 -0.930523
vn -0.309516 0.483356 -0.818881
vn -0.128012 0.915501 -0.381407
vn -0.047269 0.983029 -0.177256
vn -0.033679 0.989728 -0.138943
vn -0.018394 0.99507 -0.097455
vn -0.468835 0.876986 0.105306
vn 0.958403 0.183389 -0.218706
vn 0.95796 0.130565 -0.25547
vn 0.009991 0.998111 -0.060613
vn -0.938567 0.063496 -0.339204
vn -0.365447 -0.053501 -0.929293
vn 0.015652 -0.994932 0.099325
vn 0.007064 -0.996966 0.077519
vn 0.032913 -0.989169 0.14304
vn 0.048276 -0.982144 0.181832
vn 0.100935 -0.944052 0.313972
vn 0.213257 -0.778144 0.590773
vn 0.307973 -0.490253 0.815355
vn 0.352586 -0.207949 0.912382
vn 0.364681 -0.004726 0.931121
vn 0.357227 0.064661 0.931777
vn -0.000581 0.998131 -0.061116
vn -0.000595 0.998131 -0.061115
vn -0.499879 -0.073816 -0.862944
vn -0.488196 -0.058496 -0.870772
vn -0.499331 -0.103162 -0.860248
vn -0.499804 -0.023648 -0.865816
vn -0.423599 0.486628 -0.76404
vn -0.1752 0.916853 -0.358727
vn -0.064386 0.983527 -0.168903
vn -0.045187 0.99008 -0.133043
vn -0.023853 0.995259 -0.094294
vn -0.439983 0.881145 0.173204
vn 0.916784 0.175017 -0.358994
vn 0.910413 0.122224 -0.395234
vn 0.009682 0.998024 -0.062083
vn -0.977992 0.072054 -0.195808
vn -0.500089 -0.049638 -0.86455
vn 0.021421 -0.995097 0.096551
vn 0.009667 -0.997041 0.076268
vn 0.045045 -0.989517 0.137209
vn 0.066069 -0.982654 0.173279
vn 0.138138 -0.945119 0.296088
vn 0.29186 -0.7804 0.552986
vn 0.421487 -0.49351 0.760786
vn 0.482544 -0.211677 0.849908
vn 0.499095 -0.008582 0.866505
vn 0.492439 0.060868 0.868216
vn -0.000805 0.998137 -0.061012
vn -0.000818 0.998137 -0.061009
vn -0.623338 -0.068803 -0.77892
vn -0.612814 -0.053581 -0.788409
vn -0.622655 -0.098154 -0.776316
vn -0.623246 -0.018638 -0.781804
vn -0.528219 0.490878 -0.692837
vn -0.218471 0.918612 -0.329275
vn -0.080063 0.984172 -0.158097
vn -0.055686 0.99053 -0.125497
vn -0.02878 0.995494 -0.090357
vn -0.401527 0.884866 0.236193
vn 0.854681 0.167109 -0.491524
vn 0.84253 0.1144 -0.526362
vn 0.009249 0.997938 -0.063512
vn -0.995561 0.080867 -0.048152
vn -0.623423 -0.044632 -0.78061
vn 0.026712 -0.995312 0.09295
vn 0.012051 -0.997137 0.074645
vn 0.05617 -0.989969 0.129637
vn 0.082387 -0.983317 0.162173
vn 0.172255 -0.946505 0.272868
vn 0.363944 -0.783327 0.503928
vn 0.525586 -0.497737 0.68994
vn 0.601722 -0.216517 0.768798
vn 0.622361 -0.013589 0.782612
vn 0.61665 0.055917 0.785249
vn -0.001011 0.998145 -0.060876
vn -0.001024 0.998145 -0.060871
vn -0.732873 -0.062749 -0.677466
vn -0.723743 -0.047614 -0.688425
vn -0.73207 -0.092105 -0.674974
vn -0.732765 -0.012583 -0.680365
vn -0.621042 0.496005 -0.606866
vn -0.256866 0.920733 -0.293719
vn -0.093953 0.984949 -0.14508
vn -0.064941 0.991068 -0.116473
vn -0.033037 0.995768 -0.085761
vn -0.354248 0.888084 0.292941
vn 0.773489 0.159841 -0.613323
vn 0.755814 0.107264 -0.645941
vn 0.008531 0.99786 -0.064833
vn -0.990878 0.089745 0.100536
vn -0.733037 -0.038573 -0.679094
vn 0.031406 -0.995572 0.088603
vn 0.01417 -0.997254 0.072683
vn 0.066041 -0.990515 0.120495
vn 0.096864 -0.984117 0.148764
vn 0.202525 -0.948178 0.244832
vn 0.427897 -0.786862 0.444693
vn 0.617945 -0.502843 0.604395
vn 0.707459 -0.222361 0.670863
vn 0.731725 -0.019633 0.681318
vn 0.727087 0.049919 0.684729
vn -0.001195 0.998155 -0.060711
vn -0.001207 0.998155 -0.060704
vn -0.826036 -0.05579 -0.560849
vn -0.818504 -0.040729 -0.573055
vn -0.825133 -0.085154 -0.558484
vn -0.825916 -0.005623 -0.563766
vn -0.699988 0.501904 -0.508044
vn -0.289521 0.923172 -0.252845
vn -0.105743 0.985841 -0.130141
vn -0.072746 0.991683 -0.106173
vn -0.036617 0.996081 -0.080505
vn -0.298649 0.89116 0.341531
vn 0.675034 0.153375 -0.721668
vn 0.652224 0.100978 -0.751271
vn 0.007631 0.997788 -0.066031
vn -0.964071 0.098464 0.246721
vn -0.826311 -0.031602 -0.562326
vn 0.035398 -0.99587 0.083605
vn 0.015973 -0.997389 0.070426
vn 0.074436 -0.991142 0.109986
vn 0.109178 -0.985037 0.133351
vn 0.22827 -0.950101 0.212606
vn 0.482293 -0.790925 0.376605
vn 0.696499 -0.50871 0.506066
vn 0.797392 -0.22908 0.55829
vn 0.824742 -0.026582 0.564884
vn 0.821281 0.043007 0.5689
vn -0.001352 0.998166 -0.06052
vn -0.001363 0.998167 -0.060511
vn -0.900747 -0.048082 -0.431675
vn -0.894981 -0.03308 -0.444876
vn -0.899762 -0.077454 -0.429452
vn -0.900616 0.002085 -0.43461
vn -0.7633 0.508436 -0.398581
vn -0.315709 0.925874 -0.20757
vn -0.115172 0.986827 -0.113615
vn -0.078925 0.99236 -0.094828
vn -0.039339 0.99642 -0.07483
vn -0.236579 0.893561 0.381548
vn 0.561489 0.147855 -0.814168
vn 0.534075 0.095682 -0.840005
vn 0.006596 0.997724 -0.067105
vn -0.91575 0.106849 0.38728
vn -0.900991 -0.023897 -0.43318
vn 0.0386 -0.9962 0.07807
vn 0.017417 -0.997538 0.067929
vn 0.081168 -0.991837 0.098346
vn 0.119053 -0.986056 0.116278
vn 0.248916 -0.952231 0.176909
vn 0.525914 -0.795426 0.301185
vn 0.759494 -0.51521 0.397149
vn 0.869513 -0.236521 0.433595
vn 0.899337 -0.034278 0.435911
vn 0.897129 0.035335 0.440352
vn -0.001479 0.998179 -0.060308
vn -0.001489 0.998179 -0.060298
vn -0.955337 -0.039797 -0.292827
vn -0.951466 -0.024838 -0.306749
vn -0.954293 -0.069178 -0.290756
vn -0.955199 0.010369 -0.295783
vn -0.80956 0.515458 -0.28092
vn -0.334845 0.928778 -0.158904
vn -0.122027 0.987886 -0.095871
vn -0.083341 0.993084 -0.082689
vn -0.041183 0.996779 -0.068815
vn -0.169244 0.895361 0.411929
vn 0.435394 0.143404 -0.888745
vn 0.403985 0.091495 -0.910178
vn 0.005389 0.997671 -0.067998
vn -0.84694 0.114721 0.519164
vn -0.955571 -0.015613 -0.294346
vn 0.040939 -0.996555 0.07212
vn 0.018472 -0.997698 0.065245
vn 0.086088 -0.992583 0.085834
vn 0.126268 -0.987151 0.097926
vn 0.264002 -0.954521 0.13854
vn 0.557788 -0.800263 0.220117
vn 0.805524 -0.522196 0.280075
vn 0.922211 -0.24452 0.299562
vn 0.953841 -0.042551 0.297282
vn 0.952937 0.027077 0.301955
vn -0.001573 0.998192 -0.06008
vn -0.001581 0.998193 -0.060069
vn -0.988586 -0.031118 -0.147409
vn -0.986697 -0.016185 -0.161762
vn -0.987507 -0.060509 -0.145497
vn -0.988444 0.019045 -0.150386
vn -0.837736 0.522811 -0.157692
vn -0.3465 0.93182 -0.107935
vn -0.126157 0.988994 -0.077305
vn -0.085896 0.99384 -0.070029
vn -0.042114 0.997152 -0.062567
vn -0.098127 0.896528 0.431982
vn 0.299581 0.140124 -0.943725
vn 0.264868 0.08851 -0.960214
vn 0.004075 0.997628 -0.068713
vn -0.759212 0.121892 0.639327
vn -0.988818 -0.006938 -0.148964
vn 0.042364 -0.996927 0.065888
vn 0.019115 -0.997866 0.062435
vn 0.089084 -0.993365 0.07273
vn 0.130663 -0.988298 0.078706
vn 0.27319 -0.956919 0.098354
vn 0.577201 -0.80533 0.135212
vn 0.83356 -0.529513 0.157461
vn 0.954308 -0.252896 0.159186
vn 0.987039 -0.051215 0.152091
vn 0.987459 0.018415 0.156801
vn -0.001632 0.998207 -0.05984
vn -0.001638 0.998207 -0.059828
f 53/53/53 52/52/52 51/51/51
f 1134/1134/1134 53/53/53 51/51/51
f 53/53/53 54/54/54 52/52/52
f 1134/1134/1134 51/51/51 1133/1133/1133
f 54/54/54 80/80/80 52/52/52
f 1107/1107/1107 1134/1134/1134 1133/1133/1133
f 54/54/54 81/81/81 80/80/80
f 1107/1107/1107 1133/1133/1133 1106/1106/1106
f 81/81/81 107/107/107 80/80/80
f 1080/1080/1080 1107/1107/1107 1106/1106/1106
f 81/81/81 108/108/108 107/107/107
f 1080/1080/1080 1106/1106/1106 1079/1079/1079
f 108/108/108 134/134/134 107/107/107
f 1053/1053/1053 1080/1080/1080 1079/1079/1079
f 108/108/108 135/135/135 134/134/134
f 1053/1053/1053 1079/1079/1079 1052/1052/1052
f 135/135/135 161/161/161 134/134/134
f 1026/1026/1026 1053/1053/1053 1052/1052/1052
f 135/135/135 162/162/162 161/161/161
f 1026/1026/1026 1052/1052/1052 1025/1025/1025
f 162/162/162 188/188/188 161/161/161
f 999/999/999 1026/1026/1026 1025/1025/1025
f 162/162/162 189/189/189 188/188/188
f 999/999/999 1025/1025/1025 998/998/998
f 189/189/189 215/215/215 188/188/188
f 972/972/972 999/999/999 998/998/998
f 189/189/189 216/216/216 215/215/215
f 972/972/972 998/998/998 971/971/971
f 216/216/216 242/242/242 215/215/215
f 945/945/945 972/972/972 971/971/971
f 216/216/216 243/243/243 242/242/242
f 945/945/945 971/971/971 944/944/944
f 243/243/243 269/269/269 242/242/242
f 918/918/918 945/945/945 944/944/944
f 243/243/243 270/270/270 269/269/269
f 918/918/918 944/944/944 917/917/917
f 270/270/270 296/296/296 269/269/269
f 891/891/891 918/918/918 917/917/917
f 270/270/270 297/297/297 296/296/296
f 891/891/891 917/917/917 890/890/890
f 297/297/297 323/323/323 296/296/296
f 864/864/864 891/891/891 890/890/890
f 297/297/297 324/324/324 323/323/323
f 864/864/864 890/890/890 863/863/863
f 324/324/324 350/350/350 323/323/323
f 837/837/837 864/864/864 863/863/863
f 324/324/324 351/351/351 350/350/350
f 837/837/837 863/863/863 836/836/836
f 351/351/351 377/377/377 350/350/350
f 810/810/810 837/837/837 836/836/836
f 351/351/351 378/378/378 377/377/377
f 810/810/810 836/836/836 809/809/809
f 378/378/378 404/404/404 377/377/377
f 783/783/783 810/810/810 809/809/809
f 378/378/378 405/405/405 404/404/404
f 783/783/783 809/809/809 782/782/782
f 405/405/405 431/431/431 404/404/404
f 756/756/756 783/783/783 782/782/782
f 405/405/405 432/432/432 431/431/431
f 756/756/756 782/782/782 755/755/755
f 432/432/432 458/458/458 431/431/431
f 729/729/729 756/756/756 755/755/755
f 432/432/432 459/459/459 458/458/458
f 729/729/729 755/755/755 728/728/728
f 459/459/459 485/485/485 458/458/458
f 702/702/702 729/729/729 728/728/728
f 459/459/459 486/486/486 485/485/485
f 702/702/702 728/728/728 701/701/701
f 486/486/486 512/512/512 485/485/485
f 675/675/675 702/702/702 701/701/701
f 486/486/486 513/513/513 512/512/512
f 675/675/675 701/701/701 674/674/674
f 513/513/513 539/539/539 512/512/512
f 648/648/648 675/675/675 674/674/674
f 513/513/513 540/540/540 539/539/539
f 648/648/648 674/674/674 647/647/647
f 540/540/540 566/566/566 539/539/539
f 621/621/621 648/648/648 647/647/647
f 540/540/540 567/567/567 566/566/566
f 621/621/621 647/647/647 620/620/620
f 567/567/567 593/593/593 566/566/566
f 594/594/594 621/621/621 620/620/620
f 567/567/567 594/594/594 593/593/593
f 594/594/594 620/620/620 593/593/593
f 3/3/3 2/2/2 1/1/1
f 1109/1109/1109 3/3/3 1/1/1
f 3/3/3 4/4/4 2/2/2
f 1109/1109/1109 1/1/1 1108/1108/1108
f 1082/1082/1082 1109/1109/1109 1108/1108/1108
f 4/4/4 55/55/55 2/2/2
f 4/4/4 56/56/56 55/55/55
f 1082/1082/1082 1108/1108/1108 1081/1081/1081
f 1055/1055/1055 1082/1082/1082 1081/1081/1081
f 56/56/56 82/82/82 55/55/55
f 56/56/56 83/83/83 82/82/82
f 1055/1055/1055 1081/1081/1081 1054/1054/1054
f 1028/1028/1028 1055/1055/1055 1054/1054/1054
f 83/83/83 109/109/109 82/82/82
f 83/83/83 110/110/110 109/109/109
f 1028/1028/1028 1054/1054/1054 1027/1027/1027
f 1001/1001/1001 1028/1028/1028 1027/1027/1027
f 110/110/110 136/136/136 109/109/109
f 110/110/110 137/137/137 136/136/136
f 1001/1001/1001 1027/1027/1027 1000/1000/1000
f 974/974/974 1001/1001/1001 1000/1000/1000
f 137/137/137 163/163/163 136/136/136
f 137/137/137 164/164/164 163/163/163
f 974/974/974 1000/1000/1000 973/973/973
f 947/947/947 974/974/974 973/973/973
f 164/164/164 190/190/190 163/163/163
f 164/164/164 191/191/191 190/190/190
f 947/947/947 973/973/973 946/946/946
f 920/920/920 947/947/947 946/946/946
f 191/191/191 217/217/217 190/190/190
f 191/191/191 218/218/218 217/217/217
f 920/920/920 946/946/946 919/919/919
f 893/893/893 920/920/920 919/919/919
f 218/218/218 244/244/244 217/217/217
f 218/218/218 245/245/245 244/244/244
f 893/893/893 919/919/919 892/892/892
f 866/866/866 893/893/893 892/892/892
f 245/245/245 271/271/271 244/244/244
f 245/245/245 272/272/272 271/271/271
f 866/866/866 892/892/892 865/865/865
f 839/839/839 866/866/866 865/865/865
f 272/272/272 298/298/298 271/271/271
f 272/272/272 299/299/299 298/298/298
f 839/839/839 865/865/865 838/838/838
f 812/812/812 839/839/839 838/838/838
f 299/299/299 325/325/325 298/298/298
f 299/299/299 326/326/326 325/325/325
f 812/812/812 838/838/838 811/811/811
f 785/785/785 812/812/812 811/811/811
f 326/326/326 352/352/352 325/325/325
f 326/326/326 353/353/353 352/352/352
f 785/785/785 811/811/811 784/784/784
f 758/758/758 785/785/785 784/784/784
f 353/353/353 379/379/379 352/352/352
f 353/353/353 380/380/380 379/379/379
f 758/758/758 784/784/784 757/757/757
f 731/731/731 758/758/758 757/757/757
f 380/380/380 406/406/406 379/379/379
f 380/380/380 407/407/407 406/406/406
f 731/731/731 757/757/757 730/730/730
f 704/704/704 731/731/731 730/730/730
f 407/407/407 433/433/433 406/406/406
f 407/407/407 434/434/434 433/433/433
f 704/704/704 730/730/730 703/703/703
f 677/677/677 704/704/704 703/703/703
f 434/434/434 460/460/460 433/433/433
f 434/434/434 461/461/461 460/460/460
f 677/677/677 703/703/703 676/676/676
f 650/650/650 677/677/677 676/676/676
f 461/461/461 487/487/487 460/460/460
f 461/461/461 488/488/488 487/487/487
f 650/650/650 676/676/676 649/649/649
f 623/623/623 650/650/650 649/649/649
f 488/488/488 514/514/514 487/487/487
f 488/488/488 515/515/515 514/514/514
f 623/623/623 649/649/649 622/622/622
f 596/596/596 623/623/623 622/622/622
f 515/515/515 541/541/541 514/514/514
f 515/515/515 542/542/542 541/541/541
f 596/596/596 622/622/622 595/595/595
f 569/569/569 596/596/596 595/595/595
f 542/542/542 569/569/569 568/568/568
f 569/569/569 595/595/595 568/568/568
f 542/542/542 568/568/568 541/541/541
f 595/595/595 622/622/622 624/624/624
f 568/568/568 595/595/595 597/597/597
f 595/595/595 624/624/624 597/597/597
f 541/541/541 568/568/568 570/570/570
f 568/568/568 597/597/597 570/570/570
f 514/514/514 541/541/541 543/543/543
f 541/541/541 570/570/570 543/543/543
f 487/487/487 514/514/514 516/516/516
f 514/514/514 543/543/543 516/516/516
f 570/570/570 597/597/597 598/598/598
f 487/487/487 516/516/516 489/489/489
f 460/460/460 487/487/487 489/489/489
f 543/543/543 570/570/570 571/571/571
f 570/570/570 598/598/598 571/571/571
f 516/516/516 543/543/543 544/544/544
f 543/543/543 571/571/571 544/544/544
f 489/489/489 516/516/516 517/517/517
f 516/516/516 544/544/544 517/517/517
f 460/460/460 489/489/489 462/462/462
f 433/433/433 460/460/460 462/462/462
f 489/489/489 517/517/517 490/490/490
f 462/462/462 489/489/489 490/490/490
f 433/433/433 462/462/462 435/435/435
f 406/406/406 433/433/433 435/435/435
f 462/462/462 490/490/490 463/463/463
f 435/435/435 462/462/462 463/463/463
f 406/406/406 435/435/435 408/408/408
f 379/379/379 406/406/406 408/408/408
f 435/435/435 463/463/463 436/436/436
f 408/408/408 435/435/435 436/436/436
f 379/379/379 408/408/408 381/381/381
f 352/352/352 379/379/379 381/381/381
f 408/408/408 436/436/436 409/409/409
f 381/381/381 408/408/408 409/409/409
f 352/352/352 381/381/381 354/354/354
f 325/325/325 352/352/352 354/354/354
f 381/381/381 409/409/409 382/382/382
f 354/354/354 381/381/381 382/382/382
f 325/325/325 354/354/354 327/327/327
f 298/298/298 325/325/325 327/327/327
f 354/354/354 382/382/382 355/355/355
f 327/327/327 354/354/354 355/355/355
f 298/298/298 327/327/327 300/300/300
f 271/271/271 298/298/298 300/300/300
f 327/327/327 355/355/355 328/328/328
f 300/300/300 327/327/327 328/328/328
f 271/271/271 300/300/300 273/273/273
f 244/244/244 271/271/271 273/273/273
f 300/300/300 328/328/328 301/301/301
f 273/273/273 300/300/300 301/301/301
f 244/244/244 273/273/273 246/246/246
f 217/217/217 244/244/244 246/246/246
f 273/273/273 301/301/301 274/274/274
f 246/246/246 273/273/273 274/274/274
f 217/217/217 246/246/246 219/219/219
f 190/190/190 217/217/217 219/219/219
f 246/246/246 274/274/274 247/247/247
f 219/219/219 246/246/246 247/247/247
f 190/190/190 219/219/219 192/192/192
f 163/163/163 190/190/190 192/192/192
f 219/219/219 247/247/247 220/220/220
f 192/192/192 219/219/219 220/220/220
f 163/163/163 192/192/192 165/165/165
f 136/136/136 163/163/163 165/165/165
f 192/192/192 220/220/220 193/193/193
f 165/165/165 192/192/192 193/193/193
f 136/136/136 165/165/165 138/138/138
f 109/109/109 136/136/136 138/138/138
f 165/165/165 193/193/193 166/166/166
f 138/138/138 165/165/165 166/166/166
f 109/109/109 138/138/138 111/111/111
f 82/82/82 109/109/109 111/111/111
f 138/138/138 166/166/166 139/139/139
f 111/111/111 138/138/138 139/139/139
f 82/82/82 111/111/111 84/84/84
f 55/55/55 82/82/82 84/84/84
f 111/111/111 139/139/139 112/112/112
f 84/84/84 111/111/111 112/112/112
f 55/55/55 84/84/84 57/57/57
f 2/2/2 55/55/55 57/57/57
f 84/84/84 112/112/112 85/85/85
f 57/57/57 84/84/84 85/85/85
f 2/2/2 57/57/57 6/6/6
f 1/1/1 2/2/2 6/6/6
f 57/57/57 85/85/85 58/58/58
f 6/6/6 57/57/57 58/58/58
f 1/1/1 6/6/6 5/5/5
f 1108/1108/1108 1/1/1 5/5/5
f 6/6/6 58/58/58 8/8/8
f 5/5/5 6/6/6 8/8/8
f 1108/1108/1108 5/5/5 1110/1110/1110
f 1081/1081/1081 1108/1108/1108 1110/1110/1110
f 5/5/5 8/8/8 7/7/7
f 1110/1110/1110 5/5/5 7/7/7
f 1081/1081/1081 1110/1110/1110 1083/1083/1083
f 1054/1054/1054 1081/1081/1081 1083/1083/1083
f 1110/1110/1110 7/7/7 1111/1111/1111
f 1083/1083/1083 1110/1110/1110 1111/1111/1111
f 1054/1054/1054 1083/1083/1083 1056/1056/1056
f 1027/1027/1027 1054/1054/1054 1056/1056/1056
f 1083/1083/1083 1111/1111/1111 1084/1084/1084
f 1056/1056/1056 1083/1083/1083 1084/1084/1084
f 1027/1027/1027 1056/1056/1056 1029/1029/1029
f 1000/1000/1000 1027/1027/1027 1029/1029/1029
f 1056/1056/1056 1084/1084/1084 1057/1057/1057
f 1029/1029/1029 1056/1056/1056 1057/1057/1057
f 1000/1000/1000 1029/1029/1029 1002/1002/1002
f 973/973/973 1000/1000/1000 1002/1002/1002
f 1029/1029/1029 1057/1057/1057 1030/1030/1030
f 1002/1002/1002 1029/1029/1029 1030/1030/1030
f 973/973/973 1002/1002/1002 975/975/975
f 946/946/946 973/973/973 975/975/975
f 1002/1002/1002 1030/1030/1030 1003/1003/1003
f 975/975/975 1002/1002/1002 1003/1003/1003
f 946/946/946 975/975/975 948/948/948
f 919/919/919 946/946/946 948/948/948
f 975/975/975 1003/1003/1003 976/976/976
f 948/948/948 975/975/975 976/976/976
f 919/919/919 948/948/948 921/921/921
f 892/892/892 919/919/919 921/921/921
f 948/948/948 976/976/976 949/949/949
f 921/921/921 948/948/948 949/949/949
f 892/892/892 921/921/921 894/894/894
f 865/865/865 892/892/892 894/894/894
f 921/921/921 949/949/949 922/922/922
f 894/894/894 921/921/921 922/922/922
f 865/865/865 894/894/894 867/867/867
f 838/838/838 865/865/865 867/867/867
f 894/894/894 922/922/922 895/895/895
f 867/867/867 894/894/894 895/895/895
f 838/838/838 867/867/867 840/840/840
f 811/811/811 838/838/838 840/840/840
f 867/867/867 895/895/895 868/868/868
f 840/840/840 867/867/867 868/868/868
f 811/811/811 840/840/840 813/813/813
f 784/784/784 811/811/811 813/813/813
f 840/840/840 868/868/868 841/841/841
f 813/813/813 840/840/840 841/841/841
f 784/784/784 813/813/813 786/786/786
f 757/757/757 784/784/784 786/786/786
f 813/813/813 841/841/841 814/814/814
f 786/786/786 813/813/813 814/814/814
f 757/757/757 786/786/786 759/759/759
f 730/730/730 757/757/757 759/759/759
f 786/786/786 814/814/814 787/787/787
f 759/759/759 786/786/786 787/787/787
f 730/730/730 759/759/759 732/732/732
f 703/703/703 730/730/730 732/732/732
f 759/759/759 787/787/787 760/760/760
f 732/732/732 759/759/759 760/760/760
f 703/703/703 732/732/732 705/705/705
f 676/676/676 703/703/703 705/705/705
f 732/732/732 760/760/760 733/733/733
f 705/705/705 732/732/732 733/733/733
f 676/676/676 705/705/705 678/678/678
f 649/649/649 676/676/676 678/678/678
f 705/705/705 733/733/733 706/706/706
f 678/678/678 705/705/705 706/706/706
f 649/649/649 678/678/678 651/651/651
f 622/622/622 649/649/649 651/651/651
f 622/622/622 651/651/651 624/624/624
f 678/678/678 706/706/706 679/679/679
f 651/651/651 678/678/678 679/679/679
f 624/624/624 651/651/651 652/652/652
f 651/651/651 679/679/679 652/652/652
f 624/624/624 652/652/652 625/625/625
f 597/597/597 624/624/624 625/625/625
f 597/597/597 625/625/625 598/598/598
f 652/652/652 679/679/679 680/680/680
f 625/625/625 652/652/652 653/653/653
f 652/652/652 680/680/680 653/653/653
f 598/598/598 625/625/625 626/626/626
f 625/625/625 653/653/653 626/626/626
f 679/679/679 707/707/707 680/680/680
f 679/679/679 706/706/706 707/707/707
f 598/598/598 626/626/626 599/599/599
f 571/571/571 598/598/598 599/599/599
f 706/706/706 734/734/734 707/707/707
f 706/706/706 733/733/733 734/734/734
f 571/571/571 599/599/599 572/572/572
f 544/544/544 571/571/571 572/572/572
f 733/733/733 761/761/761 734/734/734
f 733/733/733 760/760/760 761/761/761
f 544/544/544 572/572/572 545/545/545
f 517/517/517 544/544/544 545/545/545
f 760/760/760 788/788/788 761/761/761
f 760/760/760 787/787/787 788/788/788
f 517/517/517 545/545/545 518/518/518
f 490/490/490 517/517/517 518/518/518
f 787/787/787 815/815/815 788/788/788
f 787/787/787 814/814/814 815/815/815
f 490/490/490 518/518/518 491/491/491
f 463/463/463 490/490/490 491/491/491
f 814/814/814 842/842/842 815/815/815
f 814/814/814 841/841/841 842/842/842
f 463/463/463 491/491/491 464/464/464
f 436/436/436 463/463/463 464/464/464
f 841/841/841 869/869/869 842/842/842
f 841/841/841 868/868/868 869/869/869
f 436/436/436 464/464/464 437/437/437
f 409/409/409 436/436/436 437/437/437
f 868/868/868 896/896/896 869/869/869
f 868/868/868 895/895/895 896/896/896
f 409/409/409 437/437/437 410/410/410
f 382/382/382 409/409/409 410/410/410
f 895/895/895 923/923/923 896/896/896
f 895/895/895 922/922/922 923/923/923
f 382/382/382 410/410/410 383/383/383
f 355/355/355 382/382/382 383/383/383
f 922/922/922 950/950/950 923/923/923
f 922/922/922 949/949/949 950/950/950
f 355/355/355 383/383/383 356/356/356
f 328/328/328 355/355/355 356/356/356
f 949/949/949 977/977/977 950/950/950
f 949/949/949 976/976/976 977/977/977
f 328/328/328 356/356/356 329/329/329
f 301/301/301 328/328/328 329/329/329
f 976/976/976 1004/1004/1004 977/977/977
f 976/976/976 1003/1003/1003 1004/1004/1004
f 301/301/301 329/329/329 302/302/302
f 274/274/274 301/301/301 302/302/302
f 1003/1003/1003 1031/1031/1031 1004/1004/1004
f 1003/1003/1003 1030/1030/1030 1031/1031/1031
f 274/274/274 302/302/302 275/275/275
f 247/247/247 274/274/274 275/275/275
f 1030/1030/1030 1058/1058/1058 1031/1031/1031
f 1030/1030/1030 1057/1057/1057 1058/1058/1058
f 247/247/247 275/275/275 248/248/248
f 220/220/220 247/247/247 248/248/248
f 1057/1057/1057 1085/1085/1085 1058/1058/1058
f 1057/1057/1057 1084/1084/1084 1085/1085/1085
f 220/220/220 248/248/248 221/221/221
f 193/193/193 220/220/220 221/221/221
f 1084/1084/1084 1112/1112/1112 1085/1085/1085
f 1084/1084/1084 1111/1111/1111 1112/1112/1112
f 193/193/193 221/221/221 194/194/194
f 166/166/166 193/193/193 194/194/194
f 1111/1111/1111 9/9/9 1112/1112/1112
f 1111/1111/1111 7/7/7 9/9/9
f 166/166/166 194/194/194 167/167/167
f 139/139/139 166/166/166 167/167/167
f 7/7/7 10/10/10 9/9/9
f 7/7/7 8/8/8 10/10/10
f 139/139/139 167/167/167 140/140/140
f 112/112/112 139/139/139 140/140/140
f 8/8/8 59/59/59 10/10/10
f 8/8/8 58/58/58 59/59/59
f 112/112/112 140/140/140 113/113/113
f 85/85/85 112/112/112 113/113/113
f 58/58/58 85/85/85 86/86/86
f 85/85/85 113/113/113 86/86/86
f 58/58/58 86/86/86 59/59/59
f 113/113/113 140/140/140 141/141/141
f 86/86/86 113/113/113 114/114/114
f 113/113/113 141/141/141 114/114/114
f 59/59/59 86/86/86 87/87/87
f 86/86/86 114/114/114 87/87/87
f 10/10/10 59/59/59 60/60/60
f 59/59/59 87/87/87 60/60/60
f 9/9/9 10/10/10 12/12/12
f 10/10/10 60/60/60 12/12/12
f 87/87/87 114/114/114 115/115/115
f 9/9/9 12/12/12 11/11/11
f 1112/1112/1112 9/9/9 11/11/11
f 60/60/60 87/87/87 88/88/88
f 87/87/87 115/115/115 88/88/88
f 12/12/12 60/60/60 61/61/61
f 60/60/60 88/88/88 61/61/61
f 11/11/11 12/12/12 14/14/14
f 12/12/12 61/61/61 14/14/14
f 1112/1112/1112 11/11/11 1113/1113/1113
f 1085/1085/1085 1112/1112/1112 1113/1113/1113
f 11/11/11 14/14/14 13/13/13
f 1113/1113/1113 11/11/11 13/13/13
f 1085/1085/1085 1113/1113/1113 1086/1086/1086
f 1058/1058/1058 1085/1085/1085 1086/1086/1086
f 1113/1113/1113 13/13/13 1114/1114/1114
f 1086/1086/1086 1113/1113/1113 1114/1114/1114
f 1058/1058/1058 1086/1086/1086 1059/1059/1059
f 1031/1031/1031 1058/1058/1058 1059/1059/1059
f 1086/1086/1086 1114/1114/1114 1087/1087/1087
f 1059/1059/1059 1086/1086/1086 1087/1087/1087
f 1031/1031/1031 1059/1059/1059 1032/1032/1032
f 1004/1004/1004 1031/1031/1031 1032/1032/1032
f 1059/1059/1059 1087/1087/1087 1060/1060/1060
f 1032/1032/1032 1059/1059/1059 1060/1060/1060
f 1004/1004/1004 1032/1032/1032 1005/1005/1005
f 977/977/977 1004/1004/1004 1005/1005/1005
f 1032/1032/1032 1060/1060/1060 1033/1033/1033
f 1005/1005/1005 1032/1032/1032 1033/1033/1033
f 977/977/977 1005/1005/1005 978/978/978
f 950/950/950 977/977/977 978/978/978
f 1005/1005/1005 1033/1033/1033 1006/1006/1006
f 978/978/978 1005/1005/1005 1006/1006/1006
f 950/950/950 978/978/978 951/951/951
f 923/923/923 950/950/950 951/951/951
f 978/978/978 1006/1006/1006 979/979/979
f 951/951/951 978/978/978 979/979/979
f 923/923/923 951/951/951 924/924/924
f 896/896/896 923/923/923 924/924/924
f 951/951/951 979/979/979 952/952/952
f 924/924/924 951/951/951 952/952/952
f 896/896/896 924/924/924 897/897/897
f 869/869/869 896/896/896 897/897/897
f 924/924/924 952/952/952 925/925/925
f 897/897/897 924/924/924 925/925/925
f 869/869/869 897/897/897 870/870/870
f 842/842/842 869/869/869 870/870/870
f 897/897/897 925/925/925 898/898/898
f 870/870/870 897/897/897 898/898/898
f 842/842/842 870/870/870 843/843/843
f 815/815/815 842/842/842 843/843/843
f 870/870/870 898/898/898 871/871/871
f 843/843/843 870/870/870 871/871/871
f 815/815/815 843/843/843 816/816/816
f 788/788/788 815/815/815 816/816/816
f 843/843/843 871/871/871 844/844/844
f 816/816/816 843/843/843 844/844/844
f 788/788/788 816/816/816 789/789/789
f 761/761/761 788/788/788 789/789/789
f 816/816/816 844/844/844 817/817/817
f 789/789/789 816/816/816 817/817/817
f 761/761/761 789/789/789 762/762/762
f 734/734/734 761/761/761 762/762/762
f 789/789/789 817/817/817 790/790/790
f 762/762/762 789/789/789 790/790/790
f 734/734/734 762/762/762 735/735/735
f 707/707/707 734/734/734 735/735/735
f 762/762/762 790/790/790 763/763/763
f 735/735/735 762/762/762 763/763/763
f 707/707/707 735/735/735 708/708/708
f 680/680/680 707/707/707 708/708/708
f 735/735/735 763/763/763 736/736/736
f 708/708/708 735/735/735 736/736/736
f 680/680/680 708/708/708 681/681/681
f 653/653/653 680/680/680 681/681/681
f 708/708/708 736/736/736 709/709/709
f 681/681/681 708/708/708 709/709/709
f 653/653/653 681/681/681 654/654/654
f 626/626/626 653/653/653 654/654/654
f 681/681/681 709/709/709 682/682/682
f 654/654/654 681/681/681 682/682/682
f 626/626/626 654/654/654 627/627/627
f 599/599/599 626/626/626 627/627/627
f 654/654/654 682/682/682 655/655/655
f 627/627/627 654/654/654 655/655/655
f 599/599/599 627/627/627 600/600/600
f 572/572/572 599/599/599 600/600/600
f 627/627/627 655/655/655 628/628/628
f 600/600/600 627/627/627 628/628/628
f 572/572/572 600/600/600 573/573/573
f 545/545/545 572/572/572 573/573/573
f 600/600/600 628/628/628 601/601/601
f 573/573/573 600/600/600 601/601/601
f 545/545/545 573/573/573 546/546/546
f 518/518/518 545/545/545 546/546/546
f 573/573/573 601/601/601 574/574/574
f 546/546/546 573/573/573 574/574/574
f 518/518/518 546/546/546 519/519/519
f 491/491/491 518/518/518 519/519/519
f 546/546/546 574/574/574 547/547/547
f 519/519/519 546/546/546 547/547/547
f 491/491/491 519/519/519 492/492/492
f 464/464/464 491/491/491 492/492/492
f 519/519/519 547/547/547 520/520/520
f 492/492/492 519/519/519 520/520/520
f 464/464/464 492/492/492 465/465/465
f 437/437/437 464/464/464 465/465/465
f 492/492/492 520/520/520 493/493/493
f 465/465/465 492/492/492 493/493/493
f 437/437/437 465/465/465 438/438/438
f 410/410/410 437/437/437 438/438/438
f 465/465/465 493/493/493 466/466/466
f 438/438/438 465/465/465 466/466/466
f 410/410/410 438/438/438 411/411/411
f 383/383/383 410/410/410 411/411/411
f 438/438/438 466/466/466 439/439/439
f 411/411/411 438/438/438 439/439/439
f 383/383/383 411/411/411 384/384/384
f 356/356/356 383/383/383 384/384/384
f 411/411/411 439/439/439 412/412/412
f 384/384/384 411/411/411 412/412/412
f 356/356/356 384/384/384 357/357/357
f 329/329/329 356/356/356 357/357/357
f 384/384/384 412/412/412 385/385/385
f 357/357/357 384/384/384 385/385/385
f 329/329/329 357/357/357 330/330/330
f 302/302/302 329/329/329 330/330/330
f 357/357/357 385/385/385 358/358/358
f 330/330/330 357/357/357 358/358/358
f 302/302/302 330/330/330 303/303/303
f 275/275/275 302/302/302 303/303/303
f 330/330/330 358/358/358 331/331/331
f 303/303/303 330/330/330 331/331/331
f 275/275/275 303/303/303 276/276/276
f 248/248/248 275/275/275 276/276/276
f 303/303/303 331/331/331 304/304/304
f 276/276/276 303/303/303 304/304/304
f 248/248/248 276/276/276 249/249/249
f 221/221/221 248/248/248 249/249/249
f 276/276/276 304/304/304 277/277/277
f 249/249/249 276/276/276 277/277/277
f 221/221/221 249/249/249 222/222/222
f 194/194/194 221/221/221 222/222/222
f 249/249/249 277/277/277 250/250/250
f 222/222/222 249/249/249 250/250/250
f 194/194/194 222/222/222 195/195/195
f 167/167/167 194/194/194 195/195/195
f 222/222/222 250/250/250 223/223/223
f 195/195/195 222/222/222 223/223/223
f 167/167/167 195/195/195 168/168/168
f 140/140/140 167/167/167 168/168/168
f 140/140/140 168/168/168 141/141/141
f 195/195/195 223/223/223 196/196/196
f 168/168/168 195/195/195 196/196/196
f 141/141/141 168/168/168 169/169/169
f 168/168/168 196/196/196 169/169/169
f 141/141/141 169/169/169 142/142/142
f 114/114/114 141/141/141 142/142/142
f 114/114/114 142/142/142 115/115/115
f 169/169/169 196/196/196 197/197/197
f 142/142/142 169/169/169 170/170/170
f 169/169/169 197/197/197 170/170/170
f 115/115/115 142/142/142 143/143/143
f 142/142/142 170/170/170 143/143/143
f 196/196/196 224/224/224 197/197/197
f 196/196/196 223/223/223 224/224/224
f 115/115/115 143/143/143 116/116/116
f 88/88/88 115/115/115 116/116/116
f 223/223/223 251/251/251 224/224/224
f 223/223/223 250/250/250 251/251/251
f 88/88/88 116/116/116 89/89/89
f 61/61/61 88/88/88 89/89/89
f 250/250/250 278/278/278 251/251/251
f 250/250/250 277/277/277 278/278/278
f 61/61/61 89/89/89 62/62/62
f 14/14/14 61/61/61 62/62/62
f 277/277/277 305/305/305 278/278/278
f 277/277/277 304/304/304 305/305/305
f 14/14/14 62/62/62 16/16/16
f 13/13/13 14/14/14 16/16/16
f 304/304/304 332/332/332 305/305/305
f 304/304/304 331/331/331 332/332/332
f 13/13/13 16/16/16 15/15/15
f 1114/1114/1114 13/13/13 15/15/15
f 331/331/331 359/359/359 332/332/332
f 331/331/331 358/358/358 359/359/359
f 1114/1114/1114 15/15/15 1115/1115/1115
f 1087/1087/1087 1114/1114/1114 1115/1115/1115
f 358/358/358 386/386/386 359/359/359
f 358/358/358 385/385/385 386/386/386
f 1087/1087/1087 1115/1115/1115 1088/1088/1088
f 1060/1060/1060 1087/1087/1087 1088/1088/1088
f 385/385/385 413/413/413 386/386/386
f 385/385/385 412/412/412 413/413/413
f 1060/1060/1060 1088/1088/1088 1061/1061/1061
f 1033/1033/1033 1060/1060/1060 1061/1061/1061
f 412/412/412 440/440/440 413/413/413
f 412/412/412 439/439/439 440/440/440
f 1033/1033/1033 1061/1061/1061 1034/1034/1034
f 1006/1006/1006 1033/1033/1033 1034/1034/1034
f 439/439/439 467/467/467 440/440/440
f 439/439/439 466/466/466 467/467/467
f 1006/1006/1006 1034/1034/1034 1007/1007/1007
f 979/979/979 1006/1006/1006 1007/1007/1007
f 466/466/466 494/494/494 467/467/467
f 466/466/466 493/493/493 494/494/494
f 979/979/979 1007/1007/1007 980/980/980
f 952/952/952 979/979/979 980/980/980
f 493/493/493 521/521/521 494/494/494
f 493/493/493 520/520/520 521/521/521
f 952/952/952 980/980/980 953/953/953
f 925/925/925 952/952/952 953/953/953
f 520/520/520 548/548/548 521/521/521
f 520/520/520 547/547/547 548/548/548
f 925/925/925 953/953/953 926/926/926
f 898/898/898 925/925/925 926/926/926
f 547/547/547 575/575/575 548/548/548
f 547/547/547 574/574/574 575/575/575
f 898/898/898 926/926/926 899/899/899
f 871/871/871 898/898/898 899/899/899
f 574/574/574 602/602/602 575/575/575
f 574/574/574 601/601/601 602/602/602
f 871/871/871 899/899/899 872/872/872
f 844/844/844 871/871/871 872/872/872
f 601/601/601 629/629/629 602/602/602
f 601/601/601 628/628/628 629/629/629
f 844/844/844 872/872/872 845/845/845
f 817/817/817 844/844/844 845/845/845
f 628/628/628 656/656/656 629/629/629
f 628/628/628 655/655/655 656/656/656
f 817/817/817 845/845/845 818/818/818
f 790/790/790 817/817/817 818/818/818
f 655/655/655 683/683/683 656/656/656
f 655/655/655 682/682/682 683/683/683
f 790/790/790 818/818/818 791/791/791
f 763/763/763 790/790/790 791/791/791
f 682/682/682 710/710/710 683/683/683
f 682/682/682 709/709/709 710/710/710
f 763/763/763 791/791/791 764/764/764
f 736/736/736 763/763/763 764/764/764
f 709/709/709 736/736/736 737/737/737
f 736/736/736 764/764/764 737/737/737
f 709/709/709 737/737/737 710/710/710
f 764/764/764 791/791/791 792/792/792
f 737/737/737 764/764/764 765/765/765
f 764/764/764 792/792/792 765/765/765
f 710/710/710 737/737/737 738/738/738
f 737/737/737 765/765/765 738/738/738
f 683/683/683 710/710/710 711/711/711
f 710/710/710 738/738/738 711/711/711
f 765/765/765 792/792/792 793/793/793
f 765/765/765 793/793/793 766/766/766
f 738/738/738 765/765/765 766/766/766
f 792/792/792 820/820/820 793/793/793
f 738/738/738 766/766/766 739/739/739
f 711/711/711 738/738/738 739/739/739
f 711/711/711 739/739/739 712/712/712
f 792/792/792 819/819/819 820/820/820
f 791/791/791 819/819/819 792/792/792
f 791/791/791 818/818/818 819/819/819
f 819/819/819 847/847/847 820/820/820
f 684/684/684 711/711/711 712/712/712
f 683/683/683 711/711/711 684/684/684
f 656/656/656 683/683/683 684/684/684
f 684/684/684 712/712/712 685/685/685
f 819/819/819 846/846/846 847/847/847
f 818/818/818 846/846/846 819/819/819
f 818/818/818 845/845/845 846/846/846
f 846/846/846 874/874/874 847/847/847
f 657/657/657 684/684/684 685/685/685
f 656/656/656 684/684/684 657/657/657
f 629/629/629 656/656/656 657/657/657
f 657/657/657 685/685/685 658/658/658
f 846/846/846 873/873/873 874/874/874
f 845/845/845 873/873/873 846/846/846
f 845/845/845 872/872/872 873/873/873
f 873/873/873 901/901/901 874/874/874
f 630/630/630 657/657/657 658/658/658
f 629/629/629 657/657/657 630/630/630
f 630/630/630 658/658/658 631/631/631
f 602/602/602 629/629/629 630/630/630
f 873/873/873 900/900/900 901/901/901
f 872/872/872 900/900/900 873/873/873
f 900/900/900 928/928/928 901/901/901
f 872/872/872 899/899/899 900/900/900
f 602/602/602 630/630/630 603/603/603
f 603/603/603 630/630/630 631/631/631
f 575/575/575 602/602/602 603/603/603
f 603/603/603 631/631/631 604/604/604
f 899/899/899 927/927/927 900/900/900
f 900/900/900 927/927/927 928/928/928
f 899/899/899 926/926/926 927/927/927
f 927/927/927 955/955/955 928/928/928
f 576/576/576 603/603/603 604/604/604
f 575/575/575 603/603/603 576/576/576
f 576/576/576 604/604/604 577/577/577
f 548/548/548 575/575/575 576/576/576
f 927/927/927 954/954/954 955/955/955
f 926/926/926 954/954/954 927/927/927
f 954/954/954 982/982/982 955/955/955
f 926/926/926 953/953/953 954/954/954
f 548/548/548 576/576/576 549/549/549
f 549/549/549 576/576/576 577/577/577
f 521/521/521 548/548/548 549/549/549
f 549/549/549 577/577/577 550/550/550
f 953/953/953 981/981/981 954/954/954
f 954/954/954 981/981/981 982/982/982
f 953/953/953 980/980/980 981/981/981
f 981/981/981 1009/1009/1009 982/982/982
f 522/522/522 549/549/549 550/550/550
f 521/521/521 549/549/549 522/522/522
f 522/522/522 550/550/550 523/523/523
f 494/494/494 521/521/521 522/522/522
f 981/981/981 1008/1008/1008 1009/1009/1009
f 980/980/980 1008/1008/1008 981/981/981
f 1008/1008/1008 1036/1036/1036 1009/1009/1009
f 980/980/980 1007/1007/1007 1008/1008/1008
f 494/494/494 522/522/522 495/495/495
f 495/495/495 522/522/522 523/523/523
f 467/467/467 494/494/494 495/495/495
f 495/495/495 523/523/523 496/496/496
f 1007/1007/1007 1035/1035/1035 1008/1008/1008
f 1008/1008/1008 1035/1035/1035 1036/1036/1036
f 1007/1007/1007 1034/1034/1034 1035/1035/1035
f 1035/1035/1035 1063/1063/1063 1036/1036/1036
f 468/468/468 495/495/495 496/496/496
f 467/467/467 495/495/495 468/468/468
f 468/468/468 496/496/496 469/469/469
f 440/440/440 467/467/467 468/468/468
f 1035/1035/1035 1062/1062/1062 1063/1063/1063
f 1034/1034/1034 1062/1062/1062 1035/1035/1035
f 1062/1062/1062 1090/1090/1090 1063/1063/1063
f 1034/1034/1034 1061/1061/1061 1062/1062/1062
f 440/440/440 468/468/468 441/441/441
f 441/441/441 468/468/468 469/469/469
f 413/413/413 440/440/440 441/441/441
f 441/441/441 469/469/469 442/442/442
f 1061/1061/1061 1089/1089/1089 1062/1062/1062
f 1062/1062/1062 1089/1089/1089 1090/1090/1090
f 1061/1061/1061 1088/1088/1088 1089/1089/1089
f 1089/1089/1089 1117/1117/1117 1090/1090/1090
f 414/414/414 441/441/441 442/442/442
f 413/413/413 441/441/441 414/414/414
f 414/414/414 442/442/442 415/415/415
f 386/386/386 413/413/413 414/414/414
f 1089/1089/1089 1116/1116/1116 1117/1117/1117
f 1088/1088/1088 1116/1116/1116 1089/1089/1089
f 1116/1116/1116 19/19/19 1117/1117/1117
f 1088/1088/1088 1115/1115/1115 1116/1116/1116
f 386/386/386 414/414/414 387/387/387
f 387/387/387 414/414/414 415/415/415
f 359/359/359 386/386/386 387/387/387
f 387/387/387 415/415/415 388/388/388
f 1115/1115/1115 17/17/17 1116/1116/1116
f 1116/1116/1116 17/17/17 19/19/19
f 1115/1115/1115 15/15/15 17/17/17
f 17/17/17 20/20/20 19/19/19
f 360/360/360 387/387/387 388/388/388
f 359/359/359 387/387/387 360/360/360
f 360/360/360 388/388/388 361/361/361
f 332/332/332 359/359/359 360/360/360
f 17/17/17 18/18/18 20/20/20
f 15/15/15 18/18/18 17/17/17
f 18/18/18 64/64/64 20/20/20
f 15/15/15 16/16/16 18/18/18
f 332/332/332 360/360/360 333/333/333
f 333/333/333 360/360/360 361/361/361
f 305/305/305 332/332/332 333/333/333
f 333/333/333 361/361/361 334/334/334
f 16/16/16 63/63/63 18/18/18
f 18/18/18 63/63/63 64/64/64
f 16/16/16 62/62/62 63/63/63
f 63/63/63 91/91/91 64/64/64
f 306/306/306 333/333/333 334/334/334
f 305/305/305 333/333/333 306/306/306
f 306/306/306 334/334/334 307/307/307
f 278/278/278 305/305/305 306/306/306
f 63/63/63 90/90/90 91/91/91
f 62/62/62 90/90/90 63/63/63
f 90/90/90 118/118/118 91/91/91
f 62/62/62 89/89/89 90/90/90
f 278/278/278 306/306/306 279/279/279
f 279/279/279 306/306/306 307/307/307
f 251/251/251 278/278/278 279/279/279
f 279/279/279 307/307/307 280/280/280
f 89/89/89 117/117/117 90/90/90
f 90/90/90 117/117/117 118/118/118
f 89/89/89 116/116/116 117/117/117
f 117/117/117 145/145/145 118/118/118
f 252/252/252 279/279/279 280/280/280
f 251/251/251 279/279/279 252/252/252
f 252/252/252 280/280/280 253/253/253
f 224/224/224 251/251/251 252/252/252
f 117/117/117 144/144/144 145/145/145
f 116/116/116 144/144/144 117/117/117
f 144/144/144 172/172/172 145/145/145
f 116/116/116 143/143/143 144/144/144
f 224/224/224 252/252/252 225/225/225
f 225/225/225 252/252/252 253/253/253
f 197/197/197 224/224/224 225/225/225
f 225/225/225 253/253/253 226/226/226
f 143/143/143 171/171/171 144/144/144
f 144/144/144 171/171/171 172/172/172
f 143/143/143 170/170/170 171/171/171
f 171/171/171 199/199/199 172/172/172
f 170/170/170 197/197/197 198/198/198
f 170/170/170 198/198/198 171/171/171
f 197/197/197 225/225/225 198/198/198
f 171/171/171 198/198/198 199/199/199
f 198/198/198 225/225/225 226/226/226
f 198/198/198 226/226/226 199/199/199
f 23/23/23 22/22/22 21/21/21
f 1119/1119/1119 23/23/23 21/21/21
f 23/23/23 24/24/24 22/22/22
f 1119/1119/1119 21/21/21 1118/1118/1118
f 1092/1092/1092 1119/1119/1119 1118/1118/1118
f 24/24/24 65/65/65 22/22/22
f 24/24/24 66/66/66 65/65/65
f 1092/1092/1092 1118/1118/1118 1091/1091/1091
f 1065/1065/1065 1092/1092/1092 1091/1091/1091
f 66/66/66 92/92/92 65/65/65
f 66/66/66 93/93/93 92/92/92
f 1065/1065/1065 1091/1091/1091 1064/1064/1064
f 1038/1038/1038 1065/1065/1065 1064/1064/1064
f 93/93/93 119/119/119 92/92/92
f 93/93/93 120/120/120 119/119/119
f 1038/1038/1038 1064/1064/1064 1037/1037/1037
f 1011/1011/1011 1038/1038/1038 1037/1037/1037
f 120/120/120 146/146/146 119/119/119
f 120/120/120 147/147/147 146/146/146
f 1011/1011/1011 1037/1037/1037 1010/1010/1010
f 984/984/984 1011/1011/1011 1010/1010/1010
f 147/147/147 173/173/173 146/146/146
f 147/147/147 174/174/174 173/173/173
f 984/984/984 1010/1010/1010 983/983/983
f 957/957/957 984/984/984 983/983/983
f 174/174/174 200/200/200 173/173/173
f 174/174/174 201/201/201 200/200/200
f 957/957/957 983/983/983 956/956/956
f 930/930/930 957/957/957 956/956/956
f 201/201/201 227/227/227 200/200/200
f 201/201/201 228/228/228 227/227/227
f 930/930/930 956/956/956 929/929/929
f 903/903/903 930/930/930 929/929/929
f 228/228/228 254/254/254 227/227/227
f 228/228/228 255/255/255 254/254/254
f 903/903/903 929/929/929 902/902/902
f 876/876/876 903/903/903 902/902/902
f 255/255/255 281/281/281 254/254/254
f 255/255/255 282/282/282 281/281/281
f 876/876/876 902/902/902 875/875/875
f 849/849/849 876/876/876 875/875/875
f 282/282/282 308/308/308 281/281/281
f 282/282/282 309/309/309 308/308/308
f 849/849/849 875/875/875 848/848/848
f 822/822/822 849/849/849 848/848/848
f 309/309/309 335/335/335 308/308/308
f 309/309/309 336/336/336 335/335/335
f 822/822/822 848/848/848 821/821/821
f 795/795/795 822/822/822 821/821/821
f 336/336/336 362/362/362 335/335/335
f 336/336/336 363/363/363 362/362/362
f 795/795/795 821/821/821 794/794/794
f 768/768/768 795/795/795 794/794/794
f 363/363/363 389/389/389 362/362/362
f 363/363/363 390/390/390 389/389/389
f 768/768/768 794/794/794 767/767/767
f 741/741/741 768/768/768 767/767/767
f 390/390/390 416/416/416 389/389/389
f 390/390/390 417/417/417 416/416/416
f 741/741/741 767/767/767 740/740/740
f 714/714/714 741/741/741 740/740/740
f 417/417/417 443/443/443 416/416/416
f 417/417/417 444/444/444 443/443/443
f 714/714/714 740/740/740 713/713/713
f 687/687/687 714/714/714 713/713/713
f 444/444/444 470/470/470 443/443/443
f 444/444/444 471/471/471 470/470/470
f 687/687/687 713/713/713 686/686/686
f 660/660/660 687/687/687 686/686/686
f 471/471/471 497/497/497 470/470/470
f 471/471/471 498/498/498 497/497/497
f 660/660/660 686/686/686 659/659/659
f 633/633/633 660/660/660 659/659/659
f 498/498/498 524/524/524 497/497/497
f 498/498/498 525/525/525 524/524/524
f 633/633/633 659/659/659 632/632/632
f 606/606/606 633/633/633 632/632/632
f 525/525/525 551/551/551 524/524/524
f 525/525/525 552/552/552 551/551/551
f 606/606/606 632/632/632 605/605/605
f 579/579/579 606/606/606 605/605/605
f 552/552/552 579/579/579 578/578/578
f 579/579/579 605/605/605 578/578/578
f 552/552/552 578/578/578 551/551/551
f 605/605/605 632/632/632 634/634/634
f 578/578/578 605/605/605 607/607/607
f 605/605/605 634/634/634 607/607/607
f 551/551/551 578/578/578 580/580/580
f 578/578/578 607/607/607 580/580/580
f 524/524/524 551/551/551 553/553/553
f 551/551/551 580/580/580 553/553/553
f 497/497/497 524/524/524 526/526/526
f 524/524/524 553/553/553 526/526/526
f 580/580/580 607/607/607 608/608/608
f 497/497/497 526/526/526 499/499/499
f 470/470/470 497/497/497 499/499/499
f 553/553/553 580/580/580 581/581/581
f 580/580/580 608/608/608 581/581/581
f 526/526/526 553/553/553 554/554/554
f 553/553/553 581/581/581 554/554/554
f 499/499/499 526/526/526 527/527/527
f 526/526/526 554/554/554 527/527/527
f 470/470/470 499/499/499 472/472/472
f 443/443/443 470/470/470 472/472/472
f 554/554/554 581/581/581 582/582/582
f 554/554/554 582/582/582 555/555/555
f 527/527/527 554/554/554 555/555/555
f 581/581/581 609/609/609 582/582/582
f 581/581/581 608/608/608 609/609/609
f 527/527/527 555/555/555 528/528/528
f 608/608/608 636/636/636 609/609/609
f 500/500/500 527/527/527 528/528/528
f 499/499/499 527/527/527 500/500/500
f 472/472/472 499/499/499 500/500/500
f 500/500/500 528/528/528 501/501/501
f 608/608/608 635/635/635 636/636/636
f 607/607/607 635/635/635 608/608/608
f 607/607/607 634/634/634 635/635/635
f 635/635/635 663/663/663 636/636/636
f 473/473/473 500/500/500 501/501/501
f 472/472/472 500/500/500 473/473/473
f 473/473/473 501/501/501 474/474/474
f 635/635/635 662/662/662 663/663/663
f 634/634/634 662/662/662 635/635/635
f 662/662/662 690/690/690 663/663/663
f 446/446/446 473/473/473 474/474/474
f 446/446/446 474/474/474 447/447/447
f 445/445/445 472/472/472 473/473/473
f 445/445/445 473/473/473 446/446/446
f 443/443/443 472/472/472 445/445/445
f 416/416/416 443/443/443 445/445/445
f 419/419/419 446/446/446 447/447/447
f 416/416/416 445/445/445 418/418/418
f 418/418/418 445/445/445 446/446/446
f 418/418/418 446/446/446 419/419/419
f 389/389/389 416/416/416 418/418/418
f 419/419/419 447/447/447 420/420/420
f 389/389/389 418/418/418 391/391/391
f 391/391/391 418/418/418 419/419/419
f 362/362/362 389/389/389 391/391/391
f 392/392/392 419/419/419 420/420/420
f 391/391/391 419/419/419 392/392/392
f 392/392/392 420/420/420 393/393/393
f 362/362/362 391/391/391 364/364/364
f 364/364/364 391/391/391 392/392/392
f 335/335/335 362/362/362 364/364/364
f 365/365/365 392/392/392 393/393/393
f 364/364/364 392/392/392 365/365/365
f 365/365/365 393/393/393 366/366/366
f 335/335/335 364/364/364 337/337/337
f 337/337/337 364/364/364 365/365/365
f 308/308/308 335/335/335 337/337/337
f 338/338/338 365/365/365 366/366/366
f 337/337/337 365/365/365 338/338/338
f 338/338/338 366/366/366 339/339/339
f 308/308/308 337/337/337 310/310/310
f 310/310/310 337/337/337 338/338/338
f 281/281/281 308/308/308 310/310/310
f 311/311/311 338/338/338 339/339/339
f 310/310/310 338/338/338 311/311/311
f 311/311/311 339/339/339 312/312/312
f 281/281/281 310/310/310 283/283/283
f 283/283/283 310/310/310 311/311/311
f 254/254/254 281/281/281 283/283/283
f 284/284/284 311/311/311 312/312/312
f 283/283/283 311/311/311 284/284/284
f 284/284/284 312/312/312 285/285/285
f 254/254/254 283/283/283 256/256/256
f 256/256/256 283/283/283 284/284/284
f 227/227/227 254/254/254 256/256/256
f 257/257/257 284/284/284 285/285/285
f 256/256/256 284/284/284 257/257/257
f 257/257/257 285/285/285 258/258/258
f 227/227/227 256/256/256 229/229/229
f 229/229/229 256/256/256 257/257/257
f 200/200/200 227/227/227 229/229/229
f 230/230/230 257/257/257 258/258/258
f 229/229/229 257/257/257 230/230/230
f 230/230/230 258/258/258 231/231/231
f 200/200/200 229/229/229 202/202/202
f 202/202/202 229/229/229 230/230/230
f 173/173/173 200/200/200 202/202/202
f 203/203/203 230/230/230 231/231/231
f 202/202/202 230/230/230 203/203/203
f 203/203/203 231/231/231 204/204/204
f 173/173/173 202/202/202 175/175/175
f 175/175/175 202/202/202 203/203/203
f 146/146/146 173/173/173 175/175/175
f 176/176/176 203/203/203 204/204/204
f 175/175/175 203/203/203 176/176/176
f 176/176/176 204/204/204 177/177/177
f 146/146/146 175/175/175 148/148/148
f 148/148/148 175/175/175 176/176/176
f 119/119/119 146/146/146 148/148/148
f 149/149/149 176/176/176 177/177/177
f 148/148/148 176/176/176 149/149/149
f 149/149/149 177/177/177 150/150/150
f 119/119/119 148/148/148 121/121/121
f 121/121/121 148/148/148 149/149/149
f 92/92/92 119/119/119 121/121/121
f 122/122/122 149/149/149 150/150/150
f 121/121/121 149/149/149 122/122/122
f 122/122/122 150/150/150 123/123/123
f 92/92/92 121/121/121 94/94/94
f 94/94/94 121/121/121 122/122/122
f 65/65/65 92/92/92 94/94/94
f 95/95/95 122/122/122 123/123/123
f 94/94/94 122/122/122 95/95/95
f 95/95/95 123/123/123 96/96/96
f 65/65/65 94/94/94 67/67/67
f 67/67/67 94/94/94 95/95/95
f 22/22/22 65/65/65 67/67/67
f 68/68/68 95/95/95 96/96/96
f 67/67/67 95/95/95 68/68/68
f 68/68/68 96/96/96 69/69/69
f 22/22/22 67/67/67 26/26/26
f 26/26/26 67/67/67 68/68/68
f 21/21/21 22/22/22 26/26/26
f 28/28/28 68/68/68 69/69/69
f 26/26/26 68/68/68 28/28/28
f 28/28/28 69/69/69 30/30/30
f 21/21/21 26/26/26 25/25/25
f 25/25/25 26/26/26 28/28/28
f 1118/1118/1118 21/21/21 25/25/25
f 27/27/27 28/28/28 30/30/30
f 25/25/25 28/28/28 27/27/27
f 27/27/27 30/30/30 29/29/29
f 1118/1118/1118 25/25/25 1120/1120/1120
f 1120/1120/1120 25/25/25 27/27/27
f 1091/1091/1091 1118/1118/1118 1120/1120/1120
f 1121/1121/1121 27/27/27 29/29/29
f 1120/1120/1120 27/27/27 1121/1121/1121
f 1121/1121/1121 29/29/29 1122/1122/1122
f 1091/1091/1091 1120/1120/1120 1093/1093/1093
f 1093/1093/1093 1120/1120/1120 1121/1121/1121
f 1064/1064/1064 1091/1091/1091 1093/1093/1093
f 1094/1094/1094 1121/1121/1121 1122/1122/1122
f 1093/1093/1093 1121/1121/1121 1094/1094/1094
f 1094/1094/1094 1122/1122/1122 1095/1095/1095
f 1064/1064/1064 1093/1093/1093 1066/1066/1066
f 1066/1066/1066 1093/1093/1093 1094/1094/1094
f 1037/1037/1037 1064/1064/1064 1066/1066/1066
f 1067/1067/1067 1094/1094/1094 1095/1095/1095
f 1066/1066/1066 1094/1094/1094 1067/1067/1067
f 1067/1067/1067 1095/1095/1095 1068/1068/1068
f 1037/1037/1037 1066/1066/1066 1039/1039/1039
f 1039/1039/1039 1066/1066/1066 1067/1067/1067
f 1010/1010/1010 1037/1037/1037 1039/1039/1039
f 1040/1040/1040 1067/1067/1067 1068/1068/1068
f 1039/1039/1039 1067/1067/1067 1040/1040/1040
f 1040/1040/1040 1068/1068/1068 1041/1041/1041
f 1010/1010/1010 1039/1039/1039 1012/1012/1012
f 1012/1012/1012 1039/1039/1039 1040/1040/1040
f 983/983/983 1010/1010/1010 1012/1012/1012
f 1013/1013/1013 1040/1040/1040 1041/1041/1041
f 1012/1012/1012 1040/1040/1040 1013/1013/1013
f 1013/1013/1013 1041/1041/1041 1014/1014/1014
f 983/983/983 1012/1012/1012 985/985/985
f 985/985/985 1012/1012/1012 1013/1013/1013
f 956/956/956 983/983/983 985/985/985
f 986/986/986 1013/1013/1013 1014/1014/1014
f 985/985/985 1013/1013/1013 986/986/986
f 986/986/986 1014/1014/1014 987/987/987
f 956/956/956 985/985/985 958/958/958
f 958/958/958 985/985/985 986/986/986
f 929/929/929 956/956/956 958/958/958
f 959/959/959 986/986/986 987/987/987
f 958/958/958 986/986/986 959/959/959
f 959/959/959 987/987/987 960/960/960
f 929/929/929 958/958/958 931/931/931
f 931/931/931 958/958/958 959/959/959
f 902/902/902 929/929/929 931/931/931
f 932/932/932 959/959/959 960/960/960
f 931/931/931 959/959/959 932/932/932
f 932/932/932 960/960/960 933/933/933
f 902/902/902 931/931/931 904/904/904
f 904/904/904 931/931/931 932/932/932
f 875/875/875 902/902/902 904/904/904
f 905/905/905 932/932/932 933/933/933
f 904/904/904 932/932/932 905/905/905
f 905/905/905 933/933/933 906/906/906
f 875/875/875 904/904/904 877/877/877
f 877/877/877 904/904/904 905/905/905
f 848/848/848 875/875/875 877/877/877
f 878/878/878 905/905/905 906/906/906
f 877/877/877 905/905/905 878/878/878
f 878/878/878 906/906/906 879/879/879
f 848/848/848 877/877/877 850/850/850
f 850/850/850 877/877/877 878/878/878
f 821/821/821 848/848/848 850/850/850
f 851/851/851 878/878/878 879/879/879
f 850/850/850 878/878/878 851/851/851
f 851/851/851 879/879/879 852/852/852
f 821/821/821 850/850/850 823/823/823
f 823/823/823 850/850/850 851/851/851
f 794/794/794 821/821/821 823/823/823
f 824/824/824 851/851/851 852/852/852
f 823/823/823 851/851/851 824/824/824
f 824/824/824 852/852/852 825/825/825
f 794/794/794 823/823/823 796/796/796
f 796/796/796 823/823/823 824/824/824
f 767/767/767 794/794/794 796/796/796
f 797/797/797 824/824/824 825/825/825
f 796/796/796 824/824/824 797/797/797
f 797/797/797 825/825/825 798/798/798
f 767/767/767 796/796/796 769/769/769
f 769/769/769 796/796/796 797/797/797
f 740/740/740 767/767/767 769/769/769
f 770/770/770 797/797/797 798/798/798
f 769/769/769 797/797/797 770/770/770
f 770/770/770 798/798/798 771/771/771
f 740/740/740 769/769/769 742/742/742
f 742/742/742 769/769/769 770/770/770
f 713/713/713 740/740/740 742/742/742
f 743/743/743 770/770/770 771/771/771
f 742/742/742 770/770/770 743/743/743
f 743/743/743 771/771/771 744/744/744
f 713/713/713 742/742/742 715/715/715
f 715/715/715 742/742/742 743/743/743
f 686/686/686 713/713/713 715/715/715
f 716/716/716 743/743/743 744/744/744
f 715/715/715 743/743/743 716/716/716
f 716/716/716 744/744/744 717/717/717
f 686/686/686 715/715/715 688/688/688
f 688/688/688 715/715/715 716/716/716
f 659/659/659 686/686/686 688/688/688
f 689/689/689 716/716/716 717/717/717
f 688/688/688 716/716/716 689/689/689
f 689/689/689 717/717/717 690/690/690
f 662/662/662 689/689/689 690/690/690
f 659/659/659 688/688/688 661/661/661
f 661/661/661 688/688/688 689/689/689
f 661/661/661 689/689/689 662/662/662
f 632/632/632 659/659/659 661/661/661
f 634/634/634 661/661/661 662/662/662
f 632/632/632 661/661/661 634/634/634
f 33/33/33 32/32/32 31/31/31
f 1124/1124/1124 33/33/33 31/31/31
f 33/33/33 34/34/34 32/32/32
f 1124/1124/1124 31/31/31 1123/1123/1123
f 1097/1097/1097 1124/1124/1124 1123/1123/1123
f 34/34/34 70/70/70 32/32/32
f 34/34/34 71/71/71 70/70/70
f 1097/1097/1097 1123/1123/1123 1096/1096/1096
f 1070/1070/1070 1097/1097/1097 1096/1096/1096
f 71/71/71 97/97/97 70/70/70
f 71/71/71 98/98/98 97/97/97
f 1070/1070/1070 1096/1096/1096 1069/1069/1069
f 1043/1043/1043 1070/1070/1070 1069/1069/1069
f 98/98/98 124/124/124 97/97/97
f 98/98/98 125/125/125 124/124/124
f 1043/1043/1043 1069/1069/1069 1042/1042/1042
f 1016/1016/1016 1043/1043/1043 1042/1042/1042
f 125/125/125 151/151/151 124/124/124
f 125/125/125 152/152/152 151/151/151
f 1016/1016/1016 1042/1042/1042 1015/1015/1015
f 989/989/989 1016/1016/1016 1015/1015/1015
f 152/152/152 178/178/178 151/151/151
f 152/152/152 179/179/179 178/178/178
f 989/989/989 1015/1015/1015 988/988/988
f 962/962/962 989/989/989 988/988/988
f 179/179/179 205/205/205 178/178/178
f 179/179/179 206/206/206 205/205/205
f 962/962/962 988/988/988 961/961/961
f 935/935/935 962/962/962 961/961/961
f 206/206/206 232/232/232 205/205/205
f 206/206/206 233/233/233 232/232/232
f 935/935/935 961/961/961 934/934/934
f 908/908/908 935/935/935 934/934/934
f 233/233/233 259/259/259 232/232/232
f 233/233/233 260/260/260 259/259/259
f 908/908/908 934/934/934 907/907/907
f 881/881/881 908/908/908 907/907/907
f 260/260/260 286/286/286 259/259/259
f 260/260/260 287/287/287 286/286/286
f 881/881/881 907/907/907 880/880/880
f 854/854/854 881/881/881 880/880/880
f 287/287/287 313/313/313 286/286/286
f 287/287/287 314/314/314 313/313/313
f 854/854/854 880/880/880 853/853/853
f 827/827/827 854/854/854 853/853/853
f 314/314/314 340/340/340 313/313/313
f 314/314/314 341/341/341 340/340/340
f 827/827/827 853/853/853 826/826/826
f 800/800/800 827/827/827 826/826/826
f 341/341/341 367/367/367 340/340/340
f 341/341/341 368/368/368 367/367/367
f 800/800/800 826/826/826 799/799/799
f 773/773/773 800/800/800 799/799/799
f 368/368/368 394/394/394 367/367/367
f 368/368/368 395/395/395 394/394/394
f 773/773/773 799/799/799 772/772/772
f 746/746/746 773/773/773 772/772/772
f 395/395/395 421/421/421 394/394/394
f 395/395/395 422/422/422 421/421/421
f 746/746/746 772/772/772 745/745/745
f 719/719/719 746/746/746 745/745/745
f 422/422/422 448/448/448 421/421/421
f 422/422/422 449/449/449 448/448/448
f 719/719/719 745/745/745 718/718/718
f 692/692/692 719/719/719 718/718/718
f 449/449/449 475/475/475 448/448/448
f 449/449/449 476/476/476 475/475/475
f 692/692/692 718/718/718 691/691/691
f 665/665/665 692/692/692 691/691/691
f 476/476/476 502/502/502 475/475/475
f 476/476/476 503/503/503 502/502/502
f 665/665/665 691/691/691 664/664/664
f 638/638/638 665/665/665 664/664/664
f 503/503/503 529/529/529 502/502/502
f 503/503/503 530/530/530 529/529/529
f 638/638/638 664/664/664 637/637/637
f 611/611/611 638/638/638 637/637/637
f 530/530/530 556/556/556 529/529/529
f 530/530/530 557/557/557 556/556/556
f 611/611/611 637/637/637 610/610/610
f 584/584/584 611/611/611 610/610/610
f 557/557/557 584/584/584 583/583/583
f 584/584/584 610/610/610 583/583/583
f 557/557/557 583/583/583 556/556/556
f 610/610/610 637/637/637 639/639/639
f 583/583/583 610/610/610 612/612/612
f 610/610/610 639/639/639 612/612/612
f 556/556/556 583/583/583 585/585/585
f 583/583/583 612/612/612 585/585/585
f 529/529/529 556/556/556 558/558/558
f 556/556/556 585/585/585 558/558/558
f 502/502/502 529/529/529 531/531/531
f 529/529/529 558/558/558 531/531/531
f 585/585/585 612/612/612 613/613/613
f 502/502/502 531/531/531 504/504/504
f 475/475/475 502/502/502 504/504/504
f 558/558/558 585/585/585 586/586/586
f 585/585/585 613/613/613 586/586/586
f 531/531/531 558/558/558 559/559/559
f 558/558/558 586/586/586 559/559/559
f 504/504/504 531/531/531 532/532/532
f 531/531/531 559/559/559 532/532/532
f 475/475/475 504/504/504 477/477/477
f 448/448/448 475/475/475 477/477/477
f 504/504/504 532/532/532 505/505/505
f 477/477/477 504/504/504 505/505/505
f 448/448/448 477/477/477 450/450/450
f 421/421/421 448/448/448 450/450/450
f 477/477/477 505/505/505 478/478/478
f 450/450/450 477/477/477 478/478/478
f 421/421/421 450/450/450 423/423/423
f 394/394/394 421/421/421 423/423/423
f 450/450/450 478/478/478 451/451/451
f 423/423/423 450/450/450 451/451/451
f 394/394/394 423/423/423 396/396/396
f 367/367/367 394/394/394 396/396/396
f 423/423/423 451/451/451 424/424/424
f 396/396/396 423/423/423 424/424/424
f 367/367/367 396/396/396 369/369/369
f 340/340/340 367/367/367 369/369/369
f 396/396/396 424/424/424 397/397/397
f 369/369/369 396/396/396 397/397/397
f 340/340/340 369/369/369 342/342/342
f 313/313/313 340/340/340 342/342/342
f 369/369/369 397/397/397 370/370/370
f 342/342/342 369/369/369 370/370/370
f 313/313/313 342/342/342 315/315/315
f 286/286/286 313/313/313 315/315/315
f 342/342/342 370/370/370 343/343/343
f 315/315/315 342/342/342 343/343/343
f 286/286/286 315/315/315 288/288/288
f 259/259/259 286/286/286 288/288/288
f 315/315/315 343/343/343 316/316/316
f 288/288/288 315/315/315 316/316/316
f 259/259/259 288/288/288 261/261/261
f 232/232/232 259/259/259 261/261/261
f 288/288/288 316/316/316 289/289/289
f 261/261/261 288/288/288 289/289/289
f 232/232/232 261/261/261 234/234/234
f 205/205/205 232/232/232 234/234/234
f 261/261/261 289/289/289 262/262/262
f 234/234/234 261/261/261 262/262/262
f 205/205/205 234/234/234 207/207/207
f 178/178/178 205/205/205 207/207/207
f 234/234/234 262/262/262 235/235/235
f 207/207/207 234/234/234 235/235/235
f 178/178/178 207/207/207 180/180/180
f 151/151/151 178/178/178 180/180/180
f 207/207/207 235/235/235 208/208/208
f 180/180/180 207/207/207 208/208/208
f 151/151/151 180/180/180 153/153/153
f 124/124/124 151/151/151 153/153/153
f 180/180/180 208/208/208 181/181/181
f 153/153/153 180/180/180 181/181/181
f 124/124/124 153/153/153 126/126/126
f 97/97/97 124/124/124 126/126/126
f 153/153/153 181/181/181 154/154/154
f 126/126/126 153/153/153 154/154/154
f 97/97/97 126/126/126 99/99/99
f 70/70/70 97/97/97 99/99/99
f 126/126/126 154/154/154 127/127/127
f 99/99/99 126/126/126 127/127/127
f 70/70/70 99/99/99 72/72/72
f 32/32/32 70/70/70 72/72/72
f 99/99/99 127/127/127 100/100/100
f 72/72/72 99/99/99 100/100/100
f 32/32/32 72/72/72 36/36/36
f 31/31/31 32/32/32 36/36/36
f 72/72/72 100/100/100 73/73/73
f 36/36/36 72/72/72 73/73/73
f 31/31/31 36/36/36 35/35/35
f 1123/1123/1123 31/31/31 35/35/35
f 36/36/36 73/73/73 38/38/38
f 35/35/35 36/36/36 38/38/38
f 1123/1123/1123 35/35/35 1125/1125/1125
f 1096/1096/1096 1123/1123/1123 1125/1125/1125
f 35/35/35 38/38/38 37/37/37
f 1125/1125/1125 35/35/35 37/37/37
f 1096/1096/1096 1125/1125/1125 1098/1098/1098
f 1069/1069/1069 1096/1096/1096 1098/1098/1098
f 1125/1125/1125 37/37/37 1126/1126/1126
f 1098/1098/1098 1125/1125/1125 1126/1126/1126
f 1069/1069/1069 1098/1098/1098 1071/1071/1071
f 1042/1042/1042 1069/1069/1069 1071/1071/1071
f 1098/1098/1098 1126/1126/1126 1099/1099/1099
f 1071/1071/1071 1098/1098/1098 1099/1099/1099
f 1042/1042/1042 1071/1071/1071 1044/1044/1044
f 1015/1015/1015 1042/1042/1042 1044/1044/1044
f 1071/1071/1071 1099/1099/1099 1072/1072/1072
f 1044/1044/1044 1071/1071/1071 1072/1072/1072
f 1015/1015/1015 1044/1044/1044 1017/1017/1017
f 988/988/988 1015/1015/1015 1017/1017/1017
f 1044/1044/1044 1072/1072/1072 1045/1045/1045
f 1017/1017/1017 1044/1044/1044 1045/1045/1045
f 988/988/988 1017/1017/1017 990/990/990
f 961/961/961 988/988/988 990/990/990
f 1017/1017/1017 1045/1045/1045 1018/1018/1018
f 990/990/990 1017/1017/1017 1018/1018/1018
f 961/961/961 990/990/990 963/963/963
f 934/934/934 961/961/961 963/963/963
f 990/990/990 1018/1018/1018 991/991/991
f 963/963/963 990/990/990 991/991/991
f 934/934/934 963/963/963 936/936/936
f 907/907/907 934/934/934 936/936/936
f 963/963/963 991/991/991 964/964/964
f 936/936/936 963/963/963 964/964/964
f 907/907/907 936/936/936 909/909/909
f 880/880/880 907/907/907 909/909/909
f 936/936/936 964/964/964 937/937/937
f 909/909/909 936/936/936 937/937/937
f 880/880/880 909/909/909 882/882/882
f 853/853/853 880/880/880 882/882/882
f 909/909/909 937/937/937 910/910/910
f 882/882/882 909/909/909 910/910/910
f 853/853/853 882/882/882 855/855/855
f 826/826/826 853/853/853 855/855/855
f 882/882/882 910/910/910 883/883/883
f 855/855/855 882/882/882 883/883/883
f 826/826/826 855/855/855 828/828/828
f 799/799/799 826/826/826 828/828/828
f 855/855/855 883/883/883 856/856/856
f 828/828/828 855/855/855 856/856/856
f 799/799/799 828/828/828 801/801/801
f 772/772/772 799/799/799 801/801/801
f 828/828/828 856/856/856 829/829/829
f 801/801/801 828/828/828 829/829/829
f 772/772/772 801/801/801 774/774/774
f 745/745/745 772/772/772 774/774/774
f 801/801/801 829/829/829 802/802/802
f 774/774/774 801/801/801 802/802/802
f 745/745/745 774/774/774 747/747/747
f 718/718/718 745/745/745 747/747/747
f 774/774/774 802/802/802 775/775/775
f 747/747/747 774/774/774 775/775/775
f 718/718/718 747/747/747 720/720/720
f 691/691/691 718/718/718 720/720/720
f 747/747/747 775/775/775 748/748/748
f 720/720/720 747/747/747 748/748/748
f 691/691/691 720/720/720 693/693/693
f 664/664/664 691/691/691 693/693/693
f 720/720/720 748/748/748 721/721/721
f 693/693/693 720/720/720 721/721/721
f 664/664/664 693/693/693 666/666/666
f 637/637/637 664/664/664 666/666/666
f 637/637/637 666/666/666 639/639/639
f 693/693/693 721/721/721 694/694/694
f 666/666/666 693/693/693 694/694/694
f 639/639/639 666/666/666 667/667/667
f 666/666/666 694/694/694 667/667/667
f 639/639/639 667/667/667 640/640/640
f 612/612/612 639/639/639 640/640/640
f 612/612/612 640/640/640 613/613/613
f 667/667/667 694/694/694 695/695/695
f 640/640/640 667/667/667 668/668/668
f 667/667/667 695/695/695 668/668/668
f 613/613/613 640/640/640 641/641/641
f 640/640/640 668/668/668 641/641/641
f 694/694/694 722/722/722 695/695/695
f 694/694/694 721/721/721 722/722/722
f 613/613/613 641/641/641 614/614/614
f 586/586/586 613/613/613 614/614/614
f 721/721/721 749/749/749 722/722/722
f 721/721/721 748/748/748 749/749/749
f 586/586/586 614/614/614 587/587/587
f 559/559/559 586/586/586 587/587/587
f 748/748/748 776/776/776 749/749/749
f 748/748/748 775/775/775 776/776/776
f 559/559/559 587/587/587 560/560/560
f 532/532/532 559/559/559 560/560/560
f 775/775/775 803/803/803 776/776/776
f 775/775/775 802/802/802 803/803/803
f 532/532/532 560/560/560 533/533/533
f 505/505/505 532/532/532 533/533/533
f 802/802/802 830/830/830 803/803/803
f 802/802/802 829/829/829 830/830/830
f 505/505/505 533/533/533 506/506/506
f 478/478/478 505/505/505 506/506/506
f 829/829/829 857/857/857 830/830/830
f 829/829/829 856/856/856 857/857/857
f 478/478/478 506/506/506 479/479/479
f 451/451/451 478/478/478 479/479/479
f 856/856/856 884/884/884 857/857/857
f 856/856/856 883/883/883 884/884/884
f 451/451/451 479/479/479 452/452/452
f 424/424/424 451/451/451 452/452/452
f 883/883/883 911/911/911 884/884/884
f 883/883/883 910/910/910 911/911/911
f 424/424/424 452/452/452 425/425/425
f 397/397/397 424/424/424 425/425/425
f 910/910/910 938/938/938 911/911/911
f 910/910/910 937/937/937 938/938/938
f 397/397/397 425/425/425 398/398/398
f 370/370/370 397/397/397 398/398/398
f 937/937/937 965/965/965 938/938/938
f 937/937/937 964/964/964 965/965/965
f 370/370/370 398/398/398 371/371/371
f 343/343/343 370/370/370 371/371/371
f 964/964/964 992/992/992 965/965/965
f 964/964/964 991/991/991 992/992/992
f 343/343/343 371/371/371 344/344/344
f 316/316/316 343/343/343 344/344/344
f 991/991/991 1019/1019/1019 992/992/992
f 991/991/991 1018/1018/1018 1019/1019/1019
f 316/316/316 344/344/344 317/317/317
f 289/289/289 316/316/316 317/317/317
f 1018/1018/1018 1046/1046/1046 1019/1019/1019
f 1018/1018/1018 1045/1045/1045 1046/1046/1046
f 289/289/289 317/317/317 290/290/290
f 262/262/262 289/289/289 290/290/290
f 1045/1045/1045 1073/1073/1073 1046/1046/1046
f 1045/1045/1045 1072/1072/1072 1073/1073/1073
f 262/262/262 290/290/290 263/263/263
f 235/235/235 262/262/262 263/263/263
f 1072/1072/1072 1100/1100/1100 1073/1073/1073
f 1072/1072/1072 1099/1099/1099 1100/1100/1100
f 235/235/235 263/263/263 236/236/236
f 208/208/208 235/235/235 236/236/236
f 1099/1099/1099 1127/1127/1127 1100/1100/1100
f 1099/1099/1099 1126/1126/1126 1127/1127/1127
f 208/208/208 236/236/236 209/209/209
f 181/181/181 208/208/208 209/209/209
f 1126/1126/1126 39/39/39 1127/1127/1127
f 1126/1126/1126 37/37/37 39/39/39
f 181/181/181 209/209/209 182/182/182
f 154/154/154 181/181/181 182/182/182
f 37/37/37 40/40/40 39/39/39
f 37/37/37 38/38/38 40/40/40
f 154/154/154 182/182/182 155/155/155
f 127/127/127 154/154/154 155/155/155
f 38/38/38 74/74/74 40/40/40
f 38/38/38 73/73/73 74/74/74
f 127/127/127 155/155/155 128/128/128
f 100/100/100 127/127/127 128/128/128
f 73/73/73 100/100/100 101/101/101
f 100/100/100 128/128/128 101/101/101
f 73/73/73 101/101/101 74/74/74
f 128/128/128 155/155/155 156/156/156
f 101/101/101 128/128/128 129/129/129
f 128/128/128 156/156/156 129/129/129
f 74/74/74 101/101/101 102/102/102
f 101/101/101 129/129/129 102/102/102
f 40/40/40 74/74/74 75/75/75
f 74/74/74 102/102/102 75/75/75
f 39/39/39 40/40/40 42/42/42
f 40/40/40 75/75/75 42/42/42
f 102/102/102 129/129/129 130/130/130
f 39/39/39 42/42/42 41/41/41
f 1127/1127/1127 39/39/39 41/41/41
f 75/75/75 102/102/102 103/103/103
f 102/102/102 130/130/130 103/103/103
f 42/42/42 75/75/75 76/76/76
f 75/75/75 103/103/103 76/76/76
f 41/41/41 42/42/42 44/44/44
f 42/42/42 76/76/76 44/44/44
f 1127/1127/1127 41/41/41 1128/1128/1128
f 1100/1100/1100 1127/1127/1127 1128/1128/1128
f 41/41/41 44/44/44 43/43/43
f 1128/1128/1128 41/41/41 43/43/43
f 1100/1100/1100 1128/1128/1128 1101/1101/1101
f 1073/1073/1073 1100/1100/1100 1101/1101/1101
f 1128/1128/1128 43/43/43 1129/1129/1129
f 1101/1101/1101 1128/1128/1128 1129/1129/1129
f 1073/1073/1073 1101/1101/1101 1074/1074/1074
f 1046/1046/1046 1073/1073/1073 1074/1074/1074
f 1101/1101/1101 1129/1129/1129 1102/1102/1102
f 1074/1074/1074 1101/1101/1101 1102/1102/1102
f 1046/1046/1046 1074/1074/1074 1047/1047/1047
f 1019/1019/1019 1046/1046/1046 1047/1047/1047
f 1074/1074/1074 1102/1102/1102 1075/1075/1075
f 1047/1047/1047 1074/1074/1074 1075/1075/1075
f 1019/1019/1019 1047/1047/1047 1020/1020/1020
f 992/992/992 1019/1019/1019 1020/1020/1020
f 1047/1047/1047 1075/1075/1075 1048/1048/1048
f 1020/1020/1020 1047/1047/1047 1048/1048/1048
f 992/992/992 1020/1020/1020 993/993/993
f 965/965/965 992/992/992 993/993/993
f 1020/1020/1020 1048/1048/1048 1021/1021/1021
f 993/993/993 1020/1020/1020 1021/1021/1021
f 965/965/965 993/993/993 966/966/966
f 938/938/938 965/965/965 966/966/966
f 993/993/993 1021/1021/1021 994/994/994
f 966/966/966 993/993/993 994/994/994
f 938/938/938 966/966/966 939/939/939
f 911/911/911 938/938/938 939/939/939
f 966/966/966 994/994/994 967/967/967
f 939/939/939 966/966/966 967/967/967
f 911/911/911 939/939/939 912/912/912
f 884/884/884 911/911/911 912/912/912
f 939/939/939 967/967/967 940/940/940
f 912/912/912 939/939/939 940/940/940
f 884/884/884 912/912/912 885/885/885
f 857/857/857 884/884/884 885/885/885
f 912/912/912 940/940/940 913/913/913
f 885/885/885 912/912/912 913/913/913
f 857/857/857 885/885/885 858/858/858
f 830/830/830 857/857/857 858/858/858
f 885/885/885 913/913/913 886/886/886
f 858/858/858 885/885/885 886/886/886
f 830/830/830 858/858/858 831/831/831
f 803/803/803 830/830/830 831/831/831
f 858/858/858 886/886/886 859/859/859
f 831/831/831 858/858/858 859/859/859
f 803/803/803 831/831/831 804/804/804
f 776/776/776 803/803/803 804/804/804
f 831/831/831 859/859/859 832/832/832
f 804/804/804 831/831/831 832/832/832
f 776/776/776 804/804/804 777/777/777
f 749/749/749 776/776/776 777/777/777
f 804/804/804 832/832/832 805/805/805
f 777/777/777 804/804/804 805/805/805
f 749/749/749 777/777/777 750/750/750
f 722/722/722 749/749/749 750/750/750
f 777/777/777 805/805/805 778/778/778
f 750/750/750 777/777/777 778/778/778
f 722/722/722 750/750/750 723/723/723
f 695/695/695 722/722/722 723/723/723
f 750/750/750 778/778/778 751/751/751
f 723/723/723 750/750/750 751/751/751
f 695/695/695 723/723/723 696/696/696
f 668/668/668 695/695/695 696/696/696
f 723/723/723 751/751/751 724/724/724
f 696/696/696 723/723/723 724/724/724
f 668/668/668 696/696/696 669/669/669
f 641/641/641 668/668/668 669/669/669
f 696/696/696 724/724/724 697/697/697
f 669/669/669 696/696/696 697/697/697
f 641/641/641 669/669/669 642/642/642
f 614/614/614 641/641/641 642/642/642
f 669/669/669 697/697/697 670/670/670
f 642/642/642 669/669/669 670/670/670
f 614/614/614 642/642/642 615/615/615
f 587/587/587 614/614/614 615/615/615
f 642/642/642 670/670/670 643/643/643
f 615/615/615 642/642/642 643/643/643
f 587/587/587 615/615/615 588/588/588
f 560/560/560 587/587/587 588/588/588
f 615/615/615 643/643/643 616/616/616
f 588/588/588 615/615/615 616/616/616
f 560/560/560 588/588/588 561/561/561
f 533/533/533 560/560/560 561/561/561
f 588/588/588 616/616/616 589/589/589
f 561/561/561 588/588/588 589/589/589
f 533/533/533 561/561/561 534/534/534
f 506/506/506 533/533/533 534/534/534
f 561/561/561 589/589/589 562/562/562
f 534/534/534 561/561/561 562/562/562
f 506/506/506 534/534/534 507/507/507
f 479/479/479 506/506/506 507/507/507
f 534/534/534 562/562/562 535/535/535
f 507/507/507 534/534/534 535/535/535
f 479/479/479 507/507/507 480/480/480
f 452/452/452 479/479/479 480/480/480
f 507/507/507 535/535/535 508/508/508
f 480/480/480 507/507/507 508/508/508
f 452/452/452 480/480/480 453/453/453
f 425/425/425 452/452/452 453/453/453
f 480/480/480 508/508/508 481/481/481
f 453/453/453 480/480/480 481/481/481
f 425/425/425 453/453/453 426/426/426
f 398/398/398 425/425/425 426/426/426
f 453/453/453 481/481/481 454/454/454
f 426/426/426 453/453/453 454/454/454
f 398/398/398 426/426/426 399/399/399
f 371/371/371 398/398/398 399/399/399
f 426/426/426 454/454/454 427/427/427
f 399/399/399 426/426/426 427/427/427
f 371/371/371 399/399/399 372/372/372
f 344/344/344 371/371/371 372/372/372
f 399/399/399 427/427/427 400/400/400
f 372/372/372 399/399/399 400/400/400
f 344/344/344 372/372/372 345/345/345
f 317/317/317 344/344/344 345/345/345
f 372/372/372 400/400/400 373/373/373
f 345/345/345 372/372/372 373/373/373
f 317/317/317 345/345/345 318/318/318
f 290/290/290 317/317/317 318/318/318
f 345/345/345 373/373/373 346/346/346
f 318/318/318 345/345/345 346/346/346
f 290/290/290 318/318/318 291/291/291
f 263/263/263 290/290/290 291/291/291
f 318/318/318 346/346/346 319/319/319
f 291/291/291 318/318/318 319/319/319
f 263/263/263 291/291/291 264/264/264
f 236/236/236 263/263/263 264/264/264
f 291/291/291 319/319/319 292/292/292
f 264/264/264 291/291/291 292/292/292
f 236/236/236 264/264/264 237/237/237
f 209/209/209 236/236/236 237/237/237
f 264/264/264 292/292/292 265/265/265
f 237/237/237 264/264/264 265/265/265
f 209/209/209 237/237/237 210/210/210
f 182/182/182 209/209/209 210/210/210
f 237/237/237 265/265/265 238/238/238
f 210/210/210 237/237/237 238/238/238
f 182/182/182 210/210/210 183/183/183
f 155/155/155 182/182/182 183/183/183
f 155/155/155 183/183/183 156/156/156
f 210/210/210 238/238/238 211/211/211
f 183/183/183 210/210/210 211/211/211
f 156/156/156 183/183/183 184/184/184
f 183/183/183 211/211/211 184/184/184
f 156/156/156 184/184/184 157/157/157
f 129/129/129 156/156/156 157/157/157
f 129/129/129 157/157/157 130/130/130
f 184/184/184 211/211/211 212/212/212
f 157/157/157 184/184/184 185/185/185
f 184/184/184 212/212/212 185/185/185
f 130/130/130 157/157/157 158/158/158
f 157/157/157 185/185/185 158/158/158
f 211/211/211 239/239/239 212/212/212
f 211/211/211 238/238/238 239/239/239
f 130/130/130 158/158/158 131/131/131
f 103/103/103 130/130/130 131/131/131
f 238/238/238 266/266/266 239/239/239
f 238/238/238 265/265/265 266/266/266
f 103/103/103 131/131/131 104/104/104
f 76/76/76 103/103/103 104/104/104
f 265/265/265 293/293/293 266/266/266
f 265/265/265 292/292/292 293/293/293
f 76/76/76 104/104/104 77/77/77
f 44/44/44 76/76/76 77/77/77
f 292/292/292 320/320/320 293/293/293
f 292/292/292 319/319/319 320/320/320
f 44/44/44 77/77/77 46/46/46
f 43/43/43 44/44/44 46/46/46
f 319/319/319 347/347/347 320/320/320
f 319/319/319 346/346/346 347/347/347
f 43/43/43 46/46/46 45/45/45
f 1129/1129/1129 43/43/43 45/45/45
f 346/346/346 374/374/374 347/347/347
f 346/346/346 373/373/373 374/374/374
f 1129/1129/1129 45/45/45 1130/1130/1130
f 1102/1102/1102 1129/1129/1129 1130/1130/1130
f 373/373/373 401/401/401 374/374/374
f 373/373/373 400/400/400 401/401/401
f 1102/1102/1102 1130/1130/1130 1103/1103/1103
f 1075/1075/1075 1102/1102/1102 1103/1103/1103
f 400/400/400 428/428/428 401/401/401
f 400/400/400 427/427/427 428/428/428
f 1075/1075/1075 1103/1103/1103 1076/1076/1076
f 1048/1048/1048 1075/1075/1075 1076/1076/1076
f 427/427/427 455/455/455 428/428/428
f 427/427/427 454/454/454 455/455/455
f 1048/1048/1048 1076/1076/1076 1049/1049/1049
f 1021/1021/1021 1048/1048/1048 1049/1049/1049
f 454/454/454 482/482/482 455/455/455
f 454/454/454 481/481/481 482/482/482
f 1021/1021/1021 1049/1049/1049 1022/1022/1022
f 994/994/994 1021/1021/1021 1022/1022/1022
f 481/481/481 509/509/509 482/482/482
f 481/481/481 508/508/508 509/509/509
f 994/994/994 1022/1022/1022 995/995/995
f 967/967/967 994/994/994 995/995/995
f 508/508/508 536/536/536 509/509/509
f 508/508/508 535/535/535 536/536/536
f 967/967/967 995/995/995 968/968/968
f 940/940/940 967/967/967 968/968/968
f 535/535/535 563/563/563 536/536/536
f 535/535/535 562/562/562 563/563/563
f 940/940/940 968/968/968 941/941/941
f 913/913/913 940/940/940 941/941/941
f 562/562/562 590/590/590 563/563/563
f 562/562/562 589/589/589 590/590/590
f 913/913/913 941/941/941 914/914/914
f 886/886/886 913/913/913 914/914/914
f 589/589/589 617/617/617 590/590/590
f 589/589/589 616/616/616 617/617/617
f 886/886/886 914/914/914 887/887/887
f 859/859/859 886/886/886 887/887/887
f 616/616/616 644/644/644 617/617/617
f 616/616/616 643/643/643 644/644/644
f 859/859/859 887/887/887 860/860/860
f 832/832/832 859/859/859 860/860/860
f 643/643/643 671/671/671 644/644/644
f 643/643/643 670/670/670 671/671/671
f 832/832/832 860/860/860 833/833/833
f 805/805/805 832/832/832 833/833/833
f 670/670/670 698/698/698 671/671/671
f 670/670/670 697/697/697 698/698/698
f 805/805/805 833/833/833 806/806/806
f 778/778/778 805/805/805 806/806/806
f 697/697/697 725/725/725 698/698/698
f 697/697/697 724/724/724 725/725/725
f 778/778/778 806/806/806 779/779/779
f 751/751/751 778/778/778 779/779/779
f 724/724/724 751/751/751 752/752/752
f 751/751/751 779/779/779 752/752/752
f 724/724/724 752/752/752 725/725/725
f 779/779/779 806/806/806 807/807/807
f 752/752/752 779/779/779 780/780/780
f 779/779/779 807/807/807 780/780/780
f 725/725/725 752/752/752 753/753/753
f 752/752/752 780/780/780 753/753/753
f 698/698/698 725/725/725 726/726/726
f 725/725/725 753/753/753 726/726/726
f 780/780/780 807/807/807 808/808/808
f 780/780/780 808/808/808 781/781/781
f 753/753/753 780/780/780 781/781/781
f 807/807/807 835/835/835 808/808/808
f 753/753/753 781/781/781 754/754/754
f 726/726/726 753/753/753 754/754/754
f 726/726/726 754/754/754 727/727/727
f 807/807/807 834/834/834 835/835/835
f 806/806/806 834/834/834 807/807/807
f 806/806/806 833/833/833 834/834/834
f 834/834/834 862/862/862 835/835/835
f 699/699/699 726/726/726 727/727/727
f 698/698/698 726/726/726 699/699/699
f 671/671/671 698/698/698 699/699/699
f 699/699/699 727/727/727 700/700/700
f 834/834/834 861/861/861 862/862/862
f 833/833/833 861/861/861 834/834/834
f 833/833/833 860/860/860 861/861/861
f 861/861/861 889/889/889 862/862/862
f 672/672/672 699/699/699 700/700/700
f 671/671/671 699/699/699 672/672/672
f 644/644/644 671/671/671 672/672/672
f 672/672/672 700/700/700 673/673/673
f 861/861/861 888/888/888 889/889/889
f 860/860/860 888/888/888 861/861/861
f 860/860/860 887/887/887 888/888/888
f 888/888/888 916/916/916 889/889/889
f 645/645/645 672/672/672 673/673/673
f 644/644/644 672/672/672 645/645/645
f 645/645/645 673/673/673 646/646/646
f 617/617/617 644/644/644 645/645/645
f 888/888/888 915/915/915 916/916/916
f 887/887/887 915/915/915 888/888/888
f 915/915/915 943/943/943 916/916/916
f 887/887/887 914/914/914 915/915/915
f 617/617/617 645/645/645 618/618/618
f 618/618/618 645/645/645 646/646/646
f 590/590/590 617/617/617 618/618/618
f 618/618/618 646/646/646 619/619/619
f 914/914/914 942/942/942 915/915/915
f 915/915/915 942/942/942 943/943/943
f 914/914/914 941/941/941 942/942/942
f 942/942/942 970/970/970 943/943/943
f 591/591/591 618/618/618 619/619/619
f 590/590/590 618/618/618 591/591/591
f 591/591/591 619/619/619 592/592/592
f 563/563/563 590/590/590 591/591/591
f 942/942/942 969/969/969 970/970/970
f 941/941/941 969/969/969 942/942/942
f 969/969/969 997/997/997 970/970/970
f 941/941/941 968/968/968 969/969/969
f 563/563/563 591/591/591 564/564/564
f 564/564/564 591/591/591 592/592/592
f 536/536/536 563/563/563 564/564/564
f 564/564/564 592/592/592 565/565/565
f 968/968/968 996/996/996 969/969/969
f 969/969/969 996/996/996 997/997/997
f 968/968/968 995/995/995 996/996/996
f 996/996/996 1024/1024/1024 997/997/997
f 537/537/537 564/564/564 565/565/565
f 536/536/536 564/564/564 537/537/537
f 537/537/537 565/565/565 538/538/538
f 509/509/509 536/536/536 537/537/537
f 996/996/996 1023/1023/1023 1024/1024/1024
f 995/995/995 1023/1023/1023 996/996/996
f 1023/1023/1023 1051/1051/1051 1024/1024/1024
f 995/995/995 1022/1022/1022 1023/1023/1023
f 509/509/509 537/537/537 510/510/510
f 510/510/510 537/537/537 538/538/538
f 482/482/482 509/509/509 510/510/510
f 510/510/510 538/538/538 511/511/511
f 1022/1022/1022 1050/1050/1050 1023/1023/1023
f 1023/1023/1023 1050/1050/1050 1051/1051/1051
f 1022/1022/1022 1049/1049/1049 1050/1050/1050
f 1050/1050/1050 1078/1078/1078 1051/1051/1051
f 483/483/483 510/510/510 511/511/511
f 482/482/482 510/510/510 483/483/483
f 483/483/483 511/511/511 484/484/484
f 455/455/455 482/482/482 483/483/483
f 1050/1050/1050 1077/1077/1077 1078/1078/1078
f 1049/1049/1049 1077/1077/1077 1050/1050/1050
f 1077/1077/1077 1105/1105/1105 1078/1078/1078
f 1049/1049/1049 1076/1076/1076 1077/1077/1077
f 455/455/455 483/483/483 456/456/456
f 456/456/456 483/483/483 484/484/484
f 428/428/428 455/455/455 456/456/456
f 456/456/456 484/484/484 457/457/457
f 1076/1076/1076 1104/1104/1104 1077/1077/1077
f 1077/1077/1077 1104/1104/1104 1105/1105/1105
f 1076/1076/1076 1103/1103/1103 1104/1104/1104
f 1104/1104/1104 1132/1132/1132 1105/1105/1105
f 429/429/429 456/456/456 457/457/457
f 428/428/428 456/456/456 429/429/429
f 429/429/429 457/457/457 430/430/430
f 401/401/401 428/428/428 429/429/429
f 1104/1104/1104 1131/1131/1131 1132/1132/1132
f 1103/1103/1103 1131/1131/1131 1104/1104/1104
f 1131/1131/1131 49/49/49 1132/1132/1132
f 1103/1103/1103 1130/1130/1130 1131/1131/1131
f 401/401/401 429/429/429 402/402/402
f 402/402/402 429/429/429 430/430/430
f 374/374/374 401/401/401 402/402/402
f 402/402/402 430/430/430 403/403/403
f 1130/1130/1130 47/47/47 1131/1131/1131
f 1131/1131/1131 47/47/47 49/49/49
f 1130/1130/1130 45/45/45 47/47/47
f 47/47/47 50/50/50 49/49/49
f 375/375/375 402/402/402 403/403/403
f 374/374/374 402/402/402 375/375/375
f 375/375/375 403/403/403 376/376/376
f 347/347/347 374/374/374 375/375/375
f 47/47/47 48/48/48 50/50/50
f 45/45/45 48/48/48 47/47/47
f 48/48/48 79/79/79 50/50/50
f 45/45/45 46/46/46 48/48/48
f 347/347/347 375/375/375 348/348/348
f 348/348/348 375/375/375 376/376/376
f 320/320/320 347/347/347 348/348/348
f 348/348/348 376/376/376 349/349/349
f 46/46/46 78/78/78 48/48/48
f 48/48/48 78/78/78 79/79/79
f 46/46/46 77/77/77 78/78/78
f 78/78/78 106/106/106 79/79/79
f 321/321/321 348/348/348 349/349/349
f 320/320/320 348/348/348 321/321/321
f 321/321/321 349/349/349 322/322/322
f 293/293/293 320/320/320 321/321/321
f 78/78/78 105/105/105 106/106/106
f 77/77/77 105/105/105 78/78/78
f 105/105/105 133/133/133 106/106/106
f 77/77/77 104/104/104 105/105/105
f 293/293/293 321/321/321 294/294/294
f 294/294/294 321/321/321 322/322/322
f 266/266/266 293/293/293 294/294/294
f 294/294/294 322/322/322 295/295/295
f 104/104/104 132/132/132 105/105/105
f 105/105/105 132/132/132 133/133/133
f 104/104/104 131/131/131 132/132/132
f 132/132/132 160/160/160 133/133/133
f 267/267/267 294/294/294 295/295/295
f 266/266/266 294/294/294 267/267/267
f 267/267/267 295/295/295 268/268/268
f 239/239/239 266/266/266 267/267/267
f 132/132/132 159/159/159 160/160/160
f 131/131/131 159/159/159 132/132/132
f 159/159/159 187/187/187 160/160/160
f 131/131/131 158/158/158 159/159/159
f 239/239/239 267/267/267 240/240/240
f 240/240/240 267/267/267 268/268/268
f 212/212/212 239/239/239 240/240/240
f 240/240/240 268/268/268 241/241/241
f 158/158/158 186/186/186 159/159/159
f 159/159/159 186/186/186 187/187/187
f 158/158/158 185/185/185 186/186/186
f 186/186/186 214/214/214 187/187/187
f 185/185/185 212/212/212 213/213/213
f 185/185/185 213/213/213 186/186/186
f 212/212/212 240/240/240 213/213/213
f 186/186/186 213/213/213 214/214/214
f 213/213/213 240/240/240 241/241/241
f 213/213/213 241/241/241 214/214/214
