# VPXTOOL table OBJ file
# VPXTOOL OBJ file
# numVerts: 814 numFaces: 1620
o PinCab_Metals
v -1.035814 0.190821 -0.292219
v -1.035814 0.184694 -0.29083
v -1.034384 0.183292 -0.293975
v -1.034384 0.186927 -0.295184
v -1.034384 0.190729 -0.295662
v -1.026806 0.114763 -0.289231
v -1.007678 0.114763 -0.289231
v -1.007678 0.11879 -0.303901
v -1.026806 0.11879 -0.303901
v -1.026806 0.120371 -0.244529
v -1.027776 0.120608 -0.244635
v -1.027776 0.315191 0.191221
v -1.026806 0.315113 0.191593
v -1.006707 0.18919 -0.353439
v -1.005997 0.189209 -0.352728
v -1.005997 0.204193 -0.351655
v -1.006707 0.204314 -0.352354
v -1.005997 0.21868 -0.347678
v -1.006707 0.218934 -0.348341
v -1.027776 0.115019 -0.289188
v -1.027776 0.119032 -0.303809
v -1.026806 0.115569 -0.258964
v -1.007678 0.115569 -0.258964
v -1.007678 0.113676 -0.274057
v -1.026806 0.113676 -0.274058
v -1.032365 0.169257 -0.275538
v -1.032367 0.169565 -0.27984
v -1.034384 0.171986 -0.279426
v -1.034384 0.171712 -0.275604
v -1.029711 0.186107 -0.298803
v -1.027549 0.186145 -0.298633
v -1.027549 0.190635 -0.299195
v -1.029711 0.19063 -0.299371
v -1.026806 0.23263 -0.341772
v -1.007678 0.23263 -0.341772
v -1.007678 0.244642 -0.332439
v -1.026806 0.244642 -0.332439
v -1.028486 0.315406 0.190205
v -1.028486 0.116515 -0.259178
v -1.028681 0.117227 -0.259339
v -1.028681 0.315627 0.189161
v -1.005997 0.116515 -0.259178
v -1.006707 0.115822 -0.259022
v -1.006707 0.120608 -0.244635
v -1.006707 0.315192 0.191221
v -1.005997 0.315406 0.190205
v -1.02829 0.165224 -0.264523
v -1.027175 0.166938 -0.265287
v -1.027175 0.169518 -0.260752
v -1.02829 0.167987 -0.259669
v -1.026806 0.204357 -0.352611
v -1.007678 0.204357 -0.352611
v -1.007678 0.219027 -0.348583
v -1.026806 0.219027 -0.348583
v -1.032365 0.179518 -0.257513
v -1.034384 0.180828 -0.25959
v -1.034384 0.184254 -0.257875
v -1.032365 0.183375 -0.255582
v -1.027549 0.195147 -0.298873
v -1.029711 0.195177 -0.299045
v -1.027175 0.21298 -0.291497
v -1.027175 0.209563 -0.29544
v -1.02829 0.210854 -0.296802
v -1.02829 0.214512 -0.292579
v -1.032365 0.207215 -0.260988
v -1.029711 0.208125 -0.260124
v -1.029711 0.204679 -0.257139
v -1.032365 0.203955 -0.258164
v -1.027776 0.135124 -0.329337
v -1.027776 0.146584 -0.339264
v -1.028486 0.146994 -0.338685
v -1.028486 0.135639 -0.328848
v -1.026806 0.159655 -0.347002
v -1.007678 0.159655 -0.347002
v -1.007678 0.174089 -0.351804
v -1.026806 0.174089 -0.351804
v -1.02829 0.215354 -0.26093
v -1.02829 0.217855 -0.265925
v -1.028667 0.21887 -0.265537
v -1.028667 0.212715 -0.255772
v -1.02829 0.211927 -0.25652
v -1.005737 0.116674 -0.288904
v -1.005997 0.115719 -0.289068
v -1.005997 0.114645 -0.274084
v -1.005737 0.11746 -0.259393
v -1.026806 0.146434 -0.339477
v -1.027776 0.15976 -0.346765
v -1.006707 0.146583 -0.339264
v -1.005997 0.146994 -0.338685
v -1.005997 0.160049 -0.346117
v -1.006707 0.15976 -0.346765
v -1.006707 0.244463 -0.33225
v -1.006707 0.25439 -0.32079
v -1.007678 0.254603 -0.32094
v -1.035814 0.207119 -0.273405
v -1.034384 0.210513 -0.272823
v -1.034384 0.209499 -0.269128
v -1.034384 0.207783 -0.265703
v -1.035814 0.20487 -0.267539
v 0.068376 0.176113 -0.26016
v 0.065722 0.175249 -0.259249
v 0.065722 0.178849 -0.256452
v 0.068376 0.179518 -0.257513
v -1.028681 0.370285 -0.064882
v -1.028681 0.253214 -0.319958
v -1.028486 0.253811 -0.32038
v -1.028486 0.370742 -0.065451
v -1.035814 0.185486 -0.26109
v -1.035814 0.180171 -0.26444
v -1.036761 0.183348 -0.26779
v -1.03676 0.187138 -0.2654
v -1.026806 0.371349 -0.066205
v -1.027776 0.371185 -0.066003
v -1.027776 0.261891 -0.307614
v -1.026806 0.262128 -0.307719
v -1.028486 0.114645 -0.274084
v -1.028486 0.115719 -0.289068
v -1.028681 0.116439 -0.288945
v -1.034384 0.177803 -0.261942
v -1.034384 0.175294 -0.264837
v -1.035814 0.178105 -0.266825
v -1.034384 0.17219 -0.271802
v -1.032365 0.169794 -0.27126
v -1.035814 0.181951 -0.289268
v -1.034384 0.179962 -0.29208
v -1.029711 0.169535 -0.284449
v -1.029711 0.171576 -0.288524
v -1.032367 0.172638 -0.287856
v -1.032367 0.170707 -0.283999
v -1.034384 0.207205 -0.287412
v -1.032367 0.20921 -0.28883
v -1.032367 0.211344 -0.285082
v -1.034384 0.2091 -0.284081
v -1.028667 0.16168 -0.275337
v -1.02829 0.162765 -0.275365
v -1.02829 0.163461 -0.269823
v -1.028667 0.164231 -0.26408
v -1.02829 0.207705 -0.252862
v -1.02829 0.20285 -0.250099
v -1.027175 0.202086 -0.251813
v -1.027175 0.206622 -0.254393
v -1.034384 0.210309 -0.280446
v -1.032367 0.212705 -0.280989
v -1.032365 0.213242 -0.27671
v -1.034384 0.210787 -0.276645
v -1.029711 0.191868 -0.252877
v -1.029711 0.187322 -0.253203
v -1.032365 0.187534 -0.25444
v -1.032365 0.191836 -0.254132
v -1.029711 0.214497 -0.276744
v -1.027549 0.214321 -0.276739
v -1.027549 0.213999 -0.272226
v -1.029711 0.21417 -0.272196
v -1.027776 0.113935 -0.274065
v -1.02829 0.170572 -0.295728
v -1.028667 0.169784 -0.296476
v -1.028668 0.174167 -0.300273
v -1.02829 0.174794 -0.299386
v -1.006707 0.115019 -0.289188
v -1.006707 0.119032 -0.303809
v -1.007678 0.125601 -0.317504
v -1.026806 0.125601 -0.317504
v -1.005997 0.119695 -0.303554
v -1.027549 0.207998 -0.260245
v -1.027549 0.204578 -0.257282
v -1.027175 0.215561 -0.286962
v -1.027175 0.217209 -0.28201
v -1.027175 0.217858 -0.276833
v -1.027175 0.217486 -0.271628
v -1.027549 0.213758 -0.281229
v -1.027549 0.21233 -0.285521
v -1.027549 0.210091 -0.289454
v -1.027549 0.207129 -0.292873
v -1.027549 0.203557 -0.29565
v -1.027549 0.199511 -0.297674
v -1.027175 0.195746 -0.30236
v -1.027175 0.200778 -0.300979
v -1.027175 0.205443 -0.298643
v -1.005737 0.253018 -0.31982
v -1.005997 0.253811 -0.32038
v -1.005997 0.243974 -0.331735
v -1.005997 0.232112 -0.340952
v -1.005737 0.231595 -0.340131
v -1.027776 0.232491 -0.341551
v -1.027776 0.244463 -0.33225
v -1.006707 0.232491 -0.341551
v -1.006707 0.174147 -0.351551
v -1.005997 0.174304 -0.350858
v -1.027776 0.25439 -0.32079
v -1.026806 0.254603 -0.32094
v -1.006707 0.261891 -0.307614
v -1.007678 0.262128 -0.307719
v -1.027175 0.197135 -0.250165
v -1.027549 0.196353 -0.253615
v -1.027549 0.200646 -0.255044
v -1.027549 0.210775 -0.263817
v -1.027549 0.2128 -0.267862
v -1.027175 0.216104 -0.266596
v -1.027175 0.213768 -0.26193
v -1.027175 0.210565 -0.257811
v -1.027175 0.16529 -0.270238
v -1.035814 0.193969 -0.291993
v -1.034384 0.194551 -0.295387
v -1.034384 0.198246 -0.294373
v -1.035814 0.197013 -0.291159
v -1.035814 0.206952 -0.279685
v -1.02829 0.192008 -0.24764
v -1.02829 0.186436 -0.24804
v -1.027175 0.186753 -0.249888
v -1.027175 0.191958 -0.249515
v -1.035814 0.199835 -0.289745
v -1.034384 0.201671 -0.292658
v -1.034384 0.204696 -0.290307
v -1.035814 0.202327 -0.287809
v -1.034384 0.173399 -0.268167
v -1.035814 0.175547 -0.272564
v -1.02829 0.171645 -0.255447
v -1.027175 0.172936 -0.256808
v -1.036761 0.193189 -0.287444
v -1.036761 0.186574 -0.286614
v -1.035814 0.175155 -0.275696
v -1.032365 0.186385 -0.29758
v -1.032365 0.190663 -0.298117
v -1.035814 0.177629 -0.28471
v -1.036761 0.181534 -0.282248
v -1.035814 0.197805 -0.261418
v -1.035814 0.191678 -0.26003
v -1.036761 0.195925 -0.265635
v -1.029711 0.168002 -0.275506
v -1.029711 0.168329 -0.280052
v -1.034384 0.173 -0.28312
v -1.034384 0.174716 -0.286546
v -1.035814 0.176215 -0.281888
v -1.027549 0.172408 -0.262796
v -1.029711 0.172264 -0.262694
v -1.029711 0.175249 -0.259249
v -1.027549 0.17537 -0.259375
v -1.032367 0.182292 -0.296218
v -1.032367 0.194965 -0.297808
v -1.032365 0.199124 -0.296667
v -1.032367 0.202981 -0.294735
v -1.028486 0.119695 -0.303555
v -1.028668 0.218266 -0.288168
v -1.028667 0.211601 -0.29759
v -1.028854 0.212283 -0.298308
v -1.028854 0.216207 -0.293779
v -1.028854 0.221063 -0.282884
v -1.028854 0.221808 -0.276939
v -1.028667 0.220819 -0.276912
v -1.02829 0.217274 -0.287725
v -1.029711 0.212964 -0.2678
v -1.029711 0.210922 -0.263724
v -1.032367 0.209861 -0.264393
v -1.034384 0.205432 -0.262677
v -1.005997 0.126421 -0.316987
v -1.006707 0.125821 -0.317365
v -1.005997 0.370741 -0.06545
v -1.006707 0.371185 -0.066003
v -1.006707 0.113935 -0.274064
v -1.028854 0.213434 -0.255092
v -1.028854 0.203696 -0.248202
v -1.028854 0.19801 -0.246311
v -1.028667 0.197791 -0.247277
v -1.028667 0.208332 -0.251976
v -1.026806 0.134935 -0.329517
v -1.027776 0.125821 -0.317365
v -1.02829 0.197551 -0.248336
v -1.005997 0.135639 -0.328848
v -1.006707 0.135124 -0.329337
v -1.007678 0.134935 -0.329517
v -1.007678 0.146434 -0.339477
v -1.027776 0.174147 -0.351551
v -1.026806 0.189183 -0.353698
v -1.027776 0.18919 -0.353439
v -1.027776 0.204314 -0.352354
v -1.02829 0.219038 -0.282426
v -1.028854 0.186086 -0.245993
v -1.028667 0.186253 -0.246969
v -1.028667 0.192037 -0.246555
v -1.02829 0.219334 -0.271311
v -1.02829 0.219734 -0.276883
v -1.028667 0.201837 -0.303744
v -1.02829 0.201449 -0.30273
v -1.02829 0.196063 -0.304208
v -1.02829 0.190491 -0.304608
v -1.028667 0.190462 -0.305694
v -1.007678 0.354497 0.193555
v -1.026806 0.354497 0.193555
v -1.007678 0.371349 -0.066205
v -1.007678 0.37035 -0.024325
v -1.027776 0.218934 -0.348341
v -1.005737 0.315699 0.188819
v -1.005997 0.353227 0.192142
v -1.005737 0.351956 0.19073
v -1.005737 0.127242 -0.316469
v -1.005737 0.160445 -0.345231
v -1.005997 0.368849 -0.023638
v -1.005737 0.370135 -0.064696
v -1.006707 0.354157 0.193176
v -1.006707 0.369947 -0.024141
v -1.027776 0.354157 0.193176
v -1.03676 0.180049 -0.273584
v -1.028486 0.368849 -0.023638
v -1.036761 0.200965 -0.270001
v -1.035814 0.200548 -0.26298
v -1.027175 0.171934 -0.294438
v -1.027175 0.168731 -0.290318
v -1.02829 0.167145 -0.291318
v -1.036761 0.197373 -0.28584
v -1.035814 0.204394 -0.285423
v -1.036761 0.202449 -0.278664
v -1.028486 0.353227 0.192142
v -1.028486 0.364327 0.060307
v -1.027776 0.369947 -0.024141
v -1.027776 0.365489 0.060446
v -1.028667 0.167101 -0.259042
v -1.028854 0.166292 -0.25847
v -1.028854 0.161436 -0.269364
v -1.028854 0.160691 -0.27531
v -1.027175 0.190541 -0.302733
v -1.028486 0.204193 -0.351655
v -1.028486 0.189209 -0.352727
v -1.032365 0.173289 -0.263419
v -1.032367 0.176113 -0.260159
v -1.027175 0.177056 -0.253606
v -1.027175 0.181721 -0.25127
v -1.02829 0.18105 -0.249519
v -1.02829 0.176055 -0.25202
v -1.027549 0.170169 -0.266728
v -1.029711 0.170009 -0.266656
v -1.027776 0.115822 -0.259022
v -1.027549 0.168178 -0.27551
v -1.027549 0.168501 -0.280022
v -1.032365 0.175284 -0.291261
v -1.034384 0.177067 -0.289571
v -1.027549 0.169699 -0.284385
v -1.027549 0.171724 -0.288432
v -1.027549 0.181853 -0.297204
v -1.029711 0.181781 -0.297365
v -1.032367 0.178544 -0.294085
v -1.029711 0.199574 -0.297838
v -1.027175 0.185364 -0.302083
v -1.02829 0.184948 -0.303912
v -1.02829 0.164644 -0.286323
v -1.027175 0.166395 -0.285652
v -1.027175 0.165013 -0.28062
v -1.02829 0.163165 -0.280937
v -1.027175 0.164641 -0.275416
v -1.029711 0.20725 -0.292999
v -1.029711 0.210235 -0.289554
v -1.032365 0.206386 -0.29209
v -1.028667 0.180661 -0.248504
v -1.028667 0.175476 -0.251101
v -1.029711 0.21249 -0.285593
v -1.029711 0.213929 -0.281266
v -1.032365 0.211791 -0.26825
v -1.034384 0.202537 -0.260168
v -1.027549 0.191864 -0.253053
v -1.029711 0.196392 -0.253445
v -1.027549 0.168741 -0.271021
v -1.027549 0.1745 -0.292004
v -1.029711 0.182925 -0.25441
v -1.028681 0.12704 -0.316597
v -1.028681 0.147416 -0.338088
v -1.028681 0.160347 -0.34545
v -1.028854 0.178803 -0.304046
v -1.028854 0.169065 -0.297158
v -1.028854 0.165388 -0.292426
v -1.028854 0.161119 -0.281287
v -1.028854 0.174948 -0.250263
v -1.007678 0.120371 -0.244529
v -1.028854 0.184489 -0.305937
v -1.028667 0.184708 -0.304972
v -1.028668 0.163629 -0.286712
v -1.028854 0.202192 -0.304668
v -1.027549 0.187351 -0.253375
v -1.027549 0.178942 -0.256599
v -1.027549 0.182988 -0.254574
v -1.007678 0.189183 -0.353698
v -1.005738 0.20403 -0.350699
v -1.029711 0.16857 -0.270982
v -1.02829 0.206443 -0.300229
v -1.028854 0.217111 -0.259824
v -1.028854 0.22138 -0.270961
v -1.028486 0.232112 -0.340952
v -1.028681 0.231722 -0.340334
v -1.028682 0.204069 -0.350935
v -1.028486 0.21868 -0.347678
v -1.007678 0.315113 0.191593
v -1.028854 0.190435 -0.306683
v -1.028681 0.174465 -0.350146
v -1.028681 0.35227 0.191079
v -1.027175 0.180412 -0.300436
v -1.02829 0.179649 -0.30215
v -1.034384 0.199207 -0.258274
v -1.034384 0.195572 -0.257064
v -1.034384 0.19177 -0.256588
v -1.028486 0.243974 -0.331735
v -1.028486 0.174304 -0.350858
v -1.027175 0.175878 -0.297855
v -1.034384 0.187948 -0.256861
v -1.028486 0.126421 -0.316987
v -1.032365 0.171155 -0.267167
v -1.028486 0.160049 -0.346116
v -1.027549 0.177921 -0.294966
v -1.029711 0.178849 -0.256451
v -1.029711 0.17782 -0.295109
v -1.029711 0.174374 -0.292124
v -1.029711 0.20365 -0.295797
v -1.032367 0.200207 -0.25603
v -1.032365 0.196114 -0.254668
v -1.032367 0.212934 -0.272408
v -1.029711 0.200718 -0.254883
v 0.070395 0.177067 -0.289572
v 0.068376 0.175284 -0.291261
v 0.068376 0.172639 -0.287856
v 0.070395 0.174716 -0.286546
v 0.071824 0.193969 -0.291994
v 0.071824 0.199835 -0.289745
v 0.070395 0.201671 -0.292659
v 0.070395 0.198246 -0.294374
v 0.070395 0.194551 -0.295388
v 0.064678 0.180661 -0.248504
v 0.064678 0.192037 -0.246555
v 0.0643 0.192008 -0.247641
v 0.0643 0.186436 -0.248041
v 0.0643 0.18105 -0.249519
v 0.0643 0.165224 -0.264524
v 0.0643 0.167987 -0.259669
v 0.063186 0.169518 -0.260753
v 0.063186 0.166938 -0.265288
v 0.0643 0.217274 -0.287726
v 0.0643 0.214512 -0.29258
v 0.063186 0.21298 -0.291497
v 0.063186 0.215561 -0.286963
v 0.071824 0.180171 -0.264441
v 0.071824 0.185486 -0.26109
v 0.07277 0.187138 -0.265401
v 0.07277 0.18076 -0.271449
v 0.071824 0.176543 -0.269569
v 0.071824 0.178105 -0.266826
v 0.071824 0.177629 -0.284711
v 0.070395 0.173 -0.283121
v 0.070395 0.171986 -0.279426
v 0.071824 0.17538 -0.278845
v 0.043688 0.120371 -0.24453
v 0.043688 0.315113 0.191593
v 0.062816 0.315113 0.191593
v 0.062816 0.120371 -0.24453
v 0.072771 0.202449 -0.278665
v 0.072771 0.200965 -0.270002
v 0.071824 0.20487 -0.26754
v 0.071824 0.207119 -0.273405
v 0.071824 0.206952 -0.279686
v 0.068376 0.199124 -0.296668
v 0.068376 0.202981 -0.294736
v 0.065722 0.20365 -0.295798
v 0.065722 0.199574 -0.297839
v 0.063786 0.113935 -0.274065
v 0.064496 0.114645 -0.274084
v 0.064496 0.115719 -0.289068
v 0.063786 0.115019 -0.289188
v 0.042008 0.232113 -0.340953
v 0.041748 0.231595 -0.340132
v 0.041748 0.20403 -0.350699
v 0.042008 0.204193 -0.351656
v 0.042008 0.21868 -0.347679
v 0.064496 0.116515 -0.259179
v 0.063786 0.115822 -0.259022
v 0.063786 0.120608 -0.244636
v 0.063786 0.315191 0.19122
v 0.064496 0.315406 0.190205
v 0.063786 0.354157 0.193176
v 0.064496 0.353227 0.192141
v 0.042009 0.315406 0.190205
v 0.042009 0.353227 0.192141
v 0.042718 0.354157 0.193176
v 0.042718 0.315192 0.19122
v 0.063186 0.164641 -0.275416
v 0.063186 0.165014 -0.280621
v 0.0643 0.163165 -0.280938
v 0.0643 0.162765 -0.275366
v 0.063786 0.365489 0.060445
v 0.062816 0.354497 0.193554
v 0.062816 0.371349 -0.066206
v 0.063786 0.369947 -0.024141
v 0.063786 0.371185 -0.066004
v 0.063786 0.261891 -0.307615
v 0.063786 0.25439 -0.320791
v 0.064496 0.253811 -0.32038
v 0.064496 0.370742 -0.065451
v 0.064679 0.163629 -0.286712
v 0.064865 0.162705 -0.287067
v 0.064865 0.161119 -0.281288
v 0.064865 0.161436 -0.269365
v 0.064678 0.162402 -0.269583
v 0.064678 0.16168 -0.275337
v 0.064692 0.12704 -0.316597
v 0.064692 0.120378 -0.303294
v 0.064865 0.169065 -0.297158
v 0.064865 0.173595 -0.301082
v 0.064865 0.184489 -0.305937
v 0.064865 0.190435 -0.306684
v 0.064865 0.202192 -0.304669
v 0.064865 0.212283 -0.298309
v 0.064865 0.216207 -0.29378
v 0.064865 0.221063 -0.282885
v 0.064865 0.221808 -0.276939
v 0.064865 0.22138 -0.270962
v 0.064865 0.217111 -0.259824
v 0.064865 0.213434 -0.255092
v 0.064865 0.203696 -0.248203
v 0.064865 0.19801 -0.246312
v 0.064865 0.186086 -0.245994
v 0.064692 0.315627 0.18916
v 0.064692 0.35227 0.191078
v 0.064692 0.370285 -0.064883
v 0.064692 0.253214 -0.319958
v 0.064692 0.231723 -0.340334
v 0.064692 0.204069 -0.350936
v 0.064692 0.160347 -0.34545
v 0.042008 0.370742 -0.065451
v 0.042718 0.369947 -0.024142
v 0.042008 0.368849 -0.023638
v 0.041748 0.370135 -0.064697
v 0.0643 0.190491 -0.304609
v 0.0643 0.196063 -0.304209
v 0.0643 0.201449 -0.30273
v 0.064678 0.201837 -0.303745
v 0.064678 0.190462 -0.305694
v 0.042718 0.371185 -0.066003
v 0.064496 0.368849 -0.023638
v 0.064496 0.364327 0.060306
v 0.070395 0.171712 -0.275604
v 0.068376 0.169257 -0.275539
v 0.068376 0.169794 -0.27126
v 0.070395 0.17219 -0.271802
v 0.043688 0.371349 -0.066206
v 0.043688 0.37035 -0.024325
v 0.0643 0.170572 -0.295729
v 0.0643 0.167145 -0.291319
v 0.063186 0.168731 -0.290318
v 0.063186 0.171934 -0.294439
v 0.043688 0.354497 0.193554
v 0.065722 0.20725 -0.293
v 0.065722 0.210235 -0.289555
v 0.063559 0.210091 -0.289454
v 0.063559 0.207129 -0.292874
v 0.062816 0.159655 -0.347003
v 0.063786 0.15976 -0.346765
v 0.063786 0.174147 -0.351551
v 0.062816 0.174089 -0.351805
v 0.041748 0.160445 -0.345231
v 0.041748 0.127242 -0.31647
v 0.042008 0.126421 -0.316987
v 0.042008 0.135639 -0.328849
v 0.042008 0.146994 -0.338686
v 0.042008 0.160049 -0.346117
v 0.041748 0.116674 -0.288905
v 0.042008 0.115719 -0.289068
v 0.042008 0.119695 -0.303555
v 0.062816 0.219027 -0.348584
v 0.063786 0.218934 -0.348341
v 0.063786 0.232491 -0.341552
v 0.062816 0.23263 -0.341773
v 0.064496 0.174304 -0.350859
v 0.064496 0.189209 -0.352728
v 0.063786 0.18919 -0.353439
v 0.064692 0.117227 -0.25934
v 0.041748 0.253018 -0.319821
v 0.041749 0.351956 0.190729
v 0.041749 0.315699 0.188819
v 0.041748 0.11746 -0.259393
v 0.063786 0.244463 -0.332251
v 0.062816 0.244642 -0.332439
v 0.0643 0.184948 -0.303913
v 0.064678 0.184708 -0.304973
v 0.042718 0.218934 -0.348341
v 0.042718 0.204314 -0.352355
v 0.043688 0.204357 -0.352611
v 0.043688 0.219027 -0.348584
v 0.064678 0.197791 -0.247277
v 0.0643 0.197551 -0.248337
v 0.072771 0.193189 -0.287444
v 0.071824 0.190821 -0.29222
v 0.071824 0.184694 -0.29083
v 0.072771 0.186574 -0.286614
v 0.072771 0.197373 -0.28584
v 0.042718 0.125821 -0.317365
v 0.042718 0.119032 -0.30381
v 0.043688 0.11879 -0.303902
v 0.043688 0.125601 -0.317505
v 0.068376 0.206386 -0.29209
v 0.070395 0.204696 -0.290308
v 0.063559 0.210775 -0.263817
v 0.065722 0.210923 -0.263725
v 0.065722 0.208125 -0.260125
v 0.063559 0.207998 -0.260245
v 0.068376 0.20921 -0.28883
v 0.043688 0.115569 -0.258964
v 0.062816 0.115569 -0.258964
v 0.065722 0.174374 -0.292125
v 0.065722 0.171577 -0.288525
v 0.068376 0.170707 -0.284
v 0.065722 0.186107 -0.298804
v 0.063559 0.186145 -0.298634
v 0.063559 0.181853 -0.297205
v 0.065722 0.181781 -0.297365
v 0.070395 0.207205 -0.287412
v 0.063559 0.17537 -0.259376
v 0.063559 0.178942 -0.256599
v 0.068376 0.171156 -0.267168
v 0.065722 0.170009 -0.266657
v 0.065722 0.172264 -0.262695
v 0.068376 0.173289 -0.263419
v 0.064678 0.169784 -0.296476
v 0.063559 0.168741 -0.271022
v 0.063559 0.168178 -0.27551
v 0.063186 0.16529 -0.270239
v 0.063186 0.172936 -0.256809
v 0.063186 0.177056 -0.253606
v 0.063186 0.181721 -0.25127
v 0.063186 0.186753 -0.249889
v 0.063559 0.187351 -0.253376
v 0.063559 0.182988 -0.254574
v 0.063559 0.172408 -0.262796
v 0.063559 0.170169 -0.266728
v 0.068376 0.187534 -0.25444
v 0.065722 0.187322 -0.253204
v 0.065722 0.191868 -0.252878
v 0.068376 0.191836 -0.254132
v 0.068376 0.207215 -0.260988
v 0.068376 0.203955 -0.258164
v 0.065722 0.204679 -0.25714
v 0.070395 0.19177 -0.256588
v 0.068376 0.196114 -0.254669
v 0.070395 0.195572 -0.257065
v 0.064865 0.174948 -0.250264
v 0.064678 0.175476 -0.251101
v 0.064496 0.126421 -0.316987
v 0.064496 0.160049 -0.346117
v 0.064496 0.146994 -0.338686
v 0.064496 0.135639 -0.328849
v 0.0643 0.219038 -0.282426
v 0.063186 0.217209 -0.282011
v 0.042718 0.232491 -0.341552
v 0.063186 0.191958 -0.249516
v 0.064678 0.211601 -0.297591
v 0.064679 0.218266 -0.288169
v 0.064678 0.220819 -0.276912
v 0.0643 0.211927 -0.25652
v 0.0643 0.215354 -0.260931
v 0.063186 0.213768 -0.261931
v 0.063186 0.210565 -0.257811
v 0.064496 0.119695 -0.303555
v 0.063786 0.119032 -0.303809
v 0.064679 0.174167 -0.300273
v 0.063786 0.125821 -0.317365
v 0.062816 0.113676 -0.274058
v 0.062816 0.114763 -0.289232
v 0.062816 0.189183 -0.353698
v 0.0643 0.217855 -0.265926
v 0.063186 0.216104 -0.266597
v 0.063186 0.206622 -0.254394
v 0.0643 0.207705 -0.252863
v 0.0643 0.210854 -0.296803
v 0.063786 0.146584 -0.339264
v 0.0643 0.206444 -0.300229
v 0.064678 0.208332 -0.251976
v 0.064678 0.212715 -0.255773
v 0.064496 0.243974 -0.331735
v 0.064496 0.232113 -0.340953
v 0.042718 0.135124 -0.329338
v 0.042718 0.261891 -0.307615
v 0.042718 0.25439 -0.320791
v 0.043688 0.254603 -0.320941
v 0.043688 0.262128 -0.30772
v 0.0643 0.219734 -0.276884
v 0.0643 0.174794 -0.299387
v 0.043688 0.244642 -0.332439
v 0.062816 0.254603 -0.320941
v 0.064865 0.166292 -0.25847
v 0.064692 0.116439 -0.288945
v 0.042718 0.244463 -0.332251
v 0.042718 0.174147 -0.351551
v 0.042718 0.15976 -0.346765
v 0.043688 0.159655 -0.347003
v 0.043688 0.174089 -0.351805
v 0.043688 0.146434 -0.339477
v 0.062816 0.146434 -0.339477
v 0.042718 0.18919 -0.353439
v 0.043688 0.189183 -0.353698
v 0.071824 0.200548 -0.262981
v 0.071824 0.197805 -0.261419
v 0.070395 0.199207 -0.258274
v 0.070395 0.202537 -0.260169
v 0.070395 0.175294 -0.264837
v 0.071824 0.175547 -0.272565
v 0.070395 0.173399 -0.268168
v 0.070395 0.210513 -0.272823
v 0.070395 0.209499 -0.269129
v 0.068376 0.211791 -0.26825
v 0.068376 0.212934 -0.272409
v 0.042718 0.115019 -0.289189
v 0.043688 0.114763 -0.289232
v 0.062816 0.11879 -0.303902
v 0.062816 0.125601 -0.317505
v 0.072771 0.17993 -0.278064
v 0.071824 0.204394 -0.285424
v 0.070395 0.210309 -0.280447
v 0.070395 0.2091 -0.284082
v 0.042718 0.113935 -0.274065
v 0.043688 0.113676 -0.274058
v 0.068376 0.194965 -0.297809
v 0.042008 0.174304 -0.350859
v 0.068376 0.211344 -0.285082
v 0.070395 0.179962 -0.292081
v 0.068376 0.178544 -0.294085
v 0.063559 0.214321 -0.27674
v 0.065722 0.214497 -0.276745
v 0.065722 0.21417 -0.272197
v 0.063559 0.213999 -0.272227
v 0.062816 0.262128 -0.30772
v 0.065722 0.195177 -0.299046
v 0.063559 0.199511 -0.297675
v 0.063559 0.195147 -0.298874
v 0.064496 0.21868 -0.347679
v 0.064496 0.204193 -0.351656
v 0.065722 0.21249 -0.285593
v 0.065722 0.213929 -0.281267
v 0.063559 0.213758 -0.281229
v 0.063559 0.21233 -0.285522
v 0.042718 0.115822 -0.259022
v 0.042718 0.120608 -0.244636
v 0.068376 0.190663 -0.298117
v 0.065722 0.19063 -0.299372
v 0.070395 0.186927 -0.295184
v 0.070395 0.190729 -0.295662
v 0.068376 0.186385 -0.29758
v 0.063559 0.190635 -0.299196
v 0.068376 0.182292 -0.296219
v 0.063186 0.205443 -0.298643
v 0.063186 0.209563 -0.295441
v 0.063559 0.1745 -0.292004
v 0.063559 0.171724 -0.288432
v 0.070395 0.177803 -0.261942
v 0.070395 0.180828 -0.259591
v 0.065722 0.168329 -0.280053
v 0.063559 0.168501 -0.280023
v 0.065722 0.168002 -0.275506
v 0.065722 0.16857 -0.270983
v 0.0643 0.219334 -0.271312
v 0.063186 0.217486 -0.271629
v 0.063786 0.204314 -0.352355
v 0.062816 0.204357 -0.352611
v 0.068376 0.183375 -0.255582
v 0.070395 0.184254 -0.257875
v 0.065722 0.182925 -0.25441
v 0.065722 0.196392 -0.253445
v 0.065722 0.200718 -0.254884
v 0.063559 0.196353 -0.253616
v 0.063559 0.200646 -0.255045
v 0.068376 0.200207 -0.256031
v 0.063186 0.190541 -0.302734
v 0.063186 0.195746 -0.302361
v 0.072771 0.181534 -0.282248
v 0.072771 0.195925 -0.265635
v 0.0643 0.179649 -0.30215
v 0.063186 0.180412 -0.300436
v 0.063186 0.185364 -0.302084
v 0.0643 0.163461 -0.269823
v 0.042008 0.189209 -0.352728
v 0.062816 0.134935 -0.329517
v 0.063786 0.135124 -0.329338
v 0.063186 0.217858 -0.276834
v 0.0643 0.20285 -0.2501
v 0.063186 0.202086 -0.251813
v 0.063186 0.197135 -0.250165
v 0.042008 0.114645 -0.274084
v 0.063186 0.175878 -0.297856
v 0.0643 0.171645 -0.255447
v 0.0643 0.176055 -0.25202
v 0.042008 0.253811 -0.32038
v 0.042008 0.116515 -0.259179
v 0.063186 0.166395 -0.285653
v 0.063559 0.169699 -0.284386
v 0.064678 0.21887 -0.265537
v 0.063186 0.200778 -0.300979
v 0.0643 0.164644 -0.286324
v 0.064678 0.167101 -0.259042
v 0.043688 0.23263 -0.341773
v 0.042008 0.243974 -0.331736
v 0.064678 0.164231 -0.264081
v 0.071824 0.181951 -0.289269
v 0.063559 0.203557 -0.29565
v 0.063559 0.177921 -0.294967
v 0.070395 0.183292 -0.293975
v 0.042718 0.146583 -0.339264
v 0.071824 0.191678 -0.26003
v 0.070395 0.187948 -0.256861
v 0.070395 0.210787 -0.276645
v 0.070395 0.205432 -0.262678
v 0.070395 0.207783 -0.265703
v 0.063559 0.204578 -0.257283
v 0.063559 0.191864 -0.253053
v 0.063559 0.2128 -0.267863
v 0.043688 0.134935 -0.329517
v 0.068376 0.213242 -0.276711
v 0.068376 0.212705 -0.280989
v 0.065722 0.212964 -0.2678
v 0.068376 0.209861 -0.264393
v 0.065722 0.17782 -0.29511
v 0.065722 0.169535 -0.284449
v 0.068376 0.169565 -0.279841
vt 0 1
vt 0 1
vt 0 1
vt 0 1
vt 0 1
vt 0 1
vt 0 1
vt 0 1
vt 0 1
vt 0 1
vt 0 1
vt 0 1
vt 0 1
vt 0 1
vt 0 1
vt 0 1
vt 0 1
vt 0 1
vt 0 1
vt 0 1
vt 0 1
vt 0 1
vt 0 1
vt 0 1
vt 0 1
vt 0 1
vt 0 1
vt 0 1
vt 0 1
vt 0 1
vt 0 1
vt 0 1
vt 0 1
vt 0 1
vt 0 1
vt 0 1
vt 0 1
vt 0 1
vt 0 1
vt 0 1
vt 0 1
vt 0 1
vt 0 1
vt 0 1
vt 0 1
vt 0 1
vt 0 1
vt 0 1
vt 0 1
vt 0 1
vt 0 1
vt 0 1
vt 0 1
vt 0 1
vt 0 1
vt 0 1
vt 0 1
vt 0 1
vt 0 1
vt 0 1
vt 0 1
vt 0 1
vt 0 1
vt 0 1
vt 0 1
vt 0 1
vt 0 1
vt 0 1
vt 0 1
vt 0 1
vt 0 1
vt 0 1
vt 0 1
vt 0 1
vt 0 1
vt 0 1
vt 0 1
vt 0 1
vt 0 1
vt 0 1
vt 0 1
vt 0 1
vt 0 1
vt 0 1
vt 0 1
vt 0 1
vt 0 1
vt 0 1
vt 0 1
vt 0 1
vt 0 1
vt 0 1
vt 0 1
vt 0 1
vt 0 1
vt 0 1
vt 0 1
vt 0 1
vt 0 1
vt 0 1
vt 0 1
vt 0 1
vt 0 1
vt 0 1
vt 0 1
vt 0 1
vt 0 1
vt 0 1
vt 0 1
vt 0 1
vt 0 1
vt 0 1
vt 0 1
vt 0 1
vt 0 1
vt 0 1
vt 0 1
vt 0 1
vt 0 1
vt 0 1
vt 0 1
vt 0 1
vt 0 1
vt 0 1
vt 0 1
vt 0 1
vt 0 1
vt 0 1
vt 0 1
vt 0 1
vt 0 1
vt 0 1
vt 0 1
vt 0 1
vt 0 1
vt 0 1
vt 0 1
vt 0 1
vt 0 1
vt 0 1
vt 0 1
vt 0 1
vt 0 1
vt 0 1
vt 0 1
vt 0 1
vt 0 1
vt 0 1
vt 0 1
vt 0 1
vt 0 1
vt 0 1
vt 0 1
vt 0 1
vt 0 1
vt 0 1
vt 0 1
vt 0 1
vt 0 1
vt 0 1
vt 0 1
vt 0 1
vt 0 1
vt 0 1
vt 0 1
vt 0 1
vt 0 1
vt 0 1
vt 0 1
vt 0 1
vt 0 1
vt 0 1
vt 0 1
vt 0 1
vt 0 1
vt 0 1
vt 0 1
vt 0 1
vt 0 1
vt 0 1
vt 0 1
vt 0 1
vt 0 1
vt 0 1
vt 0 1
vt 0 1
vt 0 1
vt 0 1
vt 0 1
vt 0 1
vt 0 1
vt 0 1
vt 0 1
vt 0 1
vt 0 1
vt 0 1
vt 0 1
vt 0 1
vt 0 1
vt 0 1
vt 0 1
vt 0 1
vt 0 1
vt 0 1
vt 0 1
vt 0 1
vt 0 1
vt 0 1
vt 0 1
vt 0 1
vt 0 1
vt 0 1
vt 0 1
vt 0 1
vt 0 1
vt 0 1
vt 0 1
vt 0 1
vt 0 1
vt 0 1
vt 0 1
vt 0 1
vt 0 1
vt 0 1
vt 0 1
vt 0 1
vt 0 1
vt 0 1
vt 0 1
vt 0 1
vt 0 1
vt 0 1
vt 0 1
vt 0 1
vt 0 1
vt 0 1
vt 0 1
vt 0 1
vt 0 1
vt 0 1
vt 0 1
vt 0 1
vt 0 1
vt 0 1
vt 0 1
vt 0 1
vt 0 1
vt 0 1
vt 0 1
vt 0 1
vt 0 1
vt 0 1
vt 0 1
vt 0 1
vt 0 1
vt 0 1
vt 0 1
vt 0 1
vt 0 1
vt 0 1
vt 0 1
vt 0 1
vt 0 1
vt 0 1
vt 0 1
vt 0 1
vt 0 1
vt 0 1
vt 0 1
vt 0 1
vt 0 1
vt 0 1
vt 0 1
vt 0 1
vt 0 1
vt 0 1
vt 0 1
vt 0 1
vt 0 1
vt 0 1
vt 0 1
vt 0 1
vt 0 1
vt 0 1
vt 0 1
vt 0 1
vt 0 1
vt 0 1
vt 0 1
vt 0 1
vt 0 1
vt 0 1
vt 0 1
vt 0 1
vt 0 1
vt 0 1
vt 0 1
vt 0 1
vt 0 1
vt 0 1
vt 0 1
vt 0 1
vt 0 1
vt 0 1
vt 0 1
vt 0 1
vt 0 1
vt 0 1
vt 0 1
vt 0 1
vt 0 1
vt 0 1
vt 0 1
vt 0 1
vt 0 1
vt 0 1
vt 0 1
vt 0 1
vt 0 1
vt 0 1
vt 0 1
vt 0 1
vt 0 1
vt 0 1
vt 0 1
vt 0 1
vt 0 1
vt 0 1
vt 0 1
vt 0 1
vt 0 1
vt 0 1
vt 0 1
vt 0 1
vt 0 1
vt 0 1
vt 0 1
vt 0 1
vt 0 1
vt 0 1
vt 0 1
vt 0 1
vt 0 1
vt 0 1
vt 0 1
vt 0 1
vt 0 1
vt 0 1
vt 0 1
vt 0 1
vt 0 1
vt 0 1
vt 0 1
vt 0 1
vt 0 1
vt 0 1
vt 0 1
vt 0 1
vt 0 1
vt 0 1
vt 0 1
vt 0 1
vt 0 1
vt 0 1
vt 0 1
vt 0 1
vt 0 1
vt 0 1
vt 0 1
vt 0 1
vt 0 1
vt 0 1
vt 0 1
vt 0 1
vt 0 1
vt 0 1
vt 0 1
vt 0 1
vt 0 1
vt 0 1
vt 0 1
vt 0 1
vt 0 1
vt 0 1
vt 0 1
vt 0 1
vt 0 1
vt 0 1
vt 0 1
vt 0 1
vt 0 1
vt 0 1
vt 0 1
vt 0 1
vt 0 1
vt 0 1
vt 0 1
vt 0 1
vt 0 1
vt 0 1
vt 0 1
vt 0 1
vt 0 1
vt 0 1
vt 0 1
vt 0 1
vt 0 1
vt 0 1
vt 0 1
vt 0 1
vt 0 1
vt 0 1
vt 0 1
vt 0 1
vt 0 1
vt 0 1
vt 0 1
vt 0 1
vt 0 1
vt 0 1
vt 0 1
vt 0 1
vt 0 1
vt 0 1
vt 0 1
vt 0 1
vt 0 1
vt 0 1
vt 0 1
vt 0 1
vt 0 1
vt 0 1
vt 0 1
vt 0 1
vt 0 1
vt 0 1
vt 0 1
vt 0 1
vt 0 1
vt 0 1
vt 0 1
vt 0 1
vt 0 1
vt 0 1
vt 0 1
vt 0 1
vt 0 1
vt 0 1
vt 0 1
vt 0 1
vt 0 1
vt 0 1
vt 0 1
vt 0 1
vt 0 1
vt 0 1
vt 0 1
vt 0 1
vt 0 1
vt 0 1
vt 0 1
vt 0 1
vt 0 1
vt 0 1
vt 0 1
vt 0 1
vt 0 1
vt 0 1
vt 0 1
vt 0 1
vt 0 1
vt 0 1
vt 0 1
vt 0 1
vt 0 1
vt 0 1
vt 0 1
vt 0 1
vt 0 1
vt 0 1
vt 0 1
vt 0 1
vt 0 1
vt 0 1
vt 0 1
vt 0 1
vt 0 1
vt 0 1
vt 0 1
vt 0 1
vt 0 1
vt 0 1
vt 0 1
vt 0 1
vt 0 1
vt 0 1
vt 0 1
vt 0 1
vt 0 1
vt 0 1
vt 0 1
vt 0 1
vt 0 1
vt 0 1
vt 0 1
vt 0 1
vt 0 1
vt 0 1
vt 0 1
vt 0 1
vt 0 1
vt 0 1
vt 0 1
vt 0 1
vt 0 1
vt 0 1
vt 0 1
vt 0 1
vt 0 1
vt 0 1
vt 0 1
vt 0 1
vt 0 1
vt 0 1
vt 0 1
vt 0 1
vt 0 1
vt 0 1
vt 0 1
vt 0 1
vt 0 1
vt 0 1
vt 0 1
vt 0 1
vt 0 1
vt 0 1
vt 0 1
vt 0 1
vt 0 1
vt 0 1
vt 0 1
vt 0 1
vt 0 1
vt 0 1
vt 0 1
vt 0 1
vt 0 1
vt 0 1
vt 0 1
vt 0 1
vt 0 1
vt 0 1
vt 0 1
vt 0 1
vt 0 1
vt 0 1
vt 0 1
vt 0 1
vt 0 1
vt 0 1
vt 0 1
vt 0 1
vt 0 1
vt 0 1
vt 0 1
vt 0 1
vt 0 1
vt 0 1
vt 0 1
vt 0 1
vt 0 1
vt 0 1
vt 0 1
vt 0 1
vt 0 1
vt 0 1
vt 0 1
vt 0 1
vt 0 1
vt 0 1
vt 0 1
vt 0 1
vt 0 1
vt 0 1
vt 0 1
vt 0 1
vt 0 1
vt 0 1
vt 0 1
vt 0 1
vt 0 1
vt 0 1
vt 0 1
vt 0 1
vt 0 1
vt 0 1
vt 0 1
vt 0 1
vt 0 1
vt 0 1
vt 0 1
vt 0 1
vt 0 1
vt 0 1
vt 0 1
vt 0 1
vt 0 1
vt 0 1
vt 0 1
vt 0 1
vt 0 1
vt 0 1
vt 0 1
vt 0 1
vt 0 1
vt 0 1
vt 0 1
vt 0 1
vt 0 1
vt 0 1
vt 0 1
vt 0 1
vt 0 1
vt 0 1
vt 0 1
vt 0 1
vt 0 1
vt 0 1
vt 0 1
vt 0 1
vt 0 1
vt 0 1
vt 0 1
vt 0 1
vt 0 1
vt 0 1
vt 0 1
vt 0 1
vt 0 1
vt 0 1
vt 0 1
vt 0 1
vt 0 1
vt 0 1
vt 0 1
vt 0 1
vt 0 1
vt 0 1
vt 0 1
vt 0 1
vt 0 1
vt 0 1
vt 0 1
vt 0 1
vt 0 1
vt 0 1
vt 0 1
vt 0 1
vt 0 1
vt 0 1
vt 0 1
vt 0 1
vt 0 1
vt 0 1
vt 0 1
vt 0 1
vt 0 1
vt 0 1
vt 0 1
vt 0 1
vt 0 1
vt 0 1
vt 0 1
vt 0 1
vt 0 1
vt 0 1
vt 0 1
vt 0 1
vt 0 1
vt 0 1
vt 0 1
vt 0 1
vt 0 1
vt 0 1
vt 0 1
vt 0 1
vt 0 1
vt 0 1
vt 0 1
vt 0 1
vt 0 1
vt 0 1
vt 0 1
vt 0 1
vt 0 1
vt 0 1
vt 0 1
vt 0 1
vt 0 1
vt 0 1
vt 0 1
vt 0 1
vt 0 1
vt 0 1
vt 0 1
vt 0 1
vt 0 1
vt 0 1
vt 0 1
vt 0 1
vt 0 1
vt 0 1
vt 0 1
vt 0 1
vt 0 1
vt 0 1
vt 0 1
vt 0 1
vt 0 1
vt 0 1
vt 0 1
vt 0 1
vt 0 1
vt 0 1
vt 0 1
vt 0 1
vt 0 1
vt 0 1
vt 0 1
vt 0 1
vt 0 1
vt 0 1
vt 0 1
vt 0 1
vt 0 1
vt 0 1
vt 0 1
vt 0 1
vt 0 1
vt 0 1
vt 0 1
vt 0 1
vt 0 1
vt 0 1
vt 0 1
vt 0 1
vt 0 1
vt 0 1
vt 0 1
vt 0 1
vt 0 1
vt 0 1
vt 0 1
vt 0 1
vt 0 1
vt 0 1
vt 0 1
vt 0 1
vt 0 1
vt 0 1
vt 0 1
vt 0 1
vt 0 1
vt 0 1
vt 0 1
vt 0 1
vt 0 1
vt 0 1
vt 0 1
vt 0 1
vt 0 1
vt 0 1
vt 0 1
vt 0 1
vt 0 1
vt 0 1
vt 0 1
vt 0 1
vt 0 1
vt 0 1
vt 0 1
vt 0 1
vt 0 1
vt 0 1
vt 0 1
vt 0 1
vt 0 1
vt 0 1
vt 0 1
vt 0 1
vt 0 1
vt 0 1
vt 0 1
vt 0 1
vt 0 1
vt 0 1
vt 0 1
vt 0 1
vt 0 1
vt 0 1
vt 0 1
vt 0 1
vt 0 1
vt 0 1
vt 0 1
vt 0 1
vt 0 1
vt 0 1
vt 0 1
vt 0 1
vt 0 1
vt 0 1
vt 0 1
vt 0 1
vn -0.9566 -0.0168 -0.2908
vn -0.9571 -0.1094 -0.2685
vn -0.8558 -0.203 -0.4758
vn -0.8565 -0.1141 -0.5033
vn -0.8566 -0.0131 -0.5159
vn -0.1293 -0.9774 -0.1675
vn 0.1293 -0.9774 -0.1675
vn 0.1297 -0.9259 -0.3549
vn -0.1293 -0.9259 -0.3549
vn -0.1252 -0.9247 0.3595
vn -0.617 -0.7294 0.2954
vn -0.6011 -0.4404 0.6668
vn -0.1732 -0.5412 0.8229
vn 0.493 -0.0232 -0.8697
vn 0.8978 -0.0161 -0.4402
vn 0.8918 0.0773 -0.4457
vn 0.4931 0.147 -0.8575
vn 0.8842 0.1672 -0.4362
vn 0.4931 0.3114 -0.8123
vn -0.4932 -0.8574 -0.1469
vn -0.4929 -0.8124 -0.3114
vn -0.1293 -0.9671 0.2193
vn 0.1293 -0.9671 0.2193
vn 0.1294 -0.9912 0.0264
vn -0.1294 -0.9912 0.0264
vn -0.6083 -0.7934 0.0212
vn -0.6083 -0.7823 -0.134
vn -0.8566 -0.5086 -0.0871
vn -0.8557 -0.5174 0.0055
vn -0.1766 -0.2176 -0.9599
vn -0.6152 -0.1809 -0.7674
vn -0.6164 -0.041 -0.7864
vn -0.1766 -0.0262 -0.9839
vn -0.1297 0.5287 -0.8389
vn 0.1297 0.5287 -0.8388
vn 0.1296 0.6822 -0.7196
vn -0.1296 0.6822 -0.7196
vn -0.9364 -0.1913 0.2942
vn -0.9102 -0.4003 0.1061
vn -0.9933 -0.1109 0.0333
vn -0.9897 -0.1013 0.1011
vn 0.9077 -0.4067 0.1038
vn 0.5561 -0.8094 0.1885
vn 0.617 -0.7294 0.2954
vn 0.6553 -0.5755 0.4893
vn 0.93 -0.2148 0.2982
vn -0.8976 0.4079 -0.1669
vn -0.9705 0.2121 -0.1143
vn -0.9693 0.1845 -0.1625
vn -0.8976 0.3518 -0.2655
vn -0.1295 0.1675 -0.9773
vn 0.1295 0.1675 -0.9773
vn 0.1296 0.355 -0.9259
vn -0.1296 0.355 -0.9259
vn -0.6083 -0.4232 0.6714
vn -0.8565 -0.2752 0.4366
vn -0.8582 -0.1837 0.4792
vn -0.6083 -0.2841 0.7411
vn -0.6705 0.1323 -0.73
vn -0.1766 0.1663 -0.9701
vn -0.9715 -0.1935 0.1369
vn -0.9713 -0.1569 0.1789
vn -0.8858 -0.3192 0.3367
vn -0.8826 -0.3838 0.2715
vn -0.6083 0.576 0.5461
vn -0.1766 0.7143 0.6772
vn -0.1767 0.5685 0.8035
vn -0.6083 0.4585 0.6479
vn -0.4932 -0.6312 -0.5985
vn -0.4931 -0.5024 -0.7102
vn -0.8748 -0.2748 -0.3989
vn -0.8883 -0.3333 -0.316
vn -0.1293 -0.4037 -0.9057
vn 0.1296 -0.4037 -0.9057
vn 0.1292 -0.2193 -0.9671
vn -0.1292 -0.2193 -0.9671
vn -0.8826 -0.3977 -0.2507
vn -0.8857 -0.4335 -0.1662
vn -0.9556 -0.2751 -0.1054
vn -0.9654 -0.1985 -0.1691
vn -0.8976 -0.329 -0.2932
vn 0.9965 -0.0827 -0.0142
vn 0.8849 -0.4591 -0.0787
vn 0.8841 -0.4671 0.0124
vn 0.9928 -0.1153 0.0332
vn -0.1295 -0.5726 -0.8095
vn -0.4931 -0.3542 -0.7946
vn 0.4931 -0.5025 -0.7102
vn 0.8977 -0.258 -0.3572
vn 0.8986 -0.1787 -0.4008
vn 0.493 -0.3542 -0.7947
vn 0.4932 0.5986 -0.6313
vn 0.5535 0.6826 -0.4773
vn 0.1295 0.8095 -0.5727
vn -0.9578 0.2833 0.0485
vn -0.8583 0.5058 0.0867
vn -0.8565 0.4819 0.1848
vn -0.8583 0.4341 0.2736
vn -0.9587 0.2423 0.1488
vn 0.6083 -0.5461 0.5759
vn 0.1767 -0.6772 0.7143
vn 0.1767 -0.5249 0.8326
vn 0.6083 -0.4233 0.6714
vn -0.9759 0.212 -0.0514
vn -0.9936 0.0962 -0.0595
vn -0.9083 0.3477 -0.2325
vn -0.7846 0.6185 -0.0432
vn -0.9578 -0.0963 0.2709
vn -0.9561 -0.1973 0.2165
vn -0.9937 -0.0812 0.0776
vn -0.9938 -0.0293 0.1075
vn -0.1309 0.9742 -0.1838
vn -0.5464 0.831 -0.104
vn -0.6129 0.7086 -0.3496
vn -0.1269 0.8844 -0.4491
vn -0.8883 -0.4591 0.0122
vn -0.889 -0.4513 -0.0773
vn -0.9972 -0.0735 -0.012
vn -0.8558 -0.3499 0.3811
vn -0.8557 -0.4271 0.292
vn -0.956 -0.2501 0.1537
vn -0.8557 -0.5027 0.1225
vn -0.6083 -0.774 0.1755
vn -0.956 -0.1847 -0.2282
vn -0.8558 -0.3055 -0.4175
vn -0.1766 -0.9191 -0.3523
vn -0.1766 -0.8327 -0.5248
vn -0.6084 -0.6714 -0.4232
vn -0.6084 -0.7411 -0.2841
vn -0.8558 0.427 -0.292
vn -0.6083 0.6479 -0.4584
vn -0.6083 0.7249 -0.3231
vn -0.8566 0.4713 -0.21
vn -0.9601 0.2797 -0.0052
vn -0.8857 0.4642 -0.0124
vn -0.8826 0.4585 -0.104
vn -0.9594 0.2654 -0.0952
vn -0.8976 -0.2433 -0.3675
vn -0.8825 -0.1915 -0.4295
vn -0.9709 -0.08 -0.2256
vn -0.9717 -0.1283 -0.1981
vn -0.8583 0.5005 -0.1134
vn -0.6084 0.774 -0.1754
vn -0.6083 0.7934 -0.0211
vn -0.8566 0.5159 -0.0138
vn -0.1767 0.0262 0.9839
vn -0.1767 -0.1662 0.9701
vn -0.6084 -0.134 0.7823
vn -0.6083 0.0211 0.7934
vn -0.1766 0.9839 -0.0262
vn -0.6223 0.7807 -0.057
vn -0.6719 0.7308 0.1208
vn -0.1767 0.9701 0.1663
vn -0.4933 -0.8696 0.0232
vn -0.8977 0.3294 0.2928
vn -0.9654 0.1985 0.1691
vn -0.9594 0.1451 0.2417
vn -0.8975 0.2434 0.3676
vn 0.493 -0.8575 -0.1469
vn 0.493 -0.8124 -0.3114
vn 0.1295 -0.8389 -0.5287
vn -0.1295 -0.8389 -0.5287
vn 0.8842 -0.4362 -0.1672
vn -0.6158 0.5718 0.5421
vn -0.6163 0.4656 0.6352
vn -0.9713 -0.2209 0.0884
vn -0.9705 -0.2383 0.0356
vn -0.9693 -0.2449 -0.0196
vn -0.9692 -0.2423 -0.0445
vn -0.6196 0.7596 -0.1977
vn -0.6179 0.7129 -0.3316
vn -0.6174 0.6422 -0.4543
vn -0.618 0.55 -0.5617
vn -0.6196 0.4393 -0.6504
vn -0.6224 0.3136 -0.7171
vn -0.9695 -0.0366 0.2424
vn -0.9693 -0.0631 0.2376
vn -0.9705 -0.1129 0.2129
vn 0.993 0.0997 -0.0633
vn 0.9075 0.3482 -0.2351
vn 0.8841 0.3215 -0.3391
vn 0.8849 0.2483 -0.394
vn 0.9965 0.0447 -0.0709
vn -0.4932 0.4639 -0.7359
vn -0.4931 0.5986 -0.6313
vn 0.4932 0.4639 -0.7359
vn 0.4933 -0.1924 -0.8483
vn 0.8978 -0.0931 -0.4305
vn -0.5534 0.6826 -0.4773
vn -0.1295 0.8095 -0.5727
vn 0.611 0.7081 -0.3538
vn 0.1275 0.8837 -0.4503
vn -0.9705 -0.0515 -0.2356
vn -0.6676 0.1673 0.7255
vn -0.618 0.3436 0.7071
vn -0.6164 0.659 0.431
vn -0.6181 0.7243 0.3055
vn -0.971 -0.2294 -0.0677
vn -0.9718 -0.2046 -0.1176
vn -0.972 -0.1704 -0.1616
vn -0.9713 0.2298 -0.0616
vn -0.9576 0.0442 -0.2848
vn -0.8532 0.0881 -0.5142
vn -0.8549 0.1857 -0.4844
vn -0.9559 0.1051 -0.2743
vn -0.9598 0.2739 -0.0618
vn -0.9099 -0.0028 -0.4148
vn -0.9066 0.0713 -0.416
vn -0.9721 0.0347 -0.2318
vn -0.9716 -0.0209 -0.2357
vn -0.9587 0.1583 -0.2362
vn -0.8531 0.2782 -0.4413
vn -0.8541 0.3513 -0.3835
vn -0.9577 0.2031 -0.204
vn -0.8565 -0.4714 0.2101
vn -0.9582 -0.2776 0.0692
vn -0.8825 0.3235 -0.3412
vn -0.9696 0.1649 -0.181
vn -0.9939 0.0127 -0.1095
vn -0.9938 -0.0452 -0.1013
vn -0.9576 -0.2875 -0.019
vn -0.6083 -0.1755 -0.7741
vn -0.6083 -0.0212 -0.7934
vn -0.9582 -0.2387 -0.1577
vn -0.9941 -0.0947 -0.0535
vn -0.9579 0.1052 0.2672
vn -0.9578 0.0076 0.2873
vn -0.994 0.0395 0.1023
vn -0.1766 -0.9839 0.0262
vn -0.1766 -0.9701 -0.1663
vn -0.8558 -0.4859 -0.1774
vn -0.8558 -0.4331 -0.2828
vn -0.9576 -0.2774 -0.0778
vn -0.6223 -0.6593 0.422
vn -0.1766 -0.8035 0.5684
vn -0.1766 -0.6772 0.7142
vn -0.6705 -0.5156 0.5335
vn -0.6083 -0.3231 -0.725
vn -0.6084 0.1341 -0.7823
vn -0.6083 0.2841 -0.7411
vn -0.6083 0.4232 -0.6714
vn -0.8883 -0.4288 -0.1644
vn -0.9556 -0.2692 0.12
vn -0.9596 -0.1986 0.1993
vn -0.9965 -0.0622 0.0558
vn -0.9968 -0.0733 0.0328
vn -0.9968 -0.0733 0.0328
vn -0.9973 -0.0741 0.0016
vn -0.9623 -0.2718 0.0072
vn -0.8857 -0.4241 0.189
vn -0.1767 0.919 0.3523
vn -0.1766 0.8326 0.5249
vn -0.6083 0.6714 0.4232
vn -0.8565 0.3745 0.3551
vn 0.8918 -0.3832 -0.2405
vn 0.4931 -0.7359 -0.4639
vn 0.8834 0.4644 -0.0626
vn 0.4842 0.8707 -0.0866
vn 0.493 -0.8697 0.0232
vn -0.9966 -0.0611 -0.0545
vn -0.9956 -0.0458 -0.0816
vn -0.9941 -0.0252 -0.1059
vn -0.9573 -0.0761 -0.2789
vn -0.9594 -0.1451 -0.2418
vn -0.1297 -0.7195 -0.6822
vn -0.4931 -0.736 -0.4639
vn -0.8976 -0.1107 -0.4267
vn 0.8977 -0.3167 -0.3063
vn 0.4932 -0.6312 -0.5985
vn 0.1296 -0.7196 -0.6822
vn 0.1294 -0.5726 -0.8095
vn -0.4931 -0.1924 -0.8484
vn -0.1293 -0.0264 -0.9913
vn -0.4931 -0.0232 -0.8697
vn -0.4931 0.147 -0.8575
vn -0.8824 -0.4588 0.1041
vn -0.995 0.023 -0.0977
vn -0.9612 0.0548 -0.2702
vn -0.9559 0.0001 -0.2936
vn -0.8826 -0.4634 -0.0794
vn -0.8856 -0.4642 0.0124
vn -0.9571 -0.0991 0.2722
vn -0.8857 -0.1662 0.4335
vn -0.8826 -0.0794 0.4634
vn -0.8977 -0.0019 0.4407
vn -0.9594 -0.0137 0.2816
vn 0.2077 0.6545 0.727
vn 0.1409 0.595 0.7913
vn 0.093 0.9694 -0.227
vn 0.1623 0.9831 0.0848
vn -0.4931 0.3114 -0.8123
vn 0.99 -0.1065 0.0924
vn 0.935 0.2355 0.2651
vn 0.9955 0.0578 0.0756
vn 0.9977 -0.0572 -0.0353
vn 0.9987 -0.0206 -0.0462
vn 0.9437 0.3299 0.0245
vn 0.9705 0.2411 0.0095
vn 0.6663 0.4931 0.5594
vn 0.6243 0.7812 -0.0036
vn -0.215 0.5088 0.8336
vn -0.9941 -0.1071 0.019
vn -0.9513 0.2962 0.0853
vn -0.994 0.0957 0.0537
vn -0.956 0.1846 0.2282
vn -0.9696 0.1743 0.1719
vn -0.9693 0.1928 0.1524
vn -0.8825 0.3979 0.2508
vn -0.9941 0.0669 -0.0852
vn -0.9574 0.2415 -0.1582
vn -0.9942 0.1047 -0.0233
vn -0.9413 0.2075 0.2664
vn -0.9441 0.3292 0.0205
vn -0.1183 0.9905 0.0695
vn -0.0336 0.9971 0.0684
vn -0.9614 0.2127 -0.1747
vn -0.9956 0.0721 -0.0604
vn -0.9957 0.0874 -0.0292
vn -0.9967 0.0809 0.0001
vn -0.9716 -0.0083 0.2365
vn -0.8889 0.0774 -0.4514
vn -0.8883 -0.0122 -0.459
vn -0.6083 -0.6479 0.4584
vn -0.6081 -0.5462 0.5761
vn -0.9716 0.1382 -0.192
vn -0.9721 0.0885 -0.217
vn -0.9097 0.1407 -0.3906
vn -0.8976 0.2464 -0.3654
vn -0.6195 -0.7267 0.2967
vn -0.1766 -0.899 0.4007
vn -0.5561 -0.8094 0.1885
vn -0.6173 -0.7864 0.0209
vn -0.618 -0.7769 -0.1203
vn -0.6083 -0.576 -0.5461
vn -0.8566 -0.3744 -0.355
vn -0.6197 -0.7413 -0.2578
vn -0.6224 -0.6808 -0.3863
vn -0.6152 -0.3148 -0.7228
vn -0.1766 -0.4008 -0.899
vn -0.6083 -0.4584 -0.6479
vn -0.1767 0.3523 -0.9191
vn -0.9722 0.047 0.2296
vn -0.8976 0.1107 0.4266
vn -0.8857 0.4334 0.1662
vn -0.9705 0.218 0.1029
vn -0.9713 0.2329 0.0493
vn -0.8824 0.4636 0.0795
vn -0.9715 0.2368 -0.0063
vn -0.1766 0.6772 -0.7143
vn -0.1766 0.8035 -0.5685
vn -0.6083 0.5461 -0.576
vn -0.9632 0.1083 -0.2462
vn -0.9553 0.1677 -0.2435
vn -0.1766 0.899 -0.4007
vn -0.1766 0.9599 -0.2176
vn -0.6083 0.7411 0.2841
vn -0.8557 0.3056 0.4176
vn -0.6164 0.001 0.7874
vn -0.1766 0.2176 0.9599
vn -0.6179 -0.7695 0.1615
vn -0.6706 -0.5431 -0.5052
vn -0.1767 -0.3523 0.9191
vn -0.9972 -0.0636 -0.0389
vn -0.9945 -0.0566 -0.0884
vn -0.9915 -0.0535 -0.1188
vn -0.9964 0.0414 0.0738
vn -0.9967 0.06 0.0547
vn -0.9968 0.0741 0.0294
vn -0.9968 0.0741 0.0294
vn -0.9942 0.0564 -0.0913
vn 0.1253 -0.9247 0.3595
vn -0.996 0.0203 0.0873
vn -0.9633 0.0708 0.259
vn -0.9556 0.2751 0.1055
vn -0.9958 -0.0282 0.087
vn -0.6152 -0.1398 0.7759
vn -0.6164 -0.4028 0.6766
vn -0.6152 -0.2759 0.7385
vn 0.1293 -0.0264 -0.9913
vn 0.9977 0.012 -0.0661
vn -0.1766 -0.9599 0.2177
vn -0.8825 -0.2508 0.3978
vn -0.9967 -0.0752 -0.0292
vn -0.9968 -0.0749 -0.0294
vn -0.8889 0.2442 -0.3875
vn -0.9973 0.0396 -0.0622
vn -0.9973 0.0129 -0.0726
vn -0.8882 0.1645 -0.429
vn 0.1682 -0.5372 0.8265
vn -0.9956 -0.0062 0.0934
vn -0.9945 -0.0286 -0.1007
vn -0.9969 0.0249 0.0744
vn -0.9721 0.0999 0.212
vn -0.8826 0.1914 0.4293
vn -0.8558 0.203 0.4758
vn -0.8565 0.1141 0.5033
vn -0.8582 0.0136 0.5131
vn -0.8883 0.316 -0.3333
vn -0.875 -0.113 -0.4708
vn -0.9716 0.1483 0.1843
vn -0.8565 -0.0872 0.5087
vn -0.889 -0.3874 -0.2442
vn -0.6083 -0.7249 0.3231
vn -0.8591 -0.2084 -0.4675
vn -0.6165 -0.4383 -0.6541
vn -0.1766 -0.5248 0.8327
vn -0.1766 -0.5685 -0.8035
vn -0.1767 -0.7142 -0.6772
vn -0.1767 0.5248 -0.8327
vn -0.6084 0.3232 0.7249
vn -0.6083 0.1754 0.7741
vn -0.6083 0.7823 0.1341
vn -0.1766 0.4008 0.899
vn 0.8565 -0.3746 -0.3551
vn 0.6083 -0.576 -0.5461
vn 0.6083 -0.6714 -0.4232
vn 0.8582 -0.4342 -0.2737
vn 0.9561 0.0551 -0.2877
vn 0.9578 0.1592 -0.2394
vn 0.8582 0.2737 -0.4342
vn 0.8565 0.1847 -0.4819
vn 0.8557 0.0955 -0.5085
vn 0.9554 0.0742 -0.2858
vn 0.9553 0.0252 -0.2945
vn 0.8977 0.0019 -0.4406
vn 0.8826 0.0794 -0.4633
vn 0.8977 0.145 -0.4161
vn 0.9098 0.3825 -0.1613
vn 0.8977 0.3518 -0.2655
vn 0.9717 0.1955 -0.1325
vn 0.9712 0.2229 -0.084
vn 0.8856 -0.4243 0.1891
vn 0.8826 -0.3838 0.2715
vn 0.9718 -0.1869 0.144
vn 0.972 -0.2145 0.0956
vn 0.9574 -0.191 0.2164
vn 0.9598 -0.1003 0.2623
vn 0.9942 -0.038 0.1003
vn 0.9941 -0.0971 0.049
vn 0.9593 -0.2565 0.1181
vn 0.9577 -0.2308 0.1719
vn 0.9569 -0.2436 -0.1579
vn 0.8565 -0.4819 -0.1848
vn 0.8582 -0.5059 -0.0867
vn 0.9569 -0.2867 -0.0454
vn -0.1245 -0.9245 0.3603
vn -0.1692 -0.5463 0.8203
vn 0.1621 -0.5417 0.8248
vn 0.1249 -0.9243 0.3607
vn 0.9941 0.1056 -0.0239
vn 0.994 0.0957 0.0537
vn 0.9587 0.2423 0.1488
vn 0.9578 0.2833 0.0485
vn 0.9596 0.2745 -0.0623
vn 0.6083 0.2841 -0.7411
vn 0.6083 0.4232 -0.6714
vn 0.1766 0.5249 -0.8327
vn 0.1766 0.3523 -0.9191
vn 0.4933 -0.8695 0.0232
vn 0.8883 -0.4591 0.0122
vn 0.8749 -0.4763 -0.0878
vn 0.4931 -0.8575 -0.1469
vn -0.8848 0.2485 -0.3942
vn -0.9965 0.0447 -0.0709
vn -0.9977 0.012 -0.0662
vn -0.8917 0.0773 -0.4459
vn -0.884 0.1673 -0.4365
vn 0.9096 -0.4024 0.1037
vn 0.5562 -0.8094 0.1885
vn 0.617 -0.7294 0.2954
vn 0.6095 -0.4321 0.6647
vn 0.9348 -0.194 0.2975
vn 0.229 0.5061 0.8315
vn 0.9409 0.2064 0.2687
vn -0.9283 -0.2177 0.3014
vn -0.9331 0.2281 0.2781
vn -0.6481 0.5027 0.5721
vn -0.6577 -0.1436 0.7395
vn 0.9704 0.2416 -0.0008
vn 0.9721 0.2326 0.0298
vn 0.8825 0.4636 0.0795
vn 0.8984 0.4392 -0.0065
vn 0.0278 0.9974 0.0661
vn -0.1216 0.5961 0.7937
vn 0.1234 0.9686 -0.2158
vn 0.013 0.9998 -0.0152
vn 0.452 0.8779 -0.1581
vn 0.6127 0.7088 -0.3496
vn 0.5535 0.6826 -0.4773
vn 0.9083 0.3478 -0.2326
vn 0.7869 0.6161 -0.034
vn 0.9571 0.2722 0.0991
vn 0.9966 0.0785 0.0255
vn 0.9958 0.0915 0.0073
vn 0.9956 0.0897 -0.0274
vn 0.9668 0.2473 -0.0639
vn 0.96 0.28 0.0055
vn 0.9961 -0.0782 -0.0413
vn 0.9914 -0.122 -0.0464
vn 0.9958 0.0632 0.0663
vn 0.9956 0.0467 0.0811
vn 0.996 0.0194 0.0875
vn 0.9956 -0.0062 0.0934
vn 0.9958 -0.0283 0.087
vn 0.9965 -0.0623 0.0558
vn 0.9968 -0.0735 0.0328
vn 0.9968 -0.0735 0.0328
vn 0.9972 -0.0745 0.0018
vn 0.9967 -0.0754 -0.0289
vn 0.9968 -0.0751 -0.0291
vn 0.9966 -0.0612 -0.0546
vn 0.9956 -0.0457 -0.0813
vn 0.9954 -0.0147 -0.0941
vn 0.9956 0.0152 -0.093
vn 0.9905 -0.0981 0.0959
vn 0.9973 0.0365 0.0643
vn 0.9842 0.1772 -0.0001
vn 0.9936 0.0962 -0.0595
vn 0.9973 0.0395 -0.0622
vn 0.9983 0.0111 -0.0565
vn 0.9991 -0.0165 -0.038
vn -0.8688 0.4851 -0.0996
vn -0.641 0.7561 0.1317
vn -0.9117 0.4091 -0.0366
vn -0.9792 0.197 -0.0479
vn 0.8976 -0.0019 0.4407
vn 0.8827 -0.0794 0.4632
vn 0.8857 -0.1662 0.4335
vn 0.9571 -0.0991 0.2722
vn 0.9595 -0.0136 0.2813
vn -0.5289 0.8205 -0.2168
vn 0.9501 0.2994 0.0872
vn 0.9436 0.3303 0.0212
vn 0.8565 -0.5159 0.0138
vn 0.6083 -0.7934 0.0211
vn 0.6083 -0.774 0.1755
vn 0.8565 -0.5032 0.1147
vn -0.0949 0.9709 -0.2199
vn -0.1671 0.9816 0.0928
vn 0.8975 0.3292 0.2934
vn 0.8824 0.398 0.2508
vn 0.9721 0.1929 0.1334
vn 0.9704 0.1792 0.1622
vn -0.2104 0.6519 0.7285
vn 0.1767 0.6772 -0.7142
vn 0.1767 0.8035 -0.5685
vn 0.6163 0.6504 -0.444
vn 0.618 0.5595 -0.5524
vn 0.1293 -0.4037 -0.9057
vn 0.4931 -0.3542 -0.7946
vn 0.4932 -0.1924 -0.8484
vn 0.1296 -0.2192 -0.967
vn -0.9987 -0.0206 -0.0463
vn -0.9977 -0.0573 -0.0353
vn -0.8918 -0.3832 -0.2405
vn -0.8977 -0.3168 -0.3064
vn -0.8976 -0.2581 -0.3573
vn -0.8985 -0.1787 -0.4009
vn -0.9965 -0.0827 -0.0142
vn -0.8849 -0.459 -0.0786
vn -0.8842 -0.4362 -0.1672
vn 0.1297 0.3549 -0.9259
vn 0.4931 0.3114 -0.8123
vn 0.4932 0.4639 -0.7359
vn 0.1297 0.5287 -0.8388
vn 0.901 -0.0924 -0.4238
vn 0.901 -0.0152 -0.4335
vn 0.4929 -0.0232 -0.8698
vn 0.9932 -0.1115 0.0337
vn -0.993 0.0996 -0.0633
vn -0.9947 0.068 0.0777
vn -0.9887 -0.1071 0.1048
vn -0.9928 -0.1148 0.0336
vn 0.4931 0.5985 -0.6313
vn 0.1295 0.6822 -0.7196
vn 0.8976 0.1107 0.4266
vn 0.9631 0.0708 0.2595
vn -0.4931 0.3114 -0.8123
vn -0.493 0.147 -0.8575
vn -0.1295 0.1675 -0.9773
vn -0.1297 0.3549 -0.9259
vn 0.9616 -0.0647 -0.2666
vn 0.8977 -0.1107 -0.4266
vn 0.9937 0.0135 -0.1112
vn 0.9559 -0.0268 -0.2923
vn 0.9571 -0.1094 -0.2685
vn 0.9938 -0.0452 -0.1013
vn 0.9938 0.0685 -0.0878
vn -0.4932 -0.7359 -0.4639
vn -0.4931 -0.8123 -0.3114
vn -0.1293 -0.9259 -0.3549
vn -0.1296 -0.8388 -0.5288
vn 0.6083 0.5461 -0.576
vn 0.8565 0.3551 -0.3745
vn 0.6196 0.6504 0.4394
vn 0.1767 0.8327 0.5249
vn 0.1766 0.7142 0.6772
vn 0.618 0.5617 0.55
vn 0.6083 0.6479 -0.4584
vn -0.1293 -0.9671 0.2193
vn 0.1293 -0.9671 0.2193
vn 0.1768 -0.7143 -0.6772
vn 0.1767 -0.8326 -0.5248
vn 0.6083 -0.7411 -0.2842
vn 0.1767 -0.2177 -0.9599
vn 0.6167 -0.1677 -0.7691
vn 0.6179 -0.3024 -0.7258
vn 0.1767 -0.4008 -0.899
vn 0.8582 0.419 -0.2964
vn 0.6167 -0.5463 0.5668
vn 0.6178 -0.4355 0.6547
vn 0.6083 -0.7249 0.3231
vn 0.1767 -0.899 0.4007
vn 0.1767 -0.8036 0.5684
vn 0.608 -0.6481 0.4585
vn 0.9626 0.2012 0.1813
vn 0.62 -0.7576 0.204
vn 0.6679 -0.7437 0.028
vn 0.9702 0.2402 -0.0311
vn 0.9717 0.159 -0.1746
vn 0.9712 0.1149 -0.2087
vn 0.9702 0.0651 -0.2334
vn 0.9687 0.0432 -0.2443
vn 0.6732 -0.1229 0.7292
vn 0.6201 -0.3099 0.7208
vn 0.6167 -0.6389 0.4599
vn 0.6178 -0.7102 0.3376
vn 0.6083 -0.134 0.7823
vn 0.1767 -0.1662 0.9701
vn 0.1767 0.0262 0.9839
vn 0.6083 0.0212 0.7934
vn 0.6083 0.576 0.5461
vn 0.6082 0.4584 0.648
vn 0.1766 0.5685 0.8035
vn 0.8582 0.0137 0.5131
vn 0.608 0.1755 0.7743
vn 0.8565 0.1141 0.5033
vn 0.9951 0.0522 -0.0844
vn 0.96 0.1595 -0.2301
vn 0.8815 -0.4032 -0.2456
vn 0.9017 -0.176 -0.3949
vn 0.9009 -0.2536 -0.3522
vn 0.9011 -0.3121 -0.3009
vn 0.8826 -0.4585 0.104
vn 0.9718 -0.2321 0.0427
vn -0.4931 0.4639 -0.736
vn 0.9693 0.0196 -0.245
vn 0.9595 -0.1989 0.1996
vn 0.9557 -0.2688 0.1198
vn 0.9624 -0.2715 0.0072
vn 0.8977 -0.329 -0.2932
vn 0.8826 -0.3977 -0.2507
vn 0.9705 -0.2129 -0.1129
vn 0.9713 -0.1789 -0.1569
vn 0.8591 -0.4779 -0.1832
vn 0.4931 -0.8123 -0.3114
vn 0.9594 0.1451 0.2418
vn 0.4932 -0.7359 -0.4639
vn 0.1294 -0.9912 0.0264
vn 0.1294 -0.9773 -0.1675
vn 0.1293 -0.0264 -0.9913
vn 0.8857 -0.4335 -0.1662
vn 0.9693 -0.2376 -0.0631
vn 0.9715 -0.1369 -0.1935
vn 0.8977 -0.2433 -0.3674
vn 0.8857 -0.3195 0.3369
vn 0.493 -0.5024 -0.7103
vn 0.8826 -0.2507 0.3977
vn 0.9594 -0.1451 -0.2418
vn 0.9654 -0.1986 -0.1692
vn 0.8882 0.316 -0.3335
vn 0.8889 0.2442 -0.3875
vn -0.4931 -0.6313 -0.5986
vn -0.6127 0.7088 -0.3496
vn -0.5536 0.6824 -0.4773
vn -0.1297 0.8094 -0.5727
vn -0.1265 0.884 -0.45
vn 0.8857 -0.4642 0.0124
vn 0.8975 0.2434 0.3677
vn -0.1295 0.6822 -0.7196
vn 0.1294 0.8095 -0.5727
vn 0.9943 0.0867 -0.0619
vn 0.9944 -0.1032 -0.0231
vn -0.493 0.5986 -0.6314
vn -0.4933 -0.1924 -0.8483
vn -0.4931 -0.3542 -0.7946
vn -0.1296 -0.4037 -0.9057
vn -0.1297 -0.2193 -0.967
vn -0.1294 -0.5726 -0.8095
vn 0.1296 -0.5726 -0.8095
vn -0.4931 -0.0232 -0.8696
vn -0.1295 -0.0264 -0.9912
vn 0.956 0.1847 0.2281
vn 0.9579 0.1052 0.2672
vn 0.8557 0.2031 0.4759
vn 0.8557 0.3055 0.4175
vn 0.854 -0.4298 0.2931
vn 0.9566 -0.2859 0.0555
vn 0.8531 -0.4765 0.2124
vn 0.8582 0.5059 0.0867
vn 0.8565 0.4819 0.1848
vn 0.6083 0.7411 0.2841
vn 0.6083 0.7823 0.1341
vn -0.4934 -0.8573 -0.1468
vn -0.1297 -0.9773 -0.1675
vn 0.1295 -0.9259 -0.3549
vn 0.1296 -0.8388 -0.5288
vn 0.9937 -0.1115 -0.0135
vn 0.9578 0.2346 -0.166
vn 0.8582 0.5006 -0.1135
vn 0.8565 0.4714 -0.2101
vn -0.493 -0.8697 0.0231
vn -0.1294 -0.9912 0.0264
vn 0.6084 0.134 -0.7823
vn -0.8977 -0.0931 -0.4307
vn 0.6083 0.7249 -0.3231
vn 0.8557 -0.3055 -0.4176
vn 0.6083 -0.4584 -0.648
vn 0.618 0.7848 -0.0469
vn 0.1767 0.9839 -0.0262
vn 0.1768 0.9701 0.1663
vn 0.6719 0.7293 0.1294
vn 0.1264 0.884 -0.45
vn 0.1767 0.1662 -0.9701
vn 0.62 0.2513 -0.7432
vn 0.6178 0.1138 -0.7781
vn 0.8882 0.1645 -0.429
vn 0.8954 0.0764 -0.4387
vn 0.1767 0.899 -0.4007
vn 0.1766 0.9599 -0.2177
vn 0.6163 0.765 -0.187
vn 0.6157 0.7197 -0.3208
vn -0.5562 -0.8094 0.1885
vn -0.614 -0.7332 0.2924
vn 0.6084 -0.0212 -0.7934
vn 0.1767 -0.0262 -0.9839
vn 0.8565 -0.1141 -0.5033
vn 0.8557 -0.0221 -0.5169
vn 0.6084 -0.1755 -0.774
vn 0.6167 -0.0275 -0.7867
vn 0.6083 -0.3231 -0.725
vn 0.9697 -0.1317 0.2059
vn 0.971 -0.1503 0.186
vn 0.668 -0.5344 -0.5179
vn 0.6152 -0.6741 -0.4088
vn 0.8557 -0.3499 0.3811
vn 0.8565 -0.2752 0.4366
vn 0.1766 -0.9701 -0.1663
vn 0.6151 -0.7747 -0.1466
vn 0.1766 -0.9839 0.0262
vn 0.1767 -0.9599 0.2177
vn 0.8826 -0.4634 -0.0794
vn 0.9692 -0.2433 -0.0387
vn 0.4929 0.147 -0.8576
vn 0.1294 0.1675 -0.9774
vn 0.6083 -0.2841 0.7411
vn 0.8583 -0.1837 0.4792
vn 0.1766 -0.3523 0.9191
vn 0.1766 0.2176 0.9599
vn 0.1766 0.4008 0.899
vn 0.6195 0.1977 0.7597
vn 0.6179 0.3316 0.7129
vn 0.6083 0.3232 0.7249
vn 0.9717 0.0015 0.2362
vn 0.9712 -0.054 0.2321
vn 0.9937 -0.092 -0.0645
vn 0.994 0.0395 0.1024
vn 0.8825 0.1915 0.4296
vn 0.9712 0.1097 0.2115
vn 0.9717 0.0568 0.2292
vn 0.9066 0.4116 -0.0933
vn -0.8977 -0.0161 -0.4404
vn 0.1296 -0.7196 -0.6822
vn 0.4931 -0.6313 -0.5986
vn 0.971 -0.2388 -0.0125
vn 0.8826 -0.1914 -0.4294
vn 0.9713 -0.0884 -0.221
vn 0.9705 -0.0356 -0.2384
vn -0.8841 -0.4671 0.0124
vn 0.9702 0.1579 0.1838
vn 0.8826 0.3235 -0.3412
vn 0.8977 0.2464 -0.3654
vn -0.9065 0.3505 -0.2355
vn -0.9088 -0.4047 0.1014
vn 0.9724 0.218 0.0836
vn 0.6146 -0.7366 -0.2824
vn 0.9556 -0.2751 -0.1055
vn 0.9702 -0.1076 0.2171
vn 0.8857 0.4334 0.1662
vn 0.9553 0.2342 -0.1803
vn -0.1297 0.5287 -0.8388
vn -0.8841 0.3215 -0.3391
vn 0.963 0.2405 -0.1215
vn 0.956 -0.1846 -0.2282
vn 0.6702 0.3937 -0.6291
vn 0.6201 -0.4271 -0.6581
vn 0.8558 -0.203 -0.4759
vn -0.4929 -0.5025 -0.7103
vn 0.9578 0.0076 0.2873
vn 0.8565 -0.0871 0.5087
vn 0.8565 0.5159 -0.0138
vn 0.8566 0.3745 0.3551
vn 0.8583 0.4342 0.2737
vn 0.6174 0.4543 0.6422
vn 0.6223 0.057 0.7807
vn 0.6224 0.7171 0.3137
vn -0.1295 -0.7196 -0.6822
vn 0.6083 0.7934 -0.0211
vn 0.6084 0.774 -0.1755
vn 0.1767 0.9191 0.3523
vn 0.6083 0.6714 0.4232
vn 0.1764 -0.5685 -0.8036
vn 0.1767 -0.919 -0.3523
vn 0.6083 -0.7823 -0.1341
f 314/314/314 315/315/315 112/112/112
f 315/315/315 314/314/314 301/301/301
f 315/315/315 301/301/301 112/112/112
f 113/113/113 314/314/314 112/112/112
f 314/314/314 113/113/113 301/301/301
f 114/114/114 113/113/113 112/112/112
f 113/113/113 303/303/303 301/301/301
f 115/115/115 114/114/114 112/112/112
f 107/107/107 303/303/303 113/113/113
f 113/113/113 114/114/114 106/106/106
f 107/107/107 113/113/113 106/106/106
f 114/114/114 115/115/115 189/189/189
f 114/114/114 189/189/189 106/106/106
f 303/303/303 107/107/107 104/104/104
f 107/107/107 106/106/106 104/104/104
f 303/303/303 313/313/313 301/301/301
f 313/313/313 303/303/303 104/104/104
f 313/313/313 312/312/312 301/301/301
f 312/312/312 313/313/313 104/104/104
f 115/115/115 190/190/190 189/189/189
f 392/392/392 312/312/312 104/104/104
f 189/189/189 190/190/190 185/185/185
f 106/106/106 189/189/189 185/185/185
f 312/312/312 392/392/392 38/38/38
f 312/312/312 38/38/38 301/301/301
f 106/106/106 105/105/105 104/104/104
f 392/392/392 41/41/41 38/38/38
f 392/392/392 104/104/104 247/247/247
f 104/104/104 105/105/105 247/247/247
f 41/41/41 392/392/392 247/247/247
f 386/386/386 105/105/105 106/106/106
f 105/105/105 386/386/386 247/247/247
f 398/398/398 106/106/106 185/185/185
f 385/385/385 386/386/386 106/106/106
f 398/398/398 385/385/385 106/106/106
f 398/398/398 185/185/185 184/184/184
f 385/385/385 398/398/398 184/184/184
f 185/185/185 37/37/37 184/184/184
f 190/190/190 37/37/37 185/185/185
f 387/387/387 386/386/386 385/385/385
f 386/386/386 387/387/387 247/247/247
f 385/385/385 184/184/184 291/291/291
f 37/37/37 34/34/34 184/184/184
f 184/184/184 34/34/34 291/291/291
f 190/190/190 94/94/94 37/37/37
f 388/388/388 385/385/385 291/291/291
f 37/37/37 36/36/36 34/34/34
f 94/94/94 36/36/36 37/37/37
f 388/388/388 321/321/321 385/385/385
f 321/321/321 387/387/387 385/385/385
f 388/388/388 291/291/291 275/275/275
f 321/321/321 388/388/388 275/275/275
f 34/34/34 54/54/54 291/291/291
f 291/291/291 54/54/54 275/275/275
f 36/36/36 35/35/35 34/34/34
f 34/34/34 35/35/35 54/54/54
f 54/54/54 51/51/51 275/275/275
f 35/35/35 53/53/53 54/54/54
f 54/54/54 53/53/53 51/51/51
f 36/36/36 92/92/92 35/35/35
f 275/275/275 51/51/51 274/274/274
f 321/321/321 275/275/275 274/274/274
f 35/35/35 186/186/186 53/53/53
f 92/92/92 186/186/186 35/35/35
f 53/53/53 52/52/52 51/51/51
f 93/93/93 92/92/92 36/36/36
f 94/94/94 93/93/93 36/36/36
f 51/51/51 273/273/273 274/274/274
f 51/51/51 52/52/52 273/273/273
f 186/186/186 19/19/19 53/53/53
f 53/53/53 19/19/19 52/52/52
f 92/92/92 181/181/181 186/186/186
f 186/186/186 182/182/182 19/19/19
f 181/181/181 182/182/182 186/186/186
f 180/180/180 181/181/181 92/92/92
f 93/93/93 180/180/180 92/92/92
f 182/182/182 181/181/181 179/179/179
f 181/181/181 180/180/180 179/179/179
f 182/182/182 18/18/18 19/19/19
f 183/183/183 182/182/182 179/179/179
f 18/18/18 182/182/182 183/183/183
f 19/19/19 17/17/17 52/52/52
f 19/19/19 18/18/18 17/17/17
f 52/52/52 379/379/379 273/273/273
f 52/52/52 17/17/17 379/379/379
f 16/16/16 18/18/18 183/183/183
f 18/18/18 16/16/16 17/17/17
f 183/183/183 179/179/179 298/298/298
f 179/179/179 180/180/180 298/298/298
f 17/17/17 16/16/16 14/14/14
f 17/17/17 14/14/14 379/379/379
f 380/380/380 16/16/16 183/183/183
f 380/380/380 183/183/183 298/298/298
f 16/16/16 15/15/15 14/14/14
f 15/15/15 16/16/16 380/380/380
f 379/379/379 14/14/14 75/75/75
f 14/14/14 15/15/15 187/187/187
f 14/14/14 187/187/187 75/75/75
f 188/188/188 15/15/15 380/380/380
f 15/15/15 188/188/188 187/187/187
f 379/379/379 75/75/75 76/76/76
f 273/273/273 379/379/379 76/76/76
f 75/75/75 187/187/187 74/74/74
f 273/273/273 76/76/76 272/272/272
f 274/274/274 273/273/273 272/272/272
f 76/76/76 75/75/75 73/73/73
f 75/75/75 74/74/74 73/73/73
f 322/322/322 274/274/274 272/272/272
f 322/322/322 321/321/321 274/274/274
f 272/272/272 76/76/76 87/87/87
f 76/76/76 73/73/73 87/87/87
f 399/399/399 322/322/322 272/272/272
f 322/322/322 399/399/399 321/321/321
f 399/399/399 272/272/272 87/87/87
f 399/399/399 391/391/391 321/321/321
f 391/391/391 387/387/387 321/321/321
f 404/404/404 399/399/399 87/87/87
f 399/399/399 404/404/404 391/391/391
f 87/87/87 73/73/73 70/70/70
f 404/404/404 87/87/87 70/70/70
f 387/387/387 391/391/391 247/247/247
f 73/73/73 86/86/86 70/70/70
f 73/73/73 74/74/74 86/86/86
f 71/71/71 404/404/404 70/70/70
f 404/404/404 71/71/71 391/391/391
f 70/70/70 86/86/86 69/69/69
f 71/71/71 70/70/70 69/69/69
f 74/74/74 271/271/271 86/86/86
f 187/187/187 91/91/91 74/74/74
f 74/74/74 91/91/91 271/271/271
f 187/187/187 188/188/188 91/91/91
f 86/86/86 271/271/271 265/265/265
f 86/86/86 265/265/265 69/69/69
f 188/188/188 90/90/90 91/91/91
f 90/90/90 188/188/188 380/380/380
f 91/91/91 88/88/88 271/271/271
f 91/91/91 90/90/90 88/88/88
f 296/296/296 90/90/90 380/380/380
f 296/296/296 380/380/380 298/298/298
f 90/90/90 89/89/89 88/88/88
f 90/90/90 296/296/296 89/89/89
f 271/271/271 88/88/88 270/270/270
f 271/271/271 270/270/270 265/265/265
f 88/88/88 89/89/89 269/269/269
f 88/88/88 269/269/269 270/270/270
f 296/296/296 295/295/295 89/89/89
f 295/295/295 296/296/296 298/298/298
f 89/89/89 268/268/268 269/269/269
f 265/265/265 270/270/270 162/162/162
f 255/255/255 268/268/268 89/89/89
f 295/295/295 255/255/255 89/89/89
f 269/269/269 268/268/268 256/256/256
f 268/268/268 255/255/255 256/256/256
f 270/270/270 269/269/269 161/161/161
f 269/269/269 256/256/256 161/161/161
f 270/270/270 161/161/161 162/162/162
f 256/256/256 255/255/255 160/160/160
f 161/161/161 256/256/256 8/8/8
f 256/256/256 160/160/160 8/8/8
f 255/255/255 295/295/295 163/163/163
f 255/255/255 163/163/163 160/160/160
f 161/161/161 8/8/8 9/9/9
f 162/162/162 161/161/161 9/9/9
f 8/8/8 160/160/160 7/7/7
f 265/265/265 162/162/162 266/266/266
f 69/69/69 265/265/265 266/266/266
f 162/162/162 9/9/9 21/21/21
f 266/266/266 162/162/162 21/21/21
f 9/9/9 8/8/8 6/6/6
f 8/8/8 7/7/7 6/6/6
f 72/72/72 69/69/69 266/266/266
f 72/72/72 71/71/71 69/69/69
f 402/402/402 72/72/72 266/266/266
f 402/402/402 266/266/266 21/21/21
f 71/71/71 72/72/72 363/363/363
f 72/72/72 402/402/402 363/363/363
f 21/21/21 9/9/9 20/20/20
f 9/9/9 6/6/6 20/20/20
f 242/242/242 402/402/402 21/21/21
f 242/242/242 21/21/21 20/20/20
f 363/363/363 402/402/402 242/242/242
f 364/364/364 71/71/71 363/363/363
f 71/71/71 364/364/364 391/391/391
f 118/118/118 363/363/363 242/242/242
f 364/364/364 365/365/365 391/391/391
f 117/117/117 118/118/118 242/242/242
f 117/117/117 242/242/242 20/20/20
f 391/391/391 365/365/365 247/247/247
f 117/117/117 20/20/20 116/116/116
f 363/363/363 118/118/118 40/40/40
f 118/118/118 117/117/117 40/40/40
f 364/364/364 363/363/363 40/40/40
f 117/117/117 116/116/116 40/40/40
f 365/365/365 364/364/364 40/40/40
f 20/20/20 154/154/154 116/116/116
f 20/20/20 6/6/6 154/154/154
f 116/116/116 154/154/154 39/39/39
f 116/116/116 39/39/39 40/40/40
f 6/6/6 25/25/25 154/154/154
f 6/6/6 7/7/7 25/25/25
f 154/154/154 331/331/331 39/39/39
f 154/154/154 25/25/25 331/331/331
f 38/38/38 39/39/39 331/331/331
f 40/40/40 39/39/39 38/38/38
f 7/7/7 24/24/24 25/25/25
f 25/25/25 22/22/22 331/331/331
f 25/25/25 24/24/24 22/22/22
f 12/12/12 38/38/38 331/331/331
f 331/331/331 22/22/22 11/11/11
f 11/11/11 12/12/12 331/331/331
f 38/38/38 12/12/12 301/301/301
f 41/41/41 40/40/40 38/38/38
f 12/12/12 11/11/11 10/10/10
f 22/22/22 10/10/10 11/11/11
f 12/12/12 13/13/13 301/301/301
f 13/13/13 12/12/12 10/10/10
f 22/22/22 23/23/23 10/10/10
f 24/24/24 23/23/23 22/22/22
f 13/13/13 288/288/288 301/301/301
f 301/301/301 288/288/288 112/112/112
f 13/13/13 10/10/10 371/371/371
f 23/23/23 371/371/371 10/10/10
f 13/13/13 389/389/389 288/288/288
f 389/389/389 13/13/13 371/371/371
f 112/112/112 288/288/288 287/287/287
f 389/389/389 287/287/287 288/288/288
f 23/23/23 43/43/43 371/371/371
f 389/389/389 371/371/371 44/44/44
f 43/43/43 44/44/44 371/371/371
f 24/24/24 259/259/259 23/23/23
f 259/259/259 43/43/43 23/23/23
f 7/7/7 159/159/159 24/24/24
f 159/159/159 259/259/259 24/24/24
f 160/160/160 159/159/159 7/7/7
f 160/160/160 163/163/163 159/159/159
f 159/159/159 83/83/83 259/259/259
f 163/163/163 83/83/83 159/159/159
f 259/259/259 84/84/84 43/43/43
f 83/83/83 84/84/84 259/259/259
f 82/82/82 83/83/83 163/163/163
f 84/84/84 83/83/83 82/82/82
f 295/295/295 82/82/82 163/163/163
f 84/84/84 42/42/42 43/43/43
f 42/42/42 84/84/84 82/82/82
f 44/44/44 43/43/43 42/42/42
f 82/82/82 295/295/295 298/298/298
f 45/45/45 389/389/389 44/44/44
f 45/45/45 44/44/44 42/42/42
f 389/389/389 45/45/45 287/287/287
f 85/85/85 42/42/42 82/82/82
f 85/85/85 82/82/82 298/298/298
f 42/42/42 85/85/85 292/292/292
f 292/292/292 85/85/85 298/298/298
f 46/46/46 45/45/45 42/42/42
f 46/46/46 42/42/42 292/292/292
f 45/45/45 46/46/46 293/293/293
f 46/46/46 292/292/292 293/293/293
f 294/294/294 292/292/292 298/298/298
f 292/292/292 294/294/294 293/293/293
f 298/298/298 297/297/297 294/294/294
f 297/297/297 293/293/293 294/294/294
f 257/257/257 297/297/297 298/298/298
f 297/297/297 257/257/257 293/293/293
f 180/180/180 257/257/257 298/298/298
f 180/180/180 93/93/93 257/257/257
f 299/299/299 45/45/45 293/293/293
f 45/45/45 299/299/299 287/287/287
f 257/257/257 300/300/300 293/293/293
f 300/300/300 299/299/299 293/293/293
f 93/93/93 191/191/191 257/257/257
f 191/191/191 93/93/93 94/94/94
f 258/258/258 300/300/300 257/257/257
f 299/299/299 300/300/300 258/258/258
f 191/191/191 258/258/258 257/257/257
f 287/287/287 299/299/299 258/258/258
f 192/192/192 191/191/191 94/94/94
f 191/191/191 192/192/192 258/258/258
f 192/192/192 94/94/94 190/190/190
f 115/115/115 192/192/192 190/190/190
f 290/290/290 287/287/287 258/258/258
f 192/192/192 115/115/115 289/289/289
f 192/192/192 289/289/289 258/258/258
f 289/289/289 290/290/290 258/258/258
f 290/290/290 289/289/289 287/287/287
f 115/115/115 112/112/112 289/289/289
f 289/289/289 112/112/112 287/287/287
f 41/41/41 277/277/277 40/40/40
f 277/277/277 41/41/41 247/247/247
f 277/277/277 370/370/370 40/40/40
f 370/370/370 277/277/277 278/278/278
f 370/370/370 317/317/317 40/40/40
f 317/317/317 370/370/370 278/278/278
f 317/317/317 318/318/318 40/40/40
f 278/278/278 277/277/277 262/262/262
f 262/262/262 277/277/277 247/247/247
f 318/318/318 317/317/317 316/316/316
f 316/316/316 317/317/317 278/278/278
f 318/318/318 319/319/319 40/40/40
f 319/319/319 318/318/318 316/316/316
f 319/319/319 369/369/369 40/40/40
f 369/369/369 319/319/319 134/134/134
f 134/134/134 319/319/319 316/316/316
f 369/369/369 368/368/368 40/40/40
f 368/368/368 369/369/369 134/134/134
f 368/368/368 367/367/367 40/40/40
f 367/367/367 368/368/368 134/134/134
f 367/367/367 366/366/366 40/40/40
f 366/366/366 365/365/365 40/40/40
f 365/365/365 366/366/366 247/247/247
f 366/366/366 367/367/367 157/157/157
f 156/156/156 367/367/367 134/134/134
f 367/367/367 156/156/156 157/157/157
f 372/372/372 366/366/366 157/157/157
f 366/366/366 372/372/372 247/247/247
f 374/374/374 156/156/156 134/134/134
f 372/372/372 390/390/390 247/247/247
f 156/156/156 374/374/374 344/344/344
f 390/390/390 372/372/372 375/375/375
f 390/390/390 375/375/375 247/247/247
f 373/373/373 372/372/372 157/157/157
f 372/372/372 373/373/373 375/375/375
f 157/157/157 156/156/156 155/155/155
f 155/155/155 156/156/156 344/344/344
f 373/373/373 157/157/157 394/394/394
f 347/347/347 344/344/344 374/374/374
f 157/157/157 158/158/158 394/394/394
f 158/158/158 157/157/157 155/155/155
f 135/135/135 347/347/347 374/374/374
f 134/134/134 135/135/135 374/374/374
f 347/347/347 346/346/346 344/344/344
f 346/346/346 347/347/347 135/135/135
f 308/308/308 155/155/155 344/344/344
f 346/346/346 345/345/345 344/344/344
f 344/344/344 345/345/345 308/308/308
f 348/348/348 346/346/346 135/135/135
f 345/345/345 307/307/307 308/308/308
f 308/308/308 307/307/307 155/155/155
f 345/345/345 346/346/346 333/333/333
f 307/307/307 345/345/345 333/333/333
f 346/346/346 348/348/348 333/333/333
f 307/307/307 306/306/306 155/155/155
f 306/306/306 307/307/307 333/333/333
f 201/201/201 348/348/348 135/135/135
f 348/348/348 201/201/201 333/333/333
f 306/306/306 400/400/400 155/155/155
f 400/400/400 158/158/158 155/155/155
f 136/136/136 201/201/201 135/135/135
f 136/136/136 135/135/135 134/134/134
f 158/158/158 400/400/400 393/393/393
f 394/394/394 158/158/158 393/393/393
f 47/47/47 136/136/136 134/134/134
f 201/201/201 136/136/136 47/47/47
f 137/137/137 47/47/47 134/134/134
f 137/137/137 134/134/134 316/316/316
f 47/47/47 137/137/137 316/316/316
f 48/48/48 201/201/201 47/47/47
f 201/201/201 48/48/48 333/333/333
f 49/49/49 48/48/48 47/47/47
f 48/48/48 49/49/49 333/333/333
f 50/50/50 47/47/47 316/316/316
f 50/50/50 49/49/49 47/47/47
f 394/394/394 393/393/393 342/342/342
f 49/49/49 50/50/50 217/217/217
f 343/343/343 394/394/394 342/342/342
f 343/343/343 373/373/373 394/394/394
f 218/218/218 49/49/49 217/217/217
f 49/49/49 218/218/218 333/333/333
f 217/217/217 50/50/50 328/328/328
f 50/50/50 316/316/316 328/328/328
f 217/217/217 328/328/328 218/218/218
f 316/316/316 353/353/353 328/328/328
f 353/353/353 316/316/316 278/278/278
f 328/328/328 353/353/353 352/352/352
f 352/352/352 353/353/353 278/278/278
f 328/328/328 325/325/325 218/218/218
f 327/327/327 328/328/328 352/352/352
f 328/328/328 327/327/327 325/325/325
f 352/352/352 278/278/278 207/207/207
f 327/327/327 352/352/352 207/207/207
f 327/327/327 326/326/326 325/325/325
f 278/278/278 279/279/279 207/207/207
f 279/279/279 278/278/278 262/262/262
f 327/327/327 208/208/208 326/326/326
f 208/208/208 327/327/327 207/207/207
f 208/208/208 209/209/209 326/326/326
f 209/209/209 208/208/208 207/207/207
f 325/325/325 326/326/326 376/376/376
f 326/326/326 209/209/209 376/376/376
f 218/218/218 325/325/325 376/376/376
f 210/210/210 209/209/209 207/207/207
f 209/209/209 210/210/210 376/376/376
f 267/267/267 207/207/207 279/279/279
f 210/210/210 207/207/207 267/267/267
f 263/263/263 279/279/279 262/262/262
f 263/263/263 267/267/267 279/279/279
f 237/237/237 218/218/218 376/376/376
f 218/218/218 237/237/237 333/333/333
f 263/263/263 262/262/262 80/80/80
f 262/262/262 261/261/261 80/80/80
f 261/261/261 262/262/262 247/247/247
f 264/264/264 263/263/263 80/80/80
f 260/260/260 261/261/261 247/247/247
f 261/261/261 260/260/260 80/80/80
f 263/263/263 264/264/264 138/138/138
f 138/138/138 264/264/264 80/80/80
f 267/267/267 263/263/263 138/138/138
f 80/80/80 260/260/260 383/383/383
f 383/383/383 260/260/260 247/247/247
f 139/139/139 267/267/267 138/138/138
f 139/139/139 140/140/140 267/267/267
f 140/140/140 139/139/139 138/138/138
f 193/193/193 210/210/210 267/267/267
f 140/140/140 193/193/193 267/267/267
f 210/210/210 193/193/193 376/376/376
f 141/141/141 140/140/140 138/138/138
f 140/140/140 141/141/141 193/193/193
f 141/141/141 138/138/138 81/81/81
f 81/81/81 138/138/138 80/80/80
f 200/200/200 141/141/141 81/81/81
f 141/141/141 200/200/200 193/193/193
f 81/81/81 80/80/80 77/77/77
f 200/200/200 81/81/81 77/77/77
f 80/80/80 79/79/79 77/77/77
f 79/79/79 80/80/80 383/383/383
f 199/199/199 200/200/200 77/77/77
f 200/200/200 199/199/199 193/193/193
f 79/79/79 78/78/78 77/77/77
f 77/77/77 78/78/78 199/199/199
f 78/78/78 198/198/198 199/199/199
f 199/199/199 198/198/198 193/193/193
f 78/78/78 79/79/79 280/280/280
f 198/198/198 78/78/78 280/280/280
f 249/249/249 79/79/79 383/383/383
f 79/79/79 249/249/249 280/280/280
f 169/169/169 198/198/198 280/280/280
f 198/198/198 169/169/169 193/193/193
f 249/249/249 281/281/281 280/280/280
f 169/169/169 280/280/280 281/281/281
f 248/248/248 249/249/249 383/383/383
f 384/384/384 248/248/248 383/383/383
f 384/384/384 383/383/383 247/247/247
f 248/248/248 384/384/384 247/247/247
f 281/281/281 249/249/249 276/276/276
f 249/249/249 248/248/248 243/243/243
f 248/248/248 247/247/247 243/243/243
f 249/249/249 243/243/243 276/276/276
f 168/168/168 169/169/169 281/281/281
f 281/281/281 276/276/276 168/168/168
f 247/247/247 246/246/246 243/243/243
f 276/276/276 167/167/167 168/168/168
f 245/245/245 246/246/246 247/247/247
f 246/246/246 245/245/245 243/243/243
f 375/375/375 245/245/245 247/247/247
f 276/276/276 250/250/250 167/167/167
f 243/243/243 250/250/250 276/276/276
f 250/250/250 166/166/166 167/167/167
f 64/64/64 250/250/250 243/243/243
f 250/250/250 64/64/64 166/166/166
f 168/168/168 167/167/167 61/61/61
f 167/167/167 166/166/166 61/61/61
f 169/169/169 168/168/168 61/61/61
f 64/64/64 61/61/61 166/166/166
f 63/63/63 64/64/64 243/243/243
f 64/64/64 63/63/63 61/61/61
f 245/245/245 244/244/244 243/243/243
f 244/244/244 63/63/63 243/243/243
f 245/245/245 375/375/375 282/282/282
f 244/244/244 245/245/245 282/282/282
f 286/286/286 282/282/282 375/375/375
f 373/373/373 286/286/286 375/375/375
f 286/286/286 373/373/373 343/343/343
f 382/382/382 63/63/63 244/244/244
f 285/285/285 286/286/286 343/343/343
f 286/286/286 285/285/285 282/282/282
f 63/63/63 382/382/382 62/62/62
f 63/63/63 62/62/62 61/61/61
f 285/285/285 343/343/343 320/320/320
f 343/343/343 342/342/342 320/320/320
f 382/382/382 178/178/178 62/62/62
f 62/62/62 178/178/178 61/61/61
f 283/283/283 382/382/382 244/244/244
f 382/382/382 283/283/283 178/178/178
f 282/282/282 283/283/283 244/244/244
f 283/283/283 177/177/177 178/178/178
f 178/178/178 177/177/177 61/61/61
f 284/284/284 283/283/283 282/282/282
f 177/177/177 283/283/283 284/284/284
f 285/285/285 284/284/284 282/282/282
f 176/176/176 177/177/177 284/284/284
f 176/176/176 284/284/284 285/285/285
f 320/320/320 176/176/176 285/285/285
f 320/320/320 342/342/342 176/176/176
f 177/177/177 176/176/176 61/61/61
f 342/342/342 393/393/393 176/176/176
f 393/393/393 400/400/400 176/176/176
f 400/400/400 306/306/306 176/176/176
f 306/306/306 361/361/361 176/176/176
f 361/361/361 306/306/306 333/333/333
f 361/361/361 405/405/405 176/176/176
f 407/407/407 405/405/405 361/361/361
f 405/405/405 338/338/338 176/176/176
f 407/407/407 339/339/339 405/405/405
f 339/339/339 338/338/338 405/405/405
f 408/408/408 407/407/407 361/361/361
f 338/338/338 31/31/31 176/176/176
f 408/408/408 361/361/361 337/337/337
f 337/337/337 361/361/361 333/333/333
f 30/30/30 31/31/31 338/338/338
f 339/339/339 30/30/30 338/338/338
f 31/31/31 32/32/32 176/176/176
f 32/32/32 31/31/31 30/30/30
f 32/32/32 59/59/59 176/176/176
f 176/176/176 59/59/59 61/61/61
f 33/33/33 32/32/32 30/30/30
f 59/59/59 32/32/32 33/33/33
f 222/222/222 30/30/30 339/339/339
f 33/33/33 30/30/30 222/222/222
f 238/238/238 339/339/339 407/407/407
f 238/238/238 222/222/222 339/339/339
f 340/340/340 238/238/238 407/407/407
f 340/340/340 407/407/407 408/408/408
f 4/4/4 222/222/222 238/238/238
f 223/223/223 33/33/33 222/222/222
f 223/223/223 222/222/222 4/4/4
f 60/60/60 59/59/59 33/33/33
f 60/60/60 33/33/33 223/223/223
f 3/3/3 4/4/4 238/238/238
f 3/3/3 238/238/238 340/340/340
f 175/175/175 59/59/59 60/60/60
f 59/59/59 175/175/175 61/61/61
f 239/239/239 60/60/60 223/223/223
f 341/341/341 175/175/175 60/60/60
f 341/341/341 60/60/60 239/239/239
f 5/5/5 223/223/223 4/4/4
f 239/239/239 223/223/223 5/5/5
f 174/174/174 175/175/175 341/341/341
f 175/175/175 174/174/174 61/61/61
f 240/240/240 341/341/341 239/239/239
f 409/409/409 174/174/174 341/341/341
f 409/409/409 341/341/341 240/240/240
f 203/203/203 239/239/239 5/5/5
f 240/240/240 239/239/239 203/203/203
f 173/173/173 174/174/174 409/409/409
f 174/174/174 173/173/173 61/61/61
f 241/241/241 409/409/409 240/240/240
f 349/349/349 173/173/173 409/409/409
f 349/349/349 409/409/409 241/241/241
f 204/204/204 240/240/240 203/203/203
f 241/241/241 240/240/240 204/204/204
f 172/172/172 173/173/173 349/349/349
f 173/173/173 172/172/172 61/61/61
f 351/351/351 349/349/349 241/241/241
f 350/350/350 172/172/172 349/349/349
f 350/350/350 349/349/349 351/351/351
f 172/172/172 171/171/171 61/61/61
f 171/171/171 172/172/172 350/350/350
f 351/351/351 241/241/241 212/212/212
f 212/212/212 241/241/241 204/204/204
f 131/131/131 350/350/350 351/351/351
f 213/213/213 351/351/351 212/212/212
f 131/131/131 351/351/351 213/213/213
f 354/354/354 171/171/171 350/350/350
f 354/354/354 350/350/350 131/131/131
f 171/171/171 170/170/170 61/61/61
f 170/170/170 171/171/171 354/354/354
f 170/170/170 151/151/151 61/61/61
f 355/355/355 170/170/170 354/354/354
f 151/151/151 170/170/170 355/355/355
f 132/132/132 354/354/354 131/131/131
f 355/355/355 354/354/354 132/132/132
f 151/151/151 152/152/152 61/61/61
f 152/152/152 169/169/169 61/61/61
f 150/150/150 151/151/151 355/355/355
f 152/152/152 151/151/151 150/150/150
f 169/169/169 152/152/152 193/193/193
f 150/150/150 355/355/355 143/143/143
f 143/143/143 355/355/355 132/132/132
f 153/153/153 152/152/152 150/150/150
f 132/132/132 131/131/131 130/130/130
f 130/130/130 131/131/131 213/213/213
f 143/143/143 132/132/132 133/133/133
f 133/133/133 132/132/132 130/130/130
f 144/144/144 150/150/150 143/143/143
f 153/153/153 150/150/150 144/144/144
f 142/142/142 143/143/143 133/133/133
f 144/144/144 143/143/143 142/142/142
f 133/133/133 130/130/130 310/310/310
f 142/142/142 133/133/133 310/310/310
f 130/130/130 213/213/213 214/214/214
f 310/310/310 130/130/130 214/214/214
f 213/213/213 212/212/212 211/211/211
f 214/214/214 213/213/213 211/211/211
f 212/212/212 204/204/204 211/211/211
f 310/310/310 214/214/214 309/309/309
f 214/214/214 211/211/211 309/309/309
f 204/204/204 205/205/205 211/211/211
f 205/205/205 204/204/204 202/202/202
f 205/205/205 202/202/202 211/211/211
f 204/204/204 203/203/203 202/202/202
f 203/203/203 5/5/5 202/202/202
f 202/202/202 219/219/219 211/211/211
f 219/219/219 309/309/309 211/211/211
f 5/5/5 1/1/1 202/202/202
f 219/219/219 202/202/202 1/1/1
f 5/5/5 4/4/4 1/1/1
f 4/4/4 3/3/3 1/1/1
f 206/206/206 310/310/310 309/309/309
f 206/206/206 142/142/142 310/310/310
f 3/3/3 2/2/2 1/1/1
f 220/220/220 219/219/219 1/1/1
f 2/2/2 220/220/220 1/1/1
f 309/309/309 219/219/219 110/110/110
f 219/219/219 220/220/220 110/110/110
f 124/124/124 2/2/2 3/3/3
f 220/220/220 2/2/2 224/224/224
f 2/2/2 124/124/124 224/224/224
f 125/125/125 124/124/124 3/3/3
f 125/125/125 3/3/3 340/340/340
f 225/225/225 220/220/220 224/224/224
f 220/220/220 225/225/225 110/110/110
f 125/125/125 340/340/340 334/334/334
f 334/334/334 340/340/340 408/408/408
f 124/124/124 125/125/125 232/232/232
f 224/224/224 124/124/124 232/232/232
f 335/335/335 125/125/125 334/334/334
f 125/125/125 335/335/335 232/232/232
f 334/334/334 408/408/408 127/127/127
f 127/127/127 408/408/408 337/337/337
f 335/335/335 334/334/334 128/128/128
f 128/128/128 334/334/334 127/127/127
f 232/232/232 335/335/335 128/128/128
f 127/127/127 337/337/337 336/336/336
f 336/336/336 337/337/337 333/333/333
f 126/126/126 127/127/127 336/336/336
f 128/128/128 127/127/127 126/126/126
f 126/126/126 336/336/336 333/333/333
f 232/232/232 128/128/128 129/129/129
f 129/129/129 128/128/128 126/126/126
f 224/224/224 232/232/232 231/231/231
f 231/231/231 232/232/232 129/129/129
f 129/129/129 126/126/126 230/230/230
f 230/230/230 126/126/126 333/333/333
f 28/28/28 231/231/231 129/129/129
f 27/27/27 129/129/129 230/230/230
f 27/27/27 28/28/28 129/129/129
f 233/233/233 224/224/224 231/231/231
f 231/231/231 28/28/28 29/29/29
f 233/233/233 231/231/231 29/29/29
f 28/28/28 27/27/27 26/26/26
f 29/29/29 28/28/28 26/26/26
f 27/27/27 230/230/230 229/229/229
f 26/26/26 27/27/27 229/229/229
f 229/229/229 230/230/230 332/332/332
f 230/230/230 333/333/333 332/332/332
f 229/229/229 332/332/332 360/360/360
f 360/360/360 332/332/332 333/333/333
f 26/26/26 229/229/229 381/381/381
f 381/381/381 229/229/229 360/360/360
f 329/329/329 360/360/360 333/333/333
f 381/381/381 360/360/360 329/329/329
f 234/234/234 329/329/329 333/333/333
f 237/237/237 234/234/234 333/333/333
f 330/330/330 381/381/381 329/329/329
f 234/234/234 235/235/235 329/329/329
f 235/235/235 330/330/330 329/329/329
f 237/237/237 236/236/236 234/234/234
f 236/236/236 235/235/235 234/234/234
f 330/330/330 403/403/403 381/381/381
f 235/235/235 323/323/323 330/330/330
f 323/323/323 403/403/403 330/330/330
f 123/123/123 26/26/26 381/381/381
f 403/403/403 123/123/123 381/381/381
f 324/324/324 323/323/323 235/235/235
f 236/236/236 324/324/324 235/235/235
f 403/403/403 215/215/215 123/123/123
f 123/123/123 122/122/122 26/26/26
f 215/215/215 122/122/122 123/123/123
f 122/122/122 29/29/29 26/26/26
f 120/120/120 215/215/215 403/403/403
f 323/323/323 120/120/120 403/403/403
f 122/122/122 215/215/215 120/120/120
f 221/221/221 29/29/29 122/122/122
f 221/221/221 233/233/233 29/29/29
f 216/216/216 221/221/221 122/122/122
f 233/233/233 221/221/221 216/216/216
f 216/216/216 122/122/122 120/120/120
f 224/224/224 233/233/233 216/216/216
f 225/225/225 224/224/224 216/216/216
f 119/119/119 120/120/120 323/323/323
f 324/324/324 119/119/119 323/323/323
f 121/121/121 216/216/216 120/120/120
f 121/121/121 120/120/120 119/119/119
f 302/302/302 225/225/225 216/216/216
f 225/225/225 302/302/302 110/110/110
f 216/216/216 121/121/121 109/109/109
f 302/302/302 216/216/216 109/109/109
f 109/109/109 121/121/121 119/119/119
f 110/110/110 302/302/302 109/109/109
f 56/56/56 119/119/119 324/324/324
f 109/109/109 119/119/119 57/57/57
f 119/119/119 56/56/56 57/57/57
f 55/55/55 56/56/56 324/324/324
f 57/57/57 56/56/56 55/55/55
f 55/55/55 324/324/324 236/236/236
f 108/108/108 109/109/109 57/57/57
f 110/110/110 109/109/109 108/108/108
f 406/406/406 55/55/55 236/236/236
f 406/406/406 236/236/236 237/237/237
f 377/377/377 406/406/406 237/237/237
f 377/377/377 237/237/237 376/376/376
f 406/406/406 377/377/377 378/378/378
f 378/378/378 377/377/377 376/376/376
f 362/362/362 406/406/406 378/378/378
f 55/55/55 406/406/406 362/362/362
f 362/362/362 378/378/378 376/376/376
f 58/58/58 55/55/55 362/362/362
f 58/58/58 57/57/57 55/55/55
f 147/147/147 362/362/362 376/376/376
f 58/58/58 362/362/362 147/147/147
f 57/57/57 58/58/58 148/148/148
f 148/148/148 58/58/58 147/147/147
f 147/147/147 376/376/376 358/358/358
f 401/401/401 57/57/57 148/148/148
f 146/146/146 147/147/147 358/358/358
f 148/148/148 147/147/147 146/146/146
f 194/194/194 358/358/358 376/376/376
f 146/146/146 358/358/358 194/194/194
f 193/193/193 194/194/194 376/376/376
f 149/149/149 148/148/148 146/146/146
f 401/401/401 148/148/148 149/149/149
f 359/359/359 146/146/146 194/194/194
f 149/149/149 146/146/146 359/359/359
f 57/57/57 401/401/401 397/397/397
f 397/397/397 401/401/401 149/149/149
f 108/108/108 57/57/57 397/397/397
f 411/411/411 149/149/149 359/359/359
f 397/397/397 149/149/149 411/411/411
f 359/359/359 194/194/194 413/413/413
f 396/396/396 397/397/397 411/411/411
f 194/194/194 195/195/195 413/413/413
f 195/195/195 194/194/194 193/193/193
f 411/411/411 359/359/359 410/410/410
f 359/359/359 413/413/413 410/410/410
f 396/396/396 411/411/411 395/395/395
f 397/397/397 396/396/396 395/395/395
f 411/411/411 410/410/410 395/395/395
f 227/227/227 108/108/108 397/397/397
f 227/227/227 397/397/397 395/395/395
f 108/108/108 227/227/227 226/226/226
f 226/226/226 227/227/227 395/395/395
f 111/111/111 108/108/108 226/226/226
f 111/111/111 110/110/110 108/108/108
f 228/228/228 111/111/111 226/226/226
f 111/111/111 228/228/228 110/110/110
f 226/226/226 395/395/395 305/305/305
f 228/228/228 304/304/304 110/110/110
f 304/304/304 228/228/228 226/226/226
f 395/395/395 357/357/357 305/305/305
f 395/395/395 410/410/410 357/357/357
f 305/305/305 99/99/99 226/226/226
f 99/99/99 304/304/304 226/226/226
f 305/305/305 357/357/357 99/99/99
f 304/304/304 311/311/311 110/110/110
f 311/311/311 304/304/304 99/99/99
f 311/311/311 309/309/309 110/110/110
f 311/311/311 206/206/206 309/309/309
f 206/206/206 311/311/311 99/99/99
f 410/410/410 68/68/68 357/357/357
f 410/410/410 413/413/413 68/68/68
f 357/357/357 254/254/254 99/99/99
f 357/357/357 68/68/68 254/254/254
f 413/413/413 67/67/67 68/68/68
f 413/413/413 195/195/195 67/67/67
f 68/68/68 65/65/65 254/254/254
f 68/68/68 67/67/67 65/65/65
f 254/254/254 98/98/98 99/99/99
f 254/254/254 65/65/65 98/98/98
f 195/195/195 165/165/165 67/67/67
f 165/165/165 195/195/195 193/193/193
f 67/67/67 66/66/66 65/65/65
f 67/67/67 165/165/165 66/66/66
f 65/65/65 253/253/253 98/98/98
f 65/65/65 66/66/66 253/253/253
f 99/99/99 98/98/98 95/95/95
f 95/95/95 206/206/206 99/99/99
f 165/165/165 164/164/164 66/66/66
f 164/164/164 165/165/165 193/193/193
f 98/98/98 97/97/97 95/95/95
f 98/98/98 253/253/253 97/97/97
f 206/206/206 95/95/95 96/96/96
f 97/97/97 96/96/96 95/95/95
f 142/142/142 206/206/206 96/96/96
f 253/253/253 356/356/356 97/97/97
f 97/97/97 356/356/356 96/96/96
f 66/66/66 252/252/252 253/253/253
f 253/253/253 252/252/252 356/356/356
f 66/66/66 164/164/164 252/252/252
f 145/145/145 142/142/142 96/96/96
f 145/145/145 144/144/144 142/142/142
f 96/96/96 412/412/412 145/145/145
f 412/412/412 144/144/144 145/145/145
f 356/356/356 412/412/412 96/96/96
f 412/412/412 153/153/153 144/144/144
f 356/356/356 251/251/251 412/412/412
f 251/251/251 153/153/153 412/412/412
f 252/252/252 251/251/251 356/356/356
f 164/164/164 196/196/196 252/252/252
f 252/252/252 196/196/196 251/251/251
f 196/196/196 164/164/164 193/193/193
f 251/251/251 197/197/197 153/153/153
f 196/196/196 197/197/197 251/251/251
f 197/197/197 196/196/196 193/193/193
f 197/197/197 152/152/152 153/153/153
f 152/152/152 197/197/197 193/193/193
f 102/102/102 101/101/101 100/100/100
f 102/102/102 611/611/611 101/101/101
f 100/100/100 101/101/101 615/615/615
f 625/625/625 611/611/611 102/102/102
f 611/611/611 610/610/610 101/101/101
f 758/758/758 625/625/625 102/102/102
f 101/101/101 610/610/610 614/614/614
f 101/101/101 614/614/614 615/615/615
f 103/103/103 102/102/102 100/100/100
f 758/758/758 102/102/102 103/103/103
f 610/610/610 626/626/626 614/614/614
f 103/103/103 100/100/100 746/746/746
f 610/610/610 611/611/611 617/617/617
f 611/611/611 625/625/625 617/617/617
f 626/626/626 610/610/610 617/617/617
f 624/624/624 625/625/625 758/758/758
f 625/625/625 624/624/624 617/617/617
f 756/756/756 758/758/758 103/103/103
f 629/629/629 624/624/624 758/758/758
f 629/629/629 758/758/758 756/756/756
f 756/756/756 103/103/103 747/747/747
f 747/747/747 103/103/103 746/746/746
f 628/628/628 629/629/629 756/756/756
f 757/757/757 756/756/756 747/747/747
f 628/628/628 756/756/756 757/757/757
f 747/747/747 746/746/746 436/436/436
f 757/757/757 747/747/747 436/436/436
f 746/746/746 100/100/100 697/697/697
f 100/100/100 615/615/615 697/697/697
f 436/436/436 746/746/746 441/441/441
f 746/746/746 697/697/697 441/441/441
f 441/441/441 440/440/440 436/436/436
f 440/440/440 441/441/441 697/697/697
f 697/697/697 615/615/615 699/699/699
f 440/440/440 439/439/439 436/436/436
f 615/615/615 612/612/612 699/699/699
f 615/615/615 614/614/614 612/612/612
f 698/698/698 440/440/440 697/697/697
f 439/439/439 440/440/440 698/698/698
f 699/699/699 537/537/537 697/697/697
f 537/537/537 698/698/698 697/697/697
f 699/699/699 612/612/612 537/537/537
f 614/614/614 613/613/613 612/612/612
f 614/614/614 626/626/626 613/613/613
f 612/612/612 536/536/536 537/537/537
f 612/612/612 613/613/613 536/536/536
f 626/626/626 627/627/627 613/613/613
f 627/627/627 626/626/626 617/617/617
f 613/613/613 627/627/627 751/751/751
f 613/613/613 751/751/751 536/536/536
f 627/627/627 617/617/617 751/751/751
f 537/537/537 536/536/536 534/534/534
f 536/536/536 751/751/751 535/535/535
f 536/536/536 535/535/535 534/534/534
f 534/534/534 444/444/444 537/537/537
f 534/534/534 535/535/535 444/444/444
f 445/445/445 698/698/698 537/537/537
f 444/444/444 445/445/445 537/537/537
f 751/751/751 750/750/750 535/535/535
f 751/751/751 617/617/617 750/750/750
f 445/445/445 708/708/708 698/698/698
f 708/708/708 439/439/439 698/698/698
f 535/535/535 750/750/750 814/814/814
f 535/535/535 814/814/814 444/444/444
f 708/708/708 445/445/445 766/766/766
f 445/445/445 444/444/444 442/442/442
f 445/445/445 442/442/442 766/766/766
f 444/444/444 814/814/814 443/443/443
f 444/444/444 443/443/443 442/442/442
f 708/708/708 766/766/766 588/588/588
f 439/439/439 708/708/708 588/588/588
f 587/587/587 766/766/766 442/442/442
f 766/766/766 587/587/587 588/588/588
f 814/814/814 604/604/604 443/443/443
f 750/750/750 748/748/748 814/814/814
f 814/814/814 748/748/748 604/604/604
f 443/443/443 417/417/417 442/442/442
f 443/443/443 604/604/604 417/417/417
f 750/750/750 618/618/618 748/748/748
f 617/617/617 618/618/618 750/750/750
f 748/748/748 813/813/813 604/604/604
f 618/618/618 749/749/749 748/748/748
f 748/748/748 749/749/749 813/813/813
f 604/604/604 416/416/416 417/417/417
f 604/604/604 813/813/813 416/416/416
f 794/794/794 442/442/442 417/417/417
f 749/749/749 786/786/786 813/813/813
f 794/794/794 586/586/586 442/442/442
f 586/586/586 587/587/587 442/442/442
f 717/717/717 794/794/794 417/417/417
f 794/794/794 717/717/717 586/586/586
f 417/417/417 416/416/416 414/414/414
f 414/414/414 717/717/717 417/417/417
f 813/813/813 603/603/603 416/416/416
f 813/813/813 786/786/786 603/603/603
f 416/416/416 415/415/415 414/414/414
f 416/416/416 603/603/603 415/415/415
f 414/414/414 415/415/415 717/717/717
f 786/786/786 745/745/745 603/603/603
f 603/603/603 602/602/602 415/415/415
f 603/603/603 745/745/745 602/602/602
f 415/415/415 718/718/718 717/717/717
f 415/415/415 602/602/602 718/718/718
f 786/786/786 749/749/749 543/543/543
f 745/745/745 786/786/786 543/543/543
f 749/749/749 618/618/618 543/543/543
f 745/745/745 744/744/744 602/602/602
f 744/744/744 745/745/745 543/543/543
f 602/602/602 812/812/812 718/718/718
f 602/602/602 744/744/744 812/812/812
f 717/717/717 718/718/718 797/797/797
f 717/717/717 797/797/797 586/586/586
f 718/718/718 812/812/812 741/741/741
f 718/718/718 741/741/741 797/797/797
f 744/744/744 796/796/796 812/812/812
f 586/586/586 797/797/797 585/585/585
f 812/812/812 796/796/796 608/608/608
f 812/812/812 608/608/608 741/741/741
f 587/587/587 586/586/586 584/584/584
f 586/586/586 585/585/585 584/584/584
f 587/587/587 584/584/584 588/588/588
f 797/797/797 741/741/741 737/737/737
f 797/797/797 737/737/737 585/585/585
f 741/741/741 608/608/608 739/739/739
f 741/741/741 739/739/739 737/737/737
f 585/585/585 418/418/418 584/584/584
f 588/588/588 584/584/584 418/418/418
f 737/737/737 738/738/738 585/585/585
f 739/739/739 735/735/735 737/737/737
f 735/735/735 738/738/738 737/737/737
f 738/738/738 422/422/422 585/585/585
f 422/422/422 418/418/418 585/585/585
f 735/735/735 714/714/714 738/738/738
f 714/714/714 422/422/422 738/738/738
f 736/736/736 735/735/735 739/739/739
f 724/724/724 714/714/714 735/735/735
f 736/736/736 724/724/724 735/735/735
f 608/608/608 605/605/605 739/739/739
f 605/605/605 736/736/736 739/739/739
f 796/796/796 607/607/607 608/608/608
f 608/608/608 607/607/607 605/605/605
f 726/726/726 724/724/724 736/736/736
f 607/607/607 606/606/606 605/605/605
f 740/740/740 736/736/736 605/605/605
f 606/606/606 740/740/740 605/605/605
f 740/740/740 726/726/726 736/736/736
f 606/606/606 607/607/607 725/725/725
f 740/740/740 606/606/606 725/725/725
f 607/607/607 796/796/796 725/725/725
f 726/726/726 740/740/740 725/725/725
f 796/796/796 744/744/744 725/725/725
f 726/726/726 725/725/725 724/724/724
f 744/744/744 543/543/543 725/725/725
f 724/724/724 458/458/458 714/714/714
f 725/725/725 458/458/458 724/724/724
f 714/714/714 455/455/455 422/422/422
f 458/458/458 455/455/455 714/714/714
f 455/455/455 421/421/421 422/422/422
f 422/422/422 421/421/421 418/418/418
f 458/458/458 457/457/457 455/455/455
f 455/455/455 456/456/456 421/421/421
f 457/457/457 456/456/456 455/455/455
f 421/421/421 420/420/420 418/418/418
f 456/456/456 420/420/420 421/421/421
f 795/795/795 457/457/457 458/458/458
f 725/725/725 795/795/795 458/458/458
f 457/457/457 545/545/545 456/456/456
f 795/795/795 548/548/548 457/457/457
f 548/548/548 545/545/545 457/457/457
f 545/545/545 593/593/593 456/456/456
f 456/456/456 593/593/593 420/420/420
f 548/548/548 547/547/547 545/545/545
f 545/545/545 546/546/546 593/593/593
f 547/547/547 546/546/546 545/545/545
f 593/593/593 594/594/594 420/420/420
f 547/547/547 732/732/732 546/546/546
f 593/593/593 599/599/599 594/594/594
f 546/546/546 599/599/599 593/593/593
f 547/547/547 548/548/548 722/722/722
f 548/548/548 795/795/795 722/722/722
f 732/732/732 547/547/547 722/722/722
f 546/546/546 729/729/729 599/599/599
f 732/732/732 729/729/729 546/546/546
f 599/599/599 609/609/609 594/594/594
f 594/594/594 609/609/609 420/420/420
f 729/729/729 716/716/716 599/599/599
f 599/599/599 716/716/716 609/609/609
f 732/732/732 731/731/731 729/729/729
f 731/731/731 732/732/732 722/722/722
f 729/729/729 730/730/730 716/716/716
f 731/731/731 730/730/730 729/729/729
f 716/716/716 711/711/711 609/609/609
f 730/730/730 809/809/809 716/716/716
f 716/716/716 809/809/809 711/711/711
f 720/720/720 730/730/730 731/731/731
f 809/809/809 710/710/710 711/711/711
f 711/711/711 710/710/710 609/609/609
f 808/808/808 809/809/809 730/730/730
f 720/720/720 808/808/808 730/730/730
f 809/809/809 808/808/808 710/710/710
f 719/719/719 720/720/720 731/731/731
f 719/719/719 731/731/731 722/722/722
f 721/721/721 720/720/720 719/719/719
f 722/722/722 721/721/721 719/719/719
f 703/703/703 808/808/808 720/720/720
f 721/721/721 703/703/703 720/720/720
f 808/808/808 801/801/801 710/710/710
f 808/808/808 703/703/703 801/801/801
f 801/801/801 700/700/700 710/710/710
f 703/703/703 700/700/700 801/801/801
f 702/702/702 703/703/703 721/721/721
f 703/703/703 702/702/702 700/700/700
f 810/810/810 702/702/702 721/721/721
f 810/810/810 721/721/721 722/722/722
f 702/702/702 701/701/701 700/700/700
f 700/700/700 453/453/453 710/710/710
f 700/700/700 701/701/701 453/453/453
f 710/710/710 454/454/454 609/609/609
f 453/453/453 454/454/454 710/710/710
f 702/702/702 811/811/811 701/701/701
f 811/811/811 702/702/702 810/810/810
f 454/454/454 709/709/709 609/609/609
f 609/609/609 709/709/709 420/420/420
f 709/709/709 419/419/419 420/420/420
f 709/709/709 454/454/454 419/419/419
f 420/420/420 419/419/419 418/418/418
f 419/419/419 588/588/588 418/418/418
f 454/454/454 450/450/450 419/419/419
f 450/450/450 588/588/588 419/419/419
f 454/454/454 453/453/453 450/450/450
f 701/701/701 803/803/803 453/453/453
f 811/811/811 803/803/803 701/701/701
f 453/453/453 452/452/452 450/450/450
f 803/803/803 452/452/452 453/453/453
f 450/450/450 451/451/451 588/588/588
f 452/452/452 451/451/451 450/450/450
f 451/451/451 767/767/767 588/588/588
f 767/767/767 451/451/451 452/452/452
f 767/767/767 438/438/438 588/588/588
f 438/438/438 439/439/439 588/588/588
f 439/439/439 438/438/438 436/436/436
f 438/438/438 437/437/437 436/436/436
f 437/437/437 757/757/757 436/436/436
f 438/438/438 767/767/767 799/799/799
f 437/437/437 438/438/438 799/799/799
f 694/694/694 767/767/767 452/452/452
f 767/767/767 694/694/694 799/799/799
f 757/757/757 437/437/437 635/635/635
f 437/437/437 799/799/799 635/635/635
f 693/693/693 694/694/694 452/452/452
f 799/799/799 694/694/694 695/695/695
f 695/695/695 694/694/694 693/693/693
f 635/635/635 799/799/799 695/695/695
f 696/696/696 693/693/693 452/452/452
f 696/696/696 695/695/695 693/693/693
f 803/803/803 802/802/802 452/452/452
f 802/802/802 696/696/696 452/452/452
f 632/632/632 802/802/802 803/803/803
f 811/811/811 632/632/632 803/803/803
f 633/633/633 696/696/696 802/802/802
f 632/632/632 633/633/633 802/802/802
f 763/763/763 695/695/695 696/696/696
f 633/633/633 763/763/763 696/696/696
f 637/637/637 635/635/635 695/695/695
f 636/636/636 637/637/637 695/695/695
f 637/637/637 636/636/636 635/635/635
f 763/763/763 636/636/636 695/695/695
f 800/800/800 757/757/757 635/635/635
f 800/800/800 628/628/628 757/757/757
f 635/635/635 631/631/631 800/800/800
f 631/631/631 628/628/628 800/800/800
f 636/636/636 631/631/631 635/635/635
f 631/631/631 630/630/630 628/628/628
f 630/630/630 629/629/629 628/628/628
f 636/636/636 759/759/759 631/631/631
f 759/759/759 636/636/636 763/763/763
f 759/759/759 630/630/630 631/631/631
f 760/760/760 763/763/763 633/633/633
f 760/760/760 759/759/759 763/763/763
f 630/630/630 805/805/805 629/629/629
f 805/805/805 624/624/624 629/629/629
f 759/759/759 761/761/761 630/630/630
f 761/761/761 805/805/805 630/630/630
f 761/761/761 759/759/759 760/760/760
f 634/634/634 760/760/760 633/633/633
f 634/634/634 633/633/633 632/632/632
f 762/762/762 761/761/761 760/760/760
f 762/762/762 760/760/760 634/634/634
f 805/805/805 761/761/761 804/804/804
f 761/761/761 762/762/762 804/804/804
f 624/624/624 805/805/805 804/804/804
f 804/804/804 762/762/762 634/634/634
f 597/597/597 634/634/634 632/632/632
f 597/597/597 632/632/632 811/811/811
f 804/804/804 634/634/634 597/597/597
f 596/596/596 597/597/597 811/811/811
f 596/596/596 811/811/811 810/810/810
f 596/596/596 810/810/810 806/806/806
f 806/806/806 810/810/810 722/722/722
f 597/597/597 596/596/596 595/595/595
f 595/595/595 596/596/596 806/806/806
f 595/595/595 806/806/806 804/804/804
f 598/598/598 597/597/597 595/595/595
f 598/598/598 595/595/595 804/804/804
f 598/598/598 804/804/804 597/597/597
f 806/806/806 722/722/722 804/804/804
f 623/623/623 624/624/624 804/804/804
f 624/624/624 623/623/623 617/617/617
f 647/647/647 623/623/623 804/804/804
f 647/647/647 425/425/425 623/623/623
f 778/778/778 647/647/647 804/804/804
f 647/647/647 778/778/778 425/425/425
f 425/425/425 426/426/426 623/623/623
f 623/623/623 426/426/426 622/622/622
f 623/623/623 622/622/622 617/617/617
f 426/426/426 425/425/425 423/423/423
f 426/426/426 427/427/427 622/622/622
f 427/427/427 426/426/426 423/423/423
f 778/778/778 583/583/583 425/425/425
f 425/425/425 424/424/424 423/423/423
f 425/425/425 583/583/583 424/424/424
f 427/427/427 423/423/423 639/639/639
f 583/583/583 778/778/778 776/776/776
f 427/427/427 782/782/782 622/622/622
f 782/782/782 427/427/427 639/639/639
f 778/778/778 777/777/777 776/776/776
f 777/777/777 778/778/778 804/804/804
f 583/583/583 776/776/776 582/582/582
f 583/583/583 582/582/582 424/424/424
f 776/776/776 777/777/777 665/665/665
f 776/776/776 665/665/665 582/582/582
f 423/423/423 424/424/424 638/638/638
f 424/424/424 582/582/582 638/638/638
f 639/639/639 423/423/423 638/638/638
f 777/777/777 664/664/664 665/665/665
f 664/664/664 777/777/777 804/804/804
f 665/665/665 669/669/669 582/582/582
f 654/654/654 664/664/664 804/804/804
f 651/651/651 665/665/665 664/664/664
f 654/654/654 651/651/651 664/664/664
f 665/665/665 651/651/651 669/669/669
f 653/653/653 654/654/654 804/804/804
f 654/654/654 653/653/653 651/651/651
f 582/582/582 669/669/669 513/513/513
f 582/582/582 513/513/513 638/638/638
f 651/651/651 670/670/670 669/669/669
f 669/669/669 670/670/670 513/513/513
f 653/653/653 652/652/652 651/651/651
f 663/663/663 653/653/653 804/804/804
f 653/653/653 663/663/663 652/652/652
f 651/651/651 652/652/652 662/662/662
f 663/663/663 662/662/662 652/652/652
f 670/670/670 651/651/651 662/662/662
f 753/753/753 663/663/663 804/804/804
f 663/663/663 753/753/753 662/662/662
f 722/722/722 753/753/753 804/804/804
f 753/753/753 752/752/752 662/662/662
f 753/753/753 775/775/775 752/752/752
f 775/775/775 753/753/753 722/722/722
f 662/662/662 752/752/752 678/678/678
f 775/775/775 678/678/678 752/752/752
f 787/787/787 670/670/670 662/662/662
f 787/787/787 662/662/662 678/678/678
f 645/645/645 775/775/775 722/722/722
f 775/775/775 645/645/645 678/678/678
f 670/670/670 787/787/787 508/508/508
f 645/645/645 644/644/644 678/678/678
f 650/650/650 787/787/787 678/678/678
f 787/787/787 650/650/650 508/508/508
f 645/645/645 435/435/435 644/644/644
f 435/435/435 645/645/645 722/722/722
f 678/678/678 644/644/644 432/432/432
f 435/435/435 432/432/432 644/644/644
f 650/650/650 678/678/678 432/432/432
f 434/434/434 435/435/435 722/722/722
f 435/435/435 434/434/434 432/432/432
f 743/743/743 434/434/434 722/722/722
f 434/434/434 433/433/433 432/432/432
f 742/742/742 743/743/743 722/722/722
f 795/795/795 742/742/742 722/722/722
f 433/433/433 434/434/434 666/666/666
f 434/434/434 743/743/743 666/666/666
f 432/432/432 433/433/433 666/666/666
f 742/742/742 795/795/795 725/725/725
f 666/666/666 743/743/743 668/668/668
f 743/743/743 742/742/742 668/668/668
f 649/649/649 432/432/432 666/666/666
f 649/649/649 650/650/650 432/432/432
f 666/666/666 668/668/668 528/528/528
f 668/668/668 742/742/742 528/528/528
f 648/648/648 649/649/649 666/666/666
f 648/648/648 666/666/666 528/528/528
f 650/650/650 649/649/649 506/506/506
f 649/649/649 648/648/648 506/506/506
f 508/508/508 650/650/650 506/506/506
f 742/742/742 788/788/788 528/528/528
f 788/788/788 742/742/742 725/725/725
f 648/648/648 505/505/505 506/506/506
f 528/528/528 788/788/788 527/527/527
f 505/505/505 648/648/648 529/529/529
f 529/529/529 648/648/648 528/528/528
f 788/788/788 765/765/765 527/527/527
f 765/765/765 788/788/788 725/725/725
f 528/528/528 527/527/527 526/526/526
f 529/529/529 528/528/528 526/526/526
f 765/765/765 764/764/764 527/527/527
f 764/764/764 526/526/526 527/527/527
f 764/764/764 765/765/765 725/725/725
f 530/530/530 529/529/529 526/526/526
f 526/526/526 764/764/764 576/576/576
f 530/530/530 526/526/526 576/576/576
f 770/770/770 764/764/764 725/725/725
f 764/764/764 770/770/770 576/576/576
f 769/769/769 770/770/770 725/725/725
f 576/576/576 770/770/770 768/768/768
f 770/770/770 769/769/769 768/768/768
f 780/780/780 769/769/769 725/725/725
f 769/769/769 780/780/780 768/768/768
f 543/543/543 780/780/780 725/725/725
f 576/576/576 768/768/768 679/679/679
f 780/780/780 679/679/679 768/768/768
f 577/577/577 530/530/530 576/576/576
f 577/577/577 576/576/576 679/679/679
f 529/529/529 530/530/530 502/502/502
f 530/530/530 577/577/577 502/502/502
f 679/679/679 780/780/780 540/540/540
f 780/780/780 543/543/543 540/540/540
f 657/657/657 577/577/577 679/679/679
f 657/657/657 679/679/679 540/540/540
f 577/577/577 657/657/657 501/501/501
f 502/502/502 577/577/577 501/501/501
f 616/616/616 657/657/657 540/540/540
f 657/657/657 616/616/616 501/501/501
f 504/504/504 529/529/529 502/502/502
f 504/504/504 505/505/505 529/529/529
f 503/503/503 504/504/504 502/502/502
f 505/505/505 504/504/504 498/498/498
f 504/504/504 503/503/503 498/498/498
f 503/503/503 502/502/502 498/498/498
f 502/502/502 501/501/501 498/498/498
f 506/506/506 505/505/505 498/498/498
f 616/616/616 500/500/500 501/501/501
f 501/501/501 500/500/500 498/498/498
f 493/493/493 500/500/500 616/616/616
f 500/500/500 493/493/493 498/498/498
f 540/540/540 541/541/541 616/616/616
f 542/542/542 541/541/541 540/540/540
f 543/543/543 542/542/542 540/540/540
f 542/542/542 785/785/785 541/541/541
f 785/785/785 542/542/542 543/543/543
f 541/541/541 789/789/789 616/616/616
f 785/785/785 789/789/789 541/541/541
f 480/480/480 785/785/785 543/543/543
f 789/789/789 785/785/785 480/480/480
f 479/479/479 480/480/480 543/543/543
f 618/618/618 479/479/479 543/543/543
f 481/481/481 789/789/789 480/480/480
f 481/481/481 480/480/480 479/479/479
f 479/479/479 618/618/618 617/617/617
f 481/481/481 482/482/482 789/789/789
f 482/482/482 481/481/481 479/479/479
f 789/789/789 492/492/492 616/616/616
f 492/492/492 493/493/493 616/616/616
f 479/479/479 619/619/619 482/482/482
f 619/619/619 479/479/479 617/617/617
f 482/482/482 497/497/497 789/789/789
f 497/497/497 492/492/492 789/789/789
f 619/619/619 771/771/771 482/482/482
f 482/482/482 771/771/771 497/497/497
f 619/619/619 431/431/431 771/771/771
f 431/431/431 619/619/619 617/617/617
f 771/771/771 428/428/428 497/497/497
f 431/431/431 428/428/428 771/771/771
f 497/497/497 496/496/496 492/492/492
f 431/431/431 430/430/430 428/428/428
f 430/430/430 431/431/431 617/617/617
f 428/428/428 793/793/793 497/497/497
f 793/793/793 496/496/496 497/497/497
f 430/430/430 429/429/429 428/428/428
f 428/428/428 429/429/429 793/793/793
f 620/620/620 430/430/430 617/617/617
f 430/430/430 620/620/620 429/429/429
f 621/621/621 620/620/620 617/617/617
f 622/622/622 621/621/621 617/617/617
f 782/782/782 621/621/621 622/622/622
f 781/781/781 620/620/620 621/621/621
f 782/782/782 781/781/781 621/621/621
f 620/620/620 781/781/781 429/429/429
f 781/781/781 782/782/782 429/429/429
f 782/782/782 639/639/639 429/429/429
f 429/429/429 790/790/790 793/793/793
f 639/639/639 790/790/790 429/429/429
f 496/496/496 793/793/793 495/495/495
f 793/793/793 790/790/790 495/495/495
f 790/790/790 639/639/639 495/495/495
f 496/496/496 495/495/495 492/492/492
f 639/639/639 638/638/638 495/495/495
f 495/495/495 494/494/494 492/492/492
f 494/494/494 493/493/493 492/492/492
f 494/494/494 495/495/495 638/638/638
f 493/493/493 494/494/494 638/638/638
f 495/495/495 682/682/682 638/638/638
f 638/638/638 682/682/682 495/495/495
f 499/499/499 493/493/493 638/638/638
f 493/493/493 499/499/499 498/498/498
f 683/683/683 499/499/499 638/638/638
f 499/499/499 683/683/683 461/461/461
f 498/498/498 499/499/499 461/461/461
f 569/569/569 683/683/683 638/638/638
f 460/460/460 461/461/461 683/683/683
f 569/569/569 468/468/468 683/683/683
f 468/468/468 460/460/460 683/683/683
f 515/515/515 569/569/569 638/638/638
f 569/569/569 515/515/515 468/468/468
f 514/514/514 515/515/515 638/638/638
f 513/513/513 514/514/514 638/638/638
f 515/515/515 514/514/514 498/498/498
f 514/514/514 513/513/513 498/498/498
f 515/515/515 472/472/472 468/468/468
f 513/513/513 512/512/512 498/498/498
f 511/511/511 512/512/512 513/513/513
f 512/512/512 511/511/511 498/498/498
f 670/670/670 511/511/511 513/513/513
f 511/511/511 670/670/670 508/508/508
f 510/510/510 511/511/511 508/508/508
f 511/511/511 510/510/510 498/498/498
f 509/509/509 510/510/510 508/508/508
f 510/510/510 509/509/509 498/498/498
f 509/509/509 508/508/508 498/498/498
f 507/507/507 508/508/508 506/506/506
f 507/507/507 506/506/506 498/498/498
f 508/508/508 507/507/507 498/498/498
f 472/472/472 471/471/471 468/468/468
f 474/474/474 472/472/472 515/515/515
f 472/472/472 474/474/474 471/471/471
f 516/516/516 515/515/515 498/498/498
f 516/516/516 474/474/474 515/515/515
f 471/471/471 470/470/470 468/468/468
f 470/470/470 469/469/469 468/468/468
f 460/460/460 468/468/468 469/469/469
f 471/471/471 448/448/448 470/470/470
f 459/459/459 460/460/460 469/469/469
f 461/461/461 460/460/460 459/459/459
f 469/469/469 470/470/470 449/449/449
f 448/448/448 449/449/449 470/470/470
f 459/459/459 469/469/469 601/601/601
f 601/601/601 469/469/469 449/449/449
f 471/471/471 473/473/473 448/448/448
f 474/474/474 473/473/473 471/471/471
f 449/449/449 448/448/448 446/446/446
f 601/601/601 449/449/449 600/600/600
f 449/449/449 446/446/446 600/600/600
f 473/473/473 484/484/484 448/448/448
f 448/448/448 447/447/447 446/446/446
f 448/448/448 484/484/484 447/447/447
f 484/484/484 473/473/473 483/483/483
f 483/483/483 473/473/473 474/474/474
f 446/446/446 447/447/447 734/734/734
f 486/486/486 483/483/483 474/474/474
f 446/446/446 734/734/734 733/733/733
f 600/600/600 446/446/446 733/733/733
f 447/447/447 478/478/478 734/734/734
f 734/734/734 478/478/478 733/733/733
f 484/484/484 544/544/544 447/447/447
f 447/447/447 544/544/544 478/478/478
f 485/485/485 484/484/484 483/483/483
f 486/486/486 485/485/485 483/483/483
f 484/484/484 485/485/485 544/544/544
f 487/487/487 486/486/486 474/474/474
f 486/486/486 487/487/487 485/485/485
f 544/544/544 477/477/477 478/478/478
f 487/487/487 488/488/488 485/485/485
f 478/478/478 477/477/477 475/475/475
f 478/478/478 475/475/475 733/733/733
f 488/488/488 723/723/723 485/485/485
f 475/475/475 784/784/784 733/733/733
f 485/485/485 723/723/723 538/538/538
f 485/485/485 538/538/538 544/544/544
f 733/733/733 784/784/784 779/779/779
f 538/538/538 539/539/539 544/544/544
f 712/712/712 733/733/733 779/779/779
f 600/600/600 733/733/733 712/712/712
f 539/539/539 531/531/531 544/544/544
f 539/539/539 538/538/538 531/531/531
f 523/523/523 477/477/477 544/544/544
f 531/531/531 523/523/523 544/544/544
f 723/723/723 677/677/677 538/538/538
f 538/538/538 677/677/677 531/531/531
f 477/477/477 523/523/523 522/522/522
f 523/523/523 531/531/531 522/522/522
f 677/677/677 674/674/674 531/531/531
f 531/531/531 674/674/674 522/522/522
f 677/677/677 723/723/723 676/676/676
f 677/677/677 676/676/676 674/674/674
f 723/723/723 488/488/488 681/681/681
f 723/723/723 681/681/681 676/676/676
f 676/676/676 675/675/675 674/674/674
f 674/674/674 675/675/675 522/522/522
f 676/676/676 681/681/681 680/680/680
f 676/676/676 680/680/680 675/675/675
f 488/488/488 489/489/489 681/681/681
f 489/489/489 488/488/488 487/487/487
f 681/681/681 575/575/575 680/680/680
f 681/681/681 489/489/489 575/575/575
f 680/680/680 684/684/684 675/675/675
f 680/680/680 575/575/575 791/791/791
f 680/680/680 791/791/791 684/684/684
f 489/489/489 574/574/574 575/575/575
f 675/675/675 684/684/684 783/783/783
f 675/675/675 783/783/783 522/522/522
f 575/575/575 565/565/565 791/791/791
f 575/575/575 574/574/574 565/565/565
f 791/791/791 646/646/646 684/684/684
f 489/489/489 490/490/490 574/574/574
f 490/490/490 489/489/489 487/487/487
f 684/684/684 646/646/646 792/792/792
f 684/684/684 792/792/792 783/783/783
f 791/791/791 581/581/581 646/646/646
f 791/791/791 565/565/565 581/581/581
f 646/646/646 463/463/463 792/792/792
f 792/792/792 463/463/463 783/783/783
f 581/581/581 578/578/578 646/646/646
f 646/646/646 578/578/578 463/463/463
f 565/565/565 562/562/562 581/581/581
f 574/574/574 564/564/564 565/565/565
f 565/565/565 564/564/564 562/562/562
f 574/574/574 671/671/671 564/564/564
f 490/490/490 671/671/671 574/574/574
f 564/564/564 563/563/563 562/562/562
f 562/562/562 755/755/755 581/581/581
f 562/562/562 563/563/563 755/755/755
f 671/671/671 672/672/672 564/564/564
f 564/564/564 672/672/672 563/563/563
f 755/755/755 580/580/580 581/581/581
f 581/581/581 580/580/580 578/578/578
f 563/563/563 754/754/754 755/755/755
f 672/672/672 727/727/727 563/563/563
f 563/563/563 727/727/727 754/754/754
f 519/519/519 672/672/672 671/671/671
f 672/672/672 519/519/519 727/727/727
f 755/755/755 754/754/754 661/661/661
f 755/755/755 661/661/661 580/580/580
f 727/727/727 728/728/728 754/754/754
f 518/518/518 519/519/519 671/671/671
f 490/490/490 518/518/518 671/671/671
f 519/519/519 520/520/520 727/727/727
f 520/520/520 728/728/728 727/727/727
f 519/519/519 518/518/518 498/498/498
f 520/520/520 519/519/519 498/498/498
f 517/517/517 518/518/518 490/490/490
f 518/518/518 517/517/517 498/498/498
f 491/491/491 517/517/517 490/490/490
f 491/491/491 490/490/490 487/487/487
f 517/517/517 516/516/516 498/498/498
f 532/532/532 491/491/491 487/487/487
f 491/491/491 532/532/532 517/517/517
f 516/516/516 517/517/517 532/532/532
f 532/532/532 487/487/487 474/474/474
f 474/474/474 516/516/516 532/532/532
f 533/533/533 474/474/474 532/532/532
f 533/533/533 532/532/532 474/474/474
f 521/521/521 520/520/520 498/498/498
f 754/754/754 728/728/728 568/568/568
f 754/754/754 568/568/568 661/661/661
f 728/728/728 520/520/520 567/567/567
f 728/728/728 567/567/567 568/568/568
f 520/520/520 521/521/521 567/567/567
f 661/661/661 568/568/568 552/552/552
f 521/521/521 498/498/498 640/640/640
f 640/640/640 498/498/498 461/461/461
f 568/568/568 567/567/567 551/551/551
f 568/568/568 551/551/551 552/552/552
f 521/521/521 641/641/641 567/567/567
f 641/641/641 521/521/521 640/640/640
f 567/567/567 566/566/566 551/551/551
f 641/641/641 566/566/566 567/567/567
f 551/551/551 566/566/566 550/550/550
f 566/566/566 641/641/641 550/550/550
f 552/552/552 551/551/551 549/549/549
f 551/551/551 550/550/550 549/549/549
f 661/661/661 552/552/552 692/692/692
f 661/661/661 692/692/692 580/580/580
f 552/552/552 549/549/549 688/688/688
f 552/552/552 688/688/688 692/692/692
f 580/580/580 692/692/692 579/579/579
f 580/580/580 579/579/579 578/578/578
f 692/692/692 688/688/688 691/691/691
f 692/692/692 691/691/691 579/579/579
f 578/578/578 579/579/579 467/467/467
f 578/578/578 467/467/467 463/463/463
f 579/579/579 466/466/466 467/467/467
f 467/467/467 466/466/466 463/463/463
f 579/579/579 691/691/691 466/466/466
f 549/549/549 687/687/687 688/688/688
f 688/688/688 685/685/685 691/691/691
f 688/688/688 687/687/687 685/685/685
f 691/691/691 772/772/772 466/466/466
f 691/691/691 685/685/685 772/772/772
f 549/549/549 690/690/690 687/687/687
f 549/549/549 550/550/550 690/690/690
f 685/685/685 715/715/715 772/772/772
f 772/772/772 715/715/715 466/466/466
f 687/687/687 686/686/686 685/685/685
f 685/685/685 686/686/686 715/715/715
f 690/690/690 689/689/689 687/687/687
f 687/687/687 689/689/689 686/686/686
f 550/550/550 667/667/667 690/690/690
f 550/550/550 641/641/641 667/667/667
f 686/686/686 558/558/558 715/715/715
f 715/715/715 558/558/558 466/466/466
f 641/641/641 642/642/642 667/667/667
f 642/642/642 641/641/641 640/640/640
f 690/690/690 667/667/667 773/773/773
f 690/690/690 773/773/773 689/689/689
f 667/667/667 642/642/642 774/774/774
f 667/667/667 774/774/774 773/773/773
f 643/643/643 642/642/642 640/640/640
f 642/642/642 643/643/643 774/774/774
f 689/689/689 798/798/798 686/686/686
f 686/686/686 798/798/798 558/558/558
f 774/774/774 643/643/643 658/658/658
f 643/643/643 640/640/640 658/658/658
f 773/773/773 774/774/774 707/707/707
f 774/774/774 658/658/658 707/707/707
f 773/773/773 807/807/807 689/689/689
f 773/773/773 707/707/707 807/807/807
f 689/689/689 807/807/807 798/798/798
f 707/707/707 658/658/658 706/706/706
f 707/707/707 592/592/592 807/807/807
f 707/707/707 706/706/706 592/592/592
f 807/807/807 673/673/673 798/798/798
f 807/807/807 592/592/592 673/673/673
f 798/798/798 557/557/557 558/558/558
f 798/798/798 673/673/673 557/557/557
f 558/558/558 557/557/557 553/553/553
f 558/558/558 553/553/553 466/466/466
f 673/673/673 556/556/556 557/557/557
f 557/557/557 556/556/556 553/553/553
f 592/592/592 589/589/589 673/673/673
f 673/673/673 589/589/589 556/556/556
f 706/706/706 591/591/591 592/592/592
f 592/592/592 591/591/591 589/589/589
f 658/658/658 656/656/656 706/706/706
f 658/658/658 640/640/640 656/656/656
f 589/589/589 555/555/555 556/556/556
f 556/556/556 555/555/555 553/553/553
f 640/640/640 655/655/655 656/656/656
f 655/655/655 640/640/640 461/461/461
f 706/706/706 656/656/656 660/660/660
f 706/706/706 660/660/660 591/591/591
f 656/656/656 655/655/655 462/462/462
f 655/655/655 461/461/461 462/462/462
f 656/656/656 462/462/462 660/660/660
f 462/462/462 461/461/461 459/459/459
f 462/462/462 459/459/459 659/659/659
f 660/660/660 462/462/462 659/659/659
f 659/659/659 459/459/459 601/601/601
f 660/660/660 705/705/705 591/591/591
f 660/660/660 659/659/659 705/705/705
f 659/659/659 601/601/601 713/713/713
f 659/659/659 713/713/713 705/705/705
f 601/601/601 600/600/600 713/713/713
f 713/713/713 600/600/600 712/712/712
f 591/591/591 705/705/705 590/590/590
f 591/591/591 590/590/590 589/589/589
f 589/589/589 590/590/590 555/555/555
f 705/705/705 713/713/713 704/704/704
f 705/705/705 704/704/704 590/590/590
f 713/713/713 712/712/712 704/704/704
f 590/590/590 561/561/561 555/555/555
f 590/590/590 704/704/704 561/561/561
f 704/704/704 712/712/712 560/560/560
f 704/704/704 560/560/560 561/561/561
f 712/712/712 779/779/779 560/560/560
f 555/555/555 561/561/561 554/554/554
f 561/561/561 560/560/560 554/554/554
f 555/555/555 554/554/554 553/553/553
f 779/779/779 784/784/784 560/560/560
f 553/553/553 554/554/554 465/465/465
f 553/553/553 465/465/465 466/466/466
f 560/560/560 559/559/559 554/554/554
f 554/554/554 559/559/559 465/465/465
f 466/466/466 465/465/465 463/463/463
f 573/573/573 559/559/559 560/560/560
f 784/784/784 573/573/573 560/560/560
f 559/559/559 573/573/573 465/465/465
f 784/784/784 475/475/475 573/573/573
f 465/465/465 464/464/464 463/463/463
f 463/463/463 464/464/464 783/783/783
f 475/475/475 572/572/572 573/573/573
f 573/573/573 572/572/572 465/465/465
f 464/464/464 570/570/570 783/783/783
f 570/570/570 464/464/464 465/465/465
f 783/783/783 570/570/570 525/525/525
f 525/525/525 570/570/570 465/465/465
f 522/522/522 783/783/783 525/525/525
f 572/572/572 571/571/571 465/465/465
f 571/571/571 525/525/525 465/465/465
f 475/475/475 476/476/476 572/572/572
f 476/476/476 571/571/571 572/572/572
f 477/477/477 476/476/476 475/475/475
f 476/476/476 477/477/477 522/522/522
f 524/524/524 525/525/525 571/571/571
f 524/524/524 522/522/522 525/525/525
f 476/476/476 524/524/524 571/571/571
f 524/524/524 476/476/476 522/522/522
