# VPXTOOL table OBJ file
# VPXTOOL OBJ file
# numVerts: 4380 numFaces: 5804
o ApronP
v -387.89307 36.27539 -51.993263
v -387.81396 36.353516 -51.823685
v -388.50342 37.186523 -51.82367
v -388.5952 37.124023 -51.99324
v -388.01318 36.155273 -52.1045
v -388.73584 37.02832 -52.104652
v -389.0249 38.13379 -51.823692
v -389.12646 38.089844 -51.99324
v -389.28174 38.02246 -52.104645
v -389.37744 39.249878 -51.823647
v -389.48584 39.22754 -51.993263
v -389.65186 39.19336 -52.104645
v -389.49658 40.414917 -51.8236
v -389.6079 40.41504 -51.99324
v -389.77783 40.41504 -52.104652
v -389.37744 41.58008 -51.82367
v -389.48584 41.60254 -51.993286
v -389.65186 41.63672 -52.1045
v -389.0249 42.69629 -51.82366
v -389.12646 42.74121 -51.99324
v -389.28174 42.80774 -52.104538
v -388.50342 43.643433 -51.82364
v -388.5952 43.706055 -51.993248
v -388.73584 43.801758 -52.104652
v -387.81494 44.476563 -51.82367
v -387.89307 44.555542 -51.99317
v -388.01318 44.674805 -52.104645
v -386.98096 45.166016 -51.823692
v -387.04443 45.257813 -51.99324
v -387.13916 45.39746 -52.104637
v -386.03467 45.686523 -51.823677
v -386.0786 45.789063 -51.99324
v -386.146 45.944214 -52.104515
v -384.91748 46.039063 -51.823677
v -384.93994 46.148315 -51.993164
v -384.9751 46.314453 -52.1045
v -383.75342 46.159058 -51.823647
v -383.75342 46.270386 -51.99317
v -383.75342 46.44043 -52.104652
v -382.58838 46.039063 -51.823677
v -382.56592 46.148315 -51.993164
v -382.53076 46.314453 -52.1045
v -381.4712 45.686523 -51.823677
v -381.42725 45.789063 -51.99324
v -381.35986 45.944214 -52.104515
v -380.5249 45.166016 -51.823692
v -380.46143 45.257813 -51.99324
v -380.3667 45.39746 -52.104637
v -379.6919 44.476563 -51.82367
v -379.6128 44.555542 -51.99317
v -379.49268 44.674805 -52.104645
v -362.9956 27.780762 -51.82367
v -362.91748 27.859375 -51.99314
v -362.79736 27.979492 -52.1045
v -362.30713 26.947754 -51.823685
v -362.21436 27.010376 -51.993187
v -362.0747 27.105957 -52.104652
v -361.78564 26.000977 -51.823692
v -361.6831 26.0448 -51.993164
v -361.52783 26.112183 -52.104515
v -361.4331 24.884277 -51.82367
v -361.32373 24.906738 -51.993286
v -361.1577 24.940918 -52.104492
v -361.313 23.719116 -51.8236
v -361.20166 23.719238 -51.99324
v -361.0327 23.719238 -52.104652
v -361.4331 22.554565 -51.82361
v -361.32373 22.532349 -51.993225
v -361.1577 22.497559 -52.104637
v -361.78564 21.437866 -51.823647
v -361.6831 21.393433 -51.993164
v -361.52783 21.32666 -52.104645
v -362.30713 20.490723 -51.82367
v -362.21436 20.428223 -51.99324
v -362.0747 20.333008 -52.104515
v -362.9956 19.657715 -51.823685
v -362.9165 19.579102 -51.993233
v -362.79736 19.459473 -52.104492
v -363.8286 18.96875 -51.823692
v -363.7661 18.876831 -51.993164
v -363.6704 18.736816 -52.1045
v -364.77588 18.447754 -51.823677
v -364.73193 18.345581 -51.99317
v -364.66455 18.18982 -52.104515
v -365.8921 18.095215 -51.823677
v -365.86963 17.986328 -51.99324
v -365.83545 17.820313 -52.104492
v -367.05713 17.975586 -51.823692
v -367.05713 17.863647 -51.993164
v -367.05713 17.694336 -52.104507
v -368.22217 18.095215 -51.823677
v -368.24463 17.986328 -51.99324
v -368.2788 17.820313 -52.104492
v -369.33838 18.447754 -51.823677
v -369.38232 18.345581 -51.99317
v -369.4497 18.18982 -52.104515
v -370.28564 18.96875 -51.823692
v -370.34814 18.876831 -51.993164
v -370.44385 18.736816 -52.1045
v -371.11865 19.657715 -51.823685
v -371.19775 19.579102 -51.993233
v -371.3169 19.459473 -52.104492
v -387.81396 36.353516 -51.823685
v -387.89307 36.27539 -51.993263
v -388.01318 36.155273 -52.1045
v -387.78955 36.378784 -51.639565
v -388.45654 37.180542 -51.639565
v -388.47998 37.20215 -51.723366
v -388.9917 38.14734 -51.639565
v -388.99854 38.14453 -51.723457
v -389.34033 39.244995 -51.63952
v -389.46143 40.414917 -51.63952
v -389.35107 39.25586 -51.730637
v -389.34033 41.58484 -51.63952
v -389.35107 41.57422 -51.730667
v -388.9917 42.682617 -51.63958
v -388.45654 43.649292 -51.639526
v -388.47998 43.62793 -51.72345
v -387.78955 44.452026 -51.639526
v -387.79443 44.45703 -51.72345
v -386.02002 45.654175 -51.639565
v -386.02295 45.661133 -51.72348
v -386.96533 45.142456 -51.72338
v -386.9878 45.11902 -51.639526
v -384.92236 46.002808 -51.639526
v -388.99854 42.685547 -51.723465
v -389.4702 40.414917 -51.730576
v -384.9126 46.012695 -51.73065
v -383.75342 46.124023 -51.63958
v -382.5835 46.002808 -51.639526
v -382.59326 46.012695 -51.73065
v -383.75342 46.132813 -51.73066
v -381.48584 45.654175 -51.639565
v -381.4829 45.661133 -51.72348
v -380.51807 45.11902 -51.639526
v -379.7163 44.452026 -51.639526
v -380.54053 45.142456 -51.72338
v -378.67236 43.40808 -51.63951
v -377.6294 42.365112 -51.639557
v -376.58545 41.32129 -51.639587
v -374.49854 39.234253 -51.639565
v -373.45557 38.19043 -51.639595
v -372.41162 37.14746 -51.63958
v -375.54248 40.2782 -51.63952
v -370.3247 35.060425 -51.639557
v -371.36865 36.103394 -51.63952
v -362.66748 28.109253 -52.13964
v -379.3628 44.805664 -52.139717
v -369.28174 34.01709 -51.639618
v -368.2378 32.97351 -51.639526
v -367.19482 31.930176 -51.63958
v -366.15088 30.886719 -51.639595
v -365.1079 29.842773 -51.63958
v -364.06396 28.799316 -51.639595
v -388.88818 36.92566 -52.139633
v -388.14307 36.02527 -52.13964
v -389.45068 37.94922 -52.139717
v -389.83252 39.156128 -52.139633
v -389.96143 40.41504 -52.1397
v -389.83252 41.67383 -52.139732
v -389.45068 42.880737 -52.13964
v -388.88818 43.905273 -52.139725
v -388.14307 44.805664 -52.139717
v -386.21924 46.11328 -52.13971
v -387.24268 45.549683 -52.139626
v -385.0122 46.49414 -52.13971
v -383.75342 46.6239 -52.139626
v -382.49365 46.49414 -52.13971
v -380.26318 45.549683 -52.139626
v -381.28662 46.11328 -52.13971
v -363.021 27.755737 -51.639557
v -361.81787 25.986816 -51.63958
v -361.81104 25.989746 -51.723465
v -362.3296 26.932129 -51.723442
v -362.35303 26.95398 -51.639557
v -361.46924 24.889038 -51.63952
v -361.45947 22.559937 -51.73059
v -361.34814 23.719116 -51.63952
v -361.46924 22.549805 -51.639587
v -361.81104 21.449219 -51.72348
v -361.81787 21.452026 -51.639526
v -361.45947 24.878784 -51.73059
v -362.3296 20.506714 -51.723396
v -362.35303 20.484741 -51.639565
v -363.021 19.682617 -51.63958
v -363.82275 19.015625 -51.63958
v -363.84424 18.992188 -51.723457
v -364.78662 18.473633 -51.723465
v -364.78955 18.480347 -51.639557
v -365.8872 18.131836 -51.63958
v -361.34033 23.719116 -51.730576
v -365.89795 18.121582 -51.73065
v -367.05713 18.01062 -51.639526
v -368.22705 18.131836 -51.63958
v -368.2163 18.121582 -51.73065
v -369.3247 18.480347 -51.639557
v -369.32764 18.473633 -51.723465
v -370.2915 19.015625 -51.63958
v -371.09424 19.682617 -51.63958
v -370.27002 18.992188 -51.723457
v -372.1372 20.725952 -51.63952
v -373.18115 21.76941 -51.639565
v -374.22412 22.812988 -51.639595
v -376.31104 24.900269 -51.639557
v -377.35498 25.943848 -51.639587
v -378.39795 26.987183 -51.639526
v -375.26807 23.856445 -51.639587
v -380.48486 29.074097 -51.639565
v -379.4419 28.03064 -51.63952
v -381.5288 30.117676 -51.639595
v -367.05713 18.001953 -51.730667
v -382.57178 31.161133 -51.63958
v -383.61572 32.204468 -51.639526
v -385.70264 34.29138 -51.639557
v -386.74658 35.33496 -51.639595
v -384.6587 33.248047 -51.639618
v -387.78955 36.378784 -51.639565
v -361.92236 27.208984 -52.139595
v -360.97803 24.978638 -52.139633
v -361.3589 26.185547 -52.13971
v -360.84814 23.719238 -52.1397
v -360.97803 22.460327 -52.139633
v -361.92236 20.229492 -52.13971
v -361.3589 21.253418 -52.139717
v -362.6665 19.329102 -52.139717
v -363.56787 18.584473 -52.139732
v -365.79834 17.640137 -52.139595
v -364.5913 18.021484 -52.139725
v -367.05713 17.510254 -52.139732
v -388.14307 36.02527 -52.13964
v -371.44775 19.329102 -52.139717
v -368.31592 17.640137 -52.139595
v -369.52295 18.021484 -52.139725
v -370.54736 18.584473 -52.139732
v -386.74658 35.33496 -51.639595
v -386.74658 35.33484 -50.33432
v -387.78955 36.378906 -50.33438
v -387.78955 36.378784 -51.639565
v -384.6587 33.248047 -51.639618
v -384.6587 33.248047 -50.334396
v -385.70264 34.291504 -50.33438
v -385.70264 34.29138 -51.639557
v -382.57178 31.161133 -50.33425
v -383.61572 32.204468 -50.334404
v -383.61572 32.204468 -51.639526
v -380.48486 29.074097 -51.639565
v -380.48486 29.074219 -50.33439
v -381.5288 30.117554 -50.334328
v -381.5288 30.117676 -51.639595
v -378.39795 26.987183 -51.639526
v -378.39795 26.987183 -50.334305
v -379.4419 28.030762 -50.334396
v -379.4419 28.03064 -51.63952
v -376.31104 24.900269 -51.639557
v -376.31104 24.90039 -50.334373
v -377.35498 25.943726 -50.334427
v -377.35498 25.943848 -51.639587
v -374.22412 22.812988 -51.639595
v -374.22412 22.812988 -50.334373
v -375.26807 23.856323 -50.33442
v -372.1372 20.725952 -51.63952
v -372.1372 20.726074 -50.334404
v -373.18115 21.769531 -50.33439
v -373.18115 21.76941 -51.639565
v -371.09424 19.682617 -51.63958
v -371.09424 19.682617 -50.93315
v -370.2915 19.015625 -51.63958
v -369.3247 18.480347 -50.933075
v -368.22705 18.131836 -51.63958
v -367.05713 18.01062 -51.639526
v -367.05713 18.010742 -50.93315
v -369.3247 18.480347 -51.639557
v -365.8872 18.131836 -51.63958
v -365.8872 18.131836 -50.33425
v -363.82275 19.015625 -51.63958
v -363.82275 19.015625 -50.33425
v -364.78955 18.480469 -50.334373
v -364.78955 18.480347 -51.639557
v -363.021 19.682617 -51.63958
v -362.35303 20.484741 -51.639565
v -362.35303 20.484985 -50.93306
v -363.021 19.682617 -50.93315
v -361.46924 22.549805 -51.639587
v -361.46924 22.549683 -50.334427
v -361.81787 21.452026 -50.33441
v -361.81787 21.452026 -51.639526
v -361.34814 23.719116 -51.63952
v -361.46924 24.889038 -51.63952
v -361.46924 24.88916 -50.93303
v -361.34814 23.719238 -50.93303
v -361.81787 25.986816 -51.63958
v -362.35303 26.95398 -51.639557
v -362.35303 26.954102 -50.33438
v -361.81787 25.986816 -50.33425
v -371.09424 19.682617 -50.334244
v -370.2915 19.015625 -50.33425
v -369.3247 18.480469 -50.334373
v -368.22705 18.131836 -50.33425
v -367.05713 18.01062 -50.33441
v -363.021 19.682617 -50.334244
v -361.34814 23.719238 -50.334396
v -362.35303 20.484863 -50.33438
v -361.46924 24.88916 -50.334396
v -363.021 27.755981 -50.93306
v -363.021 27.755737 -51.639557
v -364.06396 28.799316 -51.639595
v -365.1079 29.842773 -50.33425
v -364.06396 28.799194 -50.33432
v -367.19482 31.930176 -50.33425
v -366.15088 30.886597 -50.334328
v -369.28174 34.01709 -51.639618
v -369.28174 34.01709 -50.33439
v -368.2378 32.97351 -50.334404
v -368.2378 32.97351 -51.639526
v -371.36865 36.103394 -51.63952
v -371.36865 36.103516 -50.334396
v -370.3247 35.060547 -50.33438
v -370.3247 35.060425 -51.639557
v -373.45557 38.19043 -51.639595
v -373.45557 38.190308 -50.334328
v -372.41162 37.14734 -50.334305
v -374.49854 39.234253 -51.639565
v -374.49854 39.234375 -50.33439
v -376.58545 41.32129 -51.639587
v -376.58545 41.321167 -50.33442
v -375.54248 40.27832 -50.334404
v -375.54248 40.2782 -51.63952
v -377.6294 42.365112 -51.639557
v -377.6294 42.365234 -50.334373
v -378.67236 43.40808 -51.63951
v -378.67236 43.408203 -50.334396
v -363.021 27.75586 -50.33438
v -379.7163 44.452026 -51.639526
v -380.51807 45.11902 -51.639526
v -380.51807 45.11914 -50.93315
v -379.7163 44.45215 -50.93315
v -381.48584 45.654175 -51.639565
v -383.75342 46.124023 -51.63958
v -383.75342 46.124023 -50.33425
v -382.5835 46.002808 -50.33441
v -382.5835 46.002808 -51.639526
v -384.92236 46.00293 -50.93315
v -384.92236 46.002808 -51.639526
v -386.02002 45.654175 -51.639565
v -386.9878 45.11902 -51.639526
v -386.9878 45.11902 -50.33441
v -386.02002 45.654297 -50.33439
v -381.48584 45.654297 -50.33439
v -387.78955 44.45215 -50.93315
v -387.78955 44.452026 -51.639526
v -388.45654 43.649292 -51.639526
v -389.34033 41.58484 -51.63952
v -389.34033 41.58496 -50.334396
v -388.9917 42.682617 -50.33425
v -388.9917 42.682617 -51.63958
v -388.45654 43.649292 -50.334305
v -389.46143 40.414917 -51.63952
v -389.46143 40.41504 -50.334396
v -388.9917 38.14734 -51.639565
v -388.9917 38.14746 -50.33438
v -389.34033 39.245117 -50.334396
v -389.34033 39.244995 -51.63952
v -388.45654 37.180542 -51.639565
v -388.45654 37.180664 -50.33439
v -379.7163 44.452026 -50.334305
v -380.51807 45.11902 -50.33441
v -384.92236 46.002808 -50.33441
v -387.78955 44.452026 -50.334305
v -387.89307 142.7351 -51.993225
v -387.81396 142.656 -51.823784
v -371.11865 159.3523 -51.823647
v -371.19775 159.43042 -51.993195
v -388.01318 142.85522 -52.104477
v -371.3169 159.55054 -52.104553
v -370.28564 160.04077 -51.823776
v -370.34814 160.13354 -51.993217
v -370.44385 160.2732 -52.104546
v -369.33838 160.56226 -51.823647
v -369.38232 160.66382 -51.993217
v -369.4497 160.82031 -52.104538
v -368.22217 160.9148 -51.823654
v -368.24463 161.02441 -51.993187
v -368.2788 161.19019 -52.104477
v -367.05713 161.03491 -51.82377
v -367.05713 161.14648 -51.993187
v -367.05713 161.31519 -52.10447
v -365.8921 160.9148 -51.823654
v -365.86963 161.02441 -51.993187
v -365.83545 161.19019 -52.104477
v -364.77588 160.56226 -51.823647
v -364.73193 160.66382 -51.993217
v -364.66455 160.82031 -52.104538
v -363.8286 160.04077 -51.823776
v -363.7661 160.13354 -51.993217
v -363.6704 160.2732 -52.104546
v -362.9956 159.3523 -51.823647
v -362.9165 159.43042 -51.993195
v -362.79736 159.55054 -52.104553
v -362.30713 158.51929 -51.82377
v -362.21436 158.58179 -51.993225
v -362.0747 158.67651 -52.10447
v -361.78564 157.57202 -51.82364
v -361.6831 157.61597 -51.993225
v -361.52783 157.68335 -52.10447
v -361.4331 156.45581 -51.823647
v -361.32373 156.47827 -51.993202
v -361.1577 156.51245 -52.10447
v -361.313 155.29077 -51.82379
v -361.20166 155.29077 -51.993217
v -361.0327 155.29077 -52.10457
v -361.4331 154.12573 -51.82377
v -361.32373 154.10327 -51.993134
v -361.1577 154.06909 -52.104553
v -361.78564 153.00952 -51.823776
v -361.6831 152.9646 -51.993217
v -361.52783 152.89722 -52.10457
v -362.30713 152.06226 -51.823647
v -362.21436 151.99976 -51.993217
v -362.0747 151.90405 -52.10457
v -362.9956 151.22949 -51.82377
v -362.91748 151.15039 -51.993187
v -362.79736 151.031 -52.10447
v -379.6919 134.5332 -51.823677
v -379.6128 134.45508 -51.99315
v -379.49268 134.33484 -52.104652
v -380.5249 133.8446 -51.82361
v -380.46143 133.75293 -51.993233
v -380.3667 133.6123 -52.104492
v -381.4712 133.32324 -51.82367
v -381.42725 133.22168 -51.993233
v -381.35986 133.06543 -52.104507
v -382.58838 132.9707 -51.82367
v -382.56592 132.8623 -51.993263
v -382.53076 132.69617 -52.104515
v -383.75342 132.85046 -51.82361
v -383.75342 132.73926 -51.993263
v -383.75342 132.57031 -52.104637
v -384.91748 132.9707 -51.82367
v -384.93994 132.8623 -51.993263
v -384.9751 132.69617 -52.104515
v -386.03467 133.32324 -51.82367
v -386.0786 133.22168 -51.993233
v -386.146 133.06543 -52.104507
v -386.98096 133.8446 -51.82361
v -387.04443 133.75293 -51.993233
v -387.13916 133.6123 -52.104492
v -387.81494 134.5332 -51.823677
v -387.89307 134.45508 -51.99315
v -388.01318 134.33484 -52.104652
v -388.50342 135.36633 -51.82366
v -388.5952 135.30371 -51.993233
v -388.73584 135.20898 -52.104637
v -389.0249 136.31348 -51.823685
v -389.12646 136.26953 -51.993233
v -389.28174 136.20215 -52.104637
v -389.37744 137.43066 -51.823677
v -389.48584 137.4082 -51.99314
v -389.65186 137.37305 -52.10463
v -389.49658 138.59448 -51.823654
v -389.6079 138.59473 -51.993187
v -389.77783 138.59473 -52.104538
v -389.37744 139.75952 -51.823784
v -389.48584 139.78198 -51.993126
v -389.65186 139.81616 -52.104546
v -389.0249 140.87671 -51.823776
v -389.12646 140.9209 -51.993187
v -389.28174 140.98828 -52.104538
v -388.50342 141.823 -51.823692
v -388.5952 141.8855 -51.993088
v -388.73584 141.98145 -52.104538
v -387.81396 142.656 -51.823784
v -387.89307 142.7351 -51.993225
v -388.01318 142.85522 -52.104477
v -387.78955 142.63159 -51.639687
v -386.74658 143.67456 -51.63971
v -385.70264 144.7185 -51.639618
v -384.6587 145.76147 -51.63968
v -383.61572 146.80542 -51.639694
v -382.57178 147.84937 -51.63971
v -380.48486 149.93628 -51.639687
v -381.5288 148.89233 -51.639565
v -379.4419 150.97925 -51.6397
v -377.35498 153.06616 -51.639572
v -376.31104 154.1101 -51.639694
v -375.26807 155.15308 -51.63971
v -378.39795 152.0232 -51.63961
v -374.22412 156.19702 -51.639557
v -373.18115 157.23999 -51.639687
v -372.1372 158.28394 -51.6397
v -371.09912 159.33179 -51.723427
v -371.09424 159.3269 -51.639618
v -370.2915 159.9939 -51.63961
v -370.27002 160.01831 -51.723564
v -369.3247 160.53003 -51.639694
v -369.32764 160.53589 -51.723564
v -368.22705 160.87769 -51.63961
v -368.2163 160.88843 -51.73062
v -367.05713 160.99878 -51.639618
v -365.8872 160.87769 -51.63961
v -365.89795 160.88843 -51.73062
v -364.78955 160.53003 -51.639694
v -364.78662 160.53589 -51.723564
v -363.021 159.3269 -51.639618
v -363.01514 159.33276 -51.723427
v -363.84424 160.01733 -51.72357
v -363.82275 159.9939 -51.63961
v -362.35303 158.52515 -51.63961
v -361.81787 157.55835 -51.639618
v -361.46924 156.4607 -51.6397
v -361.81104 157.56152 -51.72354
v -361.34814 155.29077 -51.6397
v -361.45947 156.44995 -51.730476
v -361.46924 154.12085 -51.6397
v -361.81787 153.0232 -51.639687
v -361.81104 153.02026 -51.723427
v -362.35303 152.05542 -51.639694
v -362.3296 152.07788 -51.723557
v -361.45947 154.13159 -51.730606
v -362.3296 158.50366 -51.72342
v -367.05713 161.00781 -51.730576
v -361.34033 155.29077 -51.73049
v -363.021 151.25366 -51.639694
v -371.44775 159.68066 -52.139633
v -388.14307 142.9851 -52.139664
v -370.54736 160.42554 -52.13954
v -369.52295 160.98926 -52.139626
v -368.31592 161.37012 -52.139626
v -367.05713 161.49976 -52.13954
v -365.79834 161.37012 -52.139626
v -364.5913 160.98926 -52.139626
v -363.56787 160.42554 -52.13954
v -361.92236 158.78003 -52.13954
v -362.6665 159.68066 -52.139633
v -361.3589 157.75659 -52.139664
v -360.97803 156.54956 -52.13954
v -360.84814 155.29077 -52.13968
v -361.3589 152.8252 -52.139633
v -360.97803 154.03198 -52.13955
v -361.92236 151.80054 -52.13955
v -362.66748 150.90015 -52.139664
v -364.06396 150.2107 -51.639565
v -365.1079 149.16675 -51.63961
v -366.15088 148.12378 -51.6397
v -367.19482 147.07983 -51.639687
v -368.2378 146.03687 -51.639618
v -369.28174 144.99292 -51.63971
v -370.3247 143.94995 -51.639694
v -371.36865 142.906 -51.639572
v -373.45557 140.81909 -51.6397
v -372.41162 141.86304 -51.63961
v -375.54248 138.73218 -51.639565
v -374.49854 139.77515 -51.639687
v -376.58545 137.68823 -51.63955
v -377.6294 136.64539 -51.639526
v -378.67236 135.60156 -51.639618
v -379.7163 134.5586 -51.639595
v -380.54053 133.86816 -51.72348
v -381.48584 133.35632 -51.63951
v -381.4829 133.34949 -51.72338
v -380.51807 133.8916 -51.639603
v -382.5835 133.00781 -51.639595
v -382.59326 132.99707 -51.730644
v -383.75342 132.88672 -51.639595
v -383.75342 132.8778 -51.730583
v -384.92236 133.00781 -51.639595
v -384.9126 132.99707 -51.730644
v -386.02002 133.35632 -51.63951
v -386.02295 133.34949 -51.72338
v -386.9878 133.8916 -51.639603
v -387.78955 134.5586 -51.639595
v -387.79443 134.55371 -51.723457
v -388.45654 135.36023 -51.639557
v -388.47998 135.38281 -51.723457
v -386.96533 133.86816 -51.72348
v -388.9917 136.32813 -51.639595
v -389.34033 137.42566 -51.639565
v -388.99854 136.32532 -51.723442
v -389.46143 138.59448 -51.639572
v -389.35107 137.43542 -51.730583
v -389.34033 139.7644 -51.639565
v -388.9917 140.86206 -51.639694
v -388.99854 140.86499 -51.72358
v -388.45654 141.82983 -51.63968
v -388.47998 141.80737 -51.723557
v -389.35107 139.75464 -51.730606
v -389.4702 138.59448 -51.73063
v -387.78955 142.63159 -51.639687
v -379.3628 134.20496 -52.139633
v -380.26318 133.45996 -52.139725
v -381.28662 132.89648 -52.139687
v -382.49365 132.51563 -52.139687
v -383.75342 132.38574 -52.139725
v -386.21924 132.89648 -52.139687
v -385.0122 132.51563 -52.139687
v -387.24268 133.45996 -52.139725
v -388.14307 134.20496 -52.139633
v -388.88818 135.10547 -52.139725
v -389.45068 136.1289 -52.13971
v -389.96143 138.59448 -52.13954
v -389.83252 137.33594 -52.139725
v -389.83252 139.85425 -52.13967
v -388.88818 142.08472 -52.13967
v -389.45068 141.06152 -52.139626
v -388.14307 142.9851 -52.139664
v -388.45654 141.82983 -51.63968
v -388.45654 141.82983 -50.33435
v -387.78955 142.63159 -50.33436
v -389.34033 139.7644 -51.04093
v -388.9917 140.86206 -51.639694
v -389.34033 139.7644 -51.639565
v -388.9917 140.8623 -50.334404
v -389.46143 138.59448 -51.04093
v -389.46143 138.59448 -51.639572
v -389.34033 137.42566 -51.639565
v -388.9917 136.32813 -51.040955
v -388.9917 136.32813 -51.639595
v -388.45654 135.36023 -51.639557
v -387.78955 134.5586 -51.639595
v -387.78955 134.5586 -50.334373
v -388.45654 135.36035 -50.334373
v -386.9878 133.8916 -51.639603
v -386.02002 133.35632 -51.63951
v -386.9878 133.8916 -51.040962
v -386.02002 133.35645 -50.334396
v -386.9878 133.8916 -50.334373
v -386.02002 133.35632 -51.04088
v -384.92236 133.00781 -51.639595
v -384.92236 133.00781 -50.334373
v -382.5835 133.00781 -51.639595
v -382.5835 133.00781 -50.334373
v -383.75342 132.8866 -50.33432
v -383.75342 132.88672 -51.639595
v -381.48584 133.35632 -51.63951
v -381.48584 133.35645 -50.334396
v -380.51807 133.8916 -51.639603
v -380.51807 133.8916 -50.334373
v -379.7163 134.5586 -50.933174
v -379.7163 134.5586 -51.639595
v -377.6294 136.64539 -51.639526
v -377.6294 136.64539 -50.33441
v -378.67236 135.60156 -50.334396
v -378.67236 135.60156 -51.639618
v -375.54248 138.73218 -51.639565
v -375.54248 138.73218 -50.334442
v -376.58545 137.68848 -50.334427
v -376.58545 137.68823 -51.63955
v -373.45557 140.81909 -51.6397
v -373.45557 140.81934 -50.33442
v -374.49854 139.77515 -50.33436
v -372.41162 141.86304 -51.63961
v -372.41162 141.86304 -50.334328
v -370.3247 143.9502 -50.334404
v -371.36865 142.906 -50.334343
v -371.36865 142.906 -51.639572
v -370.3247 143.94995 -51.639694
v -368.2378 146.03687 -51.639618
v -368.2378 146.03687 -50.334442
v -369.28174 144.99316 -50.334427
v -369.28174 144.99292 -51.63971
v -366.15088 148.12402 -50.33441
v -367.19482 147.07983 -50.33435
v -366.15088 148.12378 -51.6397
v -364.06396 150.2107 -51.639565
v -364.06396 150.2107 -50.334343
v -365.1079 149.16675 -50.334328
v -365.1079 149.16675 -51.63961
v -363.021 151.25366 -51.639694
v -363.021 151.2539 -50.334404
v -362.35303 152.05542 -51.639694
v -362.35303 152.05566 -50.33441
v -389.34033 139.7644 -50.334343
v -389.34033 137.42578 -50.33439
v -389.46143 138.59448 -50.334343
v -388.9917 136.328 -50.33432
v -379.7163 134.5586 -50.334373
v -361.46924 154.12085 -51.04107
v -361.81787 153.0232 -51.639687
v -361.46924 154.12085 -51.6397
v -361.34814 155.29077 -51.04107
v -361.34814 155.29077 -51.6397
v -361.46924 156.4607 -51.6397
v -361.81787 157.55835 -51.639618
v -362.35303 158.52515 -51.63961
v -361.81787 157.55835 -51.040985
v -363.021 159.3269 -51.639618
v -363.82275 159.9939 -51.63961
v -363.82275 159.9939 -51.040977
v -364.78955 160.53003 -51.639694
v -364.78955 160.53003 -51.04106
v -362.35303 158.52515 -50.334328
v -361.46924 156.4607 -51.04107
v -361.81787 157.55835 -50.334328
v -361.46924 156.46094 -50.33442
v -364.78955 160.53027 -50.334404
v -363.82275 159.9939 -50.334328
v -363.021 159.3269 -50.334328
v -367.05713 160.99878 -51.639618
v -367.05713 160.99878 -51.040924
v -365.8872 160.87769 -51.040977
v -365.8872 160.87769 -51.63961
v -368.22705 160.87769 -51.040977
v -368.22705 160.87769 -51.63961
v -369.3247 160.53003 -51.639694
v -369.3247 160.53003 -51.04106
v -369.3247 160.53027 -50.334404
v -368.22705 160.87769 -50.334328
v -370.2915 159.9939 -51.63961
v -370.2915 159.9939 -51.040977
v -371.09424 159.3269 -51.639618
v -373.18115 157.23999 -51.639687
v -373.18115 157.23999 -50.33436
v -372.1372 158.28418 -50.33442
v -375.26807 155.15308 -51.63971
v -375.26807 155.15332 -50.334427
v -374.22412 156.19702 -50.334442
v -374.22412 156.19702 -51.639557
v -376.31104 154.1101 -51.639694
v -376.31104 154.11035 -50.334404
v -371.09424 159.3269 -50.334328
v -378.39795 152.0232 -51.63961
v -378.39795 152.0232 -50.334328
v -377.35498 153.06616 -50.33435
v -377.35498 153.06616 -51.639572
v -380.48486 149.93628 -51.639687
v -380.48486 149.93628 -50.33435
v -379.4419 150.97949 -50.33442
v -381.5288 148.89233 -51.639565
v -381.5288 148.89233 -50.334442
v -383.61572 146.80542 -51.639694
v -383.61572 146.80566 -50.33441
v -382.57178 147.84961 -50.334427
v -385.70264 144.7185 -51.639618
v -385.70264 144.7185 -50.334328
v -384.6587 145.76147 -50.33435
v -384.6587 145.76147 -51.63968
v -386.74658 143.67456 -51.63971
v -386.74658 143.6748 -50.33442
v -387.78955 142.63159 -50.33436
v -387.78955 142.63159 -51.639687
v -361.81787 153.0232 -50.33436
v -361.46924 154.1211 -50.33442
v -361.34814 155.29102 -50.33442
v -367.05713 160.99878 -50.334442
v -365.8872 160.87769 -50.334328
v -370.2915 159.9939 -50.334328
v -131.60593 142.7351 -51.993225
v -131.68503 142.656 -51.823784
v -130.99557 141.823 -51.823692
v -130.90378 141.8855 -51.993088
v -131.48581 142.85522 -52.104477
v -130.76315 141.98145 -52.104538
v -130.47507 140.87671 -51.823776
v -130.37253 140.9209 -51.993187
v -130.21725 140.98828 -52.104538
v -130.12155 139.75952 -51.823784
v -130.01315 139.78198 -51.993126
v -129.84714 139.81616 -52.104546
v -130.00241 138.59448 -51.823654
v -129.89108 138.59473 -51.993187
v -129.72116 138.59473 -52.104538
v -130.12155 137.43066 -51.823677
v -130.01315 137.4082 -51.99314
v -129.84714 137.37305 -52.10463
v -130.47507 136.31348 -51.823685
v -130.37253 136.26953 -51.993233
v -130.21725 136.20215 -52.104637
v -130.99557 135.36633 -51.82366
v -130.90378 135.30371 -51.993233
v -130.76315 135.20898 -52.104637
v -131.68503 134.5332 -51.823677
v -131.60593 134.45508 -51.99315
v -131.48581 134.33484 -52.104652
v -132.51804 133.8446 -51.82361
v -132.45554 133.75293 -51.993233
v -132.35983 133.6123 -52.104492
v -133.46432 133.32324 -51.82367
v -133.42038 133.22168 -51.993233
v -133.353 133.06543 -52.104507
v -134.58151 132.9707 -51.82367
v -134.55905 132.8623 -51.993263
v -134.52487 132.69617 -52.104515
v -135.74655 132.85046 -51.82361
v -135.74655 132.73926 -51.993263
v -135.74655 132.57031 -52.104637
v -136.91061 132.9707 -51.82367
v -136.93307 132.8623 -51.993263
v -136.96823 132.69617 -52.104515
v -138.0278 133.32324 -51.82367
v -138.07175 133.22168 -51.993233
v -138.13913 133.06543 -52.104507
v -138.97507 133.8446 -51.82361
v -139.03757 133.75293 -51.993233
v -139.1323 133.6123 -52.104492
v -139.80807 134.5332 -51.823677
v -139.8862 134.45508 -51.99315
v -140.00632 134.33484 -52.104652
v -156.50339 151.22949 -51.82377
v -156.58249 151.15039 -51.993187
v -156.70163 151.031 -52.10447
v -157.19284 152.06226 -51.823647
v -157.28464 151.99976 -51.993217
v -157.42429 151.90405 -52.10457
v -157.71335 153.00952 -51.823776
v -157.81589 152.9646 -51.993217
v -157.97116 152.89722 -52.10457
v -158.06589 154.12573 -51.82377
v -158.17526 154.10327 -51.993134
v -158.34128 154.06909 -52.104553
v -158.186 155.29077 -51.82379
v -158.29733 155.29077 -51.993217
v -158.46725 155.29077 -52.10457
v -158.06589 156.45581 -51.823647
v -158.17526 156.47827 -51.993202
v -158.34128 156.51245 -52.10447
v -157.71335 157.57202 -51.82364
v -157.81589 157.61597 -51.993225
v -157.97116 157.68335 -52.10447
v -157.19186 158.51929 -51.82377
v -157.28464 158.58179 -51.993225
v -157.42429 158.67651 -52.10447
v -156.50339 159.3523 -51.823647
v -156.58249 159.43042 -51.993195
v -156.70163 159.55054 -52.104553
v -155.67038 160.04077 -51.823776
v -155.73288 160.13354 -51.993217
v -155.82858 160.2732 -52.104546
v -154.72311 160.56226 -51.823647
v -154.76706 160.66382 -51.993217
v -154.83444 160.82031 -52.104538
v -153.6069 160.9148 -51.823654
v -153.62936 161.02441 -51.993187
v -153.66354 161.19019 -52.104477
v -152.44186 161.03491 -51.82377
v -152.44186 161.14648 -51.993187
v -152.44186 161.31519 -52.10447
v -151.27682 160.9148 -51.823654
v -151.25436 161.02441 -51.993187
v -151.22018 161.19019 -52.104477
v -150.16061 160.56226 -51.823647
v -150.11667 160.66382 -51.993217
v -150.04929 160.82031 -52.104538
v -149.21335 160.04077 -51.823776
v -149.15085 160.13354 -51.993217
v -149.05515 160.2732 -52.104546
v -148.38034 159.3523 -51.823647
v -148.30222 159.43042 -51.993195
v -148.1821 159.55054 -52.104553
v -131.68503 142.656 -51.823784
v -131.60593 142.7351 -51.993225
v -131.48581 142.85522 -52.104477
v -131.70944 142.63159 -51.639687
v -131.04245 141.82983 -51.63968
v -131.01901 141.80737 -51.723557
v -130.5073 140.86206 -51.639694
v -130.50046 140.86499 -51.72358
v -130.15866 139.7644 -51.639565
v -130.03757 138.59448 -51.639572
v -130.14792 139.75464 -51.730606
v -130.15866 137.42566 -51.639565
v -130.14792 137.43542 -51.730583
v -130.02878 138.59448 -51.73063
v -131.04245 135.36023 -51.639557
v -131.01901 135.38281 -51.723457
v -130.50046 136.32532 -51.723442
v -130.5073 136.32813 -51.639595
v -131.70944 134.5586 -51.639595
v -131.70456 134.55371 -51.723457
v -132.5112 133.8916 -51.639603
v -133.47897 133.35632 -51.63951
v -132.53366 133.86816 -51.72348
v -134.57663 133.00781 -51.639595
v -133.47604 133.34949 -51.72338
v -134.5864 132.99707 -51.730644
v -135.74655 132.88672 -51.639595
v -136.9155 133.00781 -51.639595
v -136.90573 132.99707 -51.730644
v -135.74655 132.8778 -51.730583
v -138.01315 133.35632 -51.63951
v -138.01608 133.34949 -51.72338
v -138.98093 133.8916 -51.639603
v -139.78268 134.5586 -51.639595
v -138.95847 133.86816 -51.72348
v -140.82663 135.60156 -51.639618
v -141.8696 136.64539 -51.639526
v -142.91354 137.68823 -51.63955
v -145.00046 139.77515 -51.639687
v -146.04343 140.81909 -51.6397
v -147.08737 141.86304 -51.63961
v -143.95651 138.73218 -51.639565
v -149.17429 143.94995 -51.639694
v -148.13034 142.906 -51.639572
v -156.83249 150.90015 -52.139664
v -140.1362 134.20496 -52.139633
v -150.21725 144.99292 -51.63971
v -151.2612 146.03687 -51.639618
v -152.30417 147.07983 -51.639687
v -154.39206 149.16675 -51.63961
v -155.43503 150.2107 -51.639565
v -153.34811 148.12378 -51.6397
v -156.47897 151.25366 -51.639694
v -130.04831 141.06152 -52.139626
v -130.61081 142.08472 -52.13967
v -129.66647 139.85425 -52.13967
v -131.35593 142.9851 -52.139664
v -129.53757 138.59448 -52.13954
v -129.66647 137.33594 -52.139725
v -130.61081 135.10547 -52.139725
v -130.04831 136.1289 -52.13971
v -131.35593 134.20496 -52.139633
v -132.25632 133.45996 -52.139725
v -133.27975 132.89648 -52.139687
v -134.48679 132.51563 -52.139687
v -135.74655 132.38574 -52.139725
v -137.00534 132.51563 -52.139687
v -139.23581 133.45996 -52.139725
v -138.21237 132.89648 -52.139687
v -157.1694 152.07788 -51.723557
v -157.68112 153.0232 -51.639687
v -157.68796 153.02026 -51.723427
v -157.14597 152.05542 -51.639694
v -158.02975 154.12085 -51.6397
v -158.03952 156.44995 -51.730476
v -158.15085 155.29077 -51.6397
v -158.02975 156.4607 -51.6397
v -157.68112 157.55835 -51.639618
v -157.68796 157.56152 -51.72354
v -158.03952 154.13159 -51.730606
v -157.14597 158.52515 -51.63961
v -157.1694 158.50366 -51.72342
v -156.47897 159.3269 -51.639618
v -156.48386 159.33276 -51.723427
v -154.70944 160.53003 -51.639694
v -155.65475 160.01733 -51.72357
v -155.67624 159.9939 -51.63961
v -154.71237 160.53589 -51.723564
v -153.61179 160.87769 -51.63961
v -158.15964 155.29077 -51.73049
v -153.60104 160.88843 -51.73062
v -152.44186 160.99878 -51.639618
v -152.44186 161.00781 -51.730576
v -151.27194 160.87769 -51.63961
v -151.28268 160.88843 -51.73062
v -150.17429 160.53003 -51.639694
v -150.17136 160.53589 -51.723564
v -149.20749 159.9939 -51.63961
v -148.40573 159.3269 -51.639618
v -149.22897 160.01831 -51.723564
v -147.36179 158.28394 -51.6397
v -146.31784 157.23999 -51.639687
v -145.27487 156.19702 -51.639557
v -143.18796 154.1101 -51.639694
v -142.14401 153.06616 -51.639572
v -141.10104 152.0232 -51.63961
v -144.23093 155.15308 -51.63971
v -139.01413 149.93628 -51.639687
v -140.0571 150.97925 -51.6397
v -137.97018 148.89233 -51.639565
v -136.92722 147.84937 -51.63971
v -135.88327 146.80542 -51.639694
v -133.79636 144.7185 -51.639618
v -132.75339 143.67456 -51.63971
v -134.8403 145.76147 -51.63968
v -157.57663 151.80054 -52.13955
v -158.52097 154.03198 -52.13955
v -158.1401 152.8252 -52.139633
v -158.65085 155.29077 -52.13968
v -158.52097 156.54956 -52.13954
v -157.57663 158.78003 -52.13954
v -158.1401 157.75659 -52.139664
v -156.83249 159.68066 -52.139633
v -155.9321 160.42554 -52.13954
v -153.70065 161.37012 -52.139626
v -154.90768 160.98926 -52.139626
v -152.44186 161.49976 -52.13954
v -148.05222 159.68066 -52.139633
v -151.18307 161.37012 -52.139626
v -149.97604 160.98926 -52.139626
v -148.95163 160.42554 -52.13954
v -132.75339 143.6748 -50.33442
v -131.70944 142.63159 -50.33436
v -131.70944 142.63159 -51.639687
v -134.8403 145.76147 -51.63968
v -134.8403 145.76147 -50.33435
v -133.79636 144.7185 -50.334328
v -136.92722 147.84937 -51.63971
v -136.92722 147.84961 -50.334427
v -135.88327 146.80566 -50.33441
v -139.01413 149.93628 -51.639687
v -139.01413 149.93628 -50.33435
v -137.97018 148.89233 -50.334442
v -137.97018 148.89233 -51.639565
v -141.10104 152.0232 -50.334328
v -140.0571 150.97949 -50.33442
v -140.0571 150.97925 -51.6397
v -143.18796 154.1101 -51.639694
v -143.18796 154.11035 -50.334404
v -142.14401 153.06616 -50.33435
v -142.14401 153.06616 -51.639572
v -145.27487 156.19702 -51.639557
v -145.27487 156.19702 -50.334442
v -144.23093 155.15332 -50.334427
v -144.23093 155.15308 -51.63971
v -147.36179 158.28394 -51.6397
v -147.36179 158.28418 -50.33442
v -146.31784 157.23999 -50.33436
v -148.40573 159.3269 -51.639618
v -148.40573 159.3269 -50.93296
v -149.20749 159.99414 -50.933067
v -149.20749 159.9939 -51.63961
v -151.27194 160.87769 -51.63961
v -151.27194 160.87769 -50.334328
v -150.17429 160.53027 -50.334404
v -150.17429 160.53003 -51.639694
v -153.61179 160.87769 -51.63961
v -153.61179 160.87769 -50.334328
v -152.44186 160.99878 -50.334442
v -152.44186 160.99878 -51.639618
v -155.67624 159.9939 -51.63961
v -155.67624 159.9939 -50.334328
v -154.70944 160.53027 -50.334404
v -154.70944 160.53003 -51.639694
v -157.14597 158.52515 -51.63961
v -157.14597 158.52515 -50.334328
v -156.47897 159.3269 -50.334328
v -158.02975 156.4607 -51.6397
v -158.02975 156.46094 -50.33442
v -157.68112 157.55835 -50.334328
v -157.68112 157.55835 -51.639618
v -158.15085 155.29077 -51.6397
v -158.15085 155.29102 -50.33442
v -157.68112 153.0232 -51.639687
v -157.68112 153.0232 -50.33436
v -158.02975 154.1211 -50.33442
v -158.02975 154.12085 -51.6397
v -157.14597 152.05542 -51.639694
v -157.14597 152.05566 -50.33441
v -156.47897 151.2539 -50.933044
v -148.40573 159.3269 -50.334328
v -149.20749 159.9939 -50.334328
v -156.47897 151.2539 -50.334404
v -156.47897 151.25366 -51.639694
v -155.43503 150.2107 -51.639565
v -155.43503 150.2107 -50.334343
v -153.34811 148.12378 -51.6397
v -153.34811 148.12402 -50.33441
v -154.39206 149.16675 -50.334328
v -154.39206 149.16675 -51.63961
v -151.2612 146.03687 -50.334442
v -152.30417 147.07983 -50.33435
v -149.17429 143.9502 -50.334404
v -150.21725 144.99316 -50.334427
v -150.21725 144.99292 -51.63971
v -147.08737 141.86304 -51.63961
v -147.08737 141.86304 -50.334328
v -148.13034 142.906 -50.334343
v -148.13034 142.906 -51.639572
v -145.00046 139.77515 -51.639687
v -145.00046 139.77515 -50.33436
v -146.04343 140.81934 -50.33442
v -143.95651 138.73218 -51.639565
v -143.95651 138.73218 -50.334442
v -141.8696 136.64539 -51.639526
v -141.8696 136.64539 -50.33441
v -142.91354 137.68848 -50.334427
v -142.91354 137.68823 -51.63955
v -140.82663 135.60156 -51.639618
v -140.82663 135.60156 -50.334396
v -139.78268 134.5586 -50.933174
v -139.78268 134.5586 -51.639595
v -138.98093 133.8916 -51.639603
v -138.01315 133.35645 -50.93303
v -138.01315 133.35632 -51.63951
v -136.9155 133.00781 -51.639595
v -134.57663 133.00781 -50.933174
v -135.74655 132.88672 -51.639595
v -134.57663 133.00781 -51.639595
v -132.5112 133.8916 -51.639603
v -132.5112 133.8916 -50.334373
v -133.47897 133.35645 -50.334396
v -133.47897 133.35632 -51.63951
v -135.74655 132.8866 -50.33432
v -136.9155 133.00781 -50.334373
v -131.04245 135.36023 -51.639557
v -131.04245 135.36035 -50.334373
v -131.70944 134.5586 -50.334373
v -131.70944 134.5586 -51.639595
v -130.15866 137.42566 -51.639565
v -130.15866 137.42578 -50.33439
v -130.5073 136.328 -50.33432
v -130.5073 136.32813 -51.639595
v -130.03757 138.59448 -51.639572
v -130.03757 138.59448 -50.334343
v -130.5073 140.86206 -51.639694
v -130.5073 140.8623 -50.334404
v -130.15866 139.7644 -50.334343
v -130.15866 139.7644 -51.639565
v -131.04245 141.82983 -51.63968
v -131.04245 141.82983 -50.33435
v -131.70944 142.63159 -50.33436
v -139.78268 134.5586 -50.334373
v -138.98093 133.8916 -50.334373
v -138.01315 133.35645 -50.334396
v -134.57663 133.00781 -50.334373
v -131.60593 36.27539 -51.993263
v -131.68503 36.353516 -51.823685
v -148.38034 19.657715 -51.823685
v -148.30222 19.579102 -51.993233
v -131.48581 36.155273 -52.1045
v -148.1821 19.459473 -52.104492
v -149.21335 18.96875 -51.823692
v -149.15085 18.876831 -51.993164
v -149.05515 18.736816 -52.1045
v -150.16061 18.447754 -51.823677
v -150.11667 18.345581 -51.99317
v -150.04929 18.18982 -52.104515
v -151.27682 18.095215 -51.823677
v -151.25436 17.986328 -51.99324
v -151.22018 17.820313 -52.104492
v -152.44186 17.975586 -51.823692
v -152.44186 17.863647 -51.993164
v -152.44186 17.694336 -52.104507
v -153.6069 18.095215 -51.823677
v -153.62936 17.986328 -51.99324
v -153.66354 17.820313 -52.104492
v -154.72311 18.447754 -51.823677
v -154.76706 18.345581 -51.99317
v -154.83444 18.18982 -52.104515
v -155.67038 18.96875 -51.823692
v -155.73288 18.876831 -51.993164
v -155.82858 18.736816 -52.1045
v -156.50339 19.657715 -51.823685
v -156.58249 19.579102 -51.993233
v -156.70163 19.459473 -52.104492
v -157.19186 20.490723 -51.82367
v -157.28464 20.428223 -51.99324
v -157.42429 20.333008 -52.104515
v -157.71335 21.437866 -51.823647
v -157.81589 21.393433 -51.993164
v -157.97116 21.32666 -52.104645
v -158.06589 22.554565 -51.82361
v -158.17526 22.532349 -51.993225
v -158.34128 22.497559 -52.104637
v -158.186 23.719116 -51.8236
v -158.29733 23.719238 -51.99324
v -158.46725 23.719238 -52.104652
v -158.06589 24.884277 -51.82367
v -158.17526 24.906738 -51.993286
v -158.34128 24.940918 -52.104492
v -157.71335 26.000977 -51.823692
v -157.81589 26.0448 -51.993164
v -157.97116 26.112183 -52.104515
v -157.19284 26.947754 -51.823685
v -157.28464 27.010376 -51.993187
v -157.42429 27.105957 -52.104652
v -156.50339 27.780762 -51.82367
v -156.58249 27.859375 -51.99314
v -156.70163 27.979492 -52.1045
v -139.80807 44.476563 -51.82367
v -139.8862 44.555542 -51.99317
v -140.00632 44.674805 -52.104645
v -138.97507 45.166016 -51.823692
v -139.03757 45.257813 -51.99324
v -139.1323 45.39746 -52.104637
v -138.0278 45.686523 -51.823677
v -138.07175 45.789063 -51.99324
v -138.13913 45.944214 -52.104515
v -136.91061 46.039063 -51.823677
v -136.93307 46.148315 -51.993164
v -136.96823 46.314453 -52.1045
v -135.74655 46.159058 -51.823647
v -135.74655 46.270386 -51.99317
v -135.74655 46.44043 -52.104652
v -134.58151 46.039063 -51.823677
v -134.55905 46.148315 -51.993164
v -134.52487 46.314453 -52.1045
v -133.46432 45.686523 -51.823677
v -133.42038 45.789063 -51.99324
v -133.353 45.944214 -52.104515
v -132.51804 45.166016 -51.823692
v -132.45554 45.257813 -51.99324
v -132.35983 45.39746 -52.104637
v -131.68503 44.476563 -51.82367
v -131.60593 44.555542 -51.99317
v -131.48581 44.674805 -52.104645
v -130.99557 43.643433 -51.82364
v -130.90378 43.706055 -51.993248
v -130.76315 43.801758 -52.104652
v -130.47507 42.69629 -51.82366
v -130.37253 42.74121 -51.99324
v -130.21725 42.80774 -52.104538
v -130.12155 41.58008 -51.82367
v -130.01315 41.60254 -51.993286
v -129.84714 41.63672 -52.1045
v -130.00241 40.414917 -51.8236
v -129.89108 40.41504 -51.99324
v -129.72116 40.41504 -52.104652
v -130.12155 39.249878 -51.823647
v -130.01315 39.22754 -51.993263
v -129.84714 39.19336 -52.104645
v -130.47507 38.13379 -51.823692
v -130.37253 38.089844 -51.99324
v -130.21725 38.02246 -52.104645
v -130.99557 37.186523 -51.82367
v -130.90378 37.124023 -51.99324
v -130.76315 37.02832 -52.104652
v -131.68503 36.353516 -51.823685
v -131.60593 36.27539 -51.993263
v -131.48581 36.155273 -52.1045
v -131.70944 36.378784 -51.639565
v -132.75339 35.33496 -51.639595
v -133.79636 34.29138 -51.639557
v -134.8403 33.248047 -51.639618
v -135.88327 32.204468 -51.639526
v -136.92722 31.161133 -51.63958
v -139.01413 29.074097 -51.639565
v -137.97018 30.117676 -51.639595
v -140.0571 28.03064 -51.63952
v -142.14401 25.943848 -51.639587
v -141.10104 26.987183 -51.639526
v -144.23093 23.856445 -51.639587
v -143.18796 24.900269 -51.639557
v -146.31784 21.76941 -51.639565
v -147.36179 20.725952 -51.63952
v -145.27487 22.812988 -51.639595
v -148.40573 19.682617 -51.63958
v -150.17429 18.480347 -51.639557
v -150.17136 18.473633 -51.723465
v -149.22897 18.992188 -51.723457
v -149.20749 19.015625 -51.63958
v -151.27194 18.131836 -51.63958
v -151.28268 18.121582 -51.73065
v -152.44186 18.01062 -51.639526
v -153.61179 18.131836 -51.63958
v -153.60104 18.121582 -51.73065
v -152.44186 18.001953 -51.730667
v -154.70944 18.480347 -51.639557
v -154.71237 18.473633 -51.723465
v -155.67624 19.015625 -51.63958
v -156.47897 19.682617 -51.63958
v -156.48386 19.677612 -51.72339
v -157.14597 20.484741 -51.639565
v -157.1694 20.506714 -51.723396
v -155.65475 18.992188 -51.723457
v -157.68112 21.452026 -51.639526
v -158.02975 22.549805 -51.639587
v -157.68796 21.449219 -51.72348
v -158.15085 23.719116 -51.63952
v -158.03952 22.559937 -51.73059
v -158.02975 24.889038 -51.63952
v -157.68112 25.986816 -51.63958
v -157.68796 25.989746 -51.723465
v -157.14597 26.95398 -51.639557
v -157.1694 26.932129 -51.723442
v -158.03952 24.878784 -51.73059
v -158.15964 23.719116 -51.730576
v -156.47897 27.755737 -51.639557
v -148.05222 19.329102 -52.139717
v -131.35593 36.02527 -52.13964
v -148.95163 18.584473 -52.139732
v -149.97604 18.021484 -52.139725
v -151.18307 17.640137 -52.139595
v -152.44186 17.510254 -52.139732
v -153.70065 17.640137 -52.139595
v -154.90768 18.021484 -52.139725
v -155.9321 18.584473 -52.139732
v -157.57663 20.229492 -52.13971
v -156.83249 19.329102 -52.139717
v -158.1401 21.253418 -52.139717
v -158.52097 22.460327 -52.139633
v -158.65085 23.719238 -52.1397
v -158.1401 26.185547 -52.13971
v -158.52097 24.978638 -52.139633
v -157.57663 27.208984 -52.139595
v -156.83249 28.109253 -52.13964
v -155.43503 28.799316 -51.639595
v -154.39206 29.842773 -51.63958
v -153.34811 30.886719 -51.639595
v -152.30417 31.930176 -51.63958
v -151.2612 32.97351 -51.639526
v -150.21725 34.01709 -51.639618
v -149.17429 35.060425 -51.639557
v -148.13034 36.103394 -51.63952
v -146.04343 38.19043 -51.639595
v -147.08737 37.14746 -51.63958
v -143.95651 40.2782 -51.63952
v -145.00046 39.234253 -51.639565
v -142.91354 41.32129 -51.639587
v -141.8696 42.365112 -51.639557
v -140.82663 43.40808 -51.63951
v -139.78268 44.452026 -51.639526
v -138.95847 45.142456 -51.72338
v -138.01315 45.654175 -51.639565
v -138.01608 45.661133 -51.72348
v -138.98093 45.11902 -51.639526
v -136.9155 46.002808 -51.639526
v -136.90573 46.012695 -51.73065
v -134.57663 46.002808 -51.639526
v -134.5864 46.012695 -51.73065
v -135.74655 46.132813 -51.73066
v -135.74655 46.124023 -51.63958
v -133.47897 45.654175 -51.639565
v -133.47604 45.661133 -51.72348
v -132.5112 45.11902 -51.639526
v -131.70944 44.452026 -51.639526
v -132.53366 45.142456 -51.72338
v -131.04245 43.649292 -51.639526
v -131.01901 43.62793 -51.72345
v -130.5073 42.682617 -51.63958
v -130.15866 41.58484 -51.63952
v -130.50046 42.685547 -51.723465
v -130.03757 40.414917 -51.63952
v -130.02878 40.414917 -51.730576
v -130.14792 41.57422 -51.730667
v -130.15866 39.244995 -51.63952
v -130.5073 38.14734 -51.639565
v -130.50046 38.14453 -51.723457
v -131.04245 37.180542 -51.639565
v -131.01901 37.20215 -51.723366
v -130.14792 39.25586 -51.730637
v -131.70944 36.378784 -51.639565
v -140.1362 44.805664 -52.139717
v -138.21237 46.11328 -52.13971
v -139.23581 45.549683 -52.139626
v -137.00534 46.49414 -52.13971
v -135.74655 46.6239 -52.139626
v -133.27975 46.11328 -52.13971
v -134.48679 46.49414 -52.13971
v -132.25632 45.549683 -52.139626
v -131.35593 44.805664 -52.139717
v -130.04831 42.880737 -52.13964
v -130.61081 43.905273 -52.139725
v -129.66647 41.67383 -52.139732
v -129.53757 40.41504 -52.1397
v -129.66647 39.156128 -52.139633
v -130.61081 36.92566 -52.139633
v -130.04831 37.94922 -52.139717
v -131.35593 36.02527 -52.13964
v -81.143036 78.51575 -52.139633
v -38.437958 78.51575 -52.139633
v -38.437958 117.81238 -52.13964
v -81.143036 117.81238 -52.13964
v -38.437958 157.10913 -52.139534
v -81.143036 157.10913 -52.139534
v -81.143036 39.21875 -52.1397
v -123.84909 78.51575 -52.139633
v -123.84909 117.81238 -52.13964
v -166.55417 78.51575 -52.139633
v -166.55417 117.81238 -52.13964
v -209.26024 39.21875 -52.1397
v -166.55417 39.21875 -52.1397
v -209.26024 78.51575 -52.139633
v -209.26024 117.81238 -52.13964
v -209.26024 157.10913 -52.139534
v -251.96532 -39.374023 -52.13971
v -209.26024 -39.374023 -52.13971
v -209.26024 -0.07775879 -52.139626
v -251.96532 -0.07775879 -52.139626
v -251.96532 39.21875 -52.1397
v -251.96532 78.51575 -52.139633
v -251.96532 117.81238 -52.13964
v -251.96532 157.10913 -52.139534
v -294.6714 -78.67078 -52.139603
v -251.96532 -78.67078 -52.139603
v -294.6714 -39.374023 -52.13971
v -294.6714 -0.07775879 -52.139626
v -294.6714 39.21875 -52.1397
v -294.6714 78.51575 -52.139633
v -294.6714 117.81238 -52.13964
v -294.6714 157.10913 -52.139534
v -337.37744 -117.96716 -52.139572
v -294.6714 -117.96716 -52.139572
v -337.37744 -78.67078 -52.139603
v -337.37744 -39.374023 -52.13971
v -337.37744 -0.07775879 -52.139626
v -337.37744 39.21875 -52.1397
v -337.37744 78.51575 -52.139633
v -337.37744 117.81238 -52.13964
v -337.37744 157.10913 -52.139534
v -380.08252 -117.96716 -52.139572
v -380.08252 -78.67078 -52.139603
v -380.08252 -39.374023 -52.13971
v -380.08252 -0.07775879 -52.139626
v -380.08252 78.51575 -52.139633
v -380.08252 117.81238 -52.13964
v -77.62155 26.127441 -52.139595
v -70.05612 30.809937 -52.13964
v -62.216278 34.871582 -52.13971
v -45.935028 41.36023 -52.139626
v -53.105927 38.816284 -52.139633
v -38.663544 43.51465 -52.13971
v -100.20651 10.991577 -52.13964
v -123.84909 39.21875 -52.1397
v -131.35593 36.02527 -52.13964
v -148.05222 19.329102 -52.139717
v -130.61081 36.92566 -52.139633
v -129.53757 40.41504 -52.1397
v -129.66647 39.156128 -52.139633
v -130.04831 37.94922 -52.139717
v -129.66647 41.67383 -52.139732
v -32.42624 45.12317 -52.139633
v -130.04831 42.880737 -52.13964
v -24.128387 46.899414 -52.139717
v -14.975067 48.262695 -52.13971
v 0.0005187988 67.50488 -52.139725
v -10.021942 48.72461 -52.13971
v -130.61081 43.905273 -52.139725
v -131.35593 44.805664 -52.139717
v -133.27975 46.11328 -52.13971
v -132.25632 45.549683 -52.139626
v -134.48679 46.49414 -52.13971
v -135.74655 46.6239 -52.139626
v -151.18307 17.640137 -52.139595
v -152.44186 17.510254 -52.139732
v -166.55417 -0.07775879 -52.139626
v -153.70065 17.640137 -52.139595
v -148.95163 18.584473 -52.139732
v -149.97604 18.021484 -52.139725
v -165.39108 -34.20166 -52.139725
v -154.90768 18.021484 -52.139725
v -155.9321 18.584473 -52.139732
v -158.52097 22.460327 -52.139633
v -156.83249 19.329102 -52.139717
v -157.57663 20.229492 -52.13971
v -156.83249 28.109253 -52.13964
v -140.1362 44.805664 -52.139717
v -138.21237 46.11328 -52.13971
v -139.23581 45.549683 -52.139626
v -137.00534 46.49414 -52.13971
v -158.1401 21.253418 -52.139717
v -158.65085 23.719238 -52.1397
v -158.1401 26.185547 -52.13971
v -157.57663 27.208984 -52.139595
v -158.52097 24.978638 -52.139633
v 0.0005187988 49.09082 -52.13971
v 0.0005187988 85.91882 -52.139633
v 0.0005187988 104.33386 -52.13964
v 0.0005187988 122.74817 -52.139633
v -129.66647 137.33594 -52.139725
v -130.61081 135.10547 -52.139725
v -131.35593 134.20496 -52.139633
v -132.25632 133.45996 -52.139725
v 0.0005187988 141.16187 -52.139664
v -130.04831 136.1289 -52.13971
v 0.0005187988 196.40625 -52.139633
v 0.0005187988 159.5769 -52.13967
v 0.0005187988 177.99121 -52.139626
v -151.18307 161.37012 -52.139626
v -129.53757 138.59448 -52.13954
v -130.04831 141.06152 -52.139626
v -129.66647 139.85425 -52.13967
v -131.35593 142.9851 -52.139664
v -130.61081 142.08472 -52.13967
v -148.05222 159.68066 -52.139633
v -134.48679 132.51563 -52.139687
v -135.74655 132.38574 -52.139725
v -137.00534 132.51563 -52.139687
v -133.27975 132.89648 -52.139687
v -138.21237 132.89648 -52.139687
v -139.23581 133.45996 -52.139725
v -140.1362 134.20496 -52.139633
v -156.83249 150.90015 -52.139664
v -157.57663 151.80054 -52.13955
v -158.1401 152.8252 -52.139633
v -158.52097 154.03198 -52.13955
v -148.95163 160.42554 -52.13954
v -149.97604 160.98926 -52.139626
v -152.44186 161.49976 -52.13954
v -417.687 196.40625 -52.139633
v -154.90768 160.98926 -52.139626
v -153.70065 161.37012 -52.139626
v -158.65085 155.29077 -52.13968
v -158.52097 156.54956 -52.13954
v -156.83249 159.68066 -52.139633
v -155.9321 160.42554 -52.13954
v -158.1401 157.75659 -52.139664
v -157.57663 158.78003 -52.13954
v -346.27783 -161.22205 -52.13958
v -365.79834 17.640137 -52.139595
v -367.05713 17.510254 -52.139732
v -368.31592 17.640137 -52.139595
v -364.5913 18.021484 -52.139725
v -369.52295 18.021484 -52.139725
v -370.54736 18.584473 -52.139732
v -371.44775 19.329102 -52.139717
v -363.56787 18.584473 -52.139732
v -360.84814 23.719238 -52.1397
v -360.97803 22.460327 -52.139633
v -360.97803 24.978638 -52.139633
v -361.3589 26.185547 -52.13971
v -361.92236 27.208984 -52.139595
v -362.6665 19.329102 -52.139717
v -361.92236 20.229492 -52.13971
v -361.3589 21.253418 -52.139717
v -362.66748 28.109253 -52.13964
v -379.3628 44.805664 -52.139717
v -422.78857 -152.85681 -52.13958
v -405.19482 -184.14441 -52.13968
v -396.4458 -196.56042 -52.13967
v -422.78857 -90.282104 -52.13958
v -422.78857 -121.569214 -52.139595
v -422.78857 -58.99475 -52.13955
v -422.78857 3.5800781 -52.13971
v -422.78857 -27.707397 -52.139633
v -388.14307 36.02527 -52.13964
v -422.78857 -184.14441 -52.13968
v -380.26318 45.549683 -52.139626
v -387.24268 45.549683 -52.139626
v -422.78857 66.15515 -52.139633
v -388.14307 44.805664 -52.139717
v -386.21924 46.11328 -52.13971
v -388.88818 43.905273 -52.139725
v -422.78857 34.867676 -52.139725
v -388.88818 36.92566 -52.139633
v -389.45068 37.94922 -52.139717
v -389.83252 39.156128 -52.139633
v -389.96143 40.41504 -52.1397
v -389.83252 41.67383 -52.139732
v -389.45068 42.880737 -52.13964
v -360.97803 154.03198 -52.13955
v -361.3589 152.8252 -52.139633
v -360.84814 155.29077 -52.13968
v -360.97803 156.54956 -52.13954
v -379.3628 134.20496 -52.139633
v -362.66748 150.90015 -52.139664
v -422.78857 128.72949 -52.13971
v -422.78857 97.44238 -52.139725
v -380.26318 133.45996 -52.139725
v -361.92236 151.80054 -52.13955
v -361.3589 157.75659 -52.139664
v -361.92236 158.78003 -52.13954
v -363.56787 160.42554 -52.13954
v -362.6665 159.68066 -52.139633
v -364.5913 160.98926 -52.139626
v -371.44775 159.68066 -52.139633
v -370.54736 160.42554 -52.13954
v -417.687 191.30469 -52.139633
v -365.79834 161.37012 -52.139626
v -369.52295 160.98926 -52.139626
v -368.31592 161.37012 -52.139626
v -367.05713 161.49976 -52.13954
v -382.49365 46.49414 -52.13971
v -383.75342 46.6239 -52.139626
v -382.49365 132.51563 -52.139687
v -383.75342 132.38574 -52.139725
v -381.28662 132.89648 -52.139687
v -381.28662 46.11328 -52.13971
v -385.0122 46.49414 -52.13971
v -385.0122 132.51563 -52.139687
v -386.21924 132.89648 -52.139687
v -387.24268 133.45996 -52.139725
v -388.14307 134.20496 -52.139633
v -388.88818 135.10547 -52.139725
v -388.88818 142.08472 -52.13967
v -388.14307 142.9851 -52.139664
v -422.78857 160.01733 -52.13954
v -389.45068 141.06152 -52.139626
v -389.45068 136.1289 -52.13971
v -389.83252 137.33594 -52.139725
v -389.96143 138.59448 -52.13954
v -389.83252 139.85425 -52.13967
v -422.78857 191.30469 -52.139633
v -426.78857 3.0800781 -48.13958
v -426.78857 191.30469 -48.139626
v -426.78857 191.30469 1.9999428
v -426.78857 -185.14453 35.42641
v -426.78857 -185.14441 18.713223
v -426.78857 191.30444 52.13956
v -426.78857 -185.14441 2.0000877
v -426.78857 -185.14441 -31.426453
v -426.78857 -185.14441 -48.139587
v -426.78857 -185.14441 -14.713203
v -426.78857 -185.14441 52.139606
v -424.3745 -184.88513 -51.811478
v -424.26025 191.30444 -51.85875
v -424.53857 -184.94666 -51.73642
v -424.69482 -185.00037 -51.656296
v -424.2046 -184.81628 -51.880302
v -422.78857 34.867676 -52.139725
v -423.6704 -184.57715 -52.041176
v -423.48877 -184.4906 -52.077713
v -423.85107 -184.66113 -51.995842
v -424.0298 -184.74109 -51.94207
v -423.30908 -184.40283 -52.105583
v -422.78857 -27.707397 -52.139633
v -424.8413 -185.04578 -51.572395
v -425.6167 191.30444 -50.96791
v -426.03076 -185.14441 -50.482117
v -425.43408 -185.14441 -51.139595
v -426.50732 191.30444 -49.61193
v -426.46143 -185.14441 -49.723457
v -425.33545 -185.14063 -51.224136
v -424.97998 -185.0824 -51.486
v -425.22607 -185.12927 -51.310684
v -425.1079 -185.11023 -51.398247
v -426.78857 -185.14441 -48.139587
v -426.78857 3.0800781 -48.13958
v -423.13135 -184.31543 -52.124893
v -422.78857 -58.99475 -52.13955
v -422.78857 -184.14441 -52.13968
v -422.78857 -152.85681 -52.13958
v -422.95752 -184.229 -52.13611
v -422.78857 -90.282104 -52.13958
v -422.78857 -121.569214 -52.139595
v -422.78857 66.15515 -52.139633
v -422.78857 3.5800781 -52.13971
v -422.78857 128.72949 -52.13971
v -422.78857 97.44238 -52.139725
v -422.78857 160.01733 -52.13954
v -422.78857 191.30469 -52.139633
v -426.78857 191.30469 -48.139626
v -208.84325 200.40625 -48.139618
v 0.0005187988 200.40625 -48.139618
v 0.0005187988 200.406 52.139736
v -417.687 200.406 1.9999962
v -417.687 200.40625 -48.139618
v -417.687 200.406 52.139736
v -417.687 196.40625 -52.139633
v 0.0005187988 196.40625 -52.139633
v 0.0005187988 197.87793 -51.85884
v -417.687 197.87793 -51.85884
v -417.687 199.23413 -50.96791
v 0.0005187988 199.23413 -50.96791
v 0.0005187988 200.12476 -49.61207
v -417.687 200.12476 -49.61207
v -417.687 200.40625 -48.139618
v -208.84325 200.40625 -48.139618
v 0.0005187988 200.40625 -48.139618
v -400.33643 -192.77527 -26.069756
v -403.0249 -188.95996 -26.06984
v -403.0249 -188.95996 -0
v -400.33643 -192.77527 0.00008392334
v -403.0249 -188.95984 26.069788
v -400.33643 -192.77527 26.069763
v -403.0249 -188.95996 52.139626
v -400.33643 -192.77539 52.139595
v -397.64795 -196.59082 -26.06984
v -397.64795 -196.59082 -0
v -397.64795 -196.5907 26.069786
v -397.64795 -196.59082 52.139626
v -405.71338 -185.14441 -51.139595
v -405.71338 -185.14441 -33.92643
v -402.38818 -189.86267 -51.13967
v -405.71338 -185.14441 -16.713211
v -399.06396 -194.58093 -51.13958
v -405.71338 -185.14441 0.5000038
v -405.71338 -185.14441 17.713219
v -405.71338 -185.14453 34.926384
v -405.71338 -185.14441 52.139606
v -394.9585 -200.40613 -31.426453
v -395.73877 -199.2992 -51.139656
v -395.39502 -199.78699 -50.48214
v -394.9585 -200.40613 -48.139587
v -394.9585 -200.40613 -14.713211
v -395.14697 -200.13904 -49.72345
v -394.9585 -200.40625 2.000084
v -394.9585 -200.40625 18.713219
v -394.9585 -200.40625 52.139595
v -394.9585 -200.40625 35.426407
v -416.2505 -185.14441 -26.069756
v -421.51904 -185.14441 -26.069756
v -421.51904 -185.14441 0.00008392334
v -416.2505 -185.14441 0.00008392334
v -421.51904 -185.14441 26.069765
v -416.2505 -185.14441 26.069765
v -421.51904 -185.14441 52.139606
v -416.2505 -185.14441 52.139606
v -410.98193 -185.14441 -26.069756
v -410.98193 -185.14441 0.00008392334
v -410.98193 -185.14441 26.069765
v -410.98193 -185.14441 52.139606
v -426.78857 -185.14441 -48.139587
v -426.78857 -185.14441 -31.426453
v -425.43408 -185.14441 -51.139595
v -426.03076 -185.14441 -50.482117
v -426.46143 -185.14441 -49.723457
v -415.57373 -185.14441 -51.139595
v -426.78857 -185.14441 -14.713203
v -426.78857 -185.14441 2.0000877
v -426.78857 -185.14441 18.713223
v -426.78857 -185.14453 35.42641
v -426.78857 -185.14441 52.139606
v -405.71338 -185.14441 -51.139595
v -405.71338 -185.14441 -16.713211
v -405.71338 -185.14441 -33.92643
v -405.71338 -185.14441 0.5000038
v -405.71338 -185.14441 52.139606
v -405.71338 -185.14453 34.926384
v -405.71338 -185.14441 17.713219
v -405.36377 -184.47107 -52.084633
v -405.27783 -184.30554 -52.126488
v -423.30908 -184.40283 -52.105583
v -422.95752 -184.229 -52.13611
v -423.13135 -184.31543 -52.124893
v -405.52588 -184.78357 -51.90869
v -405.44775 -184.63318 -52.011894
v -424.0298 -184.74109 -51.94207
v -423.6704 -184.57715 -52.041176
v -405.59326 -184.91357 -51.77884
v -424.2046 -184.81628 -51.880302
v -405.64697 -185.0166 -51.628662
v -424.53857 -184.94666 -51.73642
v -415.57373 -185.14441 -51.139595
v -405.70654 -185.13135 -51.301018
v -425.22607 -185.12927 -51.310684
v -405.71338 -185.14441 -51.139595
v -425.1079 -185.11023 -51.398247
v -405.68506 -185.08936 -51.466553
v -424.8413 -185.04578 -51.572395
v -423.85107 -184.66113 -51.995842
v -423.48877 -184.4906 -52.077713
v -424.3745 -184.88513 -51.811478
v -424.69482 -185.00037 -51.656296
v -424.97998 -185.0824 -51.486
v -425.33545 -185.14063 -51.224136
v -425.43408 -185.14441 -51.139595
v -400.81787 -191.96924 -51.50773
v -396.17822 -198.10535 -51.880302
v -400.3589 -191.64587 -52.069405
v -396.1372 -198.28406 -51.811462
v -396.09326 -198.45349 -51.73642
v -396.21826 -197.91931 -51.94204
v -396.3247 -197.33301 -52.07775
v -396.2915 -197.53076 -52.04117
v -396.25537 -197.72705 -51.99585
v -396.35693 -197.13525 -52.105583
v -399.06396 -194.58093 -51.13958
v -395.79346 -199.21631 -51.224037
v -395.8462 -199.1211 -51.310585
v -395.73877 -199.2992 -51.139656
v -395.89893 -199.01318 -51.39834
v -395.9995 -198.75818 -51.57232
v -396.04736 -198.61182 -51.65628
v -395.9497 -198.89197 -51.4859
v -396.38818 -196.93945 -52.124893
v -396.41748 -196.74756 -52.136017
v -396.4458 -196.56042 -52.13967
v -405.59326 -184.91357 -51.77884
v -405.44775 -184.63318 -52.011894
v -405.52588 -184.78357 -51.90869
v -405.19482 -184.14441 -52.13968
v -405.27783 -184.30554 -52.126488
v -405.36377 -184.47107 -52.084633
v -402.38818 -189.86267 -51.13967
v -405.70654 -185.13135 -51.301018
v -405.64697 -185.0166 -51.628662
v -405.68506 -185.08936 -51.466553
v -91.08249 15.087891 0.06270218
v -91.08249 15.087769 -25.975746
v -90.66159 14.465332 -25.975868
v -90.66159 14.46521 0.06267929
v -91.08249 15.087891 26.101149
v -90.66159 14.465332 26.10114
v -90.239716 13.842285 -25.97586
v -90.239716 13.842285 0.062698364
v -90.239716 13.842163 26.101143
v -91.50339 15.710449 -34.655434
v -90.94968 14.89209 -51.61441
v -91.50339 15.710449 -52.01429
v -91.50339 15.710449 -17.296303
v -90.70065 14.523315 -51.319557
v -90.47507 14.19043 -50.968086
v -91.50339 15.710449 0.06260681
v -91.50339 15.710449 34.780594
v -91.50339 15.710449 17.421577
v -91.50339 15.710327 52.13961
v -89.81882 13.219727 52.139633
v -89.81882 13.219727 -31.426414
v -89.989716 13.472168 -49.67032
v -89.861786 13.283691 -48.919914
v -89.81882 13.219727 -48.139717
v -89.82956 13.235718 -48.531654
v -89.82175 13.224121 -48.3359
v -89.81979 13.221191 -48.237694
v -89.81882 13.219727 -14.713181
v -89.81882 13.2196045 2.0000114
v -89.81882 13.2196045 18.713142
v -89.81882 13.219727 35.426445
v -23.1362 46.070313 52.13959
v -19.363739 46.686523 -52.014297
v -23.1362 46.070313 -52.014427
v -15.57663 47.192383 -52.01429
v -15.57663 47.19226 52.139614
v -14.863739 47.275513 -52.014328
v -13.205536 47.45117 -52.01429
v -13.205536 47.45105 52.139614
v 0.0005187988 48.09668 -52.014427
v -8.2612 47.848633 -52.014442
v 0.0005187988 48.096558 0.062576294
v -32.19284 44.157227 -52.014297
v -32.78366 44.01367 -52.014435
v -32.78366 44.01367 52.13963
v -35.885223 43.22754 52.13959
v -35.885223 43.22754 -52.014427
v -35.921356 43.21765 -52.014305
v -60.132294 34.750977 -52.014435
v -61.78952 33.97461 -52.014442
v -60.052216 34.787598 52.13959
v -37.961395 42.67578 -52.01429
v -38.401825 42.55664 -52.01438
v -37.961395 42.67578 52.139618
v -43.13034 41.197144 52.139626
v -43.13034 41.197266 -52.014442
v -45.63034 40.414917 -52.014305
v -49.08249 39.249023 -52.01429
v -52.03073 38.166016 -52.014435
v -52.03073 38.166016 52.139637
v -46.106903 40.260742 -52.014435
v -46.106903 40.260742 52.139637
v -56.375458 36.414063 -52.01442
v -60.052216 34.787598 -52.014427
v -52.745575 37.88965 -52.014282
v -8.2612 47.84851 52.13963
v 0.0005187988 48.09668 52.139587
v -23.9487 45.92273 -52.014313
v -26.645966 45.39734 52.139614
v -26.645966 45.39746 -52.01429
v -30.074677 44.654297 -52.014435
v -9.9487 47.734375 -52.014297
v -19.363739 46.686523 52.13961
v -30.074677 44.654297 52.139637
v -62.850067 33.46521 52.13963
v -62.850067 33.465332 -52.014435
v -53.89206 37.438477 52.139614
v -63.437958 33.178345 -52.01432
v -49.08249 39.2489 52.139614
v -53.89206 37.438477 -52.014297
v -64.50339 32.651367 52.139618
v -64.254364 32.77539 -52.014282
v -66.15964 31.811401 -52.014442
v -67.02292 31.360352 -31.688179
v -66.123505 31.830688 -52.014328
v -67.76413 30.960571 -52.014328
v -67.57077 31.066406 -31.688156
v -67.57077 31.066406 -52.014427
v -67.02292 31.360352 -52.01429
v -67.23874 31.245117 -52.01442
v -68.47604 30.566772 -52.014442
v -68.28757 30.671875 -52.014427
v -68.924286 30.313965 -52.01442
v -68.47604 30.566772 52.139626
v -69.53171 29.966187 52.139614
v -69.53171 29.966309 -52.01429
v -64.50339 32.651367 -52.01429
v -65.06882 32.367676 -52.01442
v -81.61667 22.330444 -52.014313
v -81.37741 22.488281 52.139606
v -81.37741 22.48816 -52.014305
v -69.558075 29.950195 -52.014435
v -71.273895 28.936035 -52.014435
v -72.330536 28.293335 52.139614
v -72.330536 28.293457 -52.014282
v -72.97897 27.893555 -52.01438
v -73.907684 27.314453 -52.01442
v -73.907684 27.314453 52.139595
v -77.6069 24.954102 -52.014282
v -84.898895 20.150879 52.139637
v -85.523895 19.733398 -52.014442
v -89.42038 17.117188 -52.014297
v -77.08249 25.29248 -52.014427
v -77.6069 24.95398 52.139614
v -91.50339 15.710449 -52.01429
v -91.50339 15.710449 -34.655434
v -75.61569 26.233887 -52.01442
v -75.61569 26.233887 52.1396
v -65.217255 32.29297 52.139595
v -65.217255 32.29297 -52.01442
v -66.123505 31.830444 52.139618
v -67.57077 31.066406 31.813427
v -67.02292 31.360352 31.81335
v -67.57077 31.066406 52.139637
v -67.02292 31.36023 52.139614
v -84.898895 20.150879 -52.014427
v -91.50339 15.710449 -17.296303
v -91.50339 15.710449 0.06260681
v -91.50339 15.710449 17.421577
v -91.50339 15.710449 34.780594
v -75.035614 26.602905 -52.014305
v -91.50339 15.710327 52.13961
v 164.95361 -34.828125 -52.06597
v 99.77588 10.36084 -52.065987
v 99.3501 9.737305 -51.839752
v 164.521 -35.447266 -51.839752
v 98.947754 9.149414 -51.459076
v 164.11377 -36.03125 -51.45916
v 98.595215 8.632324 -50.938507
v 163.75537 -36.544434 -50.93853
v 98.30908 8.213867 -50.302536
v 163.46436 -36.960083 -50.30255
v 98.10498 7.915039 -49.593536
v 163.25732 -37.256348 -49.5934
v 97.98779 7.743042 -48.858055
v 163.13818 -37.427246 -48.858185
v 345.83838 -161.84717 -52.06597
v 345.4038 -162.46472 -51.839706
v 344.99365 -163.04724 -51.459145
v 344.6333 -163.55908 -50.938477
v 344.3413 -163.97351 -50.302544
v 344.1333 -164.26892 -49.593445
v 344.01318 -164.43982 -48.85817
v 10.02298 48.72461 -52.13971
v 0.0005187988 49.09082 -52.13971
v 23.990753 46.148315 -52.065903
v 24.128448 46.899414 -52.139717
v 14.976105 48.262695 -52.13971
v 32.24759 44.37976 -52.065903
v 32.4263 45.12317 -52.139633
v 45.700714 40.63379 -52.06598
v 45.936066 41.36023 -52.139626
v 38.663605 43.51465 -52.13971
v 52.82962 38.103516 -52.06598
v 53.105988 38.816284 -52.139633
v 8.261261 47.848633 -52.014442
v 13.205597 47.45117 -52.01429
v 14.864777 47.275513 -52.014328
v 26.647003 45.39746 -52.01429
v 32.1929 44.157227 -52.014297
v 32.783722 44.01367 -52.014435
v 23.136261 46.070313 -52.014427
v 23.948761 45.92273 -52.014313
v 35.885284 43.22754 -52.014427
v 19.364777 46.686523 -52.014297
v 49.08255 39.249023 -52.01429
v 46.10794 40.260742 -52.014435
v 45.6304 40.414917 -52.014305
v 43.13138 41.197266 -52.014442
v 38.401886 42.55664 -52.01438
v 52.030792 38.166016 -52.014435
v 52.746613 37.88965 -52.014282
v 37.961456 42.67578 -52.01429
v 61.88919 34.18164 -52.066
v 62.217316 34.871582 -52.13971
v 9.948761 47.734375 -52.014297
v 56.376495 36.414063 -52.01442
v 65.069855 32.367676 -52.01442
v 64.50345 32.651367 -52.01429
v 64.2554 32.77539 -52.014282
v 61.790558 33.97461 -52.014442
v 62.85013 33.465332 -52.014435
v 69.67337 30.148438 -52.06597
v 70.05618 30.809937 -52.13964
v 60.052277 34.787598 -52.014427
v 77.20752 25.48523 -52.06591
v 77.62158 26.127441 -52.139595
v 72.979004 27.893555 -52.01438
v 73.90869 27.314453 -52.01442
v 66.12454 31.830688 -52.014328
v 84.898926 20.150879 -52.014427
v 81.6167 22.330444 -52.014313
v 71.2749 28.936035 -52.014435
v 72.33057 28.293457 -52.014282
v 60.13333 34.750977 -52.014435
v 63.438995 33.178345 -52.01432
v 66.160675 31.811401 -52.014442
v 67.76517 30.960571 -52.014328
v 67.57083 31.066406 -52.014427
v 67.02298 31.360352 -52.01429
v 53.89212 37.438477 -52.014297
v 77.083496 25.29248 -52.014427
v 77.60693 24.954102 -52.014282
v 81.37842 22.48816 -52.014305
v 69.55911 29.950195 -52.014435
v 68.288605 30.671875 -52.014427
v 75.6167 26.233887 -52.01442
v 69.53177 29.966309 -52.01429
v 68.92532 30.313965 -52.01442
v 65.217316 32.29297 -52.01442
v 85.523926 19.733398 -52.014442
v 68.47708 30.566772 -52.014442
v 0.0005187988 48.09668 -52.014427
v 15.577667 47.192383 -52.01429
v 30.075714 44.654297 -52.014435
v 35.921417 43.21765 -52.014305
v 67.23978 31.245117 -52.01442
v 75.035645 26.602905 -52.014305
v 100.20752 10.991577 -52.13964
v 89.42041 17.117188 -52.014297
v 91.504395 15.710449 -52.01429
v 90.95068 14.89209 -51.61441
v 165.39111 -34.20166 -52.139725
v 346.2788 -161.22205 -52.13958
v 396.38818 -196.93945 -52.124893
v 90.70068 14.523315 -51.319557
v 90.476074 14.19043 -50.968086
v 395.79346 -199.21631 -51.224037
v 396.04834 -198.61182 -51.65628
v 396.25635 -197.72705 -51.99585
v 396.41748 -196.74756 -52.136017
v 396.32568 -197.33301 -52.07775
v 396.3579 -197.13525 -52.105583
v 396.2915 -197.53076 -52.04117
v 396.1792 -198.10535 -51.880302
v 396.21826 -197.91931 -51.94204
v 396.1372 -198.28406 -51.811462
v 396.09424 -198.45349 -51.73642
v 395.95068 -198.89197 -51.4859
v 396.0005 -198.75818 -51.57232
v 395.8999 -199.01318 -51.39834
v 395.84717 -199.1211 -51.310585
v 395.396 -199.78699 -50.48214
v 395.73975 -199.2992 -51.139656
v 396.4458 -196.56042 -52.13967
v 89.82178 13.224121 -48.3359
v 100.32959 6.062378 -48.139626
v 89.83057 13.235718 -48.531654
v 89.819824 13.221191 -48.237694
v 89.86279 13.283691 -48.919914
v 89.989746 13.472168 -49.67032
v 119.970215 -7.4682617 -48.13958
v 135.8794 -18.506348 -48.139717
v 89.819824 13.219727 -48.139717
v 90.8042 12.553711 -48.139717
v 112.11279 -2.0390625 -48.13971
v 154.78076 -31.672852 -48.13958
v 165.87354 -39.417603 -48.139587
v 176.9624 -47.169434 -48.139572
v 189.8374 -56.181152 -48.139656
v 202.7085 -65.19873 -48.139656
v 217.51025 -75.57764 -48.139656
v 250.28857 -98.58923 -48.139587
v 268.26514 -111.222534 -48.139656
v 232.3081 -85.96228 -48.139565
v 395.14795 -200.13904 -49.72345
v 286.23877 -123.86023 -48.139603
v 304.2085 -136.50195 -48.139587
v 372.27588 -184.42468 -48.139595
v 315.55518 -144.48633 -48.139587
v 326.90088 -152.47156 -48.13958
v 338.2456 -160.45837 -48.139565
v 349.58936 -168.44617 -48.139664
v 360.9331 -176.43494 -48.13965
v 383.61768 -192.41492 -48.13961
v 394.95947 -200.40613 -48.139587
v 394.95947 -200.40613 -48.139587
v 383.61768 -192.41492 -48.13961
v 394.95947 -200.40613 -31.426453
v 372.27588 -184.42468 -48.139595
v 394.95947 -200.40625 18.713219
v 360.9331 -176.43494 -48.13965
v 349.58936 -168.44617 -48.139664
v 394.95947 -200.40625 52.139595
v 338.2456 -160.45837 -48.139565
v 304.2085 -136.50183 52.139618
v 326.90088 -152.47156 -48.13958
v 315.55518 -144.48633 -48.139587
v 304.2085 -136.50195 -48.139587
v 286.23877 -123.86023 -48.139603
v 268.26514 -111.222534 -48.139656
v 250.28857 -98.58923 -48.139587
v 232.3081 -85.9624 52.139618
v 394.95947 -200.40613 -14.713211
v 394.95947 -200.40625 2.000084
v 394.95947 -200.40625 35.426407
v 232.3081 -85.96228 -48.139565
v 217.51025 -75.57764 -48.139656
v 202.7085 -65.19873 -48.139656
v 202.7085 -65.19873 52.13959
v 189.8374 -56.181152 -48.139656
v 176.9624 -47.169556 52.139614
v 176.9624 -47.169434 -48.139572
v 165.87354 -39.417603 -48.139587
v 154.78076 -31.672852 52.13961
v 154.78076 -31.672852 -48.13958
v 135.8794 -18.506348 -48.139717
v 119.970215 -7.4682617 -48.13958
v 119.970215 -7.4682617 -19.856613
v 112.11279 -2.0390625 -48.13971
v 112.11279 -2.0389404 -19.85662
v 135.8794 -18.506348 52.139633
v 100.32959 6.062378 -48.139626
v 90.8042 12.553711 -48.139717
v 90.8042 12.553711 -44.619392
v 100.32959 6.062378 -14.00441
v 89.819824 13.219727 -31.426414
v 89.819824 13.219727 -14.713181
v 89.819824 13.219727 -48.139717
v 112.11279 -2.0390625 52.13959
v 119.970215 -7.4682617 52.13961
v 100.32959 6.062378 52.13962
v 89.819824 13.219727 35.426445
v 90.8042 12.553711 48.619366
v 89.819824 13.2196045 18.713142
v 89.819824 13.219727 52.139633
v 89.819824 13.2196045 2.0000114
v 405.59424 -184.91357 -51.77884
v 396.1372 -198.28406 -51.811462
v 396.09424 -198.45349 -51.73642
v 396.1792 -198.10535 -51.880302
v 405.44873 -184.63318 -52.011894
v 396.2915 -197.53076 -52.04117
v 396.25635 -197.72705 -51.99585
v 396.21826 -197.91931 -51.94204
v 405.52686 -184.78357 -51.90869
v 405.36475 -184.47107 -52.084633
v 396.32568 -197.33301 -52.07775
v 395.79346 -199.21631 -51.224037
v 400.72705 -192.22156 -51.139664
v 395.84717 -199.1211 -51.310585
v 395.73975 -199.2992 -51.139656
v 405.70654 -185.13135 -51.301018
v 395.8999 -199.01318 -51.39834
v 396.04834 -198.61182 -51.65628
v 396.0005 -198.75818 -51.57232
v 405.64697 -185.0166 -51.628662
v 405.68506 -185.08936 -51.466553
v 395.95068 -198.89197 -51.4859
v 396.3579 -197.13525 -52.105583
v 396.4458 -196.56042 -52.13967
v 396.41748 -196.74756 -52.136017
v 400.8208 -190.35242 -52.139534
v 396.38818 -196.93945 -52.124893
v 405.19482 -184.14441 -52.13968
v 405.2788 -184.30554 -52.126488
v 405.71338 -185.14441 -51.139595
v 405.2788 -184.30554 -52.126488
v 405.36475 -184.47107 -52.084633
v 423.30908 -184.40283 -52.105583
v 422.95752 -184.229 -52.13611
v 405.19482 -184.14441 -52.13968
v 423.13135 -184.31543 -52.124893
v 405.44873 -184.63318 -52.011894
v 405.52686 -184.78357 -51.90869
v 424.03076 -184.74109 -51.94207
v 423.6714 -184.57715 -52.041176
v 422.78857 -184.14441 -52.13968
v 405.59424 -184.91357 -51.77884
v 424.20557 -184.81628 -51.880302
v 405.64697 -185.0166 -51.628662
v 424.53857 -184.94666 -51.73642
v 405.70654 -185.13135 -51.301018
v 415.57373 -185.14441 -51.139595
v 425.22705 -185.12927 -51.310684
v 405.71338 -185.14441 -51.139595
v 425.1089 -185.11023 -51.398247
v 405.68506 -185.08936 -51.466553
v 424.8423 -185.04578 -51.572395
v 423.85205 -184.66113 -51.995842
v 423.48975 -184.4906 -52.077713
v 424.3755 -184.88513 -51.811478
v 424.69482 -185.00037 -51.656296
v 424.97998 -185.0824 -51.486
v 425.33545 -185.14063 -51.224136
v 425.43408 -185.14441 -51.139595
v 421.52002 -185.14441 0.00008392334
v 421.52002 -185.14441 -26.069756
v 416.25146 -185.14441 -26.069756
v 416.25146 -185.14441 0.00008392334
v 421.52002 -185.14441 26.069765
v 416.25146 -185.14441 26.069765
v 421.52002 -185.14441 52.139606
v 416.25146 -185.14441 52.139606
v 410.9829 -185.14441 -26.069756
v 410.9829 -185.14441 0.00008392334
v 410.9829 -185.14441 26.069765
v 410.9829 -185.14441 52.139606
v 426.78857 -185.14441 -31.426453
v 426.78857 -185.14441 -48.139587
v 425.43408 -185.14441 -51.139595
v 426.03076 -185.14441 -50.482117
v 426.46143 -185.14441 -49.723457
v 415.57373 -185.14441 -51.139595
v 426.78857 -185.14441 -14.713203
v 426.78857 -185.14441 2.0000877
v 426.78857 -185.14441 18.713223
v 426.78857 -185.14453 35.42641
v 426.78857 -185.14441 52.139606
v 405.71338 -185.14441 -51.139595
v 405.71338 -185.14441 -16.713211
v 405.71338 -185.14441 -33.92643
v 405.71338 -185.14441 0.5000038
v 405.71338 -185.14453 34.926384
v 405.71338 -185.14441 52.139606
v 405.71338 -185.14441 17.713219
v 417.688 191.30469 -52.139633
v 422.78857 191.30469 -52.139633
v 417.688 191.30469 -0.000061035156
v 426.78857 191.30469 1.9999428
v 426.78857 191.30444 52.13956
v 417.688 191.30444 52.13956
v 424.26123 191.30444 -51.85875
v 425.61768 191.30444 -50.96791
v 426.5083 191.30444 -49.61193
v 426.78857 191.30469 -48.139626
v 417.688 200.12476 -49.61207
v 417.688 199.23413 -50.96791
v 417.688 200.40625 -48.139618
v 417.688 200.406 1.9999962
v 417.688 191.30469 -0.000061035156
v 417.688 191.30444 52.13956
v 417.688 200.406 52.139736
v 417.688 197.87793 -51.85884
v 417.688 196.40625 -52.139633
v 417.688 191.30469 -52.139633
v 0.0005187988 197.87793 -51.85884
v 417.688 196.40625 -52.139633
v 417.688 197.87793 -51.85884
v 0.0005187988 200.12476 -49.61207
v 0.0005187988 199.23413 -50.96791
v 417.688 199.23413 -50.96791
v 417.688 200.12476 -49.61207
v 417.688 200.40625 -48.139618
v 208.84424 200.40625 -48.139618
v 0.0005187988 200.40625 -48.139618
v 424.26123 191.30444 -51.85875
v 424.3755 -184.88513 -51.811478
v 424.53857 -184.94666 -51.73642
v 424.69482 -185.00037 -51.656296
v 424.20557 -184.81628 -51.880302
v 423.6714 -184.57715 -52.041176
v 422.78857 34.867676 -52.139725
v 423.48975 -184.4906 -52.077713
v 423.85205 -184.66113 -51.995842
v 424.03076 -184.74109 -51.94207
v 422.78857 -27.707397 -52.139633
v 423.30908 -184.40283 -52.105583
v 424.8423 -185.04578 -51.572395
v 426.03076 -185.14441 -50.482117
v 425.61768 191.30444 -50.96791
v 425.43408 -185.14441 -51.139595
v 426.46143 -185.14441 -49.723457
v 426.5083 191.30444 -49.61193
v 425.33545 -185.14063 -51.224136
v 424.97998 -185.0824 -51.486
v 425.22705 -185.12927 -51.310684
v 425.1089 -185.11023 -51.398247
v 426.78857 -185.14441 -48.139587
v 426.78857 3.0800781 -48.13958
v 422.78857 -58.99475 -52.13955
v 423.13135 -184.31543 -52.124893
v 422.78857 -152.85681 -52.13958
v 422.78857 -184.14441 -52.13968
v 422.95752 -184.229 -52.13611
v 422.78857 -90.282104 -52.13958
v 422.78857 -121.569214 -52.139595
v 422.78857 66.15515 -52.139633
v 422.78857 3.5800781 -52.13971
v 422.78857 128.72949 -52.13971
v 422.78857 97.44238 -52.139725
v 422.78857 160.01733 -52.13954
v 422.78857 191.30469 -52.139633
v 426.78857 191.30469 -48.139626
v 38.43802 117.81238 -52.13964
v 38.43802 78.51575 -52.139633
v 81.14404 78.51575 -52.139633
v 81.14404 117.81238 -52.13964
v 38.43802 157.10913 -52.139534
v 81.14404 157.10913 -52.139534
v 81.14404 39.21875 -52.1397
v 123.84912 78.51575 -52.139633
v 123.84912 117.81238 -52.13964
v 166.55518 78.51575 -52.139633
v 166.55518 117.81238 -52.13964
v 166.55518 39.21875 -52.1397
v 209.26025 39.21875 -52.1397
v 209.26025 78.51575 -52.139633
v 209.26025 117.81238 -52.13964
v 209.26025 157.10913 -52.139534
v 209.26025 -0.07775879 -52.139626
v 209.26025 -39.374023 -52.13971
v 251.96631 -39.374023 -52.13971
v 251.96631 -0.07775879 -52.139626
v 251.96631 39.21875 -52.1397
v 251.96631 78.51575 -52.139633
v 251.96631 117.81238 -52.13964
v 251.96631 157.10913 -52.139534
v 251.96631 -78.67078 -52.139603
v 294.6714 -78.67078 -52.139603
v 294.6714 -39.374023 -52.13971
v 294.6714 -0.07775879 -52.139626
v 294.6714 39.21875 -52.1397
v 294.6714 78.51575 -52.139633
v 294.6714 117.81238 -52.13964
v 294.6714 157.10913 -52.139534
v 294.6714 -117.96716 -52.139572
v 337.37744 -117.96716 -52.139572
v 337.37744 -78.67078 -52.139603
v 337.37744 -39.374023 -52.13971
v 337.37744 -0.07775879 -52.139626
v 337.37744 39.21875 -52.1397
v 337.37744 78.51575 -52.139633
v 337.37744 117.81238 -52.13964
v 337.37744 157.10913 -52.139534
v 380.0835 -117.96716 -52.139572
v 380.0835 -78.67078 -52.139603
v 380.0835 -39.374023 -52.13971
v 380.0835 -0.07775879 -52.139626
v 380.0835 78.51575 -52.139633
v 380.0835 117.81238 -52.13964
v 70.05618 30.809937 -52.13964
v 77.62158 26.127441 -52.139595
v 62.217316 34.871582 -52.13971
v 45.936066 41.36023 -52.139626
v 53.105988 38.816284 -52.139633
v 38.663605 43.51465 -52.13971
v 100.20752 10.991577 -52.13964
v 123.84912 39.21875 -52.1397
v 131.35693 36.02527 -52.13964
v 148.05225 19.329102 -52.139717
v 130.61182 36.92566 -52.139633
v 129.5376 40.41504 -52.1397
v 129.66748 39.156128 -52.139633
v 130.04834 37.94922 -52.139717
v 129.66748 41.67383 -52.139732
v 32.4263 45.12317 -52.139633
v 130.04834 42.880737 -52.13964
v 24.128448 46.899414 -52.139717
v 14.976105 48.262695 -52.13971
v 10.02298 48.72461 -52.13971
v 130.61182 43.905273 -52.139725
v 131.35596 44.805664 -52.139717
v 132.25732 45.549683 -52.139626
v 133.28076 46.11328 -52.13971
v 134.4878 46.49414 -52.13971
v 135.74658 46.6239 -52.139626
v 152.44287 17.510254 -52.139732
v 151.1831 17.640137 -52.139595
v 166.55518 -0.07775879 -52.139626
v 153.70166 17.640137 -52.139595
v 148.95264 18.584473 -52.139732
v 149.97607 18.021484 -52.139725
v 165.39111 -34.20166 -52.139725
v 154.90869 18.021484 -52.139725
v 155.93213 18.584473 -52.139732
v 158.52197 22.460327 -52.139633
v 156.83252 19.329102 -52.139717
v 157.57764 20.229492 -52.13971
v 156.83252 28.109253 -52.13964
v 157.57764 27.208984 -52.139595
v 137.00537 46.49414 -52.13971
v 138.2124 46.11328 -52.13971
v 139.23682 45.549683 -52.139626
v 140.1372 44.805664 -52.139717
v 158.14014 21.253418 -52.139717
v 158.65186 23.719238 -52.1397
v 158.14014 26.185547 -52.13971
v 158.52197 24.978638 -52.139633
v 129.66748 137.33594 -52.139725
v 131.35596 134.20496 -52.139633
v 130.61182 135.10547 -52.139725
v 132.25732 133.45996 -52.139725
v 130.04834 136.1289 -52.13971
v 151.1831 161.37012 -52.139626
v 129.5376 138.59448 -52.13954
v 129.66748 139.85425 -52.13967
v 130.04834 141.06152 -52.139626
v 130.61182 142.08472 -52.13967
v 131.35693 142.9851 -52.139664
v 148.05225 159.68066 -52.139633
v 134.4878 132.51563 -52.139687
v 135.74658 132.38574 -52.139725
v 137.00537 132.51563 -52.139687
v 133.28076 132.89648 -52.139687
v 138.2124 132.89648 -52.139687
v 139.23682 133.45996 -52.139725
v 140.1372 134.20496 -52.139633
v 156.83252 150.90015 -52.139664
v 158.14014 152.8252 -52.139633
v 157.57764 151.80054 -52.13955
v 158.52197 154.03198 -52.13955
v 148.95264 160.42554 -52.13954
v 149.97607 160.98926 -52.139626
v 152.44287 161.49976 -52.13954
v 417.688 196.40625 -52.139633
v 154.90869 160.98926 -52.139626
v 153.70166 161.37012 -52.139626
v 158.65186 155.29077 -52.13968
v 158.52197 156.54956 -52.13954
v 155.93213 160.42554 -52.13954
v 156.83252 159.68066 -52.139633
v 157.57764 158.78003 -52.13954
v 158.14014 157.75659 -52.139664
v 346.2788 -161.22205 -52.13958
v 365.79834 17.640137 -52.139595
v 367.0581 17.510254 -52.139732
v 368.3169 17.640137 -52.139595
v 364.5913 18.021484 -52.139725
v 370.54736 18.584473 -52.139732
v 369.52393 18.021484 -52.139725
v 371.44775 19.329102 -52.139717
v 363.56787 18.584473 -52.139732
v 360.97803 22.460327 -52.139633
v 360.84912 23.719238 -52.1397
v 360.97803 24.978638 -52.139633
v 361.35986 26.185547 -52.13971
v 361.92236 27.208984 -52.139595
v 361.35986 21.253418 -52.139717
v 361.92236 20.229492 -52.13971
v 362.66748 19.329102 -52.139717
v 362.66748 28.109253 -52.13964
v 379.3628 44.805664 -52.139717
v 400.8208 -190.35242 -52.139534
v 396.4458 -196.56042 -52.13967
v 422.78857 -121.569214 -52.139595
v 422.78857 -90.282104 -52.13958
v 422.78857 -58.99475 -52.13955
v 422.78857 -27.707397 -52.139633
v 422.78857 3.5800781 -52.13971
v 422.78857 -152.85681 -52.13958
v 388.88818 36.92566 -52.139633
v 388.14404 36.02527 -52.13964
v 422.78857 34.867676 -52.139725
v 422.78857 66.15515 -52.139633
v 387.24365 45.549683 -52.139626
v 388.14404 44.805664 -52.139717
v 386.21924 46.11328 -52.13971
v 388.88818 43.905273 -52.139725
v 389.45166 37.94922 -52.139717
v 389.83252 39.156128 -52.139633
v 389.83252 41.67383 -52.139732
v 389.9624 40.41504 -52.1397
v 389.45166 42.880737 -52.13964
v 380.26318 45.549683 -52.139626
v 360.97803 154.03198 -52.13955
v 361.35986 152.8252 -52.139633
v 360.84912 155.29077 -52.13968
v 360.97803 156.54956 -52.13954
v 379.3628 134.20496 -52.139633
v 362.66748 150.90015 -52.139664
v 422.78857 97.44238 -52.139725
v 422.78857 128.72949 -52.13971
v 380.26318 133.45996 -52.139725
v 361.92236 151.80054 -52.13955
v 361.35986 157.75659 -52.139664
v 361.92236 158.78003 -52.13954
v 362.66748 159.68066 -52.139633
v 363.56787 160.42554 -52.13954
v 364.5913 160.98926 -52.139626
v 370.54736 160.42554 -52.13954
v 371.44775 159.68066 -52.139633
v 417.688 191.30469 -52.139633
v 365.79834 161.37012 -52.139626
v 368.3169 161.37012 -52.139626
v 369.52393 160.98926 -52.139626
v 367.0581 161.49976 -52.13954
v 382.49463 46.49414 -52.13971
v 383.75342 46.6239 -52.139626
v 382.49463 132.51563 -52.139687
v 383.75342 132.38574 -52.139725
v 381.2876 132.89648 -52.139687
v 381.2876 46.11328 -52.13971
v 385.0122 46.49414 -52.13971
v 385.0122 132.51563 -52.139687
v 386.21924 132.89648 -52.139687
v 387.24365 133.45996 -52.139725
v 388.14404 134.20496 -52.139633
v 388.88818 135.10547 -52.139725
v 388.14404 142.9851 -52.139664
v 388.88818 142.08472 -52.13967
v 422.78857 160.01733 -52.13954
v 389.45166 141.06152 -52.139626
v 389.45166 136.1289 -52.13971
v 389.83252 137.33594 -52.139725
v 389.9624 138.59448 -52.13954
v 389.83252 139.85425 -52.13967
v 422.78857 191.30469 -52.139633
v 387.79053 36.378906 -50.33438
v 386.74658 35.33484 -50.33432
v 386.74658 35.33496 -51.639595
v 387.79053 36.378784 -51.639565
v 385.70264 34.291504 -50.33438
v 384.65967 33.248047 -50.334396
v 384.65967 33.248047 -51.639618
v 385.70264 34.29138 -51.639557
v 383.61572 32.204468 -50.334404
v 382.57275 31.161133 -50.33425
v 382.57275 31.161133 -51.63958
v 383.61572 32.204468 -51.639526
v 381.5288 30.117554 -50.334328
v 380.48584 29.074219 -50.33439
v 380.48584 29.074097 -51.639565
v 381.5288 30.117676 -51.639595
v 379.4419 28.030762 -50.334396
v 378.39893 26.987183 -50.334305
v 378.39893 26.987183 -51.639526
v 379.4419 28.03064 -51.63952
v 377.35498 25.943726 -50.334427
v 376.312 24.90039 -50.334373
v 376.312 24.900269 -51.639557
v 377.35498 25.943848 -51.639587
v 375.26807 23.856323 -50.33442
v 374.2251 22.812988 -50.334373
v 374.2251 22.812988 -51.639595
v 375.26807 23.856445 -51.639587
v 373.18115 21.769531 -50.33439
v 372.13818 20.726074 -50.334404
v 372.13818 20.725952 -51.63952
v 373.18115 21.76941 -51.639565
v 371.09424 19.682617 -50.334244
v 371.09424 19.682617 -51.63958
v 370.29248 19.015625 -51.63958
v 369.3247 18.480347 -50.933075
v 369.3247 18.480347 -51.639557
v 367.0581 18.01062 -51.639526
v 368.22705 18.131836 -51.63958
v 367.0581 18.010742 -50.93315
v 365.88818 18.131836 -51.63958
v 365.88818 18.131836 -50.33425
v 364.79053 18.480469 -50.334373
v 363.82275 19.015625 -50.33425
v 363.82275 19.015625 -51.63958
v 364.79053 18.480347 -51.639557
v 363.021 19.682617 -51.63958
v 363.021 19.682617 -50.93315
v 362.354 20.484741 -51.639565
v 361.4702 22.549805 -51.639587
v 361.34912 23.719238 -50.93303
v 361.34912 23.719116 -51.63952
v 361.81885 21.452026 -50.33441
v 361.4702 22.549683 -50.334427
v 361.81885 21.452026 -51.639526
v 362.354 20.484863 -50.33438
v 361.4702 24.88916 -50.93303
v 361.4702 24.889038 -51.63952
v 361.81885 25.986816 -50.33425
v 362.354 26.954102 -50.33438
v 362.354 26.95398 -51.639557
v 361.81885 25.986816 -51.63958
v 363.021 27.755981 -50.93306
v 370.29248 19.015625 -50.33425
v 369.3247 18.480469 -50.334373
v 368.22705 18.131836 -50.33425
v 367.0581 18.01062 -50.33441
v 363.021 19.682617 -50.334244
v 361.4702 24.88916 -50.334396
v 361.34912 23.719238 -50.334396
v 363.021 27.75586 -50.33438
v 363.021 27.755737 -51.639557
v 364.06494 28.799316 -51.639595
v 364.06494 28.799194 -50.33432
v 365.1079 29.842773 -50.33425
v 366.15186 30.886597 -50.334328
v 366.15186 30.886719 -51.639595
v 365.1079 29.842773 -51.63958
v 367.19482 31.930176 -50.33425
v 368.23877 32.97351 -50.334404
v 368.23877 32.97351 -51.639526
v 367.19482 31.930176 -51.63958
v 369.28174 34.01709 -50.33439
v 370.32568 35.060547 -50.33438
v 370.32568 35.060425 -51.639557
v 369.28174 34.01709 -51.639618
v 371.36865 36.103516 -50.334396
v 371.36865 36.103394 -51.63952
v 372.4126 37.14734 -50.334305
v 373.45557 38.190308 -50.334328
v 373.45557 38.19043 -51.639595
v 372.4126 37.14746 -51.63958
v 374.4995 39.234375 -50.33439
v 375.54248 40.27832 -50.334404
v 375.54248 40.2782 -51.63952
v 374.4995 39.234253 -51.639565
v 376.58643 41.321167 -50.33442
v 376.58643 41.32129 -51.639587
v 377.6294 42.365234 -50.334373
v 378.67334 43.408203 -50.334396
v 378.67334 43.40808 -51.63951
v 377.6294 42.365112 -51.639557
v 379.7173 44.45215 -50.93315
v 379.7173 44.452026 -51.639526
v 380.51904 45.11914 -50.93315
v 380.51904 45.11902 -51.639526
v 381.48584 45.654175 -51.639565
v 382.5835 46.00293 -50.93315
v 384.92334 46.00293 -50.93315
v 384.92334 46.002808 -51.639526
v 383.75342 46.124023 -51.63958
v 383.75342 46.124023 -50.93316
v 382.5835 46.002808 -51.639526
v 386.021 45.654175 -51.639565
v 387.79053 44.452026 -51.639526
v 387.79053 44.45215 -50.93315
v 388.45752 43.649292 -51.639526
v 388.45752 43.649292 -50.334305
v 388.99268 42.682617 -50.33425
v 388.99268 42.682617 -51.63958
v 386.021 45.654297 -50.33439
v 386.9878 45.11902 -50.33441
v 386.9878 45.11902 -51.639526
v 389.3413 41.58484 -51.63952
v 389.4624 40.414917 -51.040886
v 389.4624 40.414917 -51.63952
v 389.3413 41.58496 -50.334396
v 389.3413 39.244995 -51.63952
v 389.3413 39.245117 -50.334396
v 388.99268 38.14746 -50.33438
v 388.99268 38.14734 -51.639565
v 388.45752 37.180664 -50.33439
v 388.45752 37.180542 -51.639565
v 379.7173 44.452026 -50.334305
v 380.51904 45.11902 -50.33441
v 381.48584 45.654297 -50.33439
v 382.5835 46.002808 -50.33441
v 383.75342 46.124023 -50.33425
v 384.92334 46.002808 -50.33441
v 387.79053 44.452026 -50.334305
v 389.4624 40.41504 -50.334396
v 388.50342 37.186523 -51.82367
v 387.81494 36.353516 -51.823685
v 387.89404 36.27539 -51.993263
v 388.5962 37.124023 -51.99324
v 388.01318 36.155273 -52.1045
v 388.73584 37.02832 -52.104652
v 389.0249 38.13379 -51.823692
v 389.12744 38.089844 -51.99324
v 389.2827 38.02246 -52.104645
v 389.37744 39.249878 -51.823647
v 389.48682 39.22754 -51.993263
v 389.65283 39.19336 -52.104645
v 389.49756 40.414917 -51.8236
v 389.6089 40.41504 -51.99324
v 389.7788 40.41504 -52.104652
v 389.37744 41.58008 -51.82367
v 389.48682 41.60254 -51.993286
v 389.65283 41.63672 -52.1045
v 389.0249 42.69629 -51.82366
v 389.12744 42.74121 -51.99324
v 389.2827 42.80774 -52.104538
v 388.50342 43.643433 -51.82364
v 388.5962 43.706055 -51.993248
v 388.73584 43.801758 -52.104652
v 387.81494 44.476563 -51.82367
v 387.89404 44.555542 -51.99317
v 388.01318 44.674805 -52.104645
v 386.98193 45.166016 -51.823692
v 387.04443 45.257813 -51.99324
v 387.14014 45.39746 -52.104637
v 386.03467 45.686523 -51.823677
v 386.0786 45.789063 -51.99324
v 386.146 45.944214 -52.104515
v 384.91846 46.039063 -51.823677
v 384.94092 46.148315 -51.993164
v 384.9751 46.314453 -52.1045
v 383.75342 46.159058 -51.823647
v 383.75342 46.270386 -51.99317
v 383.75342 46.44043 -52.104652
v 382.58838 46.039063 -51.823677
v 382.56592 46.148315 -51.993164
v 382.53174 46.314453 -52.1045
v 381.47217 45.686523 -51.823677
v 381.42822 45.789063 -51.99324
v 381.36084 45.944214 -52.104515
v 380.5249 45.166016 -51.823692
v 380.4624 45.257813 -51.99324
v 380.3667 45.39746 -52.104637
v 379.6919 44.476563 -51.82367
v 379.6128 44.555542 -51.99317
v 379.49365 44.674805 -52.104645
v 362.99658 27.780762 -51.82367
v 362.91748 27.859375 -51.99314
v 362.79736 27.979492 -52.1045
v 362.30713 26.947754 -51.823685
v 362.21533 27.010376 -51.993187
v 362.0747 27.105957 -52.104652
v 361.78662 26.000977 -51.823692
v 361.68408 26.0448 -51.993164
v 361.5288 26.112183 -52.104515
v 361.4331 24.884277 -51.82367
v 361.3247 24.906738 -51.993286
v 361.1587 24.940918 -52.104492
v 361.31396 23.719116 -51.8236
v 361.20264 23.719238 -51.99324
v 361.0327 23.719238 -52.104652
v 361.4331 22.554565 -51.82361
v 361.3247 22.532349 -51.993225
v 361.1587 22.497559 -52.104637
v 361.78662 21.437866 -51.823647
v 361.68408 21.393433 -51.993164
v 361.5288 21.32666 -52.104645
v 362.30713 20.490723 -51.82367
v 362.21533 20.428223 -51.99324
v 362.0747 20.333008 -52.104515
v 362.99658 19.657715 -51.823685
v 362.91748 19.579102 -51.993233
v 362.79736 19.459473 -52.104492
v 363.8296 18.96875 -51.823692
v 363.7671 18.876831 -51.993164
v 363.6714 18.736816 -52.1045
v 364.77588 18.447754 -51.823677
v 364.73193 18.345581 -51.99317
v 364.66455 18.18982 -52.104515
v 365.89307 18.095215 -51.823677
v 365.8706 17.986328 -51.99324
v 365.83643 17.820313 -52.104492
v 367.0581 17.975586 -51.823692
v 367.0581 17.863647 -51.993164
v 367.0581 17.694336 -52.104507
v 368.22217 18.095215 -51.823677
v 368.24463 17.986328 -51.99324
v 368.2798 17.820313 -52.104492
v 369.33936 18.447754 -51.823677
v 369.3833 18.345581 -51.99317
v 369.45068 18.18982 -52.104515
v 370.28662 18.96875 -51.823692
v 370.34912 18.876831 -51.993164
v 370.44385 18.736816 -52.1045
v 371.11963 19.657715 -51.823685
v 371.19775 19.579102 -51.993233
v 371.31787 19.459473 -52.104492
v 387.81494 36.353516 -51.823685
v 387.89404 36.27539 -51.993263
v 388.01318 36.155273 -52.1045
v 388.45752 37.180542 -51.639565
v 387.79053 36.378784 -51.639565
v 388.48096 37.20215 -51.723366
v 388.9995 38.14453 -51.723457
v 388.99268 38.14734 -51.639565
v 389.4624 40.414917 -51.63952
v 389.3413 39.244995 -51.63952
v 389.35107 39.25586 -51.730637
v 389.3413 41.58484 -51.63952
v 389.35107 41.57422 -51.730667
v 388.45752 43.649292 -51.639526
v 388.99268 42.682617 -51.63958
v 388.48096 43.62793 -51.72345
v 387.7954 44.45703 -51.72345
v 386.9663 45.142456 -51.72338
v 386.02393 45.661133 -51.72348
v 386.021 45.654175 -51.639565
v 386.9878 45.11902 -51.639526
v 384.92334 46.002808 -51.639526
v 388.9995 42.685547 -51.723465
v 389.4712 40.414917 -51.730576
v 384.9126 46.012695 -51.73065
v 383.75342 46.124023 -51.63958
v 383.75342 46.132813 -51.73066
v 382.59424 46.012695 -51.73065
v 382.5835 46.002808 -51.639526
v 381.48584 45.654175 -51.639565
v 381.4829 45.661133 -51.72348
v 379.7173 44.452026 -51.639526
v 380.51904 45.11902 -51.639526
v 380.54053 45.142456 -51.72338
v 378.67334 43.40808 -51.63951
v 370.32568 35.060425 -51.639557
v 362.66748 28.109253 -52.13964
v 379.3628 44.805664 -52.139717
v 364.06494 28.799316 -51.639595
v 388.14404 36.02527 -52.13964
v 388.88818 36.92566 -52.139633
v 389.45166 37.94922 -52.139717
v 389.83252 39.156128 -52.139633
v 389.9624 40.41504 -52.1397
v 389.83252 41.67383 -52.139732
v 389.45166 42.880737 -52.13964
v 388.88818 43.905273 -52.139725
v 388.14404 44.805664 -52.139717
v 387.24365 45.549683 -52.139626
v 386.21924 46.11328 -52.13971
v 385.0122 46.49414 -52.13971
v 383.75342 46.6239 -52.139626
v 382.49463 46.49414 -52.13971
v 381.2876 46.11328 -52.13971
v 380.26318 45.549683 -52.139626
v 363.021 27.755737 -51.639557
v 362.33057 26.932129 -51.723442
v 361.812 25.989746 -51.723465
v 361.81885 25.986816 -51.63958
v 362.354 26.95398 -51.639557
v 361.4702 24.889038 -51.63952
v 361.34912 23.719116 -51.63952
v 361.45947 22.559937 -51.73059
v 361.4702 22.549805 -51.639587
v 361.812 21.449219 -51.72348
v 361.81885 21.452026 -51.639526
v 361.45947 24.878784 -51.73059
v 362.354 20.484741 -51.639565
v 362.33057 20.506714 -51.723396
v 363.82275 19.015625 -51.63958
v 363.8452 18.992188 -51.723457
v 364.7876 18.473633 -51.723465
v 364.79053 18.480347 -51.639557
v 365.88818 18.131836 -51.63958
v 361.34033 23.719116 -51.730576
v 365.89795 18.121582 -51.73065
v 367.0581 18.01062 -51.639526
v 368.22705 18.131836 -51.63958
v 368.2173 18.121582 -51.73065
v 369.3247 18.480347 -51.639557
v 369.32764 18.473633 -51.723465
v 371.09424 19.682617 -51.63958
v 370.29248 19.015625 -51.63958
v 370.27002 18.992188 -51.723457
v 376.312 24.900269 -51.639557
v 380.48584 29.074097 -51.639565
v 367.0581 18.001953 -51.730667
v 361.92236 27.208984 -52.139595
v 361.35986 26.185547 -52.13971
v 360.97803 24.978638 -52.139633
v 360.84912 23.719238 -52.1397
v 360.97803 22.460327 -52.139633
v 361.35986 21.253418 -52.139717
v 361.92236 20.229492 -52.13971
v 362.66748 19.329102 -52.139717
v 363.56787 18.584473 -52.139732
v 364.5913 18.021484 -52.139725
v 365.79834 17.640137 -52.139595
v 367.0581 17.510254 -52.139732
v 371.44775 19.329102 -52.139717
v 368.3169 17.640137 -52.139595
v 369.52393 18.021484 -52.139725
v 370.54736 18.584473 -52.139732
v 387.79053 142.63159 -50.33436
v 388.45752 141.82983 -50.33435
v 388.45752 141.82983 -51.63968
v 387.79053 142.63159 -51.639687
v 388.99268 140.8623 -50.334404
v 389.3413 139.7644 -50.334343
v 389.3413 139.7644 -51.639565
v 388.99268 140.86206 -51.639694
v 389.3413 137.42566 -51.639565
v 389.4624 138.59448 -51.639572
v 389.4624 138.59448 -51.04093
v 388.99268 136.32813 -51.040955
v 388.45752 135.36023 -51.040924
v 388.45752 135.36023 -51.639557
v 388.99268 136.32813 -51.639595
v 387.79053 134.5586 -51.639595
v 386.9878 133.8916 -51.639603
v 386.9878 133.8916 -51.040962
v 388.99268 136.328 -50.33432
v 388.45752 135.36035 -50.334373
v 389.4624 138.59448 -50.334343
v 389.3413 137.42578 -50.33439
v 386.021 133.35632 -51.04088
v 386.021 133.35632 -51.63951
v 383.75342 132.88672 -51.040955
v 383.75342 132.88672 -51.639595
v 384.92334 133.00781 -51.639595
v 382.5835 133.00781 -51.639595
v 381.48584 133.35632 -51.04088
v 381.48584 133.35632 -51.63951
v 380.51904 133.8916 -51.639603
v 380.51904 133.8916 -51.040962
v 379.7173 134.5586 -51.639595
v 379.7173 134.5586 -50.933174
v 378.67334 135.60156 -51.639618
v 377.6294 136.64539 -50.33441
v 376.58643 137.68848 -50.334427
v 376.58643 137.68823 -51.63955
v 377.6294 136.64539 -51.639526
v 375.54248 138.73218 -51.639565
v 375.54248 138.73218 -50.334442
v 374.4995 139.77515 -50.33436
v 374.4995 139.77515 -51.639687
v 373.45557 140.81934 -50.33442
v 373.45557 140.81909 -51.6397
v 378.67334 135.60156 -50.334396
v 372.4126 141.86304 -50.334328
v 371.36865 142.906 -50.334343
v 371.36865 142.906 -51.639572
v 372.4126 141.86304 -51.63961
v 370.32568 143.9502 -50.334404
v 369.28174 144.99316 -50.334427
v 369.28174 144.99292 -51.63971
v 370.32568 143.94995 -51.639694
v 368.23877 146.03687 -50.334442
v 368.23877 146.03687 -51.639618
v 367.19482 147.07983 -50.33435
v 366.15186 148.12402 -50.33441
v 366.15186 148.12378 -51.6397
v 367.19482 147.07983 -51.639687
v 365.1079 149.16675 -50.334328
v 365.1079 149.16675 -51.63961
v 364.06494 150.2107 -50.334343
v 364.06494 150.2107 -51.639565
v 386.9878 133.8916 -50.334373
v 386.021 133.35645 -50.334396
v 384.92334 133.00781 -50.334373
v 383.75342 132.8866 -50.33432
v 387.79053 134.5586 -50.334373
v 382.5835 133.00781 -50.334373
v 381.48584 133.35645 -50.334396
v 380.51904 133.8916 -50.334373
v 379.7173 134.5586 -50.334373
v 363.021 151.25366 -51.639694
v 363.021 151.2539 -50.334404
v 362.354 152.05566 -50.33441
v 362.354 152.05542 -51.639694
v 361.4702 154.12085 -51.6397
v 361.81885 153.0232 -51.639687
v 361.4702 154.12085 -51.04107
v 361.81885 153.0232 -50.33436
v 361.34912 155.29077 -51.6397
v 361.34912 155.29102 -50.33442
v 362.354 158.52515 -51.63961
v 361.81885 157.55835 -51.639618
v 361.81885 157.55835 -51.040985
v 362.354 158.52515 -50.334328
v 361.4702 156.4607 -51.6397
v 363.021 159.3269 -50.334328
v 363.021 159.3269 -51.639618
v 361.4702 156.46094 -50.33442
v 363.82275 159.9939 -51.040977
v 364.79053 160.53003 -51.04106
v 364.79053 160.53003 -51.639694
v 363.82275 159.9939 -51.63961
v 365.88818 160.87769 -51.63961
v 365.88818 160.87769 -51.040977
v 367.0581 160.99878 -51.639618
v 368.22705 160.87769 -51.040977
v 368.22705 160.87769 -51.63961
v 369.3247 160.53003 -51.04106
v 369.3247 160.53003 -51.639694
v 370.29248 159.9939 -51.63961
v 371.09424 159.3269 -50.334328
v 372.13818 158.28418 -50.33442
v 372.13818 158.28394 -51.6397
v 371.09424 159.3269 -51.639618
v 370.29248 159.9939 -50.334328
v 373.18115 157.23999 -50.33436
v 374.2251 156.19702 -50.334442
v 374.2251 156.19702 -51.639557
v 373.18115 157.23999 -51.639687
v 375.26807 155.15332 -50.334427
v 376.312 154.11035 -50.334404
v 376.312 154.1101 -51.639694
v 375.26807 155.15308 -51.63971
v 377.35498 153.06616 -50.33435
v 377.35498 153.06616 -51.639572
v 378.39893 152.0232 -50.334328
v 379.4419 150.97949 -50.33442
v 379.4419 150.97925 -51.6397
v 378.39893 152.0232 -51.63961
v 380.48584 149.93628 -50.33435
v 381.5288 148.89233 -50.334442
v 381.5288 148.89233 -51.639565
v 380.48584 149.93628 -51.639687
v 382.57275 147.84961 -50.334427
v 383.61572 146.80566 -50.33441
v 383.61572 146.80542 -51.639694
v 382.57275 147.84937 -51.63971
v 384.65967 145.76147 -50.33435
v 385.70264 144.7185 -50.334328
v 385.70264 144.7185 -51.639618
v 384.65967 145.76147 -51.63968
v 386.74658 143.6748 -50.33442
v 386.74658 143.67456 -51.63971
v 387.79053 142.63159 -50.33436
v 361.4702 154.1211 -50.33442
v 365.88818 160.87769 -50.334328
v 367.0581 160.99878 -50.334442
v 364.79053 160.53027 -50.334404
v 369.3247 160.53027 -50.334404
v 368.22705 160.87769 -50.334328
v 363.82275 159.9939 -50.334328
v 361.81885 157.55835 -50.334328
v 371.11963 159.3523 -51.823647
v 387.81494 142.656 -51.823784
v 387.89404 142.7351 -51.993225
v 371.19775 159.43042 -51.993195
v 388.01318 142.85522 -52.104477
v 371.31787 159.55054 -52.104553
v 370.28662 160.04077 -51.823776
v 370.34912 160.13354 -51.993217
v 370.44385 160.2732 -52.104546
v 369.33936 160.56226 -51.823647
v 369.3833 160.66382 -51.993217
v 369.45068 160.82031 -52.104538
v 368.22217 160.9148 -51.823654
v 368.24463 161.02441 -51.993187
v 368.2798 161.19019 -52.104477
v 367.0581 161.03491 -51.82377
v 367.0581 161.14648 -51.993187
v 367.0581 161.31519 -52.10447
v 365.89307 160.9148 -51.823654
v 365.8706 161.02441 -51.993187
v 365.83643 161.19019 -52.104477
v 364.77588 160.56226 -51.823647
v 364.73193 160.66382 -51.993217
v 364.66455 160.82031 -52.104538
v 363.8296 160.04077 -51.823776
v 363.7671 160.13354 -51.993217
v 363.6714 160.2732 -52.104546
v 362.99658 159.3523 -51.823647
v 362.91748 159.43042 -51.993195
v 362.79736 159.55054 -52.104553
v 362.30713 158.51929 -51.82377
v 362.21533 158.58179 -51.993225
v 362.0747 158.67651 -52.10447
v 361.78662 157.57202 -51.82364
v 361.68408 157.61597 -51.993225
v 361.5288 157.68335 -52.10447
v 361.4331 156.45581 -51.823647
v 361.3247 156.47827 -51.993202
v 361.1587 156.51245 -52.10447
v 361.31396 155.29077 -51.82379
v 361.20264 155.29077 -51.993217
v 361.0327 155.29077 -52.10457
v 361.4331 154.12573 -51.82377
v 361.3247 154.10327 -51.993134
v 361.1587 154.06909 -52.104553
v 361.78662 153.00952 -51.823776
v 361.68408 152.9646 -51.993217
v 361.5288 152.89722 -52.10457
v 362.30713 152.06226 -51.823647
v 362.21533 151.99976 -51.993217
v 362.0747 151.90405 -52.10457
v 362.99658 151.22949 -51.82377
v 362.91748 151.15039 -51.993187
v 362.79736 151.031 -52.10447
v 379.6919 134.5332 -51.823677
v 379.6128 134.45508 -51.99315
v 379.49365 134.33484 -52.104652
v 380.5249 133.8446 -51.82361
v 380.4624 133.75293 -51.993233
v 380.3667 133.6123 -52.104492
v 381.47217 133.32324 -51.82367
v 381.42822 133.22168 -51.993233
v 381.36084 133.06543 -52.104507
v 382.58838 132.9707 -51.82367
v 382.56592 132.8623 -51.993263
v 382.53174 132.69617 -52.104515
v 383.75342 132.85046 -51.82361
v 383.75342 132.73926 -51.993263
v 383.75342 132.57031 -52.104637
v 384.91846 132.9707 -51.82367
v 384.94092 132.8623 -51.993263
v 384.9751 132.69617 -52.104515
v 386.03467 133.32324 -51.82367
v 386.0786 133.22168 -51.993233
v 386.146 133.06543 -52.104507
v 386.98193 133.8446 -51.82361
v 387.04443 133.75293 -51.993233
v 387.14014 133.6123 -52.104492
v 387.81494 134.5332 -51.823677
v 387.89404 134.45508 -51.99315
v 388.01318 134.33484 -52.104652
v 388.50342 135.36633 -51.82366
v 388.5962 135.30371 -51.993233
v 388.73584 135.20898 -52.104637
v 389.0249 136.31348 -51.823685
v 389.12744 136.26953 -51.993233
v 389.2827 136.20215 -52.104637
v 389.37744 137.43066 -51.823677
v 389.48682 137.4082 -51.99314
v 389.65283 137.37305 -52.10463
v 389.49756 138.59448 -51.823654
v 389.6089 138.59473 -51.993187
v 389.7788 138.59473 -52.104538
v 389.37744 139.75952 -51.823784
v 389.48682 139.78198 -51.993126
v 389.65283 139.81616 -52.104546
v 389.0249 140.87671 -51.823776
v 389.12744 140.9209 -51.993187
v 389.2827 140.98828 -52.104538
v 388.50342 141.823 -51.823692
v 388.5962 141.8855 -51.993088
v 388.73584 141.98145 -52.104538
v 387.81494 142.656 -51.823784
v 387.89404 142.7351 -51.993225
v 388.01318 142.85522 -52.104477
v 383.61572 146.80542 -51.639694
v 381.5288 148.89233 -51.639565
v 377.35498 153.06616 -51.639572
v 376.312 154.1101 -51.639694
v 375.26807 155.15308 -51.63971
v 378.39893 152.0232 -51.63961
v 371.09912 159.33179 -51.723427
v 371.09424 159.3269 -51.639618
v 370.29248 159.9939 -51.63961
v 370.27002 160.01831 -51.723564
v 369.32764 160.53589 -51.723564
v 369.3247 160.53003 -51.639694
v 368.2173 160.88843 -51.73062
v 368.22705 160.87769 -51.63961
v 367.0581 160.99878 -51.639618
v 365.88818 160.87769 -51.63961
v 365.89795 160.88843 -51.73062
v 364.79053 160.53003 -51.639694
v 364.7876 160.53589 -51.723564
v 363.8452 160.01733 -51.72357
v 363.0161 159.33276 -51.723427
v 363.82275 159.9939 -51.63961
v 362.354 158.52515 -51.63961
v 361.4702 156.4607 -51.6397
v 361.81885 157.55835 -51.639618
v 361.812 157.56152 -51.72354
v 361.34912 155.29077 -51.6397
v 361.45947 156.44995 -51.730476
v 361.81885 153.0232 -51.639687
v 361.4702 154.12085 -51.6397
v 361.812 153.02026 -51.723427
v 362.33057 152.07788 -51.723557
v 362.354 152.05542 -51.639694
v 361.45947 154.13159 -51.730606
v 362.33057 158.50366 -51.72342
v 367.0581 161.00781 -51.730576
v 361.34033 155.29077 -51.73049
v 371.44775 159.68066 -52.139633
v 388.14404 142.9851 -52.139664
v 370.54736 160.42554 -52.13954
v 369.52393 160.98926 -52.139626
v 368.3169 161.37012 -52.139626
v 367.0581 161.49976 -52.13954
v 365.79834 161.37012 -52.139626
v 364.5913 160.98926 -52.139626
v 363.56787 160.42554 -52.13954
v 362.66748 159.68066 -52.139633
v 361.92236 158.78003 -52.13954
v 361.35986 157.75659 -52.139664
v 360.97803 156.54956 -52.13954
v 360.84912 155.29077 -52.13968
v 360.97803 154.03198 -52.13955
v 361.35986 152.8252 -52.139633
v 361.92236 151.80054 -52.13955
v 362.66748 150.90015 -52.139664
v 365.1079 149.16675 -51.63961
v 364.06494 150.2107 -51.639565
v 366.15186 148.12378 -51.6397
v 367.19482 147.07983 -51.639687
v 369.28174 144.99292 -51.63971
v 371.36865 142.906 -51.639572
v 372.4126 141.86304 -51.63961
v 375.54248 138.73218 -51.639565
v 376.58643 137.68823 -51.63955
v 377.6294 136.64539 -51.639526
v 379.7173 134.5586 -51.639595
v 380.54053 133.86816 -51.72348
v 381.4829 133.34949 -51.72338
v 381.48584 133.35632 -51.63951
v 380.51904 133.8916 -51.639603
v 382.5835 133.00781 -51.639595
v 382.59424 132.99707 -51.730644
v 384.92334 133.00781 -51.639595
v 383.75342 132.88672 -51.639595
v 384.9126 132.99707 -51.730644
v 386.021 133.35632 -51.63951
v 386.02393 133.34949 -51.72338
v 386.9878 133.8916 -51.639603
v 386.9663 133.86816 -51.72348
v 388.45752 135.36023 -51.639557
v 388.48096 135.38281 -51.723457
v 389.3413 137.42566 -51.639565
v 388.99268 136.32813 -51.639595
v 388.9995 136.32532 -51.723442
v 389.4624 138.59448 -51.639572
v 389.35107 137.43542 -51.730583
v 388.99268 140.86206 -51.639694
v 389.3413 139.7644 -51.639565
v 388.9995 140.86499 -51.72358
v 388.48096 141.80737 -51.723557
v 388.45752 141.82983 -51.63968
v 389.4712 138.59448 -51.73063
v 389.35107 139.75464 -51.730606
v 383.75342 132.8778 -51.730583
v 387.79053 142.63159 -51.639687
v 379.3628 134.20496 -52.139633
v 380.26318 133.45996 -52.139725
v 381.2876 132.89648 -52.139687
v 382.49463 132.51563 -52.139687
v 383.75342 132.38574 -52.139725
v 385.0122 132.51563 -52.139687
v 386.21924 132.89648 -52.139687
v 387.24365 133.45996 -52.139725
v 388.14404 134.20496 -52.139633
v 388.88818 135.10547 -52.139725
v 389.45166 136.1289 -52.13971
v 389.83252 137.33594 -52.139725
v 389.9624 138.59448 -52.13954
v 389.83252 139.85425 -52.13967
v 389.45166 141.06152 -52.139626
v 388.88818 142.08472 -52.13967
v 388.14404 142.9851 -52.139664
v 131.71045 142.63159 -50.33436
v 132.75342 143.6748 -50.33442
v 132.75342 143.67456 -51.63971
v 131.71045 142.63159 -51.639687
v 133.79736 144.7185 -50.334328
v 134.84033 145.76147 -50.33435
v 134.84033 145.76147 -51.63968
v 133.79736 144.7185 -51.639618
v 135.88428 146.80566 -50.33441
v 136.92725 147.84961 -50.334427
v 136.92725 147.84937 -51.63971
v 135.88428 146.80542 -51.639694
v 137.97119 148.89233 -50.334442
v 139.01416 149.93628 -50.33435
v 139.01416 149.93628 -51.639687
v 137.97119 148.89233 -51.639565
v 140.0581 150.97949 -50.33442
v 141.10107 152.0232 -50.334328
v 141.10107 152.0232 -51.63961
v 140.0581 150.97925 -51.6397
v 142.14502 153.06616 -50.33435
v 143.18799 154.11035 -50.334404
v 143.18799 154.1101 -51.639694
v 142.14502 153.06616 -51.639572
v 144.23193 155.15332 -50.334427
v 145.2749 156.19702 -50.334442
v 145.2749 156.19702 -51.639557
v 144.23193 155.15308 -51.63971
v 146.31885 157.23999 -50.33436
v 147.3628 158.28418 -50.33442
v 147.3628 158.28394 -51.6397
v 146.31885 157.23999 -51.639687
v 148.40576 159.3269 -51.639618
v 148.40576 159.3269 -50.93296
v 149.20752 159.9939 -51.63961
v 149.20752 159.9939 -50.334328
v 150.1753 160.53027 -50.334404
v 151.27295 160.87769 -50.334328
v 151.27295 160.87769 -51.63961
v 150.1753 160.53003 -51.639694
v 152.44287 160.99878 -50.334442
v 153.61182 160.87769 -50.334328
v 153.61182 160.87769 -51.63961
v 152.44287 160.99878 -51.639618
v 154.70947 160.53027 -50.334404
v 155.67725 159.9939 -50.334328
v 155.67725 159.9939 -51.63961
v 154.70947 160.53003 -51.639694
v 156.479 159.3269 -50.334328
v 157.146 158.52515 -50.334328
v 157.146 158.52515 -51.63961
v 156.479 159.3269 -51.639618
v 157.68115 157.55835 -50.334328
v 158.02979 156.46094 -50.33442
v 158.02979 156.4607 -51.6397
v 157.68115 157.55835 -51.639618
v 158.15088 155.29102 -50.33442
v 158.15088 155.29077 -51.6397
v 158.02979 154.1211 -50.33442
v 157.68115 153.0232 -50.33436
v 157.68115 153.0232 -51.639687
v 158.02979 154.12085 -51.6397
v 157.146 152.05566 -50.33441
v 157.146 152.05542 -51.639694
v 156.479 151.2539 -50.933044
v 156.479 151.25366 -51.639694
v 148.40576 159.3269 -50.334328
v 156.479 151.2539 -50.334404
v 155.43604 150.2107 -50.334343
v 155.43604 150.2107 -51.639565
v 154.39209 149.16675 -50.334328
v 154.39209 149.16675 -51.63961
v 153.34814 148.12402 -50.33441
v 152.30518 147.07983 -50.33435
v 152.30518 147.07983 -51.639687
v 153.34814 148.12378 -51.6397
v 151.26123 146.03687 -50.334442
v 150.21826 144.99316 -50.334427
v 150.21826 144.99292 -51.63971
v 151.26123 146.03687 -51.639618
v 149.17432 143.9502 -50.334404
v 148.13135 142.906 -50.334343
v 148.13135 142.906 -51.639572
v 149.17432 143.94995 -51.639694
v 147.0874 141.86304 -50.334328
v 146.04443 140.81934 -50.33442
v 146.04443 140.81909 -51.6397
v 147.0874 141.86304 -51.63961
v 145.00049 139.77515 -50.33436
v 143.95752 138.73218 -50.334442
v 143.95752 138.73218 -51.639565
v 145.00049 139.77515 -51.639687
v 142.91357 137.68848 -50.334427
v 141.8706 136.64539 -50.33441
v 141.8706 136.64539 -51.639526
v 142.91357 137.68823 -51.63955
v 139.78369 134.5586 -51.639595
v 140.82666 135.60156 -51.639618
v 139.78369 134.5586 -50.933174
v 138.98096 133.8916 -51.639603
v 140.82666 135.60156 -50.334396
v 138.01416 133.35632 -51.63951
v 138.01416 133.35645 -50.93303
v 136.9165 133.00781 -51.639595
v 136.9165 133.00781 -50.334373
v 135.74658 132.88672 -51.639595
v 134.57666 133.00781 -50.933174
v 134.57666 133.00781 -51.639595
v 133.479 133.35645 -50.334396
v 132.5122 133.8916 -50.334373
v 132.5122 133.8916 -51.639603
v 133.479 133.35632 -51.63951
v 135.74658 132.8866 -50.33432
v 131.71045 134.5586 -50.334373
v 131.04248 135.36035 -50.334373
v 131.04248 135.36023 -51.639557
v 131.71045 134.5586 -51.639595
v 130.50732 136.328 -50.33432
v 130.15869 137.42578 -50.33439
v 130.15869 137.42566 -51.639565
v 130.50732 136.32813 -51.639595
v 130.0376 138.59448 -50.334343
v 130.0376 138.59448 -51.639572
v 130.15869 139.7644 -50.334343
v 130.50732 140.8623 -50.334404
v 130.50732 140.86206 -51.639694
v 130.15869 139.7644 -51.639565
v 131.04248 141.82983 -50.932983
v 131.04248 141.82983 -51.63968
v 138.98096 133.8916 -50.334373
v 139.78369 134.5586 -50.334373
v 138.01416 133.35645 -50.334396
v 134.57666 133.00781 -50.334373
v 131.04248 141.82983 -50.33435
v 131.71045 142.63159 -50.33436
v 130.99658 141.823 -51.823692
v 131.68506 142.656 -51.823784
v 131.60693 142.7351 -51.993225
v 130.90381 141.8855 -51.993088
v 131.48682 142.85522 -52.104477
v 130.76416 141.98145 -52.104538
v 130.4751 140.87671 -51.823776
v 130.37256 140.9209 -51.993187
v 130.21729 140.98828 -52.104538
v 130.12256 139.75952 -51.823784
v 130.01318 139.78198 -51.993126
v 129.84717 139.81616 -52.104546
v 130.00244 138.59448 -51.823654
v 129.89111 138.59473 -51.993187
v 129.72217 138.59473 -52.104538
v 130.12256 137.43066 -51.823677
v 130.01318 137.4082 -51.99314
v 129.84717 137.37305 -52.10463
v 130.4751 136.31348 -51.823685
v 130.37256 136.26953 -51.993233
v 130.21729 136.20215 -52.104637
v 130.99658 135.36633 -51.82366
v 130.90381 135.30371 -51.993233
v 130.76416 135.20898 -52.104637
v 131.68506 134.5332 -51.823677
v 131.60596 134.45508 -51.99315
v 131.48682 134.33484 -52.104652
v 132.51807 133.8446 -51.82361
v 132.45557 133.75293 -51.993233
v 132.36084 133.6123 -52.104492
v 133.46533 133.32324 -51.82367
v 133.42139 133.22168 -51.993233
v 133.354 133.06543 -52.104507
v 134.58154 132.9707 -51.82367
v 134.55908 132.8623 -51.993263
v 134.5249 132.69617 -52.104515
v 135.74658 132.85046 -51.82361
v 135.74658 132.73926 -51.993263
v 135.74658 132.57031 -52.104637
v 136.91162 132.9707 -51.82367
v 136.93408 132.8623 -51.993263
v 136.96826 132.69617 -52.104515
v 138.02783 133.32324 -51.82367
v 138.07275 133.22168 -51.993233
v 138.13916 133.06543 -52.104507
v 138.9751 133.8446 -51.82361
v 139.0376 133.75293 -51.993233
v 139.1333 133.6123 -52.104492
v 139.8081 134.5332 -51.823677
v 139.8872 134.45508 -51.99315
v 140.00635 134.33484 -52.104652
v 156.5044 151.22949 -51.82377
v 156.58252 151.15039 -51.993187
v 156.70264 151.031 -52.10447
v 157.19287 152.06226 -51.823647
v 157.28467 151.99976 -51.993217
v 157.4253 151.90405 -52.10457
v 157.71436 153.00952 -51.823776
v 157.81592 152.9646 -51.993217
v 157.97217 152.89722 -52.10457
v 158.0669 154.12573 -51.82377
v 158.1753 154.10327 -51.993134
v 158.34131 154.06909 -52.104553
v 158.18604 155.29077 -51.82379
v 158.29736 155.29077 -51.993217
v 158.46729 155.29077 -52.10457
v 158.0669 156.45581 -51.823647
v 158.1753 156.47827 -51.993202
v 158.34131 156.51245 -52.10447
v 157.71436 157.57202 -51.82364
v 157.81592 157.61597 -51.993225
v 157.97217 157.68335 -52.10447
v 157.19287 158.51929 -51.82377
v 157.28467 158.58179 -51.993225
v 157.4253 158.67651 -52.10447
v 156.5044 159.3523 -51.823647
v 156.58252 159.43042 -51.993195
v 156.70264 159.55054 -52.104553
v 155.67139 160.04077 -51.823776
v 155.73389 160.13354 -51.993217
v 155.82861 160.2732 -52.104546
v 154.72412 160.56226 -51.823647
v 154.76807 160.66382 -51.993217
v 154.83545 160.82031 -52.104538
v 153.60693 160.9148 -51.823654
v 153.6294 161.02441 -51.993187
v 153.66455 161.19019 -52.104477
v 152.44287 161.03491 -51.82377
v 152.44287 161.14648 -51.993187
v 152.44287 161.31519 -52.10447
v 151.27783 160.9148 -51.823654
v 151.25537 161.02441 -51.993187
v 151.22119 161.19019 -52.104477
v 150.16064 160.56226 -51.823647
v 150.1167 160.66382 -51.993217
v 150.04932 160.82031 -52.104538
v 149.21436 160.04077 -51.823776
v 149.15088 160.13354 -51.993217
v 149.05615 160.2732 -52.104546
v 148.38135 159.3523 -51.823647
v 148.30225 159.43042 -51.993195
v 148.18213 159.55054 -52.104553
v 131.68506 142.656 -51.823784
v 131.60693 142.7351 -51.993225
v 131.48682 142.85522 -52.104477
v 131.04248 141.82983 -51.63968
v 131.71045 142.63159 -51.639687
v 131.01904 141.80737 -51.723557
v 130.50049 140.86499 -51.72358
v 130.50732 140.86206 -51.639694
v 130.0376 138.59448 -51.639572
v 130.15869 139.7644 -51.639565
v 130.14893 139.75464 -51.730606
v 130.02979 138.59448 -51.73063
v 130.14893 137.43542 -51.730583
v 130.15869 137.42566 -51.639565
v 130.50049 136.32532 -51.723442
v 131.01904 135.38281 -51.723457
v 131.04248 135.36023 -51.639557
v 130.50732 136.32813 -51.639595
v 131.71045 134.5586 -51.639595
v 131.70459 134.55371 -51.723457
v 133.479 133.35632 -51.63951
v 132.5122 133.8916 -51.639603
v 132.53369 133.86816 -51.72348
v 134.57666 133.00781 -51.639595
v 133.47607 133.34949 -51.72338
v 134.5874 132.99707 -51.730644
v 135.74658 132.88672 -51.639595
v 135.74658 132.8778 -51.730583
v 136.90576 132.99707 -51.730644
v 136.9165 133.00781 -51.639595
v 138.01416 133.35632 -51.63951
v 138.01709 133.34949 -51.72338
v 139.78369 134.5586 -51.639595
v 138.98096 133.8916 -51.639603
v 138.95947 133.86816 -51.72348
v 140.82666 135.60156 -51.639618
v 141.8706 136.64539 -51.639526
v 142.91357 137.68823 -51.63955
v 145.00049 139.77515 -51.639687
v 147.0874 141.86304 -51.63961
v 143.95752 138.73218 -51.639565
v 148.13135 142.906 -51.639572
v 156.83252 150.90015 -52.139664
v 140.1372 134.20496 -52.139633
v 150.21826 144.99292 -51.63971
v 151.26123 146.03687 -51.639618
v 154.39209 149.16675 -51.63961
v 155.43604 150.2107 -51.639565
v 153.34814 148.12378 -51.6397
v 156.479 151.25366 -51.639694
v 130.61182 142.08472 -52.13967
v 130.04834 141.06152 -52.139626
v 129.66748 139.85425 -52.13967
v 131.35693 142.9851 -52.139664
v 129.5376 138.59448 -52.13954
v 129.66748 137.33594 -52.139725
v 130.04834 136.1289 -52.13971
v 130.61182 135.10547 -52.139725
v 131.35596 134.20496 -52.139633
v 132.25732 133.45996 -52.139725
v 133.28076 132.89648 -52.139687
v 134.4878 132.51563 -52.139687
v 135.74658 132.38574 -52.139725
v 137.00537 132.51563 -52.139687
v 138.2124 132.89648 -52.139687
v 139.23682 133.45996 -52.139725
v 157.16943 152.07788 -51.723557
v 157.68799 153.02026 -51.723427
v 157.68115 153.0232 -51.639687
v 157.146 152.05542 -51.639694
v 158.02979 154.12085 -51.6397
v 158.15088 155.29077 -51.6397
v 158.04053 156.44995 -51.730476
v 158.02979 156.4607 -51.6397
v 157.68115 157.55835 -51.639618
v 157.68799 157.56152 -51.72354
v 158.04053 154.13159 -51.730606
v 157.16943 158.50366 -51.72342
v 157.146 158.52515 -51.63961
v 156.48389 159.33276 -51.723427
v 155.65479 160.01733 -51.72357
v 154.70947 160.53003 -51.639694
v 155.67725 159.9939 -51.63961
v 154.7124 160.53589 -51.723564
v 153.61182 160.87769 -51.63961
v 158.15967 155.29077 -51.73049
v 153.60205 160.88843 -51.73062
v 152.44287 161.00781 -51.730576
v 152.44287 160.99878 -51.639618
v 151.27295 160.87769 -51.63961
v 151.28271 160.88843 -51.73062
v 150.1753 160.53003 -51.639694
v 150.17236 160.53589 -51.723564
v 148.40576 159.3269 -51.639618
v 149.20752 159.9939 -51.63961
v 149.22998 160.01831 -51.723564
v 147.3628 158.28394 -51.6397
v 145.2749 156.19702 -51.639557
v 142.14502 153.06616 -51.639572
v 144.23193 155.15308 -51.63971
v 139.01416 149.93628 -51.639687
v 137.97119 148.89233 -51.639565
v 136.92725 147.84937 -51.63971
v 157.57764 151.80054 -52.13955
v 158.14014 152.8252 -52.139633
v 158.52197 154.03198 -52.13955
v 158.65186 155.29077 -52.13968
v 158.52197 156.54956 -52.13954
v 158.14014 157.75659 -52.139664
v 157.57764 158.78003 -52.13954
v 156.83252 159.68066 -52.139633
v 155.93213 160.42554 -52.13954
v 154.90869 160.98926 -52.139626
v 153.70166 161.37012 -52.139626
v 152.44287 161.49976 -52.13954
v 148.05225 159.68066 -52.139633
v 151.1831 161.37012 -52.139626
v 149.97607 160.98926 -52.139626
v 148.95264 160.42554 -52.13954
v 131.71045 36.378906 -50.33438
v 131.04248 37.180664 -50.33439
v 131.04248 37.180542 -51.639565
v 131.71045 36.378784 -51.639565
v 130.50732 38.14746 -50.33438
v 130.15869 39.245117 -50.334396
v 130.15869 39.244995 -51.63952
v 130.50732 38.14734 -51.639565
v 130.0376 40.41504 -50.334396
v 130.15869 41.58496 -50.334396
v 130.15869 41.58484 -51.63952
v 130.0376 40.414917 -51.63952
v 130.50732 42.682617 -51.63958
v 130.50732 42.682617 -50.93316
v 131.04248 43.649292 -51.639526
v 131.71045 44.452026 -50.334305
v 132.5122 45.11902 -50.33441
v 132.5122 45.11902 -51.639526
v 131.71045 44.452026 -51.639526
v 133.479 45.654297 -50.33439
v 134.57666 46.002808 -50.33441
v 134.57666 46.002808 -51.639526
v 133.479 45.654175 -51.639565
v 136.9165 46.002808 -51.639526
v 135.74658 46.124023 -51.63958
v 135.74658 46.124023 -51.040947
v 136.9165 46.002808 -50.33441
v 138.01416 45.654297 -50.33439
v 138.01416 45.654175 -51.639565
v 138.98096 45.11902 -50.33441
v 138.98096 45.11902 -51.639526
v 131.04248 43.649292 -50.334305
v 139.78369 44.45215 -50.93315
v 139.78369 44.452026 -51.639526
v 140.82666 43.408203 -50.334396
v 141.8706 42.365234 -50.334373
v 141.8706 42.365112 -51.639557
v 140.82666 43.40808 -51.63951
v 142.91357 41.321167 -50.33442
v 143.95752 40.27832 -50.334404
v 143.95752 40.2782 -51.63952
v 142.91357 41.32129 -51.639587
v 145.00049 39.234375 -50.33439
v 146.04443 38.190308 -50.334328
v 146.04443 38.19043 -51.639595
v 145.00049 39.234253 -51.639565
v 147.0874 37.14734 -50.334305
v 148.13135 36.103516 -50.334396
v 148.13135 36.103394 -51.63952
v 147.0874 37.14746 -51.63958
v 149.17432 35.060547 -50.33438
v 150.21826 34.01709 -50.33439
v 150.21826 34.01709 -51.639618
v 149.17432 35.060425 -51.639557
v 151.26123 32.97351 -50.334404
v 152.30518 31.930176 -50.33425
v 152.30518 31.930176 -51.63958
v 151.26123 32.97351 -51.639526
v 153.34814 30.886597 -50.334328
v 154.39209 29.842773 -50.33425
v 154.39209 29.842773 -51.63958
v 153.34814 30.886719 -51.639595
v 155.43604 28.799194 -50.33432
v 155.43604 28.799316 -51.639595
v 156.479 27.755981 -50.93306
v 156.479 27.755737 -51.639557
v 130.50732 42.682617 -50.33425
v 135.74658 46.124023 -50.33425
v 139.78369 44.452026 -50.334305
v 156.479 27.75586 -50.33438
v 157.146 26.95398 -50.933075
v 157.146 26.95398 -51.639557
v 157.68115 25.986816 -51.63958
v 158.02979 24.88916 -50.334396
v 158.15088 23.719238 -50.334396
v 158.15088 23.719116 -51.63952
v 158.02979 24.889038 -51.63952
v 157.68115 25.986816 -50.33425
v 158.02979 22.549683 -50.334427
v 157.68115 21.452026 -50.33441
v 157.68115 21.452026 -51.639526
v 158.02979 22.549805 -51.639587
v 157.146 20.484863 -50.33438
v 156.479 19.682617 -50.334244
v 156.479 19.682617 -51.63958
v 157.146 20.484741 -51.639565
v 155.67725 19.015625 -50.33425
v 154.70947 18.480469 -50.334373
v 154.70947 18.480347 -51.639557
v 155.67725 19.015625 -51.63958
v 152.44287 18.01062 -51.639526
v 153.61182 18.131836 -51.63958
v 152.44287 18.01062 -51.040894
v 153.61182 18.131836 -50.33425
v 151.27295 18.131836 -51.63958
v 151.27295 18.131836 -50.33425
v 149.20752 19.015625 -51.63958
v 150.1753 18.480347 -51.639557
v 149.20752 19.015625 -50.93316
v 150.1753 18.480469 -50.334373
v 148.40576 19.682617 -50.93315
v 148.40576 19.682617 -51.63958
v 147.3628 20.725952 -51.63952
v 147.3628 20.726074 -50.334404
v 146.31885 21.769531 -50.33439
v 145.2749 22.812988 -50.334373
v 145.2749 22.812988 -51.639595
v 146.31885 21.76941 -51.639565
v 144.23193 23.856323 -50.33442
v 143.18799 24.90039 -50.334373
v 143.18799 24.900269 -51.639557
v 144.23193 23.856445 -51.639587
v 142.14502 25.943726 -50.334427
v 141.10107 26.987183 -50.334305
v 141.10107 26.987183 -51.639526
v 142.14502 25.943848 -51.639587
v 140.0581 28.030762 -50.334396
v 139.01416 29.074219 -50.33439
v 139.01416 29.074097 -51.639565
v 140.0581 28.03064 -51.63952
v 137.97119 30.117554 -50.334328
v 136.92725 31.161133 -50.33425
v 136.92725 31.161133 -51.63958
v 137.97119 30.117676 -51.639595
v 135.88428 32.204468 -50.334404
v 135.88428 32.204468 -51.639526
v 134.84033 33.248047 -50.334396
v 133.79736 34.291504 -50.33438
v 133.79736 34.29138 -51.639557
v 134.84033 33.248047 -51.639618
v 132.75342 35.33484 -50.33432
v 132.75342 35.33496 -51.639595
v 131.71045 36.378784 -51.639565
v 157.146 26.954102 -50.33438
v 152.44287 18.01062 -50.33441
v 149.20752 19.015625 -50.33425
v 148.40576 19.682617 -50.334244
v 148.38135 19.657715 -51.823685
v 131.68506 36.353516 -51.823685
v 131.60693 36.27539 -51.993263
v 148.30225 19.579102 -51.993233
v 131.48682 36.155273 -52.1045
v 148.18213 19.459473 -52.104492
v 149.21436 18.96875 -51.823692
v 149.15088 18.876831 -51.993164
v 149.05615 18.736816 -52.1045
v 150.16064 18.447754 -51.823677
v 150.1167 18.345581 -51.99317
v 150.04932 18.18982 -52.104515
v 151.27783 18.095215 -51.823677
v 151.25537 17.986328 -51.99324
v 151.22119 17.820313 -52.104492
v 152.44287 17.975586 -51.823692
v 152.44287 17.863647 -51.993164
v 152.44287 17.694336 -52.104507
v 153.60693 18.095215 -51.823677
v 153.6294 17.986328 -51.99324
v 153.66455 17.820313 -52.104492
v 154.72412 18.447754 -51.823677
v 154.76807 18.345581 -51.99317
v 154.83545 18.18982 -52.104515
v 155.67139 18.96875 -51.823692
v 155.73389 18.876831 -51.993164
v 155.82861 18.736816 -52.1045
v 156.5044 19.657715 -51.823685
v 156.58252 19.579102 -51.993233
v 156.70264 19.459473 -52.104492
v 157.19287 20.490723 -51.82367
v 157.28467 20.428223 -51.99324
v 157.4253 20.333008 -52.104515
v 157.71436 21.437866 -51.823647
v 157.81592 21.393433 -51.993164
v 157.97217 21.32666 -52.104645
v 158.0669 22.554565 -51.82361
v 158.1753 22.532349 -51.993225
v 158.34131 22.497559 -52.104637
v 158.18604 23.719116 -51.8236
v 158.29736 23.719238 -51.99324
v 158.46729 23.719238 -52.104652
v 158.0669 24.884277 -51.82367
v 158.1753 24.906738 -51.993286
v 158.34131 24.940918 -52.104492
v 157.71436 26.000977 -51.823692
v 157.81592 26.0448 -51.993164
v 157.97217 26.112183 -52.104515
v 157.19287 26.947754 -51.823685
v 157.28467 27.010376 -51.993187
v 157.4253 27.105957 -52.104652
v 156.5044 27.780762 -51.82367
v 156.58252 27.859375 -51.99314
v 156.70264 27.979492 -52.1045
v 139.8081 44.476563 -51.82367
v 139.8872 44.555542 -51.99317
v 140.00635 44.674805 -52.104645
v 138.9751 45.166016 -51.823692
v 139.0376 45.257813 -51.99324
v 139.1333 45.39746 -52.104637
v 138.02783 45.686523 -51.823677
v 138.07275 45.789063 -51.99324
v 138.13916 45.944214 -52.104515
v 136.91162 46.039063 -51.823677
v 136.93408 46.148315 -51.993164
v 136.96826 46.314453 -52.1045
v 135.74658 46.159058 -51.823647
v 135.74658 46.270386 -51.99317
v 135.74658 46.44043 -52.104652
v 134.58154 46.039063 -51.823677
v 134.55908 46.148315 -51.993164
v 134.5249 46.314453 -52.1045
v 133.46533 45.686523 -51.823677
v 133.42139 45.789063 -51.99324
v 133.354 45.944214 -52.104515
v 132.51807 45.166016 -51.823692
v 132.45557 45.257813 -51.99324
v 132.36084 45.39746 -52.104637
v 131.68506 44.476563 -51.82367
v 131.60596 44.555542 -51.99317
v 131.48682 44.674805 -52.104645
v 130.99658 43.643433 -51.82364
v 130.90381 43.706055 -51.993248
v 130.76416 43.801758 -52.104652
v 130.4751 42.69629 -51.82366
v 130.37256 42.74121 -51.99324
v 130.21729 42.80774 -52.104538
v 130.12256 41.58008 -51.82367
v 130.01318 41.60254 -51.993286
v 129.84717 41.63672 -52.1045
v 130.00244 40.414917 -51.8236
v 129.89111 40.41504 -51.99324
v 129.72217 40.41504 -52.104652
v 130.12256 39.249878 -51.823647
v 130.01318 39.22754 -51.993263
v 129.84717 39.19336 -52.104645
v 130.4751 38.13379 -51.823692
v 130.37256 38.089844 -51.99324
v 130.21729 38.02246 -52.104645
v 130.99658 37.186523 -51.82367
v 130.90381 37.124023 -51.99324
v 130.76416 37.02832 -52.104652
v 131.68506 36.353516 -51.823685
v 131.60693 36.27539 -51.993263
v 131.48682 36.155273 -52.1045
v 146.31885 21.76941 -51.639565
v 148.40576 19.682617 -51.63958
v 149.22998 18.992188 -51.723457
v 150.17236 18.473633 -51.723465
v 150.1753 18.480347 -51.639557
v 149.20752 19.015625 -51.63958
v 151.27295 18.131836 -51.63958
v 151.28271 18.121582 -51.73065
v 152.44287 18.01062 -51.639526
v 152.44287 18.001953 -51.730667
v 153.60205 18.121582 -51.73065
v 153.61182 18.131836 -51.63958
v 154.70947 18.480347 -51.639557
v 154.7124 18.473633 -51.723465
v 156.479 19.682617 -51.63958
v 155.67725 19.015625 -51.63958
v 156.48389 19.677612 -51.72339
v 157.16943 20.506714 -51.723396
v 157.146 20.484741 -51.639565
v 155.65479 18.992188 -51.723457
v 158.02979 22.549805 -51.639587
v 157.68115 21.452026 -51.639526
v 157.68799 21.449219 -51.72348
v 158.15088 23.719116 -51.63952
v 158.04053 22.559937 -51.73059
v 157.68115 25.986816 -51.63958
v 158.02979 24.889038 -51.63952
v 157.68799 25.989746 -51.723465
v 157.16943 26.932129 -51.723442
v 157.146 26.95398 -51.639557
v 158.15967 23.719116 -51.730576
v 158.04053 24.878784 -51.73059
v 156.479 27.755737 -51.639557
v 131.35693 36.02527 -52.13964
v 148.05225 19.329102 -52.139717
v 148.95264 18.584473 -52.139732
v 149.97607 18.021484 -52.139725
v 151.1831 17.640137 -52.139595
v 152.44287 17.510254 -52.139732
v 153.70166 17.640137 -52.139595
v 154.90869 18.021484 -52.139725
v 155.93213 18.584473 -52.139732
v 156.83252 19.329102 -52.139717
v 157.57764 20.229492 -52.13971
v 158.14014 21.253418 -52.139717
v 158.52197 22.460327 -52.139633
v 158.65186 23.719238 -52.1397
v 158.52197 24.978638 -52.139633
v 158.14014 26.185547 -52.13971
v 157.57764 27.208984 -52.139595
v 156.83252 28.109253 -52.13964
v 155.43604 28.799316 -51.639595
v 153.34814 30.886719 -51.639595
v 152.30518 31.930176 -51.63958
v 138.95947 45.142456 -51.72338
v 139.78369 44.452026 -51.639526
v 138.98096 45.11902 -51.639526
v 138.01416 45.654175 -51.639565
v 138.01709 45.661133 -51.72348
v 136.9165 46.002808 -51.639526
v 136.90576 46.012695 -51.73065
v 135.74658 46.124023 -51.63958
v 135.74658 46.132813 -51.73066
v 134.5874 46.012695 -51.73065
v 134.57666 46.002808 -51.639526
v 133.479 45.654175 -51.639565
v 133.47607 45.661133 -51.72348
v 132.53369 45.142456 -51.72338
v 131.70459 44.45703 -51.72345
v 132.5122 45.11902 -51.639526
v 131.04248 43.649292 -51.639526
v 130.15869 41.58484 -51.63952
v 130.50732 42.682617 -51.63958
v 130.50049 42.685547 -51.723465
v 130.14893 41.57422 -51.730667
v 130.02979 40.414917 -51.730576
v 130.0376 40.414917 -51.63952
v 130.50732 38.14734 -51.639565
v 130.15869 39.244995 -51.63952
v 130.50049 38.14453 -51.723457
v 131.01904 37.20215 -51.723366
v 131.04248 37.180542 -51.639565
v 130.14893 39.25586 -51.730637
v 131.01904 43.62793 -51.72345
v 131.71045 36.378784 -51.639565
v 140.1372 44.805664 -52.139717
v 139.23682 45.549683 -52.139626
v 138.2124 46.11328 -52.13971
v 137.00537 46.49414 -52.13971
v 135.74658 46.6239 -52.139626
v 134.4878 46.49414 -52.13971
v 133.28076 46.11328 -52.13971
v 132.25732 45.549683 -52.139626
v 131.35596 44.805664 -52.139717
v 130.61182 43.905273 -52.139725
v 130.04834 42.880737 -52.13964
v 129.66748 41.67383 -52.139732
v 129.5376 40.41504 -52.1397
v 129.66748 39.156128 -52.139633
v 130.04834 37.94922 -52.139717
v 130.61182 36.92566 -52.139633
v 131.35693 36.02527 -52.13964
v 426.78857 191.30469 -48.139626
v 426.78857 191.30469 1.9999428
v 426.78857 -185.14441 18.713223
v 426.78857 -185.14453 35.42641
v 426.78857 191.30444 52.13956
v 426.78857 -185.14441 2.0000877
v 426.78857 -185.14441 -31.426453
v 426.78857 -185.14441 -48.139587
v 426.78857 -185.14441 -14.713203
v 426.78857 -185.14441 52.139606
v 0.0005187988 200.40625 -48.139618
v 208.84424 200.40625 -48.139618
v 417.688 200.406 1.9999962
v 417.688 200.40625 -48.139618
v 417.688 200.406 52.139736
v 403.0249 -188.95996 -0
v 403.0249 -188.95996 -26.06984
v 400.33643 -192.77527 -26.069756
v 400.33643 -192.77527 0.00008392334
v 403.0249 -188.95984 26.069788
v 400.33643 -192.77527 26.069763
v 403.0249 -188.95996 52.139626
v 400.33643 -192.77539 52.139595
v 397.64795 -196.59082 -26.06984
v 397.64795 -196.59082 -0
v 397.64795 -196.5907 26.069786
v 397.64795 -196.59082 52.139626
v 405.71338 -185.14441 -33.92643
v 405.71338 -185.14441 -16.713211
v 405.71338 -185.14441 0.5000038
v 405.71338 -185.14441 17.713219
v 405.71338 -185.14453 34.926384
v 405.71338 -185.14441 52.139606
v 394.95947 -200.40613 -31.426453
v 395.396 -199.78699 -50.48214
v 394.95947 -200.40613 -48.139587
v 394.95947 -200.40613 -14.713211
v 395.14795 -200.13904 -49.72345
v 394.95947 -200.40625 2.000084
v 394.95947 -200.40625 18.713219
v 394.95947 -200.40625 35.426407
v 394.95947 -200.40625 52.139595
v 19.364777 46.686523 -52.014297
v 23.136261 46.070313 52.13959
v 23.136261 46.070313 -52.014427
v 15.577667 47.19226 52.139614
v 15.577667 47.192383 -52.01429
v 14.864777 47.275513 -52.014328
v 13.205597 47.45117 -52.01429
v 13.205597 47.45105 52.139614
v 8.261261 47.848633 -52.014442
v 0.0005187988 48.09668 -52.014427
v 0.0005187988 48.096558 0.062576294
v 32.783722 44.01367 -52.014435
v 32.1929 44.157227 -52.014297
v 32.783722 44.01367 52.13963
v 35.885284 43.22754 -52.014427
v 35.885284 43.22754 52.13959
v 35.921417 43.21765 -52.014305
v 37.961456 42.67578 52.139618
v 38.401886 42.55664 -52.01438
v 37.961456 42.67578 -52.01429
v 43.13138 41.197266 -52.014442
v 43.13138 41.197144 52.139626
v 45.6304 40.414917 -52.014305
v 46.10794 40.260742 52.139637
v 46.10794 40.260742 -52.014435
v 49.08255 39.249023 -52.01429
v 52.030792 38.166016 52.139637
v 52.030792 38.166016 -52.014435
v 60.052277 34.787598 -52.014427
v 60.052277 34.787598 52.13959
v 60.13333 34.750977 -52.014435
v 56.376495 36.414063 -52.01442
v 61.790558 33.97461 -52.014442
v 52.746613 37.88965 -52.014282
v 8.261261 47.84851 52.13963
v 0.0005187988 48.09668 52.139587
v 23.948761 45.92273 -52.014313
v 26.647003 45.39746 -52.01429
v 26.647003 45.39734 52.139614
v 30.075714 44.654297 -52.014435
v 9.948761 47.734375 -52.014297
v 19.364777 46.686523 52.13961
v 30.075714 44.654297 52.139637
v 62.85013 33.46521 52.13963
v 62.85013 33.465332 -52.014435
v 53.89212 37.438477 52.139614
v 63.438995 33.178345 -52.01432
v 49.08255 39.2489 52.139614
v 53.89212 37.438477 -52.014297
v 64.50345 32.651367 52.139618
v 64.50345 32.651367 -52.01429
v 64.2554 32.77539 -52.014282
v 66.160675 31.811401 -52.014442
v 66.12454 31.830688 -52.014328
v 66.12454 31.830566 18.993477
v 67.02298 31.360352 -52.01429
v 68.47708 30.566772 52.139626
v 68.47708 30.566772 -52.014442
v 68.288605 30.671875 -52.014427
v 67.57083 31.066406 52.139637
v 67.76517 30.960571 -52.014328
v 67.57083 31.066406 -52.014427
v 69.53177 29.966309 -52.01429
v 68.92532 30.313965 -52.01442
v 69.53177 29.966187 52.139614
v 65.069855 32.367676 -52.01442
v 81.37842 22.488281 52.139606
v 81.6167 22.330444 -52.014313
v 81.37842 22.48816 -52.014305
v 71.2749 28.936035 -52.014435
v 69.55911 29.950195 -52.014435
v 72.33057 28.293457 -52.014282
v 72.33057 28.293335 52.139614
v 72.979004 27.893555 -52.01438
v 73.90869 27.314453 52.139595
v 73.90869 27.314453 -52.01442
v 77.60693 24.95398 52.139614
v 77.60693 24.954102 -52.014282
v 77.083496 25.29248 -52.014427
v 89.42041 17.117188 -52.014297
v 91.504395 15.710449 -34.655434
v 91.504395 15.710449 -52.01429
v 75.6167 26.233887 -52.01442
v 75.6167 26.233887 52.1396
v 65.217316 32.29297 52.139595
v 65.217316 32.29297 -52.01442
v 66.12454 31.830444 52.139618
v 67.02298 31.36023 52.139614
v 67.23978 31.245117 -52.01442
v 84.898926 20.150879 52.139637
v 84.898926 20.150879 -52.014427
v 75.035645 26.602905 -52.014305
v 85.523926 19.733398 -52.014442
v 91.504395 15.710449 0.06260681
v 91.504395 15.710449 -17.296303
v 91.504395 15.710449 17.421577
v 91.504395 15.710449 34.780594
v 91.504395 15.710327 52.13961
v 90.66162 14.465332 -25.975868
v 91.08252 15.087769 -25.975746
v 91.08252 15.087891 0.06270218
v 90.66162 14.46521 0.06267929
v 91.08252 15.087891 26.101149
v 90.66162 14.465332 26.10114
v 90.24072 13.842285 -25.97586
v 90.24072 13.842285 0.062698364
v 90.24072 13.842163 26.101143
v 90.95068 14.89209 -51.61441
v 91.504395 15.710449 -34.655434
v 91.504395 15.710449 -52.01429
v 91.504395 15.710449 -17.296303
v 90.70068 14.523315 -51.319557
v 90.476074 14.19043 -50.968086
v 91.504395 15.710449 0.06260681
v 91.504395 15.710449 17.421577
v 91.504395 15.710449 34.780594
v 91.504395 15.710327 52.13961
v 89.819824 13.219727 52.139633
v 89.989746 13.472168 -49.67032
v 89.819824 13.219727 -31.426414
v 89.86279 13.283691 -48.919914
v 89.819824 13.219727 -48.139717
v 89.83057 13.235718 -48.531654
v 89.819824 13.221191 -48.237694
v 89.82178 13.224121 -48.3359
v 89.819824 13.2196045 2.0000114
v 89.819824 13.219727 -14.713181
v 89.819824 13.2196045 18.713142
v 89.819824 13.219727 35.426445
v -383.61768 -192.41492 -48.13961
v -394.9585 -200.40613 -48.139587
v -394.9585 -200.40613 -31.426453
v -372.2749 -184.42468 -48.139595
v -394.9585 -200.40625 18.713219
v -349.58936 -168.44617 -48.139664
v -360.93213 -176.43494 -48.13965
v -394.9585 -200.40625 52.139595
v -338.2456 -160.45837 -48.139565
v -304.2085 -136.50183 52.139618
v -315.55518 -144.48633 -48.139587
v -326.8999 -152.47156 -48.13958
v -304.2085 -136.50195 -48.139587
v -268.26416 -111.222534 -48.139656
v -286.2378 -123.86023 -48.139603
v -250.28758 -98.58923 -48.139587
v -232.30711 -85.9624 52.139618
v -394.9585 -200.40613 -14.713211
v -394.9585 -200.40625 2.000084
v -394.9585 -200.40625 35.426407
v -217.50926 -75.57764 -48.139656
v -232.30711 -85.96228 -48.139565
v -202.70848 -65.19873 -48.139656
v -202.70848 -65.19873 52.13959
v -189.83739 -56.181152 -48.139656
v -176.9614 -47.169556 52.139614
v -176.9614 -47.169434 -48.139572
v -165.8735 -39.417603 -48.139587
v -154.78073 -31.672852 52.13961
v -154.78073 -31.672852 -48.13958
v -119.96921 -7.4682617 -48.13958
v -135.87839 -18.506348 -48.139717
v -119.96921 -7.4682617 -19.856613
v -112.11276 -2.0390625 -48.13971
v -112.11276 -2.0389404 -19.85662
v -135.87839 -18.506348 52.139633
v -100.32858 6.062378 -48.139626
v -90.80319 12.553711 -48.139717
v -90.80319 12.553711 -44.619392
v -100.32858 6.062378 -14.00441
v -89.81882 13.219727 -14.713181
v -89.81882 13.219727 -31.426414
v -89.81882 13.219727 -48.139717
v -119.96921 -7.4682617 52.13961
v -112.11276 -2.0390625 52.13959
v -100.32858 6.062378 52.13962
v -90.80319 12.553711 48.619366
v -89.81882 13.219727 35.426445
v -89.81882 13.2196045 18.713142
v -89.81882 13.219727 52.139633
v -89.81882 13.2196045 2.0000114
v -99.34909 9.737305 -51.839752
v -99.77585 10.36084 -52.065987
v -164.95358 -34.828125 -52.06597
v -164.52097 -35.447266 -51.839752
v -98.94772 9.149414 -51.459076
v -164.11276 -36.03125 -51.45916
v -98.59421 8.632324 -50.938507
v -163.75436 -36.544434 -50.93853
v -98.308075 8.213867 -50.302536
v -163.46432 -36.960083 -50.30255
v -98.10495 7.915039 -49.593536
v -163.2573 -37.256348 -49.5934
v -97.986786 7.743042 -48.858055
v -163.13815 -37.427246 -48.858185
v -345.83838 -161.84717 -52.06597
v -345.40283 -162.46472 -51.839706
v -344.99268 -163.04724 -51.459145
v -344.63232 -163.55908 -50.938477
v -344.34033 -163.97351 -50.302544
v -344.13232 -164.26892 -49.593445
v -344.0122 -164.43982 -48.85817
v -9.956512 47.84375 -52.04093
v 0.0005187988 48.09668 -52.014427
v 0.0005187988 49.09082 -52.13971
v -10.021942 48.72461 -52.13971
v -14.975067 48.262695 -52.13971
v -24.128387 46.899414 -52.139717
v -23.989716 46.148315 -52.065903
v -32.24655 44.37976 -52.065903
v -32.42624 45.12317 -52.139633
v -45.935028 41.36023 -52.139626
v -45.700653 40.63379 -52.06598
v -38.663544 43.51465 -52.13971
v -53.105927 38.816284 -52.139633
v -52.828583 38.103516 -52.06598
v -14.876434 47.384766 -52.040916
v -19.363739 46.686523 -52.014297
v -13.205536 47.45117 -52.01429
v -14.863739 47.275513 -52.014328
v -23.1362 46.070313 -52.014427
v -9.9487 47.734375 -52.014297
v -23.9487 45.92273 -52.014313
v -32.226044 44.2959 -52.04808
v -43.13034 41.197266 -52.014442
v -38.438934 42.69336 -52.048134
v -35.885223 43.22754 -52.014427
v -49.08249 39.249023 -52.01429
v -46.106903 40.260742 -52.014435
v -52.03073 38.166016 -52.014435
v -26.645966 45.39746 -52.01429
v -45.63034 40.414917 -52.014305
v -61.888153 34.18164 -52.066
v -62.216278 34.871582 -52.13971
v -62.850067 33.465332 -52.014435
v -61.78952 33.97461 -52.014442
v -56.375458 36.414063 -52.01442
v -70.05612 30.809937 -52.13964
v -69.67331 30.148438 -52.06597
v -60.052216 34.787598 -52.014427
v -77.20651 25.48523 -52.06591
v -77.62155 26.127441 -52.139595
v -72.97897 27.893555 -52.01438
v -73.907684 27.314453 -52.01442
v -66.123505 31.830688 -52.014328
v -81.61667 22.330444 -52.014313
v -81.37741 22.48816 -52.014305
v -72.330536 28.293457 -52.014282
v -71.273895 28.936035 -52.014435
v -64.254364 32.77539 -52.014282
v -63.437958 33.178345 -52.01432
v -60.132294 34.750977 -52.014435
v -65.06882 32.367676 -52.01442
v -64.50339 32.651367 -52.01429
v -53.89206 37.438477 -52.014297
v -66.15964 31.811401 -52.014442
v -77.08249 25.29248 -52.014427
v -75.61569 26.233887 -52.01442
v -77.6069 24.954102 -52.014282
v -67.76413 30.960571 -52.014328
v -68.28757 30.671875 -52.014427
v -67.02292 31.360352 -52.01429
v -69.558075 29.950195 -52.014435
v -67.57077 31.066406 -52.014427
v -69.53171 29.966309 -52.01429
v -68.924286 30.313965 -52.01442
v -65.217255 32.29297 -52.01442
v -100.20651 10.991577 -52.13964
v -52.745575 37.88965 -52.014282
v -68.47604 30.566772 -52.014442
v -8.2612 47.848633 -52.014442
v -15.57663 47.192383 -52.01429
v -37.961395 42.67578 -52.01429
v -35.921356 43.21765 -52.014305
v -38.401825 42.55664 -52.01438
v -30.074677 44.654297 -52.014435
v -32.78366 44.01367 -52.014435
v -32.19284 44.157227 -52.014297
v -67.23874 31.245117 -52.01442
v -75.035614 26.602905 -52.014305
v -91.50339 15.710449 -52.01429
v -89.42038 17.117188 -52.014297
v -84.898895 20.150879 -52.014427
v -90.94968 14.89209 -51.61441
v -85.523895 19.733398 -52.014442
v -165.39108 -34.20166 -52.139725
v -346.27783 -161.22205 -52.13958
v -396.38818 -196.93945 -52.124893
v -90.47507 14.19043 -50.968086
v -90.70065 14.523315 -51.319557
v -396.04736 -198.61182 -51.65628
v -396.25537 -197.72705 -51.99585
v -396.41748 -196.74756 -52.136017
v -396.35693 -197.13525 -52.105583
v -396.3247 -197.33301 -52.07775
v -396.2915 -197.53076 -52.04117
v -396.21826 -197.91931 -51.94204
v -396.17822 -198.10535 -51.880302
v -396.1372 -198.28406 -51.811462
v -396.09326 -198.45349 -51.73642
v -395.9995 -198.75818 -51.57232
v -395.9497 -198.89197 -51.4859
v -395.89893 -199.01318 -51.39834
v -395.8462 -199.1211 -51.310585
v -395.79346 -199.21631 -51.224037
v -395.73877 -199.2992 -51.139656
v -395.39502 -199.78699 -50.48214
v -396.4458 -196.56042 -52.13967
v -100.32858 6.062378 -48.139626
v -89.82175 13.224121 -48.3359
v -89.82956 13.235718 -48.531654
v -89.81979 13.221191 -48.237694
v -89.861786 13.283691 -48.919914
v -89.989716 13.472168 -49.67032
v -135.87839 -18.506348 -48.139717
v -119.96921 -7.4682617 -48.13958
v -90.80319 12.553711 -48.139717
v -89.81882 13.219727 -48.139717
v -112.11276 -2.0390625 -48.13971
v -154.78073 -31.672852 -48.13958
v -176.9614 -47.169434 -48.139572
v -165.8735 -39.417603 -48.139587
v -189.83739 -56.181152 -48.139656
v -202.70848 -65.19873 -48.139656
v -217.50926 -75.57764 -48.139656
v -268.26416 -111.222534 -48.139656
v -250.28758 -98.58923 -48.139587
v -232.30711 -85.96228 -48.139565
v -395.14697 -200.13904 -49.72345
v -372.2749 -184.42468 -48.139595
v -286.2378 -123.86023 -48.139603
v -304.2085 -136.50195 -48.139587
v -326.8999 -152.47156 -48.13958
v -315.55518 -144.48633 -48.139587
v -338.2456 -160.45837 -48.139565
v -360.93213 -176.43494 -48.13965
v -349.58936 -168.44617 -48.139664
v -383.61768 -192.41492 -48.13961
v -394.9585 -200.40613 -48.139587
v -417.687 199.23413 -50.96791
v -417.687 200.12476 -49.61207
v -417.687 200.40625 -48.139618
v -417.687 200.406 1.9999962
v -417.687 191.30444 52.13956
v -417.687 191.30469 -0.000061035156
v -417.687 200.406 52.139736
v -417.687 197.87793 -51.85884
v -417.687 191.30469 -52.139633
v -417.687 196.40625 -52.139633
v -422.78857 191.30469 -52.139633
v -417.687 191.30469 -52.139633
v -417.687 191.30469 -0.000061035156
v -426.78857 191.30444 52.13956
v -426.78857 191.30469 1.9999428
v -417.687 191.30444 52.13956
v -424.26025 191.30444 -51.85875
v -426.50732 191.30444 -49.61193
v -425.6167 191.30444 -50.96791
v -426.78857 191.30469 -48.139626
v -131.04245 37.180542 -51.639565
v -131.04245 37.180664 -50.33439
v -131.70944 36.378906 -50.33438
v -131.70944 36.378784 -51.639565
v -130.5073 38.14734 -51.639565
v -130.15866 39.244995 -51.63952
v -130.5073 38.147583 -50.93306
v -130.15866 41.58484 -51.63952
v -130.15866 41.58496 -50.334396
v -130.03757 40.41504 -50.334396
v -130.03757 40.414917 -51.63952
v -131.04245 43.649292 -51.639526
v -131.04245 43.649292 -50.334305
v -130.5073 42.682617 -50.33425
v -130.5073 42.682617 -51.63958
v -130.15866 39.245117 -50.334396
v -132.5112 45.11902 -51.639526
v -132.5112 45.11902 -50.33441
v -131.70944 44.452026 -50.334305
v -131.70944 44.452026 -51.639526
v -134.57663 46.002808 -51.639526
v -134.57663 46.002808 -50.33441
v -133.47897 45.654297 -50.33439
v -133.47897 45.654175 -51.639565
v -136.9155 46.002808 -51.639526
v -136.9155 46.002808 -50.33441
v -135.74655 46.124023 -50.33425
v -135.74655 46.124023 -51.63958
v -138.98093 45.11902 -51.639526
v -138.98093 45.11902 -50.33441
v -138.01315 45.654297 -50.33439
v -138.01315 45.654175 -51.639565
v -139.78268 44.452026 -51.639526
v -139.78268 44.45215 -50.93315
v -142.91354 41.321167 -50.33442
v -141.8696 42.365234 -50.334373
v -141.8696 42.365112 -51.639557
v -140.82663 43.408203 -50.334396
v -145.00046 39.234375 -50.33439
v -143.95651 40.27832 -50.334404
v -143.95651 40.2782 -51.63952
v -147.08737 37.14734 -50.334305
v -146.04343 38.190308 -50.334328
v -149.17429 35.060425 -51.639557
v -149.17429 35.060547 -50.33438
v -148.13034 36.103516 -50.334396
v -151.2612 32.97351 -51.639526
v -151.2612 32.97351 -50.334404
v -150.21725 34.01709 -50.33439
v -153.34811 30.886719 -51.639595
v -153.34811 30.886597 -50.334328
v -152.30417 31.930176 -50.33425
v -152.30417 31.930176 -51.63958
v -155.43503 28.799316 -51.639595
v -155.43503 28.799194 -50.33432
v -154.39206 29.842773 -50.33425
v -156.47897 27.755981 -50.93306
v -130.5073 38.14746 -50.33438
v -139.78268 44.452026 -50.334305
v -156.47897 27.755737 -51.639557
v -157.14597 26.95398 -51.639557
v -157.14597 26.954102 -50.33438
v -158.02975 24.889038 -51.63952
v -158.02975 24.88916 -50.334396
v -157.68112 25.986816 -50.33425
v -157.68112 25.986816 -51.63958
v -158.02975 22.549805 -51.639587
v -158.02975 22.549683 -50.334427
v -158.15085 23.719238 -50.334396
v -158.15085 23.719116 -51.63952
v -156.47897 19.682617 -51.63958
v -156.47897 19.682617 -50.334244
v -157.14597 20.484863 -50.33438
v -157.14597 20.484741 -51.639565
v -157.68112 21.452026 -51.639526
v -157.68112 21.452026 -50.33441
v -153.61179 18.131836 -51.63958
v -153.61179 18.131836 -50.33425
v -154.70944 18.480469 -50.334373
v -154.70944 18.480347 -51.639557
v -155.67624 19.015625 -50.33425
v -155.67624 19.015625 -51.63958
v -151.27194 18.131836 -51.63958
v -151.27194 18.131836 -50.33425
v -152.44186 18.01062 -50.33441
v -152.44186 18.01062 -51.639526
v -150.17429 18.480347 -51.639557
v -149.20749 19.015625 -51.63958
v -149.20749 19.015625 -50.93316
v -148.40573 19.682617 -51.63958
v -148.40573 19.682617 -50.93315
v -150.17429 18.480469 -50.334373
v -146.31784 21.76941 -51.639565
v -146.31784 21.769531 -50.33439
v -147.36179 20.726074 -50.334404
v -144.23093 23.856323 -50.33442
v -145.27487 22.812988 -50.334373
v -145.27487 22.812988 -51.639595
v -142.14401 25.943726 -50.334427
v -143.18796 24.90039 -50.334373
v -140.0571 28.030762 -50.334396
v -141.10104 26.987183 -50.334305
v -141.10104 26.987183 -51.639526
v -137.97018 30.117676 -51.639595
v -137.97018 30.117554 -50.334328
v -139.01413 29.074219 -50.33439
v -139.01413 29.074097 -51.639565
v -135.88327 32.204468 -50.334404
v -136.92722 31.161133 -50.33425
v -133.79636 34.29138 -51.639557
v -133.79636 34.291504 -50.33438
v -134.8403 33.248047 -50.334396
v -132.75339 35.33484 -50.33432
v -131.70944 36.378784 -51.639565
v -131.70944 36.378906 -50.33438
v -156.47897 27.75586 -50.33438
v -149.20749 19.015625 -50.33425
v -148.40573 19.682617 -50.334244
vt 0.049915828 0.484163
vt 0.050007448 0.48379016
vt 0.049208764 0.48202574
vt 0.0491025 0.4823655
vt 0.049776785 0.48455346
vt 0.04893958 0.4827044
vt 0.048604734 0.48001957
vt 0.048487194 0.48031998
vt 0.048307255 0.4805988
vt 0.04819653 0.47765577
vt 0.04807081 0.47791046
vt 0.047878604 0.4781189
vt 0.048058517 0.4751882
vt 0.04792947 0.47539544
vt 0.047732484 0.47553134
vt 0.048196495 0.47272044
vt 0.048070773 0.47288024
vt 0.04787862 0.4729439
vt 0.048604812 0.47035635
vt 0.048487224 0.47046852
vt 0.048307285 0.47046387
vt 0.0492088 0.4683503
vt 0.04910249 0.46842504
vt 0.048939586 0.46835864
vt 0.050006334 0.46658587
vt 0.049915843 0.46662575
vt 0.049776744 0.46650958
vt 0.050972484 0.46512556
vt 0.050899062 0.4651386
vt 0.050789297 0.46497893
vt 0.05206871 0.4640233
vt 0.052017882 0.46401346
vt 0.05193966 0.46382093
vt 0.05336288 0.46327674
vt 0.05333676 0.4632523
vt 0.05329613 0.46303672
vt 0.05471133 0.46302235
vt 0.05471133 0.46299386
vt 0.054711334 0.4627701
vt 0.056060873 0.4632768
vt 0.05608691 0.4632523
vt 0.05612763 0.46303666
vt 0.057355076 0.46402335
vt 0.057406012 0.4640134
vt 0.05748401 0.46382087
vt 0.05845052 0.46512783
vt 0.058524698 0.4651386
vt 0.058634568 0.46497893
vt 0.05941605 0.4665861
vt 0.059507888 0.4666258
vt 0.059647013 0.4665097
vt 0.07875721 0.50194663
vt 0.07884787 0.50198764
vt 0.07898699 0.5018692
vt 0.079554945 0.50371104
vt 0.0796623 0.5037858
vt 0.07982408 0.5037194
vt 0.08015906 0.5057161
vt 0.08027775 0.50583065
vt 0.080457665 0.5058241
vt 0.080567405 0.50808132
vt 0.08069419 0.50824094
vt 0.08088633 0.50830466
vt 0.080706485 0.51054877
vt 0.08083543 0.51075608
vt 0.08103109 0.51089227
vt 0.08056728 0.51301527
vt 0.080694154 0.51326984
vt 0.08088635 0.51347977
vt 0.08015893 0.5153805
vt 0.080277696 0.5156818
vt 0.080457695 0.5159595
vt 0.07955498 0.51738662
vt 0.079662345 0.51772618
vt 0.07982406 0.51806402
vt 0.078757286 0.51915085
vt 0.07884901 0.51952457
vt 0.078986995 0.51991397
vt 0.07779237 0.52061003
vt 0.07786478 0.5210119
vt 0.07797563 0.52144468
vt 0.076695025 0.52171355
vt 0.07674598 0.5221371
vt 0.07682398 0.52260327
vt 0.07540201 0.52246016
vt 0.075427994 0.52289802
vt 0.07546762 0.52338576
vt 0.07405242 0.52271348
vt 0.07405242 0.52315772
vt 0.07405243 0.5236525
vt 0.07270287 0.5224601
vt 0.07267686 0.52289802
vt 0.07263723 0.52338576
vt 0.07140993 0.5217135
vt 0.07135897 0.5221371
vt 0.071280845 0.52260327
vt 0.07031332 0.52060866
vt 0.07024017 0.5210119
vt 0.07012929 0.52144468
vt 0.06934762 0.51915073
vt 0.06925584 0.51952457
vt 0.06911795 0.51991397
vt 0.050007448 0.48379016
vt 0.0499158 0.484163
vt 0.04977677 0.48455346
vt 0.05003579 0.48351133
vt 0.049263004 0.4818136
vt 0.049235888 0.4818701
vt 0.04864295 0.47976583
vt 0.048635155 0.47987425
vt 0.04823939 0.47744083
vt 0.04809918 0.47496295
vt 0.048227016 0.4775294
vt 0.04823934 0.47248507
vt 0.048227012 0.4726193
vt 0.04864323 0.47016025
vt 0.04926323 0.4681126
vt 0.04923601 0.46826082
vt 0.050035734 0.4664126
vt 0.050030164 0.46650475
vt 0.052085564 0.46386623
vt 0.052082174 0.46395445
vt 0.050990593 0.4650525
vt 0.050964467 0.46499956
vt 0.05335711 0.46312803
vt 0.04863536 0.4702568
vt 0.04808903 0.4750744
vt 0.05336849 0.46321857
vt 0.054711338 0.4628718
vt 0.05606655 0.46312803
vt 0.056055263 0.46321857
vt 0.054711334 0.46296406
vt 0.057338092 0.4638666
vt 0.057341445 0.4639547
vt 0.05845922 0.46499985
vt 0.05938765 0.46641326
vt 0.058433022 0.46505314
vt 0.06059731 0.46862358
vt 0.061805457 0.4708326
vt 0.06301478 0.47304356
vt 0.06543218 0.4774636
vt 0.06664043 0.4796747
vt 0.067849815 0.4818834
vt 0.064222954 0.4752524
vt 0.070267215 0.4863035
vt 0.069057986 0.4840945
vt 0.079137474 0.50163746
vt 0.059797388 0.46627527
vt 0.0714755 0.48851335
vt 0.07268482 0.49072325
vt 0.07389293 0.49293333
vt 0.07510229 0.4951434
vt 0.076310396 0.4973544
vt 0.07751975 0.4995644
vt 0.04876304 0.48296463
vt 0.049626302 0.4848717
vt 0.04811142 0.4807968
vt 0.047669236 0.47824073
vt 0.047519818 0.4755743
vt 0.047669195 0.47290838
vt 0.04811144 0.47035217
vt 0.04876302 0.46818215
vt 0.049626283 0.46627522
vt 0.05185482 0.46350586
vt 0.050669283 0.4646995
vt 0.053253118 0.46269917
vt 0.054711334 0.46242428
vt 0.056170635 0.46269917
vt 0.058754362 0.46469945
vt 0.05756892 0.46350586
vt 0.07872799 0.5017746
vt 0.08012186 0.50552076
vt 0.08012974 0.50561726
vt 0.079529054 0.50362128
vt 0.07950203 0.5034722
vt 0.08052561 0.50784588
vt 0.08053677 0.51289028
vt 0.08066577 0.51032382
vt 0.0805256 0.51280034
vt 0.08012961 0.51523405
vt 0.0801216 0.51512533
vt 0.080536865 0.50797904
vt 0.07952893 0.5172301
vt 0.07950176 0.51717412
vt 0.078728005 0.51887292
vt 0.07779921 0.52028567
vt 0.0777744 0.52043784
vt 0.076682664 0.52153617
vt 0.07667916 0.52141923
vt 0.07540763 0.5221575
vt 0.080674835 0.5104351
vt 0.07539536 0.52229053
vt 0.07405242 0.52241385
vt 0.07269712 0.5221575
vt 0.072709605 0.52229053
vt 0.07142579 0.52141923
vt 0.07142228 0.5215361
vt 0.070305735 0.52028567
vt 0.069376014 0.51887232
vt 0.07033079 0.52043748
vt 0.068167746 0.516663
vt 0.06695833 0.51445323
vt 0.06575008 0.5122431
vt 0.06333259 0.50782222
vt 0.06212325 0.50561196
vt 0.06091515 0.50340217
vt 0.06454081 0.51003313
vt 0.058497652 0.49898237
vt 0.059705988 0.50119227
vt 0.05728822 0.49677217
vt 0.07405243 0.5225439
vt 0.05608014 0.49456215
vt 0.054870855 0.49235225
vt 0.05245346 0.48793232
vt 0.05124392 0.4857223
vt 0.053662594 0.49014223
vt 0.050035793 0.48351133
vt 0.08000053 0.5035441
vt 0.08109453 0.50826782
vt 0.08065342 0.50571167
vt 0.081244916 0.5109352
vt 0.08109452 0.51360148
vt 0.08000055 0.51832616
vt 0.08065342 0.5161577
vt 0.079138674 0.52023315
vt 0.07809449 0.52181023
vt 0.07551052 0.52381033
vt 0.07690892 0.52300274
vt 0.07405243 0.52408552
vt 0.0496263 0.4848717
vt 0.068966284 0.52023315
vt 0.07259432 0.52381033
vt 0.07119611 0.52300274
vt 0.070009276 0.52181023
vt 0.051243916 0.4857223
vt 0.051243972 0.48412627
vt 0.05003576 0.48191524
vt 0.050035786 0.48351133
vt 0.053662606 0.49014223
vt 0.053662587 0.48854625
vt 0.052453425 0.48633623
vt 0.05245345 0.48793232
vt 0.05608012 0.49296606
vt 0.054870833 0.49075615
vt 0.054870848 0.49235225
vt 0.058497645 0.49898243
vt 0.058497623 0.49738604
vt 0.05728827 0.49517632
vt 0.057288215 0.49677217
vt 0.060915146 0.50340217
vt 0.06091513 0.50180614
vt 0.059705894 0.49959618
vt 0.05970598 0.50119227
vt 0.06333258 0.50782228
vt 0.06333256 0.50622588
vt 0.062123302 0.50401634
vt 0.062123246 0.50561196
vt 0.06575007 0.5122431
vt 0.065750115 0.510647
vt 0.06454086 0.5084374
vt 0.06816774 0.516663
vt 0.06816766 0.5150671
vt 0.06695829 0.51285702
vt 0.06695832 0.51445323
vt 0.069375746 0.51887292
vt 0.06937577 0.5180092
vt 0.070305735 0.52028567
vt 0.071425796 0.52055544
vt 0.07269712 0.5221575
vt 0.07405242 0.52241385
vt 0.07405242 0.52155006
vt 0.07142579 0.52141923
vt 0.07540763 0.5221575
vt 0.07540763 0.52056146
vt 0.0777992 0.52028567
vt 0.07779922 0.51868957
vt 0.07667918 0.519823
vt 0.07667916 0.52141923
vt 0.07872801 0.51887292
vt 0.07950177 0.51717412
vt 0.07950182 0.51630968
vt 0.07872799 0.5180092
vt 0.0805256 0.51280034
vt 0.08052558 0.51120484
vt 0.080121614 0.5135296
vt 0.0801216 0.51512533
vt 0.080665775 0.51032382
vt 0.08052561 0.50784594
vt 0.080525585 0.50698185
vt 0.080665775 0.50945973
vt 0.080121614 0.505521
vt 0.07950179 0.5034725
vt 0.07950176 0.50187647
vt 0.0801216 0.5039249
vt 0.06937573 0.51727676
vt 0.07030572 0.51868963
vt 0.071425766 0.519823
vt 0.07269711 0.52056146
vt 0.07405242 0.52081805
vt 0.07872803 0.51727676
vt 0.080665775 0.50872767
vt 0.07950179 0.5155779
vt 0.08052558 0.50624985
vt 0.07872794 0.5009101
vt 0.078728 0.50177455
vt 0.07751975 0.49956435
vt 0.07631038 0.4957583
vt 0.077519804 0.49796838
vt 0.07389291 0.49133736
vt 0.075102344 0.4935475
vt 0.07147548 0.48851335
vt 0.07147547 0.48691738
vt 0.07268481 0.48912764
vt 0.072684824 0.49072325
vt 0.069058 0.4840945
vt 0.06905791 0.4824984
vt 0.0702672 0.48470742
vt 0.07026722 0.48630357
vt 0.06664042 0.4796747
vt 0.066640474 0.47807872
vt 0.067849874 0.4802875
vt 0.06543219 0.4774636
vt 0.06543217 0.4758675
vt 0.063014776 0.47304356
vt 0.063014835 0.4714477
vt 0.06422288 0.47365648
vt 0.06422297 0.4752524
vt 0.061805464 0.4708326
vt 0.06180544 0.4692365
vt 0.060597323 0.46862358
vt 0.060597237 0.46702754
vt 0.07872797 0.50017834
vt 0.05938793 0.46641254
vt 0.058459222 0.46499985
vt 0.058459174 0.46413594
vt 0.059387878 0.46554857
vt 0.057338096 0.4638666
vt 0.054711338 0.4628718
vt 0.054711338 0.46127558
vt 0.056066547 0.46153224
vt 0.056066554 0.46312797
vt 0.05335713 0.46226406
vt 0.05335711 0.46312803
vt 0.052085668 0.4638666
vt 0.050964534 0.46499985
vt 0.05096455 0.46340406
vt 0.052085683 0.46227044
vt 0.057338078 0.46227038
vt 0.050035782 0.46554857
vt 0.05003573 0.4664126
vt 0.049263228 0.46811265
vt 0.04823934 0.47248507
vt 0.048239373 0.4708891
vt 0.048643243 0.46856415
vt 0.04864323 0.47016025
vt 0.049263243 0.4665169
vt 0.048099175 0.47496295
vt 0.048099175 0.47336698
vt 0.04864322 0.47976565
vt 0.0486432 0.47816944
vt 0.04823935 0.47584474
vt 0.048239384 0.47744083
vt 0.049263276 0.48181343
vt 0.049263254 0.48021704
vt 0.059387915 0.46481657
vt 0.058459207 0.46340406
vt 0.053357117 0.46153224
vt 0.050035745 0.46481657
vt 0.04991579 0.25868678
vt 0.050007507 0.25864708
vt 0.06934746 0.22328544
vt 0.06925586 0.22332674
vt 0.04977673 0.25856853
vt 0.06911794 0.22320867
vt 0.07031247 0.22182703
vt 0.07024012 0.22183776
vt 0.07012929 0.22167873
vt 0.07140986 0.22072273
vt 0.07135893 0.22071481
vt 0.07128086 0.22051984
vt 0.072702825 0.21997589
vt 0.07267689 0.21995175
vt 0.072637215 0.21973616
vt 0.07405242 0.21972144
vt 0.07405242 0.21969295
vt 0.074052416 0.21947134
vt 0.07540202 0.21997595
vt 0.075427964 0.21995175
vt 0.075467624 0.21973622
vt 0.07669506 0.2207228
vt 0.07674601 0.22071481
vt 0.076824 0.22051972
vt 0.077792354 0.22182715
vt 0.07786485 0.22183782
vt 0.077975675 0.22167861
vt 0.078757346 0.22328544
vt 0.078849 0.2233268
vt 0.078987 0.22320873
vt 0.07955497 0.22504956
vt 0.079662316 0.22512448
vt 0.07982402 0.22505993
vt 0.08015911 0.22705609
vt 0.08027773 0.22716999
vt 0.08045762 0.22716343
vt 0.08056748 0.2294203
vt 0.08069416 0.22957933
vt 0.0808863 0.22964323
vt 0.08070654 0.23188728
vt 0.08083543 0.2320944
vt 0.08103107 0.2322306
vt 0.08056736 0.23435467
vt 0.0806941 0.23460972
vt 0.08088633 0.23481828
vt 0.080158934 0.2367189
vt 0.08027774 0.23702127
vt 0.08045767 0.23730016
vt 0.07955487 0.2387256
vt 0.07966235 0.23906475
vt 0.079824075 0.23940349
vt 0.078757286 0.24048948
vt 0.07884798 0.24086392
vt 0.07898697 0.24125254
vt 0.059416197 0.275851
vt 0.059507884 0.27622354
vt 0.059647005 0.27661455
vt 0.058451317 0.27730918
vt 0.058524735 0.2777108
vt 0.058634546 0.27814472
vt 0.057355117 0.27841365
vt 0.057406023 0.2788359
vt 0.057484 0.27930307
vt 0.056060903 0.27916014
vt 0.0560869 0.27959716
vt 0.056127615 0.2800851
vt 0.054711334 0.27941453
vt 0.054711327 0.2798577
vt 0.05471133 0.28035188
vt 0.053362846 0.2791602
vt 0.05333676 0.27959716
vt 0.05329615 0.2800851
vt 0.052068666 0.27841365
vt 0.05201786 0.2788359
vt 0.051939666 0.27930307
vt 0.05097251 0.27730918
vt 0.050899006 0.27771086
vt 0.050789308 0.27814472
vt 0.050006237 0.275851
vt 0.049915846 0.27622354
vt 0.04977675 0.27661455
vt 0.04920873 0.27408648
vt 0.0491025 0.27442622
vt 0.04893957 0.27476305
vt 0.048604716 0.27208042
vt 0.048487194 0.2723807
vt 0.04830725 0.27265966
vt 0.048196442 0.26971418
vt 0.04807083 0.26996905
vt 0.04787859 0.27017975
vt 0.048058413 0.26724964
vt 0.047929432 0.26745605
vt 0.047732495 0.2675922
vt 0.048196416 0.2647817
vt 0.04807081 0.26494157
vt 0.0478786 0.2650056
vt 0.048604757 0.26241553
vt 0.048487272 0.2625295
vt 0.048307303 0.26252306
vt 0.049209855 0.26041353
vt 0.0491025 0.2604866
vt 0.048939623 0.26041943
vt 0.050008073 0.25864792
vt 0.049915858 0.25868702
vt 0.049776766 0.25856858
vt 0.05003577 0.25847363
vt 0.051243976 0.2562648
vt 0.052453414 0.25405395
vt 0.05366245 0.251845
vt 0.054870807 0.24963373
vt 0.056080196 0.2474227
vt 0.058497634 0.24300283
vt 0.05728812 0.24521387
vt 0.05970594 0.24079394
vt 0.062123157 0.23637408
vt 0.063332565 0.23416269
vt 0.0645408 0.23195416
vt 0.06091508 0.23858303
vt 0.06574998 0.22974306
vt 0.066958316 0.22753406
vt 0.0681677 0.22532296
vt 0.06936982 0.22320604
vt 0.06937558 0.22311372
vt 0.07030536 0.22170013
vt 0.0703305 0.22175163
vt 0.07142555 0.2205649
vt 0.07142221 0.22065556
vt 0.07269712 0.21982962
vt 0.0727096 0.2199179
vt 0.07405242 0.21957302
vt 0.07540763 0.21982962
vt 0.07539535 0.21991801
vt 0.07667918 0.2205658
vt 0.07668262 0.22065598
vt 0.078728005 0.22311401
vt 0.07873483 0.22320443
vt 0.07777433 0.22175431
vt 0.0777992 0.22170126
vt 0.07950198 0.22481191
vt 0.08012191 0.22685963
vt 0.08052558 0.22918457
vt 0.08012977 0.22695601
vt 0.080665775 0.23166227
vt 0.08053686 0.22931838
vt 0.08052559 0.2341401
vt 0.08012164 0.23646492
vt 0.0801295 0.23657393
vt 0.079501785 0.23851466
vt 0.079528965 0.23856938
vt 0.0805368 0.23422837
vt 0.07952922 0.22496009
vt 0.07405242 0.2196657
vt 0.08067488 0.23177326
vt 0.07872798 0.24021274
vt 0.068966284 0.22297621
vt 0.049626272 0.25833642
vt 0.070009306 0.2213983
vt 0.07119614 0.22020489
vt 0.072594315 0.21939808
vt 0.074052416 0.21912336
vt 0.075510524 0.21939814
vt 0.07690892 0.22020471
vt 0.078094475 0.22139823
vt 0.080000535 0.22488338
vt 0.07913865 0.22297633
vt 0.080653414 0.22705126
vt 0.08109454 0.22960812
vt 0.08124491 0.23227376
vt 0.080653414 0.23749578
vt 0.08109451 0.2349397
vt 0.08000051 0.23966557
vt 0.079137474 0.24157274
vt 0.07751966 0.2424218
vt 0.07631039 0.24463272
vt 0.075102344 0.24684137
vt 0.07389295 0.24905258
vt 0.07268474 0.2512617
vt 0.07147552 0.25347257
vt 0.07026721 0.2556815
vt 0.06905781 0.25789273
vt 0.06664049 0.2623124
vt 0.06784981 0.26010156
vt 0.064222775 0.2667327
vt 0.06543218 0.2645234
vt 0.06301477 0.26894325
vt 0.061805394 0.2711522
vt 0.060597274 0.2733631
vt 0.059387933 0.27557206
vt 0.05843325 0.27713716
vt 0.057338167 0.27811837
vt 0.05734146 0.27823538
vt 0.05845935 0.2769853
vt 0.056066565 0.27885687
vt 0.05605528 0.27899075
vt 0.05471134 0.27911317
vt 0.054711346 0.2792431
vt 0.053357106 0.27885675
vt 0.053368486 0.27899063
vt 0.052085716 0.278118
vt 0.052082263 0.2782352
vt 0.05096453 0.27698493
vt 0.05003545 0.27557254
vt 0.050029986 0.2756852
vt 0.04926303 0.27387464
vt 0.049235847 0.27392906
vt 0.050990656 0.27713704
vt 0.048643176 0.27182442
vt 0.04823937 0.26949978
vt 0.04863523 0.27193278
vt 0.048099183 0.26702452
vt 0.048227027 0.2695902
vt 0.0482393 0.26454675
vt 0.048643213 0.26222152
vt 0.04863531 0.26231796
vt 0.049263265 0.2601717
vt 0.049236245 0.2603222
vt 0.04822698 0.264678
vt 0.048088953 0.26713562
vt 0.05003629 0.25847447
vt 0.05979736 0.2769326
vt 0.05875439 0.2785102
vt 0.057568926 0.27970386
vt 0.056170627 0.28051043
vt 0.054711334 0.28078544
vt 0.051854815 0.27970386
vt 0.053253125 0.2805105
vt 0.050669268 0.2785102
vt 0.04962631 0.2769326
vt 0.048763014 0.27502513
vt 0.048111416 0.27285767
vt 0.047519866 0.26763546
vt 0.047669213 0.27030134
vt 0.047669224 0.26496732
vt 0.04876304 0.26024348
vt 0.048111435 0.26241052
vt 0.04962631 0.25833648
vt 0.04926326 0.2601717
vt 0.049263276 0.25857562
vt 0.050035786 0.25687748
vt 0.048239302 0.26381457
vt 0.048643213 0.26222152
vt 0.04823931 0.26454675
vt 0.048643317 0.260625
vt 0.048099186 0.26629257
vt 0.048099175 0.26702452
vt 0.04823937 0.26949978
vt 0.048643183 0.27109218
vt 0.04864318 0.27182442
vt 0.049263284 0.27387422
vt 0.050035726 0.27557206
vt 0.05003577 0.27397603
vt 0.04926326 0.27227807
vt 0.05096453 0.27698493
vt 0.052085716 0.278118
vt 0.05096453 0.27625299
vt 0.052085645 0.27652228
vt 0.050964568 0.2753886
vt 0.05208571 0.277386
vt 0.053357106 0.27885675
vt 0.053357124 0.2772606
vt 0.05606655 0.27885675
vt 0.05606653 0.2772606
vt 0.054711334 0.2775172
vt 0.054711334 0.27911317
vt 0.057338048 0.27811807
vt 0.05733811 0.27652228
vt 0.05845923 0.276985
vt 0.05845919 0.2753886
vt 0.059387915 0.2747084
vt 0.059387933 0.27557206
vt 0.06180541 0.27115214
vt 0.061805427 0.26955616
vt 0.060597282 0.27176726
vt 0.060597267 0.2733631
vt 0.06422277 0.2667327
vt 0.0642229 0.26513624
vt 0.06301483 0.2673474
vt 0.0630148 0.2689432
vt 0.066640496 0.2623124
vt 0.06664059 0.26071656
vt 0.065432206 0.26292717
vt 0.067849815 0.26010156
vt 0.06784971 0.25850552
vt 0.070267364 0.25408518
vt 0.06905793 0.25629634
vt 0.069057785 0.25789267
vt 0.0702672 0.2556815
vt 0.072684735 0.2512617
vt 0.07268479 0.24966562
vt 0.07147561 0.2518764
vt 0.07147551 0.25347263
vt 0.07510245 0.24524552
vt 0.073892966 0.24745643
vt 0.07510235 0.24684143
vt 0.077519655 0.24242175
vt 0.0775198 0.24082524
vt 0.07631029 0.24303675
vt 0.0763104 0.24463278
vt 0.07872799 0.24021274
vt 0.07872815 0.23861629
vt 0.07950179 0.23851466
vt 0.079501875 0.23691833
vt 0.04823936 0.26294994
vt 0.048239358 0.2679035
vt 0.048099175 0.26542783
vt 0.048643216 0.2702284
vt 0.05938789 0.27397603
vt 0.08052559 0.23340797
vt 0.08012164 0.23646492
vt 0.08052559 0.2341401
vt 0.080665775 0.23093027
vt 0.080665775 0.23166227
vt 0.08052558 0.22918457
vt 0.08012166 0.22685993
vt 0.07950181 0.22481209
vt 0.08012166 0.22612774
vt 0.07872801 0.22311401
vt 0.07779921 0.22170126
vt 0.0777992 0.22096938
vt 0.07667918 0.2205658
vt 0.07667917 0.21983391
vt 0.079501905 0.22321624
vt 0.08052558 0.22845238
vt 0.08012173 0.22526383
vt 0.08052554 0.22758812
vt 0.07667905 0.21896964
vt 0.0777993 0.22010535
vt 0.07872812 0.22151798
vt 0.07405242 0.21957302
vt 0.074052416 0.21884096
vt 0.07540763 0.2190975
vt 0.075407624 0.21982956
vt 0.072697125 0.2190975
vt 0.072697125 0.21982956
vt 0.07142577 0.2205658
vt 0.07142578 0.21983391
vt 0.07142589 0.2189697
vt 0.07269708 0.21823335
vt 0.070305735 0.22170126
vt 0.070305735 0.22096944
vt 0.069375746 0.22311401
vt 0.06695829 0.22753406
vt 0.066958316 0.2259379
vt 0.0681678 0.22372669
vt 0.06454084 0.2319541
vt 0.06454087 0.23035783
vt 0.06575016 0.22814673
vt 0.06574999 0.22974306
vt 0.06333256 0.23416281
vt 0.063332714 0.23256671
vt 0.06937564 0.22151792
vt 0.060915094 0.23858297
vt 0.06091499 0.23698688
vt 0.062123302 0.23477751
vt 0.062123165 0.23637414
vt 0.05849762 0.24300283
vt 0.058497638 0.24140656
vt 0.059706036 0.23919773
vt 0.057288107 0.24521399
vt 0.057288244 0.24361777
vt 0.054870784 0.24963379
vt 0.054870877 0.2480377
vt 0.05608029 0.24582672
vt 0.052453436 0.25405395
vt 0.052453328 0.25245786
vt 0.053662624 0.25024855
vt 0.053662453 0.251845
vt 0.051243983 0.25626475
vt 0.05124408 0.25466865
vt 0.0500358 0.25687742
vt 0.050035782 0.25847363
vt 0.080121644 0.23486859
vt 0.08052563 0.23254383
vt 0.080665775 0.23006594
vt 0.074052416 0.21797699
vt 0.07540767 0.21823335
vt 0.07030564 0.22010535
vt 0.34680158 0.2586869
vt 0.34671 0.25864708
vt 0.3475086 0.2604115
vt 0.34761503 0.26048648
vt 0.34694076 0.25856858
vt 0.34777787 0.26041937
vt 0.3481116 0.2624154
vt 0.34823036 0.26252937
vt 0.34841022 0.262523
vt 0.34852114 0.2647817
vt 0.3486467 0.26494157
vt 0.34883898 0.2650057
vt 0.3486592 0.26724964
vt 0.34878808 0.2674561
vt 0.34898502 0.2675923
vt 0.34852114 0.26971412
vt 0.34864673 0.269969
vt 0.34883904 0.27017975
vt 0.34811154 0.27208042
vt 0.34823042 0.2723807
vt 0.34841025 0.27265966
vt 0.34750867 0.27408648
vt 0.34761497 0.27442628
vt 0.34777793 0.2747631
vt 0.34671003 0.27585095
vt 0.34680152 0.27622354
vt 0.34694076 0.27661455
vt 0.34574506 0.27730918
vt 0.34581748 0.27771086
vt 0.34592828 0.27814472
vt 0.34464878 0.2784137
vt 0.34469977 0.2788359
vt 0.34477785 0.27930307
vt 0.34335464 0.27916014
vt 0.34338075 0.27959716
vt 0.34342027 0.2800851
vt 0.34200507 0.27941453
vt 0.34200507 0.2798577
vt 0.34200507 0.28035182
vt 0.3406567 0.2791602
vt 0.3406306 0.27959716
vt 0.3405899 0.2800851
vt 0.33936247 0.27841365
vt 0.3393116 0.2788359
vt 0.3392334 0.27930307
vt 0.33826604 0.27730775
vt 0.33819276 0.27771086
vt 0.33808303 0.27814472
vt 0.33730027 0.27585083
vt 0.33720958 0.27622354
vt 0.33707058 0.27661455
vt 0.3179601 0.24048954
vt 0.31786844 0.24086392
vt 0.31773064 0.24125254
vt 0.31716156 0.23872554
vt 0.31705508 0.2390647
vt 0.31689343 0.23940355
vt 0.31655848 0.2367189
vt 0.31643975 0.23702121
vt 0.31625992 0.23730016
vt 0.31615016 0.23435473
vt 0.31602347 0.23460972
vt 0.31583115 0.23481828
vt 0.316011 0.2318874
vt 0.31588197 0.23209447
vt 0.31568515 0.23223066
vt 0.31615022 0.22942042
vt 0.31602344 0.22957939
vt 0.31583118 0.22964329
vt 0.31655848 0.22705615
vt 0.31643975 0.22716999
vt 0.31625995 0.22716331
vt 0.31716254 0.22504956
vt 0.31705508 0.22512442
vt 0.31689346 0.22505993
vt 0.31796002 0.22328544
vt 0.3178685 0.2233268
vt 0.31773064 0.22320873
vt 0.3189251 0.22182703
vt 0.31885263 0.22183776
vt 0.31874186 0.22167873
vt 0.32002237 0.22072273
vt 0.31997156 0.22071481
vt 0.3198934 0.22051984
vt 0.32131538 0.21997589
vt 0.32128963 0.21995175
vt 0.32124984 0.21973616
vt 0.32266507 0.21972144
vt 0.32266507 0.21969295
vt 0.32266507 0.21947134
vt 0.32401466 0.21997595
vt 0.3240406 0.21995175
vt 0.3240803 0.21973622
vt 0.32530767 0.22072291
vt 0.32535866 0.22071481
vt 0.32543665 0.22051978
vt 0.32640427 0.22182918
vt 0.32647747 0.22183788
vt 0.32658824 0.22167873
vt 0.32736996 0.22328556
vt 0.3274605 0.22332692
vt 0.3275996 0.22320884
vt 0.34670997 0.25864708
vt 0.3468015 0.25868708
vt 0.34694073 0.25856864
vt 0.3466817 0.25847363
vt 0.34745458 0.2601714
vt 0.3474816 0.26032174
vt 0.34807453 0.26222122
vt 0.34808227 0.26231784
vt 0.3484782 0.26454675
vt 0.34861842 0.26702452
vt 0.3484906 0.264678
vt 0.34847814 0.26949978
vt 0.34849054 0.26959014
vt 0.34862855 0.26713562
vt 0.3474543 0.27387416
vt 0.34748155 0.27392888
vt 0.3480822 0.27193272
vt 0.34807432 0.27182436
vt 0.346682 0.27557254
vt 0.34668747 0.2756852
vt 0.3457533 0.27698547
vt 0.34463188 0.278118
vt 0.345727 0.27713728
vt 0.3433603 0.27885675
vt 0.34463525 0.2782352
vt 0.3433491 0.2789907
vt 0.34200507 0.2791131
vt 0.34065095 0.27885675
vt 0.34066224 0.27899063
vt 0.34200507 0.279243
vt 0.33937955 0.278118
vt 0.33937597 0.2782352
vt 0.33825827 0.27698493
vt 0.33732983 0.27557147
vt 0.3382846 0.27713656
vt 0.33612022 0.2733631
vt 0.33491212 0.2711522
vt 0.33370283 0.26894325
vt 0.33128533 0.2645234
vt 0.33007702 0.2623124
vt 0.3288678 0.26010156
vt 0.33249483 0.2667327
vt 0.3264503 0.2556815
vt 0.3276597 0.25789273
vt 0.31757885 0.24157274
vt 0.33692014 0.2769326
vt 0.32524207 0.25347257
vt 0.32403275 0.2512617
vt 0.32282454 0.24905258
vt 0.32040602 0.24463272
vt 0.31919792 0.2424218
vt 0.32161516 0.24684137
vt 0.31798834 0.24021274
vt 0.34860596 0.26241052
vt 0.34795436 0.26024342
vt 0.3490483 0.26496738
vt 0.34709132 0.25833642
vt 0.34919763 0.26763558
vt 0.34904832 0.27030134
vt 0.3479544 0.2750252
vt 0.34860596 0.27285767
vt 0.34709132 0.2769326
vt 0.34604833 0.2785102
vt 0.34486267 0.27970386
vt 0.34346437 0.28051043
vt 0.34200507 0.28078544
vt 0.34054688 0.2805105
vt 0.33796307 0.2785102
vt 0.33914867 0.27970386
vt 0.3171885 0.23856944
vt 0.31659573 0.23646504
vt 0.31658795 0.236574
vt 0.3172156 0.23851478
vt 0.3161919 0.2341401
vt 0.3161808 0.2293185
vt 0.31605172 0.23166227
vt 0.3161919 0.22918457
vt 0.31659594 0.22685993
vt 0.316588 0.22695613
vt 0.31618077 0.23422843
vt 0.3172158 0.22481209
vt 0.3171885 0.22496027
vt 0.3179883 0.22311401
vt 0.31798255 0.22320437
vt 0.32003832 0.2205658
vt 0.31894323 0.22175431
vt 0.31891838 0.22170126
vt 0.32003495 0.22065592
vt 0.3213097 0.21982944
vt 0.31604156 0.23177332
vt 0.32132223 0.21991777
vt 0.32266507 0.2195729
vt 0.32266507 0.21966559
vt 0.32402027 0.21982962
vt 0.3240078 0.21991801
vt 0.32529184 0.2205658
vt 0.32529515 0.22065604
vt 0.32641175 0.22170126
vt 0.32734042 0.22311461
vt 0.32638675 0.22175258
vt 0.3285498 0.22532296
vt 0.3297593 0.22753406
vt 0.33096743 0.22974306
vt 0.33338493 0.23416269
vt 0.33459434 0.23637408
vt 0.33580244 0.23858303
vt 0.33217672 0.23195416
vt 0.33821985 0.24300283
vt 0.33701167 0.24079394
vt 0.33942938 0.24521387
vt 0.3406374 0.2474227
vt 0.3418467 0.24963373
vt 0.34426418 0.25405395
vt 0.3454723 0.2562648
vt 0.34305504 0.251845
vt 0.3167168 0.23966563
vt 0.315623 0.2349397
vt 0.31606418 0.23749578
vt 0.31547245 0.23227382
vt 0.31562296 0.22960818
vt 0.31671676 0.22488338
vt 0.31606415 0.22705114
vt 0.31757888 0.22297627
vt 0.31862196 0.2213983
vt 0.32120687 0.21939808
vt 0.31980866 0.22020489
vt 0.32266507 0.21912336
vt 0.32775012 0.22297645
vt 0.32412317 0.21939814
vt 0.32552147 0.22020477
vt 0.32670823 0.22139841
vt 0.34547222 0.2546687
vt 0.34668168 0.25687742
vt 0.3466817 0.25847363
vt 0.34305507 0.251845
vt 0.3430549 0.25024855
vt 0.34426427 0.25245792
vt 0.34063742 0.24742275
vt 0.34063733 0.24582672
vt 0.34184662 0.24803764
vt 0.33821985 0.24300277
vt 0.33821982 0.2414065
vt 0.33942926 0.24361777
vt 0.33942938 0.24521399
vt 0.33580253 0.236987
vt 0.33701155 0.23919773
vt 0.33701164 0.24079394
vt 0.3333849 0.23416269
vt 0.33338475 0.2325666
vt 0.33459422 0.23477751
vt 0.33459437 0.23637414
vt 0.33096743 0.22974312
vt 0.33096725 0.22814679
vt 0.33217666 0.23035789
vt 0.3321767 0.23195422
vt 0.32854977 0.22532296
vt 0.32854968 0.22372669
vt 0.32975927 0.22593784
vt 0.32734066 0.22311401
vt 0.32734078 0.22225004
vt 0.3264116 0.22083741
vt 0.32641175 0.22170126
vt 0.32402027 0.21982962
vt 0.32402033 0.2182334
vt 0.32529172 0.2189697
vt 0.32529184 0.2205658
vt 0.3213097 0.21982962
vt 0.32130963 0.21823335
vt 0.32266507 0.21797705
vt 0.32266507 0.21957302
vt 0.31891838 0.22170126
vt 0.3189183 0.22010535
vt 0.32003844 0.2189697
vt 0.32003832 0.2205658
vt 0.3172158 0.22481209
vt 0.3172157 0.22321624
vt 0.31798822 0.22151798
vt 0.3161919 0.22918457
vt 0.31619194 0.22758812
vt 0.31659588 0.22526383
vt 0.31659594 0.22685993
vt 0.31605172 0.23166227
vt 0.31605172 0.23006594
vt 0.31659597 0.23646486
vt 0.31659594 0.23486859
vt 0.31619188 0.23254383
vt 0.3161919 0.2341401
vt 0.31721583 0.23851466
vt 0.31721574 0.23691833
vt 0.3179882 0.23934829
vt 0.32734078 0.22151792
vt 0.32641184 0.22010535
vt 0.3179882 0.23861635
vt 0.31798834 0.24021274
vt 0.31919792 0.24242175
vt 0.31919777 0.24082524
vt 0.32161516 0.24684143
vt 0.32161504 0.24524546
vt 0.3204061 0.24303663
vt 0.320406 0.24463272
vt 0.3240327 0.24966562
vt 0.32282454 0.24745649
vt 0.32645014 0.25408518
vt 0.32524198 0.2518764
vt 0.32524207 0.25347263
vt 0.32886776 0.2601015
vt 0.32886788 0.25850546
vt 0.32765958 0.25629628
vt 0.3276597 0.2578926
vt 0.33128533 0.2645235
vt 0.33128533 0.2629273
vt 0.3300769 0.26071656
vt 0.3324948 0.26673257
vt 0.33249468 0.26513624
vt 0.33491212 0.27115214
vt 0.3349121 0.26955616
vt 0.33370274 0.26734734
vt 0.33370277 0.2689432
vt 0.33612025 0.27336305
vt 0.33612022 0.2717672
vt 0.3373296 0.2747084
vt 0.33732957 0.27557206
vt 0.33825827 0.27698493
vt 0.33937952 0.27725416
vt 0.33937955 0.278118
vt 0.34065095 0.27885675
vt 0.34336028 0.27799278
vt 0.34200507 0.2791131
vt 0.3433603 0.27885675
vt 0.34575307 0.276985
vt 0.345753 0.2753886
vt 0.34463197 0.27652228
vt 0.3446319 0.27811807
vt 0.34200507 0.27751714
vt 0.34065098 0.2772606
vt 0.3474543 0.27387422
vt 0.34745434 0.27227807
vt 0.3466817 0.27397597
vt 0.34668177 0.27557206
vt 0.34847814 0.26949978
vt 0.34847814 0.26790345
vt 0.3480743 0.2702284
vt 0.34807432 0.27182436
vt 0.34861842 0.26702452
vt 0.34861842 0.26542783
vt 0.3480743 0.26222152
vt 0.34807417 0.260625
vt 0.34847814 0.26294994
vt 0.3484782 0.26454675
vt 0.34745434 0.2601717
vt 0.34745434 0.25857568
vt 0.3466817 0.25687754
vt 0.33732963 0.27397603
vt 0.33825833 0.2753886
vt 0.3393795 0.27652222
vt 0.34336028 0.2772606
vt 0.34680158 0.48416293
vt 0.34671006 0.48379016
vt 0.32736993 0.51915085
vt 0.32746056 0.51952457
vt 0.34694076 0.48455346
vt 0.3275996 0.51991397
vt 0.32640502 0.52061003
vt 0.3264774 0.5210119
vt 0.32658818 0.52144468
vt 0.32530767 0.52171355
vt 0.32535863 0.5221371
vt 0.32543662 0.52260327
vt 0.32401463 0.52246016
vt 0.32404062 0.52289802
vt 0.3240803 0.52338576
vt 0.32266507 0.52271348
vt 0.32266507 0.52315772
vt 0.32266507 0.5236525
vt 0.3213154 0.5224601
vt 0.3212896 0.52289802
vt 0.32124987 0.52338576
vt 0.3200225 0.5217135
vt 0.31997162 0.5221371
vt 0.3198934 0.52260327
vt 0.31892514 0.52061003
vt 0.3188527 0.5210119
vt 0.31874186 0.52144468
vt 0.31796014 0.5191508
vt 0.3178685 0.51952457
vt 0.3177306 0.51991397
vt 0.3171625 0.51738662
vt 0.31705508 0.51772618
vt 0.31689346 0.51806402
vt 0.31655848 0.5153805
vt 0.31643978 0.5156818
vt 0.3162599 0.51595956
vt 0.31615022 0.51301527
vt 0.3160234 0.51326984
vt 0.31583112 0.51347977
vt 0.31601095 0.51054883
vt 0.31588197 0.51075608
vt 0.31568512 0.51089227
vt 0.31615022 0.50808138
vt 0.3160234 0.50824094
vt 0.31583115 0.50830466
vt 0.3165585 0.5057162
vt 0.31643975 0.50583065
vt 0.31625992 0.50582403
vt 0.31716147 0.50371104
vt 0.3170551 0.50378573
vt 0.3168934 0.5037194
vt 0.31796017 0.50194663
vt 0.3178685 0.50198746
vt 0.31773064 0.50186914
vt 0.33730027 0.46658587
vt 0.33720955 0.4666257
vt 0.33707058 0.46650958
vt 0.33826515 0.46512562
vt 0.3381928 0.46513867
vt 0.33808303 0.46497893
vt 0.33936256 0.4640234
vt 0.33931163 0.46401358
vt 0.3392334 0.46382093
vt 0.3406567 0.46327674
vt 0.3406306 0.4632523
vt 0.34058988 0.46303672
vt 0.34200507 0.46302235
vt 0.34200507 0.46299386
vt 0.34200507 0.4627701
vt 0.3433546 0.4632768
vt 0.34338075 0.4632523
vt 0.34342027 0.46303666
vt 0.34464872 0.46402335
vt 0.34469974 0.46401346
vt 0.34477785 0.46382093
vt 0.34574512 0.46512562
vt 0.34581745 0.46513867
vt 0.34592834 0.46497893
vt 0.34670994 0.466586
vt 0.34680152 0.4666258
vt 0.34694076 0.46650958
vt 0.3475086 0.4683503
vt 0.34761503 0.46842504
vt 0.34777793 0.46835864
vt 0.34811154 0.4703563
vt 0.3482304 0.47046852
vt 0.34841022 0.47046387
vt 0.34852108 0.4727205
vt 0.34864667 0.47288036
vt 0.34883896 0.47294396
vt 0.3486591 0.47518826
vt 0.34878805 0.47539544
vt 0.34898502 0.47553134
vt 0.34852102 0.4776557
vt 0.34864673 0.4779104
vt 0.348839 0.4781189
vt 0.34811154 0.48001957
vt 0.3482304 0.48031998
vt 0.34841022 0.4805988
vt 0.3475077 0.48202473
vt 0.34761497 0.48236543
vt 0.3477779 0.4827044
vt 0.34670955 0.48378944
vt 0.34680158 0.48416293
vt 0.34694076 0.48455346
vt 0.34668168 0.48351133
vt 0.34547237 0.4857223
vt 0.34426412 0.48793232
vt 0.34305492 0.49014223
vt 0.34184664 0.49235225
vt 0.34063745 0.49456215
vt 0.33821982 0.49898237
vt 0.3394293 0.49677217
vt 0.3370116 0.50119227
vt 0.33459425 0.50561196
vt 0.33580235 0.50340217
vt 0.3321767 0.51003313
vt 0.3333849 0.50782222
vt 0.3297593 0.51445323
vt 0.32854974 0.516663
vt 0.33096734 0.5122431
vt 0.32734066 0.51887292
vt 0.325292 0.5214197
vt 0.32529527 0.5215364
vt 0.32638705 0.52043802
vt 0.3264119 0.52028614
vt 0.32402027 0.5221575
vt 0.3240078 0.52229053
vt 0.32266507 0.52241385
vt 0.3213097 0.5221575
vt 0.32132226 0.52229047
vt 0.32266507 0.5225439
vt 0.32003835 0.52141923
vt 0.32003492 0.5215361
vt 0.31891838 0.52028567
vt 0.31798804 0.51887327
vt 0.31798267 0.5189861
vt 0.31721535 0.51717472
vt 0.3171884 0.5172304
vt 0.3189432 0.52043784
vt 0.31659576 0.51512557
vt 0.31619188 0.51280034
vt 0.31658784 0.51523417
vt 0.31605172 0.51032382
vt 0.31618077 0.51289034
vt 0.31619188 0.50784588
vt 0.316596 0.505521
vt 0.316588 0.50561744
vt 0.31721583 0.5034725
vt 0.31718865 0.50362146
vt 0.31618077 0.50797904
vt 0.3160415 0.5104351
vt 0.31798834 0.5017746
vt 0.32775012 0.52023315
vt 0.34709132 0.4848717
vt 0.32670823 0.52181023
vt 0.32552144 0.52300274
vt 0.32412317 0.52381033
vt 0.32266507 0.52408552
vt 0.32120687 0.52381033
vt 0.31980866 0.52300274
vt 0.31862193 0.52181023
vt 0.31671676 0.51832616
vt 0.31757885 0.52023315
vt 0.31606418 0.5161577
vt 0.31562296 0.51360148
vt 0.31547248 0.5109352
vt 0.31606415 0.50571167
vt 0.31562296 0.50826782
vt 0.31671676 0.5035441
vt 0.31757888 0.5016374
vt 0.31919783 0.4995644
vt 0.32040602 0.4973544
vt 0.3216152 0.4951434
vt 0.32282457 0.49293333
vt 0.3240327 0.49072325
vt 0.3252421 0.48851335
vt 0.3264503 0.4863035
vt 0.32765952 0.4840945
vt 0.33007708 0.4796747
vt 0.3288678 0.4818834
vt 0.33249465 0.4752524
vt 0.33128533 0.4774636
vt 0.3337028 0.47304356
vt 0.33491206 0.4708326
vt 0.3361202 0.46862358
vt 0.3373296 0.46641254
vt 0.33828437 0.4650525
vt 0.33937943 0.46386623
vt 0.3393759 0.46395445
vt 0.3382582 0.46499944
vt 0.34065095 0.46312803
vt 0.34066224 0.46321857
vt 0.3433603 0.46312803
vt 0.3433491 0.46321857
vt 0.34200507 0.46296406
vt 0.34200507 0.4628718
vt 0.34463194 0.4638666
vt 0.34463528 0.4639547
vt 0.34575304 0.46499985
vt 0.34668174 0.46641266
vt 0.34572694 0.46505272
vt 0.34745464 0.46811235
vt 0.34748158 0.4682607
vt 0.34807453 0.4701599
vt 0.34847823 0.47248507
vt 0.34808227 0.47025663
vt 0.34861848 0.47496295
vt 0.34862855 0.4750744
vt 0.34849063 0.4726193
vt 0.3484781 0.47744083
vt 0.3480743 0.4797656
vt 0.34808218 0.47987413
vt 0.34745434 0.48181343
vt 0.34748128 0.4818697
vt 0.34849054 0.47752935
vt 0.3466812 0.48351067
vt 0.33692014 0.46627522
vt 0.33914864 0.46350586
vt 0.3379631 0.4646995
vt 0.34054688 0.46269917
vt 0.34200507 0.46242428
vt 0.3448627 0.46350586
vt 0.34346437 0.46269917
vt 0.34604833 0.46469945
vt 0.34709132 0.46627522
vt 0.34860596 0.47035217
vt 0.34795436 0.4681822
vt 0.3490483 0.47290838
vt 0.3491977 0.4755743
vt 0.3490483 0.47824073
vt 0.34795436 0.48296463
vt 0.34860596 0.4807968
vt 0.34709132 0.48487163
vt 0.40525842 0.3948791
vt 0.45472828 0.3948791
vt 0.45472828 0.3116511
vt 0.40525842 0.3116511
vt 0.45472828 0.22842264
vt 0.40525842 0.22842264
vt 0.40525842 0.47810805
vt 0.3557872 0.3948791
vt 0.3557872 0.3116511
vt 0.30631712 0.3948791
vt 0.30631712 0.3116511
vt 0.25684607 0.47810805
vt 0.30631712 0.47810805
vt 0.25684607 0.3948791
vt 0.25684607 0.3116511
vt 0.25684607 0.22842264
vt 0.20737602 0.64456308
vt 0.25684607 0.64456308
vt 0.25684607 0.5613358
vt 0.20737602 0.5613358
vt 0.20737602 0.47810805
vt 0.20737602 0.3948791
vt 0.20737602 0.3116511
vt 0.20737602 0.22842264
vt 0.15790497 0.72779143
vt 0.20737602 0.72779143
vt 0.15790497 0.64456308
vt 0.15790497 0.5613358
vt 0.15790497 0.47810805
vt 0.15790497 0.3948791
vt 0.15790497 0.3116511
vt 0.15790497 0.22842264
vt 0.10843373 0.81101906
vt 0.15790497 0.81101906
vt 0.10843373 0.72779143
vt 0.10843373 0.64456308
vt 0.10843373 0.5613358
vt 0.10843373 0.47810805
vt 0.10843373 0.3948791
vt 0.10843373 0.3116511
vt 0.10843373 0.22842264
vt 0.05896367 0.81101912
vt 0.05896367 0.72779143
vt 0.05896367 0.64456308
vt 0.05896367 0.5613358
vt 0.05896367 0.3948791
vt 0.05896367 0.3116511
vt 0.40933764 0.5058347
vt 0.41810164 0.49591738
vt 0.42718336 0.48731512
vt 0.44604367 0.47357237
vt 0.43773693 0.4789604
vt 0.454467 0.46900952
vt 0.3831751 0.5378915
vt 0.3557872 0.47810805
vt 0.34709132 0.4848717
vt 0.32775012 0.52023315
vt 0.34795436 0.48296463
vt 0.34919766 0.47557437
vt 0.3490483 0.47824073
vt 0.34860596 0.4807968
vt 0.3490483 0.47290838
vt 0.46169248 0.46560276
vt 0.34860596 0.47035217
vt 0.4713048 0.4618408
vt 0.4819081 0.45895326
vt 0.49925596 0.41819954
vt 0.48764583 0.45797497
vt 0.34795436 0.4681822
vt 0.34709132 0.46627522
vt 0.34486267 0.46350586
vt 0.34604833 0.4646995
vt 0.34346437 0.46269917
vt 0.34200507 0.46242428
vt 0.32412317 0.52381033
vt 0.32266507 0.52408552
vt 0.30631712 0.5613358
vt 0.32120687 0.52381033
vt 0.32670823 0.52181023
vt 0.32552147 0.52300268
vt 0.3076646 0.63360852
vt 0.31980866 0.52300268
vt 0.31862193 0.52181023
vt 0.31562296 0.51360148
vt 0.31757885 0.52023315
vt 0.31671676 0.51832616
vt 0.31757885 0.5016374
vt 0.33692014 0.46627522
vt 0.33914867 0.46350586
vt 0.3379631 0.4646995
vt 0.34054688 0.46269917
vt 0.31606418 0.5161577
vt 0.31547248 0.5109352
vt 0.31606418 0.50571167
vt 0.31671676 0.5035441
vt 0.31562296 0.50826782
vt 0.49925596 0.45719945
vt 0.49925596 0.37919986
vt 0.49925596 0.34019786
vt 0.49925596 0.30119723
vt 0.3490483 0.27030134
vt 0.34795436 0.27502513
vt 0.34709132 0.2769326
vt 0.34604833 0.2785102
vt 0.49925596 0.26219773
vt 0.34860596 0.27285767
vt 0.49925596 0.14519358
vt 0.49925596 0.22319585
vt 0.49925596 0.18419564
vt 0.32412317 0.21939802
vt 0.34919766 0.26763546
vt 0.34860596 0.26241052
vt 0.3490483 0.26496732
vt 0.34709132 0.25833642
vt 0.34795436 0.26024342
vt 0.32775012 0.22297627
vt 0.34346437 0.2805105
vt 0.34200507 0.28078544
vt 0.34054688 0.2805105
vt 0.34486267 0.27970386
vt 0.33914867 0.27970386
vt 0.3379631 0.2785102
vt 0.33692014 0.2769326
vt 0.31757885 0.24157274
vt 0.31671676 0.23966563
vt 0.31606418 0.23749578
vt 0.31562296 0.2349397
vt 0.32670823 0.2213983
vt 0.32552147 0.22020471
vt 0.32266507 0.2191233
vt 0.015402275 0.14519358
vt 0.31980866 0.22020471
vt 0.32120687 0.21939802
vt 0.31547248 0.23227382
vt 0.31562296 0.22960812
vt 0.31757885 0.22297627
vt 0.31862193 0.2213983
vt 0.31606418 0.22705114
vt 0.31671676 0.22488338
vt 0.09812335 0.90263039
vt 0.07551053 0.52381033
vt 0.07405242 0.52408552
vt 0.072594315 0.52381033
vt 0.07690893 0.52300268
vt 0.07119612 0.52300268
vt 0.07000928 0.52181023
vt 0.06896629 0.52023315
vt 0.07809448 0.52181023
vt 0.0812449 0.5109352
vt 0.08109453 0.51360148
vt 0.08109453 0.50826782
vt 0.080653414 0.50571167
vt 0.080000535 0.5035441
vt 0.07913866 0.52023315
vt 0.080000535 0.51832616
vt 0.080653414 0.5161577
vt 0.079137474 0.5016374
vt 0.05979737 0.46627522
vt 0.009492625 0.884913325
vt 0.029873442 0.95117879
vt 0.04000834 0.977475166
vt 0.009492625 0.75238359
vt 0.009492625 0.81864786
vt 0.009492625 0.68611872
vt 0.009492625 0.55358887
vt 0.009492625 0.61985385
vt 0.04962629 0.4848717
vt 0.009492625 0.95117879
vt 0.05875438 0.4646995
vt 0.05066928 0.4646995
vt 0.009492625 0.4210583
vt 0.04962629 0.46627522
vt 0.051854827 0.46350586
vt 0.04876303 0.4681822
vt 0.009492625 0.4873234
vt 0.04876303 0.48296463
vt 0.04811143 0.4807968
vt 0.047669224 0.47824073
vt 0.047519844 0.47557437
vt 0.047669224 0.47290838
vt 0.04811143 0.47035217
vt 0.08109453 0.2349397
vt 0.080653414 0.23749578
vt 0.0812449 0.23227382
vt 0.08109453 0.22960812
vt 0.05979737 0.2769326
vt 0.079137474 0.24157274
vt 0.009492625 0.28852922
vt 0.009492625 0.35479367
vt 0.05875438 0.2785102
vt 0.080000535 0.23966563
vt 0.080653414 0.22705114
vt 0.080000535 0.22488338
vt 0.07809448 0.2213983
vt 0.07913866 0.22297627
vt 0.07690893 0.22020471
vt 0.06896629 0.22297627
vt 0.07000928 0.2213983
vt 0.015402275 0.15599835
vt 0.07551053 0.21939802
vt 0.07119612 0.22020471
vt 0.072594315 0.21939802
vt 0.07405242 0.2191233
vt 0.05617063 0.46269917
vt 0.054711334 0.46242428
vt 0.05617063 0.2805105
vt 0.054711334 0.28078544
vt 0.05756893 0.27970386
vt 0.05756893 0.46350586
vt 0.053253125 0.46269917
vt 0.053253125 0.2805105
vt 0.051854827 0.27970386
vt 0.05066928 0.2785102
vt 0.04962629 0.2769326
vt 0.04876303 0.27502513
vt 0.04876303 0.26024342
vt 0.04962629 0.25833642
vt 0.009492625 0.22226292
vt 0.04811143 0.26241052
vt 0.04811143 0.27285767
vt 0.047669224 0.27030134
vt 0.047519844 0.26763546
vt 0.047669224 0.26496732
vt 0.009492625 0.15599835
vt 0.0048589804 0.54975647
vt 0.0048589804 0.15110719
vt 0.0048589804 0.08979648
vt 0.0048589804 0.84622163
vt 0.0048589804 0.86665809
vt 0.0048589804 0.028486967
vt 0.0048589804 0.887094915
vt 0.0048589804 0.9279688
vt 0.0048589804 0.948405445
vt 0.0048589804 0.90753186
vt 0.0048589804 0.82578468
vt 0.0076554776 0.952346265
vt 0.007787858 0.1556558
vt 0.0074652694 0.95238483
vt 0.0072843516 0.952400565
vt 0.007852313 0.952284515
vt 0.009492635 0.4873234
vt 0.008471089 0.95197481
vt 0.008681466 0.95183617
vt 0.008261798 0.952097237
vt 0.008054761 0.95220101
vt 0.008889669 0.951684475
vt 0.009492624 0.61985385
vt 0.0071147354 0.95239407
vt 0.0062162904 0.15456629
vt 0.0057368753 0.951269865
vt 0.006428016 0.952073812
vt 0.0051847333 0.15290838
vt 0.005237917 0.95034218
vt 0.006542302 0.95216936
vt 0.006954088 0.952366114
vt 0.006668909 0.952251196
vt 0.0068058344 0.952317834
vt 0.0048589814 0.948405445
vt 0.0048589697 0.54975647
vt 0.009095597 0.951522887
vt 0.009492621 0.68611872
vt 0.0094926255 0.95117879
vt 0.009492624 0.884913325
vt 0.009296978 0.95135367
vt 0.009492622 0.75238359
vt 0.009492625 0.8186478
vt 0.009492614 0.4210583
vt 0.00949263 0.55358887
vt 0.009492637 0.28852922
vt 0.009492637 0.35479367
vt 0.009492624 0.22226292
vt 0.009492624 0.15599835
vt 0.0048589795 0.15110719
vt 0.2573291 0.13183093
vt 0.49925596 0.13183093
vt 0.49925596 0.009209931
vt 0.015402275 0.0705204
vt 0.015402275 0.13183093
vt 0.015402275 0.009209931
vt 0.015402275 0.14519352
vt 0.49925596 0.14519352
vt 0.49925596 0.14173329
vt 0.015402275 0.14173329
vt 0.015402275 0.13777143
vt 0.49925596 0.13777143
vt 0.49925596 0.13422716
vt 0.015402275 0.13422716
vt 0.015402275 0.13183087
vt 0.2573291 0.13183087
vt 0.49925596 0.13183087
vt 0.035501443 0.937580347
vt 0.03238714 0.929499805
vt 0.032387137 0.89762169
vt 0.03550144 0.905702114
vt 0.032387085 0.86574346
vt 0.03550139 0.87382436
vt 0.032387145 0.83386558
vt 0.035501454 0.84194648
vt 0.03861572 0.945661366
vt 0.03861571 0.91378349
vt 0.038615655 0.88190514
vt 0.03861572 0.8500272
vt 0.029272655 0.952073812
vt 0.029272646 0.931025624
vt 0.033124577 0.962067008
vt 0.029272618 0.909977436
vt 0.036975317 0.972059846
vt 0.029272659 0.88892919
vt 0.02927266 0.86788094
vt 0.029272703 0.84683299
vt 0.02927262 0.82578468
vt 0.041731194 0.9602921
vt 0.040827293 0.982053101
vt 0.041225486 0.982282043
vt 0.041731194 0.980728924
vt 0.04173116 0.939855337
vt 0.04151288 0.98209989
vt 0.041731264 0.91941857
vt 0.04173127 0.89898181
vt 0.041731216 0.85810822
vt 0.041731216 0.878545046
vt 0.01706642 0.92141855
vt 0.010963291 0.92141855
vt 0.01096329 0.889540434
vt 0.017066414 0.889540434
vt 0.01096329 0.8576628
vt 0.017066414 0.8576628
vt 0.01096329 0.82578486
vt 0.017066414 0.82578486
vt 0.023169536 0.92141855
vt 0.023169536 0.889540434
vt 0.023169536 0.8576628
vt 0.023169536 0.82578486
vt 0.0048589804 0.948405445
vt 0.0048589804 0.9279688
vt 0.0064280145 0.952073812
vt 0.0057368716 0.951269865
vt 0.005237917 0.950342357
vt 0.017850388 0.952073812
vt 0.0048589804 0.90753204
vt 0.0048589804 0.887094915
vt 0.0048589804 0.86665815
vt 0.0048589804 0.8462215
vt 0.0048589804 0.82578486
vt 0.029272659 0.952073812
vt 0.029272659 0.909977555
vt 0.029272659 0.931025684
vt 0.029272659 0.88892913
vt 0.029272659 0.82578486
vt 0.029272659 0.84683287
vt 0.029272659 0.86788094
vt 0.029677695 0.951803386
vt 0.02977715 0.951503992
vt 0.008889668 0.951684415
vt 0.009296978 0.95135367
vt 0.009095596 0.951522827
vt 0.029489858 0.952250123
vt 0.029580317 0.95205772
vt 0.008054781 0.95220107
vt 0.008471088 0.95197475
vt 0.029411757 0.952366352
vt 0.007852312 0.952284515
vt 0.029349573 0.952401042
vt 0.0074652694 0.95238495
vt 0.017850386 0.952073812
vt 0.029280568 0.95224327
vt 0.0066689393 0.952251256
vt 0.029272659 0.952073812
vt 0.0068058623 0.952317774
vt 0.029305581 0.952356875
vt 0.007114706 0.952394128
vt 0.008261797 0.952097118
vt 0.008681465 0.95183617
vt 0.007655479 0.952346385
vt 0.0072843526 0.952400744
vt 0.0069540557 0.952366233
vt 0.0065422975 0.95216924
vt 0.006428013 0.952073812
vt 0.03494378 0.96697849
vt 0.04031827 0.980430067
vt 0.035475336 0.966980517
vt 0.040365823 0.980724454
vt 0.040416617 0.980991662
vt 0.040271908 0.980111659
vt 0.040148642 0.979035795
vt 0.04018709 0.979409933
vt 0.04022891 0.979770243
vt 0.040111247 0.978651106
vt 0.03697531 0.972059846
vt 0.0407641 0.981980622
vt 0.040702898 0.981884778
vt 0.040827297 0.982053101
vt 0.04064178 0.981763482
vt 0.040525384 0.981436193
vt 0.04046986 0.981228769
vt 0.040582966 0.981614053
vt 0.04007507 0.97825998
vt 0.04004106 0.977867246
vt 0.040008347 0.977475166
vt 0.029411787 0.95236647
vt 0.02958032 0.95205772
vt 0.029489866 0.952250183
vt 0.029873447 0.95117879
vt 0.02977715 0.951503992
vt 0.029677682 0.951803327
vt 0.033124585 0.962067008
vt 0.029280603 0.952243388
vt 0.029349599 0.9524011
vt 0.029305622 0.952356994
vt 0.39374447 0.46538305
vt 0.39374456 0.49722302
vt 0.39423195 0.49854147
vt 0.39423198 0.4667018
vt 0.39374447 0.43354344
vt 0.39423195 0.43486202
vt 0.39472067 0.49986112
vt 0.39472064 0.46802115
vt 0.39472073 0.43618166
vt 0.39325672 0.5065177
vt 0.39389822 0.52898824
vt 0.39325672 0.52774388
vt 0.39325672 0.48529088
vt 0.39418685 0.52940875
vt 0.39444798 0.529684
vt 0.3932567 0.4640646
vt 0.39325672 0.42161155
vt 0.3932567 0.44283813
vt 0.39325675 0.40038514
vt 0.39520824 0.4056602
vt 0.39520818 0.50784445
vt 0.3950103 0.52961844
vt 0.39515853 0.52910006
vt 0.39520824 0.52828145
vt 0.39519578 0.52872664
vt 0.39520484 0.528512
vt 0.3952071 0.52839816
vt 0.39520824 0.48740757
vt 0.39520827 0.46697098
vt 0.39520827 0.44653428
vt 0.39520824 0.42609704
vt 0.47245407 0.33608454
vt 0.47682413 0.4621384
vt 0.47245407 0.46344376
vt 0.48121125 0.46106696
vt 0.48121125 0.33370817
vt 0.482037 0.46089113
vt 0.48395792 0.46051896
vt 0.48395792 0.33316004
vt 0.49925596 0.45915204
vt 0.48968545 0.4596774
vt 0.49925596 0.39547265
vt 0.46196267 0.46749514
vt 0.46127835 0.46779966
vt 0.46127835 0.34044033
vt 0.45768553 0.3421055
vt 0.45768553 0.4694646
vt 0.45764357 0.46948493
vt 0.4295975 0.48741758
vt 0.4276777 0.4890617
vt 0.42969018 0.3599807
vt 0.4552805 0.4706328
vt 0.45477033 0.4708854
vt 0.45528054 0.343274
vt 0.44929263 0.3464055
vt 0.4492927 0.47376454
vt 0.4463966 0.47542107
vt 0.44239765 0.47789055
vt 0.43898243 0.48018467
vt 0.4389824 0.3528254
vt 0.44584468 0.47574794
vt 0.44584468 0.3483889
vt 0.43394944 0.48389512
vt 0.42969018 0.48733985
vt 0.43815434 0.48076963
vt 0.48968545 0.3323182
vt 0.49925596 0.33179277
vt 0.47151288 0.4637559
vt 0.46838838 0.33750957
vt 0.46838838 0.46486843
vt 0.46441653 0.46644282
vt 0.48773065 0.4599191
vt 0.47682413 0.33477962
vt 0.46441653 0.33908343
vt 0.42644918 0.36278117
vt 0.42644924 0.49014044
vt 0.43682626 0.3543663
vt 0.42576808 0.49074823
vt 0.44239762 0.3505317
vt 0.43682623 0.48172522
vt 0.4245339 0.3645053
vt 0.42482245 0.49160135
vt 0.42261523 0.49364316
vt 0.42161527 0.46974367
vt 0.4226572 0.49360245
vt 0.4207567 0.49544537
vt 0.42098072 0.47036636
vt 0.42098072 0.49522114
vt 0.42161527 0.4945984
vt 0.42136526 0.49484265
vt 0.41993183 0.49627912
vt 0.42015028 0.4960568
vt 0.41941273 0.49681473
vt 0.41993183 0.3689201
vt 0.418709 0.37019205
vt 0.41870904 0.4975509
vt 0.42453387 0.49186397
vt 0.4238789 0.49246502
vt 0.40470967 0.51372302
vt 0.404987 0.38603002
vt 0.4049869 0.51338917
vt 0.41867852 0.49758518
vt 0.41669092 0.4997332
vt 0.41546685 0.37373507
vt 0.41546687 0.50109375
vt 0.41471574 0.5019412
vt 0.4136399 0.50316763
vt 0.4136399 0.37580848
vt 0.40935466 0.50816643
vt 0.40090752 0.39098048
vt 0.4001836 0.51922393
vt 0.39566994 0.5247646
vt 0.40996218 0.50744998
vt 0.40935463 0.38080776
vt 0.39325672 0.52774388
vt 0.39325672 0.5065177
vt 0.4116613 0.50545615
vt 0.4116613 0.37809694
vt 0.4237069 0.36526406
vt 0.4237069 0.49262345
vt 0.42265713 0.3662436
vt 0.4209807 0.39271677
vt 0.42161527 0.3920943
vt 0.4209807 0.36786187
vt 0.42161524 0.3672396
vt 0.40090755 0.51833957
vt 0.39325672 0.48529088
vt 0.39325675 0.4640646
vt 0.39325675 0.4428382
vt 0.39325672 0.4216116
vt 0.4123332 0.50467432
vt 0.3932567 0.40038514
vt 0.69033945 0.63484508
vt 0.61483675 0.53913724
vt 0.6143434 0.5401814
vt 0.68983823 0.63587993
vt 0.6138775 0.5409611
vt 0.68936646 0.63665134
vt 0.613469 0.5414195
vt 0.68895125 0.63710147
vt 0.6131376 0.54152805
vt 0.6886142 0.6372041
vt 0.61290115 0.54129422
vt 0.6883743 0.63696444
vt 0.61276543 0.5407589
vt 0.68823653 0.63642746
vt 0.8998782 0.903864324
vt 0.89937484 0.90489566
vt 0.8988995 0.90566409
vt 0.89848113 0.90611559
vt 0.8981413 0.90622175
vt 0.8979017 0.90597451
vt 0.8977638 0.905433
vt 0.51086605 0.45797497
vt 0.49925596 0.45719945
vt 0.52704644 0.46334141
vt 0.527206 0.46184075
vt 0.5166037 0.45895326
vt 0.5366112 0.4670871
vt 0.5368183 0.46560276
vt 0.5521954 0.47502095
vt 0.5524681 0.47357243
vt 0.5440437 0.46900946
vt 0.5604538 0.48037994
vt 0.56077385 0.4789604
vt 0.50882524 0.45967722
vt 0.51455283 0.46051908
vt 0.5164749 0.460891
vt 0.53012353 0.46486855
vt 0.53654796 0.4674952
vt 0.53723234 0.46779948
vt 0.52605665 0.46344358
vt 0.5269978 0.4637562
vt 0.5408253 0.46946442
vt 0.5216876 0.46213853
vt 0.5561131 0.47789067
vt 0.5526673 0.47574782
vt 0.55211407 0.47542137
vt 0.54921925 0.47376442
vt 0.5437405 0.4708854
vt 0.55952823 0.4801845
vt 0.56035745 0.48076975
vt 0.5432303 0.4706329
vt 0.5709484 0.48868608
vt 0.57132864 0.48731512
vt 0.51078004 0.45991915
vt 0.56456256 0.483895
vt 0.574633 0.4924649
vt 0.57397676 0.4918641
vt 0.5736896 0.49160147
vt 0.5708342 0.4890616
vt 0.5720616 0.4901402
vt 0.5799656 0.49722838
vt 0.58040917 0.49591744
vt 0.5688206 0.48733974
vt 0.58869326 0.5071047
vt 0.58917296 0.5058347
vt 0.583795 0.50194114
vt 0.584872 0.5031675
vt 0.5758547 0.49360234
vt 0.5976032 0.51833946
vt 0.5938011 0.51372325
vt 0.5818209 0.4997331
vt 0.5830438 0.50109386
vt 0.56891453 0.4874174
vt 0.57274365 0.4907481
vt 0.5758966 0.49364316
vt 0.5777552 0.49544525
vt 0.57753015 0.49522096
vt 0.5768954 0.4945985
vt 0.5616846 0.48172528
vt 0.5885496 0.50744987
vt 0.58915603 0.50816655
vt 0.59352493 0.5133894
vt 0.5798333 0.49758506
vt 0.5783616 0.49605668
vt 0.5868505 0.50545603
vt 0.5798017 0.49755096
vt 0.57909906 0.4968146
vt 0.5748037 0.49262333
vt 0.59832716 0.51922375
vt 0.57857996 0.49627912
vt 0.49925596 0.45915186
vt 0.51730067 0.46106702
vt 0.5340953 0.46644264
vt 0.5408671 0.46948522
vt 0.57714665 0.49484253
vt 0.58617735 0.50467455
vt 0.6153368 0.5378915
vt 0.6028409 0.52476472
vt 0.60525507 0.527744
vt 0.60461366 0.5289883
vt 0.690846 0.63360846
vt 0.90038836 0.90263039
vt 0.95843536 0.97825998
vt 0.604324 0.5294088
vt 0.6040638 0.52968407
vt 0.9577467 0.981980622
vt 0.95804167 0.981228769
vt 0.9582829 0.979770243
vt 0.95846933 0.977867246
vt 0.958363 0.979035795
vt 0.95840037 0.978651106
vt 0.95832366 0.979409933
vt 0.95819354 0.980430067
vt 0.9582388 0.980111659
vt 0.9581449 0.980724454
vt 0.9580951 0.980991662
vt 0.9579288 0.981614113
vt 0.95798653 0.981436193
vt 0.9578698 0.981763422
vt 0.957809 0.981884837
vt 0.9572818 0.982299745
vt 0.957682 0.982063413
vt 0.9585022 0.977475166
vt 0.60330576 0.52851206
vt 0.61547834 0.54343998
vt 0.603316 0.52872658
vt 0.6033035 0.52839822
vt 0.60335326 0.52910006
vt 0.6035003 0.5296185
vt 0.63823014 0.57209718
vt 0.6566595 0.5954755
vt 0.60330355 0.52828145
vt 0.6044439 0.52969187
vt 0.629128 0.56059867
vt 0.678555 0.62336117
vt 0.6914049 0.63976413
vt 0.7042504 0.65618217
vt 0.7191649 0.67526865
vt 0.73407483 0.69436735
vt 0.7512214 0.71634924
vt 0.78919214 0.76508635
vt 0.8100191 0.79183638
vt 0.76836336 0.7383433
vt 0.9569979 0.982102871
vt 0.8308374 0.81860918
vt 0.8516535 0.84538347
vt 0.93050355 0.946881235
vt 0.8647978 0.8622939
vt 0.87794065 0.87920612
vt 0.89108264 0.89612192
vt 0.9042232 0.913039744
vt 0.91736406 0.92995942
vt 0.943642 0.963804185
vt 0.9567804 0.980728924
vt 0.9567804 0.980728924
vt 0.943642 0.963804185
vt 0.9567804 0.9602921
vt 0.93050355 0.946881235
vt 0.95678043 0.89898169
vt 0.91736406 0.92995942
vt 0.9042232 0.913039744
vt 0.9567804 0.85810816
vt 0.89108264 0.89612192
vt 0.85165346 0.7227623
vt 0.87794065 0.87920612
vt 0.8647978 0.8622939
vt 0.8516535 0.84538347
vt 0.8308374 0.81860918
vt 0.8100164 0.79184335
vt 0.78919214 0.76508635
vt 0.7683635 0.61572236
vt 0.9567803 0.939855397
vt 0.95678043 0.919418454
vt 0.9567804 0.878545046
vt 0.76836336 0.7383433
vt 0.7512214 0.71634924
vt 0.73407555 0.6943655
vt 0.7340749 0.57174605
vt 0.719165 0.67526835
vt 0.7042506 0.53356117
vt 0.7042504 0.65618217
vt 0.6914049 0.63976413
vt 0.67855495 0.50074035
vt 0.678555 0.62336117
vt 0.6566595 0.5954755
vt 0.63823014 0.57209718
vt 0.63823014 0.53751296
vt 0.629128 0.56059867
vt 0.62912786 0.52601415
vt 0.6566595 0.47285438
vt 0.61547834 0.54343998
vt 0.6044439 0.52969187
vt 0.6044439 0.5253874
vt 0.61547834 0.5016997
vt 0.6033035 0.5078445
vt 0.60330355 0.48740757
vt 0.60330355 0.52828145
vt 0.629128 0.43797755
vt 0.6382301 0.44947642
vt 0.61547834 0.42081904
vt 0.60330355 0.42609704
vt 0.6044439 0.41137534
vt 0.6033036 0.44653428
vt 0.60330355 0.40566027
vt 0.6033036 0.46697092
vt 0.9690997 0.95236647
vt 0.9581449 0.980724454
vt 0.9580951 0.980991662
vt 0.95819354 0.980430067
vt 0.9689315 0.95205772
vt 0.95832366 0.979409933
vt 0.9582829 0.979770243
vt 0.9582388 0.980111659
vt 0.96902186 0.952250183
vt 0.968834 0.951803327
vt 0.958363 0.979035795
vt 0.9577466 0.981980622
vt 0.96346164 0.96706301
vt 0.9578089 0.981884778
vt 0.9576844 0.982053101
vt 0.96922976 0.952243388
vt 0.95786977 0.981763482
vt 0.9580416 0.981228769
vt 0.95798653 0.981436193
vt 0.96916085 0.9524011
vt 0.9692051 0.952356994
vt 0.95792884 0.981614053
vt 0.95840037 0.978651106
vt 0.9585022 0.977475166
vt 0.95846933 0.977867246
vt 0.9635704 0.96432686
vt 0.95843536 0.97825998
vt 0.9686373 0.95117879
vt 0.96873456 0.951503992
vt 0.96923774 0.952073812
vt 0.96873456 0.951503992
vt 0.968834 0.951803386
vt 0.98962104 0.951684415
vt 0.9892137 0.95135367
vt 0.9686373 0.95117879
vt 0.9894152 0.951522827
vt 0.9689315 0.95205772
vt 0.96902186 0.952250123
vt 0.990457 0.95220107
vt 0.9900406 0.95197475
vt 0.9890182 0.95117879
vt 0.96909976 0.952366352
vt 0.9906595 0.952284515
vt 0.96916085 0.952401042
vt 0.9910454 0.95238495
vt 0.9692298 0.95224327
vt 0.9806602 0.952073812
vt 0.99184287 0.952251256
vt 0.96923774 0.952073812
vt 0.991706 0.952317774
vt 0.96920514 0.952356875
vt 0.99139696 0.952394128
vt 0.99025 0.952097118
vt 0.98983026 0.95183617
vt 0.99085623 0.952346385
vt 0.9912264 0.952400744
vt 0.9915565 0.952366233
vt 0.9919684 0.95216924
vt 0.9920825 0.952073812
vt 0.9875483 0.889540434
vt 0.9875483 0.92141855
vt 0.9814454 0.92141855
vt 0.9814454 0.889540434
vt 0.9875483 0.8576628
vt 0.9814454 0.8576628
vt 0.9875483 0.82578486
vt 0.9814454 0.82578486
vt 0.97534186 0.92141855
vt 0.97534186 0.889540434
vt 0.97534186 0.8576628
vt 0.97534186 0.82578486
vt 0.9936516 0.9279688
vt 0.9936516 0.948405445
vt 0.9920825 0.952073812
vt 0.9927737 0.951269865
vt 0.9932726 0.950342357
vt 0.9806602 0.952073812
vt 0.9936516 0.90753204
vt 0.9936516 0.887094915
vt 0.9936516 0.86665815
vt 0.9936516 0.8462215
vt 0.9936516 0.82578486
vt 0.96923774 0.952073812
vt 0.96923774 0.909977555
vt 0.96923774 0.931025684
vt 0.96923774 0.88892913
vt 0.96923774 0.84683287
vt 0.96923774 0.82578486
vt 0.96923774 0.86788094
vt 0.9831094 0.15599877
vt 0.9890182 0.15599877
vt 0.9831094 0.092242956
vt 0.9936516 0.08979708
vt 0.9936516 0.028486848
vt 0.9831094 0.028486848
vt 0.99072397 0.15565532
vt 0.99229527 0.15456611
vt 0.99332696 0.15290785
vt 0.9936516 0.15110767
vt 0.9831094 0.1342271
vt 0.9831094 0.13777149
vt 0.9831094 0.13183051
vt 0.9831094 0.0705204
vt 0.9831094 0.09224236
vt 0.9831094 0.028486967
vt 0.9831094 0.009209871
vt 0.9831094 0.14173329
vt 0.9831094 0.14519358
vt 0.9831094 0.15599835
vt 0.49925596 0.14173329
vt 0.9831094 0.14519352
vt 0.9831094 0.14173329
vt 0.49925596 0.13422716
vt 0.49925596 0.13777143
vt 0.9831094 0.13777143
vt 0.9831094 0.13422716
vt 0.9831094 0.13183087
vt 0.74118257 0.13183087
vt 0.49925596 0.13183087
vt 0.99072397 0.1556558
vt 0.99085623 0.952346265
vt 0.9910454 0.95238483
vt 0.9912264 0.952400565
vt 0.9906595 0.952284515
vt 0.9900406 0.95197481
vt 0.9890182 0.4873234
vt 0.98983026 0.95183617
vt 0.99025 0.952097237
vt 0.990457 0.95220101
vt 0.9890182 0.61985385
vt 0.98962104 0.951684475
vt 0.99139696 0.95239407
vt 0.9927737 0.951269865
vt 0.9922953 0.15456629
vt 0.9920825 0.952073812
vt 0.9932726 0.95034218
vt 0.99332696 0.15290838
vt 0.9919684 0.95216936
vt 0.99155647 0.952366114
vt 0.9918429 0.952251196
vt 0.991706 0.952317834
vt 0.9936516 0.948405445
vt 0.9936516 0.54975647
vt 0.9890182 0.68611872
vt 0.9894152 0.951522887
vt 0.9890182 0.884913325
vt 0.9890182 0.95117879
vt 0.9892137 0.95135367
vt 0.9890182 0.75238359
vt 0.9890182 0.8186478
vt 0.9890182 0.4210583
vt 0.9890182 0.55358887
vt 0.9890182 0.28852922
vt 0.9890182 0.35479367
vt 0.9890182 0.22226292
vt 0.9890182 0.15599835
vt 0.9936516 0.15110719
vt 0.54378235 0.3116511
vt 0.54378235 0.3948791
vt 0.5932534 0.3948791
vt 0.5932534 0.3116511
vt 0.54378235 0.22842264
vt 0.5932534 0.22842264
vt 0.5932534 0.47810805
vt 0.64272356 0.3948791
vt 0.64272356 0.3116511
vt 0.6921946 0.3948791
vt 0.6921946 0.3116511
vt 0.6921946 0.47810805
vt 0.7416644 0.47810805
vt 0.7416644 0.3948791
vt 0.7416644 0.3116511
vt 0.7416644 0.22842264
vt 0.7416644 0.5613358
vt 0.7416644 0.64456308
vt 0.7911358 0.64456308
vt 0.7911358 0.5613358
vt 0.7911358 0.47810805
vt 0.7911358 0.3948791
vt 0.7911358 0.3116511
vt 0.7911358 0.22842264
vt 0.7911358 0.72779143
vt 0.84060574 0.72779143
vt 0.84060574 0.64456308
vt 0.84060574 0.5613358
vt 0.84060574 0.47810805
vt 0.84060574 0.3948791
vt 0.84060574 0.3116511
vt 0.84060574 0.22842264
vt 0.84060574 0.81101906
vt 0.8900769 0.81101906
vt 0.8900769 0.72779143
vt 0.8900769 0.64456308
vt 0.8900769 0.5613358
vt 0.8900769 0.47810805
vt 0.8900769 0.3948791
vt 0.8900769 0.3116511
vt 0.8900769 0.22842264
vt 0.93954784 0.81101912
vt 0.93954784 0.72779143
vt 0.93954784 0.64456308
vt 0.93954784 0.5613358
vt 0.93954784 0.3948791
vt 0.93954784 0.3116511
vt 0.58040917 0.49591738
vt 0.58917296 0.5058347
vt 0.57132864 0.48731512
vt 0.5524681 0.47357237
vt 0.56077385 0.4789604
vt 0.5440437 0.46900952
vt 0.6153368 0.5378915
vt 0.64272356 0.47810805
vt 0.6514206 0.4848717
vt 0.6707606 0.52023315
vt 0.6505574 0.48296463
vt 0.649313 0.47557437
vt 0.64946353 0.47824073
vt 0.6499047 0.4807968
vt 0.64946353 0.47290838
vt 0.5368183 0.46560276
vt 0.6499047 0.47035217
vt 0.527206 0.4618408
vt 0.5166037 0.45895326
vt 0.51086605 0.45797497
vt 0.6505574 0.4681822
vt 0.6514194 0.46627522
vt 0.65246356 0.4646995
vt 0.65364933 0.46350586
vt 0.6550474 0.46269917
vt 0.65650564 0.46242428
vt 0.6758468 0.52408552
vt 0.67438745 0.52381033
vt 0.6921946 0.5613358
vt 0.6773049 0.52381033
vt 0.67180365 0.52181023
vt 0.67298925 0.52300268
vt 0.690846 0.63360852
vt 0.6787031 0.52300268
vt 0.6798889 0.52181023
vt 0.6828889 0.51360148
vt 0.68093187 0.52023315
vt 0.681795 0.51832616
vt 0.68093187 0.5016374
vt 0.681795 0.5035441
vt 0.6579638 0.46269917
vt 0.659362 0.46350586
vt 0.66054875 0.4646995
vt 0.66159177 0.46627522
vt 0.68244654 0.5161577
vt 0.6830394 0.5109352
vt 0.68244654 0.50571167
vt 0.6828889 0.50826782
vt 0.64946353 0.27030134
vt 0.6514194 0.2769326
vt 0.6505574 0.27502513
vt 0.65246356 0.2785102
vt 0.6499047 0.27285767
vt 0.67438745 0.21939802
vt 0.649313 0.26763546
vt 0.64946353 0.26496732
vt 0.6499047 0.26241052
vt 0.6505574 0.26024342
vt 0.6514206 0.25833642
vt 0.6707606 0.22297627
vt 0.6550474 0.2805105
vt 0.65650564 0.28078544
vt 0.6579638 0.2805105
vt 0.65364933 0.27970386
vt 0.659362 0.27970386
vt 0.66054875 0.2785102
vt 0.66159177 0.2769326
vt 0.68093187 0.24157274
vt 0.68244654 0.23749578
vt 0.681795 0.23966563
vt 0.6828889 0.2349397
vt 0.67180365 0.2213983
vt 0.67298925 0.22020471
vt 0.6758468 0.2191233
vt 0.9831094 0.14519358
vt 0.6787031 0.22020471
vt 0.6773049 0.21939802
vt 0.6830394 0.23227382
vt 0.6828889 0.22960812
vt 0.6798889 0.2213983
vt 0.68093187 0.22297627
vt 0.681795 0.22488338
vt 0.68244654 0.22705114
vt 0.90038836 0.90263039
vt 0.9229998 0.52381033
vt 0.92445916 0.52408552
vt 0.9259174 0.52381033
vt 0.92160165 0.52300268
vt 0.92850125 0.52181023
vt 0.92731565 0.52300268
vt 0.9295442 0.52023315
vt 0.9204161 0.52181023
vt 0.9174161 0.51360148
vt 0.9172666 0.5109352
vt 0.9174161 0.50826782
vt 0.9178582 0.50571167
vt 0.9185099 0.5035441
vt 0.9178582 0.5161577
vt 0.9185099 0.51832616
vt 0.91937315 0.52023315
vt 0.91937315 0.5016374
vt 0.938713 0.46627522
vt 0.9635704 0.96432686
vt 0.9585022 0.977475166
vt 0.9890182 0.81864786
vt 0.9890182 0.75238359
vt 0.9890182 0.68611872
vt 0.9890182 0.61985385
vt 0.9890182 0.55358887
vt 0.9890182 0.884913325
vt 0.9497474 0.48296463
vt 0.9488853 0.4848717
vt 0.9890182 0.4873234
vt 0.9890182 0.4210583
vt 0.9478423 0.4646995
vt 0.9488853 0.46627522
vt 0.9466556 0.46350586
vt 0.9497474 0.4681822
vt 0.95040005 0.4807968
vt 0.9508412 0.47824073
vt 0.9508412 0.47290838
vt 0.95099187 0.47557437
vt 0.95040005 0.47035217
vt 0.9397562 0.4646995
vt 0.9174161 0.2349397
vt 0.9178582 0.23749578
vt 0.9172666 0.23227382
vt 0.9174161 0.22960812
vt 0.938713 0.2769326
vt 0.91937315 0.24157274
vt 0.9890182 0.35479367
vt 0.9890182 0.28852922
vt 0.9397562 0.2785102
vt 0.9185099 0.23966563
vt 0.9178582 0.22705114
vt 0.9185099 0.22488338
vt 0.91937315 0.22297627
vt 0.9204161 0.2213983
vt 0.92160165 0.22020471
vt 0.92850125 0.2213983
vt 0.9295442 0.22297627
vt 0.9831094 0.15599835
vt 0.9229998 0.21939802
vt 0.9259174 0.21939802
vt 0.92731565 0.22020471
vt 0.92445916 0.2191233
vt 0.94234127 0.46269917
vt 0.94379926 0.46242428
vt 0.94234127 0.2805105
vt 0.94379926 0.28078544
vt 0.94094276 0.27970386
vt 0.94094276 0.46350586
vt 0.9452575 0.46269917
vt 0.9452575 0.2805105
vt 0.9466556 0.27970386
vt 0.9478423 0.2785102
vt 0.9488853 0.2769326
vt 0.9497474 0.27502513
vt 0.9488853 0.25833642
vt 0.9497474 0.26024342
vt 0.9890182 0.22226292
vt 0.95040005 0.26241052
vt 0.95040005 0.27285767
vt 0.9508412 0.27030134
vt 0.95099187 0.26763546
vt 0.9508412 0.26496732
vt 0.9890182 0.15599835
vt 0.948476 0.48191524
vt 0.94726676 0.48412627
vt 0.9472668 0.4857223
vt 0.948476 0.48351133
vt 0.94605726 0.48633623
vt 0.9448492 0.48854625
vt 0.9448492 0.49014223
vt 0.94605726 0.48793232
vt 0.9436399 0.49075615
vt 0.9424315 0.49296606
vt 0.9424315 0.49456215
vt 0.9436399 0.49235225
vt 0.94122195 0.49517632
vt 0.94001406 0.49738604
vt 0.94001406 0.49898243
vt 0.941222 0.49677217
vt 0.9388048 0.49959618
vt 0.9375967 0.50180614
vt 0.9375966 0.50340217
vt 0.93880475 0.50119227
vt 0.93638724 0.50401634
vt 0.93517894 0.50622588
vt 0.93517894 0.50782228
vt 0.9363873 0.50561196
vt 0.93396986 0.5084374
vt 0.93276155 0.510647
vt 0.9327616 0.5122431
vt 0.9339699 0.51003313
vt 0.9315523 0.51285702
vt 0.93034405 0.5150671
vt 0.9303439 0.516663
vt 0.9315523 0.51445323
vt 0.9291348 0.51727682
vt 0.9291347 0.51887292
vt 0.928206 0.52028567
vt 0.9270849 0.52055538
vt 0.9270849 0.52141923
vt 0.92445916 0.52241385
vt 0.9258134 0.5221575
vt 0.92445916 0.52155006
vt 0.923104 0.5221575
vt 0.923104 0.52056146
vt 0.92183244 0.519823
vt 0.9207113 0.51868957
vt 0.92071134 0.52028567
vt 0.92183244 0.52141923
vt 0.9197828 0.51887292
vt 0.9197828 0.5180092
vt 0.9190101 0.51717412
vt 0.91798633 0.51280034
vt 0.9178457 0.50945973
vt 0.9178457 0.51032382
vt 0.91839004 0.5135296
vt 0.91798633 0.51120484
vt 0.9183901 0.51512533
vt 0.9190101 0.5155779
vt 0.91798633 0.50698185
vt 0.91798633 0.50784594
vt 0.9183901 0.5039249
vt 0.9190101 0.50187647
vt 0.9190101 0.5034725
vt 0.91839004 0.505521
vt 0.9197829 0.5009101
vt 0.9282061 0.51868963
vt 0.9270849 0.519823
vt 0.9258134 0.52056146
vt 0.92445916 0.52081805
vt 0.91978276 0.51727676
vt 0.91798633 0.50624985
vt 0.9178457 0.50872767
vt 0.9197828 0.50017834
vt 0.9197828 0.50177455
vt 0.92099196 0.49956435
vt 0.9209919 0.49796838
vt 0.92220026 0.4957583
vt 0.92340946 0.4935475
vt 0.9234095 0.4951434
vt 0.92220026 0.4973544
vt 0.9246176 0.49133736
vt 0.9258268 0.48912764
vt 0.9258268 0.49072325
vt 0.9246176 0.49293333
vt 0.9270351 0.48691738
vt 0.9282442 0.48470742
vt 0.9282442 0.48630357
vt 0.9270351 0.48851335
vt 0.92945266 0.4824984
vt 0.9294526 0.4840945
vt 0.930662 0.4802875
vt 0.93187004 0.47807872
vt 0.9318701 0.4796747
vt 0.930662 0.4818834
vt 0.93307954 0.4758675
vt 0.9342874 0.47365648
vt 0.93428737 0.4752524
vt 0.93307954 0.4774636
vt 0.93549687 0.4714477
vt 0.9354969 0.47304356
vt 0.9367052 0.4692365
vt 0.93791443 0.46702754
vt 0.9379144 0.46862358
vt 0.9367052 0.4708326
vt 0.9391235 0.46554857
vt 0.93912345 0.46641254
vt 0.9400524 0.46413594
vt 0.94005233 0.46499985
vt 0.9411723 0.4638666
vt 0.9424439 0.46226406
vt 0.94515467 0.46226406
vt 0.94515467 0.46312803
vt 0.94379926 0.4628718
vt 0.94379926 0.46200776
vt 0.9424439 0.46312803
vt 0.9464262 0.4638666
vt 0.9484761 0.4664126
vt 0.948476 0.46554857
vt 0.9492486 0.46811265
vt 0.94924855 0.4665169
vt 0.9498683 0.46856415
vt 0.9498684 0.47016025
vt 0.9464262 0.46227044
vt 0.9475461 0.46340406
vt 0.9475462 0.46499985
vt 0.95027256 0.47248507
vt 0.9504125 0.474231
vt 0.9504125 0.47496295
vt 0.95027256 0.4708891
vt 0.95027256 0.47744083
vt 0.95027256 0.47584474
vt 0.9498684 0.47816944
vt 0.9498684 0.47976565
vt 0.94924855 0.48021704
vt 0.94924855 0.48181343
vt 0.9391235 0.46481657
vt 0.9400524 0.46340406
vt 0.9411723 0.46227044
vt 0.9424439 0.46153224
vt 0.94379926 0.46127558
vt 0.94515467 0.46153224
vt 0.948476 0.46481657
vt 0.9504125 0.47336698
vt 0.9493017 0.48202574
vt 0.94850427 0.48379016
vt 0.9485958 0.48416293
vt 0.94940925 0.48236543
vt 0.9487336 0.48455346
vt 0.949571 0.4827044
vt 0.949906 0.48001957
vt 0.95002466 0.48031998
vt 0.9502045 0.48059887
vt 0.9503144 0.4776557
vt 0.9504409 0.4779104
vt 0.9506334 0.47811896
vt 0.9504532 0.47518814
vt 0.9505824 0.47539538
vt 0.9507791 0.47553134
vt 0.95031434 0.4727205
vt 0.9504408 0.47288024
vt 0.95063335 0.4729439
vt 0.9499058 0.47035635
vt 0.95002455 0.47046852
vt 0.9502045 0.47046387
vt 0.9493017 0.4683503
vt 0.9494093 0.46842504
vt 0.9495711 0.46835858
vt 0.9485042 0.46658587
vt 0.9485958 0.4666257
vt 0.9487336 0.46650958
vt 0.9475392 0.46512556
vt 0.9476115 0.46513867
vt 0.9477225 0.46497893
vt 0.94644177 0.46402335
vt 0.9464928 0.46401352
vt 0.94657093 0.46382093
vt 0.94514894 0.46327686
vt 0.94517505 0.4632523
vt 0.94521457 0.46303678
vt 0.94379926 0.46302253
vt 0.94379926 0.46299386
vt 0.94379926 0.4627701
vt 0.9424497 0.46327692
vt 0.9424235 0.4632523
vt 0.9423842 0.46303672
vt 0.94115657 0.46402335
vt 0.9411059 0.46401346
vt 0.94102776 0.46382093
vt 0.94006014 0.4651277
vt 0.93998694 0.4651386
vt 0.93987626 0.46497887
vt 0.93909436 0.4665861
vt 0.93900293 0.4666258
vt 0.9388647 0.46650958
vt 0.9197544 0.50194663
vt 0.9196626 0.50198752
vt 0.9195236 0.5018692
vt 0.9189558 0.50371104
vt 0.9188492 0.50378573
vt 0.9186863 0.5037194
vt 0.9183526 0.50571615
vt 0.9182336 0.50583065
vt 0.9180539 0.5058241
vt 0.917943 0.50808132
vt 0.9178175 0.50824094
vt 0.91762555 0.50830466
vt 0.9178052 0.51054883
vt 0.91767627 0.51075613
vt 0.91747916 0.51089227
vt 0.9179431 0.51301527
vt 0.9178175 0.51326984
vt 0.9176254 0.51347977
vt 0.9183528 0.5153805
vt 0.91823375 0.5156818
vt 0.9180539 0.51595956
vt 0.91895574 0.51738662
vt 0.9188492 0.51772618
vt 0.9186863 0.51806402
vt 0.91975427 0.51915085
vt 0.9196626 0.51952457
vt 0.9195236 0.51991397
vt 0.9207194 0.52061003
vt 0.92064685 0.5210119
vt 0.9205359 0.52144468
vt 0.92181534 0.5217136
vt 0.9217646 0.5221371
vt 0.92168653 0.52260327
vt 0.9231097 0.52246016
vt 0.9230836 0.52289802
vt 0.9230441 0.52338582
vt 0.92445916 0.5227136
vt 0.92445916 0.52315772
vt 0.92445916 0.5236525
vt 0.92580765 0.52246022
vt 0.9258335 0.52289802
vt 0.9258744 0.52338576
vt 0.92710197 0.52171355
vt 0.9271525 0.5221371
vt 0.9272311 0.52260327
vt 0.92819846 0.5206086
vt 0.9282714 0.5210119
vt 0.9283812 0.52144468
vt 0.929164 0.51915073
vt 0.92925453 0.51952457
vt 0.9293937 0.51991397
vt 0.9485043 0.48379016
vt 0.9485958 0.48416293
vt 0.9487336 0.48455346
vt 0.9492488 0.4818136
vt 0.948476 0.48351133
vt 0.9492757 0.48187017
vt 0.9498766 0.47987425
vt 0.9498686 0.47976583
vt 0.9504125 0.47496295
vt 0.95027256 0.47744083
vt 0.9502835 0.4775294
vt 0.95027256 0.47248507
vt 0.9502835 0.4726193
vt 0.9492486 0.4681126
vt 0.9498684 0.47016025
vt 0.9492756 0.46826082
vt 0.9484815 0.46650475
vt 0.94752115 0.46505237
vt 0.94642943 0.4639544
vt 0.94642633 0.4638661
vt 0.94754624 0.4649995
vt 0.94515467 0.46312803
vt 0.94987637 0.4702568
vt 0.95042276 0.4750744
vt 0.94514203 0.4632187
vt 0.94379926 0.4628718
vt 0.94379926 0.46296418
vt 0.94245636 0.4632187
vt 0.9424439 0.46312803
vt 0.9411723 0.4638666
vt 0.94116896 0.4639547
vt 0.93912375 0.4664132
vt 0.94005233 0.46499985
vt 0.9400774 0.46505308
vt 0.9379144 0.46862358
vt 0.9282442 0.4863035
vt 0.91937315 0.5016374
vt 0.938713 0.46627522
vt 0.92099196 0.4995644
vt 0.9488853 0.4848717
vt 0.9497474 0.48296463
vt 0.95040005 0.48079687
vt 0.9508411 0.4782408
vt 0.9509918 0.47557437
vt 0.9508411 0.47290838
vt 0.95040005 0.47035217
vt 0.9497474 0.46818215
vt 0.9488853 0.46627527
vt 0.94784224 0.4646995
vt 0.9466556 0.46350586
vt 0.9452575 0.46269917
vt 0.94379926 0.46242428
vt 0.94234127 0.46269917
vt 0.94094276 0.46350586
vt 0.9397562 0.4646995
vt 0.9197828 0.5017746
vt 0.91898274 0.50362134
vt 0.91838187 0.50561732
vt 0.9183898 0.50552076
vt 0.91900986 0.5034722
vt 0.91798633 0.50784588
vt 0.9178457 0.51032382
vt 0.9179737 0.51289028
vt 0.91798633 0.51280034
vt 0.918382 0.51523405
vt 0.9183901 0.51512533
vt 0.91797364 0.50797904
vt 0.9190101 0.51717412
vt 0.91898286 0.5172301
vt 0.92071134 0.52028567
vt 0.9207374 0.52043784
vt 0.921829 0.52153617
vt 0.92183244 0.52141923
vt 0.923104 0.5221575
vt 0.91783565 0.5104351
vt 0.92311525 0.5222906
vt 0.92445916 0.52241385
vt 0.9258134 0.5221575
vt 0.9258021 0.5222906
vt 0.9270849 0.52141923
vt 0.9270884 0.52153617
vt 0.9291345 0.51887232
vt 0.928206 0.52028567
vt 0.9281798 0.52043748
vt 0.93517894 0.50782222
vt 0.94001406 0.49898237
vt 0.92445916 0.52254397
vt 0.9185099 0.5035441
vt 0.9178582 0.50571167
vt 0.9174161 0.50826782
vt 0.9172666 0.5109352
vt 0.9174161 0.51360148
vt 0.9178582 0.5161577
vt 0.9185099 0.51832616
vt 0.91937315 0.52023315
vt 0.9204161 0.52181023
vt 0.9216016 0.52300274
vt 0.9229998 0.52381033
vt 0.92445916 0.52408552
vt 0.9295442 0.5202332
vt 0.9259174 0.52381033
vt 0.92731565 0.52300274
vt 0.92850125 0.5218103
vt 0.948476 0.25687748
vt 0.94924855 0.25857562
vt 0.94924855 0.2601717
vt 0.948476 0.25847363
vt 0.94986826 0.26062512
vt 0.95027256 0.26295006
vt 0.9502726 0.26454675
vt 0.9498684 0.26222157
vt 0.95027256 0.26949978
vt 0.9504125 0.26702452
vt 0.9504125 0.26629257
vt 0.9498684 0.27109218
vt 0.94924855 0.27314216
vt 0.94924855 0.27387422
vt 0.94986844 0.27182442
vt 0.9484761 0.27557206
vt 0.9475462 0.27698493
vt 0.9475462 0.27625299
vt 0.9498684 0.2702284
vt 0.94924855 0.27227807
vt 0.9504125 0.26542783
vt 0.95027256 0.2679035
vt 0.94642705 0.27739096
vt 0.94642615 0.278118
vt 0.94380003 0.27838546
vt 0.94379926 0.2791131
vt 0.94515467 0.27885675
vt 0.9424439 0.27885675
vt 0.94117236 0.27738595
vt 0.94117236 0.278118
vt 0.94005233 0.27698493
vt 0.94005233 0.27625299
vt 0.93912345 0.27557206
vt 0.9391235 0.2747084
vt 0.93791443 0.2733631
vt 0.9367052 0.26955616
vt 0.93549687 0.2673474
vt 0.93549687 0.2689432
vt 0.93670523 0.27115214
vt 0.9342876 0.2667327
vt 0.9342874 0.2651363
vt 0.93307954 0.26292723
vt 0.93307954 0.2645234
vt 0.9318699 0.26071656
vt 0.93187004 0.2623124
vt 0.93791443 0.27176726
vt 0.9306621 0.25850552
vt 0.92945266 0.25629628
vt 0.9294528 0.2578926
vt 0.930662 0.26010156
vt 0.928244 0.25408512
vt 0.927035 0.2518764
vt 0.9270351 0.25347263
vt 0.9282442 0.2556815
vt 0.92582685 0.24966562
vt 0.9258269 0.2512617
vt 0.9246175 0.24745643
vt 0.92340934 0.24524552
vt 0.92340946 0.24684143
vt 0.9246175 0.24905252
vt 0.9222003 0.24303675
vt 0.9222002 0.24463278
vt 0.9209919 0.24082524
vt 0.920992 0.24242175
vt 0.9475461 0.2753886
vt 0.9464262 0.27652228
vt 0.94515735 0.27727544
vt 0.9438021 0.27758932
vt 0.948476 0.27397603
vt 0.9424439 0.2772606
vt 0.9411723 0.27652222
vt 0.9400524 0.2753886
vt 0.9391235 0.27397603
vt 0.9197828 0.24021274
vt 0.91978264 0.23861629
vt 0.91901 0.23691833
vt 0.9190101 0.23851466
vt 0.91798633 0.2341401
vt 0.91839004 0.23646492
vt 0.91798633 0.23340797
vt 0.91839004 0.23486859
vt 0.9178457 0.23166227
vt 0.9178457 0.23006594
vt 0.9190101 0.22481209
vt 0.91839004 0.22685993
vt 0.91839004 0.22612774
vt 0.91901 0.22321624
vt 0.91798633 0.22918457
vt 0.9197827 0.22151798
vt 0.9197828 0.22311401
vt 0.9179864 0.22758812
vt 0.92071134 0.22096938
vt 0.92183244 0.21983391
vt 0.92183244 0.2205658
vt 0.92071134 0.22170126
vt 0.923104 0.21982962
vt 0.923104 0.21909755
vt 0.92445916 0.21957302
vt 0.9258134 0.2190975
vt 0.9258134 0.21982956
vt 0.9270849 0.21983391
vt 0.9270849 0.2205658
vt 0.928206 0.22170126
vt 0.92913485 0.22151792
vt 0.93034387 0.22372669
vt 0.930344 0.22532296
vt 0.9291347 0.22311401
vt 0.92820615 0.22010535
vt 0.9315523 0.2259379
vt 0.9327615 0.22814673
vt 0.93276167 0.22974306
vt 0.9315523 0.22753406
vt 0.93396986 0.23035783
vt 0.9351788 0.23256671
vt 0.93517894 0.23416281
vt 0.93396986 0.2319541
vt 0.93638724 0.23477751
vt 0.93638736 0.23637414
vt 0.9375968 0.23698688
vt 0.9388047 0.23919773
vt 0.9388048 0.24079394
vt 0.9375967 0.23858297
vt 0.94001406 0.24140656
vt 0.94122195 0.24361777
vt 0.94122213 0.24521399
vt 0.94001406 0.24300283
vt 0.94243133 0.24582672
vt 0.9436399 0.2480377
vt 0.94363993 0.24963379
vt 0.94243145 0.2474227
vt 0.9448492 0.25024855
vt 0.9460574 0.25245786
vt 0.94605726 0.25405395
vt 0.9448494 0.251845
vt 0.94726664 0.2546687
vt 0.94726676 0.2562648
vt 0.948476 0.25687754
vt 0.9179863 0.23254383
vt 0.9231039 0.21823335
vt 0.92445916 0.21797705
vt 0.92183256 0.21896964
vt 0.9270848 0.2189697
vt 0.92581344 0.21823335
vt 0.9207112 0.22010535
vt 0.9183899 0.22526383
vt 0.9291641 0.22328544
vt 0.94850427 0.25864708
vt 0.9485958 0.2586869
vt 0.9292545 0.22332686
vt 0.94873357 0.25856864
vt 0.92939377 0.22320867
vt 0.9281993 0.22182715
vt 0.9282715 0.22183788
vt 0.9283812 0.22167873
vt 0.9271021 0.22072262
vt 0.9271526 0.22071493
vt 0.927231 0.22051996
vt 0.92580765 0.21997595
vt 0.92583346 0.21995175
vt 0.9258745 0.21973622
vt 0.92445916 0.21972156
vt 0.92445916 0.219693
vt 0.92445916 0.2194714
vt 0.92310965 0.21997595
vt 0.9230836 0.21995175
vt 0.9230441 0.21973622
vt 0.92181534 0.2207228
vt 0.9217646 0.22071481
vt 0.92168653 0.22051978
vt 0.92071944 0.22182721
vt 0.9206468 0.22183782
vt 0.92053586 0.22167867
vt 0.9197542 0.22328538
vt 0.9196626 0.22332674
vt 0.9195236 0.22320879
vt 0.91895574 0.22504956
vt 0.9188492 0.22512442
vt 0.9186863 0.22505987
vt 0.91835254 0.22705615
vt 0.9182336 0.22716999
vt 0.9180539 0.22716337
vt 0.917943 0.2294203
vt 0.9178175 0.22957939
vt 0.91762555 0.22964329
vt 0.91780525 0.23188734
vt 0.9176763 0.23209447
vt 0.9174792 0.2322306
vt 0.9179431 0.23435467
vt 0.9178176 0.23460972
vt 0.9176255 0.23481822
vt 0.9183527 0.23671901
vt 0.9182337 0.23702133
vt 0.918054 0.23730016
vt 0.9189558 0.23872566
vt 0.9188492 0.23906475
vt 0.9186863 0.23940355
vt 0.9197543 0.24048948
vt 0.9196626 0.24086386
vt 0.91952366 0.24125254
vt 0.9390942 0.275851
vt 0.939003 0.27622354
vt 0.9388647 0.27661455
vt 0.9400594 0.27730918
vt 0.93998694 0.27771086
vt 0.93987626 0.27814472
vt 0.9411565 0.27841365
vt 0.9411059 0.2788359
vt 0.94102776 0.27930307
vt 0.9424496 0.2791602
vt 0.9424235 0.27959716
vt 0.9423842 0.2800851
vt 0.94379926 0.2794146
vt 0.94379926 0.2798577
vt 0.94379926 0.28035188
vt 0.94514894 0.27916014
vt 0.94517505 0.27959716
vt 0.94521457 0.2800851
vt 0.9464418 0.27841365
vt 0.94649285 0.2788359
vt 0.94657093 0.27930307
vt 0.94753915 0.27730906
vt 0.9476116 0.2777108
vt 0.9477225 0.27814472
vt 0.94850427 0.27585095
vt 0.94859576 0.27622354
vt 0.9487336 0.27661455
vt 0.9493018 0.27408648
vt 0.94940925 0.27442622
vt 0.949571 0.2747631
vt 0.949906 0.27208042
vt 0.95002466 0.2723807
vt 0.9502045 0.27265966
vt 0.95031446 0.26971424
vt 0.9504408 0.26996905
vt 0.9506334 0.27017975
vt 0.95045334 0.26724964
vt 0.9505824 0.26745605
vt 0.9507791 0.2675922
vt 0.95031446 0.2647817
vt 0.9504408 0.26494157
vt 0.95063347 0.2650056
vt 0.9499059 0.26241553
vt 0.9500246 0.26252937
vt 0.9502045 0.26252306
vt 0.94930077 0.2604133
vt 0.9494093 0.26048648
vt 0.949571 0.26041937
vt 0.9485038 0.2586478
vt 0.9485959 0.2586869
vt 0.9487337 0.25856853
vt 0.94363993 0.24963373
vt 0.9412221 0.24521387
vt 0.93638736 0.23637408
vt 0.93517894 0.23416269
vt 0.9339699 0.23195416
vt 0.9375967 0.23858303
vt 0.92914045 0.2232061
vt 0.92913496 0.2231136
vt 0.92820644 0.22170013
vt 0.9281801 0.22175157
vt 0.92708844 0.22065556
vt 0.9270851 0.22056502
vt 0.9258021 0.21991795
vt 0.9258134 0.21982962
vt 0.92445916 0.21957302
vt 0.923104 0.21982962
vt 0.92311525 0.21991801
vt 0.92183244 0.2205658
vt 0.92182904 0.22065598
vt 0.9207375 0.22175437
vt 0.9197768 0.22320437
vt 0.92071134 0.22170126
vt 0.9190099 0.22481191
vt 0.91798633 0.22918457
vt 0.91838974 0.22685963
vt 0.9183818 0.22695601
vt 0.9178457 0.23166227
vt 0.9179737 0.22931844
vt 0.91839004 0.23646492
vt 0.91798633 0.2341401
vt 0.91838205 0.23657393
vt 0.9189828 0.23856944
vt 0.9190101 0.23851466
vt 0.9179737 0.23422837
vt 0.91898257 0.22496009
vt 0.92445916 0.21966583
vt 0.9178357 0.23177332
vt 0.9295442 0.22297621
vt 0.9488853 0.25833654
vt 0.92850125 0.22139823
vt 0.92731565 0.22020489
vt 0.9259174 0.21939808
vt 0.92445916 0.21912336
vt 0.9229998 0.21939808
vt 0.92160165 0.22020477
vt 0.9204161 0.2213983
vt 0.91937315 0.22297633
vt 0.9185099 0.22488338
vt 0.9178582 0.22705126
vt 0.9174161 0.22960818
vt 0.9172666 0.23227376
vt 0.9174161 0.23493963
vt 0.9178582 0.23749578
vt 0.91850996 0.23966557
vt 0.91937315 0.24157274
vt 0.92220026 0.24463272
vt 0.920992 0.2424218
vt 0.92340946 0.24684137
vt 0.9246175 0.24905258
vt 0.9270351 0.25347257
vt 0.9294528 0.25789273
vt 0.93066204 0.26010156
vt 0.93428755 0.2667327
vt 0.9354969 0.26894325
vt 0.93670523 0.2711522
vt 0.93912345 0.27557206
vt 0.94007725 0.27713728
vt 0.94116896 0.27823544
vt 0.9411722 0.2781185
vt 0.9400522 0.2769854
vt 0.9424439 0.2788568
vt 0.94245636 0.27899075
vt 0.94515467 0.27885675
vt 0.94379926 0.27911317
vt 0.94514203 0.27899063
vt 0.94642615 0.278118
vt 0.9464293 0.2782352
vt 0.9475462 0.27698493
vt 0.94752103 0.27713704
vt 0.94924855 0.27387422
vt 0.9492757 0.27392888
vt 0.95027256 0.26949978
vt 0.94986844 0.27182442
vt 0.94987655 0.27193278
vt 0.9504125 0.26702452
vt 0.9502836 0.2695902
vt 0.9498684 0.26222152
vt 0.9502726 0.26454675
vt 0.9498764 0.26231802
vt 0.9492754 0.2603222
vt 0.94924855 0.2601717
vt 0.9504229 0.26713562
vt 0.9502836 0.264678
vt 0.94379926 0.27924317
vt 0.94847554 0.25847435
vt 0.938713 0.2769326
vt 0.9397562 0.2785102
vt 0.94094276 0.27970386
vt 0.94234127 0.28051043
vt 0.94379926 0.28078544
vt 0.9452575 0.2805105
vt 0.9466556 0.27970386
vt 0.9478423 0.2785102
vt 0.9488853 0.2769326
vt 0.9497474 0.27502513
vt 0.95040005 0.27285767
vt 0.9508412 0.27030134
vt 0.95099187 0.26763546
vt 0.9508412 0.26496732
vt 0.95040005 0.26241052
vt 0.9497474 0.26024348
vt 0.9488854 0.25833642
vt 0.6518302 0.25687742
vt 0.6530385 0.2546687
vt 0.6530384 0.2562648
vt 0.6518302 0.25847363
vt 0.6542474 0.25245792
vt 0.6554557 0.25024855
vt 0.6554555 0.251845
vt 0.6542475 0.25405395
vt 0.6566652 0.24803764
vt 0.6578734 0.24582672
vt 0.6578733 0.24742275
vt 0.6566651 0.24963373
vt 0.65908265 0.24361777
vt 0.6602907 0.2414065
vt 0.6602907 0.24300277
vt 0.6590825 0.24521399
vt 0.6615002 0.23919773
vt 0.6627081 0.236987
vt 0.6627082 0.23858303
vt 0.6615001 0.24079394
vt 0.6639176 0.23477751
vt 0.665126 0.2325666
vt 0.66512585 0.23416269
vt 0.6639175 0.23637414
vt 0.66633517 0.23035789
vt 0.6675434 0.22814679
vt 0.6675433 0.22974312
vt 0.66633517 0.23195422
vt 0.6687526 0.22593784
vt 0.669962 0.22372669
vt 0.66996187 0.22532296
vt 0.6687526 0.22753406
vt 0.6711702 0.22311401
vt 0.67117006 0.22225004
vt 0.6720988 0.22170126
vt 0.67209876 0.22010541
vt 0.67322016 0.2189697
vt 0.67449147 0.2182334
vt 0.6744915 0.21982962
vt 0.67322004 0.2205658
vt 0.6758468 0.21797705
vt 0.677201 0.21823335
vt 0.6772009 0.21982962
vt 0.6758468 0.21957302
vt 0.6784723 0.2189697
vt 0.6795936 0.22010535
vt 0.6795935 0.22170126
vt 0.6784724 0.2205658
vt 0.6805224 0.22151798
vt 0.6812951 0.22321624
vt 0.68129504 0.22481209
vt 0.68052226 0.22311401
vt 0.68191504 0.22526383
vt 0.68231875 0.22758812
vt 0.6823188 0.22918457
vt 0.6819149 0.22685993
vt 0.6824589 0.23006594
vt 0.6824589 0.23166227
vt 0.68231887 0.23254383
vt 0.6819149 0.23486859
vt 0.6819149 0.23646486
vt 0.6823188 0.2341401
vt 0.6812951 0.23691833
vt 0.681295 0.23851466
vt 0.68052244 0.23934829
vt 0.68052226 0.24021274
vt 0.67117006 0.22151792
vt 0.68052244 0.23861635
vt 0.6793141 0.24082524
vt 0.67931396 0.24242175
vt 0.6781047 0.24303663
vt 0.6781048 0.24463272
vt 0.67689544 0.24524546
vt 0.67568713 0.24745649
vt 0.67568713 0.24905258
vt 0.6768953 0.24684143
vt 0.674478 0.24966562
vt 0.6732698 0.2518764
vt 0.6732697 0.25347263
vt 0.674478 0.2512617
vt 0.67206055 0.25408518
vt 0.67085224 0.25629628
vt 0.6708521 0.2578926
vt 0.67206043 0.2556815
vt 0.66964275 0.25850546
vt 0.6684349 0.26071656
vt 0.6684348 0.2623124
vt 0.66964287 0.2601015
vt 0.6672256 0.2629273
vt 0.66601723 0.26513624
vt 0.6660171 0.26673257
vt 0.6672256 0.2645235
vt 0.6648079 0.26734734
vt 0.66359967 0.26955616
vt 0.66359967 0.27115214
vt 0.6648079 0.2689432
vt 0.66118234 0.27557206
vt 0.6623905 0.27336305
vt 0.6611823 0.2747084
vt 0.66025245 0.27698493
vt 0.6623905 0.2717672
vt 0.65913224 0.278118
vt 0.6591323 0.27725416
vt 0.6578608 0.27885675
vt 0.6578608 0.2772606
vt 0.65650564 0.2791131
vt 0.6551504 0.27799278
vt 0.6551504 0.27885675
vt 0.6538788 0.27652228
vt 0.65275896 0.2753886
vt 0.6527589 0.276985
vt 0.65387887 0.27811807
vt 0.65650564 0.27751714
vt 0.6518302 0.27397597
vt 0.6510564 0.27227807
vt 0.6510564 0.27387422
vt 0.65183014 0.27557206
vt 0.6504364 0.2702284
vt 0.6500326 0.26790345
vt 0.6500326 0.26949978
vt 0.65043634 0.27182436
vt 0.6498923 0.26542783
vt 0.6498923 0.26702452
vt 0.6500326 0.26294994
vt 0.6504365 0.260625
vt 0.6504364 0.26222152
vt 0.6500325 0.26454675
vt 0.6510564 0.2593075
vt 0.6510564 0.2601717
vt 0.6602524 0.2753886
vt 0.6611823 0.27397603
vt 0.6591323 0.27652222
vt 0.6551504 0.2772606
vt 0.6510564 0.25857568
vt 0.6518302 0.25687754
vt 0.6510031 0.26041144
vt 0.6518007 0.25864708
vt 0.6517101 0.2586869
vt 0.65089566 0.26048636
vt 0.65157104 0.25856858
vt 0.650734 0.26041937
vt 0.65039897 0.2624154
vt 0.65028036 0.26252937
vt 0.65010047 0.26252306
vt 0.6499907 0.2647817
vt 0.649864 0.26494157
vt 0.64967173 0.26500565
vt 0.6498517 0.2672497
vt 0.6497225 0.2674561
vt 0.6495268 0.2675923
vt 0.64999074 0.26971418
vt 0.649864 0.26996905
vt 0.64967173 0.27017975
vt 0.650399 0.27208042
vt 0.6502803 0.2723807
vt 0.6501004 0.27265966
vt 0.6510031 0.27408648
vt 0.6508957 0.27442628
vt 0.650734 0.2747631
vt 0.65180063 0.27585095
vt 0.6517091 0.27622354
vt 0.65157104 0.27661455
vt 0.65276575 0.27730918
vt 0.6526932 0.27771086
vt 0.6525837 0.27814472
vt 0.6538631 0.27841365
vt 0.65381205 0.2788359
vt 0.65373397 0.27930307
vt 0.65515596 0.2791602
vt 0.65512997 0.27959716
vt 0.65509045 0.2800851
vt 0.65650564 0.2794146
vt 0.65650564 0.2798577
vt 0.65650564 0.28035188
vt 0.6578551 0.27916014
vt 0.6578812 0.27959716
vt 0.65792084 0.2800851
vt 0.6591482 0.27841365
vt 0.6592002 0.2788359
vt 0.6592772 0.27930307
vt 0.66024476 0.27730775
vt 0.660318 0.27771086
vt 0.66042876 0.27814472
vt 0.6612105 0.27585083
vt 0.6613021 0.27622354
vt 0.66144013 0.27661455
vt 0.6805518 0.24048954
vt 0.6806422 0.24086392
vt 0.68078125 0.24125254
vt 0.68134916 0.23872554
vt 0.6814556 0.2390647
vt 0.68161845 0.23940349
vt 0.6819533 0.2367189
vt 0.68207103 0.23702121
vt 0.682252 0.23730016
vt 0.6823618 0.23435473
vt 0.6824872 0.23460972
vt 0.68267965 0.23481828
vt 0.68249965 0.2318874
vt 0.68262875 0.23209453
vt 0.6828257 0.23223066
vt 0.6823618 0.22942036
vt 0.68248725 0.22957939
vt 0.6826796 0.22964329
vt 0.6819534 0.22705609
vt 0.68207103 0.22716999
vt 0.68225193 0.22716337
vt 0.6813493 0.2250495
vt 0.6814556 0.22512442
vt 0.6816184 0.22505993
vt 0.6805519 0.22328544
vt 0.68064207 0.2233268
vt 0.6807813 0.22320867
vt 0.67958665 0.22182709
vt 0.6796591 0.22183788
vt 0.67976874 0.22167873
vt 0.6784895 0.22072268
vt 0.6785403 0.22071493
vt 0.6786184 0.22051996
vt 0.67719525 0.21997595
vt 0.67722124 0.21995175
vt 0.67726195 0.21973622
vt 0.6758468 0.21972156
vt 0.6758468 0.219693
vt 0.6758468 0.2194714
vt 0.6744971 0.21997595
vt 0.67447114 0.21995175
vt 0.6744316 0.21973622
vt 0.67320293 0.22072291
vt 0.6731521 0.22071499
vt 0.67307407 0.22051978
vt 0.6721075 0.22182918
vt 0.67203325 0.221838
vt 0.6719236 0.22167873
vt 0.67114174 0.2232855
vt 0.67105013 0.22332668
vt 0.6709111 0.22320879
vt 0.6518007 0.25864708
vt 0.65171015 0.2586869
vt 0.65157104 0.25856864
vt 0.6510562 0.2601714
vt 0.6518302 0.25847363
vt 0.65102905 0.26032174
vt 0.6504284 0.26231778
vt 0.65043616 0.26222122
vt 0.6498923 0.26702452
vt 0.6500325 0.26454675
vt 0.6500212 0.264678
vt 0.6498832 0.26713562
vt 0.65002126 0.2695902
vt 0.6500326 0.26949978
vt 0.6504285 0.27193272
vt 0.6510291 0.27392888
vt 0.6510564 0.27387416
vt 0.65043634 0.27182436
vt 0.6518299 0.27557254
vt 0.6518231 0.2756852
vt 0.65387887 0.278118
vt 0.65275866 0.27698547
vt 0.6527837 0.27713728
vt 0.6551504 0.27885675
vt 0.6538756 0.2782352
vt 0.6551628 0.27899075
vt 0.65650564 0.2791131
vt 0.65650564 0.2792431
vt 0.6578483 0.27899063
vt 0.6578608 0.27885675
vt 0.65913224 0.278118
vt 0.6591357 0.2782352
vt 0.66118205 0.27557153
vt 0.66025245 0.27698493
vt 0.6602273 0.27713656
vt 0.6623905 0.2733631
vt 0.66359967 0.2711522
vt 0.66480786 0.26894325
vt 0.6672256 0.2645234
vt 0.6696428 0.26010156
vt 0.6660171 0.2667327
vt 0.6708521 0.25789273
vt 0.68093187 0.24157274
vt 0.66159177 0.2769326
vt 0.6732697 0.25347257
vt 0.67447793 0.2512617
vt 0.67810476 0.24463272
vt 0.67931396 0.2424218
vt 0.6768953 0.24684137
vt 0.68052226 0.24021274
vt 0.6505574 0.26024342
vt 0.6499047 0.26241052
vt 0.64946353 0.26496732
vt 0.6514206 0.25833642
vt 0.649313 0.26763558
vt 0.64946353 0.27030134
vt 0.6499047 0.27285767
vt 0.6505574 0.27502513
vt 0.6514194 0.2769326
vt 0.65246356 0.2785102
vt 0.65364933 0.27970386
vt 0.6550474 0.28051043
vt 0.65650564 0.28078544
vt 0.6579638 0.2805105
vt 0.659362 0.27970386
vt 0.66054875 0.2785102
vt 0.6813222 0.23856944
vt 0.68192285 0.236574
vt 0.68191516 0.23646504
vt 0.6812952 0.23851478
vt 0.6823188 0.2341401
vt 0.6824589 0.23166227
vt 0.6823312 0.22931844
vt 0.6823188 0.22918457
vt 0.6819149 0.22685993
vt 0.68192285 0.22695613
vt 0.6823312 0.23422843
vt 0.6813223 0.22496021
vt 0.681295 0.22481209
vt 0.680528 0.22320431
vt 0.67956746 0.22175425
vt 0.6784724 0.2205658
vt 0.6795935 0.22170126
vt 0.67847586 0.22065592
vt 0.6772009 0.21982944
vt 0.6824692 0.23177332
vt 0.67718965 0.21991783
vt 0.6758468 0.2196657
vt 0.6758468 0.2195729
vt 0.6744915 0.21982962
vt 0.6745029 0.21991801
vt 0.67322004 0.2205658
vt 0.6732166 0.22065592
vt 0.6711704 0.22311461
vt 0.6720989 0.22170126
vt 0.6721251 0.22175252
vt 0.66996187 0.22532296
vt 0.6675433 0.22974306
vt 0.6639175 0.23637408
vt 0.6663351 0.23195416
vt 0.6602907 0.24300283
vt 0.65908253 0.24521387
vt 0.6578733 0.2474227
vt 0.681795 0.23966563
vt 0.68244654 0.23749578
vt 0.6828889 0.2349397
vt 0.6830394 0.23227382
vt 0.6828889 0.22960818
vt 0.68244654 0.2270512
vt 0.681795 0.22488344
vt 0.68093187 0.22297627
vt 0.6798889 0.22139823
vt 0.6787031 0.22020489
vt 0.6773049 0.21939808
vt 0.6758468 0.21912336
vt 0.6707606 0.22297633
vt 0.67438745 0.21939808
vt 0.67298925 0.22020477
vt 0.67180365 0.2213983
vt 0.6518302 0.48191524
vt 0.6510564 0.48021704
vt 0.6510564 0.48181343
vt 0.6518302 0.4835114
vt 0.6504364 0.47816944
vt 0.6500326 0.47584474
vt 0.6500326 0.47744083
vt 0.6504364 0.4797656
vt 0.6498923 0.47336698
vt 0.6500326 0.4708891
vt 0.6500326 0.47248507
vt 0.6498923 0.47496295
vt 0.6504364 0.47016025
vt 0.6504364 0.46929646
vt 0.65105635 0.46811265
vt 0.6518302 0.46481657
vt 0.65275896 0.46340406
vt 0.6527589 0.4649999
vt 0.65183014 0.4664126
vt 0.6538788 0.46227044
vt 0.6551504 0.46153224
vt 0.6551504 0.46312803
vt 0.6538788 0.4638666
vt 0.6578608 0.46312803
vt 0.65650564 0.4628718
vt 0.65650564 0.46213967
vt 0.6578608 0.46153224
vt 0.6591323 0.46227044
vt 0.6591323 0.4638666
vt 0.6602524 0.46340406
vt 0.66025245 0.46499985
vt 0.6510564 0.46651685
vt 0.6611823 0.46554857
vt 0.66118234 0.46641254
vt 0.6623905 0.46702754
vt 0.6635997 0.4692365
vt 0.6635997 0.4708326
vt 0.66239053 0.46862358
vt 0.6648079 0.4714477
vt 0.6660172 0.47365648
vt 0.6660173 0.4752524
vt 0.66480786 0.47304356
vt 0.6672256 0.4758675
vt 0.6684348 0.47807872
vt 0.66843474 0.4796747
vt 0.6672256 0.4774636
vt 0.66964287 0.4802875
vt 0.67085224 0.4824984
vt 0.6708523 0.4840945
vt 0.66964287 0.4818834
vt 0.67206043 0.48470736
vt 0.6732697 0.48691738
vt 0.6732697 0.48851335
vt 0.67206043 0.4863035
vt 0.67447805 0.48912764
vt 0.6756871 0.49133736
vt 0.6756871 0.4929334
vt 0.67447805 0.49072325
vt 0.6768953 0.4935475
vt 0.67810476 0.4957583
vt 0.67810476 0.4973544
vt 0.67689526 0.49514347
vt 0.6793141 0.49796838
vt 0.679314 0.49956435
vt 0.6805222 0.50091016
vt 0.68052226 0.5017746
vt 0.65043646 0.46856415
vt 0.65650564 0.46127558
vt 0.6611823 0.46481657
vt 0.68052226 0.50017834
vt 0.68129504 0.50260872
vt 0.681295 0.5034725
vt 0.6819149 0.505521
vt 0.6823188 0.50624985
vt 0.6824589 0.50872767
vt 0.6824589 0.51032382
vt 0.6823188 0.50784594
vt 0.68191487 0.50392497
vt 0.6823188 0.51120484
vt 0.6819149 0.5135296
vt 0.68191487 0.5151254
vt 0.6823188 0.5128004
vt 0.681295 0.5155779
vt 0.6805223 0.51727676
vt 0.68052226 0.51887292
vt 0.681295 0.51717412
vt 0.67959356 0.51868963
vt 0.6784724 0.519823
vt 0.6784724 0.52141923
vt 0.6795935 0.52028567
vt 0.6758468 0.52241385
vt 0.6772009 0.5221575
vt 0.6758468 0.5216819
vt 0.6772009 0.52056146
vt 0.6744915 0.5221575
vt 0.6744915 0.52056146
vt 0.6720989 0.52028567
vt 0.67322004 0.5214193
vt 0.6720989 0.51942194
vt 0.67322004 0.519823
vt 0.6711702 0.5180092
vt 0.6711702 0.51887292
vt 0.6699619 0.516663
vt 0.6699618 0.51506716
vt 0.6687526 0.51285702
vt 0.6675434 0.510647
vt 0.66754335 0.5122431
vt 0.6687526 0.5144533
vt 0.66633517 0.5084374
vt 0.66512585 0.50622588
vt 0.66512585 0.50782222
vt 0.6663351 0.51003313
vt 0.6639176 0.50401634
vt 0.6627082 0.5018062
vt 0.6627083 0.50340217
vt 0.66391754 0.50561196
vt 0.66150004 0.49959624
vt 0.6602907 0.49738604
vt 0.6602907 0.49898237
vt 0.66150016 0.50119227
vt 0.65908265 0.49517632
vt 0.6578732 0.49296606
vt 0.6578732 0.49456215
vt 0.6590826 0.49677217
vt 0.65666515 0.49075615
vt 0.65666515 0.49235225
vt 0.65545565 0.48854625
vt 0.6542475 0.48633623
vt 0.6542475 0.48793232
vt 0.6554557 0.49014223
vt 0.6530384 0.48412627
vt 0.6530383 0.4857223
vt 0.6518302 0.48351133
vt 0.681295 0.50187647
vt 0.6758468 0.52081805
vt 0.6720988 0.51868963
vt 0.6711701 0.51727676
vt 0.67114174 0.51915085
vt 0.65180063 0.48379016
vt 0.65171015 0.48416293
vt 0.67105013 0.51952457
vt 0.65157104 0.48455346
vt 0.6709111 0.51991397
vt 0.6721068 0.52061003
vt 0.6720333 0.5210119
vt 0.6719236 0.52144468
vt 0.67320293 0.5217136
vt 0.6731521 0.5221371
vt 0.67307407 0.52260327
vt 0.6744972 0.52246016
vt 0.67447114 0.52289802
vt 0.6744316 0.52338582
vt 0.6758468 0.5227136
vt 0.6758468 0.52315772
vt 0.6758468 0.5236525
vt 0.6771952 0.52246022
vt 0.6772213 0.52289802
vt 0.67726195 0.52338576
vt 0.6784894 0.52171355
vt 0.6785402 0.5221371
vt 0.67861843 0.52260327
vt 0.67958665 0.52061003
vt 0.67965907 0.5210119
vt 0.6797687 0.52144468
vt 0.6805518 0.51915085
vt 0.6806421 0.51952457
vt 0.68078125 0.51991397
vt 0.6813493 0.51738662
vt 0.6814556 0.51772618
vt 0.68161845 0.51806402
vt 0.6819533 0.5153805
vt 0.682071 0.5156818
vt 0.682252 0.51595956
vt 0.6823617 0.51301527
vt 0.68248725 0.51326984
vt 0.68267965 0.51347977
vt 0.6824997 0.51054883
vt 0.68262875 0.51075613
vt 0.6828257 0.51089227
vt 0.6823618 0.50808132
vt 0.68248725 0.50824094
vt 0.68267965 0.50830466
vt 0.6819533 0.5057162
vt 0.68207103 0.50583065
vt 0.682252 0.5058241
vt 0.68134826 0.5037129
vt 0.6814556 0.50378573
vt 0.68161845 0.5037194
vt 0.68055165 0.50194675
vt 0.68064207 0.50198758
vt 0.6807813 0.50186908
vt 0.6612104 0.46658593
vt 0.6613021 0.4666258
vt 0.66144013 0.46650958
vt 0.66024566 0.46512556
vt 0.660318 0.46513855
vt 0.66042876 0.46497893
vt 0.6591482 0.46402323
vt 0.6592002 0.46401346
vt 0.6592772 0.46382093
vt 0.6578551 0.4632768
vt 0.6578812 0.46325237
vt 0.65792084 0.46303678
vt 0.65650564 0.46302253
vt 0.65650564 0.46299386
vt 0.65650564 0.4627701
vt 0.655156 0.46327692
vt 0.65512997 0.4632523
vt 0.65509045 0.46303672
vt 0.6538631 0.46402335
vt 0.65381205 0.46401346
vt 0.65373397 0.46382093
vt 0.6527657 0.46512556
vt 0.6526933 0.46513867
vt 0.65258366 0.46497893
vt 0.65180075 0.466586
vt 0.6517091 0.4666258
vt 0.65157104 0.46650958
vt 0.6510032 0.4683503
vt 0.65089566 0.46842504
vt 0.650734 0.46835864
vt 0.650399 0.47035623
vt 0.6502803 0.47046858
vt 0.65010047 0.47046387
vt 0.6499907 0.47272038
vt 0.649864 0.47288024
vt 0.64967173 0.47294396
vt 0.6498517 0.47518814
vt 0.6497225 0.47539532
vt 0.6495268 0.47553134
vt 0.6499908 0.4776557
vt 0.64986396 0.4779104
vt 0.64967173 0.4781189
vt 0.6503991 0.48001957
vt 0.6502803 0.48031998
vt 0.6501004 0.4805988
vt 0.651004 0.48202485
vt 0.6508957 0.48236543
vt 0.650734 0.4827044
vt 0.65180105 0.48378956
vt 0.65171015 0.484163
vt 0.6515711 0.48455346
vt 0.6687526 0.51445323
vt 0.6711702 0.51887292
vt 0.6721249 0.52043796
vt 0.6732165 0.52153635
vt 0.6732199 0.52141958
vt 0.67209876 0.52028602
vt 0.6744915 0.5221575
vt 0.6745029 0.5222906
vt 0.6758468 0.52241385
vt 0.6758468 0.52254397
vt 0.67718965 0.5222906
vt 0.6772009 0.5221575
vt 0.6784724 0.52141923
vt 0.67847586 0.52153617
vt 0.68052256 0.51887327
vt 0.6795935 0.52028567
vt 0.68052787 0.5189861
vt 0.6813223 0.5172304
vt 0.68129545 0.51717472
vt 0.6795675 0.52043784
vt 0.6823188 0.51280034
vt 0.6819151 0.51512557
vt 0.681923 0.51523417
vt 0.6824589 0.51032382
vt 0.68233126 0.51289034
vt 0.6819149 0.505521
vt 0.6823188 0.50784588
vt 0.6819228 0.50561744
vt 0.6813218 0.50362182
vt 0.681295 0.5034725
vt 0.68246925 0.5104351
vt 0.68233126 0.50797904
vt 0.68052197 0.5017751
vt 0.6514206 0.4848717
vt 0.6707606 0.52023315
vt 0.67180365 0.52181023
vt 0.67298925 0.52300274
vt 0.67438745 0.52381033
vt 0.6758468 0.52408552
vt 0.6773049 0.52381033
vt 0.6787031 0.52300274
vt 0.6798889 0.5218103
vt 0.68093187 0.52023315
vt 0.681795 0.51832616
vt 0.68244654 0.5161577
vt 0.6828889 0.51360142
vt 0.6830394 0.5109352
vt 0.6828889 0.50826782
vt 0.68244654 0.50571167
vt 0.681795 0.50354415
vt 0.68093187 0.5016374
vt 0.679314 0.4995644
vt 0.67689526 0.4951434
vt 0.6756871 0.49293333
vt 0.6602276 0.46505237
vt 0.66118234 0.46641254
vt 0.6602526 0.46499932
vt 0.6591324 0.4638661
vt 0.6591358 0.4639544
vt 0.6578608 0.46312803
vt 0.6578483 0.4632187
vt 0.65650564 0.4628718
vt 0.65650564 0.46296418
vt 0.6551628 0.4632187
vt 0.6551504 0.46312803
vt 0.6538788 0.4638666
vt 0.6538755 0.4639547
vt 0.65278375 0.4650526
vt 0.6518233 0.4665048
vt 0.6527589 0.46499985
vt 0.6510562 0.46811247
vt 0.6500325 0.47248507
vt 0.65043616 0.4701599
vt 0.6504284 0.47025663
vt 0.65002114 0.4726193
vt 0.64988315 0.4750744
vt 0.6498922 0.47496295
vt 0.6504364 0.4797656
vt 0.6500326 0.47744083
vt 0.65042853 0.47987413
vt 0.6510294 0.48186976
vt 0.6510564 0.48181343
vt 0.65002126 0.47752935
vt 0.65102905 0.46826065
vt 0.6518306 0.4835108
vt 0.66159177 0.46627522
vt 0.66054875 0.4646995
vt 0.659362 0.46350586
vt 0.6579638 0.46269917
vt 0.65650564 0.46242428
vt 0.6550474 0.46269917
vt 0.6536493 0.46350586
vt 0.6524635 0.4646995
vt 0.6514194 0.46627522
vt 0.6505574 0.4681822
vt 0.6499047 0.47035217
vt 0.64946353 0.47290844
vt 0.649313 0.47557437
vt 0.64946353 0.4782408
vt 0.6499047 0.4807968
vt 0.6505574 0.48296463
vt 0.65142065 0.48487163
vt 0.9936516 0.15110719
vt 0.9936516 0.08979648
vt 0.9936516 0.86665809
vt 0.9936516 0.84622163
vt 0.9936516 0.028486967
vt 0.9936516 0.887094915
vt 0.9936516 0.9279688
vt 0.9936516 0.948405445
vt 0.9936516 0.90753186
vt 0.9936516 0.82578468
vt 0.49925596 0.13183093
vt 0.74118257 0.13183093
vt 0.9831094 0.0705204
vt 0.9831094 0.13183093
vt 0.9831094 0.009209931
vt 0.9661236 0.89762169
vt 0.9661236 0.929499805
vt 0.9630093 0.937580347
vt 0.9630093 0.905702114
vt 0.96612364 0.86574346
vt 0.96300936 0.87382436
vt 0.9661236 0.83386558
vt 0.9630093 0.84194648
vt 0.9598949 0.945661366
vt 0.9598949 0.91378349
vt 0.95989496 0.88190514
vt 0.9598949 0.8500272
vt 0.96923774 0.931025624
vt 0.9692378 0.909977436
vt 0.96923774 0.88892919
vt 0.96923774 0.86788094
vt 0.9692377 0.84683299
vt 0.9692378 0.82578468
vt 0.9567804 0.9602921
vt 0.95728624 0.982282043
vt 0.9567804 0.980728924
vt 0.95678043 0.939855337
vt 0.95699877 0.98209989
vt 0.9567803 0.91941857
vt 0.9567803 0.89898181
vt 0.9567804 0.878545046
vt 0.9567804 0.85810822
vt 0.5216876 0.4621384
vt 0.52605665 0.33608454
vt 0.52605665 0.46344376
vt 0.51730067 0.33370817
vt 0.51730067 0.46106696
vt 0.5164749 0.46089113
vt 0.51455283 0.46051896
vt 0.51455283 0.33316004
vt 0.50882524 0.4596774
vt 0.49925596 0.45915204
vt 0.49925596 0.39547265
vt 0.53723234 0.46779966
vt 0.53654796 0.46749514
vt 0.53723234 0.34044033
vt 0.5408253 0.4694646
vt 0.5408253 0.3421055
vt 0.54086715 0.46948493
vt 0.5432303 0.343274
vt 0.5437405 0.4708854
vt 0.5432303 0.4706328
vt 0.54921925 0.47376454
vt 0.54921925 0.3464055
vt 0.5521141 0.47542107
vt 0.5526673 0.3483889
vt 0.5526673 0.47574794
vt 0.5561131 0.47789055
vt 0.55952823 0.3528254
vt 0.55952823 0.48018467
vt 0.5688206 0.48733985
vt 0.5688206 0.3599807
vt 0.56891453 0.48741758
vt 0.56456256 0.48389512
vt 0.5708342 0.4890617
vt 0.56035745 0.48076963
vt 0.50882524 0.3323182
vt 0.49925596 0.33179277
vt 0.5269978 0.4637559
vt 0.53012353 0.46486843
vt 0.53012353 0.33750957
vt 0.5340953 0.46644282
vt 0.51078004 0.4599191
vt 0.5216876 0.33477962
vt 0.5340953 0.33908343
vt 0.57206166 0.36278117
vt 0.5720616 0.49014044
vt 0.5616846 0.3543663
vt 0.5727436 0.49074823
vt 0.5561131 0.3505317
vt 0.5616846 0.48172522
vt 0.5739767 0.3645053
vt 0.57397676 0.49186397
vt 0.5736896 0.49160135
vt 0.5758966 0.49364316
vt 0.57585466 0.49360245
vt 0.5758547 0.40677446
vt 0.5768954 0.4945984
vt 0.57858 0.3689201
vt 0.57857996 0.49627912
vt 0.5783616 0.4960568
vt 0.57753015 0.36786187
vt 0.57775515 0.49544537
vt 0.57753015 0.49522114
vt 0.5798017 0.4975509
vt 0.57909906 0.49681473
vt 0.57980174 0.37019205
vt 0.574633 0.49246502
vt 0.5935249 0.38602996
vt 0.59380114 0.51372302
vt 0.593525 0.51338917
vt 0.5818209 0.4997332
vt 0.5798333 0.49758518
vt 0.5830438 0.50109375
vt 0.5830439 0.37373507
vt 0.58379495 0.5019412
vt 0.584872 0.37580848
vt 0.584872 0.50316763
vt 0.5891561 0.38080776
vt 0.58915603 0.50816643
vt 0.5885496 0.50744998
vt 0.6028409 0.5247646
vt 0.60525507 0.5065177
vt 0.60525507 0.52774388
vt 0.5868505 0.50545615
vt 0.5868505 0.37809694
vt 0.5748037 0.36526406
vt 0.5748037 0.49262345
vt 0.5758548 0.3662436
vt 0.5768955 0.3672396
vt 0.57714665 0.49484265
vt 0.5976032 0.39098048
vt 0.5976032 0.51833957
vt 0.5861774 0.50467432
vt 0.5983271 0.51922393
vt 0.60525507 0.4640646
vt 0.60525507 0.48529088
vt 0.60525507 0.4428382
vt 0.60525507 0.4216116
vt 0.6052551 0.40038514
vt 0.6042788 0.49854147
vt 0.60476625 0.49722302
vt 0.60476637 0.46538305
vt 0.6042788 0.4667018
vt 0.6047663 0.43354344
vt 0.60427886 0.43486202
vt 0.6037911 0.49986112
vt 0.6037912 0.46802115
vt 0.60379106 0.43618166
vt 0.60461366 0.52898824
vt 0.60525507 0.5065177
vt 0.60525507 0.52774388
vt 0.60525507 0.48529088
vt 0.6043239 0.52940875
vt 0.60406387 0.529684
vt 0.60525507 0.4640646
vt 0.60525507 0.44283813
vt 0.60525507 0.42161155
vt 0.605255 0.40038514
vt 0.60330355 0.4056602
vt 0.6035004 0.52961844
vt 0.6033036 0.50784445
vt 0.60335326 0.52910006
vt 0.60330355 0.52828145
vt 0.603316 0.52872664
vt 0.6033036 0.52839822
vt 0.6033059 0.52851206
vt 0.6033035 0.46697098
vt 0.60330355 0.48740757
vt 0.6033035 0.44653428
vt 0.60330355 0.42609704
vt 0.054868564 0.963804185
vt 0.04173121 0.980728924
vt 0.04173121 0.9602921
vt 0.06800823 0.946881235
vt 0.041731134 0.89898169
vt 0.09428735 0.913039744
vt 0.08114774 0.92995942
vt 0.041731186 0.85810816
vt 0.10742814 0.89612192
vt 0.14685711 0.7227623
vt 0.13371292 0.8622939
vt 0.12057107 0.87920612
vt 0.14685708 0.84538347
vt 0.18849534 0.79184335
vt 0.16767451 0.81860918
vt 0.20931953 0.76508635
vt 0.23014826 0.61572236
vt 0.041731242 0.939855397
vt 0.041731134 0.919418454
vt 0.041731186 0.878545046
vt 0.24729034 0.71634924
vt 0.23014835 0.7383433
vt 0.26443487 0.69436532
vt 0.2644355 0.571746
vt 0.2793456 0.6752683
vt 0.29426125 0.53356117
vt 0.2942614 0.65618217
vt 0.30710575 0.63976413
vt 0.3199558 0.50074035
vt 0.31995574 0.62336117
vt 0.3602816 0.57209718
vt 0.34185243 0.5954755
vt 0.36028162 0.53751296
vt 0.36938283 0.56059867
vt 0.36938292 0.52601415
vt 0.34185243 0.47285438
vt 0.3830336 0.54343998
vt 0.39406797 0.52969187
vt 0.39406797 0.5253874
vt 0.3830336 0.5016997
vt 0.39520824 0.48740757
vt 0.3952083 0.5078445
vt 0.39520824 0.52828145
vt 0.36028165 0.44947642
vt 0.36938283 0.43797755
vt 0.3830336 0.42081904
vt 0.394068 0.41137534
vt 0.39520824 0.42609704
vt 0.3952082 0.44653428
vt 0.39520824 0.40566027
vt 0.3952082 0.46697092
vt 0.38416827 0.54018134
vt 0.38367397 0.53913724
vt 0.30817127 0.63484508
vt 0.3086724 0.63587987
vt 0.3846332 0.5409611
vt 0.30914536 0.63665134
vt 0.3850427 0.54141957
vt 0.30956048 0.63710153
vt 0.3853742 0.54152805
vt 0.30989647 0.6372041
vt 0.38560957 0.54129422
vt 0.31013635 0.63696444
vt 0.38574633 0.5407589
vt 0.3102744 0.63642746
vt 0.09863248 0.903864264
vt 0.099137075 0.90489566
vt 0.09961211 0.905664146
vt 0.10003052 0.90611559
vt 0.10037056 0.90622175
vt 0.10061012 0.90597451
vt 0.10074794 0.905433
vt 0.48772156 0.4597205
vt 0.49925596 0.45915365
vt 0.49925596 0.45720297
vt 0.48764583 0.45797646
vt 0.4819081 0.45895326
vt 0.4713048 0.46184075
vt 0.47146544 0.46334147
vt 0.4619006 0.4670871
vt 0.46169248 0.46560276
vt 0.44604367 0.47357243
vt 0.44631526 0.47502095
vt 0.454467 0.46900946
vt 0.43773693 0.4789604
vt 0.43805823 0.48037994
vt 0.4820223 0.46069193
vt 0.47682413 0.46213853
vt 0.48395792 0.46051908
vt 0.482037 0.460891
vt 0.47245407 0.46344358
vt 0.48773065 0.4599192
vt 0.4715129 0.4637562
vt 0.4619244 0.46724296
vt 0.44929266 0.47376442
vt 0.4547272 0.4706369
vt 0.45768553 0.46946442
vt 0.44239765 0.47789067
vt 0.44584468 0.47574782
vt 0.4389824 0.4801845
vt 0.46838838 0.46486855
vt 0.44639662 0.47542137
vt 0.4275635 0.48868608
vt 0.42718336 0.48731512
vt 0.4264492 0.4901402
vt 0.42767766 0.4890616
vt 0.43394944 0.483895
vt 0.41810164 0.49591744
vt 0.41854504 0.49722838
vt 0.42969018 0.48733974
vt 0.40981862 0.5071047
vt 0.40933764 0.5058347
vt 0.4147157 0.50194114
vt 0.4136399 0.5031675
vt 0.42265716 0.49360234
vt 0.40470973 0.51372325
vt 0.40498695 0.5133894
vt 0.41546687 0.50109386
vt 0.4166909 0.4997331
vt 0.42482245 0.49160147
vt 0.42576805 0.4907481
vt 0.42959747 0.4874174
vt 0.4238789 0.4924649
vt 0.42453387 0.4918641
vt 0.43682623 0.48172528
vt 0.42261526 0.49364316
vt 0.40996215 0.50744987
vt 0.4116613 0.50545603
vt 0.40935466 0.50816655
vt 0.42075667 0.49544525
vt 0.42015025 0.49605668
vt 0.42161527 0.4945985
vt 0.4186785 0.49758506
vt 0.4209807 0.49522096
vt 0.41870904 0.49755096
vt 0.41941273 0.4968146
vt 0.4237069 0.49262333
vt 0.3831751 0.5378915
vt 0.43815434 0.48076975
vt 0.41993186 0.49627912
vt 0.48968545 0.45967722
vt 0.48121125 0.46106708
vt 0.4552805 0.4706329
vt 0.4576436 0.46948522
vt 0.4547703 0.47088534
vt 0.46441653 0.46644264
vt 0.46127835 0.46779948
vt 0.46196267 0.4674952
vt 0.42136526 0.49484253
vt 0.41233325 0.50467455
vt 0.39325672 0.527744
vt 0.39566994 0.52476472
vt 0.40090752 0.51833946
vt 0.39389822 0.5289883
vt 0.40018356 0.51922375
vt 0.3076646 0.63360846
vt 0.09812335 0.90263039
vt 0.04007507 0.97825998
vt 0.39444804 0.52968407
vt 0.3941868 0.5294088
vt 0.040469814 0.981228769
vt 0.040228896 0.979770243
vt 0.040041063 0.977867246
vt 0.04011126 0.978651106
vt 0.040148616 0.979035795
vt 0.040187076 0.979409933
vt 0.040271904 0.980111659
vt 0.04031827 0.980430067
vt 0.040365823 0.980724454
vt 0.040416647 0.980991662
vt 0.040525384 0.981436193
vt 0.04058305 0.981614113
vt 0.04064173 0.981763422
vt 0.040702835 0.981884837
vt 0.040764026 0.981980622
vt 0.04082966 0.982063413
vt 0.04122987 0.982299745
vt 0.04000834 0.977475166
vt 0.3830336 0.54343998
vt 0.3952049 0.52851206
vt 0.39519578 0.52872658
vt 0.39520723 0.52839822
vt 0.39515853 0.52910006
vt 0.39501035 0.5296185
vt 0.34185243 0.5954755
vt 0.3602816 0.57209718
vt 0.39406797 0.52969187
vt 0.39520824 0.52828145
vt 0.36938283 0.56059867
vt 0.31995577 0.62336117
vt 0.2942614 0.65618217
vt 0.30710575 0.63976413
vt 0.27934572 0.67526865
vt 0.26443562 0.69436735
vt 0.24729033 0.71634924
vt 0.18849263 0.79183638
vt 0.20931953 0.76508635
vt 0.23014835 0.7383433
vt 0.04151373 0.982102871
vt 0.06800823 0.946881235
vt 0.16767451 0.81860918
vt 0.14685708 0.84538347
vt 0.12057107 0.87920612
vt 0.13371292 0.8622939
vt 0.10742815 0.89612192
vt 0.08114774 0.92995942
vt 0.09428734 0.913039744
vt 0.054868564 0.963804185
vt 0.04173121 0.980728924
vt 0.015402275 0.13777149
vt 0.015402275 0.1342271
vt 0.015402275 0.13183051
vt 0.015402275 0.0705204
vt 0.015402275 0.028486967
vt 0.015402275 0.09224236
vt 0.015402275 0.009209871
vt 0.015402275 0.14173329
vt 0.015402275 0.15599835
vt 0.015402275 0.14519358
vt 0.009492625 0.15599877
vt 0.015402275 0.15599877
vt 0.015402275 0.092242956
vt 0.0048589804 0.028486848
vt 0.0048589804 0.08979708
vt 0.015402275 0.028486848
vt 0.007787855 0.15565532
vt 0.0051847296 0.15290785
vt 0.0062163505 0.15456611
vt 0.0048589804 0.15110767
vt 0.34745434 0.48181343
vt 0.34745437 0.48021704
vt 0.3466817 0.48191524
vt 0.3466817 0.4835114
vt 0.3480743 0.47976565
vt 0.3484781 0.47744083
vt 0.34807432 0.47890133
vt 0.34847817 0.47248507
vt 0.34847814 0.4708891
vt 0.34861842 0.47336698
vt 0.34861842 0.47496295
vt 0.34745437 0.46811265
vt 0.34745437 0.46651685
vt 0.34807426 0.46856415
vt 0.34807426 0.47016025
vt 0.34847814 0.47584474
vt 0.34575304 0.4649999
vt 0.34575304 0.46340406
vt 0.34668174 0.46481657
vt 0.34668174 0.4664126
vt 0.3433603 0.46312797
vt 0.3433603 0.46153224
vt 0.34463194 0.46227044
vt 0.34463194 0.4638666
vt 0.34065095 0.46312803
vt 0.34065098 0.46153224
vt 0.34200507 0.46127558
vt 0.34200507 0.46287173
vt 0.3382583 0.46499985
vt 0.3382583 0.46340406
vt 0.33937952 0.46227044
vt 0.33937952 0.4638666
vt 0.3373296 0.46641254
vt 0.33732963 0.46554857
vt 0.33370274 0.4714477
vt 0.33491206 0.4692365
vt 0.33491203 0.4708326
vt 0.33612028 0.46702754
vt 0.33128536 0.4758675
vt 0.3324947 0.47365648
vt 0.33249462 0.4752524
vt 0.32886773 0.4802875
vt 0.33007702 0.47807872
vt 0.32645026 0.4863035
vt 0.3264503 0.48470736
vt 0.3276596 0.4824984
vt 0.32403266 0.49072325
vt 0.3240327 0.48912764
vt 0.32524213 0.48691738
vt 0.32161522 0.49514347
vt 0.32161516 0.4935475
vt 0.3228246 0.49133736
vt 0.32282457 0.4929334
vt 0.31919783 0.49956435
vt 0.3191978 0.49796838
vt 0.32040605 0.4957583
vt 0.3179884 0.5009101
vt 0.3480743 0.47816944
vt 0.3373296 0.46481657
vt 0.31798834 0.50177455
vt 0.3172158 0.5034725
vt 0.31721583 0.50187647
vt 0.31619188 0.50784594
vt 0.3161919 0.50624985
vt 0.316596 0.5039249
vt 0.316596 0.505521
vt 0.31619188 0.5128004
vt 0.3161919 0.51120484
vt 0.31605172 0.50872767
vt 0.31605172 0.51032382
vt 0.3179883 0.51887292
vt 0.3179883 0.51727676
vt 0.31721583 0.5155779
vt 0.31721583 0.51717412
vt 0.316596 0.5151254
vt 0.316596 0.5135296
vt 0.3213097 0.5221575
vt 0.32130966 0.52056146
vt 0.32003832 0.519823
vt 0.32003832 0.52141923
vt 0.31891838 0.51868963
vt 0.31891838 0.52028567
vt 0.3240203 0.5221575
vt 0.3240203 0.52056146
vt 0.32266507 0.52081805
vt 0.32266507 0.52241385
vt 0.32529184 0.5214193
vt 0.32641175 0.52028567
vt 0.32641172 0.51942194
vt 0.32734066 0.51887292
vt 0.32734063 0.5180092
vt 0.32529184 0.519823
vt 0.3297593 0.5144533
vt 0.32975933 0.51285702
vt 0.32854983 0.51506716
vt 0.33217663 0.5084374
vt 0.33096728 0.510647
vt 0.3309673 0.5122431
vt 0.3345942 0.50401634
vt 0.33338493 0.50622588
vt 0.3370117 0.49959624
vt 0.33580238 0.5018062
vt 0.33580238 0.50340217
vt 0.33942926 0.49677217
vt 0.33942923 0.49517632
vt 0.33821988 0.49738604
vt 0.33821985 0.49898237
vt 0.34184667 0.49075615
vt 0.34063748 0.49296606
vt 0.34426415 0.48793232
vt 0.34426415 0.48633623
vt 0.34305492 0.48854625
vt 0.34547234 0.48412627
vt 0.3466817 0.48351133
vt 0.34668174 0.48191524
vt 0.31798834 0.50017834
vt 0.32641175 0.51868963
vt 0.3273407 0.51727676
vn 0.49981946 0.50018054 -0.70710677
vn 0.6572222 0.65769696 -0.36809468
vn 0.7689643 0.522689 -0.36808985
vn 0.58480287 0.39750877 -0.7071014
vn 0.26018828 0.26037627 -0.9297883
vn 0.30442932 0.20693004 -0.9297864
vn 0.85334074 0.36919874 -0.36810574
vn 0.64896005 0.2807732 -0.707119
vn 0.3378213 0.14615875 -0.92979264
vn 0.9104594 0.1886251 -0.3680818
vn 0.6924174 0.14345211 -0.7070924
vn 0.36045325 0.074677154 -0.92978317
vn 0.9297824 0.000008067366 -0.3681096
vn 0.70709026 0.0000061337114 -0.7071233
vn 0.36807984 0.0000031698826 -0.9297942
vn 0.91046077 -0.18861684 -0.3680827
vn 0.6924177 -0.14344566 -0.7070934
vn 0.36045304 -0.07467371 -0.9297835
vn 0.853324 -0.36923724 -0.36810592
vn 0.6489471 -0.28080246 -0.7071192
vn 0.3378145 -0.1461739 -0.92979276
vn 0.7689688 -0.522684 -0.3680875
vn 0.5848079 -0.39750603 -0.7070988
vn 0.30443275 -0.20692927 -0.92978543
vn 0.65745765 -0.65745765 -0.3681018
vn 0.4999945 -0.49999446 -0.70711464
vn 0.26027727 -0.26027727 -0.9297911
vn 0.522684 -0.7689688 -0.36808753
vn 0.39750606 -0.5848079 -0.7070988
vn 0.20692924 -0.30443278 -0.92978543
vn 0.36923727 -0.853324 -0.36810598
vn 0.28080243 -0.6489471 -0.7071192
vn 0.14617391 -0.33781448 -0.92979276
vn 0.18861686 -0.91046077 -0.3680827
vn 0.14344566 -0.6924177 -0.7070934
vn 0.07467374 -0.36045307 -0.9297835
vn -0.000008064567 -0.9297824 1
vn -0.0000061330547 -0.70709026 -1
vn -0.0000031925474 -0.3680798 -0.9297942
vn -0.18862511 -0.9104594 -0.36808187
vn -0.14345208 -0.6924174 -0.7070924
vn -0.07467717 -0.36045325 -0.92978317
vn -0.3691987 -0.8533408 -0.36810565
vn -0.2807732 -0.64896005 -0.707119
vn -0.14615871 -0.3378213 -0.92979264
vn -0.522689 -0.7689643 -0.36808988
vn -0.39750874 -0.58480287 -0.7071014
vn -0.20693009 -0.30442935 -0.9297864
vn -0.6574596 -0.65745956 -0.3680947
vn -0.5 -0.5 -0.70710677
vn -0.26028228 -0.26028222 -0.9297883
vn -0.6572222 -0.65769696 -0.36809468
vn -0.49981946 -0.50018054 -0.70710677
vn -0.26018828 -0.26037624 -0.9297883
vn -0.7689643 -0.522689 -0.36808988
vn -0.58480287 -0.39750874 -0.7071014
vn -0.30442938 -0.2069301 -0.9297864
vn -0.85334074 -0.36919874 -0.36810574
vn -0.64896005 -0.28077322 -0.7071189
vn -0.3378213 -0.14615868 -0.92979264
vn -0.9104594 -0.1886251 -0.3680818
vn -0.6924174 -0.14345211 -0.7070924
vn -0.36045328 -0.074677154 -0.92978317
vn -0.9297824 -0.000008064628 1
vn -0.70709026 -0.000006124134 -1
vn -0.36807984 -0.000003214213 -0.9297942
vn -0.91046077 0.18861684 -0.3680827
vn -0.6924177 0.14344566 -0.7070934
vn -0.36045307 0.0746737 -0.9297835
vn -0.853324 0.3692372 -0.36810595
vn -0.6489471 0.28080243 -0.7071192
vn -0.3378145 0.1461739 -0.92979276
vn -0.7689688 0.522684 -0.36808753
vn -0.5848079 0.39750603 -0.7070988
vn -0.30443275 0.2069292 -0.92978543
vn -0.65745765 0.65745765 -0.36810175
vn -0.4999944 0.49999446 -0.70711464
vn -0.26027727 0.26027727 -0.9297911
vn -0.522684 0.7689688 -0.36808753
vn -0.39750603 0.5848079 -0.70709884
vn -0.20692924 0.30443275 -0.92978543
vn -0.36923724 0.853324 -0.36810592
vn -0.28080243 0.6489471 -0.7071192
vn -0.14617391 0.3378145 -0.92979276
vn -0.18861686 0.91046077 -0.36808267
vn -0.14344566 0.6924177 -0.7070934
vn -0.07467375 0.36045304 -0.9297835
vn 0.000008064564 0.9297824 -0.36810955
vn 0.0000061330525 0.70709026 -0.70712334
vn 0.000003192547 0.36807984 -0.9297942
vn 0.1886251 0.9104594 -0.3680818
vn 0.14345208 0.6924174 -0.7070924
vn 0.07467717 0.36045325 -0.92978317
vn 0.3691987 0.8533408 -0.36810568
vn 0.2807732 0.64896005 -0.707119
vn 0.14615873 0.3378213 -0.92979264
vn 0.522689 0.7689643 -0.36808982
vn 0.39750874 0.58480287 -0.7071014
vn 0.20693009 0.3044293 -0.9297864
vn 0.6574596 0.6574596 -0.36809468
vn 0.5 0.49999997 -0.70710677
vn 0.26028228 0.26028222 -0.9297883
vn 0.6574596 0.6574596 -0.36809468
vn 0.5 0.49999997 -0.70710677
vn 0.26028228 0.26028234 -0.9297883
vn 0.70685136 0.70736206 -0.000000014993962
vn 0.82394266 0.56667316 0.00000000039313405
vn 0.8153273 0.55420333 -0.16763085
vn 0.9177845 0.39707875 0.000000004385058
vn 0.9047959 0.3914608 -0.16763897
vn 0.97876984 0.20496233 0.0000000022523496
vn 1 0.0000074228938 -0.0000000006120513
vn 0.96286577 0.19948243 -0.1819237
vn 0.9787718 -0.20495301 -0.00000000423329
vn 0.9628675 -0.19947375 -0.18192422
vn 0.9177672 -0.39711884 0.00000000759798
vn 0.8239492 -0.5666637 -0.000000006295162
vn 0.8153314 -0.5541976 -0.16762966
vn 0.70710677 -0.7071068 0.000000009426757
vn 0.6971004 -0.69710034 -0.16763699
vn 0.3971188 -0.9177672 -0.000000038601385
vn 0.3915017 -0.9047782 -0.16763908
vn 0.55419767 -0.8153314 -0.16762961
vn 0.5666637 -0.8239492 0.000000007602396
vn 0.20495303 -0.9787718 0.000000009334711
vn 0.9047782 -0.3915017 -0.16763908
vn 0.9833098 0.000008525014 -0.18193908
vn 0.19947375 -0.9628675 -0.18192422
vn -0.000007422906 -1 0.0000000077718125
vn -0.20496234 -0.97876984 -0.000000007916015
vn -0.19948244 -0.96286577 -0.18192375
vn -0.000008528769 -0.9833098 -0.18193911
vn -0.39707878 -0.9177845 0.000000007916015
vn -0.39146084 -0.9047959 -0.16763893
vn -0.56667316 -0.82394266 -0.000000007916015
vn -0.7071068 -0.70710677 0.000000013419511
vn -0.55420333 -0.8153273 -0.1676308
vn -0.7071068 -0.70710677 0.000000013419511
vn -0.70710677 -0.7071068 0.000000009426757
vn -0.70710677 -0.7071068 0.000000009426757
vn -0.70710677 -0.7071068 0.000000009426757
vn -0.70710677 -0.7071068 0.000000009426757
vn -0.70710677 -0.7071068 0.000000009426757
vn -0.70710677 -0.7071068 0.000000009426757
vn -0.70710677 -0.7071068 0.000000009426757
vn -0.70710677 -0.7071068 0.000000009426757
vn -0.00000000000041551742 -0.0000000077718125 -1
vn 0.00000000000071948003 -0.0000000077718125 -1
vn -0.70710677 -0.7071068 0.000000009426757
vn -0.70710677 -0.7071068 0.000000009426757
vn -0.70710677 -0.7071068 0.000000009426757
vn -0.70710677 -0.7071068 0.000000009426757
vn -0.70710677 -0.7071068 0.000000009426757
vn -0.70710677 -0.7071068 0.000000009426757
vn 0.0000000000010164518 -0.0000000077718125 -1
vn -0.00000000000020788926 -0.0000000077718125 -1
vn -0.0000000000004492657 -0.0000000077718125 -1
vn -0.0000000000005991762 -0.0000000077718125 -1
vn 0.00000000000014225116 -0.0000000077718125 -1
vn -0.0000000000000795252 -0.0000000077718125 -1
vn -0.00000000000042266445 -0.0000000077718125 -1
vn -0.000000000000026283703 -0.0000000077718125 -1
vn 0.0000000000003367727 -0.0000000077718125 -1
vn -0.0000000000000740472 -0.0000000077718125 -1
vn 0.00000000000016594203 -0.0000000077718125 -1
vn -0.000000000000099133104 -0.0000000077718125 -1
vn 0.000000000000000007377711 -0.0000000077718125 -1
vn 0.00000000000027258155 -0.0000000077718125 -1
vn -0.000000000001176305 -0.0000000077718125 -1
vn 0.00000000000012383782 -0.0000000077718125 -1
vn -0.70685136 -0.70736206 0.000000014993962
vn -0.9177845 -0.39707875 0.000000009426757
vn -0.9047959 -0.3914608 -0.16763897
vn -0.8153273 -0.55420333 -0.16763085
vn -0.82394266 -0.56667316 -0.000000009426757
vn -0.97876984 -0.20496233 -0.0000000022523496
vn -0.9628675 0.19947378 -0.18192425
vn -1 -0.000007422912 -0.0000000006020924
vn -0.9787718 0.20495301 0.00000000423329
vn -0.9047782 0.3915017 -0.16763908
vn -0.9177672 0.39711884 -0.00000000759798
vn -0.96286577 -0.19948241 -0.18192372
vn -0.8153314 0.5541976 -0.16762963
vn -0.8239492 0.5666637 0.000000006295162
vn -0.70710677 0.7071068 -0.000000009426757
vn -0.5666637 0.8239492 -0.000000007602396
vn -0.5541976 0.8153314 -0.16762967
vn -0.3915017 0.9047782 -0.16763909
vn -0.3971188 0.9177672 0.000000038601385
vn -0.20495303 0.9787718 -0.000000009334711
vn -0.9833098 -0.00000852536 -0.18193908
vn -0.19947375 0.9628675 -0.18192421
vn 0.0000074228924 1 -0.0000000077718125
vn 0.20496234 0.97876984 0.000000007916015
vn 0.19948243 0.96286577 -0.1819237
vn 0.39707878 0.9177845 0.000000008399937
vn 0.39146084 0.9047959 -0.16763899
vn 0.56667316 0.82394266 0.0000000002294882
vn 0.70710677 0.7071068 -0.000000009426757
vn 0.55420333 0.8153273 -0.16763088
vn 0.70710677 0.7071068 -0.000000009426757
vn 0.70710677 0.7071068 -0.000000009426757
vn 0.70710677 0.7071068 -0.000000009426757
vn 0.70710677 0.7071068 -0.000000009426757
vn 0.70710677 0.7071068 -0.000000009426757
vn 0.70710677 0.7071068 -0.000000009426757
vn 0.70710677 0.7071068 -0.000000009426757
vn 0.70710677 0.7071068 -0.000000009426757
vn 0.70710677 0.7071068 -0.000000009426757
vn 0.70710677 0.7071068 -0.000000009426757
vn 0.000008528767 0.9833098 -0.18193913
vn 0.70710677 0.7071068 -0.000000009426757
vn 0.70710677 0.7071068 -0.000000009426757
vn 0.70710677 0.7071068 -0.000000009426757
vn 0.70710677 0.7071068 -0.000000009426757
vn 0.70710677 0.7071068 -0.000000009426757
vn 0.70685136 0.70736206 -0.000000014993962
vn 0.0000000000004327143 -0.0000000077718125 -1
vn -0.00000000000020765108 -0.0000000077718125 -1
vn -0.00000000000027294798 -0.0000000077718125 -1
vn 0.0000000000003918419 -0.0000000077718125 -1
vn 0.00000000000041310689 -0.0000000077718125 -1
vn -0.00000000000019472984 -0.0000000077718125 -1
vn 0.00000000000005531869 -0.0000000077718125 -1
vn -0.00000000000023351904 -0.0000000077718125 -1
vn -0.00000000000009220067 -0.0000000077718125 -1
vn 0.000000000000080351016 -0.0000000077718125 -1
vn 0.00000000000005282931 -0.0000000077718125 -1
vn -0.0000000000000000032688044 -0.0000000077718125 -1
vn -0.00000000000020788926 -0.0000000077718125 -1
vn 0.0000000000018529067 -0.0000000077718125 -1
vn -0.00000000000000964231 -0.0000000077718125 -1
vn -0.00000000000006992236 -0.0000000077718125 -1
vn -0.00000000000033766872 -0.0000000077718125 -1
vn 0.70710677 0.7071068 -0.000000009426757
vn 0.70710677 0.7071068 -0.000000009426757
vn 0.70710677 0.7071068 -0.000000009426757
vn 0.70710677 0.7071068 -0.000000009426757
vn 0.70710677 0.7071068 -0.000000009426757
vn 0.70710677 0.7071068 -0.000000009426757
vn 0.70710677 0.7071068 -0.000000009426757
vn 0.70710677 0.7071068 -0.000000009426757
vn 0.70710677 0.7071068 -0.000000009426757
vn 0.70710677 0.7071068 -0.000000009426757
vn 0.70710677 0.7071068 -0.000000009426757
vn 0.70710677 0.7071068 -0.000000009426757
vn 0.70710677 0.7071068 -0.000000009426757
vn 0.70710677 0.7071068 -0.000000009426757
vn 0.70710677 0.7071068 -0.000000009426757
vn 0.70710677 0.7071068 -0.000000009426757
vn 0.70710677 0.7071068 -0.000000009426757
vn 0.70710677 0.7071068 -0.000000009426757
vn 0.70710677 0.7071068 -0.000000009426757
vn 0.70710677 0.7071068 -0.000000009426757
vn 0.70710677 0.7071068 -0.000000009426757
vn 0.70710677 0.7071068 -0.000000009426757
vn 0.70710677 0.7071068 -0.000000009426757
vn 0.70710677 0.7071068 -0.000000009426757
vn 0.70710677 0.7071068 -0.000000009426757
vn 0.70710677 0.7071068 -0.000000009426757
vn 0.70710677 0.7071068 -0.000000009426757
vn 0.70710677 0.7071068 -0.000000009426757
vn 0.70710677 0.7071068 -0.000000009426757
vn 0.70710677 0.7071068 -0.000000009426757
vn 0.70710677 0.7071068 -0.000000009426757
vn 0.70710677 0.7071068 -0.000000009426757
vn 0.5666346 0.8239692 -0.000000011134277
vn 0.39717734 0.9177419 0.000000040413266
vn 0.20490947 0.9787809 0.00000000551022
vn 0 1 -0.0000000077718125
vn 0.000000000000063137165 1 -0.0000000077718125
vn 0.39717734 0.9177419 0.000000040413266
vn -0.20490947 0.9787809 0.00000000551022
vn -0.20490947 0.9787809 0.00000000551022
vn -0.5666346 0.8239692 -0.000000011134277
vn -0.5666346 0.8239692 -0.000000011134277
vn -0.39717734 0.9177419 0.000000040413266
vn -0.39717734 0.9177419 0.000000040413266
vn -0.70710677 0.7071068 -0.000000009426757
vn -0.8239692 0.5666346 -0.0000000050178874
vn -0.8239692 0.5666346 -0.0000000050178874
vn -0.70710677 0.7071068 -0.000000009426757
vn -0.9787809 0.20490947 0.0000000007034277
vn -0.9787809 0.20490947 0.0000000007034277
vn -0.9177419 0.3971773 0.000000005189567
vn -0.9177419 0.3971773 0.000000005189567
vn -1 0 0
vn -0.9787809 -0.20490947 -0.0000000007034277
vn -0.9787809 -0.20490947 -0.0000000007034277
vn -1 0.0000000000004048393 -0.000000000000000000003703197
vn -0.9177419 -0.3971773 0.0000000007034277
vn -0.8239692 -0.5666346 0.0000000050178874
vn -0.8239692 -0.5666346 0.0000000050178874
vn -0.9177419 -0.3971773 -0.0000000050178874
vn 0.70710677 0.7071068 -0.000000009426757
vn 0.5666346 0.8239692 -0.000000011134277
vn 0.39717734 0.9177419 0.000000040413266
vn 0.20490947 0.9787809 0.00000000551022
vn -0.000000000000071848404 1 -0.0000000077718125
vn -0.70710677 0.7071068 -0.000000009426757
vn -1 -0.0000000000006702691 0.0000000000000000000048133175
vn -0.8239692 0.5666346 -0.0000000050178874
vn -0.9787809 -0.20490947 -0.0000000007034277
vn -0.70710677 -0.7071068 0.000000009426757
vn -0.70710677 -0.7071068 0.000000009426757
vn -0.70710677 -0.7071068 0.000000009426757
vn -0.70710677 -0.7071068 0.000000009426757
vn -0.70710677 -0.7071068 0.000000009426757
vn -0.70710677 -0.7071068 0.000000009426757
vn -0.70710677 -0.7071068 0.000000009426757
vn -0.70710677 -0.7071068 0.000000009426757
vn -0.70710677 -0.7071068 0.000000009426757
vn -0.70710677 -0.7071068 0.000000009426757
vn -0.70710677 -0.7071068 0.000000009426757
vn -0.70710677 -0.7071068 0.000000009426757
vn -0.70710677 -0.7071068 0.000000009426757
vn -0.70710677 -0.7071068 0.000000009426757
vn -0.70710677 -0.7071068 0.000000009426757
vn -0.70710677 -0.7071068 0.000000009426757
vn -0.70710677 -0.7071068 0.000000009426757
vn -0.70710677 -0.7071068 0.000000009426757
vn -0.70710677 -0.7071068 0.000000009426757
vn -0.70710677 -0.7071068 0.000000009426757
vn -0.70710677 -0.7071068 0.000000009426757
vn -0.70710677 -0.7071068 0.000000009426757
vn -0.70710677 -0.7071068 0.000000009426757
vn -0.70710677 -0.7071068 0.000000009426757
vn -0.70710677 -0.7071068 0.000000009426757
vn -0.70710677 -0.7071068 0.000000009426757
vn -0.70710677 -0.7071068 0.000000009426757
vn -0.70710677 -0.7071068 0.000000009426757
vn -0.70710677 -0.7071068 0.000000009426757
vn -0.70710677 -0.7071068 0.000000009426757
vn -0.5666346 -0.8239692 0.000000011134277
vn -0.5666346 -0.8239692 0.000000011134277
vn -0.70710677 -0.7071068 0.000000009426757
vn -0.39717734 -0.9177419 -0.000000011134277
vn 0 -1 0.0000000077718125
vn 0 -1 0.0000000077718125
vn -0.20490947 -0.9787809 -0.00000000551022
vn -0.20490947 -0.9787809 -0.00000000551022
vn 0.20490947 -0.9787809 -0.00000000551022
vn 0.20490947 -0.9787809 -0.00000000551022
vn 0.39717734 -0.9177419 -0.000000040413266
vn 0.5666346 -0.8239692 0.000000011134277
vn 0.5666346 -0.8239692 0.000000011134277
vn 0.39717734 -0.9177419 -0.000000040413266
vn -0.39717734 -0.9177419 0.00000000551022
vn 0.70710677 -0.7071068 0.000000009426757
vn 0.70710677 -0.7071068 0.000000009426757
vn 0.8239692 -0.5666346 0.0000000050178874
vn 0.9787809 -0.20490947 -0.0000000007034277
vn 0.9787809 -0.20490947 -0.0000000007034277
vn 0.9177419 -0.3971773 -0.000000005189567
vn 0.9177419 -0.3971773 -0.000000005189567
vn 0.8239692 -0.5666346 0.0000000050178874
vn 1 -0.0000000000007041809 -0.0000000000000000000064720833
vn 1 0.00000000000086202134 0.0000000000000000000081329254
vn 0.9177419 0.3971773 0.000000005189567
vn 0.9177419 0.3971773 0.000000005189567
vn 0.9787809 0.20490947 0.0000000007034277
vn 0.9787809 0.20490947 0.0000000007034277
vn 0.8239692 0.5666346 -0.0000000050178874
vn 0.8239692 0.5666346 -0.0000000050178874
vn -0.70710677 -0.7071068 0.000000009426757
vn -0.5666346 -0.8239692 0.000000011134277
vn 0.20490947 -0.9787809 -0.00000000551022
vn 0.70710677 -0.7071068 0.000000009426757
vn 0.5 -0.5 -0.70710677
vn 0.6574596 -0.65745956 -0.3680947
vn 0.65769696 -0.6572222 -0.36809468
vn 0.50018054 -0.49981946 -0.70710677
vn 0.26028228 -0.26028228 -0.9297883
vn 0.26037624 -0.26018828 -0.9297883
vn 0.522689 -0.7689643 -0.36808988
vn 0.39750874 -0.58480287 -0.7071014
vn 0.20693009 -0.30442935 -0.9297864
vn 0.3691987 -0.8533408 -0.36810565
vn 0.2807732 -0.64896005 -0.707119
vn 0.14615871 -0.3378213 -0.92979264
vn 0.18862511 -0.9104594 -0.36808187
vn 0.14345208 -0.6924174 -0.7070924
vn 0.07467717 -0.36045325 -0.92978317
vn 0.0000080643495 -0.9297824 -0.36810955
vn 0.000006132839 -0.70709026 -0.7071233
vn 0.0000031924933 -0.3680798 -0.9297942
vn -0.18861686 -0.91046077 -0.3680827
vn -0.14344566 -0.6924177 -0.7070934
vn -0.07467374 -0.36045307 -0.9297835
vn -0.36923727 -0.853324 -0.36810598
vn -0.28080243 -0.6489471 -0.7071192
vn -0.14617391 -0.33781448 -0.92979276
vn -0.522684 -0.7689688 -0.36808753
vn -0.39750606 -0.5848079 -0.7070988
vn -0.20692924 -0.30443278 -0.92978543
vn -0.65745765 -0.65745765 -0.3681018
vn -0.4999945 -0.49999446 -0.70711464
vn -0.26027727 -0.26027727 -0.9297911
vn -0.7689688 -0.522684 -0.3680875
vn -0.5848079 -0.39750603 -0.7070988
vn -0.30443275 -0.20692927 -0.92978543
vn -0.853324 -0.36923724 -0.36810592
vn -0.6489471 -0.28080246 -0.7071192
vn -0.3378145 -0.1461739 -0.92979276
vn -0.91046077 -0.18861684 -0.3680827
vn -0.6924177 -0.14344566 -0.7070934
vn -0.36045304 -0.07467371 -0.9297835
vn -0.9297824 0.000008067366 -0.3681096
vn -0.70709026 0.0000061337114 -0.7071233
vn -0.36807984 0.0000031698826 -0.9297942
vn -0.9104594 0.1886251 -0.3680818
vn -0.6924174 0.14345211 -0.7070924
vn -0.36045325 0.074677154 -0.92978317
vn -0.85334074 0.36919874 -0.36810574
vn -0.64896005 0.2807732 -0.707119
vn -0.3378213 0.14615875 -0.92979264
vn -0.7689643 0.522689 -0.36808985
vn -0.58480287 0.39750877 -0.7071014
vn -0.30442932 0.20693004 -0.9297864
vn -0.6574596 0.6574596 -0.36809468
vn -0.5 0.49999997 -0.70710677
vn -0.26028225 0.26028234 -0.9297883
vn -0.65769696 0.6572222 -0.36809465
vn -0.50018054 0.49981946 -0.70710677
vn -0.26037624 0.26018828 -0.9297883
vn -0.522689 0.7689643 -0.36808982
vn -0.39750874 0.58480287 -0.7071014
vn -0.20693009 0.3044293 -0.9297864
vn -0.3691987 0.8533408 -0.36810568
vn -0.2807732 0.64896005 -0.707119
vn -0.14615873 0.3378213 -0.92979264
vn -0.1886251 0.9104594 -0.3680818
vn -0.14345208 0.6924174 -0.7070924
vn -0.07467717 0.36045325 -0.92978317
vn -0.000008064355 0.9297824 -0.36810955
vn -0.0000061328415 0.70709026 -0.70712334
vn -0.0000031924938 0.36807984 -0.9297942
vn 0.18861686 0.91046077 -0.36808267
vn 0.14344566 0.6924177 -0.7070934
vn 0.07467375 0.36045304 -0.9297835
vn 0.36923724 0.853324 -0.36810592
vn 0.28080243 0.6489471 -0.7071192
vn 0.14617391 0.3378145 -0.92979276
vn 0.522684 0.7689688 -0.36808753
vn 0.39750603 0.5848079 -0.70709884
vn 0.20692924 0.30443275 -0.92978543
vn 0.65745765 0.65745765 -0.36810175
vn 0.4999944 0.49999446 -0.70711464
vn 0.26027727 0.26027727 -0.9297911
vn 0.7689688 0.522684 -0.36808753
vn 0.5848079 0.39750603 -0.7070988
vn 0.30443275 0.2069292 -0.92978543
vn 0.853324 0.3692372 -0.36810595
vn 0.6489471 0.28080243 -0.7071192
vn 0.3378145 0.1461739 -0.92979276
vn 0.91046077 0.18861684 -0.3680827
vn 0.6924177 0.14344566 -0.7070934
vn 0.36045307 0.0746737 -0.9297835
vn 0.9297824 -0.000008064628 -0.36810955
vn 0.70709026 -0.000006124134 -0.7071233
vn 0.36807984 -0.000003214213 -0.9297942
vn 0.9104594 -0.1886251 -0.3680818
vn 0.6924174 -0.14345211 -0.7070924
vn 0.36045328 -0.074677154 -0.92978317
vn 0.85334074 -0.36919874 -0.36810574
vn 0.64896005 -0.28077322 -0.7071189
vn 0.3378213 -0.14615868 -0.92979264
vn 0.7689643 -0.522689 -0.36808988
vn 0.58480287 -0.39750874 -0.7071014
vn 0.30442938 -0.2069301 -0.9297864
vn 0.6572222 -0.65769696 -0.36809468
vn 0.49981946 -0.50018054 -0.70710677
vn 0.26018828 -0.26037624 -0.9297883
vn 0.70710677 -0.7071068 0.000000009426757
vn 0.70710677 -0.7071068 0.000000009426757
vn 0.70710677 -0.7071068 0.000000009426757
vn 0.70710677 -0.7071068 0.000000009426757
vn 0.70710677 -0.7071068 0.000000009426757
vn 0.70710677 -0.7071068 0.000000009426757
vn 0.70710677 -0.7071068 0.000000009426757
vn 0.70710677 -0.7071068 0.000000009426757
vn 0.70710677 -0.7071068 0.000000009426757
vn 0.70710677 -0.7071068 0.000000009426757
vn 0.70710677 -0.7071068 0.000000009426757
vn 0.70710677 -0.7071068 0.000000009426757
vn 0.70710677 -0.7071068 0.000000009426757
vn 0.70710677 -0.7071068 0.000000009426757
vn 0.70710677 -0.7071068 0.000000009426757
vn 0.70710677 -0.7071068 0.000000009426757
vn 0.69735247 -0.69684905 -0.1676333
vn 0.70736206 -0.70685136 -0.00000001396451
vn 0.56667316 -0.82394266 -0.0000000002294882
vn 0.55420333 -0.8153273 -0.1676308
vn 0.39707878 -0.9177845 -0.000000008399937
vn 0.39146084 -0.9047959 -0.16763893
vn 0.20496234 -0.97876984 -0.000000007916015
vn 0.19948244 -0.96286577 -0.18192375
vn 0.000007422893 -1 0.0000000077718125
vn -0.20495303 -0.9787718 0.000000009334711
vn -0.19947375 -0.9628675 -0.18192422
vn -0.3971188 -0.9177672 -0.000000009334711
vn -0.3915017 -0.9047782 -0.16763908
vn -0.70710677 -0.7071068 0.000000009426757
vn -0.6971004 -0.69710034 -0.16763699
vn -0.55419767 -0.8153314 -0.16762961
vn -0.5666637 -0.8239492 0.000000007602396
vn -0.8239492 -0.5666637 -0.000000009426757
vn -0.9177672 -0.39711884 0.00000000759798
vn -0.9787718 -0.20495301 -0.00000000759798
vn -0.9047782 -0.3915017 -0.16763908
vn -1 0.0000074229088 -0.0000000006252117
vn -0.9628675 -0.19947375 -0.18192422
vn -0.97876984 0.20496233 0.0000000022523496
vn -0.9177845 0.39707875 0.000000004385058
vn -0.9047959 0.3914608 -0.16763897
vn -0.82394266 0.56667316 0.00000000039313405
vn -0.8153273 0.55420333 -0.16763085
vn -0.96286577 0.19948243 -0.1819237
vn -0.8153314 -0.5541976 -0.16762966
vn 0.000008528642 -0.9833098 -0.18193911
vn -0.9833098 0.000008525014 -0.18193908
vn -0.70710677 0.7071068 -0.000000009426757
vn 0.00000000000041576204 -0.0000000077718125 -1
vn 0.00000000000049092983 -0.0000000077718125 -1
vn 0.00000000000051247515 -0.0000000077718125 -1
vn 0.00000000000012649692 -0.0000000077718125 -1
vn 0.00000000000011764987 -0.0000000077718125 -1
vn 0.000000000000000008512967 -0.0000000077718125 -1
vn -0.000000000000101900476 -0.0000000077718125 -1
vn -0.0000000000000012147369 -0.0000000077718125 -1
vn -0.0000000000001740497 -0.0000000077718125 -1
vn -0.000000000000062183216 -0.0000000077718125 -1
vn -0.00000000000041279472 -0.0000000077718125 -1
vn 0.00000000000034028263 -0.0000000077718125 -1
vn -0.00000000000009856267 -0.0000000077718125 -1
vn -0.00000000000033091571 -0.0000000077718125 -1
vn 0.0000000000005734528 -0.0000000077718125 -1
vn 0.00000000000064076874 -0.0000000077718125 -1
vn -0.0000000000011351652 -0.0000000077718125 -1
vn 0.00000000000007621681 -0.0000000077718125 -1
vn -0.70710677 0.7071068 -0.000000009426757
vn -0.70710677 0.7071068 -0.000000009426757
vn -0.70710677 0.7071068 -0.000000009426757
vn -0.70710677 0.7071068 -0.000000009426757
vn -0.70710677 0.7071068 -0.000000009426757
vn -0.70710677 0.7071068 -0.000000009426757
vn -0.70710677 0.7071068 -0.000000009426757
vn -0.70710677 0.7071068 -0.000000009426757
vn -0.70710677 0.7071068 -0.000000009426757
vn -0.70710677 0.7071068 -0.000000009426757
vn -0.70710677 0.7071068 -0.000000009426757
vn -0.70710677 0.7071068 -0.000000009426757
vn -0.70710677 0.7071068 -0.000000009426757
vn -0.70710677 0.7071068 -0.000000009426757
vn -0.70710677 0.7071068 -0.000000009426757
vn -0.70736206 0.70685136 0.00000001396451
vn -0.55420333 0.8153273 -0.16763088
vn -0.39707878 0.9177845 0.000000008399937
vn -0.39146084 0.9047959 -0.16763899
vn -0.56667316 0.82394266 0.0000000002294882
vn -0.20496234 0.97876984 0.000000007916015
vn -0.19948243 0.96286577 -0.1819237
vn -0.000007422913 1 -0.0000000077718125
vn -0.000008528647 0.9833098 -0.18193913
vn 0.20495303 0.9787718 -0.000000009334711
vn 0.19947375 0.9628675 -0.18192421
vn 0.3971188 0.9177672 0.000000038601385
vn 0.3915017 0.9047782 -0.16763909
vn 0.5666637 0.8239492 -0.000000007602396
vn 0.70710677 0.7071068 -0.000000009426757
vn 0.6971004 0.69710034 -0.167637
vn 0.8239492 0.5666637 0.000000006295162
vn 0.8153314 0.5541976 -0.16762963
vn 0.5541976 0.8153314 -0.16762967
vn 0.9177672 0.39711884 -0.00000000759798
vn 0.9787718 0.20495301 0.00000000423329
vn 0.9047782 0.3915017 -0.16763908
vn 1 -0.000007422889 -0.0000000006290366
vn 0.9628675 0.19947378 -0.18192425
vn 0.97876984 -0.20496233 -0.0000000022523496
vn 0.9177845 -0.39707875 -0.000000004385058
vn 0.9047959 -0.3914608 -0.16763897
vn 0.82394266 -0.56667316 -0.00000000039313405
vn 0.8153273 -0.55420333 -0.16763085
vn 0.96286577 -0.19948241 -0.18192372
vn 0.9833098 -0.00000852536 -0.18193908
vn 0.70710677 -0.7071068 0.000000009426757
vn 0.00000000000041537333 -0.0000000077718125 -1
vn 0.00000000000011425421 -0.0000000077718125 -1
vn -0.00000000000036359178 -0.0000000077718125 -1
vn -0.00000000000011403365 -0.0000000077718125 -1
vn 0.0000000000000000028920341 -0.0000000077718125 -1
vn 0.0000000000000875894 -0.0000000077718125 -1
vn -0.00000000000005901075 -0.0000000077718125 -1
vn 0.00000000000023098125 -0.0000000077718125 -1
vn 0.00000000000014775284 -0.0000000077718125 -1
vn -0.00000000000021900227 -0.0000000077718125 -1
vn -0.0000000000004597986 -0.0000000077718125 -1
vn 0.0000000000004210452 -0.0000000077718125 -1
vn -0.00000000000006768148 -0.0000000077718125 -1
vn 0.00000000000030292479 -0.0000000077718125 -1
vn 0.000000000000106618775 -0.0000000077718125 -1
vn 0.000000000000023713284 -0.0000000077718125 -1
vn 0.00000000000049092983 -0.0000000077718125 -1
vn 0.8239692 -0.5666346 0.0000000050178874
vn 0.8239692 -0.5666346 0.0000000050178874
vn 0.70710677 -0.7071068 0.000000009426757
vn 0.9787809 -0.20490947 -0.0000000007034277
vn 0.9177419 -0.3971773 -0.000000005189567
vn 0.9787809 -0.20490947 -0.0000000007034277
vn 0.9177419 -0.3971773 -0.000000005189567
vn 1 0 0
vn 1 -0.00000000000032640804 0.000000000000000000007681313
vn 0.9787809 0.20490947 0.0000000007034277
vn 0.9177419 0.3971773 0.000000005189567
vn 0.9177419 0.3971773 0.000000005189567
vn 0.8239692 0.5666346 -0.0000000050178874
vn 0.70710677 0.7071068 -0.000000009426757
vn 0.70710677 0.7071068 -0.000000009426757
vn 0.8239692 0.5666346 -0.0000000050178874
vn 0.5666346 0.8239692 -0.000000011134277
vn 0.39717734 0.9177419 0.000000040413266
vn 0.5666346 0.8239692 -0.000000011134277
vn 0.39717734 0.9177419 0.000000040413266
vn 0.5666346 0.8239692 -0.000000011134277
vn 0.39717734 0.9177419 0.000000040413266
vn 0.20490947 0.9787809 0.00000000551022
vn 0.20490947 0.9787809 0.00000000551022
vn -0.20490947 0.9787809 0.00000000551022
vn -0.20490947 0.9787809 0.00000000551022
vn 0.00000000000065214674 1 -0.0000000077718125
vn 0.00000000000058782314 1 -0.0000000077718125
vn -0.39717734 0.9177419 0.000000040413266
vn -0.39717734 0.9177419 0.000000040413266
vn -0.5666346 0.8239692 -0.000000011134277
vn -0.5666346 0.8239692 -0.000000011134277
vn -0.70710677 0.7071068 -0.000000009426757
vn -0.70710677 0.7071068 -0.000000009426757
vn -0.70710677 0.7071068 -0.000000009426757
vn -0.70710677 0.7071068 -0.000000009426757
vn -0.70710677 0.7071068 -0.000000009426757
vn -0.70710677 0.7071068 -0.000000009426757
vn -0.70710677 0.7071068 -0.000000009426757
vn -0.70710677 0.7071068 -0.000000009426757
vn -0.70710677 0.7071068 -0.000000009426757
vn -0.70710677 0.7071068 -0.000000009426757
vn -0.70710677 0.7071068 -0.000000009426757
vn -0.70710677 0.7071068 -0.000000009426757
vn -0.70710677 0.7071068 -0.000000009426757
vn -0.70710677 0.7071068 -0.000000009426757
vn -0.70710677 0.7071068 -0.000000009426757
vn -0.70710677 0.7071068 -0.000000009426757
vn -0.70710677 0.7071068 -0.000000009426757
vn -0.70710677 0.7071068 -0.000000009426757
vn -0.70710677 0.7071068 -0.000000009426757
vn -0.70710677 0.7071068 -0.000000009426757
vn -0.70710677 0.7071068 -0.000000009426757
vn -0.70710677 0.7071068 -0.000000009426757
vn -0.70710677 0.7071068 -0.000000009426757
vn -0.70710677 0.7071068 -0.000000009426757
vn -0.70710677 0.7071068 -0.000000009426757
vn -0.70710677 0.7071068 -0.000000009426757
vn -0.70710677 0.7071068 -0.000000009426757
vn -0.70710677 0.7071068 -0.000000009426757
vn -0.70710677 0.7071068 -0.000000009426757
vn -0.70710677 0.7071068 -0.000000009426757
vn -0.70710677 0.7071068 -0.000000009426757
vn -0.70710677 0.7071068 -0.000000009426757
vn -0.8239692 0.5666346 -0.0000000050178874
vn -0.8239692 0.5666346 -0.0000000050178874
vn 0.9787809 -0.20490947 -0.0000000007034277
vn 0.9787809 0.20490947 0.0000000007034277
vn 1 -0.00000000000015820276 -0.0000000000000000000003789754
vn 0.9177419 0.3971773 0.000000005189567
vn -0.70710677 0.7071068 -0.000000009426757
vn -0.9787809 0.20490947 0.0000000007034277
vn -0.9177419 0.3971773 0.000000005189567
vn -0.9787809 0.20490947 0.0000000007034277
vn -1 0.00000000000012627433 0.00000000000000000000024905116
vn -1 0.00000000000025361554 -0.0000000000000000000012084097
vn -0.9787809 -0.20490947 -0.0000000007034277
vn -0.9177419 -0.3971773 0.0000000007034277
vn -0.8239692 -0.5666346 0.0000000050178874
vn -0.9177419 -0.3971773 -0.00000000000000000000024905116
vn -0.70710677 -0.7071068 0.000000009426757
vn -0.5666346 -0.8239692 0.000000011134277
vn -0.5666346 -0.8239692 0.000000011134277
vn -0.39717734 -0.9177419 -0.000000011134277
vn -0.39717734 -0.9177419 -0.000000011134277
vn -0.8239692 -0.5666346 0.0000000050178874
vn -0.9787809 -0.20490947 -0.0000000007034277
vn -0.9177419 -0.3971773 -0.0000000050178874
vn -0.9787809 -0.20490947 -0.0000000007034277
vn -0.39717734 -0.9177419 0.00000000551022
vn -0.5666346 -0.8239692 0.000000011134277
vn -0.70710677 -0.7071068 0.000000009426757
vn 0.000000000000013813448 -1 0.0000000077718125
vn -0.00000000000004958918 -1 0.0000000077718125
vn -0.20490947 -0.9787809 -0.00000000551022
vn -0.20490947 -0.9787809 -0.00000000551022
vn 0.20490947 -0.9787809 -0.00000000551022
vn 0.20490947 -0.9787809 -0.00000000551022
vn 0.39717734 -0.9177419 -0.000000040413266
vn 0.39717734 -0.9177419 -0.000000040413266
vn 0.39717734 -0.9177419 -0.000000040413266
vn 0.20490947 -0.9787809 -0.00000000551022
vn 0.5666346 -0.8239692 0.000000011134277
vn 0.5666346 -0.8239692 0.000000011134277
vn 0.70710677 -0.7071068 0.000000009426757
vn 0.70710677 -0.7071068 0.000000009426757
vn 0.70710677 -0.7071068 0.000000009426757
vn 0.70710677 -0.7071068 0.000000009426757
vn 0.70710677 -0.7071068 0.000000009426757
vn 0.70710677 -0.7071068 0.000000009426757
vn 0.70710677 -0.7071068 0.000000009426757
vn 0.70710677 -0.7071068 0.000000009426757
vn 0.70710677 -0.7071068 0.000000009426757
vn 0.70710677 -0.7071068 0.000000009426757
vn 0.70710677 -0.7071068 0.000000009426757
vn 0.70710677 -0.7071068 0.000000009426757
vn 0.70710677 -0.7071068 0.000000009426757
vn 0.70710677 -0.7071068 0.000000009426757
vn 0.70710677 -0.7071068 0.000000009426757
vn 0.70710677 -0.7071068 0.000000009426757
vn 0.70710677 -0.7071068 0.000000009426757
vn 0.70710677 -0.7071068 0.000000009426757
vn 0.70710677 -0.7071068 0.000000009426757
vn 0.70710677 -0.7071068 0.000000009426757
vn 0.70710677 -0.7071068 0.000000009426757
vn 0.70710677 -0.7071068 0.000000009426757
vn 0.70710677 -0.7071068 0.000000009426757
vn 0.70710677 -0.7071068 0.000000009426757
vn 0.70710677 -0.7071068 0.000000009426757
vn 0.70710677 -0.7071068 0.000000009426757
vn 0.70710677 -0.7071068 0.000000009426757
vn 0.70710677 -0.7071068 0.000000009426757
vn 0.70710677 -0.7071068 0.000000009426757
vn 0.70710677 -0.7071068 0.000000009426757
vn 0.70710677 -0.7071068 0.000000009426757
vn -0.9177419 0.3971773 0.000000005189567
vn -0.9787809 0.20490947 0.0000000007034277
vn -1 0 0
vn 0.00000000000012820975 -1 0.0000000077718125
vn -0.20490947 -0.9787809 -0.00000000551022
vn 0.5666346 -0.8239692 0.000000011134277
vn -0.49981946 -0.50018054 -0.70710677
vn -0.6572222 -0.65769696 -0.36809468
vn -0.7689643 -0.522689 -0.36808988
vn -0.58480287 -0.39750874 -0.7071014
vn -0.26018828 -0.26037624 -0.9297883
vn -0.30442938 -0.2069301 -0.9297864
vn -0.85334074 -0.36919874 -0.36810574
vn -0.64896005 -0.28077322 -0.7071189
vn -0.3378213 -0.14615868 -0.92979264
vn -0.9104594 -0.1886251 -0.3680818
vn -0.6924174 -0.14345211 -0.7070924
vn -0.36045328 -0.074677154 -0.92978317
vn -0.9297824 -0.000008064628 1
vn -0.70709026 -0.000006124134 -1
vn -0.36807984 -0.000003214213 -0.9297942
vn -0.91046077 0.18861684 -0.3680827
vn -0.6924177 0.14344566 -0.7070934
vn -0.36045307 0.0746737 -0.9297835
vn -0.853324 0.3692372 -0.36810595
vn -0.6489471 0.28080243 -0.7071192
vn -0.3378145 0.1461739 -0.92979276
vn -0.7689688 0.522684 -0.36808753
vn -0.5848079 0.39750603 -0.7070988
vn -0.30443275 0.2069292 -0.92978543
vn -0.65745765 0.65745765 -0.36810175
vn -0.4999944 0.49999446 -0.70711464
vn -0.26027727 0.26027727 -0.9297911
vn -0.522684 0.7689688 -0.36808753
vn -0.39750603 0.5848079 -0.70709884
vn -0.20692924 0.30443275 -0.92978543
vn -0.36923724 0.853324 -0.36810592
vn -0.28080243 0.6489471 -0.7071192
vn -0.14617391 0.3378145 -0.92979276
vn -0.18861686 0.91046077 -0.36808267
vn -0.14344566 0.6924177 -0.7070934
vn -0.07467375 0.36045304 -0.9297835
vn 0.000008064568 0.9297824 -0.36810955
vn 0.0000061330547 0.70709026 -0.70712334
vn 0.0000031925476 0.36807984 -0.9297942
vn 0.1886251 0.9104594 -0.3680818
vn 0.14345208 0.6924174 -0.7070924
vn 0.07467717 0.36045325 -0.92978317
vn 0.3691987 0.8533408 -0.36810568
vn 0.2807732 0.64896005 -0.707119
vn 0.14615873 0.3378213 -0.92979264
vn 0.522689 0.7689643 -0.36808982
vn 0.39750874 0.58480287 -0.7071014
vn 0.20693009 0.3044293 -0.9297864
vn 0.6574596 0.6574596 -0.36809468
vn 0.5 0.49999997 -0.70710677
vn 0.26028228 0.26028222 -0.9297883
vn 0.6572222 0.65769696 -0.36809468
vn 0.49981946 0.50018054 -0.70710677
vn 0.26018828 0.26037627 -0.9297883
vn 0.7689643 0.522689 -0.36808985
vn 0.58480287 0.39750877 -0.7071014
vn 0.30442932 0.20693004 -0.9297864
vn 0.85334074 0.36919874 -0.36810574
vn 0.64896005 0.2807732 -0.707119
vn 0.3378213 0.14615875 -0.92979264
vn 0.9104594 0.1886251 -0.3680818
vn 0.6924174 0.14345211 -0.7070924
vn 0.36045325 0.074677154 -0.92978317
vn 0.9297824 0.000008067366 -0.3681096
vn 0.70709026 0.0000061337114 -0.7071233
vn 0.36807984 0.0000031698826 -0.9297942
vn 0.91046077 -0.18861684 -0.3680827
vn 0.6924177 -0.14344566 -0.7070934
vn 0.36045304 -0.07467371 -0.9297835
vn 0.853324 -0.36923724 -0.36810592
vn 0.6489471 -0.28080246 -0.7071192
vn 0.3378145 -0.1461739 -0.92979276
vn 0.7689688 -0.522684 -0.3680875
vn 0.5848079 -0.39750603 -0.7070988
vn 0.30443275 -0.20692927 -0.92978543
vn 0.65745765 -0.65745765 -0.3681018
vn 0.4999945 -0.49999446 -0.70711464
vn 0.26027727 -0.26027727 -0.9297911
vn 0.522684 -0.7689688 -0.36808753
vn 0.39750606 -0.5848079 -0.7070988
vn 0.20692924 -0.30443278 -0.92978543
vn 0.36923727 -0.853324 -0.36810598
vn 0.28080243 -0.6489471 -0.7071192
vn 0.14617391 -0.33781448 -0.92979276
vn 0.18861686 -0.91046077 -0.3680827
vn 0.14344566 -0.6924177 -0.7070934
vn 0.07467374 -0.36045307 -0.9297835
vn -0.000008064564 -0.9297824 -0.36810955
vn -0.0000061330525 -0.70709026 0.36810955
vn -0.0000031925472 -0.3680798 -0.9297942
vn -0.18862511 -0.9104594 -0.36808187
vn -0.14345208 -0.6924174 -0.7070924
vn -0.07467717 -0.36045325 -0.92978317
vn -0.3691987 -0.8533408 -0.36810565
vn -0.2807732 -0.64896005 -0.707119
vn -0.14615871 -0.3378213 -0.92979264
vn -0.522689 -0.7689643 -0.36808988
vn -0.39750874 -0.58480287 -0.7071014
vn -0.20693009 -0.30442935 -0.9297864
vn -0.6574596 -0.65745956 -0.3680947
vn -0.5 -0.5 -0.70710677
vn -0.26028228 -0.26028222 -0.9297883
vn -0.6574596 -0.65745956 -0.3680947
vn -0.5 -0.5 -0.70710677
vn -0.26028228 -0.26028228 -0.9297883
vn -0.70685136 -0.70736206 0.000000014993962
vn -0.82394266 -0.56667316 1
vn -0.8153273 -0.55420333 -0.16763085
vn -0.9177845 -0.39707875 -1
vn -0.9047959 -0.3914608 -0.16763897
vn -0.97876984 -0.20496233 -0.0000000022523496
vn -1 -0.0000074228924 -0.0000000006033587
vn -0.96286577 -0.19948241 -0.18192372
vn -0.9787718 0.20495301 0.00000000423329
vn -0.9628675 0.19947378 -0.18192425
vn -0.9833098 -0.00000852536 -0.18193908
vn -0.8239492 0.5666637 0.000000006295162
vn -0.8153314 0.5541976 -0.16762963
vn -0.9047782 0.3915017 -0.16763908
vn -0.9177672 0.39711884 -0.00000000759798
vn -0.70710677 0.7071068 -0.000000009426757
vn -0.6971004 0.69710034 -0.167637
vn -0.5666637 0.8239492 -0.000000007602396
vn -0.3971188 0.9177672 0.000000038601385
vn -0.5541976 0.8153314 -0.16762967
vn -0.20495303 0.9787718 -0.000000009334711
vn -0.3915017 0.9047782 -0.16763909
vn -0.19947375 0.9628675 -0.18192421
vn 0.0000074229083 1 -0.0000000077718125
vn 0.20496234 0.97876984 0.000000007916015
vn 0.19948243 0.96286577 -0.1819237
vn 0.00000852877 0.9833098 -0.18193913
vn 0.39707878 0.9177845 0.000000008399937
vn 0.39146084 0.9047959 -0.16763899
vn 0.56667316 0.82394266 0.0000000002294882
vn 0.70710677 0.7071068 -0.000000009426757
vn 0.55420333 0.8153273 -0.16763088
vn 0.70710677 0.7071068 -0.000000009426757
vn 0.70710677 0.7071068 -0.000000009426757
vn 0.70710677 0.7071068 -0.000000009426757
vn 0.70710677 0.7071068 -0.000000009426757
vn 0.70710677 0.7071068 -0.000000009426757
vn 0.70710677 0.7071068 -0.000000009426757
vn 0.70710677 0.7071068 -0.000000009426757
vn 0.70710677 0.7071068 -0.000000009426757
vn 0.70710677 0.7071068 -0.000000009426757
vn -0.000000000003857131 -0.0000000077718125 -1
vn -0.0000000000020450863 -0.0000000077718125 -1
vn 0.70710677 0.7071068 -0.000000009426757
vn 0.70710677 0.7071068 -0.000000009426757
vn 0.70710677 0.7071068 -0.000000009426757
vn 0.70710677 0.7071068 -0.000000009426757
vn 0.70710677 0.7071068 -0.000000009426757
vn 0.70710677 0.7071068 -0.000000009426757
vn 0.70685136 0.70736206 -0.000000014993962
vn 0.0000000000001367351 -0.0000000077718125 -1
vn 0.00000000000041226565 -0.0000000077718125 -1
vn 0.00000000000009121818 -0.0000000077718125 -1
vn 0.0000000000010978995 -0.0000000077718125 -1
vn 0.000000000000009847677 -0.0000000077718125 -1
vn -0.00000000000028599692 -0.0000000077718125 -1
vn -0.000000000000037761264 -0.0000000077718125 -1
vn -0.0000000000003756204 -0.0000000077718125 -1
vn 0.0000000000002574873 -0.0000000077718125 -1
vn 0.00000000000019816633 -0.0000000077718125 -1
vn -0.00000000000003726084 -0.0000000077718125 -1
vn -0.00000000000015896571 -0.0000000077718125 -1
vn 0.000000000000000006329475 -0.0000000077718125 -1
vn -0.0000000000001077166 -0.0000000077718125 -1
vn 0.00000000000036772926 -0.0000000077718125 -1
vn -0.00000000000030629297 -0.0000000077718125 -1
vn 0.8153273 0.55420333 -0.16763085
vn 0.9177845 0.39707875 0.000000004385058
vn 0.9047959 0.3914608 -0.16763897
vn 0.82394266 0.56667316 0.00000000039313405
vn 0.97876984 0.20496233 0.0000000022523496
vn 0.9628675 -0.19947375 -0.18192422
vn 1 0.0000074229124 -0.0000000005952442
vn 0.9787718 -0.20495301 -0.00000000423329
vn 0.9177672 -0.39711884 0.00000000759798
vn 0.9047782 -0.3915017 -0.16763908
vn 0.96286577 0.19948243 -0.1819237
vn 0.8239492 -0.5666637 -0.000000006295162
vn 0.8153314 -0.5541976 -0.16762966
vn 0.70710677 -0.7071068 0.000000009426757
vn 0.6971004 -0.69710034 -0.16763699
vn 0.3971188 -0.9177672 -0.000000038601385
vn 0.55419767 -0.8153314 -0.16762961
vn 0.5666637 -0.8239492 0.000000007602396
vn 0.3915017 -0.9047782 -0.16763908
vn 0.20495303 -0.9787718 0.000000009334711
vn 0.9833098 0.000008525014 -0.18193908
vn 0.19947375 -0.9628675 -0.18192422
vn -0.000007422891 -1 0.0000000077718125
vn -0.000008528767 -0.9833098 -0.18193911
vn -0.20496234 -0.97876984 -0.000000007916015
vn -0.19948244 -0.96286577 -0.18192375
vn -0.39707878 -0.9177845 0.000000007916015
vn -0.39146084 -0.9047959 -0.16763893
vn -0.56667316 -0.82394266 -0.000000007916015
vn -0.7071068 -0.70710677 0.000000013419511
vn -0.55420333 -0.8153273 -0.1676308
vn -0.7071068 -0.70710677 0.000000013419511
vn -0.70710677 -0.7071068 0.000000009426757
vn -0.70710677 -0.7071068 0.000000009426757
vn -0.70710677 -0.7071068 0.000000009426757
vn -0.70710677 -0.7071068 0.000000009426757
vn -0.70710677 -0.7071068 0.000000009426757
vn -0.70710677 -0.7071068 0.000000009426757
vn -0.70710677 -0.7071068 0.000000009426757
vn -0.70710677 -0.7071068 0.000000009426757
vn -0.70710677 -0.7071068 0.000000009426757
vn -0.70710677 -0.7071068 0.000000009426757
vn -0.70710677 -0.7071068 0.000000009426757
vn -0.70710677 -0.7071068 0.000000009426757
vn -0.70710677 -0.7071068 0.000000009426757
vn -0.70710677 -0.7071068 0.000000009426757
vn 0.0000000000002475456 -0.0000000077718125 -1
vn -0.00000000000020728555 -0.0000000077718125 -1
vn -0.00000000000059471606 -0.0000000077718125 -1
vn 0.0000000000009821853 -0.0000000077718125 -1
vn 0.00000000000055968045 -0.0000000077718125 -1
vn -0.00000000000044101726 -0.0000000077718125 -1
vn -0.00000000000035805338 -0.0000000077718125 -1
vn -0.00000000000036474323 -0.0000000077718125 -1
vn -0.0000000000005619955 -0.0000000077718125 -1
vn -0.0000000000001391192 -0.0000000077718125 -1
vn -0.00000000000052165336 -0.0000000077718125 -1
vn -0.0000000000000000022881633 -0.0000000077718125 -1
vn -0.0000000000027233216 -0.0000000077718125 -1
vn -0.00000000000011290658 -0.0000000077718125 -1
vn 0.00000000000018781413 -0.0000000077718125 -1
vn 0.0000000000009246169 -0.0000000077718125 -1
vn -0.70710677 -0.7071068 0.000000009426757
vn -0.70710677 -0.7071068 0.000000009426757
vn -0.70710677 -0.7071068 0.000000009426757
vn -0.70710677 -0.7071068 0.000000009426757
vn -0.70710677 -0.7071068 0.000000009426757
vn -0.70710677 -0.7071068 0.000000009426757
vn -0.70710677 -0.7071068 0.000000009426757
vn -0.70710677 -0.7071068 0.000000009426757
vn -0.70710677 -0.7071068 0.000000009426757
vn -0.70710677 -0.7071068 0.000000009426757
vn -0.70710677 -0.7071068 0.000000009426757
vn -0.70710677 -0.7071068 0.000000009426757
vn -0.70710677 -0.7071068 0.000000009426757
vn -0.70710677 -0.7071068 0.000000009426757
vn -0.70710677 -0.7071068 0.000000009426757
vn -0.70710677 -0.7071068 0.000000009426757
vn -0.70710677 -0.7071068 0.000000009426757
vn -0.70710677 -0.7071068 0.000000009426757
vn -0.70710677 -0.7071068 0.000000009426757
vn -0.70710677 -0.7071068 0.000000009426757
vn -0.70710677 -0.7071068 0.000000009426757
vn -0.70710677 -0.7071068 0.000000009426757
vn -0.70710677 -0.7071068 0.000000009426757
vn -0.70710677 -0.7071068 0.000000009426757
vn -0.70710677 -0.7071068 0.000000009426757
vn -0.70710677 -0.7071068 0.000000009426757
vn -0.70710677 -0.7071068 0.000000009426757
vn -0.70710677 -0.7071068 0.000000009426757
vn -0.70710677 -0.7071068 0.000000009426757
vn -0.5666346 -0.8239692 0.000000011134277
vn -0.5666346 -0.8239692 0.000000011134277
vn -0.20490947 -0.9787809 -0.00000000551022
vn -0.20490947 -0.9787809 -0.00000000551022
vn -0.39717734 -0.9177419 0.00000000551022
vn -0.39717734 -0.9177419 -0.000000009426757
vn 0.20490947 -0.9787809 -0.00000000551022
vn 0.20490947 -0.9787809 -0.00000000551022
vn -0.0000000000006809228 -1 0.0000000077718125
vn -0.0000000000004405217 -1 0.0000000077718125
vn 0.5666346 -0.8239692 0.000000011134277
vn 0.5666346 -0.8239692 0.000000011134277
vn 0.39717734 -0.9177419 -0.000000040413266
vn 0.39717734 -0.9177419 -0.000000040413266
vn 0.8239692 -0.5666346 0.0000000050178874
vn 0.8239692 -0.5666346 0.0000000050178874
vn 0.70710677 -0.7071068 0.000000009426757
vn 0.9787809 -0.20490947 -0.0000000007034277
vn 0.9787809 -0.20490947 -0.0000000007034277
vn 0.9177419 -0.3971773 -0.000000005189567
vn 0.9177419 -0.3971773 -0.000000005189567
vn 1 0.00000000000022412677 0.0000000000000000000016224715
vn 1 -0.0000000000011481657 0.000000000000000000028136978
vn 0.9177419 0.3971773 0.000000005189567
vn 0.9177419 0.3971773 0.000000005189567
vn 0.9787809 0.20490947 0.0000000007034277
vn 0.9787809 0.20490947 0.0000000007034277
vn 0.8239692 0.5666346 -0.0000000050178874
vn 0.8239692 0.5666346 -0.0000000050178874
vn 0.70710677 0.7071068 -0.000000009426757
vn -0.70710677 -0.7071068 0.000000009426757
vn -0.5666346 -0.8239692 0.000000011134277
vn 0.70710677 0.7071068 -0.000000009426757
vn 0.70710677 0.7071068 -0.000000009426757
vn 0.70710677 0.7071068 -0.000000009426757
vn 0.70710677 0.7071068 -0.000000009426757
vn 0.70710677 0.7071068 -0.000000009426757
vn 0.70710677 0.7071068 -0.000000009426757
vn 0.70710677 0.7071068 -0.000000009426757
vn 0.70710677 0.7071068 -0.000000009426757
vn 0.70710677 0.7071068 -0.000000009426757
vn 0.70710677 0.7071068 -0.000000009426757
vn 0.70710677 0.7071068 -0.000000009426757
vn 0.70710677 0.7071068 -0.000000009426757
vn 0.70710677 0.7071068 -0.000000009426757
vn 0.70710677 0.7071068 -0.000000009426757
vn 0.70710677 0.7071068 -0.000000009426757
vn 0.70710677 0.7071068 -0.000000009426757
vn 0.70710677 0.7071068 -0.000000009426757
vn 0.70710677 0.7071068 -0.000000009426757
vn 0.70710677 0.7071068 -0.000000009426757
vn 0.70710677 0.7071068 -0.000000009426757
vn 0.70710677 0.7071068 -0.000000009426757
vn 0.70710677 0.7071068 -0.000000009426757
vn 0.70710677 0.7071068 -0.000000009426757
vn 0.70710677 0.7071068 -0.000000009426757
vn 0.70710677 0.7071068 -0.000000009426757
vn 0.70710677 0.7071068 -0.000000009426757
vn 0.70710677 0.7071068 -0.000000009426757
vn 0.70710677 0.7071068 -0.000000009426757
vn 0.70710677 0.7071068 -0.000000009426757
vn 0.70710677 0.7071068 -0.000000009426757
vn 0.5666346 0.8239692 -0.000000011134277
vn 0.39717734 0.9177419 0.000000040413266
vn 0.39717734 0.9177419 0.000000040413266
vn 0.20490947 0.9787809 0.00000000551022
vn -0.20490947 0.9787809 0.00000000551022
vn 0.000000000000021441194 1 -0.0000000077718125
vn -0.20490947 0.9787809 0.00000000551022
vn -0.5666346 0.8239692 -0.000000011134277
vn -0.5666346 0.8239692 -0.000000011134277
vn -0.39717734 0.9177419 0.000000040413266
vn -0.39717734 0.9177419 0.000000040413266
vn -0.0000000000013593167 1 -0.0000000077718125
vn 0.20490947 0.9787809 0.00000000551022
vn -0.8239692 0.5666346 -0.0000000050178874
vn -0.8239692 0.5666346 -0.0000000050178874
vn -0.70710677 0.7071068 -0.000000009426757
vn -0.70710677 0.7071068 -0.000000009426757
vn -0.9787809 0.20490947 0.0000000007034277
vn -0.9787809 0.20490947 0.0000000007034277
vn -0.9177419 0.3971773 0.000000005189567
vn -0.9177419 0.3971773 0.000000005189567
vn -1 -0.00000000000034650202 0.0000000000000000000032735616
vn -1 -0.0000000000014352044 -0.000000000000000000029020523
vn -0.9177419 -0.3971773 0.0000000007034277
vn -0.9177419 -0.3971773 -0.0000000050178874
vn -0.9787809 -0.20490947 -0.0000000007034277
vn -0.9787809 -0.20490947 -0.0000000007034277
vn -0.8239692 -0.5666346 0.0000000050178874
vn -0.8239692 -0.5666346 0.0000000050178874
vn -0.70710677 -0.7071068 0.000000009426757
vn 0.70710677 0.7071068 -0.000000009426757
vn 0.5666346 0.8239692 -0.000000011134277
vn 0.39717734 0.9177419 0.000000040413266
vn -0.20490947 0.9787809 0.00000000551022
vn -0.5 0.49999997 -0.70710677
vn -0.6574596 0.6574596 -0.36809468
vn -0.65769696 0.6572222 -0.36809465
vn -0.50018054 0.49981946 -0.70710677
vn -0.26028228 0.26028234 -0.9297883
vn -0.26037624 0.26018828 -0.9297883
vn -0.522689 0.7689643 -0.36808982
vn -0.39750874 0.58480287 -0.7071014
vn -0.20693009 0.3044293 -0.9297864
vn -0.3691987 0.8533408 -0.36810568
vn -0.2807732 0.64896005 -0.707119
vn -0.14615873 0.3378213 -0.92979264
vn -0.1886251 0.9104594 -0.3680818
vn -0.14345208 0.6924174 -0.7070924
vn -0.07467717 0.36045325 -0.92978317
vn -0.000008064349 0.9297824 -0.36810955
vn -0.000006132838 0.70709026 -0.70712334
vn -0.0000031924926 0.36807984 -0.9297942
vn 0.18861686 0.91046077 -0.36808267
vn 0.14344566 0.6924177 -0.7070934
vn 0.07467375 0.36045304 -0.9297835
vn 0.36923724 0.853324 -0.36810592
vn 0.28080243 0.6489471 -0.7071192
vn 0.14617391 0.3378145 -0.92979276
vn 0.522684 0.7689688 -0.36808753
vn 0.39750603 0.5848079 -0.70709884
vn 0.20692924 0.30443275 -0.92978543
vn 0.65745765 0.65745765 -0.36810175
vn 0.4999944 0.49999446 -0.70711464
vn 0.26027727 0.26027727 -0.9297911
vn 0.7689688 0.522684 -0.36808753
vn 0.5848079 0.39750603 -0.7070988
vn 0.30443275 0.2069292 -0.92978543
vn 0.853324 0.3692372 -0.36810595
vn 0.6489471 0.28080243 -0.7071192
vn 0.3378145 0.1461739 -0.92979276
vn 0.91046077 0.18861684 -0.3680827
vn 0.6924177 0.14344566 -0.7070934
vn 0.36045307 0.0746737 -0.9297835
vn 0.9297824 -0.000008064628 -0.36810955
vn 0.70709026 -0.000006124134 -0.7071233
vn 0.36807984 -0.000003214213 -0.9297942
vn 0.9104594 -0.1886251 -0.3680818
vn 0.6924174 -0.14345211 -0.7070924
vn 0.36045328 -0.074677154 -0.92978317
vn 0.85334074 -0.36919874 -0.36810574
vn 0.64896005 -0.28077322 -0.7071189
vn 0.3378213 -0.14615868 -0.92979264
vn 0.7689643 -0.522689 -0.36808988
vn 0.58480287 -0.39750874 -0.7071014
vn 0.30442938 -0.2069301 -0.9297864
vn 0.6574596 -0.65745956 -0.3680947
vn 0.5 -0.5 -0.70710677
vn 0.26028225 -0.26028228 -0.9297883
vn 0.65769696 -0.6572222 -0.36809468
vn 0.50018054 -0.49981946 -0.70710677
vn 0.26037624 -0.26018828 -0.9297883
vn 0.522689 -0.7689643 -0.36808988
vn 0.39750874 -0.58480287 -0.7071014
vn 0.20693009 -0.30442935 -0.9297864
vn 0.3691987 -0.8533408 -0.36810565
vn 0.2807732 -0.64896005 -0.707119
vn 0.14615871 -0.3378213 -0.92979264
vn 0.18862511 -0.9104594 -0.36808187
vn 0.14345208 -0.6924174 -0.7070924
vn 0.07467717 -0.36045325 -0.92978317
vn 0.000008064352 -0.9297824 -0.36810955
vn 0.0000061328415 -0.70709026 -0.7071233
vn 0.0000031924933 -0.3680798 -0.9297942
vn -0.18861686 -0.91046077 -0.3680827
vn -0.14344566 -0.6924177 -0.7070934
vn -0.07467374 -0.36045307 -0.9297835
vn -0.36923727 -0.853324 -0.36810598
vn -0.28080243 -0.6489471 -0.7071192
vn -0.14617391 -0.33781448 -0.92979276
vn -0.522684 -0.7689688 -0.36808753
vn -0.39750606 -0.5848079 -0.7070988
vn -0.20692924 -0.30443278 -0.92978543
vn -0.65745765 -0.65745765 -0.3681018
vn -0.4999945 -0.49999446 -0.70711464
vn -0.26027727 -0.26027727 -0.9297911
vn -0.7689688 -0.522684 -0.3680875
vn -0.5848079 -0.39750603 -0.7070988
vn -0.30443275 -0.20692927 -0.92978543
vn -0.853324 -0.36923724 -0.36810592
vn -0.6489471 -0.28080246 -0.7071192
vn -0.3378145 -0.1461739 -0.92979276
vn -0.91046077 -0.18861684 -0.3680827
vn -0.6924177 -0.14344566 -0.7070934
vn -0.36045304 -0.07467371 -0.9297835
vn -0.9297824 0.000008067366 -0.3681096
vn -0.70709026 0.0000061337114 -0.7071233
vn -0.36807984 0.0000031698826 -0.9297942
vn -0.9104594 0.1886251 -0.3680818
vn -0.6924174 0.14345211 -0.7070924
vn -0.36045325 0.074677154 -0.92978317
vn -0.85334074 0.36919874 -0.36810574
vn -0.64896005 0.2807732 -0.707119
vn -0.3378213 0.14615875 -0.92979264
vn -0.7689643 0.522689 -0.36808985
vn -0.58480287 0.39750877 -0.7071014
vn -0.30442932 0.20693004 -0.9297864
vn -0.6572222 0.65769696 -0.36809468
vn -0.49981946 0.50018054 -0.70710677
vn -0.26018828 0.26037627 -0.9297883
vn -0.70710677 0.7071068 -0.000000009426757
vn -0.70710677 0.7071068 -0.000000009426757
vn -0.70710677 0.7071068 -0.000000009426757
vn -0.70710677 0.7071068 -0.000000009426757
vn -0.70710677 0.7071068 -0.000000009426757
vn -0.70710677 0.7071068 -0.000000009426757
vn -0.70710677 0.7071068 -0.000000009426757
vn -0.70710677 0.7071068 -0.000000009426757
vn -0.70710677 0.7071068 -0.000000009426757
vn -0.70710677 0.7071068 -0.000000009426757
vn -0.70710677 0.7071068 -0.000000009426757
vn -0.70710677 0.7071068 -0.000000009426757
vn -0.70710677 0.7071068 -0.000000009426757
vn -0.70710677 0.7071068 -0.000000009426757
vn -0.70710677 0.7071068 -0.000000009426757
vn -0.70710677 0.7071068 -0.000000009426757
vn -0.70736206 0.70685136 0.00000001396451
vn -0.39707878 0.9177845 0.000000008399937
vn -0.39146084 0.9047959 -0.16763899
vn -0.55420333 0.8153273 -0.16763088
vn -0.56667316 0.82394266 0.0000000002294882
vn -0.20496234 0.97876984 0.000000007916015
vn -0.19948243 0.96286577 -0.1819237
vn -0.0000074228897 1 -0.0000000077718125
vn 0.20495303 0.9787718 -0.000000009334711
vn 0.19947375 0.9628675 -0.18192421
vn -0.000008528641 0.9833098 -0.18193913
vn 0.3971188 0.9177672 0.000000038601385
vn 0.3915017 0.9047782 -0.16763909
vn 0.5666637 0.8239492 -0.000000007602396
vn 0.70710677 0.7071068 -0.000000009426757
vn 0.6971004 0.69710034 -0.167637
vn 0.8239492 0.5666637 0.000000006295162
vn 0.8153314 0.5541976 -0.16762963
vn 0.5541976 0.8153314 -0.16762967
vn 0.9177672 0.39711884 -0.00000000759798
vn 0.9787718 0.20495301 0.00000000423329
vn 0.9047782 0.3915017 -0.16763908
vn 1 -0.000007422908 -0.0000000006301637
vn 0.9628675 0.19947378 -0.18192425
vn 0.97876984 -0.20496233 -0.0000000022523496
vn 0.9177845 -0.39707875 -0.000000004385058
vn 0.9047959 -0.3914608 -0.16763897
vn 0.82394266 -0.56667316 -0.00000000039313405
vn 0.8153273 -0.55420333 -0.16763085
vn 0.96286577 -0.19948241 -0.18192372
vn 0.9833098 -0.00000852536 -0.18193908
vn 0.7071068 -0.70710677 0.000000013419511
vn 0.000000000000000055531195 -0.0000000077718125 -1
vn -0.00000000000007541241 -0.0000000077718125 -1
vn -0.000000000000028089364 -0.0000000077718125 -1
vn -0.000000000000016847994 -0.0000000077718125 -1
vn 0.00000000000006149903 -0.0000000077718125 -1
vn 0.000000000000000003504237 -0.0000000077718125 -1
vn 0.000000000000047569855 -0.0000000077718125 -1
vn 0.0000000000003226379 -0.0000000077718125 -1
vn 0.00000000000033528096 -0.0000000077718125 -1
vn 0.000000000000022591346 -0.0000000077718125 -1
vn 0.00000000000010079059 -0.0000000077718125 -1
vn 0.00000000000004533049 -0.0000000077718125 -1
vn -0.00000000000006192958 -0.0000000077718125 -1
vn 0.00000000000002301423 -0.0000000077718125 -1
vn 0.00000000000023363448 -0.0000000077718125 -1
vn 0.00000000000048191816 -0.0000000077718125 -1
vn -0.0000000000003969461 -0.0000000077718125 -1
vn 0.0000000000027235436 -0.0000000077718125 -1
vn 0.7071068 -0.70710677 0.000000013419511
vn 0.70710677 -0.7071068 0.000000009426757
vn 0.70710677 -0.7071068 0.000000009426757
vn 0.70710677 -0.7071068 0.000000009426757
vn 0.70710677 -0.7071068 0.000000009426757
vn 0.70710677 -0.7071068 0.000000009426757
vn 0.70710677 -0.7071068 0.000000009426757
vn 0.70710677 -0.7071068 0.000000009426757
vn 0.70710677 -0.7071068 0.000000009426757
vn 0.70710677 -0.7071068 0.000000009426757
vn 0.70710677 -0.7071068 0.000000009426757
vn 0.70710677 -0.7071068 0.000000009426757
vn 0.70710677 -0.7071068 0.000000009426757
vn 0.70710677 -0.7071068 0.000000009426757
vn 0.70710677 -0.7071068 0.000000009426757
vn 0.70736206 -0.70685136 -0.00000001396451
vn 0.55420333 -0.8153273 -0.1676308
vn 0.39707878 -0.9177845 -0.000000008399937
vn 0.39146084 -0.9047959 -0.16763893
vn 0.56667316 -0.82394266 -0.0000000002294882
vn 0.20496234 -0.97876984 -0.000000007916015
vn 0.19948244 -0.96286577 -0.18192375
vn -0.20495303 -0.9787718 0.000000009334711
vn -0.19947375 -0.9628675 -0.18192422
vn 0.000008528646 -0.9833098 -0.18193911
vn 0.0000074229097 -1 0.0000000077718125
vn -0.3971188 -0.9177672 -0.000000009334711
vn -0.3915017 -0.9047782 -0.16763908
vn -0.5666637 -0.8239492 0.000000007602396
vn -0.70710677 -0.7071068 0.000000009426757
vn -0.55419767 -0.8153314 -0.16762961
vn -0.8239492 -0.5666637 -0.000000007602396
vn -0.8153314 -0.5541976 -0.16762966
vn -0.9177672 -0.39711884 0.00000000759798
vn -0.9787718 -0.20495301 -0.00000000759798
vn -0.9047782 -0.3915017 -0.16763908
vn -1 0.00000742289 -0.000000000630202
vn -0.9833098 0.000008525014 -0.18193908
vn -0.9628675 -0.19947375 -0.18192422
vn -0.97876984 0.20496233 0.0000000022523496
vn -0.9177845 0.39707875 0.000000004385058
vn -0.9047959 0.3914608 -0.16763897
vn -0.82394266 0.56667316 0.00000000039313405
vn -0.8153273 0.55420333 -0.16763085
vn -0.96286577 0.19948243 -0.1819237
vn -0.70710677 0.7071068 -0.000000009426757
vn 0.00000000000083169073 -0.0000000077718125 -1
vn -0.0000000000002599878 -0.0000000077718125 -1
vn -0.0000000000005987468 -0.0000000077718125 -1
vn -0.000000000000092935066 -0.0000000077718125 -1
vn -0.0000000000000000068112343 -0.0000000077718125 -1
vn 0.00000000000045502214 -0.0000000077718125 -1
vn 0.0000000000002366554 -0.0000000077718125 -1
vn 0.00000000000030648487 -0.0000000077718125 -1
vn -0.00000000000009990085 -0.0000000077718125 -1
vn -0.00000000000037238105 -0.0000000077718125 -1
vn -0.00000000000034891694 -0.0000000077718125 -1
vn -0.00000000000031288578 -0.0000000077718125 -1
vn -0.0000000000003106572 -0.0000000077718125 -1
vn -0.00000000000041384937 -0.0000000077718125 -1
vn -0.000000000000076292996 -0.0000000077718125 -1
vn -0.0000000000003555434 -0.0000000077718125 -1
vn -0.00000000000007541241 -0.0000000077718125 -1
vn 0 -0.0000000077718125 -1
vn 0 -0.0000000077718125 -1
vn 0 -0.0000000077718125 -1
vn 0 -0.0000000077718125 -1
vn 0 -0.0000000077718125 -1
vn 0 -0.0000000077718125 -1
vn 0 -0.0000000077718125 -1
vn 0 -0.0000000077718125 -1
vn 0 -0.0000000077718125 -1
vn 0 -0.0000000077718125 -1
vn 0 -0.0000000077718125 -1
vn 0 -0.0000000077718125 -1
vn 0 -0.0000000077718125 -1
vn 0 -0.0000000077718125 -1
vn 0 -0.0000000077718125 -1
vn 0 -0.0000000077718125 -1
vn 0 -0.0000000077718125 -1
vn 0 -0.0000000077718125 -1
vn 0 -0.0000000077718125 -1
vn 0 -0.0000000077718125 -1
vn 0 -0.0000000077718125 -1
vn 0 -0.0000000077718125 -1
vn 0 -0.0000000077718125 -1
vn 0 -0.0000000077718125 -1
vn 0 -0.0000000077718125 -1
vn 0 -0.0000000077718125 -1
vn 0 -0.0000000077718125 -1
vn 0 -0.0000000077718125 -1
vn 0 -0.0000000077718125 -1
vn 0 -0.0000000077718125 -1
vn 0 -0.0000000077718125 -1
vn 0 -0.0000000077718125 -1
vn 0 -0.0000000077718125 -1
vn 0 -0.0000000077718125 -1
vn 0 -0.0000000077718125 -1
vn 0 -0.0000000077718125 -1
vn 0 -0.0000000077718125 -1
vn 0 -0.0000000077718125 -1
vn 0 -0.0000000077718125 -1
vn 0 -0.0000000077718125 -1
vn 0 -0.0000000077718125 -1
vn 0 -0.0000000077718125 -1
vn 0 -0.0000000077718125 -1
vn 0 -0.0000000077718125 -1
vn 0 -0.0000000077718125 -1
vn 0 -0.0000000077718125 -1
vn 0 -0.0000000077718125 -1
vn 0 -0.0000000077718125 -1
vn 0 -0.0000000077718125 -1
vn 0 -0.0000000077718125 -1
vn 0 -0.0000000077718125 -1
vn 0 -0.0000000077718125 -1
vn 0 -0.0000000077718125 -1
vn 0 -0.0000000077718125 -1
vn 0 -0.0000000077718125 -1
vn 0 -0.0000000077718125 -1
vn 0 -0.0000000077718125 -1
vn 0 -0.0000000077718125 -1
vn 0 -0.0000000077718125 -1
vn 0 -0.0000000077718125 -1
vn 0 -0.0000000077718125 -1
vn 0 -0.0000000077718125 -1
vn 0 -0.0000000077718125 -1
vn 0 -0.0000000077718125 -1
vn 0 -0.0000000077718125 -1
vn 0 -0.0000000077718125 -1
vn 0 -0.0000000077718125 -1
vn 0 -0.0000000077718125 -1
vn 0 -0.0000000077718125 -1
vn 0 -0.0000000077718125 -1
vn 0 -0.0000000077718125 -1
vn 0 -0.0000000077718125 -1
vn 0 -0.0000000077718125 -1
vn 0 -0.0000000077718125 -1
vn 0 -0.0000000077718125 -1
vn 0 -0.0000000077718125 -1
vn 0 -0.0000000077718125 -1
vn 0 -0.0000000077718125 -1
vn 0 -0.0000000077718125 -1
vn 0 -0.0000000077718125 -1
vn 0 -0.0000000077718125 -1
vn 0 -0.0000000077718125 -1
vn 0 -0.0000000077718125 -1
vn 0 -0.0000000077718125 -1
vn 0 -0.0000000077718125 -1
vn 0 -0.0000000077718125 -1
vn 0 -0.0000000077718125 -1
vn 0 -0.0000000077718125 -1
vn 0 -0.0000000077718125 -1
vn 0 -0.0000000077718125 -1
vn 0 -0.0000000077718125 -1
vn 0 -0.0000000077718125 -1
vn 0 -0.0000000077718125 -1
vn 0 -0.0000000077718125 -1
vn 0 -0.0000000077718125 -1
vn 0 -0.0000000077718125 -1
vn 0 -0.0000000077718125 -1
vn 0 -0.0000000077718125 -1
vn 0 -0.0000000077718125 -1
vn 0 -0.0000000077718125 -1
vn 0 -0.0000000077718125 -1
vn 0 -0.0000000077718125 -1
vn 0 -0.0000000077718125 -1
vn 0 -0.0000000077718125 -1
vn 0 -0.0000000077718125 -1
vn 0 -0.0000000077718125 -1
vn 0 -0.0000000077718125 -1
vn 0 -0.0000000077718125 -1
vn 0 -0.0000000077718125 -1
vn 0 -0.0000000077718125 -1
vn 0 -0.0000000077718125 -1
vn 0 -0.0000000077718125 -1
vn 0 -0.0000000077718125 -1
vn 0 -0.0000000077718125 -1
vn 0 -0.0000000077718125 -1
vn 0 -0.0000000077718125 -1
vn 0 -0.0000000077718125 -1
vn 0 -0.0000000077718125 -1
vn 0 -0.0000000077718125 -1
vn 0 -0.0000000077718125 -1
vn 0 -0.0000000077718125 -1
vn 0 -0.0000000077718125 -1
vn 0 -0.0000000077718125 -1
vn 0 -0.0000000077718125 -1
vn 0 -0.0000000077718125 -1
vn 0 -0.0000000077718125 -1
vn 0 -0.0000000077718125 -1
vn 0 -0.0000000077718125 -1
vn 0 -0.0000000077718125 -1
vn 0 -0.0000000077718125 -1
vn 0 -0.0000000077718125 -1
vn 0 -0.0000000077718125 -1
vn 0 -0.0000000077718125 -1
vn 0 -0.0000000077718125 -1
vn 0 -0.0000000077718125 -1
vn 0 -0.0000000077718125 -1
vn 0 -0.0000000077718125 -1
vn 0 -0.0000000077718125 -1
vn 0 -0.0000000077718125 -1
vn 0 -0.0000000077718125 -1
vn 0 -0.0000000077718125 -1
vn 0 -0.0000000077718125 -1
vn 0 -0.0000000077718125 -1
vn 0 -0.0000000077718125 -1
vn 0 -0.0000000077718125 -1
vn 0 -0.0000000077718125 -1
vn 0 -0.0000000077718125 -1
vn 0 -0.0000000077718125 -1
vn 0 -0.0000000077718125 -1
vn 0 -0.0000000077718125 -1
vn 0 -0.0000000077718125 -1
vn 0 -0.0000000077718125 -1
vn 0 -0.0000000077718125 -1
vn 0 -0.0000000077718125 -1
vn 0 -0.0000000077718125 -1
vn 0 -0.0000000077718125 -1
vn 0 -0.0000000077718125 -1
vn 0 -0.0000000077718125 -1
vn 0 -0.0000000077718125 -1
vn 0 -0.0000000077718125 -1
vn 0 -0.0000000077718125 -1
vn 0 -0.0000000077718125 -1
vn 0 -0.0000000077718125 -1
vn 0 -0.0000000077718125 -1
vn 0 -0.0000000077718125 -1
vn 0 -0.0000000077718125 -1
vn 0 -0.0000000077718125 -1
vn 0 -0.0000000077718125 -1
vn 0 -0.0000000077718125 -1
vn 0 -0.0000000077718125 -1
vn 0 -0.0000000077718125 -1
vn 0 -0.0000000077718125 -1
vn 0 -0.0000000077718125 -1
vn 0 -0.0000000077718125 -1
vn 0 -0.0000000077718125 -1
vn 0 -0.0000000077718125 -1
vn 0 -0.0000000077718125 -1
vn 0 -0.0000000077718125 -1
vn 0 -0.0000000077718125 -1
vn 0 -0.0000000077718125 -1
vn 0 -0.0000000077718125 -1
vn 0 -0.0000000077718125 -1
vn 0 -0.0000000077718125 -1
vn 0 -0.0000000077718125 -1
vn 0 -0.0000000077718125 -1
vn 0 -0.0000000077718125 -1
vn 0 -0.0000000077718125 -1
vn 0 -0.0000000077718125 -1
vn 0 -0.0000000077718125 -1
vn 0 -0.0000000077718125 -1
vn 0 -0.0000000077718125 -1
vn 0 -0.0000000077718125 -1
vn 0 -0.0000000077718125 -1
vn 0 -0.0000000077718125 -1
vn 0 -0.0000000077718125 -1
vn 0 -0.0000000077718125 -1
vn 0 -0.0000000077718125 -1
vn 0 -0.0000000077718125 -1
vn 0 -0.0000000077718125 -1
vn 0 -0.0000000077718125 -1
vn 0 -0.0000000077718125 -1
vn 0 -0.0000000077718125 -1
vn 0 -0.0000000077718125 -1
vn 0 -0.0000000077718125 -1
vn 0 -0.0000000077718125 -1
vn 0 -0.0000000077718125 -1
vn 0 -0.0000000077718125 -1
vn 0 -0.0000000077718125 -1
vn 0 -0.0000000077718125 -1
vn 0 -0.0000000077718125 -1
vn 0 -0.0000000077718125 -1
vn 0 -0.0000000077718125 -1
vn 0 -0.0000000077718125 -1
vn 0 -0.0000000077718125 -1
vn 0 -0.0000000077718125 -1
vn 0 -0.0000000077718125 -1
vn 0 -0.0000000077718125 -1
vn 0 -0.0000000077718125 -1
vn 0 -0.0000000077718125 -1
vn 0 -0.0000000077718125 -1
vn 0 -0.0000000077718125 -1
vn 0 -0.0000000077718125 -1
vn 0 -0.0000000077718125 -1
vn 0 -0.0000000077718125 -1
vn -1 0 0
vn -1 0 0
vn -1 0 0
vn -1 0 0
vn -1 0 0
vn -1 0.000000000000009103829 0.000000000000000000000041743313
vn -1 0 0
vn -1 0 0
vn -1 0 0
vn -1 0 0
vn -1 0 0
vn -0.3966787 0.000000006261704 -0.91795754
vn -0.3680946 -0.000000013120128 -0.92978835
vn -0.43755528 -0.0000000144761545 -0.8581855
vn -0.4765204 -0.0000000027913198 0.8581855
vn -0.3541825 0.000000005763366 -0.9351763
vn 0.000000000000062587515 -0.0000000077718125 -1
vn -0.22053336 -0.000000010233817 0.9640486
vn -0.17522478 0.000000028410005 -0.9845285
vn -0.2657259 0.0000000025591103 -0.9640486
vn -0.31040674 -0.00000000083149887 0.9351763
vn -0.13018234 -0.0000000064314674 -0.99149007
vn 0.000000000000049568077 -0.0000000077718125 -1
vn -0.51333964 0.0000000123151 -0.8581855
vn -0.7071067 -0.0000000054340026 -0.7071069
vn -0.8105853 -0.000000014075358 0.3959514
vn -0.6614378 0.000000016522883 -0.75
vn -0.9297883 0.000000007547412 -0.36809477
vn -0.9182715 0.0000000045187867 -0.3959514
vn -0.63668495 0.000000064114175 -0.771124
vn -0.5478421 0.000000005568661 -0.83658177
vn -0.60953194 -0.000000015638522 -0.7927615
vn -0.5799212 0.000000014145652 -0.8146726
vn -1 -0.0000000000000000000009962047 0.0000000000005050973
vn -1 0 0
vn -0.08576075 0.000000014945268 0.99149007
vn 0.000000000000043058354 -0.0000000077718125 -1
vn 0.00000000000001701947 -0.0000000077718125 -1
vn 0.000000000000023529191 -0.0000000077718125 -1
vn -0.04227642 0.0000000035845642 -0.99149007
vn 0.000000000000036548635 -0.0000000077718125 -1
vn 0.000000000000030038912 -0.0000000077718125 -1
vn 0.00000000000006909724 -0.0000000077718125 -1
vn 0.000000000000056077796 -0.0000000077718125 -1
vn 0.00000000000008211668 -0.0000000077718125 -1
vn 0.00000000000007560696 -0.0000000077718125 -1
vn 0.0000000000000886264 -0.0000000077718125 -1
vn 0.000000000000095136125 -0.0000000077718125 -1
vn -1 0.00000000000000000000024905116 -0.00000000000012627433
vn 0 1 -0.0000000077718125
vn -0.0000000000000004440892 1 -0.0000000077718125
vn 0 1 -0.0000000077718125
vn 0 1 -0.0000000077718125
vn -0.000000000000004440892 1 -0.0000000077718125
vn 0 1 -0.0000000077718125
vn 0 -0.0000000077718125 -1
vn 0 -0.0000000077718125 -1
vn 0.00000000000000071163865 0.36809474 -0.9297883
vn 0.000000000000001411152 0.36809462 -0.92978835
vn 0.0000000000000033206967 0.7071067 -0.7071069
vn 0.0000000000000022024036 0.70710677 -0.70710677
vn 0.0000000000000050381833 0.9297883 -0.36809474
vn 0.0000000000000068936094 0.9297883 -0.36809474
vn 0.000000000000008881784 1 -0.0000000077718125
vn 0.000000000000008881784 1 -0.0000000077718125
vn 0.000000000000008881784 1 -0.0000000077718125
vn -0.8174454 -0.5760061 0.0000000032949026
vn -0.8174454 -0.5760061 0.0000000032949026
vn -0.8174454 -0.5760061 0.0000000032949026
vn -0.8174454 -0.5760061 0.0000000032949026
vn -0.8174454 -0.5760061 0.0000000032949026
vn -0.8174454 -0.5760061 0.0000000032949026
vn -0.8174454 -0.5760061 0.0000000032949026
vn -0.8174454 -0.5760061 0.0000000032949026
vn -0.8174454 -0.5760061 0.0000000032949026
vn -0.8174454 -0.5760061 0.0000000032949026
vn -0.8174454 -0.5760061 0.0000000032949026
vn -0.8174454 -0.5760061 0.0000000032949026
vn -0.8174454 -0.5760061 0.0000000032949026
vn -0.8174454 -0.5760061 0.0000000032949026
vn -0.8174454 -0.5760061 0.0000000032949026
vn -0.8174454 -0.5760061 0.0000000032949026
vn -0.8174454 -0.5760061 0.0000000032949026
vn -0.8174454 -0.5760061 0.0000000032949026
vn -0.8174454 -0.5760061 0.0000000032949026
vn -0.8174454 -0.5760061 0.0000000032949026
vn -0.8174454 -0.5760061 0.0000000032949026
vn -0.8174454 -0.5760061 0.0000000032949026
vn -0.8174454 -0.5760061 0.0000000032949026
vn -0.8174454 -0.5760061 0.0000000032949026
vn -0.8174454 -0.5760061 0.0000000032949026
vn -0.8174454 -0.5760061 0.0000000032949026
vn -0.8174454 -0.5760061 0.0000000032949026
vn -0.8174454 -0.5760061 0.0000000032949026
vn -0.8174454 -0.5760061 0.0000000032949026
vn -0.8174454 -0.5760061 0.0000000032949026
vn -0.8174454 -0.5760061 0.0000000032949026
vn 0.000000000000014210855 -1 0.0000000077718125
vn -0.000000000000046185278 -1 0.0000000077718125
vn -0.000000000000042632564 -1 0.0000000077718125
vn -0.00000000000005684342 -1 0.0000000077718125
vn -0.000000000000035527137 -1 0.0000000077718125
vn 0 -1 0.0000000077718125
vn 0.000000000000014210855 -1 0.0000000077718125
vn 0 -1 0.0000000077718125
vn 0.00000000000005684342 -1 0.0000000077718125
vn 0 -1 0.0000000077718125
vn 0.00000000000005684342 -1 0.0000000077718125
vn 0.00000000000011368684 -1 0.0000000077718125
vn 0 -1 0.0000000077718125
vn 0 -1 0.0000000077718125
vn 0 -1 0.0000000077718125
vn 0.00000000000013429272 -1 0.0000000077718125
vn 0 -1 0.0000000077718125
vn 0 -1 0.0000000077718125
vn 0 -1 0.0000000077718125
vn 0 -1 0.0000000077718125
vn 0 -1 0.0000000077718125
vn 0 -1 0.0000000077718125
vn 0 -1 0.0000000077718125
vn 0 -1 0.0000000077718125
vn 0 -1 0.0000000077718125
vn 0 -1 0.0000000077718125
vn 0 -1 0.0000000077718125
vn 0 -1 0.0000000077718125
vn 0 -1 0.0000000077718125
vn 0 -1 0.0000000077718125
vn -0.00000000000000821621 -0.3269137 -0.0000000077718125
vn -0.000000000000007946409 -0.16135639 0.0000000077718125
vn -0.000000000000011120614 -0.25869048 1
vn -0.00000000000000298792 -0.08449609 1
vn -0.0000000000000073640375 -0.17104602 -1
vn -0.000000000000019042991 -0.6391677 -0.0000000077718125
vn -0.000000000000010949879 -0.48904172 0.0000000077718125
vn -0.000000000000026917479 -0.596766 0.9381138
vn -0.000000000000009540847 -0.43274215 0.9381138
vn -0.000000000000024258412 -0.76906735 0.0000000077718125
vn -0.000000000000026550297 -0.6718301 -0.9381138
vn -0.000000000000021281032 -0.8722604 -0.0000000077718125
vn -0.000000000000033652968 -0.8024153 -0.9381138
vn -0.00000000000002842171 -1 0.0000000077718125
vn -0.000000000000063219985 -0.9868962 -0.0000000077718125
vn -0.000000000000047572203 -0.98526305 -0.34632707
vn -0.00000000000002842171 -1 0.0000000077718125
vn -0.000000000000051418237 -0.96596026 0.34632707
vn -0.00000000000006336243 -0.9450542 0.0000000077718125
vn -0.000000000000049505705 -0.90151775 -0.9381138
vn -0.000000000000018182707 -0.51665366 -0.9381138
vn -0.0000000000000035383535 -0.3463271 -0.9381138
vn -0.000000000000028541548 -0.74070525 0.9381138
vn -0.000000000000022081776 -0.8561945 0.9381138
vn -0.000000000000023341695 -0.9381138 -0.34632707
vn -0.000000000000024448373 -0.99642384 0.34632707
vn -0.00000000000002842171 -1 0.0000000077718125
vn -0.76005113 -0.53556377 -0.36809474
vn -0.54918444 -0.38697824 -0.74070525
vn -0.30089733 -0.21202475 -0.9297883
vn -0.6054861 -0.42665076 -0.6718301
vn -0.6559307 -0.46219617 -0.596766
vn -0.48782358 -0.34374088 -0.8024153
vn -0.2831035 -0.19948654 -0.9381138
vn -0.35374308 -0.24926215 -0.90151775
vn -0.42233613 -0.29759568 -0.8561945
vn -0.2114653 -0.14900732 -0.96596026
vn -0.8174454 -0.5760061 0.0000000032949026
vn -0.814522 -0.57394624 -0.084496096
vn -0.8053987 -0.5675176 -0.17104603
vn -0.8174454 -0.5760061 0.0000000032949026
vn -0.78961974 -0.55639905 -0.25869045
vn -0.7369415 -0.5192797 -0.43274215
vn -0.6998922 -0.4931733 -0.51665366
vn -0.7668568 -0.5403593 -0.34632716
vn -0.13982077 -0.098523565 -0.98526305
vn -0.06907091 -0.048670236 -0.99642384
vn 0.0000000000012664234 -0.0000000077718125 -1
vn -0.6286706 -0.44298756 -0.6391677
vn -0.39976487 -0.281691 -0.8722604
vn -0.5224847 -0.3681645 -0.76906735
vn 0.0000000000013047586 -0.0000000077718125 -1
vn -0.13190007 -0.0929423 -0.9868962
vn -0.26723412 -0.18830433 -0.9450542
vn -0.8174454 -0.5760061 0.0000000032949026
vn -0.8067337 -0.56845826 -0.16135648
vn -0.7130252 -0.50242734 -0.4890417
vn -0.7725302 -0.544357 -0.32691374
vn 0.82826596 0.56033516 -0.0000000012374698
vn 0.82826596 0.56033516 -0.0000000012374698
vn 0.82826596 0.56033516 -0.0000000012374698
vn 0.82826596 0.56033516 -0.0000000012374698
vn 0.82826596 0.56033516 -0.0000000012374698
vn 0.82826596 0.56033516 -0.0000000012374698
vn 0.82826596 0.56033516 -0.0000000012374698
vn 0.82826596 0.56033516 -0.0000000012374698
vn 0.82826596 0.56033516 -0.0000000012374698
vn 0.82826596 0.56033516 -0.0000000012374698
vn 0.82826596 0.56033516 -0.0000000012374698
vn 0.82826596 0.56033516 -0.0000000012374698
vn 0.82826596 0.56033516 -0.0000000012374698
vn 0.82826596 0.56033516 -0.0000000012374698
vn 0.82826596 0.56033516 -0.0000000012374698
vn 0.82826596 0.56033516 -0.0000000012374698
vn 0.82826596 0.56033516 -0.0000000012374698
vn 0.82826596 0.56033516 -0.0000000012374698
vn 0.82826596 0.56033516 -0.0000000012374698
vn 0.82826596 0.56033516 -0.0000000012374698
vn 0.82826596 0.56033516 -0.0000000012374698
vn 0.82826596 0.56033516 -0.0000000012374698
vn 0.82826596 0.56033516 -0.0000000012374698
vn 0.82826596 0.56033516 -0.0000000012374698
vn 0.82826596 0.56033516 -0.0000000012374698
vn 0.82826596 0.56033516 -0.0000000012374698
vn 0.82826596 0.56033516 -0.0000000012374698
vn 0.82826596 0.56033516 -0.0000000012374698
vn 0.82826596 0.56033516 -0.0000000012374698
vn 0.82826596 0.56033516 -0.0000000012374698
vn 0.82826596 0.56033516 -0.0000000012374698
vn 0.17541339 -0.98449486 0.000000014138701
vn 0.14702651 -0.9891325 0.0000000053356217
vn 0.17541339 -0.98449486 0.000000014138701
vn 0.117806695 -0.99303657 0.0000000033059961
vn 0.117806695 -0.99303657 0.0000000033059961
vn 0.11222215 -0.99368316 -0.00000000731614
vn 0.099212915 -0.9950662 0.0000000002378372
vn 0.099212915 -0.9950662 0.0000000002378372
vn -0.00008551724 -1 0.0000000077718125
vn 0.060932267 -0.9981419 -0.0000000064122325
vn -0.00008551724 -1 0.0000000077718125
vn 0.2347647 -0.9720522 0.0000000021845066
vn 0.23799133 -0.9712673 0.000000011466665
vn 0.23799133 -0.9712673 0.000000011466665
vn 0.2524395 -0.9676127 -0.000000002886361
vn 0.2524395 -0.9676127 -0.000000002886361
vn 0.25258207 -0.9675755 -0.0000000108101235
vn 0.41835544 -0.9082834 0.000000015995825
vn 0.42968 -0.9029812 -0.000000018450264
vn 0.41778758 -0.9085447 0.000000005725057
vn 0.26137468 -0.96523744 -0.000000006234378
vn 0.26346996 -0.9646676 -0.000000008287328
vn 0.26137468 -0.96523744 -0.000000006234378
vn 0.2901409 -0.9569839 0.00000006315626
vn 0.2901409 -0.9569839 0.00000006315626
vn 0.30728227 -0.95161843 -0.000000010541132
vn 0.33323383 -0.9428442 -0.000000014582014
vn 0.356526 -0.9342854 0.00000000968287
vn 0.356526 -0.9342854 0.00000000968287
vn 0.3107866 -0.9504797 0.00000000289036
vn 0.3107866 -0.9504797 0.00000000289036
vn 0.3907912 -0.92047936 0.000000013670349
vn 0.41778758 -0.9085447 0.000000005725057
vn 0.36231813 -0.93205446 -0.0000000041703903
vn 0.060932267 -0.9981419 -0.0000000064122325
vn -0.00008551724 -1 0.0000000077718125
vn 0.18140882 -0.9834078 -0.000000028697357
vn 0.20045412 -0.97970307 0.0000000028052822
vn 0.20045412 -0.97970307 0.0000000028052822
vn 0.22249979 -0.97493273 0.000000040203748
vn 0.07388331 -0.9972669 -0.00000003975963
vn 0.14702651 -0.9891325 0.0000000053356217
vn 0.22249979 -0.97493273 0.000000040203748
vn 0.4365193 -0.8996949 0.0000000020943327
vn 0.4365193 -0.8996949 0.0000000020943327
vn 0.37148872 -0.9284375 -0.0000000047538555
vn 0.44020048 -0.8978995 -0.000000010339577
vn 0.33323383 -0.9428442 -0.000000014582014
vn 0.37148872 -0.9284375 -0.0000000047538555
vn 0.44673014 -0.89466876 0.000000040058058
vn 0.44522238 -0.89542 -0.000000004104098
vn 0.45866647 -0.8886085 0.000000006294121
vn 0.46920308 -0.88309026 -0.000000008544687
vn 0.4582933 -0.88880104 0.000000014103945
vn 0.4794206 -0.8775853 -0.000000015705236
vn 0.47679836 -0.8790127 -0.00000000252083
vn 0.47679824 -0.87901276 -0.000000006513584
vn 0.4692029 -0.8830904 0.000000013272127
vn 0.47222924 -0.8814758 0.000000016367464
vn 0.48859155 -0.87251264 0.000000007362845
vn 0.48623562 -0.87382776 0.00000000690118
vn 0.493951 -0.8694897 -0.0000000029004292
vn 0.48859155 -0.87251264 0.000000007362845
vn 0.5005837 -0.86568815 -0.0000000058882126
vn 0.5005837 -0.86568815 -0.0000000058882126
vn 0.44673014 -0.89466876 0.000000040058058
vn 0.45011845 -0.8929689 0.000000008929058
vn 0.55101913 -0.8344926 -0.0000000112431024
vn 0.5506562 -0.8347321 0.000000060941794
vn 0.5506562 -0.8347321 0.000000060941794
vn 0.50086504 -0.8655254 0.000000016482831
vn 0.5161266 -0.8565123 -0.000000040065842
vn 0.5231272 -0.8522546 -0.000000008077317
vn 0.5231272 -0.8522546 -0.000000008077317
vn 0.5266812 -0.8500629 -0.00000000074884027
vn 0.5311507 -0.84727734 0.000000004281182
vn 0.5311507 -0.84727734 0.000000004281182
vn 0.5434112 -0.83946663 -0.000000016609135
vn 0.5551079 -0.83177835 0.000000016626911
vn 0.5557142 -0.8313734 -0.0000000065173733
vn 0.5589678 -0.82918936 -0.0000000036219423
vn 0.54213214 -0.8402932 0.00000004020378
vn 0.5434112 -0.83946663 -0.000000016609135
vn 0.56033516 -0.82826596 -0.000000017496575
vn 0.56033516 -0.82826596 -0.000000017496575
vn 0.53778243 -0.8430836 -0.00000001602567
vn 0.53778243 -0.8430836 -0.00000001602567
vn 0.45099148 -0.89252824 -0.0000000067413057
vn 0.45099148 -0.89252824 -0.0000000067413057
vn 0.4582933 -0.88880104 0.000000014103945
vn 0.47679836 -0.8790127 -0.00000000252083
vn 0.46920308 -0.88309026 -0.000000008544687
vn 0.47679824 -0.87901276 -0.000000006513584
vn 0.4692029 -0.8830904 0.000000013272127
vn 0.5551079 -0.83177835 0.000000016626911
vn 0.56033516 -0.82826596 -0.000000017496575
vn 0.56033516 -0.82826596 -0.000000017496575
vn 0.56033516 -0.82826596 -0.000000017496575
vn 0.56033516 -0.82826596 -0.000000017496575
vn 0.5357305 -0.8443891 0.0000000044900608
vn 0.56033516 -0.82826596 -0.000000017496575
vn -0.10939614 -0.15662943 -0.9815802
vn -0.10778096 -0.15774523 -0.9815802
vn -0.2143261 -0.3136818 -0.92502326
vn -0.21753795 -0.31146294 -0.9250233
vn -0.31476852 -0.46068668 -0.8298726
vn -0.31948563 -0.45742795 -0.82987267
vn -0.40304673 -0.5898883 -0.6997036
vn -0.40908685 -0.58571565 -0.6997036
vn -0.474561 -0.6945547 -0.54072696
vn -0.48167285 -0.68964165 -0.540727
vn -0.52556896 -0.76920855 -0.36344945
vn -0.5334452 -0.7637674 -0.3634495
vn -0.5549727 -0.81224316 -0.17962831
vn -0.56328964 -0.80649763 -0.17962831
vn -0.10999384 -0.15621027 -0.9815802
vn -0.2187265 -0.31062937 -0.9250233
vn -0.32123116 -0.4562038 -0.82987267
vn -0.41132194 -0.5841482 -0.6997036
vn -0.48430458 -0.687796 -0.540727
vn -0.5363597 -0.7617235 -0.3634495
vn -0.56636727 -0.80433935 -0.17962831
vn 0.000000000000012229917 -0.0000000077718125 -1
vn -0.00000000000000031110363 -0.0000000077718125 -1
vn -0.034651782 -0.18788055 -0.98158044
vn 0.000000000000017621177 -0.0000000077718125 -1
vn -0.0000000000000040803402 -0.0000000077718125 -1
vn -0.044859417 -0.18570857 -0.9815803
vn -0.000000000000011587959 -0.0000000077718125 -1
vn -0.058713004 -0.18180433 -0.9815803
vn 0.000000000000013654581 -0.0000000077718125 -1
vn 0.000000000000015103151 -0.0000000077718125 -1
vn -0.069213174 -0.17807165 -0.9815804
vn -0.00000000000000034233257 -0.0000000077718125 -1
vn -0.01512806 -0.24787872 -0.96867293
vn -0.024637207 -0.24710883 -0.9686745
vn -0.027867598 -0.24677078 -0.9686731
vn -0.049784657 -0.24329615 -0.9686736
vn -0.058312118 -0.24139944 -0.9686723
vn -0.059111204 -0.2411976 -0.9686741
vn -0.043551438 -0.24448495 -0.96867454
vn -0.045043375 -0.24422373 -0.9686722
vn -0.062692024 -0.24029818 -0.9686725
vn -0.036516376 -0.24564315 -0.9686723
vn -0.08275719 -0.23414797 -0.9686723
vn -0.077186316 -0.23603363 -0.96867454
vn -0.07631871 -0.23632047 -0.96867335
vn -0.07205113 -0.23765923 -0.9686727
vn -0.065429725 -0.23956233 -0.96867377
vn -0.088526584 -0.2320173 -0.9686749
vn -0.089969106 -0.23147236 -0.96867234
vn -0.06490999 -0.23970382 -0.9686737
vn -0.08208397 -0.17251831 -0.9815802
vn -0.000000000000010748223 -0.0000000077718125 -1
vn -0.018348757 -0.24766624 -0.9686716
vn -0.0970462 -0.22858447 -0.96867496
vn -0.111757025 -0.22177556 -0.9686723
vn -0.1109321 -0.2221759 -0.9686754
vn -0.110571146 -0.22235624 -0.96867526
vn -0.10669354 -0.22424102 -0.9686756
vn -0.108399004 -0.22344352 -0.96867055
vn -0.09568542 -0.165362 -0.9815802
vn 0.00000000000006761212 -0.0000000077718125 -1
vn -0.10376057 -0.22562666 -0.96867245
vn -0.10356972 -0.16054167 -0.9815802
vn 0.0000000000000016353716 -0.0000000077718125 -1
vn -0.13079639 -0.21109298 -0.96867543
vn -0.13189529 -0.21041816 -0.9686732
vn -0.11382523 -0.2207129 -0.9686742
vn -0.13786252 -0.20656775 -0.9686711
vn -0.1368362 -0.20723063 -0.968675
vn -0.12816954 -0.21270308 -0.96867436
vn -0.12991957 -0.21164465 -0.96867305
vn -0.103902295 -0.2255607 -0.96867263
vn -0.109335795 -0.22298618 -0.96867067
vn -0.11391612 -0.22066534 -0.9686743
vn -0.11906296 -0.21793205 -0.9686742
vn -0.118430965 -0.2182805 -0.96867317
vn -0.116497576 -0.21931887 -0.9686731
vn -0.092261344 -0.23057063 -0.9686718
vn -0.13462175 -0.2086749 -0.96867526
vn -0.13493934 -0.20847867 -0.96867335
vn -0.13674796 -0.20728946 -0.9686749
vn -0.124379 -0.21494947 -0.9686726
vn -0.120747656 -0.21701032 -0.9686726
vn -0.13356128 -0.20936781 -0.9686726
vn -0.12430824 -0.2149902 -0.96867263
vn -0.122668356 -0.21592385 -0.968674
vn -0.111983135 -0.22166649 -0.96867114
vn -0.13801324 -0.20646147 -0.9686723
vn -0.12134544 -0.21667574 -0.96867275
vn 0.00002095792 -0.24833883 -0.9686732
vn -0.02925582 -0.24661057 -0.968673
vn -0.055251848 -0.24212027 -0.9686718
vn -0.06272767 -0.24028882 -0.9686726
vn -0.11726926 -0.21891339 -0.9686717
vn -0.13304801 -0.20969898 -0.96867156
vn -0.000000000000010258351 -0.0000000077718125 -1
vn -0.13880633 -0.2059149 -0.9686753
vn -0.13915308 -0.20569062 -0.9686732
vn -0.2775349 -0.4102412 -0.8687212
vn -0.0000000000000009278905 -0.0000000077718125 -1
vn 0.000000000000023033814 -0.0000000077718125 -1
vn -0.04939837 -0.070104964 -0.9963158
vn -0.33990532 -0.5024347 -0.79499924
vn -0.39621705 -0.5856725 -0.70710665
vn -0.36673373 -0.5204557 -0.771124
vn -0.2744779 -0.38952994 -0.87916344
vn -0.153059 -0.21721697 -0.9640486
vn -0.02435129 -0.034558795 -0.99910593
vn -0.100929946 -0.14323711 -0.9845285
vn -0.07498535 -0.1064173 -0.99149007
vn -0.12702788 -0.18027443 -0.9753794
vn -0.20401049 -0.28952545 -0.9351763
vn -0.17879541 -0.25374115 -0.95060384
vn -0.22848855 -0.3242637 -0.91795754
vn -0.25203374 -0.3576781 -0.8991915
vn -0.31555966 -0.44783148 -0.83658177
vn -0.29568604 -0.4196276 -0.8581855
vn -0.33403742 -0.47405437 -0.8146726
vn -0.35109344 -0.49825957 -0.7927615
vn -0.4669012 -0.6626099 -0.5856205
vn -0.3809915 -0.54068977 -0.75000006
vn -0.0000000000000014686495 -0.0000000077718125 -1
vn -0.5596606 -0.827268 -0.049067672
vn -0.56495833 -0.82511944 -0.000000009073252
vn -0.5576374 -0.82427734 -0.09801708
vn -0.56016684 -0.8280162 -0.024541205
vn -0.5495689 -0.8123508 -0.19509022
vn -0.51768255 -0.7652178 -0.38268328
vn -0.5691062 -0.822264 0.0000000035420915
vn -0.5708698 -0.8210406 0.0000000024263498
vn -0.5603356 -0.82826567 0.0000000024671951
vn -0.56092125 -0.8278692 0.000000008398275
vn -0.5678309 -0.8231452 0.000000009073252
vn -0.5721795 -0.8201284 -0.0000000024271418
vn -0.572728 -0.8197455 0.0000000024271418
vn -0.57318115 -0.8194287 0.0000000046616866
vn -0.5736159 -0.8191244 0.0000000028828957
vn -0.5739645 -0.8188802 -0.000000011295502
vn -0.5742961 -0.8186476 0.000000011295502
vn -0.57484597 -0.8182616 0.000000011295502
vn -0.5750849 -0.8180937 -0.0000000063940377
vn -0.5745638 -0.8184598 -0.000000011295502
vn -0.528929 -0.7506375 -0.39595142
vn -0.57528067 -0.8179561 0.00000000395758
vn -0.5754388 -0.8178448 0.000000059468046
vn -0.5758973 -0.81752205 -0.96867293
vn -0.5755298 -0.8177808 0.0000000045323914
vn -0.57561487 -0.81772095 -0.000000010056006
vn -0.575694 -0.8176652 -0.0000000025272013
vn -0.5757674 -0.81761354 0.0000000025272013
vn -0.5758351 -0.81756586 0.000000007881992
vn -0.5759539 -0.8174822 0.96867293
vn -0.57600504 -0.8174462 0.000000008507519
vn -0.5760061 -0.8174454 0.0000000008086779
vn -0.57595414 -0.817482 -0.000000007101045
vn -0.5760061 -0.8174454 0.0000000008086779
vn -0.5758969 -0.81752235 0.0000000019648974
vn -0.5760061 -0.8174454 0.0000000008086779
vn -0.5758344 -0.81756634 0.0000000057422818
vn -0.57576656 -0.81761414 -0.0000000057422818
vn -0.5760061 -0.8174454 0.0000000008086779
vn -0.5756935 -0.8176656 0.0000000037245842
vn -0.5754425 -0.81784225 0.00000000072339545
vn -0.5756151 -0.8177208 0.0000000019222561
vn -0.5755314 -0.81777966 0.00000001679732
vn -0.5754425 -0.81784225 0.00000000072339545
vn -0.57527924 -0.8179571 -0.00000000072339545
vn -0.5750797 -0.8180974 0.00000000072339545
vn -0.5748437 -0.81826323 -0.000000007101892
vn -0.5745714 -0.81845444 -0.00000000072339545
vn -0.5760061 -0.8174454 0.0000000008086779
vn -0.5760061 -0.8174454 0.0000000008086779
vn -0.5760061 -0.8174454 0.0000000008086779
vn -0.5745714 -0.81845444 0.000000007101892
vn -0.5742997 -0.8186452 0.000000007524714
vn -0.57396257 -0.8188816 -0.000000007524714
vn -0.57396257 -0.8188816 0.00000000072339545
vn -0.57360715 -0.81913054 -0.000000016947832
vn -0.5731839 -0.8194268 0.000000013220529
vn -0.5731839 -0.8194268 0.000000013220529
vn -0.5727361 -0.8197398 -0.000000013220529
vn -0.5721798 -0.8201282 -0.000000013220529
vn -0.5721798 -0.8201282 0.000000013220529
vn -0.5708639 -0.8210447 -0.000000004852782
vn -0.5690985 -0.8222694 0.0000000018220905
vn -0.5690985 -0.8222694 0.0000000018220905
vn -0.56783736 -0.82314074 -0.0000000018220905
vn -0.56783736 -0.82314074 -0.0000000018220905
vn -0.5708639 -0.8210447 -0.000000004852782
vn -0.56496376 -0.82511574 0.000000007101045
vn -0.56091535 -0.8278732 -0.000000016704917
vn -0.56091535 -0.8278732 -0.000000016704917
vn -0.56496376 -0.82511574 0.000000007101045
vn -0.56035024 -0.8282558 -0.000000016196283
vn -0.56035024 -0.8282558 -0.000000016196283
vn -0.56035024 -0.8282558 -0.000000016196283
vn -0.56783736 -0.82314074 -0.0000000018220905
vn -0.5690985 -0.8222694 0.0000000018220905
vn -0.56496376 -0.82511574 0.000000007101045
vn -0.56035024 -0.8282558 -0.000000016196283
vn -0.56091535 -0.8278732 -0.000000016704917
vn -0.56035024 -0.8282558 -0.000000016196283
vn -0.56035024 -0.8282558 -0.000000016196283
vn -0.56035024 -0.8282558 -0.000000016196283
vn 0.6286706 -0.44298756 -0.6391677
vn 0.6054861 -0.42665076 -0.6718301
vn 0.6559307 -0.46219617 -0.596766
vn 0.54918444 -0.38697824 -0.74070525
vn 0.39976487 -0.281691 -0.8722604
vn 0.35374308 -0.24926215 -0.90151775
vn 0.42233613 -0.29759568 -0.8561945
vn 0.48782358 -0.34374088 -0.8024153
vn 0.5224847 -0.3681645 -0.76906735
vn 0.26723412 -0.18830433 -0.9450542
vn 0.2831035 -0.19948654 -0.9381138
vn 0.814522 -0.57394624 -0.084496096
vn 0.8174454 -0.5760061 0.0000000032949026
vn 0.8053987 -0.5675176 -0.17104603
vn 0.8174454 -0.5760061 0.0000000032949026
vn 0.8067337 -0.56845826 -0.16135648
vn 0.78961974 -0.55639905 -0.25869045
vn 0.6998922 -0.4931733 -0.51665366
vn 0.7369415 -0.5192797 -0.43274215
vn 0.7130252 -0.50242734 -0.4890417
vn 0.7725302 -0.544357 -0.32691374
vn 0.7668568 -0.5403593 -0.34632716
vn 0.2114653 -0.14900732 -0.96596026
vn -0.0000000000012664234 -0.0000000077718125 -1
vn 0.06907091 -0.048670236 -0.99642384
vn -0.000000000001285591 -0.0000000077718125 -1
vn 0.13982077 -0.098523565 -0.98526305
vn -0.0000000000013047586 -0.0000000077718125 -1
vn 0.13190007 -0.0929423 -0.9868962
vn 0.8174454 -0.5760061 0.0000000032949026
vn 0.0000000000000011261775 -0.16135639 -0.9868962
vn 0.00000000000000821621 -0.3269137 -0.9450542
vn 0.000000000000007712379 -0.25869048 -0.96596026
vn 0.0000000000000021033139 -0.08449609 1
vn 0 -0.0000000077718125 -1
vn 0.000000000000007909262 -0.17104602 -0.98526305
vn 0.000000000000009870751 -0.48904172 -0.8722604
vn 0.0000000000000084952255 -0.6391677 -0.76906735
vn 0.000000000000012159629 -0.596766 -0.8024153
vn 0.000000000000011267636 -0.43274215 -0.90151775
vn 0 -0.0000000077718125 -1
vn 0.00000000000003703559 -0.76906735 -0.6391677
vn 0.000000000000029344972 -0.6718301 -0.74070525
vn 0.000000000000014347213 -0.8722604 -0.48904175
vn 0.000000000000033652968 -0.8024153 -0.596766
vn 0.00000000000003424936 -0.9868962 -0.1613564
vn 0.00000000000002842171 -1 0.0000000077718125
vn 0.000000000000047572203 -0.98526305 -0.171046
vn 0.00000000000002842171 -1 0.0000000077718125
vn 0.000000000000051418237 -0.96596026 -0.25869048
vn 0.000000000000033878357 -0.9450542 -0.32691374
vn 0.000000000000020727511 -0.90151775 -0.43274212
vn 0.000000000000018410192 -0.51665366 -0.8561945
vn 0.0000000000000022552278 -0.3463271 -0.9381138
vn 0.000000000000028541548 -0.74070525 -0.6718301
vn 0.000000000000022081776 -0.8561945 -0.51665366
vn 0.00000000000002254027 -0.9381138 -0.34632707
vn 0.000000000000024448373 -0.99642384 0.171046
vn 0.00000000000002842171 -1 0.0000000077718125
vn 0.000000000000042632564 -1 0.0000000077718125
vn 0.000000000000046185278 -1 0.0000000077718125
vn -0.000000000000014210855 -1 0.0000000077718125
vn 0.00000000000005684342 -1 0.0000000077718125
vn 0.000000000000035527137 -1 0.0000000077718125
vn 0 -1 0.0000000077718125
vn -0.000000000000014210855 -1 0.0000000077718125
vn 0 -1 0.0000000077718125
vn -0.00000000000005684342 -1 0.0000000077718125
vn 0 -1 0.0000000077718125
vn -0.00000000000005684342 -1 0.0000000077718125
vn -0.00000000000011368684 -1 0.0000000077718125
vn 0 -1 0.0000000077718125
vn 0 -1 0.0000000077718125
vn 0 -1 0.0000000077718125
vn 0 -1 0.0000000077718125
vn 0 -1 0.0000000077718125
vn 0 -1 0.0000000077718125
vn 0 -1 0.0000000077718125
vn 0 -1 0.0000000077718125
vn 0 -1 0.0000000077718125
vn 0 -1 0.0000000077718125
vn 0 -1 0.0000000077718125
vn 0 -1 0.0000000077718125
vn 0 -1 0.0000000077718125
vn 0 -1 0.0000000077718125
vn 0 -1 0.0000000077718125
vn 0 -1 0.0000000077718125
vn 0 -1 0.0000000077718125
vn 0 -1 0.0000000077718125
vn 0.00000000000005684342 1 -0.0000000077718125
vn 0 1 -0.0000000077718125
vn 0.00000000000005684342 1 -0.0000000077718125
vn 0.00000000000005684342 1 -0.0000000077718125
vn 0 1 -0.0000000077718125
vn 0 1 -0.0000000077718125
vn -0.00000000000005684342 1 -0.0000000077718125
vn 0 1 -0.0000000077718125
vn 0 1 -0.0000000077718125
vn 0 1 -0.0000000077718125
vn 1 -0.00000000000005684342 0.0000000000000000000004417764
vn 1 -0.00000000000005684342 0.0000000000000000000004417764
vn 1 -0.00000000000005684342 0.0000000000000000000004417764
vn 1 0 0
vn 1 0 0
vn 1 -0.00000000000011368684 0.0000000000000000000008835528
vn 1 -0.00000000000011368684 0.0000000000000000000008835528
vn 1 0.00000000000011368684 -0.0000000000000000000008835528
vn 1 0.00000000000005684342 -0.0000000000000000000004417764
vn 1 0.00000000000005684342 -0.0000000000000000000004417764
vn -0.0000000000000006657295 0.36809474 -0.9297883
vn 0 -0.0000000077718125 -1
vn -0.0000000000000006630105 0.36809462 -0.92978835
vn -0.00000000000000689361 0.9297883 -0.36809474
vn -0.0000000000000022024036 0.70710677 -0.70710677
vn -0.00000000000000330609 0.7071067 -0.7071069
vn -0.0000000000000068936094 0.9297883 -0.36809474
vn -0.000000000000008881784 1 -0.0000000077718125
vn -0.000000000000008881784 1 -0.0000000077718125
vn -0.000000000000008881784 1 -0.0000000077718125
vn 0.3680946 -0.000000013120128 -0.92978835
vn 0.3966787 0.000000006261704 -0.91795754
vn 0.43755528 -0.0000000144761545 -0.8991915
vn 0.4765204 -0.0000000027913198 -0.87916344
vn 0.3541825 0.000000005763366 -0.9351763
vn 0.22053336 -0.000000010233817 -0.9753794
vn -0.000000000000062587515 -0.0000000077718125 -1
vn 0.17522478 0.000000028410005 -0.9845285
vn 0.2657259 0.0000000025591103 -0.9640486
vn 0.31040674 -0.00000000083149887 -0.95060384
vn -0.000000000000049568077 -0.0000000077718125 -1
vn 0.13018234 -0.0000000064314674 -0.99149007
vn 0.51333964 0.0000000123151 -0.8581855
vn 0.8105853 -0.000000014075358 -0.5856206
vn 0.7071067 -0.0000000054340026 -0.7071069
vn 0.6614378 0.000000016522883 -0.75
vn 0.9182715 0.0000000045187867 -0.3959514
vn 0.9297883 0.000000007547412 -0.36809477
vn 0.63668495 0.000000064114175 -0.771124
vn 0.5478421 0.000000005568661 -0.83658177
vn 0.60953194 -0.000000015638522 -0.7927615
vn 0.5799212 0.000000014145652 -0.8146726
vn 1 0.00000000000000000000049810233 -0.00000000000025254866
vn 1 0 0
vn -0.000000000000043058354 -0.0000000077718125 -1
vn 0.08576075 0.000000014945268 -0.9963158
vn -0.000000000000023529191 -0.0000000077718125 -1
vn -0.00000000000001701947 -0.0000000077718125 -1
vn 0.04227642 0.0000000035845642 -0.99910593
vn -0.000000000000036548635 -0.0000000077718125 -1
vn -0.000000000000030038912 -0.0000000077718125 -1
vn -0.00000000000006909724 -0.0000000077718125 -1
vn -0.000000000000056077796 -0.0000000077718125 -1
vn -0.00000000000008211668 -0.0000000077718125 -1
vn -0.00000000000007560696 -0.0000000077718125 -1
vn -0.0000000000000886264 -0.0000000077718125 -1
vn -0.000000000000095136125 -0.0000000077718125 -1
vn 1 -0.00000000000000000000049810233 0.00000000000025254866
vn 0 -0.0000000077718125 -1
vn 0 -0.0000000077718125 -1
vn 0 -0.0000000077718125 -1
vn 0 -0.0000000077718125 -1
vn 0 -0.0000000077718125 -1
vn 0 -0.0000000077718125 -1
vn 0 -0.0000000077718125 -1
vn 0 -0.0000000077718125 -1
vn 0 -0.0000000077718125 -1
vn 0 -0.0000000077718125 -1
vn 0 -0.0000000077718125 -1
vn 0 -0.0000000077718125 -1
vn 0 -0.0000000077718125 -1
vn 0 -0.0000000077718125 -1
vn 0 -0.0000000077718125 -1
vn 0 -0.0000000077718125 -1
vn 0 -0.0000000077718125 -1
vn 0 -0.0000000077718125 -1
vn 0 -0.0000000077718125 -1
vn 0 -0.0000000077718125 -1
vn 0 -0.0000000077718125 -1
vn 0 -0.0000000077718125 -1
vn 0 -0.0000000077718125 -1
vn 0 -0.0000000077718125 -1
vn 0 -0.0000000077718125 -1
vn 0 -0.0000000077718125 -1
vn 0 -0.0000000077718125 -1
vn 0 -0.0000000077718125 -1
vn 0 -0.0000000077718125 -1
vn 0 -0.0000000077718125 -1
vn 0 -0.0000000077718125 -1
vn 0 -0.0000000077718125 -1
vn 0 -0.0000000077718125 -1
vn 0 -0.0000000077718125 -1
vn 0 -0.0000000077718125 -1
vn 0 -0.0000000077718125 -1
vn 0 -0.0000000077718125 -1
vn 0 -0.0000000077718125 -1
vn 0 -0.0000000077718125 -1
vn 0 -0.0000000077718125 -1
vn 0 -0.0000000077718125 -1
vn 0 -0.0000000077718125 -1
vn 0 -0.0000000077718125 -1
vn 0 -0.0000000077718125 -1
vn 0 -0.0000000077718125 -1
vn 0 -0.0000000077718125 -1
vn 0 -0.0000000077718125 -1
vn 0 -0.0000000077718125 -1
vn 0 -0.0000000077718125 -1
vn 0 -0.0000000077718125 -1
vn 0 -0.0000000077718125 -1
vn 0 -0.0000000077718125 -1
vn 0 -0.0000000077718125 -1
vn 0 -0.0000000077718125 -1
vn 0 -0.0000000077718125 -1
vn 0 -0.0000000077718125 -1
vn 0 -0.0000000077718125 -1
vn 0 -0.0000000077718125 -1
vn 0 -0.0000000077718125 -1
vn 0 -0.0000000077718125 -1
vn 0 -0.0000000077718125 -1
vn 0 -0.0000000077718125 -1
vn 0 -0.0000000077718125 -1
vn 0 -0.0000000077718125 -1
vn 0 -0.0000000077718125 -1
vn 0 -0.0000000077718125 -1
vn 0 -0.0000000077718125 -1
vn 0 -0.0000000077718125 -1
vn 0 -0.0000000077718125 -1
vn 0 -0.0000000077718125 -1
vn 0 -0.0000000077718125 -1
vn 0 -0.0000000077718125 -1
vn 0 -0.0000000077718125 -1
vn 0 -0.0000000077718125 -1
vn 0 -0.0000000077718125 -1
vn 0 -0.0000000077718125 -1
vn 0 -0.0000000077718125 -1
vn 0 -0.0000000077718125 -1
vn 0 -0.0000000077718125 -1
vn 0 -0.0000000077718125 -1
vn 0 -0.0000000077718125 -1
vn 0 -0.0000000077718125 -1
vn 0 -0.0000000077718125 -1
vn 0 -0.0000000077718125 -1
vn 0 -0.0000000077718125 -1
vn 0 -0.0000000077718125 -1
vn 0 -0.0000000077718125 -1
vn 0 -0.0000000077718125 -1
vn 0 -0.0000000077718125 -1
vn 0 -0.0000000077718125 -1
vn 0 -0.0000000077718125 -1
vn 0 -0.0000000077718125 -1
vn 0 -0.0000000077718125 -1
vn 0 -0.0000000077718125 -1
vn 0 -0.0000000077718125 -1
vn 0 -0.0000000077718125 -1
vn 0 -0.0000000077718125 -1
vn 0 -0.0000000077718125 -1
vn 0 -0.0000000077718125 -1
vn 0 -0.0000000077718125 -1
vn 0 -0.0000000077718125 -1
vn 0 -0.0000000077718125 -1
vn 0 -0.0000000077718125 -1
vn 0 -0.0000000077718125 -1
vn 0 -0.0000000077718125 -1
vn 0 -0.0000000077718125 -1
vn 0 -0.0000000077718125 -1
vn 0 -0.0000000077718125 -1
vn 0 -0.0000000077718125 -1
vn 0 -0.0000000077718125 -1
vn 0 -0.0000000077718125 -1
vn 0 -0.0000000077718125 -1
vn 0 -0.0000000077718125 -1
vn 0 -0.0000000077718125 -1
vn 0 -0.0000000077718125 -1
vn 0 -0.0000000077718125 -1
vn 0 -0.0000000077718125 -1
vn 0 -0.0000000077718125 -1
vn 0 -0.0000000077718125 -1
vn 0 -0.0000000077718125 -1
vn 0 -0.0000000077718125 -1
vn 0 -0.0000000077718125 -1
vn 0 -0.0000000077718125 -1
vn 0 -0.0000000077718125 -1
vn 0 -0.0000000077718125 -1
vn 0 -0.0000000077718125 -1
vn 0 -0.0000000077718125 -1
vn 0 -0.0000000077718125 -1
vn 0 -0.0000000077718125 -1
vn 0 -0.0000000077718125 -1
vn 0 -0.0000000077718125 -1
vn 0 -0.0000000077718125 -1
vn 0 -0.0000000077718125 -1
vn 0 -0.0000000077718125 -1
vn 0 -0.0000000077718125 -1
vn 0 -0.0000000077718125 -1
vn 0 -0.0000000077718125 -1
vn 0 -0.0000000077718125 -1
vn 0 -0.0000000077718125 -1
vn 0 -0.0000000077718125 -1
vn 0 -0.0000000077718125 -1
vn 0 -0.0000000077718125 -1
vn 0 -0.0000000077718125 -1
vn 0 -0.0000000077718125 -1
vn 0 -0.0000000077718125 -1
vn 0 -0.0000000077718125 -1
vn 0 -0.0000000077718125 -1
vn 0 -0.0000000077718125 -1
vn 0 -0.0000000077718125 -1
vn 0 -0.0000000077718125 -1
vn 0 -0.0000000077718125 -1
vn 0 -0.0000000077718125 -1
vn 0 -0.0000000077718125 -1
vn 0 -0.0000000077718125 -1
vn 0 -0.0000000077718125 -1
vn 0 -0.0000000077718125 -1
vn 0 -0.0000000077718125 -1
vn 0 -0.0000000077718125 -1
vn 0 -0.0000000077718125 -1
vn 0 -0.0000000077718125 -1
vn 0 -0.0000000077718125 -1
vn 0 -0.0000000077718125 -1
vn 0 -0.0000000077718125 -1
vn 0 -0.0000000077718125 -1
vn 0 -0.0000000077718125 -1
vn 0 -0.0000000077718125 -1
vn 0 -0.0000000077718125 -1
vn 0 -0.0000000077718125 -1
vn 0 -0.0000000077718125 -1
vn 0 -0.0000000077718125 -1
vn 0 -0.0000000077718125 -1
vn 0 -0.0000000077718125 -1
vn 0 -0.0000000077718125 -1
vn 0 -0.0000000077718125 -1
vn 0 -0.0000000077718125 -1
vn 0 -0.0000000077718125 -1
vn 0 -0.0000000077718125 -1
vn 0 -0.0000000077718125 -1
vn 0 -0.0000000077718125 -1
vn 0 -0.0000000077718125 -1
vn 0 -0.0000000077718125 -1
vn 0 -0.0000000077718125 -1
vn 0 -0.0000000077718125 -1
vn 0 -0.0000000077718125 -1
vn 0 -0.0000000077718125 -1
vn 0 -0.0000000077718125 -1
vn 0 -0.0000000077718125 -1
vn 0 -0.0000000077718125 -1
vn 0 -0.0000000077718125 -1
vn 0 -0.0000000077718125 -1
vn 0 -0.0000000077718125 -1
vn 0 -0.0000000077718125 -1
vn 0 -0.0000000077718125 -1
vn 0 -0.0000000077718125 -1
vn 0 -0.0000000077718125 -1
vn 0 -0.0000000077718125 -1
vn 0 -0.0000000077718125 -1
vn 0 -0.0000000077718125 -1
vn 0 -0.0000000077718125 -1
vn 0 -0.0000000077718125 -1
vn 0 -0.0000000077718125 -1
vn 0 -0.0000000077718125 -1
vn 0 -0.0000000077718125 -1
vn 0 -0.0000000077718125 -1
vn 0 -0.0000000077718125 -1
vn 0 -0.0000000077718125 -1
vn 0 -0.0000000077718125 -1
vn 0 -0.0000000077718125 -1
vn 0 -0.0000000077718125 -1
vn 0 -0.0000000077718125 -1
vn 0 -0.0000000077718125 -1
vn 0 -0.0000000077718125 -1
vn 0 -0.0000000077718125 -1
vn 0 -0.0000000077718125 -1
vn -0.70710677 0.7071068 -0.000000009426757
vn -0.70710677 0.7071068 -0.000000009426757
vn -0.70710677 0.7071068 -0.000000009426757
vn -0.70710677 0.7071068 -0.000000009426757
vn -0.70710677 0.7071068 -0.000000009426757
vn -0.70710677 0.7071068 -0.000000009426757
vn -0.70710677 0.7071068 -0.000000009426757
vn -0.70710677 0.7071068 -0.000000009426757
vn -0.70710677 0.7071068 -0.000000009426757
vn -0.70710677 0.7071068 -0.000000009426757
vn -0.70710677 0.7071068 -0.000000009426757
vn -0.70710677 0.7071068 -0.000000009426757
vn -0.70710677 0.7071068 -0.000000009426757
vn -0.70710677 0.7071068 -0.000000009426757
vn -0.70710677 0.7071068 -0.000000009426757
vn -0.70710677 0.7071068 -0.000000009426757
vn -0.70710677 0.7071068 -0.000000009426757
vn -0.70710677 0.7071068 -0.000000009426757
vn -0.70710677 0.7071068 -0.000000009426757
vn -0.70710677 0.7071068 -0.000000009426757
vn -0.70710677 0.7071068 -0.000000009426757
vn -0.70710677 0.7071068 -0.000000009426757
vn -0.70710677 0.7071068 -0.000000009426757
vn -0.70710677 0.7071068 -0.000000009426757
vn -0.70710677 0.7071068 -0.000000009426757
vn -0.70710677 0.7071068 -0.000000009426757
vn -0.70710677 0.7071068 -0.000000009426757
vn -0.70710677 0.7071068 -0.000000009426757
vn -0.70710677 0.7071068 -0.000000009426757
vn -0.70710677 0.7071068 -0.000000009426757
vn -0.70710677 0.7071068 -0.000000009426757
vn -0.70710677 0.7071068 -0.000000009426757
vn -0.70710677 0.7071068 -0.000000009426757
vn -0.70710677 0.7071068 -0.000000009426757
vn -0.5666346 0.8239692 -0.000000011134277
vn -0.39717734 0.9177419 0.000000040413266
vn -0.39717734 0.9177419 0.000000040413266
vn 0 1 -0.0000000077718125
vn -0.20490947 0.9787809 0.00000000551022
vn -0.000000000000063137165 1 -0.0000000077718125
vn 0.20490947 0.9787809 0.00000000551022
vn 0.20490947 0.9787809 0.00000000551022
vn 0.39717734 0.9177419 0.000000040413266
vn 0.5666346 0.8239692 -0.000000011134277
vn 0.5666346 0.8239692 -0.000000011134277
vn 0.39717734 0.9177419 0.000000040413266
vn 0.70710677 0.7071068 -0.000000009426757
vn 0.70710677 0.7071068 -0.000000009426757
vn 0.8239692 0.5666346 -0.0000000050178874
vn 0.9787809 0.20490947 0.0000000007034277
vn 1 -0.00000000000030451176 0.000000000000000000003589274
vn 1 0 0
vn 0.9177419 0.3971773 0.000000005189567
vn 0.9787809 0.20490947 0.0000000007034277
vn 0.9177419 0.3971773 0.000000005189567
vn 0.8239692 0.5666346 -0.0000000050178874
vn 0.9787809 -0.20490947 -0.0000000007034277
vn 0.9787809 -0.20490947 -0.0000000007034277
vn 0.9177419 -0.3971773 -0.000000005189567
vn 0.8239692 -0.5666346 0.0000000050178874
vn 0.8239692 -0.5666346 0.0000000050178874
vn 0.9177419 -0.3971773 -0.000000005189567
vn 0.70710677 -0.7071068 0.000000009426757
vn -0.5666346 0.8239692 -0.000000011134277
vn -0.39717734 0.9177419 0.000000040413266
vn -0.20490947 0.9787809 0.00000000551022
vn -0.0000000000000019174162 1 -0.0000000077718125
vn 0.70710677 0.7071068 -0.000000009426757
vn 0.9787809 -0.20490947 -0.0000000007034277
vn 1 0.00000000000059076176 -0.000000000000000000007781016
vn 0.70710677 -0.7071068 0.000000009426757
vn 0.70710677 -0.7071068 0.000000009426757
vn 0.70710677 -0.7071068 0.000000009426757
vn 0.70710677 -0.7071068 0.000000009426757
vn 0.70710677 -0.7071068 0.000000009426757
vn 0.70710677 -0.7071068 0.000000009426757
vn 0.70710677 -0.7071068 0.000000009426757
vn 0.70710677 -0.7071068 0.000000009426757
vn 0.70710677 -0.7071068 0.000000009426757
vn 0.70710677 -0.7071068 0.000000009426757
vn 0.70710677 -0.7071068 0.000000009426757
vn 0.70710677 -0.7071068 0.000000009426757
vn 0.70710677 -0.7071068 0.000000009426757
vn 0.70710677 -0.7071068 0.000000009426757
vn 0.70710677 -0.7071068 0.000000009426757
vn 0.70710677 -0.7071068 0.000000009426757
vn 0.70710677 -0.7071068 0.000000009426757
vn 0.70710677 -0.7071068 0.000000009426757
vn 0.70710677 -0.7071068 0.000000009426757
vn 0.70710677 -0.7071068 0.000000009426757
vn 0.70710677 -0.7071068 0.000000009426757
vn 0.70710677 -0.7071068 0.000000009426757
vn 0.70710677 -0.7071068 0.000000009426757
vn 0.70710677 -0.7071068 0.000000009426757
vn 0.70710677 -0.7071068 0.000000009426757
vn 0.70710677 -0.7071068 0.000000009426757
vn 0.70710677 -0.7071068 0.000000009426757
vn 0.70710677 -0.7071068 0.000000009426757
vn 0.70710677 -0.7071068 0.000000009426757
vn 0.70710677 -0.7071068 0.000000009426757
vn 0.70710677 -0.7071068 0.000000009426757
vn 0.70710677 -0.7071068 0.000000009426757
vn 0.70710677 -0.7071068 0.000000009426757
vn 0.70710677 -0.7071068 0.000000009426757
vn 0.5666346 -0.8239692 0.000000011134277
vn 0.5666346 -0.8239692 0.000000011134277
vn 0.39717734 -0.9177419 -0.000000040413266
vn 0.20490947 -0.9787809 -0.00000000551022
vn -0.20490947 -0.9787809 -0.00000000551022
vn -0.20490947 -0.9787809 -0.00000000551022
vn 0 -1 0.0000000077718125
vn 0.00000000000006321951 -1 0.0000000077718125
vn 0.20490947 -0.9787809 -0.00000000551022
vn -0.39717734 -0.9177419 0.00000000551022
vn -0.70710677 -0.7071068 0.000000009426757
vn -0.70710677 -0.7071068 0.000000009426757
vn -0.8239692 -0.5666346 0.0000000050178874
vn -0.8239692 -0.5666346 0.0000000050178874
vn -0.9177419 -0.3971773 0.0000000007034277
vn -0.9177419 -0.3971773 -0.0000000050178874
vn -0.39717734 -0.9177419 -0.000000011134277
vn -0.5666346 -0.8239692 0.000000011134277
vn -0.5666346 -0.8239692 0.000000011134277
vn -0.9787809 -0.20490947 -0.0000000007034277
vn -1 0.00000000000008510467 0.0000000000000000000005758203
vn -1 0.00000000000074556404 0.000000000000000000008183968
vn -0.9787809 -0.20490947 -0.0000000007034277
vn -0.9787809 0.20490947 0.0000000007034277
vn -0.9787809 0.20490947 0.0000000007034277
vn -0.9177419 0.3971773 0.000000005189567
vn -0.9177419 0.3971773 0.000000005189567
vn -0.8239692 0.5666346 -0.0000000050178874
vn -0.8239692 0.5666346 -0.0000000050178874
vn 0.70710677 -0.7071068 0.000000009426757
vn 0.5666346 -0.8239692 0.000000011134277
vn 0.39717734 -0.9177419 -0.000000040413266
vn 0.20490947 -0.9787809 -0.00000000551022
vn 0.0000000000002997359 -1 0.0000000077718125
vn -0.20490947 -0.9787809 -0.00000000551022
vn -0.70710677 -0.7071068 0.000000009426757
vn -1 -0.00000000000012627433 -0.00000000000000000000024905116
vn -0.7689643 0.522689 -0.36808985
vn -0.6572222 0.65769696 -0.36809468
vn -0.49981946 0.50018054 -0.70710677
vn -0.58480287 0.39750877 -0.7071014
vn -0.26018828 0.26037627 -0.9297883
vn -0.30442932 0.20693004 -0.9297864
vn -0.85334074 0.36919874 -0.36810574
vn -0.64896005 0.2807732 -0.707119
vn -0.3378213 0.14615875 -0.92979264
vn -0.9104594 0.1886251 -0.3680818
vn -0.6924174 0.14345211 -0.7070924
vn -0.36045325 0.074677154 -0.92978317
vn -0.9297824 0.000008067366 -0.3681096
vn -0.70709026 0.0000061337114 -0.7071233
vn -0.36807984 0.0000031698826 -0.9297942
vn -0.91046077 -0.18861684 -0.3680827
vn -0.6924177 -0.14344566 -0.7070934
vn -0.36045304 -0.07467371 -0.9297835
vn -0.853324 -0.36923724 -0.36810592
vn -0.6489471 -0.28080246 -0.7071192
vn -0.3378145 -0.1461739 -0.92979276
vn -0.7689688 -0.522684 -0.3680875
vn -0.5848079 -0.39750603 -0.7070988
vn -0.30443275 -0.20692927 -0.92978543
vn -0.65745765 -0.65745765 -0.3681018
vn -0.4999945 -0.49999446 -0.70711464
vn -0.26027727 -0.26027727 -0.9297911
vn -0.522684 -0.7689688 -0.36808753
vn -0.39750606 -0.5848079 -0.7070988
vn -0.20692924 -0.30443278 -0.92978543
vn -0.36923727 -0.853324 -0.36810598
vn -0.28080243 -0.6489471 -0.7071192
vn -0.14617391 -0.33781448 -0.92979276
vn -0.18861686 -0.91046077 -0.3680827
vn -0.14344566 -0.6924177 -0.7070934
vn -0.07467374 -0.36045307 -0.9297835
vn 0.000008064567 -0.9297824 -0.36810955
vn 0.0000061330547 -0.70709026 -0.7071233
vn 0.0000031925474 -0.3680798 -0.9297942
vn 0.18862511 -0.9104594 -0.36808187
vn 0.14345208 -0.6924174 -0.7070924
vn 0.07467717 -0.36045325 -0.92978317
vn 0.3691987 -0.8533408 -0.36810565
vn 0.2807732 -0.64896005 -0.707119
vn 0.14615871 -0.3378213 -0.92979264
vn 0.522689 -0.7689643 -0.36808988
vn 0.39750874 -0.58480287 -0.7071014
vn 0.20693009 -0.30442935 -0.9297864
vn 0.6574596 -0.65745956 -0.3680947
vn 0.5 -0.5 -0.70710677
vn 0.26028228 -0.26028222 -0.9297883
vn 0.6572222 -0.65769696 -0.36809468
vn 0.49981946 -0.50018054 -0.70710677
vn 0.26018828 -0.26037624 -0.9297883
vn 0.7689643 -0.522689 -0.36808988
vn 0.58480287 -0.39750874 -0.7071014
vn 0.30442938 -0.2069301 -0.9297864
vn 0.85334074 -0.36919874 -0.36810574
vn 0.64896005 -0.28077322 -0.7071189
vn 0.3378213 -0.14615868 -0.92979264
vn 0.9104594 -0.1886251 -0.3680818
vn 0.6924174 -0.14345211 -0.7070924
vn 0.36045328 -0.074677154 -0.92978317
vn 0.9297824 -0.000008064628 -0.36810955
vn 0.70709026 -0.000006124134 -0.7071233
vn 0.36807984 -0.000003214213 -0.9297942
vn 0.91046077 0.18861684 -0.3680827
vn 0.6924177 0.14344566 -0.7070934
vn 0.36045307 0.0746737 -0.9297835
vn 0.853324 0.3692372 -0.36810595
vn 0.6489471 0.28080243 -0.7071192
vn 0.3378145 0.1461739 -0.92979276
vn 0.7689688 0.522684 -0.36808753
vn 0.5848079 0.39750603 -0.7070988
vn 0.30443275 0.2069292 -0.92978543
vn 0.65745765 0.65745765 -0.36810175
vn 0.4999944 0.49999446 -0.70711464
vn 0.26027727 0.26027727 -0.9297911
vn 0.522684 0.7689688 -0.36808753
vn 0.39750603 0.5848079 -0.70709884
vn 0.20692924 0.30443275 -0.92978543
vn 0.36923724 0.853324 -0.36810592
vn 0.28080243 0.6489471 -0.7071192
vn 0.14617391 0.3378145 -0.92979276
vn 0.18861686 0.91046077 -0.36808267
vn 0.14344566 0.6924177 -0.7070934
vn 0.07467375 0.36045304 -0.9297835
vn -0.000008064564 0.9297824 -0.36810955
vn -0.0000061330525 0.70709026 -0.70712334
vn -0.000003192547 0.36807984 -0.9297942
vn -0.1886251 0.9104594 -0.3680818
vn -0.14345208 0.6924174 -0.7070924
vn -0.07467717 0.36045325 -0.92978317
vn -0.3691987 0.8533408 -0.36810568
vn -0.2807732 0.64896005 -0.707119
vn -0.14615873 0.3378213 -0.92979264
vn -0.522689 0.7689643 -0.36808982
vn -0.39750874 0.58480287 -0.7071014
vn -0.20693009 0.3044293 -0.9297864
vn -0.6574596 0.6574596 -0.36809468
vn -0.5 0.49999997 -0.70710677
vn -0.26028228 0.26028222 -0.9297883
vn -0.6574596 0.6574596 -0.36809468
vn -0.5 0.49999997 -0.70710677
vn -0.26028228 0.26028234 -0.9297883
vn -0.82394266 0.56667316 0.00000000039313405
vn -0.70685136 0.70736206 -0.000000014993962
vn -0.8153273 0.55420333 -0.16763085
vn -0.9047959 0.3914608 -0.16763897
vn -0.9177845 0.39707875 0.000000004385058
vn -1 0.0000074228933 -0.00000000060841554
vn -0.97876984 0.20496233 0.0000000022523496
vn -0.96286577 0.19948243 -0.1819237
vn -0.9787718 -0.20495301 0.00000000060841554
vn -0.9628675 -0.19947375 -0.18192422
vn -0.8239492 -0.5666637 -0.00000000759798
vn -0.9177672 -0.39711884 0.00000000759798
vn -0.8153314 -0.5541976 -0.16762966
vn -0.6971004 -0.69710034 -0.16763699
vn -0.55419767 -0.8153314 -0.16762961
vn -0.3915017 -0.9047782 -0.16763908
vn -0.3971188 -0.9177672 -0.000000007602396
vn -0.5666637 -0.8239492 0.000000007602396
vn -0.20495303 -0.9787718 0.000000009334711
vn -0.9047782 -0.3915017 -0.16763908
vn -0.9833098 0.000008525014 -0.18193908
vn -0.19947375 -0.9628675 -0.18192422
vn 0.0000074229065 -1 0.0000000077718125
vn 0.000008528769 -0.9833098 -0.18193911
vn 0.19948244 -0.96286577 -0.18192375
vn 0.20496234 -0.97876984 -0.000000007916015
vn 0.39707878 -0.9177845 -0.000000008399937
vn 0.39146084 -0.9047959 -0.16763893
vn 0.7071068 -0.70710677 0.000000013419511
vn 0.56667316 -0.82394266 -0.0000000002294882
vn 0.55420333 -0.8153273 -0.1676308
vn 0.7071068 -0.70710677 0.000000013419511
vn 0.70710677 -0.7071068 0.000000009426757
vn 0.00000000000041551742 -0.0000000077718125 -1
vn -0.00000000000071948003 -0.0000000077718125 -1
vn 0.70710677 -0.7071068 0.000000009426757
vn 0.00000000000020788926 -0.0000000077718125 -1
vn -0.0000000000010164518 -0.0000000077718125 -1
vn 0.0000000000004492657 -0.0000000077718125 -1
vn 0.0000000000005991762 -0.0000000077718125 -1
vn -0.00000000000014225116 -0.0000000077718125 -1
vn 0.0000000000000795252 -0.0000000077718125 -1
vn 0.00000000000042266445 -0.0000000077718125 -1
vn 0.000000000000026283703 -0.0000000077718125 -1
vn -0.0000000000003367727 -0.0000000077718125 -1
vn -0.00000000000016594203 -0.0000000077718125 -1
vn 0.0000000000000740472 -0.0000000077718125 -1
vn 0.000000000000099133104 -0.0000000077718125 -1
vn -0.000000000000000007377711 -0.0000000077718125 -1
vn -0.00000000000027258155 -0.0000000077718125 -1
vn -0.00000000000012383782 -0.0000000077718125 -1
vn 0.000000000001176305 -0.0000000077718125 -1
vn 0.70685136 -0.70736206 0.000000014993962
vn 0.8153273 -0.55420333 -0.16763085
vn 0.9047959 -0.3914608 -0.16763897
vn 0.9177845 -0.39707875 -0.000000004385058
vn 0.82394266 -0.56667316 -0.00000000039313405
vn 0.97876984 -0.20496233 -0.0000000022523496
vn 1 -0.0000074229115 -0.0000000005967595
vn 0.9628675 0.19947378 -0.18192425
vn 0.9787718 0.20495301 0.00000000423329
vn 0.9047782 0.3915017 -0.16763908
vn 0.9177672 0.39711884 -0.00000000759798
vn 0.96286577 -0.19948241 -0.18192372
vn 0.8239492 0.5666637 0.000000006295162
vn 0.8153314 0.5541976 -0.16762963
vn 0.5666637 0.8239492 -0.000000007602396
vn 0.5541976 0.8153314 -0.16762967
vn 0.3915017 0.9047782 -0.16763909
vn 0.3971188 0.9177672 0.000000038601385
vn 0.20495303 0.9787718 -0.000000009334711
vn 0.9833098 -0.00000852536 -0.18193908
vn 0.19947375 0.9628675 -0.18192421
vn -0.000007422892 1 -0.0000000077718125
vn -0.20496234 0.97876984 0.000000007916015
vn -0.19948243 0.96286577 -0.1819237
vn -0.39707878 0.9177845 0.000000008399937
vn -0.39146084 0.9047959 -0.16763899
vn -0.70710677 0.7071068 -0.000000009426757
vn -0.56667316 0.82394266 0.0000000002294882
vn -0.55420333 0.8153273 -0.16763088
vn -0.70710677 0.7071068 -0.000000009426757
vn -0.70710677 0.7071068 -0.000000009426757
vn -0.000008528767 0.9833098 -0.18193913
vn -0.0000000000004327143 -0.0000000077718125 -1
vn 0.00000000000027294798 -0.0000000077718125 -1
vn 0.00000000000020765108 -0.0000000077718125 -1
vn -0.0000000000003918419 -0.0000000077718125 -1
vn -0.00000000000041310689 -0.0000000077718125 -1
vn -0.00000000000005531869 -0.0000000077718125 -1
vn 0.00000000000019472984 -0.0000000077718125 -1
vn 0.00000000000023351904 -0.0000000077718125 -1
vn 0.00000000000009220067 -0.0000000077718125 -1
vn -0.00000000000005282931 -0.0000000077718125 -1
vn -0.000000000000080351016 -0.0000000077718125 -1
vn 0.0000000000000000032688044 -0.0000000077718125 -1
vn -0.0000000000018529067 -0.0000000077718125 -1
vn 0.00000000000000964231 -0.0000000077718125 -1
vn 0.00000000000006992236 -0.0000000077718125 -1
vn 0.00000000000033766872 -0.0000000077718125 -1
vn -0.70710677 -0.7071068 0.000000009426757
vn -0.8239692 -0.5666346 0.0000000050178874
vn -0.8239692 -0.5666346 0.0000000050178874
vn -0.70710677 -0.7071068 0.000000009426757
vn -0.9177419 -0.3971773 0.0000000007034277
vn -0.9787809 -0.20490947 -0.0000000007034277
vn -0.9787809 -0.20490947 -0.0000000007034277
vn -0.9177419 -0.3971773 -0.0000000050178874
vn -0.9787809 0.20490947 0.0000000007034277
vn -1 -0.000000000000059210686 0.000000000000000000000024141308
vn -1 -0.00000000000012627433 -0.00000000000000000000024905116
vn -0.9177419 0.3971773 0.000000005189567
vn -0.8239692 0.5666346 -0.0000000050178874
vn -0.8239692 0.5666346 -0.0000000050178874
vn -0.9177419 0.3971773 0.000000005189567
vn -0.70710677 0.7071068 -0.000000009426757
vn -0.5666346 0.8239692 -0.000000011134277
vn -0.5666346 0.8239692 -0.000000011134277
vn -0.9177419 0.3971773 0.000000005189567
vn -0.8239692 0.5666346 -0.0000000050178874
vn -1 0.00000000000029648365 0.000000000000000000006361261
vn -0.9787809 0.20490947 0.0000000007034277
vn -0.39717734 0.9177419 0.000000040413266
vn -0.39717734 0.9177419 0.000000040413266
vn -0.000000000000040605943 1 -0.0000000077718125
vn 0.00000000000009112508 1 -0.0000000077718125
vn -0.20490947 0.9787809 0.00000000551022
vn 0.20490947 0.9787809 0.00000000551022
vn 0.39717734 0.9177419 0.000000040413266
vn 0.39717734 0.9177419 0.000000040413266
vn 0.5666346 0.8239692 -0.000000011134277
vn 0.5666346 0.8239692 -0.000000011134277
vn 0.70710677 0.7071068 -0.000000009426757
vn 0.70710677 0.7071068 -0.000000009426757
vn 0.70710677 0.7071068 -0.000000009426757
vn 0.70710677 0.7071068 -0.000000009426757
vn 0.70710677 0.7071068 -0.000000009426757
vn 0.70710677 0.7071068 -0.000000009426757
vn 0.70710677 0.7071068 -0.000000009426757
vn 0.70710677 0.7071068 -0.000000009426757
vn 0.70710677 0.7071068 -0.000000009426757
vn 0.70710677 0.7071068 -0.000000009426757
vn 0.70710677 0.7071068 -0.000000009426757
vn 0.70710677 0.7071068 -0.000000009426757
vn 0.70710677 0.7071068 -0.000000009426757
vn 0.70710677 0.7071068 -0.000000009426757
vn 0.70710677 0.7071068 -0.000000009426757
vn 0.70710677 0.7071068 -0.000000009426757
vn 0.70710677 0.7071068 -0.000000009426757
vn 0.70710677 0.7071068 -0.000000009426757
vn 0.70710677 0.7071068 -0.000000009426757
vn 0.70710677 0.7071068 -0.000000009426757
vn 0.70710677 0.7071068 -0.000000009426757
vn 0.70710677 0.7071068 -0.000000009426757
vn 0.70710677 0.7071068 -0.000000009426757
vn 0.70710677 0.7071068 -0.000000009426757
vn 0.70710677 0.7071068 -0.000000009426757
vn 0.70710677 0.7071068 -0.000000009426757
vn 0.70710677 0.7071068 -0.000000009426757
vn 0.70710677 0.7071068 -0.000000009426757
vn 0.70710677 0.7071068 -0.000000009426757
vn 0.70710677 0.7071068 -0.000000009426757
vn 0.70710677 0.7071068 -0.000000009426757
vn 0.70710677 0.7071068 -0.000000009426757
vn -0.5666346 0.8239692 -0.000000011134277
vn -0.39717734 0.9177419 0.000000040413266
vn -0.20490947 0.9787809 0.00000000551022
vn -0.00000000000012777641 1 -0.0000000077718125
vn -0.70710677 0.7071068 -0.000000009426757
vn 0.20490947 0.9787809 0.00000000551022
vn 0.39717734 0.9177419 0.000000040413266
vn 0.5666346 0.8239692 -0.000000011134277
vn 0.70710677 0.7071068 -0.000000009426757
vn 0.70710677 0.7071068 -0.000000009426757
vn 0.70710677 0.7071068 -0.000000009426757
vn 0.8239692 0.5666346 -0.0000000050178874
vn 0.8239692 0.5666346 -0.0000000050178874
vn 0.9787809 0.20490947 0.0000000007034277
vn 0.9177419 0.3971773 0.000000005189567
vn 0.9787809 0.20490947 0.0000000007034277
vn 0.9177419 0.3971773 0.000000005189567
vn 1 -0.00000000000018845049 -0.0000000000000000000032763225
vn 1 -0.00000000000059076176 0.000000000000000000007781016
vn 0.8239692 -0.5666346 0.0000000050178874
vn 0.9177419 -0.3971773 -0.000000005189567
vn 0.9177419 -0.3971773 -0.000000005189567
vn 0.8239692 -0.5666346 0.0000000050178874
vn 0.9787809 -0.20490947 -0.0000000007034277
vn 0.70710677 -0.7071068 0.000000009426757
vn 0.70710677 -0.7071068 0.000000009426757
vn 0.9787809 -0.20490947 -0.0000000007034277
vn 0.5666346 -0.8239692 0.000000011134277
vn 0.39717734 -0.9177419 -0.000000040413266
vn 0.39717734 -0.9177419 -0.000000040413266
vn 0.5666346 -0.8239692 0.000000011134277
vn 0.20490947 -0.9787809 -0.00000000551022
vn 0.20490947 -0.9787809 -0.00000000551022
vn -0.000000000000013813448 -1 0.0000000077718125
vn -0.20490947 -0.9787809 -0.00000000551022
vn -0.20490947 -0.9787809 -0.00000000551022
vn -0.39717734 -0.9177419 0.00000000551022
vn -0.39717734 -0.9177419 0.00000000551022
vn -0.5666346 -0.8239692 0.000000011134277
vn -0.70710677 -0.7071068 0.000000009426757
vn -0.70710677 -0.7071068 0.000000009426757
vn -0.70710677 -0.7071068 0.000000009426757
vn -0.70710677 -0.7071068 0.000000009426757
vn -0.5666346 -0.8239692 0.000000011134277
vn -0.70710677 -0.7071068 0.000000009426757
vn -0.70710677 -0.7071068 0.000000009426757
vn -0.70710677 -0.7071068 0.000000009426757
vn -0.70710677 -0.7071068 0.000000009426757
vn -0.70710677 -0.7071068 0.000000009426757
vn -0.70710677 -0.7071068 0.000000009426757
vn -0.70710677 -0.7071068 0.000000009426757
vn -0.70710677 -0.7071068 0.000000009426757
vn -0.70710677 -0.7071068 0.000000009426757
vn -0.70710677 -0.7071068 0.000000009426757
vn -0.70710677 -0.7071068 0.000000009426757
vn -0.70710677 -0.7071068 0.000000009426757
vn -0.70710677 -0.7071068 0.000000009426757
vn -0.70710677 -0.7071068 0.000000009426757
vn -0.70710677 -0.7071068 0.000000009426757
vn -0.70710677 -0.7071068 0.000000009426757
vn -0.70710677 -0.7071068 0.000000009426757
vn -0.70710677 -0.7071068 0.000000009426757
vn -0.70710677 -0.7071068 0.000000009426757
vn -0.70710677 -0.7071068 0.000000009426757
vn -0.70710677 -0.7071068 0.000000009426757
vn -0.70710677 -0.7071068 0.000000009426757
vn -0.70710677 -0.7071068 0.000000009426757
vn -0.70710677 -0.7071068 0.000000009426757
vn -0.70710677 -0.7071068 0.000000009426757
vn -0.70710677 -0.7071068 0.000000009426757
vn -0.70710677 -0.7071068 0.000000009426757
vn -0.70710677 -0.7071068 0.000000009426757
vn -0.70710677 -0.7071068 0.000000009426757
vn 0.9787809 0.20490947 0.0000000007034277
vn 0.20490947 -0.9787809 -0.00000000551022
vn -0.0000000000006809228 -1 0.0000000077718125
vn 0.39717734 -0.9177419 -0.000000040413266
vn -0.39717734 -0.9177419 -0.000000011134277
vn -0.20490947 -0.9787809 -0.00000000551022
vn 0.5666346 -0.8239692 0.000000011134277
vn 0.9177419 -0.3971773 -0.000000005189567
vn -0.65769696 -0.6572222 -0.36809468
vn -0.6574596 -0.65745956 -0.3680947
vn -0.5 -0.5 -0.70710677
vn -0.50018054 -0.49981946 -0.70710677
vn -0.26028228 -0.26028228 -0.9297883
vn -0.26037624 -0.26018828 -0.9297883
vn -0.522689 -0.7689643 -0.36808988
vn -0.39750874 -0.58480287 -0.7071014
vn -0.20693009 -0.30442935 -0.9297864
vn -0.3691987 -0.8533408 -0.36810565
vn -0.2807732 -0.64896005 -0.707119
vn -0.14615871 -0.3378213 -0.92979264
vn -0.18862511 -0.9104594 -0.36808187
vn -0.14345208 -0.6924174 -0.7070924
vn -0.07467717 -0.36045325 -0.92978317
vn -0.0000080643495 -0.9297824 1
vn -0.000006132839 -0.70709026 -1
vn -0.0000031924933 -0.3680798 -0.9297942
vn 0.18861686 -0.91046077 -0.3680827
vn 0.14344566 -0.6924177 -0.7070934
vn 0.07467374 -0.36045307 -0.9297835
vn 0.36923727 -0.853324 -0.36810598
vn 0.28080243 -0.6489471 -0.7071192
vn 0.14617391 -0.33781448 -0.92979276
vn 0.522684 -0.7689688 -0.36808753
vn 0.39750606 -0.5848079 -0.7070988
vn 0.20692924 -0.30443278 -0.92978543
vn 0.65745765 -0.65745765 -0.3681018
vn 0.4999945 -0.49999446 -0.70711464
vn 0.26027727 -0.26027727 -0.9297911
vn 0.7689688 -0.522684 -0.3680875
vn 0.5848079 -0.39750603 -0.7070988
vn 0.30443275 -0.20692927 -0.92978543
vn 0.853324 -0.36923724 -0.36810592
vn 0.6489471 -0.28080246 -0.7071192
vn 0.3378145 -0.1461739 -0.92979276
vn 0.91046077 -0.18861684 -0.3680827
vn 0.6924177 -0.14344566 -0.7070934
vn 0.36045304 -0.07467371 -0.9297835
vn 0.9297824 0.000008067366 -0.3681096
vn 0.70709026 0.0000061337114 -0.7071233
vn 0.36807984 0.0000031698826 -0.9297942
vn 0.9104594 0.1886251 -0.3680818
vn 0.6924174 0.14345211 -0.7070924
vn 0.36045325 0.074677154 -0.92978317
vn 0.85334074 0.36919874 -0.36810574
vn 0.64896005 0.2807732 -0.707119
vn 0.3378213 0.14615875 -0.92979264
vn 0.7689643 0.522689 -0.36808985
vn 0.58480287 0.39750877 -0.7071014
vn 0.30442932 0.20693004 -0.9297864
vn 0.6574596 0.6574596 -0.36809468
vn 0.5 0.49999997 -0.70710677
vn 0.26028225 0.26028234 -0.9297883
vn 0.65769696 0.6572222 -0.36809465
vn 0.50018054 0.49981946 -0.70710677
vn 0.26037624 0.26018828 -0.9297883
vn 0.522689 0.7689643 -0.36808982
vn 0.39750874 0.58480287 -0.7071014
vn 0.20693009 0.3044293 -0.9297864
vn 0.3691987 0.8533408 -0.36810568
vn 0.2807732 0.64896005 -0.707119
vn 0.14615873 0.3378213 -0.92979264
vn 0.1886251 0.9104594 -0.3680818
vn 0.14345208 0.6924174 -0.7070924
vn 0.07467717 0.36045325 -0.92978317
vn 0.000008064355 0.9297824 -0.36810955
vn 0.0000061328415 0.70709026 -0.70712334
vn 0.0000031924938 0.36807984 -0.9297942
vn -0.18861686 0.91046077 -0.36808267
vn -0.14344566 0.6924177 -0.7070934
vn -0.07467375 0.36045304 -0.9297835
vn -0.36923724 0.853324 -0.36810592
vn -0.28080243 0.6489471 -0.7071192
vn -0.14617391 0.3378145 -0.92979276
vn -0.522684 0.7689688 -0.36808753
vn -0.39750603 0.5848079 -0.70709884
vn -0.20692924 0.30443275 -0.92978543
vn -0.65745765 0.65745765 -0.36810175
vn -0.4999944 0.49999446 -0.70711464
vn -0.26027727 0.26027727 -0.9297911
vn -0.7689688 0.522684 -0.36808753
vn -0.5848079 0.39750603 -0.7070988
vn -0.30443275 0.2069292 -0.92978543
vn -0.853324 0.3692372 -0.36810595
vn -0.6489471 0.28080243 -0.7071192
vn -0.3378145 0.1461739 -0.92979276
vn -0.91046077 0.18861684 -0.3680827
vn -0.6924177 0.14344566 -0.7070934
vn -0.36045307 0.0746737 -0.9297835
vn -0.9297824 -0.000008064628 1
vn -0.70709026 -0.000006124134 -1
vn -0.36807984 -0.000003214213 -0.9297942
vn -0.9104594 -0.1886251 -0.3680818
vn -0.6924174 -0.14345211 -0.7070924
vn -0.36045328 -0.074677154 -0.92978317
vn -0.85334074 -0.36919874 -0.36810574
vn -0.64896005 -0.28077322 -0.7071189
vn -0.3378213 -0.14615868 -0.92979264
vn -0.7689643 -0.522689 -0.36808988
vn -0.58480287 -0.39750874 -0.7071014
vn -0.30442938 -0.2069301 -0.9297864
vn -0.6572222 -0.65769696 -0.36809468
vn -0.49981946 -0.50018054 -0.70710677
vn -0.26018828 -0.26037624 -0.9297883
vn -0.70710677 -0.7071068 0.000000009426757
vn -0.70710677 -0.7071068 0.000000009426757
vn -0.70710677 -0.7071068 0.000000009426757
vn -0.70710677 -0.7071068 0.000000009426757
vn -0.70710677 -0.7071068 0.000000009426757
vn -0.70710677 -0.7071068 0.000000009426757
vn -0.69735247 -0.69684905 -0.1676333
vn -0.70736206 -0.70685136 -0.00000001396451
vn -0.56667316 -0.82394266 0.00000001396451
vn -0.55420333 -0.8153273 -0.1676308
vn -0.39146084 -0.9047959 -0.16763893
vn -0.39707878 -0.9177845 -0.00000001396451
vn -0.19948244 -0.96286577 -0.18192375
vn -0.20496234 -0.97876984 -0.000000007916015
vn -0.000007422892 -1 0.0000000077718125
vn 0.20495303 -0.9787718 0.000000009334711
vn 0.19947375 -0.9628675 -0.18192422
vn 0.3971188 -0.9177672 -0.000000038601385
vn 0.3915017 -0.9047782 -0.16763908
vn 0.55419767 -0.8153314 -0.16762961
vn 0.6971004 -0.69710034 -0.16763699
vn 0.5666637 -0.8239492 0.000000007602396
vn 0.8239492 -0.5666637 -0.000000006295162
vn 0.9787718 -0.20495301 -0.00000000423329
vn 0.9177672 -0.39711884 0.00000000759798
vn 0.9047782 -0.3915017 -0.16763908
vn 1 0.0000074229083 -0.000000000626651
vn 0.9628675 -0.19947375 -0.18192422
vn 0.9177845 0.39707875 0.000000004385058
vn 0.97876984 0.20496233 0.0000000022523496
vn 0.9047959 0.3914608 -0.16763897
vn 0.8153273 0.55420333 -0.16763085
vn 0.82394266 0.56667316 0.00000000039313405
vn 0.96286577 0.19948243 -0.1819237
vn 0.8153314 -0.5541976 -0.16762966
vn -0.000008528642 -0.9833098 -0.18193911
vn 0.9833098 0.000008525014 -0.18193908
vn -0.00000000000041576204 -0.0000000077718125 -1
vn -0.00000000000049092983 -0.0000000077718125 -1
vn -0.00000000000051247515 -0.0000000077718125 -1
vn -0.00000000000012649692 -0.0000000077718125 -1
vn -0.00000000000011764987 -0.0000000077718125 -1
vn -0.000000000000000008512967 -0.0000000077718125 -1
vn 0.000000000000101900476 -0.0000000077718125 -1
vn 0.0000000000000012147369 -0.0000000077718125 -1
vn 0.0000000000001740497 -0.0000000077718125 -1
vn 0.00000000000041279472 -0.0000000077718125 -1
vn 0.000000000000062183216 -0.0000000077718125 -1
vn -0.00000000000034028263 -0.0000000077718125 -1
vn 0.00000000000009856267 -0.0000000077718125 -1
vn 0.00000000000033091571 -0.0000000077718125 -1
vn -0.00000000000064076874 -0.0000000077718125 -1
vn -0.0000000000005734528 -0.0000000077718125 -1
vn 0.0000000000011351652 -0.0000000077718125 -1
vn -0.00000000000007621681 -0.0000000077718125 -1
vn 0.70710677 0.7071068 -0.000000009426757
vn 0.70710677 0.7071068 -0.000000009426757
vn 0.70710677 0.7071068 -0.000000009426757
vn 0.70710677 0.7071068 -0.000000009426757
vn 0.70710677 0.7071068 -0.000000009426757
vn 0.70710677 0.7071068 -0.000000009426757
vn 0.70710677 0.7071068 -0.000000009426757
vn 0.70710677 0.7071068 -0.000000009426757
vn 0.70710677 0.7071068 -0.000000009426757
vn 0.70710677 0.7071068 -0.000000009426757
vn 0.70736206 0.70685136 0.00000001396451
vn 0.55420333 0.8153273 -0.16763088
vn 0.39146084 0.9047959 -0.16763899
vn 0.39707878 0.9177845 0.000000008399937
vn 0.56667316 0.82394266 0.0000000002294882
vn 0.20496234 0.97876984 0.000000007916015
vn 0.19948243 0.96286577 -0.1819237
vn -0.20495303 0.9787718 -0.000000009334711
vn 0.0000074229147 1 -0.0000000077718125
vn -0.19947375 0.9628675 -0.18192421
vn -0.3971188 0.9177672 0.000000038601385
vn -0.3915017 0.9047782 -0.16763909
vn -0.5666637 0.8239492 -0.000000007602396
vn -0.5541976 0.8153314 -0.16762967
vn -0.8239492 0.5666637 0.000000006295162
vn -0.8153314 0.5541976 -0.16762963
vn -0.9787718 0.20495301 0.00000000423329
vn -0.9177672 0.39711884 -0.00000000759798
vn -0.9047782 0.3915017 -0.16763908
vn -1 -0.000007422889 -0.0000000006367934
vn -0.9628675 0.19947378 -0.18192425
vn -0.9177845 -0.39707875 0.0000000022523496
vn -0.97876984 -0.20496233 -0.0000000022523496
vn -0.9047959 -0.3914608 -0.16763897
vn -0.8153273 -0.55420333 -0.16763085
vn -0.82394266 -0.56667316 -0.0000000022523496
vn -0.9833098 -0.00000852536 -0.18193908
vn -0.96286577 -0.19948241 -0.18192372
vn 0.000008528647 0.9833098 -0.18193913
vn -0.70710677 -0.7071068 0.000000009426757
vn -0.00000000000041537333 -0.0000000077718125 -1
vn -0.00000000000011425421 -0.0000000077718125 -1
vn 0.00000000000036359178 -0.0000000077718125 -1
vn 0.00000000000011403365 -0.0000000077718125 -1
vn -0.0000000000000000028920341 -0.0000000077718125 -1
vn 0.00000000000005901075 -0.0000000077718125 -1
vn -0.0000000000000875894 -0.0000000077718125 -1
vn -0.00000000000023098125 -0.0000000077718125 -1
vn -0.00000000000014775284 -0.0000000077718125 -1
vn 0.00000000000021900227 -0.0000000077718125 -1
vn 0.0000000000004597986 -0.0000000077718125 -1
vn 0.00000000000006768148 -0.0000000077718125 -1
vn -0.0000000000004210452 -0.0000000077718125 -1
vn -0.00000000000030292479 -0.0000000077718125 -1
vn -0.000000000000023713284 -0.0000000077718125 -1
vn -0.000000000000106618775 -0.0000000077718125 -1
vn -0.00000000000049092983 -0.0000000077718125 -1
vn 0.70710677 -0.7071068 0.000000009426757
vn 0.70710677 -0.7071068 0.000000009426757
vn 0.70710677 -0.7071068 0.000000009426757
vn 0.70710677 -0.7071068 0.000000009426757
vn 0.70710677 -0.7071068 0.000000009426757
vn 0.70710677 -0.7071068 0.000000009426757
vn 0.70710677 -0.7071068 0.000000009426757
vn 0.70710677 -0.7071068 0.000000009426757
vn 0.70710677 -0.7071068 0.000000009426757
vn 0.70710677 -0.7071068 0.000000009426757
vn 0.70710677 -0.7071068 0.000000009426757
vn 0.70710677 -0.7071068 0.000000009426757
vn 0.70710677 -0.7071068 0.000000009426757
vn 0.70710677 -0.7071068 0.000000009426757
vn 0.70710677 -0.7071068 0.000000009426757
vn 0.70710677 -0.7071068 0.000000009426757
vn 0.70710677 -0.7071068 0.000000009426757
vn 0.70710677 -0.7071068 0.000000009426757
vn 0.70710677 -0.7071068 0.000000009426757
vn 0.70710677 -0.7071068 0.000000009426757
vn 0.70710677 -0.7071068 0.000000009426757
vn 0.70710677 -0.7071068 0.000000009426757
vn 0.70710677 -0.7071068 0.000000009426757
vn 0.70710677 -0.7071068 0.000000009426757
vn 0.70710677 -0.7071068 0.000000009426757
vn 0.70710677 -0.7071068 0.000000009426757
vn 0.70710677 -0.7071068 0.000000009426757
vn 0.70710677 -0.7071068 0.000000009426757
vn 0.70710677 -0.7071068 0.000000009426757
vn 0.70710677 -0.7071068 0.000000009426757
vn 0.70710677 -0.7071068 0.000000009426757
vn 0.70710677 -0.7071068 0.000000009426757
vn 0.70710677 -0.7071068 0.000000009426757
vn 0.70710677 -0.7071068 0.000000009426757
vn 0.5666346 -0.8239692 0.000000011134277
vn 0.5666346 -0.8239692 0.000000011134277
vn 0.39717734 -0.9177419 -0.000000040413266
vn 0.20490947 -0.9787809 -0.00000000551022
vn 0.20490947 -0.9787809 -0.00000000551022
vn 0.39717734 -0.9177419 -0.000000040413266
vn 0.0000000000003404614 -1 0.0000000077718125
vn -0.20490947 -0.9787809 -0.00000000551022
vn -0.20490947 -0.9787809 -0.00000000551022
vn 0.0000000000005196874 -1 0.0000000077718125
vn -0.39717734 -0.9177419 -0.000000011134277
vn -0.5666346 -0.8239692 0.000000011134277
vn -0.5666346 -0.8239692 0.000000011134277
vn -0.39717734 -0.9177419 0.00000000551022
vn -0.70710677 -0.7071068 0.000000009426757
vn -0.8239692 -0.5666346 0.0000000050178874
vn -0.8239692 -0.5666346 0.0000000050178874
vn -0.70710677 -0.7071068 0.000000009426757
vn -0.9177419 -0.3971773 0.0000000007034277
vn -0.9787809 -0.20490947 -0.0000000007034277
vn -0.9787809 -0.20490947 -0.0000000007034277
vn -0.9177419 -0.3971773 -0.0000000050178874
vn -1 -0.0000000000016098872 0.000000000000000000015414871
vn -1 -0.000000000002176602 0.000000000000000000013903208
vn -0.9787809 0.20490947 0.0000000007034277
vn -0.9177419 0.3971773 0.000000005189567
vn -0.9177419 0.3971773 0.000000005189567
vn -0.9787809 0.20490947 0.0000000007034277
vn -0.8239692 0.5666346 -0.0000000050178874
vn -0.8239692 0.5666346 -0.0000000050178874
vn -0.70710677 0.7071068 -0.000000009426757
vn -0.70710677 0.7071068 -0.000000009426757
vn 0.70710677 -0.7071068 0.000000009426757
vn -0.70710677 0.7071068 -0.000000009426757
vn -0.70710677 0.7071068 -0.000000009426757
vn -0.70710677 0.7071068 -0.000000009426757
vn -0.70710677 0.7071068 -0.000000009426757
vn -0.70710677 0.7071068 -0.000000009426757
vn -0.70710677 0.7071068 -0.000000009426757
vn -0.70710677 0.7071068 -0.000000009426757
vn -0.70710677 0.7071068 -0.000000009426757
vn -0.70710677 0.7071068 -0.000000009426757
vn -0.70710677 0.7071068 -0.000000009426757
vn -0.70710677 0.7071068 -0.000000009426757
vn -0.70710677 0.7071068 -0.000000009426757
vn -0.70710677 0.7071068 -0.000000009426757
vn -0.70710677 0.7071068 -0.000000009426757
vn -0.70710677 0.7071068 -0.000000009426757
vn -0.70710677 0.7071068 -0.000000009426757
vn -0.70710677 0.7071068 -0.000000009426757
vn -0.70710677 0.7071068 -0.000000009426757
vn -0.70710677 0.7071068 -0.000000009426757
vn -0.70710677 0.7071068 -0.000000009426757
vn -0.70710677 0.7071068 -0.000000009426757
vn -0.70710677 0.7071068 -0.000000009426757
vn -0.70710677 0.7071068 -0.000000009426757
vn -0.70710677 0.7071068 -0.000000009426757
vn -0.70710677 0.7071068 -0.000000009426757
vn -0.70710677 0.7071068 -0.000000009426757
vn -0.70710677 0.7071068 -0.000000009426757
vn -0.70710677 0.7071068 -0.000000009426757
vn -0.70710677 0.7071068 -0.000000009426757
vn -0.70710677 0.7071068 -0.000000009426757
vn -0.70710677 0.7071068 -0.000000009426757
vn -0.70710677 0.7071068 -0.000000009426757
vn -0.5666346 0.8239692 -0.000000011134277
vn -0.70710677 0.7071068 -0.000000009426757
vn -0.39717734 0.9177419 0.000000040413266
vn -0.39717734 0.9177419 0.000000040413266
vn -0.20490947 0.9787809 0.00000000551022
vn -0.20490947 0.9787809 0.00000000551022
vn -0.000000000000021441194 1 -0.0000000077718125
vn 0.20490947 0.9787809 0.00000000551022
vn 0.20490947 0.9787809 0.00000000551022
vn 0.39717734 0.9177419 0.000000040413266
vn 0.5666346 0.8239692 -0.000000011134277
vn 0.5666346 0.8239692 -0.000000011134277
vn 0.39717734 0.9177419 0.000000040413266
vn 0.00000000000014114307 1 -0.0000000077718125
vn 0.70710677 0.7071068 -0.000000009426757
vn 0.8239692 0.5666346 -0.0000000050178874
vn 0.8239692 0.5666346 -0.0000000050178874
vn 0.70710677 0.7071068 -0.000000009426757
vn 0.9177419 0.3971773 0.000000005189567
vn 0.9787809 0.20490947 0.0000000007034277
vn 0.9787809 0.20490947 0.0000000007034277
vn 0.9177419 0.3971773 0.000000005189567
vn 1 -0.0000000000022394007 0.0000000000000000000014499755
vn 1 -0.0000000000009690693 -0.000000000000000000005245617
vn 0.9787809 -0.20490947 -0.0000000007034277
vn 0.9177419 -0.3971773 -0.000000005189567
vn 0.9177419 -0.3971773 -0.000000005189567
vn 0.9787809 -0.20490947 -0.0000000007034277
vn 0.8239692 -0.5666346 0.0000000050178874
vn 0.8239692 -0.5666346 0.0000000050178874
vn -0.5666346 0.8239692 -0.000000011134277
vn -0.70710677 0.7071068 -0.000000009426757
vn -0.39717734 0.9177419 0.000000040413266
vn 0.20490947 0.9787809 0.00000000551022
vn 0.8239692 -0.5666346 0.0000000050178874
vn 0.70710677 -0.7071068 0.000000009426757
vn 0.7689643 -0.522689 -0.36808988
vn 0.6572222 -0.65769696 -0.36809468
vn 0.49981946 -0.50018054 -0.70710677
vn 0.58480287 -0.39750874 -0.7071014
vn 0.26018828 -0.26037624 -0.9297883
vn 0.30442938 -0.2069301 -0.9297864
vn 0.85334074 -0.36919874 -0.36810574
vn 0.64896005 -0.28077322 -0.7071189
vn 0.3378213 -0.14615868 -0.92979264
vn 0.9104594 -0.1886251 -0.3680818
vn 0.6924174 -0.14345211 -0.7070924
vn 0.36045328 -0.074677154 -0.92978317
vn 0.9297824 -0.000008064628 -0.36810955
vn 0.70709026 -0.000006124134 -0.7071233
vn 0.36807984 -0.000003214213 -0.9297942
vn 0.91046077 0.18861684 -0.3680827
vn 0.6924177 0.14344566 -0.7070934
vn 0.36045307 0.0746737 -0.9297835
vn 0.853324 0.3692372 -0.36810595
vn 0.6489471 0.28080243 -0.7071192
vn 0.3378145 0.1461739 -0.92979276
vn 0.7689688 0.522684 -0.36808753
vn 0.5848079 0.39750603 -0.7070988
vn 0.30443275 0.2069292 -0.92978543
vn 0.65745765 0.65745765 -0.36810175
vn 0.4999944 0.49999446 -0.70711464
vn 0.26027727 0.26027727 -0.9297911
vn 0.522684 0.7689688 -0.36808753
vn 0.39750603 0.5848079 -0.70709884
vn 0.20692924 0.30443275 -0.92978543
vn 0.36923724 0.853324 -0.36810592
vn 0.28080243 0.6489471 -0.7071192
vn 0.14617391 0.3378145 -0.92979276
vn 0.18861686 0.91046077 -0.36808267
vn 0.14344566 0.6924177 -0.7070934
vn 0.07467375 0.36045304 -0.9297835
vn -0.000008064568 0.9297824 -0.36810955
vn -0.0000061330547 0.70709026 -0.70712334
vn -0.0000031925476 0.36807984 -0.9297942
vn -0.1886251 0.9104594 -0.3680818
vn -0.14345208 0.6924174 -0.7070924
vn -0.07467717 0.36045325 -0.92978317
vn -0.3691987 0.8533408 -0.36810568
vn -0.2807732 0.64896005 -0.707119
vn -0.14615873 0.3378213 -0.92979264
vn -0.522689 0.7689643 -0.36808982
vn -0.39750874 0.58480287 -0.7071014
vn -0.20693009 0.3044293 -0.9297864
vn -0.6574596 0.6574596 -0.36809468
vn -0.5 0.49999997 -0.70710677
vn -0.26028228 0.26028222 -0.9297883
vn -0.6572222 0.65769696 -0.36809468
vn -0.49981946 0.50018054 -0.70710677
vn -0.26018828 0.26037627 -0.9297883
vn -0.7689643 0.522689 -0.36808985
vn -0.58480287 0.39750877 -0.7071014
vn -0.30442932 0.20693004 -0.9297864
vn -0.85334074 0.36919874 -0.36810574
vn -0.64896005 0.2807732 -0.707119
vn -0.3378213 0.14615875 -0.92979264
vn -0.9104594 0.1886251 -0.3680818
vn -0.6924174 0.14345211 -0.7070924
vn -0.36045325 0.074677154 -0.92978317
vn -0.9297824 0.000008067366 -0.3681096
vn -0.70709026 0.0000061337114 -0.7071233
vn -0.36807984 0.0000031698826 -0.9297942
vn -0.91046077 -0.18861684 -0.3680827
vn -0.6924177 -0.14344566 -0.7070934
vn -0.36045304 -0.07467371 -0.9297835
vn -0.853324 -0.36923724 -0.36810592
vn -0.6489471 -0.28080246 -0.7071192
vn -0.3378145 -0.1461739 -0.92979276
vn -0.7689688 -0.522684 -0.3680875
vn -0.5848079 -0.39750603 -0.7070988
vn -0.30443275 -0.20692927 -0.92978543
vn -0.65745765 -0.65745765 -0.3681018
vn -0.4999945 -0.49999446 -0.70711464
vn -0.26027727 -0.26027727 -0.9297911
vn -0.522684 -0.7689688 -0.36808753
vn -0.39750606 -0.5848079 -0.7070988
vn -0.20692924 -0.30443278 -0.92978543
vn -0.36923727 -0.853324 -0.36810598
vn -0.28080243 -0.6489471 -0.7071192
vn -0.14617391 -0.33781448 -0.92979276
vn -0.18861686 -0.91046077 -0.3680827
vn -0.14344566 -0.6924177 -0.7070934
vn -0.07467374 -0.36045307 -0.9297835
vn 0.000008064564 -0.9297824 -0.36810955
vn 0.0000061330525 -0.70709026 -0.7071233
vn 0.0000031925472 -0.3680798 -0.9297942
vn 0.18862511 -0.9104594 -0.36808187
vn 0.14345208 -0.6924174 -0.7070924
vn 0.07467717 -0.36045325 -0.92978317
vn 0.3691987 -0.8533408 -0.36810565
vn 0.2807732 -0.64896005 -0.707119
vn 0.14615871 -0.3378213 -0.92979264
vn 0.522689 -0.7689643 -0.36808988
vn 0.39750874 -0.58480287 -0.7071014
vn 0.20693009 -0.30442935 -0.9297864
vn 0.6574596 -0.65745956 -0.3680947
vn 0.5 -0.5 -0.70710677
vn 0.26028228 -0.26028222 -0.9297883
vn 0.6574596 -0.65745956 -0.3680947
vn 0.5 -0.5 -0.70710677
vn 0.26028228 -0.26028228 -0.9297883
vn 0.82394266 -0.56667316 -0.00000000039313405
vn 0.70685136 -0.70736206 0.000000014993962
vn 0.8153273 -0.55420333 -0.16763085
vn 0.9047959 -0.3914608 -0.16763897
vn 0.9177845 -0.39707875 -0.000000004385058
vn 1 -0.0000074228924 -0.0000000006033587
vn 0.97876984 -0.20496233 -0.0000000022523496
vn 0.96286577 -0.19948241 -0.18192372
vn 0.9833098 -0.00000852536 -0.18193908
vn 0.9628675 0.19947378 -0.18192425
vn 0.9787718 0.20495301 0.00000000423329
vn 0.9047782 0.3915017 -0.16763908
vn 0.8153314 0.5541976 -0.16762963
vn 0.8239492 0.5666637 0.000000006295162
vn 0.9177672 0.39711884 -0.00000000759798
vn 0.70710677 0.7071068 -0.000000009426757
vn 0.6971004 0.69710034 -0.167637
vn 0.3971188 0.9177672 0.000000038601385
vn 0.5666637 0.8239492 -0.000000007602396
vn 0.5541976 0.8153314 -0.16762967
vn 0.20495303 0.9787718 -0.000000009334711
vn 0.3915017 0.9047782 -0.16763909
vn 0.19947375 0.9628675 -0.18192421
vn -0.0000074229083 1 -0.0000000077718125
vn -0.00000852877 0.9833098 -0.18193913
vn -0.19948243 0.96286577 -0.1819237
vn -0.20496234 0.97876984 0.000000007916015
vn -0.39707878 0.9177845 0.000000008399937
vn -0.39146084 0.9047959 -0.16763899
vn -0.70710677 0.7071068 -0.000000009426757
vn -0.56667316 0.82394266 0.0000000002294882
vn -0.55420333 0.8153273 -0.16763088
vn -0.70710677 0.7071068 -0.000000009426757
vn -0.70710677 0.7071068 -0.000000009426757
vn -0.70710677 0.7071068 -0.000000009426757
vn -0.70710677 0.7071068 -0.000000009426757
vn -0.70710677 0.7071068 -0.000000009426757
vn -0.70710677 0.7071068 -0.000000009426757
vn -0.70710677 0.7071068 -0.000000009426757
vn 0.000000000003857131 -0.0000000077718125 -1
vn 0.0000000000020450863 -0.0000000077718125 -1
vn -0.70710677 0.7071068 -0.000000009426757
vn -0.70710677 0.7071068 -0.000000009426757
vn -0.70710677 0.7071068 -0.000000009426757
vn -0.70710677 0.7071068 -0.000000009426757
vn -0.70710677 0.7071068 -0.000000009426757
vn -0.70685136 0.70736206 -0.000000014993962
vn -0.00000000000041226565 -0.0000000077718125 -1
vn -0.0000000000001367351 -0.0000000077718125 -1
vn -0.00000000000009121818 -0.0000000077718125 -1
vn -0.0000000000010978995 -0.0000000077718125 -1
vn -0.000000000000009847677 -0.0000000077718125 -1
vn 0.00000000000028599692 -0.0000000077718125 -1
vn 0.0000000000003756204 -0.0000000077718125 -1
vn 0.000000000000037761264 -0.0000000077718125 -1
vn -0.0000000000002574873 -0.0000000077718125 -1
vn -0.00000000000019816633 -0.0000000077718125 -1
vn 0.00000000000003726084 -0.0000000077718125 -1
vn 0.00000000000015896571 -0.0000000077718125 -1
vn -0.000000000000000006329475 -0.0000000077718125 -1
vn 0.0000000000001077166 -0.0000000077718125 -1
vn 0.00000000000030629297 -0.0000000077718125 -1
vn -0.00000000000036772926 -0.0000000077718125 -1
vn -0.8153273 0.55420333 -0.16763085
vn -0.9047959 0.3914608 -0.16763897
vn -0.9177845 0.39707875 0.000000004385058
vn -0.82394266 0.56667316 0.00000000039313405
vn -0.97876984 0.20496233 0.0000000022523496
vn -1 0.0000074229124 -0.00000000060807603
vn -0.9628675 -0.19947375 -0.18192422
vn -0.9787718 -0.20495301 0.00000000060807603
vn -0.9177672 -0.39711884 0.00000000759798
vn -0.9047782 -0.3915017 -0.16763908
vn -0.96286577 0.19948243 -0.1819237
vn -0.8153314 -0.5541976 -0.16762966
vn -0.8239492 -0.5666637 -0.00000000759798
vn -0.6971004 -0.69710034 -0.16763699
vn -0.55419767 -0.8153314 -0.16762961
vn -0.3971188 -0.9177672 -0.000000007602396
vn -0.5666637 -0.8239492 0.000000007602396
vn -0.3915017 -0.9047782 -0.16763908
vn -0.20495303 -0.9787718 0.000000009334711
vn -0.9833098 0.000008525014 -0.18193908
vn -0.19947375 -0.9628675 -0.18192422
vn 0.000008528767 -0.9833098 -0.18193911
vn 0.0000074228906 -1 0.0000000077718125
vn 0.20496234 -0.97876984 -0.000000007916015
vn 0.19948244 -0.96286577 -0.18192375
vn 0.39707878 -0.9177845 -0.000000008399937
vn 0.39146084 -0.9047959 -0.16763893
vn 0.7071068 -0.70710677 0.000000013419511
vn 0.56667316 -0.82394266 -0.0000000002294882
vn 0.55420333 -0.8153273 -0.1676308
vn 0.7071068 -0.70710677 0.000000013419511
vn 0.70710677 -0.7071068 0.000000009426757
vn 0.70710677 -0.7071068 0.000000009426757
vn 0.70710677 -0.7071068 0.000000009426757
vn 0.70710677 -0.7071068 0.000000009426757
vn 0.70710677 -0.7071068 0.000000009426757
vn 0.70710677 -0.7071068 0.000000009426757
vn -0.0000000000002475456 -0.0000000077718125 -1
vn 0.00000000000059471606 -0.0000000077718125 -1
vn 0.00000000000020728555 -0.0000000077718125 -1
vn -0.0000000000009821853 -0.0000000077718125 -1
vn -0.00000000000055968045 -0.0000000077718125 -1
vn 0.00000000000035805338 -0.0000000077718125 -1
vn 0.00000000000044101726 -0.0000000077718125 -1
vn 0.00000000000036474323 -0.0000000077718125 -1
vn 0.0000000000005619955 -0.0000000077718125 -1
vn 0.00000000000052165336 -0.0000000077718125 -1
vn 0.0000000000001391192 -0.0000000077718125 -1
vn 0.0000000000000000022881633 -0.0000000077718125 -1
vn 0.0000000000027233216 -0.0000000077718125 -1
vn 0.00000000000011290658 -0.0000000077718125 -1
vn -0.00000000000018781413 -0.0000000077718125 -1
vn -0.0000000000009246169 -0.0000000077718125 -1
vn 0.70710677 0.7071068 -0.000000009426757
vn 0.8239692 0.5666346 -0.0000000050178874
vn 0.8239692 0.5666346 -0.0000000050178874
vn 0.70710677 0.7071068 -0.000000009426757
vn 0.9177419 0.3971773 0.000000005189567
vn 0.9787809 0.20490947 0.0000000007034277
vn 0.9787809 0.20490947 0.0000000007034277
vn 0.9177419 0.3971773 0.000000005189567
vn 1 0.0000000000016326694 0.000000000000000000028709643
vn 0.9787809 -0.20490947 -0.0000000007034277
vn 0.9787809 -0.20490947 -0.0000000007034277
vn 1 0.0000000000012472576 0.00000000000000000000926292
vn 0.9177419 -0.3971773 -0.000000005189567
vn 0.9177419 -0.3971773 -0.000000005189567
vn 0.8239692 -0.5666346 0.0000000050178874
vn 0.70710677 -0.7071068 0.000000009426757
vn 0.5666346 -0.8239692 0.000000011134277
vn 0.5666346 -0.8239692 0.000000011134277
vn 0.70710677 -0.7071068 0.000000009426757
vn 0.39717734 -0.9177419 -0.000000040413266
vn 0.20490947 -0.9787809 -0.00000000551022
vn 0.20490947 -0.9787809 -0.00000000551022
vn 0.39717734 -0.9177419 -0.000000040413266
vn -0.20490947 -0.9787809 -0.00000000551022
vn -0.000000000000012929784 -1 0.0000000077718125
vn 0 -1 0.0000000077718125
vn -0.20490947 -0.9787809 -0.00000000551022
vn -0.39717734 -0.9177419 -0.000000011134277
vn -0.39717734 -0.9177419 0.00000000551022
vn -0.5666346 -0.8239692 0.000000011134277
vn -0.5666346 -0.8239692 0.000000011134277
vn 0.8239692 -0.5666346 0.0000000050178874
vn -0.70710677 -0.7071068 0.000000009426757
vn -0.70710677 -0.7071068 0.000000009426757
vn -0.70710677 -0.7071068 0.000000009426757
vn -0.70710677 -0.7071068 0.000000009426757
vn -0.70710677 -0.7071068 0.000000009426757
vn -0.70710677 -0.7071068 0.000000009426757
vn -0.70710677 -0.7071068 0.000000009426757
vn -0.70710677 -0.7071068 0.000000009426757
vn -0.70710677 -0.7071068 0.000000009426757
vn -0.70710677 -0.7071068 0.000000009426757
vn -0.70710677 -0.7071068 0.000000009426757
vn -0.70710677 -0.7071068 0.000000009426757
vn -0.70710677 -0.7071068 0.000000009426757
vn -0.70710677 -0.7071068 0.000000009426757
vn -0.70710677 -0.7071068 0.000000009426757
vn -0.70710677 -0.7071068 0.000000009426757
vn -0.70710677 -0.7071068 0.000000009426757
vn -0.70710677 -0.7071068 0.000000009426757
vn -0.70710677 -0.7071068 0.000000009426757
vn -0.70710677 -0.7071068 0.000000009426757
vn -0.70710677 -0.7071068 0.000000009426757
vn -0.70710677 -0.7071068 0.000000009426757
vn -0.70710677 -0.7071068 0.000000009426757
vn -0.70710677 -0.7071068 0.000000009426757
vn -0.70710677 -0.7071068 0.000000009426757
vn -0.70710677 -0.7071068 0.000000009426757
vn -0.70710677 -0.7071068 0.000000009426757
vn -0.70710677 -0.7071068 0.000000009426757
vn -0.70710677 -0.7071068 0.000000009426757
vn -0.70710677 -0.7071068 0.000000009426757
vn -0.70710677 -0.7071068 0.000000009426757
vn -0.70710677 -0.7071068 0.000000009426757
vn -0.70710677 -0.7071068 0.000000009426757
vn -0.70710677 -0.7071068 0.000000009426757
vn 0.9177419 -0.3971773 -0.000000005189567
vn -0.00000000000012643902 -1 0.0000000077718125
vn -0.70710677 -0.7071068 0.000000009426757
vn -0.70710677 -0.7071068 0.000000009426757
vn -0.8239692 -0.5666346 0.0000000050178874
vn -0.8239692 -0.5666346 0.0000000050178874
vn -0.9177419 -0.3971773 -0.000000009426757
vn -0.9787809 -0.20490947 -0.0000000007034277
vn -1 0.0000000000014228154 -0.000000000000000000025686168
vn -1 0.0000000000012146045 -0.00000000000000000001226345
vn -0.9787809 -0.20490947 -0.0000000007034277
vn -0.9177419 -0.3971773 0.0000000007034277
vn -0.9787809 0.20490947 0.0000000007034277
vn -0.9177419 0.3971773 0.000000005189567
vn -0.9177419 0.3971773 0.000000005189567
vn -0.9787809 0.20490947 0.0000000007034277
vn -0.8239692 0.5666346 -0.0000000050178874
vn -0.70710677 0.7071068 -0.000000009426757
vn -0.70710677 0.7071068 -0.000000009426757
vn -0.8239692 0.5666346 -0.0000000050178874
vn -0.5666346 0.8239692 -0.000000011134277
vn -0.39717734 0.9177419 0.000000040413266
vn -0.39717734 0.9177419 0.000000040413266
vn -0.5666346 0.8239692 -0.000000011134277
vn -0.0000000000000067109565 1 -0.0000000077718125
vn -0.20490947 0.9787809 0.00000000551022
vn -0.00000000000000013432624 1 -0.0000000077718125
vn -0.20490947 0.9787809 0.00000000551022
vn 0.20490947 0.9787809 0.00000000551022
vn 0.20490947 0.9787809 0.00000000551022
vn 0.5666346 0.8239692 -0.000000011134277
vn 0.39717734 0.9177419 0.000000040413266
vn 0.5666346 0.8239692 -0.000000011134277
vn 0.39717734 0.9177419 0.000000040413266
vn 0.70710677 0.7071068 -0.000000009426757
vn 0.70710677 0.7071068 -0.000000009426757
vn 0.70710677 0.7071068 -0.000000009426757
vn 0.70710677 0.7071068 -0.000000009426757
vn 0.70710677 0.7071068 -0.000000009426757
vn 0.70710677 0.7071068 -0.000000009426757
vn 0.70710677 0.7071068 -0.000000009426757
vn 0.70710677 0.7071068 -0.000000009426757
vn 0.70710677 0.7071068 -0.000000009426757
vn 0.70710677 0.7071068 -0.000000009426757
vn 0.70710677 0.7071068 -0.000000009426757
vn 0.70710677 0.7071068 -0.000000009426757
vn 0.70710677 0.7071068 -0.000000009426757
vn 0.70710677 0.7071068 -0.000000009426757
vn 0.70710677 0.7071068 -0.000000009426757
vn 0.70710677 0.7071068 -0.000000009426757
vn 0.70710677 0.7071068 -0.000000009426757
vn 0.70710677 0.7071068 -0.000000009426757
vn 0.70710677 0.7071068 -0.000000009426757
vn 0.70710677 0.7071068 -0.000000009426757
vn 0.70710677 0.7071068 -0.000000009426757
vn 0.70710677 0.7071068 -0.000000009426757
vn 0.70710677 0.7071068 -0.000000009426757
vn 0.70710677 0.7071068 -0.000000009426757
vn 0.70710677 0.7071068 -0.000000009426757
vn 0.70710677 0.7071068 -0.000000009426757
vn 0.70710677 0.7071068 -0.000000009426757
vn 0.70710677 0.7071068 -0.000000009426757
vn 0.70710677 0.7071068 -0.000000009426757
vn 0.70710677 0.7071068 -0.000000009426757
vn 0.70710677 0.7071068 -0.000000009426757
vn 0.70710677 0.7071068 -0.000000009426757
vn 0.70710677 0.7071068 -0.000000009426757
vn -0.8239692 -0.5666346 0.0000000050178874
vn -0.00000000000012600568 1 -0.0000000077718125
vn 0.5666346 0.8239692 -0.000000011134277
vn 0.70710677 0.7071068 -0.000000009426757
vn 0.65769696 0.6572222 -0.36809465
vn 0.6574596 0.6574596 -0.36809468
vn 0.5 0.49999997 -0.70710677
vn 0.50018054 0.49981946 -0.70710677
vn 0.26028228 0.26028234 -0.9297883
vn 0.26037624 0.26018828 -0.9297883
vn 0.522689 0.7689643 -0.36808982
vn 0.39750874 0.58480287 -0.7071014
vn 0.20693009 0.3044293 -0.9297864
vn 0.3691987 0.8533408 -0.36810568
vn 0.2807732 0.64896005 -0.707119
vn 0.14615873 0.3378213 -0.92979264
vn 0.1886251 0.9104594 -0.3680818
vn 0.14345208 0.6924174 -0.7070924
vn 0.07467717 0.36045325 -0.92978317
vn 0.000008064349 0.9297824 -0.36810955
vn 0.000006132838 0.70709026 -0.70712334
vn 0.0000031924926 0.36807984 -0.9297942
vn -0.18861686 0.91046077 -0.36808267
vn -0.14344566 0.6924177 -0.7070934
vn -0.07467375 0.36045304 -0.9297835
vn -0.36923724 0.853324 -0.36810592
vn -0.28080243 0.6489471 -0.7071192
vn -0.14617391 0.3378145 -0.92979276
vn -0.522684 0.7689688 -0.36808753
vn -0.39750603 0.5848079 -0.70709884
vn -0.20692924 0.30443275 -0.92978543
vn -0.65745765 0.65745765 -0.36810175
vn -0.4999944 0.49999446 -0.70711464
vn -0.26027727 0.26027727 -0.9297911
vn -0.7689688 0.522684 -0.36808753
vn -0.5848079 0.39750603 -0.7070988
vn -0.30443275 0.2069292 -0.92978543
vn -0.853324 0.3692372 -0.36810595
vn -0.6489471 0.28080243 -0.7071192
vn -0.3378145 0.1461739 -0.92979276
vn -0.91046077 0.18861684 -0.3680827
vn -0.6924177 0.14344566 -0.7070934
vn -0.36045307 0.0746737 -0.9297835
vn -0.9297824 -0.000008064628 1
vn -0.70709026 -0.000006124134 -1
vn -0.36807984 -0.000003214213 -0.9297942
vn -0.9104594 -0.1886251 -0.3680818
vn -0.6924174 -0.14345211 -0.7070924
vn -0.36045328 -0.074677154 -0.92978317
vn -0.85334074 -0.36919874 -0.36810574
vn -0.64896005 -0.28077322 -0.7071189
vn -0.3378213 -0.14615868 -0.92979264
vn -0.7689643 -0.522689 -0.36808988
vn -0.58480287 -0.39750874 -0.7071014
vn -0.30442938 -0.2069301 -0.9297864
vn -0.6574596 -0.65745956 -0.3680947
vn -0.5 -0.5 -0.70710677
vn -0.26028225 -0.26028228 -0.9297883
vn -0.65769696 -0.6572222 -0.36809468
vn -0.50018054 -0.49981946 -0.70710677
vn -0.26037624 -0.26018828 -0.9297883
vn -0.522689 -0.7689643 -0.36808988
vn -0.39750874 -0.58480287 -0.7071014
vn -0.20693009 -0.30442935 -0.9297864
vn -0.3691987 -0.8533408 -0.36810565
vn -0.2807732 -0.64896005 -0.707119
vn -0.14615871 -0.3378213 -0.92979264
vn -0.18862511 -0.9104594 -0.36808187
vn -0.14345208 -0.6924174 -0.7070924
vn -0.07467717 -0.36045325 -0.92978317
vn -0.000008064352 -0.9297824 1
vn -0.0000061328415 -0.70709026 -1
vn -0.0000031924933 -0.3680798 -0.9297942
vn 0.18861686 -0.91046077 -0.3680827
vn 0.14344566 -0.6924177 -0.7070934
vn 0.07467374 -0.36045307 -0.9297835
vn 0.36923727 -0.853324 -0.36810598
vn 0.28080243 -0.6489471 -0.7071192
vn 0.14617391 -0.33781448 -0.92979276
vn 0.522684 -0.7689688 -0.36808753
vn 0.39750606 -0.5848079 -0.7070988
vn 0.20692924 -0.30443278 -0.92978543
vn 0.65745765 -0.65745765 -0.3681018
vn 0.4999945 -0.49999446 -0.70711464
vn 0.26027727 -0.26027727 -0.9297911
vn 0.7689688 -0.522684 -0.3680875
vn 0.5848079 -0.39750603 -0.7070988
vn 0.30443275 -0.20692927 -0.92978543
vn 0.853324 -0.36923724 -0.36810592
vn 0.6489471 -0.28080246 -0.7071192
vn 0.3378145 -0.1461739 -0.92979276
vn 0.91046077 -0.18861684 -0.3680827
vn 0.6924177 -0.14344566 -0.7070934
vn 0.36045304 -0.07467371 -0.9297835
vn 0.9297824 0.000008067366 -0.3681096
vn 0.70709026 0.0000061337114 -0.7071233
vn 0.36807984 0.0000031698826 -0.9297942
vn 0.9104594 0.1886251 -0.3680818
vn 0.6924174 0.14345211 -0.7070924
vn 0.36045325 0.074677154 -0.92978317
vn 0.85334074 0.36919874 -0.36810574
vn 0.64896005 0.2807732 -0.707119
vn 0.3378213 0.14615875 -0.92979264
vn 0.7689643 0.522689 -0.36808985
vn 0.58480287 0.39750877 -0.7071014
vn 0.30442932 0.20693004 -0.9297864
vn 0.6572222 0.65769696 -0.36809468
vn 0.49981946 0.50018054 -0.70710677
vn 0.26018828 0.26037627 -0.9297883
vn 0.70710677 0.7071068 -0.000000009426757
vn 0.70736206 0.70685136 0.00000001396451
vn 0.55420333 0.8153273 -0.16763088
vn 0.39146084 0.9047959 -0.16763899
vn 0.39707878 0.9177845 0.000000008399937
vn 0.56667316 0.82394266 0.0000000002294882
vn 0.20496234 0.97876984 0.000000007916015
vn 0.19948243 0.96286577 -0.1819237
vn 0.0000074228897 1 -0.0000000077718125
vn 0.000008528641 0.9833098 -0.18193913
vn -0.19947375 0.9628675 -0.18192421
vn -0.20495303 0.9787718 -0.000000009334711
vn -0.3971188 0.9177672 0.000000038601385
vn -0.3915017 0.9047782 -0.16763909
vn -0.70710677 0.7071068 -0.000000009426757
vn -0.5666637 0.8239492 -0.000000007602396
vn -0.6971004 0.69710034 -0.167637
vn -0.8153314 0.5541976 -0.16762963
vn -0.8239492 0.5666637 0.000000006295162
vn -0.5541976 0.8153314 -0.16762967
vn -0.9787718 0.20495301 0.00000000423329
vn -0.9177672 0.39711884 -0.00000000759798
vn -0.9047782 0.3915017 -0.16763908
vn -1 -0.0000074229083 -0.0000000006338604
vn -0.9628675 0.19947378 -0.18192425
vn -0.9177845 -0.39707875 0.0000000022523496
vn -0.97876984 -0.20496233 -0.0000000022523496
vn -0.9047959 -0.3914608 -0.16763897
vn -0.8153273 -0.55420333 -0.16763085
vn -0.82394266 -0.56667316 -0.0000000022523496
vn -0.9833098 -0.00000852536 -0.18193908
vn -0.96286577 -0.19948241 -0.18192372
vn -0.7071068 -0.70710677 0.000000013419511
vn 0.00000000000007541241 -0.0000000077718125 -1
vn -0.000000000000000055531195 -0.0000000077718125 -1
vn 0.000000000000028089364 -0.0000000077718125 -1
vn 0.000000000000016847994 -0.0000000077718125 -1
vn -0.00000000000006149903 -0.0000000077718125 -1
vn -0.000000000000000003504237 -0.0000000077718125 -1
vn -0.000000000000047569855 -0.0000000077718125 -1
vn -0.0000000000003226379 -0.0000000077718125 -1
vn -0.00000000000033528096 -0.0000000077718125 -1
vn -0.00000000000010079059 -0.0000000077718125 -1
vn -0.000000000000022591346 -0.0000000077718125 -1
vn -0.00000000000004533049 -0.0000000077718125 -1
vn 0.00000000000006192958 -0.0000000077718125 -1
vn -0.00000000000002301423 -0.0000000077718125 -1
vn -0.00000000000048191816 -0.0000000077718125 -1
vn -0.00000000000023363448 -0.0000000077718125 -1
vn 0.0000000000003969461 -0.0000000077718125 -1
vn -0.0000000000027235436 -0.0000000077718125 -1
vn -0.7071068 -0.70710677 0.000000013419511
vn -0.70710677 -0.7071068 0.000000009426757
vn -0.70710677 -0.7071068 0.000000009426757
vn -0.55420333 -0.8153273 -0.1676308
vn -0.70736206 -0.70685136 -0.00000001396451
vn -0.56667316 -0.82394266 -0.000000009426757
vn -0.39707878 -0.9177845 0.000000009426757
vn -0.39146084 -0.9047959 -0.16763893
vn -0.20496234 -0.97876984 -0.000000007916015
vn -0.19948244 -0.96286577 -0.18192375
vn -0.0000074229088 -1 0.0000000077718125
vn -0.000008528646 -0.9833098 -0.18193911
vn 0.19947375 -0.9628675 -0.18192422
vn 0.20495303 -0.9787718 0.000000009334711
vn 0.3971188 -0.9177672 -0.000000038601385
vn 0.3915017 -0.9047782 -0.16763908
vn 0.55419767 -0.8153314 -0.16762961
vn 0.6971004 -0.69710034 -0.16763699
vn 0.5666637 -0.8239492 0.000000007602396
vn 0.8239492 -0.5666637 -0.000000006295162
vn 0.9787718 -0.20495301 -0.00000000423329
vn 0.9177672 -0.39711884 0.00000000759798
vn 0.9047782 -0.3915017 -0.16763908
vn 0.9628675 -0.19947375 -0.18192422
vn 0.9833098 0.000008525014 -0.18193908
vn 1 0.000007422891 -0.000000000631353
vn 0.9177845 0.39707875 0.000000004385058
vn 0.97876984 0.20496233 0.0000000022523496
vn 0.9047959 0.3914608 -0.16763897
vn 0.8153273 0.55420333 -0.16763085
vn 0.82394266 0.56667316 0.00000000039313405
vn 0.96286577 0.19948243 -0.1819237
vn 0.8153314 -0.5541976 -0.16762966
vn 0.70710677 0.7071068 -0.000000009426757
vn -0.00000000000083169073 -0.0000000077718125 -1
vn 0.0000000000005987468 -0.0000000077718125 -1
vn 0.0000000000002599878 -0.0000000077718125 -1
vn 0.000000000000092935066 -0.0000000077718125 -1
vn 0.0000000000000000068112343 -0.0000000077718125 -1
vn -0.0000000000002366554 -0.0000000077718125 -1
vn -0.00000000000045502214 -0.0000000077718125 -1
vn -0.00000000000030648487 -0.0000000077718125 -1
vn 0.00000000000009990085 -0.0000000077718125 -1
vn 0.00000000000034891694 -0.0000000077718125 -1
vn 0.00000000000037238105 -0.0000000077718125 -1
vn 0.00000000000031288578 -0.0000000077718125 -1
vn 0.0000000000003106572 -0.0000000077718125 -1
vn 0.00000000000041384937 -0.0000000077718125 -1
vn 0.0000000000003555434 -0.0000000077718125 -1
vn 0.000000000000076292996 -0.0000000077718125 -1
vn 0.00000000000007541241 -0.0000000077718125 -1
vn 1 0 0
vn 1 0 0
vn 1 0 0
vn 1 0 0
vn 1 -0.000000000000008319735 0.00000000000000000000021822962
vn 1 0 0
vn 1 0 0
vn 1 0 0
vn 1 0 0
vn 1 0 0
vn 0.0000000000000004440892 1 -0.0000000077718125
vn 0 1 -0.0000000077718125
vn 0 1 -0.0000000077718125
vn 0.000000000000004440892 1 -0.0000000077718125
vn 0 1 -0.0000000077718125
vn 0.8174454 -0.5760061 0.0000000032949026
vn 0.8174454 -0.5760061 0.0000000032949026
vn 0.8174454 -0.5760061 0.0000000032949026
vn 0.8174454 -0.5760061 0.0000000032949026
vn 0.8174454 -0.5760061 0.0000000032949026
vn 0.8174454 -0.5760061 0.0000000032949026
vn 0.8174454 -0.5760061 0.0000000032949026
vn 0.8174454 -0.5760061 0.0000000032949026
vn 0.8174454 -0.5760061 0.0000000032949026
vn 0.8174454 -0.5760061 0.0000000032949026
vn 0.8174454 -0.5760061 0.0000000032949026
vn 0.8174454 -0.5760061 0.0000000032949026
vn 0.8174454 -0.5760061 0.0000000032949026
vn 0.8174454 -0.5760061 0.0000000032949026
vn 0.8174454 -0.5760061 0.0000000032949026
vn 0.8174454 -0.5760061 0.0000000032949026
vn 0.8174454 -0.5760061 0.0000000032949026
vn 0.8174454 -0.5760061 0.0000000032949026
vn 0.8174454 -0.5760061 0.0000000032949026
vn 0.8174454 -0.5760061 0.0000000032949026
vn 0.8174454 -0.5760061 0.0000000032949026
vn 0.8174454 -0.5760061 0.0000000032949026
vn 0.8174454 -0.5760061 0.0000000032949026
vn 0.8174454 -0.5760061 0.0000000032949026
vn 0.8174454 -0.5760061 0.0000000032949026
vn 0.8174454 -0.5760061 0.0000000032949026
vn 0.8174454 -0.5760061 0.0000000032949026
vn -0.14702676 -0.9891325 -0.0000000072987505
vn -0.17541362 -0.9844948 0.0000000141387
vn -0.17541362 -0.9844948 0.0000000141387
vn -0.11780697 -0.9930365 0.0000000072987505
vn -0.11780697 -0.9930365 0.0000000072987505
vn -0.112222426 -0.9936831 -0.0000000002378372
vn -0.099213205 -0.9950662 0.0000000002378372
vn -0.099213205 -0.9950662 0.0000000002378372
vn -0.060932565 -0.9981419 -0.0000000077718125
vn 0.00008551724 -1 0.0000000077718125
vn 0.00008551724 -1 0.0000000077718125
vn -0.23799148 -0.9712672 -0.0000000021845066
vn -0.23476484 -0.9720522 0.0000000021845066
vn -0.23799148 -0.9712672 -0.00000000289036
vn -0.2524396 -0.9676127 0.0000000021845066
vn -0.2524396 -0.9676127 0.00000000289036
vn -0.2525822 -0.96757543 0.000000014999445
vn -0.2613748 -0.9652374 -0.0000000141387
vn -0.26347008 -0.96466756 -0.000000008287328
vn -0.2613748 -0.9652374 -0.000000014999445
vn -0.29014102 -0.9569839 0.000000008287328
vn -0.29014102 -0.9569839 -0.00000000289036
vn -0.30728245 -0.9516184 0.000000019261192
vn -0.31078675 -0.9504797 0.00000000289036
vn -0.31078675 -0.9504797 0.00000000289036
vn -0.33323395 -0.94284415 0.000000015220309
vn -0.3565261 -0.93428534 0.00000000968287
vn -0.3565261 -0.93428534 0.00000000968287
vn -0.41778767 -0.9085447 0.000000005725057
vn -0.41778767 -0.9085447 0.000000005725057
vn -0.41835546 -0.90828335 0.000000015995825
vn -0.3907914 -0.9204793 -0.00000000968287
vn -0.42968008 -0.9029812 -0.000000015995825
vn -0.36231825 -0.93205446 -0.00000000968287
vn -0.060932565 -0.9981419 -0.0000000002378372
vn 0.00008551724 -1 0.0000000077718125
vn -0.18140906 -0.98340774 0.0000000011049648
vn -0.20045431 -0.97970307 0.0000000028052822
vn -0.20045431 -0.97970307 0.0000000028052822
vn -0.22249997 -0.9749327 0.00000001439418
vn -0.07388361 -0.9972669 0.0000000077718125
vn -0.14702676 -0.9891325 -0.0000000072987505
vn -0.22249997 -0.9749327 0.00000001439418
vn -0.43651935 -0.89969486 0.000000006087087
vn -0.43651935 -0.89969486 0.000000006087087
vn -0.37148884 -0.9284374 -0.000000015220309
vn -0.44020057 -0.89789945 -0.000000006087087
vn -0.33323395 -0.94284415 0.000000015220309
vn -0.37148884 -0.9284374 0.00000000968287
vn -0.44673017 -0.89466876 0.000000014248491
vn -0.44673017 -0.89466876 0.000000014248491
vn -0.44522247 -0.89542 0.000000006087087
vn -0.45866662 -0.88860846 -0.000000015522694
vn -0.4582934 -0.888801 0.000000018096701
vn -0.4582934 -0.888801 0.000000018096701
vn -0.46920308 -0.88309026 0.000000015522694
vn -0.4885917 -0.8725126 -0.0000000144539705
vn -0.4885917 -0.8725126 -0.0000000144539705
vn -0.48623574 -0.8738277 -0.000000014097087
vn -0.47679836 -0.8790127 -0.00000000252083
vn -0.47942072 -0.8775852 0.000000014097087
vn -0.47679836 -0.8790127 -0.00000000252083
vn -0.5005838 -0.8656881 -0.0000000018954585
vn -0.49395108 -0.86948967 0.0000000010923249
vn -0.5005838 -0.8656881 -0.0000000018954585
vn -0.4501185 -0.89296883 0.000000012921813
vn -0.5506562 -0.8347321 0.000000060941794
vn -0.55101913 -0.8344926 -0.000000060941794
vn -0.5506562 -0.8347321 0.000000060941794
vn -0.51612663 -0.8565123 -0.00000001648283
vn -0.5008651 -0.86552536 0.00000001648283
vn -0.52312726 -0.85225457 0.00000001648283
vn -0.52312726 -0.85225457 -0.0000000065173733
vn -0.5266812 -0.8500629 -0.00000000074884027
vn -0.53115076 -0.84727734 0.000000004281182
vn -0.53115076 -0.84727734 0.000000004281182
vn -0.5434112 -0.83946663 0.000000004281182
vn -0.5434112 -0.83946663 -0.00000004020378
vn -0.5421322 -0.8402932 0.00000004020378
vn -0.5589678 -0.82918936 0.0000000065173733
vn -0.56033516 -0.82826596 0.0000000065173733
vn -0.56033516 -0.82826596 -0.0000000065173733
vn -0.53778243 -0.8430836 -0.000000008482815
vn -0.53778243 -0.8430836 -0.000000004281182
vn -0.45099154 -0.89252824 -0.0000000067413057
vn -0.45099154 -0.89252824 -0.0000000067413057
vn -0.4582934 -0.888801 0.000000018096701
vn -0.46920308 -0.88309026 0.0000000067413057
vn -0.4722294 -0.8814757 -0.00000000544935
vn -0.5551079 -0.83177835 0.000000016626911
vn -0.5551079 -0.83177835 0.000000016626911
vn -0.5357305 -0.844389 0.000000008482815
vn -0.5557142 -0.8313734 -0.0000000065173733
vn -0.56033516 -0.82826596 0.0000000065173733
vn -0.56033516 -0.82826596 -0.0000000065173733
vn -0.56033516 -0.82826596 -0.0000000065173733
vn -0.56033516 -0.82826596 0.0000000065173733
vn -0.56033516 -0.82826596 -0.000000016626911
vn -0.82826596 0.56033516 -0.0000000012374698
vn -0.82826596 0.56033516 -0.0000000012374698
vn -0.82826596 0.56033516 -0.0000000012374698
vn -0.82826596 0.56033516 -0.0000000012374698
vn -0.82826596 0.56033516 -0.0000000012374698
vn -0.82826596 0.56033516 -0.0000000012374698
vn -0.82826596 0.56033516 -0.0000000012374698
vn -0.82826596 0.56033516 -0.0000000012374698
vn -0.82826596 0.56033516 -0.0000000012374698
vn -0.82826596 0.56033516 -0.0000000012374698
vn -0.82826596 0.56033516 -0.0000000012374698
vn -0.82826596 0.56033516 -0.0000000012374698
vn -0.82826596 0.56033516 -0.0000000012374698
vn -0.82826596 0.56033516 -0.0000000012374698
vn -0.82826596 0.56033516 -0.0000000012374698
vn -0.82826596 0.56033516 -0.0000000012374698
vn -0.82826596 0.56033516 -0.0000000012374698
vn -0.82826596 0.56033516 -0.0000000012374698
vn -0.82826596 0.56033516 -0.0000000012374698
vn -0.82826596 0.56033516 -0.0000000012374698
vn -0.82826596 0.56033516 -0.0000000012374698
vn -0.82826596 0.56033516 -0.0000000012374698
vn -0.82826596 0.56033516 -0.0000000012374698
vn -0.82826596 0.56033516 -0.0000000012374698
vn -0.82826596 0.56033516 -0.0000000012374698
vn -0.82826596 0.56033516 -0.0000000012374698
vn -0.82826596 0.56033516 -0.0000000012374698
vn -0.82826596 0.56033516 -0.0000000012374698
vn -0.82826596 0.56033516 -0.0000000012374698
vn -0.82826596 0.56033516 -0.0000000012374698
vn -0.82826596 0.56033516 -0.0000000012374698
vn 0.57595414 -0.817482 -0.000000006951909
vn 0.5760061 -0.8174454 0.0000000008086779
vn 0.5760061 -0.8174454 0.0000000008086779
vn 0.5758969 -0.81752235 0.0000000019648974
vn 0.5760061 -0.8174454 0.0000000008086779
vn 0.57576656 -0.81761414 -0.000000007598017
vn 0.5758344 -0.81756634 0.0000000057422818
vn 0.5760061 -0.8174454 0.0000000008086779
vn 0.5756935 -0.8176656 0.0000000037245842
vn 0.5754425 -0.81784225 0.00000000072339545
vn 0.5755314 -0.81777966 0.00000001679732
vn 0.5756151 -0.8177208 0.0000000019222561
vn 0.5754425 -0.81784225 0.00000000072339545
vn 0.5750797 -0.8180974 -0.000000015526213
vn 0.57527924 -0.8179571 -0.000000004314595
vn 0.5748437 -0.81826323 -0.000000007101892
vn 0.5745714 -0.81845444 -0.00000000085844415
vn 0.5760061 -0.8174454 0.0000000008086779
vn 0.5760061 -0.8174454 0.0000000008086779
vn 0.5760061 -0.8174454 0.0000000008086779
vn 0.5742997 -0.8186452 0.000000007524714
vn 0.5745714 -0.81845444 -0.00000000085844415
vn 0.57396257 -0.8188816 -0.0000000027048912
vn 0.57396257 -0.8188816 -0.0000000027048912
vn 0.57360715 -0.81913054 -0.000000016947832
vn 0.5731839 -0.8194268 0.000000013220529
vn 0.5731839 -0.8194268 0.000000013220529
vn 0.5727361 -0.8197398 -0.000000005691409
vn 0.5721798 -0.8201282 -0.0000000050497335
vn 0.5721798 -0.8201282 -0.0000000050497335
vn 0.5690985 -0.8222694 0.0000000018220905
vn 0.5708639 -0.8210447 -0.000000004852782
vn 0.5690985 -0.8222694 0.0000000018220905
vn 0.56783736 -0.82314074 -0.000000015302982
vn 0.56783736 -0.82314074 -0.000000015302982
vn 0.5708639 -0.8210447 -0.000000004852782
vn 0.56496376 -0.82511574 0.000000007101045
vn 0.56091535 -0.8278732 -0.000000016704917
vn 0.56091535 -0.8278732 -0.000000016704917
vn 0.56496376 -0.82511574 0.000000007101045
vn 0.56035024 -0.8282558 -0.000000016196283
vn 0.56035024 -0.8282558 -0.000000016196283
vn 0.56035024 -0.8282558 -0.000000016196283
vn 0.5690985 -0.8222694 0.0000000018220905
vn 0.56783736 -0.82314074 -0.000000015302982
vn 0.56496376 -0.82511574 0.000000007101045
vn 0.56091535 -0.8278732 -0.000000016704917
vn 0.56035024 -0.8282558 -0.000000016196283
vn 0.56035024 -0.8282558 -0.000000016196283
vn 0.56035024 -0.8282558 -0.000000016196283
vn 0.56035024 -0.8282558 -0.000000016196283
vn 0.2143261 -0.3136818 -0.92502326
vn 0.10778096 -0.15774523 -0.9815802
vn 0.10939614 -0.15662943 -0.9815802
vn 0.21753795 -0.31146294 -0.9250233
vn 0.31476852 -0.46068668 -0.8298726
vn 0.31948563 -0.45742795 -0.82987267
vn 0.40304673 -0.5898883 -0.6997036
vn 0.40908685 -0.58571565 -0.6997036
vn 0.474561 -0.6945547 -0.54072696
vn 0.48167285 -0.68964165 -0.540727
vn 0.52556896 -0.76920855 -0.36344945
vn 0.5334452 -0.7637674 -0.3634495
vn 0.5549727 -0.81224316 -0.17962831
vn 0.56328964 -0.80649763 -0.17962831
vn 0.10999384 -0.15621027 -0.9815802
vn 0.2187265 -0.31062937 -0.9250233
vn 0.32123116 -0.4562038 -0.82987267
vn 0.41132194 -0.5841482 -0.6997036
vn 0.48430458 -0.687796 -0.540727
vn 0.5363597 -0.7617235 -0.3634495
vn 0.56636727 -0.80433935 -0.17962831
vn 0.01631458 -0.22020943 -0.97531617
vn -0.00002095792 -0.24833883 0.96867293
vn 0.00000000000000031110363 -0.0000000077718125 -1
vn -0.000000000000012229917 -0.0000000077718125 -1
vn 0.0000000000000040803402 -0.0000000077718125 -1
vn -0.000000000000017621177 -0.0000000077718125 -1
vn 0.034651782 -0.18788055 -0.98158044
vn 0.044859417 -0.18570857 -0.9815803
vn 0.000000000000011587959 -0.0000000077718125 -1
vn -0.000000000000013654581 -0.0000000077718125 -1
vn 0.058713004 -0.18180433 -0.9815803
vn -0.000000000000015103151 -0.0000000077718125 -1
vn 0.00000000000000034233257 -0.0000000077718125 -1
vn 0.069213174 -0.17807165 -0.9815804
vn 0.024778081 -0.21941257 -0.9753175
vn 0.036516313 -0.24564321 -0.9686723
vn 0.024637137 -0.24710883 -0.9686745
vn 0.02786753 -0.24677078 -0.9686731
vn 0.04355138 -0.24448495 -0.96867454
vn 0.018348683 -0.24766624 -0.9686716
vn 0.045043312 -0.24422368 -0.9686722
vn 0.049943812 -0.20675674 -0.9771168
vn 0.07205109 -0.23765923 -0.9686727
vn 0.05603984 -0.20518228 -0.9771181
vn 0.06269201 -0.24029818 -0.9686725
vn 0.082757175 -0.23414801 -0.9686723
vn 0.07718628 -0.23603368 -0.96867454
vn 0.08852655 -0.2320173 -0.9686749
vn 0.049784604 -0.24329615 -0.9686736
vn 0.076318674 -0.23632047 -0.96867335
vn 0.08208397 -0.17251831 -0.9815802
vn 0.000000000000010748223 -0.0000000077718125 -1
vn 0.10839898 -0.22344352 -0.96867055
vn 0.106693536 -0.22424106 -0.9686756
vn 0.09704617 -0.22858447 -0.96867496
vn -0.00000000000006761212 -0.0000000077718125 -1
vn 0.09568542 -0.165362 -0.9815802
vn 0.10376055 -0.22562666 -0.96867245
vn 0.10356972 -0.16054167 -0.9815802
vn -0.0000000000000016353716 -0.0000000077718125 -1
vn 0.13079637 -0.21109298 -0.96867543
vn 0.13189529 -0.21041816 -0.9686732
vn 0.11382521 -0.2207129 -0.9686742
vn 0.1368362 -0.20723063 -0.968675
vn 0.13674794 -0.20728946 -0.9686749
vn 0.12991957 -0.21164465 -0.96867305
vn 0.12816952 -0.21270308 -0.96867436
vn 0.11057113 -0.22235624 -0.96867526
vn 0.10933578 -0.22298618 -0.96867067
vn 0.10390227 -0.2255607 -0.96867263
vn 0.11175701 -0.22177556 -0.9686723
vn 0.11093206 -0.22217594 -0.9686754
vn 0.092261314 -0.23057063 -0.9686718
vn 0.11391609 -0.22066534 -0.9686743
vn 0.13462175 -0.2086749 -0.96867526
vn 0.13356128 -0.20936781 -0.9686726
vn 0.13493934 -0.20847867 -0.96867335
vn 0.11906293 -0.21793205 -0.9686742
vn 0.120747626 -0.21701032 -0.9686726
vn 0.116497524 -0.21931887 -0.9686731
vn 0.12437897 -0.21494955 -0.9686726
vn 0.118430935 -0.2182805 -0.96867317
vn 0.12430821 -0.2149902 -0.96867263
vn 0.12266833 -0.21592385 -0.968674
vn 0.11198312 -0.22166651 -0.96867114
vn 0.000000000000010258351 -0.0000000077718125 -1
vn 0.089969076 -0.23147246 -0.96867234
vn 0.12134541 -0.21667574 -0.96867275
vn 0.015127985 -0.24787878 -0.96867293
vn 0.029255752 -0.24661057 -0.968673
vn 0.06490996 -0.23970382 -0.9686737
vn 0.062727645 -0.24028882 -0.9686726
vn 0.065429695 -0.23956233 -0.96867377
vn 0.0552518 -0.24212027 -0.9686718
vn 0.059111167 -0.2411976 -0.9686741
vn 0.05831208 -0.24139944 -0.9686723
vn 0.117269225 -0.21891339 -0.9686717
vn 0.133048 -0.20969898 -0.96867156
vn 0.13915308 -0.20569062 -0.9686732
vn 0.13880633 -0.2059149 -0.9686753
vn 0.13786252 -0.20656775 -0.9686711
vn 0.2775349 -0.4102412 -0.8687212
vn 0.13801324 -0.20646147 -0.9686723
vn 0.0000000000000009278905 -0.0000000077718125 -1
vn -0.000000000000023033814 -0.0000000077718125 -1
vn 0.04939837 -0.070104964 -0.9963158
vn 0.39621705 -0.5856725 -0.70710665
vn 0.33990532 -0.5024347 -0.79499924
vn 0.2744779 -0.38952994 -0.87916344
vn 0.153059 -0.21721697 -0.9640486
vn 0.02435129 -0.034558795 -0.99910593
vn 0.07498535 -0.1064173 -0.99149007
vn 0.100929946 -0.14323711 -0.9845285
vn 0.12702788 -0.18027443 -0.9753794
vn 0.17879541 -0.25374115 -0.95060384
vn 0.20401049 -0.28952545 -0.9351763
vn 0.22848855 -0.3242637 -0.91795754
vn 0.25203374 -0.3576781 -0.8991915
vn 0.29568604 -0.4196276 -0.8581855
vn 0.31555966 -0.44783148 -0.83658177
vn 0.33403742 -0.47405437 -0.8146726
vn 0.35109344 -0.49825957 -0.7927615
vn 0.36673373 -0.5204557 -0.771124
vn 0.3809915 -0.54068977 -0.75000006
vn 0.4669012 -0.6626099 -0.5856205
vn 0.0000000000000014686495 -0.0000000077718125 -1
vn 0.56495833 -0.82511944 -0.0000000020311304
vn 0.5596606 -0.827268 -0.049067672
vn 0.5576374 -0.82427734 -0.09801708
vn 0.56016684 -0.8280162 -0.024541205
vn 0.5495689 -0.8123508 -0.19509022
vn 0.51768255 -0.7652178 -0.38268328
vn 0.5708698 -0.8210406 0.0000000024263498
vn 0.5691062 -0.822264 0.0000000035420915
vn 0.56092125 -0.8278692 0.000000008398275
vn 0.5603356 -0.82826567 0.0000000024671951
vn 0.5678309 -0.8231452 0.000000009073252
vn 0.5721795 -0.8201284 -0.000000017027995
vn 0.57318115 -0.8194287 0.0000000046616866
vn 0.572728 -0.8197455 0.0000000024271418
vn 0.5736159 -0.8191244 0.0000000028828957
vn 0.5739645 -0.8188802 -0.00000000027851382
vn 0.5742961 -0.8186476 -0.0000000071665927
vn 0.5750849 -0.8180937 -0.0000000063940377
vn 0.57484597 -0.8182616 0.000000011295502
vn 0.5745638 -0.8184598 -0.0000000025784452
vn 0.528929 -0.7506375 -0.39595142
vn 0.5758973 -0.81752205 -0.000000007873655
vn 0.57528067 -0.8179561 0.00000000395758
vn 0.5754388 -0.8178448 0.000000059468046
vn 0.57561487 -0.81772095 -0.000000010056006
vn 0.5755298 -0.8177808 0.0000000045323914
vn 0.575694 -0.8176652 -0.0000000021212134
vn 0.5758351 -0.81756586 0.000000007881992
vn 0.5757674 -0.81761354 0.0000000025272013
vn 0.5759539 -0.8174822 -0.000000014937417
vn 0.57600504 -0.8174462 0.000000008507519
vn -1 0 0
vn -1 0.00000000000005684342 -0.0000000000000000000004417764
vn -1 0 0
vn -1 0 0
vn -1 0.00000000000011368684 -0.0000000000000000000008835528
vn -1 0.00000000000011368684 -0.0000000000000000000008835528
vn -1 0.00000000000011368684 -0.0000000000000000000008835528
vn -1 -0.00000000000011368684 0.0000000000000000000008835528
vn -1 -0.00000000000005684342 0.0000000000000000000004417764
vn -1 -0.00000000000005684342 0.0000000000000000000004417764
vn 0 1 -0.0000000077718125
vn -0.00000000000005684342 1 -0.0000000077718125
vn -0.00000000000005684342 1 -0.0000000077718125
vn 0 1 -0.0000000077718125
vn -0.00000000000005684342 1 -0.0000000077718125
vn 0 1 -0.0000000077718125
vn -0.00000000000005684342 1 -0.0000000077718125
vn 0 1 -0.0000000077718125
vn 0 1 -0.0000000077718125
vn 0 1 -0.0000000077718125
vn -0.8239692 0.5666346 -0.0000000050178874
vn -0.8239692 0.5666346 -0.0000000050178874
vn -0.70710677 0.7071068 -0.000000009426757
vn -0.70710677 0.7071068 -0.000000009426757
vn -0.9177419 0.3971773 0.000000005189567
vn -0.9787809 0.20490947 0.0000000007034277
vn -0.9177419 0.3971773 0.000000005189567
vn -0.9787809 -0.20490947 -0.0000000007034277
vn -0.9787809 -0.20490947 -0.0000000007034277
vn -1 0.000000000000933564 -0.00000000000000000001463833
vn -1 0.000000000000466782 -0.000000000000000000007319165
vn -0.8239692 -0.5666346 0.0000000050178874
vn -0.8239692 -0.5666346 0.0000000050178874
vn -0.9177419 -0.3971773 -0.0000000050178874
vn -0.9177419 -0.3971773 0.0000000007034277
vn -0.9787809 0.20490947 0.0000000007034277
vn -0.5666346 -0.8239692 0.000000011134277
vn -0.5666346 -0.8239692 0.000000011134277
vn -0.70710677 -0.7071068 0.000000009426757
vn -0.70710677 -0.7071068 0.000000009426757
vn -0.20490947 -0.9787809 -0.00000000551022
vn -0.20490947 -0.9787809 -0.00000000551022
vn -0.39717734 -0.9177419 0.00000000551022
vn -0.39717734 -0.9177419 -0.000000011134277
vn 0.20490947 -0.9787809 -0.00000000551022
vn 0.20490947 -0.9787809 -0.00000000551022
vn -0.00000000000074757664 -1 0.0000000077718125
vn 0.000000000000012929784 -1 0.0000000077718125
vn 0.5666346 -0.8239692 0.000000011134277
vn 0.5666346 -0.8239692 0.000000011134277
vn 0.39717734 -0.9177419 -0.000000040413266
vn 0.39717734 -0.9177419 -0.000000040413266
vn 0.70710677 -0.7071068 0.000000009426757
vn 0.70710677 -0.7071068 0.000000009426757
vn 0.70710677 -0.7071068 0.000000009426757
vn 0.70710677 -0.7071068 0.000000009426757
vn 0.70710677 -0.7071068 0.000000009426757
vn 0.70710677 -0.7071068 0.000000009426757
vn 0.70710677 -0.7071068 0.000000009426757
vn 0.70710677 -0.7071068 0.000000009426757
vn 0.70710677 -0.7071068 0.000000009426757
vn 0.70710677 -0.7071068 0.000000009426757
vn 0.70710677 -0.7071068 0.000000009426757
vn 0.70710677 -0.7071068 0.000000009426757
vn 0.70710677 -0.7071068 0.000000009426757
vn 0.70710677 -0.7071068 0.000000009426757
vn 0.70710677 -0.7071068 0.000000009426757
vn 0.70710677 -0.7071068 0.000000009426757
vn 0.70710677 -0.7071068 0.000000009426757
vn 0.70710677 -0.7071068 0.000000009426757
vn 0.70710677 -0.7071068 0.000000009426757
vn 0.70710677 -0.7071068 0.000000009426757
vn 0.70710677 -0.7071068 0.000000009426757
vn 0.70710677 -0.7071068 0.000000009426757
vn 0.70710677 -0.7071068 0.000000009426757
vn 0.70710677 -0.7071068 0.000000009426757
vn 0.70710677 -0.7071068 0.000000009426757
vn -0.9177419 0.3971773 0.000000005189567
vn 0.70710677 -0.7071068 0.000000009426757
vn 0.70710677 -0.7071068 0.000000009426757
vn 0.8239692 -0.5666346 0.0000000050178874
vn 0.8239692 -0.5666346 0.0000000050178874
vn 0.9787809 -0.20490947 -0.0000000007034277
vn 0.9787809 -0.20490947 -0.0000000007034277
vn 0.9177419 -0.3971773 -0.000000005189567
vn 0.9177419 -0.3971773 -0.000000005189567
vn 0.9787809 0.20490947 0.0000000007034277
vn 0.9787809 0.20490947 0.0000000007034277
vn 1 0.0000000000016303515 0.000000000000000000015542414
vn 1 0.0000000000012736956 0.000000000000000000025708282
vn 0.70710677 0.7071068 -0.000000009426757
vn 0.70710677 0.7071068 -0.000000009426757
vn 0.8239692 0.5666346 -0.0000000050178874
vn 0.8239692 0.5666346 -0.0000000050178874
vn 0.9177419 0.3971773 0.000000005189567
vn 0.9177419 0.3971773 0.000000005189567
vn 0.20490947 0.9787809 0.00000000551022
vn 0.20490947 0.9787809 0.00000000551022
vn 0.39717734 0.9177419 0.000000040413266
vn 0.39717734 0.9177419 0.000000040413266
vn 0.5666346 0.8239692 -0.000000011134277
vn 0.5666346 0.8239692 -0.000000011134277
vn -0.20490947 0.9787809 0.00000000551022
vn -0.20490947 0.9787809 0.00000000551022
vn -0.00000000000046593214 1 -0.0000000077718125
vn 0.0000000000000067109565 1 -0.0000000077718125
vn -0.39717734 0.9177419 0.000000040413266
vn -0.5666346 0.8239692 -0.000000011134277
vn -0.5666346 0.8239692 -0.000000011134277
vn -0.70710677 0.7071068 -0.000000009426757
vn -0.70710677 0.7071068 -0.000000009426757
vn -0.39717734 0.9177419 0.000000040413266
vn -0.70710677 0.7071068 -0.000000009426757
vn -0.70710677 0.7071068 -0.000000009426757
vn -0.70710677 0.7071068 -0.000000009426757
vn -0.70710677 0.7071068 -0.000000009426757
vn -0.70710677 0.7071068 -0.000000009426757
vn -0.70710677 0.7071068 -0.000000009426757
vn -0.70710677 0.7071068 -0.000000009426757
vn -0.70710677 0.7071068 -0.000000009426757
vn -0.70710677 0.7071068 -0.000000009426757
vn -0.70710677 0.7071068 -0.000000009426757
vn -0.70710677 0.7071068 -0.000000009426757
vn -0.70710677 0.7071068 -0.000000009426757
vn -0.70710677 0.7071068 -0.000000009426757
vn -0.70710677 0.7071068 -0.000000009426757
vn -0.70710677 0.7071068 -0.000000009426757
vn -0.70710677 0.7071068 -0.000000009426757
vn -0.70710677 0.7071068 -0.000000009426757
vn -0.70710677 0.7071068 -0.000000009426757
vn -0.70710677 0.7071068 -0.000000009426757
vn -0.70710677 0.7071068 -0.000000009426757
vn -0.70710677 0.7071068 -0.000000009426757
vn -0.70710677 0.7071068 -0.000000009426757
vn -0.70710677 0.7071068 -0.000000009426757
vn 0.70710677 -0.7071068 0.000000009426757
vn -0.5666346 0.8239692 -0.000000011134277
vn -0.70710677 0.7071068 -0.000000009426757
f 1567/1567/1567 1565/1565/1565 1572/1572/1572
f 1567/1567/1567 1564/1564/1564 1565/1565/1565
f 1564/1564/1564 1566/1566/1566 1565/1565/1565
f 1564/1564/1564 1568/1568/1568 1566/1566/1566
f 1564/1564/1564 1562/1562/1562 1568/1568/1568
f 1564/1564/1564 1563/1563/1563 1562/1562/1562
f 1562/1562/1562 1571/1571/1571 1568/1568/1568
f 1562/1562/1562 1569/1569/1569 1571/1571/1571
f 1570/1570/1570 1569/1569/1569 1562/1562/1562
f 3/3/3 2/2/2 1/1/1
f 4/4/4 3/3/3 1/1/1
f 4/4/4 1/1/1 5/5/5
f 108/108/108 2/2/2 3/3/3
f 106/106/106 2/2/2 108/108/108
f 108/108/108 107/107/107 106/106/106
f 107/107/107 108/108/108 109/109/109
f 5/5/5 156/156/156 155/155/155
f 108/108/108 110/110/110 109/109/109
f 6/6/6 5/5/5 155/155/155
f 6/6/6 4/4/4 5/5/5
f 110/110/110 111/111/111 109/109/109
f 6/6/6 155/155/155 157/157/157
f 108/108/108 3/3/3 7/7/7
f 7/7/7 3/3/3 4/4/4
f 110/110/110 108/108/108 7/7/7
f 8/8/8 4/4/4 6/6/6
f 8/8/8 7/7/7 4/4/4
f 9/9/9 6/6/6 157/157/157
f 9/9/9 8/8/8 6/6/6
f 9/9/9 157/157/157 158/158/158
f 10/10/10 7/7/7 8/8/8
f 7/7/7 10/10/10 110/110/110
f 11/11/11 8/8/8 9/9/9
f 11/11/11 10/10/10 8/8/8
f 12/12/12 9/9/9 158/158/158
f 12/12/12 11/11/11 9/9/9
f 158/158/158 159/159/159 12/12/12
f 111/111/111 110/110/110 113/113/113
f 10/10/10 113/113/113 110/110/110
f 113/113/113 112/112/112 111/111/111
f 159/159/159 15/15/15 12/12/12
f 159/159/159 160/160/160 15/15/15
f 14/14/14 11/11/11 12/12/12
f 15/15/15 14/14/14 12/12/12
f 13/13/13 10/10/10 11/11/11
f 113/113/113 10/10/10 13/13/13
f 14/14/14 13/13/13 11/11/11
f 127/127/127 112/112/112 113/113/113
f 127/127/127 113/113/113 13/13/13
f 115/115/115 112/112/112 127/127/127
f 115/115/115 114/114/114 112/112/112
f 127/127/127 13/13/13 16/16/16
f 16/16/16 13/13/13 14/14/14
f 115/115/115 127/127/127 16/16/16
f 17/17/17 14/14/14 15/15/15
f 17/17/17 16/16/16 14/14/14
f 160/160/160 18/18/18 15/15/15
f 18/18/18 17/17/17 15/15/15
f 18/18/18 160/160/160 161/161/161
f 19/19/19 16/16/16 17/17/17
f 115/115/115 16/16/16 19/19/19
f 20/20/20 17/17/17 18/18/18
f 20/20/20 19/19/19 17/17/17
f 21/21/21 18/18/18 161/161/161
f 21/21/21 20/20/20 18/18/18
f 21/21/21 161/161/161 162/162/162
f 115/115/115 126/126/126 114/114/114
f 126/126/126 115/115/115 19/19/19
f 126/126/126 116/116/116 114/114/114
f 22/22/22 19/19/19 20/20/20
f 126/126/126 19/19/19 22/22/22
f 118/118/118 116/116/116 126/126/126
f 118/118/118 126/126/126 22/22/22
f 118/118/118 117/117/117 116/116/116
f 23/23/23 22/22/22 20/20/20
f 23/23/23 20/20/20 21/21/21
f 118/118/118 22/22/22 25/25/25
f 25/25/25 22/22/22 23/23/23
f 120/120/120 117/117/117 118/118/118
f 120/120/120 118/118/118 25/25/25
f 120/120/120 119/119/119 117/117/117
f 120/120/120 124/124/124 119/119/119
f 24/24/24 21/21/21 162/162/162
f 24/24/24 23/23/23 21/21/21
f 24/24/24 162/162/162 163/163/163
f 26/26/26 25/25/25 23/23/23
f 26/26/26 23/23/23 24/24/24
f 27/27/27 24/24/24 163/163/163
f 27/27/27 26/26/26 24/24/24
f 163/163/163 165/165/165 27/27/27
f 28/28/28 25/25/25 26/26/26
f 120/120/120 25/25/25 28/28/28
f 29/29/29 26/26/26 27/27/27
f 29/29/29 28/28/28 26/26/26
f 165/165/165 30/30/30 27/27/27
f 30/30/30 29/29/29 27/27/27
f 30/30/30 165/165/165 164/164/164
f 124/124/124 120/120/120 123/123/123
f 123/123/123 120/120/120 28/28/28
f 124/124/124 123/123/123 121/121/121
f 31/31/31 28/28/28 29/29/29
f 123/123/123 28/28/28 31/31/31
f 123/123/123 122/122/122 121/121/121
f 122/122/122 123/123/123 31/31/31
f 122/122/122 125/125/125 121/121/121
f 32/32/32 31/31/31 29/29/29
f 32/32/32 29/29/29 30/30/30
f 31/31/31 34/34/34 122/122/122
f 34/34/34 31/31/31 32/32/32
f 128/128/128 125/125/125 122/122/122
f 34/34/34 128/128/128 122/122/122
f 128/128/128 129/129/129 125/125/125
f 33/33/33 30/30/30 164/164/164
f 33/33/33 32/32/32 30/30/30
f 33/33/33 164/164/164 166/166/166
f 35/35/35 34/34/34 32/32/32
f 35/35/35 32/32/32 33/33/33
f 36/36/36 33/33/33 166/166/166
f 36/36/36 35/35/35 33/33/33
f 36/36/36 166/166/166 167/167/167
f 37/37/37 34/34/34 35/35/35
f 128/128/128 34/34/34 37/37/37
f 38/38/38 35/35/35 36/36/36
f 38/38/38 37/37/37 35/35/35
f 39/39/39 36/36/36 167/167/167
f 39/39/39 38/38/38 36/36/36
f 167/167/167 168/168/168 39/39/39
f 128/128/128 132/132/132 129/129/129
f 132/132/132 128/128/128 37/37/37
f 129/129/129 132/132/132 130/130/130
f 168/168/168 42/42/42 39/39/39
f 42/42/42 168/168/168 170/170/170
f 132/132/132 37/37/37 40/40/40
f 40/40/40 37/37/37 38/38/38
f 132/132/132 131/131/131 130/130/130
f 131/131/131 132/132/132 40/40/40
f 41/41/41 38/38/38 39/39/39
f 41/41/41 40/40/40 38/38/38
f 42/42/42 41/41/41 39/39/39
f 131/131/131 40/40/40 43/43/43
f 43/43/43 40/40/40 41/41/41
f 134/134/134 130/130/130 131/131/131
f 134/134/134 131/131/131 43/43/43
f 134/134/134 133/133/133 130/130/130
f 133/133/133 134/134/134 135/135/135
f 44/44/44 43/43/43 41/41/41
f 44/44/44 41/41/41 42/42/42
f 134/134/134 137/137/137 135/135/135
f 137/137/137 136/136/136 135/135/135
f 134/134/134 43/43/43 46/46/46
f 137/137/137 134/134/134 46/46/46
f 46/46/46 43/43/43 44/44/44
f 136/136/136 137/137/137 49/49/49
f 137/137/137 46/46/46 49/49/49
f 138/138/138 136/136/136 49/49/49
f 139/139/139 138/138/138 49/49/49
f 140/140/140 139/139/139 49/49/49
f 49/49/49 144/144/144 140/140/140
f 49/49/49 141/141/141 144/144/144
f 49/49/49 142/142/142 141/141/141
f 142/142/142 49/49/49 143/143/143
f 47/47/47 46/46/46 44/44/44
f 49/49/49 46/46/46 47/47/47
f 45/45/45 44/44/44 42/42/42
f 47/47/47 44/44/44 45/45/45
f 45/45/45 42/42/42 170/170/170
f 45/45/45 170/170/170 169/169/169
f 48/48/48 45/45/45 169/169/169
f 48/48/48 47/47/47 45/45/45
f 48/48/48 169/169/169 148/148/148
f 50/50/50 47/47/47 48/48/48
f 50/50/50 49/49/49 47/47/47
f 51/51/51 48/48/48 148/148/148
f 51/51/51 50/50/50 48/48/48
f 148/148/148 147/147/147 51/51/51
f 49/49/49 146/146/146 143/143/143
f 147/147/147 54/54/54 51/51/51
f 54/54/54 147/147/147 218/218/218
f 53/53/53 50/50/50 51/51/51
f 54/54/54 53/53/53 51/51/51
f 52/52/52 49/49/49 50/50/50
f 146/146/146 49/49/49 52/52/52
f 53/53/53 52/52/52 50/50/50
f 146/146/146 52/52/52 145/145/145
f 52/52/52 149/149/149 145/145/145
f 149/149/149 52/52/52 150/150/150
f 52/52/52 151/151/151 150/150/150
f 57/57/57 54/54/54 218/218/218
f 57/57/57 218/218/218 220/220/220
f 56/56/56 53/53/53 54/54/54
f 57/57/57 56/56/56 54/54/54
f 60/60/60 57/57/57 220/220/220
f 60/60/60 220/220/220 219/219/219
f 56/56/56 55/55/55 53/53/53
f 55/55/55 52/52/52 53/53/53
f 59/59/59 56/56/56 57/57/57
f 60/60/60 59/59/59 57/57/57
f 58/58/58 55/55/55 56/56/56
f 59/59/59 58/58/58 56/56/56
f 63/63/63 60/60/60 219/219/219
f 63/63/63 219/219/219 221/221/221
f 62/62/62 59/59/59 60/60/60
f 63/63/63 62/62/62 60/60/60
f 61/61/61 58/58/58 59/59/59
f 62/62/62 61/61/61 59/59/59
f 66/66/66 63/63/63 221/221/221
f 66/66/66 221/221/221 222/222/222
f 65/65/65 62/62/62 63/63/63
f 66/66/66 65/65/65 63/63/63
f 64/64/64 61/61/61 62/62/62
f 65/65/65 64/64/64 62/62/62
f 69/69/69 66/66/66 222/222/222
f 69/69/69 222/222/222 224/224/224
f 68/68/68 65/65/65 66/66/66
f 69/69/69 68/68/68 66/66/66
f 67/67/67 64/64/64 65/65/65
f 68/68/68 67/67/67 65/65/65
f 72/72/72 69/69/69 224/224/224
f 72/72/72 224/224/224 223/223/223
f 71/71/71 68/68/68 69/69/69
f 72/72/72 71/71/71 69/69/69
f 70/70/70 67/67/67 68/68/68
f 71/71/71 70/70/70 68/68/68
f 75/75/75 72/72/72 223/223/223
f 75/75/75 223/223/223 225/225/225
f 74/74/74 71/71/71 72/72/72
f 75/75/75 74/74/74 72/72/72
f 73/73/73 70/70/70 71/71/71
f 74/74/74 73/73/73 71/71/71
f 78/78/78 75/75/75 225/225/225
f 78/78/78 225/225/225 226/226/226
f 77/77/77 74/74/74 75/75/75
f 78/78/78 77/77/77 75/75/75
f 76/76/76 73/73/73 74/74/74
f 77/77/77 76/76/76 74/74/74
f 81/81/81 78/78/78 226/226/226
f 226/226/226 228/228/228 81/81/81
f 80/80/80 77/77/77 78/78/78
f 81/81/81 80/80/80 78/78/78
f 79/79/79 76/76/76 77/77/77
f 80/80/80 79/79/79 77/77/77
f 228/228/228 84/84/84 81/81/81
f 84/84/84 228/228/228 227/227/227
f 83/83/83 80/80/80 81/81/81
f 84/84/84 83/83/83 81/81/81
f 82/82/82 79/79/79 80/80/80
f 83/83/83 82/82/82 80/80/80
f 87/87/87 84/84/84 227/227/227
f 87/87/87 227/227/227 229/229/229
f 86/86/86 83/83/83 84/84/84
f 87/87/87 86/86/86 84/84/84
f 85/85/85 82/82/82 83/83/83
f 86/86/86 85/85/85 83/83/83
f 90/90/90 87/87/87 229/229/229
f 90/90/90 229/229/229 232/232/232
f 89/89/89 86/86/86 87/87/87
f 90/90/90 89/89/89 87/87/87
f 88/88/88 85/85/85 86/86/86
f 89/89/89 88/88/88 86/86/86
f 93/93/93 90/90/90 232/232/232
f 232/232/232 233/233/233 93/93/93
f 92/92/92 89/89/89 90/90/90
f 93/93/93 92/92/92 90/90/90
f 91/91/91 88/88/88 89/89/89
f 92/92/92 91/91/91 89/89/89
f 233/233/233 96/96/96 93/93/93
f 96/96/96 233/233/233 234/234/234
f 95/95/95 92/92/92 93/93/93
f 96/96/96 95/95/95 93/93/93
f 94/94/94 91/91/91 92/92/92
f 95/95/95 94/94/94 92/92/92
f 99/99/99 96/96/96 234/234/234
f 99/99/99 234/234/234 231/231/231
f 98/98/98 95/95/95 96/96/96
f 99/99/99 98/98/98 96/96/96
f 97/97/97 94/94/94 95/95/95
f 98/98/98 97/97/97 95/95/95
f 102/102/102 99/99/99 231/231/231
f 102/102/102 231/231/231 230/230/230
f 105/105/105 102/102/102 230/230/230
f 105/105/105 104/104/104 102/102/102
f 102/102/102 101/101/101 99/99/99
f 104/104/104 101/101/101 102/102/102
f 101/101/101 98/98/98 99/99/99
f 104/104/104 103/103/103 101/101/101
f 101/101/101 100/100/100 98/98/98
f 100/100/100 97/97/97 98/98/98
f 103/103/103 100/100/100 101/101/101
f 197/197/197 94/94/94 97/97/97
f 215/215/215 103/103/103 217/217/217
f 215/215/215 214/214/214 103/103/103
f 214/214/214 216/216/216 103/103/103
f 213/213/213 103/103/103 216/216/216
f 212/212/212 103/103/103 213/213/213
f 212/212/212 210/210/210 103/103/103
f 103/103/103 210/210/210 208/208/208
f 209/209/209 103/103/103 208/208/208
f 103/103/103 209/209/209 100/100/100
f 100/100/100 209/209/209 206/206/206
f 205/205/205 100/100/100 206/206/206
f 100/100/100 205/205/205 204/204/204
f 100/100/100 204/204/204 207/207/207
f 207/207/207 203/203/203 100/100/100
f 203/203/203 202/202/202 100/100/100
f 202/202/202 201/201/201 100/100/100
f 201/201/201 199/199/199 100/100/100
f 199/199/199 200/200/200 100/100/100
f 200/200/200 97/97/97 100/100/100
f 200/200/200 199/199/199 198/198/198
f 200/200/200 197/197/197 97/97/97
f 200/200/200 198/198/198 196/196/196
f 196/196/196 197/197/197 200/200/200
f 197/197/197 196/196/196 194/194/194
f 195/195/195 197/197/197 194/194/194
f 197/197/197 195/195/195 94/94/94
f 195/195/195 91/91/91 94/94/94
f 195/195/195 194/194/194 193/193/193
f 91/91/91 195/195/195 211/211/211
f 211/211/211 195/195/195 193/193/193
f 88/88/88 91/91/91 211/211/211
f 192/192/192 211/211/211 193/193/193
f 88/88/88 211/211/211 192/192/192
f 192/192/192 193/193/193 190/190/190
f 85/85/85 88/88/88 192/192/192
f 192/192/192 190/190/190 188/188/188
f 85/85/85 192/192/192 188/188/188
f 190/190/190 189/189/189 188/188/188
f 82/82/82 85/85/85 188/188/188
f 189/189/189 187/187/187 188/188/188
f 82/82/82 188/188/188 187/187/187
f 186/186/186 187/187/187 189/189/189
f 79/79/79 82/82/82 187/187/187
f 187/187/187 186/186/186 185/185/185
f 187/187/187 76/76/76 79/79/79
f 187/187/187 185/185/185 183/183/183
f 187/187/187 183/183/183 76/76/76
f 185/185/185 184/184/184 183/183/183
f 76/76/76 183/183/183 73/73/73
f 180/180/180 183/183/183 184/184/184
f 183/183/183 180/180/180 73/73/73
f 181/181/181 180/180/180 184/184/184
f 180/180/180 70/70/70 73/73/73
f 181/181/181 179/179/179 180/180/180
f 180/180/180 177/177/177 70/70/70
f 177/177/177 180/180/180 179/179/179
f 177/177/177 67/67/67 70/70/70
f 179/179/179 178/178/178 177/177/177
f 177/177/177 191/191/191 67/67/67
f 191/191/191 177/177/177 178/178/178
f 191/191/191 64/64/64 67/67/67
f 191/191/191 178/178/178 182/182/182
f 191/191/191 182/182/182 64/64/64
f 178/178/178 176/176/176 182/182/182
f 182/182/182 61/61/61 64/64/64
f 182/182/182 176/176/176 173/173/173
f 61/61/61 182/182/182 173/173/173
f 176/176/176 172/172/172 173/173/173
f 58/58/58 61/61/61 173/173/173
f 174/174/174 173/173/173 172/172/172
f 173/173/173 174/174/174 58/58/58
f 175/175/175 174/174/174 172/172/172
f 174/174/174 55/55/55 58/58/58
f 175/175/175 171/171/171 174/174/174
f 174/174/174 52/52/52 55/55/55
f 174/174/174 171/171/171 52/52/52
f 52/52/52 171/171/171 154/154/154
f 52/52/52 154/154/154 153/153/153
f 152/152/152 52/52/52 153/153/153
f 52/52/52 152/152/152 151/151/151
f 153/153/153 307/307/307 152/152/152
f 307/307/307 310/310/310 152/152/152
f 152/152/152 310/310/310 151/151/151
f 308/308/308 307/307/307 153/153/153
f 310/310/310 309/309/309 151/151/151
f 306/306/306 308/308/308 153/153/153
f 151/151/151 309/309/309 314/314/314
f 309/309/309 313/313/313 314/314/314
f 314/314/314 313/313/313 311/311/311
f 313/313/313 312/312/312 311/311/311
f 311/311/311 312/312/312 318/318/318
f 312/312/312 317/317/317 318/318/318
f 318/318/318 317/317/317 315/315/315
f 317/317/317 316/316/316 315/315/315
f 315/315/315 316/316/316 143/143/143
f 316/316/316 321/321/321 143/143/143
f 143/143/143 321/321/321 319/319/319
f 321/321/321 320/320/320 319/319/319
f 319/319/319 320/320/320 322/322/322
f 320/320/320 323/323/323 322/322/322
f 322/322/322 323/323/323 327/327/327
f 323/323/323 326/326/326 327/327/327
f 327/327/327 326/326/326 324/324/324
f 326/326/326 325/325/325 324/324/324
f 324/324/324 325/325/325 328/328/328
f 325/325/325 329/329/329 328/328/328
f 328/328/328 329/329/329 330/330/330
f 329/329/329 331/331/331 330/330/330
f 330/330/330 331/331/331 336/336/336
f 365/365/365 336/336/336 331/331/331
f 330/330/330 336/336/336 333/333/333
f 366/366/366 336/336/336 365/365/365
f 336/336/336 335/335/335 333/333/333
f 336/336/336 366/366/366 335/335/335
f 335/335/335 334/334/334 333/333/333
f 366/366/366 348/348/348 335/335/335
f 337/337/337 334/334/334 335/335/335
f 348/348/348 337/337/337 335/335/335
f 337/337/337 348/348/348 341/341/341
f 348/348/348 340/340/340 341/341/341
f 341/341/341 340/340/340 338/338/338
f 340/340/340 339/339/339 338/338/338
f 339/339/339 342/342/342 338/338/338
f 343/343/343 338/338/338 342/342/342
f 339/339/339 367/367/367 342/342/342
f 344/344/344 343/343/343 342/342/342
f 342/342/342 367/367/367 347/347/347
f 344/344/344 342/342/342 347/347/347
f 344/344/344 347/347/347 345/345/345
f 347/347/347 346/346/346 345/345/345
f 345/345/345 346/346/346 349/349/349
f 349/349/349 350/350/350 345/345/345
f 346/346/346 368/368/368 349/349/349
f 351/351/351 350/350/350 349/349/349
f 349/349/349 368/368/368 356/356/356
f 356/356/356 351/351/351 349/349/349
f 351/351/351 356/356/356 355/355/355
f 356/356/356 354/354/354 355/355/355
f 355/355/355 354/354/354 352/352/352
f 354/354/354 353/353/353 352/352/352
f 352/352/352 353/353/353 357/357/357
f 353/353/353 358/358/358 357/357/357
f 357/357/357 358/358/358 362/362/362
f 358/358/358 361/361/361 362/362/362
f 362/362/362 361/361/361 359/359/359
f 361/361/361 360/360/360 359/359/359
f 359/359/359 360/360/360 363/363/363
f 360/360/360 364/364/364 363/363/363
f 363/363/363 364/364/364 238/238/238
f 364/364/364 237/237/237 238/238/238
f 238/238/238 237/237/237 235/235/235
f 237/237/237 236/236/236 235/235/235
f 235/235/235 236/236/236 242/242/242
f 236/236/236 241/241/241 242/242/242
f 242/242/242 241/241/241 239/239/239
f 241/241/241 240/240/240 239/239/239
f 239/239/239 240/240/240 245/245/245
f 240/240/240 244/244/244 245/245/245
f 245/245/245 244/244/244 212/212/212
f 244/244/244 243/243/243 212/212/212
f 212/212/212 243/243/243 249/249/249
f 243/243/243 248/248/248 249/249/249
f 249/249/249 248/248/248 246/246/246
f 248/248/248 247/247/247 246/246/246
f 246/246/246 247/247/247 253/253/253
f 247/247/247 252/252/252 253/253/253
f 253/253/253 252/252/252 250/250/250
f 252/252/252 251/251/251 250/250/250
f 250/250/250 251/251/251 257/257/257
f 251/251/251 256/256/256 257/257/257
f 257/257/257 256/256/256 254/254/254
f 256/256/256 255/255/255 254/254/254
f 254/254/254 255/255/255 207/207/207
f 255/255/255 260/260/260 207/207/207
f 207/207/207 260/260/260 258/258/258
f 260/260/260 259/259/259 258/258/258
f 258/258/258 259/259/259 264/264/264
f 259/259/259 263/263/263 264/264/264
f 264/264/264 263/263/263 261/261/261
f 263/263/263 262/262/262 261/261/261
f 262/262/262 266/266/266 261/261/261
f 266/266/266 265/265/265 261/261/261
f 295/295/295 266/266/266 262/262/262
f 265/265/265 266/266/266 267/267/267
f 296/296/296 266/266/266 295/295/295
f 268/268/268 267/267/267 266/266/266
f 266/266/266 296/296/296 268/268/268
f 267/267/267 268/268/268 272/272/272
f 296/296/296 297/297/297 268/268/268
f 269/269/269 272/272/272 268/268/268
f 298/298/298 268/268/268 297/297/297
f 269/269/269 268/268/268 271/271/271
f 271/271/271 268/268/268 298/298/298
f 271/271/271 270/270/270 269/269/269
f 271/271/271 298/298/298 299/299/299
f 271/271/271 273/273/273 270/270/270
f 274/274/274 271/271/271 299/299/299
f 274/274/274 273/273/273 271/271/271
f 273/273/273 274/274/274 278/278/278
f 274/274/274 277/277/277 278/278/278
f 278/278/278 277/277/277 275/275/275
f 277/277/277 276/276/276 275/275/275
f 282/282/282 275/275/275 276/276/276
f 282/282/282 276/276/276 300/300/300
f 279/279/279 275/275/275 282/282/282
f 282/282/282 300/300/300 281/281/281
f 282/282/282 281/281/281 279/279/279
f 302/302/302 281/281/281 300/300/300
f 281/281/281 280/280/280 279/279/279
f 281/281/281 302/302/302 285/285/285
f 286/286/286 280/280/280 281/281/281
f 285/285/285 286/286/286 281/281/281
f 286/286/286 285/285/285 283/283/283
f 285/285/285 284/284/284 283/283/283
f 290/290/290 283/283/283 284/284/284
f 301/301/301 290/290/290 284/284/284
f 283/283/283 290/290/290 287/287/287
f 289/289/289 290/290/290 301/301/301
f 290/290/290 289/289/289 287/287/287
f 303/303/303 289/289/289 301/301/301
f 289/289/289 288/288/288 287/287/287
f 289/289/289 303/303/303 294/294/294
f 288/288/288 289/289/289 291/291/291
f 291/291/291 289/289/289 294/294/294
f 291/291/291 294/294/294 292/292/292
f 294/294/294 293/293/293 292/292/292
f 293/293/293 304/304/304 292/292/292
f 305/305/305 292/292/292 304/304/304
f 293/293/293 332/332/332 304/304/304
f 304/304/304 306/306/306 305/305/305
f 308/308/308 304/304/304 332/332/332
f 308/308/308 306/306/306 304/304/304
f 371/371/371 370/370/370 369/369/369
f 372/372/372 371/371/371 369/369/369
f 372/372/372 369/369/369 373/373/373
f 524/524/524 523/523/523 373/373/373
f 523/523/523 374/374/374 373/373/373
f 374/374/374 372/372/372 373/373/373
f 374/374/374 523/523/523 525/525/525
f 377/377/377 374/374/374 525/525/525
f 377/377/377 525/525/525 526/526/526
f 376/376/376 372/372/372 374/374/374
f 377/377/377 376/376/376 374/374/374
f 380/380/380 377/377/377 526/526/526
f 526/526/526 527/527/527 380/380/380
f 379/379/379 376/376/376 377/377/377
f 380/380/380 379/379/379 377/377/377
f 376/376/376 375/375/375 372/372/372
f 375/375/375 371/371/371 372/372/372
f 527/527/527 383/383/383 380/380/380
f 527/527/527 528/528/528 383/383/383
f 382/382/382 379/379/379 380/380/380
f 383/383/383 382/382/382 380/380/380
f 379/379/379 378/378/378 376/376/376
f 378/378/378 375/375/375 376/376/376
f 528/528/528 386/386/386 383/383/383
f 386/386/386 528/528/528 529/529/529
f 385/385/385 382/382/382 383/383/383
f 386/386/386 385/385/385 383/383/383
f 382/382/382 381/381/381 379/379/379
f 381/381/381 378/378/378 379/379/379
f 389/389/389 386/386/386 529/529/529
f 389/389/389 529/529/529 530/530/530
f 388/388/388 385/385/385 386/386/386
f 389/389/389 388/388/388 386/386/386
f 385/385/385 384/384/384 382/382/382
f 384/384/384 381/381/381 382/382/382
f 392/392/392 389/389/389 530/530/530
f 392/392/392 530/530/530 531/531/531
f 391/391/391 388/388/388 389/389/389
f 392/392/392 391/391/391 389/389/389
f 388/388/388 387/387/387 385/385/385
f 387/387/387 384/384/384 385/385/385
f 395/395/395 392/392/392 531/531/531
f 531/531/531 533/533/533 395/395/395
f 394/394/394 391/391/391 392/392/392
f 395/395/395 394/394/394 392/392/392
f 391/391/391 390/390/390 388/388/388
f 390/390/390 387/387/387 388/388/388
f 533/533/533 398/398/398 395/395/395
f 398/398/398 533/533/533 532/532/532
f 397/397/397 394/394/394 395/395/395
f 398/398/398 397/397/397 395/395/395
f 394/394/394 393/393/393 391/391/391
f 393/393/393 390/390/390 391/391/391
f 401/401/401 398/398/398 532/532/532
f 401/401/401 532/532/532 534/534/534
f 400/400/400 397/397/397 398/398/398
f 401/401/401 400/400/400 398/398/398
f 397/397/397 396/396/396 394/394/394
f 396/396/396 393/393/393 394/394/394
f 404/404/404 401/401/401 534/534/534
f 404/404/404 534/534/534 535/535/535
f 403/403/403 400/400/400 401/401/401
f 404/404/404 403/403/403 401/401/401
f 400/400/400 399/399/399 397/397/397
f 399/399/399 396/396/396 397/397/397
f 407/407/407 404/404/404 535/535/535
f 535/535/535 536/536/536 407/407/407
f 406/406/406 403/403/403 404/404/404
f 407/407/407 406/406/406 404/404/404
f 403/403/403 402/402/402 400/400/400
f 402/402/402 399/399/399 400/400/400
f 536/536/536 410/410/410 407/407/407
f 410/410/410 536/536/536 538/538/538
f 409/409/409 406/406/406 407/407/407
f 410/410/410 409/409/409 407/407/407
f 406/406/406 405/405/405 403/403/403
f 405/405/405 402/402/402 403/403/403
f 413/413/413 410/410/410 538/538/538
f 413/413/413 538/538/538 537/537/537
f 412/412/412 409/409/409 410/410/410
f 413/413/413 412/412/412 410/410/410
f 409/409/409 408/408/408 406/406/406
f 408/408/408 405/405/405 406/406/406
f 416/416/416 413/413/413 537/537/537
f 416/416/416 537/537/537 539/539/539
f 415/415/415 412/412/412 413/413/413
f 416/416/416 415/415/415 413/413/413
f 412/412/412 411/411/411 409/409/409
f 411/411/411 408/408/408 409/409/409
f 419/419/419 416/416/416 539/539/539
f 539/539/539 540/540/540 419/419/419
f 418/418/418 415/415/415 416/416/416
f 419/419/419 418/418/418 416/416/416
f 415/415/415 414/414/414 412/412/412
f 414/414/414 411/411/411 412/412/412
f 540/540/540 422/422/422 419/419/419
f 422/422/422 540/540/540 588/588/588
f 421/421/421 418/418/418 419/419/419
f 422/422/422 421/421/421 419/419/419
f 418/418/418 417/417/417 415/415/415
f 417/417/417 414/414/414 415/415/415
f 425/425/425 422/422/422 588/588/588
f 425/425/425 588/588/588 589/589/589
f 424/424/424 421/421/421 422/422/422
f 425/425/425 424/424/424 422/422/422
f 428/428/428 425/425/425 589/589/589
f 428/428/428 589/589/589 590/590/590
f 427/427/427 424/424/424 425/425/425
f 428/428/428 427/427/427 425/425/425
f 431/431/431 428/428/428 590/590/590
f 431/431/431 590/590/590 591/591/591
f 430/430/430 427/427/427 428/428/428
f 431/431/431 430/430/430 428/428/428
f 434/434/434 431/431/431 591/591/591
f 591/591/591 592/592/592 434/434/434
f 433/433/433 430/430/430 431/431/431
f 434/434/434 433/433/433 431/431/431
f 592/592/592 437/437/437 434/434/434
f 437/437/437 592/592/592 594/594/594
f 436/436/436 433/433/433 434/434/434
f 437/437/437 436/436/436 434/434/434
f 440/440/440 437/437/437 594/594/594
f 440/440/440 594/594/594 593/593/593
f 439/439/439 436/436/436 437/437/437
f 440/440/440 439/439/439 437/437/437
f 443/443/443 440/440/440 593/593/593
f 443/443/443 593/593/593 595/595/595
f 442/442/442 439/439/439 440/440/440
f 443/443/443 442/442/442 440/440/440
f 446/446/446 443/443/443 595/595/595
f 595/595/595 596/596/596 446/446/446
f 445/445/445 442/442/442 443/443/443
f 446/446/446 445/445/445 443/443/443
f 596/596/596 449/449/449 446/446/446
f 449/449/449 596/596/596 597/597/597
f 448/448/448 445/445/445 446/446/446
f 449/449/449 448/448/448 446/446/446
f 452/452/452 449/449/449 597/597/597
f 452/452/452 597/597/597 598/598/598
f 451/451/451 448/448/448 449/449/449
f 452/452/452 451/451/451 449/449/449
f 455/455/455 452/452/452 598/598/598
f 455/455/455 598/598/598 600/600/600
f 454/454/454 451/451/451 452/452/452
f 455/455/455 454/454/454 452/452/452
f 458/458/458 455/455/455 600/600/600
f 458/458/458 600/600/600 599/599/599
f 457/457/457 454/454/454 455/455/455
f 458/458/458 457/457/457 455/455/455
f 461/461/461 458/458/458 599/599/599
f 599/599/599 601/601/601 461/461/461
f 460/460/460 457/457/457 458/458/458
f 461/461/461 460/460/460 458/458/458
f 601/601/601 464/464/464 461/461/461
f 464/464/464 601/601/601 603/603/603
f 463/463/463 460/460/460 461/461/461
f 464/464/464 463/463/463 461/461/461
f 467/467/467 464/464/464 603/603/603
f 467/467/467 603/603/603 602/602/602
f 466/466/466 463/463/463 464/464/464
f 467/467/467 466/466/466 464/464/464
f 470/470/470 467/467/467 602/602/602
f 470/470/470 602/602/602 604/604/604
f 473/473/473 470/470/470 604/604/604
f 473/473/473 472/472/472 470/470/470
f 470/470/470 469/469/469 467/467/467
f 472/472/472 469/469/469 470/470/470
f 469/469/469 466/466/466 467/467/467
f 472/472/472 471/471/471 469/469/469
f 469/469/469 468/468/468 466/466/466
f 471/471/471 468/468/468 469/469/469
f 466/466/466 465/465/465 463/463/463
f 468/468/468 465/465/465 466/466/466
f 584/584/584 468/468/468 471/471/471
f 587/587/587 584/584/584 471/471/471
f 584/584/584 587/587/587 583/583/583
f 584/584/584 582/582/582 468/468/468
f 582/582/582 584/584/584 583/583/583
f 582/582/582 465/465/465 468/468/468
f 581/581/581 582/582/582 583/583/583
f 582/582/582 581/581/581 580/580/580
f 465/465/465 462/462/462 463/463/463
f 463/463/463 462/462/462 460/460/460
f 582/582/582 585/585/585 465/465/465
f 585/585/585 582/582/582 580/580/580
f 585/585/585 462/462/462 465/465/465
f 586/586/586 585/585/585 580/580/580
f 585/585/585 586/586/586 462/462/462
f 578/578/578 586/586/586 580/580/580
f 462/462/462 459/459/459 460/460/460
f 586/586/586 459/459/459 462/462/462
f 460/460/460 459/459/459 457/457/457
f 579/579/579 586/586/586 578/578/578
f 586/586/586 579/579/579 459/459/459
f 579/579/579 578/578/578 576/576/576
f 459/459/459 456/456/456 457/457/457
f 579/579/579 456/456/456 459/459/459
f 457/457/457 456/456/456 454/454/454
f 579/579/579 576/576/576 577/577/577
f 456/456/456 579/579/579 577/577/577
f 577/577/577 576/576/576 575/575/575
f 456/456/456 453/453/453 454/454/454
f 453/453/453 456/456/456 577/577/577
f 454/454/454 453/453/453 451/451/451
f 575/575/575 573/573/573 577/577/577
f 453/453/453 577/577/577 573/573/573
f 573/573/573 575/575/575 572/572/572
f 453/453/453 450/450/450 451/451/451
f 450/450/450 453/453/453 573/573/573
f 451/451/451 450/450/450 448/448/448
f 571/571/571 573/573/573 572/572/572
f 573/573/573 571/571/571 450/450/450
f 570/570/570 571/571/571 572/572/572
f 450/450/450 447/447/447 448/448/448
f 571/571/571 447/447/447 450/450/450
f 448/448/448 447/447/447 445/445/445
f 571/571/571 570/570/570 569/569/569
f 447/447/447 444/444/444 445/445/445
f 445/445/445 444/444/444 442/442/442
f 571/571/571 574/574/574 447/447/447
f 571/571/571 569/569/569 574/574/574
f 574/574/574 444/444/444 447/447/447
f 568/568/568 574/574/574 569/569/569
f 574/574/574 568/568/568 444/444/444
f 567/567/567 568/568/568 569/569/569
f 568/568/568 567/567/567 565/565/565
f 444/444/444 441/441/441 442/442/442
f 568/568/568 441/441/441 444/444/444
f 442/442/442 441/441/441 439/439/439
f 566/566/566 568/568/568 565/565/565
f 568/568/568 566/566/566 441/441/441
f 566/566/566 565/565/565 563/563/563
f 441/441/441 438/438/438 439/439/439
f 566/566/566 438/438/438 441/441/441
f 439/439/439 438/438/438 436/436/436
f 563/563/563 564/564/564 566/566/566
f 438/438/438 566/566/566 564/564/564
f 438/438/438 435/435/435 436/436/436
f 435/435/435 438/438/438 564/564/564
f 436/436/436 435/435/435 433/433/433
f 562/562/562 564/564/564 563/563/563
f 564/564/564 562/562/562 435/435/435
f 561/561/561 562/562/562 563/563/563
f 435/435/435 432/432/432 433/433/433
f 562/562/562 432/432/432 435/435/435
f 433/433/433 432/432/432 430/430/430
f 561/561/561 559/559/559 562/562/562
f 432/432/432 562/562/562 559/559/559
f 559/559/559 561/561/561 558/558/558
f 432/432/432 429/429/429 430/430/430
f 429/429/429 432/432/432 559/559/559
f 430/430/430 429/429/429 427/427/427
f 557/557/557 559/559/559 558/558/558
f 429/429/429 559/559/559 557/557/557
f 560/560/560 557/557/557 558/558/558
f 560/560/560 556/556/556 557/557/557
f 429/429/429 426/426/426 427/427/427
f 426/426/426 429/429/429 557/557/557
f 426/426/426 557/557/557 556/556/556
f 427/427/427 426/426/426 424/424/424
f 423/423/423 426/426/426 556/556/556
f 426/426/426 423/423/423 424/424/424
f 556/556/556 555/555/555 423/423/423
f 423/423/423 555/555/555 554/554/554
f 423/423/423 554/554/554 553/553/553
f 551/551/551 423/423/423 553/553/553
f 424/424/424 423/423/423 421/421/421
f 552/552/552 423/423/423 551/551/551
f 552/552/552 549/549/549 423/423/423
f 550/550/550 423/423/423 549/549/549
f 423/423/423 550/550/550 548/548/548
f 423/423/423 420/420/420 421/421/421
f 548/548/548 420/420/420 423/423/423
f 421/421/421 420/420/420 418/418/418
f 420/420/420 548/548/548 547/547/547
f 546/546/546 420/420/420 547/547/547
f 420/420/420 546/546/546 545/545/545
f 420/420/420 417/417/417 418/418/418
f 420/420/420 545/545/545 544/544/544
f 420/420/420 544/544/544 543/543/543
f 420/420/420 543/543/543 542/542/542
f 420/420/420 542/542/542 541/541/541
f 522/522/522 420/420/420 541/541/541
f 517/517/517 420/420/420 522/522/522
f 417/417/417 420/420/420 517/517/517
f 517/517/517 522/522/522 516/516/516
f 517/517/517 515/515/515 417/417/417
f 515/515/515 517/517/517 516/516/516
f 514/514/514 515/515/515 516/516/516
f 515/515/515 414/414/414 417/417/417
f 515/515/515 514/514/514 513/513/513
f 515/515/515 518/518/518 414/414/414
f 518/518/518 515/515/515 513/513/513
f 518/518/518 411/411/411 414/414/414
f 518/518/518 513/513/513 511/511/511
f 518/518/518 521/521/521 411/411/411
f 518/518/518 511/511/511 521/521/521
f 521/521/521 408/408/408 411/411/411
f 512/512/512 521/521/521 511/511/511
f 521/521/521 512/512/512 408/408/408
f 512/512/512 511/511/511 509/509/509
f 512/512/512 405/405/405 408/408/408
f 512/512/512 509/509/509 510/510/510
f 405/405/405 512/512/512 510/510/510
f 510/510/510 509/509/509 508/508/508
f 402/402/402 405/405/405 510/510/510
f 519/519/519 510/510/510 508/508/508
f 510/510/510 519/519/519 402/402/402
f 507/507/507 519/519/519 508/508/508
f 519/519/519 399/399/399 402/402/402
f 504/504/504 519/519/519 507/507/507
f 399/399/399 519/519/519 504/504/504
f 504/504/504 507/507/507 503/503/503
f 396/396/396 399/399/399 504/504/504
f 505/505/505 504/504/504 503/503/503
f 504/504/504 505/505/505 396/396/396
f 506/506/506 505/505/505 503/503/503
f 505/505/505 393/393/393 396/396/396
f 505/505/505 506/506/506 501/501/501
f 505/505/505 502/502/502 393/393/393
f 505/505/505 501/501/501 502/502/502
f 502/502/502 390/390/390 393/393/393
f 502/502/502 501/501/501 499/499/499
f 502/502/502 500/500/500 390/390/390
f 500/500/500 502/502/502 499/499/499
f 500/500/500 387/387/387 390/390/390
f 500/500/500 499/499/499 498/498/498
f 387/387/387 500/500/500 520/520/520
f 498/498/498 520/520/520 500/500/500
f 384/384/384 387/387/387 520/520/520
f 497/497/497 520/520/520 498/498/498
f 384/384/384 520/520/520 497/497/497
f 498/498/498 496/496/496 497/497/497
f 381/381/381 384/384/384 497/497/497
f 495/495/495 497/497/497 496/496/496
f 381/381/381 497/497/497 495/495/495
f 495/495/495 496/496/496 494/494/494
f 378/378/378 381/381/381 495/495/495
f 493/493/493 495/495/495 494/494/494
f 495/495/495 493/493/493 378/378/378
f 492/492/492 493/493/493 494/494/494
f 493/493/493 375/375/375 378/378/378
f 493/493/493 492/492/492 490/490/490
f 493/493/493 490/490/490 375/375/375
f 492/492/492 491/491/491 490/490/490
f 490/490/490 371/371/371 375/375/375
f 491/491/491 489/489/489 490/490/490
f 489/489/489 371/371/371 490/490/490
f 488/488/488 371/371/371 489/489/489
f 488/488/488 487/487/487 371/371/371
f 371/371/371 487/487/487 485/485/485
f 484/484/484 371/371/371 485/485/485
f 484/484/484 483/483/483 371/371/371
f 483/483/483 486/486/486 371/371/371
f 486/486/486 482/482/482 371/371/371
f 371/371/371 482/482/482 370/370/370
f 370/370/370 482/482/482 480/480/480
f 481/481/481 370/370/370 480/480/480
f 370/370/370 481/481/481 479/479/479
f 370/370/370 479/479/479 478/478/478
f 370/370/370 478/478/478 477/477/477
f 370/370/370 477/477/477 476/476/476
f 370/370/370 476/476/476 475/475/475
f 370/370/370 475/475/475 474/474/474
f 474/474/474 607/607/607 605/605/605
f 607/607/607 606/606/606 605/605/605
f 605/605/605 606/606/606 609/609/609
f 606/606/606 611/611/611 609/609/609
f 611/611/611 608/608/608 609/609/609
f 610/610/610 609/609/609 608/608/608
f 611/611/611 671/671/671 608/608/608
f 610/610/610 608/608/608 613/613/613
f 608/608/608 671/671/671 673/673/673
f 608/608/608 612/612/612 613/613/613
f 612/612/612 608/608/608 673/673/673
f 614/614/614 613/613/613 612/612/612
f 612/612/612 673/673/673 615/615/615
f 614/614/614 612/612/612 615/615/615
f 673/673/673 672/672/672 615/615/615
f 616/616/616 614/614/614 615/615/615
f 672/672/672 674/674/674 615/615/615
f 617/617/617 616/616/616 615/615/615
f 615/615/615 674/674/674 620/620/620
f 620/620/620 617/617/617 615/615/615
f 617/617/617 620/620/620 618/618/618
f 620/620/620 619/619/619 618/618/618
f 618/618/618 619/619/619 623/623/623
f 618/618/618 623/623/623 621/621/621
f 619/619/619 625/625/625 623/623/623
f 623/623/623 622/622/622 621/621/621
f 623/623/623 625/625/625 624/624/624
f 622/622/622 623/623/623 626/626/626
f 626/626/626 623/623/623 624/624/624
f 626/626/626 627/627/627 622/622/622
f 626/626/626 624/624/624 628/628/628
f 628/628/628 627/627/627 626/626/626
f 627/627/627 628/628/628 632/632/632
f 628/628/628 631/631/631 632/632/632
f 632/632/632 631/631/631 629/629/629
f 631/631/631 630/630/630 629/629/629
f 629/629/629 630/630/630 633/633/633
f 630/630/630 634/634/634 633/633/633
f 633/633/633 634/634/634 635/635/635
f 634/634/634 636/636/636 635/635/635
f 635/635/635 636/636/636 637/637/637
f 638/638/638 635/635/635 637/637/637
f 675/675/675 637/637/637 636/636/636
f 642/642/642 638/638/638 637/637/637
f 637/637/637 675/675/675 641/641/641
f 637/637/637 641/641/641 642/642/642
f 642/642/642 641/641/641 639/639/639
f 641/641/641 640/640/640 639/639/639
f 639/639/639 640/640/640 646/646/646
f 640/640/640 645/645/645 646/646/646
f 646/646/646 645/645/645 643/643/643
f 645/645/645 644/644/644 643/643/643
f 643/643/643 644/644/644 552/552/552
f 644/644/644 649/649/649 552/552/552
f 552/552/552 649/649/649 647/647/647
f 649/649/649 648/648/648 647/647/647
f 647/647/647 648/648/648 650/650/650
f 648/648/648 651/651/651 650/650/650
f 650/650/650 651/651/651 654/654/654
f 651/651/651 653/653/653 654/654/654
f 654/654/654 653/653/653 652/652/652
f 655/655/655 654/654/654 652/652/652
f 655/655/655 652/652/652 659/659/659
f 652/652/652 658/658/658 659/659/659
f 659/659/659 658/658/658 656/656/656
f 658/658/658 657/657/657 656/656/656
f 656/656/656 657/657/657 544/544/544
f 657/657/657 661/661/661 544/544/544
f 544/544/544 661/661/661 660/660/660
f 662/662/662 544/544/544 660/660/660
f 662/662/662 660/660/660 666/666/666
f 660/660/660 665/665/665 666/666/666
f 666/666/666 665/665/665 663/663/663
f 665/665/665 664/664/664 663/663/663
f 663/663/663 664/664/664 667/667/667
f 664/664/664 668/668/668 667/667/667
f 667/667/667 668/668/668 669/669/669
f 668/668/668 670/670/670 669/669/669
f 677/677/677 669/669/669 670/670/670
f 740/740/740 677/677/677 670/670/670
f 676/676/676 677/677/677 740/740/740
f 676/676/676 740/740/740 741/741/741
f 678/678/678 677/677/677 676/676/676
f 741/741/741 742/742/742 676/676/676
f 680/680/680 678/678/678 676/676/676
f 742/742/742 679/679/679 676/676/676
f 680/680/680 676/676/676 679/679/679
f 679/679/679 742/742/742 693/693/693
f 681/681/681 680/680/680 679/679/679
f 691/691/691 679/679/679 693/693/693
f 679/679/679 691/691/691 681/681/681
f 691/691/691 693/693/693 692/692/692
f 681/681/681 691/691/691 682/682/682
f 684/684/684 691/691/691 692/692/692
f 691/691/691 684/684/684 682/682/682
f 690/690/690 684/684/684 692/692/692
f 684/684/684 683/683/683 682/682/682
f 690/690/690 683/683/683 684/684/684
f 683/683/683 690/690/690 685/685/685
f 690/690/690 696/696/696 685/685/685
f 687/687/687 685/685/685 696/696/696
f 695/695/695 687/687/687 696/696/696
f 687/687/687 686/686/686 685/685/685
f 687/687/687 695/695/695 694/694/694
f 686/686/686 687/687/687 688/688/688
f 689/689/689 687/687/687 694/694/694
f 687/687/687 689/689/689 688/688/688
f 694/694/694 744/744/744 689/689/689
f 688/688/688 689/689/689 699/699/699
f 744/744/744 699/699/699 689/689/689
f 700/700/700 688/688/688 699/699/699
f 699/699/699 744/744/744 743/743/743
f 700/700/700 699/699/699 697/697/697
f 698/698/698 699/699/699 743/743/743
f 699/699/699 698/698/698 697/697/697
f 743/743/743 706/706/706 698/698/698
f 698/698/698 702/702/702 697/697/697
f 706/706/706 701/701/701 698/698/698
f 698/698/698 701/701/701 702/702/702
f 701/701/701 706/706/706 705/705/705
f 703/703/703 702/702/702 701/701/701
f 704/704/704 701/701/701 705/705/705
f 704/704/704 703/703/703 701/701/701
f 704/704/704 705/705/705 745/745/745
f 707/707/707 703/703/703 704/704/704
f 708/708/708 704/704/704 745/745/745
f 708/708/708 707/707/707 704/704/704
f 719/719/719 708/708/708 745/745/745
f 709/709/709 707/707/707 708/708/708
f 709/709/709 708/708/708 719/719/719
f 709/709/709 719/719/719 489/489/489
f 719/719/719 712/712/712 489/489/489
f 489/489/489 712/712/712 710/710/710
f 712/712/712 711/711/711 710/710/710
f 710/710/710 711/711/711 716/716/716
f 711/711/711 715/715/715 716/716/716
f 716/716/716 715/715/715 713/713/713
f 715/715/715 714/714/714 713/713/713
f 713/713/713 714/714/714 717/717/717
f 714/714/714 718/718/718 717/717/717
f 717/717/717 718/718/718 723/723/723
f 718/718/718 722/722/722 723/723/723
f 723/723/723 722/722/722 720/720/720
f 722/722/722 721/721/721 720/720/720
f 720/720/720 721/721/721 482/482/482
f 721/721/721 726/726/726 482/482/482
f 482/482/482 726/726/726 724/724/724
f 726/726/726 725/725/725 724/724/724
f 724/724/724 725/725/725 727/727/727
f 725/725/725 728/728/728 727/727/727
f 727/727/727 728/728/728 479/479/479
f 728/728/728 731/731/731 479/479/479
f 479/479/479 731/731/731 729/729/729
f 731/731/731 730/730/730 729/729/729
f 729/729/729 730/730/730 735/735/735
f 730/730/730 734/734/734 735/735/735
f 735/735/735 734/734/734 732/732/732
f 734/734/734 733/733/733 732/732/732
f 732/732/732 733/733/733 736/736/736
f 733/733/733 737/737/737 736/736/736
f 736/736/736 737/737/737 738/738/738
f 739/739/739 736/736/736 738/738/738
f 748/748/748 747/747/747 746/746/746
f 749/749/749 748/748/748 746/746/746
f 749/749/749 746/746/746 750/750/750
f 747/747/747 748/748/748 853/853/853
f 851/851/851 747/747/747 853/853/853
f 853/853/853 852/852/852 851/851/851
f 852/852/852 853/853/853 854/854/854
f 748/748/748 752/752/752 853/853/853
f 752/752/752 748/748/748 749/749/749
f 853/853/853 855/855/855 854/854/854
f 752/752/752 855/855/855 853/853/853
f 855/855/855 856/856/856 854/854/854
f 753/753/753 752/752/752 749/749/749
f 858/858/858 856/856/856 855/855/855
f 858/858/858 857/857/857 856/856/856
f 752/752/752 755/755/755 855/855/855
f 755/755/755 858/858/858 855/855/855
f 755/755/755 752/752/752 753/753/753
f 858/858/858 861/861/861 857/857/857
f 857/857/857 861/861/861 859/859/859
f 858/858/858 755/755/755 758/758/758
f 861/861/861 858/858/858 758/758/758
f 756/756/756 755/755/755 753/753/753
f 758/758/758 755/755/755 756/756/756
f 753/753/753 749/749/749 751/751/751
f 751/751/751 749/749/749 750/750/750
f 756/756/756 753/753/753 754/754/754
f 754/754/754 753/753/753 751/751/751
f 751/751/751 750/750/750 902/902/902
f 750/750/750 904/904/904 902/902/902
f 751/751/751 902/902/902 901/901/901
f 754/754/754 751/751/751 901/901/901
f 754/754/754 901/901/901 903/903/903
f 757/757/757 754/754/754 903/903/903
f 757/757/757 756/756/756 754/754/754
f 757/757/757 903/903/903 905/905/905
f 759/759/759 758/758/758 756/756/756
f 759/759/759 756/756/756 757/757/757
f 760/760/760 757/757/757 905/905/905
f 760/760/760 759/759/759 757/757/757
f 905/905/905 906/906/906 760/760/760
f 761/761/761 758/758/758 759/759/759
f 861/861/861 758/758/758 761/761/761
f 762/762/762 759/759/759 760/760/760
f 762/762/762 761/761/761 759/759/759
f 906/906/906 763/763/763 760/760/760
f 763/763/763 762/762/762 760/760/760
f 763/763/763 906/906/906 908/908/908
f 860/860/860 861/861/861 761/761/761
f 861/861/861 860/860/860 859/859/859
f 766/766/766 763/763/763 908/908/908
f 766/766/766 908/908/908 907/907/907
f 860/860/860 864/864/864 859/859/859
f 864/864/864 865/865/865 859/859/859
f 860/860/860 761/761/761 764/764/764
f 764/764/764 761/761/761 762/762/762
f 864/864/864 860/860/860 764/764/764
f 865/865/865 864/864/864 862/862/862
f 765/765/765 762/762/762 763/763/763
f 765/765/765 764/764/764 762/762/762
f 766/766/766 765/765/765 763/763/763
f 864/864/864 764/764/764 767/767/767
f 767/767/767 764/764/764 765/765/765
f 864/864/864 863/863/863 862/862/862
f 863/863/863 864/864/864 767/767/767
f 768/768/768 765/765/765 766/766/766
f 768/768/768 767/767/767 765/765/765
f 769/769/769 766/766/766 907/907/907
f 769/769/769 768/768/768 766/766/766
f 769/769/769 907/907/907 909/909/909
f 770/770/770 767/767/767 768/768/768
f 863/863/863 767/767/767 770/770/770
f 771/771/771 768/768/768 769/769/769
f 771/771/771 770/770/770 768/768/768
f 772/772/772 769/769/769 909/909/909
f 772/772/772 771/771/771 769/769/769
f 909/909/909 910/910/910 772/772/772
f 863/863/863 867/867/867 862/862/862
f 867/867/867 863/863/863 770/770/770
f 867/867/867 866/866/866 862/862/862
f 866/866/866 867/867/867 868/868/868
f 910/910/910 775/775/775 772/772/772
f 775/775/775 910/910/910 911/911/911
f 867/867/867 870/870/870 868/868/868
f 870/870/870 869/869/869 868/868/868
f 867/867/867 770/770/770 773/773/773
f 870/870/870 867/867/867 773/773/773
f 773/773/773 770/770/770 771/771/771
f 870/870/870 872/872/872 869/869/869
f 872/872/872 871/871/871 869/869/869
f 774/774/774 771/771/771 772/772/772
f 774/774/774 773/773/773 771/771/771
f 775/775/775 774/774/774 772/772/772
f 773/773/773 776/776/776 870/870/870
f 776/776/776 773/773/773 774/774/774
f 776/776/776 872/872/872 870/870/870
f 777/777/777 774/774/774 775/775/775
f 777/777/777 776/776/776 774/774/774
f 778/778/778 775/775/775 911/911/911
f 778/778/778 777/777/777 775/775/775
f 778/778/778 911/911/911 912/912/912
f 779/779/779 776/776/776 777/777/777
f 776/776/776 779/779/779 872/872/872
f 780/780/780 777/777/777 778/778/778
f 780/780/780 779/779/779 777/777/777
f 781/781/781 778/778/778 912/912/912
f 781/781/781 780/780/780 778/778/778
f 912/912/912 913/913/913 781/781/781
f 873/873/873 871/871/871 872/872/872
f 779/779/779 873/873/873 872/872/872
f 873/873/873 874/874/874 871/871/871
f 913/913/913 784/784/784 781/781/781
f 913/913/913 914/914/914 784/784/784
f 873/873/873 877/877/877 874/874/874
f 874/874/874 877/877/877 875/875/875
f 873/873/873 779/779/779 782/782/782
f 877/877/877 873/873/873 782/782/782
f 782/782/782 779/779/779 780/780/780
f 783/783/783 780/780/780 781/781/781
f 783/783/783 782/782/782 780/780/780
f 784/784/784 783/783/783 781/781/781
f 877/877/877 782/782/782 785/785/785
f 785/785/785 782/782/782 783/783/783
f 877/877/877 876/876/876 875/875/875
f 876/876/876 877/877/877 785/785/785
f 786/786/786 783/783/783 784/784/784
f 786/786/786 785/785/785 783/783/783
f 914/914/914 787/787/787 784/784/784
f 787/787/787 786/786/786 784/784/784
f 787/787/787 914/914/914 916/916/916
f 788/788/788 785/785/785 786/786/786
f 876/876/876 785/785/785 788/788/788
f 789/789/789 786/786/786 787/787/787
f 789/789/789 788/788/788 786/786/786
f 790/790/790 787/787/787 916/916/916
f 790/790/790 789/789/789 787/787/787
f 790/790/790 916/916/916 915/915/915
f 879/879/879 875/875/875 876/876/876
f 879/879/879 876/876/876 788/788/788
f 879/879/879 878/878/878 875/875/875
f 878/878/878 879/879/879 880/880/880
f 791/791/791 788/788/788 789/789/789
f 879/879/879 788/788/788 791/791/791
f 879/879/879 882/882/882 880/880/880
f 882/882/882 879/879/879 791/791/791
f 882/882/882 881/881/881 880/880/880
f 792/792/792 791/791/791 789/789/789
f 792/792/792 789/789/789 790/790/790
f 882/882/882 791/791/791 794/794/794
f 881/881/881 882/882/882 794/794/794
f 794/794/794 791/791/791 792/792/792
f 883/883/883 881/881/881 794/794/794
f 884/884/884 883/883/883 794/794/794
f 885/885/885 884/884/884 794/794/794
f 794/794/794 889/889/889 885/885/885
f 794/794/794 886/886/886 889/889/889
f 794/794/794 887/887/887 886/886/886
f 793/793/793 790/790/790 915/915/915
f 793/793/793 792/792/792 790/790/790
f 793/793/793 915/915/915 893/893/893
f 887/887/887 794/794/794 888/888/888
f 794/794/794 891/891/891 888/888/888
f 796/796/796 793/793/793 893/893/893
f 893/893/893 892/892/892 796/796/796
f 795/795/795 792/792/792 793/793/793
f 795/795/795 794/794/794 792/792/792
f 796/796/796 795/795/795 793/793/793
f 891/891/891 794/794/794 797/797/797
f 797/797/797 794/794/794 795/795/795
f 891/891/891 797/797/797 890/890/890
f 798/798/798 795/795/795 796/796/796
f 798/798/798 797/797/797 795/795/795
f 892/892/892 799/799/799 796/796/796
f 799/799/799 798/798/798 796/796/796
f 799/799/799 892/892/892 963/963/963
f 797/797/797 894/894/894 890/890/890
f 802/802/802 799/799/799 963/963/963
f 802/802/802 963/963/963 965/965/965
f 895/895/895 894/894/894 797/797/797
f 805/805/805 802/802/802 965/965/965
f 805/805/805 965/965/965 964/964/964
f 802/802/802 801/801/801 799/799/799
f 801/801/801 798/798/798 799/799/799
f 805/805/805 804/804/804 802/802/802
f 804/804/804 801/801/801 802/802/802
f 808/808/808 805/805/805 964/964/964
f 808/808/808 964/964/964 966/966/966
f 801/801/801 800/800/800 798/798/798
f 800/800/800 797/797/797 798/798/798
f 811/811/811 808/808/808 966/966/966
f 811/811/811 966/966/966 967/967/967
f 808/808/808 807/807/807 805/805/805
f 807/807/807 804/804/804 805/805/805
f 811/811/811 810/810/810 808/808/808
f 810/810/810 807/807/807 808/808/808
f 814/814/814 811/811/811 967/967/967
f 814/814/814 967/967/967 969/969/969
f 813/813/813 810/810/810 811/811/811
f 814/814/814 813/813/813 811/811/811
f 817/817/817 814/814/814 969/969/969
f 817/817/817 969/969/969 968/968/968
f 816/816/816 813/813/813 814/814/814
f 817/817/817 816/816/816 814/814/814
f 820/820/820 817/817/817 968/968/968
f 820/820/820 968/968/968 970/970/970
f 819/819/819 816/816/816 817/817/817
f 820/820/820 819/819/819 817/817/817
f 823/823/823 820/820/820 970/970/970
f 823/823/823 970/970/970 971/971/971
f 822/822/822 819/819/819 820/820/820
f 823/823/823 822/822/822 820/820/820
f 826/826/826 823/823/823 971/971/971
f 971/971/971 973/973/973 826/826/826
f 825/825/825 822/822/822 823/823/823
f 826/826/826 825/825/825 823/823/823
f 973/973/973 829/829/829 826/826/826
f 829/829/829 973/973/973 972/972/972
f 828/828/828 825/825/825 826/826/826
f 829/829/829 828/828/828 826/826/826
f 832/832/832 829/829/829 972/972/972
f 832/832/832 972/972/972 974/974/974
f 831/831/831 828/828/828 829/829/829
f 832/832/832 831/831/831 829/829/829
f 835/835/835 832/832/832 974/974/974
f 835/835/835 974/974/974 976/976/976
f 834/834/834 831/831/831 832/832/832
f 835/835/835 834/834/834 832/832/832
f 838/838/838 835/835/835 976/976/976
f 976/976/976 977/977/977 838/838/838
f 837/837/837 834/834/834 835/835/835
f 838/838/838 837/837/837 835/835/835
f 977/977/977 841/841/841 838/838/838
f 841/841/841 977/977/977 978/978/978
f 840/840/840 837/837/837 838/838/838
f 841/841/841 840/840/840 838/838/838
f 844/844/844 841/841/841 978/978/978
f 844/844/844 978/978/978 975/975/975
f 843/843/843 840/840/840 841/841/841
f 844/844/844 843/843/843 841/841/841
f 847/847/847 844/844/844 975/975/975
f 847/847/847 975/975/975 904/904/904
f 850/850/850 847/847/847 904/904/904
f 850/850/850 849/849/849 847/847/847
f 847/847/847 846/846/846 844/844/844
f 849/849/849 846/846/846 847/847/847
f 846/846/846 843/843/843 844/844/844
f 849/849/849 848/848/848 846/846/846
f 843/843/843 842/842/842 840/840/840
f 846/846/846 845/845/845 843/843/843
f 845/845/845 842/842/842 843/843/843
f 848/848/848 845/845/845 846/846/846
f 842/842/842 839/839/839 840/840/840
f 840/840/840 839/839/839 837/837/837
f 837/837/837 836/836/836 834/834/834
f 839/839/839 836/836/836 837/837/837
f 836/836/836 833/833/833 834/834/834
f 834/834/834 833/833/833 831/831/831
f 942/942/942 836/836/836 839/839/839
f 833/833/833 830/830/830 831/831/831
f 831/831/831 830/830/830 828/828/828
f 833/833/833 836/836/836 940/940/940
f 836/836/836 942/942/942 940/940/940
f 938/938/938 830/830/830 833/833/833
f 940/940/940 938/938/938 833/833/833
f 830/830/830 827/827/827 828/828/828
f 828/828/828 827/827/827 825/825/825
f 938/938/938 940/940/940 939/939/939
f 940/940/940 942/942/942 939/939/939
f 936/936/936 938/938/938 939/939/939
f 942/942/942 941/941/941 939/939/939
f 936/936/936 935/935/935 938/938/938
f 830/830/830 938/938/938 935/935/935
f 827/827/827 830/830/830 935/935/935
f 936/936/936 932/932/932 935/935/935
f 942/942/942 944/944/944 941/941/941
f 944/944/944 942/942/942 839/839/839
f 944/944/944 839/839/839 842/842/842
f 944/944/944 943/943/943 941/941/941
f 933/933/933 935/935/935 932/932/932
f 827/827/827 935/935/935 933/933/933
f 934/934/934 933/933/933 932/932/932
f 943/943/943 944/944/944 947/947/947
f 947/947/947 944/944/944 842/842/842
f 947/947/947 945/945/945 943/943/943
f 947/947/947 842/842/842 845/845/845
f 947/947/947 946/946/946 945/945/945
f 946/946/946 947/947/947 845/845/845
f 948/948/948 946/946/946 845/845/845
f 949/949/949 948/948/948 845/845/845
f 933/933/933 934/934/934 931/931/931
f 931/931/931 934/934/934 930/930/930
f 824/824/824 827/827/827 933/933/933
f 824/824/824 933/933/933 931/931/931
f 827/827/827 824/824/824 825/825/825
f 825/825/825 824/824/824 822/822/822
f 824/824/824 821/821/821 822/822/822
f 821/821/821 824/824/824 931/931/931
f 822/822/822 821/821/821 819/819/819
f 931/931/931 929/929/929 821/821/821
f 929/929/929 931/931/931 930/930/930
f 821/821/821 818/818/818 819/819/819
f 929/929/929 818/818/818 821/821/821
f 819/819/819 818/818/818 816/816/816
f 928/928/928 929/929/929 930/930/930
f 818/818/818 815/815/815 816/816/816
f 816/816/816 815/815/815 813/813/813
f 929/929/929 926/926/926 818/818/818
f 926/926/926 929/929/929 928/928/928
f 926/926/926 815/815/815 818/818/818
f 925/925/925 926/926/926 928/928/928
f 926/926/926 925/925/925 924/924/924
f 815/815/815 812/812/812 813/813/813
f 926/926/926 924/924/924 922/922/922
f 926/926/926 922/922/922 815/815/815
f 922/922/922 812/812/812 815/815/815
f 924/924/924 923/923/923 922/922/922
f 813/813/813 812/812/812 810/810/810
f 937/937/937 922/922/922 923/923/923
f 812/812/812 922/922/922 937/937/937
f 812/812/812 809/809/809 810/810/810
f 809/809/809 812/812/812 937/937/937
f 810/810/810 809/809/809 807/807/807
f 937/937/937 923/923/923 927/927/927
f 809/809/809 937/937/937 927/927/927
f 923/923/923 921/921/921 927/927/927
f 809/809/809 806/806/806 807/807/807
f 806/806/806 809/809/809 927/927/927
f 807/807/807 806/806/806 804/804/804
f 927/927/927 921/921/921 919/919/919
f 806/806/806 927/927/927 919/919/919
f 921/921/921 918/918/918 919/919/919
f 806/806/806 803/803/803 804/804/804
f 803/803/803 806/806/806 919/919/919
f 804/804/804 803/803/803 801/801/801
f 803/803/803 800/800/800 801/801/801
f 917/917/917 919/919/919 918/918/918
f 919/919/919 917/917/917 803/803/803
f 917/917/917 800/800/800 803/803/803
f 920/920/920 917/917/917 918/918/918
f 920/920/920 900/900/900 917/917/917
f 800/800/800 917/917/917 900/900/900
f 797/797/797 800/800/800 900/900/900
f 898/898/898 797/797/797 900/900/900
f 898/898/898 897/897/897 797/797/797
f 897/897/897 899/899/899 797/797/797
f 797/797/797 899/899/899 896/896/896
f 797/797/797 896/896/896 895/895/895
f 896/896/896 1049/1049/1049 895/895/895
f 1049/1049/1049 1048/1048/1048 895/895/895
f 1045/1045/1045 1049/1049/1049 896/896/896
f 895/895/895 1048/1048/1048 1052/1052/1052
f 1044/1044/1044 1045/1045/1045 896/896/896
f 1048/1048/1048 1051/1051/1051 1052/1052/1052
f 1046/1046/1046 1045/1045/1045 1044/1044/1044
f 1052/1052/1052 1051/1051/1051 890/890/890
f 1047/1047/1047 1046/1046/1046 1044/1044/1044
f 1051/1051/1051 1050/1050/1050 890/890/890
f 1043/1043/1043 1046/1046/1046 1047/1047/1047
f 890/890/890 1050/1050/1050 1056/1056/1056
f 1042/1042/1042 1043/1043/1043 1047/1047/1047
f 1050/1050/1050 1055/1055/1055 1056/1056/1056
f 1056/1056/1056 1055/1055/1055 1053/1053/1053
f 1055/1055/1055 1054/1054/1054 1053/1053/1053
f 1053/1053/1053 1054/1054/1054 887/887/887
f 1054/1054/1054 1059/1059/1059 887/887/887
f 887/887/887 1059/1059/1059 1057/1057/1057
f 1059/1059/1059 1058/1058/1058 1057/1057/1057
f 1057/1057/1057 1058/1058/1058 1060/1060/1060
f 1058/1058/1058 1061/1061/1061 1060/1060/1060
f 1060/1060/1060 1061/1061/1061 1065/1065/1065
f 1061/1061/1061 1064/1064/1064 1065/1065/1065
f 1065/1065/1065 1064/1064/1064 1062/1062/1062
f 1064/1064/1064 1063/1063/1063 1062/1062/1062
f 1062/1062/1062 1063/1063/1063 1066/1066/1066
f 1063/1063/1063 1067/1067/1067 1066/1066/1066
f 1066/1066/1066 1067/1067/1067 1068/1068/1068
f 1069/1069/1069 1066/1066/1066 1068/1068/1068
f 1100/1100/1100 1068/1068/1068 1067/1067/1067
f 1069/1069/1069 1068/1068/1068 1070/1070/1070
f 1101/1101/1101 1068/1068/1068 1100/1100/1100
f 1071/1071/1071 1070/1070/1070 1068/1068/1068
f 1101/1101/1101 1071/1071/1071 1068/1068/1068
f 1072/1072/1072 1070/1070/1070 1071/1071/1071
f 1101/1101/1101 1102/1102/1102 1071/1071/1071
f 1073/1073/1073 1072/1072/1072 1071/1071/1071
f 1082/1082/1082 1071/1071/1071 1102/1102/1102
f 1082/1082/1082 1073/1073/1073 1071/1071/1071
f 1073/1073/1073 1082/1082/1082 1075/1075/1075
f 1082/1082/1082 1081/1081/1081 1075/1075/1075
f 1075/1075/1075 1081/1081/1081 1074/1074/1074
f 1076/1076/1076 1075/1075/1075 1074/1074/1074
f 1081/1081/1081 1103/1103/1103 1074/1074/1074
f 1080/1080/1080 1076/1076/1076 1074/1074/1074
f 1079/1079/1079 1074/1074/1074 1103/1103/1103
f 1080/1080/1080 1074/1074/1074 1079/1079/1079
f 1080/1080/1080 1079/1079/1079 1077/1077/1077
f 1079/1079/1079 1078/1078/1078 1077/1077/1077
f 1077/1077/1077 1078/1078/1078 1086/1086/1086
f 1078/1078/1078 1085/1085/1085 1086/1086/1086
f 1086/1086/1086 1085/1085/1085 1083/1083/1083
f 1085/1085/1085 1084/1084/1084 1083/1083/1083
f 1083/1083/1083 1084/1084/1084 1090/1090/1090
f 1084/1084/1084 1089/1089/1089 1090/1090/1090
f 1090/1090/1090 1089/1089/1089 1087/1087/1087
f 1089/1089/1089 1088/1088/1088 1087/1087/1087
f 1087/1087/1087 1088/1088/1088 1091/1091/1091
f 1088/1088/1088 1092/1092/1092 1091/1091/1091
f 1091/1091/1091 1092/1092/1092 1096/1096/1096
f 1092/1092/1092 1095/1095/1095 1096/1096/1096
f 1096/1096/1096 1095/1095/1095 1093/1093/1093
f 1095/1095/1095 1094/1094/1094 1093/1093/1093
f 1093/1093/1093 1094/1094/1094 1097/1097/1097
f 1094/1094/1094 1098/1098/1098 1097/1097/1097
f 1097/1097/1097 1098/1098/1098 981/981/981
f 1098/1098/1098 1099/1099/1099 981/981/981
f 981/981/981 980/980/980 961/961/961
f 980/980/980 979/979/979 961/961/961
f 961/961/961 979/979/979 960/960/960
f 979/979/979 984/984/984 960/960/960
f 960/960/960 984/984/984 982/982/982
f 984/984/984 983/983/983 982/982/982
f 982/982/982 983/983/983 959/959/959
f 983/983/983 987/987/987 959/959/959
f 961/961/961 960/960/960 848/848/848
f 961/961/961 848/848/848 851/851/851
f 960/960/960 962/962/962 848/848/848
f 959/959/959 848/848/848 962/962/962
f 959/959/959 987/987/987 985/985/985
f 987/987/987 986/986/986 985/985/985
f 958/958/958 848/848/848 959/959/959
f 985/985/985 986/986/986 991/991/991
f 958/958/958 957/957/957 848/848/848
f 986/986/986 990/990/990 991/991/991
f 848/848/848 957/957/957 955/955/955
f 991/991/991 990/990/990 988/988/988
f 956/956/956 848/848/848 955/955/955
f 990/990/990 989/989/989 988/988/988
f 848/848/848 956/956/956 845/845/845
f 988/988/988 989/989/989 994/994/994
f 989/989/989 993/993/993 994/994/994
f 994/994/994 993/993/993 953/953/953
f 845/845/845 956/956/956 953/953/953
f 993/993/993 992/992/992 953/953/953
f 953/953/953 992/992/992 998/998/998
f 992/992/992 997/997/997 998/998/998
f 952/952/952 845/845/845 953/953/953
f 998/998/998 997/997/997 995/995/995
f 845/845/845 952/952/952 951/951/951
f 997/997/997 996/996/996 995/995/995
f 845/845/845 951/951/951 954/954/954
f 995/995/995 996/996/996 1002/1002/1002
f 954/954/954 950/950/950 845/845/845
f 996/996/996 1001/1001/1001 1002/1002/1002
f 950/950/950 949/949/949 845/845/845
f 1002/1002/1002 1001/1001/1001 999/999/999
f 1001/1001/1001 1000/1000/1000 999/999/999
f 999/999/999 1000/1000/1000 949/949/949
f 1000/1000/1000 1005/1005/1005 949/949/949
f 949/949/949 1005/1005/1005 1003/1003/1003
f 1005/1005/1005 1004/1004/1004 1003/1003/1003
f 1004/1004/1004 1007/1007/1007 1003/1003/1003
f 1007/1007/1007 1006/1006/1006 1003/1003/1003
f 1038/1038/1038 1007/1007/1007 1004/1004/1004
f 1006/1006/1006 1007/1007/1007 1008/1008/1008
f 1038/1038/1038 1008/1008/1008 1007/1007/1007
f 1009/1009/1009 1006/1006/1006 1008/1008/1008
f 1038/1038/1038 1039/1039/1039 1008/1008/1008
f 1013/1013/1013 1009/1009/1009 1008/1008/1008
f 1012/1012/1012 1008/1008/1008 1039/1039/1039
f 1013/1013/1013 1008/1008/1008 1012/1012/1012
f 1013/1013/1013 1012/1012/1012 1010/1010/1010
f 1012/1012/1012 1011/1011/1011 1010/1010/1010
f 1010/1010/1010 1011/1011/1011 1017/1017/1017
f 1011/1011/1011 1016/1016/1016 1017/1017/1017
f 1017/1017/1017 1016/1016/1016 1014/1014/1014
f 1016/1016/1016 1015/1015/1015 1014/1014/1014
f 1014/1014/1014 1015/1015/1015 1021/1021/1021
f 1015/1015/1015 1020/1020/1020 1021/1021/1021
f 1021/1021/1021 1020/1020/1020 1018/1018/1018
f 1020/1020/1020 1019/1019/1019 1018/1018/1018
f 1018/1018/1018 1019/1019/1019 930/930/930
f 1019/1019/1019 1024/1024/1024 930/930/930
f 930/930/930 1024/1024/1024 1022/1022/1022
f 1024/1024/1024 1023/1023/1023 1022/1022/1022
f 1022/1022/1022 1023/1023/1023 1028/1028/1028
f 1023/1023/1023 1027/1027/1027 1028/1028/1028
f 1028/1028/1028 1027/1027/1027 1025/1025/1025
f 1027/1027/1027 1026/1026/1026 1025/1025/1025
f 1025/1025/1025 1026/1026/1026 1029/1029/1029
f 1026/1026/1026 1030/1030/1030 1029/1029/1029
f 1029/1029/1029 1030/1030/1030 1034/1034/1034
f 1030/1030/1030 1033/1033/1033 1034/1034/1034
f 1034/1034/1034 1033/1033/1033 1031/1031/1031
f 1033/1033/1033 1032/1032/1032 1031/1031/1031
f 1031/1031/1031 1032/1032/1032 1035/1035/1035
f 1032/1032/1032 1036/1036/1036 1035/1035/1035
f 1036/1036/1036 1037/1037/1037 1035/1035/1035
f 1037/1037/1037 1041/1041/1041 1035/1035/1035
f 1040/1040/1040 1037/1037/1037 1036/1036/1036
f 1041/1041/1041 1037/1037/1037 1042/1042/1042
f 1040/1040/1040 1043/1043/1043 1037/1037/1037
f 1043/1043/1043 1042/1042/1042 1037/1037/1037
f 1106/1106/1106 1105/1105/1105 1104/1104/1104
f 1105/1105/1105 1210/1210/1210 1209/1209/1209
f 1107/1107/1107 1106/1106/1106 1104/1104/1104
f 1107/1107/1107 1104/1104/1104 1108/1108/1108
f 1258/1258/1258 1257/1257/1257 1108/1108/1108
f 1257/1257/1257 1109/1109/1109 1108/1108/1108
f 1109/1109/1109 1107/1107/1107 1108/1108/1108
f 1109/1109/1109 1257/1257/1257 1259/1259/1259
f 1112/1112/1112 1109/1109/1109 1259/1259/1259
f 1112/1112/1112 1259/1259/1259 1260/1260/1260
f 1111/1111/1111 1107/1107/1107 1109/1109/1109
f 1112/1112/1112 1111/1111/1111 1109/1109/1109
f 1115/1115/1115 1112/1112/1112 1260/1260/1260
f 1260/1260/1260 1261/1261/1261 1115/1115/1115
f 1114/1114/1114 1111/1111/1111 1112/1112/1112
f 1115/1115/1115 1114/1114/1114 1112/1112/1112
f 1111/1111/1111 1110/1110/1110 1107/1107/1107
f 1110/1110/1110 1106/1106/1106 1107/1107/1107
f 1261/1261/1261 1118/1118/1118 1115/1115/1115
f 1261/1261/1261 1262/1262/1262 1118/1118/1118
f 1117/1117/1117 1114/1114/1114 1115/1115/1115
f 1118/1118/1118 1117/1117/1117 1115/1115/1115
f 1114/1114/1114 1113/1113/1113 1111/1111/1111
f 1113/1113/1113 1110/1110/1110 1111/1111/1111
f 1262/1262/1262 1121/1121/1121 1118/1118/1118
f 1121/1121/1121 1262/1262/1262 1263/1263/1263
f 1120/1120/1120 1117/1117/1117 1118/1118/1118
f 1121/1121/1121 1120/1120/1120 1118/1118/1118
f 1117/1117/1117 1116/1116/1116 1114/1114/1114
f 1116/1116/1116 1113/1113/1113 1114/1114/1114
f 1124/1124/1124 1121/1121/1121 1263/1263/1263
f 1124/1124/1124 1263/1263/1263 1264/1264/1264
f 1123/1123/1123 1120/1120/1120 1121/1121/1121
f 1124/1124/1124 1123/1123/1123 1121/1121/1121
f 1120/1120/1120 1119/1119/1119 1117/1117/1117
f 1119/1119/1119 1116/1116/1116 1117/1117/1117
f 1127/1127/1127 1124/1124/1124 1264/1264/1264
f 1127/1127/1127 1264/1264/1264 1265/1265/1265
f 1126/1126/1126 1123/1123/1123 1124/1124/1124
f 1127/1127/1127 1126/1126/1126 1124/1124/1124
f 1123/1123/1123 1122/1122/1122 1120/1120/1120
f 1122/1122/1122 1119/1119/1119 1120/1120/1120
f 1130/1130/1130 1127/1127/1127 1265/1265/1265
f 1265/1265/1265 1267/1267/1267 1130/1130/1130
f 1129/1129/1129 1126/1126/1126 1127/1127/1127
f 1130/1130/1130 1129/1129/1129 1127/1127/1127
f 1126/1126/1126 1125/1125/1125 1123/1123/1123
f 1125/1125/1125 1122/1122/1122 1123/1123/1123
f 1267/1267/1267 1133/1133/1133 1130/1130/1130
f 1133/1133/1133 1267/1267/1267 1266/1266/1266
f 1132/1132/1132 1129/1129/1129 1130/1130/1130
f 1133/1133/1133 1132/1132/1132 1130/1130/1130
f 1129/1129/1129 1128/1128/1128 1126/1126/1126
f 1128/1128/1128 1125/1125/1125 1126/1126/1126
f 1136/1136/1136 1133/1133/1133 1266/1266/1266
f 1136/1136/1136 1266/1266/1266 1268/1268/1268
f 1135/1135/1135 1132/1132/1132 1133/1133/1133
f 1136/1136/1136 1135/1135/1135 1133/1133/1133
f 1132/1132/1132 1131/1131/1131 1129/1129/1129
f 1131/1131/1131 1128/1128/1128 1129/1129/1129
f 1139/1139/1139 1136/1136/1136 1268/1268/1268
f 1139/1139/1139 1268/1268/1268 1269/1269/1269
f 1138/1138/1138 1135/1135/1135 1136/1136/1136
f 1139/1139/1139 1138/1138/1138 1136/1136/1136
f 1135/1135/1135 1134/1134/1134 1132/1132/1132
f 1134/1134/1134 1131/1131/1131 1132/1132/1132
f 1142/1142/1142 1139/1139/1139 1269/1269/1269
f 1269/1269/1269 1270/1270/1270 1142/1142/1142
f 1141/1141/1141 1138/1138/1138 1139/1139/1139
f 1142/1142/1142 1141/1141/1141 1139/1139/1139
f 1138/1138/1138 1137/1137/1137 1135/1135/1135
f 1137/1137/1137 1134/1134/1134 1135/1135/1135
f 1270/1270/1270 1145/1145/1145 1142/1142/1142
f 1145/1145/1145 1270/1270/1270 1272/1272/1272
f 1144/1144/1144 1141/1141/1141 1142/1142/1142
f 1145/1145/1145 1144/1144/1144 1142/1142/1142
f 1141/1141/1141 1140/1140/1140 1138/1138/1138
f 1140/1140/1140 1137/1137/1137 1138/1138/1138
f 1148/1148/1148 1145/1145/1145 1272/1272/1272
f 1148/1148/1148 1272/1272/1272 1271/1271/1271
f 1147/1147/1147 1144/1144/1144 1145/1145/1145
f 1148/1148/1148 1147/1147/1147 1145/1145/1145
f 1144/1144/1144 1143/1143/1143 1141/1141/1141
f 1143/1143/1143 1140/1140/1140 1141/1141/1141
f 1151/1151/1151 1148/1148/1148 1271/1271/1271
f 1151/1151/1151 1271/1271/1271 1273/1273/1273
f 1150/1150/1150 1147/1147/1147 1148/1148/1148
f 1151/1151/1151 1150/1150/1150 1148/1148/1148
f 1147/1147/1147 1146/1146/1146 1144/1144/1144
f 1146/1146/1146 1143/1143/1143 1144/1144/1144
f 1154/1154/1154 1151/1151/1151 1273/1273/1273
f 1273/1273/1273 1274/1274/1274 1154/1154/1154
f 1153/1153/1153 1150/1150/1150 1151/1151/1151
f 1154/1154/1154 1153/1153/1153 1151/1151/1151
f 1150/1150/1150 1149/1149/1149 1147/1147/1147
f 1149/1149/1149 1146/1146/1146 1147/1147/1147
f 1274/1274/1274 1157/1157/1157 1154/1154/1154
f 1157/1157/1157 1274/1274/1274 1321/1321/1321
f 1156/1156/1156 1153/1153/1153 1154/1154/1154
f 1157/1157/1157 1156/1156/1156 1154/1154/1154
f 1153/1153/1153 1152/1152/1152 1150/1150/1150
f 1152/1152/1152 1149/1149/1149 1150/1150/1150
f 1160/1160/1160 1157/1157/1157 1321/1321/1321
f 1160/1160/1160 1321/1321/1321 1323/1323/1323
f 1159/1159/1159 1156/1156/1156 1157/1157/1157
f 1160/1160/1160 1159/1159/1159 1157/1157/1157
f 1163/1163/1163 1160/1160/1160 1323/1323/1323
f 1163/1163/1163 1323/1323/1323 1322/1322/1322
f 1162/1162/1162 1159/1159/1159 1160/1160/1160
f 1163/1163/1163 1162/1162/1162 1160/1160/1160
f 1166/1166/1166 1163/1163/1163 1322/1322/1322
f 1166/1166/1166 1322/1322/1322 1324/1324/1324
f 1165/1165/1165 1162/1162/1162 1163/1163/1163
f 1166/1166/1166 1165/1165/1165 1163/1163/1163
f 1169/1169/1169 1166/1166/1166 1324/1324/1324
f 1169/1169/1169 1324/1324/1324 1325/1325/1325
f 1168/1168/1168 1165/1165/1165 1166/1166/1166
f 1169/1169/1169 1168/1168/1168 1166/1166/1166
f 1172/1172/1172 1169/1169/1169 1325/1325/1325
f 1172/1172/1172 1325/1325/1325 1327/1327/1327
f 1171/1171/1171 1168/1168/1168 1169/1169/1169
f 1172/1172/1172 1171/1171/1171 1169/1169/1169
f 1175/1175/1175 1172/1172/1172 1327/1327/1327
f 1175/1175/1175 1327/1327/1327 1326/1326/1326
f 1174/1174/1174 1171/1171/1171 1172/1172/1172
f 1175/1175/1175 1174/1174/1174 1172/1172/1172
f 1178/1178/1178 1175/1175/1175 1326/1326/1326
f 1178/1178/1178 1326/1326/1326 1328/1328/1328
f 1177/1177/1177 1174/1174/1174 1175/1175/1175
f 1178/1178/1178 1177/1177/1177 1175/1175/1175
f 1181/1181/1181 1178/1178/1178 1328/1328/1328
f 1181/1181/1181 1328/1328/1328 1329/1329/1329
f 1180/1180/1180 1177/1177/1177 1178/1178/1178
f 1181/1181/1181 1180/1180/1180 1178/1178/1178
f 1184/1184/1184 1181/1181/1181 1329/1329/1329
f 1329/1329/1329 1331/1331/1331 1184/1184/1184
f 1183/1183/1183 1180/1180/1180 1181/1181/1181
f 1184/1184/1184 1183/1183/1183 1181/1181/1181
f 1331/1331/1331 1187/1187/1187 1184/1184/1184
f 1187/1187/1187 1331/1331/1331 1330/1330/1330
f 1186/1186/1186 1183/1183/1183 1184/1184/1184
f 1187/1187/1187 1186/1186/1186 1184/1184/1184
f 1190/1190/1190 1187/1187/1187 1330/1330/1330
f 1190/1190/1190 1330/1330/1330 1332/1332/1332
f 1189/1189/1189 1186/1186/1186 1187/1187/1187
f 1190/1190/1190 1189/1189/1189 1187/1187/1187
f 1193/1193/1193 1190/1190/1190 1332/1332/1332
f 1193/1193/1193 1332/1332/1332 1333/1333/1333
f 1192/1192/1192 1189/1189/1189 1190/1190/1190
f 1193/1193/1193 1192/1192/1192 1190/1190/1190
f 1196/1196/1196 1193/1193/1193 1333/1333/1333
f 1333/1333/1333 1334/1334/1334 1196/1196/1196
f 1195/1195/1195 1192/1192/1192 1193/1193/1193
f 1196/1196/1196 1195/1195/1195 1193/1193/1193
f 1334/1334/1334 1199/1199/1199 1196/1196/1196
f 1199/1199/1199 1334/1334/1334 1336/1336/1336
f 1198/1198/1198 1195/1195/1195 1196/1196/1196
f 1199/1199/1199 1198/1198/1198 1196/1196/1196
f 1202/1202/1202 1199/1199/1199 1336/1336/1336
f 1202/1202/1202 1336/1336/1336 1335/1335/1335
f 1201/1201/1201 1198/1198/1198 1199/1199/1199
f 1202/1202/1202 1201/1201/1201 1199/1199/1199
f 1205/1205/1205 1202/1202/1202 1335/1335/1335
f 1205/1205/1205 1335/1335/1335 1337/1337/1337
f 1208/1208/1208 1205/1205/1205 1337/1337/1337
f 1208/1208/1208 1207/1207/1207 1205/1205/1205
f 1205/1205/1205 1204/1204/1204 1202/1202/1202
f 1207/1207/1207 1204/1204/1204 1205/1205/1205
f 1204/1204/1204 1201/1201/1201 1202/1202/1202
f 1207/1207/1207 1206/1206/1206 1204/1204/1204
f 1204/1204/1204 1203/1203/1203 1201/1201/1201
f 1206/1206/1206 1203/1203/1203 1204/1204/1204
f 1201/1201/1201 1200/1200/1200 1198/1198/1198
f 1203/1203/1203 1200/1200/1200 1201/1201/1201
f 1318/1318/1318 1203/1203/1203 1206/1206/1206
f 1320/1320/1320 1318/1318/1318 1206/1206/1206
f 1320/1320/1320 1317/1317/1317 1318/1318/1318
f 1318/1318/1318 1316/1316/1316 1203/1203/1203
f 1316/1316/1316 1318/1318/1318 1317/1317/1317
f 1316/1316/1316 1200/1200/1200 1203/1203/1203
f 1315/1315/1315 1316/1316/1316 1317/1317/1317
f 1316/1316/1316 1315/1315/1315 1314/1314/1314
f 1200/1200/1200 1197/1197/1197 1198/1198/1198
f 1198/1198/1198 1197/1197/1197 1195/1195/1195
f 1316/1316/1316 1319/1319/1319 1200/1200/1200
f 1319/1319/1319 1316/1316/1316 1314/1314/1314
f 1319/1319/1319 1197/1197/1197 1200/1200/1200
f 1319/1319/1319 1314/1314/1314 1311/1311/1311
f 1197/1197/1197 1194/1194/1194 1195/1195/1195
f 1195/1195/1195 1194/1194/1194 1192/1192/1192
f 1197/1197/1197 1319/1319/1319 1312/1312/1312
f 1319/1319/1319 1311/1311/1311 1312/1312/1312
f 1194/1194/1194 1197/1197/1197 1312/1312/1312
f 1313/1313/1313 1312/1312/1312 1311/1311/1311
f 1312/1312/1312 1313/1313/1313 1194/1194/1194
f 1309/1309/1309 1313/1313/1313 1311/1311/1311
f 1194/1194/1194 1191/1191/1191 1192/1192/1192
f 1313/1313/1313 1191/1191/1191 1194/1194/1194
f 1192/1192/1192 1191/1191/1191 1189/1189/1189
f 1313/1313/1313 1309/1309/1309 1310/1310/1310
f 1191/1191/1191 1313/1313/1313 1310/1310/1310
f 1310/1310/1310 1309/1309/1309 1308/1308/1308
f 1191/1191/1191 1188/1188/1188 1189/1189/1189
f 1188/1188/1188 1191/1191/1191 1310/1310/1310
f 1189/1189/1189 1188/1188/1188 1186/1186/1186
f 1307/1307/1307 1310/1310/1310 1308/1308/1308
f 1310/1310/1310 1307/1307/1307 1188/1188/1188
f 1306/1306/1306 1307/1307/1307 1308/1308/1308
f 1188/1188/1188 1185/1185/1185 1186/1186/1186
f 1307/1307/1307 1185/1185/1185 1188/1188/1188
f 1186/1186/1186 1185/1185/1185 1183/1183/1183
f 1307/1307/1307 1306/1306/1306 1304/1304/1304
f 1185/1185/1185 1182/1182/1182 1183/1183/1183
f 1185/1185/1185 1307/1307/1307 1182/1182/1182
f 1183/1183/1183 1182/1182/1182 1180/1180/1180
f 1307/1307/1307 1304/1304/1304 1305/1305/1305
f 1182/1182/1182 1307/1307/1307 1305/1305/1305
f 1305/1305/1305 1304/1304/1304 1303/1303/1303
f 1182/1182/1182 1179/1179/1179 1180/1180/1180
f 1305/1305/1305 1179/1179/1179 1182/1182/1182
f 1180/1180/1180 1179/1179/1179 1177/1177/1177
f 1302/1302/1302 1305/1305/1305 1303/1303/1303
f 1305/1305/1305 1302/1302/1302 1179/1179/1179
f 1301/1301/1301 1302/1302/1302 1303/1303/1303
f 1179/1179/1179 1176/1176/1176 1177/1177/1177
f 1302/1302/1302 1176/1176/1176 1179/1179/1179
f 1177/1177/1177 1176/1176/1176 1174/1174/1174
f 1302/1302/1302 1301/1301/1301 1297/1297/1297
f 1176/1176/1176 1173/1173/1173 1174/1174/1174
f 1174/1174/1174 1173/1173/1173 1171/1171/1171
f 1302/1302/1302 1298/1298/1298 1176/1176/1176
f 1297/1297/1297 1298/1298/1298 1302/1302/1302
f 1298/1298/1298 1173/1173/1173 1176/1176/1176
f 1299/1299/1299 1298/1298/1298 1297/1297/1297
f 1298/1298/1298 1299/1299/1299 1173/1173/1173
f 1300/1300/1300 1299/1299/1299 1297/1297/1297
f 1173/1173/1173 1170/1170/1170 1171/1171/1171
f 1299/1299/1299 1170/1170/1170 1173/1173/1173
f 1171/1171/1171 1170/1170/1170 1168/1168/1168
f 1299/1299/1299 1300/1300/1300 1296/1296/1296
f 1299/1299/1299 1296/1296/1296 1170/1170/1170
f 1295/1295/1295 1296/1296/1296 1300/1300/1300
f 1170/1170/1170 1167/1167/1167 1168/1168/1168
f 1296/1296/1296 1167/1167/1167 1170/1170/1170
f 1168/1168/1168 1167/1167/1167 1165/1165/1165
f 1296/1296/1296 1295/1295/1295 1293/1293/1293
f 1167/1167/1167 1296/1296/1296 1293/1293/1293
f 1293/1293/1293 1295/1295/1295 1292/1292/1292
f 1167/1167/1167 1164/1164/1164 1165/1165/1165
f 1164/1164/1164 1167/1167/1167 1293/1293/1293
f 1165/1165/1165 1164/1164/1164 1162/1162/1162
f 1291/1291/1291 1293/1293/1293 1292/1292/1292
f 1164/1164/1164 1293/1293/1293 1291/1291/1291
f 1294/1294/1294 1291/1291/1291 1292/1292/1292
f 1294/1294/1294 1290/1290/1290 1291/1291/1291
f 1164/1164/1164 1161/1161/1161 1162/1162/1162
f 1161/1161/1161 1164/1164/1164 1291/1291/1291
f 1161/1161/1161 1291/1291/1291 1290/1290/1290
f 1162/1162/1162 1161/1161/1161 1159/1159/1159
f 1158/1158/1158 1161/1161/1161 1290/1290/1290
f 1161/1161/1161 1158/1158/1158 1159/1159/1159
f 1159/1159/1159 1158/1158/1158 1156/1156/1156
f 1290/1290/1290 1289/1289/1289 1158/1158/1158
f 1158/1158/1158 1289/1289/1289 1288/1288/1288
f 1158/1158/1158 1288/1288/1288 1287/1287/1287
f 1285/1285/1285 1158/1158/1158 1287/1287/1287
f 1286/1286/1286 1158/1158/1158 1285/1285/1285
f 1158/1158/1158 1155/1155/1155 1156/1156/1156
f 1156/1156/1156 1155/1155/1155 1153/1153/1153
f 1155/1155/1155 1152/1152/1152 1153/1153/1153
f 1286/1286/1286 1283/1283/1283 1158/1158/1158
f 1286/1286/1286 4301/4301/4301 1283/1283/1283
f 4302/4302/4302 4301/4301/4301 1286/1286/1286
f 4303/4303/4303 4302/4302/4302 1286/1286/1286
f 4301/4301/4301 4305/4305/4305 1283/1283/1283
f 4297/4297/4297 4302/4302/4302 4303/4303/4303
f 1287/1287/1287 4297/4297/4297 4303/4303/4303
f 4298/4298/4298 4297/4297/4297 1287/1287/1287
f 4299/4299/4299 4298/4298/4298 1287/1287/1287
f 4300/4300/4300 4298/4298/4298 4299/4299/4299
f 1289/1289/1289 4300/4300/4300 4299/4299/4299
f 1283/1283/1283 4305/4305/4305 1284/1284/1284
f 1284/1284/1284 1158/1158/1158 1283/1283/1283
f 4305/4305/4305 4304/4304/4304 1284/1284/1284
f 1289/1289/1289 4296/4296/4296 4300/4300/4300
f 4300/4300/4300 4296/4296/4296 4321/4321/4321
f 4296/4296/4296 1289/1289/1289 4295/4295/4295
f 4292/4292/4292 4321/4321/4321 4296/4296/4296
f 4296/4296/4296 4295/4295/4295 4291/4291/4291
f 4292/4292/4292 4296/4296/4296 4291/4291/4291
f 4293/4293/4293 4292/4292/4292 4291/4291/4291
f 4294/4294/4294 4293/4293/4293 4291/4291/4291
f 4288/4288/4288 4293/4293/4293 4294/4294/4294
f 4287/4287/4287 4288/4288/4288 4294/4294/4294
f 4289/4289/4289 4288/4288/4288 4287/4287/4287
f 4290/4290/4290 4289/4289/4289 4287/4287/4287
f 4284/4284/4284 4289/4289/4289 4290/4290/4290
f 4283/4283/4283 4284/4284/4284 4290/4290/4290
f 4285/4285/4285 4284/4284/4284 4283/4283/4283
f 4286/4286/4286 4285/4285/4285 4283/4283/4283
f 4280/4280/4280 4285/4285/4285 4286/4286/4286
f 4279/4279/4279 4280/4280/4280 4286/4286/4286
f 4281/4281/4281 4280/4280/4280 4279/4279/4279
f 4282/4282/4282 4281/4281/4281 4279/4279/4279
f 4275/4275/4275 4281/4281/4281 4282/4282/4282
f 4274/4274/4274 4275/4275/4275 4282/4282/4282
f 4276/4276/4276 4275/4275/4275 4274/4274/4274
f 4277/4277/4277 4276/4276/4276 4274/4274/4274
f 4271/4271/4271 4276/4276/4276 4277/4277/4277
f 4270/4270/4270 4271/4271/4271 4277/4277/4277
f 4272/4272/4272 4271/4271/4271 4270/4270/4270
f 4273/4273/4273 4272/4272/4272 4270/4270/4270
f 4278/4278/4278 4272/4272/4272 4273/4273/4273
f 4268/4268/4268 4278/4278/4278 4273/4273/4273
f 4268/4268/4268 4269/4269/4269 4278/4278/4278
f 4320/4320/4320 4278/4278/4278 4269/4269/4269
f 4269/4269/4269 4268/4268/4268 4267/4267/4267
f 4269/4269/4269 4264/4264/4264 4320/4320/4320
f 4269/4269/4269 4267/4267/4267 4263/4263/4263
f 4269/4269/4269 4263/4263/4263 4264/4264/4264
f 4265/4265/4265 4264/4264/4264 4263/4263/4263
f 4266/4266/4266 4265/4265/4265 4263/4263/4263
f 1284/1284/1284 4304/4304/4304 1282/1282/1282
f 1158/1158/1158 1284/1284/1284 1282/1282/1282
f 4304/4304/4304 4308/4308/4308 1282/1282/1282
f 1282/1282/1282 1155/1155/1155 1158/1158/1158
f 1282/1282/1282 4308/4308/4308 4306/4306/4306
f 4308/4308/4308 4307/4307/4307 4306/4306/4306
f 1155/1155/1155 1282/1282/1282 1281/1281/1281
f 4306/4306/4306 4307/4307/4307 1280/1280/1280
f 1280/1280/1280 1155/1155/1155 1281/1281/1281
f 4307/4307/4307 4311/4311/4311 1280/1280/1280
f 1280/1280/1280 4311/4311/4311 4309/4309/4309
f 4311/4311/4311 4310/4310/4310 4309/4309/4309
f 4309/4309/4309 4310/4310/4310 4315/4315/4315
f 4310/4310/4310 4314/4314/4314 4315/4315/4315
f 4315/4315/4315 4314/4314/4314 4312/4312/4312
f 4314/4314/4314 4313/4313/4313 4312/4312/4312
f 1155/1155/1155 1280/1280/1280 1279/1279/1279
f 4312/4312/4312 4313/4313/4313 1276/1276/1276
f 1155/1155/1155 1279/1279/1279 1278/1278/1278
f 4313/4313/4313 4318/4318/4318 1276/1276/1276
f 1155/1155/1155 1278/1278/1278 1277/1277/1277
f 1155/1155/1155 1277/1277/1277 1276/1276/1276
f 1276/1276/1276 4318/4318/4318 4316/4316/4316
f 1155/1155/1155 1276/1276/1276 1275/1275/1275
f 4318/4318/4318 4317/4317/4317 4316/4316/4316
f 1256/1256/1256 1155/1155/1155 1275/1275/1275
f 4319/4319/4319 4316/4316/4316 4317/4317/4317
f 4317/4317/4317 4378/4378/4378 4319/4319/4319
f 4319/4319/4319 4322/4322/4322 4316/4316/4316
f 4324/4324/4324 4319/4319/4319 4378/4378/4378
f 4322/4322/4322 4319/4319/4319 4323/4323/4323
f 4324/4324/4324 4323/4323/4323 4319/4319/4319
f 4323/4323/4323 4324/4324/4324 4328/4328/4328
f 4324/4324/4324 4327/4327/4327 4328/4328/4328
f 4328/4328/4328 4327/4327/4327 4325/4325/4325
f 4327/4327/4327 4326/4326/4326 4325/4325/4325
f 4325/4325/4325 4326/4326/4326 4332/4332/4332
f 4326/4326/4326 4331/4331/4331 4332/4332/4332
f 4332/4332/4332 4331/4331/4331 4329/4329/4329
f 4331/4331/4331 4330/4330/4330 4329/4329/4329
f 4329/4329/4329 4330/4330/4330 4337/4337/4337
f 4330/4330/4330 4338/4338/4338 4337/4337/4337
f 4337/4337/4337 4338/4338/4338 4336/4336/4336
f 4338/4338/4338 4335/4335/4335 4336/4336/4336
f 4336/4336/4336 4335/4335/4335 4333/4333/4333
f 4335/4335/4335 4334/4334/4334 4333/4333/4333
f 4333/4333/4333 4334/4334/4334 4344/4344/4344
f 4334/4334/4334 4343/4343/4343 4344/4344/4344
f 4344/4344/4344 4343/4343/4343 4342/4342/4342
f 4343/4343/4343 4341/4341/4341 4342/4342/4342
f 4342/4342/4342 4341/4341/4341 4339/4339/4339
f 4341/4341/4341 4340/4340/4340 4339/4339/4339
f 4339/4339/4339 4340/4340/4340 4348/4348/4348
f 4340/4340/4340 4347/4347/4347 4348/4348/4348
f 4348/4348/4348 4347/4347/4347 4345/4345/4345
f 4347/4347/4347 4346/4346/4346 4345/4345/4345
f 4345/4345/4345 4346/4346/4346 4349/4349/4349
f 4346/4346/4346 4354/4354/4354 4349/4349/4349
f 4349/4349/4349 4354/4354/4354 4351/4351/4351
f 4351/4351/4351 4350/4350/4350 4349/4349/4349
f 4379/4379/4379 4351/4351/4351 4354/4354/4354
f 4351/4351/4351 4353/4353/4353 4350/4350/4350
f 4353/4353/4353 4351/4351/4351 4379/4379/4379
f 4353/4353/4353 4352/4352/4352 4350/4350/4350
f 4380/4380/4380 4353/4353/4353 4379/4379/4379
f 1223/1223/1223 4352/4352/4352 4353/4353/4353
f 4380/4380/4380 4357/4357/4357 4353/4353/4353
f 4357/4357/4357 1223/1223/1223 4353/4353/4353
f 1223/1223/1223 4357/4357/4357 4355/4355/4355
f 4357/4357/4357 4356/4356/4356 4355/4355/4355
f 4355/4355/4355 4356/4356/4356 4360/4360/4360
f 4356/4356/4356 4359/4359/4359 4360/4360/4360
f 4360/4360/4360 4359/4359/4359 1220/1220/1220
f 4359/4359/4359 4358/4358/4358 1220/1220/1220
f 1220/1220/1220 4358/4358/4358 1221/1221/1221
f 4358/4358/4358 4362/4362/4362 1221/1221/1221
f 1221/1221/1221 4362/4362/4362 1218/1218/1218
f 4362/4362/4362 4361/4361/4361 1218/1218/1218
f 1221/1221/1221 1106/1106/1106 1220/1220/1220
f 1221/1221/1221 1218/1218/1218 1106/1106/1106
f 1106/1106/1106 1224/1224/1224 1220/1220/1220
f 1218/1218/1218 4361/4361/4361 4365/4365/4365
f 1222/1222/1222 1224/1224/1224 1106/1106/1106
f 4361/4361/4361 4364/4364/4364 4365/4365/4365
f 1106/1106/1106 1223/1223/1223 1222/1222/1222
f 4365/4365/4365 4364/4364/4364 1217/1217/1217
f 1219/1219/1219 1106/1106/1106 1218/1218/1218
f 1219/1219/1219 1217/1217/1217 1106/1106/1106
f 4364/4364/4364 4363/4363/4363 1217/1217/1217
f 1223/1223/1223 1106/1106/1106 1225/1225/1225
f 1217/1217/1217 4363/4363/4363 4369/4369/4369
f 4363/4363/4363 4368/4368/4368 4369/4369/4369
f 4369/4369/4369 4368/4368/4368 4366/4366/4366
f 4368/4368/4368 4367/4367/4367 4366/4366/4366
f 4366/4366/4366 4367/4367/4367 1214/1214/1214
f 4367/4367/4367 4371/4371/4371 1214/1214/1214
f 1106/1106/1106 1110/1110/1110 1225/1225/1225
f 1217/1217/1217 1105/1105/1105 1106/1106/1106
f 1105/1105/1105 1217/1217/1217 1215/1215/1215
f 1216/1216/1216 1105/1105/1105 1215/1215/1215
f 1105/1105/1105 1216/1216/1216 1214/1214/1214
f 1110/1110/1110 1228/1228/1228 1225/1225/1225
f 1225/1225/1225 1228/1228/1228 1229/1229/1229
f 1228/1228/1228 1110/1110/1110 1113/1113/1113
f 1229/1229/1229 1228/1228/1228 1226/1226/1226
f 1214/1214/1214 4371/4371/4371 1213/1213/1213
f 1105/1105/1105 1214/1214/1214 1213/1213/1213
f 4371/4371/4371 4370/4370/4370 1213/1213/1213
f 1228/1228/1228 1227/1227/1227 1226/1226/1226
f 1227/1227/1227 1228/1228/1228 1113/1113/1113
f 1227/1227/1227 1230/1230/1230 1226/1226/1226
f 1113/1113/1113 1116/1116/1116 1227/1227/1227
f 1213/1213/1213 4370/4370/4370 1212/1212/1212
f 1105/1105/1105 1213/1213/1213 1212/1212/1212
f 4370/4370/4370 4374/4374/4374 1212/1212/1212
f 1105/1105/1105 1212/1212/1212 1211/1211/1211
f 1105/1105/1105 1211/1211/1211 1210/1210/1210
f 1212/1212/1212 4374/4374/4374 4372/4372/4372
f 4374/4374/4374 4373/4373/4373 4372/4372/4372
f 4372/4372/4372 4373/4373/4373 1210/1210/1210
f 4373/4373/4373 4375/4375/4375 1210/1210/1210
f 1210/1210/1210 4375/4375/4375 4376/4376/4376
f 4375/4375/4375 4377/4377/4377 4376/4376/4376
f 1116/1116/1116 1231/1231/1231 1227/1227/1227
f 1230/1230/1230 1227/1227/1227 1231/1231/1231
f 1231/1231/1231 1116/1116/1116 1119/1119/1119
f 1231/1231/1231 1232/1232/1232 1230/1230/1230
f 1235/1235/1235 1231/1231/1231 1119/1119/1119
f 1231/1231/1231 1235/1235/1235 1232/1232/1232
f 1235/1235/1235 1119/1119/1119 1122/1122/1122
f 1232/1232/1232 1235/1235/1235 1233/1233/1233
f 1234/1234/1234 1235/1235/1235 1122/1122/1122
f 1235/1235/1235 1234/1234/1234 1233/1233/1233
f 1234/1234/1234 1122/1122/1122 1125/1125/1125
f 1234/1234/1234 1237/1237/1237 1233/1233/1233
f 1237/1237/1237 1234/1234/1234 1125/1125/1125
f 1237/1237/1237 1236/1236/1236 1233/1233/1233
f 1237/1237/1237 1125/1125/1125 1128/1128/1128
f 1236/1236/1236 1237/1237/1237 1238/1238/1238
f 1243/1243/1243 1237/1237/1237 1128/1128/1128
f 1237/1237/1237 1243/1243/1243 1238/1238/1238
f 1243/1243/1243 1128/1128/1128 1131/1131/1131
f 1240/1240/1240 1238/1238/1238 1243/1243/1243
f 1240/1240/1240 1243/1243/1243 1131/1131/1131
f 1240/1240/1240 1239/1239/1239 1238/1238/1238
f 1240/1240/1240 1131/1131/1131 1134/1134/1134
f 1239/1239/1239 1240/1240/1240 1241/1241/1241
f 1242/1242/1242 1240/1240/1240 1134/1134/1134
f 1240/1240/1240 1242/1242/1242 1241/1241/1241
f 1242/1242/1242 1134/1134/1134 1137/1137/1137
f 1241/1241/1241 1242/1242/1242 1244/1244/1244
f 1246/1246/1246 1242/1242/1242 1137/1137/1137
f 1242/1242/1242 1246/1246/1246 1244/1244/1244
f 1137/1137/1137 1140/1140/1140 1246/1246/1246
f 1246/1246/1246 1245/1245/1245 1244/1244/1244
f 1140/1140/1140 1248/1248/1248 1246/1246/1246
f 1248/1248/1248 1245/1245/1245 1246/1246/1246
f 1248/1248/1248 1140/1140/1140 1143/1143/1143
f 1248/1248/1248 1247/1247/1247 1245/1245/1245
f 1255/1255/1255 1248/1248/1248 1143/1143/1143
f 1248/1248/1248 1255/1255/1255 1247/1247/1247
f 1255/1255/1255 1143/1143/1143 1146/1146/1146
f 1247/1247/1247 1255/1255/1255 1249/1249/1249
f 1254/1254/1254 1255/1255/1255 1146/1146/1146
f 1255/1255/1255 1254/1254/1254 1249/1249/1249
f 1254/1254/1254 1146/1146/1146 1149/1149/1149
f 1254/1254/1254 1251/1251/1251 1249/1249/1249
f 1251/1251/1251 1254/1254/1254 1149/1149/1149
f 1251/1251/1251 1250/1250/1250 1249/1249/1249
f 1251/1251/1251 1149/1149/1149 1152/1152/1152
f 1250/1250/1250 1251/1251/1251 1252/1252/1252
f 1253/1253/1253 1251/1251/1251 1152/1152/1152
f 1251/1251/1251 1253/1253/1253 1252/1252/1252
f 1152/1152/1152 1155/1155/1155 1253/1253/1253
f 1253/1253/1253 1256/1256/1256 1252/1252/1252
f 1253/1253/1253 1155/1155/1155 1256/1256/1256
f 1340/1340/1340 1339/1339/1339 1338/1338/1338
f 1388/1388/1388 1339/1339/1339 1390/1390/1390
f 1390/1390/1390 1339/1339/1339 1400/1400/1400
f 1400/1400/1400 1339/1339/1339 1402/1402/1402
f 1389/1389/1389 1339/1339/1339 1388/1388/1388
f 1403/1403/1403 1402/1402/1402 1339/1339/1339
f 1338/1338/1338 1339/1339/1339 1389/1389/1389
f 1404/1404/1404 1403/1403/1403 1339/1339/1339
f 1405/1405/1405 1403/1403/1403 1404/1404/1404
f 1434/1434/1434 1405/1405/1405 1404/1404/1404
f 1434/1434/1434 1404/1404/1404 2307/2307/2307
f 2307/2307/2307 1404/1404/1404 2306/2306/2306
f 1435/1435/1435 1404/1404/1404 1339/1339/1339
f 1404/1404/1404 2242/2242/2242 2306/2306/2306
f 1435/1435/1435 2242/2242/2242 1404/1404/1404
f 2306/2306/2306 2242/2242/2242 2305/2305/2305
f 2303/2303/2303 2305/2305/2305 2242/2242/2242
f 2293/2293/2293 2303/2303/2303 2242/2242/2242
f 2291/2291/2291 2293/2293/2293 2242/2242/2242
f 1339/1339/1339 1436/1436/1436 1435/1435/1435
f 2242/2242/2242 1435/1435/1435 1436/1436/1436
f 1340/1340/1340 1436/1436/1436 1339/1339/1339
f 2292/2292/2292 2291/2291/2291 2242/2242/2242
f 1436/1436/1436 1340/1340/1340 1437/1437/1437
f 2243/2243/2243 2292/2292/2292 2242/2242/2242
f 2241/2241/2241 2242/2242/2242 1436/1436/1436
f 1436/1436/1436 1437/1437/1437 2241/2241/2241
f 2243/2243/2243 2242/2242/2242 2241/2241/2241
f 1442/1442/1442 1437/1437/1437 1340/1340/1340
f 1442/1442/1442 2241/2241/2241 1437/1437/1437
f 2247/2247/2247 2292/2292/2292 2243/2243/2243
f 2290/2290/2290 2292/2292/2292 2247/2247/2247
f 2247/2247/2247 2288/2288/2288 2290/2290/2290
f 2247/2247/2247 2289/2289/2289 2288/2288/2288
f 2247/2247/2247 2294/2294/2294 2289/2289/2289
f 2244/2244/2244 2243/2243/2243 2241/2241/2241
f 2248/2248/2248 2247/2247/2247 2243/2243/2243
f 2248/2248/2248 2243/2243/2243 2244/2244/2244
f 1442/1442/1442 2245/2245/2245 2241/2241/2241
f 2244/2244/2244 2241/2241/2241 2245/2245/2245
f 1442/1442/1442 1340/1340/1340 1342/1342/1342
f 1445/1445/1445 2245/2245/2245 1442/1442/1442
f 1445/1445/1445 1442/1442/1442 1342/1342/1342
f 2245/2245/2245 1445/1445/1445 1446/1446/1446
f 1342/1342/1342 1446/1446/1446 1445/1445/1445
f 2245/2245/2245 1446/1446/1446 1444/1444/1444
f 1342/1342/1342 1444/1444/1444 1446/1446/1446
f 1342/1342/1342 1340/1340/1340 1341/1341/1341
f 1341/1341/1341 1340/1340/1340 1338/1338/1338
f 1444/1444/1444 1342/1342/1342 1343/1343/1343
f 1343/1343/1343 1342/1342/1342 1341/1341/1341
f 1444/1444/1444 2246/2246/2246 2245/2245/2245
f 2246/2246/2246 2244/2244/2244 2245/2245/2245
f 1341/1341/1341 1448/1448/1448 1343/1343/1343
f 1438/1438/1438 1448/1448/1448 1341/1341/1341
f 1343/1343/1343 1448/1448/1448 1450/1450/1450
f 1343/1343/1343 1450/1450/1450 1449/1449/1449
f 1343/1343/1343 1449/1449/1449 1452/1452/1452
f 1343/1343/1343 1452/1452/1452 1451/1451/1451
f 1451/1451/1451 1453/1453/1453 1343/1343/1343
f 1343/1343/1343 1453/1453/1453 1465/1465/1465
f 1343/1343/1343 1465/1465/1465 1466/1466/1466
f 1343/1343/1343 1466/1466/1466 1447/1447/1447
f 1447/1447/1447 1444/1444/1444 1343/1343/1343
f 1444/1444/1444 1447/1447/1447 1467/1467/1467
f 1346/1346/1346 1438/1438/1438 1341/1341/1341
f 1346/1346/1346 1443/1443/1443 1438/1438/1438
f 1443/1443/1443 1346/1346/1346 1439/1439/1439
f 1346/1346/1346 1440/1440/1440 1439/1439/1439
f 1441/1441/1441 1440/1440/1440 1346/1346/1346
f 1457/1457/1457 1441/1441/1441 1346/1346/1346
f 1454/1454/1454 1457/1457/1457 1346/1346/1346
f 1455/1455/1455 1454/1454/1454 1346/1346/1346
f 1456/1456/1456 1455/1455/1455 1346/1346/1346
f 1456/1456/1456 1346/1346/1346 1458/1458/1458
f 1468/1468/1468 1444/1444/1444 1467/1467/1467
f 1470/1470/1470 1468/1468/1468 1467/1467/1467
f 1346/1346/1346 1348/1348/1348 1458/1458/1458
f 1459/1459/1459 1458/1458/1458 1348/1348/1348
f 1460/1460/1460 1459/1459/1459 1348/1348/1348
f 1348/1348/1348 1461/1461/1461 1460/1460/1460
f 1462/1462/1462 1461/1461/1461 1348/1348/1348
f 1348/1348/1348 1463/1463/1463 1462/1462/1462
f 1346/1346/1346 1341/1341/1341 1345/1345/1345
f 1341/1341/1341 1338/1338/1338 1345/1345/1345
f 1348/1348/1348 1346/1346/1346 1347/1347/1347
f 1346/1346/1346 1345/1345/1345 1347/1347/1347
f 1353/1353/1353 1463/1463/1463 1348/1348/1348
f 1464/1464/1464 1463/1463/1463 1353/1353/1353
f 1464/1464/1464 1353/1353/1353 1471/1471/1471
f 1471/1471/1471 1353/1353/1353 1472/1472/1472
f 1353/1353/1353 1475/1475/1475 1472/1472/1472
f 1353/1353/1353 1476/1476/1476 1475/1475/1475
f 1353/1353/1353 1473/1473/1473 1476/1476/1476
f 1353/1353/1353 1474/1474/1474 1473/1473/1473
f 1353/1353/1353 1469/1469/1469 1474/1474/1474
f 1470/1470/1470 1469/1469/1469 1353/1353/1353
f 1470/1470/1470 1353/1353/1353 1468/1468/1468
f 1348/1348/1348 1352/1352/1352 1353/1353/1353
f 1352/1352/1352 1348/1348/1348 1351/1351/1351
f 1348/1348/1348 1347/1347/1347 1351/1351/1351
f 1353/1353/1353 1352/1352/1352 1360/1360/1360
f 1352/1352/1352 1351/1351/1351 1359/1359/1359
f 1360/1360/1360 1352/1352/1352 1359/1359/1359
f 1361/1361/1361 1353/1353/1353 1360/1360/1360
f 1361/1361/1361 1468/1468/1468 1353/1353/1353
f 1360/1360/1360 1359/1359/1359 1367/1367/1367
f 1361/1361/1361 1360/1360/1360 1368/1368/1368
f 1368/1368/1368 1360/1360/1360 1367/1367/1367
f 1369/1369/1369 1361/1361/1361 1368/1368/1368
f 1468/1468/1468 1361/1361/1361 1369/1369/1369
f 1368/1368/1368 1367/1367/1367 1376/1376/1376
f 1369/1369/1369 1368/1368/1368 1377/1377/1377
f 1377/1377/1377 1368/1368/1368 1376/1376/1376
f 1367/1367/1367 1359/1359/1359 1366/1366/1366
f 1359/1359/1359 1351/1351/1351 1358/1358/1358
f 1359/1359/1359 1358/1358/1358 1366/1366/1366
f 1376/1376/1376 1367/1367/1367 1375/1375/1375
f 1367/1367/1367 1366/1366/1366 1375/1375/1375
f 1351/1351/1351 1349/1349/1349 1358/1358/1358
f 1351/1351/1351 1347/1347/1347 1349/1349/1349
f 1366/1366/1366 1358/1358/1358 1365/1365/1365
f 1358/1358/1358 1349/1349/1349 1357/1357/1357
f 1358/1358/1358 1357/1357/1357 1365/1365/1365
f 1366/1366/1366 1365/1365/1365 1374/1374/1374
f 1375/1375/1375 1366/1366/1366 1374/1374/1374
f 1365/1365/1365 1357/1357/1357 1364/1364/1364
f 1365/1365/1365 1364/1364/1364 1373/1373/1373
f 1374/1374/1374 1365/1365/1365 1373/1373/1373
f 1357/1357/1357 1354/1354/1354 1364/1364/1364
f 1373/1373/1373 1364/1364/1364 1372/1372/1372
f 1357/1357/1357 1356/1356/1356 1354/1354/1354
f 1349/1349/1349 1356/1356/1356 1357/1357/1357
f 1364/1364/1364 1354/1354/1354 1362/1362/1362
f 1364/1364/1364 1362/1362/1362 1372/1372/1372
f 1356/1356/1356 1355/1355/1355 1354/1354/1354
f 1354/1354/1354 1363/1363/1363 1362/1362/1362
f 1363/1363/1363 1354/1354/1354 1355/1355/1355
f 1372/1372/1372 1362/1362/1362 1370/1370/1370
f 1363/1363/1363 1355/1355/1355 1418/1418/1418
f 1355/1355/1355 1356/1356/1356 1418/1418/1418
f 1371/1371/1371 1362/1362/1362 1363/1363/1363
f 1418/1418/1418 1371/1371/1371 1363/1363/1363
f 1362/1362/1362 1371/1371/1371 1370/1370/1370
f 1477/1477/1477 1371/1371/1371 1418/1418/1418
f 1477/1477/1477 1370/1370/1370 1371/1371/1371
f 1356/1356/1356 1414/1414/1414 1418/1418/1418
f 1372/1372/1372 1370/1370/1370 1379/1379/1379
f 1379/1379/1379 1370/1370/1370 1477/1477/1477
f 1391/1391/1391 1418/1418/1418 1414/1414/1414
f 1498/1498/1498 1497/1497/1497 1477/1477/1477
f 1477/1477/1477 1496/1496/1496 1379/1379/1379
f 1477/1477/1477 1497/1497/1497 1496/1496/1496
f 1379/1379/1379 1496/1496/1496 1500/1500/1500
f 1497/1497/1497 1505/1505/1505 1496/1496/1496
f 1379/1379/1379 1500/1500/1500 1499/1499/1499
f 1505/1505/1505 1497/1497/1497 1692/1692/1692
f 1497/1497/1497 1690/1690/1690 1692/1692/1692
f 1692/1692/1692 1690/1690/1690 1693/1693/1693
f 1690/1690/1690 1691/1691/1691 1693/1693/1693
f 1691/1691/1691 1690/1690/1690 1689/1689/1689
f 1691/1691/1691 1689/1689/1689 1710/1710/1710
f 1689/1689/1689 1697/1697/1697 1710/1710/1710
f 1689/1689/1689 1695/1695/1695 1697/1697/1697
f 1695/1695/1695 1709/1709/1709 1697/1697/1697
f 1709/1709/1709 1695/1695/1695 1696/1696/1696
f 1696/1696/1696 1695/1695/1695 1694/1694/1694
f 1694/1694/1694 1699/1699/1699 1696/1696/1696
f 1699/1699/1699 1694/1694/1694 1698/1698/1698
f 1699/1699/1699 1698/1698/1698 1711/1711/1711
f 1701/1701/1701 1711/1711/1711 1698/1698/1698
f 1701/1701/1701 1698/1698/1698 1700/1700/1700
f 1712/1712/1712 1701/1701/1701 1700/1700/1700
f 1700/1700/1700 1708/1708/1708 1712/1712/1712
f 1707/1707/1707 1708/1708/1708 1700/1700/1700
f 1713/1713/1713 1708/1708/1708 1707/1707/1707
f 1707/1707/1707 1706/1706/1706 1713/1713/1713
f 1707/1707/1707 1703/1703/1703 1706/1706/1706
f 1703/1703/1703 1704/1704/1704 1706/1706/1706
f 1704/1704/1704 1703/1703/1703 1702/1702/1702
f 1703/1703/1703 1705/1705/1705 1702/1702/1702
f 1704/1704/1704 1702/1702/1702 1714/1714/1714
f 1715/1715/1715 1714/1714/1714 1702/1702/1702
f 1380/1380/1380 1379/1379/1379 1499/1499/1499
f 1380/1380/1380 1372/1372/1372 1379/1379/1379
f 1380/1380/1380 1499/1499/1499 1501/1501/1501
f 1373/1373/1373 1372/1372/1372 1380/1380/1380
f 1381/1381/1381 1380/1380/1380 1501/1501/1501
f 1381/1381/1381 1373/1373/1373 1380/1380/1380
f 1381/1381/1381 1501/1501/1501 1503/1503/1503
f 1381/1381/1381 1503/1503/1503 1502/1502/1502
f 1374/1374/1374 1373/1373/1373 1381/1381/1381
f 1382/1382/1382 1381/1381/1381 1502/1502/1502
f 1382/1382/1382 1374/1374/1374 1381/1381/1381
f 1504/1504/1504 1382/1382/1382 1502/1502/1502
f 1512/1512/1512 1504/1504/1504 1502/1502/1502
f 1382/1382/1382 1504/1504/1504 1484/1484/1484
f 1504/1504/1504 1512/1512/1512 1513/1513/1513
f 1382/1382/1382 1484/1484/1484 1483/1483/1483
f 1514/1514/1514 1513/1513/1513 1512/1512/1512
f 1382/1382/1382 1483/1483/1483 1482/1482/1482
f 1515/1515/1515 1514/1514/1514 1512/1512/1512
f 1482/1482/1482 1480/1480/1480 1382/1382/1382
f 1516/1516/1516 1515/1515/1515 1512/1512/1512
f 1480/1480/1480 1479/1479/1479 1382/1382/1382
f 1512/1512/1512 1517/1517/1517 1516/1516/1516
f 1478/1478/1478 1382/1382/1382 1479/1479/1479
f 1512/1512/1512 1518/1518/1518 1517/1517/1517
f 1478/1478/1478 1374/1374/1374 1382/1382/1382
f 1512/1512/1512 1508/1508/1508 1518/1518/1518
f 1374/1374/1374 1478/1478/1478 1481/1481/1481
f 1511/1511/1511 1518/1518/1518 1508/1508/1508
f 1481/1481/1481 1485/1485/1485 1374/1374/1374
f 1508/1508/1508 1509/1509/1509 1511/1511/1511
f 1491/1491/1491 1374/1374/1374 1485/1485/1485
f 1509/1509/1509 1508/1508/1508 1507/1507/1507
f 1492/1492/1492 1374/1374/1374 1491/1491/1491
f 1507/1507/1507 1508/1508/1508 1510/1510/1510
f 1492/1492/1492 1493/1493/1493 1374/1374/1374
f 1487/1487/1487 1374/1374/1374 1493/1493/1493
f 1374/1374/1374 1487/1487/1487 1375/1375/1375
f 1375/1375/1375 1487/1487/1487 1486/1486/1486
f 1375/1375/1375 1486/1486/1486 1488/1488/1488
f 1489/1489/1489 1375/1375/1375 1488/1488/1488
f 1490/1490/1490 1375/1375/1375 1489/1489/1489
f 1375/1375/1375 1490/1490/1490 1494/1494/1494
f 1495/1495/1495 1375/1375/1375 1494/1494/1494
f 1376/1376/1376 1375/1375/1375 1495/1495/1495
f 1508/1508/1508 1383/1383/1383 1510/1510/1510
f 1376/1376/1376 1495/1495/1495 1383/1383/1383
f 1547/1547/1547 1510/1510/1510 1383/1383/1383
f 1495/1495/1495 1506/1506/1506 1383/1383/1383
f 1542/1542/1542 1547/1547/1547 1383/1383/1383
f 1506/1506/1506 1546/1546/1546 1383/1383/1383
f 1542/1542/1542 1383/1383/1383 1541/1541/1541
f 1541/1541/1541 1383/1383/1383 1546/1546/1546
f 1383/1383/1383 1508/1508/1508 1526/1526/1526
f 1377/1377/1377 1376/1376/1376 1383/1383/1383
f 1383/1383/1383 1526/1526/1526 1525/1525/1525
f 1384/1384/1384 1377/1377/1377 1383/1383/1383
f 1384/1384/1384 1383/1383/1383 1525/1525/1525
f 1523/1523/1523 1377/1377/1377 1384/1384/1384
f 1524/1524/1524 1377/1377/1377 1523/1523/1523
f 1527/1527/1527 1523/1523/1523 1384/1384/1384
f 1545/1545/1545 1527/1527/1527 1384/1384/1384
f 1543/1543/1543 1545/1545/1545 1384/1384/1384
f 1544/1544/1544 1543/1543/1543 1384/1384/1384
f 1544/1544/1544 1384/1384/1384 1548/1548/1548
f 1549/1549/1549 1548/1548/1548 1384/1384/1384
f 1549/1549/1549 1384/1384/1384 1550/1550/1550
f 1550/1550/1550 1384/1384/1384 1525/1525/1525
f 1551/1551/1551 1550/1550/1550 1525/1525/1525
f 1552/1552/1552 1551/1551/1551 1525/1525/1525
f 1552/1552/1552 1525/1525/1525 1557/1557/1557
f 1558/1558/1558 1557/1557/1557 1525/1525/1525
f 1559/1559/1559 1558/1558/1558 1525/1525/1525
f 1560/1560/1560 1559/1559/1559 1525/1525/1525
f 1555/1555/1555 1560/1560/1560 1525/1525/1525
f 1555/1555/1555 1556/1556/1556 1560/1560/1560
f 1555/1555/1555 1553/1553/1553 1556/1556/1556
f 1555/1555/1555 1554/1554/1554 1553/1553/1553
f 1534/1534/1534 1554/1554/1554 1555/1555/1555
f 1534/1534/1534 1555/1555/1555 1536/1536/1536
f 1536/1536/1536 1555/1555/1555 1561/1561/1561
f 1536/1536/1536 1535/1535/1535 1534/1534/1534
f 1538/1538/1538 1535/1535/1535 1536/1536/1536
f 1536/1536/1536 1539/1539/1539 1538/1538/1538
f 1468/1468/1468 1539/1539/1539 1536/1536/1536
f 1468/1468/1468 1540/1540/1540 1539/1539/1539
f 1468/1468/1468 1537/1537/1537 1540/1540/1540
f 1537/1537/1537 1468/1468/1468 1378/1378/1378
f 1468/1468/1468 1369/1369/1369 1378/1378/1378
f 1378/1378/1378 1369/1369/1369 1377/1377/1377
f 1377/1377/1377 1524/1524/1524 1378/1378/1378
f 1378/1378/1378 1533/1533/1533 1537/1537/1537
f 1524/1524/1524 1528/1528/1528 1378/1378/1378
f 1531/1531/1531 1533/1533/1533 1378/1378/1378
f 1378/1378/1378 1528/1528/1528 1520/1520/1520
f 1378/1378/1378 1532/1532/1532 1531/1531/1531
f 1520/1520/1520 1519/1519/1519 1378/1378/1378
f 1378/1378/1378 1530/1530/1530 1532/1532/1532
f 1378/1378/1378 1519/1519/1519 1521/1521/1521
f 1529/1529/1529 1530/1530/1530 1378/1378/1378
f 1522/1522/1522 1378/1378/1378 1521/1521/1521
f 1522/1522/1522 1529/1529/1529 1378/1378/1378
f 1345/1345/1345 1338/1338/1338 1344/1344/1344
f 1344/1344/1344 1338/1338/1338 1389/1389/1389
f 1387/1387/1387 1344/1344/1344 1389/1389/1389
f 1344/1344/1344 1387/1387/1387 1386/1386/1386
f 1344/1344/1344 1386/1386/1386 1385/1385/1385
f 1344/1344/1344 1385/1385/1385 1391/1391/1391
f 1410/1410/1410 1411/1411/1411 1345/1345/1345
f 1410/1410/1410 1345/1345/1345 1408/1408/1408
f 1345/1345/1345 1409/1409/1409 1408/1408/1408
f 1345/1345/1345 1411/1411/1411 1428/1428/1428
f 1345/1345/1345 1407/1407/1407 1409/1409/1409
f 1345/1345/1345 1428/1428/1428 1347/1347/1347
f 1426/1426/1426 1347/1347/1347 1428/1428/1428
f 1427/1427/1427 1347/1347/1347 1426/1426/1426
f 1347/1347/1347 1427/1427/1427 1425/1425/1425
f 1345/1345/1345 1392/1392/1392 1407/1407/1407
f 1392/1392/1392 1345/1345/1345 1344/1344/1344
f 1406/1406/1406 1407/1407/1407 1392/1392/1392
f 1344/1344/1344 1391/1391/1391 1392/1392/1392
f 1392/1392/1392 1401/1401/1401 1406/1406/1406
f 1399/1399/1399 1401/1401/1401 1392/1392/1392
f 1392/1392/1392 1396/1396/1396 1399/1399/1399
f 1397/1397/1397 1396/1396/1396 1392/1392/1392
f 1392/1392/1392 1398/1398/1398 1397/1397/1397
f 1398/1398/1398 1392/1392/1392 1395/1395/1395
f 1395/1395/1395 1392/1392/1392 1393/1393/1393
f 1393/1393/1393 1392/1392/1392 1391/1391/1391
f 1394/1394/1394 1393/1393/1393 1391/1391/1391
f 1416/1416/1416 1394/1394/1394 1391/1391/1391
f 1417/1417/1417 1416/1416/1416 1391/1391/1391
f 1417/1417/1417 1391/1391/1391 1414/1414/1414
f 1414/1414/1414 1412/1412/1412 1417/1417/1417
f 1414/1414/1414 1413/1413/1413 1412/1412/1412
f 1414/1414/1414 1415/1415/1415 1413/1413/1413
f 1415/1415/1415 1414/1414/1414 1419/1419/1419
f 1420/1420/1420 1419/1419/1419 1414/1414/1414
f 1414/1414/1414 1422/1422/1422 1420/1420/1420
f 1422/1422/1422 1414/1414/1414 1423/1423/1423
f 1429/1429/1429 1423/1423/1423 1414/1414/1414
f 1421/1421/1421 1429/1429/1429 1414/1414/1414
f 1356/1356/1356 1421/1421/1421 1414/1414/1414
f 1356/1356/1356 1349/1349/1349 1421/1421/1421
f 1349/1349/1349 1430/1430/1430 1421/1421/1421
f 1349/1349/1349 1350/1350/1350 1430/1430/1430
f 1347/1347/1347 1350/1350/1350 1349/1349/1349
f 1347/1347/1347 1425/1425/1425 1350/1350/1350
f 1430/1430/1430 1350/1350/1350 1433/1433/1433
f 1350/1350/1350 1425/1425/1425 1424/1424/1424
f 1431/1431/1431 1433/1433/1433 1350/1350/1350
f 1424/1424/1424 1432/1432/1432 1350/1350/1350
f 1350/1350/1350 1432/1432/1432 1431/1431/1431
f 1575/1575/1575 1574/1574/1574 1573/1573/1573
f 1573/1573/1573 1574/1574/1574 1577/1577/1577
f 1576/1576/1576 1574/1574/1574 1575/1575/1575
f 1577/1577/1577 1574/1574/1574 1582/1582/1582
f 1585/1585/1585 1574/1574/1574 1576/1576/1576
f 1582/1582/1582 1574/1574/1574 1581/1581/1581
f 1574/1574/1574 1585/1585/1585 1592/1592/1592
f 1581/1581/1581 1574/1574/1574 1579/1579/1579
f 1608/1608/1608 1574/1574/1574 1609/1609/1609
f 1608/1608/1608 1606/1606/1606 1574/1574/1574
f 1607/1607/1607 1574/1574/1574 1606/1606/1606
f 1607/1607/1607 1604/1604/1604 1574/1574/1574
f 1574/1574/1574 1604/1604/1604 1578/1578/1578
f 1579/1579/1579 1574/1574/1574 1578/1578/1578
f 1580/1580/1580 1579/1579/1579 1578/1578/1578
f 1605/1605/1605 1580/1580/1580 1578/1578/1578
f 1584/1584/1584 1580/1580/1580 1605/1605/1605
f 1580/1580/1580 1584/1584/1584 1583/1583/1583
f 1598/1598/1598 1583/1583/1583 1584/1584/1584
f 1583/1583/1583 1598/1598/1598 1597/1597/1597
f 1602/1602/1602 1597/1597/1597 1598/1598/1598
f 1603/1603/1603 1597/1597/1597 1602/1602/1602
f 1597/1597/1597 1603/1603/1603 1601/1601/1601
f 1601/1601/1601 1603/1603/1603 1600/1600/1600
f 1601/1601/1601 1600/1600/1600 1599/1599/1599
f 1574/1574/1574 1592/1592/1592 1586/1586/1586
f 1592/1592/1592 1594/1594/1594 1586/1586/1586
f 1594/1594/1594 1593/1593/1593 1586/1586/1586
f 1586/1586/1586 1593/1593/1593 1591/1591/1591
f 1586/1586/1586 1591/1591/1591 1588/1588/1588
f 1588/1588/1588 1587/1587/1587 1586/1586/1586
f 1586/1586/1586 1587/1587/1587 1589/1589/1589
f 1587/1587/1587 1590/1590/1590 1589/1589/1589
f 1590/1590/1590 1596/1596/1596 1589/1589/1589
f 1596/1596/1596 1610/1610/1610 1589/1589/1589
f 1596/1596/1596 1590/1590/1590 1595/1595/1595
f 1613/1613/1613 1612/1612/1612 1611/1611/1611
f 1611/1611/1611 1615/1615/1615 1614/1614/1614
f 1614/1614/1614 1613/1613/1613 1611/1611/1611
f 1613/1613/1613 1614/1614/1614 1616/1616/1616
f 1613/1613/1613 3877/3877/3877 3875/3875/3875
f 3875/3875/3875 3874/3874/3874 1613/1613/1613
f 1613/1613/1613 3874/3874/3874 3873/3873/3873
f 3874/3874/3874 3875/3875/3875 3876/3876/3876
f 1619/1619/1619 1618/1618/1618 1617/1617/1617
f 1620/1620/1620 1619/1619/1619 1617/1617/1617
f 1622/1622/1622 1619/1619/1619 1620/1620/1620
f 1621/1621/1621 1622/1622/1622 1620/1620/1620
f 1623/1623/1623 1622/1622/1622 1621/1621/1621
f 1624/1624/1624 1623/1623/1623 1621/1621/1621
f 1623/1623/1623 1624/1624/1624 1626/1626/1626
f 1626/1626/1626 1624/1624/1624 1625/1625/1625
f 1627/1627/1627 1623/1623/1623 1626/1626/1626
f 2194/2194/2194 1618/1618/1618 2193/2193/2193
f 2195/2195/2195 2194/2194/2194 2193/2193/2193
f 2195/2195/2195 2193/2193/2193 2197/2197/2197
f 2198/2198/2198 2195/2195/2195 2197/2197/2197
f 2198/2198/2198 2197/2197/2197 2196/2196/2196
f 2199/2199/2199 2198/2198/2198 2196/2196/2196
f 2196/2196/2196 2201/2201/2201 2199/2199/2199
f 2201/2201/2201 2200/2200/2200 2199/2199/2199
f 2202/2202/2202 2201/2201/2201 2196/2196/2196
f 1630/1630/1630 1629/1629/1629 1628/1628/1628
f 1629/1629/1629 1630/1630/1630 1643/1643/1643
f 1629/1629/1629 1643/1643/1643 1641/1641/1641
f 1630/1630/1630 1645/1645/1645 1643/1643/1643
f 1641/1641/1641 1642/1642/1642 1629/1629/1629
f 1642/1642/1642 1641/1641/1641 1640/1640/1640
f 1642/1642/1642 1644/1644/1644 1629/1629/1629
f 1644/1644/1644 1628/1628/1628 1629/1629/1629
f 1743/1743/1743 1640/1640/1640 1744/1744/1744
f 1636/1636/1636 1628/1628/1628 1644/1644/1644
f 1644/1644/1644 1650/1650/1650 1636/1636/1636
f 1744/1744/1744 1716/1716/1716 1743/1743/1743
f 1716/1716/1716 1744/1744/1744 1746/1746/1746
f 1716/1716/1716 1746/1746/1746 1745/1745/1745
f 1716/1716/1716 1745/1745/1745 1737/1737/1737
f 1743/1743/1743 1716/1716/1716 1726/1726/1726
f 1729/1729/1729 1726/1726/1726 1727/1727/1727
f 1728/1728/1728 1727/1727/1727 1726/1726/1726
f 1728/1728/1728 1726/1726/1726 1730/1730/1730
f 1716/1716/1716 1730/1730/1730 1726/1726/1726
f 1730/1730/1730 1716/1716/1716 1733/1733/1733
f 1733/1733/1733 1716/1716/1716 1731/1731/1731
f 1716/1716/1716 1732/1732/1732 1731/1731/1731
f 1732/1732/1732 1716/1716/1716 1720/1720/1720
f 1720/1720/1720 1716/1716/1716 1719/1719/1719
f 1717/1717/1717 1719/1719/1719 1716/1716/1716
f 1716/1716/1716 1737/1737/1737 1718/1718/1718
f 1718/1718/1718 1717/1717/1717 1716/1716/1716
f 1737/1737/1737 1739/1739/1739 1718/1718/1718
f 1717/1717/1717 1718/1718/1718 1721/1721/1721
f 1718/1718/1718 1739/1739/1739 1738/1738/1738
f 1721/1721/1721 1718/1718/1718 1724/1724/1724
f 1718/1718/1718 1738/1738/1738 1742/1742/1742
f 1723/1723/1723 1724/1724/1724 1718/1718/1718
f 1718/1718/1718 1742/1742/1742 1741/1741/1741
f 1723/1723/1723 1718/1718/1718 1722/1722/1722
f 1740/1740/1740 1718/1718/1718 1741/1741/1741
f 1722/1722/1722 1718/1718/1718 1725/1725/1725
f 1740/1740/1740 1736/1736/1736 1718/1718/1718
f 1718/1718/1718 1734/1734/1734 1725/1725/1725
f 1718/1718/1718 1736/1736/1736 1735/1735/1735
f 1718/1718/1718 1735/1735/1735 1734/1734/1734
f 1650/1650/1650 1649/1649/1649 1636/1636/1636
f 1651/1651/1651 1649/1649/1649 1650/1650/1650
f 1651/1651/1651 1652/1652/1652 1649/1649/1649
f 1652/1652/1652 1651/1651/1651 1654/1654/1654
f 1649/1649/1649 1653/1653/1653 1636/1636/1636
f 1636/1636/1636 1653/1653/1653 1655/1655/1655
f 1637/1637/1637 1636/1636/1636 1655/1655/1655
f 1637/1637/1637 1655/1655/1655 1656/1656/1656
f 1637/1637/1637 1631/1631/1631 1636/1636/1636
f 1631/1631/1631 1628/1628/1628 1636/1636/1636
f 1631/1631/1631 1630/1630/1630 1628/1628/1628
f 1638/1638/1638 1637/1637/1637 1656/1656/1656
f 1638/1638/1638 1656/1656/1656 1658/1658/1658
f 1638/1638/1638 1658/1658/1658 1657/1657/1657
f 1639/1639/1639 1638/1638/1638 1657/1657/1657
f 1639/1639/1639 1635/1635/1635 1638/1638/1638
f 1638/1638/1638 1633/1633/1633 1637/1637/1637
f 1635/1635/1635 1633/1633/1633 1638/1638/1638
f 1633/1633/1633 1631/1631/1631 1637/1637/1637
f 1635/1635/1635 1634/1634/1634 1633/1633/1633
f 1632/1632/1632 1630/1630/1630 1631/1631/1631
f 1633/1633/1633 1632/1632/1632 1631/1631/1631
f 1634/1634/1634 1632/1632/1632 1633/1633/1633
f 1645/1645/1645 1630/1630/1630 1632/1632/1632
f 1646/1646/1646 1645/1645/1645 1632/1632/1632
f 1632/1632/1632 1647/1647/1647 1646/1646/1646
f 1632/1632/1632 1634/1634/1634 1647/1647/1647
f 1634/1634/1634 1648/1648/1648 1647/1647/1647
f 1661/1661/1661 1660/1660/1660 1659/1659/1659
f 1661/1661/1661 1677/1677/1677 1660/1660/1660
f 1677/1677/1677 1672/1672/1672 1660/1660/1660
f 1661/1661/1661 1678/1678/1678 1677/1677/1677
f 1672/1672/1672 1673/1673/1673 1660/1660/1660
f 1673/1673/1673 1672/1672/1672 1671/1671/1671
f 1674/1674/1674 1673/1673/1673 1671/1671/1671
f 1675/1675/1675 1674/1674/1674 1671/1671/1671
f 1673/1673/1673 1676/1676/1676 1660/1660/1660
f 1676/1676/1676 1659/1659/1659 1660/1660/1660
f 1678/1678/1678 1661/1661/1661 1663/1663/1663
f 1679/1679/1679 1678/1678/1678 1663/1663/1663
f 1679/1679/1679 1663/1663/1663 1680/1680/1680
f 1662/1662/1662 1661/1661/1661 1659/1659/1659
f 1663/1663/1663 1661/1661/1661 1662/1662/1662
f 1667/1667/1667 1659/1659/1659 1676/1676/1676
f 1662/1662/1662 1659/1659/1659 1667/1667/1667
f 1682/1682/1682 1667/1667/1667 1676/1676/1676
f 1682/1682/1682 1684/1684/1684 1667/1667/1667
f 1684/1684/1684 1683/1683/1683 1667/1667/1667
f 1665/1665/1665 1680/1680/1680 1663/1663/1663
f 1680/1680/1680 1665/1665/1665 1681/1681/1681
f 1683/1683/1683 1668/1668/1668 1667/1667/1667
f 1668/1668/1668 1662/1662/1662 1667/1667/1667
f 1685/1685/1685 1668/1668/1668 1683/1683/1683
f 1668/1668/1668 1685/1685/1685 1688/1688/1688
f 1664/1664/1664 1663/1663/1663 1662/1662/1662
f 1665/1665/1665 1663/1663/1663 1664/1664/1664
f 1664/1664/1664 1662/1662/1662 1668/1668/1668
f 1666/1666/1666 1665/1665/1665 1664/1664/1664
f 1669/1669/1669 1668/1668/1668 1688/1688/1688
f 1669/1669/1669 1664/1664/1664 1668/1668/1668
f 1666/1666/1666 1664/1664/1664 1669/1669/1669
f 1669/1669/1669 1688/1688/1688 1687/1687/1687
f 1670/1670/1670 1666/1666/1666 1669/1669/1669
f 1669/1669/1669 1687/1687/1687 1686/1686/1686
f 1670/1670/1670 1669/1669/1669 1686/1686/1686
f 1749/1749/1749 1748/1748/1748 1747/1747/1747
f 1747/1747/1747 1748/1748/1748 1759/1759/1759
f 1759/1759/1759 1748/1748/1748 1756/1756/1756
f 1762/1762/1762 1747/1747/1747 1759/1759/1759
f 1748/1748/1748 1757/1757/1757 1756/1756/1756
f 1758/1758/1758 1756/1756/1756 1757/1757/1757
f 1748/1748/1748 1749/1749/1749 1757/1757/1757
f 1764/1764/1764 1747/1747/1747 1762/1762/1762
f 1749/1749/1749 1760/1760/1760 1757/1757/1757
f 1760/1760/1760 1749/1749/1749 1761/1761/1761
f 1747/1747/1747 1764/1764/1764 1751/1751/1751
f 1751/1751/1751 1764/1764/1764 1763/1763/1763
f 1763/1763/1763 1765/1765/1765 1751/1751/1751
f 1750/1750/1750 1749/1749/1749 1747/1747/1747
f 1750/1750/1750 1747/1747/1747 1751/1751/1751
f 1753/1753/1753 1761/1761/1761 1749/1749/1749
f 1753/1753/1753 1749/1749/1749 1750/1750/1750
f 1761/1761/1761 1753/1753/1753 1768/1768/1768
f 1752/1752/1752 1750/1750/1750 1751/1751/1751
f 1751/1751/1751 1765/1765/1765 1752/1752/1752
f 1753/1753/1753 1767/1767/1767 1768/1768/1768
f 1769/1769/1769 1768/1768/1768 1767/1767/1767
f 1767/1767/1767 1753/1753/1753 1774/1774/1774
f 1770/1770/1770 1769/1769/1769 1767/1767/1767
f 1775/1775/1775 1774/1774/1774 1753/1753/1753
f 1771/1771/1771 1769/1769/1769 1770/1770/1770
f 1772/1772/1772 1771/1771/1771 1770/1770/1770
f 1770/1770/1770 1773/1773/1773 1772/1772/1772
f 1754/1754/1754 1775/1775/1775 1753/1753/1753
f 1754/1754/1754 1753/1753/1753 1750/1750/1750
f 1754/1754/1754 1750/1750/1750 1752/1752/1752
f 1776/1776/1776 1775/1775/1775 1754/1754/1754
f 1755/1755/1755 1754/1754/1754 1752/1752/1752
f 1755/1755/1755 1776/1776/1776 1754/1754/1754
f 1755/1755/1755 1752/1752/1752 1765/1765/1765
f 1755/1755/1755 1777/1777/1777 1776/1776/1776
f 1766/1766/1766 1755/1755/1755 1765/1765/1765
f 1755/1755/1755 1766/1766/1766 1777/1777/1777
f 1780/1780/1780 1779/1779/1779 1778/1778/1778
f 1780/1780/1780 1778/1778/1778 1814/1814/1814
f 1819/1819/1819 1778/1778/1778 1779/1779/1779
f 1814/1814/1814 1778/1778/1778 1815/1815/1815
f 1819/1819/1819 1779/1779/1779 1782/1782/1782
f 1815/1815/1815 1816/1816/1816 1814/1814/1814
f 1781/1781/1781 1782/1782/1782 1779/1779/1779
f 1817/1817/1817 1816/1816/1816 1815/1815/1815
f 1783/1783/1783 1782/1782/1782 1781/1781/1781
f 1817/1817/1817 1815/1815/1815 1820/1820/1820
f 1785/1785/1785 1782/1782/1782 1783/1783/1783
f 1817/1817/1817 1820/1820/1820 1789/1789/1789
f 1785/1785/1785 1783/1783/1783 1784/1784/1784
f 1820/1820/1820 1791/1791/1791 1789/1789/1789
f 1784/1784/1784 1818/1818/1818 1785/1785/1785
f 1791/1791/1791 1790/1790/1790 1789/1789/1789
f 1812/1812/1812 1785/1785/1785 1818/1818/1818
f 1790/1790/1790 1791/1791/1791 1793/1793/1793
f 1812/1812/1812 1818/1818/1818 1787/1787/1787
f 1791/1791/1791 1792/1792/1792 1793/1793/1793
f 1794/1794/1794 1793/1793/1793 1792/1792/1792
f 1794/1794/1794 1792/1792/1792 1800/1800/1800
f 1794/1794/1794 1800/1800/1800 1798/1798/1798
f 1800/1800/1800 1799/1799/1799 1798/1798/1798
f 1800/1800/1800 1801/1801/1801 1799/1799/1799
f 1801/1801/1801 1802/1802/1802 1799/1799/1799
f 1803/1803/1803 1802/1802/1802 1801/1801/1801
f 1808/1808/1808 1803/1803/1803 1801/1801/1801
f 1803/1803/1803 1808/1808/1808 1807/1807/1807
f 1807/1807/1807 1808/1808/1808 1804/1804/1804
f 1825/1825/1825 1804/1804/1804 1808/1808/1808
f 1825/1825/1825 1806/1806/1806 1804/1804/1804
f 1806/1806/1806 1805/1805/1805 1804/1804/1804
f 1806/1806/1806 1811/1811/1811 1805/1805/1805
f 1823/1823/1823 1811/1811/1811 1806/1806/1806
f 1811/1811/1811 1823/1823/1823 1826/1826/1826
f 1823/1823/1823 1809/1809/1809 1826/1826/1826
f 1823/1823/1823 1797/1797/1797 1809/1809/1809
f 1810/1810/1810 1809/1809/1809 1797/1797/1797
f 1797/1797/1797 1795/1795/1795 1810/1810/1810
f 1797/1797/1797 1796/1796/1796 1795/1795/1795
f 1821/1821/1821 1796/1796/1796 1797/1797/1797
f 1822/1822/1822 1796/1796/1796 1821/1821/1821
f 1824/1824/1824 1822/1822/1822 1821/1821/1821
f 1827/1827/1827 1824/1824/1824 1821/1821/1821
f 1827/1827/1827 1828/1828/1828 1824/1824/1824
f 1828/1828/1828 1827/1827/1827 1843/1843/1843
f 1827/1827/1827 1844/1844/1844 1843/1843/1843
f 1844/1844/1844 1827/1827/1827 1865/1865/1865
f 1866/1866/1866 1844/1844/1844 1865/1865/1865
f 1866/1866/1866 1865/1865/1865 1867/1867/1867
f 1831/1831/1831 1866/1866/1866 1867/1867/1867
f 1788/1788/1788 1787/1787/1787 1786/1786/1786
f 1812/1812/1812 1787/1787/1787 1788/1788/1788
f 1813/1813/1813 1812/1812/1812 1788/1788/1788
f 1867/1867/1867 1830/1830/1830 1831/1831/1831
f 1831/1831/1831 1830/1830/1830 1829/1829/1829
f 1830/1830/1830 1835/1835/1835 1829/1829/1829
f 1835/1835/1835 1830/1830/1830 1836/1836/1836
f 1830/1830/1830 1867/1867/1867 1869/1869/1869
f 1869/1869/1869 1867/1867/1867 1871/1871/1871
f 1870/1870/1870 1869/1869/1869 1871/1871/1871
f 1836/1836/1836 1830/1830/1830 1833/1833/1833
f 1834/1834/1834 1836/1836/1836 1833/1833/1833
f 1834/1834/1834 1833/1833/1833 1832/1832/1832
f 1833/1833/1833 1838/1838/1838 1832/1832/1832
f 1838/1838/1838 1833/1833/1833 1837/1837/1837
f 1869/1869/1869 1868/1868/1868 1830/1830/1830
f 1868/1868/1868 1833/1833/1833 1830/1830/1830
f 1868/1868/1868 1869/1869/1869 1870/1870/1870
f 1868/1868/1868 1837/1837/1837 1833/1833/1833
f 1868/1868/1868 1870/1870/1870 1840/1840/1840
f 1868/1868/1868 1840/1840/1840 1837/1837/1837
f 1840/1840/1840 1839/1839/1839 1837/1837/1837
f 1841/1841/1841 1839/1839/1839 1840/1840/1840
f 1842/1842/1842 1839/1839/1839 1841/1841/1841
f 1848/1848/1848 1842/1842/1842 1841/1841/1841
f 1841/1841/1841 1849/1849/1849 1848/1848/1848
f 1849/1849/1849 1841/1841/1841 1850/1850/1850
f 1849/1849/1849 1850/1850/1850 1851/1851/1851
f 1852/1852/1852 1851/1851/1851 1850/1850/1850
f 1852/1852/1852 1850/1850/1850 1854/1854/1854
f 1852/1852/1852 1854/1854/1854 1853/1853/1853
f 1877/1877/1877 1853/1853/1853 1854/1854/1854
f 1864/1864/1864 1877/1877/1877 1854/1854/1854
f 1864/1864/1864 1863/1863/1863 1877/1877/1877
f 1864/1864/1864 1859/1859/1859 1863/1863/1863
f 1860/1860/1860 1859/1859/1859 1864/1864/1864
f 1860/1860/1860 1855/1855/1855 1859/1859/1859
f 1846/1846/1846 1855/1855/1855 1860/1860/1860
f 1846/1846/1846 1847/1847/1847 1855/1855/1855
f 1847/1847/1847 1846/1846/1846 1845/1845/1845
f 1845/1845/1845 1846/1846/1846 1856/1856/1856
f 1856/1856/1856 1872/1872/1872 1845/1845/1845
f 1872/1872/1872 1856/1856/1856 1857/1857/1857
f 1858/1858/1858 1857/1857/1857 1856/1856/1856
f 1878/1878/1878 1858/1858/1858 1856/1856/1856
f 1876/1876/1876 1858/1858/1858 1878/1878/1878
f 1876/1876/1876 1875/1875/1875 1858/1858/1858
f 1875/1875/1875 1874/1874/1874 1858/1858/1858
f 1874/1874/1874 1873/1873/1873 1858/1858/1858
f 1862/1862/1862 1858/1858/1858 1873/1873/1873
f 1862/1862/1862 1861/1861/1861 1858/1858/1858
f 1881/1881/1881 1880/1880/1880 1879/1879/1879
f 1879/1879/1879 1880/1880/1880 1975/1975/1975
f 1979/1979/1979 1879/1879/1879 1975/1975/1975
f 1943/1943/1943 1975/1975/1975 1880/1880/1880
f 1893/1893/1893 1879/1879/1879 1979/1979/1979
f 1980/1980/1980 1893/1893/1893 1979/1979/1979
f 2001/2001/2001 1987/1987/1987 1980/1980/1980
f 1980/1980/1980 1987/1987/1987 1981/1981/1981
f 1893/1893/1893 1980/1980/1980 1981/1981/1981
f 1893/1893/1893 1981/1981/1981 1989/1989/1989
f 1893/1893/1893 1989/1989/1989 1988/1988/1988
f 1988/1988/1988 1990/1990/1990 1893/1893/1893
f 1893/1893/1893 1990/1990/1990 1986/1986/1986
f 1882/1882/1882 1879/1879/1879 1893/1893/1893
f 1882/1882/1882 1881/1881/1881 1879/1879/1879
f 1894/1894/1894 1893/1893/1893 1986/1986/1986
f 1894/1894/1894 1882/1882/1882 1893/1893/1893
f 1986/1986/1986 1992/1992/1992 1894/1894/1894
f 1992/1992/1992 1991/1991/1991 1894/1894/1894
f 1894/1894/1894 1991/1991/1991 1993/1993/1993
f 1894/1894/1894 1993/1993/1993 1994/1994/1994
f 1894/1894/1894 1994/1994/1994 1985/1985/1985
f 1884/1884/1884 1882/1882/1882 1894/1894/1894
f 1895/1895/1895 1894/1894/1894 1985/1985/1985
f 1895/1895/1895 1884/1884/1884 1894/1894/1894
f 1985/1985/1985 1996/1996/1996 1895/1895/1895
f 1895/1895/1895 1996/1996/1996 1995/1995/1995
f 1995/1995/1995 1997/1997/1997 1895/1895/1895
f 1895/1895/1895 1997/1997/1997 1998/1998/1998
f 1998/1998/1998 1984/1984/1984 1895/1895/1895
f 1884/1884/1884 1883/1883/1883 1882/1882/1882
f 1883/1883/1883 1881/1881/1881 1882/1882/1882
f 1984/1984/1984 1896/1896/1896 1895/1895/1895
f 2000/2000/2000 1896/1896/1896 1984/1984/1984
f 2000/2000/2000 1999/1999/1999 1896/1896/1896
f 1886/1886/1886 1884/1884/1884 1895/1895/1895
f 1896/1896/1896 1886/1886/1886 1895/1895/1895
f 1999/1999/1999 1897/1897/1897 1896/1896/1896
f 1897/1897/1897 1999/1999/1999 2022/2022/2022
f 1888/1888/1888 1886/1886/1886 1896/1896/1896
f 1897/1897/1897 1888/1888/1888 1896/1896/1896
f 1886/1886/1886 1885/1885/1885 1884/1884/1884
f 1885/1885/1885 1883/1883/1883 1884/1884/1884
f 2022/2022/2022 2032/2032/2032 2031/2031/2031
f 2022/2022/2022 2031/2031/2031 2025/2025/2025
f 1982/1982/1982 1883/1883/1883 1885/1885/1885
f 1883/1883/1883 1982/1982/1982 1978/1978/1978
f 1881/1881/1881 1883/1883/1883 1978/1978/1978
f 1982/1982/1982 1885/1885/1885 1983/1983/1983
f 1881/1881/1881 1978/1978/1978 1977/1977/1977
f 1881/1881/1881 1977/1977/1977 1880/1880/1880
f 1880/1880/1880 1977/1977/1977 1976/1976/1976
f 1887/1887/1887 1983/1983/1983 1885/1885/1885
f 1887/1887/1887 1885/1885/1885 1886/1886/1886
f 1888/1888/1888 1887/1887/1887 1886/1886/1886
f 1983/1983/1983 1887/1887/1887 2007/2007/2007
f 1976/1976/1976 1942/1942/1942 1880/1880/1880
f 1889/1889/1889 2007/2007/2007 1887/1887/1887
f 1889/1889/1889 1887/1887/1887 1888/1888/1888
f 1942/1942/1942 1943/1943/1943 1880/1880/1880
f 2007/2007/2007 1889/1889/1889 2006/2006/2006
f 1967/1967/1967 1942/1942/1942 1976/1976/1976
f 1967/1967/1967 1947/1947/1947 1942/1942/1942
f 1948/1948/1948 1942/1942/1942 1947/1947/1947
f 1948/1948/1948 1960/1960/1960 1942/1942/1942
f 1959/1959/1959 1942/1942/1942 1960/1960/1960
f 1959/1959/1959 1958/1958/1958 1942/1942/1942
f 1958/1958/1958 1963/1963/1963 1942/1942/1942
f 1974/1974/1974 1942/1942/1942 1963/1963/1963
f 1974/1974/1974 1945/1945/1945 1942/1942/1942
f 1942/1942/1942 1945/1945/1945 1944/1944/1944
f 1943/1943/1943 1942/1942/1942 1940/1940/1940
f 1944/1944/1944 1939/1939/1939 1942/1942/1942
f 1942/1942/1942 1939/1939/1939 1940/1940/1940
f 1944/1944/1944 1950/1950/1950 1939/1939/1939
f 1939/1939/1939 1950/1950/1950 1949/1949/1949
f 1939/1939/1939 1949/1949/1949 1961/1961/1961
f 1964/1964/1964 1939/1939/1939 1961/1961/1961
f 1965/1965/1965 1939/1939/1939 1964/1964/1964
f 1968/1968/1968 1939/1939/1939 1965/1965/1965
f 1939/1939/1939 1968/1968/1968 1962/1962/1962
f 1939/1939/1939 1962/1962/1962 1954/1954/1954
f 1955/1955/1955 1939/1939/1939 1954/1954/1954
f 1973/1973/1973 1939/1939/1939 1955/1955/1955
f 1973/1973/1973 1956/1956/1956 1939/1939/1939
f 1953/1953/1953 1939/1939/1939 1956/1956/1956
f 1953/1953/1953 1946/1946/1946 1939/1939/1939
f 1931/1931/1931 1940/1940/1940 1939/1939/1939
f 1939/1939/1939 1946/1946/1946 1930/1930/1930
f 1930/1930/1930 1931/1931/1931 1939/1939/1939
f 1946/1946/1946 1966/1966/1966 1930/1930/1930
f 1930/1930/1930 1966/1966/1966 1934/1934/1934
f 1935/1935/1935 1930/1930/1930 1934/1934/1934
f 1935/1935/1935 1936/1936/1936 1930/1930/1930
f 1952/1952/1952 1930/1930/1930 1936/1936/1936
f 1930/1930/1930 1952/1952/1952 1938/1938/1938
f 1938/1938/1938 1937/1937/1937 1930/1930/1930
f 1937/1937/1937 1951/1951/1951 1930/1930/1930
f 1951/1951/1951 1941/1941/1941 1930/1930/1930
f 1911/1911/1911 1931/1931/1931 1930/1930/1930
f 1941/1941/1941 1933/1933/1933 1930/1930/1930
f 1910/1910/1910 1911/1911/1911 1930/1930/1930
f 1910/1910/1910 1930/1930/1930 1933/1933/1933
f 1933/1933/1933 1957/1957/1957 1910/1910/1910
f 1957/1957/1957 1928/1928/1928 1910/1910/1910
f 1928/1928/1928 1927/1927/1927 1910/1910/1910
f 1911/1911/1911 1910/1910/1910 1908/1908/1908
f 1927/1927/1927 1922/1922/1922 1910/1910/1910
f 1910/1910/1910 1907/1907/1907 1908/1908/1908
f 1910/1910/1910 1922/1922/1922 1907/1907/1907
f 1923/1923/1923 1907/1907/1907 1922/1922/1922
f 1924/1924/1924 1907/1907/1907 1923/1923/1923
f 1907/1907/1907 1924/1924/1924 1925/1925/1925
f 1909/1909/1909 1908/1908/1908 1907/1907/1907
f 1926/1926/1926 1907/1907/1907 1925/1925/1925
f 1907/1907/1907 1905/1905/1905 1909/1909/1909
f 1905/1905/1905 1907/1907/1907 1926/1926/1926
f 1905/1905/1905 1906/1906/1906 1909/1909/1909
f 1926/1926/1926 1929/1929/1929 1905/1905/1905
f 1905/1905/1905 1929/1929/1929 1972/1972/1972
f 1905/1905/1905 1972/1972/1972 1920/1920/1920
f 1920/1920/1920 1917/1917/1917 1905/1905/1905
f 1905/1905/1905 1917/1917/1917 1916/1916/1916
f 1971/1971/1971 1905/1905/1905 1916/1916/1916
f 1906/1906/1906 1905/1905/1905 1903/1903/1903
f 1905/1905/1905 1971/1971/1971 1915/1915/1915
f 1905/1905/1905 1902/1902/1902 1903/1903/1903
f 1905/1905/1905 1915/1915/1915 1902/1902/1902
f 1902/1902/1902 1904/1904/1904 1903/1903/1903
f 1919/1919/1919 1902/1902/1902 1915/1915/1915
f 1902/1902/1902 1900/1900/1900 1904/1904/1904
f 1902/1902/1902 1919/1919/1919 1918/1918/1918
f 1918/1918/1918 1921/1921/1921 1902/1902/1902
f 1970/1970/1970 1902/1902/1902 1921/1921/1921
f 1914/1914/1914 1902/1902/1902 1970/1970/1970
f 1914/1914/1914 1913/1913/1913 1902/1902/1902
f 1913/1913/1913 1932/1932/1932 1902/1902/1902
f 1902/1902/1902 1901/1901/1901 1900/1900/1900
f 1902/1902/1902 1932/1932/1932 1912/1912/1912
f 1902/1902/1902 1912/1912/1912 1901/1901/1901
f 1969/1969/1969 1901/1901/1901 1912/1912/1912
f 1890/1890/1890 1889/1889/1889 1888/1888/1888
f 1890/1890/1890 1888/1888/1888 1897/1897/1897
f 1891/1891/1891 1889/1889/1889 1890/1890/1890
f 1889/1889/1889 1891/1891/1891 2006/2006/2006
f 2006/2006/2006 1891/1891/1891 2004/2004/2004
f 1898/1898/1898 1890/1890/1890 1897/1897/1897
f 1898/1898/1898 1897/1897/1897 2022/2022/2022
f 2004/2004/2004 1891/1891/1891 2003/2003/2003
f 2004/2004/2004 2003/2003/2003 2002/2002/2002
f 2005/2005/2005 2002/2002/2002 2003/2003/2003
f 2003/2003/2003 2011/2011/2011 2005/2005/2005
f 2005/2005/2005 2011/2011/2011 2010/2010/2010
f 1891/1891/1891 2012/2012/2012 2003/2003/2003
f 1891/1891/1891 2008/2008/2008 2012/2012/2012
f 1892/1892/1892 1891/1891/1891 1890/1890/1890
f 1891/1891/1891 1892/1892/1892 2008/2008/2008
f 1892/1892/1892 1890/1890/1890 1898/1898/1898
f 1892/1892/1892 2009/2009/2009 2008/2008/2008
f 1892/1892/1892 2013/2013/2013 2009/2009/2009
f 2014/2014/2014 2013/2013/2013 1892/1892/1892
f 1892/1892/1892 2015/2015/2015 2014/2014/2014
f 1892/1892/1892 2016/2016/2016 2015/2015/2015
f 2016/2016/2016 1892/1892/1892 2017/2017/2017
f 2018/2018/2018 2017/2017/2017 1892/1892/1892
f 2018/2018/2018 1892/1892/1892 2021/2021/2021
f 2021/2021/2021 1892/1892/1892 2019/2019/2019
f 1899/1899/1899 1892/1892/1892 1898/1898/1898
f 1892/1892/1892 1899/1899/1899 2019/2019/2019
f 2022/2022/2022 1899/1899/1899 1898/1898/1898
f 1899/1899/1899 2020/2020/2020 2019/2019/2019
f 1899/1899/1899 2022/2022/2022 2025/2025/2025
f 2023/2023/2023 2020/2020/2020 1899/1899/1899
f 2025/2025/2025 2030/2030/2030 1899/1899/1899
f 2024/2024/2024 2023/2023/2023 1899/1899/1899
f 1899/1899/1899 2030/2030/2030 2029/2029/2029
f 2026/2026/2026 2024/2024/2024 1899/1899/1899
f 2029/2029/2029 2028/2028/2028 1899/1899/1899
f 1899/1899/1899 2027/2027/2027 2026/2026/2026
f 1899/1899/1899 2028/2028/2028 2027/2027/2027
f 2035/2035/2035 2034/2034/2034 2033/2033/2033
f 2050/2050/2050 2034/2034/2034 2035/2035/2035
f 2051/2051/2051 2034/2034/2034 2050/2050/2050
f 2051/2051/2051 2037/2037/2037 2034/2034/2034
f 2037/2037/2037 2036/2036/2036 2034/2034/2034
f 2052/2052/2052 2036/2036/2036 2037/2037/2037
f 2040/2040/2040 2036/2036/2036 2052/2052/2052
f 2040/2040/2040 2038/2038/2038 2036/2036/2036
f 2040/2040/2040 2039/2039/2039 2038/2038/2038
f 2040/2040/2040 2042/2042/2042 2039/2039/2039
f 2042/2042/2042 2041/2041/2041 2039/2039/2039
f 2042/2042/2042 2043/2043/2043 2041/2041/2041
f 2042/2042/2042 2044/2044/2044 2043/2043/2043
f 2042/2042/2042 2045/2045/2045 2044/2044/2044
f 2042/2042/2042 2046/2046/2046 2045/2045/2045
f 2042/2042/2042 2047/2047/2047 2046/2046/2046
f 2042/2042/2042 2049/2049/2049 2047/2047/2047
f 2049/2049/2049 2048/2048/2048 2047/2047/2047
f 2048/2048/2048 2049/2049/2049 2053/2053/2053
f 2049/2049/2049 2054/2054/2054 2053/2053/2053
f 2054/2054/2054 2049/2049/2049 2056/2056/2056
f 2056/2056/2056 2055/2055/2055 2054/2054/2054
f 2057/2057/2057 2055/2055/2055 2056/2056/2056
f 2058/2058/2058 2057/2057/2057 2056/2056/2056
f 2057/2057/2057 2058/2058/2058 2059/2059/2059
f 2060/2060/2060 2059/2059/2059 2058/2058/2058
f 2058/2058/2058 2061/2061/2061 2060/2060/2060
f 2062/2062/2062 2060/2060/2060 2061/2061/2061
f 2062/2062/2062 2061/2061/2061 2063/2063/2063
f 2061/2061/2061 2068/2068/2068 2063/2063/2063
f 2068/2068/2068 2065/2065/2065 2063/2063/2063
f 2065/2065/2065 2064/2064/2064 2063/2063/2063
f 2077/2077/2077 2065/2065/2065 2068/2068/2068
f 2066/2066/2066 2064/2064/2064 2065/2065/2065
f 2065/2065/2065 2077/2077/2077 2076/2076/2076
f 2067/2067/2067 2066/2066/2066 2065/2065/2065
f 2067/2067/2067 2065/2065/2065 2076/2076/2076
f 2067/2067/2067 2069/2069/2069 2066/2066/2066
f 2076/2076/2076 2078/2078/2078 2067/2067/2067
f 2072/2072/2072 2069/2069/2069 2067/2067/2067
f 2078/2078/2078 2072/2072/2072 2067/2067/2067
f 2072/2072/2072 2071/2071/2071 2069/2069/2069
f 2071/2071/2071 2070/2070/2070 2069/2069/2069
f 2071/2071/2071 2075/2075/2075 2070/2070/2070
f 2071/2071/2071 2073/2073/2073 2075/2075/2075
f 2071/2071/2071 2074/2074/2074 2073/2073/2073
f 2083/2083/2083 2074/2074/2074 2071/2071/2071
f 2072/2072/2072 2078/2078/2078 2080/2080/2080
f 2071/2071/2071 2072/2072/2072 2080/2080/2080
f 2080/2080/2080 2083/2083/2083 2071/2071/2071
f 2082/2082/2082 2080/2080/2080 2078/2078/2078
f 2080/2080/2080 2081/2081/2081 2083/2083/2083
f 2080/2080/2080 2082/2082/2082 2079/2079/2079
f 2081/2081/2081 2080/2080/2080 2079/2079/2079
f 2086/2086/2086 2085/2085/2085 2084/2084/2084
f 2084/2084/2084 2085/2085/2085 2087/2087/2087
f 2103/2103/2103 2086/2086/2086 2084/2084/2084
f 2084/2084/2084 2087/2087/2087 2092/2092/2092
f 2101/2101/2101 2086/2086/2086 2103/2103/2103
f 2092/2092/2092 2087/2087/2087 2091/2091/2091
f 2103/2103/2103 2102/2102/2102 2101/2101/2101
f 2091/2091/2091 2088/2088/2088 2092/2092/2092
f 2104/2104/2104 2102/2102/2102 2103/2103/2103
f 2091/2091/2091 2090/2090/2090 2088/2088/2088
f 2105/2105/2105 2102/2102/2102 2104/2104/2104
f 2090/2090/2090 2089/2089/2089 2088/2088/2088
f 2100/2100/2100 2105/2105/2105 2104/2104/2104
f 2089/2089/2089 2093/2093/2093 2088/2088/2088
f 2099/2099/2099 2100/2100/2100 2104/2104/2104
f 2089/2089/2089 2094/2094/2094 2093/2093/2093
f 2097/2097/2097 2100/2100/2100 2099/2099/2099
f 2093/2093/2093 2094/2094/2094 2106/2106/2106
f 2093/2093/2093 2106/2106/2106 2112/2112/2112
f 2106/2106/2106 2110/2110/2110 2112/2112/2112
f 2097/2097/2097 2099/2099/2099 2096/2096/2096
f 2109/2109/2109 2112/2112/2112 2110/2110/2110
f 2112/2112/2112 2109/2109/2109 2111/2111/2111
f 2109/2109/2109 2110/2110/2110 2108/2108/2108
f 2109/2109/2109 2108/2108/2108 2107/2107/2107
f 2097/2097/2097 2096/2096/2096 2095/2095/2095
f 2099/2099/2099 2113/2113/2113 2096/2096/2096
f 2098/2098/2098 2095/2095/2095 2096/2096/2096
f 2113/2113/2113 3879/3879/3879 2096/2096/2096
f 3879/3879/3879 2113/2113/2113 3890/3890/3890
f 3879/3879/3879 3890/3890/3890 3891/3891/3891
f 3880/3880/3880 2096/2096/2096 3879/3879/3879
f 3879/3879/3879 3891/3891/3891 3878/3878/3878
f 3880/3880/3880 3879/3879/3879 3878/3878/3878
f 3891/3891/3891 3892/3892/3892 3878/3878/3878
f 3886/3886/3886 2096/2096/2096 3880/3880/3880
f 2096/2096/2096 3886/3886/3886 2098/2098/2098
f 3881/3881/3881 3880/3880/3880 3878/3878/3878
f 3886/3886/3886 3880/3880/3880 3881/3881/3881
f 3882/3882/3882 3878/3878/3878 3892/3892/3892
f 3881/3881/3881 3878/3878/3878 3882/3882/3882
f 3893/3893/3893 3882/3882/3882 3892/3892/3892
f 3882/3882/3882 3893/3893/3893 3894/3894/3894
f 3894/3894/3894 3895/3895/3895 3884/3884/3884
f 3882/3882/3882 3894/3894/3894 3884/3884/3884
f 3883/3883/3883 3882/3882/3882 3884/3884/3884
f 3883/3883/3883 3881/3881/3881 3882/3882/3882
f 3885/3885/3885 3883/3883/3883 3884/3884/3884
f 3887/3887/3887 3881/3881/3881 3883/3883/3883
f 3887/3887/3887 3886/3886/3886 3881/3881/3881
f 3888/3888/3888 3883/3883/3883 3885/3885/3885
f 3888/3888/3888 3887/3887/3887 3883/3883/3883
f 3889/3889/3889 3888/3888/3888 3885/3885/3885
f 3889/3889/3889 3904/3904/3904 3888/3888/3888
f 3904/3904/3904 3903/3903/3903 3888/3888/3888
f 3888/3888/3888 3903/3903/3903 3902/3902/3902
f 3888/3888/3888 3902/3902/3902 3887/3887/3887
f 3902/3902/3902 3901/3901/3901 3887/3887/3887
f 3887/3887/3887 3901/3901/3901 3886/3886/3886
f 3901/3901/3901 3899/3899/3899 3886/3886/3886
f 3896/3896/3896 3886/3886/3886 3899/3899/3899
f 2098/2098/2098 3886/3886/3886 3896/3896/3896
f 3897/3897/3897 2098/2098/2098 3896/3896/3896
f 3897/3897/3897 3896/3896/3896 3898/3898/3898
f 3898/3898/3898 3900/3900/3900 3897/3897/3897
f 2116/2116/2116 2115/2115/2115 2114/2114/2114
f 2114/2114/2114 2119/2119/2119 2116/2116/2116
f 2116/2116/2116 2137/2137/2137 2115/2115/2115
f 2117/2117/2117 2119/2119/2119 2114/2114/2114
f 2115/2115/2115 2137/2137/2137 2123/2123/2123
f 2118/2118/2118 2117/2117/2117 2114/2114/2114
f 2115/2115/2115 2123/2123/2123 2120/2120/2120
f 2124/2124/2124 2117/2117/2117 2118/2118/2118
f 2120/2120/2120 2123/2123/2123 2136/2136/2136
f 2397/2397/2397 2124/2124/2124 2118/2118/2118
f 2136/2136/2136 2122/2122/2122 2120/2120/2120
f 2122/2122/2122 2121/2121/2121 2120/2120/2120
f 2121/2121/2121 2122/2122/2122 2126/2126/2126
f 2126/2126/2126 2125/2125/2125 2121/2121/2121
f 2126/2126/2126 2138/2138/2138 2125/2125/2125
f 2128/2128/2128 2125/2125/2125 2138/2138/2138
f 2128/2128/2128 2127/2127/2127 2125/2125/2125
f 2139/2139/2139 2127/2127/2127 2128/2128/2128
f 2127/2127/2127 2139/2139/2139 2135/2135/2135
f 2134/2134/2134 2127/2127/2127 2135/2135/2135
f 2140/2140/2140 2134/2134/2134 2135/2135/2135
f 2134/2134/2134 2140/2140/2140 2133/2133/2133
f 2134/2134/2134 2133/2133/2133 2129/2129/2129
f 2129/2129/2129 2133/2133/2133 2131/2131/2131
f 2131/2131/2131 2130/2130/2130 2129/2129/2129
f 2129/2129/2129 2130/2130/2130 2132/2132/2132
f 2131/2131/2131 2141/2141/2141 2130/2130/2130
f 2142/2142/2142 2130/2130/2130 2141/2141/2141
f 2118/2118/2118 2371/2371/2371 2397/2397/2397
f 2371/2371/2371 2118/2118/2118 2390/2390/2390
f 2391/2391/2391 2371/2371/2371 2390/2390/2390
f 2397/2397/2397 2371/2371/2371 2282/2282/2282
f 2282/2282/2282 2392/2392/2392 2397/2397/2397
f 2393/2393/2393 2392/2392/2392 2282/2282/2282
f 2371/2371/2371 2274/2274/2274 2282/2282/2282
f 2283/2283/2283 2393/2393/2393 2282/2282/2282
f 2394/2394/2394 2393/2393/2393 2283/2283/2283
f 2371/2371/2371 2273/2273/2273 2274/2274/2274
f 2371/2371/2371 2320/2320/2320 2273/2273/2273
f 2282/2282/2282 2274/2274/2274 2275/2275/2275
f 2283/2283/2283 2282/2282/2282 2275/2275/2275
f 2274/2274/2274 2273/2273/2273 2266/2266/2266
f 2275/2275/2275 2274/2274/2274 2266/2266/2266
f 2284/2284/2284 2394/2394/2394 2283/2283/2283
f 2394/2394/2394 2284/2284/2284 2395/2395/2395
f 2396/2396/2396 2395/2395/2395 2284/2284/2284
f 2283/2283/2283 2275/2275/2275 2276/2276/2276
f 2284/2284/2284 2283/2283/2283 2276/2276/2276
f 2275/2275/2275 2266/2266/2266 2267/2267/2267
f 2276/2276/2276 2275/2275/2275 2267/2267/2267
f 2273/2273/2273 2265/2265/2265 2266/2266/2266
f 2320/2320/2320 2265/2265/2265 2273/2273/2273
f 2267/2267/2267 2266/2266/2266 2259/2259/2259
f 2266/2266/2266 2265/2265/2265 2259/2259/2259
f 2265/2265/2265 2320/2320/2320 2258/2258/2258
f 2265/2265/2265 2258/2258/2258 2259/2259/2259
f 2258/2258/2258 2320/2320/2320 2257/2257/2257
f 2259/2259/2259 2258/2258/2258 2257/2257/2257
f 2267/2267/2267 2259/2259/2259 2260/2260/2260
f 2260/2260/2260 2259/2259/2259 2257/2257/2257
f 2276/2276/2276 2267/2267/2267 2268/2268/2268
f 2268/2268/2268 2267/2267/2267 2260/2260/2260
f 2284/2284/2284 2276/2276/2276 2277/2277/2277
f 2277/2277/2277 2276/2276/2276 2268/2268/2268
f 2285/2285/2285 2396/2396/2396 2284/2284/2284
f 2285/2285/2285 2284/2284/2284 2277/2277/2277
f 2268/2268/2268 2260/2260/2260 2261/2261/2261
f 2396/2396/2396 2285/2285/2285 2399/2399/2399
f 2396/2396/2396 2399/2399/2399 2400/2400/2400
f 2285/2285/2285 2378/2378/2378 2399/2399/2399
f 2400/2400/2400 2399/2399/2399 2398/2398/2398
f 2285/2285/2285 2376/2376/2376 2378/2378/2378
f 2406/2406/2406 2400/2400/2400 2398/2398/2398
f 2285/2285/2285 2377/2377/2377 2376/2376/2376
f 2407/2407/2407 2400/2400/2400 2406/2406/2406
f 2377/2377/2377 2285/2285/2285 2374/2374/2374
f 2409/2409/2409 2400/2400/2400 2407/2407/2407
f 2374/2374/2374 2285/2285/2285 2373/2373/2373
f 2400/2400/2400 2409/2409/2409 2408/2408/2408
f 2372/2372/2372 2373/2373/2373 2285/2285/2285
f 2400/2400/2400 2408/2408/2408 2410/2410/2410
f 2372/2372/2372 2285/2285/2285 2277/2277/2277
f 2400/2400/2400 2410/2410/2410 2401/2401/2401
f 2277/2277/2277 2375/2375/2375 2372/2372/2372
f 2405/2405/2405 2401/2401/2401 2410/2410/2410
f 2375/2375/2375 2277/2277/2277 2379/2379/2379
f 2401/2401/2401 2405/2405/2405 2403/2403/2403
f 2387/2387/2387 2379/2379/2379 2277/2277/2277
f 2403/2403/2403 2402/2402/2402 2401/2401/2401
f 2387/2387/2387 2277/2277/2277 2386/2386/2386
f 2402/2402/2402 2404/2404/2404 2401/2401/2401
f 2386/2386/2386 2277/2277/2277 2385/2385/2385
f 2380/2380/2380 2385/2385/2385 2277/2277/2277
f 2401/2401/2401 2404/2404/2404 2286/2286/2286
f 2440/2440/2440 2286/2286/2286 2404/2404/2404
f 2286/2286/2286 2418/2418/2418 2401/2401/2401
f 2435/2435/2435 2286/2286/2286 2440/2440/2440
f 2435/2435/2435 2434/2434/2434 2286/2286/2286
f 2434/2434/2434 2439/2439/2439 2286/2286/2286
f 2411/2411/2411 2286/2286/2286 2439/2439/2439
f 2411/2411/2411 2389/2389/2389 2286/2286/2286
f 2419/2419/2419 2418/2418/2418 2286/2286/2286
f 2277/2277/2277 2278/2278/2278 2380/2380/2380
f 2278/2278/2278 2381/2381/2381 2380/2380/2380
f 2381/2381/2381 2278/2278/2278 2382/2382/2382
f 2383/2383/2383 2382/2382/2382 2278/2278/2278
f 2384/2384/2384 2383/2383/2383 2278/2278/2278
f 2278/2278/2278 2388/2388/2388 2384/2384/2384
f 2278/2278/2278 2389/2389/2389 2388/2388/2388
f 2278/2278/2278 2277/2277/2277 2269/2269/2269
f 2277/2277/2277 2268/2268/2268 2269/2269/2269
f 2269/2269/2269 2268/2268/2268 2261/2261/2261
f 2389/2389/2389 2278/2278/2278 2279/2279/2279
f 2279/2279/2279 2286/2286/2286 2389/2389/2389
f 2278/2278/2278 2269/2269/2269 2270/2270/2270
f 2279/2279/2279 2278/2278/2278 2270/2270/2270
f 2269/2269/2269 2261/2261/2261 2262/2262/2262
f 2270/2270/2270 2269/2269/2269 2262/2262/2262
f 2286/2286/2286 2279/2279/2279 2280/2280/2280
f 2279/2279/2279 2270/2270/2270 2271/2271/2271
f 2280/2280/2280 2279/2279/2279 2271/2271/2271
f 2270/2270/2270 2262/2262/2262 2263/2263/2263
f 2271/2271/2271 2270/2270/2270 2263/2263/2263
f 2262/2262/2262 2261/2261/2261 2254/2254/2254
f 2263/2263/2263 2262/2262/2262 2255/2255/2255
f 2262/2262/2262 2254/2254/2254 2255/2255/2255
f 2271/2271/2271 2263/2263/2263 2264/2264/2264
f 2261/2261/2261 2253/2253/2253 2254/2254/2254
f 2261/2261/2261 2260/2260/2260 2253/2253/2253
f 2260/2260/2260 2257/2257/2257 2253/2253/2253
f 2272/2272/2272 2271/2271/2271 2264/2264/2264
f 2280/2280/2280 2271/2271/2271 2272/2272/2272
f 2257/2257/2257 2323/2323/2323 2253/2253/2253
f 2362/2362/2362 2272/2272/2272 2264/2264/2264
f 2253/2253/2253 2323/2323/2323 2333/2333/2333
f 2264/2264/2264 2263/2263/2263 2256/2256/2256
f 2263/2263/2263 2255/2255/2255 2256/2256/2256
f 2264/2264/2264 2256/2256/2256 2362/2362/2362
f 2257/2257/2257 2316/2316/2316 2323/2323/2323
f 2323/2323/2323 2316/2316/2316 2332/2332/2332
f 2257/2257/2257 2320/2320/2320 2316/2316/2316
f 2332/2332/2332 2316/2316/2316 2325/2325/2325
f 2324/2324/2324 2325/2325/2325 2316/2316/2316
f 2316/2316/2316 2322/2322/2322 2324/2324/2324
f 2322/2322/2322 2316/2316/2316 2321/2321/2321
f 2317/2317/2317 2321/2321/2321 2316/2316/2316
f 2316/2316/2316 2314/2314/2314 2317/2317/2317
f 2316/2316/2316 2315/2315/2315 2314/2314/2314
f 2316/2316/2316 2319/2319/2319 2315/2315/2315
f 2294/2294/2294 2316/2316/2316 2320/2320/2320
f 2319/2319/2319 2316/2316/2316 2294/2294/2294
f 2319/2319/2319 2294/2294/2294 2318/2318/2318
f 2318/2318/2318 2294/2294/2294 2297/2297/2297
f 2297/2297/2297 2294/2294/2294 2296/2296/2296
f 2296/2296/2296 2294/2294/2294 2295/2295/2295
f 2298/2298/2298 2296/2296/2296 2295/2295/2295
f 2247/2247/2247 2295/2295/2295 2294/2294/2294
f 2301/2301/2301 2298/2298/2298 2295/2295/2295
f 2295/2295/2295 2300/2300/2300 2301/2301/2301
f 2300/2300/2300 2295/2295/2295 2299/2299/2299
f 2295/2295/2295 2302/2302/2302 2299/2299/2299
f 2302/2302/2302 2295/2295/2295 2304/2304/2304
f 2295/2295/2295 2308/2308/2308 2304/2304/2304
f 2308/2308/2308 2295/2295/2295 2309/2309/2309
f 2295/2295/2295 2247/2247/2247 2248/2248/2248
f 2248/2248/2248 2309/2309/2309 2295/2295/2295
f 2248/2248/2248 2310/2310/2310 2309/2309/2309
f 2248/2248/2248 2311/2311/2311 2310/2310/2310
f 2312/2312/2312 2311/2311/2311 2248/2248/2248
f 2312/2312/2312 2248/2248/2248 2313/2313/2313
f 2248/2248/2248 2328/2328/2328 2313/2313/2313
f 2248/2248/2248 2250/2250/2250 2328/2328/2328
f 2329/2329/2329 2328/2328/2328 2250/2250/2250
f 2330/2330/2330 2329/2329/2329 2250/2250/2250
f 2331/2331/2331 2330/2330/2330 2250/2250/2250
f 2250/2250/2250 2248/2248/2248 2249/2249/2249
f 2249/2249/2249 2248/2248/2248 2244/2244/2244
f 2331/2331/2331 2250/2250/2250 2252/2252/2252
f 2331/2331/2331 2252/2252/2252 2326/2326/2326
f 2252/2252/2252 2327/2327/2327 2326/2326/2326
f 2327/2327/2327 2252/2252/2252 2334/2334/2334
f 2252/2252/2252 2335/2335/2335 2334/2334/2334
f 2333/2333/2333 2335/2335/2335 2252/2252/2252
f 2252/2252/2252 2253/2253/2253 2333/2333/2333
f 2253/2253/2253 2252/2252/2252 2250/2250/2250
f 2254/2254/2254 2253/2253/2253 2250/2250/2250
f 2254/2254/2254 2250/2250/2250 2251/2251/2251
f 2255/2255/2255 2254/2254/2254 2251/2251/2251
f 2251/2251/2251 2250/2250/2250 2249/2249/2249
f 2251/2251/2251 2256/2256/2256 2255/2255/2255
f 2249/2249/2249 2244/2244/2244 2336/2336/2336
f 2336/2336/2336 2244/2244/2244 2342/2342/2342
f 2249/2249/2249 2336/2336/2336 2340/2340/2340
f 2244/2244/2244 2246/2246/2246 2342/2342/2342
f 2340/2340/2340 2338/2338/2338 2249/2249/2249
f 2246/2246/2246 2343/2343/2343 2342/2342/2342
f 2249/2249/2249 2338/2338/2338 2337/2337/2337
f 2246/2246/2246 2344/2344/2344 2343/2343/2343
f 2339/2339/2339 2249/2249/2249 2337/2337/2337
f 2246/2246/2246 2345/2345/2345 2344/2344/2344
f 2351/2351/2351 2249/2249/2249 2339/2339/2339
f 2246/2246/2246 2346/2346/2346 2345/2345/2345
f 2348/2348/2348 2249/2249/2249 2351/2351/2351
f 2346/2346/2346 2246/2246/2246 2347/2347/2347
f 2349/2349/2349 2249/2249/2249 2348/2348/2348
f 2246/2246/2246 2359/2359/2359 2347/2347/2347
f 2350/2350/2350 2249/2249/2249 2349/2349/2349
f 2246/2246/2246 2360/2360/2360 2359/2359/2359
f 2350/2350/2350 2352/2352/2352 2249/2249/2249
f 2246/2246/2246 2341/2341/2341 2360/2360/2360
f 2249/2249/2249 2352/2352/2352 2251/2251/2251
f 2341/2341/2341 2246/2246/2246 1444/1444/1444
f 2353/2353/2353 2251/2251/2251 2352/2352/2352
f 1444/1444/1444 2361/2361/2361 2341/2341/2341
f 2354/2354/2354 2251/2251/2251 2353/2353/2353
f 2362/2362/2362 2361/2361/2361 1444/1444/1444
f 2251/2251/2251 2354/2354/2354 2355/2355/2355
f 2357/2357/2357 2251/2251/2251 2355/2355/2355
f 2251/2251/2251 2357/2357/2357 2356/2356/2356
f 2256/2256/2256 2251/2251/2251 2356/2356/2356
f 2364/2364/2364 2361/2361/2361 2362/2362/2362
f 2358/2358/2358 2256/2256/2256 2356/2356/2356
f 2364/2364/2364 2362/2362/2362 2256/2256/2256
f 2358/2358/2358 2365/2365/2365 2256/2256/2256
f 2364/2364/2364 2256/2256/2256 2363/2363/2363
f 2365/2365/2365 2366/2366/2366 2256/2256/2256
f 2256/2256/2256 2367/2367/2367 2363/2363/2363
f 2256/2256/2256 2366/2366/2366 2370/2370/2370
f 2256/2256/2256 2368/2368/2368 2367/2367/2367
f 2256/2256/2256 2370/2370/2370 2369/2369/2369
f 2256/2256/2256 2369/2369/2369 2368/2368/2368
f 2362/2362/2362 2433/2433/2433 2430/2430/2430
f 2362/2362/2362 2431/2431/2431 2433/2433/2433
f 2362/2362/2362 2429/2429/2429 2431/2431/2431
f 2429/2429/2429 2432/2432/2432 2431/2431/2431
f 2432/2432/2432 2429/2429/2429 2427/2427/2427
f 2429/2429/2429 2428/2428/2428 2427/2427/2427
f 2430/2430/2430 2281/2281/2281 2362/2362/2362
f 2428/2428/2428 2429/2429/2429 2448/2448/2448
f 2429/2429/2429 2454/2454/2454 2448/2448/2448
f 2428/2428/2428 2448/2448/2448 2446/2446/2446
f 2448/2448/2448 2447/2447/2447 2446/2446/2446
f 2448/2448/2448 2449/2449/2449 2447/2447/2447
f 2448/2448/2448 2453/2453/2453 2449/2449/2449
f 2362/2362/2362 2281/2281/2281 2272/2272/2272
f 2448/2448/2448 2419/2419/2419 2453/2453/2453
f 2281/2281/2281 2430/2430/2430 2426/2426/2426
f 2453/2453/2453 2419/2419/2419 2452/2452/2452
f 2425/2425/2425 2281/2281/2281 2426/2426/2426
f 2452/2452/2452 2419/2419/2419 2451/2451/2451
f 2281/2281/2281 2425/2425/2425 2424/2424/2424
f 2451/2451/2451 2419/2419/2419 2450/2450/2450
f 2281/2281/2281 2424/2424/2424 2423/2423/2423
f 2445/2445/2445 2450/2450/2450 2419/2419/2419
f 2422/2422/2422 2281/2281/2281 2423/2423/2423
f 2445/2445/2445 2419/2419/2419 2444/2444/2444
f 2415/2415/2415 2281/2281/2281 2422/2422/2422
f 2444/2444/2444 2419/2419/2419 2443/2443/2443
f 2415/2415/2415 2414/2414/2414 2281/2281/2281
f 2281/2281/2281 2414/2414/2414 2412/2412/2412
f 2413/2413/2413 2281/2281/2281 2412/2412/2412
f 2281/2281/2281 2413/2413/2413 2421/2421/2421
f 2417/2417/2417 2281/2281/2281 2421/2421/2421
f 2281/2281/2281 2280/2280/2280 2272/2272/2272
f 2280/2280/2280 2281/2281/2281 2417/2417/2417
f 2417/2417/2417 2416/2416/2416 2280/2280/2280
f 2443/2443/2443 2419/2419/2419 2287/2287/2287
f 2416/2416/2416 2287/2287/2287 2280/2280/2280
f 2287/2287/2287 2419/2419/2419 2286/2286/2286
f 2287/2287/2287 2286/2286/2286 2280/2280/2280
f 2420/2420/2420 2287/2287/2287 2416/2416/2416
f 2442/2442/2442 2443/2443/2443 2287/2287/2287
f 2438/2438/2438 2287/2287/2287 2420/2420/2420
f 2442/2442/2442 2287/2287/2287 2441/2441/2441
f 2436/2436/2436 2287/2287/2287 2438/2438/2438
f 2437/2437/2437 2441/2441/2441 2287/2287/2287
f 2437/2437/2437 2287/2287/2287 2436/2436/2436
f 2145/2145/2145 2144/2144/2144 2143/2143/2143
f 2143/2143/2143 2144/2144/2144 2161/2161/2161
f 2161/2161/2161 2144/2144/2144 2155/2155/2155
f 2143/2143/2143 2161/2161/2161 2162/2162/2162
f 2155/2155/2155 2144/2144/2144 2157/2157/2157
f 2157/2157/2157 2156/2156/2156 2155/2155/2155
f 2158/2158/2158 2156/2156/2156 2157/2157/2157
f 2159/2159/2159 2156/2156/2156 2158/2158/2158
f 2157/2157/2157 2144/2144/2144 2160/2160/2160
f 2144/2144/2144 2145/2145/2145 2160/2160/2160
f 2147/2147/2147 2143/2143/2143 2162/2162/2162
f 2163/2163/2163 2147/2147/2147 2162/2162/2162
f 2163/2163/2163 2164/2164/2164 2147/2147/2147
f 2146/2146/2146 2145/2145/2145 2143/2143/2143
f 2146/2146/2146 2143/2143/2143 2147/2147/2147
f 2151/2151/2151 2160/2160/2160 2145/2145/2145
f 2151/2151/2151 2145/2145/2145 2146/2146/2146
f 2166/2166/2166 2160/2160/2160 2151/2151/2151
f 2166/2166/2166 2151/2151/2151 2168/2168/2168
f 2168/2168/2168 2151/2151/2151 2167/2167/2167
f 2149/2149/2149 2147/2147/2147 2164/2164/2164
f 2164/2164/2164 2165/2165/2165 2149/2149/2149
f 2167/2167/2167 2151/2151/2151 2152/2152/2152
f 2152/2152/2152 2151/2151/2151 2146/2146/2146
f 2169/2169/2169 2167/2167/2167 2152/2152/2152
f 2172/2172/2172 2169/2169/2169 2152/2152/2152
f 2148/2148/2148 2146/2146/2146 2147/2147/2147
f 2148/2148/2148 2147/2147/2147 2149/2149/2149
f 2152/2152/2152 2146/2146/2146 2148/2148/2148
f 2150/2150/2150 2148/2148/2148 2149/2149/2149
f 2153/2153/2153 2172/2172/2172 2152/2152/2152
f 2153/2153/2153 2152/2152/2152 2148/2148/2148
f 2153/2153/2153 2148/2148/2148 2150/2150/2150
f 2153/2153/2153 2170/2170/2170 2172/2172/2172
f 2154/2154/2154 2153/2153/2153 2150/2150/2150
f 2171/2171/2171 2170/2170/2170 2153/2153/2153
f 2154/2154/2154 2171/2171/2171 2153/2153/2153
f 2175/2175/2175 2174/2174/2174 2173/2173/2173
f 2178/2178/2178 2177/2177/2177 2175/2175/2175
f 2177/2177/2177 2176/2176/2176 2175/2175/2175
f 2175/2175/2175 2176/2176/2176 2174/2174/2174
f 2174/2174/2174 2176/2176/2176 2179/2179/2179
f 2180/2180/2180 2179/2179/2179 2176/2176/2176
f 2180/2180/2180 2176/2176/2176 2182/2182/2182
f 2182/2182/2182 2181/2181/2181 2180/2180/2180
f 2185/2185/2185 2184/2184/2184 2183/2183/2183
f 2184/2184/2184 2185/2185/2185 2186/2186/2186
f 2190/2190/2190 2184/2184/2184 2186/2186/2186
f 2191/2191/2191 2190/2190/2190 2186/2186/2186
f 2189/2189/2189 2188/2188/2188 2186/2186/2186
f 2188/2188/2188 2187/2187/2187 2186/2186/2186
f 2187/2187/2187 2191/2191/2191 2186/2186/2186
f 2187/2187/2187 2192/2192/2192 2191/2191/2191
f 2205/2205/2205 2204/2204/2204 2203/2203/2203
f 2206/2206/2206 2205/2205/2205 2203/2203/2203
f 2204/2204/2204 2207/2207/2207 2203/2203/2203
f 2215/2215/2215 2206/2206/2206 2203/2203/2203
f 2207/2207/2207 2212/2212/2212 2203/2203/2203
f 2212/2212/2212 2211/2211/2211 2203/2203/2203
f 2203/2203/2203 2222/2222/2222 2215/2215/2215
f 2211/2211/2211 2208/2208/2208 2203/2203/2203
f 2238/2238/2238 2239/2239/2239 2203/2203/2203
f 2238/2238/2238 2203/2203/2203 2236/2236/2236
f 2237/2237/2237 2236/2236/2236 2203/2203/2203
f 2237/2237/2237 2203/2203/2203 2234/2234/2234
f 2203/2203/2203 2209/2209/2209 2234/2234/2234
f 2208/2208/2208 2209/2209/2209 2203/2203/2203
f 2210/2210/2210 2209/2209/2209 2208/2208/2208
f 2235/2235/2235 2209/2209/2209 2210/2210/2210
f 2213/2213/2213 2235/2235/2235 2210/2210/2210
f 2210/2210/2210 2214/2214/2214 2213/2213/2213
f 2227/2227/2227 2213/2213/2213 2214/2214/2214
f 2214/2214/2214 2228/2228/2228 2227/2227/2227
f 2232/2232/2232 2227/2227/2227 2228/2228/2228
f 2233/2233/2233 2232/2232/2232 2228/2228/2228
f 2228/2228/2228 2231/2231/2231 2233/2233/2233
f 2231/2231/2231 2229/2229/2229 2233/2233/2233
f 2231/2231/2231 2230/2230/2230 2229/2229/2229
f 2203/2203/2203 2217/2217/2217 2222/2222/2222
f 2222/2222/2222 2217/2217/2217 2224/2224/2224
f 2224/2224/2224 2217/2217/2217 2223/2223/2223
f 2217/2217/2217 2221/2221/2221 2223/2223/2223
f 2217/2217/2217 2218/2218/2218 2221/2221/2221
f 2218/2218/2218 2217/2217/2217 2216/2216/2216
f 2217/2217/2217 2220/2220/2220 2216/2216/2216
f 2216/2216/2216 2220/2220/2220 2219/2219/2219
f 2219/2219/2219 2220/2220/2220 2226/2226/2226
f 2226/2226/2226 2225/2225/2225 2219/2219/2219
f 2226/2226/2226 2220/2220/2220 2240/2240/2240
f 3870/3870/3870 2226/2226/2226 3869/3869/3869
f 2226/2226/2226 3871/3871/3871 3869/3869/3869
f 2226/2226/2226 3868/3868/3868 3871/3871/3871
f 3864/3864/3864 3868/3868/3868 2226/2226/2226
f 3864/3864/3864 2226/2226/2226 3863/3863/3863
f 3864/3864/3864 3865/3865/3865 3868/3868/3868
f 3866/3866/3866 3865/3865/3865 3864/3864/3864
f 3867/3867/3867 3866/3866/3866 3864/3864/3864
f 3867/3867/3867 3872/3872/3872 3866/3866/3866
f 2457/2457/2457 2456/2456/2456 2455/2455/2455
f 2458/2458/2458 2457/2457/2457 2455/2455/2455
f 2458/2458/2458 2455/2455/2455 2586/2586/2586
f 2587/2587/2587 2458/2458/2458 2586/2586/2586
f 2587/2587/2587 2586/2586/2586 2584/2584/2584
f 2585/2585/2585 2587/2587/2587 2584/2584/2584
f 2585/2585/2585 2584/2584/2584 2583/2583/2583
f 2582/2582/2582 2585/2585/2585 2583/2583/2583
f 2457/2457/2457 2462/2462/2462 2456/2456/2456
f 2462/2462/2462 2459/2459/2459 2456/2456/2456
f 2583/2583/2583 2579/2579/2579 2582/2582/2582
f 2579/2579/2579 2580/2580/2580 2582/2582/2582
f 2595/2595/2595 2579/2579/2579 2583/2583/2583
f 2580/2580/2580 2579/2579/2579 2578/2578/2578
f 2595/2595/2595 2581/2581/2581 2579/2579/2579
f 2581/2581/2581 2578/2578/2578 2579/2579/2579
f 2578/2578/2578 2581/2581/2581 2573/2573/2573
f 2574/2574/2574 2578/2578/2578 2573/2573/2573
f 2574/2574/2574 2573/2573/2573 2572/2572/2572
f 2571/2571/2571 2574/2574/2574 2572/2572/2572
f 2572/2572/2572 2570/2570/2570 2571/2571/2571
f 2570/2570/2570 2572/2572/2572 2594/2594/2594
f 2571/2571/2571 2570/2570/2570 2569/2569/2569
f 2576/2576/2576 2570/2570/2570 2594/2594/2594
f 2570/2570/2570 2576/2576/2576 2577/2577/2577
f 2570/2570/2570 2577/2577/2577 2569/2569/2569
f 2577/2577/2577 2576/2576/2576 2575/2575/2575
f 2568/2568/2568 2577/2577/2577 2575/2575/2575
f 2568/2568/2568 2575/2575/2575 2563/2563/2563
f 2568/2568/2568 2563/2563/2563 2564/2564/2564
f 2563/2563/2563 2575/2575/2575 2593/2593/2593
f 2565/2565/2565 2564/2564/2564 2563/2563/2563
f 2592/2592/2592 2563/2563/2563 2593/2593/2593
f 2566/2566/2566 2565/2565/2565 2563/2563/2563
f 2566/2566/2566 2563/2563/2563 2592/2592/2592
f 2565/2565/2565 2566/2566/2566 2567/2567/2567
f 2562/2562/2562 2566/2566/2566 2592/2592/2592
f 2566/2566/2566 2562/2562/2562 2567/2567/2567
f 2562/2562/2562 2592/2592/2592 2591/2591/2591
f 2561/2561/2561 2567/2567/2567 2562/2562/2562
f 2591/2591/2591 2590/2590/2590 2562/2562/2562
f 2562/2562/2562 2559/2559/2559 2561/2561/2561
f 2559/2559/2559 2562/2562/2562 2590/2590/2590
f 2560/2560/2560 2561/2561/2561 2559/2559/2559
f 2559/2559/2559 2590/2590/2590 2589/2589/2589
f 2560/2560/2560 2559/2559/2559 2558/2558/2558
f 2559/2559/2559 2589/2589/2589 2588/2588/2588
f 2559/2559/2559 2557/2557/2557 2558/2558/2558
f 2559/2559/2559 2588/2588/2588 2557/2557/2557
f 2555/2555/2555 2558/2558/2558 2557/2557/2557
f 2557/2557/2557 2588/2588/2588 2554/2554/2554
f 2555/2555/2555 2557/2557/2557 2554/2554/2554
f 2555/2555/2555 2554/2554/2554 2553/2553/2553
f 2556/2556/2556 2555/2555/2555 2553/2553/2553
f 2556/2556/2556 2553/2553/2553 2551/2551/2551
f 2552/2552/2552 2556/2556/2556 2551/2551/2551
f 2552/2552/2552 2551/2551/2551 2548/2548/2548
f 2549/2549/2549 2552/2552/2552 2548/2548/2548
f 2549/2549/2549 2548/2548/2548 2547/2547/2547
f 2552/2552/2552 2644/2644/2644 2556/2556/2556
f 2644/2644/2644 2552/2552/2552 2549/2549/2549
f 2556/2556/2556 2644/2644/2644 2732/2732/2732
f 2550/2550/2550 2549/2549/2549 2547/2547/2547
f 2644/2644/2644 2549/2549/2549 2550/2550/2550
f 2550/2550/2550 2547/2547/2547 2544/2544/2544
f 2732/2732/2732 2644/2644/2644 2729/2729/2729
f 2545/2545/2545 2550/2550/2550 2544/2544/2544
f 2644/2644/2644 2550/2550/2550 2545/2545/2545
f 2545/2545/2545 2544/2544/2544 2543/2543/2543
f 2546/2546/2546 2545/2545/2545 2543/2543/2543
f 2545/2545/2545 2546/2546/2546 2644/2644/2644
f 2546/2546/2546 2543/2543/2543 2541/2541/2541
f 2542/2542/2542 2546/2546/2546 2541/2541/2541
f 2644/2644/2644 2546/2546/2546 2542/2542/2542
f 2542/2542/2542 2541/2541/2541 2538/2538/2538
f 2539/2539/2539 2542/2542/2542 2538/2538/2538
f 2539/2539/2539 2538/2538/2538 2537/2537/2537
f 2540/2540/2540 2539/2539/2539 2537/2537/2537
f 2540/2540/2540 2537/2537/2537 2534/2534/2534
f 2535/2535/2535 2540/2540/2540 2534/2534/2534
f 2535/2535/2535 2534/2534/2534 2533/2533/2533
f 2536/2536/2536 2535/2535/2535 2533/2533/2533
f 2536/2536/2536 2533/2533/2533 2530/2530/2530
f 2540/2540/2540 2535/2535/2535 2647/2647/2647
f 2647/2647/2647 2535/2535/2535 2536/2536/2536
f 2647/2647/2647 2733/2733/2733 2540/2540/2540
f 2542/2542/2542 2733/2733/2733 2647/2647/2647
f 2542/2542/2542 2647/2647/2647 2644/2644/2644
f 2531/2531/2531 2536/2536/2536 2530/2530/2530
f 2647/2647/2647 2536/2536/2536 2531/2531/2531
f 2531/2531/2531 2530/2530/2530 2529/2529/2529
f 2532/2532/2532 2531/2531/2531 2529/2529/2529
f 2531/2531/2531 2532/2532/2532 2647/2647/2647
f 2532/2532/2532 2529/2529/2529 2528/2528/2528
f 2647/2647/2647 2532/2532/2532 2736/2736/2736
f 2527/2527/2527 2532/2532/2532 2528/2528/2528
f 2647/2647/2647 2736/2736/2736 2753/2753/2753
f 2528/2528/2528 2517/2517/2517 2527/2527/2527
f 2526/2526/2526 2527/2527/2527 2517/2517/2517
f 2525/2525/2525 2517/2517/2517 2528/2528/2528
f 2517/2517/2517 2515/2515/2515 2526/2526/2526
f 2525/2525/2525 2514/2514/2514 2517/2517/2517
f 2514/2514/2514 2515/2515/2515 2517/2517/2517
f 2515/2515/2515 2514/2514/2514 2513/2513/2513
f 2516/2516/2516 2515/2515/2515 2513/2513/2513
f 2516/2516/2516 2513/2513/2513 2511/2511/2511
f 2511/2511/2511 2512/2512/2512 2516/2516/2516
f 2513/2513/2513 2523/2523/2523 2511/2511/2511
f 2512/2512/2512 2511/2511/2511 2506/2506/2506
f 2511/2511/2511 2523/2523/2523 2505/2505/2505
f 2511/2511/2511 2505/2505/2505 2506/2506/2506
f 2523/2523/2523 2524/2524/2524 2505/2505/2505
f 2506/2506/2506 2505/2505/2505 2504/2504/2504
f 2508/2508/2508 2505/2505/2505 2524/2524/2524
f 2505/2505/2505 2508/2508/2508 2504/2504/2504
f 2504/2504/2504 2508/2508/2508 2507/2507/2507
f 2509/2509/2509 2504/2504/2504 2507/2507/2507
f 2509/2509/2509 2507/2507/2507 2510/2510/2510
f 2503/2503/2503 2509/2509/2509 2510/2510/2510
f 2510/2510/2510 2502/2502/2502 2503/2503/2503
f 2502/2502/2502 2510/2510/2510 2522/2522/2522
f 2522/2522/2522 2498/2498/2498 2502/2502/2502
f 2503/2503/2503 2502/2502/2502 2501/2501/2501
f 2502/2502/2502 2498/2498/2498 2499/2499/2499
f 2501/2501/2501 2502/2502/2502 2499/2499/2499
f 2499/2499/2499 2498/2498/2498 2497/2497/2497
f 2500/2500/2500 2499/2499/2499 2497/2497/2497
f 2500/2500/2500 2497/2497/2497 2496/2496/2496
f 2495/2495/2495 2500/2500/2500 2496/2496/2496
f 2496/2496/2496 2494/2494/2494 2495/2495/2495
f 2494/2494/2494 2492/2492/2492 2495/2495/2495
f 2496/2496/2496 2521/2521/2521 2494/2494/2494
f 2494/2494/2494 2493/2493/2493 2492/2492/2492
f 2494/2494/2494 2521/2521/2521 2520/2520/2520
f 2494/2494/2494 2490/2490/2490 2493/2493/2493
f 2494/2494/2494 2520/2520/2520 2490/2490/2490
f 2493/2493/2493 2490/2490/2490 2491/2491/2491
f 2520/2520/2520 2519/2519/2519 2490/2490/2490
f 2491/2491/2491 2490/2490/2490 2489/2489/2489
f 2518/2518/2518 2490/2490/2490 2519/2519/2519
f 2489/2489/2489 2490/2490/2490 2518/2518/2518
f 2489/2489/2489 2518/2518/2518 2487/2487/2487
f 2488/2488/2488 2489/2489/2489 2487/2487/2487
f 2488/2488/2488 2487/2487/2487 2484/2484/2484
f 2485/2485/2485 2488/2488/2488 2484/2484/2484
f 2485/2485/2485 2484/2484/2484 2483/2483/2483
f 2486/2486/2486 2485/2485/2485 2483/2483/2483
f 2486/2486/2486 2483/2483/2483 2480/2480/2480
f 2481/2481/2481 2486/2486/2486 2480/2480/2480
f 2481/2481/2481 2480/2480/2480 2479/2479/2479
f 2486/2486/2486 2695/2695/2695 2485/2485/2485
f 2481/2481/2481 2695/2695/2695 2486/2486/2486
f 2485/2485/2485 2695/2695/2695 2779/2779/2779
f 2482/2482/2482 2481/2481/2481 2479/2479/2479
f 2482/2482/2482 2695/2695/2695 2481/2481/2481
f 2482/2482/2482 2479/2479/2479 2476/2476/2476
f 2477/2477/2477 2482/2482/2482 2476/2476/2476
f 2477/2477/2477 2476/2476/2476 2475/2475/2475
f 2695/2695/2695 2482/2482/2482 2782/2782/2782
f 2478/2478/2478 2477/2477/2477 2475/2475/2475
f 2695/2695/2695 2782/2782/2782 2478/2478/2478
f 2478/2478/2478 2475/2475/2475 2472/2472/2472
f 2473/2473/2473 2478/2478/2478 2472/2472/2472
f 2478/2478/2478 2473/2473/2473 2695/2695/2695
f 2473/2473/2473 2472/2472/2472 2471/2471/2471
f 2474/2474/2474 2473/2473/2473 2471/2471/2471
f 2695/2695/2695 2473/2473/2473 2474/2474/2474
f 2474/2474/2474 2471/2471/2471 2468/2468/2468
f 2469/2469/2469 2474/2474/2474 2468/2468/2468
f 2469/2469/2469 2468/2468/2468 2467/2467/2467
f 2470/2470/2470 2469/2469/2469 2467/2467/2467
f 2470/2470/2470 2467/2467/2467 2464/2464/2464
f 2465/2465/2465 2470/2470/2470 2464/2464/2464
f 2465/2465/2465 2464/2464/2464 2463/2463/2463
f 2466/2466/2466 2465/2465/2465 2463/2463/2463
f 2466/2466/2466 2463/2463/2463 2460/2460/2460
f 2465/2465/2465 2698/2698/2698 2470/2470/2470
f 2465/2465/2465 2466/2466/2466 2698/2698/2698
f 2698/2698/2698 2783/2783/2783 2470/2470/2470
f 2474/2474/2474 2783/2783/2783 2698/2698/2698
f 2698/2698/2698 2695/2695/2695 2474/2474/2474
f 2461/2461/2461 2466/2466/2466 2460/2460/2460
f 2466/2466/2466 2461/2461/2461 2698/2698/2698
f 2461/2461/2461 2460/2460/2460 2459/2459/2459
f 2462/2462/2462 2461/2461/2461 2459/2459/2459
f 2462/2462/2462 2698/2698/2698 2461/2461/2461
f 2457/2457/2457 2698/2698/2698 2462/2462/2462
f 2457/2457/2457 2702/2702/2702 2698/2698/2698
f 2696/2696/2696 2695/2695/2695 2698/2698/2698
f 2699/2699/2699 2696/2696/2696 2698/2698/2698
f 2697/2697/2697 2696/2696/2696 2699/2699/2699
f 2700/2700/2700 2697/2697/2697 2699/2699/2699
f 2700/2700/2700 2737/2737/2737 2697/2697/2697
f 2737/2737/2737 2797/2797/2797 2697/2697/2697
f 2697/2697/2697 2797/2797/2797 2694/2694/2694
f 2697/2697/2697 2694/2694/2694 2696/2696/2696
f 2797/2797/2797 2800/2800/2800 2694/2694/2694
f 2694/2694/2694 2693/2693/2693 2696/2696/2696
f 2696/2696/2696 2693/2693/2693 2695/2695/2695
f 2694/2694/2694 2800/2800/2800 2691/2691/2691
f 2694/2694/2694 2691/2691/2691 2693/2693/2693
f 2800/2800/2800 2799/2799/2799 2691/2691/2691
f 2693/2693/2693 2692/2692/2692 2695/2695/2695
f 2688/2688/2688 2691/2691/2691 2799/2799/2799
f 2798/2798/2798 2688/2688/2688 2799/2799/2799
f 2691/2691/2691 2690/2690/2690 2693/2693/2693
f 2691/2691/2691 2688/2688/2688 2690/2690/2690
f 2693/2693/2693 2690/2690/2690 2692/2692/2692
f 2688/2688/2688 2798/2798/2798 2685/2685/2685
f 2798/2798/2798 2796/2796/2796 2685/2685/2685
f 2688/2688/2688 2687/2687/2687 2690/2690/2690
f 2688/2688/2688 2685/2685/2685 2687/2687/2687
f 2690/2690/2690 2689/2689/2689 2692/2692/2692
f 2690/2690/2690 2687/2687/2687 2689/2689/2689
f 2685/2685/2685 2796/2796/2796 2682/2682/2682
f 2796/2796/2796 2795/2795/2795 2682/2682/2682
f 2685/2685/2685 2684/2684/2684 2687/2687/2687
f 2685/2685/2685 2682/2682/2682 2684/2684/2684
f 2687/2687/2687 2686/2686/2686 2689/2689/2689
f 2687/2687/2687 2684/2684/2684 2686/2686/2686
f 2682/2682/2682 2795/2795/2795 2679/2679/2679
f 2795/2795/2795 2794/2794/2794 2679/2679/2679
f 2682/2682/2682 2681/2681/2681 2684/2684/2684
f 2682/2682/2682 2679/2679/2679 2681/2681/2681
f 2684/2684/2684 2683/2683/2683 2686/2686/2686
f 2684/2684/2684 2681/2681/2681 2683/2683/2683
f 2676/2676/2676 2679/2679/2679 2794/2794/2794
f 2793/2793/2793 2676/2676/2676 2794/2794/2794
f 2679/2679/2679 2678/2678/2678 2681/2681/2681
f 2679/2679/2679 2676/2676/2676 2678/2678/2678
f 2681/2681/2681 2680/2680/2680 2683/2683/2683
f 2681/2681/2681 2678/2678/2678 2680/2680/2680
f 2676/2676/2676 2793/2793/2793 2673/2673/2673
f 2793/2793/2793 2792/2792/2792 2673/2673/2673
f 2676/2676/2676 2675/2675/2675 2678/2678/2678
f 2676/2676/2676 2673/2673/2673 2675/2675/2675
f 2678/2678/2678 2677/2677/2677 2680/2680/2680
f 2678/2678/2678 2675/2675/2675 2677/2677/2677
f 2673/2673/2673 2792/2792/2792 2670/2670/2670
f 2792/2792/2792 2791/2791/2791 2670/2670/2670
f 2673/2673/2673 2672/2672/2672 2675/2675/2675
f 2673/2673/2673 2670/2670/2670 2672/2672/2672
f 2675/2675/2675 2674/2674/2674 2677/2677/2677
f 2675/2675/2675 2672/2672/2672 2674/2674/2674
f 2670/2670/2670 2791/2791/2791 2667/2667/2667
f 2791/2791/2791 2790/2790/2790 2667/2667/2667
f 2670/2670/2670 2669/2669/2669 2672/2672/2672
f 2670/2670/2670 2667/2667/2667 2669/2669/2669
f 2672/2672/2672 2671/2671/2671 2674/2674/2674
f 2672/2672/2672 2669/2669/2669 2671/2671/2671
f 2667/2667/2667 2790/2790/2790 2664/2664/2664
f 2790/2790/2790 2789/2789/2789 2664/2664/2664
f 2667/2667/2667 2666/2666/2666 2669/2669/2669
f 2667/2667/2667 2664/2664/2664 2666/2666/2666
f 2669/2669/2669 2668/2668/2668 2671/2671/2671
f 2669/2669/2669 2666/2666/2666 2668/2668/2668
f 2664/2664/2664 2789/2789/2789 2661/2661/2661
f 2789/2789/2789 2788/2788/2788 2661/2661/2661
f 2664/2664/2664 2663/2663/2663 2666/2666/2666
f 2664/2664/2664 2661/2661/2661 2663/2663/2663
f 2666/2666/2666 2665/2665/2665 2668/2668/2668
f 2666/2666/2666 2663/2663/2663 2665/2665/2665
f 2661/2661/2661 2788/2788/2788 2658/2658/2658
f 2788/2788/2788 2787/2787/2787 2658/2658/2658
f 2661/2661/2661 2660/2660/2660 2663/2663/2663
f 2661/2661/2661 2658/2658/2658 2660/2660/2660
f 2663/2663/2663 2662/2662/2662 2665/2665/2665
f 2663/2663/2663 2660/2660/2660 2662/2662/2662
f 2658/2658/2658 2787/2787/2787 2655/2655/2655
f 2787/2787/2787 2786/2786/2786 2655/2655/2655
f 2658/2658/2658 2657/2657/2657 2660/2660/2660
f 2658/2658/2658 2655/2655/2655 2657/2657/2657
f 2660/2660/2660 2659/2659/2659 2662/2662/2662
f 2660/2660/2660 2657/2657/2657 2659/2659/2659
f 2655/2655/2655 2786/2786/2786 2652/2652/2652
f 2786/2786/2786 2785/2785/2785 2652/2652/2652
f 2655/2655/2655 2654/2654/2654 2657/2657/2657
f 2655/2655/2655 2652/2652/2652 2654/2654/2654
f 2657/2657/2657 2656/2656/2656 2659/2659/2659
f 2657/2657/2657 2654/2654/2654 2656/2656/2656
f 2652/2652/2652 2785/2785/2785 2649/2649/2649
f 2785/2785/2785 2734/2734/2734 2649/2649/2649
f 2652/2652/2652 2651/2651/2651 2654/2654/2654
f 2652/2652/2652 2649/2649/2649 2651/2651/2651
f 2654/2654/2654 2653/2653/2653 2656/2656/2656
f 2654/2654/2654 2651/2651/2651 2653/2653/2653
f 2646/2646/2646 2649/2649/2649 2734/2734/2734
f 2735/2735/2735 2646/2646/2646 2734/2734/2734
f 2649/2649/2649 2648/2648/2648 2651/2651/2651
f 2649/2649/2649 2646/2646/2646 2648/2648/2648
f 2651/2651/2651 2650/2650/2650 2653/2653/2653
f 2651/2651/2651 2648/2648/2648 2650/2650/2650
f 2646/2646/2646 2735/2735/2735 2643/2643/2643
f 2735/2735/2735 2752/2752/2752 2643/2643/2643
f 2646/2646/2646 2645/2645/2645 2648/2648/2648
f 2646/2646/2646 2643/2643/2643 2645/2645/2645
f 2648/2648/2648 2647/2647/2647 2650/2650/2650
f 2648/2648/2648 2645/2645/2645 2647/2647/2647
f 2643/2643/2643 2752/2752/2752 2640/2640/2640
f 2752/2752/2752 2751/2751/2751 2640/2640/2640
f 2643/2643/2643 2642/2642/2642 2645/2645/2645
f 2643/2643/2643 2640/2640/2640 2642/2642/2642
f 2645/2645/2645 2644/2644/2644 2647/2647/2647
f 2645/2645/2645 2642/2642/2642 2644/2644/2644
f 2754/2754/2754 2650/2650/2650 2647/2647/2647
f 2653/2653/2653 2650/2650/2650 2754/2754/2754
f 2754/2754/2754 2647/2647/2647 2753/2753/2753
f 2757/2757/2757 2754/2754/2754 2753/2753/2753
f 2757/2757/2757 2756/2756/2756 2754/2754/2754
f 2755/2755/2755 2653/2653/2653 2754/2754/2754
f 2756/2756/2756 2755/2755/2755 2754/2754/2754
f 2653/2653/2653 2755/2755/2755 2656/2656/2656
f 2758/2758/2758 2755/2755/2755 2756/2756/2756
f 2755/2755/2755 2764/2764/2764 2656/2656/2656
f 2764/2764/2764 2755/2755/2755 2758/2758/2758
f 2659/2659/2659 2656/2656/2656 2764/2764/2764
f 2759/2759/2759 2764/2764/2764 2758/2758/2758
f 2772/2772/2772 2659/2659/2659 2764/2764/2764
f 2772/2772/2772 2764/2764/2764 2759/2759/2759
f 2662/2662/2662 2659/2659/2659 2772/2772/2772
f 2772/2772/2772 2759/2759/2759 2760/2760/2760
f 2760/2760/2760 2662/2662/2662 2772/2772/2772
f 2665/2665/2665 2662/2662/2662 2760/2760/2760
f 2761/2761/2761 2760/2760/2760 2759/2759/2759
f 2762/2762/2762 2665/2665/2665 2760/2760/2760
f 2760/2760/2760 2761/2761/2761 2762/2762/2762
f 2668/2668/2668 2665/2665/2665 2762/2762/2762
f 2763/2763/2763 2762/2762/2762 2761/2761/2761
f 2763/2763/2763 2765/2765/2765 2762/2762/2762
f 2766/2766/2766 2668/2668/2668 2762/2762/2762
f 2765/2765/2765 2766/2766/2766 2762/2762/2762
f 2671/2671/2671 2668/2668/2668 2766/2766/2766
f 2501/2501/2501 2766/2766/2766 2765/2765/2765
f 2768/2768/2768 2671/2671/2671 2766/2766/2766
f 2768/2768/2768 2766/2766/2766 2501/2501/2501
f 2768/2768/2768 2674/2674/2674 2671/2671/2671
f 2768/2768/2768 2501/2501/2501 2767/2767/2767
f 2674/2674/2674 2768/2768/2768 2677/2677/2677
f 2767/2767/2767 2770/2770/2770 2768/2768/2768
f 2768/2768/2768 2769/2769/2769 2677/2677/2677
f 2770/2770/2770 2769/2769/2769 2768/2768/2768
f 2677/2677/2677 2769/2769/2769 2680/2680/2680
f 2771/2771/2771 2769/2769/2769 2770/2770/2770
f 2769/2769/2769 2773/2773/2773 2680/2680/2680
f 2773/2773/2773 2769/2769/2769 2771/2771/2771
f 2680/2680/2680 2773/2773/2773 2683/2683/2683
f 2773/2773/2773 2771/2771/2771 2774/2774/2774
f 2773/2773/2773 2784/2784/2784 2683/2683/2683
f 2773/2773/2773 2774/2774/2774 2784/2784/2784
f 2683/2683/2683 2784/2784/2784 2686/2686/2686
f 2784/2784/2784 2774/2774/2774 2776/2776/2776
f 2784/2784/2784 2776/2776/2776 2686/2686/2686
f 2776/2776/2776 2774/2774/2774 2775/2775/2775
f 2689/2689/2689 2686/2686/2686 2776/2776/2776
f 2776/2776/2776 2775/2775/2775 2778/2778/2778
f 2778/2778/2778 2689/2689/2689 2776/2776/2776
f 2778/2778/2778 2775/2775/2775 2777/2777/2777
f 2692/2692/2692 2689/2689/2689 2778/2778/2778
f 2777/2777/2777 2781/2781/2781 2778/2778/2778
f 2781/2781/2781 2692/2692/2692 2778/2778/2778
f 2781/2781/2781 2777/2777/2777 2780/2780/2780
f 2695/2695/2695 2692/2692/2692 2781/2781/2781
f 2781/2781/2781 2780/2780/2780 2779/2779/2779
f 2779/2779/2779 2695/2695/2695 2781/2781/2781
f 2729/2729/2729 2644/2644/2644 2731/2731/2731
f 2731/2731/2731 2730/2730/2730 2729/2729/2729
f 2644/2644/2644 2641/2641/2641 2731/2731/2731
f 2642/2642/2642 2641/2641/2641 2644/2644/2644
f 2730/2730/2730 2731/2731/2731 2728/2728/2728
f 2731/2731/2731 2641/2641/2641 2728/2728/2728
f 2727/2727/2727 2730/2730/2730 2728/2728/2728
f 2728/2728/2728 2726/2726/2726 2727/2727/2727
f 2642/2642/2642 2639/2639/2639 2641/2641/2641
f 2640/2640/2640 2639/2639/2639 2642/2642/2642
f 2641/2641/2641 2638/2638/2638 2728/2728/2728
f 2639/2639/2639 2638/2638/2638 2641/2641/2641
f 2728/2728/2728 2725/2725/2725 2726/2726/2726
f 2728/2728/2728 2638/2638/2638 2725/2725/2725
f 2640/2640/2640 2637/2637/2637 2639/2639/2639
f 2640/2640/2640 2751/2751/2751 2637/2637/2637
f 2751/2751/2751 2750/2750/2750 2637/2637/2637
f 2639/2639/2639 2636/2636/2636 2638/2638/2638
f 2637/2637/2637 2636/2636/2636 2639/2639/2639
f 2634/2634/2634 2637/2637/2637 2750/2750/2750
f 2637/2637/2637 2634/2634/2634 2636/2636/2636
f 2749/2749/2749 2634/2634/2634 2750/2750/2750
f 2636/2636/2636 2635/2635/2635 2638/2638/2638
f 2638/2638/2638 2635/2635/2635 2725/2725/2725
f 2634/2634/2634 2633/2633/2633 2636/2636/2636
f 2636/2636/2636 2633/2633/2633 2635/2635/2635
f 2634/2634/2634 2749/2749/2749 2631/2631/2631
f 2634/2634/2634 2631/2631/2631 2633/2633/2633
f 2749/2749/2749 2748/2748/2748 2631/2631/2631
f 2726/2726/2726 2725/2725/2725 2724/2724/2724
f 2725/2725/2725 2635/2635/2635 2724/2724/2724
f 2723/2723/2723 2726/2726/2726 2724/2724/2724
f 2633/2633/2633 2632/2632/2632 2635/2635/2635
f 2635/2635/2635 2632/2632/2632 2724/2724/2724
f 2722/2722/2722 2723/2723/2723 2724/2724/2724
f 2724/2724/2724 2632/2632/2632 2722/2722/2722
f 2722/2722/2722 2719/2719/2719 2723/2723/2723
f 2633/2633/2633 2630/2630/2630 2632/2632/2632
f 2631/2631/2631 2630/2630/2630 2633/2633/2633
f 2632/2632/2632 2629/2629/2629 2722/2722/2722
f 2630/2630/2630 2629/2629/2629 2632/2632/2632
f 2722/2722/2722 2716/2716/2716 2719/2719/2719
f 2716/2716/2716 2722/2722/2722 2629/2629/2629
f 2716/2716/2716 2717/2717/2717 2719/2719/2719
f 2631/2631/2631 2748/2748/2748 2628/2628/2628
f 2631/2631/2631 2628/2628/2628 2630/2630/2630
f 2748/2748/2748 2747/2747/2747 2628/2628/2628
f 2630/2630/2630 2627/2627/2627 2629/2629/2629
f 2628/2628/2628 2627/2627/2627 2630/2630/2630
f 2628/2628/2628 2747/2747/2747 2625/2625/2625
f 2628/2628/2628 2625/2625/2625 2627/2627/2627
f 2747/2747/2747 2746/2746/2746 2625/2625/2625
f 2627/2627/2627 2626/2626/2626 2629/2629/2629
f 2626/2626/2626 2716/2716/2716 2629/2629/2629
f 2625/2625/2625 2624/2624/2624 2627/2627/2627
f 2627/2627/2627 2624/2624/2624 2626/2626/2626
f 2622/2622/2622 2625/2625/2625 2746/2746/2746
f 2625/2625/2625 2622/2622/2622 2624/2624/2624
f 2745/2745/2745 2622/2622/2622 2746/2746/2746
f 2717/2717/2717 2716/2716/2716 2715/2715/2715
f 2716/2716/2716 2626/2626/2626 2715/2715/2715
f 2718/2718/2718 2717/2717/2717 2715/2715/2715
f 2624/2624/2624 2623/2623/2623 2626/2626/2626
f 2626/2626/2626 2623/2623/2623 2715/2715/2715
f 2718/2718/2718 2715/2715/2715 2714/2714/2714
f 2715/2715/2715 2623/2623/2623 2714/2714/2714
f 2714/2714/2714 2569/2569/2569 2718/2718/2718
f 2714/2714/2714 2711/2711/2711 2569/2569/2569
f 2624/2624/2624 2621/2621/2621 2623/2623/2623
f 2622/2622/2622 2621/2621/2621 2624/2624/2624
f 2623/2623/2623 2620/2620/2620 2714/2714/2714
f 2621/2621/2621 2620/2620/2620 2623/2623/2623
f 2714/2714/2714 2713/2713/2713 2711/2711/2711
f 2714/2714/2714 2620/2620/2620 2713/2713/2713
f 2713/2713/2713 2712/2712/2712 2711/2711/2711
f 2622/2622/2622 2745/2745/2745 2619/2619/2619
f 2622/2622/2622 2619/2619/2619 2621/2621/2621
f 2745/2745/2745 2744/2744/2744 2619/2619/2619
f 2621/2621/2621 2618/2618/2618 2620/2620/2620
f 2619/2619/2619 2618/2618/2618 2621/2621/2621
f 2619/2619/2619 2744/2744/2744 2616/2616/2616
f 2619/2619/2619 2616/2616/2616 2618/2618/2618
f 2744/2744/2744 2743/2743/2743 2616/2616/2616
f 2618/2618/2618 2617/2617/2617 2620/2620/2620
f 2620/2620/2620 2617/2617/2617 2713/2713/2713
f 2616/2616/2616 2615/2615/2615 2618/2618/2618
f 2618/2618/2618 2615/2615/2615 2617/2617/2617
f 2616/2616/2616 2743/2743/2743 2613/2613/2613
f 2616/2616/2616 2613/2613/2613 2615/2615/2615
f 2743/2743/2743 2742/2742/2742 2613/2613/2613
f 2713/2713/2713 2720/2720/2720 2712/2712/2712
f 2713/2713/2713 2617/2617/2617 2720/2720/2720
f 2720/2720/2720 2709/2709/2709 2712/2712/2712
f 2615/2615/2615 2614/2614/2614 2617/2617/2617
f 2617/2617/2617 2614/2614/2614 2720/2720/2720
f 2710/2710/2710 2709/2709/2709 2720/2720/2720
f 2720/2720/2720 2614/2614/2614 2710/2710/2710
f 2710/2710/2710 2706/2706/2706 2709/2709/2709
f 2615/2615/2615 2612/2612/2612 2614/2614/2614
f 2613/2613/2613 2612/2612/2612 2615/2615/2615
f 2614/2614/2614 2611/2611/2611 2710/2710/2710
f 2612/2612/2612 2611/2611/2611 2614/2614/2614
f 2610/2610/2610 2613/2613/2613 2742/2742/2742
f 2613/2613/2613 2610/2610/2610 2612/2612/2612
f 2741/2741/2741 2610/2610/2610 2742/2742/2742
f 2710/2710/2710 2721/2721/2721 2706/2706/2706
f 2710/2710/2710 2611/2611/2611 2721/2721/2721
f 2607/2607/2607 2610/2610/2610 2741/2741/2741
f 2740/2740/2740 2607/2607/2607 2741/2741/2741
f 2610/2610/2610 2609/2609/2609 2612/2612/2612
f 2612/2612/2612 2609/2609/2609 2611/2611/2611
f 2610/2610/2610 2607/2607/2607 2609/2609/2609
f 2611/2611/2611 2608/2608/2608 2721/2721/2721
f 2609/2609/2609 2608/2608/2608 2611/2611/2611
f 2721/2721/2721 2708/2708/2708 2706/2706/2706
f 2721/2721/2721 2608/2608/2608 2708/2708/2708
f 2708/2708/2708 2707/2707/2707 2706/2706/2706
f 2609/2609/2609 2606/2606/2606 2608/2608/2608
f 2607/2607/2607 2606/2606/2606 2609/2609/2609
f 2608/2608/2608 2605/2605/2605 2708/2708/2708
f 2606/2606/2606 2605/2605/2605 2608/2608/2608
f 2707/2707/2707 2708/2708/2708 2704/2704/2704
f 2704/2704/2704 2708/2708/2708 2605/2605/2605
f 2704/2704/2704 2705/2705/2705 2707/2707/2707
f 2607/2607/2607 2740/2740/2740 2604/2604/2604
f 2607/2607/2607 2604/2604/2604 2606/2606/2606
f 2740/2740/2740 2739/2739/2739 2604/2604/2604
f 2606/2606/2606 2603/2603/2603 2605/2605/2605
f 2604/2604/2604 2603/2603/2603 2606/2606/2606
f 2604/2604/2604 2739/2739/2739 2601/2601/2601
f 2604/2604/2604 2601/2601/2601 2603/2603/2603
f 2739/2739/2739 2738/2738/2738 2601/2601/2601
f 2603/2603/2603 2602/2602/2602 2605/2605/2605
f 2602/2602/2602 2704/2704/2704 2605/2605/2605
f 2601/2601/2601 2738/2738/2738 2600/2600/2600
f 2738/2738/2738 2737/2737/2737 2600/2600/2600
f 2601/2601/2601 2599/2599/2599 2603/2603/2603
f 2601/2601/2601 2600/2600/2600 2599/2599/2599
f 2603/2603/2603 2599/2599/2599 2602/2602/2602
f 2600/2600/2600 2598/2598/2598 2599/2599/2599
f 2599/2599/2599 2598/2598/2598 2596/2596/2596
f 2599/2599/2599 2596/2596/2596 2602/2602/2602
f 2598/2598/2598 2597/2597/2597 2596/2596/2596
f 2704/2704/2704 2602/2602/2602 2703/2703/2703
f 2602/2602/2602 2596/2596/2596 2703/2703/2703
f 2703/2703/2703 2596/2596/2596 2597/2597/2597
f 2705/2705/2705 2704/2704/2704 2703/2703/2703
f 2702/2702/2702 2703/2703/2703 2597/2597/2597
f 2701/2701/2701 2705/2705/2705 2703/2703/2703
f 2703/2703/2703 2702/2702/2702 2701/2701/2701
f 2803/2803/2803 2802/2802/2802 2801/2801/2801
f 2804/2804/2804 2803/2803/2803 2801/2801/2801
f 2803/2803/2803 2808/2808/2808 2802/2802/2802
f 2808/2808/2808 2805/2805/2805 2802/2802/2802
f 2808/2808/2808 2807/2807/2807 2805/2805/2805
f 2807/2807/2807 2806/2806/2806 2805/2805/2805
f 2804/2804/2804 2937/2937/2937 2935/2935/2935
f 2806/2806/2806 2807/2807/2807 2811/2811/2811
f 2811/2811/2811 2807/2807/2807 2810/2810/2810
f 2811/2811/2811 2821/2821/2821 2806/2806/2806
f 2811/2811/2811 2810/2810/2810 2809/2809/2809
f 2936/2936/2936 2804/2804/2804 2935/2935/2935
f 2936/2936/2936 2935/2935/2935 2932/2932/2932
f 2947/2947/2947 2804/2804/2804 2936/2936/2936
f 2933/2933/2933 2936/2936/2936 2932/2932/2932
f 2947/2947/2947 2936/2936/2936 2933/2933/2933
f 2933/2933/2933 2932/2932/2932 2931/2931/2931
f 2811/2811/2811 2809/2809/2809 2812/2812/2812
f 2811/2811/2811 2812/2812/2812 2821/2821/2821
f 2812/2812/2812 2809/2809/2809 2815/2815/2815
f 2812/2812/2812 2822/2822/2822 2821/2821/2821
f 2822/2822/2822 2812/2812/2812 2819/2819/2819
f 2815/2815/2815 2814/2814/2814 2812/2812/2812
f 2820/2820/2820 2819/2819/2819 2812/2812/2812
f 2814/2814/2814 2813/2813/2813 2812/2812/2812
f 2813/2813/2813 2820/2820/2820 2812/2812/2812
f 2813/2813/2813 2814/2814/2814 2816/2816/2816
f 2934/2934/2934 2933/2933/2933 2931/2931/2931
f 2947/2947/2947 2933/2933/2933 2934/2934/2934
f 2934/2934/2934 2931/2931/2931 2928/2928/2928
f 2929/2929/2929 2934/2934/2934 2928/2928/2928
f 2929/2929/2929 2928/2928/2928 2927/2927/2927
f 2947/2947/2947 2934/2934/2934 3051/3051/3051
f 2930/2930/2930 2929/2929/2929 2927/2927/2927
f 2947/2947/2947 3051/3051/3051 2930/2930/2930
f 2930/2930/2930 2927/2927/2927 2924/2924/2924
f 2925/2925/2925 2930/2930/2930 2924/2924/2924
f 2925/2925/2925 2924/2924/2924 2923/2923/2923
f 2947/2947/2947 2930/2930/2930 3052/3052/3052
f 2926/2926/2926 2925/2925/2925 2923/2923/2923
f 3052/3052/3052 2926/2926/2926 2947/2947/2947
f 2926/2926/2926 2923/2923/2923 2920/2920/2920
f 2921/2921/2921 2926/2926/2926 2920/2920/2920
f 2947/2947/2947 2926/2926/2926 2921/2921/2921
f 2921/2921/2921 2920/2920/2920 2919/2919/2919
f 2922/2922/2922 2921/2921/2921 2919/2919/2919
f 2922/2922/2922 2919/2919/2919 2917/2917/2917
f 2918/2918/2918 2922/2922/2922 2917/2917/2917
f 2918/2918/2918 2917/2917/2917 2914/2914/2914
f 2915/2915/2915 2918/2918/2918 2914/2914/2914
f 2915/2915/2915 2914/2914/2914 2913/2913/2913
f 2916/2916/2916 2915/2915/2915 2913/2913/2913
f 2916/2916/2916 2913/2913/2913 2910/2910/2910
f 2911/2911/2911 2916/2916/2916 2910/2910/2910
f 2911/2911/2911 2910/2910/2910 2909/2909/2909
f 2912/2912/2912 2911/2911/2911 2909/2909/2909
f 2912/2912/2912 2909/2909/2909 2905/2905/2905
f 2906/2906/2906 2912/2912/2912 2905/2905/2905
f 2906/2906/2906 2905/2905/2905 2904/2904/2904
f 2912/2912/2912 2946/2946/2946 2911/2911/2911
f 2912/2912/2912 2906/2906/2906 2946/2946/2946
f 2946/2946/2946 3055/3055/3055 2911/2911/2911
f 2907/2907/2907 2906/2906/2906 2904/2904/2904
f 3054/3054/3054 3055/3055/3055 2946/2946/2946
f 2907/2907/2907 2904/2904/2904 2908/2908/2908
f 3054/3054/3054 2946/2946/2946 3053/3053/3053
f 2903/2903/2903 2907/2907/2907 2908/2908/2908
f 3053/3053/3053 2946/2946/2946 3056/3056/3056
f 3056/3056/3056 2946/2946/2946 2921/2921/2921
f 2946/2946/2946 2947/2947/2947 2921/2921/2921
f 2908/2908/2908 2901/2901/2901 2903/2903/2903
f 2948/2948/2948 2947/2947/2947 2946/2946/2946
f 2903/2903/2903 2901/2901/2901 2902/2902/2902
f 2901/2901/2901 2908/2908/2908 2942/2942/2942
f 2902/2902/2902 2901/2901/2901 2899/2899/2899
f 2899/2899/2899 2901/2901/2901 2942/2942/2942
f 2900/2900/2900 2902/2902/2902 2899/2899/2899
f 2943/2943/2943 2899/2899/2899 2942/2942/2942
f 2899/2899/2899 2943/2943/2943 2940/2940/2940
f 2900/2900/2900 2899/2899/2899 2898/2898/2898
f 2899/2899/2899 2940/2940/2940 2939/2939/2939
f 2899/2899/2899 2897/2897/2897 2898/2898/2898
f 2897/2897/2897 2899/2899/2899 2939/2939/2939
f 2898/2898/2898 2897/2897/2897 2896/2896/2896
f 2897/2897/2897 2939/2939/2939 2893/2893/2893
f 2896/2896/2896 2897/2897/2897 2893/2893/2893
f 2939/2939/2939 2941/2941/2941 2893/2893/2893
f 2894/2894/2894 2896/2896/2896 2893/2893/2893
f 2892/2892/2892 2893/2893/2893 2941/2941/2941
f 2894/2894/2894 2893/2893/2893 2892/2892/2892
f 2944/2944/2944 2892/2892/2892 2941/2941/2941
f 2895/2895/2895 2894/2894/2894 2892/2892/2892
f 2889/2889/2889 2892/2892/2892 2944/2944/2944
f 2892/2892/2892 2890/2890/2890 2895/2895/2895
f 2890/2890/2890 2892/2892/2892 2889/2889/2889
f 2890/2890/2890 2889/2889/2889 2887/2887/2887
f 2884/2884/2884 2890/2890/2890 2887/2887/2887
f 2887/2887/2887 2886/2886/2886 2884/2884/2884
f 2886/2886/2886 2885/2885/2885 2884/2884/2884
f 2945/2945/2945 2886/2886/2886 2887/2887/2887
f 2886/2886/2886 2888/2888/2888 2885/2885/2885
f 2945/2945/2945 2891/2891/2891 2886/2886/2886
f 2891/2891/2891 2888/2888/2888 2886/2886/2886
f 2888/2888/2888 2891/2891/2891 2883/2883/2883
f 2882/2882/2882 2888/2888/2888 2883/2883/2883
f 2883/2883/2883 2880/2880/2880 2882/2882/2882
f 2880/2880/2880 2878/2878/2878 2882/2882/2882
f 2880/2880/2880 2883/2883/2883 2938/2938/2938
f 2880/2880/2880 2879/2879/2879 2878/2878/2878
f 2938/2938/2938 2881/2881/2881 2880/2880/2880
f 2879/2879/2879 2880/2880/2880 2881/2881/2881
f 2879/2879/2879 2881/2881/2881 2876/2876/2876
f 2877/2877/2877 2879/2879/2879 2876/2876/2876
f 2877/2877/2877 2876/2876/2876 2875/2875/2875
f 2874/2874/2874 2877/2877/2877 2875/2875/2875
f 2875/2875/2875 2863/2863/2863 2874/2874/2874
f 2863/2863/2863 2864/2864/2864 2874/2874/2874
f 2864/2864/2864 2863/2863/2863 2861/2861/2861
f 2862/2862/2862 2864/2864/2864 2861/2861/2861
f 2862/2862/2862 2861/2861/2861 2858/2858/2858
f 2859/2859/2859 2862/2862/2862 2858/2858/2858
f 2859/2859/2859 2858/2858/2858 2857/2857/2857
f 2860/2860/2860 2859/2859/2859 2857/2857/2857
f 2860/2860/2860 2857/2857/2857 2855/2855/2855
f 2856/2856/2856 2860/2860/2860 2855/2855/2855
f 2856/2856/2856 2855/2855/2855 2852/2852/2852
f 2853/2853/2853 2856/2856/2856 2852/2852/2852
f 2853/2853/2853 2852/2852/2852 2851/2851/2851
f 2854/2854/2854 2853/2853/2853 2851/2851/2851
f 2854/2854/2854 2851/2851/2851 2848/2848/2848
f 2849/2849/2849 2854/2854/2854 2848/2848/2848
f 2849/2849/2849 2848/2848/2848 2847/2847/2847
f 2850/2850/2850 2849/2849/2849 2847/2847/2847
f 2850/2850/2850 2847/2847/2847 2844/2844/2844
f 2845/2845/2845 2850/2850/2850 2844/2844/2844
f 2845/2845/2845 2844/2844/2844 2842/2842/2842
f 2843/2843/2843 2845/2845/2845 2842/2842/2842
f 2843/2843/2843 2842/2842/2842 2840/2840/2840
f 2842/2842/2842 2841/2841/2841 2840/2840/2840
f 2840/2840/2840 2841/2841/2841 2837/2837/2837
f 2838/2838/2838 2840/2840/2840 2837/2837/2837
f 2838/2838/2838 2837/2837/2837 2836/2836/2836
f 2839/2839/2839 2838/2838/2838 2836/2836/2836
f 2839/2839/2839 2836/2836/2836 2846/2846/2846
f 2835/2835/2835 2839/2839/2839 2846/2846/2846
f 2843/2843/2843 3000/3000/3000 2845/2845/2845
f 3112/3112/3112 2845/2845/2845 3000/3000/3000
f 2843/2843/2843 3113/3113/3113 3000/3000/3000
f 3113/3113/3113 3114/3114/3114 3000/3000/3000
f 3000/3000/3000 3114/3114/3114 3115/3115/3115
f 3000/3000/3000 3115/3115/3115 2835/2835/2835
f 3000/3000/3000 3111/3111/3111 3112/3112/3112
f 2835/2835/2835 2846/2846/2846 2834/2834/2834
f 2873/2873/2873 2834/2834/2834 2846/2846/2846
f 2834/2834/2834 2873/2873/2873 2872/2872/2872
f 2835/2835/2835 2834/2834/2834 2833/2833/2833
f 3116/3116/3116 3000/3000/3000 2835/2835/2835
f 2834/2834/2834 2832/2832/2832 2833/2833/2833
f 2872/2872/2872 2832/2832/2832 2834/2834/2834
f 2833/2833/2833 2832/2832/2832 2831/2831/2831
f 2832/2832/2832 2872/2872/2872 2829/2829/2829
f 2832/2832/2832 2829/2829/2829 2831/2831/2831
f 2872/2872/2872 2871/2871/2871 2829/2829/2829
f 2830/2830/2830 2831/2831/2831 2829/2829/2829
f 2829/2829/2829 2871/2871/2871 2870/2870/2870
f 2830/2830/2830 2829/2829/2829 2828/2828/2828
f 2870/2870/2870 2825/2825/2825 2829/2829/2829
f 2829/2829/2829 2825/2825/2825 2828/2828/2828
f 2825/2825/2825 2870/2870/2870 2868/2868/2868
f 2826/2826/2826 2828/2828/2828 2825/2825/2825
f 2825/2825/2825 2868/2868/2868 2867/2867/2867
f 2827/2827/2827 2826/2826/2826 2825/2825/2825
f 2823/2823/2823 2825/2825/2825 2867/2867/2867
f 2825/2825/2825 2823/2823/2823 2827/2827/2827
f 2823/2823/2823 2867/2867/2867 2866/2866/2866
f 2824/2824/2824 2827/2827/2827 2823/2823/2823
f 2823/2823/2823 2866/2866/2866 2818/2818/2818
f 2824/2824/2824 2823/2823/2823 2818/2818/2818
f 2866/2866/2866 2865/2865/2865 2818/2818/2818
f 2818/2818/2818 2865/2865/2865 2869/2869/2869
f 2818/2818/2818 2869/2869/2869 2820/2820/2820
f 2817/2817/2817 2824/2824/2824 2818/2818/2818
f 2813/2813/2813 2818/2818/2818 2820/2820/2820
f 2818/2818/2818 2813/2813/2813 2817/2817/2817
f 2813/2813/2813 2816/2816/2816 2817/2817/2817
f 3131/3131/3131 2816/2816/2816 3130/3130/3130
f 3131/3131/3131 3130/3130/3130 3133/3133/3133
f 3129/3129/3129 2816/2816/2816 3131/3131/3131
f 3129/3129/3129 3128/3128/3128 2816/2816/2816
f 3133/3133/3133 3134/3134/3134 3131/3131/3131
f 3134/3134/3134 3133/3133/3133 3132/3132/3132
f 3128/3128/3128 3129/3129/3129 3127/3127/3127
f 3126/3126/3126 3128/3128/3128 3127/3127/3127
f 3127/3127/3127 3123/3123/3123 3126/3126/3126
f 3136/3136/3136 3134/3134/3134 3132/3132/3132
f 3136/3136/3136 3132/3132/3132 3135/3135/3135
f 3123/3123/3123 3127/3127/3127 3125/3125/3125
f 3125/3125/3125 3124/3124/3124 3123/3123/3123
f 3136/3136/3136 3135/3135/3135 3142/3142/3142
f 3135/3135/3135 3138/3138/3138 3142/3142/3142
f 3134/3134/3134 3136/3136/3136 3033/3033/3033
f 3138/3138/3138 3143/3143/3143 3142/3142/3142
f 3142/3142/3142 3036/3036/3036 3136/3136/3136
f 3036/3036/3036 3033/3033/3033 3136/3136/3136
f 3143/3143/3143 3039/3039/3039 3142/3142/3142
f 3039/3039/3039 3036/3036/3036 3142/3142/3142
f 3143/3143/3143 3138/3138/3138 3139/3139/3139
f 3139/3139/3139 3138/3138/3138 3137/3137/3137
f 3137/3137/3137 3141/3141/3141 3139/3139/3139
f 3042/3042/3042 3039/3039/3039 3143/3143/3143
f 3139/3139/3139 3042/3042/3042 3143/3143/3143
f 3141/3141/3141 3140/3140/3140 3139/3139/3139
f 3145/3145/3145 3140/3140/3140 3141/3141/3141
f 3145/3145/3145 3048/3048/3048 3140/3140/3140
f 3140/3140/3140 3045/3045/3045 3139/3139/3139
f 3048/3048/3048 3045/3045/3045 3140/3140/3140
f 3045/3045/3045 3042/3042/3042 3139/3139/3139
f 3046/3046/3046 3045/3045/3045 3048/3048/3048
f 3049/3049/3049 3046/3046/3046 3048/3048/3048
f 3043/3043/3043 3042/3042/3042 3045/3045/3045
f 3046/3046/3046 3043/3043/3043 3045/3045/3045
f 3040/3040/3040 3039/3039/3039 3042/3042/3042
f 3043/3043/3043 3040/3040/3040 3042/3042/3042
f 3047/3047/3047 3046/3046/3046 3049/3049/3049
f 3050/3050/3050 3047/3047/3047 3049/3049/3049
f 3050/3050/3050 3162/3162/3162 3047/3047/3047
f 3162/3162/3162 3161/3161/3161 3047/3047/3047
f 3047/3047/3047 3044/3044/3044 3046/3046/3046
f 3047/3047/3047 3161/3161/3161 3044/3044/3044
f 3044/3044/3044 3043/3043/3043 3046/3046/3046
f 3161/3161/3161 3160/3160/3160 3044/3044/3044
f 3044/3044/3044 3041/3041/3041 3043/3043/3043
f 3044/3044/3044 3160/3160/3160 3041/3041/3041
f 3041/3041/3041 3040/3040/3040 3043/3043/3043
f 3160/3160/3160 3159/3159/3159 3041/3041/3041
f 3038/3038/3038 3041/3041/3041 3159/3159/3159
f 3041/3041/3041 3038/3038/3038 3040/3040/3040
f 3158/3158/3158 3038/3038/3038 3159/3159/3159
f 3040/3040/3040 3037/3037/3037 3039/3039/3039
f 3038/3038/3038 3037/3037/3037 3040/3040/3040
f 3037/3037/3037 3036/3036/3036 3039/3039/3039
f 3038/3038/3038 3158/3158/3158 3035/3035/3035
f 3038/3038/3038 3035/3035/3035 3037/3037/3037
f 3158/3158/3158 3157/3157/3157 3035/3035/3035
f 3037/3037/3037 3034/3034/3034 3036/3036/3036
f 3035/3035/3035 3034/3034/3034 3037/3037/3037
f 3034/3034/3034 3033/3033/3033 3036/3036/3036
f 3035/3035/3035 3157/3157/3157 3032/3032/3032
f 3035/3035/3035 3032/3032/3032 3034/3034/3034
f 3157/3157/3157 3156/3156/3156 3032/3032/3032
f 3034/3034/3034 3031/3031/3031 3033/3033/3033
f 3032/3032/3032 3031/3031/3031 3034/3034/3034
f 3032/3032/3032 3156/3156/3156 3029/3029/3029
f 3032/3032/3032 3029/3029/3029 3031/3031/3031
f 3156/3156/3156 3155/3155/3155 3029/3029/3029
f 3031/3031/3031 3030/3030/3030 3033/3033/3033
f 3030/3030/3030 3134/3134/3134 3033/3033/3033
f 3131/3131/3131 3134/3134/3134 3030/3030/3030
f 3029/3029/3029 3028/3028/3028 3031/3031/3031
f 3031/3031/3031 3028/3028/3028 3030/3030/3030
f 3026/3026/3026 3029/3029/3029 3155/3155/3155
f 3029/3029/3029 3026/3026/3026 3028/3028/3028
f 3154/3154/3154 3026/3026/3026 3155/3155/3155
f 3028/3028/3028 3027/3027/3027 3030/3030/3030
f 3027/3027/3027 3131/3131/3131 3030/3030/3030
f 3026/3026/3026 3025/3025/3025 3028/3028/3028
f 3028/3028/3028 3025/3025/3025 3027/3027/3027
f 3026/3026/3026 3154/3154/3154 3023/3023/3023
f 3026/3026/3026 3023/3023/3023 3025/3025/3025
f 3154/3154/3154 3153/3153/3153 3023/3023/3023
f 3027/3027/3027 3024/3024/3024 3131/3131/3131
f 3025/3025/3025 3024/3024/3024 3027/3027/3027
f 3131/3131/3131 3024/3024/3024 3129/3129/3129
f 3023/3023/3023 3022/3022/3022 3025/3025/3025
f 3025/3025/3025 3022/3022/3022 3024/3024/3024
f 3023/3023/3023 3153/3153/3153 3020/3020/3020
f 3023/3023/3023 3020/3020/3020 3022/3022/3022
f 3153/3153/3153 3152/3152/3152 3020/3020/3020
f 3129/3129/3129 3024/3024/3024 3021/3021/3021
f 3022/3022/3022 3021/3021/3021 3024/3024/3024
f 3129/3129/3129 3021/3021/3021 3127/3127/3127
f 3020/3020/3020 3019/3019/3019 3022/3022/3022
f 3022/3022/3022 3019/3019/3019 3021/3021/3021
f 3020/3020/3020 3152/3152/3152 3017/3017/3017
f 3020/3020/3020 3017/3017/3017 3019/3019/3019
f 3152/3152/3152 3151/3151/3151 3017/3017/3017
f 3021/3021/3021 3018/3018/3018 3127/3127/3127
f 3019/3019/3019 3018/3018/3018 3021/3021/3021
f 3127/3127/3127 3018/3018/3018 3125/3125/3125
f 3017/3017/3017 3016/3016/3016 3019/3019/3019
f 3019/3019/3019 3016/3016/3016 3018/3018/3018
f 3017/3017/3017 3151/3151/3151 3014/3014/3014
f 3017/3017/3017 3014/3014/3014 3016/3016/3016
f 3151/3151/3151 3150/3150/3150 3014/3014/3014
f 3016/3016/3016 3015/3015/3015 3018/3018/3018
f 3018/3018/3018 3015/3015/3015 3125/3125/3125
f 3014/3014/3014 3013/3013/3013 3016/3016/3016
f 3016/3016/3016 3013/3013/3013 3015/3015/3015
f 3014/3014/3014 3150/3150/3150 3011/3011/3011
f 3014/3014/3014 3011/3011/3011 3013/3013/3013
f 3150/3150/3150 3149/3149/3149 3011/3011/3011
f 3144/3144/3144 3125/3125/3125 3015/3015/3015
f 3125/3125/3125 3144/3144/3144 3124/3124/3124
f 3011/3011/3011 3149/3149/3149 3008/3008/3008
f 3149/3149/3149 3148/3148/3148 3008/3008/3008
f 3144/3144/3144 3122/3122/3122 3124/3124/3124
f 3122/3122/3122 3121/3121/3121 3124/3124/3124
f 3012/3012/3012 3144/3144/3144 3015/3015/3015
f 3144/3144/3144 3012/3012/3012 3122/3122/3122
f 3013/3013/3013 3012/3012/3012 3015/3015/3015
f 3122/3122/3122 3118/3118/3118 3121/3121/3121
f 3118/3118/3118 3119/3119/3119 3121/3121/3121
f 3011/3011/3011 3010/3010/3010 3013/3013/3013
f 3013/3013/3013 3010/3010/3010 3012/3012/3012
f 3011/3011/3011 3008/3008/3008 3010/3010/3010
f 3012/3012/3012 3009/3009/3009 3122/3122/3122
f 3010/3010/3010 3009/3009/3009 3012/3012/3012
f 3118/3118/3118 3122/3122/3122 3009/3009/3009
f 3008/3008/3008 3007/3007/3007 3010/3010/3010
f 3010/3010/3010 3007/3007/3007 3009/3009/3009
f 3008/3008/3008 3148/3148/3148 3005/3005/3005
f 3008/3008/3008 3005/3005/3005 3007/3007/3007
f 3148/3148/3148 3147/3147/3147 3005/3005/3005
f 3007/3007/3007 3006/3006/3006 3009/3009/3009
f 3006/3006/3006 3118/3118/3118 3009/3009/3009
f 3005/3005/3005 3004/3004/3004 3007/3007/3007
f 3007/3007/3007 3004/3004/3004 3006/3006/3006
f 3005/3005/3005 3147/3147/3147 3002/3002/3002
f 3005/3005/3005 3002/3002/3002 3004/3004/3004
f 3147/3147/3147 3146/3146/3146 3002/3002/3002
f 3117/3117/3117 3118/3118/3118 3006/3006/3006
f 3119/3119/3119 3118/3118/3118 3117/3117/3117
f 3120/3120/3120 3119/3119/3119 3117/3117/3117
f 3120/3120/3120 3117/3117/3117 3116/3116/3116
f 3003/3003/3003 3117/3117/3117 3006/3006/3006
f 3116/3116/3116 3117/3117/3117 3003/3003/3003
f 3004/3004/3004 3003/3003/3003 3006/3006/3006
f 3000/3000/3000 3116/3116/3116 3003/3003/3003
f 3004/3004/3004 3001/3001/3001 3003/3003/3003
f 3002/3002/3002 3001/3001/3001 3004/3004/3004
f 3001/3001/3001 3000/3000/3000 3003/3003/3003
f 3002/3002/3002 3146/3146/3146 2999/2999/2999
f 3002/3002/3002 2999/2999/2999 3001/3001/3001
f 3146/3146/3146 3105/3105/3105 2999/2999/2999
f 3001/3001/3001 2998/2998/2998 3000/3000/3000
f 2999/2999/2999 2998/2998/2998 3001/3001/3001
f 2996/2996/2996 2999/2999/2999 3105/3105/3105
f 2999/2999/2999 2996/2996/2996 2998/2998/2998
f 3104/3104/3104 2996/2996/2996 3105/3105/3105
f 2998/2998/2998 2997/2997/2997 3000/3000/3000
f 3111/3111/3111 3000/3000/3000 2997/2997/2997
f 2997/2997/2997 2854/2854/2854 3111/3111/3111
f 3110/3110/3110 2854/2854/2854 2997/2997/2997
f 2997/2997/2997 2856/2856/2856 3110/3110/3110
f 2997/2997/2997 3109/3109/3109 2856/2856/2856
f 2997/2997/2997 3108/3108/3108 3109/3109/3109
f 2997/2997/2997 3106/3106/3106 3108/3108/3108
f 2997/2997/2997 3107/3107/3107 3106/3106/3106
f 2874/2874/2874 3107/3107/3107 2997/2997/2997
f 2996/2996/2996 2995/2995/2995 2998/2998/2998
f 2998/2998/2998 2995/2995/2995 2997/2997/2997
f 2996/2996/2996 3104/3104/3104 2993/2993/2993
f 2996/2996/2996 2993/2993/2993 2995/2995/2995
f 3104/3104/3104 3103/3103/3103 2993/2993/2993
f 3082/3082/3082 2874/2874/2874 2997/2997/2997
f 3082/3082/3082 3083/3083/3083 2874/2874/2874
f 2993/2993/2993 3103/3103/3103 2990/2990/2990
f 3103/3103/3103 3102/3102/3102 2990/2990/2990
f 2993/2993/2993 2992/2992/2992 2995/2995/2995
f 2993/2993/2993 2990/2990/2990 2992/2992/2992
f 2995/2995/2995 2994/2994/2994 2997/2997/2997
f 2995/2995/2995 2992/2992/2992 2994/2994/2994
f 2994/2994/2994 3082/3082/3082 2997/2997/2997
f 2990/2990/2990 3102/3102/3102 2987/2987/2987
f 3102/3102/3102 3101/3101/3101 2987/2987/2987
f 3083/3083/3083 3082/3082/3082 3081/3081/3081
f 3082/3082/3082 2994/2994/2994 3081/3081/3081
f 3079/3079/3079 3083/3083/3083 3081/3081/3081
f 3081/3081/3081 3080/3080/3080 3079/3079/3079
f 2992/2992/2992 2991/2991/2991 2994/2994/2994
f 2994/2994/2994 2991/2991/2991 3081/3081/3081
f 2990/2990/2990 2989/2989/2989 2992/2992/2992
f 2992/2992/2992 2989/2989/2989 2991/2991/2991
f 2990/2990/2990 2987/2987/2987 2989/2989/2989
f 3084/3084/3084 3080/3080/3080 3081/3081/3081
f 3081/3081/3081 2991/2991/2991 3084/3084/3084
f 3084/3084/3084 3077/3077/3077 3080/3080/3080
f 2989/2989/2989 2988/2988/2988 2991/2991/2991
f 2991/2991/2991 2988/2988/2988 3084/3084/3084
f 2987/2987/2987 2986/2986/2986 2989/2989/2989
f 2989/2989/2989 2986/2986/2986 2988/2988/2988
f 2984/2984/2984 2987/2987/2987 3101/3101/3101
f 2987/2987/2987 2984/2984/2984 2986/2986/2986
f 3100/3100/3100 2984/2984/2984 3101/3101/3101
f 3084/3084/3084 2988/2988/2988 3087/3087/3087
f 3084/3084/3084 3087/3087/3087 3077/3077/3077
f 2986/2986/2986 2985/2985/2985 2988/2988/2988
f 2988/2988/2988 2985/2985/2985 3087/3087/3087
f 3078/3078/3078 3077/3077/3077 3087/3087/3087
f 3087/3087/3087 2985/2985/2985 3078/3078/3078
f 3078/3078/3078 3074/3074/3074 3077/3077/3077
f 2986/2986/2986 2983/2983/2983 2985/2985/2985
f 2984/2984/2984 2983/2983/2983 2986/2986/2986
f 2985/2985/2985 2982/2982/2982 3078/3078/3078
f 2983/2983/2983 2982/2982/2982 2985/2985/2985
f 3078/3078/3078 3076/3076/3076 3074/3074/3074
f 3076/3076/3076 3078/3078/3078 2982/2982/2982
f 3076/3076/3076 3075/3075/3075 3074/3074/3074
f 2984/2984/2984 3100/3100/3100 2981/2981/2981
f 2984/2984/2984 2981/2981/2981 2983/2983/2983
f 3100/3100/3100 3099/3099/3099 2981/2981/2981
f 2983/2983/2983 2980/2980/2980 2982/2982/2982
f 2981/2981/2981 2980/2980/2980 2983/2983/2983
f 2981/2981/2981 3099/3099/3099 2978/2978/2978
f 2981/2981/2981 2978/2978/2978 2980/2980/2980
f 3099/3099/3099 3098/3098/3098 2978/2978/2978
f 2980/2980/2980 2979/2979/2979 2982/2982/2982
f 2979/2979/2979 3076/3076/3076 2982/2982/2982
f 2978/2978/2978 2977/2977/2977 2980/2980/2980
f 2980/2980/2980 2977/2977/2977 2979/2979/2979
f 2978/2978/2978 3098/3098/3098 2975/2975/2975
f 2978/2978/2978 2975/2975/2975 2977/2977/2977
f 3098/3098/3098 3097/3097/3097 2975/2975/2975
f 3075/3075/3075 3076/3076/3076 3085/3085/3085
f 3076/3076/3076 2979/2979/2979 3085/3085/3085
f 3073/3073/3073 3075/3075/3075 3085/3085/3085
f 2977/2977/2977 2976/2976/2976 2979/2979/2979
f 2979/2979/2979 2976/2976/2976 3085/3085/3085
f 3071/3071/3071 3073/3073/3073 3085/3085/3085
f 3071/3071/3071 3085/3085/3085 2976/2976/2976
f 3071/3071/3071 2890/2890/2890 3073/3073/3073
f 2977/2977/2977 2974/2974/2974 2976/2976/2976
f 2975/2975/2975 2974/2974/2974 2977/2977/2977
f 2973/2973/2973 3071/3071/3071 2976/2976/2976
f 2974/2974/2974 2973/2973/2973 2976/2976/2976
f 2890/2890/2890 3071/3071/3071 3070/3070/3070
f 3071/3071/3071 2973/2973/2973 3070/3070/3070
f 3072/3072/3072 2890/2890/2890 3070/3070/3070
f 3070/3070/3070 3068/3068/3068 3072/3072/3072
f 2972/2972/2972 2975/2975/2975 3097/3097/3097
f 2975/2975/2975 2972/2972/2972 2974/2974/2974
f 3096/3096/3096 2972/2972/2972 3097/3097/3097
f 2974/2974/2974 2971/2971/2971 2973/2973/2973
f 2972/2972/2972 2971/2971/2971 2974/2974/2974
f 2972/2972/2972 3096/3096/3096 2969/2969/2969
f 2972/2972/2972 2969/2969/2969 2971/2971/2971
f 3096/3096/3096 3095/3095/3095 2969/2969/2969
f 2971/2971/2971 2970/2970/2970 2973/2973/2973
f 2973/2973/2973 2970/2970/2970 3070/3070/3070
f 2969/2969/2969 2968/2968/2968 2971/2971/2971
f 2971/2971/2971 2968/2968/2968 2970/2970/2970
f 2969/2969/2969 3095/3095/3095 2966/2966/2966
f 2969/2969/2969 2966/2966/2966 2968/2968/2968
f 3095/3095/3095 3094/3094/3094 2966/2966/2966
f 3070/3070/3070 3069/3069/3069 3068/3068/3068
f 3070/3070/3070 2970/2970/2970 3069/3069/3069
f 3069/3069/3069 3066/3066/3066 3068/3068/3068
f 2968/2968/2968 2967/2967/2967 2970/2970/2970
f 2970/2970/2970 2967/2967/2967 3069/3069/3069
f 3067/3067/3067 3066/3066/3066 3069/3069/3069
f 3069/3069/3069 2967/2967/2967 3067/3067/3067
f 3067/3067/3067 3065/3065/3065 3066/3066/3066
f 2968/2968/2968 2965/2965/2965 2967/2967/2967
f 2966/2966/2966 2965/2965/2965 2968/2968/2968
f 2967/2967/2967 2964/2964/2964 3067/3067/3067
f 2965/2965/2965 2964/2964/2964 2967/2967/2967
f 2966/2966/2966 3094/3094/3094 2963/2963/2963
f 2966/2966/2966 2963/2963/2963 2965/2965/2965
f 3094/3094/3094 3093/3093/3093 2963/2963/2963
f 3065/3065/3065 3067/3067/3067 3086/3086/3086
f 3086/3086/3086 3067/3067/3067 2964/2964/2964
f 2960/2960/2960 2963/2963/2963 3093/3093/3093
f 3092/3092/3092 2960/2960/2960 3093/3093/3093
f 2963/2963/2963 2962/2962/2962 2965/2965/2965
f 2965/2965/2965 2962/2962/2962 2964/2964/2964
f 2963/2963/2963 2960/2960/2960 2962/2962/2962
f 2961/2961/2961 3086/3086/3086 2964/2964/2964
f 2962/2962/2962 2961/2961/2961 2964/2964/2964
f 3063/3063/3063 3065/3065/3065 3086/3086/3086
f 3063/3063/3063 3086/3086/3086 2961/2961/2961
f 3065/3065/3065 3063/3063/3063 3064/3064/3064
f 2962/2962/2962 2959/2959/2959 2961/2961/2961
f 2960/2960/2960 2959/2959/2959 2962/2962/2962
f 2958/2958/2958 3063/3063/3063 2961/2961/2961
f 2959/2959/2959 2958/2958/2958 2961/2961/2961
f 3061/3061/3061 3064/3064/3064 3063/3063/3063
f 3061/3061/3061 3063/3063/3063 2958/2958/2958
f 3061/3061/3061 3062/3062/3062 3064/3064/3064
f 2957/2957/2957 2960/2960/2960 3092/3092/3092
f 2960/2960/2960 2957/2957/2957 2959/2959/2959
f 3091/3091/3091 2957/2957/2957 3092/3092/3092
f 2959/2959/2959 2956/2956/2956 2958/2958/2958
f 2957/2957/2957 2956/2956/2956 2959/2959/2959
f 2957/2957/2957 3091/3091/3091 2954/2954/2954
f 2957/2957/2957 2954/2954/2954 2956/2956/2956
f 3091/3091/3091 3090/3090/3090 2954/2954/2954
f 2956/2956/2956 2955/2955/2955 2958/2958/2958
f 2955/2955/2955 3061/3061/3061 2958/2958/2958
f 2954/2954/2954 2953/2953/2953 2956/2956/2956
f 2956/2956/2956 2953/2953/2953 2955/2955/2955
f 2954/2954/2954 3090/3090/3090 2951/2951/2951
f 2954/2954/2954 2951/2951/2951 2953/2953/2953
f 3090/3090/3090 3088/3088/3088 2951/2951/2951
f 3062/3062/3062 3061/3061/3061 3060/3060/3060
f 3061/3061/3061 2955/2955/2955 3060/3060/3060
f 3059/3059/3059 3062/3062/3062 3060/3060/3060
f 2950/2950/2950 2951/2951/2951 3088/3088/3088
f 3089/3089/3089 2950/2950/2950 3088/3088/3088
f 2951/2951/2951 2950/2950/2950 2949/2949/2949
f 2951/2951/2951 2949/2949/2949 2953/2953/2953
f 2950/2950/2950 2948/2948/2948 2949/2949/2949
f 2949/2949/2949 2948/2948/2948 2946/2946/2946
f 2953/2953/2953 2952/2952/2952 2955/2955/2955
f 2953/2953/2953 2949/2949/2949 2952/2952/2952
f 2955/2955/2955 2952/2952/2952 3060/3060/3060
f 2949/2949/2949 2946/2946/2946 2952/2952/2952
f 3060/3060/3060 3057/3057/3057 3059/3059/3059
f 3060/3060/3060 2952/2952/2952 3057/3057/3057
f 2952/2952/2952 2946/2946/2946 3057/3057/3057
f 3057/3057/3057 3058/3058/3058 3059/3059/3059
f 2906/2906/2906 3057/3057/3057 2946/2946/2946
f 3058/3058/3058 3057/3057/3057 2906/2906/2906
f 3165/3165/3165 3164/3164/3164 3163/3163/3163
f 3166/3166/3166 3165/3165/3165 3163/3163/3163
f 3165/3165/3165 3170/3170/3170 3164/3164/3164
f 3170/3170/3170 3167/3167/3167 3164/3164/3164
f 3170/3170/3170 3169/3169/3169 3167/3167/3167
f 3169/3169/3169 3168/3168/3168 3167/3167/3167
f 3165/3165/3165 3400/3400/3400 3170/3170/3170
f 3170/3170/3170 3400/3400/3400 3169/3169/3169
f 3165/3165/3165 3404/3404/3404 3400/3400/3400
f 3169/3169/3169 3174/3174/3174 3168/3168/3168
f 3174/3174/3174 3169/3169/3169 3400/3400/3400
f 3174/3174/3174 3171/3171/3171 3168/3168/3168
f 3174/3174/3174 3173/3173/3173 3171/3171/3171
f 3173/3173/3173 3172/3172/3172 3171/3171/3171
f 3502/3502/3502 3174/3174/3174 3400/3400/3400
f 3173/3173/3173 3178/3178/3178 3172/3172/3172
f 3502/3502/3502 3400/3400/3400 3501/3501/3501
f 3178/3178/3178 3175/3175/3175 3172/3172/3172
f 3400/3400/3400 3500/3500/3500 3501/3501/3501
f 3178/3178/3178 3177/3177/3177 3175/3175/3175
f 3177/3177/3177 3176/3176/3176 3175/3175/3175
f 3177/3177/3177 3182/3182/3182 3176/3176/3176
f 3182/3182/3182 3500/3500/3500 3400/3400/3400
f 3182/3182/3182 3179/3179/3179 3176/3176/3176
f 3182/3182/3182 3181/3181/3181 3179/3179/3179
f 3181/3181/3181 3180/3180/3180 3179/3179/3179
f 3181/3181/3181 3186/3186/3186 3180/3180/3180
f 3186/3186/3186 3183/3183/3183 3180/3180/3180
f 3186/3186/3186 3185/3185/3185 3183/3183/3183
f 3185/3185/3185 3184/3184/3184 3183/3183/3183
f 3185/3185/3185 3190/3190/3190 3184/3184/3184
f 3190/3190/3190 3187/3187/3187 3184/3184/3184
f 3190/3190/3190 3189/3189/3189 3187/3187/3187
f 3189/3189/3189 3188/3188/3188 3187/3187/3187
f 3189/3189/3189 3194/3194/3194 3188/3188/3188
f 3194/3194/3194 3191/3191/3191 3188/3188/3188
f 3194/3194/3194 3193/3193/3193 3191/3191/3191
f 3193/3193/3193 3192/3192/3192 3191/3191/3191
f 3192/3192/3192 3193/3193/3193 3196/3196/3196
f 3196/3196/3196 3193/3193/3193 3195/3195/3195
f 3229/3229/3229 3192/3192/3192 3196/3196/3196
f 3195/3195/3195 3197/3197/3197 3196/3196/3196
f 3198/3198/3198 3229/3229/3229 3196/3196/3196
f 3198/3198/3198 3196/3196/3196 3197/3197/3197
f 3197/3197/3197 3202/3202/3202 3198/3198/3198
f 3202/3202/3202 3199/3199/3199 3198/3198/3198
f 3202/3202/3202 3201/3201/3201 3199/3199/3199
f 3201/3201/3201 3200/3200/3200 3199/3199/3199
f 3201/3201/3201 3206/3206/3206 3200/3200/3200
f 3206/3206/3206 3203/3203/3203 3200/3200/3200
f 3206/3206/3206 3205/3205/3205 3203/3203/3203
f 3205/3205/3205 3204/3204/3204 3203/3203/3203
f 3205/3205/3205 3210/3210/3210 3204/3204/3204
f 3210/3210/3210 3207/3207/3207 3204/3204/3204
f 3210/3210/3210 3209/3209/3209 3207/3207/3207
f 3209/3209/3209 3208/3208/3208 3207/3207/3207
f 3209/3209/3209 3214/3214/3214 3208/3208/3208
f 3214/3214/3214 3211/3211/3211 3208/3208/3208
f 3214/3214/3214 3213/3213/3213 3211/3211/3211
f 3213/3213/3213 3212/3212/3212 3211/3211/3211
f 3213/3213/3213 3218/3218/3218 3212/3212/3212
f 3218/3218/3218 3215/3215/3215 3212/3212/3212
f 3218/3218/3218 3217/3217/3217 3215/3215/3215
f 3217/3217/3217 3216/3216/3216 3215/3215/3215
f 3217/3217/3217 3220/3220/3220 3216/3216/3216
f 3220/3220/3220 3219/3219/3219 3216/3216/3216
f 3220/3220/3220 3224/3224/3224 3219/3219/3219
f 3224/3224/3224 3221/3221/3221 3219/3219/3219
f 3224/3224/3224 3223/3223/3223 3221/3221/3221
f 3223/3223/3223 3222/3222/3222 3221/3221/3221
f 3223/3223/3223 3226/3226/3226 3222/3222/3222
f 3226/3226/3226 3225/3225/3225 3222/3222/3222
f 3225/3225/3225 3226/3226/3226 3227/3227/3227
f 3228/3228/3228 3227/3227/3227 3226/3226/3226
f 3227/3227/3227 3230/3230/3230 3225/3225/3225
f 3227/3227/3227 3228/3228/3228 3232/3232/3232
f 3230/3230/3230 3227/3227/3227 3231/3231/3231
f 3227/3227/3227 3232/3232/3232 3231/3231/3231
f 3232/3232/3232 3234/3234/3234 3231/3231/3231
f 3234/3234/3234 3233/3233/3233 3231/3231/3231
f 3234/3234/3234 3238/3238/3238 3233/3233/3233
f 3238/3238/3238 3235/3235/3235 3233/3233/3233
f 3238/3238/3238 3237/3237/3237 3235/3235/3235
f 3237/3237/3237 3236/3236/3236 3235/3235/3235
f 3237/3237/3237 3242/3242/3242 3236/3236/3236
f 3242/3242/3242 3239/3239/3239 3236/3236/3236
f 3242/3242/3242 3241/3241/3241 3239/3239/3239
f 3241/3241/3241 3240/3240/3240 3239/3239/3239
f 3241/3241/3241 3246/3246/3246 3240/3240/3240
f 3246/3246/3246 3243/3243/3243 3240/3240/3240
f 3246/3246/3246 3245/3245/3245 3243/3243/3243
f 3245/3245/3245 3244/3244/3244 3243/3243/3243
f 3245/3245/3245 3250/3250/3250 3244/3244/3244
f 3250/3250/3250 3247/3247/3247 3244/3244/3244
f 3250/3250/3250 3249/3249/3249 3247/3247/3247
f 3249/3249/3249 3248/3248/3248 3247/3247/3247
f 3249/3249/3249 3254/3254/3254 3248/3248/3248
f 3254/3254/3254 3251/3251/3251 3248/3248/3248
f 3254/3254/3254 3253/3253/3253 3251/3251/3251
f 3253/3253/3253 3252/3252/3252 3251/3251/3251
f 3253/3253/3253 3258/3258/3258 3252/3252/3252
f 3258/3258/3258 3255/3255/3255 3252/3252/3252
f 3258/3258/3258 3257/3257/3257 3255/3255/3255
f 3257/3257/3257 3256/3256/3256 3255/3255/3255
f 3257/3257/3257 3260/3260/3260 3256/3256/3256
f 3260/3260/3260 3263/3263/3263 3256/3256/3256
f 3260/3260/3260 3261/3261/3261 3263/3263/3263
f 3293/3293/3293 3263/3263/3263 3261/3261/3261
f 3261/3261/3261 3260/3260/3260 3259/3259/3259
f 3292/3292/3292 3293/3293/3293 3261/3261/3261
f 3262/3262/3262 3261/3261/3261 3259/3259/3259
f 3292/3292/3292 3261/3261/3261 3265/3265/3265
f 3261/3261/3261 3262/3262/3262 3265/3265/3265
f 3265/3265/3265 3294/3294/3294 3292/3292/3292
f 3265/3265/3265 3262/3262/3262 3264/3264/3264
f 3294/3294/3294 3265/3265/3265 3267/3267/3267
f 3265/3265/3265 3264/3264/3264 3266/3266/3266
f 3267/3267/3267 3265/3265/3265 3266/3266/3266
f 3266/3266/3266 3268/3268/3268 3267/3267/3267
f 3268/3268/3268 3275/3275/3275 3267/3267/3267
f 3275/3275/3275 3268/3268/3268 3269/3269/3269
f 3270/3270/3270 3269/3269/3269 3268/3268/3268
f 3275/3275/3275 3269/3269/3269 3295/3295/3295
f 3274/3274/3274 3269/3269/3269 3270/3270/3270
f 3295/3295/3295 3269/3269/3269 3271/3271/3271
f 3271/3271/3271 3269/3269/3269 3274/3274/3274
f 3274/3274/3274 3273/3273/3273 3271/3271/3271
f 3273/3273/3273 3272/3272/3272 3271/3271/3271
f 3273/3273/3273 3279/3279/3279 3272/3272/3272
f 3279/3279/3279 3276/3276/3276 3272/3272/3272
f 3279/3279/3279 3278/3278/3278 3276/3276/3276
f 3278/3278/3278 3277/3277/3277 3276/3276/3276
f 3278/3278/3278 3283/3283/3283 3277/3277/3277
f 3283/3283/3283 3280/3280/3280 3277/3277/3277
f 3283/3283/3283 3282/3282/3282 3280/3280/3280
f 3282/3282/3282 3281/3281/3281 3280/3280/3280
f 3282/3282/3282 3285/3285/3285 3281/3281/3281
f 3285/3285/3285 3284/3284/3284 3281/3281/3281
f 3285/3285/3285 3289/3289/3289 3284/3284/3284
f 3289/3289/3289 3286/3286/3286 3284/3284/3284
f 3289/3289/3289 3288/3288/3288 3286/3286/3286
f 3288/3288/3288 3287/3287/3287 3286/3286/3286
f 3288/3288/3288 3290/3290/3290 3287/3287/3287
f 3290/3290/3290 3296/3296/3296 3287/3287/3287
f 3291/3291/3291 3290/3290/3290 3288/3288/3288
f 3290/3290/3290 3297/3297/3297 3296/3296/3296
f 3166/3166/3166 3290/3290/3290 3291/3291/3291
f 3297/3297/3297 3290/3290/3290 3166/3166/3166
f 3346/3346/3346 3438/3438/3438 3249/3249/3249
f 3249/3249/3249 3439/3439/3439 3346/3346/3346
f 3346/3346/3346 3440/3440/3440 3438/3438/3438
f 3346/3346/3346 3437/3437/3437 3440/3440/3440
f 3437/3437/3437 3346/3346/3346 3436/3436/3436
f 3436/3436/3436 3346/3346/3346 3435/3435/3435
f 3346/3346/3346 3439/3439/3439 3441/3441/3441
f 3435/3435/3435 3346/3346/3346 3432/3432/3432
f 3432/3432/3432 3346/3346/3346 3434/3434/3434
f 3434/3434/3434 3433/3433/3433 3432/3432/3432
f 3433/3433/3433 3434/3434/3434 3431/3431/3431
f 3430/3430/3430 3433/3433/3433 3431/3431/3431
f 3431/3431/3431 3429/3429/3429 3430/3430/3430
f 3346/3346/3346 3343/3343/3343 3434/3434/3434
f 3434/3434/3434 3343/3343/3343 3431/3431/3431
f 3431/3431/3431 3428/3428/3428 3429/3429/3429
f 3343/3343/3343 3340/3340/3340 3431/3431/3431
f 3431/3431/3431 3340/3340/3340 3428/3428/3428
f 3429/3429/3429 3428/3428/3428 3427/3427/3427
f 3426/3426/3426 3429/3429/3429 3427/3427/3427
f 3340/3340/3340 3337/3337/3337 3428/3428/3428
f 3428/3428/3428 3337/3337/3337 3427/3427/3427
f 3425/3425/3425 3426/3426/3426 3427/3427/3427
f 3425/3425/3425 3423/3423/3423 3426/3426/3426
f 3337/3337/3337 3334/3334/3334 3427/3427/3427
f 3427/3427/3427 3334/3334/3334 3425/3425/3425
f 3425/3425/3425 3424/3424/3424 3423/3423/3423
f 3424/3424/3424 3420/3420/3420 3423/3423/3423
f 3334/3334/3334 3331/3331/3331 3425/3425/3425
f 3424/3424/3424 3425/3425/3425 3331/3331/3331
f 3422/3422/3422 3420/3420/3420 3424/3424/3424
f 3422/3422/3422 3421/3421/3421 3420/3420/3420
f 3328/3328/3328 3424/3424/3424 3331/3331/3331
f 3422/3422/3422 3424/3424/3424 3328/3328/3328
f 3332/3332/3332 3331/3331/3331 3334/3334/3334
f 3421/3421/3421 3422/3422/3422 3419/3419/3419
f 3418/3418/3418 3421/3421/3421 3419/3419/3419
f 3419/3419/3419 3416/3416/3416 3418/3418/3418
f 3325/3325/3325 3422/3422/3422 3328/3328/3328
f 3422/3422/3422 3325/3325/3325 3419/3419/3419
f 3329/3329/3329 3328/3328/3328 3331/3331/3331
f 3332/3332/3332 3329/3329/3329 3331/3331/3331
f 3326/3326/3326 3325/3325/3325 3328/3328/3328
f 3329/3329/3329 3326/3326/3326 3328/3328/3328
f 3325/3325/3325 3322/3322/3322 3419/3419/3419
f 3415/3415/3415 3416/3416/3416 3419/3419/3419
f 3419/3419/3419 3322/3322/3322 3415/3415/3415
f 3326/3326/3326 3323/3323/3323 3325/3325/3325
f 3323/3323/3323 3322/3322/3322 3325/3325/3325
f 3416/3416/3416 3415/3415/3415 3414/3414/3414
f 3417/3417/3417 3416/3416/3416 3414/3414/3414
f 3414/3414/3414 3413/3413/3413 3417/3417/3417
f 3322/3322/3322 3319/3319/3319 3415/3415/3415
f 3415/3415/3415 3319/3319/3319 3414/3414/3414
f 3323/3323/3323 3320/3320/3320 3322/3322/3322
f 3320/3320/3320 3319/3319/3319 3322/3322/3322
f 3412/3412/3412 3413/3413/3413 3414/3414/3414
f 3319/3319/3319 3316/3316/3316 3414/3414/3414
f 3414/3414/3414 3316/3316/3316 3412/3412/3412
f 3320/3320/3320 3317/3317/3317 3319/3319/3319
f 3317/3317/3317 3316/3316/3316 3319/3319/3319
f 3413/3413/3413 3412/3412/3412 3411/3411/3411
f 3408/3408/3408 3413/3413/3413 3411/3411/3411
f 3316/3316/3316 3313/3313/3313 3412/3412/3412
f 3412/3412/3412 3313/3313/3313 3411/3411/3411
f 3317/3317/3317 3314/3314/3314 3316/3316/3316
f 3314/3314/3314 3313/3313/3313 3316/3316/3316
f 3410/3410/3410 3408/3408/3408 3411/3411/3411
f 3410/3410/3410 3409/3409/3409 3408/3408/3408
f 3313/3313/3313 3310/3310/3310 3411/3411/3411
f 3411/3411/3411 3310/3310/3310 3410/3410/3410
f 3314/3314/3314 3311/3311/3311 3313/3313/3313
f 3311/3311/3311 3310/3310/3310 3313/3313/3313
f 3410/3410/3410 3406/3406/3406 3409/3409/3409
f 3406/3406/3406 3407/3407/3407 3409/3409/3409
f 3310/3310/3310 3307/3307/3307 3410/3410/3410
f 3406/3406/3406 3410/3410/3410 3307/3307/3307
f 3311/3311/3311 3308/3308/3308 3310/3310/3310
f 3308/3308/3308 3307/3307/3307 3310/3310/3310
f 3407/3407/3407 3406/3406/3406 3405/3405/3405
f 3403/3403/3403 3407/3407/3407 3405/3405/3405
f 3405/3405/3405 3404/3404/3404 3403/3403/3403
f 3404/3404/3404 3405/3405/3405 3299/3299/3299
f 3304/3304/3304 3406/3406/3406 3307/3307/3307
f 3405/3405/3405 3406/3406/3406 3304/3304/3304
f 3299/3299/3299 3405/3405/3405 3298/3298/3298
f 3298/3298/3298 3405/3405/3405 3304/3304/3304
f 3300/3300/3300 3299/3299/3299 3298/3298/3298
f 3305/3305/3305 3304/3304/3304 3307/3307/3307
f 3308/3308/3308 3305/3305/3305 3307/3307/3307
f 3301/3301/3301 3298/3298/3298 3304/3304/3304
f 3301/3301/3301 3300/3300/3300 3298/3298/3298
f 3305/3305/3305 3301/3301/3301 3304/3304/3304
f 3302/3302/3302 3300/3300/3300 3301/3301/3301
f 3303/3303/3303 3301/3301/3301 3305/3305/3305
f 3303/3303/3303 3302/3302/3302 3301/3301/3301
f 3306/3306/3306 3305/3305/3305 3308/3308/3308
f 3306/3306/3306 3303/3303/3303 3305/3305/3305
f 3303/3303/3303 3450/3450/3450 3302/3302/3302
f 3450/3450/3450 3453/3453/3453 3302/3302/3302
f 3451/3451/3451 3450/3450/3450 3303/3303/3303
f 3306/3306/3306 3451/3451/3451 3303/3303/3303
f 3452/3452/3452 3451/3451/3451 3306/3306/3306
f 3309/3309/3309 3306/3306/3306 3308/3308/3308
f 3309/3309/3309 3452/3452/3452 3306/3306/3306
f 3309/3309/3309 3308/3308/3308 3311/3311/3311
f 3454/3454/3454 3452/3452/3452 3309/3309/3309
f 3312/3312/3312 3309/3309/3309 3311/3311/3311
f 3312/3312/3312 3454/3454/3454 3309/3309/3309
f 3312/3312/3312 3311/3311/3311 3314/3314/3314
f 3454/3454/3454 3312/3312/3312 3455/3455/3455
f 3315/3315/3315 3312/3312/3312 3314/3314/3314
f 3312/3312/3312 3315/3315/3315 3455/3455/3455
f 3315/3315/3315 3314/3314/3314 3317/3317/3317
f 3456/3456/3456 3455/3455/3455 3315/3315/3315
f 3318/3318/3318 3315/3315/3315 3317/3317/3317
f 3318/3318/3318 3456/3456/3456 3315/3315/3315
f 3318/3318/3318 3317/3317/3317 3320/3320/3320
f 3457/3457/3457 3456/3456/3456 3318/3318/3318
f 3321/3321/3321 3318/3318/3318 3320/3320/3320
f 3321/3321/3321 3457/3457/3457 3318/3318/3318
f 3321/3321/3321 3320/3320/3320 3323/3323/3323
f 3458/3458/3458 3457/3457/3457 3321/3321/3321
f 3324/3324/3324 3321/3321/3321 3323/3323/3323
f 3324/3324/3324 3458/3458/3458 3321/3321/3321
f 3324/3324/3324 3323/3323/3323 3326/3326/3326
f 3458/3458/3458 3324/3324/3324 3459/3459/3459
f 3327/3327/3327 3324/3324/3324 3326/3326/3326
f 3324/3324/3324 3327/3327/3327 3459/3459/3459
f 3327/3327/3327 3326/3326/3326 3329/3329/3329
f 3460/3460/3460 3459/3459/3459 3327/3327/3327
f 3330/3330/3330 3327/3327/3327 3329/3329/3329
f 3330/3330/3330 3460/3460/3460 3327/3327/3327
f 3330/3330/3330 3329/3329/3329 3332/3332/3332
f 3461/3461/3461 3460/3460/3460 3330/3330/3330
f 3333/3333/3333 3461/3461/3461 3330/3330/3330
f 3333/3333/3333 3330/3330/3330 3332/3332/3332
f 3461/3461/3461 3333/3333/3333 3462/3462/3462
f 3333/3333/3333 3332/3332/3332 3335/3335/3335
f 3335/3335/3335 3332/3332/3332 3334/3334/3334
f 3335/3335/3335 3334/3334/3334 3337/3337/3337
f 3333/3333/3333 3336/3336/3336 3462/3462/3462
f 3336/3336/3336 3333/3333/3333 3335/3335/3335
f 3462/3462/3462 3336/3336/3336 3463/3463/3463
f 3338/3338/3338 3335/3335/3335 3337/3337/3337
f 3336/3336/3336 3335/3335/3335 3338/3338/3338
f 3338/3338/3338 3337/3337/3337 3340/3340/3340
f 3336/3336/3336 3339/3339/3339 3463/3463/3463
f 3339/3339/3339 3336/3336/3336 3338/3338/3338
f 3464/3464/3464 3463/3463/3463 3339/3339/3339
f 3341/3341/3341 3338/3338/3338 3340/3340/3340
f 3339/3339/3339 3338/3338/3338 3341/3341/3341
f 3341/3341/3341 3340/3340/3340 3343/3343/3343
f 3342/3342/3342 3464/3464/3464 3339/3339/3339
f 3342/3342/3342 3339/3339/3339 3341/3341/3341
f 3465/3465/3465 3464/3464/3464 3342/3342/3342
f 3344/3344/3344 3341/3341/3341 3343/3343/3343
f 3342/3342/3342 3341/3341/3341 3344/3344/3344
f 3344/3344/3344 3343/3343/3343 3346/3346/3346
f 3345/3345/3345 3465/3465/3465 3342/3342/3342
f 3345/3345/3345 3342/3342/3342 3344/3344/3344
f 3443/3443/3443 3465/3465/3465 3345/3345/3345
f 3347/3347/3347 3344/3344/3344 3346/3346/3346
f 3345/3345/3345 3344/3344/3344 3347/3347/3347
f 3348/3348/3348 3443/3443/3443 3345/3345/3345
f 3348/3348/3348 3345/3345/3345 3347/3347/3347
f 3443/3443/3443 3348/3348/3348 3442/3442/3442
f 3347/3347/3347 3346/3346/3346 3349/3349/3349
f 3441/3441/3441 3349/3349/3349 3346/3346/3346
f 3441/3441/3441 3246/3246/3246 3349/3349/3349
f 3349/3349/3349 3246/3246/3246 3444/3444/3444
f 3445/3445/3445 3349/3349/3349 3444/3444/3444
f 3349/3349/3349 3445/3445/3445 3237/3237/3237
f 3349/3349/3349 3237/3237/3237 3448/3448/3448
f 3446/3446/3446 3349/3349/3349 3448/3448/3448
f 3447/3447/3447 3349/3349/3349 3446/3446/3446
f 3447/3447/3447 3449/3449/3449 3349/3349/3349
f 3348/3348/3348 3347/3347/3347 3350/3350/3350
f 3350/3350/3350 3347/3347/3347 3349/3349/3349
f 3348/3348/3348 3351/3351/3351 3442/3442/3442
f 3351/3351/3351 3348/3348/3348 3350/3350/3350
f 3503/3503/3503 3442/3442/3442 3351/3351/3351
f 3350/3350/3350 3349/3349/3349 3352/3352/3352
f 3349/3349/3349 3449/3449/3449 3352/3352/3352
f 3351/3351/3351 3350/3350/3350 3353/3353/3353
f 3353/3353/3353 3350/3350/3350 3352/3352/3352
f 3354/3354/3354 3503/3503/3503 3351/3351/3351
f 3354/3354/3354 3351/3351/3351 3353/3353/3353
f 3504/3504/3504 3503/3503/3503 3354/3354/3354
f 3449/3449/3449 3466/3466/3466 3352/3352/3352
f 3469/3469/3469 3466/3466/3466 3449/3449/3449
f 3469/3469/3469 3468/3468/3468 3466/3466/3466
f 3353/3353/3353 3352/3352/3352 3355/3355/3355
f 3355/3355/3355 3352/3352/3352 3466/3466/3466
f 3468/3468/3468 3467/3467/3467 3466/3466/3466
f 3467/3467/3467 3355/3355/3355 3466/3466/3466
f 3470/3470/3470 3467/3467/3467 3468/3468/3468
f 3356/3356/3356 3353/3353/3353 3355/3355/3355
f 3354/3354/3354 3353/3353/3353 3356/3356/3356
f 3355/3355/3355 3467/3467/3467 3358/3358/3358
f 3356/3356/3356 3355/3355/3355 3358/3358/3358
f 3476/3476/3476 3467/3467/3467 3470/3470/3470
f 3467/3467/3467 3476/3476/3476 3358/3358/3358
f 3471/3471/3471 3476/3476/3476 3470/3470/3470
f 3357/3357/3357 3504/3504/3504 3354/3354/3354
f 3357/3357/3357 3354/3354/3354 3356/3356/3356
f 3505/3505/3505 3504/3504/3504 3357/3357/3357
f 3359/3359/3359 3356/3356/3356 3358/3358/3358
f 3357/3357/3357 3356/3356/3356 3359/3359/3359
f 3360/3360/3360 3505/3505/3505 3357/3357/3357
f 3360/3360/3360 3357/3357/3357 3359/3359/3359
f 3506/3506/3506 3505/3505/3505 3360/3360/3360
f 3359/3359/3359 3358/3358/3358 3361/3361/3361
f 3358/3358/3358 3476/3476/3476 3361/3361/3361
f 3360/3360/3360 3359/3359/3359 3362/3362/3362
f 3362/3362/3362 3359/3359/3359 3361/3361/3361
f 3363/3363/3363 3506/3506/3506 3360/3360/3360
f 3363/3363/3363 3360/3360/3360 3362/3362/3362
f 3507/3507/3507 3506/3506/3506 3363/3363/3363
f 3476/3476/3476 3485/3485/3485 3361/3361/3361
f 3485/3485/3485 3476/3476/3476 3471/3471/3471
f 3362/3362/3362 3361/3361/3361 3364/3364/3364
f 3361/3361/3361 3485/3485/3485 3364/3364/3364
f 3485/3485/3485 3471/3471/3471 3472/3472/3472
f 3485/3485/3485 3472/3472/3472 3364/3364/3364
f 3473/3473/3473 3472/3472/3472 3471/3471/3471
f 3365/3365/3365 3362/3362/3362 3364/3364/3364
f 3363/3363/3363 3362/3362/3362 3365/3365/3365
f 3367/3367/3367 3364/3364/3364 3472/3472/3472
f 3365/3365/3365 3364/3364/3364 3367/3367/3367
f 3475/3475/3475 3472/3472/3472 3473/3473/3473
f 3475/3475/3475 3367/3367/3367 3472/3472/3472
f 3475/3475/3475 3473/3473/3473 3474/3474/3474
f 3474/3474/3474 3478/3478/3478 3475/3475/3475
f 3366/3366/3366 3507/3507/3507 3363/3363/3363
f 3366/3366/3366 3363/3363/3363 3365/3365/3365
f 3508/3508/3508 3507/3507/3507 3366/3366/3366
f 3478/3478/3478 3477/3477/3477 3475/3475/3475
f 3478/3478/3478 3214/3214/3214 3477/3477/3477
f 3369/3369/3369 3508/3508/3508 3366/3366/3366
f 3509/3509/3509 3508/3508/3508 3369/3369/3369
f 3366/3366/3366 3365/3365/3365 3368/3368/3368
f 3369/3369/3369 3366/3366/3366 3368/3368/3368
f 3368/3368/3368 3365/3365/3365 3367/3367/3367
f 3372/3372/3372 3509/3509/3509 3369/3369/3369
f 3510/3510/3510 3509/3509/3509 3372/3372/3372
f 3370/3370/3370 3367/3367/3367 3475/3475/3475
f 3368/3368/3368 3367/3367/3367 3370/3370/3370
f 3477/3477/3477 3370/3370/3370 3475/3475/3475
f 3369/3369/3369 3368/3368/3368 3371/3371/3371
f 3371/3371/3371 3368/3368/3368 3370/3370/3370
f 3372/3372/3372 3369/3369/3369 3371/3371/3371
f 3373/3373/3373 3370/3370/3370 3477/3477/3477
f 3371/3371/3371 3370/3370/3370 3373/3373/3373
f 3214/3214/3214 3479/3479/3479 3477/3477/3477
f 3479/3479/3479 3373/3373/3373 3477/3477/3477
f 3479/3479/3479 3214/3214/3214 3482/3482/3482
f 3374/3374/3374 3371/3371/3371 3373/3373/3373
f 3372/3372/3372 3371/3371/3371 3374/3374/3374
f 3373/3373/3373 3479/3479/3479 3376/3376/3376
f 3374/3374/3374 3373/3373/3373 3376/3376/3376
f 3480/3480/3480 3479/3479/3479 3482/3482/3482
f 3479/3479/3479 3480/3480/3480 3376/3376/3376
f 3482/3482/3482 3481/3481/3481 3480/3480/3480
f 3375/3375/3375 3510/3510/3510 3372/3372/3372
f 3375/3375/3375 3372/3372/3372 3374/3374/3374
f 3511/3511/3511 3510/3510/3510 3375/3375/3375
f 3377/3377/3377 3374/3374/3374 3376/3376/3376
f 3375/3375/3375 3374/3374/3374 3377/3377/3377
f 3378/3378/3378 3511/3511/3511 3375/3375/3375
f 3378/3378/3378 3375/3375/3375 3377/3377/3377
f 3511/3511/3511 3378/3378/3378 3512/3512/3512
f 3377/3377/3377 3376/3376/3376 3379/3379/3379
f 3376/3376/3376 3480/3480/3480 3379/3379/3379
f 3378/3378/3378 3377/3377/3377 3380/3380/3380
f 3380/3380/3380 3377/3377/3377 3379/3379/3379
f 3378/3378/3378 3381/3381/3381 3512/3512/3512
f 3381/3381/3381 3378/3378/3378 3380/3380/3380
f 3513/3513/3513 3512/3512/3512 3381/3381/3381
f 3480/3480/3480 3481/3481/3481 3483/3483/3483
f 3480/3480/3480 3483/3483/3483 3379/3379/3379
f 3484/3484/3484 3483/3483/3483 3481/3481/3481
f 3380/3380/3380 3379/3379/3379 3382/3382/3382
f 3379/3379/3379 3483/3483/3483 3382/3382/3382
f 3484/3484/3484 3486/3486/3486 3483/3483/3483
f 3483/3483/3483 3486/3486/3486 3382/3382/3382
f 3484/3484/3484 3488/3488/3488 3486/3486/3486
f 3383/3383/3383 3380/3380/3380 3382/3382/3382
f 3381/3381/3381 3380/3380/3380 3383/3383/3383
f 3385/3385/3385 3382/3382/3382 3486/3486/3486
f 3383/3383/3383 3382/3382/3382 3385/3385/3385
f 3488/3488/3488 3487/3487/3487 3486/3486/3486
f 3487/3487/3487 3385/3385/3385 3486/3486/3486
f 3384/3384/3384 3513/3513/3513 3381/3381/3381
f 3384/3384/3384 3381/3381/3381 3383/3383/3383
f 3514/3514/3514 3513/3513/3513 3384/3384/3384
f 3386/3386/3386 3383/3383/3383 3385/3385/3385
f 3384/3384/3384 3383/3383/3383 3386/3386/3386
f 3387/3387/3387 3514/3514/3514 3384/3384/3384
f 3387/3387/3387 3384/3384/3384 3386/3386/3386
f 3516/3516/3516 3514/3514/3514 3387/3387/3387
f 3386/3386/3386 3385/3385/3385 3388/3388/3388
f 3385/3385/3385 3487/3487/3487 3388/3388/3388
f 3387/3387/3387 3386/3386/3386 3389/3389/3389
f 3389/3389/3389 3386/3386/3386 3388/3388/3388
f 3390/3390/3390 3516/3516/3516 3387/3387/3387
f 3390/3390/3390 3387/3387/3387 3389/3389/3389
f 3516/3516/3516 3390/3390/3390 3517/3517/3517
f 3487/3487/3487 3488/3488/3488 3490/3490/3490
f 3487/3487/3487 3490/3490/3490 3388/3388/3388
f 3490/3490/3490 3488/3488/3488 3489/3489/3489
f 3389/3389/3389 3388/3388/3388 3391/3391/3391
f 3391/3391/3391 3388/3388/3388 3490/3490/3490
f 3490/3490/3490 3489/3489/3489 3492/3492/3492
f 3492/3492/3492 3391/3391/3391 3490/3490/3490
f 3492/3492/3492 3489/3489/3489 3491/3491/3491
f 3392/3392/3392 3389/3389/3389 3391/3391/3391
f 3390/3390/3390 3389/3389/3389 3392/3392/3392
f 3394/3394/3394 3391/3391/3391 3492/3492/3492
f 3392/3392/3392 3391/3391/3391 3394/3394/3394
f 3491/3491/3491 3495/3495/3495 3492/3492/3492
f 3495/3495/3495 3394/3394/3394 3492/3492/3492
f 3495/3495/3495 3491/3491/3491 3494/3494/3494
f 3495/3495/3495 3494/3494/3494 3493/3493/3493
f 3390/3390/3390 3393/3393/3393 3517/3517/3517
f 3393/3393/3393 3390/3390/3390 3392/3392/3392
f 3518/3518/3518 3517/3517/3517 3393/3393/3393
f 3395/3395/3395 3392/3392/3392 3394/3394/3394
f 3393/3393/3393 3392/3392/3392 3395/3395/3395
f 3396/3396/3396 3518/3518/3518 3393/3393/3393
f 3396/3396/3396 3393/3393/3393 3395/3395/3395
f 3515/3515/3515 3518/3518/3518 3396/3396/3396
f 3397/3397/3397 3394/3394/3394 3495/3495/3495
f 3493/3493/3493 3397/3397/3397 3495/3495/3495
f 3395/3395/3395 3394/3394/3394 3397/3397/3397
f 3496/3496/3496 3397/3397/3397 3493/3493/3493
f 3194/3194/3194 3397/3397/3397 3496/3496/3496
f 3497/3497/3497 3397/3397/3397 3194/3194/3194
f 3499/3499/3499 3397/3397/3397 3497/3497/3497
f 3397/3397/3397 3499/3499/3499 3185/3185/3185
f 3397/3397/3397 3185/3185/3185 3498/3498/3498
f 3498/3498/3498 3181/3181/3181 3397/3397/3397
f 3397/3397/3397 3181/3181/3181 3182/3182/3182
f 3400/3400/3400 3397/3397/3397 3182/3182/3182
f 3398/3398/3398 3395/3395/3395 3397/3397/3397
f 3398/3398/3398 3397/3397/3397 3400/3400/3400
f 3396/3396/3396 3395/3395/3395 3398/3398/3398
f 3401/3401/3401 3398/3398/3398 3400/3400/3400
f 3399/3399/3399 3396/3396/3396 3398/3398/3398
f 3399/3399/3399 3398/3398/3398 3401/3401/3401
f 3399/3399/3399 3515/3515/3515 3396/3396/3396
f 3402/3402/3402 3399/3399/3399 3401/3401/3401
f 3453/3453/3453 3515/3515/3515 3399/3399/3399
f 3402/3402/3402 3453/3453/3453 3399/3399/3399
f 3521/3521/3521 3520/3520/3520 3519/3519/3519
f 3522/3522/3522 3521/3521/3521 3519/3519/3519
f 3521/3521/3521 3526/3526/3526 3520/3520/3520
f 3526/3526/3526 3523/3523/3523 3520/3520/3520
f 3526/3526/3526 3525/3525/3525 3523/3523/3523
f 3525/3525/3525 3524/3524/3524 3523/3523/3523
f 3525/3525/3525 3530/3530/3530 3524/3524/3524
f 3530/3530/3530 3527/3527/3527 3524/3524/3524
f 3530/3530/3530 3529/3529/3529 3527/3527/3527
f 3529/3529/3529 3528/3528/3528 3527/3527/3527
f 3529/3529/3529 3532/3532/3532 3528/3528/3528
f 3532/3532/3532 3585/3585/3585 3528/3528/3528
f 3531/3531/3531 3532/3532/3532 3529/3529/3529
f 3585/3585/3585 3532/3532/3532 3550/3550/3550
f 3533/3533/3533 3532/3532/3532 3531/3531/3531
f 3533/3533/3533 3550/3550/3550 3532/3532/3532
f 3533/3533/3533 3537/3537/3537 3550/3550/3550
f 3537/3537/3537 3534/3534/3534 3550/3550/3550
f 3537/3537/3537 3536/3536/3536 3534/3534/3534
f 3536/3536/3536 3535/3535/3535 3534/3534/3534
f 3536/3536/3536 3541/3541/3541 3535/3535/3535
f 3541/3541/3541 3538/3538/3538 3535/3535/3535
f 3541/3541/3541 3540/3540/3540 3538/3538/3538
f 3540/3540/3540 3539/3539/3539 3538/3538/3538
f 3540/3540/3540 3544/3544/3544 3539/3539/3539
f 3544/3544/3544 3586/3586/3586 3539/3539/3539
f 3540/3540/3540 3543/3543/3543 3544/3544/3544
f 3545/3545/3545 3586/3586/3586 3544/3544/3544
f 3544/3544/3544 3543/3543/3543 3542/3542/3542
f 3544/3544/3544 3542/3542/3542 3545/3545/3545
f 3542/3542/3542 3547/3547/3547 3545/3545/3545
f 3547/3547/3547 3546/3546/3546 3545/3545/3545
f 3547/3547/3547 3549/3549/3549 3546/3546/3546
f 3549/3549/3549 3548/3548/3548 3546/3546/3546
f 3549/3549/3549 3551/3551/3551 3548/3548/3548
f 3548/3548/3548 3551/3551/3551 3587/3587/3587
f 3552/3552/3552 3551/3551/3551 3549/3549/3549
f 3553/3553/3553 3587/3587/3587 3551/3551/3551
f 3556/3556/3556 3551/3551/3551 3552/3552/3552
f 3556/3556/3556 3553/3553/3553 3551/3551/3551
f 3556/3556/3556 3555/3555/3555 3553/3553/3553
f 3555/3555/3555 3554/3554/3554 3553/3553/3553
f 3555/3555/3555 3560/3560/3560 3554/3554/3554
f 3560/3560/3560 3557/3557/3557 3554/3554/3554
f 3710/3710/3710 3555/3555/3555 3556/3556/3556
f 3710/3710/3710 3560/3560/3560 3555/3555/3555
f 3560/3560/3560 3559/3559/3559 3557/3557/3557
f 3559/3559/3559 3560/3560/3560 3710/3710/3710
f 3559/3559/3559 3558/3558/3558 3557/3557/3557
f 3556/3556/3556 3816/3816/3816 3710/3710/3710
f 3559/3559/3559 3564/3564/3564 3558/3558/3558
f 3564/3564/3564 3559/3559/3559 3710/3710/3710
f 3564/3564/3564 3561/3561/3561 3558/3558/3558
f 3564/3564/3564 3563/3563/3563 3561/3561/3561
f 3564/3564/3564 3710/3710/3710 3563/3563/3563
f 3563/3563/3563 3562/3562/3562 3561/3561/3561
f 3563/3563/3563 3568/3568/3568 3562/3562/3562
f 3568/3568/3568 3563/3563/3563 3710/3710/3710
f 3568/3568/3568 3565/3565/3565 3562/3562/3562
f 3568/3568/3568 3567/3567/3567 3565/3565/3565
f 3568/3568/3568 3710/3710/3710 3567/3567/3567
f 3567/3567/3567 3566/3566/3566 3565/3565/3565
f 3567/3567/3567 3572/3572/3572 3566/3566/3566
f 3572/3572/3572 3569/3569/3569 3566/3566/3566
f 3572/3572/3572 3571/3571/3571 3569/3569/3569
f 3571/3571/3571 3570/3570/3570 3569/3569/3569
f 3707/3707/3707 3572/3572/3572 3567/3567/3567
f 3571/3571/3571 3572/3572/3572 3707/3707/3707
f 3707/3707/3707 3567/3567/3567 3710/3710/3710
f 3571/3571/3571 3576/3576/3576 3570/3570/3570
f 3707/3707/3707 3576/3576/3576 3571/3571/3571
f 3576/3576/3576 3573/3573/3573 3570/3570/3570
f 3576/3576/3576 3575/3575/3575 3573/3573/3573
f 3575/3575/3575 3574/3574/3574 3573/3573/3573
f 3575/3575/3575 3580/3580/3580 3574/3574/3574
f 3580/3580/3580 3577/3577/3577 3574/3574/3574
f 3707/3707/3707 3814/3814/3814 3576/3576/3576
f 3580/3580/3580 3579/3579/3579 3577/3577/3577
f 3707/3707/3707 3813/3813/3813 3814/3814/3814
f 3707/3707/3707 3579/3579/3579 3813/3813/3813
f 3579/3579/3579 3578/3578/3578 3577/3577/3577
f 3579/3579/3579 3582/3582/3582 3578/3578/3578
f 3812/3812/3812 3579/3579/3579 3707/3707/3707
f 3582/3582/3582 3581/3581/3581 3578/3578/3578
f 3707/3707/3707 3793/3793/3793 3812/3812/3812
f 3582/3582/3582 3583/3583/3583 3581/3581/3581
f 3581/3581/3581 3583/3583/3583 3588/3588/3588
f 3584/3584/3584 3583/3583/3583 3582/3582/3582
f 3589/3589/3589 3588/3588/3588 3583/3583/3583
f 3583/3583/3583 3584/3584/3584 3589/3589/3589
f 3652/3652/3652 3588/3588/3588 3589/3589/3589
f 3584/3584/3584 3590/3590/3590 3589/3589/3589
f 3589/3589/3589 3596/3596/3596 3652/3652/3652
f 3591/3591/3591 3589/3589/3589 3590/3590/3590
f 3589/3589/3589 3591/3591/3591 3596/3596/3596
f 3591/3591/3591 3595/3595/3595 3596/3596/3596
f 3595/3595/3595 3592/3592/3592 3596/3596/3596
f 3595/3595/3595 3594/3594/3594 3592/3592/3592
f 3594/3594/3594 3593/3593/3593 3592/3592/3592
f 3594/3594/3594 3600/3600/3600 3593/3593/3593
f 3600/3600/3600 3597/3597/3597 3593/3593/3593
f 3600/3600/3600 3599/3599/3599 3597/3597/3597
f 3599/3599/3599 3598/3598/3598 3597/3597/3597
f 3599/3599/3599 3604/3604/3604 3598/3598/3598
f 3604/3604/3604 3601/3601/3601 3598/3598/3598
f 3604/3604/3604 3603/3603/3603 3601/3601/3601
f 3603/3603/3603 3602/3602/3602 3601/3601/3601
f 3603/3603/3603 3608/3608/3608 3602/3602/3602
f 3608/3608/3608 3605/3605/3605 3602/3602/3602
f 3608/3608/3608 3607/3607/3607 3605/3605/3605
f 3607/3607/3607 3606/3606/3606 3605/3605/3605
f 3607/3607/3607 3610/3610/3610 3606/3606/3606
f 3610/3610/3610 3612/3612/3612 3606/3606/3606
f 3611/3611/3611 3612/3612/3612 3610/3610/3610
f 3611/3611/3611 3610/3610/3610 3609/3609/3609
f 3611/3611/3611 3653/3653/3653 3612/3612/3612
f 3609/3609/3609 3613/3613/3613 3611/3611/3611
f 3614/3614/3614 3653/3653/3653 3611/3611/3611
f 3614/3614/3614 3611/3611/3611 3613/3613/3613
f 3613/3613/3613 3616/3616/3616 3614/3614/3614
f 3616/3616/3616 3618/3618/3618 3614/3614/3614
f 3618/3618/3618 3616/3616/3616 3617/3617/3617
f 3618/3618/3618 3617/3617/3617 3654/3654/3654
f 3617/3617/3617 3616/3616/3616 3615/3615/3615
f 3654/3654/3654 3617/3617/3617 3655/3655/3655
f 3619/3619/3619 3617/3617/3617 3615/3615/3615
f 3655/3655/3655 3617/3617/3617 3619/3619/3619
f 3620/3620/3620 3619/3619/3619 3615/3615/3615
f 3622/3622/3622 3655/3655/3655 3619/3619/3619
f 3620/3620/3620 3621/3621/3621 3619/3619/3619
f 3622/3622/3622 3619/3619/3619 3621/3621/3621
f 3621/3621/3621 3626/3626/3626 3622/3622/3622
f 3626/3626/3626 3623/3623/3623 3622/3622/3622
f 3626/3626/3626 3625/3625/3625 3623/3623/3623
f 3625/3625/3625 3624/3624/3624 3623/3623/3623
f 3625/3625/3625 3630/3630/3630 3624/3624/3624
f 3630/3630/3630 3627/3627/3627 3624/3624/3624
f 3630/3630/3630 3629/3629/3629 3627/3627/3627
f 3629/3629/3629 3628/3628/3628 3627/3627/3627
f 3656/3656/3656 3630/3630/3630 3625/3625/3625
f 3629/3629/3629 3630/3630/3630 3656/3656/3656
f 3656/3656/3656 3625/3625/3625 3761/3761/3761
f 3761/3761/3761 3621/3621/3621 3656/3656/3656
f 3629/3629/3629 3634/3634/3634 3628/3628/3628
f 3629/3629/3629 3656/3656/3656 3634/3634/3634
f 3634/3634/3634 3631/3631/3631 3628/3628/3628
f 3762/3762/3762 3656/3656/3656 3621/3621/3621
f 3634/3634/3634 3633/3633/3633 3631/3631/3631
f 3633/3633/3633 3634/3634/3634 3656/3656/3656
f 3633/3633/3633 3632/3632/3632 3631/3631/3631
f 3633/3633/3633 3638/3638/3638 3632/3632/3632
f 3633/3633/3633 3656/3656/3656 3638/3638/3638
f 3638/3638/3638 3635/3635/3635 3632/3632/3632
f 3638/3638/3638 3637/3637/3637 3635/3635/3635
f 3637/3637/3637 3636/3636/3636 3635/3635/3635
f 3637/3637/3637 3642/3642/3642 3636/3636/3636
f 3642/3642/3642 3639/3639/3639 3636/3636/3636
f 3657/3657/3657 3637/3637/3637 3638/3638/3638
f 3642/3642/3642 3637/3637/3637 3657/3657/3657
f 3638/3638/3638 3656/3656/3656 3657/3657/3657
f 3642/3642/3642 3641/3641/3641 3639/3639/3639
f 3657/3657/3657 3641/3641/3641 3642/3642/3642
f 3641/3641/3641 3640/3640/3640 3639/3639/3639
f 3641/3641/3641 3644/3644/3644 3640/3640/3640
f 3657/3657/3657 3644/3644/3644 3641/3641/3641
f 3644/3644/3644 3643/3643/3643 3640/3640/3640
f 3644/3644/3644 3648/3648/3648 3643/3643/3643
f 3657/3657/3657 3648/3648/3648 3644/3644/3644
f 3648/3648/3648 3645/3645/3645 3643/3643/3643
f 3648/3648/3648 3647/3647/3647 3645/3645/3645
f 3657/3657/3657 3647/3647/3647 3648/3648/3648
f 3647/3647/3647 3646/3646/3646 3645/3645/3645
f 3647/3647/3647 3650/3650/3650 3646/3646/3646
f 3657/3657/3657 3650/3650/3650 3647/3647/3647
f 3650/3650/3650 3649/3649/3649 3646/3646/3646
f 3657/3657/3657 3651/3651/3651 3650/3650/3650
f 3650/3650/3650 3651/3651/3651 3649/3649/3649
f 3651/3651/3651 3519/3519/3519 3649/3649/3649
f 3658/3658/3658 3657/3657/3657 3656/3656/3656
f 3659/3659/3659 3658/3658/3658 3656/3656/3656
f 3660/3660/3660 3658/3658/3658 3659/3659/3659
f 3795/3795/3795 3794/3794/3794 3660/3660/3660
f 3661/3661/3661 3795/3795/3795 3660/3660/3660
f 3661/3661/3661 3660/3660/3660 3659/3659/3659
f 3796/3796/3796 3795/3795/3795 3661/3661/3661
f 3659/3659/3659 3656/3656/3656 3662/3662/3662
f 3664/3664/3664 3796/3796/3796 3661/3661/3661
f 3797/3797/3797 3796/3796/3796 3664/3664/3664
f 3661/3661/3661 3659/3659/3659 3663/3663/3663
f 3664/3664/3664 3661/3661/3661 3663/3663/3663
f 3663/3663/3663 3659/3659/3659 3662/3662/3662
f 3667/3667/3667 3797/3797/3797 3664/3664/3664
f 3798/3798/3798 3797/3797/3797 3667/3667/3667
f 3664/3664/3664 3663/3663/3663 3666/3666/3666
f 3667/3667/3667 3664/3664/3664 3666/3666/3666
f 3663/3663/3663 3662/3662/3662 3665/3665/3665
f 3666/3666/3666 3663/3663/3663 3665/3665/3665
f 3763/3763/3763 3662/3662/3662 3656/3656/3656
f 3665/3665/3665 3662/3662/3662 3763/3763/3763
f 3763/3763/3763 3656/3656/3656 3762/3762/3762
f 3766/3766/3766 3763/3763/3763 3762/3762/3762
f 3766/3766/3766 3765/3765/3765 3763/3763/3763
f 3765/3765/3765 3764/3764/3764 3763/3763/3763
f 3764/3764/3764 3665/3665/3665 3763/3763/3763
f 3764/3764/3764 3765/3765/3765 3767/3767/3767
f 3666/3666/3666 3665/3665/3665 3668/3668/3668
f 3665/3665/3665 3764/3764/3764 3668/3668/3668
f 3767/3767/3767 3768/3768/3768 3764/3764/3764
f 3764/3764/3764 3768/3768/3768 3668/3668/3668
f 3768/3768/3768 3767/3767/3767 3769/3769/3769
f 3669/3669/3669 3666/3666/3666 3668/3668/3668
f 3667/3667/3667 3666/3666/3666 3669/3669/3669
f 3671/3671/3671 3668/3668/3668 3768/3768/3768
f 3669/3669/3669 3668/3668/3668 3671/3671/3671
f 3768/3768/3768 3769/3769/3769 3770/3770/3770
f 3770/3770/3770 3671/3671/3671 3768/3768/3768
f 3769/3769/3769 3772/3772/3772 3770/3770/3770
f 3670/3670/3670 3667/3667/3667 3669/3669/3669
f 3670/3670/3670 3798/3798/3798 3667/3667/3667
f 3798/3798/3798 3670/3670/3670 3799/3799/3799
f 3672/3672/3672 3669/3669/3669 3671/3671/3671
f 3670/3670/3670 3669/3669/3669 3672/3672/3672
f 3670/3670/3670 3673/3673/3673 3799/3799/3799
f 3673/3673/3673 3670/3670/3670 3672/3672/3672
f 3800/3800/3800 3799/3799/3799 3673/3673/3673
f 3672/3672/3672 3671/3671/3671 3674/3674/3674
f 3674/3674/3674 3671/3671/3671 3770/3770/3770
f 3673/3673/3673 3672/3672/3672 3675/3675/3675
f 3675/3675/3675 3672/3672/3672 3674/3674/3674
f 3676/3676/3676 3800/3800/3800 3673/3673/3673
f 3676/3676/3676 3673/3673/3673 3675/3675/3675
f 3801/3801/3801 3800/3800/3800 3676/3676/3676
f 3771/3771/3771 3674/3674/3674 3770/3770/3770
f 3772/3772/3772 3771/3771/3771 3770/3770/3770
f 3675/3675/3675 3674/3674/3674 3677/3677/3677
f 3677/3677/3677 3674/3674/3674 3771/3771/3771
f 3676/3676/3676 3675/3675/3675 3678/3678/3678
f 3678/3678/3678 3675/3675/3675 3677/3677/3677
f 3679/3679/3679 3801/3801/3801 3676/3676/3676
f 3679/3679/3679 3676/3676/3676 3678/3678/3678
f 3802/3802/3802 3801/3801/3801 3679/3679/3679
f 3771/3771/3771 3772/3772/3772 3774/3774/3774
f 3774/3774/3774 3677/3677/3677 3771/3771/3771
f 3774/3774/3774 3772/3772/3772 3773/3773/3773
f 3773/3773/3773 3776/3776/3776 3774/3774/3774
f 3678/3678/3678 3677/3677/3677 3680/3680/3680
f 3680/3680/3680 3677/3677/3677 3774/3774/3774
f 3679/3679/3679 3678/3678/3678 3681/3681/3681
f 3681/3681/3681 3678/3678/3678 3680/3680/3680
f 3682/3682/3682 3802/3802/3802 3679/3679/3679
f 3682/3682/3682 3679/3679/3679 3681/3681/3681
f 3802/3802/3802 3682/3682/3682 3803/3803/3803
f 3780/3780/3780 3680/3680/3680 3774/3774/3774
f 3776/3776/3776 3780/3780/3780 3774/3774/3774
f 3682/3682/3682 3685/3685/3685 3803/3803/3803
f 3804/3804/3804 3803/3803/3803 3685/3685/3685
f 3682/3682/3682 3681/3681/3681 3684/3684/3684
f 3685/3685/3685 3682/3682/3682 3684/3684/3684
f 3681/3681/3681 3680/3680/3680 3683/3683/3683
f 3683/3683/3683 3680/3680/3680 3780/3780/3780
f 3684/3684/3684 3681/3681/3681 3683/3683/3683
f 3777/3777/3777 3780/3780/3780 3776/3776/3776
f 3777/3777/3777 3683/3683/3683 3780/3780/3780
f 3777/3777/3777 3776/3776/3776 3775/3775/3775
f 3775/3775/3775 3779/3779/3779 3777/3777/3777
f 3684/3684/3684 3683/3683/3683 3686/3686/3686
f 3686/3686/3686 3683/3683/3683 3777/3777/3777
f 3779/3779/3779 3778/3778/3778 3777/3777/3777
f 3778/3778/3778 3686/3686/3686 3777/3777/3777
f 3779/3779/3779 3782/3782/3782 3778/3778/3778
f 3687/3687/3687 3684/3684/3684 3686/3686/3686
f 3685/3685/3685 3684/3684/3684 3687/3687/3687
f 3689/3689/3689 3686/3686/3686 3778/3778/3778
f 3687/3687/3687 3686/3686/3686 3689/3689/3689
f 3782/3782/3782 3783/3783/3783 3778/3778/3778
f 3783/3783/3783 3689/3689/3689 3778/3778/3778
f 3783/3783/3783 3782/3782/3782 3781/3781/3781
f 3688/3688/3688 3685/3685/3685 3687/3687/3687
f 3688/3688/3688 3804/3804/3804 3685/3685/3685
f 3805/3805/3805 3804/3804/3804 3688/3688/3688
f 3785/3785/3785 3783/3783/3783 3781/3781/3781
f 3785/3785/3785 3781/3781/3781 3784/3784/3784
f 3691/3691/3691 3805/3805/3805 3688/3688/3688
f 3805/3805/3805 3691/3691/3691 3806/3806/3806
f 3688/3688/3688 3687/3687/3687 3690/3690/3690
f 3691/3691/3691 3688/3688/3688 3690/3690/3690
f 3690/3690/3690 3687/3687/3687 3689/3689/3689
f 3691/3691/3691 3694/3694/3694 3806/3806/3806
f 3806/3806/3806 3694/3694/3694 3807/3807/3807
f 3689/3689/3689 3783/3783/3783 3692/3692/3692
f 3690/3690/3690 3689/3689/3689 3692/3692/3692
f 3783/3783/3783 3785/3785/3785 3692/3692/3692
f 3691/3691/3691 3690/3690/3690 3693/3693/3693
f 3693/3693/3693 3690/3690/3690 3692/3692/3692
f 3694/3694/3694 3691/3691/3691 3693/3693/3693
f 3695/3695/3695 3692/3692/3692 3785/3785/3785
f 3693/3693/3693 3692/3692/3692 3695/3695/3695
f 3785/3785/3785 3784/3784/3784 3791/3791/3791
f 3791/3791/3791 3695/3695/3695 3785/3785/3785
f 3784/3784/3784 3787/3787/3787 3791/3791/3791
f 3696/3696/3696 3693/3693/3693 3695/3695/3695
f 3694/3694/3694 3693/3693/3693 3696/3696/3696
f 3698/3698/3698 3695/3695/3695 3791/3791/3791
f 3696/3696/3696 3695/3695/3695 3698/3698/3698
f 3787/3787/3787 3792/3792/3792 3791/3791/3791
f 3792/3792/3792 3698/3698/3698 3791/3791/3791
f 3694/3694/3694 3697/3697/3697 3807/3807/3807
f 3697/3697/3697 3694/3694/3694 3696/3696/3696
f 3808/3808/3808 3807/3807/3807 3697/3697/3697
f 3699/3699/3699 3696/3696/3696 3698/3698/3698
f 3697/3697/3697 3696/3696/3696 3699/3699/3699
f 3700/3700/3700 3808/3808/3808 3697/3697/3697
f 3700/3700/3700 3697/3697/3697 3699/3699/3699
f 3809/3809/3809 3808/3808/3808 3700/3700/3700
f 3699/3699/3699 3698/3698/3698 3701/3701/3701
f 3701/3701/3701 3698/3698/3698 3792/3792/3792
f 3700/3700/3700 3699/3699/3699 3702/3702/3702
f 3702/3702/3702 3699/3699/3699 3701/3701/3701
f 3703/3703/3703 3809/3809/3809 3700/3700/3700
f 3703/3703/3703 3700/3700/3700 3702/3702/3702
f 3810/3810/3810 3809/3809/3809 3703/3703/3703
f 3792/3792/3792 3787/3787/3787 3788/3788/3788
f 3788/3788/3788 3701/3701/3701 3792/3792/3792
f 3788/3788/3788 3787/3787/3787 3786/3786/3786
f 3786/3786/3786 3790/3790/3790 3788/3788/3788
f 3702/3702/3702 3701/3701/3701 3704/3704/3704
f 3704/3704/3704 3701/3701/3701 3788/3788/3788
f 3790/3790/3790 3789/3789/3789 3788/3788/3788
f 3789/3789/3789 3704/3704/3704 3788/3788/3788
f 3789/3789/3789 3790/3790/3790 3793/3793/3793
f 3793/3793/3793 3707/3707/3707 3789/3789/3789
f 3707/3707/3707 3704/3704/3704 3789/3789/3789
f 3705/3705/3705 3702/3702/3702 3704/3704/3704
f 3705/3705/3705 3704/3704/3704 3707/3707/3707
f 3703/3703/3703 3702/3702/3702 3705/3705/3705
f 3706/3706/3706 3810/3810/3810 3703/3703/3703
f 3706/3706/3706 3703/3703/3703 3705/3705/3705
f 3810/3810/3810 3706/3706/3706 3811/3811/3811
f 3708/3708/3708 3705/3705/3705 3707/3707/3707
f 3706/3706/3706 3705/3705/3705 3708/3708/3708
f 3708/3708/3708 3707/3707/3707 3710/3710/3710
f 3706/3706/3706 3709/3709/3709 3811/3811/3811
f 3709/3709/3709 3706/3706/3706 3708/3708/3708
f 3846/3846/3846 3811/3811/3811 3709/3709/3709
f 3711/3711/3711 3708/3708/3708 3710/3710/3710
f 3709/3709/3709 3708/3708/3708 3711/3711/3711
f 3712/3712/3712 3846/3846/3846 3709/3709/3709
f 3712/3712/3712 3709/3709/3709 3711/3711/3711
f 3847/3847/3847 3846/3846/3846 3712/3712/3712
f 3711/3711/3711 3710/3710/3710 3713/3713/3713
f 3710/3710/3710 3816/3816/3816 3713/3713/3713
f 3712/3712/3712 3711/3711/3711 3714/3714/3714
f 3714/3714/3714 3711/3711/3711 3713/3713/3713
f 3715/3715/3715 3847/3847/3847 3712/3712/3712
f 3715/3715/3715 3712/3712/3712 3714/3714/3714
f 3848/3848/3848 3847/3847/3847 3715/3715/3715
f 3816/3816/3816 3815/3815/3815 3713/3713/3713
f 3817/3817/3817 3815/3815/3815 3816/3816/3816
f 3815/3815/3815 3817/3817/3817 3818/3818/3818
f 3714/3714/3714 3713/3713/3713 3716/3716/3716
f 3716/3716/3716 3713/3713/3713 3815/3815/3815
f 3819/3819/3819 3815/3815/3815 3818/3818/3818
f 3819/3819/3819 3716/3716/3716 3815/3815/3815
f 3820/3820/3820 3819/3819/3819 3818/3818/3818
f 3717/3717/3717 3714/3714/3714 3716/3716/3716
f 3715/3715/3715 3714/3714/3714 3717/3717/3717
f 3719/3719/3719 3716/3716/3716 3819/3819/3819
f 3717/3717/3717 3716/3716/3716 3719/3719/3719
f 3821/3821/3821 3819/3819/3819 3820/3820/3820
f 3821/3821/3821 3719/3719/3719 3819/3819/3819
f 3821/3821/3821 3820/3820/3820 3822/3822/3822
f 3718/3718/3718 3848/3848/3848 3715/3715/3715
f 3718/3718/3718 3715/3715/3715 3717/3717/3717
f 3849/3849/3849 3848/3848/3848 3718/3718/3718
f 3720/3720/3720 3717/3717/3717 3719/3719/3719
f 3718/3718/3718 3717/3717/3717 3720/3720/3720
f 3721/3721/3721 3849/3849/3849 3718/3718/3718
f 3721/3721/3721 3718/3718/3718 3720/3720/3720
f 3850/3850/3850 3849/3849/3849 3721/3721/3721
f 3720/3720/3720 3719/3719/3719 3722/3722/3722
f 3722/3722/3722 3719/3719/3719 3821/3821/3821
f 3721/3721/3721 3720/3720/3720 3723/3723/3723
f 3723/3723/3723 3720/3720/3720 3722/3722/3722
f 3724/3724/3724 3850/3850/3850 3721/3721/3721
f 3724/3724/3724 3721/3721/3721 3723/3723/3723
f 3851/3851/3851 3850/3850/3850 3724/3724/3724
f 3821/3821/3821 3822/3822/3822 3823/3823/3823
f 3823/3823/3823 3722/3722/3722 3821/3821/3821
f 3822/3822/3822 3825/3825/3825 3823/3823/3823
f 3723/3723/3723 3722/3722/3722 3725/3725/3725
f 3725/3725/3725 3722/3722/3722 3823/3823/3823
f 3724/3724/3724 3723/3723/3723 3726/3726/3726
f 3726/3726/3726 3723/3723/3723 3725/3725/3725
f 3727/3727/3727 3851/3851/3851 3724/3724/3724
f 3727/3727/3727 3724/3724/3724 3726/3726/3726
f 3852/3852/3852 3851/3851/3851 3727/3727/3727
f 3824/3824/3824 3725/3725/3725 3823/3823/3823
f 3825/3825/3825 3824/3824/3824 3823/3823/3823
f 3726/3726/3726 3725/3725/3725 3728/3728/3728
f 3728/3728/3728 3725/3725/3725 3824/3824/3824
f 3727/3727/3727 3726/3726/3726 3729/3729/3729
f 3729/3729/3729 3726/3726/3726 3728/3728/3728
f 3730/3730/3730 3852/3852/3852 3727/3727/3727
f 3730/3730/3730 3727/3727/3727 3729/3729/3729
f 3853/3853/3853 3852/3852/3852 3730/3730/3730
f 3824/3824/3824 3825/3825/3825 3827/3827/3827
f 3827/3827/3827 3728/3728/3728 3824/3824/3824
f 3827/3827/3827 3825/3825/3825 3826/3826/3826
f 3826/3826/3826 3830/3830/3830 3827/3827/3827
f 3729/3729/3729 3728/3728/3728 3731/3731/3731
f 3731/3731/3731 3728/3728/3728 3827/3827/3827
f 3830/3830/3830 3828/3828/3828 3827/3827/3827
f 3828/3828/3828 3731/3731/3731 3827/3827/3827
f 3830/3830/3830 3537/3537/3537 3828/3828/3828
f 3732/3732/3732 3729/3729/3729 3731/3731/3731
f 3730/3730/3730 3729/3729/3729 3732/3732/3732
f 3734/3734/3734 3731/3731/3731 3828/3828/3828
f 3732/3732/3732 3731/3731/3731 3734/3734/3734
f 3537/3537/3537 3829/3829/3829 3828/3828/3828
f 3829/3829/3829 3734/3734/3734 3828/3828/3828
f 3829/3829/3829 3537/3537/3537 3831/3831/3831
f 3733/3733/3733 3853/3853/3853 3730/3730/3730
f 3733/3733/3733 3730/3730/3730 3732/3732/3732
f 3854/3854/3854 3853/3853/3853 3733/3733/3733
f 3735/3735/3735 3732/3732/3732 3734/3734/3734
f 3733/3733/3733 3732/3732/3732 3735/3735/3735
f 3736/3736/3736 3854/3854/3854 3733/3733/3733
f 3736/3736/3736 3733/3733/3733 3735/3735/3735
f 3854/3854/3854 3736/3736/3736 3855/3855/3855
f 3735/3735/3735 3734/3734/3734 3737/3737/3737
f 3734/3734/3734 3829/3829/3829 3737/3737/3737
f 3736/3736/3736 3735/3735/3735 3738/3738/3738
f 3738/3738/3738 3735/3735/3735 3737/3737/3737
f 3736/3736/3736 3739/3739/3739 3855/3855/3855
f 3739/3739/3739 3736/3736/3736 3738/3738/3738
f 3856/3856/3856 3855/3855/3855 3739/3739/3739
f 3829/3829/3829 3831/3831/3831 3844/3844/3844
f 3829/3829/3829 3844/3844/3844 3737/3737/3737
f 3831/3831/3831 3833/3833/3833 3844/3844/3844
f 3738/3738/3738 3737/3737/3737 3740/3740/3740
f 3740/3740/3740 3737/3737/3737 3844/3844/3844
f 3833/3833/3833 3834/3834/3834 3844/3844/3844
f 3834/3834/3834 3740/3740/3740 3844/3844/3844
f 3834/3834/3834 3833/3833/3833 3832/3832/3832
f 3741/3741/3741 3738/3738/3738 3740/3740/3740
f 3739/3739/3739 3738/3738/3738 3741/3741/3741
f 3740/3740/3740 3834/3834/3834 3743/3743/3743
f 3741/3741/3741 3740/3740/3740 3743/3743/3743
f 3835/3835/3835 3834/3834/3834 3832/3832/3832
f 3834/3834/3834 3835/3835/3835 3743/3743/3743
f 3832/3832/3832 3837/3837/3837 3835/3835/3835
f 3742/3742/3742 3856/3856/3856 3739/3739/3739
f 3742/3742/3742 3739/3739/3739 3741/3741/3741
f 3857/3857/3857 3856/3856/3856 3742/3742/3742
f 3744/3744/3744 3741/3741/3741 3743/3743/3743
f 3742/3742/3742 3741/3741/3741 3744/3744/3744
f 3745/3745/3745 3857/3857/3857 3742/3742/3742
f 3745/3745/3745 3742/3742/3742 3744/3744/3744
f 3858/3858/3858 3857/3857/3857 3745/3745/3745
f 3744/3744/3744 3743/3743/3743 3746/3746/3746
f 3746/3746/3746 3743/3743/3743 3835/3835/3835
f 3745/3745/3745 3744/3744/3744 3747/3747/3747
f 3747/3747/3747 3744/3744/3744 3746/3746/3746
f 3748/3748/3748 3858/3858/3858 3745/3745/3745
f 3748/3748/3748 3745/3745/3745 3747/3747/3747
f 3858/3858/3858 3748/3748/3748 3859/3859/3859
f 3836/3836/3836 3746/3746/3746 3835/3835/3835
f 3837/3837/3837 3836/3836/3836 3835/3835/3835
f 3748/3748/3748 3751/3751/3751 3859/3859/3859
f 3860/3860/3860 3859/3859/3859 3751/3751/3751
f 3843/3843/3843 3836/3836/3836 3837/3837/3837
f 3843/3843/3843 3837/3837/3837 3839/3839/3839
f 3746/3746/3746 3836/3836/3836 3749/3749/3749
f 3836/3836/3836 3843/3843/3843 3749/3749/3749
f 3747/3747/3747 3746/3746/3746 3749/3749/3749
f 3843/3843/3843 3839/3839/3839 3840/3840/3840
f 3840/3840/3840 3839/3839/3839 3838/3838/3838
f 3838/3838/3838 3842/3842/3842 3840/3840/3840
f 3748/3748/3748 3747/3747/3747 3750/3750/3750
f 3750/3750/3750 3747/3747/3747 3749/3749/3749
f 3751/3751/3751 3748/3748/3748 3750/3750/3750
f 3752/3752/3752 3749/3749/3749 3843/3843/3843
f 3750/3750/3750 3749/3749/3749 3752/3752/3752
f 3840/3840/3840 3752/3752/3752 3843/3843/3843
f 3751/3751/3751 3750/3750/3750 3753/3753/3753
f 3753/3753/3753 3750/3750/3750 3752/3752/3752
f 3754/3754/3754 3860/3860/3860 3751/3751/3751
f 3754/3754/3754 3751/3751/3751 3753/3753/3753
f 3861/3861/3861 3860/3860/3860 3754/3754/3754
f 3753/3753/3753 3752/3752/3752 3755/3755/3755
f 3755/3755/3755 3752/3752/3752 3840/3840/3840
f 3754/3754/3754 3753/3753/3753 3756/3756/3756
f 3756/3756/3756 3753/3753/3753 3755/3755/3755
f 3757/3757/3757 3861/3861/3861 3754/3754/3754
f 3757/3757/3757 3754/3754/3754 3756/3756/3756
f 3862/3862/3862 3861/3861/3861 3757/3757/3757
f 3760/3760/3760 3862/3862/3862 3757/3757/3757
f 3760/3760/3760 3757/3757/3757 3759/3759/3759
f 3757/3757/3757 3756/3756/3756 3759/3759/3759
f 3759/3759/3759 3756/3756/3756 3758/3758/3758
f 3756/3756/3756 3755/3755/3755 3758/3758/3758
f 3841/3841/3841 3755/3755/3755 3840/3840/3840
f 3758/3758/3758 3755/3755/3755 3841/3841/3841
f 3842/3842/3842 3841/3841/3841 3840/3840/3840
f 3845/3845/3845 3758/3758/3758 3841/3841/3841
f 3841/3841/3841 3842/3842/3842 3845/3845/3845
f 3907/3907/3907 3906/3906/3906 3905/3905/3905
f 3907/3907/3907 3941/3941/3941 3906/3906/3906
f 3946/3946/3946 3905/3905/3905 3906/3906/3906
f 3941/3941/3941 3943/3943/3943 3906/3906/3906
f 3946/3946/3946 3908/3908/3908 3905/3905/3905
f 3943/3943/3943 3941/3941/3941 3942/3942/3942
f 3909/3909/3909 3905/3905/3905 3908/3908/3908
f 3944/3944/3944 3943/3943/3943 3942/3942/3942
f 3910/3910/3910 3909/3909/3909 3908/3908/3908
f 3944/3944/3944 3947/3947/3947 3943/3943/3943
f 3912/3912/3912 3910/3910/3910 3908/3908/3908
f 3944/3944/3944 3917/3917/3917 3947/3947/3947
f 3912/3912/3912 3911/3911/3911 3910/3910/3910
f 3947/3947/3947 3917/3917/3917 3918/3918/3918
f 3911/3911/3911 3912/3912/3912 3945/3945/3945
f 3918/3918/3918 3917/3917/3917 3916/3916/3916
f 3939/3939/3939 3945/3945/3945 3912/3912/3912
f 3916/3916/3916 3919/3919/3919 3918/3918/3918
f 3939/3939/3939 3913/3913/3913 3945/3945/3945
f 3918/3918/3918 3919/3919/3919 3920/3920/3920
f 3921/3921/3921 3920/3920/3920 3919/3919/3919
f 3921/3921/3921 3922/3922/3922 3920/3920/3920
f 3921/3921/3921 3924/3924/3924 3922/3922/3922
f 3924/3924/3924 3923/3923/3923 3922/3922/3922
f 3922/3922/3922 3923/3923/3923 3926/3926/3926
f 3926/3926/3926 3923/3923/3923 3925/3925/3925
f 3927/3927/3927 3926/3926/3926 3925/3925/3925
f 3928/3928/3928 3926/3926/3926 3927/3927/3927
f 3929/3929/3929 3928/3928/3928 3927/3927/3927
f 3928/3928/3928 3929/3929/3929 3930/3930/3930
f 3952/3952/3952 3928/3928/3928 3930/3930/3930
f 3952/3952/3952 3930/3930/3930 3931/3931/3931
f 3930/3930/3930 3932/3932/3932 3931/3931/3931
f 3931/3931/3931 3932/3932/3932 3938/3938/3938
f 3950/3950/3950 3931/3931/3931 3938/3938/3938
f 3938/3938/3938 3953/3953/3953 3950/3950/3950
f 3950/3950/3950 3953/3953/3953 3936/3936/3936
f 3950/3950/3950 3936/3936/3936 3934/3934/3934
f 3933/3933/3933 3934/3934/3934 3936/3936/3936
f 3935/3935/3935 3934/3934/3934 3933/3933/3933
f 3934/3934/3934 3935/3935/3935 3937/3937/3937
f 3948/3948/3948 3934/3934/3934 3937/3937/3937
f 3949/3949/3949 3948/3948/3948 3937/3937/3937
f 3951/3951/3951 3948/3948/3948 3949/3949/3949
f 3948/3948/3948 3951/3951/3951 3954/3954/3954
f 3951/3951/3951 3956/3956/3956 3954/3954/3954
f 3956/3956/3956 3955/3955/3955 3954/3954/3954
f 3915/3915/3915 3914/3914/3914 3913/3913/3913
f 3939/3939/3939 3915/3915/3915 3913/3913/3913
f 3940/3940/3940 3915/3915/3915 3939/3939/3939
f 3959/3959/3959 3954/3954/3954 3955/3955/3955
f 3970/3970/3970 3959/3959/3959 3955/3955/3955
f 3959/3959/3959 3989/3989/3989 3954/3954/3954
f 3990/3990/3990 3959/3959/3959 3970/3970/3970
f 3989/3989/3989 3959/3959/3959 3991/3991/3991
f 3958/3958/3958 3959/3959/3959 3990/3990/3990
f 3992/3992/3992 3991/3991/3991 3959/3959/3959
f 3959/3959/3959 3958/3958/3958 3957/3957/3957
f 3959/3959/3959 3957/3957/3957 3960/3960/3960
f 3959/3959/3959 3960/3960/3960 3993/3993/3993
f 3959/3959/3959 3964/3964/3964 3992/3992/3992
f 3966/3966/3966 3959/3959/3959 3993/3993/3993
f 3964/3964/3964 3959/3959/3959 3966/3966/3966
f 3966/3966/3966 3965/3965/3965 3964/3964/3964
f 3964/3964/3964 3965/3965/3965 3961/3961/3961
f 3963/3963/3963 3961/3961/3961 3965/3965/3965
f 3963/3963/3963 3962/3962/3962 3961/3961/3961
f 3961/3961/3961 3962/3962/3962 3968/3968/3968
f 3969/3969/3969 3961/3961/3961 3968/3968/3968
f 3969/3969/3969 3968/3968/3968 3967/3967/3967
f 3967/3967/3967 3975/3975/3975 3969/3969/3969
f 3969/3969/3969 3975/3975/3975 3974/3974/3974
f 3969/3969/3969 3974/3974/3974 3977/3977/3977
f 3974/3974/3974 3976/3976/3976 3977/3977/3977
f 3978/3978/3978 3977/3977/3977 3976/3976/3976
f 3978/3978/3978 3979/3979/3979 3977/3977/3977
f 3978/3978/3978 3980/3980/3980 3979/3979/3979
f 3979/3979/3979 3980/3980/3980 3996/3996/3996
f 3979/3979/3979 3996/3996/3996 3988/3988/3988
f 3988/3988/3988 3996/3996/3996 3987/3987/3987
f 3988/3988/3988 3987/3987/3987 3983/3983/3983
f 3988/3988/3988 3983/3983/3983 3981/3981/3981
f 3983/3983/3983 3982/3982/3982 3981/3981/3981
f 3971/3971/3971 3981/3981/3981 3982/3982/3982
f 3973/3973/3973 3971/3971/3971 3982/3982/3982
f 3973/3973/3973 3972/3972/3972 3971/3971/3971
f 3994/3994/3994 3971/3971/3971 3972/3972/3972
f 3995/3995/3995 3994/3994/3994 3972/3972/3972
f 3997/3997/3997 3994/3994/3994 3995/3995/3995
f 3984/3984/3984 3994/3994/3994 3997/3997/3997
f 4002/4002/4002 3994/3994/3994 3984/3984/3984
f 4001/4001/4001 4002/4002/4002 3984/3984/3984
f 4000/4000/4000 4001/4001/4001 3984/3984/3984
f 3998/3998/3998 4000/4000/4000 3984/3984/3984
f 3999/3999/3999 3998/3998/3998 3984/3984/3984
f 3999/3999/3999 3984/3984/3984 3985/3985/3985
f 3986/3986/3986 3985/3985/3985 3984/3984/3984
f 4005/4005/4005 4004/4004/4004 4003/4003/4003
f 4015/4015/4015 4004/4004/4004 4005/4005/4005
f 4015/4015/4015 4013/4013/4013 4004/4004/4004
f 4018/4018/4018 4015/4015/4015 4005/4005/4005
f 4004/4004/4004 4013/4013/4013 4012/4012/4012
f 4014/4014/4014 4012/4012/4012 4013/4013/4013
f 4004/4004/4004 4012/4012/4012 4003/4003/4003
f 4019/4019/4019 4018/4018/4018 4005/4005/4005
f 4003/4003/4003 4012/4012/4012 4016/4016/4016
f 4016/4016/4016 4017/4017/4017 4003/4003/4003
f 4005/4005/4005 4007/4007/4007 4019/4019/4019
f 4007/4007/4007 4020/4020/4020 4019/4019/4019
f 4020/4020/4020 4007/4007/4007 4021/4021/4021
f 4006/4006/4006 4005/4005/4005 4003/4003/4003
f 4007/4007/4007 4005/4005/4005 4006/4006/4006
f 4009/4009/4009 4003/4003/4003 4017/4017/4017
f 4006/4006/4006 4003/4003/4003 4009/4009/4009
f 4017/4017/4017 4023/4023/4023 4009/4009/4009
f 4008/4008/4008 4007/4007/4007 4006/4006/4006
f 4007/4007/4007 4008/4008/4008 4021/4021/4021
f 4009/4009/4009 4023/4023/4023 4024/4024/4024
f 4025/4025/4025 4024/4024/4024 4023/4023/4023
f 4024/4024/4024 4031/4031/4031 4009/4009/4009
f 4026/4026/4026 4024/4024/4024 4025/4025/4025
f 4009/4009/4009 4031/4031/4031 4030/4030/4030
f 4027/4027/4027 4026/4026/4026 4025/4025/4025
f 4029/4029/4029 4026/4026/4026 4027/4027/4027
f 4026/4026/4026 4029/4029/4029 4028/4028/4028
f 4010/4010/4010 4009/4009/4009 4030/4030/4030
f 4010/4010/4010 4006/4006/4006 4009/4009/4009
f 4008/4008/4008 4006/4006/4006 4010/4010/4010
f 4010/4010/4010 4030/4030/4030 4032/4032/4032
f 4011/4011/4011 4008/4008/4008 4010/4010/4010
f 4011/4011/4011 4010/4010/4010 4032/4032/4032
f 4021/4021/4021 4008/4008/4008 4011/4011/4011
f 4011/4011/4011 4032/4032/4032 4033/4033/4033
f 4022/4022/4022 4021/4021/4021 4011/4011/4011
f 4011/4011/4011 4033/4033/4033 4022/4022/4022
f 4036/4036/4036 4035/4035/4035 4034/4034/4034
f 4051/4051/4051 4036/4036/4036 4034/4034/4034
f 4052/4052/4052 4051/4051/4051 4034/4034/4034
f 4052/4052/4052 4034/4034/4034 4038/4038/4038
f 4038/4038/4038 4034/4034/4034 4037/4037/4037
f 4053/4053/4053 4038/4038/4038 4037/4037/4037
f 4041/4041/4041 4053/4053/4053 4037/4037/4037
f 4041/4041/4041 4037/4037/4037 4040/4040/4040
f 4041/4041/4041 4040/4040/4040 4039/4039/4039
f 4041/4041/4041 4039/4039/4039 4043/4043/4043
f 4043/4043/4043 4039/4039/4039 4042/4042/4042
f 4043/4043/4043 4042/4042/4042 4045/4045/4045
f 4043/4043/4043 4045/4045/4045 4044/4044/4044
f 4043/4043/4043 4044/4044/4044 4046/4046/4046
f 4043/4043/4043 4046/4046/4046 4048/4048/4048
f 4043/4043/4043 4048/4048/4048 4047/4047/4047
f 4043/4043/4043 4047/4047/4047 4050/4050/4050
f 4050/4050/4050 4047/4047/4047 4049/4049/4049
f 4049/4049/4049 4055/4055/4055 4050/4050/4050
f 4050/4050/4050 4055/4055/4055 4054/4054/4054
f 4054/4054/4054 4057/4057/4057 4050/4050/4050
f 4057/4057/4057 4054/4054/4054 4056/4056/4056
f 4057/4057/4057 4056/4056/4056 4058/4058/4058
f 4059/4059/4059 4057/4057/4057 4058/4058/4058
f 4058/4058/4058 4060/4060/4060 4059/4059/4059
f 4061/4061/4061 4059/4059/4059 4060/4060/4060
f 4059/4059/4059 4061/4061/4061 4062/4062/4062
f 4063/4063/4063 4062/4062/4062 4061/4061/4061
f 4063/4063/4063 4065/4065/4065 4062/4062/4062
f 4065/4065/4065 4069/4069/4069 4062/4062/4062
f 4069/4069/4069 4065/4065/4065 4066/4066/4066
f 4066/4066/4066 4065/4065/4065 4064/4064/4064
f 4077/4077/4077 4069/4069/4069 4066/4066/4066
f 4066/4066/4066 4064/4064/4064 4067/4067/4067
f 4078/4078/4078 4077/4077/4077 4066/4066/4066
f 4068/4068/4068 4066/4066/4066 4067/4067/4067
f 4068/4068/4068 4078/4078/4078 4066/4066/4066
f 4068/4068/4068 4067/4067/4067 4070/4070/4070
f 4078/4078/4078 4068/4068/4068 4079/4079/4079
f 4073/4073/4073 4068/4068/4068 4070/4070/4070
f 4068/4068/4068 4073/4073/4073 4079/4079/4079
f 4073/4073/4073 4070/4070/4070 4072/4072/4072
f 4072/4072/4072 4070/4070/4070 4071/4071/4071
f 4072/4072/4072 4071/4071/4071 4076/4076/4076
f 4072/4072/4072 4076/4076/4076 4075/4075/4075
f 4072/4072/4072 4075/4075/4075 4074/4074/4074
f 4072/4072/4072 4074/4074/4074 4084/4084/4084
f 4080/4080/4080 4079/4079/4079 4073/4073/4073
f 4072/4072/4072 4080/4080/4080 4073/4073/4073
f 4080/4080/4080 4072/4072/4072 4084/4084/4084
f 4083/4083/4083 4079/4079/4079 4080/4080/4080
f 4080/4080/4080 4084/4084/4084 4082/4082/4082
f 4080/4080/4080 4081/4081/4081 4083/4083/4083
f 4082/4082/4082 4081/4081/4081 4080/4080/4080
f 4087/4087/4087 4086/4086/4086 4085/4085/4085
f 4085/4085/4085 4086/4086/4086 4184/4184/4184
f 4085/4085/4085 4184/4184/4184 4187/4187/4187
f 4086/4086/4086 4185/4185/4185 4184/4184/4184
f 4187/4187/4187 4089/4089/4089 4085/4085/4085
f 4187/4187/4187 4193/4193/4193 4089/4089/4089
f 4088/4088/4088 4087/4087/4087 4085/4085/4085
f 4088/4088/4088 4085/4085/4085 4089/4089/4089
f 4193/4193/4193 4091/4091/4091 4089/4089/4089
f 4193/4193/4193 4192/4192/4192 4091/4091/4091
f 4090/4090/4090 4088/4088/4088 4089/4089/4089
f 4090/4090/4090 4089/4089/4089 4091/4091/4091
f 4093/4093/4093 4091/4091/4091 4192/4192/4192
f 4192/4192/4192 4217/4217/4217 4093/4093/4093
f 4092/4092/4092 4090/4090/4090 4091/4091/4091
f 4092/4092/4092 4091/4091/4091 4093/4093/4093
f 4095/4095/4095 4093/4093/4093 4217/4217/4217
f 4217/4217/4217 4216/4216/4216 4095/4095/4095
f 4094/4094/4094 4092/4092/4092 4093/4093/4093
f 4094/4094/4094 4093/4093/4093 4095/4095/4095
f 4095/4095/4095 4216/4216/4216 4097/4097/4097
f 4216/4216/4216 4214/4214/4214 4097/4097/4097
f 4096/4096/4096 4094/4094/4094 4095/4095/4095
f 4096/4096/4096 4095/4095/4095 4097/4097/4097
f 4102/4102/4102 4092/4092/4092 4094/4094/4094
f 4214/4214/4214 4212/4212/4212 4097/4097/4097
f 4214/4214/4214 4213/4213/4213 4212/4212/4212
f 4215/4215/4215 4212/4212/4212 4213/4213/4213
f 4212/4212/4212 4215/4215/4215 4220/4220/4220
f 4215/4215/4215 4221/4221/4221 4220/4220/4220
f 4097/4097/4097 4212/4212/4212 4222/4222/4222
f 4097/4097/4097 4222/4222/4222 4219/4219/4219
f 4097/4097/4097 4219/4219/4219 4098/4098/4098
f 4098/4098/4098 4096/4096/4096 4097/4097/4097
f 4219/4219/4219 4218/4218/4218 4098/4098/4098
f 4098/4098/4098 4218/4218/4218 4223/4223/4223
f 4225/4225/4225 4098/4098/4098 4223/4223/4223
f 4098/4098/4098 4225/4225/4225 4224/4224/4224
f 4098/4098/4098 4224/4224/4224 4226/4226/4226
f 4226/4226/4226 4227/4227/4227 4098/4098/4098
f 4228/4228/4228 4098/4098/4098 4227/4227/4227
f 4228/4228/4228 4231/4231/4231 4098/4098/4098
f 4098/4098/4098 4231/4231/4231 4230/4230/4230
f 4103/4103/4103 4094/4094/4094 4096/4096/4096
f 4103/4103/4103 4102/4102/4102 4094/4094/4094
f 4104/4104/4104 4096/4096/4096 4098/4098/4098
f 4104/4104/4104 4103/4103/4103 4096/4096/4096
f 4098/4098/4098 4230/4230/4230 4105/4105/4105
f 4105/4105/4105 4104/4104/4104 4098/4098/4098
f 4230/4230/4230 4229/4229/4229 4105/4105/4105
f 4234/4234/4234 4105/4105/4105 4229/4229/4229
f 4235/4235/4235 4105/4105/4105 4234/4234/4234
f 4237/4237/4237 4105/4105/4105 4235/4235/4235
f 4105/4105/4105 4237/4237/4237 4236/4236/4236
f 4105/4105/4105 4236/4236/4236 4238/4238/4238
f 4240/4240/4240 4105/4105/4105 4238/4238/4238
f 4105/4105/4105 4240/4240/4240 4239/4239/4239
f 4233/4233/4233 4105/4105/4105 4239/4239/4239
f 4105/4105/4105 4232/4232/4232 4104/4104/4104
f 4233/4233/4233 4232/4232/4232 4105/4105/4105
f 4103/4103/4103 4104/4104/4104 4232/4232/4232
f 4232/4232/4232 4233/4233/4233 4241/4241/4241
f 4232/4232/4232 4241/4241/4241 4242/4242/4242
f 4210/4210/4210 4103/4103/4103 4232/4232/4232
f 4102/4102/4102 4103/4103/4103 4210/4210/4210
f 4209/4209/4209 4102/4102/4102 4210/4210/4210
f 4102/4102/4102 4209/4209/4209 4208/4208/4208
f 4102/4102/4102 4208/4208/4208 4101/4101/4101
f 4102/4102/4102 4101/4101/4101 4092/4092/4092
f 4208/4208/4208 4207/4207/4207 4101/4101/4101
f 4101/4101/4101 4090/4090/4090 4092/4092/4092
f 4207/4207/4207 4206/4206/4206 4101/4101/4101
f 4101/4101/4101 4206/4206/4206 4205/4205/4205
f 4101/4101/4101 4205/4205/4205 4204/4204/4204
f 4204/4204/4204 4194/4194/4194 4101/4101/4101
f 4101/4101/4101 4100/4100/4100 4090/4090/4090
f 4101/4101/4101 4194/4194/4194 4100/4100/4100
f 4100/4100/4100 4088/4088/4088 4090/4090/4090
f 4203/4203/4203 4100/4100/4100 4194/4194/4194
f 4203/4203/4203 4202/4202/4202 4100/4100/4100
f 4100/4100/4100 4202/4202/4202 4201/4201/4201
f 4100/4100/4100 4201/4201/4201 4200/4200/4200
f 4195/4195/4195 4100/4100/4100 4200/4200/4200
f 4100/4100/4100 4099/4099/4099 4088/4088/4088
f 4100/4100/4100 4195/4195/4195 4099/4099/4099
f 4099/4099/4099 4195/4195/4195 4199/4199/4199
f 4198/4198/4198 4099/4099/4099 4199/4199/4199
f 4099/4099/4099 4198/4198/4198 4197/4197/4197
f 4099/4099/4099 4087/4087/4087 4088/4088/4088
f 4099/4099/4099 4197/4197/4197 4191/4191/4191
f 4189/4189/4189 4087/4087/4087 4099/4099/4099
f 4099/4099/4099 4191/4191/4191 4190/4190/4190
f 4190/4190/4190 4189/4189/4189 4099/4099/4099
f 4190/4190/4190 4191/4191/4191 4196/4196/4196
f 4211/4211/4211 4190/4190/4190 4196/4196/4196
f 4189/4189/4189 4171/4171/4171 4087/4087/4087
f 4171/4171/4171 4086/4086/4086 4087/4087/4087
f 4086/4086/4086 4171/4171/4171 4145/4145/4145
f 4144/4144/4144 4086/4086/4086 4145/4145/4145
f 4086/4086/4086 4144/4144/4144 4185/4185/4185
f 4144/4144/4144 4188/4188/4188 4185/4185/4185
f 4188/4188/4188 4144/4144/4144 4186/4186/4186
f 4186/4186/4186 4144/4144/4144 4149/4149/4149
f 4150/4150/4150 4149/4149/4149 4144/4144/4144
f 4144/4144/4144 4162/4162/4162 4150/4150/4150
f 4160/4160/4160 4162/4162/4162 4144/4144/4144
f 4144/4144/4144 4161/4161/4161 4160/4160/4160
f 4183/4183/4183 4161/4161/4161 4144/4144/4144
f 4183/4183/4183 4144/4144/4144 4147/4147/4147
f 4145/4145/4145 4141/4141/4141 4144/4144/4144
f 4144/4144/4144 4146/4146/4146 4147/4147/4147
f 4141/4141/4141 4142/4142/4142 4144/4144/4144
f 4146/4146/4146 4144/4144/4144 4142/4142/4142
f 4146/4146/4146 4142/4142/4142 4151/4151/4151
f 4142/4142/4142 4152/4152/4152 4151/4151/4151
f 4142/4142/4142 4166/4166/4166 4152/4152/4152
f 4168/4168/4168 4166/4166/4166 4142/4142/4142
f 4169/4169/4169 4168/4168/4168 4142/4142/4142
f 4169/4169/4169 4142/4142/4142 4173/4173/4173
f 4142/4142/4142 4164/4164/4164 4173/4173/4173
f 4164/4164/4164 4142/4142/4142 4163/4163/4163
f 4142/4142/4142 4167/4167/4167 4163/4163/4163
f 4182/4182/4182 4167/4167/4167 4142/4142/4142
f 4182/4182/4182 4142/4142/4142 4165/4165/4165
f 4165/4165/4165 4142/4142/4142 4159/4159/4159
f 4142/4142/4142 4148/4148/4148 4159/4159/4159
f 4142/4142/4142 4141/4141/4141 4137/4137/4137
f 4142/4142/4142 4136/4136/4136 4148/4148/4148
f 4136/4136/4136 4142/4142/4142 4137/4137/4137
f 4170/4170/4170 4148/4148/4148 4136/4136/4136
f 4156/4156/4156 4170/4170/4170 4136/4136/4136
f 4136/4136/4136 4157/4157/4157 4156/4156/4156
f 4157/4157/4157 4136/4136/4136 4153/4153/4153
f 4154/4154/4154 4153/4153/4153 4136/4136/4136
f 4138/4138/4138 4154/4154/4154 4136/4136/4136
f 4139/4139/4139 4138/4138/4138 4136/4136/4136
f 4155/4155/4155 4139/4139/4139 4136/4136/4136
f 4155/4155/4155 4136/4136/4136 4143/4143/4143
f 4137/4137/4137 4118/4118/4118 4136/4136/4136
f 4136/4136/4136 4140/4140/4140 4143/4143/4143
f 4118/4118/4118 4119/4119/4119 4136/4136/4136
f 4140/4140/4140 4136/4136/4136 4119/4119/4119
f 4140/4140/4140 4119/4119/4119 4158/4158/4158
f 4119/4119/4119 4172/4172/4172 4158/4158/4158
f 4172/4172/4172 4119/4119/4119 4133/4133/4133
f 4119/4119/4119 4118/4118/4118 4115/4115/4115
f 4131/4131/4131 4133/4133/4133 4119/4119/4119
f 4116/4116/4116 4119/4119/4119 4115/4115/4115
f 4116/4116/4116 4131/4131/4131 4119/4119/4119
f 4116/4116/4116 4132/4132/4132 4131/4131/4131
f 4132/4132/4132 4116/4116/4116 4135/4135/4135
f 4117/4117/4117 4116/4116/4116 4115/4115/4115
f 4116/4116/4116 4128/4128/4128 4135/4135/4135
f 4116/4116/4116 4117/4117/4117 4113/4113/4113
f 4113/4113/4113 4117/4117/4117 4114/4114/4114
f 4114/4114/4114 4111/4111/4111 4113/4113/4113
f 4116/4116/4116 4129/4129/4129 4128/4128/4128
f 4116/4116/4116 4113/4113/4113 4129/4129/4129
f 4128/4128/4128 4129/4129/4129 4178/4178/4178
f 4176/4176/4176 4178/4178/4178 4129/4129/4129
f 4129/4129/4129 4177/4177/4177 4176/4176/4176
f 4177/4177/4177 4129/4129/4129 4130/4130/4130
f 4130/4130/4130 4129/4129/4129 4127/4127/4127
f 4113/4113/4113 4127/4127/4127 4129/4129/4129
f 4130/4130/4130 4127/4127/4127 4180/4180/4180
f 4181/4181/4181 4180/4180/4180 4127/4127/4127
f 4127/4127/4127 4179/4179/4179 4181/4181/4181
f 4127/4127/4127 4134/4134/4134 4179/4179/4179
f 4111/4111/4111 4112/4112/4112 4113/4113/4113
f 4112/4112/4112 4127/4127/4127 4113/4113/4113
f 4127/4127/4127 4112/4112/4112 4134/4134/4134
f 4112/4112/4112 4111/4111/4111 4110/4110/4110
f 4126/4126/4126 4134/4134/4134 4112/4112/4112
f 4124/4124/4124 4126/4126/4126 4112/4112/4112
f 4112/4112/4112 4110/4110/4110 4109/4109/4109
f 4112/4112/4112 4121/4121/4121 4124/4124/4124
f 4112/4112/4112 4109/4109/4109 4106/4106/4106
f 4109/4109/4109 4108/4108/4108 4106/4106/4106
f 4108/4108/4108 4107/4107/4107 4106/4106/4106
f 4107/4107/4107 4174/4174/4174 4106/4106/4106
f 4106/4106/4106 4174/4174/4174 4125/4125/4125
f 4125/4125/4125 4122/4122/4122 4106/4106/4106
f 4121/4121/4121 4112/4112/4112 4120/4120/4120
f 4112/4112/4112 4106/4106/4106 4120/4120/4120
f 4106/4106/4106 4122/4122/4122 4120/4120/4120
f 4175/4175/4175 4121/4121/4121 4120/4120/4120
f 4120/4120/4120 4122/4122/4122 4123/4123/4123
f 4123/4123/4123 4175/4175/4175 4120/4120/4120
f 4245/4245/4245 4244/4244/4244 4243/4243/4243
f 4243/4243/4243 4246/4246/4246 4245/4245/4245
f 4250/4250/4250 4246/4246/4246 4243/4243/4243
f 4252/4252/4252 4246/4246/4246 4250/4250/4250
f 4249/4249/4249 4246/4246/4246 4247/4247/4247
f 4246/4246/4246 4248/4248/4248 4247/4247/4247
f 4248/4248/4248 4246/4246/4246 4252/4252/4252
f 4248/4248/4248 4252/4252/4252 4251/4251/4251
f 4255/4255/4255 4254/4254/4254 4253/4253/4253
f 4258/4258/4258 4255/4255/4255 4256/4256/4256
f 4255/4255/4255 4257/4257/4257 4256/4256/4256
f 4255/4255/4255 4253/4253/4253 4257/4257/4257
f 4253/4253/4253 4259/4259/4259 4257/4257/4257
f 4261/4261/4261 4257/4257/4257 4259/4259/4259
f 4261/4261/4261 4262/4262/4262 4257/4257/4257
f 4262/4262/4262 4261/4261/4261 4260/4260/4260
