# VPXTOOL table OBJ file
# VPXTOOL OBJ file
# numVerts: 860 numFaces: 1028
o PinCab_PlungerHousing
v -0.928379 0.048025 -2.278553
v -0.927495 0.048901 -2.278501
v -0.927754 0.048282 -2.278535
v -0.921601 -0.103439 -2.325791
v -0.921601 0.042693 -2.301901
v -0.921601 0.041544 -2.296259
v -0.921601 -0.10229 -2.331432
v -0.788424 -0.103439 -2.325791
v -0.788424 0.042693 -2.301901
v -0.788424 -0.10229 -2.331432
v -0.788424 0.041544 -2.296259
v -0.921601 -0.103439 -2.325791
v -0.788424 -0.10229 -2.331432
v -0.921601 -0.10229 -2.331432
v -0.788424 -0.103439 -2.325791
v -0.921601 -0.10229 -2.331432
v -0.788424 0.042693 -2.301901
v -0.921601 0.042693 -2.301901
v -0.788424 -0.10229 -2.331432
v -0.921601 0.042693 -2.301901
v -0.788424 0.041544 -2.296259
v -0.921601 0.041544 -2.296259
v -0.788424 0.042693 -2.301901
v -0.921601 0.041544 -2.296259
v -0.788424 -0.103439 -2.325791
v -0.921601 -0.103439 -2.325791
v -0.788424 0.041544 -2.296259
v -0.858288 0.031875 -2.344483
v -0.85354 0.031654 -2.344399
v -0.858288 0.032302 -2.344393
v -0.853656 0.031243 -2.344487
v -0.86292 0.031243 -2.344488
v -0.849144 0.029756 -2.344413
v -0.849367 0.029392 -2.344502
v -0.863036 0.031653 -2.344399
v -0.867208 0.029392 -2.344502
v -0.845427 0.026751 -2.344435
v -0.845741 0.026461 -2.344524
v -0.867432 0.029757 -2.344413
v -0.870835 0.02646 -2.344524
v -0.842663 0.022861 -2.344465
v -0.843044 0.022665 -2.344553
v -0.871149 0.026751 -2.344435
v -0.873532 0.022665 -2.344553
v -0.841058 0.018374 -2.344499
v -0.841479 0.018288 -2.344586
v -0.873913 0.022861 -2.344465
v -0.875097 0.018288 -2.344586
v -0.840731 0.013624 -2.344535
v -0.84116 0.013654 -2.344621
v -0.875518 0.018374 -2.344499
v -0.875416 0.013654 -2.344621
v -0.841706 0.008962 -2.34457
v -0.842111 0.009105 -2.344655
v -0.875845 0.013624 -2.344536
v -0.874465 0.009105 -2.344656
v -0.843911 0.004734 -2.344603
v -0.844262 0.004981 -2.344687
v -0.87487 0.008962 -2.344571
v -0.872314 0.004981 -2.344687
v -0.847182 0.001254 -2.344629
v -0.847453 0.001586 -2.344712
v -0.872665 0.004734 -2.344602
v -0.869123 0.001586 -2.344712
v -0.851277 -0.00122 -2.344647
v -0.851448 -0.000828 -2.344731
v -0.869394 0.001254 -2.344629
v -0.865128 -0.000828 -2.344731
v -0.855892 -0.002505 -2.344657
v -0.85595 -0.002081 -2.34474
v -0.865299 -0.00122 -2.344648
v -0.860626 -0.002081 -2.34474
v -0.860684 -0.002505 -2.344657
v -0.869615 0.000982 -2.344395
v -0.865439 -0.001542 -2.344414
v -0.860732 -0.002852 -2.344424
v -0.855844 -0.002852 -2.344424
v -0.851137 -0.001542 -2.344414
v -0.84696 0.000982 -2.344395
v -0.855812 -0.003088 -2.344078
v -0.843624 0.004531 -2.344368
v -0.851043 -0.00176 -2.344067
v -0.846811 0.000796 -2.344048
v -0.841375 0.008843 -2.344336
v -0.851008 -0.001843 -2.343641
v -0.8558 -0.003177 -2.343651
v -0.846756 0.000726 -2.343622
v -0.860776 -0.003177 -2.343651
v -0.843431 0.004393 -2.344021
v -0.843359 0.004339 -2.343594
v -0.860764 -0.003088 -2.344078
v -0.865568 -0.001843 -2.343641
v -0.841152 0.008762 -2.343988
v -0.84107 0.00873 -2.34356
v -0.865533 -0.00176 -2.344068
v -0.86982 0.000726 -2.343622
v -0.869765 0.000796 -2.344048
v -0.873216 0.00434 -2.343594
v -0.873145 0.004392 -2.344021
v -0.875506 0.008729 -2.343561
v -0.872952 0.004531 -2.344368
v -0.875424 0.008762 -2.343988
v -0.876518 0.01357 -2.343524
v -0.875201 0.008843 -2.344336
v -0.876431 0.01358 -2.343951
v -0.876179 0.018503 -2.343487
v -0.876195 0.013598 -2.3443
v -0.876094 0.018489 -2.343914
v -0.874512 0.023162 -2.343451
v -0.875862 0.018444 -2.344263
v -0.874435 0.023125 -2.343879
v -0.871642 0.027201 -2.343421
v -0.874225 0.02302 -2.344228
v -0.871579 0.027146 -2.343849
v -0.867782 0.030322 -2.343397
v -0.871406 0.026988 -2.344199
v -0.867737 0.030251 -2.343825
v -0.863218 0.032291 -2.343383
v -0.867614 0.030053 -2.344175
v -0.863194 0.032212 -2.34381
v -0.858288 0.032964 -2.343378
v -0.863131 0.031988 -2.344161
v -0.858288 0.032881 -2.343805
v -0.853358 0.032291 -2.343383
v -0.858288 0.032649 -2.344156
v -0.853382 0.032211 -2.34381
v -0.848794 0.030321 -2.343398
v -0.853445 0.031987 -2.344161
v -0.848839 0.030251 -2.343825
v -0.844934 0.027201 -2.343421
v -0.848962 0.030053 -2.344175
v -0.844997 0.027146 -2.343848
v -0.842064 0.023162 -2.343451
v -0.84517 0.026988 -2.344198
v -0.842141 0.023125 -2.343879
v -0.840397 0.018503 -2.343487
v -0.842351 0.02302 -2.344229
v -0.840482 0.018489 -2.343914
v -0.840058 0.01357 -2.343524
v -0.840714 0.018444 -2.344263
v -0.840144 0.01358 -2.343951
v -0.840381 0.013598 -2.3443
v -0.858288 0.032964 -2.343378
v -0.853358 0.031992 -2.303851
v -0.858288 0.032665 -2.303846
v -0.853358 0.032291 -2.343383
v -0.863218 0.032291 -2.343383
v -0.848794 0.030022 -2.303866
v -0.863218 0.031992 -2.303851
v -0.848794 0.030321 -2.343398
v -0.867782 0.030322 -2.343397
v -0.844934 0.026902 -2.30389
v -0.867782 0.030022 -2.303866
v -0.844934 0.027201 -2.343421
v -0.871642 0.027201 -2.343421
v -0.842064 0.022862 -2.303921
v -0.871643 0.026902 -2.30389
v -0.842064 0.023162 -2.343451
v -0.874512 0.023162 -2.343451
v -0.840397 0.018204 -2.303956
v -0.874512 0.022862 -2.30392
v -0.840397 0.018503 -2.343487
v -0.876179 0.018503 -2.343487
v -0.840058 0.013271 -2.303993
v -0.876179 0.018204 -2.303956
v -0.840058 0.01357 -2.343524
v -0.876518 0.01357 -2.343524
v -0.84107 0.00843 -2.304029
v -0.876518 0.013271 -2.303993
v -0.84107 0.00873 -2.34356
v -0.875506 0.008729 -2.343561
v -0.84336 0.00404 -2.304063
v -0.875506 0.00843 -2.304029
v -0.843359 0.004339 -2.343594
v -0.873216 0.00434 -2.343594
v -0.846756 0.000427 -2.30409
v -0.873216 0.00404 -2.304063
v -0.846756 0.000726 -2.343622
v -0.86982 0.000726 -2.343622
v -0.851008 -0.002142 -2.304109
v -0.86982 0.000427 -2.30409
v -0.851008 -0.001843 -2.343641
v -0.865568 -0.001843 -2.343641
v -0.8558 -0.003476 -2.304119
v -0.865568 -0.002142 -2.304109
v -0.8558 -0.003177 -2.343651
v -0.860776 -0.003177 -2.343651
v -0.860776 -0.003476 -2.30412
v -0.858288 0.032665 -2.303846
v -0.853382 0.031905 -2.303425
v -0.858288 0.032575 -2.30342
v -0.853358 0.031992 -2.303851
v -0.863218 0.031992 -2.303851
v -0.848839 0.029945 -2.30344
v -0.848794 0.030022 -2.303866
v -0.863194 0.031906 -2.303425
v -0.867782 0.030022 -2.303866
v -0.844997 0.02684 -2.303463
v -0.844934 0.026902 -2.30389
v -0.867737 0.029945 -2.303439
v -0.871643 0.026902 -2.30389
v -0.842141 0.02282 -2.303494
v -0.842064 0.022862 -2.303921
v -0.871579 0.02684 -2.303463
v -0.874512 0.022862 -2.30392
v -0.840482 0.018183 -2.303529
v -0.840397 0.018204 -2.303956
v -0.874435 0.022819 -2.303493
v -0.876179 0.018204 -2.303956
v -0.840144 0.013274 -2.303566
v -0.840058 0.013271 -2.303993
v -0.876094 0.018183 -2.303529
v -0.876518 0.013271 -2.303993
v -0.841152 0.008456 -2.303602
v -0.84107 0.00843 -2.304029
v -0.876432 0.013274 -2.303566
v -0.875506 0.00843 -2.304029
v -0.843431 0.004087 -2.303636
v -0.84336 0.00404 -2.304063
v -0.875424 0.008456 -2.303603
v -0.873216 0.00404 -2.304063
v -0.846811 0.00049 -2.303663
v -0.846756 0.000427 -2.30409
v -0.873145 0.004087 -2.303636
v -0.86982 0.000427 -2.30409
v -0.851043 -0.002066 -2.303682
v -0.851008 -0.002142 -2.304109
v -0.869765 0.00049 -2.303663
v -0.865568 -0.002142 -2.304109
v -0.855812 -0.003394 -2.303692
v -0.8558 -0.003476 -2.304119
v -0.865533 -0.002066 -2.303682
v -0.860776 -0.003476 -2.30412
v -0.860764 -0.003394 -2.303692
v -0.869615 0.00067 -2.303313
v -0.865439 -0.001853 -2.303331
v -0.860732 -0.003163 -2.303342
v -0.855844 -0.003163 -2.303342
v -0.851137 -0.001853 -2.303331
v -0.84696 0.000671 -2.303313
v -0.855892 -0.00282 -2.303103
v -0.843624 0.00422 -2.303285
v -0.851277 -0.001535 -2.303094
v -0.847182 0.000939 -2.303076
v -0.841375 0.008532 -2.303253
v -0.851448 -0.001144 -2.303005
v -0.85595 -0.002397 -2.303015
v -0.847453 0.00127 -2.302987
v -0.860626 -0.002397 -2.303015
v -0.843911 0.004419 -2.303049
v -0.844262 0.004665 -2.302961
v -0.860684 -0.00282 -2.303104
v -0.865128 -0.001144 -2.303005
v -0.841706 0.008647 -2.303017
v -0.842111 0.008789 -2.302929
v -0.865299 -0.001535 -2.303095
v -0.869123 0.00127 -2.302986
v -0.869394 0.000939 -2.303075
v -0.872314 0.004665 -2.302961
v -0.872665 0.004419 -2.303049
v -0.874465 0.008789 -2.30293
v -0.872952 0.00422 -2.303285
v -0.87487 0.008647 -2.303017
v -0.875416 0.013338 -2.302895
v -0.875201 0.008532 -2.303253
v -0.875845 0.013309 -2.302981
v -0.875097 0.017972 -2.30286
v -0.876195 0.013287 -2.303217
v -0.875518 0.018059 -2.302945
v -0.873532 0.022349 -2.302826
v -0.875862 0.018132 -2.30318
v -0.873913 0.022546 -2.302911
v -0.870835 0.026145 -2.302798
v -0.874225 0.022709 -2.303145
v -0.871149 0.026436 -2.302882
v -0.867208 0.029076 -2.302776
v -0.871406 0.026676 -2.303116
v -0.867432 0.029442 -2.30286
v -0.86292 0.030927 -2.302762
v -0.867614 0.029741 -2.303092
v -0.863036 0.031339 -2.302845
v -0.858288 0.03156 -2.302757
v -0.863131 0.031676 -2.303077
v -0.858288 0.031987 -2.30284
v -0.853656 0.030927 -2.302762
v -0.858288 0.032338 -2.303072
v -0.85354 0.031339 -2.302845
v -0.849367 0.029076 -2.302776
v -0.853445 0.031676 -2.303077
v -0.849144 0.029442 -2.30286
v -0.84574 0.026145 -2.302798
v -0.848962 0.029741 -2.303092
v -0.845427 0.026437 -2.302882
v -0.843044 0.022349 -2.302827
v -0.84517 0.026676 -2.303116
v -0.842663 0.022546 -2.302912
v -0.841479 0.017972 -2.30286
v -0.842351 0.022709 -2.303145
v -0.841058 0.018059 -2.302945
v -0.841159 0.013337 -2.302895
v -0.840714 0.018132 -2.30318
v -0.840731 0.013309 -2.302981
v -0.840381 0.013287 -2.303217
v -0.858288 0.03156 -2.302757
v -0.854718 0.02716 -2.30279
v -0.858288 0.027648 -2.302787
v -0.853656 0.030927 -2.302762
v -0.86292 0.030927 -2.302762
v -0.851413 0.025734 -2.302801
v -0.861858 0.02716 -2.30279
v -0.849367 0.029076 -2.302776
v -0.867208 0.029076 -2.302776
v -0.848618 0.023475 -2.302819
v -0.865163 0.025734 -2.302801
v -0.84574 0.026145 -2.302798
v -0.870835 0.026145 -2.302798
v -0.84654 0.02055 -2.30284
v -0.867958 0.023474 -2.302819
v -0.843044 0.022349 -2.302827
v -0.873532 0.022349 -2.302826
v -0.845333 0.017176 -2.302866
v -0.870036 0.02055 -2.302841
v -0.841479 0.017972 -2.30286
v -0.875097 0.017972 -2.30286
v -0.845087 0.013605 -2.302894
v -0.871243 0.017176 -2.302866
v -0.841159 0.013337 -2.302895
v -0.875416 0.013338 -2.302895
v -0.84582 0.010099 -2.30292
v -0.871489 0.013604 -2.302893
v -0.842111 0.008789 -2.302929
v -0.874465 0.008789 -2.30293
v -0.847478 0.00692 -2.302943
v -0.870755 0.010099 -2.302919
v -0.844262 0.004665 -2.302961
v -0.872314 0.004665 -2.302961
v -0.849938 0.004304 -2.302964
v -0.869098 0.006921 -2.302944
v -0.847453 0.00127 -2.302987
v -0.869123 0.00127 -2.302986
v -0.853016 0.002444 -2.302977
v -0.866638 0.004304 -2.302964
v -0.851448 -0.001144 -2.303005
v -0.865128 -0.001144 -2.303005
v -0.856486 0.001478 -2.302985
v -0.863559 0.002444 -2.302977
v -0.85595 -0.002397 -2.303015
v -0.860626 -0.002397 -2.303015
v -0.86009 0.001478 -2.302985
v -0.858288 0.027648 -2.302787
v -0.854834 0.02675 -2.30288
v -0.858288 0.027222 -2.302876
v -0.854718 0.02716 -2.30279
v -0.861858 0.02716 -2.30279
v -0.851636 0.02537 -2.30289
v -0.851413 0.025734 -2.302801
v -0.861742 0.02675 -2.30288
v -0.865163 0.025734 -2.302801
v -0.848932 0.023184 -2.302907
v -0.848618 0.023475 -2.302819
v -0.86494 0.02537 -2.302891
v -0.867958 0.023474 -2.302819
v -0.846921 0.020354 -2.302928
v -0.84654 0.02055 -2.30284
v -0.867644 0.023184 -2.302907
v -0.870036 0.02055 -2.302841
v -0.845754 0.01709 -2.302952
v -0.845333 0.017176 -2.302866
v -0.869654 0.020354 -2.302928
v -0.871243 0.017176 -2.302866
v -0.845516 0.013634 -2.302979
v -0.845087 0.013605 -2.302894
v -0.870822 0.01709 -2.302953
v -0.871489 0.013604 -2.302893
v -0.846225 0.010243 -2.303005
v -0.84582 0.010099 -2.30292
v -0.87106 0.013634 -2.302979
v -0.870755 0.010099 -2.302919
v -0.847829 0.007167 -2.303028
v -0.847478 0.00692 -2.302943
v -0.87035 0.010243 -2.303005
v -0.869098 0.006921 -2.302944
v -0.850209 0.004636 -2.303047
v -0.849938 0.004304 -2.302964
v -0.868747 0.007167 -2.303028
v -0.866638 0.004304 -2.302964
v -0.853188 0.002836 -2.303061
v -0.853016 0.002444 -2.302977
v -0.866367 0.004636 -2.303048
v -0.863559 0.002444 -2.302977
v -0.856545 0.001901 -2.303068
v -0.856486 0.001478 -2.302985
v -0.863388 0.002836 -2.303061
v -0.86009 0.001478 -2.302985
v -0.860031 0.001902 -2.303068
v -0.866145 0.004908 -2.30328
v -0.863248 0.003158 -2.303294
v -0.859983 0.002249 -2.3033
v -0.856592 0.002249 -2.303301
v -0.853328 0.003158 -2.303293
v -0.85043 0.004908 -2.303281
v -0.856625 0.002484 -2.303648
v -0.848116 0.00737 -2.303262
v -0.853422 0.003376 -2.303641
v -0.85058 0.005093 -2.303628
v -0.846556 0.010362 -2.303239
v -0.853456 0.003458 -2.304067
v -0.856637 0.002573 -2.304074
v -0.850635 0.005163 -2.304055
v -0.859939 0.002573 -2.304074
v -0.84831 0.007509 -2.30361
v -0.848381 0.007561 -2.304036
v -0.859951 0.002484 -2.303648
v -0.863119 0.003458 -2.304067
v -0.846779 0.010443 -2.303587
v -0.846861 0.010475 -2.304014
v -0.863154 0.003376 -2.303641
v -0.865941 0.005163 -2.304054
v -0.865996 0.005093 -2.303628
v -0.868195 0.007562 -2.304036
v -0.868266 0.007509 -2.30361
v -0.869715 0.010475 -2.304014
v -0.86846 0.007371 -2.303262
v -0.869797 0.010443 -2.303587
v -0.870387 0.013688 -2.30399
v -0.87002 0.010362 -2.303239
v -0.870473 0.013678 -2.303563
v -0.870161 0.016961 -2.303965
v -0.87071 0.01366 -2.303214
v -0.870246 0.016976 -2.303538
v -0.869055 0.020053 -2.303942
v -0.870478 0.017021 -2.303189
v -0.869133 0.02009 -2.303514
v -0.867151 0.022734 -2.303921
v -0.869343 0.020195 -2.303165
v -0.867214 0.02279 -2.303494
v -0.864589 0.024805 -2.303906
v -0.867387 0.022948 -2.303144
v -0.864634 0.024875 -2.303478
v -0.86156 0.026112 -2.303896
v -0.864757 0.025074 -2.303128
v -0.861583 0.026192 -2.303468
v -0.858288 0.026559 -2.303892
v -0.861647 0.026416 -2.303117
v -0.858288 0.026642 -2.303465
v -0.855016 0.026112 -2.303896
v -0.858288 0.026875 -2.303114
v -0.854993 0.026192 -2.303468
v -0.851987 0.024805 -2.303906
v -0.854929 0.026416 -2.303118
v -0.851942 0.024875 -2.303478
v -0.849425 0.022734 -2.303921
v -0.851819 0.025074 -2.303128
v -0.849362 0.02279 -2.303493
v -0.847521 0.020053 -2.303942
v -0.849189 0.022948 -2.303144
v -0.847444 0.02009 -2.303515
v -0.846415 0.016961 -2.303965
v -0.847233 0.020195 -2.303165
v -0.84633 0.016976 -2.303538
v -0.846189 0.013688 -2.30399
v -0.846098 0.017021 -2.30319
v -0.846102 0.013679 -2.303563
v -0.845866 0.01366 -2.303215
v -0.858288 0.026559 -2.303892
v -0.855016 0.026411 -2.343427
v -0.858288 0.026858 -2.343424
v -0.855016 0.026112 -2.303896
v -0.86156 0.026112 -2.303896
v -0.851987 0.025104 -2.343437
v -0.86156 0.026411 -2.343427
v -0.851987 0.024805 -2.303906
v -0.864589 0.024805 -2.303906
v -0.849425 0.023034 -2.343452
v -0.864589 0.025104 -2.343437
v -0.849425 0.022734 -2.303921
v -0.867151 0.022734 -2.303921
v -0.84752 0.020353 -2.343473
v -0.867151 0.023033 -2.343453
v -0.847521 0.020053 -2.303942
v -0.869055 0.020053 -2.303942
v -0.846414 0.017261 -2.343496
v -0.869055 0.020353 -2.343473
v -0.846415 0.016961 -2.303965
v -0.870161 0.016961 -2.303965
v -0.846189 0.013987 -2.343521
v -0.870161 0.017261 -2.343497
v -0.846189 0.013688 -2.30399
v -0.870387 0.013688 -2.30399
v -0.846861 0.010774 -2.343546
v -0.870387 0.013987 -2.343521
v -0.846861 0.010475 -2.304014
v -0.869715 0.010475 -2.304014
v -0.848381 0.007861 -2.343568
v -0.869715 0.010774 -2.343546
v -0.848381 0.007561 -2.304036
v -0.868195 0.007562 -2.304036
v -0.850635 0.005463 -2.343586
v -0.868195 0.007861 -2.343568
v -0.850635 0.005163 -2.304055
v -0.865941 0.005163 -2.304054
v -0.853457 0.003758 -2.343599
v -0.865941 0.005463 -2.343585
v -0.853456 0.003458 -2.304067
v -0.863119 0.003458 -2.304067
v -0.856636 0.002873 -2.343606
v -0.863119 0.003758 -2.343599
v -0.856637 0.002573 -2.304074
v -0.859939 0.002573 -2.304074
v -0.859939 0.002872 -2.343606
v -0.858288 0.026858 -2.343424
v -0.854993 0.026498 -2.343853
v -0.858288 0.026948 -2.34385
v -0.855016 0.026411 -2.343427
v -0.86156 0.026411 -2.343427
v -0.851942 0.025181 -2.343863
v -0.851987 0.025104 -2.343437
v -0.861583 0.026498 -2.343853
v -0.864589 0.025104 -2.343437
v -0.849361 0.023096 -2.343879
v -0.849425 0.023034 -2.343452
v -0.864634 0.025181 -2.343863
v -0.867151 0.023033 -2.343453
v -0.847443 0.020396 -2.343899
v -0.84752 0.020353 -2.343473
v -0.867214 0.023096 -2.343879
v -0.869055 0.020353 -2.343473
v -0.84633 0.017282 -2.343923
v -0.846414 0.017261 -2.343496
v -0.869133 0.020396 -2.343899
v -0.870161 0.017261 -2.343497
v -0.846103 0.013985 -2.343948
v -0.846189 0.013987 -2.343521
v -0.870247 0.017281 -2.343924
v -0.870387 0.013987 -2.343521
v -0.846779 0.010749 -2.343972
v -0.846861 0.010774 -2.343546
v -0.870473 0.013984 -2.343948
v -0.869715 0.010774 -2.343546
v -0.84831 0.007815 -2.343995
v -0.848381 0.007861 -2.343568
v -0.869797 0.010749 -2.343972
v -0.868195 0.007861 -2.343568
v -0.85058 0.005399 -2.344013
v -0.850635 0.005463 -2.343586
v -0.868266 0.007815 -2.343995
v -0.865941 0.005463 -2.343585
v -0.853422 0.003682 -2.344026
v -0.853457 0.003758 -2.343599
v -0.865996 0.005399 -2.344013
v -0.863119 0.003758 -2.343599
v -0.856625 0.00279 -2.344033
v -0.856636 0.002873 -2.343606
v -0.863154 0.003682 -2.344027
v -0.859939 0.002872 -2.343606
v -0.859951 0.00279 -2.344033
v -0.866145 0.005219 -2.344363
v -0.863248 0.003469 -2.344377
v -0.859984 0.00256 -2.344383
v -0.856592 0.00256 -2.344384
v -0.853328 0.003469 -2.344377
v -0.85043 0.005219 -2.344363
v -0.856545 0.002216 -2.344621
v -0.848116 0.007681 -2.344345
v -0.853188 0.003151 -2.344614
v -0.850209 0.00495 -2.344601
v -0.846556 0.010673 -2.344323
v -0.853016 0.00276 -2.344704
v -0.856486 0.001794 -2.344711
v -0.849938 0.00462 -2.344689
v -0.86009 0.001794 -2.344711
v -0.847829 0.007482 -2.344581
v -0.847478 0.007236 -2.34467
v -0.860031 0.002216 -2.344621
v -0.863559 0.00276 -2.344703
v -0.846225 0.010558 -2.344559
v -0.84582 0.010415 -2.344646
v -0.863388 0.003151 -2.344614
v -0.866638 0.00462 -2.34469
v -0.866367 0.00495 -2.344601
v -0.869098 0.007236 -2.34467
v -0.868747 0.007482 -2.344581
v -0.870755 0.010415 -2.344646
v -0.86846 0.007681 -2.344345
v -0.87035 0.010557 -2.344558
v -0.871489 0.013921 -2.344619
v -0.87002 0.010673 -2.344322
v -0.87106 0.013949 -2.344532
v -0.871243 0.017492 -2.344592
v -0.87071 0.013971 -2.344297
v -0.870822 0.017405 -2.344506
v -0.870036 0.020866 -2.344566
v -0.870478 0.017332 -2.344272
v -0.869655 0.020669 -2.344482
v -0.867958 0.023791 -2.344544
v -0.869343 0.020506 -2.344248
v -0.867644 0.023499 -2.34446
v -0.865163 0.02605 -2.344527
v -0.867387 0.023259 -2.344227
v -0.86494 0.025685 -2.344444
v -0.861858 0.027476 -2.344516
v -0.864757 0.025385 -2.344211
v -0.861742 0.027065 -2.344434
v -0.858288 0.027964 -2.344512
v -0.861647 0.026727 -2.3442
v -0.858288 0.027536 -2.344429
v -0.854718 0.027476 -2.344517
v -0.858288 0.027186 -2.344198
v -0.854834 0.027065 -2.344433
v -0.851413 0.02605 -2.344527
v -0.854929 0.026727 -2.3442
v -0.851636 0.025685 -2.344444
v -0.848618 0.023791 -2.344544
v -0.851819 0.025385 -2.344211
v -0.848932 0.023499 -2.34446
v -0.84654 0.020866 -2.344567
v -0.849189 0.023259 -2.344227
v -0.846921 0.020669 -2.344482
v -0.845333 0.017492 -2.344593
v -0.847233 0.020506 -2.344248
v -0.845754 0.017405 -2.344507
v -0.845087 0.013921 -2.344619
v -0.846097 0.017332 -2.344272
v -0.845516 0.013949 -2.344532
v -0.845866 0.013971 -2.344298
v -0.858288 0.027964 -2.344512
v -0.853656 0.031243 -2.344487
v -0.858288 0.031875 -2.344483
v -0.854718 0.027476 -2.344517
v -0.861858 0.027476 -2.344516
v -0.849367 0.029392 -2.344502
v -0.86292 0.031243 -2.344488
v -0.851413 0.02605 -2.344527
v -0.865163 0.02605 -2.344527
v -0.845741 0.026461 -2.344524
v -0.867208 0.029392 -2.344502
v -0.848618 0.023791 -2.344544
v -0.867958 0.023791 -2.344544
v -0.843044 0.022665 -2.344553
v -0.870835 0.02646 -2.344524
v -0.84654 0.020866 -2.344567
v -0.870036 0.020866 -2.344566
v -0.841479 0.018288 -2.344586
v -0.873532 0.022665 -2.344553
v -0.845333 0.017492 -2.344593
v -0.871243 0.017492 -2.344592
v -0.84116 0.013654 -2.344621
v -0.875097 0.018288 -2.344586
v -0.845087 0.013921 -2.344619
v -0.871489 0.013921 -2.344619
v -0.842111 0.009105 -2.344655
v -0.875416 0.013654 -2.344621
v -0.84582 0.010415 -2.344646
v -0.870755 0.010415 -2.344646
v -0.844262 0.004981 -2.344687
v -0.874465 0.009105 -2.344656
v -0.847478 0.007236 -2.34467
v -0.869098 0.007236 -2.34467
v -0.847453 0.001586 -2.344712
v -0.872314 0.004981 -2.344687
v -0.849938 0.00462 -2.344689
v -0.866638 0.00462 -2.34469
v -0.851448 -0.000828 -2.344731
v -0.869123 0.001586 -2.344712
v -0.853016 0.00276 -2.344704
v -0.863559 0.00276 -2.344703
v -0.85595 -0.002081 -2.34474
v -0.865128 -0.000828 -2.344731
v -0.856486 0.001794 -2.344711
v -0.86009 0.001794 -2.344711
v -0.860626 -0.002081 -2.34474
v -0.928379 0.048025 -2.278553
v -0.928379 -0.109353 -2.338959
v -0.928379 0.049389 -2.304238
v -0.928379 -0.112949 -2.288044
v -0.927754 0.049698 -2.305065
v -0.920249 -0.102257 -2.338351
v -0.92025 0.042406 -2.306619
v -0.927754 -0.10955 -2.339904
v -0.919625 0.040879 -2.306051
v -0.919625 -0.104264 -2.287575
v -0.919625 0.03934 -2.279022
v -0.919625 -0.100844 -2.337146
v -0.920249 0.040836 -2.278936
v -0.928379 0.048025 -2.278553
v -0.927754 0.048282 -2.278535
v -0.927754 -0.113206 -2.288062
v -0.928379 -0.112949 -2.288044
v -0.919625 -0.104264 -2.287575
v -0.919625 0.03934 -2.279022
v -0.920249 -0.10576 -2.287661
v -0.927495 -0.113826 -2.288095
v -0.784184 -0.110219 -2.339158
v -0.927495 -0.110219 -2.339158
v -0.784184 -0.113826 -2.288095
v -0.927754 -0.10955 -2.339904
v -0.79143 -0.102257 -2.338351
v -0.920249 -0.102257 -2.338351
v -0.783925 -0.10955 -2.339905
v -0.918741 -0.10171 -2.337345
v -0.792938 -0.10514 -2.287627
v -0.918741 -0.10514 -2.287627
v -0.792938 -0.10171 -2.337345
v -0.920249 -0.10576 -2.287661
v -0.927495 -0.113826 -2.288095
v -0.927754 -0.113206 -2.288062
v -0.783925 -0.113206 -2.288062
v -0.784184 -0.113826 -2.288095
v -0.792938 -0.10514 -2.287627
v -0.918741 -0.10514 -2.287627
v -0.79143 -0.10576 -2.287661
v -0.783301 -0.112949 -2.288044
v -0.7833 0.049389 -2.304238
v -0.7833 -0.109353 -2.338959
v -0.7833 0.048025 -2.278553
v -0.783925 -0.10955 -2.339905
v -0.79143 0.042405 -2.306619
v -0.79143 -0.102257 -2.338351
v -0.783925 0.049698 -2.305065
v -0.792054 -0.100844 -2.337146
v -0.792054 0.03934 -2.279022
v -0.792054 -0.104264 -2.287575
v -0.792054 0.040879 -2.306051
v -0.79143 -0.10576 -2.287661
v -0.783301 -0.112949 -2.288044
v -0.783925 -0.113206 -2.288062
v -0.783925 0.048282 -2.278535
v -0.7833 0.048025 -2.278553
v -0.792054 0.03934 -2.279022
v -0.792054 -0.104264 -2.287575
v -0.79143 0.040836 -2.278936
v -0.784184 0.048902 -2.278502
v -0.927495 0.050259 -2.304059
v -0.784184 0.050259 -2.304059
v -0.927495 0.048901 -2.278501
v -0.783925 0.049698 -2.305065
v -0.92025 0.042406 -2.306619
v -0.79143 0.042405 -2.306619
v -0.927754 0.049698 -2.305065
v -0.792938 0.041748 -2.305872
v -0.918741 0.040216 -2.278969
v -0.792938 0.040216 -2.278969
v -0.918741 0.041748 -2.305872
v -0.79143 0.040836 -2.278936
v -0.784184 0.048902 -2.278502
v -0.783925 0.048282 -2.278535
v -0.927754 0.048282 -2.278535
v -0.927495 0.048901 -2.278501
v -0.918741 0.040216 -2.278969
v -0.792938 0.040216 -2.278969
v -0.920249 0.040836 -2.278936
v -0.927495 0.050259 -2.304059
v -0.928379 0.049389 -2.304238
v -0.927754 0.049698 -2.305065
v -0.92025 0.042406 -2.306619
v -0.919625 0.040879 -2.306051
v -0.918741 0.041748 -2.305872
v -0.920249 0.040836 -2.278936
v -0.918741 0.040216 -2.278969
v -0.919625 0.03934 -2.279022
v -0.928379 -0.112949 -2.288044
v -0.927754 -0.113206 -2.288062
v -0.927495 -0.113826 -2.288095
v -0.927754 -0.10955 -2.339904
v -0.928379 -0.109353 -2.338959
v -0.927495 -0.110219 -2.339158
v -0.919625 -0.100844 -2.337146
v -0.920249 -0.102257 -2.338351
v -0.918741 -0.10171 -2.337345
v -0.919625 -0.104264 -2.287575
v -0.918741 -0.10514 -2.287627
v -0.920249 -0.10576 -2.287661
v -0.784184 -0.113826 -2.288095
v -0.783925 -0.113206 -2.288062
v -0.783301 -0.112949 -2.288044
v -0.783925 -0.10955 -2.339905
v -0.784184 -0.110219 -2.339158
v -0.7833 -0.109353 -2.338959
v -0.792938 -0.10171 -2.337345
v -0.79143 -0.102257 -2.338351
v -0.792054 -0.100844 -2.337146
v -0.792938 -0.10514 -2.287627
v -0.792054 -0.104264 -2.287575
v -0.79143 -0.10576 -2.287661
v -0.784184 0.048902 -2.278502
v -0.7833 0.048025 -2.278553
v -0.783925 0.048282 -2.278535
v -0.784184 0.050259 -2.304059
v -0.783925 0.049698 -2.305065
v -0.7833 0.049389 -2.304238
v -0.79143 0.042405 -2.306619
v -0.792938 0.041748 -2.305872
v -0.792054 0.040879 -2.306051
v -0.792938 0.040216 -2.278969
v -0.79143 0.040836 -2.278936
v -0.792054 0.03934 -2.279022
v -0.928379 -0.109353 -2.338959
v -0.927495 -0.113826 -2.288095
v -0.927495 -0.110219 -2.339158
v -0.928379 -0.112949 -2.288044
v -0.928379 0.048025 -2.278553
v -0.927495 0.050259 -2.304059
v -0.927495 0.048901 -2.278501
v -0.928379 0.049389 -2.304238
v -0.928379 0.049389 -2.304238
v -0.927754 -0.10955 -2.339904
v -0.927754 0.049698 -2.305065
v -0.928379 -0.109353 -2.338959
v -0.92025 0.042406 -2.306619
v -0.919625 -0.100844 -2.337146
v -0.919625 0.040879 -2.306051
v -0.920249 -0.102257 -2.338351
v -0.919625 -0.104264 -2.287575
v -0.918741 -0.10171 -2.337345
v -0.918741 -0.10514 -2.287627
v -0.919625 -0.100844 -2.337146
v -0.919625 0.040879 -2.306051
v -0.918741 0.040216 -2.278969
v -0.918741 0.041748 -2.305872
v -0.919625 0.03934 -2.279022
v -0.784184 -0.110219 -2.339158
v -0.783301 -0.112949 -2.288044
v -0.7833 -0.109353 -2.338959
v -0.784184 -0.113826 -2.288095
v -0.927495 -0.110219 -2.339158
v -0.783925 -0.10955 -2.339905
v -0.927754 -0.10955 -2.339904
v -0.784184 -0.110219 -2.339158
v -0.920249 -0.102257 -2.338351
v -0.792938 -0.10171 -2.337345
v -0.918741 -0.10171 -2.337345
v -0.79143 -0.102257 -2.338351
v -0.792938 -0.10514 -2.287627
v -0.792054 -0.100844 -2.337146
v -0.792054 -0.104264 -2.287575
v -0.792938 -0.10171 -2.337345
v -0.7833 0.049389 -2.304238
v -0.784184 0.048902 -2.278502
v -0.784184 0.050259 -2.304059
v -0.7833 0.048025 -2.278553
v -0.7833 -0.109353 -2.338959
v -0.783925 0.049698 -2.305065
v -0.783925 -0.10955 -2.339905
v -0.7833 0.049389 -2.304238
v -0.79143 -0.102257 -2.338351
v -0.792054 0.040879 -2.306051
v -0.792054 -0.100844 -2.337146
v -0.79143 0.042405 -2.306619
v -0.792054 0.03934 -2.279022
v -0.792938 0.041748 -2.305872
v -0.792938 0.040216 -2.278969
v -0.792054 0.040879 -2.306051
v -0.784184 0.050259 -2.304059
v -0.927754 0.049698 -2.305065
v -0.783925 0.049698 -2.305065
v -0.927495 0.050259 -2.304059
v -0.79143 0.042405 -2.306619
v -0.918741 0.041748 -2.305872
v -0.792938 0.041748 -2.305872
v -0.92025 0.042406 -2.306619
vt 0.02264 0.99980002642
vt 0.02263 1.0002399683
vt 0.02264 0.99993002415
vt 0.01034 0.92123002
vt 0.0146 0.996089995
vt 0.01661 0.9957399964
vt 0.00833 0.92158002
vt 0.0104 0.919939995
vt 0.01466 0.9947999716
vt 0.00839 0.92028999
vt 0.01667 0.994449973
vt 0.01034 0.92123002
vt 0.00839 0.92028999
vt 0.00833 0.92158002
vt 0.0104 0.919939995
vt 0.00833 0.92158002
vt 0.01466 0.9947999716
vt 0.0146 0.996089995
vt 0.00839 0.92028999
vt 0.0146 0.996089995
vt 0.01667 0.994449973
vt 0.01661 0.9957399964
vt 0.01466 0.9947999716
vt 0.01661 0.9957399964
vt 0.0104 0.919939995
vt 0.01034 0.92123002
vt 0.01667 0.994449973
vt -0.00001 0.988269985
vt 0.00003 0.988120019
vt 0.00001 0.9884899855
vt 0.00001 0.987909973
vt 0.00001 0.987999976
vt 0.00008 0.987119973
vt 0.00006 0.986930013
vt 0.00003 0.988210022
vt 0.00005 0.987100005
vt 0.00016 0.98556
vt 0.00014 0.985409975
vt 0.00007 0.987290025
vt 0.00013 0.985660017
vt 0.00026 0.983560026
vt 0.00023 0.983470023
vt 0.00015 0.985809982
vt 0.00022 0.98376
vt 0.00038 0.981280029
vt 0.00035 0.981239974
vt 0.00025 0.98387003
vt 0.00033 0.981559992
vt 0.0005 0.978869975
vt 0.00047 0.978890002
vt 0.00036 0.98161
vt 0.00045 0.979219973
vt 0.00062 0.976520002
vt 0.00058 0.976599991
vt 0.00048 0.97921002
vt 0.00057 0.976909995
vt 0.00072 0.974399984
vt 0.00069 0.974529982
vt 0.0006 0.976849973
vt 0.00068 0.97479999
vt 0.00081 0.972679973
vt 0.00077 0.972840011
vt 0.00071 0.974680007
vt 0.00076 0.973049998
vt 0.00087 0.971459985
vt 0.00083 0.971660018
vt 0.0008 0.97289002
vt 0.00083 0.971790016
vt 0.0009 0.970860004
vt 0.00086 0.971069992
vt 0.00087 0.971599996
vt 0.00086 0.97112
vt 0.0009 0.970910013
vt 0.00089 0.972769976
vt 0.00096 0.971449971
vt 0.00099 0.97074002
vt 0.001 0.970690012
vt 0.00096 0.97131002
vt 0.0009 0.972549975
vt 0.00112 0.970589995
vt 0.00081 0.97430998
vt 0.00109 0.971210003
vt 0.00103 0.972459972
vt 0.0007 0.976469994
vt 0.00124 0.971189976
vt 0.00128 0.970560014
vt 0.00118 0.972450018
vt 0.00127 0.970610023
vt 0.00094 0.974250019
vt 0.00109 0.974240005
vt 0.00112 0.97062999
vt 0.00124 0.971329987
vt 0.00083 0.976440012
vt 0.00098 0.976440012
vt 0.00108 0.971350014
vt 0.00117 0.972670019
vt 0.00102 0.972689986
vt 0.00108 0.974529982
vt 0.00092 0.974539995
vt 0.00096 0.976769984
vt 0.0008 0.974590003
vt 0.00081 0.976769984
vt 0.00084 0.979229987
vt 0.00069 0.976800025
vt 0.00069 0.979219973
vt 0.00071 0.981729984
vt 0.00056 0.97921002
vt 0.00056 0.981700003
vt 0.00059 0.984070003
vt 0.00044 0.981660008
vt 0.00045 0.984030008
vt 0.00049 0.986079991
vt 0.00033 0.983959973
vt 0.00034 0.986039996
vt 0.00041 0.987619996
vt 0.00022 0.98593998
vt 0.00027 0.987569988
vt 0.00037 0.9885799885
vt 0.00015 0.987450004
vt 0.00022 0.988520026
vt 0.00035 0.988870025
vt 0.0001 0.9883900285
vt 0.0002 0.988810003
vt 0.00037 0.988479972
vt 0.00009 0.988680005
vt 0.00022 0.98842001
vt 0.00042 0.98743999
vt 0.0001 0.988300025
vt 0.00027 0.987389982
vt 0.0005 0.985819995
vt 0.00016 0.987269998
vt 0.00035 0.985780001
vt 0.00061 0.983749986
vt 0.00024 0.985689998
vt 0.00046 0.983720005
vt 0.00073 0.981379986
vt 0.00034 0.983650029
vt 0.00058 0.981360018
vt 0.00085 0.978879988
vt 0.00046 0.981320024
vt 0.0007 0.978869975
vt 0.00058 0.978869975
vt 0.00035 0.988870025
vt 0.01425 0.989939988
vt 0.01423 0.990329981
vt 0.00037 0.988479972
vt 0.00037 0.9885799885
vt 0.0143 0.988900006
vt 0.01424 0.990029991
vt 0.00042 0.98743999
vt 0.00041 0.987619996
vt 0.01438 0.987280011
vt 0.01429 0.989080012
vt 0.0005 0.985819995
vt 0.00049 0.986079991
vt 0.01448 0.9852100015
vt 0.01437 0.987540007
vt 0.00061 0.983749986
vt 0.00059 0.984070003
vt 0.0146 0.982840002
vt 0.01447 0.985530019
vt 0.00073 0.981379986
vt 0.00071 0.981729984
vt 0.01473 0.980340004
vt 0.01459 0.983179986
vt 0.00085 0.978879988
vt 0.00084 0.979229987
vt 0.01486 0.977900028
vt 0.01472 0.980690002
vt 0.00098 0.976440012
vt 0.00096 0.976769984
vt 0.01497 0.97570002
vt 0.01484 0.97823
vt 0.00109 0.974240005
vt 0.00108 0.974529982
vt 0.01506 0.97390002
vt 0.01495 0.975989997
vt 0.00118 0.972450018
vt 0.00117 0.972670019
vt 0.01512 0.972649992
vt 0.01505 0.974129975
vt 0.00124 0.971189976
vt 0.00124 0.971329987
vt 0.01515 0.97201997
vt 0.01512 0.972790003
vt 0.00128 0.970560014
vt 0.00127 0.970610023
vt 0.01515 0.972069979
vt 0.01423 0.990329981
vt 0.0144 0.9899100065
vt 0.01438 0.9903
vt 0.01425 0.989939988
vt 0.01424 0.990029991
vt 0.01445 0.988879979
vt 0.0143 0.988900006
vt 0.01439 0.990010023
vt 0.01429 0.989080012
vt 0.01453 0.987269998
vt 0.01438 0.987280011
vt 0.01444 0.989059985
vt 0.01437 0.987540007
vt 0.01464 0.9852100015
vt 0.01448 0.9852100015
vt 0.01452 0.987529993
vt 0.01447 0.985530019
vt 0.01476 0.982840002
vt 0.0146 0.982840002
vt 0.01462 0.985520005
vt 0.01459 0.983179986
vt 0.01488 0.980359972
vt 0.01473 0.980340004
vt 0.01474 0.98319
vt 0.01472 0.980690002
vt 0.015 0.97793001
vt 0.01486 0.977900028
vt 0.01487 0.98071003
vt 0.01484 0.97823
vt 0.01512 0.975740016
vt 0.01497 0.97570002
vt 0.01499 0.97825998
vt 0.01495 0.975989997
vt 0.0152 0.973950028
vt 0.01506 0.97390002
vt 0.0151 0.976029992
vt 0.01505 0.974129975
vt 0.01527 0.9727
vt 0.01512 0.972649992
vt 0.01519 0.974179983
vt 0.01512 0.972790003
vt 0.0153 0.972079992
vt 0.01515 0.97201997
vt 0.01526 0.972840011
vt 0.01515 0.972069979
vt 0.0153 0.972119987
vt 0.01531 0.97428
vt 0.01538 0.972959995
vt 0.01541 0.972249985
vt 0.01542 0.97220999
vt 0.01539 0.972819984
vt 0.01532 0.974059999
vt 0.01549 0.972389996
vt 0.01523 0.975820005
vt 0.01546 0.97299999
vt 0.0154 0.974210024
vt 0.01512 0.977980018
vt 0.01548 0.973200023
vt 0.01551 0.972609997
vt 0.01542 0.974380016
vt 0.01551 0.972649992
vt 0.01531 0.97593999
vt 0.01534 0.976069987
vt 0.01549 0.972440004
vt 0.01547 0.97333002
vt 0.0152 0.978060007
vt 0.01523 0.978129983
vt 0.01545 0.973129988
vt 0.01541 0.974590003
vt 0.01539 0.974430025
vt 0.01532 0.976339996
vt 0.0153 0.976220012
vt 0.01522 0.97845
vt 0.01522 0.976109982
vt 0.01519 0.978380024
vt 0.0151 0.980759978
vt 0.01511 0.978309989
vt 0.01507 0.980750024
vt 0.01498 0.983099997
vt 0.01499 0.980729997
vt 0.01495 0.983150005
vt 0.01487 0.9853000045
vt 0.01486 0.983179986
vt 0.01483 0.985400021
vt 0.01477 0.987190008
vt 0.01475 0.9854800105
vt 0.01474 0.987339973
vt 0.0147 0.98864001
vt 0.01465 0.987460017
vt 0.01466 0.98882997
vt 0.01465 0.989539981
vt 0.01457 0.988969982
vt 0.01461 0.989740014
vt 0.01464 0.98980999
vt 0.01452 0.989899993
vt 0.0146 0.990019977
vt 0.01466 0.989449978
vt 0.01451 0.990190029
vt 0.01462 0.989650011
vt 0.01471 0.988470018
vt 0.01453 0.98980999
vt 0.01467 0.988650024
vt 0.01479 0.98694998
vt 0.01458 0.988789976
vt 0.01475 0.987089992
vt 0.01488 0.985000014
vt 0.01466 0.987200022
vt 0.01485 0.985099971
vt 0.015 0.982770026
vt 0.01476 0.985170007
vt 0.01496 0.98281002
vt 0.01511 0.980430007
vt 0.01488 0.982829988
vt 0.01508 0.980400026
vt 0.015 0.980379999
vt 0.01464 0.98980999
vt 0.01476 0.98755002
vt 0.01474 0.987829983
vt 0.01466 0.989449978
vt 0.01465 0.989539981
vt 0.01479 0.986800015
vt 0.01475 0.987619996
vt 0.01471 0.988470018
vt 0.0147 0.98864001
vt 0.01485 0.985629976
vt 0.01479 0.986930013
vt 0.01479 0.98694998
vt 0.01477 0.987190008
vt 0.01493 0.984130025
vt 0.01484 0.985809982
vt 0.01488 0.985000014
vt 0.01487 0.9853000045
vt 0.01501 0.982410014
vt 0.01492 0.98435998
vt 0.015 0.982770026
vt 0.01498 0.983099997
vt 0.0151 0.9806
vt 0.015 0.982659996
vt 0.01511 0.980430007
vt 0.0151 0.980759978
vt 0.01519 0.97882998
vt 0.01509 0.980859995
vt 0.01523 0.978129983
vt 0.01522 0.97845
vt 0.01528 0.977240026
vt 0.01518 0.979080021
vt 0.01534 0.976069987
vt 0.01532 0.976339996
vt 0.01534 0.97593999
vt 0.01527 0.977450013
vt 0.01542 0.974380016
vt 0.01541 0.974590003
vt 0.01539 0.975030005
vt 0.01533 0.976100028
vt 0.01548 0.973200023
vt 0.01547 0.97333002
vt 0.01541 0.974569976
vt 0.01538 0.975130022
vt 0.01551 0.972609997
vt 0.01551 0.972649992
vt 0.01541 0.974609971
vt 0.01474 0.987829983
vt 0.01474 0.987339973
vt 0.01472 0.9876099825
vt 0.01476 0.98755002
vt 0.01475 0.987619996
vt 0.01477 0.986609995
vt 0.01479 0.986800015
vt 0.01473 0.987410009
vt 0.01479 0.986930013
vt 0.01483 0.9854800105
vt 0.01485 0.985629976
vt 0.01477 0.986739993
vt 0.01484 0.985809982
vt 0.0149 0.984030008
vt 0.01493 0.984130025
vt 0.01482 0.985660017
vt 0.01492 0.98435998
vt 0.01499 0.982370019
vt 0.01501 0.982410014
vt 0.01489 0.984250009
vt 0.015 0.982659996
vt 0.01508 0.980620027
vt 0.0151 0.9806
vt 0.01498 0.982609987
vt 0.01509 0.980859995
vt 0.01516 0.978910029
vt 0.01519 0.97882998
vt 0.01506 0.980859995
vt 0.01518 0.979080021
vt 0.01524 0.977370024
vt 0.01528 0.977240026
vt 0.01515 0.979139984
vt 0.01527 0.977450013
vt 0.0153 0.976109982
vt 0.01534 0.97593999
vt 0.01523 0.977569997
vt 0.01533 0.976100028
vt 0.01535 0.975229979
vt 0.01539 0.975030005
vt 0.0153 0.97627002
vt 0.01538 0.975130022
vt 0.01537 0.974789977
vt 0.01541 0.974569976
vt 0.01534 0.975329995
vt 0.01541 0.974609971
vt 0.01537 0.974820018
vt 0.01521 0.976390004
vt 0.01525 0.97548002
vt 0.01528 0.97499001
vt 0.01528 0.974950016
vt 0.01526 0.975380003
vt 0.01521 0.97623998
vt 0.01515 0.975059986
vt 0.01515 0.977460027
vt 0.01513 0.97548002
vt 0.01509 0.976320028
vt 0.01508 0.978959978
vt 0.01498 0.975499988
vt 0.015 0.975090027
vt 0.01493 0.976339996
vt 0.015 0.975120008
vt 0.01503 0.977519989
vt 0.01487 0.977530003
vt 0.01515 0.975090027
vt 0.01497 0.975600004
vt 0.01495 0.978990018
vt 0.0148 0.978990018
vt 0.01512 0.975570023
vt 0.01493 0.97649002
vt 0.01508 0.976469994
vt 0.01486 0.977720022
vt 0.01502 0.977710009
vt 0.01479 0.97921002
vt 0.01514 0.97766
vt 0.01494 0.97921002
vt 0.01471 0.980840027
vt 0.01507 0.979189992
vt 0.01486 0.980859995
vt 0.01462 0.982500017
vt 0.01498 0.980859995
vt 0.01477 0.982519984
vt 0.01455 0.984049976
vt 0.01489 0.982559979
vt 0.01469 0.98408997
vt 0.01448 0.9853900075
vt 0.01481 0.984160006
vt 0.01463 0.985430002
vt 0.01443 0.986410022
vt 0.01474 0.985530019
vt 0.01457 0.9864599705
vt 0.01439 0.987039983
vt 0.01469 0.986580014
vt 0.01454 0.987100005
vt 0.01438 0.987240016
vt 0.01466 0.987230003
vt 0.01453 0.987299979
vt 0.0144 0.986980021
vt 0.01465 0.987429976
vt 0.01454 0.987039983
vt 0.01443 0.986289978
vt 0.01466 0.987160027
vt 0.01458 0.986339986
vt 0.01448 0.985220015
vt 0.0147 0.9864500165
vt 0.01463 0.98526001
vt 0.01455 0.983839989
vt 0.01475 0.985350013
vt 0.0147 0.983879983
vt 0.01463 0.982270002
vt 0.01482 0.983940005
vt 0.01478 0.98229003
vt 0.01472 0.980610013
vt 0.01491 0.982330024
vt 0.01487 0.980620027
vt 0.01499 0.980620027
vt 0.01438 0.987240016
vt 0.00052 0.985520005
vt 0.00051 0.985780001
vt 0.0144 0.986980021
vt 0.01439 0.987039983
vt 0.00055 0.984830022
vt 0.00052 0.985580027
vt 0.01443 0.986289978
vt 0.01443 0.986410022
vt 0.00061 0.98376
vt 0.00055 0.984950006
vt 0.01448 0.985220015
vt 0.01448 0.9853900075
vt 0.00068 0.982379973
vt 0.0006 0.983929992
vt 0.01455 0.983839989
vt 0.01455 0.984049976
vt 0.00076 0.980809987
vt 0.00067 0.98259002
vt 0.01463 0.982270002
vt 0.01462 0.982500017
vt 0.00084 0.979149997
vt 0.00075 0.98104
vt 0.01472 0.980610013
vt 0.01471 0.980840027
vt 0.00092 0.977530003
vt 0.00083 0.979390025
vt 0.0148 0.978990018
vt 0.01479 0.97921002
vt 0.001 0.976069987
vt 0.00091 0.977750003
vt 0.01487 0.977530003
vt 0.01486 0.977720022
vt 0.00106 0.97487998
vt 0.00099 0.976260006
vt 0.01493 0.976339996
vt 0.01493 0.97649002
vt 0.0011 0.974039972
vt 0.00105 0.975030005
vt 0.01498 0.975499988
vt 0.01497 0.975600004
vt 0.00112 0.973630011
vt 0.00109 0.974139988
vt 0.015 0.975090027
vt 0.015 0.975120008
vt 0.00112 0.973659992
vt 0.00051 0.985780001
vt 0.00037 0.985549986
vt 0.00035 0.985809982
vt 0.00052 0.985520005
vt 0.00052 0.985580027
vt 0.0004 0.984849989
vt 0.00055 0.984830022
vt 0.00036 0.985610008
vt 0.00055 0.984950006
vt 0.00046 0.983770013
vt 0.00061 0.98376
vt 0.0004 0.984969974
vt 0.0006 0.983929992
vt 0.00053 0.982389987
vt 0.00068 0.982379973
vt 0.00045 0.983950019
vt 0.00067 0.98259002
vt 0.00061 0.980799973
vt 0.00076 0.980809987
vt 0.00052 0.982599974
vt 0.00075 0.98104
vt 0.00069 0.97913003
vt 0.00084 0.979149997
vt 0.0006 0.981029987
vt 0.00083 0.979390025
vt 0.00077 0.977500021
vt 0.00092 0.977530003
vt 0.00068 0.979369998
vt 0.00091 0.977750003
vt 0.00085 0.976029992
vt 0.001 0.976069987
vt 0.00076 0.977720022
vt 0.00099 0.976260006
vt 0.00091 0.974829972
vt 0.00106 0.97487998
vt 0.00084 0.976220012
vt 0.00105 0.975030005
vt 0.00095 0.973990023
vt 0.0011 0.974039972
vt 0.0009 0.974979997
vt 0.00109 0.974139988
vt 0.00097 0.97356999
vt 0.00112 0.973630011
vt 0.00095 0.974080026
vt 0.00112 0.973659992
vt 0.00097 0.97359997
vt 0.00078 0.97487998
vt 0.00083 0.973959982
vt 0.00085 0.973469973
vt 0.00086 0.973439991
vt 0.00083 0.97386998
vt 0.00079 0.974720001
vt 0.00078 0.973249972
vt 0.00073 0.975950003
vt 0.00076 0.973689973
vt 0.00071 0.97457999
vt 0.00065 0.977450013
vt 0.00074 0.97349
vt 0.00076 0.973039985
vt 0.00069 0.974399984
vt 0.00076 0.973070025
vt 0.00065 0.975830019
vt 0.00063 0.97570002
vt 0.00078 0.973290026
vt 0.00074 0.973590016
vt 0.00057 0.977370024
vt 0.00055 0.977289975
vt 0.00075 0.97378999
vt 0.00069 0.974569976
vt 0.00071 0.974730015
vt 0.00062 0.975910008
vt 0.00064 0.976040006
vt 0.00054 0.977540016
vt 0.00072 0.976140022
vt 0.00056 0.977609992
vt 0.00045 0.97931999
vt 0.00064 0.977670014
vt 0.00048 0.979330003
vt 0.00035 0.98111999
vt 0.00056 0.97934997
vt 0.00039 0.981079996
vt 0.00027 0.982819974
vt 0.00047 0.981050014
vt 0.0003 0.982720017
vt 0.0002 0.98427999
vt 0.00039 0.982640028
vt 0.00023 0.984130025
vt 0.00014 0.9853900075
vt 0.00032 0.984009981
vt 0.00018 0.9852100015
vt 0.0001 0.986079991
vt 0.00027 0.985059977
vt 0.00014 0.985880017
vt 0.00009 0.986289978
vt 0.00024 0.985710025
vt 0.00013 0.986079991
vt 0.00011 0.986010015
vt 0.00022 0.985909998
vt 0.00015 0.985809982
vt 0.00014 0.98526001
vt 0.00024 0.985650003
vt 0.00018 0.985080004
vt 0.0002 0.98408997
vt 0.00027 0.984939992
vt 0.00024 0.983950019
vt 0.00028 0.98259002
vt 0.00033 0.983839989
vt 0.00031 0.982500017
vt 0.00037 0.980870008
vt 0.0004 0.982429981
vt 0.0004 0.980830014
vt 0.00046 0.979059994
vt 0.00048 0.980809987
vt 0.00049 0.979080021
vt 0.00057 0.979110003
vt 0.00009 0.986289978
vt 0.00001 0.987909973
vt -0.00001 0.988269985
vt 0.00011 0.986010015
vt 0.0001 0.986079991
vt 0.00006 0.986930013
vt 0.00001 0.987999976
vt 0.00014 0.98526001
vt 0.00014 0.9853900075
vt 0.00014 0.985409975
vt 0.00005 0.987100005
vt 0.0002 0.98408997
vt 0.0002 0.98427999
vt 0.00023 0.983470023
vt 0.00013 0.985660017
vt 0.00028 0.98259002
vt 0.00027 0.982819974
vt 0.00035 0.981239974
vt 0.00022 0.98376
vt 0.00037 0.980870008
vt 0.00035 0.98111999
vt 0.00047 0.978890002
vt 0.00033 0.981559992
vt 0.00046 0.979059994
vt 0.00045 0.97931999
vt 0.00058 0.976599991
vt 0.00045 0.979219973
vt 0.00055 0.977289975
vt 0.00054 0.977540016
vt 0.00069 0.974529982
vt 0.00057 0.976909995
vt 0.00063 0.97570002
vt 0.00062 0.975910008
vt 0.00077 0.972840011
vt 0.00068 0.97479999
vt 0.00069 0.974399984
vt 0.00069 0.974569976
vt 0.00083 0.971660018
vt 0.00076 0.973049998
vt 0.00074 0.97349
vt 0.00074 0.973590016
vt 0.00086 0.971069992
vt 0.00083 0.971790016
vt 0.00076 0.973039985
vt 0.00076 0.973070025
vt 0.00086 0.97112
vt 0.02264 0.99980002642
vt 0.00589 0.91777003
vt 0.01359 0.99945002794
vt 0.02385 0.91803002
vt 0.01329 0.9995599985
vt 0.00591 0.92131001
vt 0.01295 0.9957399964
vt 0.00556 0.91763002
vt 0.0132 0.994989991
vt 0.02378 0.92234999
vt 0.02272 0.9953100085
vt 0.00629 0.92206001
vt 0.02271 0.9960700274
vt 0.02264 0.99980002642
vt 0.02264 0.99993002415
vt 0.02386 0.91789001
vt 0.02385 0.91803002
vt 0.02378 0.92234999
vt 0.02272 0.9953100085
vt 0.02379 0.921599984
vt 0.02386 0.917569995
vt 0.00591 0.91592997
vt 0.00584 0.91732001
vt 0.02392 0.916180015
vt 0.00556 0.91763002
vt 0.00596 0.920050025
vt 0.00591 0.92131001
vt 0.00562 0.91623002
vt 0.00624 0.92161
vt 0.02384 0.92067999
vt 0.02378 0.921899974
vt 0.0063 0.92039001
vt 0.02379 0.921599984
vt 0.02386 0.917569995
vt 0.02386 0.91789001
vt 0.02392 0.91649002
vt 0.02392 0.916180015
vt 0.02384 0.92067999
vt 0.02378 0.921899974
vt 0.02384 0.920350015
vt 0.02392 0.916620016
vt 0.01365 0.9980400205
vt 0.00595 0.91636002
vt 0.0227 0.9983900189
vt 0.00562 0.91623002
vt 0.01301 0.9944900274
vt 0.00596 0.920050025
vt 0.01335 0.9981700182
vt 0.00634 0.92082
vt 0.02278 0.9940699935
vt 0.02383 0.921109974
vt 0.01325 0.993749976
vt 0.02384 0.920350015
vt 0.02392 0.916620016
vt 0.02392 0.91649002
vt 0.0227 0.9985299706
vt 0.0227 0.9983900189
vt 0.02278 0.9940699935
vt 0.02383 0.921109974
vt 0.02276 0.9948199987
vt 0.02269 0.998849988
vt 0.01363 0.99989002943
vt 0.01369 0.9984899759
vt 0.02263 1.0002399683
vt 0.01335 0.9981700182
vt 0.01295 0.9957399964
vt 0.01301 0.9944900274
vt 0.01329 0.9995599985
vt 0.01329 0.994199991
vt 0.02272 0.9957399964
vt 0.02277 0.9945200086
vt 0.01323 0.995419979
vt 0.02276 0.9948199987
vt 0.02269 0.998849988
vt 0.0227 0.9985299706
vt 0.02264 0.99993002415
vt 0.02263 1.0002399683
vt 0.02272 0.9957399964
vt 0.02277 0.9945200086
vt 0.02271 0.9960700274
vt 0.01363 0.99989002943
vt 0.01359 0.99945002794
vt 0.01329 0.9995599985
vt 0.01295 0.9957399964
vt 0.0132 0.994989991
vt 0.01323 0.995419979
vt 0.02271 0.9960700274
vt 0.02272 0.9957399964
vt 0.02272 0.9953100085
vt 0.02385 0.91803002
vt 0.02386 0.91789001
vt 0.02386 0.917569995
vt 0.00556 0.91763002
vt 0.00589 0.91777003
vt 0.00584 0.91732001
vt 0.00629 0.92206001
vt 0.00591 0.92131001
vt 0.00624 0.92161
vt 0.02378 0.92234999
vt 0.02378 0.921899974
vt 0.02379 0.921599984
vt 0.02392 0.916180015
vt 0.02392 0.91649002
vt 0.02392 0.916620016
vt 0.00562 0.91623002
vt 0.00591 0.91592997
vt 0.00595 0.91636002
vt 0.0063 0.92039001
vt 0.00596 0.920050025
vt 0.00634 0.92082
vt 0.02384 0.92067999
vt 0.02383 0.921109974
vt 0.02384 0.920350015
vt 0.02269 0.998849988
vt 0.0227 0.9983900189
vt 0.0227 0.9985299706
vt 0.01369 0.9984899759
vt 0.01335 0.9981700182
vt 0.01365 0.9980400205
vt 0.01301 0.9944900274
vt 0.01329 0.994199991
vt 0.01325 0.993749976
vt 0.02277 0.9945200086
vt 0.02276 0.9948199987
vt 0.02278 0.9940699935
vt 0.00589 0.91777003
vt 0.02386 0.917569995
vt 0.00584 0.91732001
vt 0.02385 0.91803002
vt 0.02264 0.99980002642
vt 0.01363 0.99989002943
vt 0.02263 1.0002399683
vt 0.01359 0.99945002794
vt 0.01359 0.99945002794
vt 0.00556 0.91763002
vt 0.01329 0.9995599985
vt 0.00589 0.91777003
vt 0.01295 0.9957399964
vt 0.00629 0.92206001
vt 0.0132 0.994989991
vt 0.00591 0.92131001
vt 0.02378 0.92234999
vt 0.00624 0.92161
vt 0.02378 0.921899974
vt 0.00629 0.92206001
vt 0.0132 0.994989991
vt 0.02272 0.9957399964
vt 0.01323 0.995419979
vt 0.02272 0.9953100085
vt 0.00591 0.91592997
vt 0.02392 0.916620016
vt 0.00595 0.91636002
vt 0.02392 0.916180015
vt 0.00584 0.91732001
vt 0.00562 0.91623002
vt 0.00556 0.91763002
vt 0.00591 0.91592997
vt 0.00591 0.92131001
vt 0.0063 0.92039001
vt 0.00624 0.92161
vt 0.00596 0.920050025
vt 0.02384 0.92067999
vt 0.00634 0.92082
vt 0.02383 0.921109974
vt 0.0063 0.92039001
vt 0.01365 0.9980400205
vt 0.02269 0.998849988
vt 0.01369 0.9984899759
vt 0.0227 0.9983900189
vt 0.00595 0.91636002
vt 0.01335 0.9981700182
vt 0.00562 0.91623002
vt 0.01365 0.9980400205
vt 0.00596 0.920050025
vt 0.01325 0.993749976
vt 0.00634 0.92082
vt 0.01301 0.9944900274
vt 0.02278 0.9940699935
vt 0.01329 0.994199991
vt 0.02277 0.9945200086
vt 0.01325 0.993749976
vt 0.01369 0.9984899759
vt 0.01329 0.9995599985
vt 0.01335 0.9981700182
vt 0.01363 0.99989002943
vt 0.01301 0.9944900274
vt 0.01323 0.995419979
vt 0.01329 0.994199991
vt 0.01295 0.9957399964
vn -0.0089 -0.9987 -0.0502
vn -0.0088 -0.9987 -0.0496
vn -0.0088 -0.9988 -0.0492
vn -1 0 0
vn -1 0 0
vn -1 0 0
vn -1 0 0
vn 1 0 -0
vn 1 0 -0
vn 1 0 -0.0001
vn 1 0 -0
vn 0 0.1996 -0.9799
vn -0.0001 0.1996 -0.9799
vn 0 0.1996 -0.9799
vn -0.0001 0.1996 -0.9799
vn 0 0.9799 0.1996
vn 0 0.9799 0.1996
vn 0 0.9799 0.1996
vn 0 0.9799 0.1996
vn 0 -0.1995 0.9799
vn -0 -0.1996 0.9799
vn 0 -0.1995 0.9799
vn -0 -0.1996 0.9799
vn 0 -0.9799 -0.1996
vn 0 -0.9799 -0.1996
vn 0 -0.9799 -0.1996
vn 0 -0.9799 -0.1996
vn -0 0.9788 0.2048
vn 0.1087 0.9133 0.3925
vn 0 0.9133 0.4073
vn 0.0535 0.9789 0.1972
vn -0.0536 0.9788 0.1978
vn 0.2093 0.9133 0.3493
vn 0.1033 0.9789 0.1764
vn -0.1087 0.9134 0.3922
vn -0.1038 0.9787 0.1769
vn 0.2942 0.9139 0.2798
vn 0.1456 0.979 0.1429
vn -0.2095 0.9131 0.3497
vn -0.1454 0.979 0.1429
vn 0.3577 0.914 0.1912
vn 0.1772 0.9792 0.0987
vn -0.2939 0.914 0.2798
vn -0.1773 0.9792 0.0991
vn 0.3943 0.9147 0.0885
vn 0.1954 0.9795 0.0479
vn -0.3578 0.914 0.1911
vn -0.1953 0.9796 0.0477
vn 0.4012 0.9158 -0.0206
vn 0.1981 0.9802 -0.0059
vn -0.3938 0.915 0.0883
vn -0.1976 0.9803 -0.0059
vn 0.379 0.9167 -0.1267
vn 0.1866 0.9807 -0.0585
vn -0.4017 0.9156 -0.0202
vn -0.1887 0.9802 -0.0597
vn 0.3292 0.9173 -0.224
vn 0.1624 0.981 -0.1064
vn -0.38 0.9161 -0.1276
vn -0.1623 0.9811 -0.1057
vn 0.2541 0.9184 -0.3032
vn 0.1261 0.9812 -0.1463
vn -0.3288 0.9176 -0.2234
vn -0.1261 0.9811 -0.1468
vn 0.1607 0.9186 -0.361
vn 0.0797 0.9813 -0.1755
vn -0.2543 0.9183 -0.3034
vn -0.0797 0.9814 -0.1748
vn 0.0548 0.9195 -0.3892
vn 0.0272 0.9816 -0.1888
vn -0.1607 0.9186 -0.3609
vn -0.0272 0.9818 -0.188
vn -0.0548 0.9195 -0.3893
vn -0.4536 0.7024 -0.5485
vn -0.2867 0.7033 -0.6505
vn -0.0979 0.7043 -0.7031
vn 0.098 0.7047 -0.7027
vn 0.2866 0.7031 -0.6508
vn 0.4535 0.7025 -0.5485
vn 0.1268 0.3872 -0.9132
vn 0.587 0.7002 -0.4064
vn 0.3707 0.3861 -0.8447
vn 0.5862 0.3848 -0.713
vn 0.6763 0.6987 -0.2333
vn 0.3926 0.2049 -0.8966
vn 0.1343 0.2054 -0.9694
vn 0.6209 0.2035 -0.757
vn -0.1343 0.2056 -0.9694
vn 0.7577 0.383 -0.5285
vn 0.8026 0.2015 -0.5615
vn -0.1267 0.3871 -0.9133
vn -0.3927 0.2041 -0.8967
vn 0.8728 0.3808 -0.3053
vn 0.9244 0.1995 -0.325
vn -0.3706 0.3862 -0.8447
vn -0.621 0.2033 -0.7569
vn -0.5862 0.3848 -0.713
vn -0.8027 0.2014 -0.5613
vn -0.7577 0.3827 -0.5286
vn -0.9245 0.1991 -0.3251
vn -0.5869 0.7002 -0.4066
vn -0.8729 0.3807 -0.3053
vn -0.9781 0.1978 -0.065
vn -0.6763 0.6986 -0.2336
vn -0.9235 0.3789 -0.0599
vn -0.9602 0.1954 0.1995
vn -0.7161 0.6967 -0.0433
vn -0.9066 0.3768 0.1899
vn -0.8717 0.1935 0.4501
vn -0.7023 0.6958 0.1503
vn -0.823 0.375 0.4266
vn -0.7187 0.1918 0.6683
vn -0.6377 0.6944 0.3334
vn -0.6785 0.374 0.6323
vn -0.5116 0.1919 0.8375
vn -0.525 0.6943 0.4923
vn -0.483 0.3737 0.7919
vn -0.266 0.1906 0.9449
vn -0.3738 0.6933 0.6162
vn -0.251 0.3732 0.8932
vn -0 0.1911 0.9816
vn -0.1944 0.6936 0.6936
vn 0 0.3732 0.9278
vn 0.266 0.1911 0.9449
vn 0.0001 0.6931 0.7208
vn 0.2509 0.3735 0.893
vn 0.5117 0.1916 0.8375
vn 0.1941 0.6933 0.694
vn 0.4829 0.3738 0.7919
vn 0.7185 0.1928 0.6682
vn 0.3737 0.6935 0.6159
vn 0.6783 0.3741 0.6324
vn 0.8715 0.1939 0.4504
vn 0.5253 0.694 0.4924
vn 0.8229 0.3753 0.4266
vn 0.9601 0.1957 0.1996
vn 0.6374 0.6945 0.3337
vn 0.9066 0.3769 0.1898
vn 0.9783 0.1966 -0.0651
vn 0.7027 0.6955 0.1502
vn 0.9238 0.3783 -0.0597
vn 0.7155 0.6972 -0.0437
vn -0 -0.0076 1
vn 0.2714 -0.0073 0.9624
vn -0.0001 -0.0076 1
vn 0.2716 -0.0074 0.9624
vn -0.2713 -0.0073 0.9625
vn 0.522 -0.0065 0.8529
vn -0.2714 -0.0073 0.9624
vn 0.5222 -0.0066 0.8528
vn -0.522 -0.0065 0.8529
vn 0.7331 -0.0052 0.6801
vn -0.5222 -0.0066 0.8528
vn 0.733 -0.0052 0.6802
vn -0.733 -0.0051 0.6803
vn 0.8891 -0.0035 0.4577
vn -0.733 -0.0051 0.6802
vn 0.8891 -0.0036 0.4576
vn -0.8891 -0.0035 0.4577
vn 0.9793 -0.0015 0.2022
vn -0.889 -0.0033 0.4578
vn 0.9793 -0.0015 0.2022
vn -0.9793 -0.0015 0.2022
vn 0.9977 0.0005 -0.0678
vn -0.9793 -0.0015 0.2022
vn 0.9977 0.0005 -0.0678
vn -0.9977 0.0005 -0.0678
vn 0.9429 0.0024 -0.3331
vn -0.9977 0.0005 -0.0678
vn 0.9429 0.0025 -0.333
vn -0.9429 0.0025 -0.333
vn 0.8188 0.0045 -0.5741
vn -0.9429 0.0026 -0.3329
vn 0.8187 0.0043 -0.5743
vn -0.8187 0.0044 -0.5742
vn 0.6337 0.006 -0.7735
vn -0.8188 0.0044 -0.5741
vn 0.6336 0.0059 -0.7736
vn -0.6336 0.0059 -0.7737
vn 0.4006 0.0069 -0.9162
vn -0.6334 0.0058 -0.7738
vn 0.4004 0.0069 -0.9163
vn -0.4008 0.007 -0.9161
vn 0.1368 0.0075 -0.9906
vn -0.4005 0.0069 -0.9163
vn 0.137 0.0075 -0.9905
vn -0.1372 0.0075 -0.9905
vn -0.137 0.0075 -0.9905
vn 0 -0.206 0.9786
vn 0.251 -0.387 0.8873
vn -0 -0.387 0.9221
vn 0.266 -0.2057 0.9418
vn -0.266 -0.2055 0.9418
vn 0.4828 -0.3863 0.7859
vn 0.5117 -0.2049 0.8344
vn -0.251 -0.3869 0.8873
vn -0.5118 -0.2042 0.8345
vn 0.6784 -0.3836 0.6266
vn 0.7187 -0.2027 0.6652
vn -0.4829 -0.3857 0.7862
vn -0.7185 -0.203 0.6653
vn 0.823 -0.3817 0.4208
vn 0.8718 -0.2003 0.4471
vn -0.6783 -0.3842 0.6264
vn -0.8716 -0.2011 0.4471
vn 0.9067 -0.3794 0.1844
vn 0.9602 -0.1982 0.1966
vn -0.8229 -0.3818 0.4209
vn -0.961 -0.1985 0.1925
vn 0.9236 -0.3778 -0.0655
vn 0.9781 -0.1965 -0.0679
vn -0.9066 -0.3797 0.1844
vn -0.9782 -0.1963 -0.0678
vn 0.8728 -0.3758 -0.3113
vn 0.9244 -0.1946 -0.3282
vn -0.9236 -0.3777 -0.0657
vn -0.9244 -0.1947 -0.328
vn 0.7576 -0.3749 -0.5343
vn 0.8024 -0.1933 -0.5646
vn -0.8728 -0.3759 -0.3113
vn -0.8026 -0.1932 -0.5643
vn 0.5861 -0.3737 -0.7189
vn 0.6211 -0.1912 -0.7601
vn -0.7577 -0.3747 -0.5343
vn -0.6209 -0.1922 -0.7599
vn 0.3706 -0.3732 -0.8505
vn 0.3926 -0.1906 -0.8997
vn -0.5862 -0.3738 -0.7188
vn -0.3925 -0.1911 -0.8997
vn 0.1267 -0.3735 -0.919
vn 0.1343 -0.1909 -0.9724
vn -0.3707 -0.3733 -0.8505
vn -0.1343 -0.1907 -0.9724
vn -0.1268 -0.3733 -0.919
vn -0.4539 -0.6936 -0.5594
vn -0.2865 -0.6937 -0.6608
vn -0.0964 -0.6938 -0.7137
vn 0.0965 -0.6937 -0.7138
vn 0.2864 -0.6938 -0.6608
vn 0.4535 -0.6936 -0.5596
vn 0.0549 -0.9135 -0.4031
vn 0.5868 -0.6942 -0.4169
vn 0.1603 -0.9136 -0.3736
vn 0.2545 -0.9134 -0.3176
vn 0.6763 -0.6949 -0.2444
vn 0.0791 -0.9789 -0.1881
vn 0.027 -0.979 -0.202
vn 0.1264 -0.9789 -0.1608
vn -0.0272 -0.979 -0.2022
vn 0.3289 -0.914 -0.2375
vn 0.1626 -0.9792 -0.1211
vn -0.0549 -0.9135 -0.403
vn -0.0797 -0.9785 -0.1901
vn 0.3794 -0.9144 -0.141
vn 0.1878 -0.9794 -0.0739
vn -0.1602 -0.9133 -0.3744
vn -0.126 -0.9789 -0.1608
vn -0.2544 -0.9136 -0.3171
vn -0.1627 -0.9791 -0.1217
vn -0.3289 -0.9139 -0.2377
vn -0.1872 -0.9796 -0.0736
vn -0.5868 -0.6942 -0.4169
vn -0.3792 -0.9146 -0.1405
vn -0.1994 -0.9797 -0.021
vn -0.6764 -0.695 -0.2438
vn -0.4017 -0.9151 -0.0342
vn -0.1953 -0.9802 0.0329
vn -0.7156 -0.6965 -0.054
vn -0.3944 -0.9159 0.0749
vn -0.1771 -0.9807 0.0835
vn -0.7026 -0.6977 0.1403
vn -0.3574 -0.9171 0.1766
vn -0.1457 -0.981 0.1278
vn -0.6375 -0.6995 0.3228
vn -0.2946 -0.9177 0.2667
vn -0.1035 -0.9815 0.1613
vn -0.5252 -0.7013 0.482
vn -0.2092 -0.9188 0.3346
vn -0.0537 -0.9816 0.1833
vn -0.3736 -0.7031 0.605
vn -0.1088 -0.9191 0.3786
vn 0 -0.9817 0.1902
vn -0.1942 -0.7039 0.6832
vn 0.0001 -0.9195 0.3931
vn 0.0538 -0.9815 0.1835
vn 0.0001 -0.7041 0.7102
vn 0.1087 -0.9191 0.3787
vn 0.1039 -0.9812 0.1625
vn 0.1942 -0.7039 0.6833
vn 0.2095 -0.9185 0.3353
vn 0.1459 -0.981 0.1278
vn 0.3736 -0.703 0.6051
vn 0.2947 -0.9177 0.2666
vn 0.1777 -0.9805 0.0841
vn 0.5255 -0.7009 0.4823
vn 0.3575 -0.9169 0.1775
vn 0.1942 -0.9804 0.0326
vn 0.6371 -0.6998 0.323
vn 0.3938 -0.9162 0.074
vn 0.1989 -0.9798 -0.0209
vn 0.7028 -0.6976 0.1394
vn 0.402 -0.915 -0.0341
vn 0.7159 -0.6961 -0.0535
vn 0 -1 -0.0076
vn 0.0001 -1 -0.0075
vn 0 -1 -0.0076
vn 0.0001 -1 -0.0075
vn -0.0001 -1 -0.0076
vn 0.0001 -1 -0.0076
vn -0.0001 -1 -0.0075
vn -0 -1 -0.0077
vn -0.0001 -1 -0.0075
vn -0.0001 -1 -0.0076
vn -0 -1 -0.0075
vn -0.0001 -1 -0.0076
vn -0 -1 -0.0077
vn 0 -1 -0.0076
vn -0 -1 -0.0077
vn 0.0001 -1 -0.0076
vn -0 -1 -0.0077
vn 0.0001 -1 -0.0076
vn 0.0001 -1 -0.0076
vn -0 -1 -0.0077
vn 0.0001 -1 -0.0076
vn -0.0001 -1 -0.0074
vn -0 -1 -0.0075
vn -0.0001 -1 -0.0074
vn 0.0001 -1 -0.0076
vn -0.0001 -1 -0.0074
vn 0.0001 -1 -0.0075
vn -0.0001 -1 -0.0075
vn -0.0001 -1 -0.0076
vn 0 -1 -0.0076
vn 0 -1 -0.0076
vn 0.0001 -1 -0.0076
vn -0.0001 -1 -0.0075
vn 0.0001 -1 -0.0074
vn -0.0001 -1 -0.0075
vn -0.0001 -1 -0.0075
vn 0 -1 -0.0076
vn 0 -1 -0.0078
vn 0 -1 -0.0076
vn 0 -1 -0.0078
vn -0 -1 -0.0077
vn 0 -1 -0.0078
vn -0.0001 -1 -0.0077
vn 0 -1 -0.0076
vn -0 -1 -0.0077
vn -0 -1 -0.0077
vn 0 -0.9786 -0.2058
vn -0.1009 -0.9256 -0.3649
vn 0 -0.9255 -0.3787
vn -0.054 -0.9786 -0.1986
vn 0.0539 -0.9787 -0.1983
vn -0.1942 -0.9258 -0.3242
vn -0.1034 -0.9789 -0.1763
vn 0.1008 -0.9258 -0.3643
vn 0.1038 -0.9785 -0.1782
vn -0.273 -0.9262 -0.2601
vn -0.1454 -0.9792 -0.1418
vn 0.1944 -0.9255 -0.3251
vn 0.146 -0.979 -0.1424
vn -0.332 -0.9264 -0.1778
vn -0.1773 -0.9792 -0.0985
vn 0.273 -0.9262 -0.2601
vn 0.177 -0.9793 -0.0983
vn -0.366 -0.9269 -0.0827
vn -0.194 -0.9799 -0.0476
vn 0.3318 -0.9265 -0.1777
vn 0.1949 -0.9797 -0.0477
vn -0.3726 -0.9278 0.0183
vn -0.1974 -0.9803 0.006
vn 0.3658 -0.927 -0.0828
vn 0.2069 -0.9783 0.0043
vn -0.3518 -0.9287 0.1172
vn -0.1874 -0.9805 0.0586
vn 0.3723 -0.9279 0.0185
vn 0.1873 -0.9805 0.0586
vn -0.3053 -0.9294 0.2072
vn -0.1626 -0.981 0.1063
vn 0.3522 -0.9285 0.1175
vn 0.1633 -0.9807 0.1074
vn -0.2361 -0.9302 0.2811
vn -0.1254 -0.9813 0.1458
vn 0.3054 -0.9294 0.2073
vn 0.1261 -0.981 0.1474
vn -0.1491 -0.9308 0.3338
vn -0.0794 -0.9815 0.1743
vn 0.2359 -0.9302 0.2812
vn 0.0794 -0.9815 0.1742
vn -0.051 -0.9312 0.361
vn -0.0272 -0.9816 0.189
vn 0.1489 -0.9309 0.3336
vn 0.0272 -0.9816 0.1892
vn 0.051 -0.9311 0.3613
vn 0.4431 -0.719 0.5355
vn 0.2799 -0.7198 0.6353
vn 0.0959 -0.7203 0.687
vn -0.0957 -0.7208 0.6866
vn -0.2802 -0.7196 0.6353
vn -0.4435 -0.7181 0.5362
vn -0.126 -0.3994 0.9081
vn -0.5734 -0.7169 0.3966
vn -0.3686 -0.3984 0.8399
vn -0.583 -0.3969 0.709
vn -0.6607 -0.7152 0.2279
vn -0.3926 -0.205 0.8966
vn -0.1342 -0.2058 0.9693
vn -0.6211 -0.2031 0.757
vn 0.1343 -0.2058 0.9694
vn -0.7535 -0.3948 0.5257
vn -0.8027 -0.2009 0.5614
vn 0.1262 -0.3989 0.9083
vn 0.3926 -0.205 0.8966
vn -0.8682 -0.3926 0.3036
vn -0.9245 -0.1991 0.325
vn 0.3686 -0.3983 0.84
vn 0.621 -0.2031 0.7571
vn 0.583 -0.3968 0.7089
vn 0.8027 -0.2021 0.5612
vn 0.7536 -0.3951 0.5254
vn 0.9244 -0.1995 0.325
vn 0.5732 -0.717 0.3966
vn 0.8679 -0.3929 0.3038
vn 0.9782 -0.1973 0.0649
vn 0.661 -0.7149 0.228
vn 0.9187 -0.3904 0.0594
vn 0.9602 -0.1954 -0.1997
vn 0.6994 -0.7135 0.0423
vn 0.9018 -0.3886 -0.1892
vn 0.8716 -0.1937 -0.4503
vn 0.6866 -0.712 -0.1473
vn 0.8185 -0.3873 -0.4243
vn 0.7186 -0.1923 -0.6683
vn 0.6229 -0.7111 -0.326
vn 0.6745 -0.3863 -0.6291
vn 0.5118 -0.1914 -0.8375
vn 0.5129 -0.7108 -0.4813
vn 0.4803 -0.3859 -0.7877
vn 0.266 -0.1909 -0.9449
vn 0.365 -0.7104 -0.6018
vn 0.2497 -0.3853 -0.8884
vn 0.0001 -0.1908 -0.9816
vn 0.1896 -0.7104 -0.6778
vn 0.0001 -0.3856 -0.9226
vn -0.266 -0.1909 -0.9449
vn -0.0001 -0.7103 -0.7039
vn -0.2497 -0.3854 -0.8883
vn -0.5116 -0.1915 -0.8376
vn -0.1896 -0.71 -0.6782
vn -0.4803 -0.3858 -0.7877
vn -0.7186 -0.1929 -0.6681
vn -0.365 -0.7102 -0.602
vn -0.6745 -0.3868 -0.6288
vn -0.8715 -0.1943 -0.4502
vn -0.5128 -0.7108 -0.4814
vn -0.8185 -0.3872 -0.4245
vn -0.9602 -0.1952 -0.1999
vn -0.6229 -0.7111 -0.3262
vn -0.9015 -0.3891 -0.1893
vn -0.9781 -0.1978 0.0652
vn -0.6867 -0.7118 -0.1474
vn -0.9185 -0.391 0.0597
vn -0.6998 -0.713 0.0425
vn -0.0002 0.0076 -1
vn -0.2717 0.0074 -0.9624
vn 0.0003 0.0075 -1
vn -0.2714 0.0073 -0.9624
vn 0.2716 0.0074 -0.9624
vn -0.5218 0.0064 -0.853
vn 0.2712 0.0072 -0.9625
vn -0.5222 0.0066 -0.8528
vn 0.5222 0.0066 -0.8528
vn -0.7329 0.0051 -0.6803
vn 0.5221 0.0065 -0.8529
vn -0.733 0.0051 -0.6802
vn 0.7331 0.0053 -0.6801
vn -0.8891 0.0035 -0.4577
vn 0.7329 0.005 -0.6803
vn -0.8891 0.0035 -0.4578
vn 0.8891 0.0036 -0.4576
vn -0.9793 0.0015 -0.2022
vn 0.8891 0.0035 -0.4577
vn -0.9793 0.0015 -0.2022
vn 0.9793 0.0015 -0.2023
vn -0.9977 -0.0005 0.0678
vn 0.9794 0.0016 -0.2022
vn -0.9977 -0.0005 0.0678
vn 0.9977 -0.0006 0.0678
vn -0.9429 -0.0025 0.333
vn 0.9977 -0.0004 0.0678
vn -0.9429 -0.0025 0.3329
vn 0.9429 -0.0025 0.333
vn -0.8187 -0.0044 0.5742
vn 0.9429 -0.0025 0.333
vn -0.8187 -0.0044 0.5742
vn 0.8187 -0.0043 0.5742
vn -0.6336 -0.0059 0.7737
vn 0.8187 -0.0043 0.5742
vn -0.6336 -0.0059 0.7737
vn 0.6334 -0.0058 0.7738
vn -0.4006 -0.0069 0.9162
vn 0.6338 -0.006 0.7735
vn -0.4006 -0.007 0.9162
vn 0.4007 -0.007 0.9162
vn -0.1371 -0.0075 0.9905
vn 0.4007 -0.007 0.9162
vn -0.1368 -0.0075 0.9906
vn 0.137 -0.0075 0.9905
vn 0.1373 -0.0076 0.9905
vn 0 0.2053 -0.9787
vn -0.2497 0.3988 -0.8824
vn 0.0001 0.3991 -0.9169
vn -0.2661 0.2052 -0.9418
vn 0.266 0.2053 -0.9418
vn -0.4802 0.3976 -0.7819
vn -0.5118 0.204 -0.8345
vn 0.2497 0.3988 -0.8824
vn 0.5116 0.2045 -0.8345
vn -0.6747 0.3958 -0.623
vn -0.7186 0.2025 -0.6653
vn 0.4802 0.3982 -0.7816
vn 0.7186 0.2026 -0.6653
vn -0.8185 0.3935 -0.4186
vn -0.8717 0.2002 -0.4472
vn 0.6746 0.396 -0.623
vn 0.8717 0.2001 -0.4474
vn -0.9019 0.3912 -0.1833
vn -0.9603 0.1978 -0.1968
vn 0.8185 0.3935 -0.4185
vn 0.9601 0.1986 -0.1968
vn -0.9186 0.3896 0.0655
vn -0.9781 0.1965 0.068
vn 0.9016 0.3918 -0.1831
vn 0.9781 0.1967 0.0679
vn -0.8681 0.3881 0.3094
vn -0.9243 0.1949 0.328
vn 0.9187 0.3895 0.0655
vn 0.9244 0.1948 0.328
vn -0.7536 0.3868 0.5315
vn -0.8028 0.1926 0.5643
vn 0.8681 0.3882 0.3093
vn 0.8025 0.1927 0.5647
vn -0.583 0.3858 0.715
vn -0.6211 0.1918 0.7599
vn 0.7537 0.3867 0.5315
vn 0.621 0.1925 0.7598
vn -0.3683 0.3858 0.8459
vn -0.3926 0.1914 0.8996
vn 0.5829 0.3863 0.7148
vn 0.3927 0.191 0.8996
vn -0.1262 0.3854 0.9141
vn -0.1344 0.1904 0.9725
vn 0.3686 0.3854 0.8459
vn 0.1343 0.1905 0.9725
vn 0.126 0.3854 0.9141
vn 0.4432 0.7102 0.5469
vn 0.28 0.7103 0.6458
vn 0.0988 0.7097 0.6975
vn -0.0989 0.7101 0.6971
vn -0.2799 0.7103 0.6459
vn -0.443 0.7104 0.5469
vn -0.0508 0.9257 0.3749
vn -0.5729 0.7113 0.4072
vn -0.1491 0.9256 0.3478
vn -0.2354 0.9259 0.2954
vn -0.6608 0.7117 0.2384
vn -0.0797 0.9786 0.1894
vn -0.0273 0.9786 0.204
vn -0.1254 0.9789 0.1612
vn 0.0271 0.9787 0.2033
vn -0.3057 0.9261 0.221
vn -0.1639 0.9789 0.1221
vn 0.051 0.9255 0.3752
vn 0.0793 0.9788 0.1891
vn -0.3519 0.9268 0.1312
vn -0.1874 0.9795 0.0736
vn 0.1489 0.9257 0.3476
vn 0.1257 0.979 0.1607
vn 0.2359 0.9258 0.2953
vn 0.1623 0.9793 0.1212
vn 0.3052 0.9263 0.2208
vn 0.188 0.9794 0.0741
vn 0.5735 0.7108 0.4073
vn 0.3516 0.9268 0.1316
vn 0.1988 0.9798 0.021
vn 0.6605 0.7119 0.2388
vn 0.3724 0.9275 0.0323
vn 0.1956 0.9802 -0.0326
vn 0.6994 0.7128 0.0529
vn 0.3657 0.9282 -0.0687
vn 0.1772 0.9806 -0.0836
vn 0.6862 0.7145 -0.1363
vn 0.3317 0.9291 -0.1636
vn 0.1468 0.9807 -0.1289
vn 0.6227 0.7162 -0.3151
vn 0.2735 0.9297 -0.2466
vn 0.104 0.9812 -0.1625
vn 0.5126 0.7183 -0.4704
vn 0.1943 0.9304 -0.3108
vn 0.0537 0.9815 -0.1839
vn 0.3649 0.7195 -0.5909
vn 0.1011 0.9307 -0.3515
vn 0 0.9818 -0.1898
vn 0.1898 0.7197 -0.6679
vn 0 0.9315 -0.3636
vn -0.054 0.9814 -0.1841
vn -0.0001 0.7212 -0.6927
vn -0.1009 0.9308 -0.3512
vn -0.1036 0.9814 -0.1618
vn -0.1896 0.7203 -0.6672
vn -0.1941 0.9308 -0.3098
vn -0.1458 0.9811 -0.1275
vn -0.3649 0.7199 -0.5905
vn -0.2731 0.9299 -0.2463
vn -0.178 0.9805 -0.0837
vn -0.5131 0.7177 -0.4707
vn -0.332 0.929 -0.1638
vn -0.1956 0.9801 -0.0331
vn -0.6226 0.7162 -0.3153
vn -0.3639 0.9289 -0.069
vn -0.1993 0.9797 0.0209
vn -0.6864 0.7143 -0.1363
vn -0.3726 0.9274 0.0322
vn -0.699 0.7131 0.0529
vn 0 1 0.0075
vn 0 1 0.0078
vn 0.0001 1 0.0077
vn 0 1 0.0076
vn 0.0001 1 0.0076
vn 0 1 0.0076
vn -0 1 0.0077
vn 0 1 0.0075
vn 0 1 0.0076
vn 0 1 0.0076
vn 0 1 0.0076
vn 0 1 0.0076
vn -0.0002 1 0.0076
vn 0 1 0.0076
vn -0.0001 1 0.0075
vn 0 1 0.0076
vn 0 1 0.0076
vn 0 1 0.0076
vn 0 1 0.0076
vn 0.0001 1 0.0076
vn 0 1 0.0075
vn 0.0001 1 0.0074
vn 0 1 0.0075
vn 0.0001 1 0.0076
vn 0 1 0.0075
vn 0.0001 1 0.0076
vn 0 1 0.0076
vn 0.0001 1 0.0075
vn 0.0001 1 0.0077
vn 0.0001 1 0.0076
vn 0.0001 1 0.0077
vn 0 1 0.0075
vn 0 1 0.0076
vn 0 1 0.0076
vn 0 1 0.0076
vn 0 1 0.0076
vn 0 1 0.0075
vn 0 1 0.0075
vn 0 1 0.0076
vn 0 1 0.0074
vn 0 1 0.0076
vn 0 1 0.0075
vn 0 1 0.0078
vn 0 1 0.0076
vn 0 1 0.0076
vn 0 1 0.0076
vn -1 0 0
vn -1 0 0
vn -1 0 0
vn -1 0 0
vn 0.0054 0.9768 0.2142
vn -0.0052 0.9769 0.2138
vn 0.006 0.9768 0.2142
vn -0 0.9769 0.2137
vn 1 0 -0
vn 1 0 -0
vn 1 0 -0
vn 1 0 -0
vn -0.005 -0.9982 -0.059
vn 0 -0.9983 -0.059
vn -0.0052 -0.9983 -0.0589
vn 0.0049 -0.9982 -0.059
vn 0.0049 -0.9983 -0.0588
vn 0.0057 -0.9982 -0.0594
vn -0.0056 -0.9982 -0.0595
vn 0.0058 -0.9982 -0.059
vn 0 0.0705 -0.9975
vn 0 0.0705 -0.9975
vn 0 0.0705 -0.9975
vn 0 0.0705 -0.9975
vn 0.0001 0.978 0.2084
vn -0.0001 0.978 0.2084
vn 0.0001 0.978 0.2085
vn -0.0001 0.978 0.2084
vn 0 -0.0688 0.9976
vn -0.0001 -0.0688 0.9976
vn 0 -0.0688 0.9976
vn 0 -0.0688 0.9976
vn -0 -0.9985 -0.0539
vn -0.0001 -0.9985 -0.0544
vn -0.0001 -0.9985 -0.0545
vn 0 -0.9986 -0.0538
vn -0 -0.9986 -0.0537
vn 0.0001 -0.9986 -0.0537
vn 0 -0.9985 -0.0542
vn 0.0004 -0.9986 -0.0533
vn 1 0 -0
vn 1 0 -0
vn 1 0 -0
vn 1 0 -0
vn 0.0054 0.9768 0.2142
vn -0.0053 0.9769 0.2137
vn -0 0.9768 0.2142
vn -0.0055 0.9769 0.2137
vn -1 0 0
vn -1 0 0
vn -1 0 0
vn -1 0 0
vn -0.0049 -0.9982 -0.059
vn -0.005 -0.9983 -0.0588
vn -0.005 -0.9983 -0.0589
vn 0.0051 -0.9982 -0.059
vn 0.0053 -0.9983 -0.0587
vn 0 -0.9982 -0.0594
vn -0.0053 -0.9982 -0.0594
vn 0.0057 -0.9982 -0.0597
vn -0 -0.053 0.9986
vn -0 -0.053 0.9986
vn -0 -0.053 0.9986
vn 0.0001 -0.053 0.9986
vn 0.0001 0.978 0.2084
vn 0 0.9781 0.2084
vn 0 0.978 0.2084
vn -0.0001 0.9781 0.2083
vn 0 0.0569 -0.9984
vn 0 0.0569 -0.9984
vn 0 0.0569 -0.9984
vn 0 0.0569 -0.9984
vn -0 -0.9986 -0.0537
vn -0 -0.9986 -0.0534
vn -0.0001 -0.9986 -0.0527
vn -0 -0.9985 -0.0539
vn -0 -0.9985 -0.0539
vn -0 -0.9985 -0.0539
vn -0 -0.9986 -0.0535
vn -0.0001 -0.9985 -0.0542
vn -0.6636 0.2285 0.7123
vn -0.6636 0.2283 0.7124
vn -0.6636 0.2285 0.7124
vn 0.3732 0.9085 -0.1878
vn 0.3731 0.9086 -0.1876
vn 0.3734 0.9084 -0.1881
vn -0.0018 -0.9983 -0.0581
vn -0.0018 -0.9983 -0.0579
vn -0.0018 -0.9983 -0.0583
vn 0.0085 -0.9987 -0.0498
vn 0.0085 -0.9987 -0.0499
vn 0.0086 -0.9987 -0.0496
vn -0.7023 0.3265 -0.6326
vn -0.7023 0.3264 -0.6326
vn -0.7023 0.3266 -0.6326
vn 0.3382 0.7841 0.5204
vn 0.338 0.784 0.5207
vn 0.3382 0.7839 0.5207
vn 0.0015 -0.9983 -0.0579
vn 0.0016 -0.9983 -0.0577
vn 0.0016 -0.9983 -0.0577
vn -0.0085 -0.9987 -0.0498
vn -0.0085 -0.9987 -0.05
vn -0.0085 -0.9987 -0.0499
vn 0.7023 0.3267 -0.6325
vn 0.7024 0.3265 -0.6325
vn 0.7023 0.3266 -0.6325
vn -0.338 0.784 0.5207
vn -0.338 0.7839 0.5208
vn -0.338 0.784 0.5207
vn -0.0015 -0.9983 -0.058
vn -0.0015 -0.9983 -0.0579
vn -0.0014 -0.9983 -0.0576
vn 0.009 -0.9986 -0.0513
vn 0.009 -0.9988 -0.0486
vn 0.0089 -0.9987 -0.0509
vn 0.6636 0.2283 0.7124
vn 0.6636 0.2283 0.7124
vn 0.6636 0.2283 0.7124
vn -0.3734 0.9085 -0.1875
vn -0.3735 0.9085 -0.1874
vn -0.3734 0.9086 -0.1873
vn 0.0018 -0.9983 -0.0579
vn 0.0016 -0.9983 -0.0579
vn 0.0017 -0.9983 -0.0578
vn -0.7093 0.0497 -0.7031
vn -0.7093 0.0496 -0.7031
vn -0.7093 0.0497 -0.7031
vn -0.7093 0.0496 -0.7031
vn -0.7094 -0.0373 0.7039
vn -0.7094 -0.0375 0.7038
vn -0.7094 -0.0373 0.7039
vn -0.7093 -0.0375 0.7039
vn -0.8171 0.5631 0.1235
vn -0.8192 0.5604 0.1224
vn -0.8172 0.563 0.1233
vn -0.8192 0.5603 0.1224
vn 0.8194 0.5599 0.1229
vn 0.817 0.5632 0.1236
vn 0.8195 0.5598 0.1229
vn 0.817 0.5632 0.1236
vn 0.7094 -0.0485 0.7031
vn 0.7094 -0.0485 0.7032
vn 0.7094 -0.0486 0.7031
vn 0.7093 -0.0485 0.7032
vn 0.7092 0.04 -0.7038
vn 0.7094 0.0401 -0.7037
vn 0.7092 0.04 -0.7038
vn 0.7094 0.0401 -0.7037
vn 0.7094 0.0496 -0.7031
vn 0.7094 0.0496 -0.703
vn 0.7094 0.0497 -0.7031
vn 0.7094 0.0497 -0.703
vn -0 0.6673 -0.7448
vn 0 0.6675 -0.7446
vn 0 0.6669 -0.7451
vn 0 0.6675 -0.7446
vn 0 0.478 0.8784
vn 0 0.4777 0.8785
vn 0.0001 0.4782 0.8782
vn -0 0.4778 0.8785
vn -0.7094 -0.0485 0.7031
vn -0.7094 -0.0485 0.7031
vn -0.7094 -0.0485 0.7031
vn -0.7094 -0.0485 0.7031
vn 0.7094 -0.0374 0.7038
vn 0.7093 -0.0373 0.7039
vn 0.7094 -0.0374 0.7038
vn 0.7093 -0.0374 0.7039
vn 0.8192 0.5602 0.1225
vn 0.8173 0.5629 0.1232
vn 0.8192 0.5602 0.1225
vn 0.8173 0.5629 0.1233
vn -0.817 0.5633 0.1235
vn -0.8194 0.56 0.1227
vn -0.817 0.5632 0.1235
vn -0.8194 0.56 0.1227
vn -0.7094 0.0401 -0.7036
vn -0.7094 0.04 -0.7037
vn -0.7094 0.0401 -0.7036
vn -0.7094 0.04 -0.7037
vn -0 0.4869 0.8735
vn 0 0.4867 0.8736
vn -0.0001 0.4868 0.8735
vn -0 0.4865 0.8737
vn 0 0.6605 -0.7509
vn -0 0.6606 -0.7508
vn 0 0.6605 -0.7509
vn -0 0.6607 -0.7507
f 3/3/3 2/2/2 1/1/1
f 6/6/6 5/5/5 4/4/4
f 7/7/7 4/4/4 5/5/5
f 10/10/10 9/9/9 8/8/8
f 11/11/11 8/8/8 9/9/9
f 14/14/14 13/13/13 12/12/12
f 15/15/15 12/12/12 13/13/13
f 18/18/18 17/17/17 16/16/16
f 19/19/19 16/16/16 17/17/17
f 22/22/22 21/21/21 20/20/20
f 23/23/23 20/20/20 21/21/21
f 26/26/26 25/25/25 24/24/24
f 27/27/27 24/24/24 25/25/25
f 30/30/30 29/29/29 28/28/28
f 29/29/29 31/31/31 28/28/28
f 30/30/30 28/28/28 32/32/32
f 29/29/29 33/33/33 31/31/31
f 33/33/33 34/34/34 31/31/31
f 35/35/35 30/30/30 32/32/32
f 35/35/35 32/32/32 36/36/36
f 33/33/33 37/37/37 34/34/34
f 37/37/37 38/38/38 34/34/34
f 39/39/39 35/35/35 36/36/36
f 39/39/39 36/36/36 40/40/40
f 37/37/37 41/41/41 38/38/38
f 41/41/41 42/42/42 38/38/38
f 43/43/43 39/39/39 40/40/40
f 43/43/43 40/40/40 44/44/44
f 41/41/41 45/45/45 42/42/42
f 45/45/45 46/46/46 42/42/42
f 47/47/47 43/43/43 44/44/44
f 47/47/47 44/44/44 48/48/48
f 45/45/45 49/49/49 46/46/46
f 49/49/49 50/50/50 46/46/46
f 51/51/51 47/47/47 48/48/48
f 51/51/51 48/48/48 52/52/52
f 49/49/49 53/53/53 50/50/50
f 53/53/53 54/54/54 50/50/50
f 55/55/55 51/51/51 52/52/52
f 55/55/55 52/52/52 56/56/56
f 53/53/53 57/57/57 54/54/54
f 57/57/57 58/58/58 54/54/54
f 59/59/59 55/55/55 56/56/56
f 59/59/59 56/56/56 60/60/60
f 57/57/57 61/61/61 58/58/58
f 61/61/61 62/62/62 58/58/58
f 63/63/63 59/59/59 60/60/60
f 63/63/63 60/60/60 64/64/64
f 61/61/61 65/65/65 62/62/62
f 65/65/65 66/66/66 62/62/62
f 67/67/67 63/63/63 64/64/64
f 67/67/67 64/64/64 68/68/68
f 65/65/65 69/69/69 66/66/66
f 69/69/69 70/70/70 66/66/66
f 71/71/71 67/67/67 68/68/68
f 71/71/71 68/68/68 72/72/72
f 73/73/73 72/72/72 70/70/70
f 73/73/73 71/71/71 72/72/72
f 69/69/69 73/73/73 70/70/70
f 74/74/74 67/67/67 71/71/71
f 75/75/75 71/71/71 73/73/73
f 75/75/75 74/74/74 71/71/71
f 76/76/76 73/73/73 69/69/69
f 76/76/76 75/75/75 73/73/73
f 77/77/77 69/69/69 65/65/65
f 77/77/77 76/76/76 69/69/69
f 78/78/78 65/65/65 61/61/61
f 78/78/78 77/77/77 65/65/65
f 79/79/79 78/78/78 61/61/61
f 79/79/79 61/61/61 57/57/57
f 80/80/80 77/77/77 78/78/78
f 81/81/81 79/79/79 57/57/57
f 81/81/81 57/57/57 53/53/53
f 82/82/82 78/78/78 79/79/79
f 82/82/82 80/80/80 78/78/78
f 83/83/83 79/79/79 81/81/81
f 83/83/83 82/82/82 79/79/79
f 84/84/84 81/81/81 53/53/53
f 84/84/84 53/53/53 49/49/49
f 85/85/85 82/82/82 83/83/83
f 85/85/85 86/86/86 82/82/82
f 86/86/86 80/80/80 82/82/82
f 87/87/87 85/85/85 83/83/83
f 86/86/86 88/88/88 80/80/80
f 87/87/87 83/83/83 89/89/89
f 89/89/89 83/83/83 81/81/81
f 89/89/89 81/81/81 84/84/84
f 90/90/90 87/87/87 89/89/89
f 88/88/88 91/91/91 80/80/80
f 80/80/80 91/91/91 77/77/77
f 91/91/91 76/76/76 77/77/77
f 88/88/88 92/92/92 91/91/91
f 90/90/90 89/89/89 93/93/93
f 93/93/93 89/89/89 84/84/84
f 94/94/94 90/90/90 93/93/93
f 92/92/92 95/95/95 91/91/91
f 91/91/91 95/95/95 76/76/76
f 95/95/95 75/75/75 76/76/76
f 92/92/92 96/96/96 95/95/95
f 95/95/95 97/97/97 75/75/75
f 96/96/96 97/97/97 95/95/95
f 97/97/97 74/74/74 75/75/75
f 96/96/96 98/98/98 97/97/97
f 98/98/98 99/99/99 97/97/97
f 97/97/97 99/99/99 74/74/74
f 98/98/98 100/100/100 99/99/99
f 99/99/99 101/101/101 74/74/74
f 74/74/74 101/101/101 67/67/67
f 101/101/101 63/63/63 67/67/67
f 100/100/100 102/102/102 99/99/99
f 99/99/99 102/102/102 101/101/101
f 100/100/100 103/103/103 102/102/102
f 101/101/101 104/104/104 63/63/63
f 102/102/102 104/104/104 101/101/101
f 104/104/104 59/59/59 63/63/63
f 103/103/103 105/105/105 102/102/102
f 102/102/102 105/105/105 104/104/104
f 103/103/103 106/106/106 105/105/105
f 104/104/104 107/107/107 59/59/59
f 105/105/105 107/107/107 104/104/104
f 107/107/107 55/55/55 59/59/59
f 106/106/106 108/108/108 105/105/105
f 105/105/105 108/108/108 107/107/107
f 106/106/106 109/109/109 108/108/108
f 107/107/107 110/110/110 55/55/55
f 108/108/108 110/110/110 107/107/107
f 110/110/110 51/51/51 55/55/55
f 109/109/109 111/111/111 108/108/108
f 108/108/108 111/111/111 110/110/110
f 109/109/109 112/112/112 111/111/111
f 110/110/110 113/113/113 51/51/51
f 111/111/111 113/113/113 110/110/110
f 113/113/113 47/47/47 51/51/51
f 112/112/112 114/114/114 111/111/111
f 111/111/111 114/114/114 113/113/113
f 112/112/112 115/115/115 114/114/114
f 113/113/113 116/116/116 47/47/47
f 114/114/114 116/116/116 113/113/113
f 116/116/116 43/43/43 47/47/47
f 115/115/115 117/117/117 114/114/114
f 114/114/114 117/117/117 116/116/116
f 115/115/115 118/118/118 117/117/117
f 116/116/116 119/119/119 43/43/43
f 117/117/117 119/119/119 116/116/116
f 119/119/119 39/39/39 43/43/43
f 118/118/118 120/120/120 117/117/117
f 117/117/117 120/120/120 119/119/119
f 118/118/118 121/121/121 120/120/120
f 119/119/119 122/122/122 39/39/39
f 120/120/120 122/122/122 119/119/119
f 122/122/122 35/35/35 39/39/39
f 121/121/121 123/123/123 120/120/120
f 120/120/120 123/123/123 122/122/122
f 121/121/121 124/124/124 123/123/123
f 122/122/122 125/125/125 35/35/35
f 123/123/123 125/125/125 122/122/122
f 125/125/125 30/30/30 35/35/35
f 124/124/124 126/126/126 123/123/123
f 123/123/123 126/126/126 125/125/125
f 124/124/124 127/127/127 126/126/126
f 125/125/125 128/128/128 30/30/30
f 126/126/126 128/128/128 125/125/125
f 128/128/128 29/29/29 30/30/30
f 127/127/127 129/129/129 126/126/126
f 126/126/126 129/129/129 128/128/128
f 127/127/127 130/130/130 129/129/129
f 128/128/128 131/131/131 29/29/29
f 129/129/129 131/131/131 128/128/128
f 131/131/131 33/33/33 29/29/29
f 130/130/130 132/132/132 129/129/129
f 129/129/129 132/132/132 131/131/131
f 130/130/130 133/133/133 132/132/132
f 131/131/131 134/134/134 33/33/33
f 132/132/132 134/134/134 131/131/131
f 134/134/134 37/37/37 33/33/33
f 133/133/133 135/135/135 132/132/132
f 132/132/132 135/135/135 134/134/134
f 133/133/133 136/136/136 135/135/135
f 134/134/134 137/137/137 37/37/37
f 135/135/135 137/137/137 134/134/134
f 137/137/137 41/41/41 37/37/37
f 136/136/136 138/138/138 135/135/135
f 135/135/135 138/138/138 137/137/137
f 136/136/136 139/139/139 138/138/138
f 137/137/137 140/140/140 41/41/41
f 138/138/138 140/140/140 137/137/137
f 140/140/140 45/45/45 41/41/41
f 139/139/139 141/141/141 138/138/138
f 138/138/138 141/141/141 140/140/140
f 139/139/139 94/94/94 141/141/141
f 94/94/94 93/93/93 141/141/141
f 140/140/140 142/142/142 45/45/45
f 141/141/141 142/142/142 140/140/140
f 141/141/141 93/93/93 142/142/142
f 142/142/142 49/49/49 45/45/45
f 93/93/93 84/84/84 142/142/142
f 142/142/142 84/84/84 49/49/49
f 145/145/145 144/144/144 143/143/143
f 144/144/144 146/146/146 143/143/143
f 145/145/145 143/143/143 147/147/147
f 144/144/144 148/148/148 146/146/146
f 149/149/149 145/145/145 147/147/147
f 148/148/148 150/150/150 146/146/146
f 149/149/149 147/147/147 151/151/151
f 148/148/148 152/152/152 150/150/150
f 153/153/153 149/149/149 151/151/151
f 152/152/152 154/154/154 150/150/150
f 153/153/153 151/151/151 155/155/155
f 152/152/152 156/156/156 154/154/154
f 157/157/157 153/153/153 155/155/155
f 156/156/156 158/158/158 154/154/154
f 157/157/157 155/155/155 159/159/159
f 156/156/156 160/160/160 158/158/158
f 161/161/161 157/157/157 159/159/159
f 160/160/160 162/162/162 158/158/158
f 161/161/161 159/159/159 163/163/163
f 160/160/160 164/164/164 162/162/162
f 165/165/165 161/161/161 163/163/163
f 164/164/164 166/166/166 162/162/162
f 165/165/165 163/163/163 167/167/167
f 164/164/164 168/168/168 166/166/166
f 169/169/169 165/165/165 167/167/167
f 168/168/168 170/170/170 166/166/166
f 169/169/169 167/167/167 171/171/171
f 168/168/168 172/172/172 170/170/170
f 173/173/173 169/169/169 171/171/171
f 172/172/172 174/174/174 170/170/170
f 173/173/173 171/171/171 175/175/175
f 172/172/172 176/176/176 174/174/174
f 177/177/177 173/173/173 175/175/175
f 176/176/176 178/178/178 174/174/174
f 177/177/177 175/175/175 179/179/179
f 176/176/176 180/180/180 178/178/178
f 181/181/181 177/177/177 179/179/179
f 180/180/180 182/182/182 178/178/178
f 181/181/181 179/179/179 183/183/183
f 180/180/180 184/184/184 182/182/182
f 185/185/185 181/181/181 183/183/183
f 184/184/184 186/186/186 182/182/182
f 185/185/185 183/183/183 187/187/187
f 184/184/184 188/188/188 186/186/186
f 188/188/188 185/185/185 187/187/187
f 188/188/188 187/187/187 186/186/186
f 191/191/191 190/190/190 189/189/189
f 190/190/190 192/192/192 189/189/189
f 191/191/191 189/189/189 193/193/193
f 190/190/190 194/194/194 192/192/192
f 194/194/194 195/195/195 192/192/192
f 196/196/196 191/191/191 193/193/193
f 196/196/196 193/193/193 197/197/197
f 194/194/194 198/198/198 195/195/195
f 198/198/198 199/199/199 195/195/195
f 200/200/200 196/196/196 197/197/197
f 200/200/200 197/197/197 201/201/201
f 198/198/198 202/202/202 199/199/199
f 202/202/202 203/203/203 199/199/199
f 204/204/204 200/200/200 201/201/201
f 204/204/204 201/201/201 205/205/205
f 202/202/202 206/206/206 203/203/203
f 206/206/206 207/207/207 203/203/203
f 208/208/208 204/204/204 205/205/205
f 208/208/208 205/205/205 209/209/209
f 206/206/206 210/210/210 207/207/207
f 210/210/210 211/211/211 207/207/207
f 212/212/212 208/208/208 209/209/209
f 212/212/212 209/209/209 213/213/213
f 210/210/210 214/214/214 211/211/211
f 214/214/214 215/215/215 211/211/211
f 216/216/216 212/212/212 213/213/213
f 216/216/216 213/213/213 217/217/217
f 214/214/214 218/218/218 215/215/215
f 218/218/218 219/219/219 215/215/215
f 220/220/220 216/216/216 217/217/217
f 220/220/220 217/217/217 221/221/221
f 218/218/218 222/222/222 219/219/219
f 222/222/222 223/223/223 219/219/219
f 224/224/224 220/220/220 221/221/221
f 224/224/224 221/221/221 225/225/225
f 222/222/222 226/226/226 223/223/223
f 226/226/226 227/227/227 223/223/223
f 228/228/228 224/224/224 225/225/225
f 228/228/228 225/225/225 229/229/229
f 226/226/226 230/230/230 227/227/227
f 230/230/230 231/231/231 227/227/227
f 232/232/232 228/228/228 229/229/229
f 232/232/232 229/229/229 233/233/233
f 234/234/234 233/233/233 231/231/231
f 234/234/234 232/232/232 233/233/233
f 230/230/230 234/234/234 231/231/231
f 235/235/235 228/228/228 232/232/232
f 236/236/236 232/232/232 234/234/234
f 236/236/236 235/235/235 232/232/232
f 237/237/237 234/234/234 230/230/230
f 237/237/237 236/236/236 234/234/234
f 238/238/238 230/230/230 226/226/226
f 238/238/238 237/237/237 230/230/230
f 239/239/239 226/226/226 222/222/222
f 239/239/239 238/238/238 226/226/226
f 240/240/240 239/239/239 222/222/222
f 240/240/240 222/222/222 218/218/218
f 241/241/241 238/238/238 239/239/239
f 242/242/242 240/240/240 218/218/218
f 242/242/242 218/218/218 214/214/214
f 243/243/243 239/239/239 240/240/240
f 243/243/243 241/241/241 239/239/239
f 244/244/244 240/240/240 242/242/242
f 244/244/244 243/243/243 240/240/240
f 245/245/245 242/242/242 214/214/214
f 245/245/245 214/214/214 210/210/210
f 246/246/246 243/243/243 244/244/244
f 246/246/246 247/247/247 243/243/243
f 247/247/247 241/241/241 243/243/243
f 248/248/248 246/246/246 244/244/244
f 247/247/247 249/249/249 241/241/241
f 248/248/248 244/244/244 250/250/250
f 250/250/250 244/244/244 242/242/242
f 250/250/250 242/242/242 245/245/245
f 251/251/251 248/248/248 250/250/250
f 249/249/249 252/252/252 241/241/241
f 241/241/241 252/252/252 238/238/238
f 252/252/252 237/237/237 238/238/238
f 249/249/249 253/253/253 252/252/252
f 251/251/251 250/250/250 254/254/254
f 254/254/254 250/250/250 245/245/245
f 255/255/255 251/251/251 254/254/254
f 253/253/253 256/256/256 252/252/252
f 252/252/252 256/256/256 237/237/237
f 256/256/256 236/236/236 237/237/237
f 253/253/253 257/257/257 256/256/256
f 256/256/256 258/258/258 236/236/236
f 257/257/257 258/258/258 256/256/256
f 258/258/258 235/235/235 236/236/236
f 257/257/257 259/259/259 258/258/258
f 259/259/259 260/260/260 258/258/258
f 258/258/258 260/260/260 235/235/235
f 259/259/259 261/261/261 260/260/260
f 260/260/260 262/262/262 235/235/235
f 235/235/235 262/262/262 228/228/228
f 262/262/262 224/224/224 228/228/228
f 261/261/261 263/263/263 260/260/260
f 260/260/260 263/263/263 262/262/262
f 261/261/261 264/264/264 263/263/263
f 262/262/262 265/265/265 224/224/224
f 263/263/263 265/265/265 262/262/262
f 265/265/265 220/220/220 224/224/224
f 264/264/264 266/266/266 263/263/263
f 263/263/263 266/266/266 265/265/265
f 264/264/264 267/267/267 266/266/266
f 265/265/265 268/268/268 220/220/220
f 266/266/266 268/268/268 265/265/265
f 268/268/268 216/216/216 220/220/220
f 267/267/267 269/269/269 266/266/266
f 266/266/266 269/269/269 268/268/268
f 267/267/267 270/270/270 269/269/269
f 268/268/268 271/271/271 216/216/216
f 269/269/269 271/271/271 268/268/268
f 271/271/271 212/212/212 216/216/216
f 270/270/270 272/272/272 269/269/269
f 269/269/269 272/272/272 271/271/271
f 270/270/270 273/273/273 272/272/272
f 271/271/271 274/274/274 212/212/212
f 272/272/272 274/274/274 271/271/271
f 274/274/274 208/208/208 212/212/212
f 273/273/273 275/275/275 272/272/272
f 272/272/272 275/275/275 274/274/274
f 273/273/273 276/276/276 275/275/275
f 274/274/274 277/277/277 208/208/208
f 275/275/275 277/277/277 274/274/274
f 277/277/277 204/204/204 208/208/208
f 276/276/276 278/278/278 275/275/275
f 275/275/275 278/278/278 277/277/277
f 276/276/276 279/279/279 278/278/278
f 277/277/277 280/280/280 204/204/204
f 278/278/278 280/280/280 277/277/277
f 280/280/280 200/200/200 204/204/204
f 279/279/279 281/281/281 278/278/278
f 278/278/278 281/281/281 280/280/280
f 279/279/279 282/282/282 281/281/281
f 280/280/280 283/283/283 200/200/200
f 281/281/281 283/283/283 280/280/280
f 283/283/283 196/196/196 200/200/200
f 282/282/282 284/284/284 281/281/281
f 281/281/281 284/284/284 283/283/283
f 282/282/282 285/285/285 284/284/284
f 283/283/283 286/286/286 196/196/196
f 284/284/284 286/286/286 283/283/283
f 286/286/286 191/191/191 196/196/196
f 285/285/285 287/287/287 284/284/284
f 284/284/284 287/287/287 286/286/286
f 285/285/285 288/288/288 287/287/287
f 286/286/286 289/289/289 191/191/191
f 287/287/287 289/289/289 286/286/286
f 289/289/289 190/190/190 191/191/191
f 288/288/288 290/290/290 287/287/287
f 287/287/287 290/290/290 289/289/289
f 288/288/288 291/291/291 290/290/290
f 289/289/289 292/292/292 190/190/190
f 290/290/290 292/292/292 289/289/289
f 292/292/292 194/194/194 190/190/190
f 291/291/291 293/293/293 290/290/290
f 290/290/290 293/293/293 292/292/292
f 291/291/291 294/294/294 293/293/293
f 292/292/292 295/295/295 194/194/194
f 293/293/293 295/295/295 292/292/292
f 295/295/295 198/198/198 194/194/194
f 294/294/294 296/296/296 293/293/293
f 293/293/293 296/296/296 295/295/295
f 294/294/294 297/297/297 296/296/296
f 295/295/295 298/298/298 198/198/198
f 296/296/296 298/298/298 295/295/295
f 298/298/298 202/202/202 198/198/198
f 297/297/297 299/299/299 296/296/296
f 296/296/296 299/299/299 298/298/298
f 297/297/297 300/300/300 299/299/299
f 298/298/298 301/301/301 202/202/202
f 299/299/299 301/301/301 298/298/298
f 301/301/301 206/206/206 202/202/202
f 300/300/300 302/302/302 299/299/299
f 299/299/299 302/302/302 301/301/301
f 300/300/300 255/255/255 302/302/302
f 255/255/255 254/254/254 302/302/302
f 301/301/301 303/303/303 206/206/206
f 302/302/302 303/303/303 301/301/301
f 302/302/302 254/254/254 303/303/303
f 303/303/303 210/210/210 206/206/206
f 254/254/254 245/245/245 303/303/303
f 303/303/303 245/245/245 210/210/210
f 306/306/306 305/305/305 304/304/304
f 305/305/305 307/307/307 304/304/304
f 306/306/306 304/304/304 308/308/308
f 305/305/305 309/309/309 307/307/307
f 310/310/310 306/306/306 308/308/308
f 309/309/309 311/311/311 307/307/307
f 310/310/310 308/308/308 312/312/312
f 309/309/309 313/313/313 311/311/311
f 314/314/314 310/310/310 312/312/312
f 313/313/313 315/315/315 311/311/311
f 314/314/314 312/312/312 316/316/316
f 313/313/313 317/317/317 315/315/315
f 318/318/318 314/314/314 316/316/316
f 317/317/317 319/319/319 315/315/315
f 318/318/318 316/316/316 320/320/320
f 317/317/317 321/321/321 319/319/319
f 322/322/322 318/318/318 320/320/320
f 321/321/321 323/323/323 319/319/319
f 322/322/322 320/320/320 324/324/324
f 321/321/321 325/325/325 323/323/323
f 326/326/326 322/322/322 324/324/324
f 325/325/325 327/327/327 323/323/323
f 326/326/326 324/324/324 328/328/328
f 325/325/325 329/329/329 327/327/327
f 330/330/330 326/326/326 328/328/328
f 329/329/329 331/331/331 327/327/327
f 330/330/330 328/328/328 332/332/332
f 329/329/329 333/333/333 331/331/331
f 334/334/334 330/330/330 332/332/332
f 333/333/333 335/335/335 331/331/331
f 334/334/334 332/332/332 336/336/336
f 333/333/333 337/337/337 335/335/335
f 338/338/338 334/334/334 336/336/336
f 337/337/337 339/339/339 335/335/335
f 338/338/338 336/336/336 340/340/340
f 337/337/337 341/341/341 339/339/339
f 342/342/342 338/338/338 340/340/340
f 341/341/341 343/343/343 339/339/339
f 342/342/342 340/340/340 344/344/344
f 341/341/341 345/345/345 343/343/343
f 346/346/346 342/342/342 344/344/344
f 345/345/345 347/347/347 343/343/343
f 346/346/346 344/344/344 348/348/348
f 345/345/345 349/349/349 347/347/347
f 349/349/349 346/346/346 348/348/348
f 349/349/349 348/348/348 347/347/347
f 352/352/352 351/351/351 350/350/350
f 351/351/351 353/353/353 350/350/350
f 352/352/352 350/350/350 354/354/354
f 351/351/351 355/355/355 353/353/353
f 355/355/355 356/356/356 353/353/353
f 357/357/357 352/352/352 354/354/354
f 357/357/357 354/354/354 358/358/358
f 355/355/355 359/359/359 356/356/356
f 359/359/359 360/360/360 356/356/356
f 361/361/361 357/357/357 358/358/358
f 361/361/361 358/358/358 362/362/362
f 359/359/359 363/363/363 360/360/360
f 363/363/363 364/364/364 360/360/360
f 365/365/365 361/361/361 362/362/362
f 365/365/365 362/362/362 366/366/366
f 363/363/363 367/367/367 364/364/364
f 367/367/367 368/368/368 364/364/364
f 369/369/369 365/365/365 366/366/366
f 369/369/369 366/366/366 370/370/370
f 367/367/367 371/371/371 368/368/368
f 371/371/371 372/372/372 368/368/368
f 373/373/373 369/369/369 370/370/370
f 373/373/373 370/370/370 374/374/374
f 371/371/371 375/375/375 372/372/372
f 375/375/375 376/376/376 372/372/372
f 377/377/377 373/373/373 374/374/374
f 377/377/377 374/374/374 378/378/378
f 375/375/375 379/379/379 376/376/376
f 379/379/379 380/380/380 376/376/376
f 381/381/381 377/377/377 378/378/378
f 381/381/381 378/378/378 382/382/382
f 379/379/379 383/383/383 380/380/380
f 383/383/383 384/384/384 380/380/380
f 385/385/385 381/381/381 382/382/382
f 385/385/385 382/382/382 386/386/386
f 383/383/383 387/387/387 384/384/384
f 387/387/387 388/388/388 384/384/384
f 389/389/389 385/385/385 386/386/386
f 389/389/389 386/386/386 390/390/390
f 387/387/387 391/391/391 388/388/388
f 391/391/391 392/392/392 388/388/388
f 393/393/393 389/389/389 390/390/390
f 393/393/393 390/390/390 394/394/394
f 395/395/395 394/394/394 392/392/392
f 395/395/395 393/393/393 394/394/394
f 391/391/391 395/395/395 392/392/392
f 396/396/396 389/389/389 393/393/393
f 397/397/397 393/393/393 395/395/395
f 397/397/397 396/396/396 393/393/393
f 398/398/398 395/395/395 391/391/391
f 398/398/398 397/397/397 395/395/395
f 399/399/399 391/391/391 387/387/387
f 399/399/399 398/398/398 391/391/391
f 400/400/400 387/387/387 383/383/383
f 400/400/400 399/399/399 387/387/387
f 401/401/401 400/400/400 383/383/383
f 401/401/401 383/383/383 379/379/379
f 402/402/402 399/399/399 400/400/400
f 403/403/403 401/401/401 379/379/379
f 403/403/403 379/379/379 375/375/375
f 404/404/404 400/400/400 401/401/401
f 404/404/404 402/402/402 400/400/400
f 405/405/405 401/401/401 403/403/403
f 405/405/405 404/404/404 401/401/401
f 406/406/406 403/403/403 375/375/375
f 406/406/406 375/375/375 371/371/371
f 407/407/407 404/404/404 405/405/405
f 407/407/407 408/408/408 404/404/404
f 408/408/408 402/402/402 404/404/404
f 409/409/409 407/407/407 405/405/405
f 408/408/408 410/410/410 402/402/402
f 409/409/409 405/405/405 411/411/411
f 411/411/411 405/405/405 403/403/403
f 411/411/411 403/403/403 406/406/406
f 412/412/412 409/409/409 411/411/411
f 410/410/410 413/413/413 402/402/402
f 402/402/402 413/413/413 399/399/399
f 413/413/413 398/398/398 399/399/399
f 410/410/410 414/414/414 413/413/413
f 412/412/412 411/411/411 415/415/415
f 415/415/415 411/411/411 406/406/406
f 416/416/416 412/412/412 415/415/415
f 414/414/414 417/417/417 413/413/413
f 413/413/413 417/417/417 398/398/398
f 417/417/417 397/397/397 398/398/398
f 414/414/414 418/418/418 417/417/417
f 417/417/417 419/419/419 397/397/397
f 418/418/418 419/419/419 417/417/417
f 419/419/419 396/396/396 397/397/397
f 418/418/418 420/420/420 419/419/419
f 420/420/420 421/421/421 419/419/419
f 419/419/419 421/421/421 396/396/396
f 420/420/420 422/422/422 421/421/421
f 421/421/421 423/423/423 396/396/396
f 396/396/396 423/423/423 389/389/389
f 423/423/423 385/385/385 389/389/389
f 422/422/422 424/424/424 421/421/421
f 421/421/421 424/424/424 423/423/423
f 422/422/422 425/425/425 424/424/424
f 423/423/423 426/426/426 385/385/385
f 424/424/424 426/426/426 423/423/423
f 426/426/426 381/381/381 385/385/385
f 425/425/425 427/427/427 424/424/424
f 424/424/424 427/427/427 426/426/426
f 425/425/425 428/428/428 427/427/427
f 426/426/426 429/429/429 381/381/381
f 427/427/427 429/429/429 426/426/426
f 429/429/429 377/377/377 381/381/381
f 428/428/428 430/430/430 427/427/427
f 427/427/427 430/430/430 429/429/429
f 428/428/428 431/431/431 430/430/430
f 429/429/429 432/432/432 377/377/377
f 430/430/430 432/432/432 429/429/429
f 432/432/432 373/373/373 377/377/377
f 431/431/431 433/433/433 430/430/430
f 430/430/430 433/433/433 432/432/432
f 431/431/431 434/434/434 433/433/433
f 432/432/432 435/435/435 373/373/373
f 433/433/433 435/435/435 432/432/432
f 435/435/435 369/369/369 373/373/373
f 434/434/434 436/436/436 433/433/433
f 433/433/433 436/436/436 435/435/435
f 434/434/434 437/437/437 436/436/436
f 435/435/435 438/438/438 369/369/369
f 436/436/436 438/438/438 435/435/435
f 438/438/438 365/365/365 369/369/369
f 437/437/437 439/439/439 436/436/436
f 436/436/436 439/439/439 438/438/438
f 437/437/437 440/440/440 439/439/439
f 438/438/438 441/441/441 365/365/365
f 439/439/439 441/441/441 438/438/438
f 441/441/441 361/361/361 365/365/365
f 440/440/440 442/442/442 439/439/439
f 439/439/439 442/442/442 441/441/441
f 440/440/440 443/443/443 442/442/442
f 441/441/441 444/444/444 361/361/361
f 442/442/442 444/444/444 441/441/441
f 444/444/444 357/357/357 361/361/361
f 443/443/443 445/445/445 442/442/442
f 442/442/442 445/445/445 444/444/444
f 443/443/443 446/446/446 445/445/445
f 444/444/444 447/447/447 357/357/357
f 445/445/445 447/447/447 444/444/444
f 447/447/447 352/352/352 357/357/357
f 446/446/446 448/448/448 445/445/445
f 445/445/445 448/448/448 447/447/447
f 446/446/446 449/449/449 448/448/448
f 447/447/447 450/450/450 352/352/352
f 448/448/448 450/450/450 447/447/447
f 450/450/450 351/351/351 352/352/352
f 449/449/449 451/451/451 448/448/448
f 448/448/448 451/451/451 450/450/450
f 449/449/449 452/452/452 451/451/451
f 450/450/450 453/453/453 351/351/351
f 451/451/451 453/453/453 450/450/450
f 453/453/453 355/355/355 351/351/351
f 452/452/452 454/454/454 451/451/451
f 451/451/451 454/454/454 453/453/453
f 452/452/452 455/455/455 454/454/454
f 453/453/453 456/456/456 355/355/355
f 454/454/454 456/456/456 453/453/453
f 456/456/456 359/359/359 355/355/355
f 455/455/455 457/457/457 454/454/454
f 454/454/454 457/457/457 456/456/456
f 455/455/455 458/458/458 457/457/457
f 456/456/456 459/459/459 359/359/359
f 457/457/457 459/459/459 456/456/456
f 459/459/459 363/363/363 359/359/359
f 458/458/458 460/460/460 457/457/457
f 457/457/457 460/460/460 459/459/459
f 458/458/458 461/461/461 460/460/460
f 459/459/459 462/462/462 363/363/363
f 460/460/460 462/462/462 459/459/459
f 462/462/462 367/367/367 363/363/363
f 461/461/461 463/463/463 460/460/460
f 460/460/460 463/463/463 462/462/462
f 461/461/461 416/416/416 463/463/463
f 416/416/416 415/415/415 463/463/463
f 462/462/462 464/464/464 367/367/367
f 463/463/463 464/464/464 462/462/462
f 463/463/463 415/415/415 464/464/464
f 464/464/464 371/371/371 367/367/367
f 415/415/415 406/406/406 464/464/464
f 464/464/464 406/406/406 371/371/371
f 467/467/467 466/466/466 465/465/465
f 466/466/466 468/468/468 465/465/465
f 467/467/467 465/465/465 469/469/469
f 466/466/466 470/470/470 468/468/468
f 471/471/471 467/467/467 469/469/469
f 470/470/470 472/472/472 468/468/468
f 471/471/471 469/469/469 473/473/473
f 470/470/470 474/474/474 472/472/472
f 475/475/475 471/471/471 473/473/473
f 474/474/474 476/476/476 472/472/472
f 475/475/475 473/473/473 477/477/477
f 474/474/474 478/478/478 476/476/476
f 479/479/479 475/475/475 477/477/477
f 478/478/478 480/480/480 476/476/476
f 479/479/479 477/477/477 481/481/481
f 478/478/478 482/482/482 480/480/480
f 483/483/483 479/479/479 481/481/481
f 482/482/482 484/484/484 480/480/480
f 483/483/483 481/481/481 485/485/485
f 482/482/482 486/486/486 484/484/484
f 487/487/487 483/483/483 485/485/485
f 486/486/486 488/488/488 484/484/484
f 487/487/487 485/485/485 489/489/489
f 486/486/486 490/490/490 488/488/488
f 491/491/491 487/487/487 489/489/489
f 490/490/490 492/492/492 488/488/488
f 491/491/491 489/489/489 493/493/493
f 490/490/490 494/494/494 492/492/492
f 495/495/495 491/491/491 493/493/493
f 494/494/494 496/496/496 492/492/492
f 495/495/495 493/493/493 497/497/497
f 494/494/494 498/498/498 496/496/496
f 499/499/499 495/495/495 497/497/497
f 498/498/498 500/500/500 496/496/496
f 499/499/499 497/497/497 501/501/501
f 498/498/498 502/502/502 500/500/500
f 503/503/503 499/499/499 501/501/501
f 502/502/502 504/504/504 500/500/500
f 503/503/503 501/501/501 505/505/505
f 502/502/502 506/506/506 504/504/504
f 507/507/507 503/503/503 505/505/505
f 506/506/506 508/508/508 504/504/504
f 507/507/507 505/505/505 509/509/509
f 506/506/506 510/510/510 508/508/508
f 510/510/510 507/507/507 509/509/509
f 510/510/510 509/509/509 508/508/508
f 513/513/513 512/512/512 511/511/511
f 512/512/512 514/514/514 511/511/511
f 513/513/513 511/511/511 515/515/515
f 512/512/512 516/516/516 514/514/514
f 516/516/516 517/517/517 514/514/514
f 518/518/518 513/513/513 515/515/515
f 518/518/518 515/515/515 519/519/519
f 516/516/516 520/520/520 517/517/517
f 520/520/520 521/521/521 517/517/517
f 522/522/522 518/518/518 519/519/519
f 522/522/522 519/519/519 523/523/523
f 520/520/520 524/524/524 521/521/521
f 524/524/524 525/525/525 521/521/521
f 526/526/526 522/522/522 523/523/523
f 526/526/526 523/523/523 527/527/527
f 524/524/524 528/528/528 525/525/525
f 528/528/528 529/529/529 525/525/525
f 530/530/530 526/526/526 527/527/527
f 530/530/530 527/527/527 531/531/531
f 528/528/528 532/532/532 529/529/529
f 532/532/532 533/533/533 529/529/529
f 534/534/534 530/530/530 531/531/531
f 534/534/534 531/531/531 535/535/535
f 532/532/532 536/536/536 533/533/533
f 536/536/536 537/537/537 533/533/533
f 538/538/538 534/534/534 535/535/535
f 538/538/538 535/535/535 539/539/539
f 536/536/536 540/540/540 537/537/537
f 540/540/540 541/541/541 537/537/537
f 542/542/542 538/538/538 539/539/539
f 542/542/542 539/539/539 543/543/543
f 540/540/540 544/544/544 541/541/541
f 544/544/544 545/545/545 541/541/541
f 546/546/546 542/542/542 543/543/543
f 546/546/546 543/543/543 547/547/547
f 544/544/544 548/548/548 545/545/545
f 548/548/548 549/549/549 545/545/545
f 550/550/550 546/546/546 547/547/547
f 550/550/550 547/547/547 551/551/551
f 548/548/548 552/552/552 549/549/549
f 552/552/552 553/553/553 549/549/549
f 554/554/554 550/550/550 551/551/551
f 554/554/554 551/551/551 555/555/555
f 556/556/556 555/555/555 553/553/553
f 556/556/556 554/554/554 555/555/555
f 552/552/552 556/556/556 553/553/553
f 557/557/557 550/550/550 554/554/554
f 558/558/558 554/554/554 556/556/556
f 558/558/558 557/557/557 554/554/554
f 559/559/559 556/556/556 552/552/552
f 559/559/559 558/558/558 556/556/556
f 560/560/560 552/552/552 548/548/548
f 560/560/560 559/559/559 552/552/552
f 561/561/561 548/548/548 544/544/544
f 561/561/561 560/560/560 548/548/548
f 562/562/562 561/561/561 544/544/544
f 562/562/562 544/544/544 540/540/540
f 563/563/563 560/560/560 561/561/561
f 564/564/564 562/562/562 540/540/540
f 564/564/564 540/540/540 536/536/536
f 565/565/565 561/561/561 562/562/562
f 565/565/565 563/563/563 561/561/561
f 566/566/566 562/562/562 564/564/564
f 566/566/566 565/565/565 562/562/562
f 567/567/567 564/564/564 536/536/536
f 567/567/567 536/536/536 532/532/532
f 568/568/568 565/565/565 566/566/566
f 568/568/568 569/569/569 565/565/565
f 569/569/569 563/563/563 565/565/565
f 570/570/570 568/568/568 566/566/566
f 569/569/569 571/571/571 563/563/563
f 570/570/570 566/566/566 572/572/572
f 572/572/572 566/566/566 564/564/564
f 572/572/572 564/564/564 567/567/567
f 573/573/573 570/570/570 572/572/572
f 571/571/571 574/574/574 563/563/563
f 563/563/563 574/574/574 560/560/560
f 574/574/574 559/559/559 560/560/560
f 571/571/571 575/575/575 574/574/574
f 573/573/573 572/572/572 576/576/576
f 576/576/576 572/572/572 567/567/567
f 577/577/577 573/573/573 576/576/576
f 575/575/575 578/578/578 574/574/574
f 574/574/574 578/578/578 559/559/559
f 578/578/578 558/558/558 559/559/559
f 575/575/575 579/579/579 578/578/578
f 578/578/578 580/580/580 558/558/558
f 579/579/579 580/580/580 578/578/578
f 580/580/580 557/557/557 558/558/558
f 579/579/579 581/581/581 580/580/580
f 581/581/581 582/582/582 580/580/580
f 580/580/580 582/582/582 557/557/557
f 581/581/581 583/583/583 582/582/582
f 582/582/582 584/584/584 557/557/557
f 557/557/557 584/584/584 550/550/550
f 584/584/584 546/546/546 550/550/550
f 583/583/583 585/585/585 582/582/582
f 582/582/582 585/585/585 584/584/584
f 583/583/583 586/586/586 585/585/585
f 584/584/584 587/587/587 546/546/546
f 585/585/585 587/587/587 584/584/584
f 587/587/587 542/542/542 546/546/546
f 586/586/586 588/588/588 585/585/585
f 585/585/585 588/588/588 587/587/587
f 586/586/586 589/589/589 588/588/588
f 587/587/587 590/590/590 542/542/542
f 588/588/588 590/590/590 587/587/587
f 590/590/590 538/538/538 542/542/542
f 589/589/589 591/591/591 588/588/588
f 588/588/588 591/591/591 590/590/590
f 589/589/589 592/592/592 591/591/591
f 590/590/590 593/593/593 538/538/538
f 591/591/591 593/593/593 590/590/590
f 593/593/593 534/534/534 538/538/538
f 592/592/592 594/594/594 591/591/591
f 591/591/591 594/594/594 593/593/593
f 592/592/592 595/595/595 594/594/594
f 593/593/593 596/596/596 534/534/534
f 594/594/594 596/596/596 593/593/593
f 596/596/596 530/530/530 534/534/534
f 595/595/595 597/597/597 594/594/594
f 594/594/594 597/597/597 596/596/596
f 595/595/595 598/598/598 597/597/597
f 596/596/596 599/599/599 530/530/530
f 597/597/597 599/599/599 596/596/596
f 599/599/599 526/526/526 530/530/530
f 598/598/598 600/600/600 597/597/597
f 597/597/597 600/600/600 599/599/599
f 598/598/598 601/601/601 600/600/600
f 599/599/599 602/602/602 526/526/526
f 600/600/600 602/602/602 599/599/599
f 602/602/602 522/522/522 526/526/526
f 601/601/601 603/603/603 600/600/600
f 600/600/600 603/603/603 602/602/602
f 601/601/601 604/604/604 603/603/603
f 602/602/602 605/605/605 522/522/522
f 603/603/603 605/605/605 602/602/602
f 605/605/605 518/518/518 522/522/522
f 604/604/604 606/606/606 603/603/603
f 603/603/603 606/606/606 605/605/605
f 604/604/604 607/607/607 606/606/606
f 605/605/605 608/608/608 518/518/518
f 606/606/606 608/608/608 605/605/605
f 608/608/608 513/513/513 518/518/518
f 607/607/607 609/609/609 606/606/606
f 606/606/606 609/609/609 608/608/608
f 607/607/607 610/610/610 609/609/609
f 608/608/608 611/611/611 513/513/513
f 609/609/609 611/611/611 608/608/608
f 611/611/611 512/512/512 513/513/513
f 610/610/610 612/612/612 609/609/609
f 609/609/609 612/612/612 611/611/611
f 610/610/610 613/613/613 612/612/612
f 611/611/611 614/614/614 512/512/512
f 612/612/612 614/614/614 611/611/611
f 614/614/614 516/516/516 512/512/512
f 613/613/613 615/615/615 612/612/612
f 612/612/612 615/615/615 614/614/614
f 613/613/613 616/616/616 615/615/615
f 614/614/614 617/617/617 516/516/516
f 615/615/615 617/617/617 614/614/614
f 617/617/617 520/520/520 516/516/516
f 616/616/616 618/618/618 615/615/615
f 615/615/615 618/618/618 617/617/617
f 616/616/616 619/619/619 618/618/618
f 617/617/617 620/620/620 520/520/520
f 618/618/618 620/620/620 617/617/617
f 620/620/620 524/524/524 520/520/520
f 619/619/619 621/621/621 618/618/618
f 618/618/618 621/621/621 620/620/620
f 619/619/619 622/622/622 621/621/621
f 620/620/620 623/623/623 524/524/524
f 621/621/621 623/623/623 620/620/620
f 623/623/623 528/528/528 524/524/524
f 622/622/622 624/624/624 621/621/621
f 621/621/621 624/624/624 623/623/623
f 622/622/622 577/577/577 624/624/624
f 577/577/577 576/576/576 624/624/624
f 623/623/623 625/625/625 528/528/528
f 624/624/624 625/625/625 623/623/623
f 624/624/624 576/576/576 625/625/625
f 625/625/625 532/532/532 528/528/528
f 576/576/576 567/567/567 625/625/625
f 625/625/625 567/567/567 532/532/532
f 628/628/628 627/627/627 626/626/626
f 627/627/627 629/629/629 626/626/626
f 628/628/628 626/626/626 630/630/630
f 627/627/627 631/631/631 629/629/629
f 632/632/632 628/628/628 630/630/630
f 631/631/631 633/633/633 629/629/629
f 632/632/632 630/630/630 634/634/634
f 631/631/631 635/635/635 633/633/633
f 636/636/636 632/632/632 634/634/634
f 635/635/635 637/637/637 633/633/633
f 636/636/636 634/634/634 638/638/638
f 635/635/635 639/639/639 637/637/637
f 640/640/640 636/636/636 638/638/638
f 639/639/639 641/641/641 637/637/637
f 640/640/640 638/638/638 642/642/642
f 639/639/639 643/643/643 641/641/641
f 644/644/644 640/640/640 642/642/642
f 643/643/643 645/645/645 641/641/641
f 644/644/644 642/642/642 646/646/646
f 643/643/643 647/647/647 645/645/645
f 648/648/648 644/644/644 646/646/646
f 647/647/647 649/649/649 645/645/645
f 648/648/648 646/646/646 650/650/650
f 647/647/647 651/651/651 649/649/649
f 652/652/652 648/648/648 650/650/650
f 651/651/651 653/653/653 649/649/649
f 652/652/652 650/650/650 654/654/654
f 651/651/651 655/655/655 653/653/653
f 656/656/656 652/652/652 654/654/654
f 655/655/655 657/657/657 653/653/653
f 656/656/656 654/654/654 658/658/658
f 655/655/655 659/659/659 657/657/657
f 660/660/660 656/656/656 658/658/658
f 659/659/659 661/661/661 657/657/657
f 660/660/660 658/658/658 662/662/662
f 659/659/659 663/663/663 661/661/661
f 664/664/664 660/660/660 662/662/662
f 663/663/663 665/665/665 661/661/661
f 664/664/664 662/662/662 666/666/666
f 663/663/663 667/667/667 665/665/665
f 668/668/668 664/664/664 666/666/666
f 667/667/667 669/669/669 665/665/665
f 668/668/668 666/666/666 670/670/670
f 667/667/667 671/671/671 669/669/669
f 671/671/671 668/668/668 670/670/670
f 671/671/671 670/670/670 669/669/669
f 674/674/674 673/673/673 672/672/672
f 675/675/675 672/672/672 673/673/673
f 678/678/678 677/677/677 676/676/676
f 679/679/679 676/676/676 677/677/677
f 682/682/682 681/681/681 680/680/680
f 683/683/683 680/680/680 681/681/681
f 686/686/686 685/685/685 684/684/684
f 688/688/688 687/687/687 685/685/685
f 685/685/685 687/687/687 684/684/684
f 687/687/687 689/689/689 684/684/684
f 684/684/684 689/689/689 690/690/690
f 691/691/691 689/689/689 687/687/687
f 694/694/694 693/693/693 692/692/692
f 695/695/695 692/692/692 693/693/693
f 698/698/698 697/697/697 696/696/696
f 699/699/699 696/696/696 697/697/697
f 702/702/702 701/701/701 700/700/700
f 703/703/703 700/700/700 701/701/701
f 706/706/706 705/705/705 704/704/704
f 708/708/708 707/707/707 705/705/705
f 705/705/705 707/707/707 704/704/704
f 707/707/707 709/709/709 704/704/704
f 704/704/704 709/709/709 710/710/710
f 711/711/711 709/709/709 707/707/707
f 714/714/714 713/713/713 712/712/712
f 715/715/715 712/712/712 713/713/713
f 718/718/718 717/717/717 716/716/716
f 719/719/719 716/716/716 717/717/717
f 722/722/722 721/721/721 720/720/720
f 723/723/723 720/720/720 721/721/721
f 726/726/726 725/725/725 724/724/724
f 728/728/728 727/727/727 725/725/725
f 725/725/725 727/727/727 724/724/724
f 727/727/727 729/729/729 724/724/724
f 724/724/724 729/729/729 730/730/730
f 731/731/731 729/729/729 727/727/727
f 734/734/734 733/733/733 732/732/732
f 735/735/735 732/732/732 733/733/733
f 738/738/738 737/737/737 736/736/736
f 739/739/739 736/736/736 737/737/737
f 742/742/742 741/741/741 740/740/740
f 743/743/743 740/740/740 741/741/741
f 746/746/746 745/745/745 744/744/744
f 748/748/748 747/747/747 745/745/745
f 745/745/745 747/747/747 744/744/744
f 747/747/747 749/749/749 744/744/744
f 744/744/744 749/749/749 750/750/750
f 751/751/751 749/749/749 747/747/747
f 754/754/754 753/753/753 752/752/752
f 757/757/757 756/756/756 755/755/755
f 760/760/760 759/759/759 758/758/758
f 763/763/763 762/762/762 761/761/761
f 766/766/766 765/765/765 764/764/764
f 769/769/769 768/768/768 767/767/767
f 772/772/772 771/771/771 770/770/770
f 775/775/775 774/774/774 773/773/773
f 778/778/778 777/777/777 776/776/776
f 781/781/781 780/780/780 779/779/779
f 784/784/784 783/783/783 782/782/782
f 787/787/787 786/786/786 785/785/785
f 790/790/790 789/789/789 788/788/788
f 793/793/793 792/792/792 791/791/791
f 796/796/796 795/795/795 794/794/794
f 799/799/799 798/798/798 797/797/797
f 800/800/800 797/797/797 798/798/798
f 803/803/803 802/802/802 801/801/801
f 804/804/804 801/801/801 802/802/802
f 807/807/807 806/806/806 805/805/805
f 808/808/808 805/805/805 806/806/806
f 811/811/811 810/810/810 809/809/809
f 812/812/812 809/809/809 810/810/810
f 815/815/815 814/814/814 813/813/813
f 816/816/816 813/813/813 814/814/814
f 819/819/819 818/818/818 817/817/817
f 820/820/820 817/817/817 818/818/818
f 823/823/823 822/822/822 821/821/821
f 824/824/824 821/821/821 822/822/822
f 827/827/827 826/826/826 825/825/825
f 828/828/828 825/825/825 826/826/826
f 831/831/831 830/830/830 829/829/829
f 832/832/832 829/829/829 830/830/830
f 835/835/835 834/834/834 833/833/833
f 836/836/836 833/833/833 834/834/834
f 839/839/839 838/838/838 837/837/837
f 840/840/840 837/837/837 838/838/838
f 843/843/843 842/842/842 841/841/841
f 844/844/844 841/841/841 842/842/842
f 847/847/847 846/846/846 845/845/845
f 848/848/848 845/845/845 846/846/846
f 851/851/851 850/850/850 849/849/849
f 852/852/852 849/849/849 850/850/850
f 855/855/855 854/854/854 853/853/853
f 856/856/856 853/853/853 854/854/854
f 859/859/859 858/858/858 857/857/857
f 860/860/860 857/857/857 858/858/858
