# VPXTOOL table OBJ file
# VPXTOOL OBJ file
# numVerts: 1255 numFaces: 2000
o PinCab_Rails
v 957.05066 2222.249 -133.57675
v 957.99524 2217.8052 -135.69774
v 965.3354 2215.3445 -134.86674
v 962.8778 2219.9954 -132.24774
v 956.72437 2224.798 -130.82773
v 962.8778 2219.9954 -132.24774
v 962.72473 2222.9187 -128.64574
v 962.9908 2224.923 -124.633736
v 956.6736 2226.326 -127.632744
v 967.6236 2221.674 -126.48575
v 966.6025 2219.5095 -130.18774
v 968.4399 2217.7458 -130.63574
v 965.3354 2215.3445 -134.86674
v 971.0343 2219.723 -125.90775
v 968.9414 2223.6604 -121.743744
v 970.3491 2216.164 -130.46075
v 973.4603 2221.5886 -120.44675
v 973.00476 2216.8516 -126.87975
v 970.574 2213.0847 -132.88274
v 972.84973 2207.9875 -135.02473
v 968.00256 2208.8901 -136.62874
v 975.3265 2200.0305 -136.87875
v 972.84973 2207.9875 -135.02473
v 970.8583 2200.3125 -137.78476
v 973.9341 2212.7893 -129.54973
v 970.8583 2200.3125 -137.78476
v 976.1514 2188.371 -138.44476
v 975.5906 2207.554 -132.53975
v 971.8104 2188.447 -139.12076
v 976.1514 2161.355 -141.31676
v 975.4815 2217.7554 -122.23174
v 976.33997 2212.7756 -125.71475
v 975.40106 2222.9521 -114.492744
v 970.22766 2225.082 -116.24674
v 977.4214 2218.448 -116.866745
v 976.53894 2223.4253 -108.28675
v 977.3697 2207.2637 -129.51074
v 978.4683 2218.503 -111.13574
v 977.0989 2223.1392 -101.11375
v 977.8865 2212.7268 -121.31675
v 978.91907 2217.8987 -103.94675
v 977.30365 2222.2263 -92.26275
v 978.66925 2212.3225 -116.29275
v 979.06934 2216.6155 -94.20475
v 977.32477 2221.2954 -84.908745
v 978.96985 2211.402 -108.95175
v 979.06934 2214.943 -82.83975
v 977.3324 2220.9585 -82.22375
v 979.06934 2215.3862 -85.85475
v 979.06934 2208.521 -83.49474
v 979.06934 2209.8035 -97.604744
v 979.06934 2208.8591 -87.19375
v 979.06934 2205.292 -83.81174
v 979.06934 2204.9944 -88.27774
v 979.06934 2203.8784 -83.94274
v 979.06934 2204.149 -101.01174
v 979.06934 2203.3074 -87.10074
v 979.06934 2202.905 -84.04174
v 979.0196 2205.5393 -113.658745
v 979.06934 2202.305 -86.70874
v 978.677 2200.7034 -84.15474
v 978.8693 2206.4194 -121.20875
v 978.7143 2200.3674 -86.55674
v 977.4979 2195.6042 -84.32674
v 978.39465 2206.9436 -125.78575
v 977.6482 2195.8726 -86.09974
v 976.3246 2190.5935 -84.49574
v 978.8118 2199.468 -93.12374
v 979.06934 2200.69 -94.063736
v 976.68256 2191.6116 -86.82074
v 975.94666 2188.656 -84.59574
v 978.04156 2196.6006 -90.80974
v 976.3725 2189.8926 -87.10974
v 976.072 2185.9385 -85.01675
v 977.6578 2194.405 -93.21674
v 976.48157 2187.0378 -87.55274
v 976.4137 2178.5898 -86.15374
v 977.53613 2193.2893 -94.07874
v 978.71625 2197.7114 -99.07374
v 976.7783 2179.368 -88.73874
v 977.2463 2155.4187 -89.09175
v 977.59845 2190.0537 -94.56874
v 978.68646 2196.6484 -101.128746
v 977.4979 2155.7869 -91.76075
v 978.3497 2126.149 -92.21675
v 977.76776 2181.503 -95.86374
v 978.44916 2126.6055 -94.91176
v 978.8894 2113.022 -94.194756
v 978.1764 2156.7969 -99.08275
v 978.70184 2193.0325 -101.66474
v 978.9143 2113.587 -97.17775
v 979.06934 2105.17 -96.77375
v 978.74396 2183.6174 -103.06374
v 978.71716 2127.8567 -102.31075
v 979.06934 2105.8845 -100.60576
v 979.06934 2100.4673 -100.18776
v 978.98126 2115.1177 -105.45076
v 978.98126 2129.4653 -111.35575
v 979.06934 2101.578 -101.807755
v 979.06934 2096.7886 -104.667755
v 979.06934 2107.7866 -111.460754
v 979.06934 2099.6353 -106.49876
v 979.06934 2094.117 -110.08176
v 979.06934 2097.0454 -113.25775
v 979.06934 2092.4333 -116.29976
v 979.06934 2094.4 -119.44875
v 979.06934 2091.8113 -123.67776
v 979.0301 2120.5537 -113.12376
v 979.06934 2093.0676 -124.596756
v 979.06934 2092.321 -132.57376
v 979.06934 2105.3904 -122.35075
v 979.06934 2118.323 -120.91276
v 979.06934 2094.329 -131.58975
v 978.9239 2093.2017 -140.48476
v 979.06934 2099.7954 -128.62276
v 978.9239 2096.3406 -139.96176
v 978.48553 2093.6936 -144.90475
v 978.9239 2105.2021 -138.42975
v 978.48553 2097.209 -144.53577
v 977.6109 2093.9421 -147.13776
v 978.48553 2107.2031 -143.48076
v 979.0043 2119.862 -135.49875
v 977.6109 2097.4573 -146.76776
v 976.1514 2094.093 -148.48676
v 976.1514 2097.6072 -148.11676
v 976.1514 2107.6016 -147.06075
v 977.6109 2107.452 -145.71274
v 976.1514 2120.9033 -145.64577
v 978.48553 2120.505 -142.06775
v 977.6109 2120.7534 -144.29976
v 976.1514 2134.341 -144.20876
v 977.6109 2134.1912 -142.86476
v 976.1514 2161.355 -141.31676
v 978.48553 2133.9438 -140.63376
v 977.6109 2161.206 -139.97575
v 977.6109 2188.2224 -137.10776
v 976.1514 2188.371 -138.44476
v 975.3265 2200.0305 -136.87875
v 978.48553 2160.9578 -137.74776
v 978.9239 2134.653 -136.50175
v 977.1056 2199.81 -135.25475
v 978.48553 2187.9749 -134.88077
v 978.2071 2199.5522 -132.82776
v 978.9239 2160.4377 -132.65976
v 978.9239 2188.7883 -131.96176
v 978.79083 2199.4968 -129.56775
v 979.0196 2199.888 -125.44074
v 979.06934 2137.378 -129.45276
v 979.06934 2133.3384 -125.070755
v 979.06934 2159.4746 -122.740746
v 979.06934 2130.9976 -118.99075
v 979.06934 2158.5657 -113.27975
v 979.06934 2158.2092 -109.56875
v 978.8463 2157.816 -106.52775
v 979.06934 2183.4924 -108.59774
v 979.06934 2184.3308 -105.87374
v 979.06934 2194.0173 -104.436745
v 979.06934 2186.133 -117.43174
v 979.06934 2192.0413 -107.98974
v 979.06934 2197.775 -103.88174
v 979.06934 2198.8992 -101.368744
v 979.06934 2196.4517 -107.200745
v 979.06934 2198.949 -103.94174
v 979.06934 2198.8386 -110.63574
v 979.06934 2201.754 -95.928734
v 979.06934 2192.4646 -115.952736
v 979.0569 2198.8293 -119.77674
v 979.06934 2189.644 -124.83574
v 979.06934 2191.825 -128.54576
v 979.0043 2176.2664 -130.64275
v 615.8639 2221.2559 -136.10574
v 558.62573 2221.1821 -135.43474
v 558.62573 2212.6458 -136.47874
v 615.8639 2225.4438 -135.04874
v 558.62573 2225.3672 -134.35974
v 676.05634 2225.4875 -135.43773
v 499.90802 2221.1746 -135.37674
v 499.90802 2225.3586 -134.28773
v 439.70892 2225.416 -134.79474
v 676.05634 2221.2996 -136.49574
v 743.1622 2225.4307 -134.93074
v 499.90802 2212.6426 -136.44774
v 439.70892 2221.233 -135.89474
v 615.8639 2212.7163 -137.11174
v 743.1622 2221.2466 -136.01974
v 814.1485 2225.3723 -134.40274
v 676.05634 2212.76 -137.50273
v 615.8639 2201.2964 -138.15773
v 814.1485 2221.1902 -135.51575
v 743.1622 2212.7144 -137.09174
v 676.05634 2201.3398 -138.54874
v 876.1095 2221.179 -135.41673
v 876.1095 2225.3586 -134.28973
v 928.4373 2225.3774 -134.44875
v 814.1485 2212.6633 -136.64275
v 928.4373 2221.1968 -135.56874
v 939.6457 2225.3828 -134.49475
v 876.1095 2212.6563 -136.57175
v 928.4373 2212.6707 -136.70673
v 939.6457 2221.2007 -135.61073
v 949.2607 2224.6016 -134.28674
v 939.6457 2212.6748 -136.74173
v 949.4971 2220.3542 -135.65175
v 957.99524 2217.8052 -135.69774
v 957.05066 2222.249 -133.57675
v 949.97363 2212.1548 -136.82474
v 959.90155 2210.5864 -137.00974
v 965.3354 2215.3445 -134.86674
v 968.00256 2208.8901 -136.62874
v 950.42053 2201.1465 -137.99774
v 961.6902 2200.7554 -138.04877
v 939.6457 2201.2754 -137.96574
v 962.28735 2188.4731 -139.35576
v 950.5698 2188.4731 -139.36075
v 928.4373 2201.2722 -137.94273
v 939.6457 2188.4731 -139.35675
v 950.5698 2161.4653 -142.30276
v 962.28735 2161.46 -142.26375
v 971.8104 2161.4321 -142.00375
v 876.1095 2201.2607 -137.83075
v 970.6917 2133.3801 -145.02576
v 976.1514 2134.341 -144.20876
v 976.1514 2120.9033 -145.64577
v 957.81433 2130.2976 -145.67276
v 971.5243 2120.7212 -146.37775
v 976.1514 2107.6016 -147.06075
v 961.14374 2119.9766 -146.76675
v 971.8019 2107.6807 -147.76775
v 976.1514 2097.6072 -148.11676
v 971.8019 2094.1719 -149.19675
v 976.1514 2094.093 -148.48676
v 971.8019 2097.6863 -148.82675
v 962.2529 2094.2075 -149.51576
v 962.2529 2107.715 -148.07674
v 962.2529 2097.7227 -149.14275
v 952.9719 2094.2158 -149.58975
v 952.6226 2118.1628 -147.01274
v 952.9719 2107.6587 -148.14674
v 952.9719 2097.7144 -149.21576
v 949.4253 2094.2126 -149.56976
v 951.3144 2123.6614 -146.42876
v 949.4253 2097.6643 -149.19977
v 948.74866 2094.2012 -149.46677
v 949.30853 2120.7502 -146.72375
v 948.5879 2121.6445 -146.63376
v 949.3956 2117.2747 -147.08374
v 949.4253 2107.4653 -148.14273
v 948.53046 2119.86 -146.71776
v 948.69696 2116.403 -147.08075
v 947.8223 2120.6797 -146.63776
v 948.74866 2107.0732 -148.08076
v 945.8222 2121.7507 -146.62375
v 948.74866 2097.5574 -149.10774
v 948.07874 2094.1824 -149.29176
v 948.07874 2097.3794 -148.94875
v 948.07874 2106.4202 -147.97375
v 948.04144 2115.4846 -146.99574
v 948.53046 2119.86 -146.71776
v 947.9285 2118.7588 -146.65974
v 945.1494 2120.8928 -146.62476
v 947.0739 2119.9246 -146.55275
v 947.8223 2120.6797 -146.63776
v 944.3666 2116.2898 -145.83574
v 945.2719 2115.2227 -145.95775
v 944.4766 2120.0806 -146.53876
v 937.12787 2106.418 -143.75175
v 938.1164 2105.7827 -143.90976
v 941.9004 2116.555 -145.83275
v 935.8445 2107.4749 -143.89774
v 929.958 2096.617 -141.66176
v 930.9973 2096.4373 -141.85277
v 932.0931 2107.9707 -144.00174
v 935.833 2116.9023 -145.92274
v 937.23694 2120.1365 -146.57376
v 928.6852 2096.848 -141.66975
v 925.8247 2107.4758 -143.91974
v 926.52045 2093.2007 -140.90076
v 926.62476 2097.2224 -141.68275
v 927.96075 2093.186 -141.05476
v 928.9799 2093.2278 -141.41077
v 924.02936 2093.2112 -140.82175
v 930.9973 2096.4373 -141.85277
v 876.1095 2096.6587 -141.53876
v 933.2529 2096.191 -142.73376
v 876.1095 2093.2236 -140.76877
v 931.11597 2093.315 -142.15576
v 938.1164 2105.7827 -143.90976
v 814.1485 2096.616 -141.15076
v 814.1485 2093.179 -140.37175
v 876.1095 2106.4128 -143.71677
v 814.1485 2106.3733 -143.35876
v 743.1622 2096.5767 -140.79675
v 743.1622 2093.1382 -140.00175
v 743.1622 2106.339 -143.05275
v 676.05634 2096.5378 -140.45076
v 676.05634 2093.0989 -139.64977
v 615.8639 2093.0833 -139.50575
v 814.1485 2116.2668 -145.57274
v 615.8639 2096.5193 -140.29076
v 558.62573 2093.0864 -139.53474
v 676.05634 2106.3027 -142.72975
v 558.62573 2096.5212 -140.30275
v 499.90805 2093.0833 -139.51076
v 615.8639 2106.2798 -142.52675
v 499.90805 2096.5193 -140.28775
v 439.70895 2093.1008 -139.67175
v 558.62573 2106.2766 -142.48875
v 615.8639 2116.1794 -144.79175
v 743.1622 2116.2388 -145.32375
v 676.05634 2116.2065 -145.03374
v 743.1622 2120.091 -146.16176
v 676.05634 2120.0608 -145.88776
v 558.62573 2116.1702 -144.69975
v 615.8639 2120.0327 -145.63176
v 499.90805 2106.2766 -142.49677
v 439.70895 2096.5403 -140.47075
v 378.52695 2093.1458 -140.07275
v 499.90802 2116.1733 -144.72974
v 378.52695 2096.5857 -140.88075
v 317.8369 2093.183 -140.40276
v 439.70895 2106.3037 -142.74174
v 378.52695 2106.3525 -143.17577
v 317.8369 2096.6223 -141.20876
v 260.10202 2093.1965 -140.52275
v 378.52692 2116.2576 -145.48773
v 260.10202 2096.637 -141.34375
v 197.43864 2093.2007 -140.56776
v 197.43864 2096.643 -141.39775
v 317.8369 2106.389 -143.49776
v 260.10202 2106.4075 -143.67076
v 197.43864 2106.416 -143.74677
v 317.8369 2116.2917 -145.80174
v 260.10202 2116.316 -146.00974
v 197.43864 2116.3262 -146.10274
v 260.10202 2120.1702 -146.87276
v 197.43864 2120.1814 -146.97076
v 439.70892 2116.2065 -145.03374
v 260.10202 2120.999 -146.96574
v 197.43864 2121.009 -147.06476
v 317.8369 2120.146 -146.65276
v 260.10202 2121.8267 -146.98976
v 197.43864 2121.8381 -147.08975
v 317.8369 2120.9739 -146.74275
v 197.43864 2125.632 -146.77876
v 378.52692 2120.1108 -146.34274
v 378.52692 2120.9395 -146.43475
v 317.8369 2121.8005 -146.76375
v 439.70892 2120.0598 -145.88174
v 439.70892 2120.8877 -145.97176
v 378.52692 2121.7673 -146.45676
v 499.90802 2120.0232 -145.55576
v 499.90802 2120.851 -145.64076
v 558.62573 2120.019 -145.51875
v 558.62573 2120.847 -145.60275
v 499.90802 2121.678 -145.65675
v 615.8639 2120.8594 -145.72076
v 439.70892 2121.7153 -145.99275
v 558.62573 2121.6738 -145.61777
v 499.90802 2125.4688 -145.30775
v 378.52692 2125.5613 -146.13477
v 439.70892 2125.5083 -145.66476
v 676.05634 2120.8887 -145.97876
v 615.8639 2121.6873 -145.73976
v 558.62573 2125.4636 -145.26176
v 743.1622 2120.919 -146.24976
v 676.05634 2121.7166 -146.00175
v 615.8639 2125.4802 -145.40575
v 814.1485 2120.116 -146.38776
v 743.1622 2121.7456 -146.26875
v 814.1485 2120.9426 -146.47075
v 876.1095 2120.1511 -146.69875
v 743.1622 2125.5374 -145.92976
v 876.1095 2116.3032 -145.89774
v 676.05634 2125.5103 -145.68076
v 926.58453 2116.5632 -145.89574
v 926.9339 2120.143 -146.62976
v 876.1095 2120.978 -146.77876
v 937.7211 2120.9636 -146.65276
v 927.05536 2120.9697 -146.71077
v 938.01117 2121.7903 -146.66374
v 927.1272 2121.7966 -146.72176
v 876.1095 2121.804 -146.78876
v 814.1485 2121.7705 -146.48376
v 927.3214 2125.5852 -146.35075
v 876.1095 2125.5916 -146.41075
v 814.1485 2125.5593 -146.12076
v 938.3365 2125.578 -146.29575
v 876.1095 2135.302 -145.32175
v 814.1485 2135.2727 -145.07076
v 946.75525 2125.1755 -146.28976
v 951.3144 2123.6614 -146.42876
v 927.8067 2135.2969 -145.28175
v 948.9113 2134.0405 -145.31975
v 938.92505 2135.2915 -145.23476
v 939.6457 2161.4683 -142.32976
v 928.4373 2161.4705 -142.34875
v 876.1095 2161.4683 -142.32877
v 928.4373 2188.4722 -139.34676
v 876.1095 2188.4626 -139.26376
v 814.1485 2161.453 -142.18974
v 814.1485 2201.263 -137.85875
v 814.1485 2188.4595 -139.24075
v 743.1622 2201.3044 -138.23073
v 743.1622 2188.4907 -139.51775
v 743.1622 2161.46 -142.26076
v 676.05634 2188.5146 -139.72874
v 743.1622 2135.2593 -144.94576
v 676.05634 2161.459 -142.24776
v 676.05634 2135.2375 -144.75075
v 615.8639 2135.2031 -144.44576
v 615.8639 2161.4185 -141.88576
v 615.8639 2188.471 -139.33975
v 558.62573 2135.1812 -144.24376
v 558.62573 2161.379 -141.52776
v 499.90802 2135.1875 -144.30176
v 558.62573 2188.4148 -138.82875
v 499.90802 2161.3862 -141.59274
v 439.70892 2135.2334 -144.71075
v 558.62573 2201.233 -137.57874
v 499.90802 2201.233 -137.58075
v 499.90802 2188.4177 -138.85976
v 439.70892 2161.4424 -142.10275
v 378.52692 2135.2874 -145.19376
v 439.70892 2188.4792 -139.41275
v 439.70892 2201.2942 -138.13074
v 378.52692 2161.4976 -142.59776
v 317.83688 2125.5945 -146.43677
v 317.83688 2135.3186 -145.47977
v 260.10202 2125.6206 -146.67377
v 260.10202 2135.3489 -145.74475
v 197.43864 2135.3613 -145.85677
v 197.43864 2161.5703 -143.25175
v 260.10202 2161.5588 -143.14276
v 317.83688 2161.5234 -142.82677
v 378.52692 2188.5313 -139.87976
v 317.83688 2188.5488 -140.03676
v 260.10202 2188.5864 -140.37175
v 197.43864 2188.5935 -140.44775
v 197.43863 2201.3992 -139.07974
v 260.10202 2201.394 -139.02673
v 317.83688 2201.3567 -138.69174
v 378.52692 2201.343 -138.57175
v 260.10202 2212.7944 -137.81474
v 197.43863 2212.7974 -137.84373
v 317.83688 2212.758 -137.48373
v 378.52692 2212.7476 -137.39473
v 439.70892 2212.7017 -136.98274
v 378.52692 2221.2756 -136.28273
v 378.52692 2225.4575 -135.16974
v 317.83688 2221.283 -136.34773
v 317.83688 2225.4639 -135.22374
v 260.10202 2221.319 -136.67374
v 260.10202 2225.499 -135.54773
v 197.43863 2221.3206 -136.68575
v 197.43863 2225.5002 -135.55075
v 939.0667 2095.7686 -145.27275
v 938.1681 2093.678 -145.13475
v 939.0533 2104.394 -144.35875
v 945.493 2096.8696 -147.93475
v 945.26807 2094.0442 -148.14775
v 941.37787 2101.5571 -145.64676
v 948.07874 2097.3794 -148.94875
v 948.07874 2094.1824 -149.29176
v 946.071 2104.8123 -147.32677
v 948.07874 2106.4202 -147.97375
v 945.4939 2112.1558 -146.30473
v 945.2719 2115.2227 -145.95775
v 948.04144 2115.4846 -146.99574
v 947.9285 2118.7588 -146.65974
v 963.5018 2226.0325 -120.034744
v 970.22766 2225.082 -116.24674
v 956.82477 2226.9998 -123.76574
v 975.40106 2222.9521 -114.492744
v 976.53894 2223.4253 -108.28675
v 971.1511 2225.553 -110.28174
v 977.0989 2223.1392 -101.11375
v 964.08075 2226.277 -114.66974
v 971.73584 2225.2317 -102.91774
v 977.30365 2222.2263 -92.26275
v 964.5899 2225.7498 -107.03674
v 957.10425 2226.9873 -119.00074
v 972.00574 2224.2751 -93.22275
v 977.32477 2221.2954 -84.908745
v 957.41626 2226.2644 -111.15774
v 972.0899 2223.3098 -84.990746
v 977.3324 2220.9585 -82.22375
v 972.1205 2222.9624 -82.01475
v 964.88947 2224.5435 -95.63574
v 965.0378 2223.3765 -85.58375
v 965.0914 2222.9604 -82.00075
v 957.66986 2224.8137 -98.05774
v 957.83923 2223.442 -86.17475
v 957.89954 2222.9595 -81.98075
v 951.768 2224.8865 -98.71074
v 952.2513 2223.4575 -86.31975
v 952.4226 2222.9595 -81.98075
v 950.53827 2222.9646 -82.02775
v 949.45593 2226.7563 -115.104744
v 950.03296 2223.3755 -85.58074
v 950.39374 2222.9387 -81.92275
v 948.608 2224.5642 -95.81974
v 945.3523 2225.842 -106.85974
v 950.1517 2227.5562 -122.60674
v 940.4496 2227.4377 -121.03874
v 949.42334 2227.7412 -126.62973
v 943.155 2227.8577 -124.82074
v 939.3529 2226.5212 -112.81774
v 930.3609 2227.8545 -125.80974
v 940.52325 2228.0137 -127.814735
v 949.1669 2227.4304 -129.91174
v 939.6457 2227.7954 -130.64174
v 928.4373 2227.79 -130.59373
v 949.1793 2226.4443 -132.46074
v 956.72437 2224.798 -130.82773
v 957.05066 2222.249 -133.57675
v 949.2607 2224.6016 -134.28674
v 939.6457 2225.3828 -134.49475
v 939.6457 2226.9895 -132.97574
v 928.4373 2225.3774 -134.44875
v 928.4373 2226.9841 -132.92874
v 876.1095 2225.3586 -134.28973
v 876.1095 2227.7715 -130.42874
v 876.1095 2226.9666 -132.76573
v 814.1485 2225.3723 -134.40274
v 814.1485 2226.98 -132.88474
v 743.1622 2225.4307 -134.93074
v 814.1485 2227.7861 -130.54974
v 743.1622 2227.0393 -133.42274
v 676.05634 2225.4875 -135.43773
v 814.1485 2227.783 -125.741745
v 676.05634 2227.0977 -133.94173
v 615.8639 2225.4438 -135.04874
v 743.1622 2227.8464 -131.09474
v 676.05634 2227.9045 -131.62074
v 615.8639 2227.054 -133.55273
v 558.62573 2225.3672 -134.35974
v 676.05634 2227.9036 -126.81874
v 558.62573 2226.9758 -132.85674
v 499.90802 2225.3586 -134.28773
v 615.8639 2227.862 -131.23174
v 499.90802 2226.9675 -132.77974
v 439.70892 2225.416 -134.79474
v 558.62573 2227.783 -130.53174
v 615.8639 2227.8599 -126.43074
v 743.1622 2227.8445 -126.289734
v 676.05634 2227.0862 -117.88174
v 558.62573 2227.782 -125.72874
v 499.90802 2227.7747 -130.45073
v 439.70892 2227.0237 -133.28075
v 378.52692 2227.0654 -133.65074
v 378.52692 2225.4575 -135.16974
v 317.83688 2225.4639 -135.22374
v 439.70892 2227.8298 -130.94974
v 499.90802 2227.7725 -125.64474
v 317.83688 2227.0706 -133.70074
v 260.10202 2225.499 -135.54773
v 378.52692 2227.8713 -131.31575
v 439.70892 2227.8276 -126.14273
v 260.10202 2227.106 -134.02274
v 197.43863 2225.5002 -135.55075
v 197.43863 2227.106 -134.02274
v 197.43863 2227.9119 -131.68173
v 260.10202 2227.9119 -131.68474
v 317.83688 2227.8767 -131.36275
v 378.52692 2227.8682 -126.50674
v 260.10202 2227.91 -126.87474
v 197.43863 2227.909 -126.87074
v 317.83688 2227.8733 -126.55274
v 260.10202 2227.0913 -117.93375
v 197.43863 2227.0913 -117.92974
v 317.83688 2227.055 -117.61274
v 378.52692 2227.0508 -117.56674
v 260.10202 2226.1387 -109.508736
v 197.43863 2226.1377 -109.50474
v 317.83688 2226.1023 -109.18774
v 260.10202 2225.73 -106.24474
v 197.43863 2225.73 -106.240746
v 317.83688 2225.6946 -105.923744
v 260.10202 2224.8699 -102.93375
v 197.43863 2224.8699 -102.93074
v 317.83688 2224.8335 -102.61175
v 378.52692 2225.6895 -105.87674
v 260.10202 2222.559 -94.36775
v 197.43863 2222.559 -94.36775
v 378.52692 2226.0981 -109.14174
v 378.52692 2224.8284 -102.564735
v 439.70892 2225.6487 -105.51374
v 439.70892 2226.0566 -108.77774
v 439.70892 2227.0103 -117.202736
v 317.83688 2222.5234 -94.04475
v 499.90802 2226.954 -116.70574
v 499.90802 2226.0015 -108.28074
v 499.90802 2225.5938 -105.01574
v 558.62573 2226.0107 -108.36474
v 558.62573 2226.9634 -116.789734
v 615.8639 2227.0425 -117.492744
v 615.8639 2226.0898 -109.06774
v 558.62573 2225.603 -105.09974
v 676.05634 2226.1326 -109.45574
v 615.8639 2225.681 -105.80274
v 558.62573 2224.742 -101.78274
v 499.90802 2224.7327 -101.70074
v 676.05634 2225.7236 -106.19174
v 615.8639 2224.8198 -102.48374
v 439.70892 2224.7876 -102.199745
v 558.62573 2222.43 -93.199745
v 378.52692 2222.5183 -93.99474
v 499.90802 2222.4207 -93.12274
v 439.70892 2222.4768 -93.62475
v 615.8639 2222.5068 -93.89575
v 558.62573 2220.1274 -84.70374
v 499.90802 2220.1191 -84.63075
v 439.70892 2220.1753 -85.13675
v 378.52692 2220.217 -85.51075
v 499.90802 2219.287 -81.57775
v 439.70892 2219.3433 -82.08475
v 558.62573 2219.2944 -81.64874
v 378.52692 2219.385 -82.45975
v 615.8639 2219.3716 -82.33675
v 317.83688 2220.2231 -85.56475
v 317.83688 2219.391 -82.51475
v 615.8639 2220.2034 -85.39475
v 676.05634 2219.415 -82.725746
v 260.10202 2220.2585 -85.88775
v 260.10202 2219.4275 -82.838745
v 197.43863 2220.2595 -85.89075
v 197.43863 2219.4275 -82.84274
v 676.05634 2220.247 -85.782745
v 743.1622 2219.359 -82.22075
v 676.05634 2222.5496 -94.283745
v 743.1622 2220.191 -85.27475
v 814.1485 2219.2996 -81.69275
v 676.05634 2224.8625 -102.87174
v 814.1485 2220.1318 -84.743744
v 876.1095 2219.2893 -81.57975
v 743.1622 2224.8044 -102.34574
v 743.1622 2222.4924 -93.76575
v 814.1485 2222.4333 -93.227745
v 876.1095 2220.1128 -84.559746
v 814.1485 2224.743 -101.79974
v 743.1622 2225.6653 -105.660736
v 930.1245 2220.1182 -84.58175
v 929.85846 2219.3152 -81.75775
v 876.1095 2222.3884 -92.83075
v 743.1622 2226.0732 -108.92474
v 876.1095 2224.6733 -101.18974
v 930.86426 2222.3467 -92.45875
v 934.43866 2220.0984 -84.380745
v 933.8137 2219.3372 -81.81875
v 934.4961 2219.3027 -81.68775
v 814.1485 2225.604 -105.11274
v 876.1095 2225.5273 -104.43074
v 743.1622 2227.0269 -117.350746
v 814.1485 2226.0127 -108.37674
v 814.1485 2226.9653 -116.80174
v 876.1095 2225.9443 -107.76374
v 931.8567 2225.4202 -103.48774
v 876.1095 2227.762 -125.548744
v 876.1095 2226.9207 -116.398735
v 930.1542 2226.8093 -115.40274
v 931.4385 2225.834 -106.78074
v 939.06866 2225.6196 -104.85774
v 931.60114 2224.585 -100.41674
v 938.7997 2225.238 -101.85974
v 943.3579 2225.0852 -100.14374
v 942.6851 2224.9563 -99.51874
v 938.02075 2224.433 -99.05474
v 936.20435 2222.2585 -91.67775
v 941.4956 2224.2126 -97.12875
v 935.5708 2220.0557 -84.03875
v 938.51355 2222.1357 -90.576744
v 936.6053 2220.1494 -83.975746
v 935.6052 2219.4172 -81.698746
v 937.64075 2219.9143 -81.72475
v 942.0487 2224.175 -96.658745
v 939.3289 2222.1619 -90.28675
v 938.38055 2220.5393 -83.79375
v 942.8268 2221.183 -81.79175
v 943.0345 2224.9116 -99.12174
v 940.39404 2222.243 -89.47175
v 942.8516 2221.5232 -83.339745
v 948.0118 2222.4385 -81.85875
v 943.99524 2224.6804 -97.03074
v 943.02673 2224.0015 -94.77275
v 942.9244 2222.4197 -87.43975
v 947.33514 2222.7224 -83.93775
v 950.04254 2222.894 -81.88475
v 945.51215 2223.497 -89.615746
v 949.1028 2223.1685 -84.22075
v 946.55237 2223.932 -90.66675
v 949.5391 2223.2556 -84.62375
v 947.1993 2224.1462 -92.198746
v -35.32002 2129.4653 -111.35575
v -35.055885 2127.8567 -102.31075
v -35.32002 2115.1177 -105.45076
v -35.25303 2113.587 -97.17775
v -34.515182 2156.7969 -99.08275
v -34.78792 2126.6055 -94.91176
v -35.228146 2113.022 -94.194756
v -34.688396 2126.149 -92.21675
v -35.408062 2105.17 -96.77375
v -33.836674 2155.7869 -91.76075
v -33.58498 2155.4187 -89.09175
v -35.408062 2105.8845 -100.60576
v -35.40806 2100.4673 -100.18776
v -33.117012 2179.368 -88.73874
v -32.752388 2178.5898 -86.15374
v -35.40806 2101.578 -101.807755
v -35.40806 2096.7886 -104.667755
v -32.820335 2187.0378 -87.55274
v -32.410744 2185.9385 -85.01675
v -35.40806 2099.6353 -106.49876
v -35.40806 2094.117 -110.08176
v -35.408062 2107.7866 -111.460754
v -35.40806 2097.0454 -113.25775
v -35.40806 2092.4333 -116.29976
v -35.40806 2094.4 -119.44875
v -35.40806 2091.8113 -123.67776
v -35.368824 2120.5537 -113.12376
v -35.40806 2093.0676 -124.596756
v -35.40806 2092.321 -132.57376
v -35.408062 2105.3904 -122.35075
v -35.408062 2118.323 -120.91276
v -35.40806 2094.329 -131.58975
v -35.262596 2093.2017 -140.48476
v -35.40806 2099.7954 -128.62276
v -35.262596 2096.3406 -139.96176
v -34.824287 2093.6936 -144.90475
v -35.262596 2105.2021 -138.42975
v -34.824287 2097.209 -144.53577
v -33.949593 2093.9421 -147.13776
v -34.82429 2107.2031 -143.48076
v -35.342987 2119.862 -135.49875
v -33.949593 2097.4573 -146.76776
v -32.490166 2094.093 -148.48676
v -32.490166 2097.6072 -148.11676
v -32.49017 2107.6016 -147.06075
v -33.949593 2107.452 -145.71274
v -32.49017 2120.9033 -145.64577
v -34.82429 2120.505 -142.06775
v -33.949593 2120.7534 -144.29976
v -32.49017 2134.341 -144.20876
v -33.949593 2134.1912 -142.86476
v -32.490173 2161.355 -141.31676
v -34.82429 2133.9438 -140.63376
v -33.949596 2161.206 -139.97575
v -33.9496 2188.2224 -137.10776
v -32.490173 2188.371 -138.44476
v -31.665245 2200.0305 -136.87875
v -34.824295 2160.9578 -137.74776
v -35.262596 2134.653 -136.50175
v -33.444305 2199.81 -135.25475
v -29.188526 2207.9875 -135.02473
v -34.824295 2187.9749 -134.88077
v -35.2626 2160.4377 -132.65976
v -35.408066 2137.378 -129.45276
v -35.408062 2133.3384 -125.070755
v -35.408066 2159.4746 -122.740746
v -35.408062 2130.9976 -118.99075
v -35.408066 2158.5657 -113.27975
v -35.408066 2158.2092 -109.56875
v -35.185085 2157.816 -106.52775
v -35.408066 2183.4924 -108.59774
v -35.082687 2183.6174 -103.06374
v -35.408066 2184.3308 -105.87374
v -34.106544 2181.503 -95.86374
v -35.04058 2193.0325 -101.66474
v -33.93716 2190.0537 -94.56874
v -35.40807 2194.0173 -104.436745
v -35.02527 2196.6484 -101.128746
v -33.874954 2193.2893 -94.07874
v -32.711243 2189.8926 -87.10974
v -32.285378 2188.656 -84.59574
v -33.021313 2191.6116 -86.82074
v -32.663395 2190.5935 -84.49574
v -33.996494 2194.405 -93.21674
v -33.986923 2195.8726 -86.09974
v -33.836678 2195.6042 -84.32674
v -35.054935 2197.7114 -99.07374
v -34.380253 2196.6006 -90.80974
v -35.05302 2200.3674 -86.55674
v -35.015697 2200.7034 -84.15474
v -35.150635 2199.468 -93.12374
v -35.40807 2202.305 -86.70874
v -35.40807 2202.905 -84.04174
v -35.40807 2200.69 -94.063736
v -35.40807 2203.3074 -87.10074
v -35.40807 2203.8784 -83.94274
v -35.40807 2198.8992 -101.368744
v -35.40807 2204.9944 -88.27774
v -35.40807 2205.292 -83.81174
v -35.40807 2197.775 -103.88174
v -35.40807 2208.8591 -87.19375
v -35.40807 2208.521 -83.49474
v -35.40807 2192.0413 -107.98974
v -35.40807 2215.3862 -85.85475
v -35.40807 2214.943 -82.83975
v -35.40807 2209.8035 -97.60575
v -33.66346 2221.2954 -84.908745
v -33.671112 2220.9585 -82.22375
v -35.40807 2216.6155 -94.20475
v -33.642403 2222.2263 -92.26275
v -35.40807 2204.149 -101.01174
v -35.25782 2217.8987 -103.94675
v -33.437607 2223.1392 -101.11375
v -35.30854 2211.402 -108.95175
v -34.80707 2218.503 -111.13574
v -32.87776 2223.4253 -108.28675
v -35.40807 2201.754 -95.928734
v -33.760117 2218.448 -116.866745
v -35.40807 2198.949 -103.94174
v -31.739893 2222.9521 -114.492744
v -35.40807 2196.4517 -107.200745
v -35.40807 2198.8386 -110.63574
v -35.40807 2192.4646 -115.952736
v -35.358307 2205.5393 -113.658745
v -35.408066 2186.133 -117.43174
v -35.39563 2198.8293 -119.77674
v -35.408066 2189.644 -124.83574
v -35.008045 2212.3225 -116.29275
v -35.208057 2206.4194 -121.20875
v -35.358307 2199.888 -125.44074
v -35.34299 2176.2664 -130.64275
v -35.40807 2191.825 -128.54576
v -35.262604 2188.7883 -131.96176
v -34.225216 2212.7268 -121.31675
v -34.733387 2206.9436 -125.78575
v -35.12958 2199.4968 -129.56775
v -34.54581 2199.5522 -132.82776
v -33.708435 2207.2637 -129.51074
v -31.929375 2207.554 -132.53975
v -32.678707 2212.7756 -125.71475
v -31.820274 2217.7554 -122.23174
v -30.272808 2212.7893 -129.54973
v -26.91278 2213.0847 -132.88274
v -29.34356 2216.8516 -126.87975
v -29.799091 2221.5886 -120.44675
v -21.67416 2215.3445 -134.86674
v -24.34132 2208.8901 -136.62874
v -31.665245 2200.0305 -136.87875
v -27.197006 2200.3125 -137.78476
v -24.34132 2208.8901 -136.62874
v -29.188526 2207.9875 -135.02473
v -24.778671 2217.7458 -130.63574
v -19.216587 2219.9954 -132.24774
v -26.687885 2216.164 -130.46075
v -27.3731 2219.723 -125.90775
v -22.94123 2219.5095 -130.18774
v -23.962353 2221.674 -126.48575
v -25.280138 2223.6604 -121.743744
v -26.566347 2225.082 -116.24674
v -19.063467 2222.9187 -128.64574
v -19.329517 2224.923 -124.633736
v -13.063078 2224.798 -130.82773
v -13.389415 2222.249 -133.57675
v -21.67416 2215.3445 -134.86674
v -19.216587 2219.9954 -132.24774
v -14.334931 2217.8052 -135.69774
v -13.012358 2226.326 -127.632744
v -19.840553 2226.0325 -120.034744
v -26.566347 2225.082 -116.24674
v -13.163565 2226.9998 -123.76574
v -32.87776 2223.4253 -108.28675
v -31.739893 2222.9521 -114.492744
v -20.419538 2226.277 -114.66974
v -27.489855 2225.553 -110.28174
v -33.437607 2223.1392 -101.11375
v -13.443008 2226.9873 -119.00074
v -28.074583 2225.2317 -102.91774
v -33.642403 2222.2263 -92.26275
v -20.92866 2225.7498 -107.03674
v -28.344458 2224.2751 -93.22275
v -33.66346 2221.2954 -84.908745
v -13.75499 2226.2644 -111.15774
v -28.42867 2223.3098 -84.990746
v -33.671112 2220.9585 -82.22375
v -28.460249 2222.9624 -82.01475
v -21.2282 2224.5435 -95.63574
v -21.37654 2223.3765 -85.58375
v -21.430128 2222.9604 -82.00075
v -14.008596 2224.8137 -98.05774
v -14.177984 2223.442 -86.17475
v -14.238276 2222.9595 -81.98075
v -8.106777 2224.8865 -98.71074
v -8.590063 2223.4575 -86.31975
v -8.761366 2222.9595 -81.98075
v -6.877031 2222.9646 -82.02775
v -5.794664 2226.7563 -115.104744
v -6.371737 2223.3755 -85.58074
v -6.732525 2222.9387 -81.92275
v -4.946762 2224.5642 -95.81974
v -1.69105 2225.842 -106.85974
v -6.490404 2227.5562 -122.60674
v 3.211661 2227.4377 -121.03874
v -5.762127 2227.7412 -126.62973
v 0.506223 2227.8577 -124.82074
v 4.308383 2226.5212 -112.81774
v 3.137973 2228.0137 -127.814735
v 13.300355 2227.8545 -125.80974
v 4.015542 2227.7954 -130.64174
v -5.505651 2227.4304 -129.91174
v 15.223925 2227.79 -130.59373
v -5.518091 2226.4443 -132.46074
v -13.063078 2224.798 -130.82773
v -13.389415 2222.249 -133.57675
v -5.599436 2224.6016 -134.28674
v 4.015542 2225.3828 -134.49475
v 4.015542 2226.9895 -132.97574
v 15.223925 2225.3774 -134.44875
v 15.223925 2226.9841 -132.92874
v 67.55172 2225.3586 -134.28973
v 67.55172 2227.7715 -130.42874
v 67.55172 2226.9666 -132.76573
v 129.51268 2225.3723 -134.40274
v 129.51268 2226.98 -132.88474
v 129.51268 2227.7861 -130.54974
v 129.51268 2227.783 -125.741745
v 67.55172 2227.762 -125.548744
v 129.51268 2226.9653 -116.80174
v 13.507067 2226.8093 -115.40274
v 67.55172 2226.9207 -116.398735
v 67.55172 2225.9443 -107.76374
v 129.51268 2226.0127 -108.37674
v 129.51268 2225.604 -105.11274
v 4.592613 2225.6196 -104.85774
v 12.222774 2225.834 -106.78074
v 67.55172 2225.5273 -104.43074
v 129.51268 2224.743 -101.79974
v 11.804564 2225.4202 -103.48774
v 67.55172 2224.6733 -101.18974
v 129.51268 2222.4333 -93.227745
v 4.861529 2225.238 -101.85974
v 67.55172 2222.3884 -92.83075
v 12.060083 2224.585 -100.41674
v 67.55172 2220.1128 -84.559746
v 129.51268 2220.1318 -84.743744
v 12.796974 2222.3467 -92.45875
v 67.55172 2219.2893 -81.57975
v 129.51268 2219.2996 -81.69275
v 13.536735 2220.1182 -84.58175
v 13.802781 2219.3152 -81.75775
v 9.222579 2220.0984 -84.380745
v 9.8475 2219.3372 -81.81875
v 9.165159 2219.3027 -81.68775
v 7.456914 2222.2585 -91.67775
v 8.090448 2220.0557 -84.03875
v 5.640527 2224.433 -99.05474
v 7.055931 2220.1494 -83.975746
v 8.055996 2219.4172 -81.698746
v 6.020457 2219.9143 -81.72475
v 5.147674 2222.1357 -90.576744
v 2.165661 2224.2126 -97.12875
v 0.97611 2224.9563 -99.51874
v 1.612514 2224.175 -96.658745
v 4.33231 2222.1619 -90.28675
v 5.280696 2220.5393 -83.79375
v 0.834475 2221.183 -81.79175
v 3.267169 2222.243 -89.47175
v 0.809593 2221.5232 -83.339745
v -4.350553 2222.4385 -81.85875
v 0.303338 2225.0852 -100.14374
v 0.626804 2224.9116 -99.12174
v -0.334023 2224.6804 -97.03074
v -3.538058 2224.1462 -92.198746
v 0.63446 2224.0015 -94.77275
v -5.877924 2223.2556 -84.62375
v -2.891128 2223.932 -90.66675
v -5.44153 2223.1685 -84.22075
v -6.381306 2222.894 -81.88475
v 0.73686 2222.4197 -87.43975
v -1.850867 2223.497 -89.615746
v -3.673953 2222.7224 -83.93775
v 129.5127 2161.453 -142.18974
v 129.5127 2188.4595 -139.24075
v 67.55173 2188.4626 -139.26376
v 129.5127 2201.263 -137.85875
v 67.55173 2161.4683 -142.32877
v 129.5127 2135.2727 -145.07076
v 67.55173 2201.2607 -137.83075
v 129.51268 2212.6633 -136.64275
v 15.223928 2188.4722 -139.34676
v 67.55173 2135.302 -145.32175
v 129.5127 2125.5593 -146.12076
v 67.55172 2212.6563 -136.57175
v 129.51268 2221.1902 -135.51575
v 67.55173 2125.5916 -146.41075
v 129.5127 2121.7705 -146.48376
v 67.55172 2221.179 -135.41673
v 129.51268 2225.3723 -134.40274
v 67.55172 2225.3586 -134.28973
v 15.223925 2225.3774 -134.44875
v 67.55173 2121.804 -146.78876
v 129.5127 2120.9426 -146.47075
v 15.223926 2221.1968 -135.56874
v 4.015542 2225.3828 -134.49475
v 15.223926 2212.6707 -136.70673
v 15.223927 2201.2722 -137.94273
v 4.015543 2221.2007 -135.61073
v -5.599436 2224.6016 -134.28674
v 4.015543 2212.6748 -136.74173
v 4.015543 2201.2754 -137.96574
v 4.015545 2188.4731 -139.35675
v -5.835814 2220.3542 -135.65175
v -14.334931 2217.8052 -135.69774
v -13.389415 2222.249 -133.57675
v -6.312402 2212.1548 -136.82474
v -16.240318 2210.5864 -137.00974
v -21.67416 2215.3445 -134.86674
v -24.34132 2208.8901 -136.62874
v -6.759319 2201.1465 -137.99774
v -18.029907 2200.7554 -138.04877
v -27.197006 2200.3125 -137.78476
v -6.908607 2188.4731 -139.36075
v -18.626114 2188.4731 -139.35576
v -28.149225 2188.447 -139.12076
v -32.490173 2188.371 -138.44476
v -32.490173 2161.355 -141.31676
v -6.908606 2161.4653 -142.30276
v -18.626112 2161.46 -142.26375
v -28.149223 2161.4321 -142.00375
v -27.030487 2133.3801 -145.02576
v -32.49017 2134.341 -144.20876
v -32.49017 2120.9033 -145.64577
v -14.153092 2130.2976 -145.67276
v -27.863071 2120.7212 -146.37775
v -32.49017 2107.6016 -147.06075
v -17.482494 2119.9766 -146.76675
v -28.140606 2107.6807 -147.76775
v -32.490166 2097.6072 -148.11676
v -28.140604 2094.1719 -149.19675
v -32.490166 2094.093 -148.48676
v -28.140604 2097.6863 -148.82675
v -18.591658 2094.2075 -149.51576
v -18.59166 2107.715 -148.07674
v -18.591658 2097.7227 -149.14275
v -9.310671 2094.2158 -149.58975
v -8.961369 2118.1628 -147.01274
v -9.310672 2107.6587 -148.14674
v -9.310671 2097.7144 -149.21576
v -5.76403 2094.2126 -149.56976
v -7.653149 2123.6614 -146.42876
v -5.76403 2097.6643 -149.19977
v -5.087431 2094.2012 -149.46677
v -5.647278 2120.7502 -146.72375
v -4.926657 2121.6445 -146.63376
v -5.734364 2117.2747 -147.08374
v -5.764031 2107.4653 -148.14273
v -4.869238 2119.86 -146.71776
v -5.035753 2116.403 -147.08075
v -4.161057 2120.6797 -146.63776
v -5.087432 2107.0732 -148.08076
v -2.160927 2121.7507 -146.62375
v -5.087431 2097.5574 -149.10774
v -4.41753 2094.1824 -149.29176
v -4.41753 2097.3794 -148.94875
v -4.417531 2106.4202 -147.97375
v -4.380211 2115.4846 -146.99574
v -4.869238 2119.86 -146.71776
v -4.267284 2118.7588 -146.65974
v -1.488155 2120.8928 -146.62476
v -3.412683 2119.9246 -146.55275
v -4.161057 2120.6797 -146.63776
v -0.705329 2116.2898 -145.83574
v -1.610651 2115.2227 -145.95775
v -0.815385 2120.0806 -146.53876
v 6.533419 2106.418 -143.75175
v 5.544838 2105.7827 -143.90976
v 1.760859 2116.555 -145.83275
v 7.816756 2107.4749 -143.89774
v 13.703263 2096.617 -141.66176
v 12.663961 2096.4373 -141.85277
v 7.828239 2116.9023 -145.92274
v 11.568195 2107.9707 -144.00174
v 6.42432 2120.1365 -146.57376
v 14.976073 2096.848 -141.66975
v 17.836546 2107.4758 -143.91974
v 17.140808 2093.2007 -140.90076
v 17.036495 2097.2224 -141.68275
v 15.700522 2093.186 -141.05476
v 14.681317 2093.2278 -141.41077
v 19.631878 2093.2112 -140.82175
v 12.663961 2096.4373 -141.85277
v 67.551735 2096.6587 -141.53876
v 10.408313 2096.191 -142.73376
v 67.551735 2093.2236 -140.76877
v 12.545294 2093.315 -142.15576
v 5.544838 2105.7827 -143.90976
v 129.5127 2093.179 -140.37175
v 129.5127 2096.616 -141.15076
v 129.5127 2106.3733 -143.35876
v 67.551735 2106.4128 -143.71677
v 129.5127 2116.2668 -145.57274
v 17.076687 2116.5632 -145.89574
v 67.55173 2116.3032 -145.89774
v 67.55173 2120.1511 -146.69875
v 129.5127 2120.116 -146.38776
v 16.72738 2120.143 -146.62976
v 67.55173 2120.978 -146.77876
v 5.940078 2120.9636 -146.65276
v 16.605843 2120.9697 -146.71077
v 16.534067 2121.7966 -146.72176
v 5.650107 2121.7903 -146.66374
v 16.339794 2125.5852 -146.35075
v 5.324726 2125.578 -146.29575
v -3.094003 2125.1755 -146.28976
v -7.653149 2123.6614 -146.42876
v 15.854596 2135.2969 -145.28175
v -5.250123 2134.0405 -145.31975
v 4.736171 2135.2915 -145.23476
v 4.015547 2161.4683 -142.32976
v 15.22393 2161.4705 -142.34875
v 4.594538 2095.7686 -145.27275
v 5.493161 2093.678 -145.13475
v 4.607935 2104.394 -144.35875
v -1.831717 2096.8696 -147.93475
v -1.606821 2094.0442 -148.14775
v 2.283383 2101.5571 -145.64676
v -4.41753 2097.3794 -148.94875
v -4.41753 2094.1824 -149.29176
v -2.409746 2104.8123 -147.32677
v -4.417531 2106.4202 -147.97375
v -1.832674 2112.1558 -146.30473
v -1.610651 2115.2227 -145.95775
v -4.380211 2115.4846 -146.99574
v -4.267284 2118.7588 -146.65974
v 197.43864 2096.643 -141.39775
v 129.5127 2096.616 -141.15076
v 129.5127 2093.179 -140.37175
v 197.43864 2093.2007 -140.56776
v 197.43864 2106.416 -143.74677
v 129.5127 2106.3733 -143.35876
v 197.43864 2116.3262 -146.10274
v 129.5127 2116.2668 -145.57274
v 197.43864 2120.1814 -146.97076
v 129.5127 2120.116 -146.38776
v 197.43864 2121.009 -147.06476
v 129.5127 2120.9426 -146.47075
v 197.43864 2121.8381 -147.08975
v 129.5127 2121.7705 -146.48376
v 197.43864 2125.632 -146.77876
v 129.5127 2125.5593 -146.12076
v 197.43864 2135.3613 -145.85677
v 129.5127 2135.2727 -145.07076
v 197.43864 2161.5703 -143.25175
v 129.5127 2161.453 -142.18974
v 197.43864 2188.5935 -140.44775
v 129.5127 2188.4595 -139.24075
v 197.43863 2201.3992 -139.07974
v 129.5127 2201.263 -137.85875
v 197.43863 2212.7974 -137.84373
v 129.51268 2212.6633 -136.64275
v 197.43863 2221.3206 -136.68575
v 129.51268 2221.1902 -135.51575
v 197.43863 2225.5002 -135.55075
v 129.51268 2225.3723 -134.40274
v 197.43863 2227.106 -134.02274
v 129.51268 2226.98 -132.88474
v 197.43863 2227.9119 -131.68173
v 129.51268 2227.7861 -130.54974
v 197.43863 2227.909 -126.87074
v 129.51268 2227.783 -125.741745
v 197.43863 2227.0913 -117.92974
v 129.51268 2226.9653 -116.80174
v 197.43863 2226.1377 -109.50474
v 129.51268 2226.0127 -108.37674
v 197.43863 2225.73 -106.240746
v 129.51268 2225.604 -105.11274
v 197.43863 2224.8699 -102.93074
v 129.51268 2224.743 -101.79974
v 197.43863 2222.559 -94.36775
v 129.51268 2222.4333 -93.227745
v 197.43863 2220.2595 -85.89075
v 129.51268 2220.1318 -84.743744
v 197.43863 2219.4275 -82.84274
v 129.51268 2219.2996 -81.69275
v 977.09406 2117.185 -136.52475
v 977.09406 2117.26 -140.09174
v 977.09424 7.181541 -379.888
v 976.91315 2117.2798 -141.03174
v 976.9133 7.467552 -380.798
v 976.4194 2117.2954 -141.79974
v 977.09424 5.690193 -375.14
v 976.41956 7.701561 -381.54102
v 975.68823 2117.307 -142.31773
v 975.6884 7.85859 -382.042
v 974.89777 2200.8916 -68.28075
v 977.09424 -174.74043 -364.78705
v 977.09424 -177.41844 -364.16202
v 977.09424 -179.64299 -362.72702
v 974.89777 2203.2585 -111.34974
v 977.09424 -180.38556 -361.75504
v 974.89777 2202.1833 -68.92274
v 977.09424 -177.58482 -338.578
v 974.89777 2203.2908 -69.47475
v 977.09424 -179.96538 -339.33704
v 974.89777 2205.2563 -71.92874
v 977.09424 -181.89978 -340.93005
v 977.09424 -182.75362 -342.49603
v 974.89777 2209.274 -104.60775
v 974.89777 2205.999 -110.00574
v 974.89777 2208.0427 -107.90175
v 974.89777 2208.571 -106.72775
v 974.89777 2209.2324 -105.26075
v 949.4798 2117.311 -142.50774
v 947.9926 2117.306 -142.31274
v 947.9928 7.85755 -382.038
v 949.48 7.916831 -382.22598
v 946.59753 7.682836 -381.484
v 974.7926 7.916832 -382.22598
v 946.59735 2117.2942 -141.74074
v 974.7924 2117.311 -142.50774
v 940.86896 6.692753 -378.331
v 940.8688 2117.2258 -138.48375
v 975.6884 7.85859 -382.042
v 975.68823 2117.307 -142.31773
v -32.985085 7.181454 -379.888
v -32.985268 2117.26 -140.09174
v -32.985268 2117.185 -136.52475
v -32.804398 2117.2798 -141.03174
v -32.80421 7.467464 -380.798
v -32.310585 2117.2954 -141.79974
v -32.985085 5.690104 -375.14
v -32.3104 7.701473 -381.54102
v -31.57944 2117.307 -142.31773
v -31.579254 7.858501 -382.042
v -30.788961 2200.8916 -68.28075
v -32.98507 -174.74051 -364.78705
v -32.98507 -177.41852 -364.16202
v -32.98507 -179.64307 -362.72702
v -30.788961 2203.2585 -111.34974
v -32.98507 -180.38564 -361.75504
v -30.788961 2202.1833 -68.92274
v -32.98507 -177.58492 -338.578
v -30.788961 2203.2908 -69.47475
v -32.98507 -179.96547 -339.33704
v -30.788961 2205.2563 -71.92874
v -32.98507 -181.89987 -340.93005
v -32.98507 -182.75371 -342.49603
v -30.788961 2209.274 -104.60775
v -30.788961 2205.999 -110.00574
v -30.788961 2208.0427 -107.90175
v -30.788961 2208.571 -106.72775
v -30.788961 2209.2324 -105.26075
v 0.561924 7.857467 -382.038
v 0.561739 2117.306 -142.31274
v -0.92544 2117.311 -142.50774
v -0.925255 7.916748 -382.22598
v 1.957229 7.682753 -381.484
v -30.683498 7.916744 -382.22598
v 1.957044 2117.2942 -141.74074
v -30.683683 2117.311 -142.50774
v 7.685831 6.692671 -378.331
v 7.685646 2117.2258 -138.48375
v -31.579254 7.858501 -382.042
v -31.57944 2117.307 -142.31773
vt 0.944355 0.51228398
vt 0.942814 0.512964
vt 0.51273 0.98050803
vt 0.511917 0.97824502
vt 0.945194 0.51146197
vt 0.943499 0.511917
vt 0.944448 0.510848
vt 0.50968 0.978187025
vt 0.510536 0.972573996
vt 0.943933 0.510234
vt 0.943261 0.511324
vt 0.942637 0.511473
vt 0.941897 0.51273
vt 0.94321 0.51008898
vt 0.94451 0.508855
vt 0.94206 0.51144302
vt 0.943721 0.508502
vt 0.942201 0.51040697
vt 0.94102 0.51218498
vt 0.939243 0.51287502
vt 0.939619 0.51334
vt 0.063574 0.989528
vt 0.060757 0.9872639775
vt 0.936558 0.51382297
vt 0.940814 0.51123297
vt 0.063442 0.985531986
vt 0.067733 0.99030298
vt 0.939012 0.512168
vt 0.067683 0.986415982
vt 0.07739 0.990364015
vt 0.94239 0.509068
vt 0.940695 0.51014203
vt 0.944038 0.506792
vt 0.944861 0.507276
vt 0.942482 0.507537
vt 0.944027 0.505036
vt 0.938818 0.51131397
vt 0.942334 0.50592297
vt 0.943714 0.503029
vt 0.940548 0.5089
vt 0.941906 0.503919
vt 0.943126 0.50056797
vt 0.940256 0.507496
vt 0.941158 0.501216
vt 0.942576 0.498527
vt 0.939709 0.50545698
vt 0.940224 0.49806798
vt 0.942376 0.497782
vt 0.940471 0.49890304
vt 0.937927 0.49838603
vt 0.938801 0.502312
vt 0.938157 0.49941504
vt 0.936772 0.49854302
vt 0.936796 0.49979997
vt 0.936266 0.498609
vt 0.936862 0.503384
vt 0.936153 0.499506
vt 0.935918 0.498657
vt 0.937732 0.506898
vt 0.93578 0.499417
vt 0.935128 0.498738
vt 0.93827 0.508995
vt 0.935077 0.49941802
vt 0.933295 0.498901
vt 0.938593 0.51027
vt 0.933444 0.49939096
vt 0.931495 0.499062
vt 0.934944 0.501275
vt 0.935412 0.50151098
vt 0.931929 0.49969
vt 0.930799 0.499134
vt 0.933843 0.50069302
vt 0.931318 0.49980903
vt 0.929831 0.499308
vt 0.933122 0.50141603
vt 0.930301 0.499992
vt 0.927215 0.49977803
vt 0.932745 0.50168103
vt 0.934484 0.50297898
vt 0.92757 0.50048298
vt 0.918945 0.50107998
vt 0.931593 0.501886
vt 0.934161 0.503577
vt 0.919155 0.501818
vt 0.908481 0.502562
vt 0.928547 0.50242698
vt 0.908724 0.50330597
vt 0.903805 0.50338697
vt 0.919732 0.503843
vt 0.932873 0.503803
vt 0.904096 0.50421
vt 0.901049 0.504273
vt 0.929519 0.50439203
vt 0.909391 0.50535
vt 0.901418 0.50533098
vt 0.899453 0.505327
vt 0.904889 0.506495
vt 0.910235 0.50784802
vt 0.899901 0.505758
vt 0.898257 0.50665897
vt 0.902421 0.508331
vt 0.899337 0.50711298
vt 0.897452 0.508232
vt 0.898601 0.50906003
vt 0.897026 0.510009
vt 0.897827 0.510849
vt 0.897017 0.512088
vt 0.907073 0.50853002
vt 0.897497 0.51231903
vt 0.89746 0.51456898
vt 0.901875 0.511432
vt 0.906496 0.51075798
vt 0.898156 0.514252
vt 0.898009 0.51676798
vt 0.90004 0.51330602
vt 0.899125 0.516555
vt 0.898316 0.51799798
vt 0.902276 0.51594
vt 0.899572 0.517821
vt 0.898471 0.51862502
vt 0.903145 0.51731598
vt 0.907477 0.514812
vt 0.899728 0.518448
vt 0.898566 0.51901
vt 0.899822 0.51883298
vt 0.903395 0.518327
vt 0.903301 0.51794302
vt 0.90815 0.51765198
vt 0.9079 0.51664197
vt 0.908056 0.517268
vt 0.912954 0.516968
vt 0.912859 0.51658398
vt 0.92261 0.51559198
vt 0.912704 0.515958
vt 0.922516 0.51520902
vt 0.932174 0.513839
vt 0.932267 0.514221
vt 0.936426 0.51354402
vt 0.922361 0.514583
vt 0.912839 0.51478302
vt 0.936298 0.51308
vt 0.932019 0.513214
vt 0.936133 0.512398
vt 0.922025 0.513166
vt 0.932227 0.512376
vt 0.936018 0.511482
vt 0.936038 0.510316
vt 0.913616 0.51275003
vt 0.912032 0.511608
vt 0.921388 0.51040697
vt 0.91101 0.50995398
vt 0.920784 0.50777602
vt 0.920547 0.50674403
vt 0.920317 0.505903
vt 0.929635 0.505942
vt 0.929858 0.505162
vt 0.933309 0.504556
vt 0.930845 0.50836098
vt 0.9327 0.505593
vt 0.934647 0.504322
vt 0.934979 0.50359398
vt 0.934267 0.505279
vt 0.935072 0.504314
vt 0.935228 0.50619102
vt 0.93585 0.502011
vt 0.933085 0.507814
vt 0.935491 0.508752
vt 0.932327 0.51036102
vt 0.933222 0.51135498
vt 0.927673 0.51226902
vt 0.055678 0.666525
vt 0.055682 0.61508203
vt 0.058729 0.61510402
vt 0.054199 0.666503
vt 0.054204 0.61505902
vt 0.054216 0.72059602
vt 0.055643 0.562321
vt 0.054166 0.562298
vt 0.054086 0.508218
vt 0.055695 0.720618
vt 0.054301 0.78088099
vt 0.058688 0.562343
vt 0.055562 0.508241
vt 0.058728 0.666546
vt 0.055778 0.780904
vt 0.05439 0.84465301
vt 0.058745 0.72064
vt 0.062815 0.666569
vt 0.055865 0.84467697
vt 0.058823 0.780927
vt 0.062832 0.720662
vt 0.055917 0.90034801
vt 0.054443 0.90032399
vt 0.054471 0.94734502
vt 0.058906 0.84470099
vt 0.055946 0.94736898
vt 0.054476 0.957418025
vt 0.058957 0.90037298
vt 0.058986 0.947393
vt 0.055951 0.957440972
vt 0.05477 0.96605301
vt 0.058992 0.957464993
vt 0.056262 0.96629399
vt 0.057186 0.973931015
vt 0.055645 0.973037004
vt 0.059185 0.966746986
vt 0.059752 0.975670993
vt 0.058103 0.98050803
vt 0.060381 0.982941985
vt 0.06312 0.96717298
vt 0.063268 0.977301002
vt 0.063067 0.95749098
vt 0.067659 0.977864027
vt 0.06765 0.967336
vt 0.06306 0.947418988
vt 0.067642 0.95752102
vt 0.077303 0.967399
vt 0.077314 0.977926016
vt 0.077339 0.986477017
vt 0.063029 0.90039903
vt 0.087365 0.985536993
vt 0.087046 0.990424991
vt 0.09185 0.990454972
vt 0.088448 0.973978996
vt 0.091891 0.986312985
vt 0.096605 0.9904850125
vt 0.09214 0.976993978
vt 0.096553 0.986591995
vt 0.100178 0.99050802
vt 0.101382 0.986621976
vt 0.101434 0.990516007
vt 0.100125 0.986613989
vt 0.101353 0.97804898
vt 0.096524 0.978017986
vt 0.100096 0.978040993
vt 0.101341 0.969711006
vt 0.092781 0.969343007
vt 0.096536 0.969681025
vt 0.10009 0.969703972
vt 0.101339 0.966524005
vt 0.090928 0.968391
vt 0.100106 0.966516018
vt 0.101346 0.96591401
vt 0.091854 0.96635902
vt 0.091533 0.965709984
vt 0.093096 0.96644503
vt 0.096603 0.966494024
vt 0.0919 0.965964973
vt 0.092898 0.96580702
vt 0.091728 0.965624988
vt 0.096745 0.965884984
vt 0.091493 0.963223994
vt 0.100147 0.965906978
vt 0.101358 0.965309024
vt 0.100215 0.965300977
vt 0.096983 0.96528101
vt 0.093743 0.965225995
vt 0.092248 0.96532899
vt 0.092573 0.96511799
vt 0.091807 0.963648975
vt 0.092155 0.96434802
vt 0.092051 0.964959025
vt 0.093484 0.961899996
vt 0.093866 0.962715983
vt 0.092097 0.962013006
vt 0.097099 0.95535302
vt 0.097325 0.95624399
vt 0.093387 0.959684014
vt 0.096713 0.954201996
vt 0.100689 0.94886601
vt 0.100749 0.949804008
vt 0.095528 0.952093005
vt 0.093085 0.95439303
vt 0.09207 0.955509007
vt 0.100605 0.947722018
vt 0.096705 0.945199013
vt 0.101942 0.946603
vt 0.100468 0.945870996
vt 0.101942 0.947058976
vt 0.101917 0.808384
vt 0.101937 0.943521023
vt 0.100749 0.517426
vt 0.100638 0.90047902
vt 0.100814 0.517662
vt 0.101899 0.900462985
vt 0.101866 0.51757598
vt 0.097325 0.51775497
vt 0.100619 0.84479702
vt 0.101881 0.84478098
vt 0.097057 0.900524974
vt 0.097036 0.84484398
vt 0.100591 0.78100598
vt 0.101854 0.78099
vt 0.097005 0.78105402
vt 0.100566 0.72070402
vt 0.101829 0.72068697
vt 0.101795 0.66659898
vt 0.093404 0.84489
vt 0.100532 0.666615
vt 0.10175 0.61517
vt 0.096978 0.720752
vt 0.100489 0.61518598
vt 0.101709 0.56241
vt 0.096948 0.66666198
vt 0.100447 0.56242597
vt 0.101653 0.508323
vt 0.096908 0.615232
vt 0.093312 0.66671002
vt 0.093369 0.78110099
vt 0.09334 0.72079998
vt 0.091956 0.78111899
vt 0.091925 0.72081798
vt 0.093276 0.615278
vt 0.091899 0.666727
vt 0.096864 0.562472
vt 0.10039 0.50834
vt 0.10158 0.453358
vt 0.093231 0.562519
vt 0.100316 0.45337498
vt 0.101513 0.39883304
vt 0.096803 0.50838703
vt 0.096728 0.45342302
vt 0.100249 0.39884996
vt 0.101462 0.346959
vt 0.093089 0.453471
vt 0.100197 0.34697604
vt 0.101412 0.29065597
vt 0.100147 0.29067302
vt 0.096661 0.398898
vt 0.096606 0.34702504
vt 0.096555 0.29072297
vt 0.093022 0.398946
vt 0.092965 0.34707403
vt 0.092913 0.29077196
vt 0.09155 0.34709203
vt 0.091497 0.29078996
vt 0.093165 0.508435
vt 0.091249 0.347094
vt 0.091196 0.290792
vt 0.091608 0.398964
vt 0.09095 0.347095
vt 0.090896 0.290793
vt 0.091307 0.398966
vt 0.089537 0.29078603
vt 0.091674 0.453489
vt 0.091373 0.45349097
vt 0.091008 0.398966
vt 0.091751 0.508453
vt 0.09145 0.50845498
vt 0.091074 0.453492
vt 0.091818 0.562537
vt 0.091518 0.56253803
vt 0.091864 0.615296
vt 0.091563 0.61529702
vt 0.091219 0.56253898
vt 0.091598 0.66672897
vt 0.091151 0.508456
vt 0.091265 0.61529797
vt 0.089862 0.562531
vt 0.089715 0.453485
vt 0.089793 0.50844902
vt 0.091624 0.72082
vt 0.091299 0.66672897
vt 0.089909 0.61529
vt 0.091655 0.78112102
vt 0.091325 0.72082
vt 0.089941 0.666722
vt 0.091992 0.84490699
vt 0.091356 0.78112102
vt 0.091692 0.84490901
vt 0.092017 0.90058702
vt 0.089999 0.78111398
vt 0.093427 0.900569975
vt 0.089966 0.72081298
vt 0.093371 0.94592297
vt 0.092059 0.946253
vt 0.091716 0.90058899
vt 0.09177 0.95594603
vt 0.091758 0.946362972
vt 0.091472 0.956206977
vt 0.09146 0.946429014
vt 0.091418 0.90058899
vt 0.091393 0.84490901
vt 0.090105 0.946595013
vt 0.090063 0.900581
vt 0.090038 0.84490103
vt 0.090117 0.956490993
vt 0.086594 0.900557995
vt 0.086566 0.84487897
vt 0.090269 0.964055
vt 0.0907 0.967918992
vt 0.086635 0.947008014
vt 0.087102 0.965972006
vt 0.086646 0.95699799
vt 0.077293 0.957584023
vt 0.077283 0.947512984
vt 0.077246 0.90049499
vt 0.067635 0.94744903
vt 0.067602 0.90043002
vt 0.07721 0.844818
vt 0.062982 0.84472603
vt 0.067558 0.844756
vt 0.062904 0.78095102
vt 0.067486 0.78097802
vt 0.077153 0.78103602
vt 0.067422 0.72068697
vt 0.086522 0.781093
vt 0.077104 0.72074002
vt 0.086486 0.720793
vt 0.086463 0.66670197
vt 0.077085 0.66664797
vt 0.067405 0.66659403
vt 0.086434 0.615268
vt 0.077068 0.615211
vt 0.086387 0.56251
vt 0.067398 0.61515403
vt 0.07702 0.56245202
vt 0.086314 0.50842798
vt 0.062813 0.61512703
vt 0.062769 0.56236702
vt 0.067353 0.56239402
vt 0.07694 0.50837302
vt 0.086236 0.45346498
vt 0.06727 0.50831598
vt 0.062687 0.50828898
vt 0.076861 0.45341003
vt 0.08965 0.39895904
vt 0.086171 0.398939
vt 0.089591 0.34708798
vt 0.08611 0.347068
vt 0.086056 0.290766
vt 0.076682 0.290711
vt 0.076735 0.347013
vt 0.0768 0.398883
vt 0.067192 0.45335197
vt 0.067137 0.39882302
vt 0.067071 0.346954
vt 0.067019 0.29065204
vt 0.062442 0.290623
vt 0.062492 0.34692597
vt 0.062558 0.398795
vt 0.062611 0.45332396
vt 0.058417 0.3469
vt 0.058368 0.290596
vt 0.058482 0.39876902
vt 0.058533 0.453299
vt 0.058607 0.508264
vt 0.05549 0.45327604
vt 0.054015 0.45325196
vt 0.055441 0.398745
vt 0.053967 0.39872098
vt 0.055376 0.34687603
vt 0.053902 0.346852
vt 0.055329 0.290572
vt 0.053855 0.29054797
vt 0.100897 0.51834
vt 0.101654 0.51835197
vt 0.097813 0.51790398
vt 0.100426 0.51901698
vt 0.101439 0.51913702
vt 0.0988 0.51830697
vt 0.100215 0.51927203
vt 0.101358 0.519435
vt 0.097581 0.51867598
vt 0.096983 0.51880902
vt 0.094962 0.51823997
vt 0.093866 0.51808
vt 0.093743 0.518345
vt 0.092573 0.518183
vt 0.508365 0.978549004
vt 0.507276 0.9845119715
vt 0.509438 0.972627997
vt 0.506792 0.989124
vt 0.505036 0.990015984
vt 0.505589 0.985216975
vt 0.503029 0.990368009
vt 0.506853 0.978955984
vt 0.503529 0.985588014
vt 0.500568 0.990365982
vt 0.504723 0.979252994
vt 0.508101 0.972778022
vt 0.500831 0.985625982
vt 0.498527 0.990230024
vt 0.505917 0.972894013
vt 0.498545 0.9855290055
vt 0.497782 0.990181029
vt 0.497719 0.985493004
vt 0.501552 0.979282975
vt 0.49876 0.979203999
vt 0.497765 0.979176998
vt 0.502277 0.972845972
vt 0.498976 0.972747982
vt 0.497811 0.972714007
vt 0.502501 0.967557013
vt 0.499057 0.967731
vt 0.49785 0.967792988
vt 0.497877 0.966102004
vt 0.50707 0.965824008
vt 0.498867 0.965722024
vt 0.497849 0.965969026
vt 0.50172 0.96465701
vt 0.504809 0.96196401
vt 0.509149 0.966606975
vt 0.508782 0.957857013
vt 0.510277 0.96603799
vt 0.509813 0.960367024
vt 0.506507 0.956699014
vt 0.510182 0.948891997
vt 0.510667 0.958064973
vt 0.511205 0.965875983
vt 0.51147 0.95733702
vt 0.511537 0.947264016
vt 0.511939 0.965941012
vt 0.511462 0.972685993
vt 0.512284 0.973037004
vt 0.512489 0.96605301
vt 0.5126 0.957418025
vt 0.512141 0.957386017
vt 0.512667 0.94734502
vt 0.512208 0.94731301
vt 0.512998 0.90032399
vt 0.511866 0.900242984
vt 0.512537 0.90029198
vt 0.513473 0.84465301
vt 0.513014 0.844621
vt 0.514128 0.78088099
vt 0.512343 0.84457201
vt 0.513672 0.78084898
vt 0.514749 0.72059602
vt 0.510996 0.84447098
vt 0.514296 0.72056502
vt 0.515072 0.666503
vt 0.513003 0.78079998
vt 0.513629 0.72051603
vt 0.514619 0.666471
vt 0.51529 0.61505902
vt 0.512284 0.720415
vt 0.514836 0.615027
vt 0.515691 0.562298
vt 0.513952 0.666422
vt 0.515234 0.562266
vt 0.516263 0.508218
vt 0.514168 0.61497802
vt 0.512607 0.66632098
vt 0.511657 0.78069901
vt 0.509798 0.720227
vt 0.512822 0.614877
vt 0.514565 0.562217
vt 0.515805 0.50818598
vt 0.516346 0.45322
vt 0.516805 0.45325196
vt 0.517254 0.39872098
vt 0.515135 0.508137
vt 0.513219 0.56211603
vt 0.516794 0.39868903
vt 0.517758 0.346852
vt 0.515675 0.453171
vt 0.513788 0.50803602
vt 0.517297 0.34682
vt 0.518207 0.29054797
vt 0.517745 0.29051602
vt 0.517073 0.29046702
vt 0.516625 0.346771
vt 0.516122 0.39864004
vt 0.514328 0.45307004
vt 0.515278 0.34667003
vt 0.515725 0.29036498
vt 0.514775 0.398539
vt 0.512791 0.34648204
vt 0.513238 0.290177
vt 0.512288 0.398351
vt 0.511841 0.452882
vt 0.510451 0.346304
vt 0.510899 0.28999996
vt 0.509948 0.398174
vt 0.509545 0.346236
vt 0.509993 0.289932
vt 0.509043 0.39810503
vt 0.508636 0.346166
vt 0.509084 0.28986204
vt 0.508133 0.398035
vt 0.508595 0.452636
vt 0.506285 0.345986
vt 0.506734 0.28968203
vt 0.509501 0.45270503
vt 0.507686 0.45256603
vt 0.508056 0.50760198
vt 0.508962 0.507671
vt 0.511302 0.50784802
vt 0.505782 0.39785504
vt 0.510733 0.56192797
vt 0.508393 0.561751
vt 0.507487 0.561682
vt 0.507996 0.61451203
vt 0.510336 0.614689
vt 0.510121 0.666133
vt 0.507781 0.66595602
vt 0.50709 0.614443
vt 0.507458 0.72004998
vt 0.506875 0.665888
vt 0.506179 0.61437398
vt 0.506577 0.561612
vt 0.506552 0.719981
vt 0.505964 0.66581798
vt 0.507146 0.507533
vt 0.503823 0.61419302
vt 0.505334 0.45238602
vt 0.504222 0.561432
vt 0.504793 0.507352
vt 0.503607 0.66563702
vt 0.501492 0.61401498
vt 0.501892 0.561253
vt 0.502464 0.50717402
vt 0.503006 0.45220804
vt 0.501054 0.561189
vt 0.501626 0.50711
vt 0.500654 0.61395
vt 0.502169 0.45214403
vt 0.500435 0.665394
vt 0.503455 0.397677
vt 0.502618 0.397613
vt 0.501274 0.66545802
vt 0.500112 0.719487
vt 0.503958 0.34580803
vt 0.503122 0.345744
vt 0.504408 0.289504
vt 0.503571 0.28943896
vt 0.500951 0.71955198
vt 0.499491 0.77977198
vt 0.503284 0.71973002
vt 0.500329 0.779836
vt 0.498837 0.84354502
vt 0.505641 0.71991098
vt 0.499674 0.84360898
vt 0.498361 0.899215996
vt 0.505014 0.780195
vt 0.502659 0.78001499
vt 0.502002 0.84378701
vt 0.499179 0.899277985
vt 0.504354 0.84396702
vt 0.505924 0.78026497
vt 0.498798 0.94781202
vt 0.498026 0.947513998
vt 0.501448 0.89945197
vt 0.50683 0.780334
vt 0.503741 0.89962798
vt 0.500952 0.94864303
vt 0.498711 0.95168501
vt 0.498014 0.951068997
vt 0.497973 0.951680005
vt 0.505264 0.844037
vt 0.504631 0.89969599
vt 0.50917 0.78051102
vt 0.50617 0.84410602
vt 0.50851 0.84428298
vt 0.505556 0.89976603
vt 0.50397 0.94976598
vt 0.510499 0.90013999
vt 0.507954 0.899948
vt 0.50729 0.948487997
vt 0.504886 0.94946003
vt 0.504298 0.956276
vt 0.503129 0.94947201
vt 0.503468 0.955971003
vt 0.502958 0.960030973
vt 0.502791 0.959412992
vt 0.502705 0.955211997
vt 0.500697 0.95342499
vt 0.502145 0.958293974
vt 0.498608 0.952695012
vt 0.500375 0.955477
vt 0.498581 0.953622997
vt 0.497966 0.95267701
vt 0.497948 0.95450598
vt 0.50201 0.958781004
vt 0.500287 0.956202984
vt 0.498509 0.955214977
vt 0.497903 0.959167004
vt 0.502678 0.959719002
vt 0.50005 0.95714301
vt 0.49833 0.95922202
vt 0.497859 0.963827014
vt 0.50209 0.96053803
vt 0.501479 0.95962
vt 0.499459 0.95937401
vt 0.49844 0.96326399
vt 0.497842 0.965653002
vt 0.500027 0.961745024
vt 0.498497 0.964856982
vt 0.500305 0.962701023
vt 0.498605 0.965258002
vt 0.500725 0.96331501
vt 0.910235 0.50784802
vt 0.909391 0.50535
vt 0.904889 0.506495
vt 0.904096 0.50421
vt 0.919732 0.503843
vt 0.908724 0.50330597
vt 0.903805 0.50338697
vt 0.908481 0.502562
vt 0.901049 0.504273
vt 0.919155 0.501818
vt 0.918945 0.50107998
vt 0.901418 0.50533098
vt 0.899453 0.505327
vt 0.92757 0.50048298
vt 0.927215 0.49977803
vt 0.899901 0.505758
vt 0.898257 0.50665897
vt 0.930301 0.499992
vt 0.929831 0.499308
vt 0.899337 0.50711298
vt 0.897452 0.508232
vt 0.902421 0.508331
vt 0.898601 0.50906003
vt 0.897026 0.510009
vt 0.897827 0.510849
vt 0.897017 0.512088
vt 0.907073 0.50853002
vt 0.897497 0.51231903
vt 0.89746 0.51456898
vt 0.901875 0.511432
vt 0.906496 0.51075798
vt 0.898156 0.514252
vt 0.898009 0.51676798
vt 0.90004 0.51330602
vt 0.899125 0.516555
vt 0.898316 0.51799798
vt 0.902276 0.51594
vt 0.899572 0.517821
vt 0.898471 0.51862502
vt 0.903145 0.51731598
vt 0.907477 0.514812
vt 0.899728 0.518448
vt 0.898566 0.51901
vt 0.899822 0.51883298
vt 0.903395 0.518327
vt 0.903301 0.51794302
vt 0.90815 0.51765198
vt 0.9079 0.51664197
vt 0.908056 0.517268
vt 0.912954 0.516968
vt 0.912859 0.51658398
vt 0.92261 0.51559198
vt 0.912704 0.515958
vt 0.922516 0.51520902
vt 0.932174 0.513839
vt 0.932267 0.514221
vt 0.936426 0.51354402
vt 0.922361 0.514583
vt 0.912839 0.51478302
vt 0.936298 0.51308
vt 0.939243 0.51287502
vt 0.932019 0.513214
vt 0.922025 0.513166
vt 0.913616 0.51275003
vt 0.912032 0.511608
vt 0.921388 0.51040697
vt 0.91101 0.50995398
vt 0.920784 0.50777602
vt 0.920547 0.50674403
vt 0.920317 0.505903
vt 0.929635 0.505942
vt 0.929519 0.50439203
vt 0.929858 0.505162
vt 0.928547 0.50242698
vt 0.932873 0.503803
vt 0.931593 0.501886
vt 0.933309 0.504556
vt 0.934161 0.503577
vt 0.932745 0.50168103
vt 0.931318 0.49980903
vt 0.930799 0.499134
vt 0.931929 0.49969
vt 0.931495 0.499062
vt 0.933122 0.50141603
vt 0.933444 0.49939096
vt 0.933295 0.498901
vt 0.934484 0.50297898
vt 0.933843 0.50069302
vt 0.935077 0.49941802
vt 0.935128 0.498738
vt 0.934944 0.501275
vt 0.93578 0.499417
vt 0.935918 0.498657
vt 0.935412 0.50151098
vt 0.936153 0.499506
vt 0.936266 0.498609
vt 0.934979 0.50359398
vt 0.936796 0.49979997
vt 0.936772 0.49854302
vt 0.934647 0.504322
vt 0.938157 0.49941504
vt 0.937927 0.49838603
vt 0.9327 0.505593
vt 0.940471 0.49890304
vt 0.940224 0.49806798
vt 0.938801 0.502312
vt 0.942576 0.498527
vt 0.942376 0.497782
vt 0.941158 0.501216
vt 0.943126 0.50056797
vt 0.936862 0.503384
vt 0.941906 0.503919
vt 0.943714 0.503029
vt 0.939709 0.50545698
vt 0.942334 0.50592297
vt 0.944027 0.505036
vt 0.93585 0.502011
vt 0.942482 0.507537
vt 0.935072 0.504314
vt 0.944038 0.506792
vt 0.934267 0.505279
vt 0.935228 0.50619102
vt 0.933085 0.507814
vt 0.937732 0.506898
vt 0.930845 0.50836098
vt 0.935491 0.508752
vt 0.932327 0.51036102
vt 0.940256 0.507496
vt 0.93827 0.508995
vt 0.936038 0.510316
vt 0.927673 0.51226902
vt 0.933222 0.51135498
vt 0.932227 0.512376
vt 0.940548 0.5089
vt 0.938593 0.51027
vt 0.936018 0.511482
vt 0.936133 0.512398
vt 0.938818 0.51131397
vt 0.939012 0.512168
vt 0.940695 0.51014203
vt 0.94239 0.509068
vt 0.940814 0.51123297
vt 0.94102 0.51218498
vt 0.942201 0.51040697
vt 0.943721 0.508502
vt 0.941897 0.51273
vt 0.939619 0.51334
vt 0.063574 0.989528
vt 0.936558 0.51382297
vt 0.939619 0.51334
vt 0.060757 0.9872639775
vt 0.942637 0.511473
vt 0.943499 0.511917
vt 0.94206 0.51144302
vt 0.94321 0.51008898
vt 0.943261 0.511324
vt 0.943933 0.510234
vt 0.94451 0.508855
vt 0.944861 0.507276
vt 0.944448 0.510848
vt 0.50968 0.978187025
vt 0.945194 0.51146197
vt 0.944355 0.51228398
vt 0.51273 0.98050803
vt 0.511917 0.97824502
vt 0.942814 0.512964
vt 0.510536 0.972573996
vt 0.508365 0.978549004
vt 0.507276 0.9845119715
vt 0.509438 0.972627997
vt 0.505036 0.990015984
vt 0.506792 0.989124
vt 0.506853 0.978955984
vt 0.505589 0.985216975
vt 0.503029 0.990368009
vt 0.508101 0.972778022
vt 0.503529 0.985588014
vt 0.500568 0.990365982
vt 0.504723 0.979252994
vt 0.500831 0.985625982
vt 0.498527 0.990230024
vt 0.505917 0.972894013
vt 0.498545 0.9855290055
vt 0.497782 0.990181029
vt 0.497719 0.985493004
vt 0.501552 0.979282975
vt 0.49876 0.979203999
vt 0.497765 0.979176998
vt 0.502277 0.972845972
vt 0.498976 0.972747982
vt 0.497811 0.972714007
vt 0.502501 0.967557013
vt 0.499057 0.967731
vt 0.49785 0.967792988
vt 0.497877 0.966102004
vt 0.50707 0.965824008
vt 0.498867 0.965722024
vt 0.497849 0.965969026
vt 0.50172 0.96465701
vt 0.504809 0.96196401
vt 0.509149 0.966606975
vt 0.508782 0.957857013
vt 0.510277 0.96603799
vt 0.509813 0.960367024
vt 0.506507 0.956699014
vt 0.510667 0.958064973
vt 0.510182 0.948891997
vt 0.51147 0.95733702
vt 0.511205 0.965875983
vt 0.511537 0.947264016
vt 0.511939 0.965941012
vt 0.511462 0.972685993
vt 0.512284 0.973037004
vt 0.512489 0.96605301
vt 0.5126 0.957418025
vt 0.512141 0.957386017
vt 0.512667 0.94734502
vt 0.512208 0.94731301
vt 0.512998 0.90032399
vt 0.511866 0.900242984
vt 0.512537 0.90029198
vt 0.513473 0.84465301
vt 0.513014 0.844621
vt 0.512343 0.84457201
vt 0.510996 0.84447098
vt 0.510499 0.90013999
vt 0.50851 0.84428298
vt 0.50729 0.948487997
vt 0.507954 0.899948
vt 0.505556 0.89976603
vt 0.50617 0.84410602
vt 0.505264 0.844037
vt 0.504298 0.956276
vt 0.504886 0.94946003
vt 0.504631 0.89969599
vt 0.504354 0.84396702
vt 0.50397 0.94976598
vt 0.503741 0.89962798
vt 0.502002 0.84378701
vt 0.503468 0.955971003
vt 0.501448 0.89945197
vt 0.503129 0.94947201
vt 0.499179 0.899277985
vt 0.499674 0.84360898
vt 0.500952 0.94864303
vt 0.498361 0.899215996
vt 0.498837 0.84354502
vt 0.498798 0.94781202
vt 0.498026 0.947513998
vt 0.498711 0.95168501
vt 0.498014 0.951068997
vt 0.497973 0.951680005
vt 0.500697 0.95342499
vt 0.498608 0.952695012
vt 0.502705 0.955211997
vt 0.498581 0.953622997
vt 0.497966 0.95267701
vt 0.497948 0.95450598
vt 0.500375 0.955477
vt 0.502145 0.958293974
vt 0.502791 0.959412992
vt 0.50201 0.958781004
vt 0.500287 0.956202984
vt 0.498509 0.955214977
vt 0.497903 0.959167004
vt 0.50005 0.95714301
vt 0.49833 0.95922202
vt 0.497859 0.963827014
vt 0.502958 0.960030973
vt 0.502678 0.959719002
vt 0.50209 0.96053803
vt 0.500725 0.96331501
vt 0.501479 0.95962
vt 0.498605 0.965258002
vt 0.500305 0.962701023
vt 0.498497 0.964856982
vt 0.497842 0.965653002
vt 0.499459 0.95937401
vt 0.500027 0.961745024
vt 0.49844 0.96326399
vt 0.07721 0.844818
vt 0.067558 0.844756
vt 0.067602 0.90043002
vt 0.062982 0.84472603
vt 0.077246 0.90049499
vt 0.086566 0.84487897
vt 0.063029 0.90039903
vt 0.058906 0.84470099
vt 0.067635 0.94744903
vt 0.086594 0.900557995
vt 0.090038 0.84490103
vt 0.058957 0.90037298
vt 0.055865 0.84467697
vt 0.090063 0.900581
vt 0.091393 0.84490901
vt 0.055917 0.90034801
vt 0.05439 0.84465301
vt 0.054443 0.90032399
vt 0.054471 0.94734502
vt 0.091418 0.90058899
vt 0.091692 0.84490901
vt 0.055946 0.94736898
vt 0.054476 0.957418025
vt 0.058986 0.947393
vt 0.06306 0.947418988
vt 0.055951 0.957440972
vt 0.05477 0.96605301
vt 0.058992 0.957464993
vt 0.063067 0.95749098
vt 0.067642 0.95752102
vt 0.056262 0.96629399
vt 0.057186 0.973931015
vt 0.055645 0.973037004
vt 0.059185 0.966746986
vt 0.059752 0.975670993
vt 0.058103 0.98050803
vt 0.060381 0.982941985
vt 0.06312 0.96717298
vt 0.063268 0.977301002
vt 0.063442 0.985531986
vt 0.06765 0.967336
vt 0.067659 0.977864027
vt 0.067683 0.986415982
vt 0.067733 0.99030298
vt 0.07739 0.990364015
vt 0.077303 0.967399
vt 0.077314 0.977926016
vt 0.077339 0.986477017
vt 0.087365 0.985536993
vt 0.087046 0.990424991
vt 0.09185 0.990454972
vt 0.088448 0.973978996
vt 0.091891 0.986312985
vt 0.096605 0.9904850125
vt 0.09214 0.976993978
vt 0.096553 0.986591995
vt 0.100178 0.99050802
vt 0.101382 0.986621976
vt 0.101434 0.990516007
vt 0.100125 0.986613989
vt 0.101353 0.97804898
vt 0.096524 0.978017986
vt 0.100096 0.978040993
vt 0.101341 0.969711006
vt 0.092781 0.969343007
vt 0.096536 0.969681025
vt 0.10009 0.969703972
vt 0.101339 0.966524005
vt 0.090928 0.968391
vt 0.100106 0.966516018
vt 0.101346 0.96591401
vt 0.091854 0.96635902
vt 0.091533 0.965709984
vt 0.093096 0.96644503
vt 0.096603 0.966494024
vt 0.0919 0.965964973
vt 0.092898 0.96580702
vt 0.091728 0.965624988
vt 0.096745 0.965884984
vt 0.091493 0.963223994
vt 0.100147 0.965906978
vt 0.101358 0.965309024
vt 0.100215 0.965300977
vt 0.096983 0.96528101
vt 0.093743 0.965225995
vt 0.092248 0.96532899
vt 0.092573 0.96511799
vt 0.091807 0.963648975
vt 0.092155 0.96434802
vt 0.092051 0.964959025
vt 0.093484 0.961899996
vt 0.093866 0.962715983
vt 0.092097 0.962013006
vt 0.097099 0.95535302
vt 0.097325 0.95624399
vt 0.093387 0.959684014
vt 0.096713 0.954201996
vt 0.100689 0.94886601
vt 0.100749 0.949804008
vt 0.093085 0.95439303
vt 0.095528 0.952093005
vt 0.09207 0.955509007
vt 0.100605 0.947722018
vt 0.096705 0.945199013
vt 0.101942 0.946603
vt 0.100468 0.945870996
vt 0.101942 0.947058976
vt 0.101917 0.808384
vt 0.101937 0.943521023
vt 0.100749 0.517426
vt 0.100638 0.90047902
vt 0.100814 0.517662
vt 0.101899 0.900462985
vt 0.101866 0.51757598
vt 0.097325 0.51775497
vt 0.101881 0.84478098
vt 0.100619 0.84479702
vt 0.097036 0.84484398
vt 0.097057 0.900524974
vt 0.093404 0.84489
vt 0.093371 0.94592297
vt 0.093427 0.900569975
vt 0.092017 0.90058702
vt 0.091992 0.84490699
vt 0.092059 0.946253
vt 0.091716 0.90058899
vt 0.09177 0.95594603
vt 0.091758 0.946362972
vt 0.09146 0.946429014
vt 0.091472 0.956206977
vt 0.090105 0.946595013
vt 0.090117 0.956490993
vt 0.090269 0.964055
vt 0.0907 0.967918992
vt 0.086635 0.947008014
vt 0.087102 0.965972006
vt 0.086646 0.95699799
vt 0.077293 0.957584023
vt 0.077283 0.947512984
vt 0.100897 0.51834
vt 0.101654 0.51835197
vt 0.097813 0.51790398
vt 0.100426 0.51901698
vt 0.101439 0.51913702
vt 0.0988 0.51830697
vt 0.100215 0.51927203
vt 0.101358 0.519435
vt 0.097581 0.51867598
vt 0.096983 0.51880902
vt 0.094962 0.51823997
vt 0.093866 0.51808
vt 0.093743 0.518345
vt 0.092573 0.518183
vt 0 0
vt 0 0
vt 0 0
vt 0 0
vt 0 0
vt 0 0
vt 0 0
vt 0 0
vt 0 0
vt 0 0
vt 0 0
vt 0 0
vt 0 0
vt 0 0
vt 0 0
vt 0 0
vt 0 0
vt 0 0
vt 0 0
vt 0 0
vt 0 0
vt 0 0
vt 0 0
vt 0 0
vt 0 0
vt 0 0
vt 0 0
vt 0 0
vt 0 0
vt 0 0
vt 0 0
vt 0 0
vt 0 0
vt 0 0
vt 0 0
vt 0 0
vt 0 0
vt 0 0
vt 0 0
vt 0 0
vt 0 0
vt 0 0
vt 0 0
vt 0 0
vt 0 0
vt 0 0
vt 0 0
vt 0 0
vt 0 0
vt 0 0
vt 0.906542 0.51516902
vt 0.906674 0.51616597
vt 0.152829 0.627573
vt 0.906708 0.51643002
vt 0.152959 0.627823
vt 0.906737 0.516649
vt 0.152152 0.626275
vt 0.153065 0.62803
vt 0.906757 0.51679897
vt 0.153137 0.628173
vt 0.934734 0.494299
vt 0.086792 0.627158
vt 0.085808 0.62703902
vt 0.084964 0.626684
vt 0.936844 0.50631303
vt 0.084667 0.626427
vt 0.935218 0.494452
vt 0.085001 0.61987698
vt 0.935634 0.494583
vt 0.084165 0.620139
vt 0.936414 0.495229
vt 0.083514 0.62062597
vt 0.083252 0.62108302
vt 0.938816 0.50429797
vt 0.937793 0.50587898
vt 0.938468 0.505247
vt 0.938625 0.504907
vt 0.93882 0.50448197
vt 0.093217 0.966425
vt 0.093223 0.965084016
vt 0.846843 0.970164001
vt 0.846818 0.971503973
vt 0.846921 0.628228
vt 0.846836 0.994247973
vt 0.093243 0.516846
vt 0.093236 0.989169002
vt 0.847366 0.627407
vt 0.093359 0.515976
vt 0.846863 0.9950479865
vt 0.093243 0.989969015
vt 0.152829 0.627573
vt 0.906674 0.51616597
vt 0.906542 0.51516902
vt 0.906708 0.51643002
vt 0.152959 0.627823
vt 0.906737 0.516649
vt 0.152152 0.626275
vt 0.153065 0.62803
vt 0.906757 0.51679897
vt 0.153137 0.628173
vt 0.934734 0.494299
vt 0.086792 0.627158
vt 0.085808 0.62703902
vt 0.084964 0.626684
vt 0.936844 0.50631303
vt 0.084667 0.626427
vt 0.935218 0.494452
vt 0.085001 0.61987698
vt 0.935634 0.494583
vt 0.084165 0.620139
vt 0.936414 0.495229
vt 0.083514 0.62062597
vt 0.083252 0.62108302
vt 0.938816 0.50429797
vt 0.937793 0.50587898
vt 0.938468 0.505247
vt 0.938625 0.504907
vt 0.93882 0.50448197
vt 0.846843 0.970164001
vt 0.093223 0.965084016
vt 0.093217 0.966425
vt 0.846818 0.971503973
vt 0.846921 0.628228
vt 0.846836 0.994247973
vt 0.093243 0.516846
vt 0.093236 0.989169002
vt 0.847366 0.627407
vt 0.093359 0.515976
vt 0.846863 0.9950479865
vt 0.093243 0.989969015
vn 0.2622 0.6187 -0.7406
vn 0.1492 0.3683 -0.9176
vn 0.3008 0.4847 -0.8213
vn 0.35 0.6704 -0.6543
vn 0.2982 0.8168 -0.4939
vn 0.35 0.6704 -0.6543
vn 0.359 0.8001 -0.4805
vn 0.2998 0.8982 -0.3214
vn 0.2427 0.9294 -0.2782
vn 0.3959 0.7832 -0.4794
vn 0.4016 0.7098 -0.5787
vn 0.4534 0.6521 -0.6076
vn 0.3008 0.4846 -0.8214
vn 0.5058 0.7038 -0.4988
vn 0.358 0.8625 -0.3577
vn 0.5232 0.6011 -0.6041
vn 0.5504 0.7369 -0.3926
vn 0.6145 0.5908 -0.5228
vn 0.4873 0.5491 -0.679
vn 0.4602 0.4373 -0.7727
vn 0.214 0.3072 -0.9273
vn 0.4428 0.2574 -0.8589
vn 0.4602 0.4373 -0.7727
vn 0.1355 0.1807 -0.9742
vn 0.6446 0.5485 -0.5325
vn 0.1355 0.1807 -0.9742
vn 0.4168 0.1319 -0.8994
vn 0.6935 0.4614 -0.5533
vn 0.0917 0.1238 -0.9881
vn 0.405 0.1041 -0.9084
vn 0.7305 0.5389 -0.4195
vn 0.794 0.4585 -0.3992
vn 0.6036 0.7623 -0.2337
vn 0.2875 0.9381 -0.1935
vn 0.8601 0.4339 -0.2682
vn 0.6442 0.7614 -0.0728
vn 0.8549 0.3696 -0.364
vn 0.9441 0.3096 -0.1135
vn 0.6657 0.7457 0.028
vn 0.9243 0.2967 -0.24
vn 0.9752 0.2201 -0.0225
vn 0.6785 0.7311 0.0711
vn 0.9867 0.1305 -0.0964
vn 0.9839 0.1784 0.0124
vn 0.6869 0.7222 0.0814
vn 0.9991 0.0355 -0.0251
vn 0.987 0.1598 0.0195
vn 0.6924 0.717 0.0807
vn 0.986 0.1653 0.0202
vn 1 -0 0
vn 1 0.0054 -0.0045
vn 1 -0 0
vn 1 -0 0
vn 1 -0 0
vn 1 -0 0
vn 1 0.0034 -0.0022
vn 1 -0 0
vn 0.9962 -0.0858 0.0179
vn 0.9996 0.0249 -0.0127
vn 0.9942 -0.1049 0.0216
vn 0.9713 -0.2334 0.0466
vn 0.9933 0.0952 -0.0661
vn 0.9706 -0.2363 0.0464
vn 0.9625 -0.2662 0.052
vn 0.955 0.2273 -0.1906
vn 0.9628 -0.2652 0.0515
vn 0.9682 -0.2411 0.0665
vn 0.9705 -0.2364 0.048
vn 0.9938 -0.1087 0.0228
vn 0.9682 -0.2416 0.0651
vn 0.9866 -0.0767 0.1438
vn 0.9633 -0.2633 0.0514
vn 0.9859 -0.1058 0.1296
vn 0.9841 0.0198 0.1764
vn 0.9698 -0.2342 0.0681
vn 0.9847 0.0123 0.1736
vn 0.9886 0.0209 0.1489
vn 0.986 -0.1075 0.1273
vn 0.9743 -0.2158 0.0652
vn 0.9889 0.0144 0.1477
vn 0.9943 0.0267 0.1033
vn 0.9863 -0.0037 0.1647
vn 0.9893 -0.0963 0.1101
vn 0.9946 0.0211 0.1017
vn 0.998 0.0363 0.0527
vn 0.99 -0.0001 0.141
vn 0.9982 0.0304 0.0518
vn 0.9993 0.0314 0.0195
vn 0.9954 0.0075 0.0958
vn 0.989 -0.0157 0.1473
vn 0.9995 0.0263 0.0181
vn 0.9999 0.0135 0.0048
vn 0.992 -0.0118 0.1259
vn 0.9988 0.0164 0.047
vn 1 0.009 0.0028
vn 1 -0 0
vn 0.9998 0.0146 0.0151
vn 0.9995 0.0027 0.0316
vn 1 -0 0
vn 1 -0 0
vn 1 0.0031 0.0021
vn 1 -0 0
vn 1 -0 0
vn 1 -0 0
vn 1 -0 0
vn 1 -0 0
vn 1 0.0001 0
vn 0.9999 0.0054 0.0132
vn 1 -0 0
vn 0.9999 0.0037 -0.0116
vn 1 0.0007 -0.0029
vn 1 0.0008 0.0007
vn 1 0.0029 -0.0085
vn 0.998 0.0106 -0.0629
vn 1 0.0013 -0.0069
vn 0.9982 0.0094 -0.059
vn 0.9678 0.03 -0.2498
vn 0.9986 0.0076 -0.0518
vn 0.9684 0.0298 -0.2475
vn 0.8042 0.0672 -0.5906
vn 0.9694 0.0288 -0.2437
vn 0.9989 0.0037 -0.0461
vn 0.8043 0.0673 -0.5904
vn 0.4119 0.103 -0.9054
vn 0.4117 0.1033 -0.9054
vn 0.4104 0.1043 -0.9059
vn 0.8041 0.0676 -0.5906
vn 0.4051 0.1065 -0.9081
vn 0.9694 0.0269 -0.2442
vn 0.8039 0.0681 -0.5908
vn 0.4018 0.1056 -0.9096
vn 0.8037 0.0684 -0.5911
vn 0.405 0.1041 -0.9084
vn 0.9684 0.0272 -0.248
vn 0.8032 0.0682 -0.5918
vn 0.7973 0.1042 -0.5945
vn 0.4169 0.1319 -0.8994
vn 0.4428 0.2574 -0.8589
vn 0.9676 0.0282 -0.251
vn 0.9981 0.0064 -0.0613
vn 0.766 0.2568 -0.5894
vn 0.9603 0.0539 -0.2738
vn 0.9263 0.1846 -0.3285
vn 0.9982 0.0061 -0.0594
vn 0.9947 0.0244 -0.0995
vn 0.9831 0.1065 -0.1488
vn 0.9978 0.0479 -0.0452
vn 0.9999 0.0019 -0.0114
vn 1 -0.0001 -0.0047
vn 1 0.0007 -0.0063
vn 1 -0.0013 0.0082
vn 1 -0 0
vn 0.9994 -0.0047 0.0334
vn 0.9969 -0.0048 0.0788
vn 1 -0 0
vn 0.9983 -0.0077 0.0577
vn 0.9976 -0.0096 0.0679
vn 1 -0.0002 -0.0024
vn 1 -0 0
vn 0.9979 -0.0444 0.0468
vn 0.9955 -0.0891 0.0312
vn 1 -0 0
vn 0.9995 -0.0301 0.0124
vn 1 0.0033 -0.0013
vn 1 -0 0
vn 1 0.0007 -0.0009
vn 0.9999 0.0119 -0.005
vn 1 0.0009 -0.0086
vn 0.9992 0.015 -0.0361
vn 0.9985 0.0025 -0.0554
vn -0.0083 0.1965 -0.9805
vn -0.0058 0.2 -0.9798
vn -0.0054 0.1168 -0.9931
vn -0.0077 0.5056 -0.8628
vn -0.0055 0.5082 -0.8612
vn 0.0004 0.506 -0.8625
vn 0.0034 0.2033 -0.9791
vn 0.003 0.5106 -0.8598
vn 0.0061 0.5124 -0.8587
vn 0.0002 0.1975 -0.9803
vn 0.0062 0.51 -0.8601
vn 0.0037 0.1207 -0.9927
vn 0.007 0.2057 -0.9786
vn -0.008 0.113 -0.9936
vn 0.0064 0.2028 -0.9792
vn 0.0038 0.5141 -0.8577
vn -0.0002 0.1146 -0.9934
vn -0.0076 0.0992 -0.995
vn 0.0039 0.2091 -0.9779
vn 0.0056 0.1207 -0.9927
vn -0.0009 0.101 -0.9949
vn -0.0005 0.2129 -0.9771
vn -0.0005 0.516 -0.8566
vn -0.0029 0.5156 -0.8568
vn 0.0033 0.1267 -0.9919
vn -0.0031 0.2111 -0.9775
vn 0.0232 0.5272 -0.8494
vn -0.0007 0.1305 -0.9915
vn -0.0026 0.1296 -0.9916
vn 0.0067 0.2206 -0.9753
vn 0.1268 0.5682 -0.8131
vn -0.0014 0.13 -0.9915
vn 0.054 0.2711 -0.961
vn 0.1493 0.3683 -0.9176
vn 0.2622 0.6187 -0.7406
vn 0.0061 0.1394 -0.9902
vn 0.056 0.186 -0.9809
vn 0.3008 0.4846 -0.8214
vn 0.214 0.3072 -0.9273
vn -0.0012 0.1147 -0.9934
vn 0.0199 0.1235 -0.9922
vn -0.0017 0.116 -0.9932
vn 0.013 0.1164 -0.9931
vn -0.0001 0.1164 -0.9932
vn -0.0019 0.1174 -0.9931
vn -0.0004 0.1176 -0.9931
vn 0.0025 0.1173 -0.9931
vn 0.0141 0.1155 -0.9932
vn 0.0809 0.1136 -0.9902
vn -0.0008 0.118 -0.993
vn 0.0743 0.116 -0.9905
vn 0.4018 0.1056 -0.9096
vn 0.405 0.1065 -0.9081
vn 0.0129 0.1166 -0.9931
vn 0.0816 0.1175 -0.9897
vn 0.4104 0.1043 -0.9059
vn 0.0164 0.117 -0.993
vn 0.0883 0.1147 -0.9895
vn 0.4118 0.1033 -0.9054
vn 0.0898 0.1127 -0.9896
vn 0.4118 0.103 -0.9054
vn 0.0897 0.1131 -0.9895
vn 0.0189 0.114 -0.9933
vn 0.0184 0.1157 -0.9931
vn 0.0188 0.1144 -0.9933
vn 0.001 0.1148 -0.9934
vn 0.0002 0.1147 -0.9934
vn 0.0001 0.1157 -0.9933
vn 0.0008 0.1153 -0.9933
vn -0.0717 0.1148 -0.9908
vn 0.003 0.1136 -0.9935
vn -0.0725 0.1151 -0.9907
vn -0.1863 0.1131 -0.976
vn -0.0305 0.095 -0.995
vn -0.0123 0.0804 -0.9967
vn -0.0615 0.111 -0.9919
vn -0.0701 0.1152 -0.9909
vn -0.1079 0.0633 -0.9921
vn -0.18 0.1065 -0.9779
vn -0.0432 0.0038 -0.9991
vn -0.1872 0.1131 -0.9758
vn 0.0007 0.0541 -0.9985
vn -0.1866 0.1135 -0.9759
vn -0.2934 0.1103 -0.9496
vn -0.293 0.1103 -0.9497
vn -0.2929 0.11 -0.9498
vn -0.286 0.1008 -0.9529
vn -0.1079 0.0633 -0.9921
vn -0.2046 0.036 -0.9782
vn -0.0025 -0.0548 -0.9985
vn -0.072 -0.0794 -0.9942
vn -0.0433 0.0037 -0.9991
vn -0.0998 -0.1301 -0.9865
vn -0.2572 0.0127 -0.9663
vn -0.0058 -0.155 -0.9879
vn -0.105 -0.1357 -0.9852
vn -0.2584 0.0033 -0.966
vn -0.0102 -0.2094 -0.9778
vn -0.0155 -0.212 -0.9771
vn -0.1272 -0.1083 -0.986
vn -0.2591 0.0152 -0.9657
vn -0.0008 -0.225 -0.9743
vn 0.0033 -0.2211 -0.9752
vn 0.0039 -0.1614 -0.9869
vn -0.0328 -0.1954 -0.9802
vn 0.0021 -0.2303 -0.9731
vn -0.0382 -0.1921 -0.9806
vn -0.0104 -0.2201 -0.9754
vn -0.1158 -0.1138 -0.9867
vn -0.2608 0.027 -0.965
vn -0.009 -0.2224 -0.9749
vn -0.2591 0.0152 -0.9657
vn -0.0029 -0.2339 -0.9722
vn -0.3443 0.0951 -0.934
vn -0.0031 -0.2335 -0.9723
vn -0.3298 0.0936 -0.9394
vn -0.2584 0.0033 -0.966
vn -0.0048 -0.2384 -0.9712
vn -0.005 -0.2382 -0.9712
vn -0.0022 -0.2332 -0.9724
vn -0.0045 -0.2364 -0.9716
vn -0.0044 -0.2425 -0.9701
vn -0.0045 -0.2426 -0.9701
vn -0.0039 -0.2411 -0.9705
vn -0.0033 -0.2428 -0.9701
vn -0.0033 -0.2426 -0.9701
vn -0.001 -0.2399 -0.9708
vn -0.0039 -0.2293 -0.9734
vn -0.001 -0.2401 -0.9707
vn 0 -0.2366 -0.9716
vn -0.0035 -0.2429 -0.97
vn -0 -0.237 -0.9715
vn 0.0011 -0.2375 -0.9714
vn -0.0014 -0.2403 -0.9707
vn 0.0012 -0.2377 -0.9713
vn 0.0041 -0.2431 -0.97
vn -0.0002 -0.2371 -0.9715
vn -0.0023 -0.2345 -0.9721
vn -0.0035 -0.235 -0.972
vn -0.0036 -0.2368 -0.9715
vn -0.0033 -0.1719 -0.9851
vn -0.0036 -0.1742 -0.9847
vn -0.0005 -0.2316 -0.9728
vn -0.0027 -0.1729 -0.9849
vn 0.0018 -0.2384 -0.9712
vn 0.0045 -0.2437 -0.9698
vn 0.0053 -0.2461 -0.9692
vn 0.0023 -0.2317 -0.9728
vn 0.0053 -0.2455 -0.9694
vn 0.0032 -0.2468 -0.9691
vn 0.0048 -0.2424 -0.9702
vn 0.0053 -0.2455 -0.9694
vn 0.0033 -0.2468 -0.9691
vn 0.0013 -0.2498 -0.9683
vn 0.0054 -0.2385 -0.9711
vn 0.0014 -0.2491 -0.9685
vn -0.0011 -0.2481 -0.9687
vn -0.0013 -0.2479 -0.9688
vn 0.0035 -0.2459 -0.9693
vn 0.002 -0.2481 -0.9687
vn -0.0019 -0.2464 -0.9692
vn 0.0037 -0.2391 -0.971
vn 0.0021 -0.2409 -0.9705
vn -0.0026 -0.2391 -0.971
vn 0.0023 -0.1782 -0.984
vn -0.0031 -0.1758 -0.9844
vn 0.0054 -0.2371 -0.9715
vn 0.0025 -0.076 -0.9971
vn -0.0032 -0.0731 -0.9973
vn 0.0039 -0.1752 -0.9845
vn 0.0026 0.0291 -0.9996
vn -0.0034 0.032 -0.9995
vn 0.004 -0.0736 -0.9973
vn -0.0038 0.099 -0.9951
vn 0.0055 -0.1756 -0.9844
vn 0.0057 -0.074 -0.9972
vn 0.0041 0.0327 -0.9995
vn 0.0057 -0.1735 -0.9848
vn 0.0059 -0.0709 -0.9975
vn 0.0058 0.0314 -0.9995
vn 0.0026 -0.1689 -0.9856
vn 0.0028 -0.067 -0.9978
vn -0.0006 -0.1686 -0.9857
vn -0.0006 -0.0658 -0.9978
vn 0.0029 0.0383 -0.9993
vn -0.0029 -0.0703 -0.9975
vn 0.006 0.0337 -0.9994
vn -0.0007 0.039 -0.9992
vn 0.0032 0.1048 -0.9945
vn 0.0058 0.0978 -0.9952
vn 0.0063 0.1004 -0.9949
vn -0.0037 -0.0718 -0.9974
vn -0.0031 0.0351 -0.9994
vn -0.0009 0.1048 -0.9945
vn -0.0033 -0.0686 -0.9976
vn -0.0038 0.0332 -0.9994
vn -0.0033 0.1004 -0.9949
vn -0.0036 -0.1659 -0.9861
vn -0.0032 0.0358 -0.9994
vn -0.0036 -0.0631 -0.998
vn -0.0017 -0.1622 -0.9868
vn -0.0029 0.1027 -0.9947
vn -0.0018 -0.2259 -0.9742
vn -0.0037 0.0992 -0.9951
vn 0.0027 -0.2231 -0.9748
vn 0.0029 -0.1612 -0.9869
vn -0.0016 -0.0598 -0.9982
vn 0.0041 -0.0604 -0.9982
vn 0.0031 -0.0594 -0.9982
vn 0.0046 0.0464 -0.9989
vn 0.0031 0.0452 -0.999
vn -0.0016 0.0456 -0.999
vn -0.0035 0.0431 -0.9991
vn 0.0028 0.1118 -0.9937
vn -0.0015 0.1123 -0.9937
vn -0.0033 0.1097 -0.994
vn 0.0048 0.1107 -0.9938
vn -0.0014 0.1201 -0.9928
vn -0.0023 0.1163 -0.9932
vn 0.004 0.1109 -0.9938
vn 0.003 0.1136 -0.9935
vn 0.0022 0.1192 -0.9929
vn 0.005 0.1173 -0.9931
vn 0.0042 0.1181 -0.993
vn 0.0021 0.1185 -0.993
vn 0.0006 0.1194 -0.9928
vn -0.0012 0.1206 -0.9927
vn -0.0011 0.1189 -0.9929
vn -0.001 0.1195 -0.9928
vn 0.0001 0.1174 -0.9931
vn 0.0027 0.1153 -0.9933
vn 0.0013 0.1157 -0.9933
vn 0.004 0.1076 -0.9942
vn 0.0032 0.1083 -0.9941
vn 0.0005 0.1095 -0.994
vn -0.0016 0.1018 -0.9948
vn -0.0019 0.1096 -0.994
vn -0.0027 0.1039 -0.9946
vn -0.0035 0.105 -0.9945
vn -0.0042 0.1066 -0.9943
vn -0.0055 0.1043 -0.9945
vn -0.0066 0.1006 -0.9949
vn -0.0013 0.1102 -0.9939
vn -0.0024 0.1081 -0.9941
vn 0.0035 0.1106 -0.9939
vn -0.0041 0.1061 -0.9943
vn 0.0042 0.109 -0.994
vn 0.007 0.1064 -0.9943
vn -0.0047 0.1042 -0.9945
vn 0.0042 0.1065 -0.9943
vn 0.0044 0.1076 -0.9942
vn 0.0077 0.1071 -0.9942
vn 0.0057 0.106 -0.9943
vn 0.0078 0.1074 -0.9942
vn 0.0075 0.1082 -0.9941
vn 0.0056 0.1074 -0.9942
vn 0.0042 0.0981 -0.9952
vn 0.0042 0.1058 -0.9944
vn 0.0028 0.0963 -0.9954
vn 0.003 0.1051 -0.9945
vn -0.0048 0.1077 -0.9942
vn -0.0062 0.1111 -0.9938
vn 0.0033 0.1086 -0.9941
vn 0.0041 0.1088 -0.9941
vn 0.0047 0.1091 -0.994
vn 0.0039 0.1109 -0.9938
vn 0.0033 0.1117 -0.9937
vn -0.0074 0.1136 -0.9935
vn -0.0079 0.115 -0.9933
vn 0.0031 0.1135 -0.9935
vn 0.0036 0.1132 -0.9936
vn 0.0041 0.1103 -0.9939
vn 0.0029 0.1288 -0.9917
vn -0.0078 0.1297 -0.9915
vn 0.0033 0.1283 -0.9917
vn 0.0038 0.1253 -0.9921
vn 0.0073 0.1226 -0.9924
vn 0.0034 0.2087 -0.978
vn 0.0029 0.5144 -0.8576
vn 0.0031 0.2115 -0.9774
vn 0.0028 0.5162 -0.8565
vn 0.0027 0.2121 -0.9772
vn 0.0024 0.5169 -0.856
vn -0.0077 0.2125 -0.9771
vn -0.007 0.5165 -0.8563
vn -0.3643 0.111 -0.9247
vn -0.3636 0.1162 -0.9243
vn -0.3473 0.0895 -0.9335
vn -0.3586 0.1091 -0.9271
vn -0.3589 0.1111 -0.9267
vn -0.364 0.1057 -0.9254
vn -0.293 0.1103 -0.9497
vn -0.2934 0.1103 -0.9496
vn -0.3566 0.1069 -0.9281
vn -0.2929 0.11 -0.9498
vn -0.344 0.0941 -0.9343
vn -0.2572 0.0127 -0.9663
vn -0.2861 0.1008 -0.9529
vn -0.2046 0.036 -0.9782
vn 0.1945 0.9697 -0.1476
vn 0.2874 0.9381 -0.1934
vn 0.1515 0.9839 -0.0952
vn 0.6036 0.7623 -0.2337
vn 0.6441 0.7615 -0.0728
vn 0.2125 0.9765 -0.0351
vn 0.6657 0.7457 0.028
vn 0.0876 0.9962 0.0003
vn 0.1659 0.9844 0.0587
vn 0.6785 0.7311 0.0711
vn 0.0241 0.9967 0.077
vn 0.0648 0.9974 0.0329
vn 0.1519 0.9836 0.0972
vn 0.6869 0.7222 0.0815
vn 0.0159 0.9958 0.0903
vn 0.1532 0.9824 0.1068
vn 0.6924 0.717 0.0807
vn 0.1568 0.9819 0.1065
vn 0.0026 0.9948 0.1015
vn -0.0004 0.9943 0.1067
vn -0.0001 0.9943 0.1066
vn 0.0018 0.9946 0.1035
vn -0.0002 0.9944 0.106
vn -0.0001 0.9944 0.106
vn 0.0024 0.9945 0.1048
vn 0.0006 0.9944 0.106
vn 0.0002 0.9944 0.1059
vn -0.0108 0.994 0.1093
vn 0.0078 0.995 0.0994
vn -0.0019 0.9942 0.1072
vn -0.047 0.9912 0.1239
vn 0.0028 0.9943 0.1062
vn 0.0024 0.9946 0.104
vn 0.0344 0.9978 0.0558
vn -0.0015 0.9951 0.0989
vn 0.0737 0.996 -0.0501
vn 0.0098 0.9978 0.0661
vn -0.0003 0.9948 0.1021
vn -0.004 0.9993 0.0378
vn 0.0112 0.9998 -0.0138
vn 0.1183 0.965 -0.234
vn 0.019 0.9822 -0.1868
vn -0.003 0.987 -0.1606
vn 0.1505 0.8453 -0.5127
vn 0.2982 0.8168 -0.4939
vn 0.2622 0.6187 -0.7406
vn 0.1268 0.5682 -0.8131
vn 0.0232 0.5272 -0.8494
vn 0.0302 0.856 -0.5161
vn -0.0029 0.5156 -0.8568
vn -0.002 0.858 -0.5137
vn -0.0005 0.516 -0.8566
vn -0.0003 0.988 -0.1542
vn -0.0003 0.8582 -0.5133
vn 0.0038 0.5142 -0.8577
vn 0.0026 0.8578 -0.5139
vn 0.0062 0.51 -0.8601
vn 0.0011 0.9882 -0.153
vn 0.0042 0.8565 -0.5162
vn 0.0004 0.506 -0.8625
vn 0.0003 0.9991 0.0425
vn 0.0003 0.855 -0.5187
vn -0.0077 0.5056 -0.8627
vn 0.0018 0.9881 -0.154
vn 0.0002 0.9879 -0.1552
vn -0.0051 0.8548 -0.5189
vn -0.0055 0.5082 -0.8612
vn 0 0.9991 0.0421
vn -0.0037 0.8562 -0.5166
vn 0.003 0.5106 -0.8598
vn -0.0022 0.9879 -0.1548
vn 0.002 0.8568 -0.5157
vn 0.0061 0.5123 -0.8588
vn -0.0016 0.9881 -0.1538
vn -0.0006 0.9991 0.0423
vn 0.0005 0.9991 0.0423
vn 0 0.9956 0.0942
vn -0.0004 0.9991 0.0424
vn 0.0008 0.9881 -0.1535
vn 0.004 0.8571 -0.5151
vn 0.002 0.8576 -0.5143
vn 0.0029 0.5144 -0.8575
vn 0.0027 0.5162 -0.8565
vn 0.0017 0.9881 -0.1537
vn 0.0002 0.9991 0.0426
vn 0.0018 0.8584 -0.5129
vn 0.0024 0.5169 -0.856
vn 0.0008 0.9881 -0.1535
vn 0.0004 0.9991 0.0423
vn 0.0016 0.8583 -0.5132
vn -0.007 0.5165 -0.8563
vn -0.0047 0.8579 -0.5137
vn -0.0019 0.9881 -0.1538
vn 0.0006 0.9882 -0.1534
vn 0.0007 0.9883 -0.1528
vn 0.0002 0.9991 0.0425
vn 0.0002 0.9991 0.0423
vn -0 0.9991 0.0425
vn 0.0002 0.9991 0.0426
vn 0 0.9956 0.0942
vn 0 0.9956 0.0942
vn 0 0.9956 0.0942
vn 0 0.9956 0.0941
vn -0 0.994 0.1095
vn -0 0.994 0.1094
vn -0 0.994 0.1094
vn -0.0002 0.9847 0.1744
vn 0 0.9847 0.1744
vn -0.0003 0.9846 0.1745
vn -0.0004 0.9713 0.2377
vn 0.001 0.9713 0.2377
vn -0.0005 0.9713 0.2378
vn -0.0001 0.9847 0.1741
vn -0.0004 0.9701 0.2427
vn 0.0011 0.9701 0.2426
vn -0 0.994 0.1095
vn -0.0005 0.9714 0.2374
vn -0.0005 0.9847 0.1744
vn -0 0.994 0.1094
vn 0.0001 0.9956 0.0942
vn -0.0005 0.9701 0.2426
vn 0 0.9956 0.0942
vn -0 0.994 0.1094
vn -0.0003 0.9846 0.1745
vn -0 0.994 0.1094
vn -0.0001 0.9956 0.0942
vn -0.0001 0.9956 0.0941
vn 0.0001 0.994 0.1095
vn 0.0005 0.9847 0.1745
vn -0 0.994 0.1096
vn 0.0007 0.9847 0.1744
vn 0.001 0.9714 0.2376
vn -0.0005 0.9713 0.2377
vn -0.0001 0.9847 0.1742
vn 0.0014 0.9714 0.2374
vn -0.0009 0.9713 0.2377
vn 0.001 0.9702 0.2424
vn -0.0005 0.9701 0.2425
vn -0.0005 0.9702 0.2424
vn -0.0011 0.9701 0.2425
vn 0.0012 0.9702 0.2423
vn 0.001 0.9698 0.2438
vn -0.0006 0.9699 0.2437
vn -0.0011 0.9698 0.2438
vn -0.0005 0.9698 0.2439
vn -0.0005 0.9697 0.2443
vn -0.0009 0.9697 0.2444
vn 0.0008 0.9697 0.2444
vn -0.0005 0.9696 0.2445
vn 0.0012 0.9698 0.244
vn -0.0005 0.9698 0.2439
vn -0.0005 0.9696 0.2445
vn 0.0012 0.9699 0.2435
vn -0.0001 0.9698 0.244
vn -0.0004 0.9698 0.2437
vn -0.0004 0.9697 0.2444
vn 0.0011 0.9698 0.2438
vn 0.0008 0.9697 0.2445
vn -0.0001 0.9699 0.2435
vn -0.001 0.9697 0.2442
vn -0.0001 0.9702 0.2423
vn -0.001 0.9699 0.2437
vn -0.0006 0.9695 0.2449
vn -0.0001 0.9714 0.2374
vn -0.0007 0.9696 0.2446
vn -0.0001 0.9687 0.2484
vn -0.001 0.9714 0.2376
vn -0.001 0.9702 0.2424
vn -0.0009 0.9701 0.2426
vn -0.0003 0.9688 0.2478
vn -0.001 0.9712 0.2381
vn -0.0006 0.9847 0.1744
vn -0.0045 0.9673 0.2538
vn -0.0018 0.9671 0.2545
vn -0.0008 0.9691 0.2466
vn -0.0001 0.994 0.1094
vn -0.0013 0.9705 0.241
vn -0.0098 0.9675 0.2525
vn -0.0268 0.9659 0.2576
vn -0.0151 0.9652 0.2611
vn -0.0497 0.9651 0.2571
vn -0.0006 0.9846 0.1746
vn -0.0008 0.9843 0.1764
vn 0.0001 0.9956 0.0942
vn -0.0001 0.994 0.1095
vn 0 0.9956 0.0942
vn -0.0001 0.994 0.1095
vn -0.0084 0.9845 0.1752
vn -0.0002 0.9991 0.0425
vn -0.0001 0.9954 0.0953
vn -0.001 0.9952 0.0981
vn -0.0007 0.994 0.1095
vn -0.002 0.994 0.1097
vn -0.0147 0.969 0.2465
vn -0.0274 0.984 0.1759
vn -0.012 0.9932 0.116
vn -0.0551 0.9828 0.1761
vn -0.0486 0.9683 0.2451
vn -0.0424 0.9669 0.2517
vn -0.0916 0.9683 0.2325
vn -0.0663 0.9659 0.2505
vn -0.0825 0.9667 0.2423
vn -0.144 0.9656 0.2167
vn -0.1243 0.966 0.2269
vn -0.1969 0.9615 0.1916
vn -0.1484 0.9672 0.2061
vn -0.1489 0.9657 0.2128
vn -0.1969 0.9616 0.1912
vn -0.196 0.9617 0.1919
vn -0.0919 0.9814 0.1683
vn -0.1958 0.962 0.1902
vn -0.1958 0.9618 0.1911
vn -0.1866 0.9642 0.1883
vn -0.1045 0.9825 0.1542
vn -0.1865 0.9645 0.187
vn -0.1951 0.9622 0.19
vn -0.1866 0.9644 0.1873
vn -0.1149 0.9812 0.1551
vn -0.1858 0.9648 0.186
vn -0.1185 0.9804 0.1574
vn -0.1058 0.9826 0.1526
vn -0.032 0.9924 0.1188
vn -0.0144 0.9934 0.1142
vn -0.9995 0.0027 0.0316
vn -0.9988 0.0164 0.047
vn -0.9998 0.0146 0.0151
vn -0.9995 0.0263 0.0182
vn -0.9954 0.0075 0.0958
vn -0.9982 0.0304 0.0518
vn -0.9993 0.0314 0.0197
vn -0.998 0.0363 0.0526
vn -0.9999 0.0135 0.0048
vn -0.9946 0.0211 0.1017
vn -0.9943 0.0267 0.1033
vn -1 0.009 0.0028
vn -1 -0 -0
vn -0.9889 0.0144 0.1477
vn -0.9886 0.0209 0.1489
vn -1 -0 -0
vn -1 -0 -0
vn -0.9847 0.0123 0.1736
vn -0.9841 0.0197 0.1763
vn -1 -0 -0
vn -1 -0 -0
vn -1 0.0031 0.0021
vn -1 -0 -0
vn -1 -0 -0
vn -1 -0 -0
vn -1 -0 -0
vn -0.9999 0.0054 0.0131
vn -1 -0 -0
vn -0.9999 0.0037 -0.0116
vn -1 0.0007 -0.0029
vn -1 0.0009 0.0007
vn -1 0.0029 -0.0084
vn -0.998 0.0106 -0.0629
vn -1 0.0013 -0.0069
vn -0.9982 0.0099 -0.0585
vn -0.9679 0.0297 -0.2496
vn -0.9986 0.0076 -0.0516
vn -0.9684 0.0298 -0.2475
vn -0.8042 0.0672 -0.5906
vn -0.9694 0.0288 -0.2438
vn -0.9989 0.0037 -0.0461
vn -0.8043 0.0673 -0.5904
vn -0.4118 0.103 -0.9054
vn -0.4118 0.1033 -0.9054
vn -0.4104 0.1042 -0.906
vn -0.8041 0.0676 -0.5906
vn -0.4051 0.1065 -0.9081
vn -0.9693 0.0269 -0.2442
vn -0.8039 0.0681 -0.5908
vn -0.4019 0.1056 -0.9096
vn -0.8037 0.0684 -0.5911
vn -0.405 0.1041 -0.9084
vn -0.9683 0.0272 -0.2481
vn -0.8033 0.0682 -0.5917
vn -0.7973 0.1042 -0.5946
vn -0.4169 0.1319 -0.8993
vn -0.4428 0.2574 -0.8589
vn -0.9676 0.0282 -0.251
vn -0.9981 0.0064 -0.0613
vn -0.766 0.2567 -0.5894
vn -0.4601 0.4373 -0.7727
vn -0.9603 0.0539 -0.2738
vn -0.9982 0.0061 -0.0594
vn -0.9999 0.0019 -0.0114
vn -1 -0.0001 -0.0047
vn -1 0.0008 -0.0067
vn -1 -0.0013 0.0082
vn -1 -0 -0
vn -0.9994 -0.0047 0.0334
vn -0.9969 -0.0048 0.0788
vn -1 -0 -0
vn -0.992 -0.0118 0.1259
vn -0.9983 -0.0077 0.0577
vn -0.99 -0.0001 0.141
vn -0.989 -0.0156 0.1473
vn -0.9863 -0.0037 0.1647
vn -0.9977 -0.0096 0.0678
vn -0.9892 -0.0963 0.1101
vn -0.986 -0.1075 0.1273
vn -0.9859 -0.1058 0.1296
vn -0.9866 -0.0767 0.1438
vn -0.9682 -0.2417 0.0651
vn -0.9682 -0.2411 0.0665
vn -0.9698 -0.2341 0.0681
vn -0.9628 -0.2652 0.0515
vn -0.9625 -0.2663 0.0515
vn -0.9743 -0.2158 0.0652
vn -0.9633 -0.2633 0.0514
vn -0.9706 -0.2363 0.0464
vn -0.9713 -0.2334 0.0466
vn -0.9705 -0.2364 0.048
vn -0.9942 -0.1049 0.0216
vn -0.9962 -0.0858 0.0179
vn -0.9938 -0.1087 0.0228
vn -1 -0 -0
vn -1 -0 -0
vn -0.9955 -0.089 0.0312
vn -1 -0 -0
vn -1 -0 -0
vn -0.9979 -0.0444 0.0468
vn -1 -0 -0
vn -1 -0 -0
vn -1 -0 -0
vn -0.986 0.1653 0.0202
vn -0.987 0.1598 0.0194
vn -1 0.0054 -0.0045
vn -0.6869 0.7222 0.0815
vn -0.6924 0.717 0.0807
vn -0.9839 0.1785 0.0123
vn -0.6785 0.7311 0.0711
vn -1 0.0034 -0.0022
vn -0.9752 0.2202 -0.0225
vn -0.6657 0.7457 0.028
vn -0.999 0.0355 -0.026
vn -0.9441 0.3097 -0.1134
vn -0.6441 0.7615 -0.0728
vn -1 -0 -0
vn -0.8601 0.4339 -0.2682
vn -0.9995 -0.0301 0.0124
vn -0.6036 0.7623 -0.2337
vn -1 -0 -0
vn -1 0.0033 -0.0013
vn -1 0.0007 -0.0004
vn -0.9996 0.0251 -0.0132
vn -1 -0.0001 -0.0024
vn -0.9999 0.0119 -0.005
vn -1 0.0009 -0.0086
vn -0.9869 0.1295 -0.0966
vn -0.9933 0.0952 -0.0661
vn -0.9978 0.0479 -0.0457
vn -0.9985 0.0025 -0.0554
vn -0.9992 0.015 -0.0362
vn -0.9947 0.0244 -0.0994
vn -0.9243 0.2967 -0.24
vn -0.955 0.2273 -0.1906
vn -0.9831 0.1065 -0.1488
vn -0.9263 0.1846 -0.3285
vn -0.8549 0.3696 -0.364
vn -0.6935 0.4613 -0.5533
vn -0.794 0.4586 -0.3992
vn -0.7305 0.5389 -0.4195
vn -0.6446 0.5485 -0.5325
vn -0.4873 0.5491 -0.679
vn -0.6145 0.5909 -0.5228
vn -0.5504 0.7369 -0.3926
vn -0.3007 0.4846 -0.8214
vn -0.2139 0.3072 -0.9273
vn -0.4428 0.2574 -0.8589
vn -0.1354 0.1807 -0.9742
vn -0.214 0.3072 -0.9273
vn -0.4602 0.4373 -0.7727
vn -0.4534 0.6521 -0.6076
vn -0.35 0.6704 -0.6543
vn -0.5235 0.6016 -0.6033
vn -0.5058 0.7038 -0.4988
vn -0.4016 0.7098 -0.5787
vn -0.396 0.7832 -0.4794
vn -0.358 0.8625 -0.3577
vn -0.2875 0.9381 -0.1934
vn -0.3591 0.8001 -0.4805
vn -0.2999 0.8982 -0.3214
vn -0.2982 0.8168 -0.4938
vn -0.2622 0.6187 -0.7406
vn -0.3007 0.4846 -0.8214
vn -0.35 0.6704 -0.6543
vn -0.1492 0.3683 -0.9176
vn -0.2427 0.9294 -0.2782
vn -0.1945 0.9697 -0.1477
vn -0.2875 0.9381 -0.1935
vn -0.1514 0.9839 -0.0951
vn -0.6441 0.7615 -0.0728
vn -0.6036 0.7623 -0.2337
vn -0.0876 0.9962 0.0003
vn -0.2125 0.9765 -0.0351
vn -0.6657 0.7457 0.028
vn -0.0648 0.9974 0.0327
vn -0.1659 0.9844 0.0587
vn -0.6785 0.7311 0.0711
vn -0.0241 0.9967 0.0769
vn -0.1519 0.9836 0.0973
vn -0.6869 0.7222 0.0815
vn -0.0159 0.9958 0.0903
vn -0.1532 0.9824 0.1067
vn -0.6924 0.717 0.0807
vn -0.1568 0.9819 0.1064
vn -0.0026 0.9948 0.1015
vn 0.0004 0.9943 0.1067
vn 0.0001 0.9943 0.1066
vn -0.0018 0.9946 0.1035
vn 0.0002 0.9944 0.106
vn 0.0001 0.9944 0.106
vn -0.0024 0.9945 0.1048
vn -0.0006 0.9944 0.106
vn -0.0002 0.9944 0.1059
vn 0.011 0.9939 0.1093
vn -0.0073 0.995 0.0994
vn 0.0019 0.9942 0.1073
vn 0.0473 0.9912 0.124
vn -0.0027 0.9943 0.1062
vn -0.0025 0.9946 0.104
vn -0.0344 0.9979 0.0558
vn 0.0015 0.9951 0.0989
vn -0.0737 0.996 -0.0501
vn -0.0098 0.9978 0.0661
vn 0.0002 0.9948 0.1021
vn -0.0113 0.9998 -0.0139
vn 0.004 0.9993 0.0378
vn -0.019 0.9822 -0.1868
vn -0.1183 0.965 -0.234
vn 0.003 0.987 -0.1606
vn -0.1505 0.8453 -0.5127
vn -0.2982 0.8168 -0.4938
vn -0.2622 0.6187 -0.7406
vn -0.1269 0.5682 -0.813
vn -0.0232 0.5272 -0.8494
vn -0.0302 0.856 -0.5161
vn 0.0029 0.5156 -0.8568
vn 0.002 0.858 -0.5137
vn 0.0005 0.516 -0.8566
vn 0.0003 0.988 -0.1542
vn 0.0003 0.8581 -0.5134
vn -0.0078 0.5164 -0.8563
vn -0.0051 0.8585 -0.5127
vn -0.0021 0.9883 -0.1523
vn -0.0001 0.9991 0.0424
vn 0.0002 0.9991 0.0425
vn 0 0.9956 0.0941
vn 0.001 0.9952 0.0981
vn 0.0001 0.9954 0.0954
vn 0.0001 0.994 0.1095
vn 0.0001 0.994 0.1095
vn 0.0009 0.9846 0.1748
vn 0.0027 0.9939 0.1102
vn 0.0007 0.994 0.1095
vn 0.0008 0.9843 0.1764
vn 0.0015 0.9712 0.2385
vn 0.0084 0.9845 0.1752
vn 0.0013 0.9704 0.2413
vn 0.0015 0.9699 0.2434
vn 0.0274 0.984 0.1759
vn 0.0006 0.9693 0.2459
vn 0.0147 0.9691 0.2461
vn 0.0003 0.9688 0.2478
vn 0.0013 0.9696 0.2445
vn 0.0106 0.9678 0.2516
vn 0.0001 0.9687 0.2483
vn 0.0013 0.9695 0.2452
vn 0.0045 0.9673 0.2537
vn 0.0018 0.967 0.2548
vn 0.0267 0.9659 0.2576
vn 0.0151 0.9652 0.2611
vn 0.0497 0.9651 0.2571
vn 0.0424 0.9669 0.2517
vn 0.0663 0.9659 0.2505
vn 0.0486 0.9683 0.2451
vn 0.144 0.9656 0.2167
vn 0.1243 0.966 0.2268
vn 0.1969 0.9615 0.1916
vn 0.0825 0.9667 0.2423
vn 0.0915 0.9683 0.2325
vn 0.0551 0.9828 0.1761
vn 0.1485 0.9672 0.2062
vn 0.1489 0.9657 0.2128
vn 0.1969 0.9616 0.1912
vn 0.1959 0.9617 0.1919
vn 0.1955 0.9621 0.1902
vn 0.1958 0.9618 0.1911
vn 0.1863 0.9644 0.1877
vn 0.012 0.9932 0.116
vn 0.092 0.9814 0.1683
vn 0.1045 0.9825 0.1542
vn 0.0145 0.9934 0.1142
vn 0.1866 0.9645 0.187
vn 0.0323 0.9924 0.1187
vn 0.1059 0.9826 0.1526
vn 0.1185 0.9804 0.1574
vn 0.1149 0.9812 0.1551
vn 0.1951 0.9622 0.1899
vn 0.1858 0.9648 0.186
vn 0.1866 0.9644 0.1873
vn -0.0059 0.1167 -0.9931
vn -0.0076 0.1168 -0.9931
vn 0.001 0.1193 -0.9929
vn -0.0084 0.1164 -0.9932
vn 0.0012 0.1206 -0.9927
vn -0.0038 0.1151 -0.9933
vn 0.0008 0.1178 -0.993
vn -0.0086 0.1297 -0.9915
vn 0.0011 0.1189 -0.9929
vn 0.0014 0.12 -0.9928
vn -0.0025 0.1071 -0.9943
vn 0.0007 0.1304 -0.9915
vn -0.0086 0.2117 -0.9773
vn 0.0015 0.1123 -0.9937
vn -0.002 0.0402 -0.9992
vn 0.0006 0.2118 -0.9773
vn -0.0078 0.5164 -0.8563
vn 0.0005 0.516 -0.8566
vn 0.0029 0.5156 -0.8568
vn 0.0016 0.0456 -0.999
vn -0.0017 -0.0652 -0.9979
vn 0.0031 0.2111 -0.9775
vn -0.0232 0.5272 -0.8494
vn 0.0026 0.1296 -0.9916
vn 0.0019 0.1171 -0.9931
vn -0.0067 0.2206 -0.9753
vn -0.1269 0.5682 -0.813
vn 0.0012 0.1304 -0.9915
vn 0.0017 0.116 -0.9932
vn -0 0.1173 -0.9931
vn -0.054 0.2711 -0.961
vn -0.1493 0.3683 -0.9176
vn -0.2622 0.6187 -0.7406
vn -0.006 0.1396 -0.9902
vn -0.056 0.186 -0.9809
vn -0.3007 0.4846 -0.8214
vn -0.214 0.3072 -0.9273
vn 0.0012 0.1147 -0.9934
vn -0.02 0.1235 -0.9921
vn -0.1355 0.1807 -0.9742
vn -0.0003 0.1162 -0.9932
vn -0.013 0.1165 -0.9931
vn -0.0917 0.1238 -0.9881
vn -0.4168 0.1319 -0.8994
vn -0.405 0.1041 -0.9084
vn -0.0025 0.1173 -0.9931
vn -0.0141 0.1155 -0.9932
vn -0.0809 0.1136 -0.9902
vn -0.0743 0.116 -0.9905
vn -0.4019 0.1056 -0.9096
vn -0.405 0.1065 -0.9081
vn -0.0129 0.1166 -0.9931
vn -0.0815 0.1175 -0.9897
vn -0.4104 0.1044 -0.9059
vn -0.0163 0.117 -0.993
vn -0.088 0.1147 -0.9895
vn -0.4118 0.1033 -0.9054
vn -0.0898 0.1127 -0.9896
vn -0.4118 0.103 -0.9054
vn -0.0897 0.1131 -0.9895
vn -0.0189 0.114 -0.9933
vn -0.0181 0.1154 -0.9932
vn -0.0188 0.1144 -0.9933
vn -0.001 0.1148 -0.9934
vn -0.0002 0.1147 -0.9934
vn -0.0001 0.1157 -0.9933
vn -0.0008 0.1153 -0.9933
vn 0.0722 0.1148 -0.9908
vn -0.003 0.1136 -0.9935
vn 0.0724 0.115 -0.9907
vn 0.1863 0.1131 -0.976
vn 0.0305 0.095 -0.995
vn 0.0123 0.0804 -0.9967
vn 0.0613 0.1116 -0.9919
vn 0.0702 0.1152 -0.9909
vn 0.1079 0.0634 -0.9921
vn 0.18 0.1065 -0.9779
vn 0.0432 0.0038 -0.9991
vn 0.1863 0.1132 -0.976
vn -0.0007 0.0541 -0.9985
vn 0.1866 0.1135 -0.9759
vn 0.2934 0.1103 -0.9496
vn 0.293 0.1103 -0.9497
vn 0.2929 0.11 -0.9498
vn 0.286 0.1008 -0.9529
vn 0.1079 0.0634 -0.9921
vn 0.2046 0.036 -0.9782
vn 0.0025 -0.0545 -0.9985
vn 0.072 -0.0801 -0.9942
vn 0.0433 0.0038 -0.9991
vn 0.0999 -0.13 -0.9865
vn 0.2573 0.0127 -0.9663
vn 0.0058 -0.155 -0.9879
vn 0.1051 -0.1357 -0.9852
vn 0.2584 0.0033 -0.966
vn 0.0102 -0.2094 -0.9778
vn 0.0155 -0.2118 -0.9772
vn 0.1271 -0.1083 -0.986
vn 0.2591 0.0152 -0.9657
vn -0.0033 -0.2211 -0.9752
vn 0.0008 -0.2251 -0.9743
vn -0.0039 -0.1612 -0.9869
vn 0.0328 -0.1953 -0.9802
vn -0.0021 -0.2303 -0.9731
vn 0.0382 -0.1921 -0.9806
vn 0.0104 -0.2201 -0.9754
vn 0.1158 -0.1138 -0.9867
vn 0.2608 0.027 -0.965
vn 0.009 -0.2223 -0.9749
vn 0.2591 0.0152 -0.9657
vn 0.0029 -0.2338 -0.9723
vn 0.3443 0.095 -0.934
vn 0.0031 -0.2335 -0.9723
vn 0.3298 0.0936 -0.9394
vn 0.2584 0.0033 -0.966
vn 0.0013 -0.2411 -0.9705
vn 0.001 -0.2407 -0.9706
vn 0 -0.2392 -0.971
vn 0.0024 -0.2332 -0.9724
vn -0.0009 -0.2319 -0.9727
vn -0.0027 -0.2231 -0.9748
vn 0.0018 -0.2259 -0.9742
vn 0.0017 -0.1622 -0.9868
vn -0.0014 -0.1683 -0.9857
vn -0.0029 -0.1612 -0.9869
vn 0.0016 -0.0595 -0.9982
vn -0.0041 -0.0604 -0.9982
vn -0.0031 -0.06 -0.9982
vn -0.0031 0.0452 -0.999
vn -0.0046 0.0463 -0.9989
vn -0.0028 0.1118 -0.9937
vn -0.0048 0.1107 -0.9938
vn -0.004 0.1109 -0.9938
vn -0.0034 0.1136 -0.9935
vn -0.0017 0.12 -0.9928
vn -0.005 0.1173 -0.9931
vn -0.0039 0.1181 -0.993
vn -0.0021 0.1185 -0.993
vn -0.0006 0.1194 -0.9928
vn 0.3643 0.111 -0.9247
vn 0.3636 0.1162 -0.9243
vn 0.3473 0.0895 -0.9335
vn 0.3588 0.1089 -0.927
vn 0.3589 0.1111 -0.9267
vn 0.3641 0.1057 -0.9253
vn 0.293 0.1103 -0.9497
vn 0.2934 0.1103 -0.9496
vn 0.3562 0.1072 -0.9282
vn 0.2929 0.11 -0.9498
vn 0.344 0.0941 -0.9343
vn 0.2573 0.0127 -0.9663
vn 0.286 0.1008 -0.9529
vn 0.2046 0.036 -0.9782
vn -0.0013 -0.2479 -0.9688
vn 0.0009 -0.2407 -0.9706
vn 0.0013 -0.2411 -0.9705
vn -0.001 -0.2481 -0.9687
vn -0.0019 -0.2464 -0.9692
vn 0 -0.2392 -0.971
vn -0.0026 -0.2391 -0.971
vn -0.0009 -0.2319 -0.9727
vn -0.0031 -0.1757 -0.9844
vn -0.0014 -0.1683 -0.9857
vn -0.0033 -0.0731 -0.9973
vn -0.0017 -0.0652 -0.9979
vn -0.0034 0.032 -0.9995
vn -0.0019 0.0403 -0.9992
vn -0.0038 0.099 -0.9951
vn -0.0025 0.1071 -0.9942
vn -0.0048 0.1077 -0.9942
vn -0.0038 0.1151 -0.9933
vn -0.0062 0.1111 -0.9938
vn -0.0059 0.1167 -0.9931
vn -0.0074 0.1136 -0.9935
vn -0.0077 0.1168 -0.9931
vn -0.0078 0.115 -0.9933
vn -0.0084 0.1164 -0.9932
vn -0.0078 0.1297 -0.9915
vn -0.0086 0.1297 -0.9915
vn -0.0077 0.2125 -0.9771
vn -0.0086 0.2117 -0.9773
vn -0.007 0.5165 -0.8563
vn -0.0078 0.5164 -0.8563
vn -0.0047 0.8579 -0.5138
vn -0.0051 0.8586 -0.5127
vn -0.0019 0.9881 -0.1538
vn -0.0026 0.9883 -0.1523
vn -0.0005 0.9991 0.0422
vn -0.0009 0.9991 0.0429
vn -0.0002 0.9956 0.0941
vn -0.0001 0.9955 0.0943
vn 0.0001 0.994 0.1094
vn 0.0001 0.994 0.1096
vn 0.0013 0.9848 0.1738
vn 0.0011 0.9845 0.1752
vn 0.0009 0.9713 0.2378
vn 0.0017 0.9712 0.2384
vn 0.0011 0.9701 0.2426
vn 0.0015 0.9699 0.2434
vn 0.0011 0.9698 0.2438
vn 0.0018 0.9697 0.2442
vn 0.0011 0.9697 0.2445
vn 0.0013 0.9695 0.2452
vn 0.9997 -0.0001 0.0237
vn 0.9952 0.0119 -0.0969
vn 0.9957 0.0113 -0.0919
vn 0.9207 0.0476 -0.3874
vn 0.9241 0.0466 -0.3793
vn 0.6973 0.0875 -0.7115
vn 1 0.0002 0.0037
vn 0.7016 0.087 -0.7072
vn 0.3759 0.113 -0.9197
vn 0.3794 0.1129 -0.9183
vn 0.9999 0.0097 0.0095
vn 1 0.0007 0.0041
vn 1 0.0008 0.0014
vn 1 0.0008 0.0008
vn 0.9998 0.0181 0.0009
vn 1 0.0012 0.0005
vn 1 -0 0
vn 1 0.0006 -0.0001
vn 1 -0 0
vn 1 -0 0
vn 1 -0 0
vn 1 -0 0
vn 1 0.0002 0
vn 1 -0 0
vn 1 -0 0
vn 1 -0 0
vn 1 0.0001 0.0003
vn 1 -0 0
vn -0.0597 0.1217 -0.9908
vn -0.2374 0.1185 -0.9641
vn -0.2387 0.1185 -0.9638
vn -0.0596 0.1217 -0.9908
vn -0.4082 0.1113 -0.9061
vn 0.0963 0.1215 -0.9879
vn -0.407 0.1114 -0.9066
vn 0.0959 0.1214 -0.988
vn -0.46 0.1083 -0.8813
vn -0.46 0.1083 -0.8813
vn 0.3792 0.1129 -0.9184
vn 0.376 0.113 -0.9197
vn -0.9957 0.0113 -0.0917
vn -0.9952 0.012 -0.0968
vn -0.9997 -0.0001 0.0237
vn -0.9207 0.0476 -0.3875
vn -0.9242 0.0465 -0.3791
vn -0.6972 0.0875 -0.7116
vn -1 0.0002 0.0037
vn -0.7017 0.087 -0.7071
vn -0.3758 0.113 -0.9198
vn -0.3792 0.1129 -0.9184
vn -0.9999 0.0096 0.0095
vn -1 0.0006 0.0027
vn -1 0.0008 0.0014
vn -1 0.0011 0.0009
vn -0.9998 0.0182 0.0009
vn -1 0.0011 0.0002
vn -1 -0 -0
vn -1 0.0006 -0.0001
vn -1 -0 -0
vn -1 -0 -0
vn -1 -0 -0
vn -1 -0 -0
vn -1 -0 -0
vn -1 -0 -0
vn -1 -0 -0
vn -1 -0 -0
vn -1 -0 -0
vn -1 -0 -0
vn 0.2388 0.1185 -0.9638
vn 0.2375 0.1185 -0.9641
vn 0.0597 0.1217 -0.9908
vn 0.0599 0.1216 -0.9908
vn 0.4083 0.1113 -0.906
vn -0.0963 0.1214 -0.9879
vn 0.407 0.1114 -0.9066
vn -0.0959 0.1214 -0.988
vn 0.46 0.1083 -0.8813
vn 0.46 0.1083 -0.8813
vn -0.3791 0.1129 -0.9184
vn -0.3759 0.113 -0.9197
f 3/3/3 2/2/2 1/1/1
f 4/4/4 3/3/3 1/1/1
f 6/6/6 1/1/1 5/5/5
f 7/7/7 6/6/6 5/5/5
f 7/7/7 5/5/5 8/8/8
f 5/5/5 9/9/9 8/8/8
f 6/6/6 7/7/7 10/10/10
f 10/10/10 7/7/7 8/8/8
f 11/11/11 6/6/6 10/10/10
f 6/6/6 11/11/11 12/12/12
f 13/13/13 6/6/6 12/12/12
f 11/11/11 10/10/10 14/14/14
f 12/12/12 11/11/11 14/14/14
f 15/15/15 10/10/10 8/8/8
f 12/12/12 14/14/14 16/16/16
f 14/14/14 10/10/10 17/17/17
f 10/10/10 15/15/15 17/17/17
f 14/14/14 18/18/18 16/16/16
f 18/18/18 14/14/14 17/17/17
f 12/12/12 16/16/16 19/19/19
f 13/13/13 12/12/12 19/19/19
f 16/16/16 18/18/18 19/19/19
f 13/13/13 19/19/19 20/20/20
f 21/21/21 13/13/13 20/20/20
f 22/22/22 24/24/24 21/21/21
f 23/23/23 22/22/22 21/21/21
f 18/18/18 25/25/25 19/19/19
f 22/22/22 27/27/27 26/26/26
f 20/20/20 19/19/19 28/28/28
f 19/19/19 25/25/25 28/28/28
f 27/27/27 29/29/29 26/26/26
f 27/27/27 30/30/30 29/29/29
f 25/25/25 18/18/18 31/31/31
f 31/31/31 18/18/18 17/17/17
f 28/28/28 25/25/25 32/32/32
f 32/32/32 25/25/25 31/31/31
f 17/17/17 33/33/33 31/31/31
f 17/17/17 15/15/15 33/33/33
f 15/15/15 34/34/34 33/33/33
f 33/33/33 35/35/35 31/31/31
f 31/31/31 35/35/35 32/32/32
f 33/33/33 36/36/36 35/35/35
f 37/37/37 28/28/28 32/32/32
f 36/36/36 38/38/38 35/35/35
f 36/36/36 39/39/39 38/38/38
f 35/35/35 40/40/40 32/32/32
f 32/32/32 40/40/40 37/37/37
f 39/39/39 41/41/41 38/38/38
f 39/39/39 42/42/42 41/41/41
f 35/35/35 38/38/38 43/43/43
f 40/40/40 35/35/35 43/43/43
f 42/42/42 44/44/44 41/41/41
f 42/42/42 45/45/45 44/44/44
f 38/38/38 41/41/41 46/46/46
f 46/46/46 41/41/41 44/44/44
f 43/43/43 38/38/38 46/46/46
f 48/48/48 47/47/47 45/45/45
f 47/47/47 49/49/49 45/45/45
f 45/45/45 49/49/49 44/44/44
f 47/47/47 50/50/50 49/49/49
f 51/51/51 46/46/46 44/44/44
f 51/51/51 44/44/44 49/49/49
f 50/50/50 52/52/52 49/49/49
f 52/52/52 51/51/51 49/49/49
f 50/50/50 53/53/53 52/52/52
f 53/53/53 54/54/54 52/52/52
f 52/52/52 54/54/54 51/51/51
f 53/53/53 55/55/55 54/54/54
f 46/46/46 51/51/51 56/56/56
f 54/54/54 56/56/56 51/51/51
f 55/55/55 57/57/57 54/54/54
f 56/56/56 54/54/54 57/57/57
f 55/55/55 58/58/58 57/57/57
f 59/59/59 46/46/46 56/56/56
f 43/43/43 46/46/46 59/59/59
f 58/58/58 60/60/60 57/57/57
f 58/58/58 61/61/61 60/60/60
f 62/62/62 43/43/43 59/59/59
f 40/40/40 43/43/43 62/62/62
f 61/61/61 63/63/63 60/60/60
f 61/61/61 64/64/64 63/63/63
f 65/65/65 40/40/40 62/62/62
f 40/40/40 65/65/65 37/37/37
f 64/64/64 66/66/66 63/63/63
f 64/64/64 67/67/67 66/66/66
f 63/63/63 68/68/68 60/60/60
f 68/68/68 63/63/63 66/66/66
f 60/60/60 69/69/69 57/57/57
f 68/68/68 69/69/69 60/60/60
f 67/67/67 70/70/70 66/66/66
f 67/67/67 71/71/71 70/70/70
f 72/72/72 68/68/68 66/66/66
f 71/71/71 73/73/73 70/70/70
f 71/71/71 74/74/74 73/73/73
f 70/70/70 75/75/75 66/66/66
f 75/75/75 72/72/72 66/66/66
f 74/74/74 76/76/76 73/73/73
f 74/74/74 77/77/77 76/76/76
f 73/73/73 78/78/78 70/70/70
f 78/78/78 75/75/75 70/70/70
f 78/78/78 73/73/73 76/76/76
f 75/75/75 79/79/79 72/72/72
f 79/79/79 68/68/68 72/72/72
f 79/79/79 75/75/75 78/78/78
f 69/69/69 68/68/68 79/79/79
f 77/77/77 80/80/80 76/76/76
f 77/77/77 81/81/81 80/80/80
f 82/82/82 78/78/78 76/76/76
f 76/76/76 80/80/80 82/82/82
f 83/83/83 79/79/79 78/78/78
f 78/78/78 82/82/82 83/83/83
f 81/81/81 84/84/84 80/80/80
f 81/81/81 85/85/85 84/84/84
f 80/80/80 86/86/86 82/82/82
f 80/80/80 84/84/84 86/86/86
f 85/85/85 87/87/87 84/84/84
f 85/85/85 88/88/88 87/87/87
f 84/84/84 89/89/89 86/86/86
f 84/84/84 87/87/87 89/89/89
f 90/90/90 82/82/82 86/86/86
f 82/82/82 90/90/90 83/83/83
f 88/88/88 91/91/91 87/87/87
f 88/88/88 92/92/92 91/91/91
f 93/93/93 90/90/90 86/86/86
f 93/93/93 86/86/86 89/89/89
f 87/87/87 91/91/91 94/94/94
f 87/87/87 94/94/94 89/89/89
f 92/92/92 95/95/95 91/91/91
f 92/92/92 96/96/96 95/95/95
f 91/91/91 97/97/97 94/94/94
f 97/97/97 91/91/91 95/95/95
f 89/89/89 94/94/94 98/98/98
f 98/98/98 94/94/94 97/97/97
f 96/96/96 99/99/99 95/95/95
f 96/96/96 100/100/100 99/99/99
f 101/101/101 97/97/97 95/95/95
f 101/101/101 95/95/95 99/99/99
f 100/100/100 102/102/102 99/99/99
f 102/102/102 101/101/101 99/99/99
f 100/100/100 103/103/103 102/102/102
f 103/103/103 104/104/104 102/102/102
f 101/101/101 102/102/102 104/104/104
f 103/103/103 105/105/105 104/104/104
f 105/105/105 106/106/106 104/104/104
f 104/104/104 106/106/106 101/101/101
f 105/105/105 107/107/107 106/106/106
f 108/108/108 97/97/97 101/101/101
f 108/108/108 98/98/98 97/97/97
f 107/107/107 109/109/109 106/106/106
f 107/107/107 110/110/110 109/109/109
f 106/106/106 111/111/111 101/101/101
f 106/106/106 109/109/109 111/111/111
f 112/112/112 108/108/108 101/101/101
f 112/112/112 101/101/101 111/111/111
f 110/110/110 113/113/113 109/109/109
f 110/110/110 114/114/114 113/113/113
f 109/109/109 115/115/115 111/111/111
f 109/109/109 113/113/113 115/115/115
f 114/114/114 116/116/116 113/113/113
f 113/113/113 116/116/116 115/115/115
f 114/114/114 117/117/117 116/116/116
f 111/111/111 115/115/115 118/118/118
f 116/116/116 118/118/118 115/115/115
f 117/117/117 119/119/119 116/116/116
f 117/117/117 120/120/120 119/119/119
f 121/121/121 118/118/118 116/116/116
f 119/119/119 121/121/121 116/116/116
f 122/122/122 111/111/111 118/118/118
f 122/122/122 112/112/112 111/111/111
f 120/120/120 123/123/123 119/119/119
f 123/123/123 120/120/120 124/124/124
f 125/125/125 123/123/123 124/124/124
f 125/125/125 126/126/126 123/123/123
f 123/123/123 127/127/127 119/119/119
f 126/126/126 127/127/127 123/123/123
f 127/127/127 121/121/121 119/119/119
f 126/126/126 128/128/128 127/127/127
f 121/121/121 129/129/129 118/118/118
f 129/129/129 122/122/122 118/118/118
f 127/127/127 130/130/130 121/121/121
f 128/128/128 130/130/130 127/127/127
f 130/130/130 129/129/129 121/121/121
f 128/128/128 131/131/131 130/130/130
f 131/131/131 132/132/132 130/130/130
f 130/130/130 132/132/132 129/129/129
f 131/131/131 133/133/133 132/132/132
f 132/132/132 134/134/134 129/129/129
f 129/129/129 134/134/134 122/122/122
f 133/133/133 135/135/135 132/132/132
f 132/132/132 135/135/135 134/134/134
f 136/136/136 135/135/135 133/133/133
f 137/137/137 136/136/136 133/133/133
f 137/137/137 138/138/138 136/136/136
f 135/135/135 139/139/139 134/134/134
f 135/135/135 136/136/136 139/139/139
f 134/134/134 140/140/140 122/122/122
f 134/134/134 139/139/139 140/140/140
f 138/138/138 141/141/141 136/136/136
f 138/138/138 20/20/20 141/141/141
f 20/20/20 28/28/28 141/141/141
f 141/141/141 28/28/28 37/37/37
f 136/136/136 142/142/142 139/139/139
f 136/136/136 141/141/141 142/142/142
f 143/143/143 141/141/141 37/37/37
f 141/141/141 143/143/143 142/142/142
f 37/37/37 65/65/65 143/143/143
f 139/139/139 142/142/142 144/144/144
f 139/139/139 144/144/144 140/140/140
f 142/142/142 143/143/143 145/145/145
f 142/142/142 145/145/145 144/144/144
f 65/65/65 146/146/146 143/143/143
f 143/143/143 146/146/146 145/145/145
f 146/146/146 65/65/65 147/147/147
f 145/145/145 146/146/146 147/147/147
f 65/65/65 62/62/62 147/147/147
f 140/140/140 148/148/148 122/122/122
f 148/148/148 140/140/140 144/144/144
f 148/148/148 149/149/149 122/122/122
f 122/122/122 149/149/149 112/112/112
f 150/150/150 148/148/148 144/144/144
f 148/148/148 150/150/150 149/149/149
f 149/149/149 151/151/151 112/112/112
f 112/112/112 151/151/151 108/108/108
f 151/151/151 98/98/98 108/108/108
f 150/150/150 152/152/152 149/149/149
f 149/149/149 152/152/152 151/151/151
f 151/151/151 153/153/153 98/98/98
f 152/152/152 153/153/153 151/151/151
f 153/153/153 154/154/154 98/98/98
f 154/154/154 89/89/89 98/98/98
f 154/154/154 93/93/93 89/89/89
f 93/93/93 154/154/154 153/153/153
f 155/155/155 152/152/152 150/150/150
f 152/152/152 155/155/155 153/153/153
f 156/156/156 93/93/93 153/153/153
f 155/155/155 156/156/156 153/153/153
f 90/90/90 93/93/93 156/156/156
f 157/157/157 90/90/90 156/156/156
f 157/157/157 156/156/156 155/155/155
f 90/90/90 157/157/157 83/83/83
f 158/158/158 155/155/155 150/150/150
f 158/158/158 150/150/150 144/144/144
f 159/159/159 157/157/157 155/155/155
f 155/155/155 158/158/158 159/159/159
f 157/157/157 160/160/160 83/83/83
f 160/160/160 157/157/157 159/159/159
f 161/161/161 83/83/83 160/160/160
f 161/161/161 79/79/79 83/83/83
f 161/161/161 69/69/69 79/79/79
f 162/162/162 160/160/160 159/159/159
f 163/163/163 161/161/161 160/160/160
f 160/160/160 162/162/162 163/163/163
f 69/69/69 161/161/161 163/163/163
f 164/164/164 162/162/162 159/159/159
f 164/164/164 163/163/163 162/162/162
f 165/165/165 69/69/69 163/163/163
f 69/69/69 165/165/165 57/57/57
f 165/165/165 56/56/56 57/57/57
f 56/56/56 165/165/165 163/163/163
f 163/163/163 164/164/164 56/56/56
f 59/59/59 56/56/56 164/164/164
f 166/166/166 164/164/164 159/159/159
f 158/158/158 166/166/166 159/159/159
f 167/167/167 59/59/59 164/164/164
f 167/167/167 164/164/164 166/166/166
f 167/167/167 166/166/166 158/158/158
f 62/62/62 59/59/59 167/167/167
f 147/147/147 62/62/62 167/167/167
f 168/168/168 167/167/167 158/158/158
f 147/147/147 167/167/167 168/168/168
f 168/168/168 158/158/158 144/144/144
f 169/169/169 147/147/147 168/168/168
f 169/169/169 145/145/145 147/147/147
f 170/170/170 168/168/168 144/144/144
f 145/145/145 170/170/170 144/144/144
f 168/168/168 170/170/170 169/169/169
f 170/170/170 145/145/145 169/169/169
f 173/173/173 172/172/172 171/171/171
f 174/174/174 171/171/171 172/172/172
f 175/175/175 174/174/174 172/172/172
f 171/171/171 174/174/174 176/176/176
f 172/172/172 177/177/177 175/175/175
f 177/177/177 178/178/178 175/175/175
f 179/179/179 178/178/178 177/177/177
f 180/180/180 171/171/171 176/176/176
f 180/180/180 176/176/176 181/181/181
f 182/182/182 177/177/177 172/172/172
f 173/173/173 182/182/182 172/172/172
f 183/183/183 179/179/179 177/177/177
f 183/183/183 177/177/177 182/182/182
f 184/184/184 171/171/171 180/180/180
f 184/184/184 173/173/173 171/171/171
f 185/185/185 180/180/180 181/181/181
f 181/181/181 186/186/186 185/185/185
f 187/187/187 184/184/184 180/180/180
f 187/187/187 180/180/180 185/185/185
f 173/173/173 184/184/184 188/188/188
f 188/188/188 184/184/184 187/187/187
f 186/186/186 189/189/189 185/185/185
f 190/190/190 187/187/187 185/185/185
f 185/185/185 189/189/189 190/190/190
f 191/191/191 188/188/188 187/187/187
f 191/191/191 187/187/187 190/190/190
f 192/192/192 189/189/189 186/186/186
f 193/193/193 192/192/192 186/186/186
f 193/193/193 194/194/194 192/192/192
f 189/189/189 195/195/195 190/190/190
f 194/194/194 196/196/196 192/192/192
f 194/194/194 197/197/197 196/196/196
f 189/189/189 192/192/192 198/198/198
f 195/195/195 189/189/189 198/198/198
f 196/196/196 199/199/199 192/192/192
f 199/199/199 198/198/198 192/192/192
f 197/197/197 200/200/200 196/196/196
f 197/197/197 201/201/201 200/200/200
f 202/202/202 199/199/199 196/196/196
f 200/200/200 202/202/202 196/196/196
f 201/201/201 203/203/203 200/200/200
f 205/205/205 204/204/204 201/201/201
f 204/204/204 203/203/203 201/201/201
f 203/203/203 206/206/206 200/200/200
f 206/206/206 203/203/203 204/204/204
f 206/206/206 202/202/202 200/200/200
f 207/207/207 206/206/206 204/204/204
f 207/207/207 204/204/204 208/208/208
f 209/209/209 207/207/207 208/208/208
f 206/206/206 210/210/210 202/202/202
f 210/210/210 206/206/206 207/207/207
f 211/211/211 207/207/207 209/209/209
f 211/211/211 210/210/210 207/207/207
f 26/26/26 211/211/211 209/209/209
f 26/26/26 29/29/29 211/211/211
f 210/210/210 212/212/212 202/202/202
f 202/202/202 212/212/212 199/199/199
f 211/211/211 213/213/213 210/210/210
f 29/29/29 213/213/213 211/211/211
f 210/210/210 214/214/214 212/212/212
f 213/213/213 214/214/214 210/210/210
f 212/212/212 215/215/215 199/199/199
f 198/198/198 199/199/199 215/215/215
f 214/214/214 216/216/216 212/212/212
f 212/212/212 216/216/216 215/215/215
f 217/217/217 214/214/214 213/213/213
f 214/214/214 217/217/217 216/216/216
f 218/218/218 213/213/213 29/29/29
f 218/218/218 217/217/217 213/213/213
f 219/219/219 218/218/218 29/29/29
f 30/30/30 219/219/219 29/29/29
f 220/220/220 198/198/198 215/215/215
f 195/195/195 198/198/198 220/220/220
f 221/221/221 219/219/219 30/30/30
f 222/222/222 221/221/221 30/30/30
f 222/222/222 223/223/223 221/221/221
f 224/224/224 218/218/218 219/219/219
f 221/221/221 224/224/224 219/219/219
f 218/218/218 224/224/224 217/217/217
f 223/223/223 225/225/225 221/221/221
f 223/223/223 226/226/226 225/225/225
f 221/221/221 225/225/225 227/227/227
f 224/224/224 221/221/221 227/227/227
f 226/226/226 228/228/228 225/225/225
f 225/225/225 228/228/228 227/227/227
f 226/226/226 229/229/229 228/228/228
f 231/231/231 230/230/230 229/229/229
f 230/230/230 232/232/232 229/229/229
f 229/229/229 232/232/232 228/228/228
f 230/230/230 233/233/233 232/232/232
f 228/228/228 234/234/234 227/227/227
f 228/228/228 232/232/232 234/234/234
f 233/233/233 235/235/235 232/232/232
f 232/232/232 235/235/235 234/234/234
f 235/235/235 233/233/233 236/236/236
f 227/227/227 234/234/234 237/237/237
f 224/224/224 227/227/227 237/237/237
f 234/234/234 235/235/235 238/238/238
f 234/234/234 238/238/238 237/237/237
f 239/239/239 235/235/235 236/236/236
f 235/235/235 239/239/239 238/238/238
f 239/239/239 236/236/236 240/240/240
f 241/241/241 224/224/224 237/237/237
f 242/242/242 239/239/239 240/240/240
f 242/242/242 240/240/240 243/243/243
f 244/244/244 241/241/241 237/237/237
f 244/244/244 245/245/245 241/241/241
f 246/246/246 237/237/237 238/238/238
f 246/246/246 244/244/244 237/237/237
f 238/238/238 239/239/239 247/247/247
f 247/247/247 246/246/246 238/238/238
f 239/239/239 242/242/242 247/247/247
f 248/248/248 244/244/244 246/246/246
f 245/245/245 244/244/244 248/248/248
f 249/249/249 248/248/248 246/246/246
f 249/249/249 246/246/246 247/247/247
f 250/250/250 245/245/245 248/248/248
f 251/251/251 249/249/249 247/247/247
f 247/247/247 242/242/242 251/251/251
f 252/252/252 245/245/245 250/250/250
f 253/253/253 242/242/242 243/243/243
f 242/242/242 253/253/253 251/251/251
f 253/253/253 243/243/243 254/254/254
f 255/255/255 253/253/253 254/254/254
f 253/253/253 255/255/255 256/256/256
f 251/251/251 253/253/253 256/256/256
f 251/251/251 256/256/256 257/257/257
f 249/249/249 251/251/251 257/257/257
f 249/249/249 257/257/257 258/258/258
f 257/257/257 259/259/259 258/258/258
f 260/260/260 252/252/252 250/250/250
f 258/258/258 259/259/259 261/261/261
f 262/262/262 258/258/258 261/261/261
f 261/261/261 259/259/259 263/263/263
f 259/259/259 264/264/264 263/263/263
f 261/261/261 265/265/265 262/262/262
f 265/265/265 260/260/260 262/262/262
f 263/263/263 264/264/264 266/266/266
f 264/264/264 267/267/267 266/266/266
f 261/261/261 263/263/263 268/268/268
f 265/265/265 261/261/261 268/268/268
f 263/263/263 266/266/266 269/269/269
f 268/268/268 263/263/263 269/269/269
f 266/266/266 267/267/267 270/270/270
f 269/269/269 266/266/266 270/270/270
f 267/267/267 271/271/271 270/270/270
f 268/268/268 269/269/269 272/272/272
f 265/265/265 268/268/268 273/273/273
f 273/273/273 268/268/268 272/272/272
f 265/265/265 274/274/274 260/260/260
f 274/274/274 265/265/265 273/273/273
f 269/269/269 275/275/275 272/272/272
f 275/275/275 269/269/269 270/270/270
f 273/273/273 272/272/272 276/276/276
f 277/277/277 275/275/275 270/270/270
f 275/275/275 278/278/278 272/272/272
f 275/275/275 277/277/277 278/278/278
f 278/278/278 276/276/276 272/272/272
f 279/279/279 277/277/277 270/270/270
f 280/280/280 279/279/279 270/270/270
f 277/277/277 281/281/281 278/278/278
f 282/282/282 280/280/280 270/270/270
f 278/278/278 281/281/281 283/283/283
f 280/280/280 282/282/282 284/284/284
f 281/281/281 285/285/285 283/283/283
f 286/286/286 280/280/280 284/284/284
f 284/284/284 282/282/282 287/287/287
f 283/283/283 285/285/285 288/288/288
f 285/285/285 289/289/289 288/288/288
f 278/278/278 283/283/283 290/290/290
f 276/276/276 278/278/278 290/290/290
f 283/283/283 288/288/288 291/291/291
f 290/290/290 283/283/283 291/291/291
f 292/292/292 288/288/288 289/289/289
f 293/293/293 292/292/292 289/289/289
f 291/291/291 288/288/288 294/294/294
f 288/288/288 292/292/292 294/294/294
f 292/292/292 293/293/293 295/295/295
f 294/294/294 292/292/292 295/295/295
f 293/293/293 296/296/296 295/295/295
f 295/295/295 296/296/296 297/297/297
f 298/298/298 291/291/291 294/294/294
f 290/290/290 291/291/291 298/298/298
f 299/299/299 295/295/295 297/297/297
f 299/299/299 297/297/297 300/300/300
f 301/301/301 294/294/294 295/295/295
f 302/302/302 299/299/299 300/300/300
f 300/300/300 303/303/303 302/302/302
f 295/295/295 299/299/299 304/304/304
f 304/304/304 299/299/299 302/302/302
f 301/301/301 295/295/295 304/304/304
f 303/303/303 305/305/305 302/302/302
f 303/303/303 306/306/306 305/305/305
f 307/307/307 304/304/304 302/302/302
f 307/307/307 302/302/302 305/305/305
f 301/301/301 304/304/304 308/308/308
f 308/308/308 304/304/304 307/307/307
f 309/309/309 294/294/294 301/301/301
f 309/309/309 298/298/298 294/294/294
f 310/310/310 309/309/309 301/301/301
f 310/310/310 301/301/301 308/308/308
f 311/311/311 309/309/309 310/310/310
f 298/298/298 309/309/309 311/311/311
f 312/312/312 310/310/310 308/308/308
f 312/312/312 311/311/311 310/310/310
f 313/313/313 308/308/308 307/307/307
f 314/314/314 312/312/312 308/308/308
f 314/314/314 308/308/308 313/313/313
f 315/315/315 307/307/307 305/305/305
f 313/313/313 307/307/307 315/315/315
f 306/306/306 316/316/316 305/305/305
f 315/315/315 305/305/305 316/316/316
f 316/316/316 306/306/306 317/317/317
f 318/318/318 313/313/313 315/315/315
f 319/319/319 316/316/316 317/317/317
f 319/319/319 317/317/317 320/320/320
f 321/321/321 315/315/315 316/316/316
f 318/318/318 315/315/315 321/321/321
f 316/316/316 319/319/319 322/322/322
f 321/321/321 316/316/316 322/322/322
f 323/323/323 319/319/319 320/320/320
f 322/322/322 319/319/319 323/323/323
f 323/323/323 320/320/320 324/324/324
f 321/321/321 322/322/322 325/325/325
f 326/326/326 323/323/323 324/324/324
f 326/326/326 324/324/324 327/327/327
f 328/328/328 326/326/326 327/327/327
f 329/329/329 322/322/322 323/323/323
f 329/329/329 323/323/323 326/326/326
f 325/325/325 322/322/322 329/329/329
f 330/330/330 326/326/326 328/328/328
f 330/330/330 329/329/329 326/326/326
f 331/331/331 330/330/330 328/328/328
f 332/332/332 329/329/329 330/330/330
f 332/332/332 325/325/325 329/329/329
f 333/333/333 330/330/330 331/331/331
f 333/333/333 332/332/332 330/330/330
f 334/334/334 333/333/333 331/331/331
f 335/335/335 333/333/333 334/334/334
f 332/332/332 333/333/333 335/335/335
f 336/336/336 335/335/335 334/334/334
f 337/337/337 321/321/321 325/325/325
f 337/337/337 318/318/318 321/321/321
f 338/338/338 335/335/335 336/336/336
f 339/339/339 338/338/338 336/336/336
f 340/340/340 332/332/332 335/335/335
f 341/341/341 338/338/338 339/339/339
f 342/342/342 341/341/341 339/339/339
f 338/338/338 343/343/343 335/335/335
f 343/343/343 340/340/340 335/335/335
f 341/341/341 342/342/342 344/344/344
f 340/340/340 345/345/345 332/332/332
f 345/345/345 325/325/325 332/332/332
f 343/343/343 346/346/346 340/340/340
f 346/346/346 345/345/345 340/340/340
f 347/347/347 343/343/343 338/338/338
f 346/346/346 343/343/343 347/347/347
f 341/341/341 347/347/347 338/338/338
f 345/345/345 348/348/348 325/325/325
f 348/348/348 337/337/337 325/325/325
f 346/346/346 349/349/349 345/345/345
f 349/349/349 348/348/348 345/345/345
f 350/350/350 346/346/346 347/347/347
f 349/349/349 346/346/346 350/350/350
f 348/348/348 351/351/351 337/337/337
f 351/351/351 318/318/318 337/337/337
f 349/349/349 352/352/352 348/348/348
f 352/352/352 351/351/351 348/348/348
f 351/351/351 353/353/353 318/318/318
f 353/353/353 313/313/313 318/318/318
f 353/353/353 314/314/314 313/313/313
f 352/352/352 354/354/354 351/351/351
f 354/354/354 353/353/353 351/351/351
f 355/355/355 352/352/352 349/349/349
f 354/354/354 352/352/352 355/355/355
f 356/356/356 314/314/314 353/353/353
f 354/354/354 356/356/356 353/353/353
f 357/357/357 355/355/355 349/349/349
f 357/357/357 349/349/349 350/350/350
f 358/358/358 354/354/354 355/355/355
f 356/356/356 354/354/354 358/358/358
f 359/359/359 355/355/355 357/357/357
f 358/358/358 355/355/355 359/359/359
f 357/357/357 350/350/350 360/360/360
f 360/360/360 350/350/350 347/347/347
f 361/361/361 359/359/359 357/357/357
f 361/361/361 357/357/357 360/360/360
f 356/356/356 362/362/362 314/314/314
f 362/362/362 312/312/312 314/314/314
f 311/311/311 312/312/312 362/362/362
f 363/363/363 356/356/356 358/358/358
f 362/362/362 356/356/356 363/363/363
f 364/364/364 358/358/358 359/359/359
f 363/363/363 358/358/358 364/364/364
f 365/365/365 311/311/311 362/362/362
f 366/366/366 362/362/362 363/363/363
f 365/365/365 362/362/362 366/366/366
f 367/367/367 363/363/363 364/364/364
f 366/366/366 363/363/363 367/367/367
f 368/368/368 311/311/311 365/365/365
f 368/368/368 298/298/298 311/311/311
f 369/369/369 365/365/365 366/366/366
f 370/370/370 368/368/368 365/365/365
f 370/370/370 365/365/365 369/369/369
f 298/298/298 368/368/368 371/371/371
f 372/372/372 369/369/369 366/366/366
f 373/373/373 298/298/298 371/371/371
f 373/373/373 290/290/290 298/298/298
f 374/374/374 366/366/366 367/367/367
f 374/374/374 372/372/372 366/366/366
f 290/290/290 373/373/373 375/375/375
f 373/373/373 371/371/371 375/375/375
f 276/276/276 290/290/290 375/375/375
f 375/375/375 273/273/273 276/276/276
f 273/273/273 375/375/375 274/274/274
f 371/371/371 376/376/376 375/375/375
f 375/375/375 376/376/376 274/274/274
f 371/371/371 368/368/368 377/377/377
f 376/376/376 371/371/371 377/377/377
f 368/368/368 370/370/370 377/377/377
f 274/274/274 376/376/376 378/378/378
f 274/274/274 378/378/378 260/260/260
f 260/260/260 378/378/378 252/252/252
f 379/379/379 376/376/376 377/377/377
f 376/376/376 379/379/379 378/378/378
f 378/378/378 380/380/380 252/252/252
f 378/378/378 379/379/379 380/380/380
f 381/381/381 379/379/379 377/377/377
f 379/379/379 381/381/381 380/380/380
f 377/377/377 370/370/370 382/382/382
f 382/382/382 381/381/381 377/377/377
f 383/383/383 370/370/370 369/369/369
f 370/370/370 383/383/383 382/382/382
f 383/383/383 369/369/369 372/372/372
f 381/381/381 382/382/382 384/384/384
f 382/382/382 383/383/383 385/385/385
f 382/382/382 385/385/385 384/384/384
f 386/386/386 383/383/383 372/372/372
f 383/383/383 386/386/386 385/385/385
f 380/380/380 381/381/381 387/387/387
f 381/381/381 384/384/384 387/387/387
f 385/385/385 386/386/386 388/388/388
f 384/384/384 385/385/385 388/388/388
f 389/389/389 386/386/386 372/372/372
f 386/386/386 389/389/389 388/388/388
f 252/252/252 380/380/380 390/390/390
f 380/380/380 387/387/387 390/390/390
f 252/252/252 390/390/390 245/245/245
f 390/390/390 391/391/391 245/245/245
f 224/224/224 391/391/391 390/390/390
f 384/384/384 392/392/392 387/387/387
f 392/392/392 384/384/384 388/388/388
f 393/393/393 224/224/224 390/390/390
f 224/224/224 393/393/393 217/217/217
f 387/387/387 394/394/394 390/390/390
f 394/394/394 393/393/393 390/390/390
f 392/392/392 394/394/394 387/387/387
f 395/395/395 217/217/217 393/393/393
f 394/394/394 395/395/395 393/393/393
f 217/217/217 395/395/395 216/216/216
f 396/396/396 395/395/395 394/394/394
f 395/395/395 396/396/396 216/216/216
f 392/392/392 396/396/396 394/394/394
f 388/388/388 397/397/397 392/392/392
f 397/397/397 396/396/396 392/392/392
f 388/388/388 389/389/389 397/397/397
f 396/396/396 398/398/398 216/216/216
f 398/398/398 396/396/396 397/397/397
f 216/216/216 398/398/398 215/215/215
f 215/215/215 398/398/398 220/220/220
f 399/399/399 398/398/398 397/397/397
f 398/398/398 399/399/399 220/220/220
f 389/389/389 400/400/400 397/397/397
f 397/397/397 400/400/400 399/399/399
f 220/220/220 399/399/399 401/401/401
f 401/401/401 195/195/195 220/220/220
f 190/190/190 195/195/195 401/401/401
f 400/400/400 402/402/402 399/399/399
f 399/399/399 402/402/402 401/401/401
f 403/403/403 190/190/190 401/401/401
f 401/401/401 402/402/402 403/403/403
f 403/403/403 191/191/191 190/190/190
f 402/402/402 400/400/400 404/404/404
f 402/402/402 404/404/404 403/403/403
f 400/400/400 389/389/389 405/405/405
f 400/400/400 405/405/405 404/404/404
f 191/191/191 403/403/403 406/406/406
f 403/403/403 404/404/404 406/406/406
f 389/389/389 407/407/407 405/405/405
f 407/407/407 389/389/389 372/372/372
f 372/372/372 374/374/374 407/407/407
f 405/405/405 408/408/408 404/404/404
f 408/408/408 406/406/406 404/404/404
f 407/407/407 409/409/409 405/405/405
f 374/374/374 409/409/409 407/407/407
f 409/409/409 408/408/408 405/405/405
f 374/374/374 367/367/367 409/409/409
f 367/367/367 410/410/410 409/409/409
f 409/409/409 410/410/410 408/408/408
f 367/367/367 364/364/364 410/410/410
f 408/408/408 411/411/411 406/406/406
f 410/410/410 411/411/411 408/408/408
f 191/191/191 406/406/406 412/412/412
f 411/411/411 412/412/412 406/406/406
f 188/188/188 191/191/191 412/412/412
f 364/364/364 413/413/413 410/410/410
f 410/410/410 413/413/413 411/411/411
f 364/364/364 359/359/359 413/413/413
f 412/412/412 411/411/411 414/414/414
f 413/413/413 414/414/414 411/411/411
f 359/359/359 415/415/415 413/413/413
f 413/413/413 415/415/415 414/414/414
f 359/359/359 361/361/361 415/415/415
f 416/416/416 412/412/412 414/414/414
f 188/188/188 412/412/412 416/416/416
f 415/415/415 417/417/417 414/414/414
f 416/416/416 414/414/414 417/417/417
f 361/361/361 418/418/418 415/415/415
f 417/417/417 415/415/415 418/418/418
f 361/361/361 360/360/360 418/418/418
f 419/419/419 188/188/188 416/416/416
f 419/419/419 173/173/173 188/188/188
f 419/419/419 420/420/420 173/173/173
f 419/419/419 416/416/416 420/420/420
f 420/420/420 182/182/182 173/173/173
f 421/421/421 416/416/416 417/417/417
f 416/416/416 421/421/421 420/420/420
f 422/422/422 417/417/417 418/418/418
f 421/421/421 417/417/417 422/422/422
f 360/360/360 423/423/423 418/418/418
f 418/418/418 423/423/423 422/422/422
f 420/420/420 421/421/421 424/424/424
f 424/424/424 421/421/421 422/422/422
f 420/420/420 425/425/425 182/182/182
f 425/425/425 420/420/420 424/424/424
f 423/423/423 426/426/426 422/422/422
f 424/424/424 422/422/422 426/426/426
f 360/360/360 427/427/427 423/423/423
f 427/427/427 360/360/360 347/347/347
f 427/427/427 347/347/347 341/341/341
f 423/423/423 428/428/428 426/426/426
f 427/427/427 428/428/428 423/423/423
f 429/429/429 427/427/427 341/341/341
f 427/427/427 429/429/429 428/428/428
f 429/429/429 341/341/341 344/344/344
f 429/429/429 344/344/344 430/430/430
f 429/429/429 430/430/430 428/428/428
f 344/344/344 431/431/431 430/430/430
f 431/431/431 432/432/432 430/430/430
f 430/430/430 433/433/433 428/428/428
f 432/432/432 433/433/433 430/430/430
f 428/428/428 434/434/434 426/426/426
f 433/433/433 434/434/434 428/428/428
f 435/435/435 424/424/424 426/426/426
f 435/435/435 426/426/426 434/434/434
f 425/425/425 424/424/424 435/435/435
f 436/436/436 434/434/434 433/433/433
f 436/436/436 435/435/435 434/434/434
f 437/437/437 433/433/433 432/432/432
f 437/437/437 436/436/436 433/433/433
f 438/438/438 437/437/437 432/432/432
f 437/437/437 438/438/438 439/439/439
f 436/436/436 437/437/437 440/440/440
f 440/440/440 437/437/437 439/439/439
f 435/435/435 436/436/436 441/441/441
f 441/441/441 436/436/436 440/440/440
f 442/442/442 425/425/425 435/435/435
f 442/442/442 435/435/435 441/441/441
f 440/440/440 439/439/439 443/443/443
f 439/439/439 444/444/444 443/443/443
f 441/441/441 440/440/440 445/445/445
f 440/440/440 443/443/443 445/445/445
f 442/442/442 441/441/441 446/446/446
f 441/441/441 445/445/445 446/446/446
f 425/425/425 442/442/442 447/447/447
f 442/442/442 446/446/446 447/447/447
f 425/425/425 447/447/447 182/182/182
f 447/447/447 183/183/183 182/182/182
f 447/447/447 446/446/446 183/183/183
f 446/446/446 448/448/448 183/183/183
f 446/446/446 445/445/445 448/448/448
f 183/183/183 448/448/448 179/179/179
f 448/448/448 449/449/449 179/179/179
f 445/445/445 450/450/450 448/448/448
f 448/448/448 450/450/450 449/449/449
f 445/445/445 443/443/443 450/450/450
f 450/450/450 451/451/451 449/449/449
f 443/443/443 452/452/452 450/450/450
f 450/450/450 452/452/452 451/451/451
f 443/443/443 444/444/444 452/452/452
f 452/452/452 453/453/453 451/451/451
f 444/444/444 454/454/454 452/452/452
f 453/453/453 452/452/452 454/454/454
f 455/455/455 453/453/453 454/454/454
f 286/286/286 284/284/284 456/456/456
f 457/457/457 286/286/286 456/456/456
f 284/284/284 458/458/458 456/456/456
f 458/458/458 284/284/284 287/287/287
f 457/457/457 456/456/456 459/459/459
f 460/460/460 457/457/457 459/459/459
f 458/458/458 461/461/461 456/456/456
f 460/460/460 459/459/459 462/462/462
f 463/463/463 460/460/460 462/462/462
f 459/459/459 456/456/456 464/464/464
f 459/459/459 464/464/464 462/462/462
f 456/456/456 461/461/461 464/464/464
f 464/464/464 461/461/461 458/458/458
f 464/464/464 465/465/465 462/462/462
f 458/458/458 287/287/287 466/466/466
f 466/466/466 464/464/464 458/458/458
f 464/464/464 466/466/466 465/465/465
f 287/287/287 467/467/467 466/466/466
f 466/466/466 468/468/468 465/465/465
f 466/466/466 467/467/467 469/469/469
f 468/468/468 466/466/466 469/469/469
f 8/8/8 470/470/470 15/15/15
f 470/470/470 471/471/471 15/15/15
f 470/470/470 8/8/8 472/472/472
f 8/8/8 9/9/9 472/472/472
f 474/474/474 473/473/473 471/471/471
f 475/475/475 474/474/474 471/471/471
f 474/474/474 475/475/475 476/476/476
f 470/470/470 477/477/477 471/471/471
f 477/477/477 475/475/475 471/471/471
f 475/475/475 478/478/478 476/476/476
f 476/476/476 478/478/478 479/479/479
f 477/477/477 480/480/480 475/475/475
f 480/480/480 478/478/478 475/475/475
f 481/481/481 477/477/477 470/470/470
f 477/477/477 481/481/481 480/480/480
f 472/472/472 481/481/481 470/470/470
f 478/478/478 482/482/482 479/479/479
f 478/478/478 480/480/480 482/482/482
f 479/479/479 482/482/482 483/483/483
f 481/481/481 484/484/484 480/480/480
f 482/482/482 485/485/485 483/483/483
f 483/483/483 485/485/485 486/486/486
f 485/485/485 487/487/487 486/486/486
f 480/480/480 488/488/488 482/482/482
f 482/482/482 488/488/488 485/485/485
f 480/480/480 484/484/484 488/488/488
f 487/487/487 485/485/485 489/489/489
f 488/488/488 489/489/489 485/485/485
f 490/490/490 487/487/487 489/489/489
f 484/484/484 491/491/491 488/488/488
f 489/489/489 488/488/488 491/491/491
f 490/490/490 489/489/489 492/492/492
f 492/492/492 489/489/489 491/491/491
f 493/493/493 490/490/490 492/492/492
f 491/491/491 484/484/484 494/494/494
f 492/492/492 491/491/491 494/494/494
f 493/493/493 492/492/492 495/495/495
f 495/495/495 492/492/492 494/494/494
f 496/496/496 493/493/493 495/495/495
f 496/496/496 495/495/495 497/497/497
f 484/484/484 498/498/498 494/494/494
f 498/498/498 484/484/484 481/481/481
f 495/495/495 499/499/499 497/497/497
f 497/497/497 499/499/499 500/500/500
f 495/495/495 494/494/494 501/501/501
f 499/499/499 495/495/495 501/501/501
f 494/494/494 498/498/498 502/502/502
f 501/501/501 494/494/494 502/502/502
f 503/503/503 498/498/498 481/481/481
f 503/503/503 481/481/481 472/472/472
f 498/498/498 504/504/504 502/502/502
f 504/504/504 498/498/498 503/503/503
f 505/505/505 503/503/503 472/472/472
f 472/472/472 9/9/9 505/505/505
f 506/506/506 504/504/504 503/503/503
f 503/503/503 505/505/505 506/506/506
f 504/504/504 507/507/507 502/502/502
f 508/508/508 504/504/504 506/506/506
f 504/504/504 508/508/508 507/507/507
f 505/505/505 509/509/509 506/506/506
f 506/506/506 509/509/509 508/508/508
f 9/9/9 510/510/510 505/505/505
f 511/511/511 509/509/509 505/505/505
f 510/510/510 511/511/511 505/505/505
f 512/512/512 508/508/508 509/509/509
f 511/511/511 512/512/512 509/509/509
f 510/510/510 9/9/9 513/513/513
f 9/9/9 514/514/514 513/513/513
f 513/513/513 514/514/514 515/515/515
f 516/516/516 513/513/513 515/515/515
f 516/516/516 517/517/517 513/513/513
f 513/513/513 518/518/518 510/510/510
f 517/517/517 518/518/518 513/513/513
f 518/518/518 511/511/511 510/510/510
f 517/517/517 519/519/519 518/518/518
f 518/518/518 520/520/520 511/511/511
f 519/519/519 520/520/520 518/518/518
f 520/520/520 512/512/512 511/511/511
f 520/520/520 519/519/519 521/521/521
f 522/522/522 512/512/512 520/520/520
f 512/512/512 522/522/522 508/508/508
f 523/523/523 520/520/520 521/521/521
f 523/523/523 522/522/522 520/520/520
f 521/521/521 524/524/524 523/523/523
f 524/524/524 525/525/525 523/523/523
f 525/525/525 524/524/524 526/526/526
f 527/527/527 522/522/522 523/523/523
f 525/525/525 527/527/527 523/523/523
f 528/528/528 525/525/525 526/526/526
f 527/527/527 525/525/525 528/528/528
f 528/528/528 526/526/526 529/529/529
f 527/527/527 530/530/530 522/522/522
f 531/531/531 528/528/528 529/529/529
f 531/531/531 529/529/529 532/532/532
f 533/533/533 527/527/527 528/528/528
f 530/530/530 527/527/527 533/533/533
f 528/528/528 531/531/531 534/534/534
f 533/533/533 528/528/528 534/534/534
f 535/535/535 531/531/531 532/532/532
f 534/534/534 531/531/531 535/535/535
f 535/535/535 532/532/532 536/536/536
f 533/533/533 534/534/534 537/537/537
f 538/538/538 535/535/535 536/536/536
f 538/538/538 536/536/536 539/539/539
f 540/540/540 534/534/534 535/535/535
f 540/540/540 535/535/535 538/538/538
f 537/537/537 534/534/534 540/540/540
f 541/541/541 538/538/538 539/539/539
f 539/539/539 542/542/542 541/541/541
f 543/543/543 540/540/540 538/538/538
f 543/543/543 538/538/538 541/541/541
f 544/544/544 537/537/537 540/540/540
f 544/544/544 540/540/540 543/543/543
f 545/545/545 533/533/533 537/537/537
f 545/545/545 530/530/530 533/533/533
f 546/546/546 537/537/537 544/544/544
f 545/545/545 537/537/537 546/546/546
f 547/547/547 544/544/544 543/543/543
f 548/548/548 543/543/543 541/541/541
f 547/547/547 543/543/543 548/548/548
f 542/542/542 549/549/549 541/541/541
f 548/548/548 541/541/541 549/549/549
f 549/549/549 542/542/542 550/550/550
f 542/542/542 551/551/551 550/550/550
f 550/550/550 551/551/551 552/552/552
f 553/553/553 548/548/548 549/549/549
f 553/553/553 549/549/549 550/550/550
f 554/554/554 547/547/547 548/548/548
f 554/554/554 548/548/548 553/553/553
f 555/555/555 550/550/550 552/552/552
f 555/555/555 552/552/552 556/556/556
f 557/557/557 553/553/553 550/550/550
f 557/557/557 550/550/550 555/555/555
f 558/558/558 554/554/554 553/553/553
f 559/559/559 555/555/555 556/556/556
f 556/556/556 560/560/560 559/559/559
f 560/560/560 561/561/561 559/559/559
f 559/559/559 561/561/561 562/562/562
f 555/555/555 559/559/559 563/563/563
f 563/563/563 559/559/559 562/562/562
f 564/564/564 557/557/557 555/555/555
f 564/564/564 555/555/555 563/563/563
f 553/553/553 557/557/557 565/565/565
f 565/565/565 557/557/557 564/564/564
f 558/558/558 553/553/553 565/565/565
f 566/566/566 563/563/563 562/562/562
f 564/564/564 563/563/563 566/566/566
f 567/567/567 566/566/566 562/562/562
f 568/568/568 565/565/565 564/564/564
f 568/568/568 564/564/564 566/566/566
f 566/566/566 567/567/567 569/569/569
f 567/567/567 570/570/570 569/569/569
f 568/568/568 566/566/566 571/571/571
f 566/566/566 569/569/569 571/571/571
f 565/565/565 568/568/568 572/572/572
f 568/568/568 571/571/571 572/572/572
f 569/569/569 570/570/570 573/573/573
f 570/570/570 574/574/574 573/573/573
f 571/571/571 569/569/569 575/575/575
f 569/569/569 573/573/573 575/575/575
f 571/571/571 575/575/575 572/572/572
f 576/576/576 573/573/573 574/574/574
f 577/577/577 576/576/576 574/574/574
f 578/578/578 575/575/575 573/573/573
f 576/576/576 578/578/578 573/573/573
f 579/579/579 576/576/576 577/577/577
f 580/580/580 579/579/579 577/577/577
f 581/581/581 578/578/578 576/576/576
f 579/579/579 581/581/581 576/576/576
f 578/578/578 582/582/582 575/575/575
f 583/583/583 579/579/579 580/580/580
f 584/584/584 583/583/583 580/580/580
f 582/582/582 585/585/585 575/575/575
f 575/575/575 585/585/585 572/572/572
f 586/586/586 582/582/582 578/578/578
f 581/581/581 586/586/586 578/578/578
f 582/582/582 587/587/587 585/585/585
f 587/587/587 582/582/582 586/586/586
f 572/572/572 585/585/585 588/588/588
f 587/587/587 588/588/588 585/585/585
f 565/565/565 572/572/572 589/589/589
f 589/589/589 572/572/572 588/588/588
f 558/558/558 565/565/565 589/589/589
f 590/590/590 581/581/581 579/579/579
f 583/583/583 590/590/590 579/579/579
f 558/558/558 589/589/589 591/591/591
f 554/554/554 558/558/558 591/591/591
f 554/554/554 591/591/591 547/547/547
f 589/589/589 588/588/588 592/592/592
f 591/591/591 589/589/589 592/592/592
f 593/593/593 592/592/592 588/588/588
f 587/587/587 593/593/593 588/588/588
f 592/592/592 594/594/594 591/591/591
f 591/591/591 595/595/595 547/547/547
f 594/594/594 595/595/595 591/591/591
f 595/595/595 596/596/596 547/547/547
f 596/596/596 544/544/544 547/547/547
f 596/596/596 546/546/546 544/544/544
f 594/594/594 597/597/597 595/595/595
f 597/597/597 596/596/596 595/595/595
f 598/598/598 594/594/594 592/592/592
f 594/594/594 598/598/598 597/597/597
f 593/593/593 598/598/598 592/592/592
f 596/596/596 597/597/597 599/599/599
f 546/546/546 596/596/596 599/599/599
f 598/598/598 600/600/600 597/597/597
f 601/601/601 598/598/598 593/593/593
f 598/598/598 601/601/601 600/600/600
f 602/602/602 593/593/593 587/587/587
f 602/602/602 601/601/601 593/593/593
f 597/597/597 600/600/600 603/603/603
f 599/599/599 597/597/597 603/603/603
f 601/601/601 604/604/604 600/600/600
f 600/600/600 604/604/604 603/603/603
f 605/605/605 602/602/602 587/587/587
f 605/605/605 587/587/587 586/586/586
f 606/606/606 601/601/601 602/602/602
f 605/605/605 586/586/586 607/607/607
f 607/607/607 586/586/586 581/581/581
f 590/590/590 607/607/607 581/581/581
f 608/608/608 602/602/602 605/605/605
f 608/608/608 606/606/606 602/602/602
f 609/609/609 605/605/605 607/607/607
f 609/609/609 608/608/608 605/605/605
f 606/606/606 610/610/610 601/601/601
f 610/610/610 604/604/604 601/601/601
f 611/611/611 606/606/606 608/608/608
f 612/612/612 608/608/608 609/609/609
f 612/612/612 611/611/611 608/608/608
f 613/613/613 609/609/609 607/607/607
f 613/613/613 612/612/612 609/609/609
f 614/614/614 607/607/607 590/590/590
f 614/614/614 613/613/613 607/607/607
f 615/615/615 612/612/612 613/613/613
f 616/616/616 615/615/615 613/613/613
f 616/616/616 613/613/613 614/614/614
f 615/615/615 617/617/617 612/612/612
f 617/617/617 611/611/611 612/612/612
f 618/618/618 616/616/616 614/614/614
f 617/617/617 619/619/619 611/611/611
f 618/618/618 614/614/614 620/620/620
f 620/620/620 614/614/614 590/590/590
f 621/621/621 618/618/618 620/620/620
f 620/620/620 590/590/590 583/583/583
f 619/619/619 622/622/622 611/611/611
f 611/611/611 622/622/622 606/606/606
f 622/622/622 610/610/610 606/606/606
f 619/619/619 623/623/623 622/622/622
f 624/624/624 620/620/620 583/583/583
f 621/621/621 620/620/620 624/624/624
f 624/624/624 583/583/583 584/584/584
f 625/625/625 621/621/621 624/624/624
f 626/626/626 624/624/624 584/584/584
f 625/625/625 624/624/624 627/627/627
f 624/624/624 626/626/626 627/627/627
f 623/623/623 628/628/628 622/622/622
f 622/622/622 628/628/628 610/610/610
f 623/623/623 629/629/629 628/628/628
f 628/628/628 630/630/630 610/610/610
f 610/610/610 630/630/630 604/604/604
f 629/629/629 631/631/631 628/628/628
f 628/628/628 631/631/631 630/630/630
f 629/629/629 632/632/632 631/631/631
f 630/630/630 633/633/633 604/604/604
f 604/604/604 633/633/633 603/603/603
f 632/632/632 634/634/634 631/631/631
f 634/634/634 632/632/632 635/635/635
f 603/603/603 633/633/633 636/636/636
f 636/636/636 633/633/633 630/630/630
f 631/631/631 637/637/637 630/630/630
f 637/637/637 636/636/636 630/630/630
f 634/634/634 638/638/638 631/631/631
f 638/638/638 637/637/637 631/631/631
f 639/639/639 634/634/634 635/635/635
f 638/638/638 634/634/634 639/639/639
f 640/640/640 636/636/636 637/637/637
f 638/638/638 640/640/640 637/637/637
f 641/641/641 603/603/603 636/636/636
f 636/636/636 640/640/640 641/641/641
f 599/599/599 603/603/603 641/641/641
f 639/639/639 635/635/635 642/642/642
f 635/635/635 643/643/643 642/642/642
f 644/644/644 638/638/638 639/639/639
f 639/639/639 642/642/642 644/644/644
f 645/645/645 599/599/599 641/641/641
f 546/546/546 599/599/599 645/645/645
f 644/644/644 646/646/646 638/638/638
f 646/646/646 640/640/640 638/638/638
f 642/642/642 647/647/647 644/644/644
f 644/644/644 647/647/647 646/646/646
f 642/642/642 643/643/643 648/648/648
f 642/642/642 648/648/648 647/647/647
f 643/643/643 649/649/649 648/648/648
f 649/649/649 650/650/650 648/648/648
f 640/640/640 651/651/651 641/641/641
f 641/641/641 651/651/651 645/645/645
f 640/640/640 646/646/646 652/652/652
f 651/651/651 640/640/640 652/652/652
f 653/653/653 546/546/546 645/645/645
f 653/653/653 545/545/545 546/546/546
f 651/651/651 654/654/654 645/645/645
f 645/645/645 654/654/654 653/653/653
f 653/653/653 655/655/655 545/545/545
f 654/654/654 655/655/655 653/653/653
f 655/655/655 530/530/530 545/545/545
f 656/656/656 654/654/654 651/651/651
f 652/652/652 656/656/656 651/651/651
f 654/654/654 656/656/656 655/655/655
f 652/652/652 646/646/646 657/657/657
f 652/652/652 657/657/657 656/656/656
f 530/530/530 655/655/655 658/658/658
f 530/530/530 658/658/658 522/522/522
f 522/522/522 658/658/658 508/508/508
f 656/656/656 659/659/659 655/655/655
f 655/655/655 659/659/659 658/658/658
f 660/660/660 508/508/508 658/658/658
f 659/659/659 660/660/660 658/658/658
f 659/659/659 656/656/656 660/660/660
f 508/508/508 660/660/660 507/507/507
f 656/656/656 661/661/661 660/660/660
f 657/657/657 661/661/661 656/656/656
f 507/507/507 660/660/660 662/662/662
f 660/660/660 661/661/661 662/662/662
f 661/661/661 657/657/657 662/662/662
f 502/502/502 507/507/507 662/662/662
f 646/646/646 663/663/663 657/657/657
f 647/647/647 663/663/663 646/646/646
f 657/657/657 664/664/664 662/662/662
f 657/657/657 663/663/663 664/664/664
f 665/665/665 502/502/502 662/662/662
f 501/501/501 502/502/502 665/665/665
f 664/664/664 666/666/666 662/662/662
f 666/666/666 665/665/665 662/662/662
f 663/663/663 667/667/667 664/664/664
f 664/664/664 667/667/667 666/666/666
f 647/647/647 668/668/668 663/663/663
f 668/668/668 667/667/667 663/663/663
f 648/648/648 668/668/668 647/647/647
f 667/667/667 669/669/669 666/666/666
f 667/667/667 668/668/668 669/669/669
f 668/668/668 648/648/648 670/670/670
f 650/650/650 670/670/670 648/648/648
f 668/668/668 671/671/671 669/669/669
f 671/671/671 668/668/668 670/670/670
f 672/672/672 670/670/670 650/650/650
f 670/670/670 672/672/672 671/671/671
f 673/673/673 672/672/672 650/650/650
f 673/673/673 674/674/674 672/672/672
f 669/669/669 671/671/671 675/675/675
f 669/669/669 675/675/675 666/666/666
f 672/672/672 676/676/676 671/671/671
f 671/671/671 676/676/676 675/675/675
f 674/674/674 677/677/677 672/672/672
f 672/672/672 677/677/677 676/676/676
f 674/674/674 678/678/678 677/677/677
f 675/675/675 679/679/679 666/666/666
f 666/666/666 679/679/679 665/665/665
f 677/677/677 680/680/680 676/676/676
f 675/675/675 676/676/676 680/680/680
f 678/678/678 681/681/681 677/677/677
f 677/677/677 681/681/681 680/680/680
f 678/678/678 682/682/682 681/681/681
f 679/679/679 675/675/675 683/683/683
f 679/679/679 683/683/683 665/665/665
f 684/684/684 675/675/675 680/680/680
f 675/675/675 684/684/684 683/683/683
f 681/681/681 685/685/685 680/680/680
f 684/684/684 680/680/680 685/685/685
f 682/682/682 686/686/686 681/681/681
f 682/682/682 687/687/687 686/686/686
f 688/688/688 685/685/685 681/681/681
f 686/686/686 688/688/688 681/681/681
f 688/688/688 684/684/684 685/685/685
f 687/687/687 689/689/689 686/686/686
f 686/686/686 689/689/689 688/688/688
f 687/687/687 500/500/500 689/689/689
f 688/688/688 690/690/690 684/684/684
f 689/689/689 690/690/690 688/688/688
f 690/690/690 683/683/683 684/684/684
f 500/500/500 691/691/691 689/689/689
f 689/689/689 691/691/691 690/690/690
f 499/499/499 691/691/691 500/500/500
f 690/690/690 692/692/692 683/683/683
f 691/691/691 692/692/692 690/690/690
f 691/691/691 499/499/499 692/692/692
f 692/692/692 665/665/665 683/683/683
f 499/499/499 501/501/501 692/692/692
f 692/692/692 501/501/501 665/665/665
f 695/695/695 694/694/694 693/693/693
f 694/694/694 695/695/695 696/696/696
f 693/693/693 694/694/694 697/697/697
f 698/698/698 694/694/694 696/696/696
f 697/697/697 694/694/694 698/698/698
f 698/698/698 696/696/696 699/699/699
f 699/699/699 696/696/696 701/701/701
f 700/700/700 698/698/698 699/699/699
f 696/696/696 704/704/704 701/701/701
f 704/704/704 696/696/696 695/695/695
f 701/701/701 704/704/704 705/705/705
f 702/702/702 698/698/698 700/700/700
f 702/702/702 697/697/697 698/698/698
f 703/703/703 702/702/702 700/700/700
f 704/704/704 708/708/708 705/705/705
f 705/705/705 708/708/708 709/709/709
f 706/706/706 702/702/702 703/703/703
f 707/707/707 706/706/706 703/703/703
f 708/708/708 712/712/712 709/709/709
f 709/709/709 712/712/712 713/713/713
f 708/708/708 704/704/704 714/714/714
f 712/712/712 708/708/708 714/714/714
f 714/714/714 704/704/704 695/695/695
f 712/712/712 715/715/715 713/713/713
f 714/714/714 715/715/715 712/712/712
f 713/713/713 715/715/715 716/716/716
f 715/715/715 717/717/717 716/716/716
f 715/715/715 714/714/714 717/717/717
f 716/716/716 717/717/717 718/718/718
f 714/714/714 695/695/695 719/719/719
f 719/719/719 695/695/695 693/693/693
f 717/717/717 720/720/720 718/718/718
f 718/718/718 720/720/720 721/721/721
f 714/714/714 722/722/722 717/717/717
f 717/717/717 722/722/722 720/720/720
f 723/723/723 714/714/714 719/719/719
f 722/722/722 714/714/714 723/723/723
f 720/720/720 724/724/724 721/721/721
f 721/721/721 724/724/724 725/725/725
f 722/722/722 726/726/726 720/720/720
f 720/720/720 726/726/726 724/724/724
f 724/724/724 727/727/727 725/725/725
f 724/724/724 726/726/726 727/727/727
f 725/725/725 727/727/727 728/728/728
f 729/729/729 726/726/726 722/722/722
f 726/726/726 729/729/729 727/727/727
f 727/727/727 730/730/730 728/728/728
f 728/728/728 730/730/730 731/731/731
f 727/727/727 729/729/729 732/732/732
f 730/730/730 727/727/727 732/732/732
f 733/733/733 729/729/729 722/722/722
f 733/733/733 722/722/722 723/723/723
f 730/730/730 734/734/734 731/731/731
f 735/735/735 731/731/731 734/734/734
f 736/736/736 735/735/735 734/734/734
f 736/736/736 734/734/734 737/737/737
f 734/734/734 730/730/730 738/738/738
f 734/734/734 738/738/738 737/737/737
f 730/730/730 732/732/732 738/738/738
f 737/737/737 738/738/738 739/739/739
f 732/732/732 729/729/729 740/740/740
f 729/729/729 733/733/733 740/740/740
f 738/738/738 732/732/732 741/741/741
f 738/738/738 741/741/741 739/739/739
f 732/732/732 740/740/740 741/741/741
f 739/739/739 741/741/741 742/742/742
f 741/741/741 743/743/743 742/742/742
f 741/741/741 740/740/740 743/743/743
f 742/742/742 743/743/743 744/744/744
f 740/740/740 745/745/745 743/743/743
f 740/740/740 733/733/733 745/745/745
f 743/743/743 746/746/746 744/744/744
f 743/743/743 745/745/745 746/746/746
f 744/744/744 746/746/746 747/747/747
f 748/748/748 744/744/744 747/747/747
f 748/748/748 747/747/747 749/749/749
f 745/745/745 750/750/750 746/746/746
f 746/746/746 750/750/750 747/747/747
f 733/733/733 751/751/751 745/745/745
f 745/745/745 751/751/751 750/750/750
f 747/747/747 752/752/752 749/749/749
f 749/749/749 752/752/752 753/753/753
f 750/750/750 754/754/754 747/747/747
f 747/747/747 754/754/754 752/752/752
f 751/751/751 755/755/755 750/750/750
f 750/750/750 755/755/755 754/754/754
f 751/751/751 733/733/733 756/756/756
f 755/755/755 751/751/751 756/756/756
f 733/733/733 757/757/757 756/756/756
f 733/733/733 723/723/723 757/757/757
f 758/758/758 755/755/755 756/756/756
f 756/756/756 757/757/757 758/758/758
f 723/723/723 759/759/759 757/757/757
f 723/723/723 719/719/719 759/759/759
f 719/719/719 693/693/693 759/759/759
f 757/757/757 759/759/759 760/760/760
f 757/757/757 760/760/760 758/758/758
f 759/759/759 693/693/693 761/761/761
f 759/759/759 761/761/761 760/760/760
f 693/693/693 762/762/762 761/761/761
f 762/762/762 693/693/693 697/697/697
f 760/760/760 761/761/761 763/763/763
f 758/758/758 760/760/760 763/763/763
f 761/761/761 762/762/762 764/764/764
f 762/762/762 697/697/697 764/764/764
f 761/761/761 765/765/765 763/763/763
f 765/765/765 761/761/761 764/764/764
f 697/697/697 766/766/766 764/764/764
f 766/766/766 697/697/697 702/702/702
f 706/706/706 766/766/766 702/702/702
f 765/765/765 764/764/764 767/767/767
f 764/764/764 766/766/766 767/767/767
f 763/763/763 765/765/765 769/769/769
f 769/769/769 765/765/765 767/767/767
f 768/768/768 766/766/766 706/706/706
f 766/766/766 768/768/768 767/767/767
f 710/710/710 768/768/768 706/706/706
f 710/710/710 706/706/706 707/707/707
f 711/711/711 710/710/710 707/707/707
f 770/770/770 767/767/767 768/768/768
f 767/767/767 770/770/770 769/769/769
f 772/772/772 710/710/710 711/711/711
f 773/773/773 772/772/772 711/711/711
f 768/768/768 710/710/710 771/771/771
f 710/710/710 772/772/772 771/771/771
f 771/771/771 770/770/770 768/768/768
f 774/774/774 772/772/772 773/773/773
f 772/772/772 774/774/774 771/771/771
f 775/775/775 774/774/774 773/773/773
f 774/774/774 776/776/776 771/771/771
f 777/777/777 774/774/774 775/775/775
f 774/774/774 777/777/777 776/776/776
f 778/778/778 777/777/777 775/775/775
f 771/771/771 776/776/776 779/779/779
f 770/770/770 771/771/771 779/779/779
f 777/777/777 780/780/780 776/776/776
f 776/776/776 780/780/780 779/779/779
f 781/781/781 777/777/777 778/778/778
f 782/782/782 781/781/781 778/778/778
f 780/780/780 777/777/777 783/783/783
f 777/777/777 781/781/781 783/783/783
f 780/780/780 783/783/783 779/779/779
f 784/784/784 781/781/781 782/782/782
f 781/781/781 784/784/784 783/783/783
f 785/785/785 784/784/784 782/782/782
f 779/779/779 783/783/783 786/786/786
f 784/784/784 786/786/786 783/783/783
f 787/787/787 784/784/784 785/785/785
f 784/784/784 787/787/787 786/786/786
f 788/788/788 787/787/787 785/785/785
f 789/789/789 779/779/779 786/786/786
f 789/789/789 770/770/770 779/779/779
f 790/790/790 787/787/787 788/788/788
f 791/791/791 790/790/790 788/788/788
f 792/792/792 770/770/770 789/789/789
f 770/770/770 792/792/792 769/769/769
f 793/793/793 790/790/790 791/791/791
f 794/794/794 793/793/793 791/791/791
f 795/795/795 769/769/769 792/792/792
f 795/795/795 763/763/763 769/769/769
f 796/796/796 793/793/793 794/794/794
f 797/797/797 796/796/796 794/794/794
f 793/793/793 798/798/798 790/790/790
f 793/793/793 796/796/796 798/798/798
f 800/800/800 799/799/799 797/797/797
f 799/799/799 796/796/796 797/797/797
f 801/801/801 796/796/796 799/799/799
f 796/796/796 801/801/801 798/798/798
f 802/802/802 801/801/801 799/799/799
f 798/798/798 803/803/803 790/790/790
f 787/787/787 790/790/790 803/803/803
f 804/804/804 801/801/801 802/802/802
f 805/805/805 804/804/804 802/802/802
f 798/798/798 801/801/801 806/806/806
f 801/801/801 804/804/804 806/806/806
f 803/803/803 798/798/798 806/806/806
f 807/807/807 804/804/804 805/805/805
f 806/806/806 804/804/804 807/807/807
f 808/808/808 807/807/807 805/805/805
f 809/809/809 787/787/787 803/803/803
f 787/787/787 809/809/809 786/786/786
f 810/810/810 807/807/807 808/808/808
f 809/809/809 811/811/811 786/786/786
f 803/803/803 811/811/811 809/809/809
f 811/811/811 789/789/789 786/786/786
f 811/811/811 792/792/792 789/789/789
f 812/812/812 810/810/810 808/808/808
f 792/792/792 811/811/811 813/813/813
f 813/813/813 795/795/795 792/792/792
f 814/814/814 813/813/813 811/811/811
f 795/795/795 813/813/813 814/814/814
f 811/811/811 803/803/803 814/814/814
f 815/815/815 795/795/795 814/814/814
f 814/814/814 803/803/803 816/816/816
f 816/816/816 803/803/803 806/806/806
f 795/795/795 815/815/815 817/817/817
f 763/763/763 795/795/795 817/817/817
f 817/817/817 758/758/758 763/763/763
f 818/818/818 815/815/815 814/814/814
f 817/817/817 815/815/815 818/818/818
f 818/818/818 814/814/814 816/816/816
f 758/758/758 817/817/817 819/819/819
f 819/819/819 817/817/817 818/818/818
f 755/755/755 758/758/758 819/819/819
f 816/816/816 806/806/806 820/820/820
f 820/820/820 806/806/806 807/807/807
f 820/820/820 807/807/807 810/810/810
f 818/818/818 816/816/816 821/821/821
f 821/821/821 816/816/816 820/820/820
f 819/819/819 818/818/818 822/822/822
f 822/822/822 818/818/818 821/821/821
f 823/823/823 755/755/755 819/819/819
f 755/755/755 823/823/823 754/754/754
f 819/819/819 824/824/824 823/823/823
f 824/824/824 819/819/819 822/822/822
f 824/824/824 825/825/825 823/823/823
f 823/823/823 825/825/825 754/754/754
f 824/824/824 822/822/822 825/825/825
f 821/821/821 820/820/820 826/826/826
f 826/826/826 820/820/820 810/810/810
f 822/822/822 821/821/821 827/827/827
f 827/827/827 821/821/821 826/826/826
f 822/822/822 828/828/828 825/825/825
f 828/828/828 822/822/822 827/827/827
f 754/754/754 825/825/825 829/829/829
f 825/825/825 828/828/828 829/829/829
f 829/829/829 828/828/828 827/827/827
f 754/754/754 829/829/829 752/752/752
f 830/830/830 829/829/829 827/827/827
f 829/829/829 830/830/830 752/752/752
f 830/830/830 827/827/827 826/826/826
f 830/830/830 831/831/831 752/752/752
f 832/832/832 830/830/830 826/826/826
f 832/832/832 826/826/826 810/810/810
f 830/830/830 832/832/832 831/831/831
f 752/752/752 831/831/831 753/753/753
f 833/833/833 832/832/832 810/810/810
f 833/833/833 810/810/810 812/812/812
f 832/832/832 834/834/834 831/831/831
f 832/832/832 833/833/833 834/834/834
f 753/753/753 831/831/831 835/835/835
f 831/831/831 834/834/834 835/835/835
f 839/839/839 753/753/753 838/838/838
f 753/753/753 835/835/835 838/838/838
f 833/833/833 836/836/836 834/834/834
f 835/835/835 834/834/834 836/836/836
f 837/837/837 833/833/833 812/812/812
f 833/833/833 837/837/837 836/836/836
f 838/838/838 835/835/835 844/844/844
f 846/846/846 835/835/835 836/836/836
f 835/835/835 846/846/846 844/844/844
f 838/838/838 844/844/844 845/845/845
f 846/846/846 836/836/836 847/847/847
f 844/844/844 846/846/846 847/847/847
f 837/837/837 847/847/847 836/836/836
f 844/844/844 847/847/847 848/848/848
f 844/844/844 848/848/848 845/845/845
f 847/847/847 849/849/849 848/848/848
f 847/847/847 837/837/837 849/849/849
f 848/848/848 849/849/849 845/845/845
f 837/837/837 812/812/812 850/850/850
f 812/812/812 851/851/851 850/850/850
f 837/837/837 850/850/850 849/849/849
f 849/849/849 852/852/852 845/845/845
f 850/850/850 853/853/853 849/849/849
f 853/853/853 852/852/852 849/849/849
f 852/852/852 854/854/854 845/845/845
f 852/852/852 853/853/853 854/854/854
f 854/854/854 855/855/855 845/845/845
f 855/855/855 858/858/858 856/856/856
f 857/857/857 855/855/855 856/856/856
f 853/853/853 859/859/859 854/854/854
f 853/853/853 850/850/850 860/860/860
f 850/850/850 861/861/861 860/860/860
f 862/862/862 859/859/859 853/853/853
f 860/860/860 862/862/862 853/853/853
f 861/861/861 864/864/864 863/863/863
f 860/860/860 861/861/861 865/865/865
f 866/866/866 861/861/861 863/863/863
f 861/861/861 866/866/866 865/865/865
f 863/863/863 867/867/867 866/866/866
f 860/860/860 865/865/865 868/868/868
f 862/862/862 860/860/860 868/868/868
f 867/867/867 869/869/869 866/866/866
f 867/867/867 870/870/870 869/869/869
f 865/865/865 866/866/866 871/871/871
f 866/866/866 869/869/869 871/871/871
f 865/865/865 871/871/871 868/868/868
f 870/870/870 872/872/872 869/869/869
f 869/869/869 872/872/872 871/871/871
f 870/870/870 873/873/873 872/872/872
f 871/871/871 874/874/874 868/868/868
f 873/873/873 875/875/875 872/872/872
f 873/873/873 876/876/876 875/875/875
f 876/876/876 877/877/877 875/875/875
f 872/872/872 878/878/878 871/871/871
f 872/872/872 875/875/875 878/878/878
f 871/871/871 878/878/878 874/874/874
f 879/879/879 875/875/875 877/877/877
f 875/875/875 879/879/879 878/878/878
f 880/880/880 879/879/879 877/877/877
f 878/878/878 881/881/881 874/874/874
f 881/881/881 878/878/878 879/879/879
f 882/882/882 879/879/879 880/880/880
f 882/882/882 881/881/881 879/879/879
f 883/883/883 882/882/882 880/880/880
f 881/881/881 884/884/884 874/874/874
f 884/884/884 881/881/881 882/882/882
f 885/885/885 882/882/882 883/883/883
f 885/885/885 884/884/884 882/882/882
f 886/886/886 885/885/885 883/883/883
f 886/886/886 887/887/887 885/885/885
f 884/884/884 888/888/888 874/874/874
f 868/868/868 874/874/874 888/888/888
f 887/887/887 889/889/889 885/885/885
f 887/887/887 890/890/890 889/889/889
f 891/891/891 884/884/884 885/885/885
f 889/889/889 891/891/891 885/885/885
f 892/892/892 888/888/888 884/884/884
f 891/891/891 892/892/892 884/884/884
f 893/893/893 868/868/868 888/888/888
f 862/862/862 868/868/868 893/893/893
f 888/888/888 892/892/892 894/894/894
f 893/893/893 888/888/888 894/894/894
f 895/895/895 862/862/862 893/893/893
f 862/862/862 895/895/895 859/859/859
f 896/896/896 893/893/893 894/894/894
f 893/893/893 896/896/896 895/895/895
f 892/892/892 897/897/897 894/894/894
f 896/896/896 898/898/898 895/895/895
f 899/899/899 896/896/896 894/894/894
f 896/896/896 899/899/899 898/898/898
f 894/894/894 897/897/897 899/899/899
f 895/895/895 898/898/898 900/900/900
f 895/895/895 901/901/901 859/859/859
f 901/901/901 895/895/895 900/900/900
f 898/898/898 899/899/899 902/902/902
f 900/900/900 898/898/898 902/902/902
f 901/901/901 903/903/903 859/859/859
f 903/903/903 904/904/904 859/859/859
f 905/905/905 904/904/904 903/903/903
f 906/906/906 905/905/905 903/903/903
f 906/906/906 903/903/903 907/907/907
f 903/903/903 901/901/901 908/908/908
f 903/903/903 908/908/908 907/907/907
f 901/901/901 900/900/900 908/908/908
f 907/907/907 908/908/908 909/909/909
f 908/908/908 900/900/900 910/910/910
f 908/908/908 910/910/910 909/909/909
f 900/900/900 902/902/902 910/910/910
f 911/911/911 909/909/909 910/910/910
f 910/910/910 902/902/902 912/912/912
f 902/902/902 899/899/899 912/912/912
f 913/913/913 911/911/911 910/910/910
f 913/913/913 910/910/910 912/912/912
f 911/911/911 913/913/913 914/914/914
f 913/913/913 915/915/915 914/914/914
f 915/915/915 913/913/913 916/916/916
f 913/913/913 912/912/912 916/916/916
f 916/916/916 912/912/912 917/917/917
f 912/912/912 918/918/918 917/917/917
f 899/899/899 918/918/918 912/912/912
f 917/917/917 918/918/918 919/919/919
f 918/918/918 899/899/899 920/920/920
f 897/897/897 920/920/920 899/899/899
f 918/918/918 921/921/921 919/919/919
f 921/921/921 918/918/918 920/920/920
f 919/919/919 921/921/921 922/922/922
f 921/921/921 920/920/920 922/922/922
f 923/923/923 919/919/919 922/922/922
f 924/924/924 923/923/923 922/922/922
f 897/897/897 925/925/925 920/920/920
f 925/925/925 897/897/897 892/892/892
f 920/920/920 926/926/926 922/922/922
f 925/925/925 926/926/926 920/920/920
f 927/927/927 924/924/924 922/922/922
f 924/924/924 927/927/927 928/928/928
f 922/922/922 926/926/926 929/929/929
f 927/927/927 922/922/922 929/929/929
f 926/926/926 925/925/925 929/929/929
f 927/927/927 930/930/930 928/928/928
f 927/927/927 929/929/929 930/930/930
f 931/931/931 928/928/928 930/930/930
f 925/925/925 932/932/932 929/929/929
f 933/933/933 931/931/931 930/930/930
f 929/929/929 932/932/932 934/934/934
f 929/929/929 934/934/934 930/930/930
f 933/933/933 935/935/935 931/931/931
f 935/935/935 936/936/936 931/931/931
f 933/933/933 930/930/930 937/937/937
f 930/930/930 934/934/934 937/937/937
f 935/935/935 938/938/938 936/936/936
f 938/938/938 939/939/939 936/936/936
f 935/935/935 933/933/933 940/940/940
f 935/935/935 940/940/940 938/938/938
f 933/933/933 937/937/937 940/940/940
f 940/940/940 941/941/941 938/938/938
f 940/940/940 942/942/942 941/941/941
f 940/940/940 937/937/937 942/942/942
f 942/942/942 943/943/943 941/941/941
f 943/943/943 942/942/942 944/944/944
f 937/937/937 934/934/934 945/945/945
f 937/937/937 945/945/945 942/942/942
f 942/942/942 946/946/946 944/944/944
f 946/946/946 942/942/942 945/945/945
f 932/932/932 947/947/947 934/934/934
f 934/934/934 947/947/947 945/945/945
f 944/944/944 946/946/946 948/948/948
f 949/949/949 944/944/944 948/948/948
f 949/949/949 948/948/948 950/950/950
f 951/951/951 946/946/946 945/945/945
f 946/946/946 951/951/951 948/948/948
f 947/947/947 952/952/952 945/945/945
f 952/952/952 951/951/951 945/945/945
f 932/932/932 953/953/953 947/947/947
f 953/953/953 952/952/952 947/947/947
f 932/932/932 925/925/925 953/953/953
f 952/952/952 954/954/954 951/951/951
f 952/952/952 953/953/953 954/954/954
f 951/951/951 955/955/955 948/948/948
f 954/954/954 955/955/955 951/951/951
f 948/948/948 956/956/956 950/950/950
f 948/948/948 955/955/955 956/956/956
f 950/950/950 956/956/956 957/957/957
f 955/955/955 958/958/958 956/956/956
f 958/958/958 955/955/955 954/954/954
f 956/956/956 959/959/959 957/957/957
f 956/956/956 958/958/958 959/959/959
f 957/957/957 959/959/959 960/960/960
f 925/925/925 961/961/961 953/953/953
f 961/961/961 925/925/925 892/892/892
f 961/961/961 892/892/892 891/891/891
f 953/953/953 962/962/962 954/954/954
f 953/953/953 961/961/961 962/962/962
f 962/962/962 963/963/963 954/954/954
f 962/962/962 961/961/961 963/963/963
f 964/964/964 961/961/961 891/891/891
f 963/963/963 961/961/961 964/964/964
f 964/964/964 891/891/891 889/889/889
f 963/963/963 965/965/965 954/954/954
f 965/965/965 958/958/958 954/954/954
f 966/966/966 964/964/964 889/889/889
f 890/890/890 966/966/966 889/889/889
f 967/967/967 963/963/963 964/964/964
f 967/967/967 964/964/964 966/966/966
f 965/965/965 963/963/963 967/967/967
f 968/968/968 966/966/966 890/890/890
f 968/968/968 967/967/967 966/966/966
f 969/969/969 968/968/968 890/890/890
f 970/970/970 958/958/958 965/965/965
f 958/958/958 970/970/970 959/959/959
f 971/971/971 965/965/965 967/967/967
f 971/971/971 970/970/970 965/965/965
f 971/971/971 967/967/967 968/968/968
f 959/959/959 970/970/970 971/971/971
f 972/972/972 968/968/968 969/969/969
f 972/972/972 971/971/971 968/968/968
f 972/972/972 959/959/959 971/971/971
f 960/960/960 972/972/972 969/969/969
f 959/959/959 972/972/972 960/960/960
f 842/842/842 841/841/841 840/840/840
f 843/843/843 842/842/842 840/840/840
f 840/840/840 1012/1012/1012 1016/1016/1016
f 1012/1012/1012 1015/1015/1015 1016/1016/1016
f 1016/1016/1016 1015/1015/1015 1017/1017/1017
f 1012/1012/1012 1011/1011/1011 1015/1015/1015
f 1012/1012/1012 1009/1009/1009 1011/1011/1011
f 1015/1015/1015 1020/1020/1020 1017/1017/1017
f 1009/1009/1009 1007/1007/1007 1011/1011/1011
f 1009/1009/1009 1008/1008/1008 1007/1007/1007
f 1008/1008/1008 1004/1004/1004 1007/1007/1007
f 1017/1017/1017 1020/1020/1020 1021/1021/1021
f 1022/1022/1022 1017/1017/1017 1021/1021/1021
f 1022/1022/1022 1021/1021/1021 1023/1023/1023
f 1020/1020/1020 1015/1015/1015 1019/1019/1019
f 1021/1021/1021 1025/1025/1025 1023/1023/1023
f 1023/1023/1023 1025/1025/1025 1026/1026/1026
f 1021/1021/1021 1020/1020/1020 1024/1024/1024
f 1020/1020/1020 1019/1019/1019 1024/1024/1024
f 1027/1027/1027 1025/1025/1025 1021/1021/1021
f 1024/1024/1024 1027/1027/1027 1021/1021/1021
f 1025/1025/1025 1028/1028/1028 1026/1026/1026
f 1025/1025/1025 1027/1027/1027 1028/1028/1028
f 1026/1026/1026 1028/1028/1028 1029/1029/1029
f 1015/1015/1015 1014/1014/1014 1019/1019/1019
f 1011/1011/1011 1014/1014/1014 1015/1015/1015
f 1031/1031/1031 1029/1029/1029 1030/1030/1030
f 1029/1029/1029 1032/1032/1032 1030/1030/1030
f 1028/1028/1028 1032/1032/1032 1029/1029/1029
f 1030/1030/1030 1032/1032/1032 1033/1033/1033
f 1027/1027/1027 1034/1034/1034 1028/1028/1028
f 1028/1028/1028 1034/1034/1034 1032/1032/1032
f 1032/1032/1032 1035/1035/1035 1033/1033/1033
f 1034/1034/1034 1035/1035/1035 1032/1032/1032
f 1036/1036/1036 1033/1033/1033 1035/1035/1035
f 1027/1027/1027 1037/1037/1037 1034/1034/1034
f 1037/1037/1037 1027/1027/1027 1024/1024/1024
f 1034/1034/1034 1038/1038/1038 1035/1035/1035
f 1037/1037/1037 1038/1038/1038 1034/1034/1034
f 1039/1039/1039 1036/1036/1036 1035/1035/1035
f 1038/1038/1038 1039/1039/1039 1035/1035/1035
f 1040/1040/1040 1036/1036/1036 1039/1039/1039
f 1042/1042/1042 1040/1040/1040 1039/1039/1039
f 1043/1043/1043 1040/1040/1040 1042/1042/1042
f 1038/1038/1038 1047/1047/1047 1039/1039/1039
f 1047/1047/1047 1042/1042/1042 1039/1039/1039
f 1038/1038/1038 1037/1037/1037 1046/1046/1046
f 1047/1047/1047 1038/1038/1038 1046/1046/1046
f 1053/1053/1053 1043/1043/1043 1042/1042/1042
f 1054/1054/1054 1043/1043/1043 1053/1053/1053
f 1055/1055/1055 1054/1054/1054 1053/1053/1053
f 1056/1056/1056 1055/1055/1055 1053/1053/1053
f 1051/1051/1051 1053/1053/1053 1042/1042/1042
f 1051/1051/1051 1056/1056/1056 1053/1053/1053
f 1047/1047/1047 1051/1051/1051 1042/1042/1042
f 1057/1057/1057 1056/1056/1056 1051/1051/1051
f 1051/1051/1051 1047/1047/1047 1049/1049/1049
f 1049/1049/1049 1057/1057/1057 1051/1051/1051
f 1047/1047/1047 1046/1046/1046 1049/1049/1049
f 1049/1049/1049 1058/1058/1058 1057/1057/1057
f 1049/1049/1049 1046/1046/1046 1048/1048/1048
f 1058/1058/1058 1059/1059/1059 1057/1057/1057
f 1046/1046/1046 1044/1044/1044 1048/1048/1048
f 1046/1046/1046 1037/1037/1037 1044/1044/1044
f 1061/1061/1061 1059/1059/1059 1058/1058/1058
f 1037/1037/1037 1041/1041/1041 1044/1044/1044
f 1041/1041/1041 1037/1037/1037 1024/1024/1024
f 1044/1044/1044 1041/1041/1041 1045/1045/1045
f 1048/1048/1048 1044/1044/1044 1045/1045/1045
f 1062/1062/1062 1061/1061/1061 1058/1058/1058
f 1050/1050/1050 1048/1048/1048 1045/1045/1045
f 1061/1061/1061 1062/1062/1062 1065/1065/1065
f 1050/1050/1050 1045/1045/1045 1052/1052/1052
f 1062/1062/1062 1060/1060/1060 1065/1065/1065
f 1060/1060/1060 1050/1050/1050 1052/1052/1052
f 1061/1061/1061 1063/1063/1063 1059/1059/1059
f 1063/1063/1063 1064/1064/1064 1059/1059/1059
f 1065/1065/1065 1068/1068/1068 1061/1061/1061
f 1068/1068/1068 1063/1063/1063 1061/1061/1061
f 1063/1063/1063 1066/1066/1066 1064/1064/1064
f 1066/1066/1066 1067/1067/1067 1064/1064/1064
f 1068/1068/1068 1069/1069/1069 1063/1063/1063
f 1069/1069/1069 1066/1066/1066 1063/1063/1063
f 1066/1066/1066 1070/1070/1070 1067/1067/1067
f 1070/1070/1070 1071/1071/1071 1067/1067/1067
f 1070/1070/1070 1066/1066/1066 1069/1069/1069
f 1072/1072/1072 1068/1068/1068 1065/1065/1065
f 1073/1073/1073 1069/1069/1069 1068/1068/1068
f 1072/1072/1072 1073/1073/1073 1068/1068/1068
f 1075/1075/1075 1070/1070/1070 1069/1069/1069
f 1069/1069/1069 1073/1073/1073 1075/1075/1075
f 1074/1074/1074 1072/1072/1072 1065/1065/1065
f 1065/1065/1065 1060/1060/1060 1074/1074/1074
f 1076/1076/1076 1073/1073/1073 1072/1072/1072
f 1060/1060/1060 1099/1099/1099 1074/1074/1074
f 1060/1060/1060 1052/1052/1052 1099/1099/1099
f 1072/1072/1072 1074/1074/1074 1093/1093/1093
f 1093/1093/1093 1076/1076/1076 1072/1072/1072
f 1074/1074/1074 1099/1099/1099 1097/1097/1097
f 1074/1074/1074 1097/1097/1097 1093/1093/1093
f 1078/1078/1078 1073/1073/1073 1076/1076/1076
f 1073/1073/1073 1078/1078/1078 1075/1075/1075
f 1076/1076/1076 1093/1093/1093 1091/1091/1091
f 1076/1076/1076 1091/1091/1091 1078/1078/1078
f 1075/1075/1075 1078/1078/1078 1077/1077/1077
f 1070/1070/1070 1075/1075/1075 1077/1077/1077
f 1079/1079/1079 1070/1070/1070 1077/1077/1077
f 1078/1078/1078 1081/1081/1081 1077/1077/1077
f 1070/1070/1070 1079/1079/1079 1080/1080/1080
f 1082/1082/1082 1070/1070/1070 1080/1080/1080
f 1078/1078/1078 1083/1083/1083 1081/1081/1081
f 1091/1091/1091 1083/1083/1083 1078/1078/1078
f 1083/1083/1083 1085/1085/1085 1081/1081/1081
f 1084/1084/1084 1082/1082/1082 1080/1080/1080
f 1083/1083/1083 1089/1089/1089 1085/1085/1085
f 1089/1089/1089 1088/1088/1088 1085/1085/1085
f 1090/1090/1090 1089/1089/1089 1083/1083/1083
f 1091/1091/1091 1090/1090/1090 1083/1083/1083
f 1086/1086/1086 1084/1084/1084 1080/1080/1080
f 1092/1092/1092 1090/1090/1090 1091/1091/1091
f 1087/1087/1087 1082/1082/1082 1084/1084/1084
f 1094/1094/1094 1092/1092/1092 1091/1091/1091
f 1093/1093/1093 1094/1094/1094 1091/1091/1091
f 1094/1094/1094 1095/1095/1095 1092/1092/1092
f 1094/1094/1094 1093/1093/1093 1095/1095/1095
f 1093/1093/1093 1097/1097/1097 1095/1095/1095
f 1095/1095/1095 1096/1096/1096 1092/1092/1092
f 1095/1095/1095 1098/1098/1098 1096/1096/1096
f 1098/1098/1098 1095/1095/1095 1097/1097/1097
f 1098/1098/1098 993/993/993 1096/1096/1096
f 1100/1100/1100 1098/1098/1098 1097/1097/1097
f 1099/1099/1099 1100/1100/1100 1097/1097/1097
f 1098/1098/1098 992/992/992 993/993/993
f 992/992/992 987/987/987 993/993/993
f 1098/1098/1098 1100/1100/1100 1101/1101/1101
f 992/992/992 1098/1098/1098 1101/1101/1101
f 1099/1099/1099 1102/1102/1102 1100/1100/1100
f 1102/1102/1102 1101/1101/1101 1100/1100/1100
f 1052/1052/1052 1102/1102/1102 1099/1099/1099
f 992/992/992 986/986/986 987/987/987
f 986/986/986 983/983/983 987/987/987
f 1101/1101/1101 1103/1103/1103 992/992/992
f 1103/1103/1103 986/986/986 992/992/992
f 986/986/986 982/982/982 983/983/983
f 982/982/982 986/986/986 1103/1103/1103
f 982/982/982 978/978/978 983/983/983
f 1104/1104/1104 1103/1103/1103 1101/1101/1101
f 1102/1102/1102 1104/1104/1104 1101/1101/1101
f 1107/1107/1107 982/982/982 1103/1103/1103
f 1103/1103/1103 1104/1104/1104 1107/1107/1107
f 982/982/982 977/977/977 978/978/978
f 982/982/982 1107/1107/1107 977/977/977
f 977/977/977 973/973/973 978/978/978
f 1052/1052/1052 1105/1105/1105 1102/1102/1102
f 1105/1105/1105 1104/1104/1104 1102/1102/1102
f 1052/1052/1052 1045/1045/1045 1105/1105/1105
f 1045/1045/1045 1106/1106/1106 1105/1105/1105
f 1105/1105/1105 1106/1106/1106 1024/1024/1024
f 1104/1104/1104 1109/1109/1109 1107/1107/1107
f 1104/1104/1104 1105/1105/1105 1109/1109/1109
f 1108/1108/1108 1105/1105/1105 1024/1024/1024
f 1105/1105/1105 1108/1108/1108 1109/1109/1109
f 1107/1107/1107 1109/1109/1109 1111/1111/1111
f 1107/1107/1107 1111/1111/1111 977/977/977
f 1109/1109/1109 1108/1108/1108 1110/1110/1110
f 1109/1109/1109 1110/1110/1110 1111/1111/1111
f 1018/1018/1018 1108/1108/1108 1024/1024/1024
f 1108/1108/1108 1018/1018/1018 1110/1110/1110
f 1019/1019/1019 1018/1018/1018 1024/1024/1024
f 1019/1019/1019 1014/1014/1014 1018/1018/1018
f 1110/1110/1110 1002/1002/1002 1111/1111/1111
f 1002/1002/1002 1110/1110/1110 1018/1018/1018
f 977/977/977 1111/1111/1111 981/981/981
f 1002/1002/1002 981/981/981 1111/1111/1111
f 1014/1014/1014 1013/1013/1013 1018/1018/1018
f 1013/1013/1013 1002/1002/1002 1018/1018/1018
f 977/977/977 975/975/975 973/973/973
f 975/975/975 977/977/977 981/981/981
f 975/975/975 974/974/974 973/973/973
f 976/976/976 974/974/974 975/975/975
f 979/979/979 976/976/976 975/975/975
f 979/979/979 975/975/975 981/981/981
f 976/976/976 979/979/979 980/980/980
f 997/997/997 981/981/981 1002/1002/1002
f 997/997/997 979/979/979 981/981/981
f 979/979/979 984/984/984 980/980/980
f 979/979/979 997/997/997 984/984/984
f 980/980/980 984/984/984 985/985/985
f 1001/1001/1001 997/997/997 1002/1002/1002
f 1001/1001/1001 1002/1002/1002 1013/1013/1013
f 997/997/997 996/996/996 984/984/984
f 996/996/996 997/997/997 1001/1001/1001
f 984/984/984 988/988/988 985/985/985
f 988/988/988 984/984/984 996/996/996
f 989/989/989 985/985/985 988/988/988
f 990/990/990 989/989/989 988/988/988
f 990/990/990 988/988/988 991/991/991
f 988/988/988 994/994/994 991/991/991
f 994/994/994 988/988/988 996/996/996
f 991/991/991 994/994/994 995/995/995
f 1000/1000/1000 996/996/996 1001/1001/1001
f 994/994/994 996/996/996 1000/1000/1000
f 1010/1010/1010 1001/1001/1001 1013/1013/1013
f 1000/1000/1000 1001/1001/1001 1010/1010/1010
f 1010/1010/1010 1013/1013/1013 1014/1014/1014
f 1011/1011/1011 1010/1010/1010 1014/1014/1014
f 1011/1011/1011 1007/1007/1007 1010/1010/1010
f 994/994/994 998/998/998 995/995/995
f 998/998/998 994/994/994 1000/1000/1000
f 995/995/995 998/998/998 999/999/999
f 1006/1006/1006 1000/1000/1000 1010/1010/1010
f 1007/1007/1007 1006/1006/1006 1010/1010/1010
f 998/998/998 1000/1000/1000 1006/1006/1006
f 1007/1007/1007 1004/1004/1004 1006/1006/1006
f 1005/1005/1005 999/999/999 1004/1004/1004
f 1003/1003/1003 998/998/998 1006/1006/1006
f 1004/1004/1004 1003/1003/1003 1006/1006/1006
f 998/998/998 1003/1003/1003 999/999/999
f 999/999/999 1003/1003/1003 1004/1004/1004
f 1112/1112/1112 1084/1084/1084 1086/1086/1086
f 1113/1113/1113 1112/1112/1112 1086/1086/1086
f 1084/1084/1084 1112/1112/1112 1114/1114/1114
f 1114/1114/1114 1087/1087/1087 1084/1084/1084
f 1115/1115/1115 1112/1112/1112 1113/1113/1113
f 1116/1116/1116 1115/1115/1115 1113/1113/1113
f 1112/1112/1112 1117/1117/1117 1114/1114/1114
f 1118/1118/1118 1115/1115/1115 1116/1116/1116
f 1119/1119/1119 1118/1118/1118 1116/1116/1116
f 1115/1115/1115 1120/1120/1120 1112/1112/1112
f 1115/1115/1115 1118/1118/1118 1120/1120/1120
f 1120/1120/1120 1117/1117/1117 1112/1112/1112
f 1114/1114/1114 1117/1117/1117 1120/1120/1120
f 1118/1118/1118 1121/1121/1121 1120/1120/1120
f 1114/1114/1114 1122/1122/1122 1087/1087/1087
f 1122/1122/1122 1114/1114/1114 1120/1120/1120
f 1120/1120/1120 1121/1121/1121 1122/1122/1122
f 1122/1122/1122 1123/1123/1123 1087/1087/1087
f 1121/1121/1121 1124/1124/1124 1122/1122/1122
f 1125/1125/1125 1123/1123/1123 1122/1122/1122
f 1124/1124/1124 1125/1125/1125 1122/1122/1122
f 1128/1128/1128 1127/1127/1127 1126/1126/1126
f 1129/1129/1129 1128/1128/1128 1126/1126/1126
f 1126/1126/1126 1127/1127/1127 1130/1130/1130
f 1127/1127/1127 1131/1131/1131 1130/1130/1130
f 1130/1130/1130 1131/1131/1131 1132/1132/1132
f 1131/1131/1131 1133/1133/1133 1132/1132/1132
f 1132/1132/1132 1133/1133/1133 1134/1134/1134
f 1133/1133/1133 1135/1135/1135 1134/1134/1134
f 1134/1134/1134 1135/1135/1135 1136/1136/1136
f 1135/1135/1135 1137/1137/1137 1136/1136/1136
f 1136/1136/1136 1137/1137/1137 1138/1138/1138
f 1137/1137/1137 1139/1139/1139 1138/1138/1138
f 1138/1138/1138 1139/1139/1139 1140/1140/1140
f 1139/1139/1139 1141/1141/1141 1140/1140/1140
f 1140/1140/1140 1141/1141/1141 1142/1142/1142
f 1141/1141/1141 1143/1143/1143 1142/1142/1142
f 1142/1142/1142 1143/1143/1143 1144/1144/1144
f 1143/1143/1143 1145/1145/1145 1144/1144/1144
f 1144/1144/1144 1145/1145/1145 1146/1146/1146
f 1145/1145/1145 1147/1147/1147 1146/1146/1146
f 1146/1146/1146 1147/1147/1147 1148/1148/1148
f 1147/1147/1147 1149/1149/1149 1148/1148/1148
f 1148/1148/1148 1149/1149/1149 1150/1150/1150
f 1149/1149/1149 1151/1151/1151 1150/1150/1150
f 1150/1150/1150 1151/1151/1151 1152/1152/1152
f 1151/1151/1151 1153/1153/1153 1152/1152/1152
f 1152/1152/1152 1153/1153/1153 1154/1154/1154
f 1153/1153/1153 1155/1155/1155 1154/1154/1154
f 1154/1154/1154 1155/1155/1155 1156/1156/1156
f 1155/1155/1155 1157/1157/1157 1156/1156/1156
f 1156/1156/1156 1157/1157/1157 1158/1158/1158
f 1157/1157/1157 1159/1159/1159 1158/1158/1158
f 1158/1158/1158 1159/1159/1159 1160/1160/1160
f 1159/1159/1159 1161/1161/1161 1160/1160/1160
f 1160/1160/1160 1161/1161/1161 1162/1162/1162
f 1161/1161/1161 1163/1163/1163 1162/1162/1162
f 1162/1162/1162 1163/1163/1163 1164/1164/1164
f 1163/1163/1163 1165/1165/1165 1164/1164/1164
f 1164/1164/1164 1165/1165/1165 1166/1166/1166
f 1165/1165/1165 1167/1167/1167 1166/1166/1166
f 1166/1166/1166 1167/1167/1167 1168/1168/1168
f 1167/1167/1167 1169/1169/1169 1168/1168/1168
f 1168/1168/1168 1169/1169/1169 1170/1170/1170
f 1169/1169/1169 1171/1171/1171 1170/1170/1170
f 1170/1170/1170 1171/1171/1171 1172/1172/1172
f 1171/1171/1171 1173/1173/1173 1172/1172/1172
f 1172/1172/1172 1173/1173/1173 1174/1174/1174
f 1173/1173/1173 1175/1175/1175 1174/1174/1174
f 1178/1178/1178 1177/1177/1177 1176/1176/1176
f 1177/1177/1177 1178/1178/1178 1179/1179/1179
f 1178/1178/1178 1180/1180/1180 1179/1179/1179
f 1181/1181/1181 1179/1179/1179 1180/1180/1180
f 1182/1182/1182 1178/1178/1178 1176/1176/1176
f 1183/1183/1183 1181/1181/1181 1180/1180/1180
f 1184/1184/1184 1181/1181/1181 1183/1183/1183
f 1185/1185/1185 1184/1184/1184 1183/1183/1183
f 1186/1186/1186 1182/1182/1182 1176/1176/1176
f 1186/1186/1186 1187/1187/1187 1182/1182/1182
f 1186/1186/1186 1188/1188/1188 1187/1187/1187
f 1186/1186/1186 1189/1189/1189 1188/1188/1188
f 1186/1186/1186 1176/1176/1176 1190/1190/1190
f 1186/1186/1186 1191/1191/1191 1189/1189/1189
f 1192/1192/1192 1186/1186/1186 1190/1190/1190
f 1186/1186/1186 1193/1193/1193 1191/1191/1191
f 1194/1194/1194 1192/1192/1192 1190/1190/1190
f 1193/1193/1193 1195/1195/1195 1191/1191/1191
f 1196/1196/1196 1194/1194/1194 1190/1190/1190
f 1195/1195/1195 1197/1197/1197 1191/1191/1191
f 1197/1197/1197 1198/1198/1198 1191/1191/1191
f 1199/1199/1199 1196/1196/1196 1190/1190/1190
f 1199/1199/1199 1190/1190/1190 1200/1200/1200
f 1199/1199/1199 1200/1200/1200 1201/1201/1201
f 1199/1199/1199 1201/1201/1201 1202/1202/1202
f 1202/1202/1202 1203/1203/1203 1199/1199/1199
f 1206/1206/1206 1205/1205/1205 1204/1204/1204
f 1207/1207/1207 1206/1206/1206 1204/1204/1204
f 1206/1206/1206 1208/1208/1208 1205/1205/1205
f 1207/1207/1207 1204/1204/1204 1209/1209/1209
f 1208/1208/1208 1210/1210/1210 1205/1205/1205
f 1204/1204/1204 1211/1211/1211 1209/1209/1209
f 1208/1208/1208 1212/1212/1212 1210/1210/1210
f 1212/1212/1212 1213/1213/1213 1210/1210/1210
f 1209/1209/1209 1211/1211/1211 1214/1214/1214
f 1211/1211/1211 1215/1215/1215 1214/1214/1214
f 1218/1218/1218 1217/1217/1217 1216/1216/1216
f 1217/1217/1217 1219/1219/1219 1216/1216/1216
f 1219/1219/1219 1220/1220/1220 1216/1216/1216
f 1220/1220/1220 1219/1219/1219 1221/1221/1221
f 1222/1222/1222 1218/1218/1218 1216/1216/1216
f 1223/1223/1223 1220/1220/1220 1221/1221/1221
f 1223/1223/1223 1221/1221/1221 1224/1224/1224
f 1225/1225/1225 1223/1223/1223 1224/1224/1224
f 1226/1226/1226 1218/1218/1218 1222/1222/1222
f 1226/1226/1226 1222/1222/1222 1227/1227/1227
f 1226/1226/1226 1227/1227/1227 1228/1228/1228
f 1226/1226/1226 1228/1228/1228 1229/1229/1229
f 1226/1226/1226 1230/1230/1230 1218/1218/1218
f 1226/1226/1226 1229/1229/1229 1231/1231/1231
f 1232/1232/1232 1230/1230/1230 1226/1226/1226
f 1226/1226/1226 1231/1231/1231 1233/1233/1233
f 1234/1234/1234 1230/1230/1230 1232/1232/1232
f 1233/1233/1233 1231/1231/1231 1235/1235/1235
f 1236/1236/1236 1230/1230/1230 1234/1234/1234
f 1235/1235/1235 1231/1231/1231 1237/1237/1237
f 1237/1237/1237 1231/1231/1231 1238/1238/1238
f 1239/1239/1239 1230/1230/1230 1236/1236/1236
f 1239/1239/1239 1240/1240/1240 1230/1230/1230
f 1239/1239/1239 1241/1241/1241 1240/1240/1240
f 1239/1239/1239 1242/1242/1242 1241/1241/1241
f 1242/1242/1242 1239/1239/1239 1243/1243/1243
f 1246/1246/1246 1245/1245/1245 1244/1244/1244
f 1244/1244/1244 1245/1245/1245 1248/1248/1248
f 1247/1247/1247 1246/1246/1246 1244/1244/1244
f 1245/1245/1245 1250/1250/1250 1248/1248/1248
f 1247/1247/1247 1249/1249/1249 1246/1246/1246
f 1248/1248/1248 1250/1250/1250 1252/1252/1252
f 1250/1250/1250 1253/1253/1253 1252/1252/1252
f 1249/1249/1249 1251/1251/1251 1246/1246/1246
f 1249/1249/1249 1254/1254/1254 1251/1251/1251
f 1254/1254/1254 1255/1255/1255 1251/1251/1251
