# VPXTOOL table OBJ file
# VPXTOOL OBJ file
# numVerts: 1280 numFaces: 2304
o PinCab_MagnaButtonRings
v -30.93805 2034.9993 -24.425829
v -30.725891 2046.0333 -24.425827
v -30.725891 2046.5305 -29.474176
v -30.93805 2035.7085 -31.62681
v -30.938293 2035.7085 -17.224854
v -30.725891 2048.003 -34.32853
v -30.725891 2046.5305 -19.377478
v -30.93805 2037.809 -38.55106
v -30.938293 2037.809 -10.3006
v -30.725891 2050.3945 -38.802315
v -30.725891 2048.003 -14.523129
v -30.93805 2041.22 -44.932487
v -30.938293 2041.22 -3.919172
v -30.725891 2053.6125 -42.723625
v -30.725891 2050.3945 -10.049336
v -30.93805 2045.8103 -50.52585
v -30.938293 2045.8103 1.674185
v -30.725891 2057.5337 -45.941765
v -30.725891 2053.6125 -6.128035
v -30.93805 2051.4036 -55.116203
v -30.938293 2051.4036 6.26454
v -30.725891 2062.0076 -48.333054
v -30.725891 2057.5337 -2.909893
v -30.93805 2057.7852 -58.527145
v -30.938293 2057.7852 9.675489
v -30.725891 2066.862 -49.805603
v -30.725891 2062.0076 -0.5186
v -30.93805 2064.7095 -60.627594
v -30.938293 2064.7095 11.775942
v -30.725891 2071.9102 -50.302826
v -30.725891 2066.8618 0.953951
v -30.93805 2071.9102 -61.336823
v -30.938293 2071.9102 12.485182
v -30.725891 2076.9587 -49.805603
v -30.725891 2071.9102 1.451172
v -30.93805 2079.1113 -60.627594
v -30.938293 2079.1113 11.775938
v -30.725891 2081.813 -48.33305
v -30.725891 2076.9587 0.953949
v -30.93805 2086.0356 -58.527138
v -30.938293 2086.0356 9.675501
v -30.725891 2086.2866 -45.94176
v -30.725891 2081.813 -0.518591
v -30.93805 2092.417 -55.116203
v -30.938293 2092.417 6.264559
v -30.725891 2090.208 -42.723625
v -30.725891 2086.2866 -2.909883
v -30.93805 2098.0103 -50.52584
v -30.938293 2098.0103 1.6742
v -30.725891 2093.4263 -38.802315
v -30.725891 2090.208 -6.128017
v -30.93805 2102.6006 -44.932476
v -30.938293 2102.6006 -3.919167
v -30.725891 2095.8174 -34.32852
v -30.725891 2093.4263 -10.049333
v -30.93805 2106.0117 -38.55105
v -30.938293 2106.0117 -10.300594
v -30.725891 2097.29 -29.474174
v -30.725891 2095.8174 -14.523129
v -30.93805 2108.112 -31.6268
v -30.938293 2108.112 -17.224836
v -30.725891 2097.787 -24.425821
v -30.725891 2097.29 -19.37747
v -30.93805 2108.8213 -24.42582
v -30.725891 2046.0333 -24.425827
v -37.723938 2046.1074 -24.425827
v -37.723938 2046.603 -29.459734
v -30.725891 2046.5305 -29.474176
v -30.725891 2046.5305 -19.377478
v -37.723938 2048.0715 -34.3002
v -30.725891 2048.003 -34.32853
v -37.723938 2046.603 -19.39192
v -30.725891 2048.003 -14.523129
v -37.723938 2050.4558 -38.761185
v -30.725891 2050.3945 -38.802315
v -37.723938 2048.0715 -14.551461
v -30.725891 2050.3945 -10.049336
v -37.723938 2053.6648 -42.67128
v -30.725891 2053.6125 -42.723625
v -37.723938 2050.4558 -10.09047
v -30.725891 2053.6125 -6.128035
v -37.723938 2057.575 -45.88021
v -30.725891 2057.5337 -45.941765
v -37.723938 2053.6648 -6.180384
v -30.725891 2057.5337 -2.909893
v -37.723938 2062.036 -48.26466
v -30.725891 2062.0076 -48.333054
v -37.723938 2057.575 -2.971451
v -30.725891 2062.0076 -0.5186
v -37.723938 2066.8765 -49.732994
v -30.725891 2066.862 -49.805603
v -37.723938 2062.036 -0.586998
v -30.725891 2066.8618 0.953951
v -37.723938 2071.9102 -50.22879
v -30.725891 2071.9102 -50.302826
v -37.723938 2066.8765 0.881342
v -30.725891 2071.9102 1.451172
v -37.723938 2076.9443 -49.732994
v -30.725891 2076.9587 -49.805603
v -37.723938 2071.9102 1.37714
v -30.725891 2076.9587 0.953949
v -37.723938 2081.7847 -48.264656
v -30.725891 2081.813 -48.33305
v -37.723938 2076.9443 0.88134
v -30.725891 2081.813 -0.518591
v -37.723938 2086.2456 -45.880203
v -30.725891 2086.2866 -45.94176
v -37.723938 2081.7847 -0.586988
v -30.725891 2086.2866 -2.909883
v -37.723938 2090.1558 -42.671272
v -30.725891 2090.208 -42.723625
v -37.723938 2086.2456 -2.971441
v -30.725891 2090.208 -6.128017
v -37.723938 2093.3647 -38.761185
v -30.725891 2093.4263 -38.802315
v -37.723938 2090.1558 -6.18037
v -30.725891 2093.4263 -10.049333
v -37.723938 2095.749 -34.300194
v -30.725891 2095.8174 -34.32852
v -37.723938 2093.3647 -10.090466
v -30.725891 2095.8174 -14.523129
v -37.723938 2097.2173 -29.459736
v -30.725891 2097.29 -29.474174
v -37.723938 2095.749 -14.551457
v -30.725891 2097.29 -19.37747
v -37.723938 2097.7134 -24.425821
v -30.725891 2097.787 -24.425821
v -37.723938 2097.2173 -19.391914
v -38.02545 2097.7415 -24.425821
v -38.02545 2097.245 -19.386404
v -38.02545 2095.7754 -14.540654
v -38.02545 2093.3882 -10.074777
v -38.02545 2090.1758 -6.160404
v -38.02545 2086.2612 -2.947962
v -38.372375 2090.2358 -6.10033
v -38.02545 2081.7954 -0.560904
v -38.372375 2086.3086 -2.877325
v -38.372375 2081.8281 -0.482416
v -38.02545 2076.9497 0.909035
v -38.372375 2076.9663 0.992355
v -38.02545 2071.9102 1.405375
v -38.372375 2071.9102 1.49033
v -38.02545 2066.8708 0.909037
v -38.372375 2066.8542 0.992357
v -38.02545 2062.0251 -0.560913
v -38.372375 2061.9927 -0.482426
v -38.02545 2057.5593 -2.947971
v -38.372375 2057.512 -2.877335
v -38.02545 2053.645 -6.160418
v -38.372375 2053.585 -6.100344
v -38.02545 2050.4324 -10.07478
v -38.372375 2050.3618 -10.027581
v -38.02545 2048.0454 -14.540654
v -38.372375 2047.9669 -14.508145
v -38.02545 2046.5754 -19.386412
v -38.372375 2046.4922 -19.369839
v -38.02545 2046.0791 -24.425827
v -38.372375 2045.9941 -24.425827
v -38.02545 2046.5754 -29.465242
v -38.372375 2046.4922 -29.48182
v -38.02545 2048.0454 -34.310997
v -38.372375 2047.9669 -34.343513
v -38.02545 2050.4324 -38.77688
v -38.372375 2050.3618 -38.824074
v -38.02545 2053.645 -42.691246
v -38.372375 2053.585 -42.75132
v -38.02545 2057.5593 -45.903687
v -38.372375 2057.512 -45.974323
v -38.02545 2062.0251 -48.29074
v -38.372375 2061.9927 -48.369232
v -38.02545 2066.8708 -49.76069
v -38.372375 2066.8542 -49.84401
v -38.02545 2071.9102 -50.257027
v -38.372375 2071.9102 -50.34198
v -38.02545 2076.9497 -49.76069
v -38.372375 2076.9663 -49.84401
v -38.02545 2081.7954 -48.290737
v -38.372375 2081.8281 -48.36923
v -38.02545 2086.2612 -45.903683
v -38.372375 2086.3086 -45.97432
v -38.02545 2090.1758 -42.69124
v -38.372375 2090.2358 -42.751312
v -38.02545 2093.3882 -38.77687
v -38.372375 2093.459 -38.824066
v -38.02545 2095.7754 -34.31099
v -38.372375 2095.8538 -34.343506
v -38.02545 2097.245 -29.465244
v -38.372375 2097.3286 -29.481817
v -38.372375 2097.8264 -24.425821
v -38.372375 2097.3286 -19.36983
v -38.73053 2097.961 -24.425821
v -38.372375 2095.8538 -14.508142
v -38.73053 2097.4604 -19.343607
v -38.73053 2095.978 -14.456712
v -38.372375 2093.459 -10.027577
v -38.73053 2093.5706 -9.952909
v -38.73053 2090.3308 -6.005297
v -38.73053 2086.3833 -2.76557
v -39.066223 2090.4556 -5.880436
v -38.73053 2081.8794 -0.35824
v -39.066223 2086.4814 -2.618753
v -39.066223 2081.947 -0.195105
v -38.73053 2076.9927 1.124176
v -39.066223 2077.0269 1.297359
v -38.73053 2071.9102 1.624733
v -39.066223 2071.9102 1.801313
v -38.73053 2066.8281 1.124178
v -39.066223 2066.7935 1.297365
v -38.73053 2061.9412 -0.358253
v -39.066223 2061.8735 -0.195118
v -38.73053 2057.4375 -2.765583
v -39.066223 2057.3394 -2.618759
v -38.73053 2053.4897 -6.005308
v -39.066223 2053.3647 -5.880449
v -38.73053 2050.25 -9.952912
v -39.066223 2050.1033 -9.85481
v -38.73053 2047.8428 -14.456712
v -39.066223 2047.6797 -14.389138
v -38.73053 2046.3604 -19.343618
v -39.066223 2046.1871 -19.309166
v -38.73053 2045.8597 -24.425827
v -39.066223 2045.6831 -24.425827
v -38.73053 2046.3604 -29.50804
v -39.066223 2046.1871 -29.542486
v -38.73053 2047.8428 -34.394943
v -39.066223 2047.6797 -34.462517
v -38.73053 2050.25 -38.898743
v -39.066223 2050.1033 -38.99685
v -38.73053 2053.4897 -42.84636
v -39.066223 2053.3647 -42.971214
v -38.73053 2057.4375 -46.086075
v -39.066223 2057.3394 -46.2329
v -38.73053 2061.9412 -48.493404
v -39.066223 2061.8735 -48.656544
v -38.73053 2066.8281 -49.97583
v -39.066223 2066.7935 -50.149017
v -38.73053 2071.9102 -50.476387
v -39.066223 2071.9102 -50.65296
v -38.73053 2076.9927 -49.97583
v -39.066223 2077.0269 -50.149017
v -38.73053 2081.8794 -48.4934
v -39.066223 2081.947 -48.65654
v -38.73053 2086.3833 -46.08607
v -39.066223 2086.4814 -46.23289
v -38.73053 2090.3308 -42.84635
v -39.066223 2090.4556 -42.971214
v -38.73053 2093.5706 -38.898735
v -39.066223 2093.7173 -38.99684
v -38.73053 2095.978 -34.394936
v -39.066223 2096.141 -34.462517
v -38.73053 2097.4604 -29.508038
v -39.066223 2097.6335 -29.542486
v -39.066223 2098.1375 -24.425821
v -39.066223 2097.6335 -19.309162
v -39.34552 2098.3489 -24.425821
v -39.066223 2096.141 -14.389134
v -39.34552 2097.8408 -19.267902
v -39.34552 2096.3364 -14.308206
v -39.066223 2093.7173 -9.854806
v -39.34552 2093.893 -9.737313
v -39.34552 2090.6052 -5.730892
v -39.34552 2086.5986 -2.442911
v -39.534485 2090.7744 -5.561813
v -39.34552 2082.0278 0.00028
v -39.534485 2086.7317 -2.244097
v -39.534485 2082.1194 0.221193
v -39.34552 2077.0684 1.50478
v -39.534485 2077.1147 1.739304
v -39.34552 2071.9102 2.012796
v -39.534485 2071.9102 2.251909
v -39.34552 2066.7524 1.504782
v -39.534485 2066.7056 1.739305
v -39.34552 2061.7927 0.000267
v -39.534485 2061.7012 0.22118
v -39.34552 2057.2217 -2.442921
v -39.534485 2057.0889 -2.244106
v -39.34552 2053.2153 -5.730909
v -39.534485 2053.0464 -5.561831
v -39.34552 2049.9275 -9.737317
v -39.534485 2049.7285 -9.60447
v -39.34552 2047.4841 -14.308206
v -39.534485 2047.2632 -14.216706
v -39.34552 2045.9797 -19.26791
v -39.534485 2045.7451 -19.221262
v -39.34552 2045.4717 -24.425827
v -39.534485 2045.2327 -24.425827
v -39.34552 2045.9797 -29.583746
v -39.534485 2045.7451 -29.630396
v -39.34552 2047.4841 -34.54345
v -39.534485 2047.2632 -34.634956
v -39.34552 2049.9275 -39.11434
v -39.534485 2049.7285 -39.247185
v -39.34552 2053.2153 -43.120758
v -39.534485 2053.0464 -43.289833
v -39.34552 2057.2217 -46.408737
v -39.534485 2057.0889 -46.607555
v -39.34552 2061.7927 -48.851925
v -39.534485 2061.7012 -49.072838
v -39.34552 2066.7524 -50.356438
v -39.534485 2066.7056 -50.590958
v -39.34552 2071.9102 -50.86444
v -39.534485 2071.9102 -51.103554
v -39.34552 2077.0684 -50.356438
v -39.534485 2077.1147 -50.59095
v -39.34552 2082.0278 -48.85192
v -39.534485 2082.1194 -49.072834
v -39.34552 2086.5989 -46.408733
v -39.534485 2086.7317 -46.607548
v -39.34552 2090.6052 -43.12075
v -39.534485 2090.7744 -43.289833
v -39.34552 2093.893 -39.114334
v -39.534485 2094.092 -39.247177
v -39.34552 2096.3364 -34.54344
v -39.534485 2096.5571 -34.63495
v -39.34552 2097.8408 -29.583744
v -39.534485 2098.0754 -29.630394
v -39.534485 2098.5881 -24.425821
v -39.534485 2098.0754 -19.221254
v -39.598694 2098.8477 -24.425821
v -39.534485 2096.5571 -14.216702
v -39.598694 2098.33 -19.170635
v -39.598694 2096.7969 -14.117401
v -39.534485 2094.092 -9.60447
v -39.598694 2094.3079 -9.460309
v -39.598694 2090.9578 -5.37834
v -39.598694 2086.8757 -2.028353
v -39.53009 2092.372 -3.964081
v -39.598694 2082.2188 0.460917
v -39.53009 2087.9868 -0.365362
v -39.53009 2082.9841 2.308729
v -39.598694 2077.1655 1.993792
v -39.53009 2077.5557 3.95542
v -39.598694 2071.9102 2.511383
v -39.53009 2071.9102 4.511442
v -39.598694 2066.655 1.993792
v -39.53009 2066.265 3.95542
v -39.598694 2061.6018 0.460903
v -39.53009 2060.8364 2.308716
v -39.598694 2056.9448 -2.028362
v -39.53009 2055.8335 -0.365368
v -39.598694 2052.8628 -5.378355
v -39.53009 2051.4485 -3.964094
v -39.598694 2049.513 -9.460313
v -39.53009 2047.8499 -8.349142
v -39.598694 2047.0236 -14.117406
v -39.53009 2045.1758 -13.352015
v -39.598694 2045.4907 -19.170643
v -39.53009 2043.529 -18.780449
v -39.598694 2044.9731 -24.425827
v -39.53009 2042.973 -24.425827
v -39.598694 2045.4907 -29.681017
v -39.53009 2043.529 -30.071209
v -39.598694 2047.0236 -34.734253
v -39.53009 2045.1758 -35.499645
v -39.598694 2049.513 -39.391342
v -39.53009 2047.8499 -40.502518
v -39.598694 2052.8628 -43.473312
v -39.53009 2051.4485 -44.887566
v -39.598694 2056.9448 -46.8233
v -39.53009 2055.8335 -48.486286
v -39.598694 2061.6018 -49.31256
v -39.53009 2060.8364 -51.160374
v -39.598694 2066.655 -50.845444
v -39.53009 2066.265 -52.807076
v -39.598694 2071.9102 -51.36303
v -39.53009 2071.9102 -53.36309
v -39.598694 2077.1655 -50.845444
v -39.53009 2077.5557 -52.807068
v -39.598694 2082.2188 -49.312557
v -39.53009 2082.9841 -51.160374
v -39.598694 2086.876 -46.82329
v -39.53009 2087.9868 -48.486286
v -39.598694 2090.9578 -43.473305
v -39.53009 2092.372 -44.887566
v -39.598694 2094.3079 -39.391335
v -39.53009 2095.9707 -40.50251
v -39.598694 2096.7969 -34.734245
v -39.53009 2098.645 -35.499634
v -39.598694 2098.33 -29.681015
v -39.53009 2100.2915 -30.071205
v -39.53009 2100.8477 -24.425821
v -39.53009 2100.2915 -18.780441
v -39.258118 2102.6885 -24.42582
v -39.53009 2098.645 -13.352013
v -39.258118 2102.0972 -18.421299
v -39.258118 2100.3457 -12.647542
v -39.53009 2095.9707 -8.349142
v -39.258118 2097.5015 -7.326399
v -39.258118 2093.6738 -2.662384
v -39.258118 2089.0098 1.16527
v -38.60504 2094.864 -1.472162
v -39.258118 2083.6885 4.009478
v -38.60504 2089.9448 2.564827
v -38.60504 2084.3328 5.564577
v -39.258118 2077.9148 5.760923
v -38.60504 2078.2432 7.411816
v -39.258118 2071.9102 6.352314
v -38.60504 2071.9102 8.035555
v -39.258118 2065.9058 5.760921
v -38.60504 2065.5774 7.411812
v -39.258118 2060.132 4.009468
v -38.60504 2059.4878 5.564571
v -39.258118 2054.811 1.16526
v -38.60504 2053.8757 2.564816
v -39.258118 2050.147 -2.662405
v -38.60504 2048.9565 -1.472176
v -39.258118 2046.3192 -7.326401
v -38.60504 2044.9197 -6.391251
v -39.258118 2043.4751 -12.647542
v -38.60504 2041.9199 -12.003396
v -39.258118 2041.7235 -18.421314
v -38.60504 2040.0726 -18.09293
v -39.258118 2041.1321 -24.425829
v -38.60504 2039.449 -24.425829
v -39.258118 2041.7236 -30.430344
v -38.60504 2040.0726 -30.758728
v -39.258118 2043.4751 -36.204117
v -38.60504 2041.9199 -36.848263
v -39.258118 2046.3192 -41.525246
v -38.60504 2044.9197 -42.460403
v -39.258118 2050.147 -46.189262
v -38.60504 2048.9565 -47.379486
v -39.258118 2054.811 -50.016922
v -38.60504 2053.8757 -51.41648
v -39.258118 2060.132 -52.861126
v -38.60504 2059.4878 -54.41623
v -39.258118 2065.9058 -54.61258
v -38.60504 2065.5774 -56.26347
v -39.258118 2071.9102 -55.20397
v -38.60504 2071.9102 -56.8872
v -39.258118 2077.9148 -54.61257
v -38.60504 2078.2432 -56.263462
v -39.258118 2083.6885 -52.861126
v -38.60504 2084.3328 -54.41623
v -39.258118 2089.0098 -50.016914
v -38.60504 2089.9448 -51.416466
v -39.258118 2093.6738 -46.189262
v -38.60504 2094.864 -47.379486
v -39.258118 2097.5015 -41.525246
v -38.60504 2098.901 -42.460396
v -39.258118 2100.3457 -36.204105
v -38.60504 2101.9006 -36.84825
v -39.258118 2102.0972 -30.43034
v -38.60504 2103.748 -30.758722
v -38.60504 2104.3716 -24.42582
v -38.60504 2103.748 -18.092918
v -37.61798 2105.8516 -24.42582
v -38.60504 2101.9006 -12.003396
v -37.61798 2105.1992 -17.804218
v -37.61798 2103.268 -11.437097
v -38.60504 2098.901 -6.391249
v -37.61798 2100.1313 -5.569105
v -37.61798 2095.9102 -0.42577
v -37.61798 2090.767 3.79525
v -36.3443 2096.7805 0.444422
v -37.61798 2084.899 6.931757
v -36.3443 2091.4507 4.818493
v -36.3443 2085.37 8.06872
v -37.61798 2078.532 8.863195
v -36.3443 2078.772 10.070189
v -37.61798 2071.9102 9.515368
v -36.3443 2071.9102 10.746008
v -37.61798 2065.2888 8.863199
v -36.3443 2065.0486 10.070189
v -37.61798 2058.9216 6.93174
v -36.3443 2058.4507 8.068708
v -37.61798 2053.0537 3.79524
v -36.3443 2052.3699 4.818476
v -37.61798 2047.9103 -0.425787
v -36.3443 2047.04 0.444408
v -37.61798 2043.6892 -5.569107
v -36.3443 2042.666 -4.885399
v -37.61798 2040.5527 -11.437093
v -36.3443 2039.4158 -10.966154
v -37.61798 2038.6212 -17.804234
v -36.3443 2037.4143 -17.564148
v -37.61798 2037.9691 -24.425829
v -36.3443 2036.7385 -24.425829
v -37.61798 2038.6212 -31.047426
v -36.3443 2037.4143 -31.287512
v -37.61798 2040.5527 -37.414566
v -36.3443 2039.4158 -37.88551
v -37.61798 2043.6892 -43.282547
v -36.3443 2042.666 -43.966255
v -37.61798 2047.9103 -48.42588
v -36.3443 2047.04 -49.296074
v -37.61798 2053.0537 -52.646904
v -36.3443 2052.3699 -53.670143
v -37.61798 2058.9216 -55.7834
v -36.3443 2058.4507 -56.920364
v -37.61798 2065.2888 -57.71485
v -36.3443 2065.0486 -58.921844
v -37.61798 2071.9102 -58.36702
v -36.3443 2071.9102 -59.597656
v -37.61798 2078.532 -57.71485
v -36.3443 2078.772 -58.921837
v -37.61798 2084.899 -55.7834
v -36.3443 2085.37 -56.920364
v -37.61798 2090.767 -52.646896
v -36.3443 2091.4507 -53.670135
v -37.61798 2095.9104 -48.425873
v -36.3443 2096.7805 -49.296066
v -37.61798 2100.1313 -43.28254
v -36.3443 2101.1548 -43.966248
v -37.61798 2103.268 -37.414555
v -36.3443 2104.4048 -37.885498
v -37.61798 2105.1992 -31.04742
v -36.3443 2106.4063 -31.287506
v -36.3443 2107.082 -24.42582
v -36.3443 2106.4063 -17.564133
v -34.83136 2108.0178 -24.42582
v -36.3443 2104.4048 -10.966148
v -34.83136 2107.3242 -17.381588
v -34.83136 2105.2693 -10.60807
v -36.3443 2101.1548 -4.885397
v -34.831604 2101.9326 -4.365555
v -34.831604 2097.4421 1.106058
v -34.831604 2091.9707 5.596495
v -33.12677 2097.8628 1.52677
v -34.831604 2085.728 8.933184
v -33.12677 2092.3013 6.0912
v -33.12677 2085.9556 9.482874
v -34.831604 2078.9546 10.987906
v -33.12677 2079.0706 11.571451
v -34.831604 2071.9102 11.681704
v -33.12677 2071.9102 12.276686
v -34.831604 2064.866 10.987906
v -33.12677 2064.75 11.571455
v -34.831604 2058.0925 8.933176
v -33.12677 2057.8647 9.482862
v -34.831604 2051.85 5.596481
v -33.12677 2051.5195 6.091185
v -34.831604 2046.3784 1.106041
v -33.12677 2045.9578 1.526756
v -34.831604 2041.888 -4.365561
v -33.12677 2041.3933 -4.035009
v -34.83136 2038.5513 -10.608076
v -33.12677 2038.0016 -10.380388
v -34.83136 2036.4966 -17.381601
v -33.12677 2035.9131 -17.265528
v -34.83136 2035.8027 -24.425829
v -33.12677 2035.2078 -24.425829
v -34.83136 2036.4966 -31.470058
v -33.12677 2035.9131 -31.586132
v -34.83136 2038.5513 -38.24358
v -33.12677 2038.0016 -38.47127
v -34.83136 2041.888 -44.4861
v -33.12677 2041.3933 -44.81665
v -34.83136 2046.3784 -49.95771
v -33.12677 2045.9578 -50.378418
v -34.83136 2051.85 -54.448143
v -33.12677 2051.5195 -54.94285
v -34.83136 2058.0925 -57.784836
v -33.12677 2057.8647 -58.334526
v -34.83136 2064.866 -59.83956
v -33.12677 2064.75 -60.423103
v -34.83136 2071.9102 -60.533356
v -33.12677 2071.9102 -61.128326
v -34.83136 2078.9546 -59.839554
v -33.12677 2079.0706 -60.423103
v -34.83136 2085.728 -57.78483
v -33.12677 2085.9556 -58.33452
v -34.83136 2091.9707 -54.448135
v -33.12677 2092.3013 -54.94284
v -34.83136 2097.4421 -49.957703
v -33.12677 2097.8628 -50.37841
v -34.83136 2101.9326 -44.48609
v -33.12677 2102.4272 -44.81664
v -34.83136 2105.2693 -38.243572
v -33.12677 2105.8188 -38.47126
v -34.83136 2107.3242 -31.470053
v -33.12677 2107.9077 -31.586126
v -33.12677 2108.6128 -24.42582
v -33.12677 2107.9077 -17.265514
v -31.277649 2108.8213 -24.42582
v -33.12677 2105.8188 -10.380386
v -31.277649 2108.112 -17.224836
v -31.277649 2106.0117 -10.300594
v -33.12677 2102.4272 -4.035004
v -30.938293 2106.0117 -10.300594
v -30.938293 2108.112 -17.224836
v -30.938293 2102.6006 -3.919167
v -30.93805 2108.8213 -24.42582
v -31.277649 2102.6006 -3.919167
v -30.938293 2098.0103 1.6742
v -31.277649 2108.112 -31.626804
v -30.93805 2108.112 -31.6268
v -31.277649 2098.0103 1.6742
v -30.938293 2092.417 6.264559
v -31.277649 2106.0117 -38.55105
v -30.93805 2106.0117 -38.55105
v -31.277649 2092.417 6.264559
v -30.938293 2086.0356 9.675501
v -31.277649 2102.6006 -44.932476
v -30.93805 2102.6006 -44.932476
v -31.277649 2086.0356 9.675501
v -30.938293 2079.1113 11.775938
v -31.277649 2098.0103 -50.52584
v -30.93805 2098.0103 -50.52584
v -31.277649 2079.1113 11.775938
v -30.938293 2071.9102 12.485182
v -31.277649 2092.417 -55.116203
v -30.93805 2092.417 -55.116203
v -31.277649 2071.9102 12.485182
v -30.938293 2064.7095 11.775942
v -31.277649 2086.0356 -58.527138
v -30.93805 2086.0356 -58.527138
v -31.277649 2064.7095 11.775942
v -30.938293 2057.7852 9.675489
v -31.277649 2079.1113 -60.627594
v -30.93805 2079.1113 -60.627594
v -31.277649 2057.7852 9.675489
v -30.938293 2051.4036 6.26454
v -31.277649 2071.9102 -61.336823
v -30.93805 2071.9102 -61.336823
v -31.277649 2051.4036 6.26454
v -30.938293 2045.8103 1.674185
v -31.277649 2064.7095 -60.627594
v -30.93805 2064.7095 -60.627594
v -31.277649 2045.8103 1.674185
v -30.938293 2041.22 -3.919172
v -31.277649 2057.7852 -58.527145
v -30.93805 2057.7852 -58.527145
v -31.277649 2041.22 -3.919172
v -30.938293 2037.809 -10.3006
v -31.277649 2051.4036 -55.116203
v -30.93805 2051.4036 -55.116203
v -31.277649 2037.809 -10.3006
v -30.938293 2035.7085 -17.224854
v -31.277649 2045.8103 -50.52585
v -30.93805 2045.8103 -50.52585
v -31.277649 2035.7085 -17.224854
v -30.93805 2034.9993 -24.425829
v -31.277649 2041.22 -44.932487
v -30.93805 2041.22 -44.932487
v -31.277649 2034.9993 -24.425829
v -30.93805 2035.7085 -31.62681
v -31.277649 2037.809 -38.55106
v -30.93805 2037.809 -38.55106
v -31.277649 2035.7085 -31.62681
v 973.8937 2046.0334 -24.425827
v 980.89185 2046.6033 -29.459734
v 980.89185 2046.1074 -24.425827
v 973.8937 2046.5306 -29.474176
v 973.8937 2046.5306 -19.377478
v 980.89185 2048.0715 -34.3002
v 973.8937 2048.0032 -34.32853
v 980.89185 2046.6033 -19.39192
v 973.8937 2048.0032 -14.523129
v 980.89185 2050.456 -38.761185
v 973.8937 2050.3945 -38.802315
v 980.89185 2048.0715 -14.551461
v 973.8937 2050.3945 -10.049336
v 980.89185 2053.665 -42.67128
v 973.8937 2053.6128 -42.723625
v 980.89185 2050.456 -10.09047
v 973.8937 2053.6125 -6.128035
v 980.89185 2057.5752 -45.88021
v 973.8937 2057.534 -45.941765
v 980.89185 2053.665 -6.180384
v 973.8937 2057.534 -2.909893
v 980.89185 2062.0361 -48.26466
v 973.8937 2062.0078 -48.333054
v 980.89185 2057.5752 -2.971451
v 973.8937 2062.0076 -0.5186
v 980.89185 2066.8765 -49.732994
v 973.8937 2066.862 -49.805603
v 980.89185 2062.0361 -0.586998
v 973.8937 2066.862 0.953951
v 980.89185 2071.9104 -50.22879
v 973.8937 2071.9104 -50.302826
v 980.89185 2066.8765 0.881342
v 973.8937 2071.9104 1.451172
v 980.89185 2076.9443 -49.732994
v 973.8937 2076.9587 -49.805603
v 980.89185 2071.9104 1.37714
v 973.8937 2076.9587 0.953949
v 980.89185 2081.7847 -48.264656
v 973.8937 2081.813 -48.33305
v 980.89185 2076.9443 0.88134
v 973.8937 2081.813 -0.518591
v 980.89185 2086.2458 -45.880203
v 973.8937 2086.2869 -45.94176
v 980.89185 2081.7847 -0.586988
v 973.8937 2086.2869 -2.909883
v 980.89185 2090.1558 -42.671272
v 973.8937 2090.2083 -42.723625
v 980.89185 2086.2458 -2.971441
v 973.8937 2090.2083 -6.128017
v 980.89185 2093.3647 -38.761185
v 973.8937 2093.4263 -38.802315
v 980.89185 2090.1558 -6.18037
v 973.8937 2093.4263 -10.049333
v 980.89185 2095.749 -34.300194
v 973.8937 2095.8176 -34.32852
v 980.89185 2093.3647 -10.090466
v 973.8937 2095.8176 -14.523129
v 980.89185 2097.2175 -29.459736
v 973.8937 2097.29 -29.474174
v 980.89185 2095.749 -14.551457
v 973.8937 2097.29 -19.37747
v 980.89185 2097.7134 -24.425821
v 973.8937 2097.7874 -24.425821
v 980.89185 2097.2175 -19.391914
v 981.19324 2097.7417 -24.425821
v 981.19324 2097.245 -19.386404
v 981.19324 2095.7754 -14.540654
v 981.19324 2093.3882 -10.074777
v 981.19324 2090.1758 -6.160404
v 981.19324 2086.2612 -2.947962
v 981.54004 2090.2358 -6.10033
v 981.19324 2081.7957 -0.560904
v 981.54004 2086.3086 -2.877325
v 981.54004 2081.8281 -0.482416
v 981.19324 2076.9497 0.909035
v 981.54004 2076.9663 0.992355
v 981.19324 2071.9104 1.405375
v 981.54004 2071.9104 1.49033
v 981.19324 2066.871 0.909037
v 981.54004 2066.8545 0.992357
v 981.19324 2062.0254 -0.560913
v 981.54004 2061.9927 -0.482426
v 981.19324 2057.5593 -2.947971
v 981.54004 2057.5122 -2.877335
v 981.19324 2053.645 -6.160418
v 981.54004 2053.585 -6.100344
v 981.19324 2050.4326 -10.07478
v 981.54004 2050.3618 -10.027581
v 981.19324 2048.0454 -14.540654
v 981.54004 2047.967 -14.508145
v 981.19324 2046.5756 -19.386412
v 981.54004 2046.4922 -19.369839
v 981.19324 2046.0792 -24.425827
v 981.54004 2045.9943 -24.425827
v 981.19324 2046.5756 -29.465242
v 981.54004 2046.4922 -29.48182
v 981.19324 2048.0454 -34.310997
v 981.54004 2047.967 -34.343513
v 981.19324 2050.4326 -38.77688
v 981.54004 2050.3618 -38.824074
v 981.19324 2053.645 -42.691246
v 981.54004 2053.585 -42.75132
v 981.19324 2057.5593 -45.903687
v 981.54004 2057.5122 -45.974323
v 981.19324 2062.0254 -48.29074
v 981.54004 2061.9927 -48.369232
v 981.19324 2066.871 -49.76069
v 981.54004 2066.8545 -49.84401
v 981.19324 2071.9104 -50.257027
v 981.54004 2071.9104 -50.34198
v 981.19324 2076.9497 -49.76069
v 981.54004 2076.9663 -49.84401
v 981.19324 2081.7957 -48.290737
v 981.54004 2081.8281 -48.36923
v 981.19324 2086.2612 -45.903683
v 981.54004 2086.3086 -45.97432
v 981.19324 2090.1758 -42.69124
v 981.54004 2090.2358 -42.751312
v 981.19324 2093.3882 -38.77687
v 981.54004 2093.459 -38.824066
v 981.19324 2095.7754 -34.31099
v 981.54004 2095.854 -34.343506
v 981.19324 2097.245 -29.465244
v 981.54004 2097.3286 -29.481817
v 981.54004 2097.8267 -24.425821
v 981.54004 2097.3286 -19.36983
v 981.8983 2097.961 -24.425821
v 981.54004 2095.854 -14.508142
v 981.8983 2097.4604 -19.343607
v 981.8983 2095.978 -14.456712
v 981.54004 2093.459 -10.027577
v 981.8983 2093.5708 -9.952909
v 981.8983 2090.331 -6.005297
v 981.8983 2086.3833 -2.76557
v 982.23413 2090.4558 -5.880436
v 981.8983 2081.8794 -0.35824
v 982.23413 2086.4814 -2.618753
v 982.23413 2081.947 -0.195105
v 981.8983 2076.9927 1.124176
v 982.23413 2077.027 1.297359
v 981.8983 2071.9104 1.624733
v 982.23413 2071.9104 1.801313
v 981.8983 2066.8281 1.124178
v 982.23413 2066.7937 1.297365
v 981.8983 2061.9412 -0.358253
v 982.23413 2061.8738 -0.195118
v 981.8983 2057.4375 -2.765583
v 982.23413 2057.3394 -2.618759
v 981.8983 2053.4897 -6.005308
v 982.23413 2053.365 -5.880449
v 981.8983 2050.25 -9.952912
v 982.23413 2050.1033 -9.85481
v 981.8983 2047.8428 -14.456712
v 982.23413 2047.6797 -14.389138
v 981.8983 2046.3604 -19.343618
v 982.23413 2046.1873 -19.309166
v 981.8983 2045.8599 -24.425827
v 982.23413 2045.6833 -24.425827
v 981.8983 2046.3604 -29.50804
v 982.23413 2046.1873 -29.542486
v 981.8983 2047.8428 -34.394943
v 982.23413 2047.6797 -34.462517
v 981.8983 2050.25 -38.898743
v 982.23413 2050.1033 -38.99685
v 981.8983 2053.4897 -42.84636
v 982.23413 2053.365 -42.971214
v 981.8983 2057.4375 -46.086075
v 982.23413 2057.3394 -46.2329
v 981.8983 2061.9412 -48.493404
v 982.23413 2061.8738 -48.656544
v 981.8983 2066.8281 -49.97583
v 982.23413 2066.7937 -50.149017
v 981.8983 2071.9104 -50.476387
v 982.23413 2071.9104 -50.65296
v 981.8983 2076.9927 -49.97583
v 982.23413 2077.027 -50.149017
v 981.8983 2081.8794 -48.4934
v 982.23413 2081.947 -48.65654
v 981.8983 2086.3833 -46.08607
v 982.23413 2086.4814 -46.23289
v 981.8983 2090.331 -42.84635
v 982.23413 2090.4558 -42.971214
v 981.8983 2093.5708 -38.898735
v 982.23413 2093.7175 -38.99684
v 981.8983 2095.978 -34.394936
v 982.23413 2096.141 -34.462517
v 981.8983 2097.4604 -29.508038
v 982.23413 2097.6338 -29.542486
v 982.23413 2098.1377 -24.425821
v 982.23413 2097.6338 -19.309162
v 982.5133 2098.349 -24.425821
v 982.23413 2096.141 -14.389134
v 982.5133 2097.8408 -19.267902
v 982.5133 2096.3364 -14.308206
v 982.23413 2093.7175 -9.854806
v 982.5133 2093.8933 -9.737313
v 982.5133 2090.6055 -5.730892
v 982.5133 2086.5989 -2.442911
v 982.70215 2090.7744 -5.561813
v 982.5133 2082.028 0.00028
v 982.70215 2086.732 -2.244097
v 982.70215 2082.1196 0.221193
v 982.5133 2077.0684 1.50478
v 982.70215 2077.115 1.739304
v 982.5133 2071.9104 2.012796
v 982.70215 2071.9104 2.251909
v 982.5133 2066.7524 1.504782
v 982.70215 2066.7058 1.739305
v 982.5133 2061.7927 0.000267
v 982.70215 2061.7012 0.22118
v 982.5133 2057.222 -2.442921
v 982.70215 2057.089 -2.244106
v 982.5133 2053.2156 -5.730909
v 982.70215 2053.0464 -5.561831
v 982.5133 2049.9275 -9.737317
v 982.70215 2049.7285 -9.60447
v 982.5133 2047.4843 -14.308206
v 982.70215 2047.2634 -14.216706
v 982.5133 2045.9797 -19.26791
v 982.70215 2045.7452 -19.221262
v 982.5133 2045.4717 -24.425827
v 982.70215 2045.2327 -24.425827
v 982.5133 2045.9797 -29.583746
v 982.70215 2045.7452 -29.630396
v 982.5133 2047.4843 -34.54345
v 982.70215 2047.2634 -34.634956
v 982.5133 2049.9275 -39.11434
v 982.70215 2049.7285 -39.247185
v 982.5133 2053.2156 -43.120758
v 982.70215 2053.0464 -43.289833
v 982.5133 2057.222 -46.408737
v 982.70215 2057.089 -46.607555
v 982.5133 2061.7927 -48.851925
v 982.70215 2061.7012 -49.072838
v 982.5133 2066.7524 -50.356438
v 982.70215 2066.7058 -50.590958
v 982.5133 2071.9104 -50.86444
v 982.70215 2071.9104 -51.103554
v 982.5133 2077.0684 -50.356438
v 982.70215 2077.115 -50.59095
v 982.5133 2082.028 -48.85192
v 982.70215 2082.1196 -49.072834
v 982.5133 2086.599 -46.408733
v 982.70215 2086.732 -46.607548
v 982.5133 2090.6055 -43.12075
v 982.70215 2090.7744 -43.289833
v 982.5133 2093.8933 -39.114334
v 982.70215 2094.0923 -39.247177
v 982.5133 2096.3364 -34.54344
v 982.70215 2096.5574 -34.63495
v 982.5133 2097.8408 -29.583744
v 982.70215 2098.0757 -29.630394
v 982.70215 2098.5881 -24.425821
v 982.70215 2098.0757 -19.221254
v 982.7665 2098.8477 -24.425821
v 982.70215 2096.5574 -14.216702
v 982.7665 2098.33 -19.170635
v 982.7665 2096.797 -14.117401
v 982.70215 2094.0923 -9.60447
v 982.7665 2094.3079 -9.460309
v 982.7665 2090.958 -5.37834
v 982.7665 2086.876 -2.028353
v 982.69775 2092.372 -3.964081
v 982.7665 2082.2188 0.460917
v 982.69775 2087.987 -0.365362
v 982.69775 2082.9844 2.308729
v 982.7665 2077.1655 1.993792
v 982.69775 2077.5557 3.95542
v 982.7665 2071.9104 2.511383
v 982.69775 2071.9104 4.511442
v 982.7665 2066.6553 1.993792
v 982.69775 2066.2651 3.95542
v 982.7665 2061.602 0.460903
v 982.69775 2060.8364 2.308716
v 982.7665 2056.9448 -2.028362
v 982.69775 2055.8337 -0.365368
v 982.7665 2052.8628 -5.378355
v 982.69775 2051.4487 -3.964094
v 982.7665 2049.513 -9.460313
v 982.69775 2047.8499 -8.349142
v 982.7665 2047.0237 -14.117406
v 982.69775 2045.1758 -13.352015
v 982.7665 2045.4907 -19.170643
v 982.69775 2043.529 -18.780449
v 982.7665 2044.9731 -24.425827
v 982.69775 2042.9731 -24.425827
v 982.7665 2045.4907 -29.681017
v 982.69775 2043.529 -30.071209
v 982.7665 2047.0237 -34.734253
v 982.69775 2045.1758 -35.499645
v 982.7665 2049.513 -39.391342
v 982.69775 2047.8499 -40.502518
v 982.7665 2052.8628 -43.473312
v 982.69775 2051.4487 -44.887566
v 982.7665 2056.9448 -46.8233
v 982.69775 2055.8337 -48.486286
v 982.7665 2061.602 -49.31256
v 982.69775 2060.8364 -51.160374
v 982.7665 2066.6553 -50.845444
v 982.69775 2066.2651 -52.807076
v 982.7665 2071.9104 -51.36303
v 982.69775 2071.9104 -53.36309
v 982.7665 2077.1655 -50.845444
v 982.69775 2077.5557 -52.807068
v 982.7665 2082.2188 -49.312557
v 982.69775 2082.9844 -51.160374
v 982.7665 2086.876 -46.82329
v 982.69775 2087.987 -48.486286
v 982.7665 2090.958 -43.473305
v 982.69775 2092.372 -44.887566
v 982.7665 2094.3079 -39.391335
v 982.69775 2095.9707 -40.50251
v 982.7665 2096.797 -34.734245
v 982.69775 2098.645 -35.499634
v 982.7665 2098.33 -29.681015
v 982.69775 2100.2915 -30.071205
v 982.69775 2100.8477 -24.425821
v 982.69775 2100.2915 -18.780441
v 982.4259 2102.6885 -24.42582
v 982.69775 2098.645 -13.352013
v 982.4259 2102.0972 -18.421299
v 982.4259 2100.3457 -12.647542
v 982.69775 2095.9707 -8.349142
v 982.4259 2097.5015 -7.326399
v 982.4259 2093.6738 -2.662384
v 982.4259 2089.0098 1.16527
v 981.7728 2094.8643 -1.472162
v 982.4259 2083.6885 4.009478
v 981.7728 2089.9448 2.564827
v 981.7728 2084.3328 5.564577
v 982.4259 2077.915 5.760923
v 981.7728 2078.2432 7.411816
v 982.4259 2071.9104 6.352314
v 981.7728 2071.9104 8.035555
v 982.4259 2065.906 5.760921
v 981.7728 2065.5774 7.411812
v 982.4259 2060.132 4.009468
v 981.7728 2059.488 5.564571
v 982.4259 2054.811 1.16526
v 981.7728 2053.876 2.564816
v 982.4259 2050.147 -2.662405
v 981.7728 2048.9568 -1.472176
v 982.4259 2046.3193 -7.326401
v 981.7728 2044.9197 -6.391251
v 982.4259 2043.4751 -12.647542
v 981.7728 2041.9199 -12.003396
v 982.4259 2041.7236 -18.421314
v 981.7728 2040.0728 -18.09293
v 982.4259 2041.1322 -24.425829
v 981.7728 2039.449 -24.425829
v 982.4259 2041.7236 -30.430344
v 981.7728 2040.0728 -30.758728
v 982.4259 2043.4751 -36.204117
v 981.7728 2041.9199 -36.848263
v 982.4259 2046.3193 -41.525246
v 981.7728 2044.9197 -42.460403
v 982.4259 2050.147 -46.189262
v 981.7728 2048.9568 -47.379486
v 982.4259 2054.811 -50.016922
v 981.7728 2053.876 -51.41648
v 982.4259 2060.132 -52.861126
v 981.7728 2059.488 -54.41623
v 982.4259 2065.906 -54.61258
v 981.7728 2065.5774 -56.26347
v 982.4259 2071.9104 -55.20397
v 981.7728 2071.9104 -56.8872
v 982.4259 2077.915 -54.61257
v 981.7728 2078.2432 -56.263462
v 982.4259 2083.6887 -52.861126
v 981.7728 2084.3328 -54.41623
v 982.4259 2089.0098 -50.016914
v 981.7728 2089.945 -51.416466
v 982.4259 2093.6738 -46.189262
v 981.7728 2094.8643 -47.379486
v 982.4259 2097.5015 -41.525246
v 981.7728 2098.901 -42.460396
v 982.4259 2100.3457 -36.204105
v 981.7728 2101.901 -36.84825
v 982.4259 2102.0972 -30.43034
v 981.7728 2103.748 -30.758722
v 981.7728 2104.3716 -24.42582
v 981.7728 2103.748 -18.092918
v 980.78564 2105.8516 -24.42582
v 981.7728 2101.901 -12.003396
v 980.78564 2105.1995 -17.804218
v 980.78564 2103.268 -11.437097
v 981.7728 2098.901 -6.391249
v 980.78564 2100.1313 -5.569105
v 980.78564 2095.9104 -0.42577
v 980.78564 2090.767 3.79525
v 979.5121 2096.7808 0.444422
v 980.78564 2084.899 6.931757
v 979.5121 2091.4507 4.818493
v 979.5121 2085.37 8.06872
v 980.78564 2078.532 8.863195
v 979.5121 2078.772 10.070189
v 980.78564 2071.9104 9.515368
v 979.5121 2071.9104 10.746008
v 980.78564 2065.2888 8.863199
v 979.5121 2065.0488 10.070189
v 980.78564 2058.9216 6.93174
v 979.5121 2058.4507 8.068708
v 980.78564 2053.0537 3.79524
v 979.5121 2052.37 4.818476
v 980.78564 2047.9104 -0.425787
v 979.5121 2047.0402 0.444408
v 980.78564 2043.6892 -5.569107
v 979.5121 2042.666 -4.885399
v 980.78564 2040.5527 -11.437093
v 979.5121 2039.4158 -10.966154
v 980.78564 2038.6213 -17.804234
v 979.5121 2037.4143 -17.564148
v 980.78564 2037.9692 -24.425829
v 979.5121 2036.7385 -24.425829
v 980.78564 2038.6213 -31.047426
v 979.5121 2037.4143 -31.287512
v 980.78564 2040.5529 -37.414566
v 979.5121 2039.4158 -37.88551
v 980.78564 2043.6892 -43.282547
v 979.5121 2042.666 -43.966255
v 980.78564 2047.9104 -48.42588
v 979.5121 2047.0402 -49.296074
v 980.78564 2053.0537 -52.646904
v 979.5121 2052.37 -53.670143
v 980.78564 2058.9216 -55.7834
v 979.5121 2058.4507 -56.920364
v 980.78564 2065.2888 -57.71485
v 979.5121 2065.0488 -58.921844
v 980.78564 2071.9104 -58.36702
v 979.5121 2071.9104 -59.597656
v 980.78564 2078.532 -57.71485
v 979.5121 2078.772 -58.921837
v 980.78564 2084.899 -55.7834
v 979.5121 2085.37 -56.920364
v 980.78564 2090.767 -52.646896
v 979.5121 2091.4507 -53.670135
v 980.78564 2095.9104 -48.425873
v 979.5121 2096.7808 -49.296066
v 980.78564 2100.1313 -43.28254
v 979.5121 2101.1548 -43.966248
v 980.78564 2103.268 -37.414555
v 979.5121 2104.4048 -37.885498
v 980.78564 2105.1995 -31.04742
v 979.5121 2106.4063 -31.287506
v 979.5121 2107.0823 -24.42582
v 979.5121 2106.4063 -17.564133
v 977.99915 2108.018 -24.42582
v 979.5121 2104.4048 -10.966148
v 977.99915 2107.3242 -17.381588
v 977.99915 2105.2695 -10.60807
v 979.5121 2101.1548 -4.885397
v 977.99915 2101.9326 -4.365555
v 977.99915 2097.4424 1.106058
v 977.99915 2091.9707 5.596495
v 976.29456 2097.8628 1.52677
v 977.99915 2085.728 8.933184
v 976.29456 2092.3013 6.0912
v 976.29456 2085.9558 9.482874
v 977.99915 2078.9546 10.987906
v 976.29456 2079.0708 11.571451
v 977.99915 2071.9104 11.681704
v 976.29456 2071.9104 12.276686
v 977.99915 2064.8662 10.987906
v 976.29456 2064.75 11.571455
v 977.99915 2058.0928 8.933176
v 976.29456 2057.865 9.482862
v 977.99915 2051.85 5.596481
v 976.29456 2051.5195 6.091185
v 977.99915 2046.3785 1.106041
v 976.29456 2045.9578 1.526756
v 977.99915 2041.8882 -4.365561
v 976.29456 2041.3933 -4.035009
v 977.99915 2038.5514 -10.608076
v 976.29456 2038.0017 -10.380388
v 977.99915 2036.4967 -17.381601
v 976.29456 2035.9131 -17.265528
v 977.99915 2035.8029 -24.425829
v 976.29456 2035.2079 -24.425829
v 977.99915 2036.4967 -31.470058
v 976.29456 2035.9131 -31.586132
v 977.99915 2038.5514 -38.24358
v 976.29456 2038.0017 -38.47127
v 977.99915 2041.8882 -44.4861
v 976.29456 2041.3933 -44.81665
v 977.99915 2046.3785 -49.95771
v 976.29456 2045.9578 -50.378418
v 977.99915 2051.85 -54.448143
v 976.29456 2051.5195 -54.94285
v 977.99915 2058.0928 -57.784836
v 976.29456 2057.865 -58.334526
v 977.99915 2064.8662 -59.83956
v 976.29456 2064.75 -60.423103
v 977.99915 2071.9104 -60.533356
v 976.29456 2071.9104 -61.128326
v 977.99915 2078.9546 -59.839554
v 976.29456 2079.0708 -60.423103
v 977.99915 2085.728 -57.78483
v 976.29456 2085.9558 -58.33452
v 977.99915 2091.9707 -54.448135
v 976.29456 2092.3013 -54.94284
v 977.99915 2097.4424 -49.957703
v 976.29456 2097.863 -50.37841
v 977.99915 2101.9326 -44.48609
v 976.29456 2102.4272 -44.81664
v 977.99915 2105.2695 -38.243572
v 976.29456 2105.819 -38.47126
v 977.99915 2107.3242 -31.470053
v 976.29456 2107.9077 -31.586126
v 976.29456 2108.6128 -24.42582
v 976.29456 2107.9077 -17.265514
v 974.44543 2108.8213 -24.42582
v 976.29456 2105.819 -10.380386
v 974.44543 2108.1123 -17.224836
v 974.44543 2106.0117 -10.300594
v 976.29456 2102.4272 -4.035004
v 974.10583 2106.0117 -10.300594
v 974.10583 2108.1123 -17.224836
v 974.10583 2102.6006 -3.919167
v 974.10583 2108.8213 -24.42582
v 974.44543 2102.6006 -3.919167
v 974.10583 2098.0103 1.6742
v 974.44543 2108.1123 -31.626804
v 974.10583 2108.1123 -31.6268
v 974.44543 2098.0103 1.6742
v 974.10583 2092.417 6.264559
v 974.44543 2106.0117 -38.55105
v 974.10583 2106.0117 -38.55105
v 974.44543 2092.417 6.264559
v 974.10583 2086.0356 9.675501
v 974.44543 2102.6006 -44.932476
v 974.10583 2102.6006 -44.932476
v 974.44543 2086.0356 9.675501
v 974.10583 2079.1113 11.775938
v 974.44543 2098.0103 -50.52584
v 974.10583 2098.0103 -50.52584
v 974.44543 2079.1113 11.775938
v 974.10583 2071.9104 12.485182
v 974.44543 2092.417 -55.116203
v 974.10583 2092.417 -55.116203
v 974.44543 2071.9104 12.485182
v 974.10583 2064.7095 11.775942
v 974.44543 2086.0356 -58.527138
v 974.10583 2086.0356 -58.527138
v 974.44543 2064.7095 11.775942
v 974.10583 2057.7852 9.675489
v 974.44543 2079.1113 -60.627594
v 974.10583 2079.1113 -60.627594
v 974.44543 2057.7852 9.675489
v 974.10583 2051.4038 6.26454
v 974.44543 2071.9104 -61.336823
v 974.10583 2071.9104 -61.336823
v 974.44543 2051.4038 6.26454
v 974.10583 2045.8103 1.674185
v 974.44543 2064.7095 -60.627594
v 974.10583 2064.7095 -60.627594
v 974.44543 2045.8103 1.674185
v 974.10583 2041.22 -3.919172
v 974.44543 2057.7852 -58.527145
v 974.10583 2057.7852 -58.527145
v 974.44543 2041.22 -3.919172
v 974.10583 2037.8091 -10.3006
v 974.44543 2051.4038 -55.116203
v 974.10583 2051.4038 -55.116203
v 974.44543 2037.8091 -10.3006
v 974.10583 2035.7087 -17.224854
v 974.44543 2045.8104 -50.52585
v 974.10583 2045.8104 -50.52585
v 974.44543 2035.7087 -17.224854
v 974.10583 2034.9994 -24.425829
v 974.44543 2041.22 -44.932487
v 974.10583 2041.22 -44.932487
v 974.44543 2034.9994 -24.425829
v 974.10583 2035.7087 -31.62681
v 974.44543 2037.8091 -38.55106
v 974.10583 2037.8091 -38.55106
v 974.44543 2035.7087 -31.62681
v 974.10583 2034.9994 -24.425829
v 973.8937 2046.5306 -29.474176
v 973.8937 2046.0334 -24.425827
v 974.10583 2035.7087 -31.62681
v 974.10583 2035.7087 -17.224854
v 973.8937 2048.0032 -34.32853
v 973.8937 2046.5306 -19.377478
v 974.10583 2037.8091 -38.55106
v 974.10583 2037.8091 -10.3006
v 973.8937 2050.3945 -38.802315
v 973.8937 2048.0032 -14.523129
v 974.10583 2041.22 -44.932487
v 974.10583 2041.22 -3.919172
v 973.8937 2053.6128 -42.723625
v 973.8937 2050.3945 -10.049336
v 974.10583 2045.8104 -50.52585
v 974.10583 2045.8103 1.674185
v 973.8937 2057.534 -45.941765
v 973.8937 2053.6125 -6.128035
v 974.10583 2051.4038 -55.116203
v 974.10583 2051.4038 6.26454
v 973.8937 2062.0078 -48.333054
v 973.8937 2057.534 -2.909893
v 974.10583 2057.7852 -58.527145
v 974.10583 2057.7852 9.675489
v 973.8937 2066.862 -49.805603
v 973.8937 2062.0076 -0.5186
v 974.10583 2064.7095 -60.627594
v 974.10583 2064.7095 11.775942
v 973.8937 2071.9104 -50.302826
v 973.8937 2066.862 0.953951
v 974.10583 2071.9104 -61.336823
v 974.10583 2071.9104 12.485182
v 973.8937 2076.9587 -49.805603
v 973.8937 2071.9104 1.451172
v 974.10583 2079.1113 -60.627594
v 974.10583 2079.1113 11.775938
v 973.8937 2081.813 -48.33305
v 973.8937 2076.9587 0.953949
v 974.10583 2086.0356 -58.527138
v 974.10583 2086.0356 9.675501
v 973.8937 2086.2869 -45.94176
v 973.8937 2081.813 -0.518591
v 974.10583 2092.417 -55.116203
v 974.10583 2092.417 6.264559
v 973.8937 2090.2083 -42.723625
v 973.8937 2086.2869 -2.909883
v 974.10583 2098.0103 -50.52584
v 974.10583 2098.0103 1.6742
v 973.8937 2093.4263 -38.802315
v 973.8937 2090.2083 -6.128017
v 974.10583 2102.6006 -44.932476
v 974.10583 2102.6006 -3.919167
v 973.8937 2095.8176 -34.32852
v 973.8937 2093.4263 -10.049333
v 974.10583 2106.0117 -38.55105
v 974.10583 2106.0117 -10.300594
v 973.8937 2097.29 -29.474174
v 973.8937 2095.8176 -14.523129
v 974.10583 2108.1123 -31.6268
v 974.10583 2108.1123 -17.224836
v 973.8937 2097.7874 -24.425821
v 973.8937 2097.29 -19.37747
v 974.10583 2108.8213 -24.42582
vt 0.991687 0.999997973442
vt 0.991483 0.85053098
vt 0.991483 0.843795
vt 0.991687 0.990391016
vt 0.991687 0.990391016
vt 0.991483 0.82384801
vt 0.991483 0.843795
vt 0.991687 0.961938024
vt 0.991687 0.961938024
vt 0.991483 0.79145497
vt 0.991483 0.82384801
vt 0.991687 0.91573298
vt 0.991687 0.91573298
vt 0.991483 0.74786198
vt 0.991483 0.79145497
vt 0.991687 0.85355198
vt 0.991687 0.85355198
vt 0.991483 0.694744
vt 0.991483 0.74786198
vt 0.991687 0.77778399
vt 0.991687 0.77778399
vt 0.991483 0.63414198
vt 0.991483 0.694744
vt 0.991687 0.69134003
vt 0.991687 0.69134003
vt 0.991483 0.568384
vt 0.991483 0.63414198
vt 0.991687 0.597544
vt 0.991687 0.597544
vt 0.991483 0.499999
vt 0.991483 0.568384
vt 0.991687 0.499999
vt 0.991687 0.499999
vt 0.991483 0.43161404
vt 0.991483 0.499999
vt 0.991687 0.40245402
vt 0.991687 0.40245402
vt 0.991483 0.365856
vt 0.991483 0.43161404
vt 0.991687 0.308658
vt 0.991687 0.308658
vt 0.991483 0.30525398
vt 0.991483 0.365856
vt 0.991687 0.22221398
vt 0.991687 0.222215
vt 0.991483 0.252136
vt 0.991483 0.30525398
vt 0.991687 0.14644599
vt 0.991687 0.14644599
vt 0.991483 0.208543
vt 0.991483 0.252136
vt 0.991687 0.08426499
vt 0.991687 0.08426499
vt 0.991483 0.17614996
vt 0.991483 0.208543
vt 0.991687 0.03806001
vt 0.991687 0.03806001
vt 0.991483 0.15620303
vt 0.991483 0.17614996
vt 0.991687 0.009607017
vt 0.991687 0.009607017
vt 0.991483 0.14946699
vt 0.991483 0.15620303
vt 0.991687 0
vt 0.991483 0.85053098
vt 0.998201 0.84952801
vt 0.998201 0.842812
vt 0.991483 0.843795
vt 0.991483 0.843795
vt 0.998201 0.82292098
vt 0.991483 0.82384801
vt 0.998201 0.842812
vt 0.991483 0.82384801
vt 0.998201 0.790622
vt 0.991483 0.79145497
vt 0.998201 0.82292199
vt 0.991483 0.79145497
vt 0.998201 0.74715298
vt 0.991483 0.74786198
vt 0.998201 0.790622
vt 0.991483 0.74786198
vt 0.998201 0.694187
vt 0.991483 0.694744
vt 0.998201 0.74715298
vt 0.991483 0.694744
vt 0.998201 0.633758
vt 0.991483 0.63414198
vt 0.998201 0.694187
vt 0.991483 0.63414198
vt 0.998201 0.56818902
vt 0.991483 0.568384
vt 0.998201 0.633758
vt 0.991483 0.568384
vt 0.998201 0.499999
vt 0.991483 0.499999
vt 0.998201 0.56818902
vt 0.991483 0.499999
vt 0.998201 0.431809
vt 0.991483 0.43161404
vt 0.998201 0.499999
vt 0.991483 0.43161404
vt 0.998201 0.36624002
vt 0.991483 0.365856
vt 0.998201 0.431809
vt 0.991483 0.365856
vt 0.998201 0.305811
vt 0.991483 0.30525398
vt 0.998201 0.36624002
vt 0.991483 0.30525398
vt 0.998201 0.252845
vt 0.991483 0.252136
vt 0.998201 0.305811
vt 0.991483 0.252136
vt 0.998201 0.20937598
vt 0.991483 0.208543
vt 0.998201 0.252845
vt 0.991483 0.208543
vt 0.998201 0.177077
vt 0.991483 0.17614996
vt 0.998201 0.20937598
vt 0.991483 0.17614996
vt 0.998201 0.15718603
vt 0.991483 0.15620303
vt 0.998201 0.177077
vt 0.991483 0.15620303
vt 0.998201 0.15047002
vt 0.991483 0.14946699
vt 0.998201 0.15718603
vt 0.99849 0.15008801
vt 0.99849 0.156811
vt 0.99849 0.176723
vt 0.99849 0.209059
vt 0.99849 0.25257504
vt 0.99849 0.30559897
vt 0.998823 0.25176096
vt 0.99849 0.366094
vt 0.998823 0.30496
vt 0.998823 0.36565304
vt 0.99849 0.43173504
vt 0.998823 0.43150997
vt 0.99849 0.499999
vt 0.998823 0.499999
vt 0.99849 0.568263
vt 0.998823 0.568488
vt 0.99849 0.63390398
vt 0.998823 0.634345
vt 0.99849 0.694399
vt 0.998823 0.69503897
vt 0.99849 0.747424
vt 0.998823 0.748237
vt 0.99849 0.79093999
vt 0.998823 0.79189599
vt 0.99849 0.82327503
vt 0.998823 0.82433802
vt 0.99849 0.84318697
vt 0.998823 0.844316
vt 0.99849 0.84991002
vt 0.998823 0.85106099
vt 0.99849 0.84318697
vt 0.998823 0.84431499
vt 0.99849 0.82327503
vt 0.998823 0.82433802
vt 0.99849 0.79093999
vt 0.998823 0.79189599
vt 0.99849 0.747424
vt 0.998823 0.748237
vt 0.99849 0.694399
vt 0.998823 0.69503897
vt 0.99849 0.63390398
vt 0.998823 0.634345
vt 0.99849 0.568263
vt 0.998823 0.568488
vt 0.99849 0.499999
vt 0.998823 0.499999
vt 0.99849 0.43173504
vt 0.998823 0.43150997
vt 0.99849 0.366094
vt 0.998823 0.36565304
vt 0.99849 0.30559897
vt 0.998823 0.304959
vt 0.99849 0.25257397
vt 0.998823 0.25176096
vt 0.99849 0.20905799
vt 0.998823 0.20810199
vt 0.99849 0.176723
vt 0.998823 0.17566001
vt 0.99849 0.156811
vt 0.998823 0.15568197
vt 0.998823 0.14893699
vt 0.998823 0.15568298
vt 0.999167 0.147116
vt 0.998823 0.17566001
vt 0.999167 0.15389699
vt 0.999167 0.17397797
vt 0.998823 0.20810199
vt 0.999167 0.20658803
vt 0.999167 0.25047302
vt 0.999167 0.303948
vt 0.999489 0.24878198
vt 0.999167 0.36495697
vt 0.999489 0.30261898
vt 0.999489 0.36404097
vt 0.999167 0.43115497
vt 0.999489 0.43068802
vt 0.999167 0.499999
vt 0.999489 0.499999
vt 0.999167 0.568843
vt 0.999489 0.56931
vt 0.999167 0.635041
vt 0.999489 0.635957
vt 0.999167 0.69605
vt 0.999489 0.697379
vt 0.999167 0.749525
vt 0.999489 0.751216
vt 0.999167 0.79341
vt 0.999489 0.79539901
vt 0.999167 0.82602
vt 0.999489 0.82823002
vt 0.999167 0.84610099
vt 0.999489 0.84844702
vt 0.999167 0.85288203
vt 0.999489 0.85527402
vt 0.999167 0.84610099
vt 0.999489 0.84844702
vt 0.999167 0.82602
vt 0.999489 0.82823002
vt 0.999167 0.79341
vt 0.999489 0.79539901
vt 0.999167 0.749525
vt 0.999489 0.751216
vt 0.999167 0.69605
vt 0.999489 0.697379
vt 0.999167 0.635041
vt 0.999489 0.635957
vt 0.999167 0.568843
vt 0.999489 0.56931
vt 0.999167 0.499999
vt 0.999489 0.499999
vt 0.999167 0.43115497
vt 0.999489 0.43068802
vt 0.999167 0.36495697
vt 0.999489 0.36404097
vt 0.999167 0.303948
vt 0.999489 0.30261898
vt 0.999167 0.25047302
vt 0.999489 0.24878198
vt 0.999167 0.20658803
vt 0.999489 0.20459902
vt 0.999167 0.17397797
vt 0.999489 0.17176801
vt 0.999167 0.15389699
vt 0.999489 0.15155101
vt 0.999489 0.14472401
vt 0.999489 0.15155101
vt 0.999757 0.14186001
vt 0.999489 0.17176801
vt 0.999757 0.148741
vt 0.999757 0.16912103
vt 0.999489 0.20459902
vt 0.999757 0.20221698
vt 0.999757 0.24675602
vt 0.999757 0.301028
vt 0.999938 0.244466
vt 0.999757 0.36294496
vt 0.999938 0.299228
vt 0.999938 0.36170602
vt 0.999757 0.430129
vt 0.999938 0.42949796
vt 0.999757 0.499999
vt 0.999938 0.499999
vt 0.999757 0.56986898
vt 0.999938 0.57050002
vt 0.999757 0.637053
vt 0.999938 0.63829303
vt 0.999757 0.69897097
vt 0.999938 0.70077002
vt 0.999757 0.75324202
vt 0.999938 0.75553203
vt 0.999757 0.79778099
vt 0.999938 0.80047399
vt 0.999757 0.830877
vt 0.999938 0.83386898
vt 0.999757 0.85125703
vt 0.999938 0.85443401
vt 0.999757 0.85813802
vt 0.999938 0.861377
vt 0.999757 0.85125703
vt 0.999938 0.85443401
vt 0.999757 0.830877
vt 0.999938 0.83386898
vt 0.999757 0.79778099
vt 0.999938 0.80047399
vt 0.999757 0.75324202
vt 0.999938 0.75553203
vt 0.999757 0.69897097
vt 0.999938 0.70077002
vt 0.999757 0.637053
vt 0.999938 0.63829303
vt 0.999757 0.56986898
vt 0.999938 0.57050002
vt 0.999757 0.499999
vt 0.999938 0.499999
vt 0.999757 0.430129
vt 0.999938 0.42949796
vt 0.999757 0.36294496
vt 0.999938 0.361705
vt 0.999757 0.301027
vt 0.999938 0.299228
vt 0.999757 0.24675602
vt 0.999938 0.244466
vt 0.999757 0.20221698
vt 0.999938 0.19952399
vt 0.999757 0.16912103
vt 0.999938 0.166129
vt 0.999757 0.148741
vt 0.999938 0.14556402
vt 0.999938 0.13862097
vt 0.999938 0.14556402
vt 1 0.13510597
vt 0.999938 0.166129
vt 1 0.14211702
vt 1 0.16288197
vt 0.999938 0.19952399
vt 1 0.19660103
vt 1 0.24198103
vt 1 0.297275
vt 0.999934 0.22282302
vt 1 0.36036098
vt 0.999934 0.282223
vt 0.999934 0.34999204
vt 1 0.42881203
vt 0.999934 0.423526
vt 1 0.499999
vt 0.999934 0.499999
vt 1 0.571186
vt 0.999934 0.57647198
vt 1 0.639638
vt 0.999934 0.650006
vt 1 0.70272303
vt 0.999934 0.717775
vt 1 0.75801802
vt 0.999934 0.77717501
vt 1 0.803397
vt 0.999934 0.82592398
vt 1 0.837116
vt 0.999934 0.86214697
vt 1 0.85788101
vt 0.999934 0.884453
vt 1 0.864892
vt 0.999934 0.891985
vt 1 0.85788101
vt 0.999934 0.884453
vt 1 0.837116
vt 0.999934 0.86214697
vt 1 0.803397
vt 0.999934 0.82592398
vt 1 0.75801802
vt 0.999934 0.77717501
vt 1 0.70272303
vt 0.999934 0.717775
vt 1 0.639638
vt 0.999934 0.650006
vt 1 0.571186
vt 0.999934 0.57647198
vt 1 0.499999
vt 0.999934 0.499999
vt 1 0.42881203
vt 0.999934 0.423526
vt 1 0.36036003
vt 0.999934 0.34999204
vt 1 0.297275
vt 0.999934 0.282223
vt 1 0.24198103
vt 0.999934 0.22282302
vt 1 0.19660103
vt 0.999934 0.174074
vt 1 0.16288197
vt 0.999934 0.137851
vt 1 0.14211702
vt 0.999934 0.115544975
vt 0.999934 0.108012974
vt 0.999934 0.115544975
vt 0.999673 0.083076
vt 0.999934 0.137851
vt 0.999673 0.09108698
vt 0.999673 0.11481297
vt 0.999934 0.174074
vt 0.999673 0.15333998
vt 0.999673 0.20519
vt 0.999673 0.26836896
vt 0.999046 0.189067
vt 0.999673 0.34045
vt 0.999046 0.25570202
vt 0.999046 0.331724
vt 0.999673 0.418661
vt 0.999046 0.414213
vt 0.999673 0.499999
vt 0.999046 0.499999
vt 0.999673 0.58133698
vt 0.999046 0.58578497
vt 0.999673 0.659549
vt 0.999046 0.668274
vt 0.999673 0.731629
vt 0.999046 0.74429703
vt 0.999673 0.79480797
vt 0.999046 0.81093103
vt 0.999673 0.84665799
vt 0.999046 0.86561602
vt 0.999673 0.88518602
vt 0.999046 0.90625101
vt 0.999673 0.90891099
vt 0.999046 0.931274
vt 0.999673 0.91692197
vt 0.999046 0.939723015
vt 0.999673 0.90891099
vt 0.999046 0.931274
vt 0.999673 0.885185
vt 0.999046 0.90625101
vt 0.999673 0.84665799
vt 0.999046 0.86561602
vt 0.999673 0.79480797
vt 0.999046 0.81093103
vt 0.999673 0.731629
vt 0.999046 0.74429703
vt 0.999673 0.659549
vt 0.999046 0.668274
vt 0.999673 0.58133698
vt 0.999046 0.58578497
vt 0.999673 0.499999
vt 0.999046 0.499999
vt 0.999673 0.418661
vt 0.999046 0.414213
vt 0.999673 0.34044898
vt 0.999046 0.331724
vt 0.999673 0.26836896
vt 0.999046 0.255701
vt 0.999673 0.20519
vt 0.999046 0.189067
vt 0.999673 0.15333998
vt 0.999046 0.13438201
vt 0.999673 0.11481297
vt 0.999046 0.09374702
vt 0.999673 0.09108698
vt 0.999046 0.06872398
vt 0.999046 0.06027502
vt 0.999046 0.06872398
vt 0.998099 0.040229023
vt 0.999046 0.09374702
vt 0.998099 0.04906398
vt 0.998099 0.07522702
vt 0.999046 0.13438201
vt 0.998099 0.11771399
vt 0.998099 0.17489302
vt 0.998099 0.24456501
vt 0.996876 0.16310501
vt 0.998099 0.324053
vt 0.996876 0.23530298
vt 0.996876 0.31767297
vt 0.998099 0.41030204
vt 0.996876 0.40705
vt 0.998099 0.499999
vt 0.996876 0.499999
vt 0.998099 0.589696
vt 0.996876 0.59294802
vt 0.998099 0.67594498
vt 0.996876 0.682325
vt 0.998099 0.75543302
vt 0.996876 0.76469499
vt 0.998099 0.82510501
vt 0.996876 0.83689302
vt 0.998099 0.882283986
vt 0.996876 0.896144986
vt 0.998099 0.92477101
vt 0.996876 0.940172017
vt 0.998099 0.950933993
vt 0.996876 0.967284977
vt 0.998099 0.95976901
vt 0.996876 0.976439
vt 0.998099 0.950933993
vt 0.996876 0.967284024
vt 0.998099 0.92477101
vt 0.996876 0.940172017
vt 0.998099 0.882283986
vt 0.996876 0.896144986
vt 0.998099 0.82510501
vt 0.996876 0.83689302
vt 0.998099 0.75543302
vt 0.996876 0.76469499
vt 0.998099 0.67594498
vt 0.996876 0.682325
vt 0.998099 0.589696
vt 0.996876 0.59294802
vt 0.998099 0.499999
vt 0.996876 0.499999
vt 0.998099 0.41030204
vt 0.996876 0.40705
vt 0.998099 0.324053
vt 0.996876 0.31767297
vt 0.998099 0.24456501
vt 0.996876 0.23530298
vt 0.998099 0.17489302
vt 0.996876 0.16310501
vt 0.998099 0.11771399
vt 0.996876 0.10385299
vt 0.998099 0.07522702
vt 0.996876 0.059826016
vt 0.998099 0.04906398
vt 0.996876 0.03271401
vt 0.996876 0.023558974
vt 0.996876 0.03271401
vt 0.995424 0.010883987
vt 0.996876 0.059826016
vt 0.995424 0.02028203
vt 0.995424 0.04811597
vt 0.996876 0.103854
vt 0.995424 0.093315005
vt 0.995424 0.15414202
vt 0.995424 0.228261
vt 0.993788 0.14844298
vt 0.995424 0.312823
vt 0.993788 0.22378397
vt 0.993788 0.309739
vt 0.995424 0.40457702
vt 0.993788 0.403005
vt 0.995424 0.499999
vt 0.993788 0.499999
vt 0.995424 0.59542102
vt 0.993788 0.59699303
vt 0.995424 0.68717498
vt 0.993788 0.69026
vt 0.995424 0.77173698
vt 0.993788 0.77621502
vt 0.995424 0.84585601
vt 0.993788 0.85155499
vt 0.995424 0.90668303
vt 0.993788 0.913384974
vt 0.995424 0.951882005
vt 0.993788 0.95932901
vt 0.995424 0.979716003
vt 0.993788 0.987621009
vt 0.995424 0.9891139865
vt 0.993788 0.9971740246
vt 0.995424 0.979716003
vt 0.993788 0.987621009
vt 0.995424 0.951882005
vt 0.993788 0.95932901
vt 0.995424 0.90668303
vt 0.993788 0.913384974
vt 0.995424 0.84585601
vt 0.993788 0.85155499
vt 0.995424 0.77173698
vt 0.993788 0.776214
vt 0.995424 0.68717498
vt 0.993788 0.69026
vt 0.995424 0.59542102
vt 0.993788 0.59699303
vt 0.995424 0.499999
vt 0.993788 0.499999
vt 0.995424 0.40457702
vt 0.993788 0.403005
vt 0.995424 0.312823
vt 0.993788 0.30973804
vt 0.995424 0.228261
vt 0.993788 0.22378397
vt 0.995424 0.15414202
vt 0.993788 0.14844298
vt 0.995424 0.093315005
vt 0.993788 0.086613
vt 0.995424 0.04811597
vt 0.993788 0.040669024
vt 0.995424 0.02028203
vt 0.993788 0.012377024
vt 0.993788 0.0028240085
vt 0.993788 0.012377024
vt 0.992013 0
vt 0.993788 0.040669978
vt 0.992013 0.009607017
vt 0.992013 0.03806001
vt 0.993788 0.086613
vt 0.991687 0.03806001
vt 0.991687 0.009607017
vt 0.991687 0.08426499
vt 0.991687 0
vt 0.992013 0.08426499
vt 0.991687 0.14644599
vt 0.992013 0.009607017
vt 0.991687 0.009607017
vt 0.992013 0.14644599
vt 0.991687 0.222215
vt 0.992013 0.03806001
vt 0.991687 0.03806001
vt 0.992013 0.222215
vt 0.991687 0.308658
vt 0.992013 0.08426499
vt 0.991687 0.08426499
vt 0.992013 0.308658
vt 0.991687 0.40245402
vt 0.992013 0.14644599
vt 0.991687 0.14644599
vt 0.992013 0.40245402
vt 0.991687 0.499999
vt 0.992013 0.22221398
vt 0.991687 0.22221398
vt 0.992013 0.499999
vt 0.991687 0.597544
vt 0.992013 0.308658
vt 0.991687 0.308658
vt 0.992013 0.597544
vt 0.991687 0.69134003
vt 0.992013 0.40245402
vt 0.991687 0.40245402
vt 0.992013 0.69134003
vt 0.991687 0.77778399
vt 0.992013 0.499999
vt 0.991687 0.499999
vt 0.992013 0.77778399
vt 0.991687 0.85355198
vt 0.992013 0.597544
vt 0.991687 0.597544
vt 0.992013 0.85355198
vt 0.991687 0.91573298
vt 0.992013 0.69134003
vt 0.991687 0.69134003
vt 0.992013 0.91573298
vt 0.991687 0.961938024
vt 0.992013 0.77778399
vt 0.991687 0.77778399
vt 0.992013 0.961938024
vt 0.991687 0.990391016
vt 0.992013 0.85355198
vt 0.991687 0.85355198
vt 0.992013 0.990391016
vt 0.991687 0.999997973442
vt 0.992013 0.91573298
vt 0.991687 0.91573298
vt 0.992013 0.999997973442
vt 0.991687 0.990391016
vt 0.992013 0.961938024
vt 0.991687 0.961938024
vt 0.992013 0.990391016
vt 0.008517 0.85053301
vt 0.001799 0.84281403
vt 0.001799 0.84952998
vt 0.008517 0.84379703
vt 0.008517 0.84379703
vt 0.001799 0.82292402
vt 0.008517 0.82384998
vt 0.001799 0.84281403
vt 0.008517 0.82384998
vt 0.001799 0.79062402
vt 0.008517 0.791457
vt 0.001799 0.82292402
vt 0.008517 0.791457
vt 0.001799 0.747155
vt 0.008517 0.747864
vt 0.001799 0.79062402
vt 0.008517 0.747864
vt 0.001799 0.694189
vt 0.008517 0.69474602
vt 0.001799 0.747155
vt 0.008517 0.69474602
vt 0.001799 0.63375998
vt 0.008517 0.634144
vt 0.001799 0.694189
vt 0.008517 0.634144
vt 0.001799 0.568191
vt 0.008517 0.56838602
vt 0.001799 0.63375998
vt 0.008517 0.56838602
vt 0.001799 0.500001
vt 0.008517 0.500001
vt 0.001799 0.568191
vt 0.008517 0.500001
vt 0.001799 0.43181098
vt 0.008517 0.431616
vt 0.001799 0.500001
vt 0.008517 0.431616
vt 0.001799 0.366242
vt 0.008517 0.36585796
vt 0.001799 0.43181098
vt 0.008517 0.36585903
vt 0.001799 0.305813
vt 0.008517 0.305256
vt 0.001799 0.366242
vt 0.008517 0.305256
vt 0.001799 0.25284696
vt 0.008517 0.25213802
vt 0.001799 0.305813
vt 0.008517 0.25213802
vt 0.001799 0.20937902
vt 0.008517 0.20854497
vt 0.001799 0.25284696
vt 0.008517 0.20854497
vt 0.001799 0.17707902
vt 0.008517 0.17615199
vt 0.001799 0.20937902
vt 0.008517 0.17615199
vt 0.001799 0.157188
vt 0.008517 0.156205
vt 0.001799 0.17707902
vt 0.008517 0.156205
vt 0.001799 0.15047199
vt 0.008517 0.14946902
vt 0.001799 0.157188
vt 0.00151 0.15008998
vt 0.00151 0.15681303
vt 0.00151 0.17672503
vt 0.00151 0.20906103
vt 0.00151 0.252577
vt 0.00151 0.305601
vt 0.001177 0.251763
vt 0.00151 0.36609602
vt 0.001177 0.30496204
vt 0.001177 0.36565602
vt 0.00151 0.431737
vt 0.001177 0.431512
vt 0.00151 0.500001
vt 0.001177 0.500001
vt 0.00151 0.56826502
vt 0.001177 0.56849003
vt 0.00151 0.633906
vt 0.001177 0.63434702
vt 0.00151 0.69440103
vt 0.001177 0.695041
vt 0.00151 0.74742597
vt 0.001177 0.74824
vt 0.00151 0.79094201
vt 0.001177 0.79189801
vt 0.00151 0.823277
vt 0.001177 0.82433999
vt 0.00151 0.843189
vt 0.001177 0.84431797
vt 0.00151 0.84991199
vt 0.001177 0.85106301
vt 0.00151 0.843189
vt 0.001177 0.84431797
vt 0.00151 0.823277
vt 0.001177 0.82433999
vt 0.00151 0.79094201
vt 0.001177 0.79189801
vt 0.00151 0.74742597
vt 0.001177 0.74823898
vt 0.00151 0.69440103
vt 0.001177 0.695041
vt 0.00151 0.633906
vt 0.001177 0.63434702
vt 0.00151 0.56826502
vt 0.001177 0.56849003
vt 0.00151 0.500001
vt 0.001177 0.500001
vt 0.00151 0.431737
vt 0.001177 0.431512
vt 0.00151 0.36609602
vt 0.001177 0.365655
vt 0.00151 0.305601
vt 0.001177 0.30496097
vt 0.00151 0.252577
vt 0.001177 0.251763
vt 0.00151 0.20906103
vt 0.001177 0.20810401
vt 0.00151 0.17672503
vt 0.001177 0.17566198
vt 0.00151 0.15681303
vt 0.001177 0.15568501
vt 0.001177 0.14893901
vt 0.001177 0.15568501
vt 0.000833 0.14711797
vt 0.001177 0.17566198
vt 0.000833 0.15389901
vt 0.000833 0.17398
vt 0.001177 0.20810401
vt 0.000833 0.20659
vt 0.000833 0.250475
vt 0.000833 0.30395
vt 0.000511 0.248784
vt 0.000833 0.364959
vt 0.000511 0.302621
vt 0.000511 0.364043
vt 0.000833 0.431157
vt 0.000511 0.43069
vt 0.000833 0.500001
vt 0.000511 0.500001
vt 0.000833 0.56884497
vt 0.000511 0.56931198
vt 0.000833 0.63504398
vt 0.000511 0.63595903
vt 0.000833 0.696052
vt 0.000511 0.69738102
vt 0.000833 0.74952698
vt 0.000511 0.75121802
vt 0.000833 0.79341203
vt 0.000511 0.79540098
vt 0.000833 0.82602203
vt 0.000511 0.82823199
vt 0.000833 0.84610301
vt 0.000511 0.84844899
vt 0.000833 0.852884
vt 0.000511 0.85527599
vt 0.000833 0.84610301
vt 0.000511 0.84844899
vt 0.000833 0.82602203
vt 0.000511 0.82823199
vt 0.000833 0.79341203
vt 0.000511 0.79540098
vt 0.000833 0.74952698
vt 0.000511 0.75121802
vt 0.000833 0.696052
vt 0.000511 0.69738102
vt 0.000833 0.63504303
vt 0.000511 0.63595903
vt 0.000833 0.56884497
vt 0.000511 0.56931198
vt 0.000833 0.500001
vt 0.000511 0.500001
vt 0.000833 0.431157
vt 0.000511 0.43069
vt 0.000833 0.364959
vt 0.000511 0.364043
vt 0.000833 0.30395
vt 0.000511 0.302621
vt 0.000833 0.250475
vt 0.000511 0.248784
vt 0.000833 0.20659
vt 0.000511 0.20460099
vt 0.000833 0.17398
vt 0.000511 0.17176998
vt 0.000833 0.15389901
vt 0.000511 0.15155303
vt 0.000511 0.14472598
vt 0.000511 0.15155303
vt 0.000243 0.14186203
vt 0.000511 0.17176998
vt 0.000243 0.14874303
vt 0.000243 0.169123
vt 0.000511 0.20460099
vt 0.000243 0.20221901
vt 0.000243 0.24675798
vt 0.000243 0.30103004
vt 0.000062 0.24446797
vt 0.000243 0.362947
vt 0.000062 0.29922998
vt 0.000062 0.361708
vt 0.000243 0.43013203
vt 0.000062 0.42949998
vt 0.000243 0.500001
vt 0.000062 0.500001
vt 0.000243 0.569871
vt 0.000062 0.570503
vt 0.000243 0.63705498
vt 0.000062 0.638295
vt 0.000243 0.698973
vt 0.000062 0.700772
vt 0.000243 0.75324398
vt 0.000062 0.755534
vt 0.000243 0.79778302
vt 0.000062 0.80047601
vt 0.000243 0.83087897
vt 0.000062 0.833871
vt 0.000243 0.851259
vt 0.000062 0.85443598
vt 0.000243 0.85813999
vt 0.000062 0.86137998
vt 0.000243 0.851259
vt 0.000062 0.85443598
vt 0.000243 0.83087897
vt 0.000062 0.833871
vt 0.000243 0.79778302
vt 0.000062 0.80047601
vt 0.000243 0.75324398
vt 0.000062 0.755534
vt 0.000243 0.698973
vt 0.000062 0.700772
vt 0.000243 0.63705498
vt 0.000062 0.638295
vt 0.000243 0.569871
vt 0.000062 0.570503
vt 0.000243 0.500001
vt 0.000062 0.500001
vt 0.000243 0.43013203
vt 0.000062 0.42949998
vt 0.000243 0.362947
vt 0.000062 0.361708
vt 0.000243 0.30102897
vt 0.000062 0.29922998
vt 0.000243 0.24675798
vt 0.000062 0.24446797
vt 0.000243 0.20221901
vt 0.000062 0.19952601
vt 0.000243 0.169123
vt 0.000062 0.16613102
vt 0.000243 0.14874303
vt 0.000062 0.14556599
vt 0.000062 0.138623
vt 0.000062 0.14556599
vt 0 0.135108
vt 0.000062 0.16613102
vt 0 0.14211899
vt 0 0.162884
vt 0.000062 0.19952601
vt 0 0.196603
vt 0 0.241983
vt 0 0.29727697
vt 0.000066 0.22282499
vt 0 0.360363
vt 0.000066 0.282225
vt 0.000066 0.34999502
vt 0 0.428814
vt 0.000066 0.42352796
vt 0 0.500001
vt 0.000066 0.500001
vt 0 0.57118797
vt 0.000066 0.576474
vt 0 0.63963997
vt 0.000066 0.65000802
vt 0 0.702725
vt 0.000066 0.717777
vt 0 0.75801998
vt 0.000066 0.77717698
vt 0 0.80339903
vt 0.000066 0.825926
vt 0 0.83711898
vt 0.000066 0.862149
vt 0 0.85788298
vt 0.000066 0.884455025
vt 0 0.86489397
vt 0.000066 0.891987026
vt 0 0.85788298
vt 0.000066 0.884455025
vt 0 0.83711898
vt 0.000066 0.862149
vt 0 0.80339903
vt 0.000066 0.825926
vt 0 0.75801998
vt 0.000066 0.77717698
vt 0 0.702725
vt 0.000066 0.717777
vt 0 0.63963997
vt 0.000066 0.65000802
vt 0 0.57118797
vt 0.000066 0.576474
vt 0 0.500001
vt 0.000066 0.500001
vt 0 0.428814
vt 0.000066 0.42352796
vt 0 0.360362
vt 0.000066 0.349994
vt 0 0.29727697
vt 0.000066 0.282225
vt 0 0.241983
vt 0.000066 0.22282499
vt 0 0.196603
vt 0.000066 0.17407602
vt 0 0.162884
vt 0.000066 0.13785303
vt 0 0.14211899
vt 0.000066 0.115547
vt 0.000066 0.108015
vt 0.000066 0.115547
vt 0.000327 0.08307803
vt 0.000066 0.13785303
vt 0.000327 0.09108901
vt 0.000327 0.114815
vt 0.000066 0.17407602
vt 0.000327 0.15334201
vt 0.000327 0.20519197
vt 0.000327 0.268371
vt 0.000954 0.18906903
vt 0.000327 0.34045196
vt 0.000954 0.255704
vt 0.000954 0.331726
vt 0.000327 0.41866302
vt 0.000954 0.41421497
vt 0.000327 0.500001
vt 0.000954 0.500001
vt 0.000327 0.581339
vt 0.000954 0.585787
vt 0.000327 0.65955102
vt 0.000954 0.668276
vt 0.000327 0.73163098
vt 0.000954 0.744299
vt 0.000327 0.79481
vt 0.000954 0.810933
vt 0.000327 0.84666002
vt 0.000954 0.86561799
vt 0.000327 0.88518798
vt 0.000954 0.90625298
vt 0.000327 0.90891302
vt 0.000954 0.93127602
vt 0.000327 0.916924
vt 0.000954 0.93972498
vt 0.000327 0.90891302
vt 0.000954 0.93127602
vt 0.000327 0.88518798
vt 0.000954 0.90625298
vt 0.000327 0.84666002
vt 0.000954 0.86561799
vt 0.000327 0.79481
vt 0.000954 0.810933
vt 0.000327 0.73163098
vt 0.000954 0.744299
vt 0.000327 0.65955102
vt 0.000954 0.668276
vt 0.000327 0.581339
vt 0.000954 0.585787
vt 0.000327 0.500001
vt 0.000954 0.500001
vt 0.000327 0.41866302
vt 0.000954 0.41421497
vt 0.000327 0.34045196
vt 0.000954 0.331726
vt 0.000327 0.268371
vt 0.000954 0.25570297
vt 0.000327 0.20519197
vt 0.000954 0.18906903
vt 0.000327 0.15334201
vt 0.000954 0.13438404
vt 0.000327 0.114815
vt 0.000954 0.09374899
vt 0.000327 0.09108901
vt 0.000954 0.068726
vt 0.000954 0.060276985
vt 0.000954 0.068726
vt 0.001901 0.04023099
vt 0.000954 0.09374899
vt 0.001901 0.049066007
vt 0.001901 0.07522899
vt 0.000954 0.13438404
vt 0.001901 0.11771703
vt 0.001901 0.17489499
vt 0.001901 0.24456704
vt 0.003124 0.16310698
vt 0.001901 0.32405496
vt 0.003124 0.23530501
vt 0.003124 0.317676
vt 0.001901 0.410304
vt 0.003124 0.40705204
vt 0.001901 0.500001
vt 0.003124 0.500001
vt 0.001901 0.58969802
vt 0.003124 0.59295
vt 0.001901 0.675947
vt 0.003124 0.68232697
vt 0.001901 0.755436
vt 0.003124 0.76469702
vt 0.001901 0.82510799
vt 0.003124 0.83689499
vt 0.001901 0.88228601
vt 0.003124 0.89614701
vt 0.001901 0.92477298
vt 0.003124 0.940173984
vt 0.001901 0.950936973
vt 0.003124 0.967287004
vt 0.001901 0.959770977
vt 0.003124 0.976441026
vt 0.001901 0.95093602
vt 0.003124 0.96728599
vt 0.001901 0.92477298
vt 0.003124 0.940173984
vt 0.001901 0.88228601
vt 0.003124 0.89614701
vt 0.001901 0.82510698
vt 0.003124 0.83689499
vt 0.001901 0.75543499
vt 0.003124 0.76469702
vt 0.001901 0.675947
vt 0.003124 0.68232697
vt 0.001901 0.58969802
vt 0.003124 0.59295
vt 0.001901 0.500001
vt 0.003124 0.500001
vt 0.001901 0.410304
vt 0.003124 0.40705204
vt 0.001901 0.32405496
vt 0.003124 0.317675
vt 0.001901 0.24456704
vt 0.003124 0.23530501
vt 0.001901 0.17489499
vt 0.003124 0.16310698
vt 0.001901 0.117716014
vt 0.003124 0.10385597
vt 0.001901 0.07522899
vt 0.003124 0.059827983
vt 0.001901 0.049066007
vt 0.003124 0.032715976
vt 0.003124 0.023561
vt 0.003124 0.032715976
vt 0.004576 0.0108860135
vt 0.003124 0.059827983
vt 0.004576 0.020283997
vt 0.004576 0.048117995
vt 0.003124 0.10385597
vt 0.004576 0.09331703
vt 0.004576 0.154145
vt 0.004576 0.22826302
vt 0.006212 0.14844596
vt 0.004576 0.31282496
vt 0.006212 0.223786
vt 0.006212 0.30974102
vt 0.004576 0.40457904
vt 0.006212 0.40300703
vt 0.004576 0.500001
vt 0.006212 0.500001
vt 0.004576 0.59542298
vt 0.006212 0.596995
vt 0.004576 0.687177
vt 0.006212 0.69026202
vt 0.004576 0.771739
vt 0.006212 0.77621698
vt 0.004576 0.84585798
vt 0.006212 0.85155702
vt 0.004576 0.906684995
vt 0.006212 0.913387
vt 0.004576 0.951884985
vt 0.006212 0.959330976
vt 0.004576 0.97971803
vt 0.006212 0.987622976
vt 0.004576 0.989116013
vt 0.006212 0.9971759915
vt 0.004576 0.97971803
vt 0.006212 0.987622976
vt 0.004576 0.951884985
vt 0.006212 0.959330976
vt 0.004576 0.906684995
vt 0.006212 0.913387
vt 0.004576 0.84585798
vt 0.006212 0.85155702
vt 0.004576 0.771739
vt 0.006212 0.77621698
vt 0.004576 0.687177
vt 0.006212 0.69026202
vt 0.004576 0.59542298
vt 0.006212 0.596995
vt 0.004576 0.500001
vt 0.006212 0.500001
vt 0.004576 0.40457904
vt 0.006212 0.40300703
vt 0.004576 0.31282496
vt 0.006212 0.30974102
vt 0.004576 0.22826302
vt 0.006212 0.223786
vt 0.004576 0.15414399
vt 0.006212 0.14844501
vt 0.004576 0.09331703
vt 0.006212 0.086615026
vt 0.004576 0.048117995
vt 0.006212 0.04067099
vt 0.004576 0.020283997
vt 0.006212 0.012378991
vt 0.006212 0.0028259754
vt 0.006212 0.012378991
vt 0.007987 0.000002026558
vt 0.006212 0.040672004
vt 0.007987 0.009608984
vt 0.007987 0.038061976
vt 0.006212 0.086615026
vt 0.008313 0.038061976
vt 0.008313 0.009608984
vt 0.008313 0.08426702
vt 0.008313 0.000002026558
vt 0.007987 0.08426702
vt 0.008313 0.14644802
vt 0.007987 0.009608984
vt 0.008313 0.009608984
vt 0.007987 0.14644802
vt 0.008313 0.22221696
vt 0.007987 0.038061976
vt 0.008313 0.038061976
vt 0.007987 0.22221696
vt 0.008313 0.30866003
vt 0.007987 0.08426702
vt 0.008313 0.08426702
vt 0.007987 0.30866003
vt 0.008313 0.402456
vt 0.007987 0.14644802
vt 0.008313 0.14644802
vt 0.007987 0.402456
vt 0.008313 0.500001
vt 0.007987 0.22221696
vt 0.008313 0.22221696
vt 0.007987 0.500001
vt 0.008313 0.59754598
vt 0.007987 0.30866003
vt 0.008313 0.30866003
vt 0.007987 0.59754598
vt 0.008313 0.691342
vt 0.007987 0.402456
vt 0.008313 0.402456
vt 0.007987 0.691342
vt 0.008313 0.77778602
vt 0.007987 0.500001
vt 0.008313 0.500001
vt 0.007987 0.77778602
vt 0.008313 0.85355401
vt 0.007987 0.59754598
vt 0.008313 0.59754598
vt 0.007987 0.85355401
vt 0.008313 0.91573501
vt 0.007987 0.691342
vt 0.008313 0.691342
vt 0.007987 0.91573501
vt 0.008313 0.96193999
vt 0.007987 0.77778602
vt 0.008313 0.77778602
vt 0.007987 0.96193999
vt 0.008313 0.990392983
vt 0.007987 0.85355401
vt 0.008313 0.85355401
vt 0.007987 0.990392983
vt 0.008313 1
vt 0.007987 0.91573501
vt 0.008313 0.91573501
vt 0.007987 1
vt 0.008313 0.990392983
vt 0.007987 0.96193999
vt 0.008313 0.96193999
vt 0.007987 0.990392983
vt 0.008313 1
vt 0.008517 0.84379703
vt 0.008517 0.85053301
vt 0.008313 0.990392983
vt 0.008313 0.990392983
vt 0.008517 0.82384998
vt 0.008517 0.84379703
vt 0.008313 0.96193999
vt 0.008313 0.96193999
vt 0.008517 0.791457
vt 0.008517 0.82384998
vt 0.008313 0.91573501
vt 0.008313 0.91573501
vt 0.008517 0.747864
vt 0.008517 0.791457
vt 0.008313 0.85355401
vt 0.008313 0.85355401
vt 0.008517 0.69474602
vt 0.008517 0.747864
vt 0.008313 0.77778602
vt 0.008313 0.77778602
vt 0.008517 0.634144
vt 0.008517 0.69474602
vt 0.008313 0.691342
vt 0.008313 0.691342
vt 0.008517 0.56838602
vt 0.008517 0.634144
vt 0.008313 0.59754598
vt 0.008313 0.59754598
vt 0.008517 0.500001
vt 0.008517 0.56838602
vt 0.008313 0.500001
vt 0.008313 0.500001
vt 0.008517 0.431616
vt 0.008517 0.500001
vt 0.008313 0.402456
vt 0.008313 0.402456
vt 0.008517 0.36585796
vt 0.008517 0.431616
vt 0.008313 0.30866003
vt 0.008313 0.30866003
vt 0.008517 0.305256
vt 0.008517 0.36585903
vt 0.008313 0.22221696
vt 0.008313 0.22221696
vt 0.008517 0.25213802
vt 0.008517 0.305256
vt 0.008313 0.14644802
vt 0.008313 0.14644802
vt 0.008517 0.20854497
vt 0.008517 0.25213802
vt 0.008313 0.08426702
vt 0.008313 0.08426702
vt 0.008517 0.17615199
vt 0.008517 0.20854497
vt 0.008313 0.038061976
vt 0.008313 0.038061976
vt 0.008517 0.156205
vt 0.008517 0.17615199
vt 0.008313 0.009608984
vt 0.008313 0.009608984
vt 0.008517 0.14946902
vt 0.008517 0.156205
vt 0.008313 0.000002026558
vn 0.9998 -0.0192 0
vn 0.9998 -0.0192 0
vn 0.9998 -0.0189 -0.0037
vn 0.9998 -0.0189 -0.0038
vn 0.9998 -0.0189 0.0038
vn 0.9998 -0.0178 -0.0074
vn 0.9998 -0.0189 0.0038
vn 0.9998 -0.0178 -0.0074
vn 0.9998 -0.0178 0.0074
vn 0.9998 -0.016 -0.0107
vn 0.9998 -0.0178 0.0074
vn 0.9998 -0.016 -0.0107
vn 0.9998 -0.016 0.0107
vn 0.9998 -0.0136 -0.0136
vn 0.9998 -0.016 0.0107
vn 0.9998 -0.0136 -0.0136
vn 0.9998 -0.0136 0.0136
vn 0.9998 -0.0107 -0.016
vn 0.9998 -0.0136 0.0136
vn 0.9998 -0.0107 -0.016
vn 0.9998 -0.0107 0.016
vn 0.9998 -0.0074 -0.0178
vn 0.9998 -0.0107 0.016
vn 0.9998 -0.0074 -0.0178
vn 0.9998 -0.0074 0.0178
vn 0.9998 -0.0038 -0.0189
vn 0.9998 -0.0074 0.0178
vn 0.9998 -0.0038 -0.0189
vn 0.9998 -0.0038 0.0189
vn 0.9998 -0 -0.0192
vn 0.9998 -0.0038 0.0189
vn 0.9998 -0 -0.0192
vn 0.9998 -0 0.0192
vn 0.9998 0.0038 -0.0189
vn 0.9998 -0 0.0192
vn 0.9998 0.0038 -0.0189
vn 0.9998 0.0038 0.0189
vn 0.9998 0.0074 -0.0178
vn 0.9998 0.0038 0.0189
vn 0.9998 0.0074 -0.0178
vn 0.9998 0.0074 0.0178
vn 0.9998 0.0107 -0.016
vn 0.9998 0.0074 0.0178
vn 0.9998 0.0107 -0.016
vn 0.9998 0.0107 0.016
vn 0.9998 0.0136 -0.0136
vn 0.9998 0.0107 0.016
vn 0.9998 0.0136 -0.0136
vn 0.9998 0.0136 0.0136
vn 0.9998 0.016 -0.0107
vn 0.9998 0.0136 0.0136
vn 0.9998 0.016 -0.0107
vn 0.9998 0.016 0.0107
vn 0.9998 0.0178 -0.0074
vn 0.9998 0.016 0.0107
vn 0.9998 0.0178 -0.0074
vn 0.9998 0.0178 0.0074
vn 0.9998 0.0189 -0.0037
vn 0.9998 0.0178 0.0074
vn 0.9998 0.0189 -0.0038
vn 0.9998 0.0189 0.0038
vn 0.9998 0.0192 0
vn 0.9998 0.0189 0.0038
vn 0.9998 0.0192 0
vn 0.0106 0.9999 -0
vn -0.0417 0.9991 0
vn -0.0414 0.9799 0.1949
vn 0.0106 0.9807 0.1951
vn 0.0106 0.9807 -0.1951
vn -0.0416 0.9231 0.3824
vn 0.0106 0.9238 0.3827
vn -0.0414 0.9799 -0.1949
vn 0.0106 0.9238 -0.3827
vn -0.0415 0.8308 0.5551
vn 0.0106 0.8314 0.5556
vn -0.0416 0.9231 -0.3823
vn 0.0106 0.8314 -0.5555
vn -0.0416 0.7065 0.7065
vn 0.0106 0.7071 0.707
vn -0.0415 0.8307 -0.5551
vn 0.0106 0.7071 -0.707
vn -0.0415 0.5551 0.8307
vn 0.0106 0.5556 0.8314
vn -0.0413 0.7065 -0.7065
vn 0.0106 0.5555 -0.8314
vn -0.0415 0.3824 0.9231
vn 0.0106 0.3826 0.9238
vn -0.0415 0.5551 -0.8308
vn 0.0106 0.3827 -0.9238
vn -0.0416 0.1949 0.9799
vn 0.0106 0.1951 0.9807
vn -0.0415 0.3824 -0.9231
vn 0.0106 0.1951 -0.9807
vn -0.0415 0 0.9991
vn 0.0106 0 0.9999
vn -0.0416 0.1949 -0.9799
vn 0.0106 0 -0.9999
vn -0.0415 -0.1949 0.9799
vn 0.0106 -0.1951 0.9807
vn -0.0415 0 -0.9991
vn 0.0106 -0.1951 -0.9807
vn -0.0415 -0.3824 0.9231
vn 0.0106 -0.3827 0.9238
vn -0.0415 -0.1949 -0.9799
vn 0.0106 -0.3827 -0.9238
vn -0.0415 -0.5551 0.8308
vn 0.0106 -0.5555 0.8314
vn -0.0415 -0.3824 -0.9231
vn 0.0106 -0.5555 -0.8314
vn -0.0416 -0.7065 0.7065
vn 0.0106 -0.7071 0.7071
vn -0.0415 -0.5551 -0.8308
vn 0.0106 -0.7071 -0.7071
vn -0.0415 -0.8308 0.5551
vn 0.0106 -0.8314 0.5555
vn -0.0416 -0.7065 -0.7065
vn 0.0106 -0.8314 -0.5555
vn -0.0419 -0.9231 0.3823
vn 0.0106 -0.9238 0.3827
vn -0.0415 -0.8308 -0.5551
vn 0.0106 -0.9238 -0.3827
vn -0.0414 -0.9799 0.1949
vn 0.0106 -0.9807 0.1951
vn -0.0419 -0.9231 -0.3823
vn 0.0106 -0.9807 -0.1951
vn -0.0413 -0.9991 -0
vn 0.0106 -0.9999 -0
vn -0.0417 -0.9799 -0.1949
vn -0.1671 -0.9859 -0
vn -0.1666 -0.9671 -0.1923
vn -0.167 -0.9109 -0.3773
vn -0.1669 -0.8198 -0.5478
vn -0.1668 -0.6972 -0.6972
vn -0.1668 -0.5478 -0.8198
vn -0.2961 -0.6754 -0.6754
vn -0.1668 -0.3773 -0.9109
vn -0.2959 -0.5307 -0.7942
vn -0.2962 -0.3655 -0.8824
vn -0.1667 -0.1923 -0.9671
vn -0.2962 -0.1863 -0.9368
vn -0.1667 0 -0.986
vn -0.2962 0 -0.9551
vn -0.1668 0.1924 -0.967
vn -0.2961 0.1863 -0.9368
vn -0.1667 0.3773 -0.911
vn -0.2962 0.3655 -0.8824
vn -0.1668 0.5478 -0.8198
vn -0.2962 0.5307 -0.7941
vn -0.1665 0.6972 -0.6973
vn -0.296 0.6754 -0.6754
vn -0.1666 0.8198 -0.5478
vn -0.2961 0.7942 -0.5307
vn -0.1668 0.9109 -0.3773
vn -0.2961 0.8824 -0.3655
vn -0.1665 0.9671 -0.1924
vn -0.2961 0.9368 -0.1863
vn -0.1669 0.986 0
vn -0.2962 0.9551 -0
vn -0.167 0.967 0.1924
vn -0.2961 0.9368 0.1864
vn -0.1668 0.9109 0.3773
vn -0.2961 0.8824 0.3655
vn -0.1666 0.8199 0.5478
vn -0.2961 0.7942 0.5307
vn -0.167 0.6972 0.6972
vn -0.2959 0.6755 0.6754
vn -0.1668 0.5478 0.8198
vn -0.2962 0.5307 0.7941
vn -0.1667 0.3773 0.911
vn -0.2962 0.3655 0.8824
vn -0.1668 0.1924 0.967
vn -0.2961 0.1863 0.9368
vn -0.1667 0 0.986
vn -0.2962 0 0.9551
vn -0.1667 -0.1923 0.9671
vn -0.2962 -0.1863 0.9368
vn -0.1668 -0.3773 0.9109
vn -0.2962 -0.3655 0.8824
vn -0.1668 -0.5478 0.8198
vn -0.2963 -0.5306 0.7941
vn -0.1668 -0.6972 0.6972
vn -0.2961 -0.6754 0.6754
vn -0.1669 -0.8198 0.5478
vn -0.2962 -0.7942 0.5306
vn -0.167 -0.9109 0.3773
vn -0.2961 -0.8824 0.3655
vn -0.1666 -0.9671 0.1924
vn -0.2964 -0.9367 0.1863
vn -0.2963 -0.9551 0
vn -0.2964 -0.9367 -0.1863
vn -0.4108 -0.9117 0
vn -0.2961 -0.8824 -0.3655
vn -0.4106 -0.8943 -0.1779
vn -0.4107 -0.8423 -0.3489
vn -0.2962 -0.7942 -0.5306
vn -0.4105 -0.7582 -0.5066
vn -0.4106 -0.6448 -0.6448
vn -0.4104 -0.5066 -0.7582
vn -0.5387 -0.5957 -0.5957
vn -0.4107 -0.3489 -0.8424
vn -0.5386 -0.4681 -0.7006
vn -0.5387 -0.3224 -0.7784
vn -0.4107 -0.1779 -0.8943
vn -0.5387 -0.1643 -0.8263
vn -0.4107 0 -0.9118
vn -0.5387 0 -0.8425
vn -0.4107 0.1779 -0.8942
vn -0.5387 0.1644 -0.8263
vn -0.4105 0.349 -0.8425
vn -0.5387 0.3224 -0.7784
vn -0.4106 0.5066 -0.7581
vn -0.5388 0.468 -0.7004
vn -0.4109 0.6446 -0.6446
vn -0.5387 0.5957 -0.5957
vn -0.4107 0.7581 -0.5065
vn -0.5389 0.7004 -0.468
vn -0.4106 0.8424 -0.3489
vn -0.5388 0.7783 -0.3224
vn -0.4108 0.8942 -0.1779
vn -0.5387 0.8263 -0.1644
vn -0.4108 0.9117 -0
vn -0.5387 0.8425 0
vn -0.4108 0.8942 0.1779
vn -0.5387 0.8263 0.1644
vn -0.4106 0.8424 0.3489
vn -0.5388 0.7783 0.3224
vn -0.4107 0.7581 0.5065
vn -0.5386 0.7006 0.4681
vn -0.4105 0.6448 0.6448
vn -0.5387 0.5957 0.5957
vn -0.4106 0.5066 0.7581
vn -0.5389 0.468 0.7004
vn -0.4105 0.349 0.8425
vn -0.5387 0.3224 0.7784
vn -0.4107 0.1779 0.8942
vn -0.5387 0.1644 0.8263
vn -0.4107 0 0.9118
vn -0.5387 0 0.8425
vn -0.4107 -0.1779 0.8942
vn -0.5387 -0.1643 0.8263
vn -0.4107 -0.3489 0.8424
vn -0.5387 -0.3224 0.7784
vn -0.4107 -0.5065 0.7581
vn -0.5387 -0.4681 0.7005
vn -0.4106 -0.6448 0.6448
vn -0.5387 -0.5957 0.5957
vn -0.4108 -0.7581 0.5065
vn -0.5386 -0.7005 0.4681
vn -0.4107 -0.8424 0.3489
vn -0.5386 -0.7784 0.3224
vn -0.4106 -0.8943 0.1779
vn -0.5388 -0.8263 0.1644
vn -0.5386 -0.8426 0
vn -0.5388 -0.8263 -0.1644
vn -0.704 -0.7102 -0
vn -0.5386 -0.7784 -0.3224
vn -0.7039 -0.6966 -0.1386
vn -0.7039 -0.6563 -0.2718
vn -0.5386 -0.7006 -0.4681
vn -0.7038 -0.5907 -0.3947
vn -0.7039 -0.5023 -0.5023
vn -0.7037 -0.3947 -0.5908
vn -0.9032 -0.3035 -0.3035
vn -0.704 -0.2718 -0.6562
vn -0.9032 -0.2385 -0.3569
vn -0.9032 -0.1643 -0.3966
vn -0.7037 -0.1386 -0.6968
vn -0.9031 -0.0837 -0.4211
vn -0.7037 0 -0.7105
vn -0.9032 -0 -0.4293
vn -0.704 0.1386 -0.6966
vn -0.9032 0.0838 -0.421
vn -0.7037 0.2719 -0.6564
vn -0.9032 0.1643 -0.3966
vn -0.7038 0.3947 -0.5907
vn -0.9031 0.2385 -0.357
vn -0.7036 0.5025 -0.5025
vn -0.9031 0.3036 -0.3036
vn -0.7038 0.5907 -0.3947
vn -0.9032 0.3569 -0.2385
vn -0.7039 0.6563 -0.2718
vn -0.9032 0.3966 -0.1643
vn -0.7038 0.6968 -0.1386
vn -0.903 0.4213 -0.0838
vn -0.704 0.7102 -0
vn -0.9031 0.4294 -0
vn -0.7038 0.6968 0.1386
vn -0.903 0.4213 0.0838
vn -0.7039 0.6562 0.2718
vn -0.9032 0.3966 0.1643
vn -0.7038 0.5907 0.3947
vn -0.903 0.3572 0.2387
vn -0.7038 0.5023 0.5023
vn -0.9031 0.3036 0.3036
vn -0.7038 0.3947 0.5907
vn -0.9031 0.2385 0.357
vn -0.7037 0.2719 0.6564
vn -0.9032 0.1643 0.3966
vn -0.7037 0.1386 0.6968
vn -0.9032 0.0838 0.421
vn -0.7041 -0 0.7101
vn -0.9032 0 0.4293
vn -0.7037 -0.1386 0.6968
vn -0.9031 -0.0837 0.4211
vn -0.7039 -0.2718 0.6562
vn -0.9032 -0.1643 0.3966
vn -0.7037 -0.3947 0.5908
vn -0.9032 -0.2385 0.3569
vn -0.7038 -0.5023 0.5023
vn -0.9032 -0.3035 0.3035
vn -0.7038 -0.5907 0.3947
vn -0.9032 -0.3568 0.2384
vn -0.7039 -0.6563 0.2718
vn -0.9031 -0.3968 0.1644
vn -0.7037 -0.6968 0.1386
vn -0.903 -0.4214 0.0838
vn -0.9031 -0.4295 -0
vn -0.9032 -0.4209 -0.0837
vn -0.9954 -0.0954 -0
vn -0.9031 -0.3968 -0.1643
vn -0.9954 -0.094 -0.0187
vn -0.9954 -0.0885 -0.0366
vn -0.903 -0.3573 -0.2387
vn -0.9954 -0.0797 -0.0533
vn -0.9954 -0.0677 -0.0677
vn -0.9954 -0.0532 -0.0796
vn -0.9956 0.0664 0.0664
vn -0.9954 -0.0367 -0.0886
vn -0.9956 0.0521 0.078
vn -0.9956 0.0359 0.0867
vn -0.9954 -0.0186 -0.0936
vn -0.9956 0.0183 0.092
vn -0.9954 0 -0.0954
vn -0.9956 -0 0.0938
vn -0.9954 0.0186 -0.0936
vn -0.9956 -0.0183 0.092
vn -0.9954 0.0366 -0.0885
vn -0.9956 -0.0359 0.0867
vn -0.9954 0.053 -0.0794
vn -0.9956 -0.0521 0.078
vn -0.9954 0.0677 -0.0677
vn -0.9956 -0.0664 0.0664
vn -0.9954 0.0794 -0.053
vn -0.9956 -0.078 0.0521
vn -0.9954 0.0885 -0.0367
vn -0.9956 -0.0867 0.0359
vn -0.9954 0.094 -0.0187
vn -0.9956 -0.092 0.0183
vn -0.9954 0.0954 0
vn -0.9956 -0.0938 -0
vn -0.9954 0.0936 0.0186
vn -0.9956 -0.092 -0.0183
vn -0.9954 0.0886 0.0367
vn -0.9956 -0.0867 -0.0359
vn -0.9954 0.0794 0.053
vn -0.9956 -0.078 -0.0521
vn -0.9954 0.0677 0.0677
vn -0.9956 -0.0664 -0.0664
vn -0.9954 0.0532 0.0796
vn -0.9956 -0.0521 -0.078
vn -0.9954 0.0367 0.0886
vn -0.9956 -0.0359 -0.0867
vn -0.9954 0.0186 0.0936
vn -0.9956 -0.0183 -0.092
vn -0.9954 0 0.0958
vn -0.9956 0 -0.0938
vn -0.9954 -0.0186 0.0936
vn -0.9956 0.0183 -0.092
vn -0.9954 -0.0366 0.0885
vn -0.9956 0.0359 -0.0867
vn -0.9954 -0.053 0.0793
vn -0.9956 0.0521 -0.078
vn -0.9954 -0.0677 0.0677
vn -0.9956 0.0664 -0.0664
vn -0.9954 -0.0793 0.053
vn -0.9956 0.078 -0.0521
vn -0.9954 -0.0882 0.0365
vn -0.9956 0.0867 -0.0359
vn -0.9954 -0.094 0.0187
vn -0.9956 0.092 -0.0183
vn -0.9956 0.0938 -0
vn -0.9956 0.092 0.0183
vn -0.9651 0.262 -0
vn -0.9956 0.0867 0.0359
vn -0.9651 0.257 0.0511
vn -0.9651 0.2421 0.1003
vn -0.9956 0.078 0.0521
vn -0.9651 0.2179 0.1456
vn -0.9651 0.1853 0.1853
vn -0.9651 0.1456 0.2179
vn -0.8846 0.3298 0.3298
vn -0.9651 0.1003 0.2421
vn -0.8846 0.2591 0.3878
vn -0.8846 0.1785 0.4309
vn -0.9651 0.0511 0.257
vn -0.8846 0.091 0.4574
vn -0.9651 -0 0.262
vn -0.8846 -0 0.4664
vn -0.9651 -0.0511 0.257
vn -0.8846 -0.091 0.4574
vn -0.9651 -0.1003 0.2421
vn -0.8846 -0.1785 0.4309
vn -0.9651 -0.1456 0.2179
vn -0.8846 -0.2591 0.3878
vn -0.9651 -0.1853 0.1853
vn -0.8846 -0.3298 0.3298
vn -0.9651 -0.2179 0.1456
vn -0.8846 -0.3878 0.2591
vn -0.9651 -0.2421 0.1003
vn -0.8846 -0.4309 0.1785
vn -0.9651 -0.257 0.0511
vn -0.8846 -0.4574 0.091
vn -0.9651 -0.262 0
vn -0.8846 -0.4664 0
vn -0.9651 -0.257 -0.0511
vn -0.8846 -0.4574 -0.091
vn -0.9651 -0.2421 -0.1003
vn -0.8846 -0.4309 -0.1785
vn -0.9651 -0.2179 -0.1456
vn -0.8846 -0.3878 -0.2591
vn -0.9651 -0.1853 -0.1853
vn -0.8846 -0.3298 -0.3298
vn -0.9651 -0.1456 -0.2179
vn -0.8846 -0.2591 -0.3878
vn -0.9651 -0.1003 -0.2421
vn -0.8846 -0.1785 -0.4309
vn -0.9651 -0.0511 -0.257
vn -0.8846 -0.091 -0.4574
vn -0.9651 -0 -0.262
vn -0.8846 -0 -0.4664
vn -0.9651 0.0511 -0.257
vn -0.8846 0.091 -0.4574
vn -0.9651 0.1003 -0.2421
vn -0.8846 0.1785 -0.4309
vn -0.9651 0.1456 -0.2179
vn -0.8846 0.2591 -0.3878
vn -0.9651 0.1853 -0.1853
vn -0.8846 0.3298 -0.3298
vn -0.9651 0.2179 -0.1456
vn -0.8846 0.3878 -0.2591
vn -0.9651 0.2421 -0.1003
vn -0.8846 0.4309 -0.1785
vn -0.9651 0.257 -0.0511
vn -0.8846 0.4574 -0.091
vn -0.8846 0.4664 0
vn -0.8846 0.4574 0.091
vn -0.7645 0.6446 0
vn -0.8846 0.4308 0.1785
vn -0.7645 0.6322 0.1258
vn -0.7645 0.5956 0.2467
vn -0.8846 0.3878 0.2591
vn -0.7645 0.5359 0.3581
vn -0.7645 0.4558 0.4558
vn -0.7645 0.3581 0.536
vn -0.6108 0.5599 0.5599
vn -0.7645 0.2467 0.5955
vn -0.6108 0.4399 0.6584
vn -0.6108 0.303 0.7315
vn -0.7645 0.1258 0.6322
vn -0.6108 0.1545 0.7766
vn -0.7645 -0 0.6446
vn -0.6108 -0 0.7918
vn -0.7645 -0.1258 0.6322
vn -0.6108 -0.1545 0.7766
vn -0.7645 -0.2467 0.5955
vn -0.6108 -0.303 0.7315
vn -0.7645 -0.3581 0.536
vn -0.6108 -0.4399 0.6584
vn -0.7645 -0.4558 0.4558
vn -0.6108 -0.5599 0.5599
vn -0.7645 -0.536 0.3581
vn -0.6108 -0.6584 0.4399
vn -0.7645 -0.5955 0.2467
vn -0.6107 -0.7316 0.303
vn -0.7645 -0.6322 0.1258
vn -0.6107 -0.7766 0.1545
vn -0.7645 -0.6446 0
vn -0.6107 -0.7918 0
vn -0.7645 -0.6322 -0.1258
vn -0.6107 -0.7766 -0.1545
vn -0.7645 -0.5955 -0.2467
vn -0.6107 -0.7316 -0.303
vn -0.7645 -0.536 -0.3581
vn -0.6107 -0.6584 -0.4399
vn -0.7645 -0.4558 -0.4558
vn -0.6107 -0.5599 -0.5599
vn -0.7645 -0.3581 -0.536
vn -0.6107 -0.4399 -0.6584
vn -0.7645 -0.2467 -0.5955
vn -0.6107 -0.303 -0.7316
vn -0.7645 -0.1258 -0.6322
vn -0.6107 -0.1545 -0.7766
vn -0.7645 -0 -0.6446
vn -0.6107 -0 -0.7918
vn -0.7645 0.1258 -0.6322
vn -0.6107 0.1545 -0.7766
vn -0.7645 0.2467 -0.5955
vn -0.6107 0.303 -0.7316
vn -0.7645 0.3581 -0.536
vn -0.6107 0.4399 -0.6584
vn -0.7645 0.4558 -0.4558
vn -0.6107 0.5599 -0.5599
vn -0.7645 0.536 -0.3581
vn -0.6107 0.6584 -0.4399
vn -0.7645 0.5956 -0.2467
vn -0.6107 0.7316 -0.303
vn -0.7645 0.6322 -0.1258
vn -0.6108 0.7766 -0.1545
vn -0.6107 0.7918 -0
vn -0.6108 0.7766 0.1545
vn -0.4277 0.9039 -0
vn -0.6107 0.7316 0.303
vn -0.4277 0.8865 0.1764
vn -0.4277 0.8351 0.3459
vn -0.6108 0.6584 0.4399
vn -0.4277 0.7516 0.5022
vn -0.4277 0.6392 0.6392
vn -0.4277 0.5022 0.7516
vn -0.2207 0.6897 0.6897
vn -0.4277 0.3459 0.8351
vn -0.2207 0.5419 0.811
vn -0.2207 0.3732 0.9011
vn -0.4277 0.1763 0.8865
vn -0.2207 0.1903 0.9566
vn -0.4277 -0 0.9039
vn -0.2207 -0 0.9753
vn -0.4277 -0.1763 0.8865
vn -0.2207 -0.1903 0.9566
vn -0.4277 -0.3459 0.8351
vn -0.2207 -0.3733 0.9011
vn -0.4277 -0.5022 0.7516
vn -0.2207 -0.5419 0.811
vn -0.4277 -0.6392 0.6392
vn -0.2207 -0.6897 0.6897
vn -0.4277 -0.7516 0.5022
vn -0.2206 -0.811 0.5419
vn -0.4277 -0.8351 0.3459
vn -0.2207 -0.9011 0.3733
vn -0.4277 -0.8866 0.1763
vn -0.2207 -0.9566 0.1903
vn -0.4277 -0.9039 -0
vn -0.2207 -0.9753 0
vn -0.4277 -0.8866 -0.1763
vn -0.2207 -0.9566 -0.1903
vn -0.4277 -0.8351 -0.3459
vn -0.2207 -0.9011 -0.3733
vn -0.4277 -0.7516 -0.5022
vn -0.2207 -0.811 -0.5419
vn -0.4277 -0.6392 -0.6392
vn -0.2207 -0.6897 -0.6897
vn -0.4277 -0.5022 -0.7516
vn -0.2207 -0.5419 -0.811
vn -0.4277 -0.3459 -0.8351
vn -0.2207 -0.3733 -0.9011
vn -0.4277 -0.1763 -0.8866
vn -0.2207 -0.1903 -0.9566
vn -0.4277 -0 -0.9039
vn -0.2207 -0 -0.9753
vn -0.4277 0.1764 -0.8865
vn -0.2207 0.1903 -0.9566
vn -0.4277 0.3459 -0.8351
vn -0.2207 0.3732 -0.9011
vn -0.4277 0.5022 -0.7516
vn -0.2207 0.5419 -0.811
vn -0.4277 0.6392 -0.6392
vn -0.2207 0.6897 -0.6897
vn -0.4277 0.7516 -0.5022
vn -0.2207 0.811 -0.5419
vn -0.4277 0.8351 -0.3459
vn -0.2207 0.9011 -0.3732
vn -0.4277 0.8865 -0.1763
vn -0.2206 0.9566 -0.1903
vn -0.2207 0.9753 0
vn -0.2206 0.9566 0.1903
vn -0.0559 0.9984 0
vn -0.2207 0.9011 0.3733
vn -0.0559 0.9793 0.1948
vn -0.056 0.9224 0.3821
vn -0.2207 0.811 0.5419
vn 0 0.9239 0.3827
vn 0 0.9808 0.1951
vn 0 0.8315 0.5556
vn 0 1 -0
vn -0.0559 0.8302 0.5547
vn 0 0.7071 0.7071
vn -0.0559 0.9792 -0.1948
vn 0 0.9808 -0.1951
vn -0.0559 0.706 0.706
vn 0 0.5556 0.8315
vn -0.056 0.9224 -0.3821
vn 0 0.9239 -0.3827
vn -0.0559 0.5547 0.8302
vn 0 0.3827 0.9239
vn -0.0559 0.8302 -0.5547
vn 0 0.8315 -0.5556
vn -0.0559 0.3821 0.9224
vn 0 0.1951 0.9808
vn -0.0559 0.706 -0.706
vn 0 0.7071 -0.7071
vn -0.0559 0.1948 0.9793
vn 0 -0 1
vn -0.0559 0.5547 -0.8302
vn 0 0.5556 -0.8315
vn -0.0559 -0 0.9984
vn 0 -0.1951 0.9808
vn -0.0559 0.3821 -0.9224
vn 0 0.3827 -0.9239
vn -0.0559 -0.1948 0.9793
vn 0 -0.3827 0.9239
vn -0.0559 0.1948 -0.9793
vn 0 0.1951 -0.9808
vn -0.0559 -0.3821 0.9224
vn 0 -0.5556 0.8315
vn -0.0559 -0 -0.9984
vn 0 -0 -1
vn -0.0559 -0.5547 0.8302
vn 0 -0.7071 0.7071
vn -0.0559 -0.1948 -0.9793
vn 0 -0.1951 -0.9808
vn -0.0559 -0.706 0.706
vn 0 -0.8315 0.5556
vn -0.0559 -0.3821 -0.9224
vn 0 -0.3827 -0.9239
vn -0.0559 -0.8302 0.5547
vn 0 -0.9239 0.3827
vn -0.0559 -0.5547 -0.8302
vn 0 -0.5556 -0.8315
vn -0.0559 -0.9224 0.3821
vn 0 -0.9808 0.1951
vn -0.0559 -0.706 -0.706
vn 0 -0.7071 -0.7071
vn -0.0559 -0.9792 0.1948
vn 0 -1 -0
vn -0.0559 -0.8302 -0.5547
vn 0 -0.8315 -0.5556
vn -0.0559 -0.9984 0
vn 0 -0.9808 -0.1951
vn -0.0559 -0.9224 -0.3821
vn 0 -0.9239 -0.3827
vn -0.0559 -0.9792 -0.1948
vn -0.0106 0.9999 -0
vn 0.0416 0.9799 0.1949
vn 0.0415 0.9991 0
vn -0.0106 0.9807 0.1951
vn -0.0106 0.9807 -0.1951
vn 0.0416 0.9231 0.3823
vn -0.0106 0.9238 0.3827
vn 0.0416 0.9799 -0.1949
vn -0.0106 0.9238 -0.3826
vn 0.0415 0.8307 0.5551
vn -0.0106 0.8314 0.5556
vn 0.0416 0.9231 -0.3823
vn -0.0106 0.8314 -0.5555
vn 0.0416 0.7065 0.7065
vn -0.0106 0.7071 0.7071
vn 0.0415 0.8307 -0.5551
vn -0.0106 0.7071 -0.7071
vn 0.0417 0.5551 0.8308
vn -0.0106 0.5555 0.8314
vn 0.0416 0.7064 -0.7065
vn -0.0106 0.5555 -0.8314
vn 0.0415 0.3824 0.9231
vn -0.0106 0.3827 0.9238
vn 0.0417 0.5551 -0.8307
vn -0.0106 0.3827 -0.9238
vn 0.0415 0.1949 0.9799
vn -0.0106 0.1951 0.9807
vn 0.0415 0.3824 -0.9231
vn -0.0106 0.1951 -0.9807
vn 0.0415 -0 0.9991
vn -0.0106 0 0.9999
vn 0.0415 0.1949 -0.9799
vn -0.0106 -0 -0.9999
vn 0.0415 -0.1949 0.9799
vn -0.0106 -0.1951 0.9807
vn 0.0415 -0 -0.9991
vn -0.0106 -0.1951 -0.9807
vn 0.0416 -0.3823 0.9231
vn -0.0106 -0.3826 0.9238
vn 0.0415 -0.1949 -0.9799
vn -0.0106 -0.3827 -0.9238
vn 0.0413 -0.5551 0.8308
vn -0.0106 -0.5555 0.8314
vn 0.0416 -0.3823 -0.9231
vn -0.0106 -0.5555 -0.8314
vn 0.0416 -0.7065 0.7065
vn -0.0106 -0.7071 0.7071
vn 0.0413 -0.5552 -0.8307
vn -0.0106 -0.7071 -0.7071
vn 0.0415 -0.8307 0.5551
vn -0.0106 -0.8314 0.5555
vn 0.0416 -0.7065 -0.7065
vn -0.0106 -0.8314 -0.5555
vn 0.0415 -0.9231 0.3823
vn -0.0106 -0.9238 0.3827
vn 0.0415 -0.8308 -0.5551
vn -0.0106 -0.9238 -0.3827
vn 0.042 -0.9799 0.1949
vn -0.0106 -0.9807 0.1951
vn 0.0416 -0.923 -0.3825
vn -0.0106 -0.9807 -0.1951
vn 0.0417 -0.9991 -0
vn -0.0106 -0.9999 0
vn 0.0417 -0.9799 -0.1949
vn 0.1667 -0.986 -0
vn 0.1669 -0.967 -0.1923
vn 0.1668 -0.9109 -0.3774
vn 0.1666 -0.8199 -0.5477
vn 0.1669 -0.6972 -0.6972
vn 0.1667 -0.5478 -0.8198
vn 0.296 -0.6754 -0.6754
vn 0.1669 -0.3773 -0.9109
vn 0.2963 -0.5306 -0.7941
vn 0.2961 -0.3655 -0.8825
vn 0.1668 -0.1923 -0.9671
vn 0.2962 -0.1863 -0.9368
vn 0.1668 -0 -0.986
vn 0.2961 -0 -0.9551
vn 0.1668 0.1923 -0.9671
vn 0.2962 0.1863 -0.9368
vn 0.1669 0.3773 -0.9109
vn 0.2963 0.3655 -0.8824
vn 0.1669 0.5478 -0.8198
vn 0.2961 0.5306 -0.7942
vn 0.1669 0.6971 -0.6972
vn 0.2963 0.6754 -0.6753
vn 0.1669 0.8198 -0.5478
vn 0.2964 0.7941 -0.5306
vn 0.1667 0.911 -0.3773
vn 0.2961 0.8824 -0.3655
vn 0.1669 0.967 -0.1924
vn 0.2962 0.9368 -0.1863
vn 0.1668 0.986 0
vn 0.2962 0.9551 -0
vn 0.1665 0.9671 0.1923
vn 0.2958 0.9369 0.1863
vn 0.1667 0.911 0.3773
vn 0.2962 0.8824 0.3656
vn 0.1669 0.8198 0.5478
vn 0.2964 0.7941 0.5306
vn 0.1669 0.6972 0.6972
vn 0.296 0.6754 0.6755
vn 0.1669 0.5478 0.8198
vn 0.2961 0.5307 0.7941
vn 0.1669 0.3774 0.9109
vn 0.296 0.3655 0.8825
vn 0.1668 0.1923 0.9671
vn 0.2962 0.1864 0.9368
vn 0.1668 -0 0.986
vn 0.2961 -0 0.9551
vn 0.1668 -0.1923 0.9671
vn 0.2962 -0.1863 0.9368
vn 0.1669 -0.3773 0.9109
vn 0.2961 -0.3655 0.8825
vn 0.1667 -0.5477 0.8199
vn 0.2963 -0.5307 0.7941
vn 0.1669 -0.6972 0.6972
vn 0.296 -0.6754 0.6754
vn 0.1664 -0.8199 0.5478
vn 0.2961 -0.7942 0.5306
vn 0.1671 -0.9109 0.3773
vn 0.2961 -0.8825 0.3655
vn 0.1669 -0.967 0.1924
vn 0.2961 -0.9368 0.1864
vn 0.296 -0.9552 0
vn 0.2961 -0.9368 -0.1864
vn 0.4106 -0.9118 0
vn 0.2961 -0.8825 -0.3655
vn 0.4105 -0.8943 -0.178
vn 0.4104 -0.8425 -0.349
vn 0.2964 -0.7941 -0.5306
vn 0.4105 -0.7582 -0.5065
vn 0.4107 -0.6447 -0.6448
vn 0.4106 -0.5066 -0.7581
vn 0.5388 -0.5957 -0.5957
vn 0.4107 -0.3491 -0.8423
vn 0.5387 -0.4681 -0.7005
vn 0.5388 -0.3223 -0.7783
vn 0.4106 -0.1779 -0.8943
vn 0.5388 -0.1644 -0.8263
vn 0.4106 -0 -0.9118
vn 0.5388 0 -0.8425
vn 0.4106 0.1779 -0.8943
vn 0.5388 0.1644 -0.8263
vn 0.4105 0.3489 -0.8425
vn 0.5388 0.3222 -0.7784
vn 0.4106 0.5066 -0.7581
vn 0.5387 0.4681 -0.7005
vn 0.4106 0.6448 -0.6447
vn 0.5386 0.5958 -0.5958
vn 0.4106 0.7581 -0.5066
vn 0.539 0.7003 -0.4681
vn 0.4106 0.8424 -0.3489
vn 0.5387 0.7783 -0.3224
vn 0.4105 0.8943 -0.1779
vn 0.5387 0.8263 -0.1644
vn 0.4105 0.9119 0
vn 0.5389 0.8424 -0
vn 0.4105 0.8943 0.1779
vn 0.5388 0.8262 0.1643
vn 0.4106 0.8424 0.3489
vn 0.5388 0.7783 0.3224
vn 0.4105 0.7582 0.5066
vn 0.5386 0.7005 0.4681
vn 0.4106 0.6448 0.6447
vn 0.5389 0.5957 0.5957
vn 0.4106 0.5066 0.7581
vn 0.5388 0.468 0.7005
vn 0.4105 0.3489 0.8424
vn 0.5387 0.3224 0.7784
vn 0.4106 0.1779 0.8943
vn 0.5388 0.1643 0.8263
vn 0.4106 -0 0.9118
vn 0.5387 -0 0.8425
vn 0.4106 -0.1779 0.8943
vn 0.5388 -0.1643 0.8263
vn 0.4105 -0.3489 0.8425
vn 0.5388 -0.3224 0.7783
vn 0.4106 -0.5066 0.7581
vn 0.5389 -0.468 0.7004
vn 0.4106 -0.6447 0.6447
vn 0.5387 -0.5957 0.5957
vn 0.4106 -0.7581 0.5066
vn 0.5391 -0.7002 0.4681
vn 0.4103 -0.8425 0.3489
vn 0.5386 -0.7784 0.3224
vn 0.4108 -0.8942 0.1778
vn 0.5385 -0.8264 0.1644
vn 0.5388 -0.8424 0
vn 0.5385 -0.8264 -0.1644
vn 0.7037 -0.7105 0
vn 0.5387 -0.7783 -0.3225
vn 0.7039 -0.6967 -0.1386
vn 0.7039 -0.6562 -0.2718
vn 0.5389 -0.7003 -0.4681
vn 0.704 -0.5905 -0.3946
vn 0.7039 -0.5022 -0.5023
vn 0.704 -0.3946 -0.5905
vn 0.9031 -0.3037 -0.3037
vn 0.704 -0.2717 -0.6562
vn 0.9032 -0.2385 -0.3569
vn 0.9031 -0.1643 -0.3967
vn 0.7039 -0.1386 -0.6966
vn 0.9031 -0.0838 -0.4211
vn 0.7039 0 -0.7103
vn 0.9031 0 -0.4294
vn 0.7039 0.1386 -0.6966
vn 0.9031 0.0838 -0.4211
vn 0.704 0.2717 -0.6562
vn 0.9031 0.1643 -0.3967
vn 0.7039 0.3947 -0.5906
vn 0.9031 0.2386 -0.357
vn 0.7039 0.5022 -0.5023
vn 0.9031 0.3038 -0.3036
vn 0.7039 0.5906 -0.3946
vn 0.9033 0.3566 -0.2386
vn 0.7039 0.6563 -0.2718
vn 0.9031 0.3968 -0.1643
vn 0.704 0.6966 -0.1385
vn 0.9032 0.4209 -0.0838
vn 0.7041 0.7101 -0
vn 0.9031 0.4294 0
vn 0.704 0.6965 0.1386
vn 0.9031 0.4212 0.0838
vn 0.7039 0.6562 0.2718
vn 0.9031 0.3967 0.1644
vn 0.704 0.5906 0.3946
vn 0.9031 0.3571 0.2385
vn 0.7039 0.5022 0.5023
vn 0.903 0.304 0.3037
vn 0.7041 0.3943 0.5905
vn 0.9031 0.2387 0.357
vn 0.704 0.2718 0.6562
vn 0.9031 0.1643 0.3967
vn 0.7039 0.1385 0.6966
vn 0.9031 0.0837 0.4211
vn 0.7039 0 0.7103
vn 0.9031 0 0.4294
vn 0.7039 -0.1385 0.6967
vn 0.9031 -0.0838 0.4211
vn 0.704 -0.2718 0.6562
vn 0.9031 -0.1643 0.3967
vn 0.7039 -0.3947 0.5905
vn 0.9031 -0.2386 0.357
vn 0.7039 -0.5022 0.5022
vn 0.9031 -0.3036 0.3037
vn 0.704 -0.5904 0.3946
vn 0.9032 -0.3569 0.2385
vn 0.7039 -0.6563 0.2718
vn 0.9031 -0.3967 0.1643
vn 0.7039 -0.6966 0.1386
vn 0.9033 -0.4209 0.0837
vn 0.9031 -0.4295 0
vn 0.9032 -0.421 -0.0839
vn 0.9954 -0.0956 -0
vn 0.9031 -0.3967 -0.1643
vn 0.9954 -0.0937 -0.0187
vn 0.9954 -0.0884 -0.0366
vn 0.9032 -0.3569 -0.2385
vn 0.9954 -0.0794 -0.0531
vn 0.9954 -0.0676 -0.0676
vn 0.9954 -0.0531 -0.0795
vn 0.9956 0.0664 0.0663
vn 0.9954 -0.0366 -0.0883
vn 0.9956 0.0521 0.078
vn 0.9956 0.0359 0.0867
vn 0.9954 -0.0187 -0.0938
vn 0.9956 0.0183 0.092
vn 0.9954 0 -0.0956
vn 0.9956 0 0.0938
vn 0.9954 0.0186 -0.0938
vn 0.9956 -0.0183 0.092
vn 0.9954 0.0366 -0.0883
vn 0.9956 -0.0359 0.0867
vn 0.9954 0.0531 -0.0795
vn 0.9956 -0.0521 0.078
vn 0.9954 0.0682 -0.0678
vn 0.9956 -0.0663 0.0664
vn 0.9955 0.079 -0.0531
vn 0.9956 -0.078 0.0521
vn 0.9954 0.0888 -0.0366
vn 0.9956 -0.0867 0.0359
vn 0.9955 0.0931 -0.0187
vn 0.9956 -0.0921 0.0183
vn 0.9954 0.0961 -0
vn 0.9956 -0.0938 -0
vn 0.9954 0.0938 0.0186
vn 0.9956 -0.092 -0.0183
vn 0.9954 0.0882 0.0366
vn 0.9956 -0.0867 -0.0359
vn 0.9954 0.0796 0.0531
vn 0.9956 -0.078 -0.0521
vn 0.9954 0.068 0.0677
vn 0.9956 -0.0663 -0.0663
vn 0.9954 0.0532 0.0795
vn 0.9956 -0.0521 -0.078
vn 0.9954 0.0365 0.0883
vn 0.9956 -0.0359 -0.0867
vn 0.9954 0.0186 0.0938
vn 0.9956 -0.0183 -0.092
vn 0.9954 0 0.0956
vn 0.9956 -0 -0.0938
vn 0.9954 -0.0186 0.0938
vn 0.9956 0.0183 -0.092
vn 0.9954 -0.0366 0.0883
vn 0.9956 0.0359 -0.0867
vn 0.9954 -0.0531 0.0795
vn 0.9956 0.0521 -0.078
vn 0.9954 -0.0676 0.0676
vn 0.9956 0.0664 -0.0663
vn 0.9954 -0.0794 0.0531
vn 0.9956 0.078 -0.0521
vn 0.9954 -0.0883 0.0366
vn 0.9956 0.0867 -0.0359
vn 0.9954 -0.0938 0.0187
vn 0.9956 0.092 -0.0183
vn 0.9956 0.0939 -0
vn 0.9956 0.092 0.0183
vn 0.9651 0.262 -0
vn 0.9956 0.0867 0.0359
vn 0.9651 0.257 0.0511
vn 0.9651 0.2421 0.1003
vn 0.9956 0.078 0.0521
vn 0.9651 0.2178 0.1456
vn 0.9651 0.1853 0.1852
vn 0.9651 0.1455 0.2178
vn 0.8846 0.3298 0.3298
vn 0.9651 0.1003 0.2421
vn 0.8846 0.2591 0.3878
vn 0.8846 0.1785 0.4309
vn 0.9651 0.0511 0.257
vn 0.8846 0.091 0.4574
vn 0.9651 0 0.262
vn 0.8846 -0 0.4664
vn 0.9651 -0.0511 0.257
vn 0.8846 -0.091 0.4574
vn 0.9651 -0.1003 0.2421
vn 0.8846 -0.1785 0.4309
vn 0.9651 -0.1456 0.2178
vn 0.8846 -0.2591 0.3878
vn 0.9651 -0.1853 0.1853
vn 0.8846 -0.3298 0.3298
vn 0.9651 -0.2178 0.1455
vn 0.8846 -0.3878 0.2591
vn 0.9651 -0.2421 0.1003
vn 0.8846 -0.4309 0.1785
vn 0.9651 -0.257 0.0511
vn 0.8846 -0.4575 0.091
vn 0.9651 -0.262 -0
vn 0.8846 -0.4664 -0
vn 0.9651 -0.2569 -0.0511
vn 0.8846 -0.4574 -0.091
vn 0.9651 -0.242 -0.1003
vn 0.8846 -0.4309 -0.1785
vn 0.9651 -0.2178 -0.1456
vn 0.8846 -0.3878 -0.2591
vn 0.9651 -0.1852 -0.1853
vn 0.8846 -0.3298 -0.3298
vn 0.9651 -0.1456 -0.2178
vn 0.8846 -0.2591 -0.3878
vn 0.9651 -0.1003 -0.2421
vn 0.8846 -0.1785 -0.4309
vn 0.9651 -0.0511 -0.257
vn 0.8846 -0.091 -0.4574
vn 0.9651 -0 -0.262
vn 0.8846 -0 -0.4664
vn 0.9651 0.0511 -0.257
vn 0.8846 0.091 -0.4574
vn 0.9651 0.1003 -0.242
vn 0.8846 0.1785 -0.4309
vn 0.9651 0.1455 -0.2178
vn 0.8846 0.2591 -0.3878
vn 0.9651 0.1853 -0.1852
vn 0.8846 0.3298 -0.3298
vn 0.9651 0.2178 -0.1456
vn 0.8846 0.3878 -0.2591
vn 0.9651 0.242 -0.1003
vn 0.8846 0.4309 -0.1785
vn 0.9651 0.257 -0.0511
vn 0.8846 0.4574 -0.091
vn 0.8846 0.4664 -0
vn 0.8846 0.4574 0.091
vn 0.7645 0.6446 0
vn 0.8846 0.4309 0.1785
vn 0.7645 0.6323 0.1257
vn 0.7645 0.5956 0.2467
vn 0.8846 0.3878 0.2591
vn 0.7645 0.5359 0.3581
vn 0.7645 0.4558 0.4558
vn 0.7645 0.3581 0.536
vn 0.6108 0.5599 0.5599
vn 0.7645 0.2467 0.5955
vn 0.6108 0.4399 0.6584
vn 0.6107 0.303 0.7315
vn 0.7645 0.1258 0.6322
vn 0.6107 0.1545 0.7766
vn 0.7645 -0 0.6446
vn 0.6107 0 0.7918
vn 0.7645 -0.1258 0.6322
vn 0.6107 -0.1545 0.7766
vn 0.7645 -0.2467 0.5955
vn 0.6107 -0.303 0.7316
vn 0.7645 -0.3581 0.536
vn 0.6108 -0.4399 0.6584
vn 0.7645 -0.4558 0.4558
vn 0.6108 -0.5599 0.5599
vn 0.7645 -0.536 0.3581
vn 0.6107 -0.6584 0.4399
vn 0.7645 -0.5955 0.2467
vn 0.6107 -0.7316 0.303
vn 0.7645 -0.6322 0.1258
vn 0.6107 -0.7766 0.1545
vn 0.7645 -0.6446 0
vn 0.6107 -0.7918 -0
vn 0.7645 -0.6322 -0.1258
vn 0.6107 -0.7766 -0.1545
vn 0.7645 -0.5955 -0.2467
vn 0.6107 -0.7316 -0.303
vn 0.7645 -0.536 -0.3581
vn 0.6107 -0.6584 -0.4399
vn 0.7645 -0.4558 -0.4558
vn 0.6107 -0.5599 -0.5599
vn 0.7645 -0.3582 -0.536
vn 0.6108 -0.4399 -0.6584
vn 0.7645 -0.2467 -0.5955
vn 0.6107 -0.303 -0.7316
vn 0.7645 -0.1258 -0.6322
vn 0.6108 -0.1545 -0.7766
vn 0.7645 0 -0.6446
vn 0.6107 -0 -0.7918
vn 0.7645 0.1258 -0.6322
vn 0.6107 0.1545 -0.7766
vn 0.7645 0.2467 -0.5955
vn 0.6107 0.303 -0.7316
vn 0.7645 0.3581 -0.536
vn 0.6108 0.4399 -0.6584
vn 0.7645 0.4558 -0.4558
vn 0.6108 0.5599 -0.5599
vn 0.7645 0.536 -0.3581
vn 0.6107 0.6584 -0.4399
vn 0.7645 0.5956 -0.2467
vn 0.6108 0.7315 -0.303
vn 0.7645 0.6323 -0.1258
vn 0.6108 0.7766 -0.1545
vn 0.6108 0.7918 0
vn 0.6108 0.7766 0.1545
vn 0.4277 0.9039 -0
vn 0.6108 0.7315 0.303
vn 0.4277 0.8865 0.1763
vn 0.4277 0.8351 0.3459
vn 0.6108 0.6584 0.4399
vn 0.4277 0.7516 0.5022
vn 0.4277 0.6392 0.6392
vn 0.4277 0.5022 0.7516
vn 0.2206 0.6897 0.6897
vn 0.4277 0.3459 0.8351
vn 0.2207 0.5419 0.811
vn 0.2207 0.3733 0.9011
vn 0.4277 0.1763 0.8865
vn 0.2207 0.1903 0.9566
vn 0.4277 -0 0.9039
vn 0.2207 -0 0.9753
vn 0.4277 -0.1763 0.8865
vn 0.2207 -0.1903 0.9566
vn 0.4277 -0.3459 0.8351
vn 0.2207 -0.3732 0.9011
vn 0.4277 -0.5022 0.7516
vn 0.2207 -0.5419 0.811
vn 0.4277 -0.6392 0.6392
vn 0.2207 -0.6897 0.6897
vn 0.4277 -0.7516 0.5022
vn 0.2207 -0.811 0.5419
vn 0.4277 -0.8351 0.3459
vn 0.2207 -0.9011 0.3733
vn 0.4277 -0.8866 0.1763
vn 0.2207 -0.9566 0.1903
vn 0.4277 -0.9039 0
vn 0.2207 -0.9753 0
vn 0.4277 -0.8865 -0.1763
vn 0.2207 -0.9566 -0.1903
vn 0.4277 -0.8351 -0.3459
vn 0.2207 -0.9011 -0.3732
vn 0.4277 -0.7516 -0.5022
vn 0.2207 -0.811 -0.5419
vn 0.4277 -0.6392 -0.6392
vn 0.2207 -0.6897 -0.6897
vn 0.4277 -0.5022 -0.7516
vn 0.2207 -0.5419 -0.811
vn 0.4277 -0.3459 -0.8351
vn 0.2207 -0.3732 -0.9011
vn 0.4277 -0.1763 -0.8865
vn 0.2207 -0.1903 -0.9566
vn 0.4277 -0 -0.9039
vn 0.2207 0 -0.9753
vn 0.4277 0.1763 -0.8865
vn 0.2207 0.1903 -0.9566
vn 0.4277 0.3459 -0.8351
vn 0.2207 0.3732 -0.9011
vn 0.4277 0.5022 -0.7516
vn 0.2207 0.5419 -0.811
vn 0.4277 0.6392 -0.6392
vn 0.2206 0.6897 -0.6897
vn 0.4277 0.7516 -0.5022
vn 0.2207 0.811 -0.5419
vn 0.4277 0.8351 -0.3459
vn 0.2207 0.9011 -0.3733
vn 0.4277 0.8865 -0.1763
vn 0.2207 0.9566 -0.1903
vn 0.2206 0.9754 -0
vn 0.2207 0.9566 0.1903
vn 0.0559 0.9984 -0
vn 0.2207 0.9011 0.3733
vn 0.0559 0.9793 0.1948
vn 0.0559 0.9224 0.3821
vn 0.2207 0.811 0.5419
vn 0 0.9239 0.3827
vn 0 0.9808 0.1951
vn 0 0.8315 0.5556
vn 0 1 -0
vn 0.0559 0.8302 0.5547
vn 0 0.7068 0.7074
vn 0.0559 0.9793 -0.1948
vn 0 0.9808 -0.1951
vn 0.0559 0.706 0.706
vn 0 0.5555 0.8315
vn 0.0559 0.9224 -0.3821
vn 0 0.9239 -0.3827
vn 0.0559 0.5547 0.8302
vn 0 0.3827 0.9239
vn 0.0559 0.8302 -0.5547
vn 0 0.8315 -0.5556
vn 0.0559 0.3821 0.9224
vn 0 0.1951 0.9808
vn 0.0559 0.706 -0.706
vn 0 0.7071 -0.7071
vn 0.0559 0.1948 0.9793
vn 0 -0 1
vn 0.0559 0.5547 -0.8302
vn 0 0.5555 -0.8315
vn 0.0559 -0 0.9984
vn 0 -0.1951 0.9808
vn 0.0559 0.3821 -0.9224
vn 0 0.3828 -0.9239
vn 0.0559 -0.1948 0.9793
vn 0 -0.3826 0.9239
vn 0.0559 0.1948 -0.9793
vn 0 0.1951 -0.9808
vn 0.0559 -0.3821 0.9224
vn 0 -0.5556 0.8315
vn 0.0559 0 -0.9984
vn 0 -0 -1
vn 0.0559 -0.5547 0.8302
vn 0 -0.7071 0.7071
vn 0.0559 -0.1948 -0.9792
vn 0 -0.1951 -0.9808
vn 0.0559 -0.706 0.706
vn 0 -0.8315 0.5556
vn 0.0559 -0.3821 -0.9224
vn 0 -0.3827 -0.9239
vn 0.0559 -0.8302 0.5547
vn 0 -0.9239 0.3827
vn 0.0559 -0.5547 -0.8302
vn 0 -0.5555 -0.8315
vn 0.0559 -0.9224 0.3821
vn 0 -0.9808 0.1951
vn 0.0559 -0.706 -0.706
vn 0 -0.7071 -0.7072
vn 0.0559 -0.9793 0.1948
vn 0 -1 -0
vn 0.0559 -0.8302 -0.5547
vn 0 -0.8315 -0.5556
vn 0.0559 -0.9984 0
vn 0 -0.9808 -0.1951
vn 0.0559 -0.9224 -0.3821
vn 0 -0.9239 -0.3827
vn 0.0559 -0.9793 -0.1948
vn -0.9998 -0.0192 0
vn -0.9998 -0.0189 -0.0038
vn -0.9998 -0.0192 0
vn -0.9998 -0.0189 -0.0038
vn -0.9998 -0.0188 0.0038
vn -0.9998 -0.0178 -0.0074
vn -0.9998 -0.0189 0.0038
vn -0.9998 -0.0178 -0.0074
vn -0.9998 -0.0178 0.0074
vn -0.9998 -0.016 -0.0107
vn -0.9998 -0.0178 0.0074
vn -0.9998 -0.016 -0.0107
vn -0.9998 -0.016 0.0107
vn -0.9998 -0.0136 -0.0136
vn -0.9998 -0.016 0.0107
vn -0.9998 -0.0136 -0.0136
vn -0.9998 -0.0136 0.0136
vn -0.9998 -0.0107 -0.016
vn -0.9998 -0.0136 0.0136
vn -0.9998 -0.0107 -0.016
vn -0.9998 -0.0107 0.016
vn -0.9998 -0.0073 -0.0178
vn -0.9998 -0.0107 0.016
vn -0.9998 -0.0074 -0.0178
vn -0.9998 -0.0074 0.0178
vn -0.9998 -0.0038 -0.0189
vn -0.9998 -0.0073 0.0178
vn -0.9998 -0.0038 -0.0189
vn -0.9998 -0.0038 0.0189
vn -0.9998 0 -0.0192
vn -0.9998 -0.0037 0.0189
vn -0.9998 0 -0.0192
vn -0.9998 -0 0.0192
vn -0.9998 0.0037 -0.0189
vn -0.9998 -0 0.0192
vn -0.9998 0.0037 -0.0189
vn -0.9998 0.0037 0.0189
vn -0.9998 0.0074 -0.0178
vn -0.9998 0.0038 0.0189
vn -0.9998 0.0074 -0.0178
vn -0.9998 0.0074 0.0178
vn -0.9998 0.0107 -0.016
vn -0.9998 0.0074 0.0178
vn -0.9998 0.0107 -0.016
vn -0.9998 0.0107 0.016
vn -0.9998 0.0136 -0.0136
vn -0.9998 0.0107 0.016
vn -0.9998 0.0136 -0.0136
vn -0.9998 0.0136 0.0136
vn -0.9998 0.016 -0.0107
vn -0.9998 0.0136 0.0136
vn -0.9998 0.016 -0.0107
vn -0.9998 0.016 0.0107
vn -0.9998 0.0178 -0.0074
vn -0.9998 0.016 0.0107
vn -0.9998 0.0178 -0.0074
vn -0.9998 0.0178 0.0074
vn -0.9998 0.0189 -0.0037
vn -0.9998 0.0178 0.0074
vn -0.9998 0.0189 -0.0038
vn -0.9998 0.0189 0.0038
vn -0.9998 0.0192 0
vn -0.9998 0.0189 0.0038
vn -0.9998 0.0192 0
f 3/3/3 2/2/2 1/1/1
f 1/1/1 2/2/2 5/5/5
f 4/4/4 3/3/3 1/1/1
f 2/2/2 7/7/7 5/5/5
f 6/6/6 3/3/3 4/4/4
f 5/5/5 7/7/7 9/9/9
f 8/8/8 6/6/6 4/4/4
f 7/7/7 11/11/11 9/9/9
f 10/10/10 6/6/6 8/8/8
f 9/9/9 11/11/11 13/13/13
f 12/12/12 10/10/10 8/8/8
f 11/11/11 15/15/15 13/13/13
f 14/14/14 10/10/10 12/12/12
f 13/13/13 15/15/15 17/17/17
f 16/16/16 14/14/14 12/12/12
f 15/15/15 19/19/19 17/17/17
f 18/18/18 14/14/14 16/16/16
f 17/17/17 19/19/19 21/21/21
f 20/20/20 18/18/18 16/16/16
f 19/19/19 23/23/23 21/21/21
f 22/22/22 18/18/18 20/20/20
f 21/21/21 23/23/23 25/25/25
f 24/24/24 22/22/22 20/20/20
f 23/23/23 27/27/27 25/25/25
f 26/26/26 22/22/22 24/24/24
f 25/25/25 27/27/27 29/29/29
f 28/28/28 26/26/26 24/24/24
f 27/27/27 31/31/31 29/29/29
f 30/30/30 26/26/26 28/28/28
f 29/29/29 31/31/31 33/33/33
f 32/32/32 30/30/30 28/28/28
f 31/31/31 35/35/35 33/33/33
f 34/34/34 30/30/30 32/32/32
f 33/33/33 35/35/35 37/37/37
f 36/36/36 34/34/34 32/32/32
f 35/35/35 39/39/39 37/37/37
f 38/38/38 34/34/34 36/36/36
f 37/37/37 39/39/39 41/41/41
f 40/40/40 38/38/38 36/36/36
f 39/39/39 43/43/43 41/41/41
f 42/42/42 38/38/38 40/40/40
f 41/41/41 43/43/43 45/45/45
f 44/44/44 42/42/42 40/40/40
f 43/43/43 47/47/47 45/45/45
f 46/46/46 42/42/42 44/44/44
f 45/45/45 47/47/47 49/49/49
f 48/48/48 46/46/46 44/44/44
f 47/47/47 51/51/51 49/49/49
f 50/50/50 46/46/46 48/48/48
f 49/49/49 51/51/51 53/53/53
f 52/52/52 50/50/50 48/48/48
f 51/51/51 55/55/55 53/53/53
f 54/54/54 50/50/50 52/52/52
f 53/53/53 55/55/55 57/57/57
f 56/56/56 54/54/54 52/52/52
f 55/55/55 59/59/59 57/57/57
f 58/58/58 54/54/54 56/56/56
f 57/57/57 59/59/59 61/61/61
f 60/60/60 58/58/58 56/56/56
f 59/59/59 63/63/63 61/61/61
f 62/62/62 58/58/58 60/60/60
f 61/61/61 63/63/63 64/64/64
f 64/64/64 62/62/62 60/60/60
f 63/63/63 62/62/62 64/64/64
f 67/67/67 66/66/66 65/65/65
f 65/65/65 66/66/66 69/69/69
f 68/68/68 67/67/67 65/65/65
f 66/66/66 72/72/72 69/69/69
f 69/69/69 72/72/72 73/73/73
f 70/70/70 67/67/67 68/68/68
f 71/71/71 70/70/70 68/68/68
f 72/72/72 76/76/76 73/73/73
f 73/73/73 76/76/76 77/77/77
f 74/74/74 70/70/70 71/71/71
f 75/75/75 74/74/74 71/71/71
f 76/76/76 80/80/80 77/77/77
f 77/77/77 80/80/80 81/81/81
f 78/78/78 74/74/74 75/75/75
f 79/79/79 78/78/78 75/75/75
f 80/80/80 84/84/84 81/81/81
f 81/81/81 84/84/84 85/85/85
f 82/82/82 78/78/78 79/79/79
f 83/83/83 82/82/82 79/79/79
f 84/84/84 88/88/88 85/85/85
f 85/85/85 88/88/88 89/89/89
f 86/86/86 82/82/82 83/83/83
f 87/87/87 86/86/86 83/83/83
f 88/88/88 92/92/92 89/89/89
f 89/89/89 92/92/92 93/93/93
f 90/90/90 86/86/86 87/87/87
f 91/91/91 90/90/90 87/87/87
f 92/92/92 96/96/96 93/93/93
f 93/93/93 96/96/96 97/97/97
f 94/94/94 90/90/90 91/91/91
f 95/95/95 94/94/94 91/91/91
f 96/96/96 100/100/100 97/97/97
f 97/97/97 100/100/100 101/101/101
f 98/98/98 94/94/94 95/95/95
f 99/99/99 98/98/98 95/95/95
f 100/100/100 104/104/104 101/101/101
f 101/101/101 104/104/104 105/105/105
f 102/102/102 98/98/98 99/99/99
f 103/103/103 102/102/102 99/99/99
f 104/104/104 108/108/108 105/105/105
f 105/105/105 108/108/108 109/109/109
f 106/106/106 102/102/102 103/103/103
f 107/107/107 106/106/106 103/103/103
f 108/108/108 112/112/112 109/109/109
f 109/109/109 112/112/112 113/113/113
f 110/110/110 106/106/106 107/107/107
f 111/111/111 110/110/110 107/107/107
f 112/112/112 116/116/116 113/113/113
f 113/113/113 116/116/116 117/117/117
f 114/114/114 110/110/110 111/111/111
f 115/115/115 114/114/114 111/111/111
f 116/116/116 120/120/120 117/117/117
f 117/117/117 120/120/120 121/121/121
f 118/118/118 114/114/114 115/115/115
f 119/119/119 118/118/118 115/115/115
f 120/120/120 124/124/124 121/121/121
f 121/121/121 124/124/124 125/125/125
f 122/122/122 118/118/118 119/119/119
f 123/123/123 122/122/122 119/119/119
f 124/124/124 128/128/128 125/125/125
f 125/125/125 128/128/128 127/127/127
f 127/127/127 126/126/126 123/123/123
f 128/128/128 126/126/126 127/127/127
f 126/126/126 122/122/122 123/123/123
f 124/124/124 131/131/131 128/128/128
f 128/128/128 130/130/130 126/126/126
f 131/131/131 130/130/130 128/128/128
f 126/126/126 129/129/129 122/122/122
f 130/130/130 129/129/129 126/126/126
f 122/122/122 187/187/187 118/118/118
f 129/129/129 187/187/187 122/122/122
f 118/118/118 185/185/185 114/114/114
f 187/187/187 185/185/185 118/118/118
f 185/185/185 183/183/183 114/114/114
f 114/114/114 183/183/183 110/110/110
f 187/187/187 188/188/188 185/185/185
f 183/183/183 181/181/181 110/110/110
f 110/110/110 181/181/181 106/106/106
f 185/185/185 186/186/186 183/183/183
f 188/188/188 186/186/186 185/185/185
f 183/183/183 184/184/184 181/181/181
f 186/186/186 184/184/184 183/183/183
f 181/181/181 179/179/179 106/106/106
f 106/106/106 179/179/179 102/102/102
f 184/184/184 182/182/182 181/181/181
f 181/181/181 182/182/182 179/179/179
f 179/179/179 177/177/177 102/102/102
f 102/102/102 177/177/177 98/98/98
f 182/182/182 180/180/180 179/179/179
f 179/179/179 180/180/180 177/177/177
f 177/177/177 175/175/175 98/98/98
f 98/98/98 175/175/175 94/94/94
f 180/180/180 178/178/178 177/177/177
f 177/177/177 178/178/178 175/175/175
f 175/175/175 173/173/173 94/94/94
f 94/94/94 173/173/173 90/90/90
f 178/178/178 176/176/176 175/175/175
f 175/175/175 176/176/176 173/173/173
f 173/173/173 171/171/171 90/90/90
f 90/90/90 171/171/171 86/86/86
f 176/176/176 174/174/174 173/173/173
f 173/173/173 174/174/174 171/171/171
f 171/171/171 169/169/169 86/86/86
f 86/86/86 169/169/169 82/82/82
f 174/174/174 172/172/172 171/171/171
f 171/171/171 172/172/172 169/169/169
f 169/169/169 167/167/167 82/82/82
f 82/82/82 167/167/167 78/78/78
f 172/172/172 170/170/170 169/169/169
f 169/169/169 170/170/170 167/167/167
f 167/167/167 165/165/165 78/78/78
f 78/78/78 165/165/165 74/74/74
f 170/170/170 168/168/168 167/167/167
f 167/167/167 168/168/168 165/165/165
f 165/165/165 163/163/163 74/74/74
f 74/74/74 163/163/163 70/70/70
f 168/168/168 166/166/166 165/165/165
f 165/165/165 166/166/166 163/163/163
f 163/163/163 161/161/161 70/70/70
f 70/70/70 161/161/161 67/67/67
f 166/166/166 164/164/164 163/163/163
f 163/163/163 164/164/164 161/161/161
f 161/161/161 159/159/159 67/67/67
f 67/67/67 159/159/159 66/66/66
f 164/164/164 162/162/162 161/161/161
f 161/161/161 162/162/162 159/159/159
f 159/159/159 157/157/157 66/66/66
f 66/66/66 157/157/157 72/72/72
f 162/162/162 160/160/160 159/159/159
f 159/159/159 160/160/160 157/157/157
f 157/157/157 155/155/155 72/72/72
f 72/72/72 155/155/155 76/76/76
f 160/160/160 158/158/158 157/157/157
f 157/157/157 158/158/158 155/155/155
f 155/155/155 153/153/153 76/76/76
f 76/76/76 153/153/153 80/80/80
f 158/158/158 156/156/156 155/155/155
f 155/155/155 156/156/156 153/153/153
f 153/153/153 151/151/151 80/80/80
f 80/80/80 151/151/151 84/84/84
f 156/156/156 154/154/154 153/153/153
f 153/153/153 154/154/154 151/151/151
f 151/151/151 149/149/149 84/84/84
f 84/84/84 149/149/149 88/88/88
f 154/154/154 152/152/152 151/151/151
f 151/151/151 152/152/152 149/149/149
f 149/149/149 147/147/147 88/88/88
f 88/88/88 147/147/147 92/92/92
f 152/152/152 150/150/150 149/149/149
f 149/149/149 150/150/150 147/147/147
f 147/147/147 145/145/145 92/92/92
f 92/92/92 145/145/145 96/96/96
f 150/150/150 148/148/148 147/147/147
f 147/147/147 148/148/148 145/145/145
f 145/145/145 143/143/143 96/96/96
f 96/96/96 143/143/143 100/100/100
f 148/148/148 146/146/146 145/145/145
f 145/145/145 146/146/146 143/143/143
f 143/143/143 141/141/141 100/100/100
f 100/100/100 141/141/141 104/104/104
f 146/146/146 144/144/144 143/143/143
f 143/143/143 144/144/144 141/141/141
f 141/141/141 139/139/139 104/104/104
f 104/104/104 139/139/139 108/108/108
f 144/144/144 142/142/142 141/141/141
f 141/141/141 142/142/142 139/139/139
f 139/139/139 136/136/136 108/108/108
f 108/108/108 136/136/136 112/112/112
f 142/142/142 140/140/140 139/139/139
f 139/139/139 140/140/140 136/136/136
f 136/136/136 134/134/134 112/112/112
f 112/112/112 134/134/134 116/116/116
f 140/140/140 138/138/138 136/136/136
f 136/136/136 138/138/138 134/134/134
f 134/134/134 133/133/133 116/116/116
f 116/116/116 133/133/133 120/120/120
f 138/138/138 137/137/137 134/134/134
f 134/134/134 137/137/137 133/133/133
f 133/133/133 132/132/132 120/120/120
f 120/120/120 132/132/132 124/124/124
f 132/132/132 131/131/131 124/124/124
f 137/137/137 135/135/135 133/133/133
f 133/133/133 135/135/135 132/132/132
f 132/132/132 195/195/195 131/131/131
f 135/135/135 195/195/195 132/132/132
f 195/195/195 192/192/192 131/131/131
f 131/131/131 192/192/192 130/130/130
f 135/135/135 197/197/197 195/195/195
f 192/192/192 190/190/190 130/130/130
f 130/130/130 190/190/190 129/129/129
f 195/195/195 196/196/196 192/192/192
f 197/197/197 196/196/196 195/195/195
f 192/192/192 194/194/194 190/190/190
f 196/196/196 194/194/194 192/192/192
f 190/190/190 189/189/189 129/129/129
f 129/129/129 189/189/189 187/187/187
f 189/189/189 188/188/188 187/187/187
f 194/194/194 193/193/193 190/190/190
f 190/190/190 193/193/193 189/189/189
f 189/189/189 191/191/191 188/188/188
f 193/193/193 191/191/191 189/189/189
f 191/191/191 251/251/251 188/188/188
f 188/188/188 251/251/251 186/186/186
f 193/193/193 254/254/254 191/191/191
f 251/251/251 249/249/249 186/186/186
f 186/186/186 249/249/249 184/184/184
f 191/191/191 253/253/253 251/251/251
f 254/254/254 253/253/253 191/191/191
f 251/251/251 252/252/252 249/249/249
f 253/253/253 252/252/252 251/251/251
f 249/249/249 247/247/247 184/184/184
f 184/184/184 247/247/247 182/182/182
f 252/252/252 250/250/250 249/249/249
f 249/249/249 250/250/250 247/247/247
f 247/247/247 245/245/245 182/182/182
f 182/182/182 245/245/245 180/180/180
f 250/250/250 248/248/248 247/247/247
f 247/247/247 248/248/248 245/245/245
f 245/245/245 243/243/243 180/180/180
f 180/180/180 243/243/243 178/178/178
f 248/248/248 246/246/246 245/245/245
f 245/245/245 246/246/246 243/243/243
f 243/243/243 241/241/241 178/178/178
f 178/178/178 241/241/241 176/176/176
f 246/246/246 244/244/244 243/243/243
f 243/243/243 244/244/244 241/241/241
f 241/241/241 239/239/239 176/176/176
f 176/176/176 239/239/239 174/174/174
f 244/244/244 242/242/242 241/241/241
f 241/241/241 242/242/242 239/239/239
f 239/239/239 237/237/237 174/174/174
f 174/174/174 237/237/237 172/172/172
f 242/242/242 240/240/240 239/239/239
f 239/239/239 240/240/240 237/237/237
f 237/237/237 235/235/235 172/172/172
f 172/172/172 235/235/235 170/170/170
f 240/240/240 238/238/238 237/237/237
f 237/237/237 238/238/238 235/235/235
f 235/235/235 233/233/233 170/170/170
f 170/170/170 233/233/233 168/168/168
f 238/238/238 236/236/236 235/235/235
f 235/235/235 236/236/236 233/233/233
f 233/233/233 231/231/231 168/168/168
f 168/168/168 231/231/231 166/166/166
f 236/236/236 234/234/234 233/233/233
f 233/233/233 234/234/234 231/231/231
f 231/231/231 229/229/229 166/166/166
f 166/166/166 229/229/229 164/164/164
f 234/234/234 232/232/232 231/231/231
f 231/231/231 232/232/232 229/229/229
f 229/229/229 227/227/227 164/164/164
f 164/164/164 227/227/227 162/162/162
f 232/232/232 230/230/230 229/229/229
f 229/229/229 230/230/230 227/227/227
f 227/227/227 225/225/225 162/162/162
f 162/162/162 225/225/225 160/160/160
f 230/230/230 228/228/228 227/227/227
f 227/227/227 228/228/228 225/225/225
f 225/225/225 223/223/223 160/160/160
f 160/160/160 223/223/223 158/158/158
f 228/228/228 226/226/226 225/225/225
f 225/225/225 226/226/226 223/223/223
f 223/223/223 221/221/221 158/158/158
f 158/158/158 221/221/221 156/156/156
f 226/226/226 224/224/224 223/223/223
f 223/223/223 224/224/224 221/221/221
f 221/221/221 219/219/219 156/156/156
f 156/156/156 219/219/219 154/154/154
f 224/224/224 222/222/222 221/221/221
f 221/221/221 222/222/222 219/219/219
f 219/219/219 217/217/217 154/154/154
f 154/154/154 217/217/217 152/152/152
f 222/222/222 220/220/220 219/219/219
f 219/219/219 220/220/220 217/217/217
f 217/217/217 215/215/215 152/152/152
f 152/152/152 215/215/215 150/150/150
f 220/220/220 218/218/218 217/217/217
f 217/217/217 218/218/218 215/215/215
f 215/215/215 213/213/213 150/150/150
f 150/150/150 213/213/213 148/148/148
f 218/218/218 216/216/216 215/215/215
f 215/215/215 216/216/216 213/213/213
f 213/213/213 211/211/211 148/148/148
f 148/148/148 211/211/211 146/146/146
f 216/216/216 214/214/214 213/213/213
f 213/213/213 214/214/214 211/211/211
f 211/211/211 209/209/209 146/146/146
f 146/146/146 209/209/209 144/144/144
f 214/214/214 212/212/212 211/211/211
f 211/211/211 212/212/212 209/209/209
f 209/209/209 207/207/207 144/144/144
f 144/144/144 207/207/207 142/142/142
f 212/212/212 210/210/210 209/209/209
f 209/209/209 210/210/210 207/207/207
f 207/207/207 205/205/205 142/142/142
f 142/142/142 205/205/205 140/140/140
f 210/210/210 208/208/208 207/207/207
f 207/207/207 208/208/208 205/205/205
f 205/205/205 203/203/203 140/140/140
f 140/140/140 203/203/203 138/138/138
f 208/208/208 206/206/206 205/205/205
f 205/205/205 206/206/206 203/203/203
f 203/203/203 200/200/200 138/138/138
f 138/138/138 200/200/200 137/137/137
f 206/206/206 204/204/204 203/203/203
f 203/203/203 204/204/204 200/200/200
f 200/200/200 198/198/198 137/137/137
f 137/137/137 198/198/198 135/135/135
f 198/198/198 197/197/197 135/135/135
f 204/204/204 202/202/202 200/200/200
f 200/200/200 202/202/202 198/198/198
f 198/198/198 201/201/201 197/197/197
f 202/202/202 201/201/201 198/198/198
f 201/201/201 199/199/199 197/197/197
f 197/197/197 199/199/199 196/196/196
f 202/202/202 264/264/264 201/201/201
f 199/199/199 259/259/259 196/196/196
f 196/196/196 259/259/259 194/194/194
f 201/201/201 262/262/262 199/199/199
f 264/264/264 262/262/262 201/201/201
f 199/199/199 261/261/261 259/259/259
f 262/262/262 261/261/261 199/199/199
f 259/259/259 256/256/256 194/194/194
f 194/194/194 256/256/256 193/193/193
f 256/256/256 254/254/254 193/193/193
f 261/261/261 260/260/260 259/259/259
f 259/259/259 260/260/260 256/256/256
f 256/256/256 258/258/258 254/254/254
f 260/260/260 258/258/258 256/256/256
f 258/258/258 257/257/257 254/254/254
f 254/254/254 257/257/257 253/253/253
f 260/260/260 323/323/323 258/258/258
f 257/257/257 255/255/255 253/253/253
f 253/253/253 255/255/255 252/252/252
f 258/258/258 320/320/320 257/257/257
f 323/323/323 320/320/320 258/258/258
f 257/257/257 318/318/318 255/255/255
f 320/320/320 318/318/318 257/257/257
f 255/255/255 315/315/315 252/252/252
f 252/252/252 315/315/315 250/250/250
f 318/318/318 317/317/317 255/255/255
f 255/255/255 317/317/317 315/315/315
f 315/315/315 313/313/313 250/250/250
f 250/250/250 313/313/313 248/248/248
f 317/317/317 316/316/316 315/315/315
f 315/315/315 316/316/316 313/313/313
f 313/313/313 311/311/311 248/248/248
f 248/248/248 311/311/311 246/246/246
f 316/316/316 314/314/314 313/313/313
f 313/313/313 314/314/314 311/311/311
f 311/311/311 309/309/309 246/246/246
f 246/246/246 309/309/309 244/244/244
f 314/314/314 312/312/312 311/311/311
f 311/311/311 312/312/312 309/309/309
f 309/309/309 307/307/307 244/244/244
f 244/244/244 307/307/307 242/242/242
f 312/312/312 310/310/310 309/309/309
f 309/309/309 310/310/310 307/307/307
f 307/307/307 305/305/305 242/242/242
f 242/242/242 305/305/305 240/240/240
f 310/310/310 308/308/308 307/307/307
f 307/307/307 308/308/308 305/305/305
f 305/305/305 303/303/303 240/240/240
f 240/240/240 303/303/303 238/238/238
f 308/308/308 306/306/306 305/305/305
f 305/305/305 306/306/306 303/303/303
f 303/303/303 301/301/301 238/238/238
f 238/238/238 301/301/301 236/236/236
f 306/306/306 304/304/304 303/303/303
f 303/303/303 304/304/304 301/301/301
f 301/301/301 299/299/299 236/236/236
f 236/236/236 299/299/299 234/234/234
f 304/304/304 302/302/302 301/301/301
f 301/301/301 302/302/302 299/299/299
f 299/299/299 297/297/297 234/234/234
f 234/234/234 297/297/297 232/232/232
f 302/302/302 300/300/300 299/299/299
f 299/299/299 300/300/300 297/297/297
f 297/297/297 295/295/295 232/232/232
f 232/232/232 295/295/295 230/230/230
f 300/300/300 298/298/298 297/297/297
f 297/297/297 298/298/298 295/295/295
f 295/295/295 293/293/293 230/230/230
f 230/230/230 293/293/293 228/228/228
f 298/298/298 296/296/296 295/295/295
f 295/295/295 296/296/296 293/293/293
f 293/293/293 291/291/291 228/228/228
f 228/228/228 291/291/291 226/226/226
f 296/296/296 294/294/294 293/293/293
f 293/293/293 294/294/294 291/291/291
f 291/291/291 289/289/289 226/226/226
f 226/226/226 289/289/289 224/224/224
f 294/294/294 292/292/292 291/291/291
f 291/291/291 292/292/292 289/289/289
f 289/289/289 287/287/287 224/224/224
f 224/224/224 287/287/287 222/222/222
f 292/292/292 290/290/290 289/289/289
f 289/289/289 290/290/290 287/287/287
f 287/287/287 285/285/285 222/222/222
f 222/222/222 285/285/285 220/220/220
f 290/290/290 288/288/288 287/287/287
f 287/287/287 288/288/288 285/285/285
f 285/285/285 283/283/283 220/220/220
f 220/220/220 283/283/283 218/218/218
f 288/288/288 286/286/286 285/285/285
f 285/285/285 286/286/286 283/283/283
f 283/283/283 281/281/281 218/218/218
f 218/218/218 281/281/281 216/216/216
f 286/286/286 284/284/284 283/283/283
f 283/283/283 284/284/284 281/281/281
f 281/281/281 279/279/279 216/216/216
f 216/216/216 279/279/279 214/214/214
f 284/284/284 282/282/282 281/281/281
f 281/281/281 282/282/282 279/279/279
f 279/279/279 277/277/277 214/214/214
f 214/214/214 277/277/277 212/212/212
f 282/282/282 280/280/280 279/279/279
f 279/279/279 280/280/280 277/277/277
f 277/277/277 275/275/275 212/212/212
f 212/212/212 275/275/275 210/210/210
f 280/280/280 278/278/278 277/277/277
f 277/277/277 278/278/278 275/275/275
f 275/275/275 273/273/273 210/210/210
f 210/210/210 273/273/273 208/208/208
f 278/278/278 276/276/276 275/275/275
f 275/275/275 276/276/276 273/273/273
f 273/273/273 271/271/271 208/208/208
f 208/208/208 271/271/271 206/206/206
f 276/276/276 274/274/274 273/273/273
f 273/273/273 274/274/274 271/271/271
f 271/271/271 269/269/269 206/206/206
f 206/206/206 269/269/269 204/204/204
f 274/274/274 272/272/272 271/271/271
f 271/271/271 272/272/272 269/269/269
f 269/269/269 267/267/267 204/204/204
f 204/204/204 267/267/267 202/202/202
f 267/267/267 264/264/264 202/202/202
f 272/272/272 270/270/270 269/269/269
f 269/269/269 270/270/270 267/267/267
f 267/267/267 268/268/268 264/264/264
f 270/270/270 268/268/268 267/267/267
f 268/268/268 266/266/266 264/264/264
f 264/264/264 266/266/266 262/262/262
f 270/270/270 333/333/333 268/268/268
f 266/266/266 265/265/265 262/262/262
f 262/262/262 265/265/265 261/261/261
f 268/268/268 331/331/331 266/266/266
f 333/333/333 331/331/331 268/268/268
f 266/266/266 328/328/328 265/265/265
f 331/331/331 328/328/328 266/266/266
f 265/265/265 263/263/263 261/261/261
f 261/261/261 263/263/263 260/260/260
f 263/263/263 323/323/323 260/260/260
f 328/328/328 326/326/326 265/265/265
f 265/265/265 326/326/326 263/263/263
f 263/263/263 325/325/325 323/323/323
f 326/326/326 325/325/325 263/263/263
f 325/325/325 324/324/324 323/323/323
f 323/323/323 324/324/324 320/320/320
f 326/326/326 329/329/329 325/325/325
f 324/324/324 322/322/322 320/320/320
f 320/320/320 322/322/322 318/318/318
f 325/325/325 327/327/327 324/324/324
f 329/329/329 327/327/327 325/325/325
f 324/324/324 387/387/387 322/322/322
f 327/327/327 387/387/387 324/324/324
f 322/322/322 321/321/321 318/318/318
f 318/318/318 321/321/321 317/317/317
f 387/387/387 384/384/384 322/322/322
f 322/322/322 384/384/384 321/321/321
f 321/321/321 319/319/319 317/317/317
f 317/317/317 319/319/319 316/316/316
f 384/384/384 382/382/382 321/321/321
f 321/321/321 382/382/382 319/319/319
f 319/319/319 379/379/379 316/316/316
f 316/316/316 379/379/379 314/314/314
f 382/382/382 381/381/381 319/319/319
f 319/319/319 381/381/381 379/379/379
f 379/379/379 377/377/377 314/314/314
f 314/314/314 377/377/377 312/312/312
f 381/381/381 380/380/380 379/379/379
f 379/379/379 380/380/380 377/377/377
f 377/377/377 375/375/375 312/312/312
f 312/312/312 375/375/375 310/310/310
f 380/380/380 378/378/378 377/377/377
f 377/377/377 378/378/378 375/375/375
f 375/375/375 373/373/373 310/310/310
f 310/310/310 373/373/373 308/308/308
f 378/378/378 376/376/376 375/375/375
f 375/375/375 376/376/376 373/373/373
f 373/373/373 371/371/371 308/308/308
f 308/308/308 371/371/371 306/306/306
f 376/376/376 374/374/374 373/373/373
f 373/373/373 374/374/374 371/371/371
f 371/371/371 369/369/369 306/306/306
f 306/306/306 369/369/369 304/304/304
f 374/374/374 372/372/372 371/371/371
f 371/371/371 372/372/372 369/369/369
f 369/369/369 367/367/367 304/304/304
f 304/304/304 367/367/367 302/302/302
f 372/372/372 370/370/370 369/369/369
f 369/369/369 370/370/370 367/367/367
f 367/367/367 365/365/365 302/302/302
f 302/302/302 365/365/365 300/300/300
f 370/370/370 368/368/368 367/367/367
f 367/367/367 368/368/368 365/365/365
f 365/365/365 363/363/363 300/300/300
f 300/300/300 363/363/363 298/298/298
f 368/368/368 366/366/366 365/365/365
f 365/365/365 366/366/366 363/363/363
f 363/363/363 361/361/361 298/298/298
f 298/298/298 361/361/361 296/296/296
f 366/366/366 364/364/364 363/363/363
f 363/363/363 364/364/364 361/361/361
f 361/361/361 359/359/359 296/296/296
f 296/296/296 359/359/359 294/294/294
f 364/364/364 362/362/362 361/361/361
f 361/361/361 362/362/362 359/359/359
f 359/359/359 357/357/357 294/294/294
f 294/294/294 357/357/357 292/292/292
f 362/362/362 360/360/360 359/359/359
f 359/359/359 360/360/360 357/357/357
f 357/357/357 355/355/355 292/292/292
f 292/292/292 355/355/355 290/290/290
f 360/360/360 358/358/358 357/357/357
f 357/357/357 358/358/358 355/355/355
f 355/355/355 353/353/353 290/290/290
f 290/290/290 353/353/353 288/288/288
f 358/358/358 356/356/356 355/355/355
f 355/355/355 356/356/356 353/353/353
f 353/353/353 351/351/351 288/288/288
f 288/288/288 351/351/351 286/286/286
f 356/356/356 354/354/354 353/353/353
f 353/353/353 354/354/354 351/351/351
f 351/351/351 349/349/349 286/286/286
f 286/286/286 349/349/349 284/284/284
f 354/354/354 352/352/352 351/351/351
f 351/351/351 352/352/352 349/349/349
f 349/349/349 347/347/347 284/284/284
f 284/284/284 347/347/347 282/282/282
f 352/352/352 350/350/350 349/349/349
f 349/349/349 350/350/350 347/347/347
f 347/347/347 345/345/345 282/282/282
f 282/282/282 345/345/345 280/280/280
f 350/350/350 348/348/348 347/347/347
f 347/347/347 348/348/348 345/345/345
f 345/345/345 343/343/343 280/280/280
f 280/280/280 343/343/343 278/278/278
f 348/348/348 346/346/346 345/345/345
f 345/345/345 346/346/346 343/343/343
f 343/343/343 341/341/341 278/278/278
f 278/278/278 341/341/341 276/276/276
f 346/346/346 344/344/344 343/343/343
f 343/343/343 344/344/344 341/341/341
f 341/341/341 339/339/339 276/276/276
f 276/276/276 339/339/339 274/274/274
f 344/344/344 342/342/342 341/341/341
f 341/341/341 342/342/342 339/339/339
f 339/339/339 337/337/337 274/274/274
f 274/274/274 337/337/337 272/272/272
f 342/342/342 340/340/340 339/339/339
f 339/339/339 340/340/340 337/337/337
f 337/337/337 335/335/335 272/272/272
f 272/272/272 335/335/335 270/270/270
f 335/335/335 333/333/333 270/270/270
f 340/340/340 338/338/338 337/337/337
f 337/337/337 338/338/338 335/335/335
f 335/335/335 336/336/336 333/333/333
f 338/338/338 336/336/336 335/335/335
f 336/336/336 334/334/334 333/333/333
f 333/333/333 334/334/334 331/331/331
f 338/338/338 401/401/401 336/336/336
f 334/334/334 332/332/332 331/331/331
f 331/331/331 332/332/332 328/328/328
f 336/336/336 399/399/399 334/334/334
f 401/401/401 399/399/399 336/336/336
f 334/334/334 397/397/397 332/332/332
f 399/399/399 397/397/397 334/334/334
f 332/332/332 330/330/330 328/328/328
f 328/328/328 330/330/330 326/326/326
f 330/330/330 329/329/329 326/326/326
f 397/397/397 395/395/395 332/332/332
f 332/332/332 395/395/395 330/330/330
f 330/330/330 392/392/392 329/329/329
f 395/395/395 392/392/392 330/330/330
f 392/392/392 390/390/390 329/329/329
f 329/329/329 390/390/390 327/327/327
f 395/395/395 396/396/396 392/392/392
f 390/390/390 389/389/389 327/327/327
f 327/327/327 389/389/389 387/387/387
f 392/392/392 394/394/394 390/390/390
f 396/396/396 394/394/394 392/392/392
f 390/390/390 393/393/393 389/389/389
f 394/394/394 393/393/393 390/390/390
f 389/389/389 388/388/388 387/387/387
f 387/387/387 388/388/388 384/384/384
f 393/393/393 391/391/391 389/389/389
f 389/389/389 391/391/391 388/388/388
f 388/388/388 386/386/386 384/384/384
f 384/384/384 386/386/386 382/382/382
f 391/391/391 451/451/451 388/388/388
f 388/388/388 451/451/451 386/386/386
f 386/386/386 385/385/385 382/382/382
f 382/382/382 385/385/385 381/381/381
f 451/451/451 448/448/448 386/386/386
f 386/386/386 448/448/448 385/385/385
f 385/385/385 383/383/383 381/381/381
f 381/381/381 383/383/383 380/380/380
f 448/448/448 446/446/446 385/385/385
f 385/385/385 446/446/446 383/383/383
f 383/383/383 443/443/443 380/380/380
f 380/380/380 443/443/443 378/378/378
f 446/446/446 445/445/445 383/383/383
f 383/383/383 445/445/445 443/443/443
f 443/443/443 441/441/441 378/378/378
f 378/378/378 441/441/441 376/376/376
f 445/445/445 444/444/444 443/443/443
f 443/443/443 444/444/444 441/441/441
f 441/441/441 439/439/439 376/376/376
f 376/376/376 439/439/439 374/374/374
f 444/444/444 442/442/442 441/441/441
f 441/441/441 442/442/442 439/439/439
f 439/439/439 437/437/437 374/374/374
f 374/374/374 437/437/437 372/372/372
f 442/442/442 440/440/440 439/439/439
f 439/439/439 440/440/440 437/437/437
f 437/437/437 435/435/435 372/372/372
f 372/372/372 435/435/435 370/370/370
f 440/440/440 438/438/438 437/437/437
f 437/437/437 438/438/438 435/435/435
f 435/435/435 433/433/433 370/370/370
f 370/370/370 433/433/433 368/368/368
f 438/438/438 436/436/436 435/435/435
f 435/435/435 436/436/436 433/433/433
f 433/433/433 431/431/431 368/368/368
f 368/368/368 431/431/431 366/366/366
f 436/436/436 434/434/434 433/433/433
f 433/433/433 434/434/434 431/431/431
f 431/431/431 429/429/429 366/366/366
f 366/366/366 429/429/429 364/364/364
f 434/434/434 432/432/432 431/431/431
f 431/431/431 432/432/432 429/429/429
f 429/429/429 427/427/427 364/364/364
f 364/364/364 427/427/427 362/362/362
f 432/432/432 430/430/430 429/429/429
f 429/429/429 430/430/430 427/427/427
f 427/427/427 425/425/425 362/362/362
f 362/362/362 425/425/425 360/360/360
f 430/430/430 428/428/428 427/427/427
f 427/427/427 428/428/428 425/425/425
f 425/425/425 423/423/423 360/360/360
f 360/360/360 423/423/423 358/358/358
f 428/428/428 426/426/426 425/425/425
f 425/425/425 426/426/426 423/423/423
f 423/423/423 421/421/421 358/358/358
f 358/358/358 421/421/421 356/356/356
f 426/426/426 424/424/424 423/423/423
f 423/423/423 424/424/424 421/421/421
f 421/421/421 419/419/419 356/356/356
f 356/356/356 419/419/419 354/354/354
f 424/424/424 422/422/422 421/421/421
f 421/421/421 422/422/422 419/419/419
f 419/419/419 417/417/417 354/354/354
f 354/354/354 417/417/417 352/352/352
f 422/422/422 420/420/420 419/419/419
f 419/419/419 420/420/420 417/417/417
f 417/417/417 415/415/415 352/352/352
f 352/352/352 415/415/415 350/350/350
f 420/420/420 418/418/418 417/417/417
f 417/417/417 418/418/418 415/415/415
f 415/415/415 413/413/413 350/350/350
f 350/350/350 413/413/413 348/348/348
f 418/418/418 416/416/416 415/415/415
f 415/415/415 416/416/416 413/413/413
f 413/413/413 411/411/411 348/348/348
f 348/348/348 411/411/411 346/346/346
f 416/416/416 414/414/414 413/413/413
f 413/413/413 414/414/414 411/411/411
f 411/411/411 409/409/409 346/346/346
f 346/346/346 409/409/409 344/344/344
f 414/414/414 412/412/412 411/411/411
f 411/411/411 412/412/412 409/409/409
f 409/409/409 407/407/407 344/344/344
f 344/344/344 407/407/407 342/342/342
f 412/412/412 410/410/410 409/409/409
f 409/409/409 410/410/410 407/407/407
f 407/407/407 405/405/405 342/342/342
f 342/342/342 405/405/405 340/340/340
f 410/410/410 408/408/408 407/407/407
f 407/407/407 408/408/408 405/405/405
f 405/405/405 403/403/403 340/340/340
f 340/340/340 403/403/403 338/338/338
f 403/403/403 401/401/401 338/338/338
f 408/408/408 406/406/406 405/405/405
f 405/405/405 406/406/406 403/403/403
f 403/403/403 404/404/404 401/401/401
f 406/406/406 404/404/404 403/403/403
f 404/404/404 402/402/402 401/401/401
f 401/401/401 402/402/402 399/399/399
f 406/406/406 469/469/469 404/404/404
f 402/402/402 400/400/400 399/399/399
f 399/399/399 400/400/400 397/397/397
f 404/404/404 467/467/467 402/402/402
f 469/469/469 467/467/467 404/404/404
f 402/402/402 465/465/465 400/400/400
f 467/467/467 465/465/465 402/402/402
f 400/400/400 398/398/398 397/397/397
f 397/397/397 398/398/398 395/395/395
f 398/398/398 396/396/396 395/395/395
f 465/465/465 463/463/463 400/400/400
f 400/400/400 463/463/463 398/398/398
f 398/398/398 461/461/461 396/396/396
f 463/463/463 461/461/461 398/398/398
f 461/461/461 459/459/459 396/396/396
f 396/396/396 459/459/459 394/394/394
f 463/463/463 464/464/464 461/461/461
f 459/459/459 456/456/456 394/394/394
f 394/394/394 456/456/456 393/393/393
f 461/461/461 462/462/462 459/459/459
f 464/464/464 462/462/462 461/461/461
f 459/459/459 460/460/460 456/456/456
f 462/462/462 460/460/460 459/459/459
f 456/456/456 454/454/454 393/393/393
f 393/393/393 454/454/454 391/391/391
f 460/460/460 458/458/458 456/456/456
f 456/456/456 458/458/458 454/454/454
f 454/454/454 453/453/453 391/391/391
f 391/391/391 453/453/453 451/451/451
f 458/458/458 457/457/457 454/454/454
f 454/454/454 457/457/457 453/453/453
f 453/453/453 452/452/452 451/451/451
f 451/451/451 452/452/452 448/448/448
f 457/457/457 455/455/455 453/453/453
f 453/453/453 455/455/455 452/452/452
f 452/452/452 450/450/450 448/448/448
f 448/448/448 450/450/450 446/446/446
f 455/455/455 515/515/515 452/452/452
f 452/452/452 515/515/515 450/450/450
f 450/450/450 449/449/449 446/446/446
f 446/446/446 449/449/449 445/445/445
f 515/515/515 512/512/512 450/450/450
f 450/450/450 512/512/512 449/449/449
f 449/449/449 447/447/447 445/445/445
f 445/445/445 447/447/447 444/444/444
f 512/512/512 510/510/510 449/449/449
f 449/449/449 510/510/510 447/447/447
f 447/447/447 507/507/507 444/444/444
f 444/444/444 507/507/507 442/442/442
f 510/510/510 509/509/509 447/447/447
f 447/447/447 509/509/509 507/507/507
f 507/507/507 505/505/505 442/442/442
f 442/442/442 505/505/505 440/440/440
f 509/509/509 508/508/508 507/507/507
f 507/507/507 508/508/508 505/505/505
f 505/505/505 503/503/503 440/440/440
f 440/440/440 503/503/503 438/438/438
f 508/508/508 506/506/506 505/505/505
f 505/505/505 506/506/506 503/503/503
f 503/503/503 501/501/501 438/438/438
f 438/438/438 501/501/501 436/436/436
f 506/506/506 504/504/504 503/503/503
f 503/503/503 504/504/504 501/501/501
f 501/501/501 499/499/499 436/436/436
f 436/436/436 499/499/499 434/434/434
f 504/504/504 502/502/502 501/501/501
f 501/501/501 502/502/502 499/499/499
f 499/499/499 497/497/497 434/434/434
f 434/434/434 497/497/497 432/432/432
f 502/502/502 500/500/500 499/499/499
f 499/499/499 500/500/500 497/497/497
f 497/497/497 495/495/495 432/432/432
f 432/432/432 495/495/495 430/430/430
f 500/500/500 498/498/498 497/497/497
f 497/497/497 498/498/498 495/495/495
f 495/495/495 493/493/493 430/430/430
f 430/430/430 493/493/493 428/428/428
f 498/498/498 496/496/496 495/495/495
f 495/495/495 496/496/496 493/493/493
f 493/493/493 491/491/491 428/428/428
f 428/428/428 491/491/491 426/426/426
f 496/496/496 494/494/494 493/493/493
f 493/493/493 494/494/494 491/491/491
f 491/491/491 489/489/489 426/426/426
f 426/426/426 489/489/489 424/424/424
f 494/494/494 492/492/492 491/491/491
f 491/491/491 492/492/492 489/489/489
f 489/489/489 487/487/487 424/424/424
f 424/424/424 487/487/487 422/422/422
f 492/492/492 490/490/490 489/489/489
f 489/489/489 490/490/490 487/487/487
f 487/487/487 485/485/485 422/422/422
f 422/422/422 485/485/485 420/420/420
f 490/490/490 488/488/488 487/487/487
f 487/487/487 488/488/488 485/485/485
f 485/485/485 483/483/483 420/420/420
f 420/420/420 483/483/483 418/418/418
f 488/488/488 486/486/486 485/485/485
f 485/485/485 486/486/486 483/483/483
f 483/483/483 481/481/481 418/418/418
f 418/418/418 481/481/481 416/416/416
f 486/486/486 484/484/484 483/483/483
f 483/483/483 484/484/484 481/481/481
f 481/481/481 479/479/479 416/416/416
f 416/416/416 479/479/479 414/414/414
f 484/484/484 482/482/482 481/481/481
f 481/481/481 482/482/482 479/479/479
f 479/479/479 477/477/477 414/414/414
f 414/414/414 477/477/477 412/412/412
f 482/482/482 480/480/480 479/479/479
f 479/479/479 480/480/480 477/477/477
f 477/477/477 475/475/475 412/412/412
f 412/412/412 475/475/475 410/410/410
f 480/480/480 478/478/478 477/477/477
f 477/477/477 478/478/478 475/475/475
f 475/475/475 473/473/473 410/410/410
f 410/410/410 473/473/473 408/408/408
f 478/478/478 476/476/476 475/475/475
f 475/475/475 476/476/476 473/473/473
f 473/473/473 471/471/471 408/408/408
f 408/408/408 471/471/471 406/406/406
f 471/471/471 469/469/469 406/406/406
f 476/476/476 474/474/474 473/473/473
f 473/473/473 474/474/474 471/471/471
f 471/471/471 472/472/472 469/469/469
f 474/474/474 472/472/472 471/471/471
f 472/472/472 470/470/470 469/469/469
f 469/469/469 470/470/470 467/467/467
f 474/474/474 537/537/537 472/472/472
f 470/470/470 468/468/468 467/467/467
f 467/467/467 468/468/468 465/465/465
f 472/472/472 535/535/535 470/470/470
f 537/537/537 535/535/535 472/472/472
f 470/470/470 533/533/533 468/468/468
f 535/535/535 533/533/533 470/470/470
f 468/468/468 466/466/466 465/465/465
f 465/465/465 466/466/466 463/463/463
f 466/466/466 464/464/464 463/463/463
f 533/533/533 531/531/531 468/468/468
f 468/468/468 531/531/531 466/466/466
f 466/466/466 529/529/529 464/464/464
f 531/531/531 529/529/529 466/466/466
f 529/529/529 527/527/527 464/464/464
f 464/464/464 527/527/527 462/462/462
f 531/531/531 532/532/532 529/529/529
f 527/527/527 525/525/525 462/462/462
f 462/462/462 525/525/525 460/460/460
f 529/529/529 530/530/530 527/527/527
f 532/532/532 530/530/530 529/529/529
f 527/527/527 528/528/528 525/525/525
f 530/530/530 528/528/528 527/527/527
f 525/525/525 523/523/523 460/460/460
f 460/460/460 523/523/523 458/458/458
f 528/528/528 526/526/526 525/525/525
f 525/525/525 526/526/526 523/523/523
f 523/523/523 520/520/520 458/458/458
f 458/458/458 520/520/520 457/457/457
f 526/526/526 524/524/524 523/523/523
f 523/523/523 524/524/524 520/520/520
f 520/520/520 518/518/518 457/457/457
f 457/457/457 518/518/518 455/455/455
f 524/524/524 522/522/522 520/520/520
f 520/520/520 522/522/522 518/518/518
f 518/518/518 517/517/517 455/455/455
f 455/455/455 517/517/517 515/515/515
f 522/522/522 521/521/521 518/518/518
f 518/518/518 521/521/521 517/517/517
f 517/517/517 516/516/516 515/515/515
f 515/515/515 516/516/516 512/512/512
f 521/521/521 519/519/519 517/517/517
f 517/517/517 519/519/519 516/516/516
f 516/516/516 514/514/514 512/512/512
f 512/512/512 514/514/514 510/510/510
f 519/519/519 579/579/579 516/516/516
f 516/516/516 579/579/579 514/514/514
f 514/514/514 513/513/513 510/510/510
f 510/510/510 513/513/513 509/509/509
f 579/579/579 576/576/576 514/514/514
f 514/514/514 576/576/576 513/513/513
f 513/513/513 511/511/511 509/509/509
f 509/509/509 511/511/511 508/508/508
f 576/576/576 574/574/574 513/513/513
f 513/513/513 574/574/574 511/511/511
f 511/511/511 571/571/571 508/508/508
f 508/508/508 571/571/571 506/506/506
f 574/574/574 573/573/573 511/511/511
f 511/511/511 573/573/573 571/571/571
f 571/571/571 569/569/569 506/506/506
f 506/506/506 569/569/569 504/504/504
f 573/573/573 572/572/572 571/571/571
f 571/571/571 572/572/572 569/569/569
f 569/569/569 567/567/567 504/504/504
f 504/504/504 567/567/567 502/502/502
f 572/572/572 570/570/570 569/569/569
f 569/569/569 570/570/570 567/567/567
f 567/567/567 565/565/565 502/502/502
f 502/502/502 565/565/565 500/500/500
f 570/570/570 568/568/568 567/567/567
f 567/567/567 568/568/568 565/565/565
f 565/565/565 563/563/563 500/500/500
f 500/500/500 563/563/563 498/498/498
f 568/568/568 566/566/566 565/565/565
f 565/565/565 566/566/566 563/563/563
f 563/563/563 561/561/561 498/498/498
f 498/498/498 561/561/561 496/496/496
f 566/566/566 564/564/564 563/563/563
f 563/563/563 564/564/564 561/561/561
f 561/561/561 559/559/559 496/496/496
f 496/496/496 559/559/559 494/494/494
f 564/564/564 562/562/562 561/561/561
f 561/561/561 562/562/562 559/559/559
f 559/559/559 557/557/557 494/494/494
f 494/494/494 557/557/557 492/492/492
f 562/562/562 560/560/560 559/559/559
f 559/559/559 560/560/560 557/557/557
f 557/557/557 555/555/555 492/492/492
f 492/492/492 555/555/555 490/490/490
f 560/560/560 558/558/558 557/557/557
f 557/557/557 558/558/558 555/555/555
f 555/555/555 553/553/553 490/490/490
f 490/490/490 553/553/553 488/488/488
f 558/558/558 556/556/556 555/555/555
f 555/555/555 556/556/556 553/553/553
f 553/553/553 551/551/551 488/488/488
f 488/488/488 551/551/551 486/486/486
f 556/556/556 554/554/554 553/553/553
f 553/553/553 554/554/554 551/551/551
f 551/551/551 549/549/549 486/486/486
f 486/486/486 549/549/549 484/484/484
f 554/554/554 552/552/552 551/551/551
f 551/551/551 552/552/552 549/549/549
f 549/549/549 547/547/547 484/484/484
f 484/484/484 547/547/547 482/482/482
f 552/552/552 550/550/550 549/549/549
f 549/549/549 550/550/550 547/547/547
f 547/547/547 545/545/545 482/482/482
f 482/482/482 545/545/545 480/480/480
f 550/550/550 548/548/548 547/547/547
f 547/547/547 548/548/548 545/545/545
f 545/545/545 543/543/543 480/480/480
f 480/480/480 543/543/543 478/478/478
f 548/548/548 546/546/546 545/545/545
f 545/545/545 546/546/546 543/543/543
f 543/543/543 541/541/541 478/478/478
f 478/478/478 541/541/541 476/476/476
f 546/546/546 544/544/544 543/543/543
f 543/543/543 544/544/544 541/541/541
f 541/541/541 539/539/539 476/476/476
f 476/476/476 539/539/539 474/474/474
f 539/539/539 537/537/537 474/474/474
f 544/544/544 542/542/542 541/541/541
f 541/541/541 542/542/542 539/539/539
f 539/539/539 540/540/540 537/537/537
f 542/542/542 540/540/540 539/539/539
f 540/540/540 538/538/538 537/537/537
f 537/537/537 538/538/538 535/535/535
f 542/542/542 636/636/636 540/540/540
f 538/538/538 536/536/536 535/535/535
f 535/535/535 536/536/536 533/533/533
f 540/540/540 632/632/632 538/538/538
f 636/636/636 632/632/632 540/540/540
f 538/538/538 628/628/628 536/536/536
f 632/632/632 628/628/628 538/538/538
f 536/536/536 534/534/534 533/533/533
f 533/533/533 534/534/534 531/531/531
f 534/534/534 532/532/532 531/531/531
f 632/632/632 629/629/629 628/628/628
f 633/633/633 629/629/629 632/632/632
f 636/636/636 633/633/633 632/632/632
f 629/629/629 625/625/625 628/628/628
f 637/637/637 633/633/633 636/636/636
f 628/628/628 625/625/625 624/624/624
f 628/628/628 624/624/624 536/536/536
f 536/536/536 624/624/624 534/534/534
f 625/625/625 621/621/621 624/624/624
f 640/640/640 637/637/637 636/636/636
f 640/640/640 636/636/636 542/542/542
f 544/544/544 640/640/640 542/542/542
f 639/639/639 637/637/637 640/640/640
f 624/624/624 621/621/621 620/620/620
f 624/624/624 620/620/620 534/534/534
f 534/534/534 620/620/620 532/532/532
f 621/621/621 617/617/617 620/620/620
f 638/638/638 639/639/639 640/640/640
f 638/638/638 640/640/640 544/544/544
f 546/546/546 638/638/638 544/544/544
f 635/635/635 639/639/639 638/638/638
f 620/620/620 617/617/617 616/616/616
f 620/620/620 616/616/616 532/532/532
f 617/617/617 613/613/613 616/616/616
f 532/532/532 616/616/616 530/530/530
f 634/634/634 635/635/635 638/638/638
f 634/634/634 638/638/638 546/546/546
f 548/548/548 634/634/634 546/546/546
f 631/631/631 635/635/635 634/634/634
f 616/616/616 612/612/612 530/530/530
f 616/616/616 613/613/613 612/612/612
f 530/530/530 612/612/612 528/528/528
f 613/613/613 609/609/609 612/612/612
f 630/630/630 631/631/631 634/634/634
f 630/630/630 634/634/634 548/548/548
f 627/627/627 631/631/631 630/630/630
f 550/550/550 630/630/630 548/548/548
f 612/612/612 609/609/609 608/608/608
f 612/612/612 608/608/608 528/528/528
f 609/609/609 605/605/605 608/608/608
f 528/528/528 608/608/608 526/526/526
f 626/626/626 630/630/630 550/550/550
f 626/626/626 627/627/627 630/630/630
f 552/552/552 626/626/626 550/550/550
f 623/623/623 627/627/627 626/626/626
f 608/608/608 604/604/604 526/526/526
f 608/608/608 605/605/605 604/604/604
f 526/526/526 604/604/604 524/524/524
f 605/605/605 601/601/601 604/604/604
f 622/622/622 623/623/623 626/626/626
f 622/622/622 626/626/626 552/552/552
f 619/619/619 623/623/623 622/622/622
f 554/554/554 622/622/622 552/552/552
f 604/604/604 601/601/601 600/600/600
f 604/604/604 600/600/600 524/524/524
f 601/601/601 597/597/597 600/600/600
f 524/524/524 600/600/600 522/522/522
f 618/618/618 622/622/622 554/554/554
f 618/618/618 619/619/619 622/622/622
f 556/556/556 618/618/618 554/554/554
f 615/615/615 619/619/619 618/618/618
f 600/600/600 596/596/596 522/522/522
f 600/600/600 597/597/597 596/596/596
f 522/522/522 596/596/596 521/521/521
f 597/597/597 593/593/593 596/596/596
f 614/614/614 615/615/615 618/618/618
f 614/614/614 618/618/618 556/556/556
f 611/611/611 615/615/615 614/614/614
f 558/558/558 614/614/614 556/556/556
f 596/596/596 593/593/593 592/592/592
f 596/596/596 592/592/592 521/521/521
f 593/593/593 589/589/589 592/592/592
f 521/521/521 592/592/592 519/519/519
f 610/610/610 614/614/614 558/558/558
f 610/610/610 611/611/611 614/614/614
f 560/560/560 610/610/610 558/558/558
f 607/607/607 611/611/611 610/610/610
f 592/592/592 588/588/588 519/519/519
f 592/592/592 589/589/589 588/588/588
f 519/519/519 588/588/588 579/579/579
f 589/589/589 585/585/585 588/588/588
f 606/606/606 607/607/607 610/610/610
f 606/606/606 610/610/610 560/560/560
f 603/603/603 607/607/607 606/606/606
f 562/562/562 606/606/606 560/560/560
f 588/588/588 585/585/585 584/584/584
f 588/588/588 584/584/584 579/579/579
f 585/585/585 582/582/582 584/584/584
f 579/579/579 584/584/584 576/576/576
f 602/602/602 606/606/606 562/562/562
f 602/602/602 603/603/603 606/606/606
f 564/564/564 602/602/602 562/562/562
f 599/599/599 603/603/603 602/602/602
f 584/584/584 578/578/578 576/576/576
f 584/584/584 582/582/582 578/578/578
f 576/576/576 578/578/578 574/574/574
f 582/582/582 580/580/580 578/578/578
f 598/598/598 599/599/599 602/602/602
f 598/598/598 602/602/602 564/564/564
f 595/595/595 599/599/599 598/598/598
f 566/566/566 598/598/598 564/564/564
f 578/578/578 580/580/580 577/577/577
f 578/578/578 577/577/577 574/574/574
f 580/580/580 581/581/581 577/577/577
f 574/574/574 577/577/577 573/573/573
f 594/594/594 598/598/598 566/566/566
f 594/594/594 595/595/595 598/598/598
f 568/568/568 594/594/594 566/566/566
f 591/591/591 595/595/595 594/594/594
f 577/577/577 575/575/575 573/573/573
f 577/577/577 581/581/581 575/575/575
f 573/573/573 575/575/575 572/572/572
f 581/581/581 583/583/583 575/575/575
f 590/590/590 591/591/591 594/594/594
f 590/590/590 594/594/594 568/568/568
f 587/587/587 591/591/591 590/590/590
f 570/570/570 590/590/590 568/568/568
f 583/583/583 587/587/587 586/586/586
f 586/586/586 587/587/587 590/590/590
f 575/575/575 583/583/583 586/586/586
f 586/586/586 590/590/590 570/570/570
f 575/575/575 586/586/586 572/572/572
f 572/572/572 586/586/586 570/570/570
f 643/643/643 642/642/642 641/641/641
f 643/643/643 641/641/641 645/645/645
f 642/642/642 644/644/644 641/641/641
f 648/648/648 643/643/643 645/645/645
f 648/648/648 645/645/645 649/649/649
f 642/642/642 646/646/646 644/644/644
f 646/646/646 647/647/647 644/644/644
f 652/652/652 648/648/648 649/649/649
f 652/652/652 649/649/649 653/653/653
f 646/646/646 650/650/650 647/647/647
f 650/650/650 651/651/651 647/647/647
f 656/656/656 652/652/652 653/653/653
f 656/656/656 653/653/653 657/657/657
f 650/650/650 654/654/654 651/651/651
f 654/654/654 655/655/655 651/651/651
f 660/660/660 656/656/656 657/657/657
f 660/660/660 657/657/657 661/661/661
f 654/654/654 658/658/658 655/655/655
f 658/658/658 659/659/659 655/655/655
f 664/664/664 660/660/660 661/661/661
f 664/664/664 661/661/661 665/665/665
f 658/658/658 662/662/662 659/659/659
f 662/662/662 663/663/663 659/659/659
f 668/668/668 664/664/664 665/665/665
f 668/668/668 665/665/665 669/669/669
f 662/662/662 666/666/666 663/663/663
f 666/666/666 667/667/667 663/663/663
f 672/672/672 668/668/668 669/669/669
f 672/672/672 669/669/669 673/673/673
f 666/666/666 670/670/670 667/667/667
f 670/670/670 671/671/671 667/667/667
f 676/676/676 672/672/672 673/673/673
f 676/676/676 673/673/673 677/677/677
f 670/670/670 674/674/674 671/671/671
f 674/674/674 675/675/675 671/671/671
f 680/680/680 676/676/676 677/677/677
f 680/680/680 677/677/677 681/681/681
f 674/674/674 678/678/678 675/675/675
f 678/678/678 679/679/679 675/675/675
f 684/684/684 680/680/680 681/681/681
f 684/684/684 681/681/681 685/685/685
f 678/678/678 682/682/682 679/679/679
f 682/682/682 683/683/683 679/679/679
f 688/688/688 684/684/684 685/685/685
f 688/688/688 685/685/685 689/689/689
f 682/682/682 686/686/686 683/683/683
f 686/686/686 687/687/687 683/683/683
f 692/692/692 688/688/688 689/689/689
f 692/692/692 689/689/689 693/693/693
f 686/686/686 690/690/690 687/687/687
f 690/690/690 691/691/691 687/687/687
f 696/696/696 692/692/692 693/693/693
f 696/696/696 693/693/693 697/697/697
f 690/690/690 694/694/694 691/691/691
f 694/694/694 695/695/695 691/691/691
f 700/700/700 696/696/696 697/697/697
f 700/700/700 697/697/697 701/701/701
f 694/694/694 698/698/698 695/695/695
f 698/698/698 699/699/699 695/695/695
f 704/704/704 700/700/700 701/701/701
f 704/704/704 701/701/701 703/703/703
f 702/702/702 703/703/703 699/699/699
f 702/702/702 704/704/704 703/703/703
f 698/698/698 702/702/702 699/699/699
f 707/707/707 700/700/700 704/704/704
f 706/706/706 704/704/704 702/702/702
f 706/706/706 707/707/707 704/704/704
f 705/705/705 702/702/702 698/698/698
f 705/705/705 706/706/706 702/702/702
f 763/763/763 698/698/698 694/694/694
f 763/763/763 705/705/705 698/698/698
f 761/761/761 694/694/694 690/690/690
f 761/761/761 763/763/763 694/694/694
f 759/759/759 761/761/761 690/690/690
f 759/759/759 690/690/690 686/686/686
f 764/764/764 763/763/763 761/761/761
f 757/757/757 759/759/759 686/686/686
f 757/757/757 686/686/686 682/682/682
f 762/762/762 761/761/761 759/759/759
f 762/762/762 764/764/764 761/761/761
f 760/760/760 759/759/759 757/757/757
f 760/760/760 762/762/762 759/759/759
f 755/755/755 757/757/757 682/682/682
f 755/755/755 682/682/682 678/678/678
f 758/758/758 760/760/760 757/757/757
f 758/758/758 757/757/757 755/755/755
f 753/753/753 755/755/755 678/678/678
f 753/753/753 678/678/678 674/674/674
f 756/756/756 758/758/758 755/755/755
f 756/756/756 755/755/755 753/753/753
f 751/751/751 753/753/753 674/674/674
f 751/751/751 674/674/674 670/670/670
f 754/754/754 756/756/756 753/753/753
f 754/754/754 753/753/753 751/751/751
f 749/749/749 751/751/751 670/670/670
f 749/749/749 670/670/670 666/666/666
f 752/752/752 754/754/754 751/751/751
f 752/752/752 751/751/751 749/749/749
f 747/747/747 749/749/749 666/666/666
f 747/747/747 666/666/666 662/662/662
f 750/750/750 752/752/752 749/749/749
f 750/750/750 749/749/749 747/747/747
f 745/745/745 747/747/747 662/662/662
f 745/745/745 662/662/662 658/658/658
f 748/748/748 750/750/750 747/747/747
f 748/748/748 747/747/747 745/745/745
f 743/743/743 745/745/745 658/658/658
f 743/743/743 658/658/658 654/654/654
f 746/746/746 748/748/748 745/745/745
f 746/746/746 745/745/745 743/743/743
f 741/741/741 743/743/743 654/654/654
f 741/741/741 654/654/654 650/650/650
f 744/744/744 746/746/746 743/743/743
f 744/744/744 743/743/743 741/741/741
f 739/739/739 741/741/741 650/650/650
f 739/739/739 650/650/650 646/646/646
f 742/742/742 744/744/744 741/741/741
f 742/742/742 741/741/741 739/739/739
f 737/737/737 739/739/739 646/646/646
f 737/737/737 646/646/646 642/642/642
f 740/740/740 742/742/742 739/739/739
f 740/740/740 739/739/739 737/737/737
f 735/735/735 737/737/737 642/642/642
f 735/735/735 642/642/642 643/643/643
f 738/738/738 740/740/740 737/737/737
f 738/738/738 737/737/737 735/735/735
f 733/733/733 735/735/735 643/643/643
f 733/733/733 643/643/643 648/648/648
f 736/736/736 738/738/738 735/735/735
f 736/736/736 735/735/735 733/733/733
f 731/731/731 733/733/733 648/648/648
f 731/731/731 648/648/648 652/652/652
f 734/734/734 736/736/736 733/733/733
f 734/734/734 733/733/733 731/731/731
f 729/729/729 731/731/731 652/652/652
f 729/729/729 652/652/652 656/656/656
f 732/732/732 734/734/734 731/731/731
f 732/732/732 731/731/731 729/729/729
f 727/727/727 729/729/729 656/656/656
f 727/727/727 656/656/656 660/660/660
f 730/730/730 732/732/732 729/729/729
f 730/730/730 729/729/729 727/727/727
f 725/725/725 727/727/727 660/660/660
f 725/725/725 660/660/660 664/664/664
f 728/728/728 730/730/730 727/727/727
f 728/728/728 727/727/727 725/725/725
f 723/723/723 725/725/725 664/664/664
f 723/723/723 664/664/664 668/668/668
f 726/726/726 728/728/728 725/725/725
f 726/726/726 725/725/725 723/723/723
f 721/721/721 723/723/723 668/668/668
f 721/721/721 668/668/668 672/672/672
f 724/724/724 726/726/726 723/723/723
f 724/724/724 723/723/723 721/721/721
f 719/719/719 721/721/721 672/672/672
f 719/719/719 672/672/672 676/676/676
f 722/722/722 724/724/724 721/721/721
f 722/722/722 721/721/721 719/719/719
f 717/717/717 719/719/719 676/676/676
f 717/717/717 676/676/676 680/680/680
f 720/720/720 722/722/722 719/719/719
f 720/720/720 719/719/719 717/717/717
f 715/715/715 717/717/717 680/680/680
f 715/715/715 680/680/680 684/684/684
f 718/718/718 720/720/720 717/717/717
f 718/718/718 717/717/717 715/715/715
f 712/712/712 715/715/715 684/684/684
f 712/712/712 684/684/684 688/688/688
f 716/716/716 718/718/718 715/715/715
f 716/716/716 715/715/715 712/712/712
f 710/710/710 712/712/712 688/688/688
f 710/710/710 688/688/688 692/692/692
f 714/714/714 716/716/716 712/712/712
f 714/714/714 712/712/712 710/710/710
f 709/709/709 710/710/710 692/692/692
f 709/709/709 692/692/692 696/696/696
f 713/713/713 714/714/714 710/710/710
f 713/713/713 710/710/710 709/709/709
f 708/708/708 709/709/709 696/696/696
f 708/708/708 696/696/696 700/700/700
f 707/707/707 708/708/708 700/700/700
f 711/711/711 713/713/713 709/709/709
f 711/711/711 709/709/709 708/708/708
f 771/771/771 708/708/708 707/707/707
f 771/771/771 711/711/711 708/708/708
f 768/768/768 771/771/771 707/707/707
f 768/768/768 707/707/707 706/706/706
f 773/773/773 711/711/711 771/771/771
f 766/766/766 768/768/768 706/706/706
f 766/766/766 706/706/706 705/705/705
f 772/772/772 771/771/771 768/768/768
f 772/772/772 773/773/773 771/771/771
f 770/770/770 768/768/768 766/766/766
f 770/770/770 772/772/772 768/768/768
f 765/765/765 766/766/766 705/705/705
f 765/765/765 705/705/705 763/763/763
f 764/764/764 765/765/765 763/763/763
f 769/769/769 766/766/766 765/765/765
f 769/769/769 770/770/770 766/766/766
f 767/767/767 765/765/765 764/764/764
f 767/767/767 769/769/769 765/765/765
f 827/827/827 767/767/767 764/764/764
f 827/827/827 764/764/764 762/762/762
f 830/830/830 769/769/769 767/767/767
f 825/825/825 827/827/827 762/762/762
f 825/825/825 762/762/762 760/760/760
f 829/829/829 767/767/767 827/827/827
f 829/829/829 830/830/830 767/767/767
f 828/828/828 827/827/827 825/825/825
f 828/828/828 829/829/829 827/827/827
f 823/823/823 825/825/825 760/760/760
f 823/823/823 760/760/760 758/758/758
f 826/826/826 828/828/828 825/825/825
f 826/826/826 825/825/825 823/823/823
f 821/821/821 823/823/823 758/758/758
f 821/821/821 758/758/758 756/756/756
f 824/824/824 826/826/826 823/823/823
f 824/824/824 823/823/823 821/821/821
f 819/819/819 821/821/821 756/756/756
f 819/819/819 756/756/756 754/754/754
f 822/822/822 824/824/824 821/821/821
f 822/822/822 821/821/821 819/819/819
f 817/817/817 819/819/819 754/754/754
f 817/817/817 754/754/754 752/752/752
f 820/820/820 822/822/822 819/819/819
f 820/820/820 819/819/819 817/817/817
f 815/815/815 817/817/817 752/752/752
f 815/815/815 752/752/752 750/750/750
f 818/818/818 820/820/820 817/817/817
f 818/818/818 817/817/817 815/815/815
f 813/813/813 815/815/815 750/750/750
f 813/813/813 750/750/750 748/748/748
f 816/816/816 818/818/818 815/815/815
f 816/816/816 815/815/815 813/813/813
f 811/811/811 813/813/813 748/748/748
f 811/811/811 748/748/748 746/746/746
f 814/814/814 816/816/816 813/813/813
f 814/814/814 813/813/813 811/811/811
f 809/809/809 811/811/811 746/746/746
f 809/809/809 746/746/746 744/744/744
f 812/812/812 814/814/814 811/811/811
f 812/812/812 811/811/811 809/809/809
f 807/807/807 809/809/809 744/744/744
f 807/807/807 744/744/744 742/742/742
f 810/810/810 812/812/812 809/809/809
f 810/810/810 809/809/809 807/807/807
f 805/805/805 807/807/807 742/742/742
f 805/805/805 742/742/742 740/740/740
f 808/808/808 810/810/810 807/807/807
f 808/808/808 807/807/807 805/805/805
f 803/803/803 805/805/805 740/740/740
f 803/803/803 740/740/740 738/738/738
f 806/806/806 808/808/808 805/805/805
f 806/806/806 805/805/805 803/803/803
f 801/801/801 803/803/803 738/738/738
f 801/801/801 738/738/738 736/736/736
f 804/804/804 806/806/806 803/803/803
f 804/804/804 803/803/803 801/801/801
f 799/799/799 801/801/801 736/736/736
f 799/799/799 736/736/736 734/734/734
f 802/802/802 804/804/804 801/801/801
f 802/802/802 801/801/801 799/799/799
f 797/797/797 799/799/799 734/734/734
f 797/797/797 734/734/734 732/732/732
f 800/800/800 802/802/802 799/799/799
f 800/800/800 799/799/799 797/797/797
f 795/795/795 797/797/797 732/732/732
f 795/795/795 732/732/732 730/730/730
f 798/798/798 800/800/800 797/797/797
f 798/798/798 797/797/797 795/795/795
f 793/793/793 795/795/795 730/730/730
f 793/793/793 730/730/730 728/728/728
f 796/796/796 798/798/798 795/795/795
f 796/796/796 795/795/795 793/793/793
f 791/791/791 793/793/793 728/728/728
f 791/791/791 728/728/728 726/726/726
f 794/794/794 796/796/796 793/793/793
f 794/794/794 793/793/793 791/791/791
f 789/789/789 791/791/791 726/726/726
f 789/789/789 726/726/726 724/724/724
f 792/792/792 794/794/794 791/791/791
f 792/792/792 791/791/791 789/789/789
f 787/787/787 789/789/789 724/724/724
f 787/787/787 724/724/724 722/722/722
f 790/790/790 792/792/792 789/789/789
f 790/790/790 789/789/789 787/787/787
f 785/785/785 787/787/787 722/722/722
f 785/785/785 722/722/722 720/720/720
f 788/788/788 790/790/790 787/787/787
f 788/788/788 787/787/787 785/785/785
f 783/783/783 785/785/785 720/720/720
f 783/783/783 720/720/720 718/718/718
f 786/786/786 788/788/788 785/785/785
f 786/786/786 785/785/785 783/783/783
f 781/781/781 783/783/783 718/718/718
f 781/781/781 718/718/718 716/716/716
f 784/784/784 786/786/786 783/783/783
f 784/784/784 783/783/783 781/781/781
f 779/779/779 781/781/781 716/716/716
f 779/779/779 716/716/716 714/714/714
f 782/782/782 784/784/784 781/781/781
f 782/782/782 781/781/781 779/779/779
f 776/776/776 779/779/779 714/714/714
f 776/776/776 714/714/714 713/713/713
f 780/780/780 782/782/782 779/779/779
f 780/780/780 779/779/779 776/776/776
f 774/774/774 776/776/776 713/713/713
f 774/774/774 713/713/713 711/711/711
f 773/773/773 774/774/774 711/711/711
f 778/778/778 780/780/780 776/776/776
f 778/778/778 776/776/776 774/774/774
f 777/777/777 774/774/774 773/773/773
f 777/777/777 778/778/778 774/774/774
f 775/775/775 777/777/777 773/773/773
f 775/775/775 773/773/773 772/772/772
f 840/840/840 778/778/778 777/777/777
f 835/835/835 775/775/775 772/772/772
f 835/835/835 772/772/772 770/770/770
f 838/838/838 777/777/777 775/775/775
f 838/838/838 840/840/840 777/777/777
f 837/837/837 775/775/775 835/835/835
f 837/837/837 838/838/838 775/775/775
f 832/832/832 835/835/835 770/770/770
f 832/832/832 770/770/770 769/769/769
f 830/830/830 832/832/832 769/769/769
f 836/836/836 835/835/835 832/832/832
f 836/836/836 837/837/837 835/835/835
f 834/834/834 832/832/832 830/830/830
f 834/834/834 836/836/836 832/832/832
f 833/833/833 834/834/834 830/830/830
f 833/833/833 830/830/830 829/829/829
f 899/899/899 836/836/836 834/834/834
f 831/831/831 833/833/833 829/829/829
f 831/831/831 829/829/829 828/828/828
f 896/896/896 834/834/834 833/833/833
f 896/896/896 899/899/899 834/834/834
f 894/894/894 833/833/833 831/831/831
f 894/894/894 896/896/896 833/833/833
f 891/891/891 831/831/831 828/828/828
f 891/891/891 828/828/828 826/826/826
f 893/893/893 894/894/894 831/831/831
f 893/893/893 831/831/831 891/891/891
f 889/889/889 891/891/891 826/826/826
f 889/889/889 826/826/826 824/824/824
f 892/892/892 893/893/893 891/891/891
f 892/892/892 891/891/891 889/889/889
f 887/887/887 889/889/889 824/824/824
f 887/887/887 824/824/824 822/822/822
f 890/890/890 892/892/892 889/889/889
f 890/890/890 889/889/889 887/887/887
f 885/885/885 887/887/887 822/822/822
f 885/885/885 822/822/822 820/820/820
f 888/888/888 890/890/890 887/887/887
f 888/888/888 887/887/887 885/885/885
f 883/883/883 885/885/885 820/820/820
f 883/883/883 820/820/820 818/818/818
f 886/886/886 888/888/888 885/885/885
f 886/886/886 885/885/885 883/883/883
f 881/881/881 883/883/883 818/818/818
f 881/881/881 818/818/818 816/816/816
f 884/884/884 886/886/886 883/883/883
f 884/884/884 883/883/883 881/881/881
f 879/879/879 881/881/881 816/816/816
f 879/879/879 816/816/816 814/814/814
f 882/882/882 884/884/884 881/881/881
f 882/882/882 881/881/881 879/879/879
f 877/877/877 879/879/879 814/814/814
f 877/877/877 814/814/814 812/812/812
f 880/880/880 882/882/882 879/879/879
f 880/880/880 879/879/879 877/877/877
f 875/875/875 877/877/877 812/812/812
f 875/875/875 812/812/812 810/810/810
f 878/878/878 880/880/880 877/877/877
f 878/878/878 877/877/877 875/875/875
f 873/873/873 875/875/875 810/810/810
f 873/873/873 810/810/810 808/808/808
f 876/876/876 878/878/878 875/875/875
f 876/876/876 875/875/875 873/873/873
f 871/871/871 873/873/873 808/808/808
f 871/871/871 808/808/808 806/806/806
f 874/874/874 876/876/876 873/873/873
f 874/874/874 873/873/873 871/871/871
f 869/869/869 871/871/871 806/806/806
f 869/869/869 806/806/806 804/804/804
f 872/872/872 874/874/874 871/871/871
f 872/872/872 871/871/871 869/869/869
f 867/867/867 869/869/869 804/804/804
f 867/867/867 804/804/804 802/802/802
f 870/870/870 872/872/872 869/869/869
f 870/870/870 869/869/869 867/867/867
f 865/865/865 867/867/867 802/802/802
f 865/865/865 802/802/802 800/800/800
f 868/868/868 870/870/870 867/867/867
f 868/868/868 867/867/867 865/865/865
f 863/863/863 865/865/865 800/800/800
f 863/863/863 800/800/800 798/798/798
f 866/866/866 868/868/868 865/865/865
f 866/866/866 865/865/865 863/863/863
f 861/861/861 863/863/863 798/798/798
f 861/861/861 798/798/798 796/796/796
f 864/864/864 866/866/866 863/863/863
f 864/864/864 863/863/863 861/861/861
f 859/859/859 861/861/861 796/796/796
f 859/859/859 796/796/796 794/794/794
f 862/862/862 864/864/864 861/861/861
f 862/862/862 861/861/861 859/859/859
f 857/857/857 859/859/859 794/794/794
f 857/857/857 794/794/794 792/792/792
f 860/860/860 862/862/862 859/859/859
f 860/860/860 859/859/859 857/857/857
f 855/855/855 857/857/857 792/792/792
f 855/855/855 792/792/792 790/790/790
f 858/858/858 860/860/860 857/857/857
f 858/858/858 857/857/857 855/855/855
f 853/853/853 855/855/855 790/790/790
f 853/853/853 790/790/790 788/788/788
f 856/856/856 858/858/858 855/855/855
f 856/856/856 855/855/855 853/853/853
f 851/851/851 853/853/853 788/788/788
f 851/851/851 788/788/788 786/786/786
f 854/854/854 856/856/856 853/853/853
f 854/854/854 853/853/853 851/851/851
f 849/849/849 851/851/851 786/786/786
f 849/849/849 786/786/786 784/784/784
f 852/852/852 854/854/854 851/851/851
f 852/852/852 851/851/851 849/849/849
f 847/847/847 849/849/849 784/784/784
f 847/847/847 784/784/784 782/782/782
f 850/850/850 852/852/852 849/849/849
f 850/850/850 849/849/849 847/847/847
f 845/845/845 847/847/847 782/782/782
f 845/845/845 782/782/782 780/780/780
f 848/848/848 850/850/850 847/847/847
f 848/848/848 847/847/847 845/845/845
f 843/843/843 845/845/845 780/780/780
f 843/843/843 780/780/780 778/778/778
f 840/840/840 843/843/843 778/778/778
f 846/846/846 848/848/848 845/845/845
f 846/846/846 845/845/845 843/843/843
f 844/844/844 843/843/843 840/840/840
f 844/844/844 846/846/846 843/843/843
f 842/842/842 844/844/844 840/840/840
f 842/842/842 840/840/840 838/838/838
f 909/909/909 846/846/846 844/844/844
f 841/841/841 842/842/842 838/838/838
f 841/841/841 838/838/838 837/837/837
f 907/907/907 844/844/844 842/842/842
f 907/907/907 909/909/909 844/844/844
f 904/904/904 842/842/842 841/841/841
f 904/904/904 907/907/907 842/842/842
f 839/839/839 841/841/841 837/837/837
f 839/839/839 837/837/837 836/836/836
f 899/899/899 839/839/839 836/836/836
f 902/902/902 841/841/841 839/839/839
f 902/902/902 904/904/904 841/841/841
f 901/901/901 839/839/839 899/899/899
f 901/901/901 902/902/902 839/839/839
f 900/900/900 901/901/901 899/899/899
f 900/900/900 899/899/899 896/896/896
f 905/905/905 902/902/902 901/901/901
f 898/898/898 900/900/900 896/896/896
f 898/898/898 896/896/896 894/894/894
f 903/903/903 901/901/901 900/900/900
f 903/903/903 905/905/905 901/901/901
f 963/963/963 900/900/900 898/898/898
f 963/963/963 903/903/903 900/900/900
f 897/897/897 898/898/898 894/894/894
f 897/897/897 894/894/894 893/893/893
f 960/960/960 963/963/963 898/898/898
f 960/960/960 898/898/898 897/897/897
f 895/895/895 897/897/897 893/893/893
f 895/895/895 893/893/893 892/892/892
f 958/958/958 960/960/960 897/897/897
f 958/958/958 897/897/897 895/895/895
f 955/955/955 895/895/895 892/892/892
f 955/955/955 892/892/892 890/890/890
f 957/957/957 958/958/958 895/895/895
f 957/957/957 895/895/895 955/955/955
f 953/953/953 955/955/955 890/890/890
f 953/953/953 890/890/890 888/888/888
f 956/956/956 957/957/957 955/955/955
f 956/956/956 955/955/955 953/953/953
f 951/951/951 953/953/953 888/888/888
f 951/951/951 888/888/888 886/886/886
f 954/954/954 956/956/956 953/953/953
f 954/954/954 953/953/953 951/951/951
f 949/949/949 951/951/951 886/886/886
f 949/949/949 886/886/886 884/884/884
f 952/952/952 954/954/954 951/951/951
f 952/952/952 951/951/951 949/949/949
f 947/947/947 949/949/949 884/884/884
f 947/947/947 884/884/884 882/882/882
f 950/950/950 952/952/952 949/949/949
f 950/950/950 949/949/949 947/947/947
f 945/945/945 947/947/947 882/882/882
f 945/945/945 882/882/882 880/880/880
f 948/948/948 950/950/950 947/947/947
f 948/948/948 947/947/947 945/945/945
f 943/943/943 945/945/945 880/880/880
f 943/943/943 880/880/880 878/878/878
f 946/946/946 948/948/948 945/945/945
f 946/946/946 945/945/945 943/943/943
f 941/941/941 943/943/943 878/878/878
f 941/941/941 878/878/878 876/876/876
f 944/944/944 946/946/946 943/943/943
f 944/944/944 943/943/943 941/941/941
f 939/939/939 941/941/941 876/876/876
f 939/939/939 876/876/876 874/874/874
f 942/942/942 944/944/944 941/941/941
f 942/942/942 941/941/941 939/939/939
f 937/937/937 939/939/939 874/874/874
f 937/937/937 874/874/874 872/872/872
f 940/940/940 942/942/942 939/939/939
f 940/940/940 939/939/939 937/937/937
f 935/935/935 937/937/937 872/872/872
f 935/935/935 872/872/872 870/870/870
f 938/938/938 940/940/940 937/937/937
f 938/938/938 937/937/937 935/935/935
f 933/933/933 935/935/935 870/870/870
f 933/933/933 870/870/870 868/868/868
f 936/936/936 938/938/938 935/935/935
f 936/936/936 935/935/935 933/933/933
f 931/931/931 933/933/933 868/868/868
f 931/931/931 868/868/868 866/866/866
f 934/934/934 936/936/936 933/933/933
f 934/934/934 933/933/933 931/931/931
f 929/929/929 931/931/931 866/866/866
f 929/929/929 866/866/866 864/864/864
f 932/932/932 934/934/934 931/931/931
f 932/932/932 931/931/931 929/929/929
f 927/927/927 929/929/929 864/864/864
f 927/927/927 864/864/864 862/862/862
f 930/930/930 932/932/932 929/929/929
f 930/930/930 929/929/929 927/927/927
f 925/925/925 927/927/927 862/862/862
f 925/925/925 862/862/862 860/860/860
f 928/928/928 930/930/930 927/927/927
f 928/928/928 927/927/927 925/925/925
f 923/923/923 925/925/925 860/860/860
f 923/923/923 860/860/860 858/858/858
f 926/926/926 928/928/928 925/925/925
f 926/926/926 925/925/925 923/923/923
f 921/921/921 923/923/923 858/858/858
f 921/921/921 858/858/858 856/856/856
f 924/924/924 926/926/926 923/923/923
f 924/924/924 923/923/923 921/921/921
f 919/919/919 921/921/921 856/856/856
f 919/919/919 856/856/856 854/854/854
f 922/922/922 924/924/924 921/921/921
f 922/922/922 921/921/921 919/919/919
f 917/917/917 919/919/919 854/854/854
f 917/917/917 854/854/854 852/852/852
f 920/920/920 922/922/922 919/919/919
f 920/920/920 919/919/919 917/917/917
f 915/915/915 917/917/917 852/852/852
f 915/915/915 852/852/852 850/850/850
f 918/918/918 920/920/920 917/917/917
f 918/918/918 917/917/917 915/915/915
f 913/913/913 915/915/915 850/850/850
f 913/913/913 850/850/850 848/848/848
f 916/916/916 918/918/918 915/915/915
f 916/916/916 915/915/915 913/913/913
f 911/911/911 913/913/913 848/848/848
f 911/911/911 848/848/848 846/846/846
f 909/909/909 911/911/911 846/846/846
f 914/914/914 916/916/916 913/913/913
f 914/914/914 913/913/913 911/911/911
f 912/912/912 911/911/911 909/909/909
f 912/912/912 914/914/914 911/911/911
f 910/910/910 912/912/912 909/909/909
f 910/910/910 909/909/909 907/907/907
f 977/977/977 914/914/914 912/912/912
f 908/908/908 910/910/910 907/907/907
f 908/908/908 907/907/907 904/904/904
f 975/975/975 912/912/912 910/910/910
f 975/975/975 977/977/977 912/912/912
f 973/973/973 910/910/910 908/908/908
f 973/973/973 975/975/975 910/910/910
f 906/906/906 908/908/908 904/904/904
f 906/906/906 904/904/904 902/902/902
f 905/905/905 906/906/906 902/902/902
f 971/971/971 908/908/908 906/906/906
f 971/971/971 973/973/973 908/908/908
f 968/968/968 906/906/906 905/905/905
f 968/968/968 971/971/971 906/906/906
f 966/966/966 968/968/968 905/905/905
f 966/966/966 905/905/905 903/903/903
f 972/972/972 971/971/971 968/968/968
f 965/965/965 966/966/966 903/903/903
f 965/965/965 903/903/903 963/963/963
f 970/970/970 968/968/968 966/966/966
f 970/970/970 972/972/972 968/968/968
f 969/969/969 966/966/966 965/965/965
f 969/969/969 970/970/970 966/966/966
f 964/964/964 965/965/965 963/963/963
f 964/964/964 963/963/963 960/960/960
f 967/967/967 969/969/969 965/965/965
f 967/967/967 965/965/965 964/964/964
f 962/962/962 964/964/964 960/960/960
f 962/962/962 960/960/960 958/958/958
f 1027/1027/1027 967/967/967 964/964/964
f 1027/1027/1027 964/964/964 962/962/962
f 961/961/961 962/962/962 958/958/958
f 961/961/961 958/958/958 957/957/957
f 1024/1024/1024 1027/1027/1027 962/962/962
f 1024/1024/1024 962/962/962 961/961/961
f 959/959/959 961/961/961 957/957/957
f 959/959/959 957/957/957 956/956/956
f 1022/1022/1022 1024/1024/1024 961/961/961
f 1022/1022/1022 961/961/961 959/959/959
f 1019/1019/1019 959/959/959 956/956/956
f 1019/1019/1019 956/956/956 954/954/954
f 1021/1021/1021 1022/1022/1022 959/959/959
f 1021/1021/1021 959/959/959 1019/1019/1019
f 1017/1017/1017 1019/1019/1019 954/954/954
f 1017/1017/1017 954/954/954 952/952/952
f 1020/1020/1020 1021/1021/1021 1019/1019/1019
f 1020/1020/1020 1019/1019/1019 1017/1017/1017
f 1015/1015/1015 1017/1017/1017 952/952/952
f 1015/1015/1015 952/952/952 950/950/950
f 1018/1018/1018 1020/1020/1020 1017/1017/1017
f 1018/1018/1018 1017/1017/1017 1015/1015/1015
f 1013/1013/1013 1015/1015/1015 950/950/950
f 1013/1013/1013 950/950/950 948/948/948
f 1016/1016/1016 1018/1018/1018 1015/1015/1015
f 1016/1016/1016 1015/1015/1015 1013/1013/1013
f 1011/1011/1011 1013/1013/1013 948/948/948
f 1011/1011/1011 948/948/948 946/946/946
f 1014/1014/1014 1016/1016/1016 1013/1013/1013
f 1014/1014/1014 1013/1013/1013 1011/1011/1011
f 1009/1009/1009 1011/1011/1011 946/946/946
f 1009/1009/1009 946/946/946 944/944/944
f 1012/1012/1012 1014/1014/1014 1011/1011/1011
f 1012/1012/1012 1011/1011/1011 1009/1009/1009
f 1007/1007/1007 1009/1009/1009 944/944/944
f 1007/1007/1007 944/944/944 942/942/942
f 1010/1010/1010 1012/1012/1012 1009/1009/1009
f 1010/1010/1010 1009/1009/1009 1007/1007/1007
f 1005/1005/1005 1007/1007/1007 942/942/942
f 1005/1005/1005 942/942/942 940/940/940
f 1008/1008/1008 1010/1010/1010 1007/1007/1007
f 1008/1008/1008 1007/1007/1007 1005/1005/1005
f 1003/1003/1003 1005/1005/1005 940/940/940
f 1003/1003/1003 940/940/940 938/938/938
f 1006/1006/1006 1008/1008/1008 1005/1005/1005
f 1006/1006/1006 1005/1005/1005 1003/1003/1003
f 1001/1001/1001 1003/1003/1003 938/938/938
f 1001/1001/1001 938/938/938 936/936/936
f 1004/1004/1004 1006/1006/1006 1003/1003/1003
f 1004/1004/1004 1003/1003/1003 1001/1001/1001
f 999/999/999 1001/1001/1001 936/936/936
f 999/999/999 936/936/936 934/934/934
f 1002/1002/1002 1004/1004/1004 1001/1001/1001
f 1002/1002/1002 1001/1001/1001 999/999/999
f 997/997/997 999/999/999 934/934/934
f 997/997/997 934/934/934 932/932/932
f 1000/1000/1000 1002/1002/1002 999/999/999
f 1000/1000/1000 999/999/999 997/997/997
f 995/995/995 997/997/997 932/932/932
f 995/995/995 932/932/932 930/930/930
f 998/998/998 1000/1000/1000 997/997/997
f 998/998/998 997/997/997 995/995/995
f 993/993/993 995/995/995 930/930/930
f 993/993/993 930/930/930 928/928/928
f 996/996/996 998/998/998 995/995/995
f 996/996/996 995/995/995 993/993/993
f 991/991/991 993/993/993 928/928/928
f 991/991/991 928/928/928 926/926/926
f 994/994/994 996/996/996 993/993/993
f 994/994/994 993/993/993 991/991/991
f 989/989/989 991/991/991 926/926/926
f 989/989/989 926/926/926 924/924/924
f 992/992/992 994/994/994 991/991/991
f 992/992/992 991/991/991 989/989/989
f 987/987/987 989/989/989 924/924/924
f 987/987/987 924/924/924 922/922/922
f 990/990/990 992/992/992 989/989/989
f 990/990/990 989/989/989 987/987/987
f 985/985/985 987/987/987 922/922/922
f 985/985/985 922/922/922 920/920/920
f 988/988/988 990/990/990 987/987/987
f 988/988/988 987/987/987 985/985/985
f 983/983/983 985/985/985 920/920/920
f 983/983/983 920/920/920 918/918/918
f 986/986/986 988/988/988 985/985/985
f 986/986/986 985/985/985 983/983/983
f 981/981/981 983/983/983 918/918/918
f 981/981/981 918/918/918 916/916/916
f 984/984/984 986/986/986 983/983/983
f 984/984/984 983/983/983 981/981/981
f 979/979/979 981/981/981 916/916/916
f 979/979/979 916/916/916 914/914/914
f 977/977/977 979/979/979 914/914/914
f 982/982/982 984/984/984 981/981/981
f 982/982/982 981/981/981 979/979/979
f 980/980/980 979/979/979 977/977/977
f 980/980/980 982/982/982 979/979/979
f 978/978/978 980/980/980 977/977/977
f 978/978/978 977/977/977 975/975/975
f 1045/1045/1045 982/982/982 980/980/980
f 976/976/976 978/978/978 975/975/975
f 976/976/976 975/975/975 973/973/973
f 1043/1043/1043 980/980/980 978/978/978
f 1043/1043/1043 1045/1045/1045 980/980/980
f 1041/1041/1041 978/978/978 976/976/976
f 1041/1041/1041 1043/1043/1043 978/978/978
f 974/974/974 976/976/976 973/973/973
f 974/974/974 973/973/973 971/971/971
f 972/972/972 974/974/974 971/971/971
f 1039/1039/1039 976/976/976 974/974/974
f 1039/1039/1039 1041/1041/1041 976/976/976
f 1037/1037/1037 974/974/974 972/972/972
f 1037/1037/1037 1039/1039/1039 974/974/974
f 1035/1035/1035 1037/1037/1037 972/972/972
f 1035/1035/1035 972/972/972 970/970/970
f 1040/1040/1040 1039/1039/1039 1037/1037/1037
f 1032/1032/1032 1035/1035/1035 970/970/970
f 1032/1032/1032 970/970/970 969/969/969
f 1038/1038/1038 1037/1037/1037 1035/1035/1035
f 1038/1038/1038 1040/1040/1040 1037/1037/1037
f 1036/1036/1036 1035/1035/1035 1032/1032/1032
f 1036/1036/1036 1038/1038/1038 1035/1035/1035
f 1030/1030/1030 1032/1032/1032 969/969/969
f 1030/1030/1030 969/969/969 967/967/967
f 1034/1034/1034 1036/1036/1036 1032/1032/1032
f 1034/1034/1034 1032/1032/1032 1030/1030/1030
f 1029/1029/1029 1030/1030/1030 967/967/967
f 1029/1029/1029 967/967/967 1027/1027/1027
f 1033/1033/1033 1034/1034/1034 1030/1030/1030
f 1033/1033/1033 1030/1030/1030 1029/1029/1029
f 1028/1028/1028 1029/1029/1029 1027/1027/1027
f 1028/1028/1028 1027/1027/1027 1024/1024/1024
f 1031/1031/1031 1033/1033/1033 1029/1029/1029
f 1031/1031/1031 1029/1029/1029 1028/1028/1028
f 1026/1026/1026 1028/1028/1028 1024/1024/1024
f 1026/1026/1026 1024/1024/1024 1022/1022/1022
f 1091/1091/1091 1031/1031/1031 1028/1028/1028
f 1091/1091/1091 1028/1028/1028 1026/1026/1026
f 1025/1025/1025 1026/1026/1026 1022/1022/1022
f 1025/1025/1025 1022/1022/1022 1021/1021/1021
f 1088/1088/1088 1091/1091/1091 1026/1026/1026
f 1088/1088/1088 1026/1026/1026 1025/1025/1025
f 1023/1023/1023 1025/1025/1025 1021/1021/1021
f 1023/1023/1023 1021/1021/1021 1020/1020/1020
f 1086/1086/1086 1088/1088/1088 1025/1025/1025
f 1086/1086/1086 1025/1025/1025 1023/1023/1023
f 1083/1083/1083 1023/1023/1023 1020/1020/1020
f 1083/1083/1083 1020/1020/1020 1018/1018/1018
f 1085/1085/1085 1086/1086/1086 1023/1023/1023
f 1085/1085/1085 1023/1023/1023 1083/1083/1083
f 1081/1081/1081 1083/1083/1083 1018/1018/1018
f 1081/1081/1081 1018/1018/1018 1016/1016/1016
f 1084/1084/1084 1085/1085/1085 1083/1083/1083
f 1084/1084/1084 1083/1083/1083 1081/1081/1081
f 1079/1079/1079 1081/1081/1081 1016/1016/1016
f 1079/1079/1079 1016/1016/1016 1014/1014/1014
f 1082/1082/1082 1084/1084/1084 1081/1081/1081
f 1082/1082/1082 1081/1081/1081 1079/1079/1079
f 1077/1077/1077 1079/1079/1079 1014/1014/1014
f 1077/1077/1077 1014/1014/1014 1012/1012/1012
f 1080/1080/1080 1082/1082/1082 1079/1079/1079
f 1080/1080/1080 1079/1079/1079 1077/1077/1077
f 1075/1075/1075 1077/1077/1077 1012/1012/1012
f 1075/1075/1075 1012/1012/1012 1010/1010/1010
f 1078/1078/1078 1080/1080/1080 1077/1077/1077
f 1078/1078/1078 1077/1077/1077 1075/1075/1075
f 1073/1073/1073 1075/1075/1075 1010/1010/1010
f 1073/1073/1073 1010/1010/1010 1008/1008/1008
f 1076/1076/1076 1078/1078/1078 1075/1075/1075
f 1076/1076/1076 1075/1075/1075 1073/1073/1073
f 1071/1071/1071 1073/1073/1073 1008/1008/1008
f 1071/1071/1071 1008/1008/1008 1006/1006/1006
f 1074/1074/1074 1076/1076/1076 1073/1073/1073
f 1074/1074/1074 1073/1073/1073 1071/1071/1071
f 1069/1069/1069 1071/1071/1071 1006/1006/1006
f 1069/1069/1069 1006/1006/1006 1004/1004/1004
f 1072/1072/1072 1074/1074/1074 1071/1071/1071
f 1072/1072/1072 1071/1071/1071 1069/1069/1069
f 1067/1067/1067 1069/1069/1069 1004/1004/1004
f 1067/1067/1067 1004/1004/1004 1002/1002/1002
f 1070/1070/1070 1072/1072/1072 1069/1069/1069
f 1070/1070/1070 1069/1069/1069 1067/1067/1067
f 1065/1065/1065 1067/1067/1067 1002/1002/1002
f 1065/1065/1065 1002/1002/1002 1000/1000/1000
f 1068/1068/1068 1070/1070/1070 1067/1067/1067
f 1068/1068/1068 1067/1067/1067 1065/1065/1065
f 1063/1063/1063 1065/1065/1065 1000/1000/1000
f 1063/1063/1063 1000/1000/1000 998/998/998
f 1066/1066/1066 1068/1068/1068 1065/1065/1065
f 1066/1066/1066 1065/1065/1065 1063/1063/1063
f 1061/1061/1061 1063/1063/1063 998/998/998
f 1061/1061/1061 998/998/998 996/996/996
f 1064/1064/1064 1066/1066/1066 1063/1063/1063
f 1064/1064/1064 1063/1063/1063 1061/1061/1061
f 1059/1059/1059 1061/1061/1061 996/996/996
f 1059/1059/1059 996/996/996 994/994/994
f 1062/1062/1062 1064/1064/1064 1061/1061/1061
f 1062/1062/1062 1061/1061/1061 1059/1059/1059
f 1057/1057/1057 1059/1059/1059 994/994/994
f 1057/1057/1057 994/994/994 992/992/992
f 1060/1060/1060 1062/1062/1062 1059/1059/1059
f 1060/1060/1060 1059/1059/1059 1057/1057/1057
f 1055/1055/1055 1057/1057/1057 992/992/992
f 1055/1055/1055 992/992/992 990/990/990
f 1058/1058/1058 1060/1060/1060 1057/1057/1057
f 1058/1058/1058 1057/1057/1057 1055/1055/1055
f 1053/1053/1053 1055/1055/1055 990/990/990
f 1053/1053/1053 990/990/990 988/988/988
f 1056/1056/1056 1058/1058/1058 1055/1055/1055
f 1056/1056/1056 1055/1055/1055 1053/1053/1053
f 1051/1051/1051 1053/1053/1053 988/988/988
f 1051/1051/1051 988/988/988 986/986/986
f 1054/1054/1054 1056/1056/1056 1053/1053/1053
f 1054/1054/1054 1053/1053/1053 1051/1051/1051
f 1049/1049/1049 1051/1051/1051 986/986/986
f 1049/1049/1049 986/986/986 984/984/984
f 1052/1052/1052 1054/1054/1054 1051/1051/1051
f 1052/1052/1052 1051/1051/1051 1049/1049/1049
f 1047/1047/1047 1049/1049/1049 984/984/984
f 1047/1047/1047 984/984/984 982/982/982
f 1045/1045/1045 1047/1047/1047 982/982/982
f 1050/1050/1050 1052/1052/1052 1049/1049/1049
f 1050/1050/1050 1049/1049/1049 1047/1047/1047
f 1048/1048/1048 1047/1047/1047 1045/1045/1045
f 1048/1048/1048 1050/1050/1050 1047/1047/1047
f 1046/1046/1046 1048/1048/1048 1045/1045/1045
f 1046/1046/1046 1045/1045/1045 1043/1043/1043
f 1113/1113/1113 1050/1050/1050 1048/1048/1048
f 1044/1044/1044 1046/1046/1046 1043/1043/1043
f 1044/1044/1044 1043/1043/1043 1041/1041/1041
f 1111/1111/1111 1048/1048/1048 1046/1046/1046
f 1111/1111/1111 1113/1113/1113 1048/1048/1048
f 1109/1109/1109 1046/1046/1046 1044/1044/1044
f 1109/1109/1109 1111/1111/1111 1046/1046/1046
f 1042/1042/1042 1044/1044/1044 1041/1041/1041
f 1042/1042/1042 1041/1041/1041 1039/1039/1039
f 1040/1040/1040 1042/1042/1042 1039/1039/1039
f 1107/1107/1107 1044/1044/1044 1042/1042/1042
f 1107/1107/1107 1109/1109/1109 1044/1044/1044
f 1105/1105/1105 1042/1042/1042 1040/1040/1040
f 1105/1105/1105 1107/1107/1107 1042/1042/1042
f 1103/1103/1103 1105/1105/1105 1040/1040/1040
f 1103/1103/1103 1040/1040/1040 1038/1038/1038
f 1108/1108/1108 1107/1107/1107 1105/1105/1105
f 1101/1101/1101 1103/1103/1103 1038/1038/1038
f 1101/1101/1101 1038/1038/1038 1036/1036/1036
f 1106/1106/1106 1105/1105/1105 1103/1103/1103
f 1106/1106/1106 1108/1108/1108 1105/1105/1105
f 1104/1104/1104 1103/1103/1103 1101/1101/1101
f 1104/1104/1104 1106/1106/1106 1103/1103/1103
f 1099/1099/1099 1101/1101/1101 1036/1036/1036
f 1099/1099/1099 1036/1036/1036 1034/1034/1034
f 1102/1102/1102 1104/1104/1104 1101/1101/1101
f 1102/1102/1102 1101/1101/1101 1099/1099/1099
f 1096/1096/1096 1099/1099/1099 1034/1034/1034
f 1096/1096/1096 1034/1034/1034 1033/1033/1033
f 1100/1100/1100 1102/1102/1102 1099/1099/1099
f 1100/1100/1100 1099/1099/1099 1096/1096/1096
f 1094/1094/1094 1096/1096/1096 1033/1033/1033
f 1094/1094/1094 1033/1033/1033 1031/1031/1031
f 1098/1098/1098 1100/1100/1100 1096/1096/1096
f 1098/1098/1098 1096/1096/1096 1094/1094/1094
f 1093/1093/1093 1094/1094/1094 1031/1031/1031
f 1093/1093/1093 1031/1031/1031 1091/1091/1091
f 1097/1097/1097 1098/1098/1098 1094/1094/1094
f 1097/1097/1097 1094/1094/1094 1093/1093/1093
f 1092/1092/1092 1093/1093/1093 1091/1091/1091
f 1092/1092/1092 1091/1091/1091 1088/1088/1088
f 1095/1095/1095 1097/1097/1097 1093/1093/1093
f 1095/1095/1095 1093/1093/1093 1092/1092/1092
f 1090/1090/1090 1092/1092/1092 1088/1088/1088
f 1090/1090/1090 1088/1088/1088 1086/1086/1086
f 1155/1155/1155 1095/1095/1095 1092/1092/1092
f 1155/1155/1155 1092/1092/1092 1090/1090/1090
f 1089/1089/1089 1090/1090/1090 1086/1086/1086
f 1089/1089/1089 1086/1086/1086 1085/1085/1085
f 1152/1152/1152 1155/1155/1155 1090/1090/1090
f 1152/1152/1152 1090/1090/1090 1089/1089/1089
f 1087/1087/1087 1089/1089/1089 1085/1085/1085
f 1087/1087/1087 1085/1085/1085 1084/1084/1084
f 1150/1150/1150 1152/1152/1152 1089/1089/1089
f 1150/1150/1150 1089/1089/1089 1087/1087/1087
f 1147/1147/1147 1087/1087/1087 1084/1084/1084
f 1147/1147/1147 1084/1084/1084 1082/1082/1082
f 1149/1149/1149 1150/1150/1150 1087/1087/1087
f 1149/1149/1149 1087/1087/1087 1147/1147/1147
f 1145/1145/1145 1147/1147/1147 1082/1082/1082
f 1145/1145/1145 1082/1082/1082 1080/1080/1080
f 1148/1148/1148 1149/1149/1149 1147/1147/1147
f 1148/1148/1148 1147/1147/1147 1145/1145/1145
f 1143/1143/1143 1145/1145/1145 1080/1080/1080
f 1143/1143/1143 1080/1080/1080 1078/1078/1078
f 1146/1146/1146 1148/1148/1148 1145/1145/1145
f 1146/1146/1146 1145/1145/1145 1143/1143/1143
f 1141/1141/1141 1143/1143/1143 1078/1078/1078
f 1141/1141/1141 1078/1078/1078 1076/1076/1076
f 1144/1144/1144 1146/1146/1146 1143/1143/1143
f 1144/1144/1144 1143/1143/1143 1141/1141/1141
f 1139/1139/1139 1141/1141/1141 1076/1076/1076
f 1139/1139/1139 1076/1076/1076 1074/1074/1074
f 1142/1142/1142 1144/1144/1144 1141/1141/1141
f 1142/1142/1142 1141/1141/1141 1139/1139/1139
f 1137/1137/1137 1139/1139/1139 1074/1074/1074
f 1137/1137/1137 1074/1074/1074 1072/1072/1072
f 1140/1140/1140 1142/1142/1142 1139/1139/1139
f 1140/1140/1140 1139/1139/1139 1137/1137/1137
f 1135/1135/1135 1137/1137/1137 1072/1072/1072
f 1135/1135/1135 1072/1072/1072 1070/1070/1070
f 1138/1138/1138 1140/1140/1140 1137/1137/1137
f 1138/1138/1138 1137/1137/1137 1135/1135/1135
f 1133/1133/1133 1135/1135/1135 1070/1070/1070
f 1133/1133/1133 1070/1070/1070 1068/1068/1068
f 1136/1136/1136 1138/1138/1138 1135/1135/1135
f 1136/1136/1136 1135/1135/1135 1133/1133/1133
f 1131/1131/1131 1133/1133/1133 1068/1068/1068
f 1131/1131/1131 1068/1068/1068 1066/1066/1066
f 1134/1134/1134 1136/1136/1136 1133/1133/1133
f 1134/1134/1134 1133/1133/1133 1131/1131/1131
f 1129/1129/1129 1131/1131/1131 1066/1066/1066
f 1129/1129/1129 1066/1066/1066 1064/1064/1064
f 1132/1132/1132 1134/1134/1134 1131/1131/1131
f 1132/1132/1132 1131/1131/1131 1129/1129/1129
f 1127/1127/1127 1129/1129/1129 1064/1064/1064
f 1127/1127/1127 1064/1064/1064 1062/1062/1062
f 1130/1130/1130 1132/1132/1132 1129/1129/1129
f 1130/1130/1130 1129/1129/1129 1127/1127/1127
f 1125/1125/1125 1127/1127/1127 1062/1062/1062
f 1125/1125/1125 1062/1062/1062 1060/1060/1060
f 1128/1128/1128 1130/1130/1130 1127/1127/1127
f 1128/1128/1128 1127/1127/1127 1125/1125/1125
f 1123/1123/1123 1125/1125/1125 1060/1060/1060
f 1123/1123/1123 1060/1060/1060 1058/1058/1058
f 1126/1126/1126 1128/1128/1128 1125/1125/1125
f 1126/1126/1126 1125/1125/1125 1123/1123/1123
f 1121/1121/1121 1123/1123/1123 1058/1058/1058
f 1121/1121/1121 1058/1058/1058 1056/1056/1056
f 1124/1124/1124 1126/1126/1126 1123/1123/1123
f 1124/1124/1124 1123/1123/1123 1121/1121/1121
f 1119/1119/1119 1121/1121/1121 1056/1056/1056
f 1119/1119/1119 1056/1056/1056 1054/1054/1054
f 1122/1122/1122 1124/1124/1124 1121/1121/1121
f 1122/1122/1122 1121/1121/1121 1119/1119/1119
f 1117/1117/1117 1119/1119/1119 1054/1054/1054
f 1117/1117/1117 1054/1054/1054 1052/1052/1052
f 1120/1120/1120 1122/1122/1122 1119/1119/1119
f 1120/1120/1120 1119/1119/1119 1117/1117/1117
f 1115/1115/1115 1117/1117/1117 1052/1052/1052
f 1115/1115/1115 1052/1052/1052 1050/1050/1050
f 1113/1113/1113 1115/1115/1115 1050/1050/1050
f 1118/1118/1118 1120/1120/1120 1117/1117/1117
f 1118/1118/1118 1117/1117/1117 1115/1115/1115
f 1116/1116/1116 1115/1115/1115 1113/1113/1113
f 1116/1116/1116 1118/1118/1118 1115/1115/1115
f 1114/1114/1114 1116/1116/1116 1113/1113/1113
f 1114/1114/1114 1113/1113/1113 1111/1111/1111
f 1212/1212/1212 1118/1118/1118 1116/1116/1116
f 1112/1112/1112 1114/1114/1114 1111/1111/1111
f 1112/1112/1112 1111/1111/1111 1109/1109/1109
f 1208/1208/1208 1116/1116/1116 1114/1114/1114
f 1208/1208/1208 1212/1212/1212 1116/1116/1116
f 1204/1204/1204 1114/1114/1114 1112/1112/1112
f 1204/1204/1204 1208/1208/1208 1114/1114/1114
f 1110/1110/1110 1112/1112/1112 1109/1109/1109
f 1110/1110/1110 1109/1109/1109 1107/1107/1107
f 1108/1108/1108 1110/1110/1110 1107/1107/1107
f 1205/1205/1205 1208/1208/1208 1204/1204/1204
f 1205/1205/1205 1209/1209/1209 1208/1208/1208
f 1209/1209/1209 1212/1212/1212 1208/1208/1208
f 1201/1201/1201 1205/1205/1205 1204/1204/1204
f 1209/1209/1209 1213/1213/1213 1212/1212/1212
f 1201/1201/1201 1204/1204/1204 1200/1200/1200
f 1200/1200/1200 1204/1204/1204 1112/1112/1112
f 1200/1200/1200 1112/1112/1112 1110/1110/1110
f 1197/1197/1197 1201/1201/1201 1200/1200/1200
f 1213/1213/1213 1216/1216/1216 1212/1212/1212
f 1212/1212/1212 1216/1216/1216 1118/1118/1118
f 1216/1216/1216 1120/1120/1120 1118/1118/1118
f 1213/1213/1213 1215/1215/1215 1216/1216/1216
f 1197/1197/1197 1200/1200/1200 1196/1196/1196
f 1196/1196/1196 1200/1200/1200 1110/1110/1110
f 1196/1196/1196 1110/1110/1110 1108/1108/1108
f 1193/1193/1193 1197/1197/1197 1196/1196/1196
f 1215/1215/1215 1214/1214/1214 1216/1216/1216
f 1216/1216/1216 1214/1214/1214 1120/1120/1120
f 1214/1214/1214 1122/1122/1122 1120/1120/1120
f 1215/1215/1215 1211/1211/1211 1214/1214/1214
f 1193/1193/1193 1196/1196/1196 1192/1192/1192
f 1192/1192/1192 1196/1196/1196 1108/1108/1108
f 1189/1189/1189 1193/1193/1193 1192/1192/1192
f 1192/1192/1192 1108/1108/1108 1106/1106/1106
f 1211/1211/1211 1210/1210/1210 1214/1214/1214
f 1214/1214/1214 1210/1210/1210 1122/1122/1122
f 1210/1210/1210 1124/1124/1124 1122/1122/1122
f 1211/1211/1211 1207/1207/1207 1210/1210/1210
f 1188/1188/1188 1192/1192/1192 1106/1106/1106
f 1189/1189/1189 1192/1192/1192 1188/1188/1188
f 1188/1188/1188 1106/1106/1106 1104/1104/1104
f 1185/1185/1185 1189/1189/1189 1188/1188/1188
f 1207/1207/1207 1206/1206/1206 1210/1210/1210
f 1210/1210/1210 1206/1206/1206 1124/1124/1124
f 1207/1207/1207 1203/1203/1203 1206/1206/1206
f 1206/1206/1206 1126/1126/1126 1124/1124/1124
f 1185/1185/1185 1188/1188/1188 1184/1184/1184
f 1184/1184/1184 1188/1188/1188 1104/1104/1104
f 1181/1181/1181 1185/1185/1185 1184/1184/1184
f 1184/1184/1184 1104/1104/1104 1102/1102/1102
f 1206/1206/1206 1202/1202/1202 1126/1126/1126
f 1203/1203/1203 1202/1202/1202 1206/1206/1206
f 1202/1202/1202 1128/1128/1128 1126/1126/1126
f 1203/1203/1203 1199/1199/1199 1202/1202/1202
f 1180/1180/1180 1184/1184/1184 1102/1102/1102
f 1181/1181/1181 1184/1184/1184 1180/1180/1180
f 1180/1180/1180 1102/1102/1102 1100/1100/1100
f 1177/1177/1177 1181/1181/1181 1180/1180/1180
f 1199/1199/1199 1198/1198/1198 1202/1202/1202
f 1202/1202/1202 1198/1198/1198 1128/1128/1128
f 1199/1199/1199 1195/1195/1195 1198/1198/1198
f 1198/1198/1198 1130/1130/1130 1128/1128/1128
f 1177/1177/1177 1180/1180/1180 1176/1176/1176
f 1176/1176/1176 1180/1180/1180 1100/1100/1100
f 1173/1173/1173 1177/1177/1177 1176/1176/1176
f 1176/1176/1176 1100/1100/1100 1098/1098/1098
f 1198/1198/1198 1194/1194/1194 1130/1130/1130
f 1195/1195/1195 1194/1194/1194 1198/1198/1198
f 1194/1194/1194 1132/1132/1132 1130/1130/1130
f 1195/1195/1195 1191/1191/1191 1194/1194/1194
f 1172/1172/1172 1176/1176/1176 1098/1098/1098
f 1173/1173/1173 1176/1176/1176 1172/1172/1172
f 1172/1172/1172 1098/1098/1098 1097/1097/1097
f 1169/1169/1169 1173/1173/1173 1172/1172/1172
f 1191/1191/1191 1190/1190/1190 1194/1194/1194
f 1194/1194/1194 1190/1190/1190 1132/1132/1132
f 1191/1191/1191 1187/1187/1187 1190/1190/1190
f 1190/1190/1190 1134/1134/1134 1132/1132/1132
f 1169/1169/1169 1172/1172/1172 1168/1168/1168
f 1168/1168/1168 1172/1172/1172 1097/1097/1097
f 1165/1165/1165 1169/1169/1169 1168/1168/1168
f 1168/1168/1168 1097/1097/1097 1095/1095/1095
f 1190/1190/1190 1186/1186/1186 1134/1134/1134
f 1187/1187/1187 1186/1186/1186 1190/1190/1190
f 1186/1186/1186 1136/1136/1136 1134/1134/1134
f 1187/1187/1187 1183/1183/1183 1186/1186/1186
f 1164/1164/1164 1168/1168/1168 1095/1095/1095
f 1165/1165/1165 1168/1168/1168 1164/1164/1164
f 1164/1164/1164 1095/1095/1095 1155/1155/1155
f 1161/1161/1161 1165/1165/1165 1164/1164/1164
f 1183/1183/1183 1182/1182/1182 1186/1186/1186
f 1186/1186/1186 1182/1182/1182 1136/1136/1136
f 1183/1183/1183 1179/1179/1179 1182/1182/1182
f 1182/1182/1182 1138/1138/1138 1136/1136/1136
f 1161/1161/1161 1164/1164/1164 1160/1160/1160
f 1160/1160/1160 1164/1164/1164 1155/1155/1155
f 1158/1158/1158 1161/1161/1161 1160/1160/1160
f 1160/1160/1160 1155/1155/1155 1152/1152/1152
f 1182/1182/1182 1178/1178/1178 1138/1138/1138
f 1179/1179/1179 1178/1178/1178 1182/1182/1182
f 1178/1178/1178 1140/1140/1140 1138/1138/1138
f 1179/1179/1179 1175/1175/1175 1178/1178/1178
f 1154/1154/1154 1160/1160/1160 1152/1152/1152
f 1158/1158/1158 1160/1160/1160 1154/1154/1154
f 1154/1154/1154 1152/1152/1152 1150/1150/1150
f 1156/1156/1156 1158/1158/1158 1154/1154/1154
f 1175/1175/1175 1174/1174/1174 1178/1178/1178
f 1178/1178/1178 1174/1174/1174 1140/1140/1140
f 1175/1175/1175 1171/1171/1171 1174/1174/1174
f 1174/1174/1174 1142/1142/1142 1140/1140/1140
f 1156/1156/1156 1154/1154/1154 1153/1153/1153
f 1153/1153/1153 1154/1154/1154 1150/1150/1150
f 1157/1157/1157 1156/1156/1156 1153/1153/1153
f 1153/1153/1153 1150/1150/1150 1149/1149/1149
f 1174/1174/1174 1170/1170/1170 1142/1142/1142
f 1171/1171/1171 1170/1170/1170 1174/1174/1174
f 1170/1170/1170 1144/1144/1144 1142/1142/1142
f 1171/1171/1171 1167/1167/1167 1170/1170/1170
f 1151/1151/1151 1153/1153/1153 1149/1149/1149
f 1157/1157/1157 1153/1153/1153 1151/1151/1151
f 1151/1151/1151 1149/1149/1149 1148/1148/1148
f 1159/1159/1159 1157/1157/1157 1151/1151/1151
f 1167/1167/1167 1166/1166/1166 1170/1170/1170
f 1170/1170/1170 1166/1166/1166 1144/1144/1144
f 1167/1167/1167 1163/1163/1163 1166/1166/1166
f 1166/1166/1166 1146/1146/1146 1144/1144/1144
f 1163/1163/1163 1159/1159/1159 1162/1162/1162
f 1163/1163/1163 1162/1162/1162 1166/1166/1166
f 1159/1159/1159 1151/1151/1151 1162/1162/1162
f 1166/1166/1166 1162/1162/1162 1146/1146/1146
f 1162/1162/1162 1151/1151/1151 1148/1148/1148
f 1162/1162/1162 1148/1148/1148 1146/1146/1146
f 1219/1219/1219 1218/1218/1218 1217/1217/1217
f 1219/1219/1219 1217/1217/1217 1221/1221/1221
f 1218/1218/1218 1220/1220/1220 1217/1217/1217
f 1223/1223/1223 1219/1219/1219 1221/1221/1221
f 1218/1218/1218 1222/1222/1222 1220/1220/1220
f 1223/1223/1223 1221/1221/1221 1225/1225/1225
f 1222/1222/1222 1224/1224/1224 1220/1220/1220
f 1227/1227/1227 1223/1223/1223 1225/1225/1225
f 1222/1222/1222 1226/1226/1226 1224/1224/1224
f 1227/1227/1227 1225/1225/1225 1229/1229/1229
f 1226/1226/1226 1228/1228/1228 1224/1224/1224
f 1231/1231/1231 1227/1227/1227 1229/1229/1229
f 1226/1226/1226 1230/1230/1230 1228/1228/1228
f 1231/1231/1231 1229/1229/1229 1233/1233/1233
f 1230/1230/1230 1232/1232/1232 1228/1228/1228
f 1235/1235/1235 1231/1231/1231 1233/1233/1233
f 1230/1230/1230 1234/1234/1234 1232/1232/1232
f 1235/1235/1235 1233/1233/1233 1237/1237/1237
f 1234/1234/1234 1236/1236/1236 1232/1232/1232
f 1239/1239/1239 1235/1235/1235 1237/1237/1237
f 1234/1234/1234 1238/1238/1238 1236/1236/1236
f 1239/1239/1239 1237/1237/1237 1241/1241/1241
f 1238/1238/1238 1240/1240/1240 1236/1236/1236
f 1243/1243/1243 1239/1239/1239 1241/1241/1241
f 1238/1238/1238 1242/1242/1242 1240/1240/1240
f 1243/1243/1243 1241/1241/1241 1245/1245/1245
f 1242/1242/1242 1244/1244/1244 1240/1240/1240
f 1247/1247/1247 1243/1243/1243 1245/1245/1245
f 1242/1242/1242 1246/1246/1246 1244/1244/1244
f 1247/1247/1247 1245/1245/1245 1249/1249/1249
f 1246/1246/1246 1248/1248/1248 1244/1244/1244
f 1251/1251/1251 1247/1247/1247 1249/1249/1249
f 1246/1246/1246 1250/1250/1250 1248/1248/1248
f 1251/1251/1251 1249/1249/1249 1253/1253/1253
f 1250/1250/1250 1252/1252/1252 1248/1248/1248
f 1255/1255/1255 1251/1251/1251 1253/1253/1253
f 1250/1250/1250 1254/1254/1254 1252/1252/1252
f 1255/1255/1255 1253/1253/1253 1257/1257/1257
f 1254/1254/1254 1256/1256/1256 1252/1252/1252
f 1259/1259/1259 1255/1255/1255 1257/1257/1257
f 1254/1254/1254 1258/1258/1258 1256/1256/1256
f 1259/1259/1259 1257/1257/1257 1261/1261/1261
f 1258/1258/1258 1260/1260/1260 1256/1256/1256
f 1263/1263/1263 1259/1259/1259 1261/1261/1261
f 1258/1258/1258 1262/1262/1262 1260/1260/1260
f 1263/1263/1263 1261/1261/1261 1265/1265/1265
f 1262/1262/1262 1264/1264/1264 1260/1260/1260
f 1267/1267/1267 1263/1263/1263 1265/1265/1265
f 1262/1262/1262 1266/1266/1266 1264/1264/1264
f 1267/1267/1267 1265/1265/1265 1269/1269/1269
f 1266/1266/1266 1268/1268/1268 1264/1264/1264
f 1271/1271/1271 1267/1267/1267 1269/1269/1269
f 1266/1266/1266 1270/1270/1270 1268/1268/1268
f 1271/1271/1271 1269/1269/1269 1273/1273/1273
f 1270/1270/1270 1272/1272/1272 1268/1268/1268
f 1275/1275/1275 1271/1271/1271 1273/1273/1273
f 1270/1270/1270 1274/1274/1274 1272/1272/1272
f 1275/1275/1275 1273/1273/1273 1277/1277/1277
f 1274/1274/1274 1276/1276/1276 1272/1272/1272
f 1279/1279/1279 1275/1275/1275 1277/1277/1277
f 1274/1274/1274 1278/1278/1278 1276/1276/1276
f 1279/1279/1279 1277/1277/1277 1280/1280/1280
f 1278/1278/1278 1280/1280/1280 1276/1276/1276
f 1278/1278/1278 1279/1279/1279 1280/1280/1280
