# VPXTOOL table OBJ file
# VPXTOOL OBJ file
# numVerts: 975 numFaces: 1754
o PinCab_Fittings
v -47.532078 -314.98877 526.785
v -45.347248 -318.15036 527.6209
v -44.78836 -318.76294 521.39594
v -45.965473 -315.43805 532.30493
v -42.478165 -321.44925 525.65894
v -43.20357 -319.01355 532.6889
v -48.425922 -311.29572 529.9419
v -38.983196 -323.3795 529.96796
v -49.175247 -310.67902 524.959
v -41.2934 -315.16245 538.97894
v -47.83162 -313.83643 521.4899
v -39.503807 -320.90115 534.4509
v -45.76833 -310.34308 536.7169
v -36.718937 -320.23868 537.64795
v -49.971474 -306.2299 524.639
v -48.94462 -307.07434 531.4679
v -38.426224 -318.0006 541.33093
v -48.68431 -306.9662 536.037
v -51.107437 -304.95172 520.36597
v -48.573296 -308.0374 518.05896
v -45.63818 -314.8983 516.824
v -45.125225 -312.0102 513.4909
v -42.300163 -318.60278 515.8529
v -40.550766 -317.08746 512.1599
v -40.461765 -322.10236 519.2229
v -43.150936 -314.13803 509.95297
v -36.074875 -321.90582 514.42194
v -38.76596 -324.15012 525.33594
v -32.897636 -325.17557 519.67096
v -36.717022 -324.50372 521.33295
v -31.871735 -326.02002 526.49994
v -33.26991 -324.21252 533.0799
v -30.556812 -327.09747 530.76196
v -32.83543 -325.2182 515.0529
v -23.742977 -319.92773 530.5219
v -36.427055 -306.87262 509.56094
v -26.16801 -317.9143 514.855
v -42.010193 -299.65607 535.8369
v -44.30316 -297.7934 520.1309
v -31.71 -310.75284 540.93494
v -36.897903 -305.56427 531.60394
v -38.69706 -303.71307 528.6309
v -34.362804 -308.29324 532.8839
v 11.05258 -253.96365 529.6369
v 9.250547 -252.10934 526.66
v 13.590544 -256.69678 530.91895
v 8.668692 -251.63094 522.78595
v 16.185926 -259.5755 530.16394
v -39.278915 -303.23468 524.76294
v -31.772205 -311.16885 532.131
v 18.141079 -261.82916 527.5739
v -38.48652 -304.2591 521.03595
v 9.462045 -252.65535 519.05396
v -29.81897 -313.42044 529.54395
v -36.53424 -306.50964 518.449
v 11.417196 -254.90901 516.4639
v -29.027527 -314.44275 525.8169
v 18.934431 -262.8546 523.8419
v -33.94268 -309.38422 517.69495
v 14.011623 -257.78876 515.7089
v -29.609383 -313.9654 521.9489
v 18.352575 -262.37518 519.9679
v 16.550545 -260.52188 516.99097
v -31.408546 -312.11316 518.9759
v -51.089256 -303.70792 671.9989
v -48.866142 -306.9371 672.75995
v -47.792385 -308.3432 668.4259
v -49.52073 -304.1603 677.5159
v -46.140602 -309.91672 672.19995
v -46.760735 -307.73062 677.9019
v -51.982132 -300.0159 675.15295
v -42.540367 -312.09967 675.1779
v -52.73146 -299.3992 670.16895
v -42.323128 -312.87033 670.54596
v -51.38688 -302.56082 666.70294
v -53.528645 -294.95007 669.8499
v -49.32454 -299.0643 681.9279
v -52.50179 -295.79456 676.67896
v -44.84961 -303.88263 684.18994
v -43.06002 -309.62137 679.6619
v -52.250095 -295.68222 681.2379
v -40.275146 -308.95886 682.8579
v -41.9834 -306.7208 686.54193
v -36.826122 -312.9327 678.29095
v -35.427944 -314.7402 671.71094
v -34.108242 -315.81973 675.96295
v -40.273235 -313.2239 666.54395
v -36.45576 -313.89575 664.88196
v -44.020847 -310.82047 664.435
v -36.391644 -313.9384 660.264
v -48.16178 -307.1992 665.26294
v -39.632046 -310.62704 659.63293
v -45.85733 -307.32297 661.0629
v -44.10698 -305.80765 657.37195
v -49.19535 -303.61847 662.0349
v -52.130466 -296.7576 663.26996
v -48.681442 -300.7314 658.70197
v -46.707146 -302.85822 655.16394
v -54.66556 -293.67087 665.582
v -39.984226 -295.59277 654.7719
v -45.566406 -288.37625 681.0479
v -47.860336 -286.51358 665.34094
v -29.725183 -306.6345 660.06494
v -35.268127 -299.472 686.14594
v -27.299187 -308.64792 675.73096
v -34.96476 -300.83334 664.18695
v -40.455067 -294.28445 676.81396
v -33.165596 -302.68558 667.1599
v -42.25423 -292.43326 673.842
v -37.91998 -297.0145 678.0949
v 7.496366 -242.68382 674.8469
v 5.694335 -240.8295 671.86993
v 10.03433 -245.41695 676.12994
v 5.111522 -240.3511 667.99695
v 12.628757 -248.29567 675.37494
v -42.83513 -291.95486 669.97394
v -35.329376 -299.88904 677.34094
v 14.584866 -250.54933 672.7849
v -42.04369 -292.97928 666.24695
v 5.904875 -241.3755 664.2649
v -33.376137 -302.14066 674.75397
v -40.09045 -295.22983 663.6599
v 7.860984 -243.6292 661.67395
v -32.583748 -303.164 671.02795
v 15.378219 -251.57478 669.053
v 14.795405 -251.09639 665.17896
v 12.993375 -249.24207 662.20197
v 10.455411 -246.50896 660.91895
v -37.498894 -298.1044 662.90594
v -21.042332 -203.36263 1846.087
v -25.785223 -216.17125 1846.641
v -28.299261 -214.20462 1853.515
v -23.903763 -202.33302 1853.001
v -36.007896 -223.88597 1853.868
v -20.38583 -189.58055 1845.42
v -23.295113 -189.5587 1852.383
v -34.10251 -226.61702 1847.023
v -46.192287 -230.32878 1854.024
v -23.888453 -176.31639 1844.713
v -26.541258 -177.2659 1851.7279
v -20.328411 -189.79271 1841.426
v -31.170265 -165.00847 1844.042
v -33.290024 -166.78583 1851.105
v -23.830072 -176.52855 1840.718
v -31.111889 -165.22166 1840.047
v -41.440792 -156.88295 1843.479
v -42.8093 -159.25415 1850.584
v -41.383373 -157.09511 1839.4851
v -52.750607 -185.55055 1835.689
v -53.588943 -152.81967 1843.0869
v -54.068405 -155.48831 1850.22
v -53.53057 -153.03183 1839.092
v -66.29694 -153.25854 1842.907
v -65.84716 -155.89494 1850.053
v -66.239525 -153.47176 1838.912
v -57.255207 -183.80542 1835.539
v -62.58283 -184.4263 1835.4779
v -78.13026 -158.36494 1838.964
v -78.18863 -158.15279 1842.9591
v -76.86893 -160.43143 1850.1019
v -87.916534 -167.18414 1839.243
v -87.97491 -166.97198 1843.237
v -85.938416 -168.60478 1850.36
v -67.64728 -189.26335 1835.636
v -94.537056 -178.97255 1839.717
v -94.59544 -178.75934 1843.7119
v -92.0747 -179.52998 1850.799
v -68.87988 -194.28134 1835.8689
v -97.33246 -192.23878 1844.331
v -94.611694 -192.0235 1851.3729
v -97.27408 -192.45198 1840.3359
v -95.8893 -205.9491 1845.027
v -93.27381 -204.73022 1852.0189
v -95.83092 -206.16231 1841.033
v -67.87408 -199.99094 1836.1589
v -90.422905 -218.40518 1845.7261
v -88.20745 -216.27525 1852.667
v -90.36453 -218.61734 1841.732
v -81.52568 -228.25606 1846.3519
v -79.96098 -225.40541 1853.246
v -81.46731 -228.46822 1842.357
v -63.020176 -205.06822 1836.486
v -70.16131 -234.43471 1846.835
v -69.428246 -231.13167 1853.6951
v -70.10293 -234.64687 1842.8411
v -57.560493 -236.27238 1847.126
v -57.749977 -232.83415 1853.964
v -57.503075 -236.48454 1843.131
v -45.090782 -233.56837 1847.1901
v -58.31078 -205.98343 1836.6119
v -45.03336 -233.78053 1843.196
v -34.04413 -226.82918 1843.029
v -53.15063 -204.4203 1836.61
v -25.727804 -216.38342 1842.647
v -48.88529 -198.74086 1836.3989
v -20.983955 -203.57582 1842.093
v -48.731213 -191.4255 1836.042
v -48.999172 -199.78398 1828.444
v -48.447945 -192.4863 1828.094
v -51.18113 -187.46935 1827.804
v -53.5631 -205.17741 1828.637
v -53.152554 -196.29167 1828.2059
v -54.23779 -191.81343 1827.969
v -55.149807 -184.60414 1827.6
v -60.215214 -206.39423 1828.591
v -60.516666 -184.34726 1827.502
v -58.018894 -189.38814 1827.79
v -64.89877 -186.3867 1827.533
v -62.039257 -190.93567 1827.802
v -68.58418 -192.5227 1827.776
v -63.956127 -195.22774 1827.983
v -68.0205 -199.81726 1828.1439
v -64.56381 -204.27782 1828.418
v -62.205776 -199.44806 1828.218
v -59.06777 -201.02678 1828.345
v -55.696262 -200.18126 1828.358
v -62.43545 -200.90509 1781.921
v -52.958286 -200.04605 1782.029
v -58.714634 -203.43852 1782.104
v -55.30102 -202.81453 1782.1279
v -62.799114 -195.29532 1781.639
v -52.67596 -196.29997 1781.849
v -58.672527 -191.89246 1781.538
v -54.57178 -193.15813 1781.6649
v -36.26361 2253.6772 177.625
v -39.24469 2251.3416 178.27582
v -40.16339 2249.9 173.64786
v -38.098206 2252.0122 181.44675
v -41.95587 2248.3328 177.43954
v -41.163452 2248.8997 182.08719
v -33.193604 2254.8213 181.20636
v -43.51483 2245.9707 179.4758
v -39.148987 2249.0264 186.54102
v -43.868896 2245.1638 175.15149
v -42.4516 2245.3418 185.33997
v -35.760254 2252.4946 185.02911
v -37.640747 2247.533 190.49536
v -44.782837 2242.4307 181.74524
v -42.16638 2242.4849 188.84772
v -32.997375 2252.2878 188.42184
v -39.606445 2245.452 192.70984
v -45.361816 2238.4963 183.92236
v -29.479431 2255.4744 183.18353
v -47.428955 2235.8975 182.52759
v -30.552246 2254.7214 188.66846
v -46.369568 2236.6348 177.03851
v -45.517822 2241.0725 176.7214
v -44.460327 2241.632 171.61472
v -41.19983 2243.6736 192.12958
v -41.78076 2246.8872 171.10074
v -44.919678 2237.4001 170.03961
v -38.80255 2250.1433 170.49039
v -47.783997 2235.2412 180.10272
v -41.893677 2243.9573 167.793
v -38.504944 2247.4268 166.28006
v -36.364136 2252.9285 173.07068
v -35.20233 2251.1094 167.48212
v -36.758423 2245.3408 162.72778
v -32.13611 2255.3787 176.09967
v -32.871094 2254.0205 171.07587
v -28.029602 2256.2397 176.18567
v -29.037354 2254.3782 169.30075
v -32.232727 2250.39 164.37543
v -41.401733 2240.5867 164.80133
v -34.665466 2247.1243 160.57135
v -26.487854 2257.3362 173.17743
v -26.842896 2256.6797 170.7536
v -33.071106 2248.9026 161.15057
v -29.312927 2255.8435 186.82285
v -26.43811 2241.6113 161.97028
v -22.679993 2248.5522 187.64151
v -20.20996 2249.3884 171.57227
v -19.85492 2250.0435 173.99814
v -23.919312 2247.429 189.48709
v -26.14624 2244.2153 181.15765
v -32.972534 2238.1604 193.52954
v -28.138672 2242.41 184.12448
v -25.32605 2244.648 177.19397
v -34.566895 2236.382 192.94925
v -25.896423 2243.5945 173.2945
v 21.98993 2192.648 183.03429
v 21.167847 2192.2144 187.00316
v 21.41858 2191.5925 179.12862
v 19.172516 2190.4067 189.97414
v -27.706116 2241.3345 170.50491
v 19.606018 2189.3303 176.33589
v -30.76947 2239.7173 185.29855
v 16.538849 2187.71 191.15028
v 13.971222 2184.8481 190.21556
v -30.268982 2238.4756 169.57227
v 17.039368 2186.4673 175.4012
v -33.332336 2236.8584 184.3659
v 12.159607 2182.585 187.42284
v -32.89978 2235.783 170.74637
v 14.404724 2183.7705 176.57738
v -28.03247 2239.833 161.38995
v -34.892273 2233.9788 173.71313
v 12.410339 2181.9631 179.54832
v 11.588287 2181.5295 183.5172
v -43.718628 2237.8557 164.61273
v -37.085693 2230.5632 165.43137
v -44.957947 2236.7324 166.45831
v -38.325012 2229.4412 167.27698
v -35.712402 2233.545 177.67685
v -41.150085 2227.9487 180.92139
v -35.14203 2234.5996 181.5763
v -40.795044 2228.605 183.34622
v -40.26581 2265.0464 328.07953
v -43.2995 2262.667 328.64948
v -43.31482 2262.1511 324.45883
v -40.365356 2264.2966 323.52725
v -45.433594 2259.9026 324.82565
v -42.80188 2261.5159 320.948
v -36.13733 2266.748 326.5562
v -45.958984 2259.6997 327.89716
v -36.872314 2265.3896 321.5324
v -42.10034 2263.3804 331.90228
v -39.203552 2262.479 317.93765
v -37.194824 2266.1904 331.6629
v -32.0318 2267.6082 326.64017
v -45.163757 2260.2688 332.54373
v -39.761475 2263.864 335.48468
v -43.150208 2260.3945 336.99753
v -47.516052 2257.34 329.93234
v -46.45282 2256.711 335.79657
v -41.642944 2258.902 340.95084
v -47.870117 2256.5322 325.60495
v -48.784058 2253.8 332.20175
v -46.167603 2253.855 339.30322
v -45.781982 2258.2551 321.55627
v -49.519043 2252.4417 327.17795
v -42.506165 2258.795 316.73663
v -48.461548 2253.0002 322.0713
v -45.894897 2255.3257 318.2485
v -40.759644 2256.71 313.18436
v -50.37079 2248.004 327.49402
v -48.921875 2248.7686 320.49512
v -45.40393 2251.956 315.25787
v -49.363037 2249.8657 334.37894
v -51.430176 2247.2656 332.98413
v -51.785217 2246.6106 330.55826
v -48.959167 2248.1018 316.91382
v -45.20105 2255.0427 342.58612
v -44.796265 2239.974 333.80276
v -45.151306 2239.3179 331.3779
v -47.71985 2249.2249 315.06927
v -42.326233 2240.8093 317.73352
v -38.666626 2258.4934 311.02682
v -41.086914 2241.9326 315.88794
v -36.233032 2261.759 314.83096
v -32.03369 2251.2012 311.84653
v -33.03949 2265.7476 319.7563
v -37.072266 2260.272 311.60715
v -30.439331 2252.9805 312.42578
v -30.844116 2268.049 321.21017
v -30.489075 2268.7043 323.63498
v -24.211182 2260.7576 322.0288
v -34.27118 2249.8438 320.02884
v -33.48163 2266.8438 333.64008
v -31.707336 2252.7039 320.96146
v -36.998596 2263.656 338.87622
v -33.314148 2267.213 337.27945
v -43.607666 2256.8213 343.16635
v -34.553467 2266.0896 339.1239
v -26.681213 2259.9204 338.09808
v -23.85614 2261.4126 324.45364
v -27.920532 2258.7983 339.9436
v -36.973755 2249.5288 343.98505
v -38.568115 2247.7502 343.40475
v -32.139893 2253.779 334.57996
v -30.14746 2255.5835 331.61423
v -34.77069 2251.0857 335.75507
v 15.171295 2201.776 340.43063
v 17.166626 2203.5835 337.45975
v 12.536682 2199.0793 341.60583
v 17.987732 2204.0173 333.48978
v 9.970001 2196.2163 340.6721
v -29.32727 2256.017 327.6505
v -37.333557 2248.2266 334.82245
v 8.158386 2193.9543 337.87836
v -29.89862 2254.9626 323.75104
v 17.417358 2202.9617 329.58524
v 15.604797 2200.6997 326.79147
v 13.038147 2197.8354 325.8578
v -39.14325 2245.9678 332.03183
v -36.901 2247.1523 321.2029
v 10.403503 2195.1387 327.0339
v -39.713623 2244.9143 328.13342
v 7.587067 2192.8977 333.97372
v -38.893494 2245.347 324.1697
v 8.409119 2193.3323 330.0049
v -61.185852 2295.0754 1547.7267
v -72.937805 2300.244 1546.6644
v -71.80182 2303.4119 1553.7711
v -60.90924 2298.6216 1554.7557
v -80.656006 2311.787 1552.6283
v -48.508423 2294.3328 1548.5009
v -49.160156 2297.9333 1555.4738
v -82.49054 2309.2808 1545.4313
v -86.51184 2322.839 1551.4508
v -36.27893 2298.0984 1548.9049
v -37.82544 2301.4236 1555.8478
v -48.30841 2294.0144 1544.3734
v -25.82373 2305.9631 1548.8956
v -28.134888 2308.713 1555.8395
v -36.079895 2297.7803 1544.7784
v -25.624695 2305.6448 1544.7682
v -18.274902 2317.0754 1548.4718
v -21.138245 2319.012 1555.4469
v -18.075867 2316.757 1544.3441
v -43.682312 2328.82 1536.7589
v -14.450745 2330.2305 1547.681
v -17.593536 2331.2039 1554.7133
v -14.250732 2329.9111 1543.5536
v -14.765594 2344.0032 1546.6085
v -17.885406 2343.9688 1553.7194
v -14.565582 2343.6838 1542.4811
v -41.838135 2335.858 1536.3248
v -19.184998 2356.9001 1545.3702
v -21.981384 2355.9226 1552.5721
v -18.984985 2356.5818 1541.244
v -43.30426 2340.7854 1535.872
v -27.23053 2367.5247 1544.101
v -29.438293 2365.7705 1551.3961
v -27.030518 2367.2065 1539.9745
v -46.99829 2344.9734 1535.3341
v -38.030273 2374.7258 1542.9381
v -39.448547 2372.4438 1550.3173
v -37.83026 2374.4075 1538.8107
v -50.412903 2377.7222 1542.0077
v -50.925842 2375.2217 1549.4552
v -50.213806 2377.4038 1537.8802
v -63.038574 2376.19 1541.4095
v -62.627075 2373.8013 1548.9008
v -62.83954 2375.8718 1537.2821
v -53.606384 2346.3555 1534.8541
v -74.5379 2370.2944 1541.2096
v -73.28516 2368.337 1548.7152
v -74.33887 2369.976 1537.0822
v -59.62018 2343.04 1534.7672
v -83.664795 2360.6743 1541.4293
v -81.74414 2359.421 1548.9193
v -83.46478 2360.357 1537.3019
v -89.42975 2348.373 1542.0448
v -87.087036 2348.0195 1549.4904
v -89.23071 2348.055 1537.9174
v -61.972473 2338.519 1534.9879
v -91.20886 2334.7231 1542.9889
v -88.73596 2335.3691 1550.3649
v -91.009766 2334.405 1538.8624
v -88.80963 2321.204 1544.1608
v -62.322754 2332.7263 1535.4047
v -88.60962 2320.886 1540.0336
v -82.29053 2308.9614 1541.3038
v -62.01935 2336.4456 1526.819
v -60.128357 2328.1306 1535.8885
v -60.94751 2329.232 1527.4303
v -72.73779 2299.9258 1542.537
v -55.852478 2324.6633 1536.3878
v -60.98584 2294.757 1543.5992
v -56.016113 2324.2754 1528.0905
v -49.11615 2324.477 1536.7838
v -49.30658 2323.6606 1528.5175
v -52.770935 2328.768 1527.93
v -43.64691 2327.6511 1528.5331
v -56.334778 2331.5325 1527.5165
v -48.64435 2329.936 1528.0741
v -41.42572 2334.5579 1528.1288
v -46.67578 2333.025 1527.9496
v -47.921814 2324.8245 1474.2487
v -43.577026 2341.4736 1527.4781
v -51.364136 2325.1396 1474.0299
v -45.017334 2326.871 1474.257
v -47.862488 2336.0232 1473.3947
v -54.372925 2328.5925 1473.5958
v -43.876587 2330.4165 1474.0497
v -46.86621 2336.772 1527.6512
v -44.97998 2333.966 1473.716
v -49.135315 2339.5894 1527.3073
v -47.914185 2344.885 1526.9716
v -53.48584 2340.175 1527.016
v -52.600586 2345.793 1526.6356
v -58.78186 2342.8674 1526.5092
v -57.04779 2336.0845 1527.1278
v -51.311523 2335.7195 1473.2228
v -53.867676 2333.1838 1473.2714
v 981.30865 2253.4463 177.63434
v 983.72894 2251.3818 175.2551
v 985.0305 2250.3357 178.70895
v 985.74146 2249.0024 173.79816
v 981.40826 2252.6946 173.08209
v 983.83997 2249.903 170.50491
v 987.1493 2247.8657 176.78564
v 986.81146 2246.6384 171.11316
v 983.1413 2251.777 181.45813
v 986.19806 2248.6572 182.10065
v 977.185 2255.156 176.11105
v 988.5446 2245.7224 179.48929
v 978.24243 2254.5977 181.21774
v 988.8968 2244.9133 175.16602
v 984.1864 2248.7903 186.5545
v 987.4814 2245.0981 185.35345
v 980.8043 2252.267 185.04053
v 982.6763 2247.303 190.50784
v 989.8059 2242.18 181.7597
v 978.04156 2252.0686 188.43423
v 987.19135 2242.2434 188.86221
v 990.538 2240.8188 176.73694
v 989.4805 2241.3772 171.62924
v 991.3802 2236.378 177.05408
v 990.37726 2238.2446 183.93796
v 992.4386 2235.6394 182.54416
v 986.2277 2243.4355 192.14407
v 989.9313 2237.1443 170.05515
v 992.7917 2234.9822 180.11826
v 986.9186 2243.708 167.80649
v 983.53656 2247.1846 166.29352
v 986.419 2240.3381 164.81686
v 980.24164 2250.8765 167.49353
v 981.7853 2245.1025 162.74225
v 977.91705 2253.7947 171.08725
v 977.2692 2250.1619 164.38785
v 973.0813 2256.0276 176.19705
v 974.08435 2254.1606 169.31317
v 974.52924 2255.2612 183.19598
v 979.6952 2246.8901 160.58478
v 978.1046 2248.6729 161.16406
v 971.5406 2257.1257 173.18982
v 971.8937 2256.4688 170.76501
v 974.36475 2255.6323 186.83322
v 971.45734 2241.397 161.98792
v 975.6021 2254.506 188.67987
v 967.71643 2248.3567 187.65707
v 965.2464 2249.1926 171.58777
v 984.63715 2245.218 192.72437
v 968.95386 2247.2324 189.50262
v 977.98883 2237.942 193.54715
v 964.8923 2249.851 174.01263
v 971.17316 2244.0095 181.17422
v 973.16266 2242.201 184.14102
v 979.5794 2236.1594 192.96686
v 975.7877 2239.5022 185.31616
v 925.74524 2190.3152 190.01869
v 923.7528 2192.1257 187.04771
v 928.3732 2187.6123 191.19481
v 922.9317 2192.5608 183.07784
v 930.9341 2184.743 190.26118
v 970.3529 2244.443 177.21051
v 978.3449 2236.6357 184.38351
v 932.74097 2182.4746 187.46846
v 970.9214 2243.3853 173.31213
v 923.5001 2191.502 179.17323
v 972.7254 2241.1213 170.52252
v 925.30695 2189.2336 176.38048
v 975.2824 2238.2551 169.58987
v 927.86786 2186.3643 175.44682
v 973.0469 2239.6145 161.4076
v 977.9075 2235.5564 170.76501
v 930.49677 2183.6614 176.62401
v 988.7302 2237.601 164.6293
v 982.0819 2230.325 165.45209
v 979.8971 2233.7488 173.73181
v 932.48834 2181.8508 179.59492
v 933.31036 2181.416 183.56383
v 989.9676 2236.4756 166.47385
v 983.3194 2229.2 167.29663
v 986.1435 2227.7063 180.94211
v 980.7172 2233.3152 177.6955
v 985.7903 2228.3638 183.36694
v 980.14874 2234.3716 181.59494
v 988.39905 2261.9587 324.4671
v 988.33405 2262.5164 328.73755
v 985.3559 2264.8635 328.08887
v 991.15814 2259.288 326.53757
v 987.1866 2263.1943 331.90955
v 990.24036 2260.0793 332.552
v 985.4534 2264.1116 323.53345
v 988.23157 2260.2073 337.00485
v 987.88715 2261.318 320.95523
v 984.84955 2263.6843 335.49188
v 982.2877 2266.0146 331.66913
v 981.23016 2266.5735 326.56143
v 981.96234 2265.212 321.53867
v 977.1275 2267.4436 326.64737
v 984.2869 2262.2937 317.94492
v 978.1295 2265.5781 319.76248
v 978.57544 2266.6782 333.64526
v 987.58185 2258.6016 316.7449
v 982.08673 2263.4856 338.88458
v 990.8566 2258.0557 321.56454
v 986.72144 2258.7202 340.9592
v 985.83044 2256.5195 313.1937
v 991.52655 2256.5154 335.80487
v 981.31537 2261.579 314.83923
v 992.5898 2257.1394 329.93964
v 982.1499 2260.0889 311.61542
v 992.943 2256.3303 325.61633
v 993.8511 2253.5972 332.21106
v 990.96387 2255.125 318.25784
v 993.5257 2252.7942 322.08063
v 994.58325 2252.2358 327.1873
v 991.23663 2253.6606 339.31354
v 995.4254 2247.796 327.50543
v 994.4224 2249.6628 334.3893
v 990.2729 2254.8525 342.59543
v 993.97644 2248.5615 320.50653
v 996.48376 2247.0566 332.99557
v 990.4643 2251.7544 315.26825
v 996.837 2246.3992 330.56964
v 983.7405 2258.3074 311.03616
v 992.7755 2249.019 315.07965
v 994.0129 2247.8926 316.92523
v 989.8356 2239.7817 333.8173
v 990.18866 2239.1235 331.39243
v 986.1281 2241.7422 315.90244
v 987.36456 2240.617 317.748
v 977.0931 2251.0315 311.85895
v 983.9424 2245.165 324.1832
v 975.5026 2252.8142 312.43823
v 981.95276 2246.9736 321.21637
v 975.93896 2267.8857 321.21637
v 979.3286 2249.6724 320.04126
v 975.58575 2268.5432 323.64124
v 969.2917 2260.6099 322.03918
v 976.77057 2252.5383 320.97388
v 931.91315 2197.7815 325.89822
v 934.54205 2195.0784 327.07437
v 929.35223 2200.6506 326.83188
v 936.5335 2193.2678 330.04532
v 927.54535 2202.919 329.62457
v 937.3556 2192.8333 334.0152
v 974.9667 2254.8025 323.76245
v 926.9769 2203.9778 333.52924
v 984.7625 2244.7312 328.14685
v 936.7862 2193.8918 337.9198
v 984.19495 2245.7888 332.04633
v 982.3901 2248.053 334.8349
v 934.9794 2196.1602 340.7126
v 983.62463 2247.5767 343.4182
v 979.833 2250.9192 335.76755
v 932.41846 2199.0293 341.64618
v 929.7905 2201.7324 340.4701
v 982.0341 2249.3591 343.9985
v 977.20795 2253.618 334.5924
v 988.68243 2256.636 343.17572
v 972.9991 2258.6484 339.95398
v 975.21936 2255.4265 331.62558
v 927.79803 2203.5432 337.4981
v 979.6474 2265.9243 339.13126
v 974.3982 2255.8604 327.66187
v 978.4099 2267.0498 337.28564
v 968.9385 2261.268 324.46402
v 971.76263 2259.7737 338.1084
v 1017.13873 2303.6233 1553.7577
v 1018.267 2300.4492 1546.6522
v 1006.5046 2295.3093 1547.7172
v 1026.0101 2311.9756 1552.6105
v 1006.2375 2298.859 1554.7452
v 1027.839 2309.4617 1545.4137
v 1031.8889 2323.013 1551.4271
v 993.8262 2294.5981 1548.4945
v 994.48645 2298.1997 1555.4655
v 1006.30444 2294.9902 1543.591
v 981.60535 2298.393 1548.8998
v 983.1595 2301.7168 1555.8405
v 993.62524 2294.2788 1544.3671
v 981.4043 2298.074 1544.7723
v 971.16534 2306.2837 1548.8883
v 973.4833 2309.0303 1555.8302
v 970.96533 2305.9644 1544.7609
v 993.2271 2325.4207 1536.7931
v 963.6395 2317.4136 1548.4613
v 966.5086 2319.346 1555.4354
v 963.4386 2317.0942 1544.3351
v 989.068 2329.0938 1536.7404
v 959.84216 2330.5781 1547.6666
v 962.9888 2331.5461 1554.6986
v 959.64124 2330.2588 1543.5392
v 960.18475 2344.3486 1546.589
v 963.30646 2344.31 1553.6996
v 959.9848 2344.0293 1542.4615
v 987.2401 2336.1348 1536.3041
v 964.631 2357.2354 1545.3453
v 967.42737 2356.2537 1552.5463
v 964.43005 2356.916 1541.2179
v 988.71674 2341.058 1535.849
v 972.6985 2367.84 1544.0707
v 974.9044 2366.0825 1551.3649
v 972.4975 2367.521 1539.9432
v 992.4146 2345.2346 1535.3092
v 983.5126 2375.0151 1542.903
v 984.92706 2372.7322 1550.2831
v 983.31165 2374.6948 1538.7755
v 995.9019 2377.9802 1541.9694
v 996.41016 2375.481 1549.4166
v 995.7019 2377.661 1537.8419
v 1008.5248 2376.417 1541.3693
v 1008.10846 2374.0322 1548.8612
v 1008.3237 2376.0977 1537.2428
v 999.02655 2346.6045 1534.8273
v 1020.0107 2370.4932 1541.1703
v 1018.75507 2368.542 1548.6769
v 1019.81067 2370.1738 1537.0428
v 1029.1184 2360.8516 1541.392
v 1027.1959 2359.6055 1548.8829
v 1028.9175 2360.532 1537.2645
v 1005.0346 2343.2744 1534.7404
v 1034.8577 2348.5369 1542.0116
v 1032.5159 2348.1914 1549.4572
v 1034.6576 2348.2173 1537.8844
v 1036.6089 2334.8835 1542.9608
v 1034.1389 2335.5366 1550.337
v 1036.4089 2334.5632 1538.8336
v 1007.90656 2336.6506 1535.0863
v 1034.1819 2321.3699 1544.1381
v 1033.981 2321.0505 1540.0106
v 1027.638 2309.1426 1541.2872
v 1006.43085 2329.5266 1535.7184
v 1018.067 2300.13 1542.5248
v 1002.9703 2325.9666 1536.1962
v 997.8791 2324.2112 1536.6127
v 1004.246 2326.5376 1527.7538
v 991.5504 2325.4082 1528.5631
v 998.08386 2323.608 1528.33
v 996.3699 2328.998 1528.0128
v 1007.43274 2332.9626 1527.078
v 1001.241 2330.866 1527.5922
v 1006.9783 2338.1074 1526.7081
v 1002.4488 2336.322 1527.1041
v 1004.1962 2343.0996 1526.4833
v 998.0197 2346.0396 1526.6097
v 999.6112 2339.961 1526.986
v 993.3333 2345.1443 1526.9454
v 995.36505 2340.3872 1527.1952
v 988.9914 2341.7466 1527.4542
v 995.0043 2336.4165 1473.2611
v 986.82385 2334.8357 1528.1083
v 998.1757 2334.9075 1473.1969
v 988.0516 2329.8364 1528.4232
v 991.9093 2336.2222 1527.7123
v 992.8147 2331.563 1528.0192
v 991.6566 2335.5012 1473.5221
v 999.82947 2331.6086 1473.3553
v 999.2725 2327.9094 1473.6715
v 996.73926 2325.3718 1474.0104
v 992.4796 2325.2314 1474.264
v 989.5407 2332.5415 1473.8705
v 989.55225 2328.789 1474.1586
v 990.44055 -314.98868 526.7869
v 988.22034 -318.2158 527.54694
v 987.12836 -319.60526 523.01294
v 988.87305 -315.4421 532.3029
v 984.6363 -321.87344 528.18494
v 985.83453 -319.83194 531.36395
v 985.7512 -317.1966 535.4229
v 982.41223 -320.90106 534.4509
v 984.2019 -315.16235 538.97894
v 991.33435 -311.29562 529.9419
v 979.89636 -323.80164 531.1179
v 988.6768 -310.343 536.71594
v 979.6274 -320.2386 537.64795
v 981.33563 -318.00052 541.33093
v 981.6754 -324.15002 525.33496
v 976.1784 -324.21243 533.0799
v 974.7793 -326.01993 526.49994
v 973.4653 -327.09738 530.7609
v 979.62555 -324.50363 521.33295
v 975.8081 -325.17548 519.6699
v 983.37213 -322.10123 519.22394
v 975.74396 -325.21814 515.05396
v 978.98425 -321.90573 514.42194
v 987.51404 -318.4789 520.05194
v 966.6515 -319.92767 530.52094
v 990.7392 -313.84048 521.49194
v 985.2096 -318.6027 515.8529
v 992.0838 -310.67892 524.959
v 983.4602 -317.08737 512.16095
v 988.54767 -314.8982 516.824
v 986.0594 -314.13794 509.95297
v 988.0337 -312.01114 513.49194
v 991.4828 -308.03732 518.05896
v 992.88086 -306.2298 524.639
v 994.0178 -304.9506 520.371
v 991.854 -307.07425 531.46893
v 991.60236 -306.96194 536.02795
v 979.33746 -306.87253 509.56094
v 984.91864 -299.65598 535.8369
v 969.0765 -317.91425 514.85394
v 974.61945 -310.75275 540.93494
v 987.21265 -297.7933 520.12994
v 979.8074 -305.56418 531.60394
v 974.317 -312.11307 518.9759
v 981.6065 -303.71298 528.6309
v 977.2722 -308.29315 532.8839
v 931.8569 -253.96358 529.6369
v 933.6579 -252.10925 526.66
v 929.31793 -256.69672 530.91895
v 934.2408 -251.63084 522.78595
v 926.7235 -259.57544 530.16394
v 982.1874 -303.2346 524.76294
v 974.68164 -311.16876 532.131
v 924.7674 -261.8291 527.5739
v 981.396 -304.259 521.03595
v 933.4474 -252.65526 519.05396
v 972.7284 -313.42035 529.54395
v 979.4427 -306.50955 518.449
v 931.4913 -254.90892 516.4639
v 971.937 -314.44266 525.8169
v 923.97406 -262.85455 523.8419
v 976.8522 -309.38412 517.69495
v 928.89685 -257.7887 515.7089
v 926.3589 -260.52182 516.99097
v 972.51794 -313.96533 521.9489
v 924.5569 -262.37512 519.9679
v 993.99774 -303.70886 671.9959
v 991.77655 -306.937 672.75696
v 991.1296 -307.80646 668.3319
v 992.43115 -304.15918 677.5159
v 988.90643 -310.1371 671.54694
v 989.6702 -307.73157 677.90094
v 994.8916 -300.0158 675.15295
v 985.4479 -312.09958 675.17993
v 995.64087 -299.3991 670.16895
v 987.759 -303.88254 684.18994
v 994.29724 -302.55652 666.7019
v 985.9695 -309.62128 679.6619
v 992.234 -299.06317 681.9279
v 983.1846 -308.95877 682.8579
v 996.4371 -294.94998 669.8499
v 995.41125 -295.79446 676.68
v 984.889 -306.72382 686.5399
v 995.15 -295.6863 681.2479
v 997.57404 -293.6718 665.5759
v 995.039 -296.7575 663.26996
v 988.4759 -288.37616 681.0479
v 992.1039 -303.61838 662.0349
v 991.5908 -300.7303 658.7009
v 991.07416 -307.19702 665.264
v 986.9274 -310.8214 664.4329
v 988.7658 -307.32288 661.0629
v 987.0164 -305.80756 657.3709
v 989.6156 -302.85812 655.16394
v 982.5415 -310.62695 659.63293
v 985.23157 -312.87024 670.54694
v 979.3643 -313.89566 664.88196
v 983.1827 -313.22382 666.54395
v 978.3374 -314.7401 671.71094
v 979.73553 -312.93262 678.29095
v 977.0186 -315.81964 675.96295
v 979.3002 -313.94244 660.26794
v 970.2087 -308.64783 675.73193
v 982.89264 -295.59268 654.7719
v 972.6337 -306.6344 660.0659
v 978.1766 -299.4719 686.14594
v 990.76886 -286.5135 665.34094
v 977.87427 -300.83325 664.18695
v 983.3636 -294.28436 676.81396
v 976.075 -302.6855 667.1599
v 985.16266 -292.43317 673.842
v 980.8284 -297.0144 678.0949
v 935.4131 -242.68375 674.8469
v 937.2151 -240.82942 671.86993
v 932.8751 -245.41687 676.12994
v 937.79694 -240.35103 667.99695
v 930.2807 -248.2956 675.37494
v 985.7445 -291.95477 669.97394
v 978.23785 -299.88895 677.34094
v 928.3246 -250.54926 672.7849
v 984.9522 -292.9792 666.24695
v 937.0045 -241.37543 664.2649
v 976.2846 -302.14056 674.75397
v 982.9999 -295.22974 663.6599
v 935.04846 -243.62912 661.67395
v 975.4932 -303.1639 671.02795
v 927.53125 -251.5747 669.05194
v 928.114 -251.09631 665.17896
v 929.9151 -249.24199 662.20197
v 932.45404 -246.50888 660.91895
v 980.4084 -298.1043 662.90594
v 968.69464 -216.17116 1846.642
v 963.9508 -203.36253 1846.087
v 971.2087 -214.20453 1853.515
v 978.9173 -223.88588 1853.868
v 966.8122 -202.33293 1853.001
v 977.011 -226.61693 1847.023
v 989.10175 -230.32869 1854.024
v 963.2953 -189.58046 1845.42
v 966.2045 -189.55861 1852.383
v 963.8934 -203.57573 1842.093
v 966.7979 -176.3163 1844.713
v 969.4507 -177.26581 1851.727
v 963.2369 -189.79262 1841.426
v 966.7395 -176.52846 1840.718
v 974.0787 -165.00838 1844.042
v 976.1994 -166.78574 1851.105
v 974.0213 -165.22157 1840.047
v 991.6407 -191.42332 1836.041
v 995.65906 -185.54942 1835.689
v 984.2919 -157.09502 1839.4851
v 984.35016 -156.88286 1843.479
v 985.71875 -159.25406 1850.584
v 968.6363 -216.38333 1842.647
v 996.49744 -152.81958 1843.0869
v 996.97784 -155.48822 1850.22
v 996.44006 -153.03174 1839.092
v 1009.2064 -153.25845 1842.907
v 1008.7566 -155.89485 1850.053
v 1009.148 -153.47166 1838.912
v 1000.1646 -183.80533 1835.539
v 1005.4922 -184.42726 1835.4779
v 1021.03973 -158.36485 1838.964
v 1021.098 -158.1527 1842.9591
v 1019.7774 -160.43134 1850.1019
v 1001.43176 -183.99876 1827.5171
v 1030.8843 -166.9719 1843.237
v 1028.8478 -168.60469 1850.359
v 1030.826 -167.18405 1839.243
v 1010.5576 -189.26534 1835.636
v 1037.5039 -178.75925 1843.7119
v 1034.9841 -179.52989 1850.799
v 1037.4465 -178.97246 1839.717
v 1040.241 -192.2387 1844.33
v 1037.5201 -192.0234 1851.3729
v 1040.1835 -192.45189 1840.3359
v 1038.7987 -205.949 1845.027
v 1036.1832 -204.73013 1852.0189
v 1038.7404 -206.16222 1841.033
v 1011.81995 -196.45381 1835.969
v 1033.3323 -218.40509 1845.7261
v 1031.117 -216.27516 1852.666
v 1033.274 -218.61725 1841.732
v 1009.9529 -201.2347 1836.2401
v 1024.4342 -228.25597 1846.3519
v 1022.8704 -225.40532 1853.246
v 1024.3768 -228.46812 1842.357
v 1005.92676 -205.06813 1836.486
v 1013.06976 -234.43462 1846.835
v 1012.33765 -231.13158 1853.6951
v 1013.0123 -234.64677 1842.8411
v 1000.4699 -236.2723 1847.126
v 1000.6594 -232.83406 1853.964
v 1000.4115 -236.48445 1843.131
v 988.0002 -233.56828 1847.1901
v 999.223 -205.83565 1836.629
v 987.9419 -233.78044 1843.196
v 976.9536 -226.82909 1843.029
v 994.98535 -203.41765 1836.5851
v 991.7957 -198.74284 1836.3989
v 993.7767 -202.89453 1828.567
v 999.70624 -206.3879 1828.645
v 991.0722 -196.18549 1828.281
v 1004.452 -205.91989 1828.546
v 992.1555 -190.47485 1827.9819
v 1009.058 -202.92053 1828.3259
v 995.0504 -186.36478 1827.734
v 997.1482 -191.81125 1827.968
v 996.06195 -196.28845 1828.2059
v 1000.0048 -189.69382 1827.819
v 998.60376 -200.18117 1828.358
v 995.58545 -196.30092 1781.849
v 1001.97626 -201.02669 1828.345
v 995.8677 -200.04492 1782.029
v 998.20856 -202.8134 1782.1279
v 997.4794 -193.15907 1781.6649
v 1006.16986 -197.17555 1781.724
v 1000.7551 -191.94435 1781.553
v 1002.5782 -203.297 1782.0819
v 1003.4587 -189.92574 1827.776
v 1004.0281 -193.16948 1781.562
v 1005.06934 -201.009 1781.9299
v 1007.8082 -186.38661 1827.533
v 1005.7468 -198.8635 1828.179
v 1006.5555 -193.31093 1827.8931
v 1011.77203 -196.22293 1827.9541
v 1010.94617 -191.12381 1827.716
vt 0.345644 0.711805
vt 0.346858 0.71167803
vt 0.34669 0.711532
vt 0.346837 0.711954
vt 0.347674 0.711641
vt 0.347949 0.71189302
vt 0.345324 0.712211
vt 0.348842 0.71174902
vt 0.343247 0.712058
vt 0.348821 0.712187
vt 0.344725 0.71142
vt 0.348891 0.71189702
vt 0.347052 0.712039
vt 0.349558 0.71192098
vt 0.340262 0.71302098
vt 0.345128 0.712449
vt 0.350615 0.71134198
vt 0.346596 0.709647
vt 0.335253 0.71185
vt 0.342134 0.710481
vt 0.345957 0.711057
vt 0.346073 0.71074402
vt 0.347381 0.71118897
vt 0.347744 0.711168
vt 0.348123 0.71137202
vt 0.347748 0.71286
vt 0.349176 0.71113598
vt 0.348726 0.711581
vt 0.349774 0.711473
vt 0.349028 0.711455
vt 0.350129 0.711506
vt 0.350083 0.71189302
vt 0.351505 0.71167803
vt 0.350843 0.71187198
vt 0.353238 0.71171498
vt 0.349792 0.711868
vt 0.352498 0.71154702
vt 0.349126 0.71130902
vt 0.343892 0.71223998
vt 0.352252 0.71181703
vt 0.35283 0.712457
vt 0.351444 0.71261
vt 0.35377 0.712542
vt 0.672664 0.716231
vt 0.669468 0.71509802
vt 0.677961 0.71691102
vt 0.668402 0.71374297
vt 0.685324 0.71691102
vt 0.350873 0.711936
vt 0.354796 0.71223402
vt 0.694704 0.716003
vt 0.350939 0.71177
vt 0.669473 0.712399
vt 0.355103 0.711995
vt 0.351673 0.710984
vt 0.672672 0.711298
vt 0.355164 0.71156198
vt 0.706044 0.71396
vt 0.353112 0.711043
vt 0.677976 0.71067703
vt 0.354989 0.71130502
vt 0.69472 0.711779
vt 0.685343 0.710761
vt 0.354059 0.71096897
vt 0.345645 0.73723602
vt 0.346855 0.737112
vt 0.347033 0.737077
vt 0.346836 0.737386
vt 0.347761 0.73710102
vt 0.347948 0.737329
vt 0.345325 0.737643
vt 0.34883 0.737189
vt 0.343248 0.73748899
vt 0.348747 0.737023
vt 0.344731 0.736852
vt 0.340264 0.73845202
vt 0.347052 0.73747098
vt 0.345129 0.73788
vt 0.348822 0.73762
vt 0.348887 0.73733097
vt 0.34659 0.735071
vt 0.349559 0.73735797
vt 0.350619 0.736771
vt 0.350109 0.73733097
vt 0.350119 0.73694497
vt 0.351513 0.737105
vt 0.349022 0.73687202
vt 0.349771 0.736903
vt 0.348119 0.736794
vt 0.350848 0.737301
vt 0.346678 0.736893
vt 0.349192 0.736575
vt 0.347396 0.73662502
vt 0.347758 0.736602
vt 0.345964 0.736489
vt 0.342138 0.735911
vt 0.346081 0.736175
vt 0.347757 0.738293
vt 0.335241 0.73728102
vt 0.3498 0.73729903
vt 0.34913 0.736741
vt 0.343897 0.73767197
vt 0.352504 0.736978
vt 0.352257 0.73724598
vt 0.353246 0.73714697
vt 0.354066 0.73640102
vt 0.352836 0.73788798
vt 0.354996 0.736737
vt 0.35145 0.73804098
vt 0.353777 0.737974
vt 0.67276 0.74165303
vt 0.669564 0.74052
vt 0.678058 0.742333
vt 0.668497 0.739165
vt 0.685423 0.742333
vt 0.350878 0.73736697
vt 0.354803 0.737665
vt 0.694807 0.74142498
vt 0.350945 0.737202
vt 0.669569 0.73782098
vt 0.35511 0.737427
vt 0.35168 0.73641503
vt 0.672769 0.736719
vt 0.35517 0.73699498
vt 0.70615 0.73938102
vt 0.694822 0.73720002
vt 0.685442 0.73618102
vt 0.678074 0.73609698
vt 0.35312 0.73647398
vt 0.649058 0.66044998
vt 0.638473 0.656918
vt 0.635298 0.66309798
vt 0.647949 0.66728997
vt 0.624485 0.655101
vt 0.660188 0.660433
vt 0.661258 0.66728997
vt 0.629515 0.65023297
vt 0.616589 0.64397
vt 0.670847 0.65704298
vt 0.674035 0.66328502
vt 0.659705 0.65739202
vt 0.67996 0.650329
vt 0.685038 0.655316
vt 0.6694 0.65425497
vt 0.67768 0.64815003
vt 0.6867 0.64097297
vt 0.693247 0.644082
vt 0.683686 0.639655
vt 0.661179 0.631144
vt 0.690334 0.62982
vt 0.697248 0.630338
vt 0.686537 0.629623
vt 0.688103 0.618523
vt 0.694911 0.61631697
vt 0.685005 0.61942202
vt 0.662354 0.627935
vt 0.661495 0.62430203
vt 0.68028 0.610339
vt 0.682819 0.60849
vt 0.688411 0.604293
vt 0.673032 0.60334003
vt 0.674794 0.600861
vt 0.678706 0.595249
vt 0.658011 0.620933
vt 0.664109 0.59895802
vt 0.66501 0.596057
vt 0.666986 0.589598
vt 0.654562 0.62005597
vt 0.654312 0.59457803
vt 0.654221 0.58786702
vt 0.654348 0.597565
vt 0.643688 0.59633
vt 0.641527 0.58995402
vt 0.644643 0.59918898
vt 0.650718 0.62117898
vt 0.63401 0.601272
vt 0.62998 0.595806
vt 0.635834 0.603715
vt 0.626317 0.609097
vt 0.620708 0.60511398
vt 0.62883 0.61083502
vt 0.64746 0.624811
vt 0.621284 0.61900502
vt 0.61461 0.61707902
vt 0.624232 0.619834
vt 0.619759 0.63014603
vt 0.61289 0.63067198
vt 0.622627 0.62990803
vt 0.622973 0.64103597
vt 0.646813 0.628151
vt 0.625795 0.63975
vt 0.631766 0.648099
vt 0.648274 0.631593
vt 0.639921 0.654185
vt 0.652336 0.63441598
vt 0.64956 0.65738302
vt 0.657335 0.63424802
vt 0.653268 0.630691
vt 0.655705 0.630742
vt 0.657399 0.62979
vt 0.651397 0.629265
vt 0.654374 0.62890702
vt 0.655728 0.62857997
vt 0.658187 0.628353
vt 0.650862 0.62708902
vt 0.658264 0.62654603
vt 0.656351 0.62747502
vt 0.657405 0.625158
vt 0.655875 0.626369
vt 0.655304 0.624044
vt 0.654519 0.62596798
vt 0.652899 0.624362
vt 0.651414 0.62556303
vt 0.653223 0.62647802
vt 0.652788 0.62739497
vt 0.653096 0.62833
vt 0.654563 0.627414
vt 0.654571 0.62747598
vt 0.654547 0.62743902
vt 0.654552 0.62746102
vt 0.654599 0.62741
vt 0.654596 0.62747598
vt 0.654622 0.62743503
vt 0.654617 0.62746203
vt 0.348565 0.694328
vt 0.347603 0.694403
vt 0.347407 0.694439
vt 0.348 0.69416398
vt 0.346625 0.694418
vt 0.346838 0.69415802
vt 0.349234 0.69421
vt 0.345496 0.69434702
vt 0.347453 0.69389302
vt 0.345603 0.69458902
vt 0.345991 0.69384098
vt 0.348566 0.693994
vt 0.347882 0.69394398
vt 0.344058 0.693909
vt 0.346106 0.693353
vt 0.349272 0.693806
vt 0.348255 0.695207
vt 0.34209 0.693223
vt 0.349962 0.694166
vt 0.338376 0.69475102
vt 0.3509 0.69472098
vt 0.340325 0.69577402
vt 0.343375 0.69479197
vt 0.345422 0.69503403
vt 0.347267 0.69599098
vt 0.346948 0.694632
vt 0.345229 0.69529098
vt 0.348063 0.694619
vt 0.332134 0.694389
vt 0.346964 0.69489902
vt 0.348243 0.69483298
vt 0.348638 0.694497
vt 0.349043 0.69466197
vt 0.348895 0.69503498
vt 0.34949 0.69434398
vt 0.349427 0.694561
vt 0.350364 0.694268
vt 0.350244 0.69467598
vt 0.349739 0.69471598
vt 0.347175 0.694736
vt 0.35065 0.693936
vt 0.351703 0.694542
vt 0.351707 0.69434202
vt 0.350864 0.694337
vt 0.351092 0.69441098
vt 0.352646 0.694804
vt 0.352913 0.694068
vt 0.35348 0.69438398
vt 0.353487 0.69460398
vt 0.352492 0.694341
vt 0.355381 0.694027
vt 0.350173 0.69439
vt 0.35468 0.69371498
vt 0.35607 0.694296
vt 0.349306 0.694883
vt 0.355952 0.694789
vt 0.712367 0.696769
vt 0.700845 0.69454902
vt 0.700832 0.698847
vt 0.691302 0.69351
vt 0.355129 0.69502097
vt 0.691284 0.699772
vt 0.35319 0.69373697
vt 0.683801 0.69342297
vt 0.678401 0.694057
vt 0.354323 0.69529402
vt 0.683789 0.699772
vt 0.352018 0.69381398
vt 0.675139 0.69517797
vt 0.352762 0.695233
vt 0.678393 0.69907898
vt 0.352187 0.694494
vt 0.351629 0.69523102
vt 0.675139 0.697927
vt 0.67405 0.69654602
vt 0.347294 0.692981
vt 0.349474 0.69426203
vt 0.345896 0.691719
vt 0.348616 0.69370002
vt 0.350072 0.694919
vt 0.343814 0.69554698
vt 0.350325 0.69428802
vt 0.344608 0.69431102
vt 0.348285 0.70291698
vt 0.347323 0.702972
vt 0.347456 0.70305097
vt 0.348376 0.70309198
vt 0.346611 0.70304698
vt 0.347788 0.70323098
vt 0.349222 0.70293403
vt 0.346344 0.703049
vt 0.349194 0.70314902
vt 0.34774 0.702793
vt 0.348749 0.703277
vt 0.348961 0.70279902
vt 0.35008 0.70285898
vt 0.346536 0.702776
vt 0.348299 0.70259303
vt 0.347187 0.702465
vt 0.345272 0.70284897
vt 0.345714 0.702352
vt 0.347629 0.70250702
vt 0.345317 0.703196
vt 0.343714 0.702429
vt 0.345834 0.70184302
vt 0.346661 0.70325798
vt 0.343004 0.703485
vt 0.347969 0.70346397
vt 0.345122 0.70369
vt 0.346688 0.70354098
vt 0.348639 0.70367098
vt 0.340035 0.704382
vt 0.344942 0.70395303
vt 0.346916 0.703389
vt 0.341689 0.70169002
vt 0.338179 0.703353
vt 0.332134 0.70298803
vt 0.345676 0.700409
vt 0.347019 0.704526
vt 0.34448 0.702932
vt 0.34354 0.704166
vt 0.347056 0.701649
vt 0.348391 0.702344
vt 0.350393 0.70256603
vt 0.349248 0.702904
vt 0.349511 0.70330298
vt 0.351938 0.70310998
vt 0.349964 0.703265
vt 0.350612 0.702959
vt 0.352392 0.703416
vt 0.351404 0.702951
vt 0.351443 0.703143
vt 0.353201 0.70297998
vt 0.354081 0.70390302
vt 0.349685 0.70275903
vt 0.35487 0.70362198
vt 0.349008 0.70239902
vt 0.350813 0.70300198
vt 0.347997 0.70375502
vt 0.35062 0.70330602
vt 0.35263 0.70265597
vt 0.353213 0.703196
vt 0.35221 0.70292503
vt 0.349906 0.70296198
vt 0.349048 0.70345002
vt 0.354388 0.7023
vt 0.355094 0.702614
vt 0.352895 0.702322
vt 0.689349 0.7022
vt 0.698843 0.70323497
vt 0.681885 0.702111
vt 0.710306 0.70544797
vt 0.67651 0.70274198
vt 0.355786 0.702887
vt 0.351716 0.70240498
vt 0.673268 0.703856
vt 0.355678 0.70338303
vt 0.698831 0.70751202
vt 0.689332 0.70843
vt 0.681874 0.70843
vt 0.350008 0.702887
vt 0.352542 0.703852
vt 0.676505 0.70774
vt 0.349917 0.70356798
vt 0.672182 0.70521802
vt 0.351437 0.70386302
vt 0.673267 0.706591
vt 0.535459 0.619725
vt 0.54038 0.60963202
vt 0.534717 0.60562497
vt 0.528743 0.617764
vt 0.544016 0.59618002
vt 0.534114 0.630948
vt 0.52719 0.631478
vt 0.5481 0.601687
vt 0.555572 0.590088
vt 0.537391 0.641854
vt 0.530987 0.64487398
vt 0.536997 0.630678
vt 0.543971 0.651169
vt 0.538924 0.65611798
vt 0.540215 0.640558
vt 0.54624 0.64897698
vt 0.553182 0.65779102
vt 0.549967 0.66403598
vt 0.554605 0.65500498
vt 0.564649 0.63386
vt 0.563894 0.66117197
vt 0.562824 0.668086
vt 0.564371 0.658103
vt 0.57513 0.661166
vt 0.576275 0.668086
vt 0.574609 0.658067
vt 0.569479 0.63521898
vt 0.585828 0.657533
vt 0.589113 0.663804
vt 0.584351 0.65476
vt 0.572998 0.634345
vt 0.595012 0.650757
vt 0.600223 0.65571803
vt 0.592688 0.648562
vt 0.575826 0.63155502
vt 0.601712 0.64120102
vt 0.608375 0.64426
vt 0.598639 0.63990098
vt 0.605268 0.62992102
vt 0.612253 0.63030398
vt 0.601469 0.629754
vt 0.602951 0.61852598
vt 0.609792 0.61617702
vt 0.599797 0.619469
vt 0.576842 0.62697
vt 0.597491 0.60844803
vt 0.603067 0.60411602
vt 0.594957 0.61031997
vt 0.574619 0.62266803
vt 0.589327 0.600743
vt 0.593228 0.59502
vt 0.58755 0.60330302
vt 0.57933 0.59605098
vt 0.581294 0.589512
vt 0.578463 0.59897798
vt 0.571588 0.62076598
vt 0.568519 0.59464598
vt 0.568374 0.58786702
vt 0.568583 0.59766
vt 0.557783 0.596519
vt 0.56753 0.620659
vt 0.558786 0.59940797
vt 0.549967 0.60412198
vt 0.569821 0.624422
vt 0.564208 0.622069
vt 0.56739 0.624763
vt 0.542944 0.61136198
vt 0.561909 0.62522
vt 0.538445 0.62051702
vt 0.565701 0.62641
vt 0.561667 0.629964
vt 0.565457 0.628662
vt 0.567376 0.62757897
vt 0.566762 0.630588
vt 0.568192 0.626567
vt 0.567658 0.62874
vt 0.569077 0.63135898
vt 0.56863 0.62931198
vt 0.569104 0.62787098
vt 0.571409 0.63064802
vt 0.569106 0.62785202
vt 0.569115 0.627886
vt 0.569166 0.62787098
vt 0.569126 0.627836
vt 0.569134 0.62789297
vt 0.569814 0.62927198
vt 0.569154 0.627887
vt 0.570708 0.628636
vt 0.572671 0.629229
vt 0.570828 0.62741798
vt 0.572912 0.627635
vt 0.571965 0.62554097
vt 0.569614 0.62644202
vt 0.569164 0.62785202
vt 0.569151 0.62783802
vt 0.695866 0.74777198
vt 0.696579 0.74786597
vt 0.697053 0.747876
vt 0.697209 0.747936
vt 0.695824 0.747944
vt 0.69639 0.74806702
vt 0.69782 0.747895
vt 0.69752 0.748056
vt 0.696442 0.747608
vt 0.697609 0.74760902
vt 0.694925 0.74777597
vt 0.698959 0.747868
vt 0.695201 0.747644
vt 0.698838 0.74812198
vt 0.696985 0.74732602
vt 0.698435 0.74722397
vt 0.695873 0.74743003
vt 0.696569 0.747393
vt 0.700455 0.747509
vt 0.69517 0.74723703
vt 0.698324 0.746881
vt 0.701078 0.748334
vt 0.699037 0.748519
vt 0.704107 0.749322
vt 0.70229 0.74674797
vt 0.706032 0.74831998
vt 0.697147 0.74946898
vt 0.699225 0.748787
vt 0.712288 0.74803603
vt 0.697478 0.748412
vt 0.696195 0.74829602
vt 0.697269 0.748231
vt 0.695402 0.74810803
vt 0.695538 0.74849498
vt 0.69504 0.74800098
vt 0.694695 0.748159
vt 0.694108 0.74769598
vt 0.694159 0.748101
vt 0.694479 0.74760002
vt 0.693797 0.747369
vt 0.693578 0.74776697
vt 0.692741 0.74795097
vt 0.69273 0.747752
vt 0.693344 0.74782902
vt 0.691789 0.748213
vt 0.693531 0.748142
vt 0.691528 0.747469
vt 0.69096 0.747777
vt 0.696172 0.748667
vt 0.691945 0.74774802
vt 0.694262 0.747828
vt 0.69095 0.747998
vt 0.689061 0.747401
vt 0.689764 0.74709803
vt 0.69512 0.74833202
vt 0.691254 0.74714
vt 0.353231 0.74297
vt 0.343677 0.74389797
vt 0.360731 0.74297
vt 0.332134 0.745983
vt 0.366123 0.74366802
vt 0.68837 0.747662
vt 0.692424 0.747231
vt 0.36937 0.74482602
vt 0.688483 0.74815702
vt 0.343641 0.748196
vt 0.689302 0.74839997
vt 0.353176 0.74923003
vt 0.690106 0.748684
vt 0.360668 0.749318
vt 0.692253 0.747909
vt 0.691667 0.748641
vt 0.366071 0.74868798
vt 0.697169 0.746463
vt 0.694968 0.74771202
vt 0.692798 0.74865198
vt 0.369339 0.74757397
vt 0.370444 0.746207
vt 0.698582 0.74521703
vt 0.695833 0.747159
vt 0.700602 0.749058
vt 0.694357 0.74835598
vt 0.69982 0.747814
vt 0.69411 0.74772298
vt 0.695013 0.75498098
vt 0.695141 0.75491297
vt 0.694179 0.754843
vt 0.696004 0.75498903
vt 0.694715 0.75475597
vt 0.695943 0.75469398
vt 0.694072 0.755014
vt 0.695272 0.75443602
vt 0.694684 0.75516999
vt 0.694179 0.75449198
vt 0.693505 0.75470698
vt 0.693235 0.75484598
vt 0.693263 0.75506198
vt 0.692379 0.75475901
vt 0.693714 0.755202
vt 0.692492 0.755171
vt 0.692779 0.75465798
vt 0.694493 0.75539398
vt 0.693471 0.75430298
vt 0.6958 0.75519902
vt 0.694836 0.75445598
vt 0.693819 0.75559199
vt 0.696754 0.75431103
vt 0.69295 0.755216
vt 0.697196 0.75480402
vt 0.691853 0.754857
vt 0.697144 0.75515199
vt 0.698754 0.75440502
vt 0.69577 0.75548297
vt 0.697332 0.75564897
vt 0.699453 0.75546801
vt 0.696637 0.75379902
vt 0.702411 0.75640202
vt 0.700786 0.75369102
vt 0.695422 0.75646901
vt 0.69751 0.75591499
vt 0.704278 0.75539798
vt 0.695543 0.75532901
vt 0.710328 0.75510299
vt 0.692077 0.75446701
vt 0.695423 0.75358701
vt 0.696818 0.75236398
vt 0.697983 0.75490099
vt 0.698908 0.75614601
vt 0.693216 0.75481802
vt 0.694079 0.75426698
vt 0.690524 0.75499201
vt 0.691016 0.75575101
vt 0.690066 0.755292
vt 0.689911 0.755727
vt 0.691058 0.75483698
vt 0.688371 0.755759
vt 0.691017 0.75502902
vt 0.689261 0.75484502
vt 0.687585 0.75546801
vt 0.36053 0.75642401
vt 0.365906 0.75579703
vt 0.353073 0.75633502
vt 0.369158 0.75468701
vt 0.343585 0.75530702
vt 0.370259 0.753326
vt 0.68678 0.75522
vt 0.332134 0.753106
vt 0.69254 0.75547302
vt 0.369189 0.75195199
vt 0.692455 0.75479102
vt 0.690753 0.75428897
vt 0.365959 0.75080001
vt 0.693408 0.75536603
vt 0.689575 0.754192
vt 0.360592 0.75010598
vt 0.353129 0.75010598
vt 0.692555 0.75486797
vt 0.688083 0.754152
vt 0.694452 0.75568902
vt 0.690253 0.75480002
vt 0.687373 0.75445598
vt 0.343622 0.75103003
vt 0.69184 0.75519699
vt 0.686677 0.75472099
vt 0.691651 0.75489098
vt 0.689247 0.75506097
vt 0.689837 0.75452602
vt 0.354506 0.687361
vt 0.357501 0.681104
vt 0.348287 0.674685
vt 0.367228 0.691082
vt 0.343377 0.679668
vt 0.368113 0.68428302
vt 0.380288 0.69077498
vt 0.341647 0.665538
vt 0.335341 0.66844702
vt 0.35051 0.672539
vt 0.339197 0.65441698
vt 0.332134 0.654898
vt 0.344297 0.66437
vt 0.342295 0.65417302
vt 0.340408 0.64307702
vt 0.33359 0.641212
vt 0.343457 0.64388603
vt 0.365971 0.65198898
vt 0.345228 0.63280702
vt 0.339378 0.628918
vt 0.347829 0.634547
vt 0.366898 0.64812303
vt 0.352937 0.624637
vt 0.348635 0.61912
vt 0.354848 0.62708598
vt 0.362753 0.61917102
vt 0.360383 0.61256897
vt 0.363807 0.622131
vt 0.370455 0.644584
vt 0.373866 0.61713302
vt 0.373682 0.610057
vt 0.373927 0.62027502
vt 0.373954 0.64363402
vt 0.385188 0.61857897
vt 0.387323 0.611708
vt 0.384227 0.621628
vt 0.377779 0.644692
vt 0.395693 0.623662
vt 0.400023 0.617746
vt 0.393643 0.62629402
vt 0.404293 0.631782
vt 0.410207 0.628047
vt 0.401056 0.63377798
vt 0.407819 0.64286298
vt 0.414937 0.64158398
vt 0.404605 0.64357603
vt 0.380902 0.64820302
vt 0.407958 0.654325
vt 0.414937 0.655392
vt 0.404833 0.653924
vt 0.404579 0.66503
vt 0.410774 0.668128
vt 0.401781 0.66366
vt 0.381056 0.65304202
vt 0.398134 0.67399698
vt 0.403033 0.678751
vt 0.395951 0.671862
vt 0.389376 0.680489
vt 0.392551 0.68648
vt 0.387964 0.67782497
vt 0.378126 0.657103
vt 0.379086 0.68408102
vt 0.378555 0.68106902
vt 0.368558 0.681247
vt 0.37332 0.65862298
vt 0.358897 0.678344
vt 0.369865 0.657861
vt 0.36708 0.655221
vt 0.372519 0.654612
vt 0.370033 0.65110898
vt 0.370616 0.65331203
vt 0.372095 0.651856
vt 0.374936 0.65447003
vt 0.373258 0.652722
vt 0.376417 0.653535
vt 0.374859 0.65218902
vt 0.377341 0.65182602
vt 0.377146 0.649539
vt 0.375488 0.650967
vt 0.376153 0.64826798
vt 0.374947 0.64992398
vt 0.374369 0.64763498
vt 0.373768 0.65116298
vt 0.371984 0.648152
vt 0.373769 0.651182
vt 0.370655 0.64929497
vt 0.373388 0.649724
vt 0.372218 0.65061003
vt 0.373754 0.65115
vt 0.373758 0.65119898
vt 0.373739 0.65120602
vt 0.37372 0.65120202
vt 0.373709 0.65118098
vt 0.373734 0.65114802
vt 0.373717 0.65115798
vt 0.692559 0.731121
vt 0.691348 0.73124802
vt 0.691184 0.73128498
vt 0.691367 0.73097402
vt 0.690073 0.731246
vt 0.690321 0.73112202
vt 0.6901 0.730848
vt 0.689316 0.73103303
vt 0.689382 0.73074198
vt 0.692879 0.730716
vt 0.688943 0.73112398
vt 0.691151 0.73088902
vt 0.68865 0.731008
vt 0.68759 0.73158598
vt 0.689492 0.73134398
vt 0.688131 0.73102897
vt 0.688063 0.73141998
vt 0.686698 0.731246
vt 0.689174 0.73147303
vt 0.688428 0.73145598
vt 0.690086 0.73155302
vt 0.687361 0.73105597
vt 0.689029 0.73179102
vt 0.691532 0.73147202
vt 0.684966 0.731211
vt 0.693478 0.73150498
vt 0.690826 0.73173702
vt 0.694958 0.73086798
vt 0.690463 0.731758
vt 0.69225 0.73186898
vt 0.690458 0.730066
vt 0.692132 0.73218203
vt 0.696071 0.732445
vt 0.697941 0.729905
vt 0.702966 0.73107702
vt 0.693075 0.730478
vt 0.691615 0.73328698
vt 0.688413 0.731058
vt 0.689078 0.73161697
vt 0.685706 0.73137897
vt 0.685953 0.731111
vt 0.694312 0.73068702
vt 0.685374 0.73047
vt 0.684145 0.73195702
vt 0.686759 0.730317
vt 0.684434 0.730385
vt 0.365517 0.726703
vt 0.368713 0.727835
vt 0.36022 0.72602302
vt 0.369779 0.729191
vt 0.352857 0.72602302
vt 0.687332 0.730991
vt 0.683408 0.730694
vt 0.343474 0.72693098
vt 0.687265 0.731156
vt 0.368707 0.73053497
vt 0.683101 0.730932
vt 0.686531 0.731942
vt 0.365508 0.73163497
vt 0.68304 0.731364
vt 0.332134 0.728975
vt 0.685092 0.731883
vt 0.360203 0.73225802
vt 0.352837 0.73217398
vt 0.683215 0.73162103
vt 0.343458 0.73115498
vt 0.692743 0.722646
vt 0.691533 0.72276998
vt 0.691522 0.722816
vt 0.691551 0.72249597
vt 0.690633 0.72277898
vt 0.690437 0.722553
vt 0.693063 0.72223902
vt 0.689544 0.72269303
vt 0.695141 0.72239298
vt 0.689564 0.722264
vt 0.693661 0.723032
vt 0.689497 0.72254997
vt 0.691335 0.72241098
vt 0.688832 0.72252798
vt 0.698126 0.72143
vt 0.693259 0.72200298
vt 0.687768 0.723112
vt 0.691791 0.724806
vt 0.703135 0.722601
vt 0.696253 0.72397202
vt 0.689258 0.72314203
vt 0.692426 0.72339398
vt 0.692309 0.72370797
vt 0.691712 0.72298998
vt 0.690272 0.723091
vt 0.690995 0.72325897
vt 0.690633 0.72328198
vt 0.690633 0.72158998
vt 0.689199 0.72331
vt 0.689648 0.722857
vt 0.688615 0.722987
vt 0.68937 0.72301298
vt 0.688241 0.722938
vt 0.688313 0.72254503
vt 0.686876 0.72277302
vt 0.68754 0.722584
vt 0.685143 0.72273397
vt 0.688589 0.722584
vt 0.685884 0.722906
vt 0.686131 0.72263598
vt 0.694494 0.722211
vt 0.684321 0.72348303
vt 0.685551 0.72199398
vt 0.683391 0.72314602
vt 0.686938 0.72184098
vt 0.68461 0.721909
vt 0.365533 0.718229
vt 0.368729 0.71936202
vt 0.360233 0.717548
vt 0.369796 0.72071803
vt 0.352866 0.717548
vt 0.68751 0.722516
vt 0.683584 0.72221798
vt 0.343479 0.71845597
vt 0.687443 0.722681
vt 0.368724 0.722062
vt 0.683277 0.72245502
vt 0.686708 0.723468
vt 0.365523 0.72316402
vt 0.683217 0.722888
vt 0.332134 0.720501
vt 0.343464 0.722683
vt 0.352846 0.723702
vt 0.360217 0.723786
vt 0.685268 0.723409
vt 0.641415 0.57684797
vt 0.651995 0.580391
vt 0.638245 0.58303398
vt 0.627423 0.575069
vt 0.650888 0.58723003
vt 0.632422 0.570167
vt 0.61958 0.56391102
vt 0.663128 0.58037102
vt 0.6642 0.587229
vt 0.652494 0.57732803
vt 0.673789 0.576975
vt 0.676981 0.58321798
vt 0.662644 0.57733
vt 0.67234 0.57418698
vt 0.6829 0.57025403
vt 0.687985 0.575238
vt 0.680618 0.56807703
vt 0.660269 0.55417597
vt 0.664112 0.55107403
vt 0.686616 0.55958003
vt 0.689632 0.560894
vt 0.696186 0.563985
vt 0.642865 0.574108
vt 0.693227 0.54976302
vt 0.700143 0.55021203
vt 0.689454 0.54956
vt 0.691075 0.538458
vt 0.697867 0.536209
vt 0.687954 0.53935498
vt 0.665287 0.54786402
vt 0.664428 0.54422897
vt 0.683221 0.53026402
vt 0.685759 0.528413
vt 0.691346 0.52420598
vt 0.661252 0.54715002
vt 0.677728 0.52078402
vt 0.681637 0.51516998
vt 0.675967 0.523264
vt 0.660943 0.54086
vt 0.667941 0.51598197
vt 0.669913 0.50952202
vt 0.667041 0.518884
vt 0.657242 0.514508
vt 0.657147 0.507796
vt 0.65728 0.51749498
vt 0.646623 0.516266
vt 0.644451 0.50989598
vt 0.64758 0.519122
vt 0.656009 0.540228
vt 0.636975 0.521217
vt 0.63291 0.515778
vt 0.638783 0.52364802
vt 0.652733 0.54159498
vt 0.629237 0.52899402
vt 0.623594 0.525047
vt 0.63176 0.530748
vt 0.650391 0.544735
vt 0.624214 0.538935
vt 0.617533 0.53702497
vt 0.627164 0.53975898
vt 0.622701 0.550076
vt 0.615838 0.55062097
vt 0.625568 0.549833
vt 0.625936 0.56093103
vt 0.650116 0.549397
vt 0.628742 0.55966002
vt 0.634692 0.56802398
vt 0.651778 0.552347
vt 0.655263 0.55434197
vt 0.655134 0.55004698
vt 0.653861 0.54814303
vt 0.657412 0.55083102
vt 0.65383 0.54654402
vt 0.659339 0.550439
vt 0.654844 0.544976
vt 0.660604 0.54931903
vt 0.658662 0.54851002
vt 0.657299 0.54883802
vt 0.659283 0.547666
vt 0.656029 0.548253
vt 0.657529 0.5474
vt 0.655724 0.54731798
vt 0.657504 0.547401
vt 0.657485 0.547386
vt 0.65755 0.547387
vt 0.65752 0.547332
vt 0.657557 0.547365
vt 0.657482 0.54735702
vt 0.659142 0.546699
vt 0.657547 0.54734302
vt 0.657494 0.54733902
vt 0.660338 0.545084
vt 0.65638 0.546255
vt 0.658023 0.54593998
vt 0.657007 0.54394197
vt 0.658736 0.544043
vn -0.8529 -0.5164 0.0772
vn -0.7278 -0.6763 0.1139
vn -0.7061 -0.6855 -0.1773
vn -0.7739 -0.5107 0.3746
vn -0.5991 -0.8001 0.0296
vn -0.6196 -0.691 0.3723
vn -0.9132 -0.3207 0.2512
vn -0.3956 -0.8862 0.2412
vn -0.9598 -0.2792 -0.0272
vn -0.6721 -0.6628 0.33
vn -0.877 -0.4403 -0.1923
vn -0.4158 -0.7838 0.4613
vn -0.7565 -0.581 0.3004
vn -0.5315 -0.7947 0.2933
vn -0.8814 -0.472 0.0208
vn -0.8648 -0.4775 0.1557
vn -0.2787 -0.5245 0.8045
vn -0.828 0.0229 0.5603
vn -0.957 0.1353 -0.2565
vn -0.8341 -0.5267 -0.1638
vn -0.7594 -0.5015 -0.4145
vn -0.7657 -0.5898 -0.2568
vn -0.5693 -0.6808 -0.4609
vn -0.6211 -0.7306 -0.2836
vn -0.4751 -0.8294 -0.2939
vn -0.5291 -0.343 -0.7761
vn -0.5404 -0.8078 -0.2353
vn -0.3832 -0.9237 0.0063
vn -0.4454 -0.8902 -0.0956
vn -0.2845 -0.9374 -0.2011
vn -0.4351 -0.8998 0.0323
vn -0.4741 -0.8561 0.2056
vn 0.1048 -0.9578 0.2676
vn 0.0014 -0.8662 -0.4997
vn 0.9623 -0.1064 0.2503
vn 0.2959 0.5386 -0.7889
vn 0.8354 0.0039 -0.5497
vn 0.0216 0.8725 0.4881
vn -0.0818 0.9613 -0.263
vn 0.5412 0.3599 0.76
vn 0.2914 0.8207 0.4914
vn 0.1441 0.958 0.2478
vn 0.5083 0.6097 0.6082
vn -0.3601 0.4293 0.8283
vn -0.5963 0.6725 0.4383
vn -0.0277 0.0714 0.9971
vn -0.6734 0.736 -0.0693
vn 0.3128 -0.3064 0.8991
vn 0.0969 0.9932 -0.0639
vn 0.7377 0.3807 0.5576
vn 0.5697 -0.6023 0.5593
vn 0.1608 0.9179 -0.3629
vn -0.5699 0.6021 -0.5592
vn 0.9194 0.1923 0.3431
vn 0.3238 0.747 -0.5806
vn -0.3131 0.3061 -0.899
vn 0.9942 0.105 0.0239
vn 0.6732 -0.7362 0.0693
vn 0.5451 0.5235 -0.6548
vn 0.0274 -0.0716 -0.9971
vn 0.9389 0.1463 -0.3117
vn 0.5961 -0.6727 -0.4383
vn 0.3599 -0.4296 -0.8282
vn 0.7729 0.3009 -0.5587
vn -0.8522 -0.5178 0.0747
vn -0.733 -0.6707 0.1134
vn -0.6779 -0.7311 -0.077
vn -0.7738 -0.5112 0.3742
vn -0.5972 -0.7977 0.0845
vn -0.62 -0.6881 0.3769
vn -0.9132 -0.3207 0.2512
vn -0.391 -0.8879 0.2425
vn -0.9598 -0.2793 -0.0273
vn -0.3903 -0.9207 0.0045
vn -0.8755 -0.445 -0.1885
vn -0.882 -0.4708 0.0214
vn -0.7563 -0.5816 0.2996
vn -0.8647 -0.4777 0.1552
vn -0.672 -0.6633 0.3294
vn -0.4158 -0.7838 0.4612
vn -0.8285 0.0227 0.5596
vn -0.5314 -0.7948 0.2933
vn -0.2788 -0.5246 0.8044
vn -0.4731 -0.8565 0.2065
vn -0.4347 -0.9 0.0324
vn 0.1053 -0.9578 0.2673
vn -0.2845 -0.9373 -0.2012
vn -0.4453 -0.8903 -0.0955
vn -0.4732 -0.8317 -0.2903
vn 0.0016 -0.8662 -0.4997
vn -0.7043 -0.6663 -0.245
vn -0.5402 -0.8078 -0.2358
vn -0.563 -0.68 -0.4696
vn -0.6214 -0.7301 -0.2842
vn -0.7614 -0.4938 -0.42
vn -0.8343 -0.5264 -0.1641
vn -0.7658 -0.5895 -0.2572
vn -0.5291 -0.3429 -0.7762
vn -0.9571 0.1353 -0.2563
vn 0.2958 0.5386 -0.7889
vn 0.0217 0.8725 0.4882
vn -0.0818 0.9613 -0.2631
vn 0.8354 0.0039 -0.5497
vn 0.5411 0.36 0.76
vn 0.9624 -0.1064 0.2498
vn 0.7729 0.3008 -0.5587
vn 0.2914 0.8207 0.4914
vn 0.9389 0.1463 -0.3117
vn 0.1441 0.9582 0.2472
vn 0.5085 0.6097 0.608
vn -0.3602 0.4294 0.8282
vn -0.5964 0.6725 0.4384
vn -0.0278 0.0715 0.9971
vn -0.6734 0.736 -0.0692
vn 0.3128 -0.3063 0.8991
vn 0.0966 0.9933 -0.0639
vn 0.7377 0.3806 0.5577
vn 0.5696 -0.6023 0.5593
vn 0.1609 0.9179 -0.3627
vn -0.5699 0.6021 -0.5592
vn 0.9194 0.1923 0.3432
vn 0.3237 0.747 -0.5807
vn -0.313 0.3061 -0.899
vn 0.9941 0.1053 0.024
vn 0.6732 -0.7362 0.0693
vn 0.5961 -0.6727 -0.4384
vn 0.3599 -0.4296 -0.8282
vn 0.0275 -0.0717 -0.997
vn 0.5451 0.5234 -0.655
vn 0.9493 -0.2163 0.2279
vn 0.8142 -0.5298 0.2374
vn 0.7601 -0.4854 0.4319
vn 0.8844 -0.1909 0.4259
vn 0.5545 -0.7118 0.4311
vn 0.9684 0.1319 0.2115
vn 0.9016 0.1347 0.411
vn 0.5928 -0.7686 0.2406
vn 0.2992 -0.8534 0.4268
vn 0.8667 0.4608 0.1909
vn 0.808 0.4424 0.389
vn 0.7801 0.062 -0.6226
vn 0.6682 0.7244 0.1697
vn 0.6241 0.6908 0.3652
vn 0.7033 0.327 -0.6313
vn 0.5503 0.5424 -0.6348
vn 0.4084 0.9 0.1524
vn 0.3814 0.8577 0.3449
vn 0.343 0.6918 -0.6354
vn 0.4138 0.5552 -0.7215
vn 0.1184 0.9829 0.1412
vn 0.1087 0.937 0.332
vn 0.1073 0.7628 -0.6377
vn -0.1795 0.9742 0.137
vn -0.1721 0.9287 0.3286
vn -0.1349 0.7551 -0.6415
vn 0.0871 0.7013 -0.7076
vn -0.2533 0.6336 -0.731
vn -0.3672 0.6677 -0.6476
vn -0.4659 0.8736 0.1407
vn -0.4413 0.8326 0.3346
vn -0.5647 0.5061 -0.6519
vn -0.7172 0.6803 0.151
vn -0.6759 0.6493 0.3487
vn -0.5757 0.3514 -0.7383
vn -0.7057 0.2779 -0.6517
vn -0.9005 0.4017 0.1666
vn -0.8457 0.3871 0.3673
vn -0.6976 -0.0176 -0.7162
vn -0.9807 0.0648 0.1843
vn -0.9197 0.0719 0.386
vn -0.7648 0.0089 -0.6442
vn -0.9385 -0.2811 0.2007
vn -0.8811 -0.2516 0.4004
vn -0.7328 -0.264 -0.6271
vn -0.5918 -0.3871 -0.7071
vn -0.7842 -0.5826 0.2137
vn -0.7387 -0.5355 0.4094
vn -0.6145 -0.5069 -0.6046
vn -0.5502 -0.8046 0.2234
vn -0.5208 -0.7464 0.4144
vn -0.4326 -0.6882 -0.5824
vn -0.2952 -0.6863 -0.6647
vn -0.2715 -0.9345 0.2304
vn -0.259 -0.8708 0.4179
vn -0.209 -0.7981 -0.5651
vn 0.0254 -0.9715 0.2358
vn 0.021 -0.9064 0.422
vn 0.0319 -0.8293 -0.5579
vn 0.3204 -0.9166 0.2394
vn 0.0478 -0.7697 -0.6366
vn 0.2701 -0.7833 -0.56
vn 0.4888 -0.6591 -0.5715
vn 0.3743 -0.6422 -0.6689
vn 0.661 -0.4649 -0.5891
vn 0.6461 -0.2911 -0.7055
vn 0.7651 -0.213 -0.6076
vn 0.6615 0.1835 -0.7271
vn 0.6899 -0.3596 -0.6282
vn 0.7366 0.1458 -0.6604
vn 0.5352 0.4955 -0.6841
vn 0.3546 -0.7172 -0.5999
vn 0.5667 -0.1534 -0.8095
vn 0.4716 0.3348 -0.8158
vn 0.2275 0.6966 -0.6804
vn -0.0811 -0.7922 -0.6048
vn -0.1123 0.7111 -0.694
vn 0.0652 0.5517 -0.8315
vn -0.4508 0.5676 -0.6889
vn -0.3703 0.4215 -0.8278
vn -0.7084 0.1544 -0.6887
vn -0.553 -0.0359 -0.8324
vn -0.6701 -0.3453 -0.6571
vn -0.4234 -0.6455 -0.6357
vn -0.4015 -0.4876 -0.7753
vn -0.0489 -0.6675 -0.743
vn 0.3311 -0.5619 -0.758
vn -0.6395 -0.4583 -0.6172
vn 0.6919 -0.36 -0.6258
vn -0.1311 -0.8 -0.5855
vn 0.3541 -0.7238 -0.5922
vn -0.6874 0.3089 -0.6573
vn 0.736 0.1668 -0.6561
vn -0.1259 0.7496 -0.6498
vn 0.4439 0.6065 -0.6597
vn -0.4515 0.8921 -0.0165
vn -0.6163 0.7875 -0.006
vn -0.6589 0.7336 -0.1663
vn -0.5394 0.8245 0.1712
vn -0.7392 0.6727 -0.0323
vn -0.7061 0.6808 0.1947
vn -0.299 0.942 0.1521
vn -0.8433 0.5313 0.0807
vn -0.6033 0.6887 0.4022
vn -0.8521 0.5073 -0.1287
vn -0.7851 0.5103 0.351
vn -0.4273 0.843 0.3267
vn -0.6411 0.7364 0.2163
vn -0.9109 0.3702 0.1822
vn -0.7669 0.6161 0.1797
vn -0.5469 0.8176 0.1799
vn -0.4518 0.5262 0.7204
vn -0.8354 0.5416 0.0933
vn -0.4486 0.892 0.0557
vn -0.9342 0.0048 0.3566
vn -0.1682 0.7939 0.5843
vn -0.8661 0.4938 -0.0772
vn -0.9516 0.3036 -0.0485
vn -0.8943 0.3294 -0.3028
vn -0.7284 0.2413 0.6413
vn -0.7484 0.5824 -0.3173
vn -0.8359 0.5082 -0.2074
vn -0.5792 0.7377 -0.3468
vn -0.9948 -0.0991 -0.0228
vn -0.7577 0.4428 -0.4794
vn -0.5785 0.6087 -0.543
vn -0.4595 0.8626 -0.2116
vn -0.4019 0.783 -0.4748
vn -0.6417 0.6731 -0.3677
vn -0.2467 0.9657 -0.0811
vn -0.2843 0.9089 -0.3052
vn -0.419 0.9054 -0.068
vn -0.4497 0.8618 -0.2349
vn -0.5154 0.7935 -0.3237
vn -0.7373 0.5879 -0.3329
vn -0.395 0.406 -0.8241
vn 0.0982 0.9923 -0.075
vn 0.0488 0.9021 -0.4287
vn -0.1322 0.6855 -0.716
vn 0.0199 0.9538 0.2999
vn 0.7399 -0.2612 -0.6199
vn 0.9102 0.0259 0.4135
vn 0.9364 -0.0373 -0.3489
vn 0.9973 0.0664 0.0307
vn 0.6964 -0.1522 0.7014
vn 0.9189 -0.1463 0.3664
vn 0.415 -0.4211 0.8065
vn 0.7392 -0.2965 0.6048
vn 0.993 -0.1111 0.0414
vn 0.1514 -0.7001 0.6978
vn 0.9401 -0.2007 -0.2757
vn 0.6828 0.73 -0.0285
vn 0.5769 0.675 0.4601
vn 0.6153 0.5977 -0.5139
vn 0.3185 0.4429 0.8381
vn 0.7726 -0.3901 -0.5009
vn 0.3805 0.3014 -0.8743
vn 0.501 -0.5214 0.6908
vn -0.0346 0.084 0.9959
vn -0.3802 -0.3008 0.8747
vn 0.5407 -0.6225 -0.5658
vn 0.0339 -0.0843 -0.9959
vn 0.2769 -0.7497 0.6011
vn -0.6148 -0.5967 0.5157
vn 0.3105 -0.8325 -0.4588
vn -0.3195 -0.4434 -0.8375
vn 0.462 -0.5445 -0.7
vn 0.1467 -0.9634 -0.2241
vn -0.5776 -0.675 -0.4591
vn -0.6832 -0.7296 0.0303
vn -0.6901 0.1229 -0.7132
vn 0.193 -0.7994 -0.569
vn -0.9032 -0.0557 -0.4256
vn 0.0047 -0.9588 -0.2842
vn 0.0808 -0.9939 0.0752
vn -0.0691 -0.9951 0.0706
vn 0.1254 -0.9198 0.3718
vn -0.0196 -0.9052 0.4245
vn -0.4482 0.8938 -0.0136
vn -0.6208 0.7839 -0.0031
vn -0.6176 0.7709 -0.1558
vn -0.4524 0.8649 -0.2175
vn -0.7172 0.6796 -0.1543
vn -0.5838 0.7358 -0.3432
vn -0.2467 0.9657 -0.0812
vn -0.7377 0.6747 -0.0244
vn -0.2837 0.9086 -0.3064
vn -0.5397 0.8244 0.1709
vn -0.4018 0.7829 -0.4751
vn -0.2994 0.9421 0.1508
vn -0.4199 0.9051 -0.067
vn -0.7061 0.6808 0.1949
vn -0.4279 0.8435 0.3248
vn -0.6033 0.6888 0.4021
vn -0.8433 0.5313 0.0808
vn -0.7848 0.5098 0.3525
vn -0.6411 0.7366 0.2153
vn -0.8559 0.5011 -0.1274
vn -0.9109 0.3702 0.1822
vn -0.767 0.6159 0.1799
vn -0.7456 0.583 -0.3227
vn -0.9516 0.3036 -0.0484
vn -0.5786 0.6086 -0.543
vn -0.8945 0.3301 -0.3016
vn -0.7581 0.4439 -0.4777
vn -0.6419 0.6735 -0.3665
vn -0.8661 0.4939 -0.0776
vn -0.836 0.5085 -0.2063
vn -0.7373 0.5878 -0.3329
vn -0.8356 0.5418 0.0912
vn -0.9343 0.0047 0.3565
vn -0.9948 -0.0991 -0.0227
vn -0.9033 -0.0554 -0.4254
vn -0.7283 0.2413 0.6413
vn -0.0193 -0.9052 0.4246
vn -0.0691 -0.9951 0.0708
vn -0.6901 0.1227 -0.7132
vn 0.0047 -0.9587 -0.2843
vn -0.3951 0.4062 -0.824
vn 0.1932 -0.7994 -0.5689
vn -0.5154 0.7937 -0.3231
vn 0.4623 -0.545 -0.6995
vn -0.4497 0.8618 -0.2347
vn -0.1322 0.6857 -0.7158
vn 0.7399 -0.2611 -0.6199
vn 0.0488 0.9022 -0.4285
vn 0.0983 0.9923 -0.0748
vn 0.9364 -0.0371 -0.349
vn 0.5414 -0.6233 -0.5643
vn -0.4485 0.8922 0.0541
vn 0.773 -0.391 -0.4996
vn -0.5473 0.8179 0.1775
vn 0.0198 0.9537 0.3003
vn -0.4518 0.526 0.7205
vn -0.1685 0.7938 0.5844
vn 0.9101 0.026 0.4135
vn 0.9973 0.0665 0.0308
vn 0.6964 -0.152 0.7014
vn 0.4151 -0.4213 0.8063
vn 0.1514 -0.7001 0.6978
vn 0.7398 -0.2982 0.6032
vn 0.919 -0.1476 0.3657
vn 0.501 -0.521 0.6911
vn 0.3184 0.4429 0.8381
vn 0.5769 0.675 0.46
vn -0.0346 0.0839 0.9959
vn 0.6828 0.7301 -0.0286
vn -0.3802 -0.3008 0.8747
vn 0.9929 -0.1112 0.0413
vn 0.2768 -0.7498 0.601
vn -0.6148 -0.5968 0.5156
vn 0.9401 -0.2006 -0.2757
vn 0.6153 0.5978 -0.5138
vn 0.3804 0.3014 -0.8744
vn 0.0338 -0.0844 -0.9959
vn 0.1258 -0.9199 0.3714
vn 0.3105 -0.8325 -0.4588
vn -0.3196 -0.4433 -0.8374
vn 0.0809 -0.9939 0.0751
vn -0.6832 -0.7296 0.0304
vn 0.1459 -0.9634 -0.2248
vn -0.5776 -0.675 -0.459
vn -0.2109 -0.9478 0.2393
vn -0.496 -0.8399 0.2202
vn -0.4793 -0.7789 0.4045
vn -0.2095 -0.8829 0.4202
vn -0.7114 -0.5865 0.3873
vn 0.0877 -0.9627 0.2561
vn 0.0737 -0.8973 0.4352
vn -0.7433 -0.639 0.1978
vn -0.8746 -0.3163 0.3674
vn 0.3801 -0.885 0.269
vn 0.3503 -0.8222 0.4486
vn 0.1088 -0.8407 -0.5304
vn 0.6437 -0.714 0.2756
vn 0.5977 -0.658 0.458
vn 0.346 -0.7757 -0.5278
vn 0.5548 -0.6356 -0.5369
vn 0.8481 -0.4543 0.2726
vn 0.7875 -0.4111 0.4591
vn 0.7159 -0.4251 -0.5538
vn 0.5886 -0.4717 -0.6566
vn 0.9577 -0.1278 0.2578
vn 0.8882 -0.1036 0.4476
vn 0.8006 -0.1668 -0.5755
vn 0.9476 0.2204 0.2311
vn 0.8785 0.2231 0.4225
vn 0.7949 0.1114 -0.5964
vn 0.7229 -0.0336 -0.6901
vn 0.8207 0.5362 0.1974
vn 0.761 0.52 0.3879
vn 0.6982 0.3669 -0.6148
vn 0.6448 0.3199 -0.6941
vn 0.6052 0.7792 0.1632
vn 0.5603 0.7501 0.3514
vn 0.5304 0.5688 -0.6286
vn 0.3593 0.5839 -0.728
vn 0.3363 0.9322 0.1339
vn 0.3079 0.896 0.32
vn 0.3129 0.7008 -0.641
vn 0.0431 0.9927 0.1128
vn 0.0311 0.9541 0.2978
vn 0.0741 0.7535 -0.6533
vn -0.2538 0.962 0.1011
vn -0.2497 0.9248 0.2871
vn -0.1702 0.7264 -0.6659
vn -0.0541 0.6501 -0.758
vn -0.5347 0.8392 0.0992
vn -0.5144 0.8077 0.2883
vn -0.3953 0.6206 -0.6772
vn -0.4354 0.4603 -0.7737
vn -0.7736 0.6246 0.107
vn -0.7381 0.6041 0.3003
vn -0.583 0.4394 -0.6834
vn -0.9362 0.3291 0.1236
vn -0.8895 0.3258 0.3204
vn -0.7052 0.1979 -0.6808
vn -0.6339 0.171 -0.7543
vn -0.9891 -0.0146 0.1464
vn -0.9389 0.0032 0.3443
vn -0.743 -0.0746 -0.6651
vn -0.9192 -0.3541 0.1723
vn -0.6461 -0.215 -0.7323
vn -0.6893 -0.3446 -0.6373
vn -0.5537 -0.573 -0.6042
vn -0.6964 0.0889 -0.7122
vn -0.49 -0.5501 -0.6763
vn -0.6071 -0.4341 -0.6656
vn -0.3609 -0.737 -0.5715
vn -0.1819 -0.7336 -0.6548
vn -0.1316 -0.8278 -0.5454
vn -0.2545 -0.761 -0.5967
vn 0.2318 -0.7338 -0.6386
vn 0.2021 -0.8019 -0.5623
vn -0.0587 -0.6474 -0.7599
vn 0.6083 -0.5436 -0.5783
vn -0.4444 -0.3989 -0.8021
vn 0.3703 -0.5767 -0.7282
vn 0.7836 -0.0571 -0.6186
vn 0.6161 -0.2402 -0.7502
vn 0.2039 -0.8024 -0.5609
vn 0.6266 0.4164 -0.6587
vn -0.2842 -0.757 -0.5883
vn 0.6109 -0.5434 -0.5758
vn 0.2129 0.7063 -0.6751
vn -0.6885 -0.3126 -0.6544
vn 0.7854 -0.0548 -0.6165
vn 0.5962 0.1806 -0.7823
vn 0.6195 0.4394 -0.6505
vn 0.3148 0.4891 -0.8134
vn 0.2966 0.6623 -0.688
vn -0.1392 0.4854 -0.8631
vn -0.0367 0.7219 -0.691
vn -0.4584 0.5334 -0.7109
vn -0.487 0.1038 -0.8672
vn -0.2562 0.6682 -0.6984
vn -0.6306 0.3183 -0.7079
vn 0.45 0.893 -0.0093
vn 0.597 0.7945 -0.1116
vn 0.6501 0.7597 0.0173
vn 0.6937 0.6996 -0.1715
vn 0.4506 0.8643 -0.2234
vn 0.5842 0.7361 -0.3419
vn 0.7447 0.6648 -0.059
vn 0.749 0.5811 -0.3183
vn 0.5414 0.8238 0.1681
vn 0.7087 0.6777 0.1962
vn 0.2486 0.9651 -0.0825
vn 0.8435 0.5313 0.0791
vn 0.301 0.9415 0.1518
vn 0.8555 0.5011 -0.1304
vn 0.6043 0.687 0.4035
vn 0.786 0.5084 0.3517
vn 0.4296 0.8425 0.3249
vn 0.6424 0.7348 0.2178
vn 0.9119 0.3686 0.1803
vn 0.5486 0.8165 0.1799
vn 0.7684 0.6144 0.1794
vn 0.9523 0.3012 -0.0496
vn 0.8952 0.3278 -0.3018
vn 0.8673 0.4917 -0.078
vn 0.8369 0.5399 0.0907
vn 0.9343 0.0026 0.3564
vn 0.729 0.2398 0.6411
vn 0.8372 0.5065 -0.2066
vn 0.9946 -0.1016 -0.0228
vn 0.7591 0.4419 -0.478
vn 0.5798 0.6072 -0.5432
vn 0.7385 0.586 -0.3334
vn 0.403 0.7815 -0.4763
vn 0.6435 0.6721 -0.3662
vn 0.2855 0.908 -0.3068
vn 0.5168 0.792 -0.3251
vn 0.4219 0.9041 -0.0683
vn 0.451 0.8605 -0.2369
vn 0.4506 0.891 0.0552
vn 0.3962 0.4054 -0.8238
vn 0.1336 0.6852 -0.716
vn -0.0964 0.9925 -0.075
vn -0.0471 0.9023 -0.4286
vn -0.0178 0.9539 0.2995
vn -0.7405 -0.2594 -0.62
vn 0.1695 0.7935 0.5845
vn -0.91 0.0281 0.4137
vn -0.9365 -0.0351 -0.3488
vn 0.453 0.5253 0.7204
vn -0.6966 -0.1502 0.7016
vn -0.4158 -0.4201 0.8066
vn -0.9971 0.069 0.0306
vn -0.9192 -0.1451 0.366
vn -0.7398 -0.2945 0.6049
vn -0.153 -0.6996 0.698
vn -0.5019 -0.5195 0.6916
vn -0.3174 0.444 0.8379
vn -0.5753 0.6764 0.4599
vn 0.035 0.0842 0.9958
vn -0.6812 0.7315 -0.0288
vn 0.3797 -0.3013 0.8747
vn -0.9932 -0.1088 0.0416
vn -0.278 -0.7487 0.6018
vn 0.6135 -0.5979 0.5159
vn -0.9406 -0.1981 -0.2758
vn -0.614 0.599 -0.514
vn -0.7737 -0.3883 -0.5006
vn -0.38 0.3019 -0.8743
vn -0.5425 -0.6218 -0.5649
vn -0.034 -0.0847 -0.9958
vn -0.4636 -0.5443 -0.6992
vn -0.3122 -0.8321 -0.4585
vn 0.3184 -0.4444 -0.8373
vn 0.6902 0.1213 -0.7134
vn -0.1937 -0.7987 -0.5696
vn -0.1485 -0.9632 -0.2239
vn 0.576 -0.6765 -0.4589
vn 0.6816 -0.7311 0.0306
vn 0.9029 -0.0582 -0.4258
vn -0.0068 -0.9588 -0.2841
vn 0.067 -0.9952 0.0708
vn -0.0831 -0.9937 0.0755
vn 0.0178 -0.9051 0.4248
vn -0.1277 -0.9195 0.3718
vn 0.6294 0.7598 -0.1631
vn 0.624 0.7814 0.0016
vn 0.4502 0.8928 -0.0155
vn 0.7395 0.6677 -0.0854
vn 0.5409 0.823 0.1732
vn 0.7086 0.6794 0.1905
vn 0.4545 0.8638 -0.2172
vn 0.6043 0.687 0.4035
vn 0.5901 0.7331 -0.3381
vn 0.4295 0.8426 0.3249
vn 0.3012 0.9415 0.1508
vn 0.2484 0.9651 -0.0827
vn 0.286 0.9081 -0.3057
vn 0.4212 0.9043 -0.0697
vn 0.4039 0.7821 -0.4745
vn 0.4514 0.8606 -0.2357
vn 0.4505 0.8911 0.0554
vn 0.5803 0.6078 -0.542
vn 0.5488 0.8165 0.1795
vn 0.7443 0.5887 -0.3153
vn 0.6427 0.7353 0.2153
vn 0.6435 0.672 -0.3664
vn 0.786 0.5082 0.3521
vn 0.5165 0.7921 -0.3253
vn 0.8411 0.5349 0.0799
vn 0.1334 0.6851 -0.7162
vn 0.8589 0.4955 -0.1296
vn 0.9119 0.3687 0.1804
vn 0.7588 0.4412 -0.4792
vn 0.8951 0.3273 -0.3028
vn 0.9523 0.3012 -0.0497
vn 0.7684 0.6144 0.1793
vn 0.8675 0.4914 -0.078
vn 0.8369 0.5398 0.0909
vn 0.729 0.2398 0.6411
vn 0.8371 0.5065 -0.2066
vn 0.9344 0.0032 0.3563
vn 0.7383 0.5857 -0.3345
vn 0.9946 -0.1016 -0.0227
vn 0.3956 0.4049 -0.8244
vn 0.6904 0.1214 -0.7132
vn 0.903 -0.0579 -0.4257
vn 0.0173 -0.9051 0.4249
vn 0.0669 -0.9952 0.0711
vn -0.1947 -0.7991 -0.5688
vn -0.0067 -0.9588 -0.284
vn -0.4635 -0.544 -0.6995
vn -0.1478 -0.9632 -0.2247
vn -0.7406 -0.2597 -0.6198
vn -0.3126 -0.832 -0.4583
vn -0.0472 0.9022 -0.4287
vn -0.5432 -0.6224 -0.5636
vn -0.0964 0.9925 -0.0752
vn -0.9366 -0.0353 -0.3485
vn -0.7739 -0.3894 -0.4995
vn -0.0342 -0.0846 -0.9958
vn 0.3184 -0.4444 -0.8374
vn -0.38 0.302 -0.8743
vn 0.576 -0.6765 -0.4589
vn -0.6141 0.599 -0.5139
vn 0.6815 -0.7312 0.0306
vn -0.9405 -0.198 -0.2761
vn -0.6812 0.7315 -0.0287
vn -0.083 -0.9937 0.0756
vn 0.6135 -0.5979 0.5159
vn -0.1273 -0.9194 0.3722
vn -0.2782 -0.7489 0.6015
vn 0.3797 -0.3013 0.8747
vn -0.1521 -0.6993 0.6985
vn -0.5021 -0.5198 0.6911
vn 0.035 0.0842 0.9958
vn -0.3174 0.444 0.8379
vn -0.416 -0.4202 0.8065
vn -0.7398 -0.2944 0.605
vn 0.4527 0.5252 0.7206
vn -0.6966 -0.1516 0.7012
vn -0.9192 -0.1437 0.3667
vn -0.5753 0.6765 0.4597
vn 0.1699 0.7938 0.584
vn -0.9932 -0.1085 0.0416
vn -0.0172 0.9539 0.2996
vn -0.9971 0.069 0.0309
vn -0.9101 0.0281 0.4135
vn 0.4777 -0.7797 0.4047
vn 0.4943 -0.8409 0.2202
vn 0.2088 -0.948 0.2401
vn 0.71 -0.588 0.3874
vn 0.2078 -0.8832 0.4205
vn 0.742 -0.6407 0.1974
vn 0.874 -0.3182 0.3673
vn -0.0899 -0.9624 0.2563
vn -0.0755 -0.897 0.4355
vn 0.131 -0.828 -0.5453
vn -0.3821 -0.8842 0.2686
vn -0.3519 -0.8213 0.4491
vn -0.1115 -0.8408 -0.5297
vn -0.3475 -0.7753 -0.5275
vn -0.6454 -0.7126 0.275
vn -0.5991 -0.6564 0.4585
vn -0.5563 -0.6345 -0.5365
vn -0.3222 -0.7208 -0.6137
vn -0.8492 -0.4524 0.2724
vn -0.7884 -0.409 0.4595
vn -0.7168 -0.4234 -0.554
vn -0.6063 -0.4611 -0.648
vn -0.958 -0.1257 0.2577
vn -0.8883 -0.1013 0.4479
vn -0.801 -0.1649 -0.5755
vn -0.9471 0.2224 0.2315
vn -0.8778 0.2254 0.4226
vn -0.7948 0.1132 -0.5962
vn -0.7231 -0.0321 -0.69
vn -0.8193 0.538 0.1981
vn -0.7597 0.522 0.3879
vn -0.6976 0.3685 -0.6144
vn -0.6443 0.3211 -0.6941
vn -0.6033 0.7805 0.1639
vn -0.5583 0.7512 0.3521
vn -0.5294 0.5701 -0.6283
vn -0.3584 0.5843 -0.7281
vn -0.3343 0.9329 0.1342
vn -0.3061 0.8967 0.3198
vn -0.3118 0.7014 -0.6409
vn -0.0408 0.9928 0.1126
vn -0.029 0.9543 0.2975
vn -0.0728 0.7535 -0.6535
vn 0.256 0.9615 0.1001
vn 0.2516 0.9244 0.2868
vn 0.1714 0.7256 -0.6664
vn 0.055 0.6496 -0.7583
vn 0.5366 0.8382 0.0978
vn 0.5162 0.8066 0.2879
vn 0.3962 0.6193 -0.6779
vn 0.7751 0.623 0.1054
vn 0.7395 0.6025 0.3001
vn 0.5837 0.4369 -0.6844
vn 0.4451 0.4504 -0.7739
vn 0.937 0.3271 0.1226
vn 0.8903 0.3237 0.3202
vn 0.7053 0.1968 -0.6811
vn 0.9891 -0.0167 0.1463
vn 0.9389 0.001 0.3441
vn 0.7429 -0.0783 -0.6649
vn 0.6496 0.0236 -0.7599
vn 0.9184 -0.3561 0.1726
vn 0.6886 -0.3456 -0.6375
vn 0.5528 -0.5746 -0.6035
vn 0.5588 -0.432 -0.7079
vn 0.3586 -0.7386 -0.5708
vn 0.3082 -0.6984 -0.6459
vn -0.018 -0.772 -0.6353
vn 0.4506 -0.6302 -0.6323
vn -0.4061 -0.7141 -0.5702
vn 0.0248 -0.8173 -0.5756
vn -0.1073 -0.6439 -0.7575
vn 0.6894 -0.2108 -0.693
vn 0.3533 -0.4569 -0.8163
vn 0.6538 0.1968 -0.7306
vn 0.4932 0.067 -0.8673
vn 0.4446 0.5399 -0.7147
vn 0.0378 0.7215 -0.6914
vn 0.2208 0.4828 -0.8474
vn -0.2952 0.6628 -0.6881
vn -0.243 0.4819 -0.8418
vn -0.6267 0.4188 -0.6571
vn 0.0253 0.725 -0.6883
vn -0.7832 -0.0377 -0.6207
vn 0.4617 0.5322 -0.7096
vn -0.6863 -0.4026 -0.6058
vn -0.5759 0.0872 -0.8129
vn -0.5155 -0.4143 -0.75
vn -0.4352 0.6101 -0.6621
vn 0.7062 0.0784 -0.7036
vn 0.6205 -0.4336 -0.6534
vn 0.2427 -0.7739 -0.5849
vn -0.318 -0.778 -0.5419
vn -0.7433 0.2132 -0.634
vn -0.734 -0.341 -0.5874
vn -0.852 0.5183 -0.0742
vn -0.7337 0.6711 -0.1066
vn -0.6763 0.7326 0.0768
vn -0.7739 0.5144 -0.3693
vn -0.547 0.8254 -0.1401
vn -0.6054 0.7348 -0.3057
vn -0.6167 0.5891 -0.5222
vn -0.4356 0.7811 -0.4473
vn -0.6708 0.6596 -0.339
vn -0.9132 0.3208 -0.2512
vn -0.3166 0.9066 -0.2791
vn -0.7564 0.5818 -0.2991
vn -0.5313 0.793 -0.298
vn -0.2788 0.5245 -0.8044
vn -0.3912 0.9202 -0.0129
vn -0.4643 0.8599 -0.212
vn -0.434 0.9004 -0.0307
vn 0.1048 0.9578 -0.2676
vn -0.2845 0.9374 0.2011
vn -0.4457 0.8901 0.0953
vn -0.4731 0.8318 0.2903
vn 0.0015 0.8662 0.4997
vn -0.5403 0.8078 0.2356
vn -0.7049 0.6655 0.2454
vn 0.9623 0.1065 -0.2503
vn -0.8753 0.4453 0.1883
vn -0.5631 0.6801 0.4695
vn -0.9598 0.2793 0.0272
vn -0.621 0.7305 0.2841
vn -0.7614 0.4937 0.42
vn -0.529 0.3429 0.7762
vn -0.766 0.5891 0.2574
vn -0.8342 0.5264 0.1642
vn -0.882 0.4708 -0.0215
vn -0.9571 -0.1353 0.2563
vn -0.8647 0.4777 -0.1551
vn -0.8284 -0.0227 -0.5596
vn 0.2958 -0.5386 0.789
vn 0.0217 -0.8725 -0.4882
vn 0.8354 -0.0039 0.5497
vn 0.5411 -0.36 -0.76
vn -0.0818 -0.9613 0.2631
vn 0.2915 -0.8207 -0.4914
vn 0.7729 -0.3009 0.5587
vn 0.1441 -0.9581 -0.2477
vn 0.5083 -0.6097 -0.6082
vn -0.3601 -0.4294 -0.8282
vn -0.5964 -0.6725 -0.4383
vn -0.0277 -0.0714 -0.9971
vn -0.6734 -0.736 0.0692
vn 0.3128 0.3063 -0.8991
vn 0.0967 -0.9933 0.0639
vn 0.7377 -0.3807 -0.5576
vn 0.5696 0.6023 -0.5593
vn 0.1609 -0.9179 0.3627
vn -0.5698 -0.6021 0.5593
vn 0.9194 -0.1924 -0.343
vn 0.3237 -0.747 0.5807
vn -0.313 -0.3061 0.8991
vn 0.9942 -0.1051 -0.024
vn 0.6732 0.7362 -0.0692
vn 0.545 -0.5235 0.6549
vn 0.0274 0.0716 0.9971
vn 0.3599 0.4296 0.8282
vn 0.9389 -0.1463 0.3116
vn 0.5961 0.6727 0.4384
vn -0.8533 0.5157 -0.0769
vn -0.7292 0.6743 -0.1166
vn -0.6991 0.7104 0.0811
vn -0.7738 0.5111 -0.3741
vn -0.5947 0.8023 -0.0512
vn -0.6196 0.6893 -0.3754
vn -0.9133 0.3207 -0.2511
vn -0.3925 0.8872 -0.2427
vn -0.9598 0.2792 0.0273
vn -0.672 0.6627 -0.3305
vn -0.8767 0.442 0.1901
vn -0.4158 0.7838 -0.4612
vn -0.7567 0.5807 -0.3004
vn -0.5313 0.7948 -0.2935
vn -0.8813 0.4721 -0.0207
vn -0.8649 0.4771 -0.1558
vn -0.2786 0.5247 -0.8044
vn -0.8279 -0.023 -0.5604
vn -0.957 -0.1356 0.2565
vn -0.8341 0.5269 0.1635
vn 0.0216 -0.8725 -0.4882
vn -0.7614 0.4938 0.42
vn -0.7657 0.5896 0.257
vn -0.699 0.6715 0.2457
vn -0.4754 0.8311 0.2888
vn -0.5631 0.68 0.4696
vn -0.6213 0.7305 0.2837
vn -0.5289 0.343 0.7762
vn -0.5405 0.8077 0.2354
vn -0.387 0.9221 -0.0039
vn -0.4464 0.8898 0.0952
vn -0.2845 0.9374 0.2011
vn -0.4348 0.8999 -0.0323
vn -0.473 0.8564 -0.207
vn 0.1052 0.9578 -0.2673
vn 0.0013 0.8664 0.4994
vn 0.9623 0.1063 -0.2504
vn 0.2959 -0.5386 0.7889
vn 0.8353 -0.004 0.5497
vn 0.541 -0.3601 -0.76
vn -0.0817 -0.9613 0.263
vn 0.7729 -0.3008 0.5587
vn 0.2914 -0.8207 -0.4915
vn 0.9389 -0.1463 0.3117
vn 0.1441 -0.958 -0.2479
vn 0.5085 -0.6097 -0.608
vn -0.3601 -0.4294 -0.8282
vn -0.5964 -0.6725 -0.4383
vn -0.0277 -0.0715 -0.9971
vn -0.6734 -0.736 0.0692
vn 0.3128 0.3063 -0.8991
vn 0.0969 -0.9932 0.0639
vn 0.7377 -0.3806 -0.5577
vn 0.5696 0.6022 -0.5593
vn 0.1608 -0.9179 0.3628
vn -0.5699 -0.6022 0.5591
vn 0.9194 -0.1922 -0.343
vn 0.3238 -0.747 0.5806
vn -0.313 -0.3061 0.899
vn 0.9942 -0.1053 -0.0239
vn 0.6732 0.7362 -0.0692
vn 0.5962 0.6727 0.4383
vn 0.36 0.4297 0.8281
vn 0.0275 0.0717 0.997
vn 0.5451 -0.5235 0.6549
vn -0.8143 -0.5297 0.2375
vn -0.8823 -0.0441 0.4686
vn -0.7601 -0.4854 0.432
vn -0.5544 -0.7119 0.4311
vn -0.8844 -0.1909 0.4259
vn -0.5928 -0.7686 0.2406
vn -0.2992 -0.8534 0.4268
vn -0.9245 0.31 0.2216
vn -0.8804 0.2491 0.4036
vn -0.7852 0.3946 -0.4772
vn -0.8649 0.4626 0.1948
vn -0.7828 0.4892 0.3845
vn -0.8542 0.0314 -0.5191
vn -0.6903 0.2831 -0.6658
vn -0.6659 0.7255 0.1738
vn -0.5867 0.7249 0.3609
vn -0.6255 0.5678 -0.5351
vn -0.705 0.2371 -0.6684
vn -0.3492 0.5389 -0.7666
vn -0.3587 0.6499 -0.6701
vn -0.4061 0.9003 0.1564
vn -0.3372 0.8773 0.3417
vn -0.7519 -0.4242 0.5046
vn -0.1162 0.9826 0.1451
vn -0.0616 0.9419 0.3303
vn -0.1302 0.7292 -0.6718
vn 0.1813 0.9733 0.141
vn 0.2187 0.9188 0.3285
vn 0.1096 0.8322 -0.5436
vn -0.0895 0.6085 -0.7885
vn 0.2196 0.6054 -0.765
vn 0.3282 0.6548 -0.6808
vn 0.4675 0.8721 0.1447
vn 0.4841 0.808 0.336
vn -0.0525 0.7577 -0.6505
vn 0.7181 0.6784 0.1553
vn 0.71 0.6104 0.351
vn 0.5878 0.5897 -0.5538
vn 0.6419 0.3331 -0.6906
vn 0.9007 0.3994 0.171
vn 0.8841 0.331 0.3298
vn 0.6656 0.2922 -0.6867
vn 0.948 0.2646 0.1767
vn 0.9197 0.0719 0.3859
vn 0.835 0.0643 -0.5465
vn 0.9385 -0.281 0.2007
vn 0.8811 -0.2516 0.4005
vn 0.9788 0.0857 -0.186
vn 0.7544 0.0514 -0.6544
vn 0.7842 -0.5826 0.2138
vn 0.7387 -0.5355 0.4094
vn 0.6144 -0.5066 -0.6049
vn 0.5593 -0.4655 -0.6859
vn 0.5501 -0.8046 0.2234
vn 0.5208 -0.7464 0.4143
vn 0.4326 -0.6883 -0.5823
vn 0.2551 -0.6987 -0.6684
vn 0.2715 -0.9345 0.2304
vn 0.259 -0.8708 0.4179
vn 0.2087 -0.798 -0.5654
vn -0.0254 -0.9715 0.2358
vn -0.021 -0.9064 0.422
vn -0.0309 -0.8295 -0.5577
vn -0.3204 -0.9165 0.2394
vn -0.1431 -0.7345 -0.6633
vn -0.2711 -0.7832 -0.5596
vn -0.6024 -0.2747 0.7495
vn -0.4451 -0.6104 -0.6552
vn -0.5815 -0.2374 -0.7781
vn -0.08 -0.9464 -0.3129
vn -0.1401 -0.7949 -0.5904
vn -0.682 -0.0946 -0.7252
vn 0.1919 -0.7661 -0.6134
vn -0.6254 0.266 -0.7336
vn 0.3811 -0.2934 0.8767
vn -0.4549 0.502 -0.7356
vn -0.4759 0.303 -0.8256
vn -0.6502 -0.446 -0.6151
vn -0.1978 0.6442 -0.7388
vn -0.3312 -0.5617 -0.7582
vn -0.7905 0.1879 -0.5829
vn 0.0617 -0.6589 -0.7497
vn -0.7819 0.3643 -0.5059
vn 0.3661 0.9256 -0.0958
vn -0.4748 0.651 -0.5922
vn 0.1794 0.5734 -0.7994
vn 0.0086 0.8026 -0.5965
vn -0.2535 0.9638 -0.0821
vn 0.2397 0.618 -0.7487
vn 0.5882 0.7167 -0.3746
vn -0.2996 0.6367 0.7105
vn 0.3965 0.5217 -0.7554
vn 0.435 -0.3908 -0.8112
vn 0.6479 0.1606 -0.7446
vn 0.8928 0.3625 -0.2675
vn 0.612 0.2454 -0.7519
f 48/48/48 46/46/46 43/43/43
f 43/43/43 46/46/46 44/44/44
f 50/50/50 48/48/48 43/43/43
f 51/51/51 48/48/48 50/50/50
f 41/41/41 43/43/43 44/44/44
f 54/54/54 51/51/51 50/50/50
f 40/40/40 43/43/43 41/41/41
f 50/50/50 43/43/43 40/40/40
f 51/51/51 54/54/54 57/57/57
f 58/58/58 51/51/51 57/57/57
f 54/54/54 50/50/50 35/35/35
f 57/57/57 54/54/54 35/35/35
f 50/50/50 40/40/40 35/35/35
f 58/58/58 57/57/57 61/61/61
f 61/61/61 57/57/57 35/35/35
f 62/62/62 58/58/58 61/61/61
f 63/63/63 62/62/62 61/61/61
f 41/41/41 44/44/44 42/42/42
f 44/44/44 45/45/45 42/42/42
f 45/45/45 47/47/47 42/42/42
f 64/64/64 63/63/63 61/61/61
f 60/60/60 63/63/63 64/64/64
f 47/47/47 49/49/49 42/42/42
f 59/59/59 60/60/60 64/64/64
f 56/56/56 60/60/60 59/59/59
f 37/37/37 64/64/64 61/61/61
f 37/37/37 61/61/61 35/35/35
f 55/55/55 56/56/56 59/59/59
f 56/56/56 55/55/55 53/53/53
f 36/36/36 59/59/59 64/64/64
f 37/37/37 36/36/36 64/64/64
f 36/36/36 55/55/55 59/59/59
f 47/47/47 53/53/53 52/52/52
f 55/55/55 52/52/52 53/53/53
f 49/49/49 47/47/47 52/52/52
f 52/52/52 55/55/55 39/39/39
f 49/49/49 52/52/52 39/39/39
f 55/55/55 36/36/36 39/39/39
f 42/42/42 49/49/49 39/39/39
f 37/37/37 34/34/34 36/36/36
f 34/34/34 37/37/37 35/35/35
f 38/38/38 42/42/42 39/39/39
f 41/41/41 42/42/42 38/38/38
f 38/38/38 40/40/40 41/41/41
f 19/19/19 39/39/39 36/36/36
f 38/38/38 39/39/39 19/19/19
f 35/35/35 40/40/40 17/17/17
f 17/17/17 40/40/40 38/38/38
f 33/33/33 34/34/34 35/35/35
f 33/33/33 35/35/35 17/17/17
f 34/34/34 26/26/26 36/36/36
f 26/26/26 19/19/19 36/36/36
f 18/18/18 17/17/17 38/38/38
f 18/18/18 38/38/38 19/19/19
f 26/26/26 34/34/34 27/27/27
f 18/18/18 19/19/19 16/16/16
f 29/29/29 27/27/27 34/34/34
f 29/29/29 34/34/34 33/33/33
f 18/18/18 16/16/16 13/13/13
f 18/18/18 13/13/13 17/17/17
f 24/24/24 26/26/26 27/27/27
f 13/13/13 10/10/10 17/17/17
f 24/24/24 22/22/22 26/26/26
f 22/22/22 19/19/19 26/26/26
f 14/14/14 17/17/17 10/10/10
f 17/17/17 14/14/14 33/33/33
f 20/20/20 19/19/19 22/22/22
f 14/14/14 32/32/32 33/33/33
f 20/20/20 22/22/22 21/21/21
f 21/21/21 22/22/22 24/24/24
f 32/32/32 31/31/31 33/33/33
f 31/31/31 29/29/29 33/33/33
f 32/32/32 14/14/14 8/8/8
f 31/31/31 32/32/32 8/8/8
f 14/14/14 10/10/10 12/12/12
f 14/14/14 12/12/12 8/8/8
f 29/29/29 31/31/31 30/30/30
f 10/10/10 6/6/6 12/12/12
f 6/6/6 8/8/8 12/12/12
f 31/31/31 28/28/28 30/30/30
f 28/28/28 31/31/31 8/8/8
f 30/30/30 25/25/25 29/29/29
f 28/28/28 25/25/25 30/30/30
f 25/25/25 27/27/27 29/29/29
f 27/27/27 25/25/25 24/24/24
f 28/28/28 8/8/8 5/5/5
f 25/25/25 28/28/28 5/5/5
f 6/6/6 5/5/5 8/8/8
f 25/25/25 23/23/23 24/24/24
f 23/23/23 21/21/21 24/24/24
f 3/3/3 23/23/23 25/25/25
f 3/3/3 21/21/21 23/23/23
f 3/3/3 25/25/25 5/5/5
f 2/2/2 5/5/5 6/6/6
f 3/3/3 5/5/5 2/2/2
f 4/4/4 6/6/6 10/10/10
f 4/4/4 2/2/2 6/6/6
f 13/13/13 4/4/4 10/10/10
f 3/3/3 2/2/2 1/1/1
f 4/4/4 1/1/1 2/2/2
f 21/21/21 3/3/3 11/11/11
f 11/11/11 3/3/3 1/1/1
f 11/11/11 20/20/20 21/21/21
f 4/4/4 13/13/13 7/7/7
f 1/1/1 4/4/4 7/7/7
f 13/13/13 16/16/16 7/7/7
f 1/1/1 9/9/9 11/11/11
f 9/9/9 1/1/1 7/7/7
f 20/20/20 11/11/11 15/15/15
f 11/11/11 9/9/9 15/15/15
f 15/15/15 9/9/9 7/7/7
f 16/16/16 15/15/15 7/7/7
f 15/15/15 19/19/19 20/20/20
f 19/19/19 15/15/15 16/16/16
f 67/67/67 66/66/66 65/65/65
f 68/68/68 65/65/65 66/66/66
f 67/67/67 69/69/69 66/66/66
f 68/68/68 66/66/66 70/70/70
f 66/66/66 69/69/69 70/70/70
f 65/65/65 68/68/68 71/71/71
f 70/70/70 69/69/69 72/72/72
f 73/73/73 65/65/65 71/71/71
f 74/74/74 72/72/72 69/69/69
f 69/69/69 67/67/67 74/74/74
f 65/65/65 73/73/73 75/75/75
f 75/75/75 67/67/67 65/65/65
f 76/76/76 73/73/73 71/71/71
f 75/75/75 73/73/73 76/76/76
f 68/68/68 77/77/77 71/71/71
f 78/78/78 76/76/76 71/71/71
f 77/77/77 78/78/78 71/71/71
f 68/68/68 70/70/70 79/79/79
f 77/77/77 68/68/68 79/79/79
f 79/79/79 70/70/70 80/80/80
f 70/70/70 72/72/72 80/80/80
f 81/81/81 78/78/78 77/77/77
f 81/81/81 76/76/76 78/78/78
f 82/82/82 79/79/79 80/80/80
f 82/82/82 80/80/80 72/72/72
f 77/77/77 79/79/79 83/83/83
f 82/82/82 83/83/83 79/79/79
f 81/81/81 77/77/77 83/83/83
f 84/84/84 82/82/82 72/72/72
f 85/85/85 84/84/84 72/72/72
f 74/74/74 85/85/85 72/72/72
f 82/82/82 84/84/84 86/86/86
f 85/85/85 86/86/86 84/84/84
f 83/83/83 82/82/82 86/86/86
f 85/85/85 74/74/74 87/87/87
f 85/85/85 88/88/88 86/86/86
f 88/88/88 85/85/85 87/87/87
f 74/74/74 89/89/89 87/87/87
f 87/87/87 89/89/89 88/88/88
f 89/89/89 74/74/74 67/67/67
f 88/88/88 90/90/90 86/86/86
f 91/91/91 89/89/89 67/67/67
f 75/75/75 91/91/91 67/67/67
f 89/89/89 92/92/92 88/88/88
f 88/88/88 92/92/92 90/90/90
f 91/91/91 93/93/93 89/89/89
f 92/92/92 89/89/89 94/94/94
f 89/89/89 93/93/93 94/94/94
f 91/91/91 95/95/95 93/93/93
f 95/95/95 91/91/91 75/75/75
f 93/93/93 95/95/95 94/94/94
f 75/75/75 96/96/96 95/95/95
f 96/96/96 75/75/75 76/76/76
f 95/95/95 97/97/97 94/94/94
f 96/96/96 97/97/97 95/95/95
f 94/94/94 98/98/98 92/92/92
f 94/94/94 97/97/97 98/98/98
f 97/97/97 96/96/96 98/98/98
f 98/98/98 90/90/90 92/92/92
f 76/76/76 99/99/99 96/96/96
f 96/96/96 99/99/99 98/98/98
f 99/99/99 76/76/76 81/81/81
f 90/90/90 98/98/98 100/100/100
f 98/98/98 99/99/99 100/100/100
f 81/81/81 101/101/101 99/99/99
f 81/81/81 83/83/83 101/101/101
f 99/99/99 102/102/102 100/100/100
f 101/101/101 102/102/102 99/99/99
f 103/103/103 90/90/90 100/100/100
f 83/83/83 104/104/104 101/101/101
f 86/86/86 90/90/90 105/105/105
f 86/86/86 105/105/105 83/83/83
f 90/90/90 103/103/103 105/105/105
f 105/105/105 104/104/104 83/83/83
f 103/103/103 100/100/100 106/106/106
f 101/101/101 104/104/104 107/107/107
f 103/103/103 106/106/106 108/108/108
f 103/103/103 108/108/108 105/105/105
f 107/107/107 109/109/109 101/101/101
f 101/101/101 109/109/109 102/102/102
f 104/104/104 110/110/110 107/107/107
f 107/107/107 111/111/111 109/109/109
f 107/107/107 110/110/110 111/111/111
f 111/111/111 112/112/112 109/109/109
f 110/110/110 113/113/113 111/111/111
f 112/112/112 114/114/114 109/109/109
f 115/115/115 113/113/113 110/110/110
f 114/114/114 116/116/116 109/109/109
f 109/109/109 116/116/116 102/102/102
f 117/117/117 115/115/115 110/110/110
f 117/117/117 110/110/110 104/104/104
f 117/117/117 104/104/104 105/105/105
f 118/118/118 115/115/115 117/117/117
f 116/116/116 114/114/114 119/119/119
f 116/116/116 119/119/119 102/102/102
f 114/114/114 120/120/120 119/119/119
f 121/121/121 118/118/118 117/117/117
f 121/121/121 117/117/117 105/105/105
f 122/122/122 119/119/119 120/120/120
f 119/119/119 122/122/122 102/102/102
f 122/122/122 100/100/100 102/102/102
f 123/123/123 122/122/122 120/120/120
f 124/124/124 121/121/121 105/105/105
f 118/118/118 121/121/121 124/124/124
f 108/108/108 124/124/124 105/105/105
f 125/125/125 118/118/118 124/124/124
f 125/125/125 124/124/124 108/108/108
f 126/126/126 125/125/125 108/108/108
f 127/127/127 126/126/126 108/108/108
f 106/106/106 127/127/127 108/108/108
f 128/128/128 127/127/127 106/106/106
f 122/122/122 123/123/123 129/129/129
f 123/123/123 128/128/128 129/129/129
f 129/129/129 128/128/128 106/106/106
f 100/100/100 122/122/122 129/129/129
f 100/100/100 129/129/129 106/106/106
f 132/132/132 131/131/131 130/130/130
f 133/133/133 132/132/132 130/130/130
f 132/132/132 134/134/134 131/131/131
f 133/133/133 130/130/130 135/135/135
f 136/136/136 133/133/133 135/135/135
f 134/134/134 137/137/137 131/131/131
f 134/134/134 138/138/138 137/137/137
f 136/136/136 135/135/135 139/139/139
f 140/140/140 136/136/136 139/139/139
f 135/135/135 130/130/130 141/141/141
f 140/140/140 139/139/139 142/142/142
f 143/143/143 140/140/140 142/142/142
f 139/139/139 135/135/135 144/144/144
f 135/135/135 141/141/141 144/144/144
f 142/142/142 139/139/139 145/145/145
f 139/139/139 144/144/144 145/145/145
f 143/143/143 142/142/142 146/146/146
f 147/147/147 143/143/143 146/146/146
f 142/142/142 145/145/145 148/148/148
f 146/146/146 142/142/142 148/148/148
f 145/145/145 144/144/144 149/149/149
f 148/148/148 145/145/145 149/149/149
f 147/147/147 146/146/146 150/150/150
f 151/151/151 147/147/147 150/150/150
f 146/146/146 148/148/148 152/152/152
f 150/150/150 146/146/146 152/152/152
f 151/151/151 150/150/150 153/153/153
f 154/154/154 151/151/151 153/153/153
f 150/150/150 152/152/152 155/155/155
f 153/153/153 150/150/150 155/155/155
f 152/152/152 148/148/148 156/156/156
f 148/148/148 149/149/149 156/156/156
f 155/155/155 152/152/152 157/157/157
f 152/152/152 156/156/156 157/157/157
f 153/153/153 155/155/155 158/158/158
f 158/158/158 155/155/155 157/157/157
f 154/154/154 153/153/153 159/159/159
f 159/159/159 153/153/153 158/158/158
f 160/160/160 154/154/154 159/159/159
f 159/159/159 158/158/158 161/161/161
f 160/160/160 159/159/159 162/162/162
f 162/162/162 159/159/159 161/161/161
f 163/163/163 160/160/160 162/162/162
f 161/161/161 158/158/158 164/164/164
f 158/158/158 157/157/157 164/164/164
f 162/162/162 161/161/161 165/165/165
f 165/165/165 161/161/161 164/164/164
f 163/163/163 162/162/162 166/166/166
f 166/166/166 162/162/162 165/165/165
f 167/167/167 163/163/163 166/166/166
f 165/165/165 164/164/164 168/168/168
f 167/167/167 166/166/166 169/169/169
f 170/170/170 167/167/167 169/169/169
f 166/166/166 165/165/165 171/171/171
f 169/169/169 166/166/166 171/171/171
f 171/171/171 165/165/165 168/168/168
f 170/170/170 169/169/169 172/172/172
f 173/173/173 170/170/170 172/172/172
f 169/169/169 171/171/171 174/174/174
f 172/172/172 169/169/169 174/174/174
f 171/171/171 168/168/168 175/175/175
f 174/174/174 171/171/171 175/175/175
f 173/173/173 172/172/172 176/176/176
f 177/177/177 173/173/173 176/176/176
f 172/172/172 174/174/174 178/178/178
f 176/176/176 172/172/172 178/178/178
f 178/178/178 174/174/174 175/175/175
f 177/177/177 176/176/176 179/179/179
f 180/180/180 177/177/177 179/179/179
f 176/176/176 178/178/178 181/181/181
f 179/179/179 176/176/176 181/181/181
f 178/178/178 175/175/175 182/182/182
f 181/181/181 178/178/178 182/182/182
f 180/180/180 179/179/179 183/183/183
f 184/184/184 180/180/180 183/183/183
f 179/179/179 181/181/181 185/185/185
f 183/183/183 179/179/179 185/185/185
f 185/185/185 181/181/181 182/182/182
f 184/184/184 183/183/183 186/186/186
f 187/187/187 184/184/184 186/186/186
f 187/187/187 186/186/186 138/138/138
f 183/183/183 185/185/185 188/188/188
f 186/186/186 183/183/183 188/188/188
f 186/186/186 189/189/189 138/138/138
f 186/186/186 188/188/188 189/189/189
f 138/138/138 189/189/189 137/137/137
f 188/188/188 185/185/185 190/190/190
f 185/185/185 182/182/182 190/190/190
f 188/188/188 191/191/191 189/189/189
f 137/137/137 189/189/189 192/192/192
f 189/189/189 191/191/191 192/192/192
f 191/191/191 188/188/188 193/193/193
f 192/192/192 191/191/191 193/193/193
f 188/188/188 190/190/190 193/193/193
f 137/137/137 192/192/192 194/194/194
f 131/131/131 137/137/137 194/194/194
f 192/192/192 193/193/193 195/195/195
f 194/194/194 192/192/192 195/195/195
f 131/131/131 194/194/194 196/196/196
f 196/196/196 194/194/194 195/195/195
f 130/130/130 131/131/131 196/196/196
f 130/130/130 196/196/196 141/141/141
f 141/141/141 196/196/196 197/197/197
f 196/196/196 195/195/195 197/197/197
f 144/144/144 141/141/141 197/197/197
f 144/144/144 197/197/197 149/149/149
f 195/195/195 193/193/193 198/198/198
f 197/197/197 195/195/195 199/199/199
f 195/195/195 198/198/198 199/199/199
f 149/149/149 197/197/197 200/200/200
f 197/197/197 199/199/199 200/200/200
f 193/193/193 201/201/201 198/198/198
f 193/193/193 190/190/190 201/201/201
f 202/202/202 199/199/199 198/198/198
f 202/202/202 198/198/198 201/201/201
f 203/203/203 200/200/200 199/199/199
f 202/202/202 203/203/203 199/199/199
f 149/149/149 200/200/200 204/204/204
f 156/156/156 149/149/149 204/204/204
f 190/190/190 205/205/205 201/201/201
f 190/190/190 182/182/182 205/205/205
f 156/156/156 204/204/204 206/206/206
f 157/157/157 156/156/156 206/206/206
f 207/207/207 204/204/204 200/200/200
f 207/207/207 206/206/206 204/204/204
f 203/203/203 207/207/207 200/200/200
f 157/157/157 206/206/206 208/208/208
f 164/164/164 157/157/157 208/208/208
f 207/207/207 209/209/209 206/206/206
f 209/209/209 208/208/208 206/206/206
f 164/164/164 208/208/208 210/210/210
f 168/168/168 164/164/164 210/210/210
f 209/209/209 211/211/211 208/208/208
f 211/211/211 210/210/210 208/208/208
f 168/168/168 210/210/210 212/212/212
f 211/211/211 212/212/212 210/210/210
f 175/175/175 168/168/168 212/212/212
f 182/182/182 175/175/175 213/213/213
f 175/175/175 212/212/212 213/213/213
f 182/182/182 213/213/213 205/205/205
f 214/214/214 213/213/213 212/212/212
f 211/211/211 214/214/214 212/212/212
f 215/215/215 205/205/205 213/213/213
f 214/214/214 215/215/215 213/213/213
f 216/216/216 201/201/201 205/205/205
f 215/215/215 216/216/216 205/205/205
f 216/216/216 202/202/202 201/201/201
f 214/214/214 211/211/211 217/217/217
f 202/202/202 216/216/216 218/218/218
f 214/214/214 217/217/217 219/219/219
f 215/215/215 214/214/214 219/219/219
f 216/216/216 215/215/215 220/220/220
f 215/215/215 219/219/219 220/220/220
f 216/216/216 220/220/220 218/218/218
f 219/219/219 217/217/217 221/221/221
f 220/220/220 219/219/219 221/221/221
f 211/211/211 221/221/221 217/217/217
f 218/218/218 220/220/220 221/221/221
f 211/211/211 209/209/209 221/221/221
f 202/202/202 218/218/218 222/222/222
f 222/222/222 218/218/218 221/221/221
f 203/203/203 202/202/202 222/222/222
f 209/209/209 223/223/223 221/221/221
f 209/209/209 207/207/207 223/223/223
f 224/224/224 222/222/222 221/221/221
f 223/223/223 224/224/224 221/221/221
f 203/203/203 222/222/222 224/224/224
f 207/207/207 224/224/224 223/223/223
f 207/207/207 203/203/203 224/224/224
f 227/227/227 226/226/226 225/225/225
f 228/228/228 225/225/225 226/226/226
f 229/229/229 226/226/226 227/227/227
f 228/228/228 226/226/226 230/230/230
f 226/226/226 229/229/229 230/230/230
f 225/225/225 228/228/228 231/231/231
f 230/230/230 229/229/229 232/232/232
f 230/230/230 233/233/233 228/228/228
f 234/234/234 232/232/232 229/229/229
f 229/229/229 227/227/227 234/234/234
f 230/230/230 232/232/232 235/235/235
f 235/235/235 233/233/233 230/230/230
f 233/233/233 236/236/236 228/228/228
f 228/228/228 236/236/236 231/231/231
f 237/237/237 233/233/233 235/235/235
f 236/236/236 233/233/233 237/237/237
f 232/232/232 238/238/238 235/235/235
f 238/238/238 232/232/232 234/234/234
f 239/239/239 237/237/237 235/235/235
f 239/239/239 235/235/235 238/238/238
f 240/240/240 236/236/236 237/237/237
f 236/236/236 240/240/240 231/231/231
f 239/239/239 241/241/241 237/237/237
f 240/240/240 237/237/237 241/241/241
f 242/242/242 239/239/239 238/238/238
f 240/240/240 243/243/243 231/231/231
f 239/239/239 242/242/242 244/244/244
f 245/245/245 243/243/243 240/240/240
f 245/245/245 240/240/240 241/241/241
f 246/246/246 242/242/242 238/238/238
f 242/242/242 246/246/246 244/244/244
f 247/247/247 238/238/238 234/234/234
f 247/247/247 246/246/246 238/238/238
f 247/247/247 234/234/234 248/248/248
f 246/246/246 247/247/247 248/248/248
f 249/249/249 239/239/239 244/244/244
f 239/239/239 249/249/249 241/241/241
f 234/234/234 250/250/250 248/248/248
f 250/250/250 234/234/234 227/227/227
f 251/251/251 246/246/246 248/248/248
f 252/252/252 250/250/250 227/227/227
f 246/246/246 253/253/253 244/244/244
f 246/246/246 251/251/251 253/253/253
f 250/250/250 254/254/254 248/248/248
f 248/248/248 254/254/254 251/251/251
f 252/252/252 255/255/255 250/250/250
f 255/255/255 254/254/254 250/250/250
f 256/256/256 252/252/252 227/227/227
f 256/256/256 227/227/227 225/225/225
f 252/252/252 257/257/257 255/255/255
f 257/257/257 252/252/252 256/256/256
f 254/254/254 255/255/255 258/258/258
f 255/255/255 257/257/257 258/258/258
f 225/225/225 259/259/259 256/256/256
f 259/259/259 225/225/225 231/231/231
f 260/260/260 257/257/257 256/256/256
f 259/259/259 260/260/260 256/256/256
f 261/261/261 259/259/259 231/231/231
f 260/260/260 259/259/259 261/261/261
f 243/243/243 261/261/261 231/231/231
f 260/260/260 262/262/262 257/257/257
f 262/262/262 260/260/260 261/261/261
f 257/257/257 263/263/263 258/258/258
f 262/262/262 263/263/263 257/257/257
f 264/264/264 254/254/254 258/258/258
f 254/254/254 264/264/264 251/251/251
f 258/258/258 263/263/263 265/265/265
f 258/258/258 265/265/265 264/264/264
f 261/261/261 266/266/266 262/262/262
f 266/266/266 261/261/261 243/243/243
f 262/262/262 267/267/267 263/263/263
f 266/266/266 267/267/267 262/262/262
f 263/263/263 268/268/268 265/265/265
f 263/263/263 267/267/267 268/268/268
f 269/269/269 266/266/266 243/243/243
f 269/269/269 243/243/243 245/245/245
f 268/268/268 267/267/267 270/270/270
f 265/265/265 268/268/268 270/270/270
f 269/269/269 245/245/245 271/271/271
f 269/269/269 271/271/271 266/266/266
f 267/267/267 266/266/266 272/272/272
f 267/267/267 272/272/272 270/270/270
f 271/271/271 273/273/273 266/266/266
f 266/266/266 273/273/273 272/272/272
f 245/245/245 274/274/274 271/271/271
f 245/245/245 241/241/241 274/274/274
f 271/271/271 275/275/275 273/273/273
f 275/275/275 271/271/271 274/274/274
f 241/241/241 276/276/276 274/274/274
f 241/241/241 249/249/249 276/276/276
f 277/277/277 275/275/275 274/274/274
f 274/274/274 276/276/276 277/277/277
f 275/275/275 278/278/278 273/273/273
f 249/249/249 279/279/279 276/276/276
f 278/278/278 280/280/280 273/273/273
f 280/280/280 272/272/272 273/273/273
f 281/281/281 278/278/278 275/275/275
f 278/278/278 281/281/281 280/280/280
f 282/282/282 281/281/281 275/275/275
f 281/281/281 283/283/283 280/280/280
f 284/284/284 282/282/282 275/275/275
f 277/277/277 284/284/284 275/275/275
f 285/285/285 280/280/280 283/283/283
f 280/280/280 285/285/285 272/272/272
f 285/285/285 270/270/270 272/272/272
f 286/286/286 285/285/285 283/283/283
f 277/277/277 287/287/287 284/284/284
f 276/276/276 287/287/287 277/277/277
f 287/287/287 276/276/276 279/279/279
f 287/287/287 288/288/288 284/284/284
f 289/289/289 288/288/288 287/287/287
f 285/285/285 286/286/286 290/290/290
f 270/270/270 285/285/285 290/290/290
f 286/286/286 291/291/291 290/290/290
f 292/292/292 289/289/289 287/287/287
f 292/292/292 287/287/287 279/279/279
f 293/293/293 289/289/289 292/292/292
f 290/290/290 291/291/291 294/294/294
f 291/291/291 295/295/295 294/294/294
f 296/296/296 270/270/270 290/290/290
f 296/296/296 290/290/290 294/294/294
f 296/296/296 265/265/265 270/270/270
f 294/294/294 295/295/295 297/297/297
f 295/295/295 298/298/298 297/297/297
f 298/298/298 299/299/299 297/297/297
f 300/300/300 265/265/265 296/296/296
f 265/265/265 300/300/300 264/264/264
f 301/301/301 296/296/296 294/294/294
f 301/301/301 300/300/300 296/296/296
f 301/301/301 294/294/294 297/297/297
f 264/264/264 300/300/300 302/302/302
f 302/302/302 300/300/300 301/301/301
f 251/251/251 264/264/264 302/302/302
f 251/251/251 302/302/302 253/253/253
f 303/303/303 301/301/301 297/297/297
f 303/303/303 302/302/302 301/301/301
f 299/299/299 304/304/304 297/297/297
f 299/299/299 293/293/293 304/304/304
f 303/303/303 297/297/297 305/305/305
f 302/302/302 303/303/303 305/305/305
f 297/297/297 304/304/304 305/305/305
f 253/253/253 302/302/302 305/305/305
f 293/293/293 306/306/306 304/304/304
f 306/306/306 293/293/293 292/292/292
f 305/305/305 304/304/304 307/307/307
f 304/304/304 306/306/306 307/307/307
f 305/305/305 307/307/307 253/253/253
f 306/306/306 292/292/292 307/307/307
f 292/292/292 279/279/279 307/307/307
f 307/307/307 279/279/279 249/249/249
f 307/307/307 244/244/244 253/253/253
f 244/244/244 307/307/307 249/249/249
f 310/310/310 309/309/309 308/308/308
f 311/311/311 310/310/310 308/308/308
f 310/310/310 312/312/312 309/309/309
f 311/311/311 313/313/313 310/310/310
f 310/310/310 313/313/313 312/312/312
f 308/308/308 314/314/314 311/311/311
f 312/312/312 315/315/315 309/309/309
f 314/314/314 316/316/316 311/311/311
f 317/317/317 308/308/308 309/309/309
f 316/316/316 318/318/318 311/311/311
f 318/318/318 313/313/313 311/311/311
f 314/314/314 308/308/308 319/319/319
f 308/308/308 317/317/317 319/319/319
f 316/316/316 314/314/314 320/320/320
f 320/320/320 314/314/314 319/319/319
f 317/317/317 309/309/309 321/321/321
f 309/309/309 315/315/315 321/321/321
f 317/317/317 322/322/322 319/319/319
f 321/321/321 323/323/323 317/317/317
f 323/323/323 322/322/322 317/317/317
f 321/321/321 315/315/315 324/324/324
f 325/325/325 323/323/323 321/321/321
f 321/321/321 324/324/324 325/325/325
f 322/322/322 323/323/323 326/326/326
f 326/326/326 323/323/323 325/325/325
f 327/327/327 324/324/324 315/315/315
f 315/315/315 312/312/312 327/327/327
f 324/324/324 328/328/328 325/325/325
f 328/328/328 324/324/324 327/327/327
f 329/329/329 326/326/326 325/325/325
f 329/329/329 325/325/325 328/328/328
f 330/330/330 327/327/327 312/312/312
f 313/313/313 330/330/330 312/312/312
f 331/331/331 328/328/328 327/327/327
f 313/313/313 332/332/332 330/330/330
f 313/313/313 318/318/318 332/332/332
f 327/327/327 330/330/330 333/333/333
f 331/331/331 327/327/327 333/333/333
f 332/332/332 334/334/334 330/330/330
f 330/330/330 334/334/334 333/333/333
f 332/332/332 318/318/318 335/335/335
f 334/334/334 332/332/332 335/335/335
f 336/336/336 331/331/331 333/333/333
f 331/331/331 336/336/336 328/328/328
f 333/333/333 334/334/334 337/337/337
f 337/337/337 336/336/336 333/333/333
f 338/338/338 334/334/334 335/335/335
f 334/334/334 338/338/338 337/337/337
f 336/336/336 339/339/339 328/328/328
f 339/339/339 329/329/329 328/328/328
f 339/339/339 336/336/336 340/340/340
f 329/329/329 339/339/339 340/340/340
f 336/336/336 337/337/337 341/341/341
f 336/336/336 341/341/341 340/340/340
f 337/337/337 338/338/338 342/342/342
f 337/337/337 342/342/342 341/341/341
f 343/343/343 329/329/329 340/340/340
f 329/329/329 343/343/343 326/326/326
f 344/344/344 340/340/340 341/341/341
f 340/340/340 344/344/344 343/343/343
f 341/341/341 342/342/342 345/345/345
f 345/345/345 344/344/344 341/341/341
f 338/338/338 346/346/346 342/342/342
f 342/342/342 347/347/347 345/345/345
f 348/348/348 346/346/346 338/338/338
f 335/335/335 348/348/348 338/338/338
f 342/342/342 346/346/346 349/349/349
f 347/347/347 342/342/342 349/349/349
f 335/335/335 350/350/350 348/348/348
f 318/318/318 350/350/350 335/335/335
f 346/346/346 348/348/348 351/351/351
f 349/349/349 346/346/346 351/351/351
f 352/352/352 350/350/350 318/318/318
f 316/316/316 352/352/352 318/318/318
f 352/352/352 316/316/316 320/320/320
f 350/350/350 353/353/353 348/348/348
f 350/350/350 352/352/352 353/353/353
f 348/348/348 353/353/353 354/354/354
f 351/351/351 348/348/348 354/354/354
f 352/352/352 355/355/355 353/353/353
f 353/353/353 355/355/355 354/354/354
f 320/320/320 356/356/356 352/352/352
f 356/356/356 355/355/355 352/352/352
f 355/355/355 357/357/357 354/354/354
f 355/355/355 356/356/356 357/357/357
f 351/351/351 354/354/354 358/358/358
f 356/356/356 320/320/320 359/359/359
f 359/359/359 320/320/320 319/319/319
f 360/360/360 354/354/354 357/357/357
f 354/354/354 360/360/360 358/358/358
f 361/361/361 359/359/359 319/319/319
f 322/322/322 361/361/361 319/319/319
f 361/361/361 322/322/322 326/326/326
f 362/362/362 356/356/356 359/359/359
f 362/362/362 359/359/359 361/361/361
f 361/361/361 326/326/326 363/363/363
f 343/343/343 363/363/363 326/326/326
f 364/364/364 362/362/362 361/361/361
f 364/364/364 361/361/361 363/363/363
f 362/362/362 365/365/365 356/356/356
f 362/362/362 364/364/364 365/365/365
f 356/356/356 366/366/366 357/357/357
f 365/365/365 366/366/366 356/356/356
f 364/364/364 363/363/363 367/367/367
f 364/364/364 367/367/367 365/365/365
f 363/363/363 343/343/343 368/368/368
f 363/363/363 368/368/368 367/367/367
f 343/343/343 369/369/369 368/368/368
f 344/344/344 369/369/369 343/343/343
f 367/367/367 368/368/368 370/370/370
f 371/371/371 365/365/365 367/367/367
f 370/370/370 371/371/371 367/367/367
f 365/365/365 371/371/371 366/366/366
f 368/368/368 372/372/372 370/370/370
f 372/372/372 368/368/368 369/369/369
f 370/370/370 373/373/373 371/371/371
f 370/370/370 372/372/372 373/373/373
f 373/373/373 374/374/374 371/371/371
f 372/372/372 375/375/375 373/373/373
f 374/374/374 376/376/376 371/371/371
f 377/377/377 375/375/375 372/372/372
f 376/376/376 378/378/378 371/371/371
f 371/371/371 378/378/378 366/366/366
f 379/379/379 377/377/377 372/372/372
f 379/379/379 372/372/372 369/369/369
f 379/379/379 369/369/369 344/344/344
f 380/380/380 377/377/377 379/379/379
f 378/378/378 381/381/381 366/366/366
f 378/378/378 376/376/376 381/381/381
f 381/381/381 357/357/357 366/366/366
f 381/381/381 360/360/360 357/357/357
f 376/376/376 382/382/382 381/381/381
f 360/360/360 381/381/381 382/382/382
f 383/383/383 360/360/360 382/382/382
f 360/360/360 383/383/383 358/358/358
f 383/383/383 384/384/384 358/358/358
f 385/385/385 380/380/380 379/379/379
f 385/385/385 379/379/379 344/344/344
f 358/358/358 384/384/384 386/386/386
f 351/351/351 358/358/358 386/386/386
f 384/384/384 387/387/387 386/386/386
f 349/349/349 351/351/351 386/386/386
f 388/388/388 385/385/385 344/344/344
f 380/380/380 385/385/385 388/388/388
f 345/345/345 388/388/388 344/344/344
f 389/389/389 380/380/380 388/388/388
f 349/349/349 386/386/386 390/390/390
f 386/386/386 387/387/387 390/390/390
f 389/389/389 388/388/388 390/390/390
f 390/390/390 388/388/388 345/345/345
f 391/391/391 389/389/389 390/390/390
f 387/387/387 391/391/391 390/390/390
f 347/347/347 390/390/390 345/345/345
f 347/347/347 349/349/349 390/390/390
f 394/394/394 393/393/393 392/392/392
f 395/395/395 394/394/394 392/392/392
f 394/394/394 396/396/396 393/393/393
f 395/395/395 392/392/392 397/397/397
f 398/398/398 395/395/395 397/397/397
f 396/396/396 399/399/399 393/393/393
f 396/396/396 400/400/400 399/399/399
f 398/398/398 397/397/397 401/401/401
f 402/402/402 398/398/398 401/401/401
f 397/397/397 392/392/392 403/403/403
f 402/402/402 401/401/401 404/404/404
f 405/405/405 402/402/402 404/404/404
f 401/401/401 397/397/397 406/406/406
f 397/397/397 403/403/403 406/406/406
f 404/404/404 401/401/401 407/407/407
f 401/401/401 406/406/406 407/407/407
f 405/405/405 404/404/404 408/408/408
f 409/409/409 405/405/405 408/408/408
f 404/404/404 407/407/407 410/410/410
f 408/408/408 404/404/404 410/410/410
f 407/407/407 406/406/406 411/411/411
f 410/410/410 407/407/407 411/411/411
f 409/409/409 408/408/408 412/412/412
f 413/413/413 409/409/409 412/412/412
f 408/408/408 410/410/410 414/414/414
f 412/412/412 408/408/408 414/414/414
f 413/413/413 412/412/412 415/415/415
f 416/416/416 413/413/413 415/415/415
f 412/412/412 414/414/414 417/417/417
f 415/415/415 412/412/412 417/417/417
f 414/414/414 410/410/410 418/418/418
f 417/417/417 414/414/414 418/418/418
f 410/410/410 411/411/411 418/418/418
f 416/416/416 415/415/415 419/419/419
f 420/420/420 416/416/416 419/419/419
f 415/415/415 417/417/417 421/421/421
f 419/419/419 415/415/415 421/421/421
f 417/417/417 418/418/418 422/422/422
f 421/421/421 417/417/417 422/422/422
f 420/420/420 419/419/419 423/423/423
f 424/424/424 420/420/420 423/423/423
f 419/419/419 421/421/421 425/425/425
f 423/423/423 419/419/419 425/425/425
f 421/421/421 422/422/422 426/426/426
f 425/425/425 421/421/421 426/426/426
f 424/424/424 423/423/423 427/427/427
f 428/428/428 424/424/424 427/427/427
f 423/423/423 425/425/425 429/429/429
f 427/427/427 423/423/423 429/429/429
f 429/429/429 425/425/425 426/426/426
f 428/428/428 427/427/427 430/430/430
f 431/431/431 428/428/428 430/430/430
f 427/427/427 429/429/429 432/432/432
f 430/430/430 427/427/427 432/432/432
f 431/431/431 430/430/430 433/433/433
f 434/434/434 431/431/431 433/433/433
f 430/430/430 432/432/432 435/435/435
f 433/433/433 430/430/430 435/435/435
f 432/432/432 429/429/429 436/436/436
f 435/435/435 432/432/432 436/436/436
f 429/429/429 426/426/426 436/436/436
f 434/434/434 433/433/433 437/437/437
f 438/438/438 434/434/434 437/437/437
f 433/433/433 435/435/435 439/439/439
f 437/437/437 433/433/433 439/439/439
f 435/435/435 436/436/436 440/440/440
f 439/439/439 435/435/435 440/440/440
f 438/438/438 437/437/437 441/441/441
f 442/442/442 438/438/438 441/441/441
f 437/437/437 439/439/439 443/443/443
f 441/441/441 437/437/437 443/443/443
f 443/443/443 439/439/439 440/440/440
f 442/442/442 441/441/441 444/444/444
f 445/445/445 442/442/442 444/444/444
f 441/441/441 443/443/443 446/446/446
f 444/444/444 441/441/441 446/446/446
f 443/443/443 440/440/440 447/447/447
f 446/446/446 443/443/443 447/447/447
f 445/445/445 444/444/444 448/448/448
f 449/449/449 445/445/445 448/448/448
f 449/449/449 448/448/448 400/400/400
f 444/444/444 446/446/446 450/450/450
f 448/448/448 444/444/444 450/450/450
f 448/448/448 451/451/451 400/400/400
f 448/448/448 450/450/450 451/451/451
f 400/400/400 451/451/451 399/399/399
f 450/450/450 446/446/446 452/452/452
f 446/446/446 447/447/447 452/452/452
f 450/450/450 453/453/453 451/451/451
f 453/453/453 450/450/450 452/452/452
f 399/399/399 451/451/451 454/454/454
f 451/451/451 453/453/453 454/454/454
f 452/452/452 447/447/447 455/455/455
f 447/447/447 440/440/440 455/455/455
f 453/453/453 452/452/452 456/456/456
f 454/454/454 453/453/453 456/456/456
f 452/452/452 455/455/455 457/457/457
f 456/456/456 452/452/452 457/457/457
f 399/399/399 454/454/454 458/458/458
f 393/393/393 399/399/399 458/458/458
f 454/454/454 456/456/456 459/459/459
f 458/458/458 454/454/454 459/459/459
f 393/393/393 458/458/458 460/460/460
f 460/460/460 458/458/458 459/459/459
f 392/392/392 393/393/393 460/460/460
f 392/392/392 460/460/460 403/403/403
f 459/459/459 456/456/456 461/461/461
f 456/456/456 457/457/457 461/461/461
f 403/403/403 460/460/460 462/462/462
f 460/460/460 459/459/459 462/462/462
f 406/406/406 403/403/403 462/462/462
f 406/406/406 462/462/462 411/411/411
f 459/459/459 461/461/461 463/463/463
f 462/462/462 459/459/459 463/463/463
f 464/464/464 461/461/461 457/457/457
f 464/464/464 463/463/463 461/461/461
f 411/411/411 462/462/462 465/465/465
f 462/462/462 463/463/463 465/465/465
f 466/466/466 464/464/464 457/457/457
f 466/466/466 457/457/457 455/455/455
f 464/464/464 467/467/467 463/463/463
f 467/467/467 465/465/465 463/463/463
f 411/411/411 465/465/465 468/468/468
f 418/418/418 411/411/411 468/468/468
f 467/467/467 469/469/469 465/465/465
f 469/469/469 468/468/468 465/465/465
f 467/467/467 464/464/464 470/470/470
f 418/418/418 468/468/468 471/471/471
f 422/422/422 418/418/418 471/471/471
f 426/426/426 422/422/422 471/471/471
f 464/464/464 472/472/472 470/470/470
f 464/464/464 466/466/466 472/472/472
f 467/467/467 470/470/470 473/473/473
f 469/469/469 467/467/467 473/473/473
f 470/470/470 472/472/472 474/474/474
f 473/473/473 470/470/470 474/474/474
f 466/466/466 475/475/475 472/472/472
f 472/472/472 475/475/475 474/474/474
f 469/469/469 473/473/473 476/476/476
f 476/476/476 473/473/473 474/474/474
f 469/469/469 477/477/477 468/468/468
f 477/477/477 469/469/469 476/476/476
f 477/477/477 471/471/471 468/468/468
f 477/477/477 476/476/476 478/478/478
f 478/478/478 476/476/476 474/474/474
f 479/479/479 477/477/477 478/478/478
f 477/477/477 479/479/479 471/471/471
f 479/479/479 478/478/478 474/474/474
f 479/479/479 480/480/480 471/471/471
f 426/426/426 471/471/471 480/480/480
f 481/481/481 479/479/479 474/474/474
f 479/479/479 481/481/481 480/480/480
f 426/426/426 480/480/480 482/482/482
f 481/481/481 482/482/482 480/480/480
f 436/436/436 426/426/426 482/482/482
f 436/436/436 482/482/482 483/483/483
f 481/481/481 483/483/483 482/482/482
f 440/440/440 436/436/436 483/483/483
f 440/440/440 483/483/483 455/455/455
f 484/484/484 455/455/455 483/483/483
f 484/484/484 466/466/466 455/455/455
f 481/481/481 484/484/484 483/483/483
f 466/466/466 484/484/484 475/475/475
f 481/481/481 474/474/474 485/485/485
f 484/484/484 486/486/486 475/475/475
f 475/475/475 486/486/486 474/474/474
f 484/484/484 481/481/481 486/486/486
f 486/486/486 485/485/485 474/474/474
f 481/481/481 485/485/485 486/486/486
f 489/489/489 488/488/488 487/487/487
f 490/490/490 488/488/488 489/489/489
f 491/491/491 487/487/487 488/488/488
f 488/488/488 490/490/490 492/492/492
f 491/491/491 488/488/488 492/492/492
f 490/490/490 489/489/489 493/493/493
f 490/490/490 494/494/494 492/492/492
f 490/490/490 493/493/493 494/494/494
f 495/495/495 489/489/489 487/487/487
f 496/496/496 493/493/493 489/489/489
f 495/495/495 496/496/496 489/489/489
f 487/487/487 491/491/491 497/497/497
f 496/496/496 498/498/498 493/493/493
f 497/497/497 499/499/499 487/487/487
f 487/487/487 499/499/499 495/495/495
f 500/500/500 493/493/493 498/498/498
f 493/493/493 500/500/500 494/494/494
f 496/496/496 495/495/495 501/501/501
f 496/496/496 502/502/502 498/498/498
f 496/496/496 501/501/501 502/502/502
f 495/495/495 503/503/503 501/501/501
f 499/499/499 503/503/503 495/495/495
f 502/502/502 501/501/501 504/504/504
f 504/504/504 501/501/501 503/503/503
f 502/502/502 505/505/505 498/498/498
f 500/500/500 498/498/498 505/505/505
f 503/503/503 499/499/499 506/506/506
f 506/506/506 504/504/504 503/503/503
f 505/505/505 502/502/502 507/507/507
f 507/507/507 502/502/502 504/504/504
f 508/508/508 500/500/500 505/505/505
f 508/508/508 509/509/509 500/500/500
f 500/500/500 509/509/509 494/494/494
f 508/508/508 505/505/505 510/510/510
f 509/509/509 508/508/508 510/510/510
f 511/511/511 505/505/505 507/507/507
f 505/505/505 511/511/511 510/510/510
f 512/512/512 511/511/511 507/507/507
f 511/511/511 512/512/512 510/510/510
f 507/507/507 504/504/504 513/513/513
f 513/513/513 512/512/512 507/507/507
f 514/514/514 509/509/509 510/510/510
f 512/512/512 515/515/515 510/510/510
f 510/510/510 515/515/515 514/514/514
f 509/509/509 516/516/516 494/494/494
f 509/509/509 514/514/514 516/516/516
f 494/494/494 516/516/516 517/517/517
f 492/492/492 494/494/494 517/517/517
f 514/514/514 518/518/518 516/516/516
f 517/517/517 519/519/519 492/492/492
f 491/491/491 492/492/492 519/519/519
f 520/520/520 517/517/517 516/516/516
f 517/517/517 520/520/520 519/519/519
f 518/518/518 520/520/520 516/516/516
f 521/521/521 491/491/491 519/519/519
f 491/491/491 521/521/521 497/497/497
f 520/520/520 522/522/522 519/519/519
f 523/523/523 497/497/497 521/521/521
f 499/499/499 497/497/497 523/523/523
f 521/521/521 519/519/519 524/524/524
f 524/524/524 523/523/523 521/521/521
f 519/519/519 522/522/522 524/524/524
f 525/525/525 499/499/499 523/523/523
f 499/499/499 525/525/525 506/506/506
f 520/520/520 526/526/526 522/522/522
f 520/520/520 518/518/518 526/526/526
f 522/522/522 527/527/527 524/524/524
f 526/526/526 527/527/527 522/522/522
f 523/523/523 524/524/524 528/528/528
f 525/525/525 523/523/523 528/528/528
f 527/527/527 529/529/529 524/524/524
f 524/524/524 529/529/529 528/528/528
f 506/506/506 525/525/525 530/530/530
f 530/530/530 525/525/525 528/528/528
f 527/527/527 531/531/531 529/529/529
f 531/531/531 527/527/527 526/526/526
f 532/532/532 506/506/506 530/530/530
f 532/532/532 504/504/504 506/506/506
f 530/530/530 528/528/528 533/533/533
f 530/530/530 533/533/533 532/532/532
f 529/529/529 534/534/534 528/528/528
f 531/531/531 534/534/534 529/529/529
f 535/535/535 504/504/504 532/532/532
f 504/504/504 535/535/535 513/513/513
f 532/532/532 536/536/536 535/535/535
f 533/533/533 536/536/536 532/532/532
f 535/535/535 537/537/537 513/513/513
f 536/536/536 537/537/537 535/535/535
f 528/528/528 538/538/538 533/533/533
f 534/534/534 538/538/538 528/528/528
f 536/536/536 533/533/533 539/539/539
f 533/533/533 538/538/538 539/539/539
f 536/536/536 540/540/540 537/537/537
f 540/540/540 536/536/536 539/539/539
f 537/537/537 541/541/541 513/513/513
f 540/540/540 542/542/542 537/537/537
f 541/541/541 537/537/537 542/542/542
f 540/540/540 539/539/539 543/543/543
f 540/540/540 543/543/543 542/542/542
f 539/539/539 544/544/544 543/543/543
f 543/543/543 545/545/545 542/542/542
f 544/544/544 539/539/539 546/546/546
f 542/542/542 545/545/545 547/547/547
f 539/539/539 548/548/548 546/546/546
f 538/538/538 548/548/548 539/539/539
f 549/549/549 542/542/542 547/547/547
f 549/549/549 541/541/541 542/542/542
f 549/549/549 547/547/547 550/550/550
f 548/548/548 538/538/538 551/551/551
f 548/548/548 551/551/551 546/546/546
f 538/538/538 534/534/534 551/551/551
f 551/551/551 552/552/552 546/546/546
f 551/551/551 534/534/534 553/553/553
f 552/552/552 551/551/551 553/553/553
f 534/534/534 531/531/531 553/553/553
f 554/554/554 552/552/552 553/553/553
f 553/553/553 555/555/555 554/554/554
f 555/555/555 553/553/553 531/531/531
f 555/555/555 556/556/556 554/554/554
f 557/557/557 555/555/555 531/531/531
f 557/557/557 531/531/531 526/526/526
f 555/555/555 558/558/558 556/556/556
f 558/558/558 555/555/555 557/557/557
f 558/558/558 559/559/559 556/556/556
f 557/557/557 526/526/526 560/560/560
f 518/518/518 560/560/560 526/526/526
f 561/561/561 558/558/558 557/557/557
f 561/561/561 557/557/557 560/560/560
f 558/558/558 562/562/562 559/559/559
f 562/562/562 558/558/558 561/561/561
f 562/562/562 563/563/563 559/559/559
f 563/563/563 562/562/562 564/564/564
f 565/565/565 560/560/560 518/518/518
f 561/561/561 560/560/560 565/565/565
f 514/514/514 565/565/565 518/518/518
f 515/515/515 565/565/565 514/514/514
f 566/566/566 561/561/561 565/565/565
f 566/566/566 562/562/562 561/561/561
f 567/567/567 566/566/566 565/565/565
f 566/566/566 567/567/567 562/562/562
f 515/515/515 567/567/567 565/565/565
f 562/562/562 568/568/568 564/564/564
f 567/567/567 568/568/568 562/562/562
f 564/564/564 568/568/568 550/550/550
f 567/567/567 515/515/515 569/569/569
f 567/567/567 569/569/569 568/568/568
f 515/515/515 512/512/512 569/569/569
f 512/512/512 513/513/513 569/569/569
f 513/513/513 541/541/541 569/569/569
f 569/569/569 541/541/541 549/549/549
f 568/568/568 570/570/570 550/550/550
f 570/570/570 549/549/549 550/550/550
f 569/569/569 570/570/570 568/568/568
f 570/570/570 569/569/569 549/549/549
f 573/573/573 572/572/572 571/571/571
f 571/571/571 572/572/572 574/574/574
f 575/575/575 572/572/572 573/573/573
f 576/576/576 574/574/574 572/572/572
f 575/575/575 576/576/576 572/572/572
f 577/577/577 573/573/573 571/571/571
f 576/576/576 575/575/575 578/578/578
f 577/577/577 571/571/571 579/579/579
f 571/571/571 574/574/574 579/579/579
f 575/575/575 580/580/580 578/578/578
f 573/573/573 581/581/581 575/575/575
f 581/581/581 580/580/580 575/575/575
f 573/573/573 577/577/577 582/582/582
f 582/582/582 581/581/581 573/573/573
f 577/577/577 583/583/583 582/582/582
f 581/581/581 582/582/582 584/584/584
f 584/584/584 582/582/582 583/583/583
f 583/583/583 577/577/577 585/585/585
f 577/577/577 579/579/579 585/585/585
f 586/586/586 584/584/584 583/583/583
f 583/583/583 585/585/585 586/586/586
f 587/587/587 581/581/581 584/584/584
f 588/588/588 585/585/585 579/579/579
f 580/580/580 581/581/581 589/589/589
f 581/581/581 587/587/587 589/589/589
f 579/579/579 590/590/590 588/588/588
f 574/574/574 590/590/590 579/579/579
f 589/589/589 591/591/591 580/580/580
f 591/591/591 578/578/578 580/580/580
f 588/588/588 592/592/592 585/585/585
f 593/593/593 578/578/578 591/591/591
f 576/576/576 578/578/578 593/593/593
f 592/592/592 594/594/594 585/585/585
f 585/585/585 594/594/594 586/586/586
f 576/576/576 593/593/593 595/595/595
f 576/576/576 595/595/595 574/574/574
f 594/594/594 596/596/596 586/586/586
f 597/597/597 574/574/574 595/595/595
f 574/574/574 597/597/597 590/590/590
f 593/593/593 598/598/598 595/595/595
f 597/597/597 595/595/595 598/598/598
f 590/590/590 599/599/599 588/588/588
f 592/592/592 588/588/588 599/599/599
f 597/597/597 600/600/600 590/590/590
f 600/600/600 599/599/599 590/590/590
f 601/601/601 597/597/597 598/598/598
f 601/601/601 600/600/600 597/597/597
f 598/598/598 593/593/593 602/602/602
f 602/602/602 593/593/593 591/591/591
f 601/601/601 598/598/598 603/603/603
f 600/600/600 601/601/601 603/603/603
f 604/604/604 598/598/598 602/602/602
f 598/598/598 604/604/604 603/603/603
f 602/602/602 591/591/591 605/605/605
f 605/605/605 604/604/604 602/602/602
f 606/606/606 600/600/600 603/603/603
f 600/600/600 606/606/606 599/599/599
f 604/604/604 607/607/607 603/603/603
f 607/607/607 604/604/604 605/605/605
f 608/608/608 592/592/592 599/599/599
f 606/606/606 608/608/608 599/599/599
f 607/607/607 609/609/609 603/603/603
f 603/603/603 609/609/609 606/606/606
f 592/592/592 608/608/608 610/610/610
f 592/592/592 610/610/610 594/594/594
f 610/610/610 596/596/596 594/594/594
f 606/606/606 611/611/611 608/608/608
f 608/608/608 611/611/611 610/610/610
f 609/609/609 612/612/612 606/606/606
f 606/606/606 612/612/612 611/611/611
f 609/609/609 607/607/607 613/613/613
f 607/607/607 605/605/605 613/613/613
f 609/609/609 614/614/614 612/612/612
f 614/614/614 609/609/609 613/613/613
f 615/615/615 611/611/611 612/612/612
f 614/614/614 616/616/616 612/612/612
f 616/616/616 615/615/615 612/612/612
f 617/617/617 610/610/610 611/611/611
f 615/615/615 617/617/617 611/611/611
f 616/616/616 614/614/614 618/618/618
f 616/616/616 618/618/618 615/615/615
f 617/617/617 619/619/619 610/610/610
f 619/619/619 596/596/596 610/610/610
f 615/615/615 620/620/620 617/617/617
f 618/618/618 620/620/620 615/615/615
f 596/596/596 619/619/619 621/621/621
f 596/596/596 621/621/621 586/586/586
f 617/617/617 622/622/622 619/619/619
f 620/620/620 622/622/622 617/617/617
f 586/586/586 621/621/621 623/623/623
f 584/584/584 586/586/586 623/623/623
f 587/587/587 584/584/584 623/623/623
f 619/619/619 624/624/624 621/621/621
f 621/621/621 624/624/624 623/623/623
f 622/622/622 625/625/625 619/619/619
f 624/624/624 619/619/619 625/625/625
f 622/622/622 620/620/620 626/626/626
f 622/622/622 626/626/626 628/628/628
f 625/625/625 622/622/622 628/628/628
f 620/620/620 627/627/627 626/626/626
f 620/620/620 618/618/618 627/627/627
f 628/628/628 630/630/630 625/625/625
f 618/618/618 629/629/629 627/627/627
f 629/629/629 618/618/618 631/631/631
f 630/630/630 632/632/632 625/625/625
f 632/632/632 624/624/624 625/625/625
f 632/632/632 630/630/630 633/633/633
f 618/618/618 634/634/634 631/631/631
f 614/614/614 634/634/634 618/618/618
f 614/614/614 613/613/613 634/634/634
f 631/631/631 634/634/634 635/635/635
f 613/613/613 636/636/636 634/634/634
f 634/634/634 636/636/636 635/635/635
f 636/636/636 637/637/637 635/635/635
f 636/636/636 613/613/613 637/637/637
f 637/637/637 638/638/638 635/635/635
f 613/613/613 639/639/639 637/637/637
f 605/605/605 639/639/639 613/613/613
f 637/637/637 640/640/640 638/638/638
f 637/637/637 639/639/639 640/640/640
f 640/640/640 641/641/641 638/638/638
f 642/642/642 641/641/641 640/640/640
f 643/643/643 639/639/639 605/605/605
f 639/639/639 643/643/643 640/640/640
f 644/644/644 642/642/642 640/640/640
f 644/644/644 640/640/640 643/643/643
f 645/645/645 643/643/643 605/605/605
f 591/591/591 645/645/645 605/605/605
f 645/645/645 591/591/591 589/589/589
f 646/646/646 644/644/644 643/643/643
f 646/646/646 643/643/643 645/645/645
f 644/644/644 647/647/647 642/642/642
f 644/644/644 646/646/646 647/647/647
f 647/647/647 648/648/648 642/642/642
f 648/648/648 647/647/647 633/633/633
f 649/649/649 645/645/645 589/589/589
f 649/649/649 646/646/646 645/645/645
f 649/649/649 589/589/589 587/587/587
f 647/647/647 650/650/650 633/633/633
f 650/650/650 632/632/632 633/633/633
f 649/649/649 587/587/587 651/651/651
f 651/651/651 587/587/587 623/623/623
f 650/650/650 652/652/652 632/632/632
f 652/652/652 650/650/650 647/647/647
f 652/652/652 624/624/624 632/632/632
f 624/624/624 652/652/652 623/623/623
f 651/651/651 653/653/653 649/649/649
f 651/651/651 623/623/623 653/653/653
f 653/653/653 646/646/646 649/649/649
f 623/623/623 652/652/652 653/653/653
f 646/646/646 653/653/653 647/647/647
f 653/653/653 652/652/652 647/647/647
f 656/656/656 655/655/655 654/654/654
f 658/658/658 656/656/656 654/654/654
f 654/654/654 655/655/655 657/657/657
f 661/661/661 656/656/656 658/658/658
f 662/662/662 661/661/661 658/658/658
f 655/655/655 659/659/659 657/657/657
f 657/657/657 659/659/659 660/660/660
f 664/664/664 661/661/661 662/662/662
f 665/665/665 664/664/664 662/662/662
f 661/661/661 666/666/666 656/656/656
f 668/668/668 664/664/664 665/665/665
f 669/669/669 668/668/668 665/665/665
f 664/664/664 667/667/667 661/661/661
f 667/667/667 666/666/666 661/661/661
f 668/668/668 670/670/670 664/664/664
f 670/670/670 667/667/667 664/664/664
f 672/672/672 668/668/668 669/669/669
f 673/673/673 672/672/672 669/669/669
f 674/674/674 670/670/670 668/668/668
f 672/672/672 674/674/674 668/668/668
f 670/670/670 675/675/675 667/667/667
f 674/674/674 675/675/675 670/670/670
f 676/676/676 672/672/672 673/673/673
f 677/677/677 676/676/676 673/673/673
f 678/678/678 674/674/674 672/672/672
f 676/676/676 678/678/678 672/672/672
f 679/679/679 676/676/676 677/677/677
f 680/680/680 679/679/679 677/677/677
f 681/681/681 678/678/678 676/676/676
f 679/679/679 681/681/681 676/676/676
f 678/678/678 682/682/682 674/674/674
f 681/681/681 682/682/682 678/678/678
f 682/682/682 675/675/675 674/674/674
f 683/683/683 679/679/679 680/680/680
f 684/684/684 683/683/683 680/680/680
f 685/685/685 681/681/681 679/679/679
f 683/683/683 685/685/685 679/679/679
f 686/686/686 682/682/682 681/681/681
f 685/685/685 686/686/686 681/681/681
f 687/687/687 683/683/683 684/684/684
f 688/688/688 687/687/687 684/684/684
f 689/689/689 685/685/685 683/683/683
f 687/687/687 689/689/689 683/683/683
f 690/690/690 686/686/686 685/685/685
f 689/689/689 690/690/690 685/685/685
f 691/691/691 687/687/687 688/688/688
f 692/692/692 691/691/691 688/688/688
f 693/693/693 689/689/689 687/687/687
f 691/691/691 693/693/693 687/687/687
f 693/693/693 690/690/690 689/689/689
f 694/694/694 691/691/691 692/692/692
f 695/695/695 694/694/694 692/692/692
f 696/696/696 693/693/693 691/691/691
f 694/694/694 696/696/696 691/691/691
f 697/697/697 694/694/694 695/695/695
f 698/698/698 697/697/697 695/695/695
f 699/699/699 696/696/696 694/694/694
f 697/697/697 699/699/699 694/694/694
f 696/696/696 700/700/700 693/693/693
f 699/699/699 700/700/700 696/696/696
f 700/700/700 690/690/690 693/693/693
f 701/701/701 697/697/697 698/698/698
f 702/702/702 701/701/701 698/698/698
f 703/703/703 699/699/699 697/697/697
f 701/701/701 703/703/703 697/697/697
f 704/704/704 701/701/701 702/702/702
f 705/705/705 704/704/704 702/702/702
f 706/706/706 703/703/703 701/701/701
f 704/704/704 706/706/706 701/701/701
f 703/703/703 707/707/707 699/699/699
f 706/706/706 707/707/707 703/703/703
f 707/707/707 700/700/700 699/699/699
f 708/708/708 704/704/704 705/705/705
f 709/709/709 708/708/708 705/705/705
f 710/710/710 706/706/706 704/704/704
f 708/708/708 710/710/710 704/704/704
f 711/711/711 708/708/708 709/709/709
f 712/712/712 711/711/711 709/709/709
f 712/712/712 660/660/660 711/711/711
f 713/713/713 710/710/710 708/708/708
f 711/711/711 713/713/713 708/708/708
f 710/710/710 714/714/714 706/706/706
f 713/713/713 714/714/714 710/710/710
f 714/714/714 707/707/707 706/706/706
f 660/660/660 715/715/715 711/711/711
f 711/711/711 715/715/715 713/713/713
f 659/659/659 715/715/715 660/660/660
f 715/715/715 716/716/716 713/713/713
f 659/659/659 717/717/717 715/715/715
f 717/717/717 716/716/716 715/715/715
f 716/716/716 718/718/718 713/713/713
f 717/717/717 718/718/718 716/716/716
f 718/718/718 714/714/714 713/713/713
f 719/719/719 717/717/717 659/659/659
f 655/655/655 719/719/719 659/659/659
f 720/720/720 718/718/718 717/717/717
f 719/719/719 720/720/720 717/717/717
f 663/663/663 719/719/719 655/655/655
f 656/656/656 663/663/663 655/655/655
f 666/666/666 663/663/663 656/656/656
f 663/663/663 721/721/721 719/719/719
f 666/666/666 721/721/721 663/663/663
f 721/721/721 720/720/720 719/719/719
f 671/671/671 721/721/721 666/666/666
f 667/667/667 671/671/671 666/666/666
f 675/675/675 671/671/671 667/667/667
f 721/721/721 724/724/724 720/720/720
f 671/671/671 723/723/723 721/721/721
f 723/723/723 724/724/724 721/721/721
f 675/675/675 723/723/723 671/671/671
f 724/724/724 722/722/722 720/720/720
f 720/720/720 722/722/722 718/718/718
f 724/724/724 723/723/723 725/725/725
f 722/722/722 724/724/724 725/725/725
f 722/722/722 726/726/726 718/718/718
f 718/718/718 726/726/726 714/714/714
f 727/727/727 722/722/722 725/725/725
f 726/726/726 722/722/722 727/727/727
f 726/726/726 728/728/728 714/714/714
f 714/714/714 728/728/728 707/707/707
f 729/729/729 726/726/726 727/727/727
f 728/728/728 726/726/726 729/729/729
f 728/728/728 730/730/730 707/707/707
f 730/730/730 728/728/728 729/729/729
f 707/707/707 730/730/730 700/700/700
f 730/730/730 731/731/731 700/700/700
f 700/700/700 731/731/731 690/690/690
f 732/732/732 730/730/730 729/729/729
f 731/731/731 730/730/730 732/732/732
f 731/731/731 733/733/733 690/690/690
f 734/734/734 731/731/731 732/732/732
f 733/733/733 731/731/731 734/734/734
f 733/733/733 735/735/735 690/690/690
f 735/735/735 733/733/733 734/734/734
f 690/690/690 735/735/735 686/686/686
f 686/686/686 735/735/735 682/682/682
f 732/732/732 736/736/736 734/734/734
f 735/735/735 737/737/737 682/682/682
f 682/682/682 737/737/737 675/675/675
f 738/738/738 736/736/736 732/732/732
f 729/729/729 738/738/738 732/732/732
f 737/737/737 739/739/739 675/675/675
f 739/739/739 723/723/723 675/675/675
f 737/737/737 735/735/735 740/740/740
f 739/739/739 737/737/737 740/740/740
f 740/740/740 735/735/735 734/734/734
f 723/723/723 739/739/739 741/741/741
f 741/741/741 739/739/739 740/740/740
f 725/725/725 723/723/723 741/741/741
f 736/736/736 742/742/742 734/734/734
f 736/736/736 738/738/738 742/742/742
f 734/734/734 742/742/742 740/740/740
f 743/743/743 738/738/738 729/729/729
f 738/738/738 743/743/743 742/742/742
f 744/744/744 743/743/743 729/729/729
f 743/743/743 744/744/744 742/742/742
f 727/727/727 744/744/744 729/729/729
f 745/745/745 744/744/744 727/727/727
f 725/725/725 745/745/745 727/727/727
f 744/744/744 745/745/745 742/742/742
f 746/746/746 745/745/745 725/725/725
f 745/745/745 746/746/746 742/742/742
f 741/741/741 746/746/746 725/725/725
f 742/742/742 747/747/747 740/740/740
f 748/748/748 746/746/746 741/741/741
f 740/740/740 748/748/748 741/741/741
f 746/746/746 748/748/748 742/742/742
f 747/747/747 748/748/748 740/740/740
f 748/748/748 747/747/747 742/742/742
f 751/751/751 750/750/750 749/749/749
f 752/752/752 749/749/749 750/750/750
f 751/751/751 753/753/753 750/750/750
f 752/752/752 750/750/750 754/754/754
f 750/750/750 753/753/753 754/754/754
f 754/754/754 755/755/755 752/752/752
f 754/754/754 753/753/753 756/756/756
f 756/756/756 755/755/755 754/754/754
f 752/752/752 755/755/755 757/757/757
f 757/757/757 755/755/755 756/756/756
f 749/749/749 752/752/752 758/758/758
f 753/753/753 759/759/759 756/756/756
f 760/760/760 752/752/752 757/757/757
f 752/752/752 760/760/760 758/758/758
f 761/761/761 757/757/757 756/756/756
f 761/761/761 756/756/756 759/759/759
f 760/760/760 757/757/757 762/762/762
f 761/761/761 762/762/762 757/757/757
f 759/759/759 753/753/753 763/763/763
f 753/753/753 751/751/751 763/763/763
f 764/764/764 761/761/761 759/759/759
f 763/763/763 765/765/765 759/759/759
f 765/765/765 764/764/764 759/759/759
f 761/761/761 764/764/764 766/766/766
f 764/764/764 765/765/765 766/766/766
f 762/762/762 761/761/761 766/766/766
f 765/765/765 763/763/763 767/767/767
f 765/765/765 768/768/768 766/766/766
f 768/768/768 765/765/765 767/767/767
f 763/763/763 769/769/769 767/767/767
f 767/767/767 769/769/769 768/768/768
f 769/769/769 763/763/763 751/751/751
f 768/768/768 770/770/770 766/766/766
f 769/769/769 771/771/771 768/768/768
f 768/768/768 771/771/771 770/770/770
f 772/772/772 769/769/769 751/751/751
f 766/766/766 770/770/770 773/773/773
f 766/766/766 773/773/773 762/762/762
f 774/774/774 772/772/772 751/751/751
f 774/774/774 751/751/751 749/749/749
f 772/772/772 775/775/775 769/769/769
f 749/749/749 776/776/776 774/774/774
f 776/776/776 749/749/749 758/758/758
f 769/769/769 775/775/775 777/777/777
f 771/771/771 769/769/769 777/777/777
f 772/772/772 778/778/778 775/775/775
f 775/775/775 778/778/778 777/777/777
f 778/778/778 772/772/772 774/774/774
f 777/777/777 779/779/779 771/771/771
f 779/779/779 770/770/770 771/771/771
f 778/778/778 780/780/780 777/777/777
f 777/777/777 780/780/780 779/779/779
f 781/781/781 780/780/780 778/778/778
f 774/774/774 781/781/781 778/778/778
f 780/780/780 781/781/781 779/779/779
f 774/774/774 776/776/776 782/782/782
f 781/781/781 774/774/774 782/782/782
f 782/782/782 776/776/776 758/758/758
f 781/781/781 783/783/783 779/779/779
f 782/782/782 783/783/783 781/781/781
f 784/784/784 782/782/782 758/758/758
f 760/760/760 784/784/784 758/758/758
f 785/785/785 782/782/782 784/784/784
f 785/785/785 784/784/784 760/760/760
f 783/783/783 782/782/782 785/785/785
f 785/785/785 760/760/760 762/762/762
f 779/779/779 783/783/783 786/786/786
f 770/770/770 779/779/779 786/786/786
f 785/785/785 787/787/787 783/783/783
f 785/785/785 762/762/762 787/787/787
f 788/788/788 770/770/770 786/786/786
f 770/770/770 788/788/788 773/773/773
f 762/762/762 789/789/789 787/787/787
f 773/773/773 789/789/789 762/762/762
f 787/787/787 790/790/790 783/783/783
f 783/783/783 790/790/790 786/786/786
f 787/787/787 789/789/789 791/791/791
f 788/788/788 786/786/786 792/792/792
f 791/791/791 793/793/793 787/787/787
f 787/787/787 793/793/793 790/790/790
f 789/789/789 794/794/794 791/791/791
f 791/791/791 795/795/795 793/793/793
f 791/791/791 794/794/794 795/795/795
f 795/795/795 796/796/796 793/793/793
f 794/794/794 797/797/797 795/795/795
f 796/796/796 798/798/798 793/793/793
f 799/799/799 797/797/797 794/794/794
f 798/798/798 800/800/800 793/793/793
f 793/793/793 800/800/800 790/790/790
f 801/801/801 799/799/799 794/794/794
f 801/801/801 794/794/794 789/789/789
f 801/801/801 789/789/789 773/773/773
f 802/802/802 799/799/799 801/801/801
f 800/800/800 798/798/798 803/803/803
f 800/800/800 803/803/803 790/790/790
f 798/798/798 804/804/804 803/803/803
f 805/805/805 802/802/802 801/801/801
f 805/805/805 801/801/801 773/773/773
f 806/806/806 803/803/803 804/804/804
f 803/803/803 806/806/806 790/790/790
f 806/806/806 786/786/786 790/790/790
f 807/807/807 806/806/806 804/804/804
f 802/802/802 805/805/805 808/808/808
f 808/808/808 805/805/805 773/773/773
f 809/809/809 802/802/802 808/808/808
f 806/806/806 807/807/807 810/810/810
f 786/786/786 806/806/806 810/810/810
f 786/786/786 810/810/810 792/792/792
f 807/807/807 811/811/811 810/810/810
f 810/810/810 811/811/811 792/792/792
f 811/811/811 812/812/812 792/792/792
f 809/809/809 808/808/808 813/813/813
f 813/813/813 808/808/808 773/773/773
f 792/792/792 812/812/812 813/813/813
f 788/788/788 813/813/813 773/773/773
f 788/788/788 792/792/792 813/813/813
f 812/812/812 814/814/814 813/813/813
f 814/814/814 809/809/809 813/813/813
f 817/817/817 816/816/816 815/815/815
f 818/818/818 815/815/815 816/816/816
f 817/817/817 819/819/819 816/816/816
f 818/818/818 816/816/816 820/820/820
f 816/816/816 819/819/819 820/820/820
f 815/815/815 818/818/818 821/821/821
f 820/820/820 819/819/819 822/822/822
f 823/823/823 815/815/815 821/821/821
f 818/818/818 820/820/820 824/824/824
f 815/815/815 823/823/823 825/825/825
f 825/825/825 817/817/817 815/815/815
f 824/824/824 820/820/820 826/826/826
f 820/820/820 822/822/822 826/826/826
f 827/827/827 818/818/818 824/824/824
f 818/818/818 827/827/827 821/821/821
f 828/828/828 824/824/824 826/826/826
f 828/828/828 826/826/826 822/822/822
f 829/829/829 823/823/823 821/821/821
f 825/825/825 823/823/823 829/829/829
f 827/827/827 830/830/830 821/821/821
f 830/830/830 829/829/829 821/821/821
f 827/827/827 824/824/824 831/831/831
f 828/828/828 831/831/831 824/824/824
f 832/832/832 830/830/830 827/827/827
f 832/832/832 827/827/827 831/831/831
f 833/833/833 829/829/829 830/830/830
f 832/832/832 833/833/833 830/830/830
f 834/834/834 825/825/825 829/829/829
f 829/829/829 833/833/833 834/834/834
f 832/832/832 831/831/831 835/835/835
f 832/832/832 835/835/835 833/833/833
f 825/825/825 834/834/834 836/836/836
f 834/834/834 833/833/833 837/837/837
f 834/834/834 837/837/837 836/836/836
f 825/825/825 838/838/838 817/817/817
f 836/836/836 838/838/838 825/825/825
f 838/838/838 839/839/839 817/817/817
f 817/817/817 839/839/839 819/819/819
f 838/838/838 836/836/836 840/840/840
f 838/838/838 840/840/840 839/839/839
f 840/840/840 836/836/836 841/841/841
f 836/836/836 837/837/837 841/841/841
f 839/839/839 840/840/840 841/841/841
f 841/841/841 837/837/837 842/842/842
f 837/837/837 833/833/833 842/842/842
f 843/843/843 839/839/839 841/841/841
f 841/841/841 842/842/842 843/843/843
f 839/839/839 844/844/844 819/819/819
f 844/844/844 822/822/822 819/819/819
f 839/839/839 843/843/843 845/845/845
f 844/844/844 839/839/839 846/846/846
f 846/846/846 839/839/839 845/845/845
f 847/847/847 844/844/844 846/846/846
f 844/844/844 847/847/847 822/822/822
f 845/845/845 847/847/847 846/846/846
f 847/847/847 848/848/848 822/822/822
f 848/848/848 828/828/828 822/822/822
f 847/847/847 849/849/849 848/848/848
f 828/828/828 848/848/848 849/849/849
f 847/847/847 845/845/845 849/849/849
f 831/831/831 828/828/828 849/849/849
f 845/845/845 843/843/843 850/850/850
f 845/845/845 850/850/850 849/849/849
f 842/842/842 850/850/850 843/843/843
f 849/849/849 851/851/851 831/831/831
f 849/849/849 850/850/850 851/851/851
f 850/850/850 842/842/842 852/852/852
f 842/842/842 833/833/833 852/852/852
f 850/850/850 853/853/853 851/851/851
f 853/853/853 850/850/850 852/852/852
f 851/851/851 854/854/854 831/831/831
f 831/831/831 854/854/854 835/835/835
f 833/833/833 855/855/855 852/852/852
f 835/835/835 855/855/855 833/833/833
f 853/853/853 852/852/852 856/856/856
f 835/835/835 854/854/854 857/857/857
f 853/853/853 856/856/856 858/858/858
f 853/853/853 858/858/858 851/851/851
f 857/857/857 859/859/859 835/835/835
f 835/835/835 859/859/859 855/855/855
f 854/854/854 860/860/860 857/857/857
f 857/857/857 861/861/861 859/859/859
f 857/857/857 860/860/860 861/861/861
f 861/861/861 862/862/862 859/859/859
f 860/860/860 863/863/863 861/861/861
f 862/862/862 864/864/864 859/859/859
f 865/865/865 863/863/863 860/860/860
f 864/864/864 866/866/866 859/859/859
f 859/859/859 866/866/866 855/855/855
f 867/867/867 865/865/865 860/860/860
f 867/867/867 860/860/860 854/854/854
f 867/867/867 854/854/854 851/851/851
f 868/868/868 865/865/865 867/867/867
f 866/866/866 864/864/864 869/869/869
f 866/866/866 869/869/869 855/855/855
f 864/864/864 870/870/870 869/869/869
f 871/871/871 868/868/868 867/867/867
f 871/871/871 867/867/867 851/851/851
f 872/872/872 869/869/869 870/870/870
f 869/869/869 872/872/872 855/855/855
f 872/872/872 852/852/852 855/855/855
f 873/873/873 872/872/872 870/870/870
f 874/874/874 871/871/871 851/851/851
f 868/868/868 871/871/871 874/874/874
f 858/858/858 874/874/874 851/851/851
f 875/875/875 868/868/868 874/874/874
f 875/875/875 874/874/874 858/858/858
f 876/876/876 875/875/875 858/858/858
f 877/877/877 876/876/876 858/858/858
f 856/856/856 877/877/877 858/858/858
f 878/878/878 877/877/877 856/856/856
f 872/872/872 873/873/873 879/879/879
f 873/873/873 878/878/878 879/879/879
f 879/879/879 878/878/878 856/856/856
f 852/852/852 872/872/872 879/879/879
f 852/852/852 879/879/879 856/856/856
f 882/882/882 881/881/881 880/880/880
f 882/882/882 880/880/880 883/883/883
f 884/884/884 881/881/881 882/882/882
f 883/883/883 880/880/880 885/885/885
f 883/883/883 885/885/885 886/886/886
f 884/884/884 887/887/887 881/881/881
f 888/888/888 887/887/887 884/884/884
f 881/881/881 889/889/889 880/880/880
f 888/888/888 890/890/890 887/887/887
f 891/891/891 890/890/890 888/888/888
f 887/887/887 892/892/892 881/881/881
f 881/881/881 892/892/892 889/889/889
f 890/890/890 893/893/893 887/887/887
f 887/887/887 893/893/893 892/892/892
f 891/891/891 894/894/894 890/890/890
f 895/895/895 894/894/894 891/891/891
f 890/890/890 896/896/896 893/893/893
f 894/894/894 896/896/896 890/890/890
f 893/893/893 897/897/897 892/892/892
f 892/892/892 897/897/897 889/889/889
f 896/896/896 898/898/898 893/893/893
f 893/893/893 898/898/898 897/897/897
f 894/894/894 899/899/899 896/896/896
f 899/899/899 898/898/898 896/896/896
f 895/895/895 900/900/900 894/894/894
f 900/900/900 899/899/899 894/894/894
f 901/901/901 900/900/900 895/895/895
f 880/880/880 889/889/889 902/902/902
f 880/880/880 902/902/902 885/885/885
f 901/901/901 903/903/903 900/900/900
f 904/904/904 903/903/903 901/901/901
f 900/900/900 905/905/905 899/899/899
f 903/903/903 905/905/905 900/900/900
f 904/904/904 906/906/906 903/903/903
f 907/907/907 906/906/906 904/904/904
f 903/903/903 908/908/908 905/905/905
f 906/906/906 908/908/908 903/903/903
f 905/905/905 909/909/909 899/899/899
f 899/899/899 909/909/909 898/898/898
f 908/908/908 910/910/910 905/905/905
f 905/905/905 910/910/910 909/909/909
f 906/906/906 911/911/911 908/908/908
f 911/911/911 910/910/910 908/908/908
f 907/907/907 912/912/912 906/906/906
f 912/912/912 911/911/911 906/906/906
f 913/913/913 912/912/912 907/907/907
f 909/909/909 914/914/914 898/898/898
f 910/910/910 914/914/914 909/909/909
f 913/913/913 915/915/915 912/912/912
f 916/916/916 915/915/915 913/913/913
f 912/912/912 917/917/917 911/911/911
f 915/915/915 917/917/917 912/912/912
f 911/911/911 918/918/918 910/910/910
f 917/917/917 918/918/918 911/911/911
f 916/916/916 919/919/919 915/915/915
f 920/920/920 919/919/919 916/916/916
f 915/915/915 921/921/921 917/917/917
f 919/919/919 921/921/921 915/915/915
f 921/921/921 918/918/918 917/917/917
f 920/920/920 922/922/922 919/919/919
f 923/923/923 922/922/922 920/920/920
f 919/919/919 924/924/924 921/921/921
f 922/922/922 924/924/924 919/919/919
f 923/923/923 925/925/925 922/922/922
f 926/926/926 925/925/925 923/923/923
f 922/922/922 927/927/927 924/924/924
f 925/925/925 927/927/927 922/922/922
f 924/924/924 928/928/928 921/921/921
f 927/927/927 928/928/928 924/924/924
f 921/921/921 928/928/928 918/918/918
f 926/926/926 929/929/929 925/925/925
f 930/930/930 929/929/929 926/926/926
f 925/925/925 931/931/931 927/927/927
f 929/929/929 931/931/931 925/925/925
f 927/927/927 932/932/932 928/928/928
f 931/931/931 932/932/932 927/927/927
f 930/930/930 933/933/933 929/929/929
f 934/934/934 933/933/933 930/930/930
f 929/929/929 935/935/935 931/931/931
f 933/933/933 935/935/935 929/929/929
f 931/931/931 936/936/936 932/932/932
f 935/935/935 936/936/936 931/931/931
f 934/934/934 937/937/937 933/933/933
f 938/938/938 937/937/937 934/934/934
f 933/933/933 939/939/939 935/935/935
f 937/937/937 939/939/939 933/933/933
f 939/939/939 936/936/936 935/935/935
f 938/938/938 940/940/940 937/937/937
f 941/941/941 940/940/940 938/938/938
f 941/941/941 886/886/886 940/940/940
f 937/937/937 942/942/942 939/939/939
f 940/940/940 942/942/942 937/937/937
f 940/940/940 886/886/886 943/943/943
f 940/940/940 943/943/943 942/942/942
f 886/886/886 885/885/885 943/943/943
f 942/942/942 944/944/944 939/939/939
f 939/939/939 944/944/944 936/936/936
f 942/942/942 943/943/943 945/945/945
f 945/945/945 944/944/944 942/942/942
f 885/885/885 946/946/946 943/943/943
f 943/943/943 946/946/946 945/945/945
f 885/885/885 902/902/902 946/946/946
f 945/945/945 947/947/947 944/944/944
f 946/946/946 947/947/947 945/945/945
f 902/902/902 948/948/948 946/946/946
f 946/946/946 948/948/948 947/947/947
f 889/889/889 948/948/948 902/902/902
f 889/889/889 897/897/897 948/948/948
f 947/947/947 949/949/949 944/944/944
f 948/948/948 949/949/949 947/947/947
f 944/944/944 950/950/950 936/936/936
f 944/944/944 949/949/949 950/950/950
f 897/897/897 951/951/951 948/948/948
f 948/948/948 951/951/951 949/949/949
f 936/936/936 950/950/950 952/952/952
f 897/897/897 953/953/953 951/951/951
f 936/936/936 952/952/952 954/954/954
f 936/936/936 954/954/954 932/932/932
f 932/932/932 954/954/954 928/928/928
f 897/897/897 955/955/955 953/953/953
f 898/898/898 955/955/955 897/897/897
f 898/898/898 914/914/914 955/955/955
f 956/956/956 951/951/951 953/953/953
f 956/956/956 953/953/953 955/955/955
f 957/957/957 949/949/949 951/951/951
f 957/957/957 951/951/951 956/956/956
f 958/958/958 955/955/955 914/914/914
f 956/956/956 955/955/955 958/958/958
f 959/959/959 949/949/949 957/957/957
f 959/959/959 950/950/950 949/949/949
f 956/956/956 960/960/960 957/957/957
f 961/961/961 952/952/952 950/950/950
f 961/961/961 950/950/950 959/959/959
f 961/961/961 954/954/954 952/952/952
f 957/957/957 962/962/962 959/959/959
f 957/957/957 960/960/960 962/962/962
f 959/959/959 963/963/963 961/961/961
f 959/959/959 962/962/962 963/963/963
f 956/956/956 964/964/964 960/960/960
f 958/958/958 964/964/964 956/956/956
f 960/960/960 965/965/965 962/962/962
f 964/964/964 965/965/965 960/960/960
f 962/962/962 965/965/965 963/963/963
f 958/958/958 966/966/966 964/964/964
f 966/966/966 965/965/965 964/964/964
f 961/961/961 963/963/963 967/967/967
f 963/963/963 965/965/965 967/967/967
f 968/968/968 966/966/966 958/958/958
f 958/958/958 914/914/914 968/968/968
f 969/969/969 965/965/965 966/966/966
f 968/968/968 969/969/969 966/966/966
f 967/967/967 965/965/965 970/970/970
f 968/968/968 914/914/914 971/971/971
f 910/910/910 971/971/971 914/914/914
f 918/918/918 971/971/971 910/910/910
f 972/972/972 967/967/967 970/970/970
f 961/961/961 967/967/967 972/972/972
f 972/972/972 970/970/970 965/965/965
f 972/972/972 954/954/954 961/961/961
f 973/973/973 965/965/965 969/969/969
f 973/973/973 969/969/969 968/968/968
f 972/972/972 965/965/965 973/973/973
f 968/968/968 971/971/971 973/973/973
f 972/972/972 974/974/974 954/954/954
f 973/973/973 974/974/974 972/972/972
f 928/928/928 954/954/954 974/974/974
f 928/928/928 974/974/974 918/918/918
f 973/973/973 971/971/971 975/975/975
f 918/918/918 975/975/975 971/971/971
f 973/973/973 975/975/975 974/974/974
f 918/918/918 974/974/974 975/975/975
