# VPXTOOL table OBJ file
# VPXTOOL OBJ file
# numVerts: 3543 numFaces: 6578
o PinCab_Shooter
v -0.435028 -0.35348 0.007838
v -0.399304 -0.368266 0.0096
v -0.470587 -0.368266 0.00397
v -0.384329 -0.403925 0.008226
v -0.398904 -0.439585 0.004518
v -0.43446 -0.454371 0.000649
v -0.470184 -0.439585 -0.001113
v -0.485162 -0.403925 0.000261
v -0.398904 -0.439585 0.004518
v -0.384329 -0.403925 0.008226
v -0.379303 -0.399363 -0.055413
v -0.393784 -0.434937 -0.060298
v -0.394186 -0.363621 -0.055184
v -0.399304 -0.368266 0.0096
v -0.43446 -0.454371 0.000649
v -0.42912 -0.449522 -0.066974
v -0.465027 -0.363218 -0.066417
v -0.429691 -0.348634 -0.05974
v -0.435028 -0.35348 0.007838
v -0.470587 -0.368266 0.00397
v -0.470184 -0.439585 -0.001113
v -0.464624 -0.434538 -0.07153
v -0.483658 0.347594 0.289
v -0.468805 0.313418 0.278449
v -0.50372 0.318578 0.201106
v -0.51973 0.352926 0.209088
v 0.282925 -0.169889 -0.361132
v 0.276816 -0.131941 -0.356584
v 0.332013 -0.127567 -0.309919
v 0.339008 -0.165449 -0.313718
v 0.523901 0.066201 -0.048461
v 0.531296 0.104092 -0.051264
v 0.533453 0.108584 0.033485
v 0.526031 0.070632 0.035107
v -0.467081 -0.030998 0.214126
v -0.479431 0.004797 0.222217
v -0.508978 0.009328 0.145231
v -0.49581 -0.026591 0.139276
v -0.47951 -0.398795 -0.071302
v -0.461761 -0.393375 -0.144953
v -0.447836 -0.357972 -0.137741
v -0.455954 0.431756 -0.186699
v -0.487378 0.415795 -0.202934
v -0.445795 0.42101 -0.274275
v -0.41719 0.436617 -0.253201
v -0.379633 -0.359181 -0.115584
v -0.365277 -0.395084 -0.11361
v -0.372794 0.387313 -0.226178
v -0.386957 0.422646 -0.233282
v -0.342166 0.427135 -0.287951
v -0.329544 0.39165 -0.278966
v -0.273203 0.000375 0.488017
v -0.290704 -0.01544 0.518827
v -0.368884 -0.010267 0.468617
v -0.346674 0.005233 0.44083
v -0.413214 -0.444669 -0.132986
v -0.379199 -0.430491 -0.120822
v -0.35527 -0.426035 -0.178366
v -0.387106 -0.439808 -0.195765
v -0.60405 -0.050697 -0.024334
v -0.568661 -0.066615 -0.024166
v -0.559003 -0.06175 -0.112798
v -0.59379 -0.04553 -0.118502
v -0.593054 -0.025105 0.168096
v -0.579886 -0.061027 0.162142
v -0.599347 -0.055863 0.070004
v -0.612976 -0.019819 0.073768
v 0.428381 0.493862 -0.165219
v 0.447382 0.460332 -0.169018
v 0.465887 0.465636 -0.096874
v 0.446271 0.498989 -0.095477
v -0.418759 0.346825 -0.174755
v -0.407422 0.382973 -0.166768
v -0.383023 0.351305 -0.23607
v -0.413824 -0.343794 -0.125577
v -0.387851 -0.33896 -0.188024
v -0.355795 -0.354743 -0.172893
v -0.368787 0.441473 -0.312276
v -0.312112 0.446322 -0.362554
v -0.289737 0.431621 -0.334463
v -0.432669 -0.387962 -0.214902
v -0.41969 -0.352732 -0.205423
v -0.352444 -0.334132 -0.245542
v -0.323294 -0.350312 -0.225696
v -0.248724 0.451165 -0.40291
v -0.264746 0.436648 -0.435137
v -0.191125 0.441857 -0.466977
v -0.180334 0.456005 -0.432487
v -0.39296 -0.382545 -0.279416
v -0.381296 -0.347495 -0.267791
v -0.097037 0.408959 -0.402743
v -0.101721 0.445037 -0.415983
v -0.034351 0.449499 -0.422105
v -0.031793 0.413274 -0.408673
v -0.212134 -0.056855 0.568044
v -0.208694 -0.091972 0.552089
v -0.293234 -0.086817 0.515093
v -0.298996 -0.05156 0.53003
v -0.243301 0.350231 -0.406669
v -0.22728 0.364748 -0.374442
v -0.163889 0.369234 -0.401861
v -0.17468 0.355089 -0.436351
v -0.521185 0.022915 -0.100906
v -0.555969 0.039135 -0.10661
v -0.532568 0.043963 -0.192202
v -0.499246 0.027441 -0.181147
v -0.419162 -0.424024 -0.210895
v -0.380572 -0.41876 -0.273589
v -0.351422 -0.43494 -0.253744
v -0.307016 -0.43007 -0.305469
v -0.332581 -0.413493 -0.329493
v -0.607294 -0.009248 -0.119049
v -0.568741 -0.04036 -0.210129
v -0.581695 -0.003965 -0.21269
v -0.343616 -0.377128 -0.336892
v -0.333633 -0.342265 -0.323308
v -0.422839 0.418148 -0.171722
v -0.10275 -0.057407 0.492074
v -0.103687 -0.022434 0.508681
v -0.182205 -0.017893 0.488284
v -0.178766 -0.053007 0.472329
v 0.032517 0.453948 -0.417539
v 0.033002 0.417589 -0.404249
v 0.036581 0.470486 -0.452404
v 0.106638 0.475301 -0.436219
v 0.097195 0.458395 -0.402597
v -0.097436 0.373717 -0.41879
v -0.102679 0.359948 -0.454693
v -0.271909 -0.382252 -0.265296
v -0.282941 -0.345887 -0.272695
v -0.235757 -0.341465 -0.312738
v -0.226257 -0.377973 -0.30404
v -0.308505 -0.32931 -0.29672
v -0.257144 -0.324494 -0.340307
v -0.029648 0.378207 -0.424953
v -0.029166 0.364815 -0.461377
v -0.281891 -0.417115 -0.278881
v -0.234225 -0.412647 -0.319335
v -0.254974 -0.42519 -0.349639
v 0.172623 0.480111 -0.40941
v 0.158096 0.462832 -0.377854
v 0.095718 0.421899 -0.389761
v -0.450623 0.369933 0.036272
v -0.467645 0.40462 0.03889
v -0.46387 0.409133 -0.033947
v -0.446985 0.374282 -0.033912
v -0.487866 0.006597 -0.382656
v -0.476849 -0.030015 -0.37658
v -0.412179 -0.024842 -0.44715
v -0.421884 0.011877 -0.454654
v -0.277896 -0.337037 -0.370611
v -0.285864 -0.371711 -0.385906
v -0.221136 -0.366294 -0.425242
v -0.215478 -0.331815 -0.408541
v -0.566724 0.030968 -0.205268
v -0.527686 0.036108 -0.291485
v -0.495911 0.048788 -0.273159
v 0.226996 -0.028864 0.496958
v 0.241373 -0.046546 0.528357
v 0.156525 -0.041352 0.562192
v 0.147214 -0.023978 0.528772
v -0.535419 -0.056886 -0.199074
v -0.501263 -0.043888 -0.186008
v -0.466638 -0.039335 -0.262479
v -0.498413 -0.052015 -0.280804
v -0.443076 0.365578 0.106638
v -0.459808 0.400097 0.111952
v 0.125882 0.427972 -0.486449
v 0.124402 0.391476 -0.473613
v 0.196503 0.396731 -0.444324
v 0.199789 0.433358 -0.456423
v -0.387869 -0.042262 -0.422432
v -0.31698 -0.037382 -0.478674
v -0.337015 -0.019666 -0.506781
v -0.18074 -0.408176 -0.35184
v -0.175082 -0.373695 -0.33514
v -0.119656 -0.369416 -0.357822
v -0.122754 -0.403696 -0.375572
v 0.203738 -0.11179 0.460566
v 0.200391 -0.074983 0.449035
v 0.12861 -0.070591 0.477661
v 0.130209 -0.107288 0.48989
v 0.010849 0.738927 0.473092
v 0.011163 0.756353 0.438429
v 0.079242 0.751461 0.431202
v 0.084308 0.733645 0.465293
v -0.420254 -0.034776 -0.332743
v -0.448837 -0.047141 -0.355901
v -0.237903 -0.032496 -0.523155
v -0.253204 -0.014488 -0.553924
v 0.15481 0.426205 -0.365755
v 0.213751 0.467263 -0.344128
v 0.20885 0.430505 -0.333009
v -0.411325 0.046374 -0.440573
v -0.345242 0.017156 -0.515458
v -0.336859 0.051501 -0.499649
v 0.057263 -0.031529 0.511368
v 0.063159 -0.019099 0.54766
v -0.023074 -0.014225 0.553067
v -0.023187 -0.026981 0.516413
v -0.147946 -0.3266 -0.436176
v -0.151044 -0.36088 -0.453925
v -0.077322 -0.355466 -0.471248
v -0.076977 -0.321388 -0.45285
v 0.14852 0.657366 0.441101
v 0.135297 0.646187 0.406367
v 0.070535 0.650982 0.423834
v 0.078149 0.662578 0.460082
v -0.125757 -0.332633 -0.368239
v -0.137476 -0.314884 -0.400687
v -0.072159 -0.31009 -0.416033
v -0.065686 -0.328223 -0.382353
v -0.144943 -0.397663 -0.443509
v -0.072989 -0.392377 -0.460418
v 0.3211 0.407268 -0.354628
v 0.29776 0.389239 -0.329418
v 0.343793 0.394143 -0.275664
v 0.370642 0.412545 -0.296773
v -0.133224 -0.415412 -0.41106
v -0.061697 -0.399216 -0.38992
v -0.066513 -0.410514 -0.426738
v 0.267496 0.438753 -0.415395
v 0.262595 0.401995 -0.404276
v 0.32739 0.444149 -0.364566
v 0.18952 0.730892 0.352949
v 0.208069 0.741653 0.3853
v 0.145425 0.74656 0.413354
v 0.132199 0.735381 0.37862
v -0.061349 -0.365138 -0.371523
v -0.001608 -0.360856 -0.375901
v 0.000928 -0.394727 -0.39451
v -0.315115 0.311025 0.361002
v -0.306119 0.348131 0.354625
v -0.355161 0.352499 0.301039
v -0.365338 0.315496 0.30613
v 0.00192 -0.405607 -0.431754
v 0.000787 -0.387089 -0.465825
v 0.256567 0.434801 -0.292513
v 0.26286 0.471685 -0.302451
v 0.304315 0.476101 -0.254038
v 0.296878 0.439095 -0.245438
v 0.226062 0.685998 0.426576
v 0.214975 0.65216 0.411337
v 0.156964 0.691411 0.457524
v 0.210019 -0.040629 0.464098
v 0.135651 -0.036079 0.493754
v 0.331165 0.494503 -0.275147
v 0.366876 0.499285 -0.216785
v 0.337225 0.480508 -0.200254
v -0.005334 -0.305299 -0.420928
v -0.004343 -0.316178 -0.458171
v 0.068161 -0.310978 -0.452028
v 0.061343 -0.300517 -0.415278
v -0.004199 -0.32382 -0.386857
v 0.057175 -0.319416 -0.381657
v -0.071344 0.032986 -0.616654
v -0.0681 -0.004127 -0.606121
v 0.02858 0.001058 -0.609748
v 0.027023 0.038259 -0.620342
v 0.228592 0.692776 0.304937
v 0.242157 0.7264 0.318559
v 0.178433 0.697057 0.33771
v -0.001807 -0.35005 -0.476781
v 0.074551 -0.381797 -0.459577
v 0.073633 -0.344639 -0.47039
v -0.20622 0.282781 0.474402
v -0.191055 0.302083 0.444361
v -0.256555 0.306551 0.407503
v -0.276361 0.287569 0.434932
v -0.238898 0.068047 -0.512384
v -0.253909 0.056628 -0.546306
v -0.164539 0.061748 -0.57934
v -0.155017 0.072854 -0.543388
v 0.058093 -0.356577 -0.370844
v 0.063565 -0.390235 -0.389206
v 0.301926 0.631844 0.297526
v 0.278421 0.651186 0.273478
v 0.23284 0.655584 0.314799
v 0.252429 0.636617 0.342394
v 0.070383 -0.400697 -0.425957
v 0.124661 -0.38574 -0.374117
v 0.137173 -0.39578 -0.409461
v 0.272995 0.688494 0.264689
v 0.288797 0.721902 0.276285
v 0.146472 -0.376499 -0.441814
v 0.147122 -0.339225 -0.452238
v 0.13873 -0.305781 -0.434596
v 0.316592 0.731823 0.301494
v 0.265607 0.736739 0.34771
v -0.184802 0.339388 0.436136
v -0.24888 0.343761 0.400077
v 0.116919 -0.315019 -0.366899
v 0.126218 -0.295741 -0.399252
v 0.187692 -0.290971 -0.373273
v 0.173553 -0.310627 -0.342966
v 0.471991 -0.138697 0.099749
v 0.462701 -0.101304 0.096013
v 0.444791 -0.096922 0.16899
v 0.453708 -0.134223 0.174239
v 0.116269 -0.352296 -0.356475
v 0.171478 -0.348011 -0.333146
v 0.1827 -0.381236 -0.349595
v -0.063147 -0.022715 -0.572432
v -0.059384 -0.011927 -0.535338
v 0.026065 -0.007346 -0.538543
v 0.028183 -0.01782 -0.575858
v -0.143497 0.320971 0.558262
v -0.140045 0.287685 0.538755
v -0.221417 0.292821 0.508678
v -0.227753 0.32629 0.527118
v 0.214764 -0.371198 -0.412957
v 0.21684 -0.333814 -0.422778
v 0.526465 -0.063172 0.01917
v 0.559766 -0.083027 0.02044
v 0.552451 -0.077802 0.109232
v 0.51958 -0.058256 0.102717
v -0.296707 0.297964 0.466311
v -0.339117 0.292361 0.385101
v -0.364075 0.303109 0.412819
v 0.569174 -0.120509 0.022678
v 0.561737 -0.115196 0.112967
v 0.333276 0.0816 -0.413621
v 0.353192 0.101614 -0.440223
v 0.41868 0.106393 -0.378729
v 0.394955 0.086101 -0.355704
v 0.521085 -0.143391 0.197123
v 0.485318 -0.153462 0.185894
v 0.453274 -0.14867 0.261867
v 0.486746 -0.138258 0.27854
v 0.205621 -0.30059 -0.406329
v 0.281058 -0.328404 -0.382744
v 0.267184 -0.295402 -0.367948
v 0.463754 -0.063413 0.173211
v 0.499521 -0.053346 0.18444
v 0.466696 -0.048441 0.262262
v 0.433227 -0.058854 0.245589
v 0.244251 -0.286207 -0.338013
v 0.225684 -0.306236 -0.310467
v 0.309216 0.054076 -0.539433
v 0.306235 0.016619 -0.530127
v 0.386859 0.02181 -0.475479
v 0.391071 0.059344 -0.483952
v 0.468838 -0.105686 0.021506
v 0.488797 -0.072544 0.019611
v 0.4824 -0.067979 0.09724
v 0.329065 0.044067 -0.405149
v 0.3897 0.048492 -0.348214
v 0.343005 0.011004 -0.419742
v 0.405963 0.015597 -0.360624
v 0.457968 0.027001 -0.408711
v 0.434244 0.00671 -0.385686
v 0.490836 0.011629 -0.312552
v 0.51774 0.032195 -0.331467
v 0.321906 -0.29022 -0.320426
v 0.294504 -0.281449 -0.294369
v 0.338184 -0.322993 -0.333134
v 0.277725 -0.365894 -0.373709
v 0.333783 -0.360587 -0.325028
v 0.259161 -0.385923 -0.346162
v 0.311307 -0.380988 -0.300879
v 0.37363 0.671355 0.051071
v 0.394708 0.703857 0.051371
v 0.381906 0.708376 0.113298
v 0.361487 0.675643 0.109813
v 0.212848 0.337463 0.534316
v 0.213724 0.299728 0.542888
v 0.125903 0.305035 0.56813
v 0.126327 0.342693 0.559184
v 0.446765 0.090603 -0.288747
v 0.473669 0.111172 -0.307662
v 0.516775 0.115945 -0.228804
v 0.487393 0.095101 -0.214426
v 0.368439 -0.285044 -0.264957
v 0.337225 -0.276698 -0.243445
v 0.272028 -0.30185 -0.270221
v 0.311441 -0.297468 -0.223239
v 0.267627 -0.339445 -0.262115
v 0.306174 -0.33516 -0.216167
v 0.283905 -0.372218 -0.274823
v 0.324539 -0.367698 -0.226391
v -0.042853 0.363735 0.496347
v -0.046677 0.373073 0.533829
v -0.128528 0.377987 0.517614
v -0.118881 0.368297 0.481285
v 0.476019 0.648122 -0.010756
v 0.454788 0.615862 -0.007748
v 0.45145 0.621032 0.064487
v 0.472528 0.65353 0.064787
v 0.542584 -0.158778 -0.062173
v 0.505371 -0.167799 -0.055797
v 0.511551 -0.163023 0.025014
v 0.549216 -0.153651 0.024573
v 0.37225 -0.087818 -0.353918
v 0.395926 -0.10922 -0.375959
v 0.452795 -0.103971 -0.309846
v 0.425784 -0.08288 -0.291679
v 0.342966 -0.293092 -0.170696
v 0.337042 -0.330872 -0.164723
v 0.371378 -0.271955 -0.186521
v 0.482889 -0.077113 -0.05771
v 0.520099 -0.068092 -0.064087
v 0.386804 -0.317582 -0.275181
v 0.425714 -0.312174 -0.210329
v 0.405649 -0.279874 -0.202935
v 0.57139 0.075149 -0.250886
v 0.564648 0.037392 -0.245662
v 0.597482 0.04259 -0.153432
v 0.604651 0.080416 -0.157447
v 0.522452 -0.163902 -0.146324
v 0.486627 -0.172569 -0.134145
v 0.369723 0.662783 -0.068508
v 0.390582 0.694802 -0.074863
v 0.397632 0.699331 -0.011871
v 0.376398 0.667071 -0.008863
v 0.419788 -0.349958 -0.204356
v 0.447577 -0.344639 -0.13534
v 0.453952 -0.30677 -0.140185
v 0.396133 -0.267216 -0.125023
v 0.365829 -0.288715 -0.113902
v 0.402924 -0.147099 -0.379758
v 0.460587 -0.141776 -0.312722
v 0.529575 0.029403 -0.134431
v 0.50864 0.061773 -0.130583
v 0.54545 0.034011 -0.049001
v 0.351053 0.532641 0.23031
v 0.382651 0.524844 0.251465
v 0.338705 0.530007 0.308789
v 0.310733 0.537377 0.282902
v 0.309842 -0.092762 -0.406682
v 0.329642 -0.114472 -0.432
v 0.417273 -0.366139 -0.124219
v 0.380774 -0.358646 -0.113334
v 0.394934 -0.354112 -0.051492
v 0.432767 -0.361176 -0.056554
v 0.240213 -0.097712 -0.448733
v 0.255695 -0.119727 -0.476658
v -0.485162 -0.403925 0.000261
v 0.359454 -0.326585 -0.109057
v 0.372852 -0.322297 -0.050544
v 0.379483 -0.284345 -0.054272
v 0.41091 -0.262483 -0.060487
v 0.435483 -0.086253 -0.203758
v 0.469016 -0.077946 -0.221459
v 0.500754 -0.073017 -0.144967
v 0.464929 -0.081681 -0.132788
v 0.44751 0.637313 -0.158764
v 0.42756 0.605538 -0.149105
v 0.44675 0.610699 -0.07954
v 0.467609 0.642718 -0.085895
v 0.410104 0.417834 -0.232288
v 0.380453 0.399053 -0.215756
v 0.406934 0.403966 -0.151366
v 0.438483 0.423101 -0.163276
v 0.448743 -0.269547 -0.065549
v 0.453601 -0.264393 0.006392
v 0.415366 -0.257758 0.005482
v 0.470825 -0.301365 -0.066497
v 0.475922 -0.29596 0.008908
v 0.514954 0.075063 0.118025
v 0.522226 0.113076 0.117524
v 0.497891 0.117565 0.198741
v 0.49093 0.079494 0.198209
v 0.260858 -0.157746 -0.481776
v 0.252692 -0.189488 -0.461118
v 0.324609 -0.184376 -0.417691
v 0.335751 -0.152421 -0.436549
v 0.395392 -0.090827 -0.268875
v 0.464194 -0.339317 -0.062769
v 0.437454 -0.356208 0.012792
v 0.469217 -0.333988 0.011559
v 0.552939 0.323717 0.046162
v 0.583935 0.300848 0.050656
v 0.567157 0.306081 0.141874
v 0.537054 0.328667 0.132505
v 0.462506 -0.32866 0.085803
v 0.469116 -0.290559 0.08416
v 0.563473 0.133108 0.223308
v 0.583652 0.10147 0.232943
v 0.5405 0.106731 0.322422
v 0.521857 0.138183 0.309603
v 0.345773 -0.095405 -0.326562
v 0.399219 -0.349574 0.011882
v 0.376901 -0.318006 0.009366
v 0.37149 -0.313715 0.069186
v 0.393491 -0.345029 0.075217
v 0.572638 0.267947 0.145577
v 0.541461 0.273235 0.233631
v 0.536319 0.311315 0.228965
v 0.383603 -0.279978 0.006715
v 0.409418 -0.253037 0.071244
v 0.378101 -0.275611 0.067542
v 0.583347 0.0264 -0.052572
v 0.547665 0.038622 0.037974
v 0.585715 0.031332 0.040407
v -0.063132 0.707372 0.481518
v -0.059882 0.74399 0.469421
v 0.008545 0.702239 0.485239
v 0.313919 -0.60604 0.042865
v 0.296478 -0.619682 0.040747
v 0.286731 -0.619682 0.088499
v 0.303604 -0.60604 0.093387
v 0.447113 -0.259242 0.078128
v 0.429462 -0.254099 0.147883
v 0.393237 -0.248325 0.135172
v 0.35675 -0.309422 0.127435
v 0.377875 -0.340479 0.136943
v 0.287958 -0.099986 -0.375442
v -0.304785 -0.619682 0.040747
v -0.322226 -0.60604 0.042865
v -0.311911 -0.60604 0.093387
v -0.295038 -0.619682 0.088499
v 0.444208 -0.323325 0.158119
v 0.450586 -0.285157 0.15739
v 0.589593 0.262658 0.053407
v 0.566559 0.231509 0.052802
v 0.550256 0.236593 0.141436
v 0.41492 0.117251 0.475584
v 0.409607 0.079024 0.472655
v 0.331036 0.084237 0.53197
v 0.335647 0.122509 0.535425
v -0.078452 -0.299275 0.406402
v -0.071896 -0.270704 0.381047
v -0.131134 -0.266331 0.365699
v -0.141211 -0.294639 0.390142
v 0.472787 0.327053 0.199649
v 0.507883 0.333617 0.214892
v 0.466269 0.338561 0.291291
v 0.434061 0.331655 0.270755
v 0.414099 -0.346253 0.149653
v 0.386578 -0.341264 0.213763
v 0.414764 -0.317988 0.226706
v 0.085376 0.556258 0.412794
v 0.092883 0.550609 0.450459
v 0.021625 0.555749 0.459667
v 0.020087 0.560964 0.421229
v 0.264368 0.615707 -0.393196
v 0.253094 0.584954 -0.372494
v 0.309372 0.590093 -0.32781
v 0.323502 0.621105 -0.346242
v 0.348627 0.092797 0.40283
v 0.35394 0.131023 0.405758
v 0.28634 0.135506 0.456788
v 0.281729 0.097231 0.453333
v 0.543106 0.313802 -0.129735
v 0.573563 0.29038 -0.135011
v 0.586127 0.295614 -0.042417
v 0.555014 0.318761 -0.041988
v 0.324478 0.153384 0.514851
v 0.247958 0.127767 0.582012
v 0.240057 0.158446 0.5597
v 0.333041 -0.305125 0.182669
v 0.339072 -0.266895 0.182744
v 0.30654 -0.26254 0.234272
v 0.300943 -0.300831 0.233515
v 0.367261 -0.243617 0.195688
v 0.332147 -0.238917 0.251301
v -0.050122 0.560879 0.457574
v -0.04563 0.565664 0.419312
v 0.244073 0.089449 0.578171
v 0.230667 0.065945 0.550396
v 0.142078 0.070904 0.580749
v 0.150903 0.094668 0.610094
v 0.211581 0.139986 0.496505
v 0.207696 0.101668 0.492664
v 0.155695 0.637023 -0.34236
v 0.163739 0.66751 -0.364883
v 0.219345 0.672073 -0.333524
v 0.208075 0.64132 -0.312822
v 0.527948 0.139761 0.209141
v 0.488953 0.144515 0.290001
v 0.362778 -0.243827 0.27464
v 0.380496 -0.27436 0.290617
v 0.330685 -0.268961 0.347317
v 0.315445 -0.2387 0.328521
v 0.103821 0.662942 -0.38715
v 0.114069 0.667297 -0.42434
v 0.179648 0.672295 -0.399969
v 0.049774 0.075866 0.596768
v 0.053857 0.099883 0.626935
v -0.234897 -0.151383 -0.472069
v -0.2349 -0.189735 -0.477283
v -0.157404 -0.184397 -0.510826
v -0.158078 -0.146095 -0.505317
v 0.374896 -0.312647 0.28986
v 0.349289 -0.336271 0.272831
v 0.303134 -0.331272 0.325378
v 0.325577 -0.307307 0.346004
v 0.318658 -0.331361 0.249492
v 0.276486 -0.326795 0.297503
v 0.127878 0.604912 -0.456558
v 0.123355 0.574697 -0.432725
v 0.19057 0.579824 -0.40775
v 0.198615 0.610308 -0.430273
v 0.505389 0.279909 -0.309442
v 0.510388 0.241534 -0.309896
v 0.551782 0.24681 -0.22456
v 0.546457 0.285146 -0.22478
v 0.238306 -0.229536 0.34252
v 0.260297 -0.233579 0.374254
v 0.198724 -0.228462 0.410721
v 0.181937 -0.224851 0.375903
v 0.261243 -0.296531 0.278708
v 0.214923 -0.292231 0.317123
v 0.22724 -0.322221 0.338347
v 0.045807 0.110543 0.534167
v 0.048248 0.14894 0.53838
v -0.036221 0.153414 0.539523
v -0.037991 0.114983 0.535302
v 0.249231 -0.326264 0.370081
v 0.268021 -0.30196 0.393738
v -0.30509 -0.156678 -0.427358
v -0.305667 -0.195072 -0.432205
v 0.379749 0.264617 -0.327135
v 0.39747 0.294723 -0.343904
v 0.445322 0.299352 -0.275436
v 0.425418 0.269036 -0.261793
v 0.041077 0.658367 -0.39975
v 0.045395 0.662289 -0.43813
v -0.346405 -0.13751 -0.350487
v -0.366968 -0.161979 -0.37244
v -0.28808 -0.132514 -0.402251
v 0.053131 0.569576 -0.446823
v 0.048813 0.565658 -0.408442
v 0.113107 0.570342 -0.395535
v 0.219516 -0.25384 0.318864
v 0.167194 -0.249497 0.34985
v 0.163123 -0.287931 0.347804
v -0.041187 0.084908 0.559528
v -0.120895 0.119424 0.523219
v -0.127914 0.089553 0.546889
v -0.119736 0.157888 0.52735
v -0.142075 0.110326 0.614066
v -0.136685 0.085799 0.58452
v -0.226163 0.090774 0.556549
v -0.23605 0.115548 0.584687
v 0.516666 0.313222 -0.039539
v 0.514734 0.317837 0.042558
v 0.172122 -0.317643 0.370994
v 0.20365 -0.29661 0.431865
v 0.188907 -0.321253 0.405812
v 0.123639 -0.316236 0.431661
v 0.134048 -0.291258 0.459429
v -0.089331 0.559353 -0.441363
v -0.08158 0.556301 -0.403446
v -0.016623 0.560976 -0.411092
v -0.018353 0.564461 -0.449718
v -0.096301 0.588738 -0.465648
v -0.021432 0.594128 -0.47446
v 0.207724 -0.258176 0.433911
v 0.137625 -0.252784 0.461671
v 0.13226 -0.223353 0.43704
v -0.229269 0.579723 0.35346
v -0.250696 0.576238 0.385645
v -0.307159 0.581347 0.341845
v -0.280945 0.584399 0.313375
v -0.40332 -0.243479 -0.215996
v -0.37742 -0.2184 -0.201727
v -0.343463 -0.214018 -0.260024
v -0.367013 -0.238792 -0.27833
v -0.342075 -0.175547 -0.256018
v -0.29931 -0.171195 -0.308237
v -0.300348 -0.209629 -0.312673
v 0.110699 -0.245155 0.372223
v 0.121109 -0.220176 0.39999
v 0.057336 -0.215507 0.414211
v 0.051431 -0.240815 0.385439
v 0.114923 0.208376 -0.49872
v 0.11217 0.246917 -0.496481
v 0.188702 0.251345 -0.470488
v 0.19191 0.212832 -0.472574
v -0.049481 5.388918 0.283168
v -0.052612 5.41249 0.302434
v -0.099817 5.41249 0.290799
v -0.093637 5.388918 0.272285
v 0.132754 0.075628 0.543361
v 0.046435 0.080266 0.558341
v -0.00415 5.388918 0.286828
v -0.004153 5.41249 0.306346
v 0.060947 -0.285902 0.475733
v 0.064066 -0.247395 0.478075
v 0.03859 0.178402 -0.541344
v 0.03458 0.203921 -0.512433
v 0.123486 0.183108 -0.526854
v 0.481628 0.303979 -0.200583
v 0.517407 0.308837 -0.214852
v 0.505576 0.308602 -0.121277
v -0.404514 0.16455 0.487208
v -0.404291 0.126003 0.483748
v -0.47435 0.131231 0.414742
v -0.474866 0.169802 0.417911
v -0.453204 0.105712 0.394623
v -0.508762 0.110699 0.319172
v -0.53262 0.136462 0.335603
v -0.355228 0.493465 0.280632
v -0.32486 0.496081 0.256587
v -0.360956 0.500677 0.203347
v -0.39473 0.498498 0.222367
v 0.032251 0.242486 -0.510123
v 0.032968 0.271505 -0.535801
v 0.116852 0.276156 -0.521481
v -0.307126 0.488439 0.331911
v -0.280908 0.491488 0.303441
v -0.403955 0.175759 0.35691
v -0.425101 0.201278 0.377029
v -0.477554 0.205987 0.305791
v -0.453693 0.180221 0.289359
v 0.048312 -0.279322 0.383098
v -0.009137 -0.236478 0.389185
v -0.011859 -0.275013 0.38682
v 0.049811 -0.308469 0.408592
v -0.014368 -0.303873 0.412563
v -0.53335 0.175051 0.338481
v 0.295435 -0.60604 -0.109375
v 0.316574 -0.600935 -0.117393
v 0.292911 -0.600935 -0.167266
v 0.273328 -0.60604 -0.15596
v -0.007794 -0.210844 0.418238
v -0.072662 -0.206184 0.411998
v -0.069501 -0.232145 0.38338
v -0.415832 0.607677 0.025748
v -0.454608 0.606805 0.027393
v -0.452136 0.61188 -0.043538
v -0.413571 0.612316 -0.039105
v -0.508151 -0.221793 -0.086352
v -0.482297 -0.250629 -0.084893
v -0.466263 -0.245551 -0.160182
v -0.491266 -0.216444 -0.165621
v -0.011127 -0.242008 0.482725
v -0.013849 -0.280543 0.48036
v -0.088486 -0.275184 0.473184
v -0.08609 -0.236625 0.475516
v -0.518048 0.210689 0.227319
v -0.492102 0.184682 0.214926
v 0.591803 0.257372 -0.040577
v 0.56868 0.22643 -0.037545
v -0.578528 0.1803 0.250934
v -0.577658 0.141695 0.24833
v -0.608353 0.146932 0.155122
v -0.609302 0.185549 0.157482
v 0.19715 0.280804 -0.494209
v 0.125034 0.664388 0.373677
v 0.065469 0.668795 0.389744
v 0.137527 0.215182 -0.589425
v 0.132849 0.185943 -0.564424
v 0.220023 0.19099 -0.53482
v 0.22847 0.220446 -0.55854
v -0.128973 -0.227754 0.36797
v 0.420795 -0.279755 0.226782
v 0.401108 -0.24896 0.213929
v 0.155685 0.728359 0.446043
v 0.432632 -0.274708 -0.135908
v 0.006708 -0.112595 -0.502578
v 0.007767 -0.135532 -0.53383
v 0.092661 -0.130259 -0.528092
v 0.086673 -0.107627 -0.497173
v -0.1603 -0.26988 0.454577
v -0.153293 -0.296125 0.426956
v -0.218698 -0.291117 0.401199
v -0.229065 -0.264616 0.427496
v -0.623956 0.152169 0.058328
v -0.624936 0.190798 0.060485
v 0.467178 0.143252 0.388227
v 0.48378 0.111993 0.403985
v 0.400827 0.148321 0.457216
v -0.135983 -0.201508 0.395591
v -0.148062 -0.202995 0.432405
v -0.213876 -0.197956 0.406487
v -0.197208 -0.196824 0.371479
v -0.158139 -0.231303 0.456848
v -0.227075 -0.226026 0.429699
v -0.200827 0.123864 0.498231
v -0.211572 0.094201 0.520736
v -0.34682 0.181658 -0.391694
v -0.347879 0.220296 -0.389703
v -0.281076 0.22474 -0.43765
v -0.279889 0.186111 -0.439736
v -0.186841 -0.223325 0.345182
v -0.254834 -0.192161 0.339294
v -0.240878 -0.218955 0.315
v -0.188831 -0.261915 0.342978
v -0.242731 -0.257557 0.312876
v 0.259946 0.25577 -0.432877
v 0.271875 0.285448 -0.454759
v 0.339191 0.290087 -0.404208
v 0.324146 0.260195 -0.384666
v -0.467313 0.014941 0.314471
v -0.497275 0.000063 0.334143
v -0.544159 0.005224 0.253163
v -0.511362 0.019787 0.238388
v -0.512256 -0.227143 -0.00601
v -0.486191 -0.255705 -0.008664
v -0.187485 -0.600935 -0.285673
v -0.187823 -0.600935 -0.286206
v -0.232034 -0.600935 -0.252982
v -0.231616 -0.600935 -0.25251
v -0.393643 -0.271458 0.187786
v -0.368372 -0.244563 0.175924
v -0.394702 -0.24022 0.117837
v -0.421796 -0.266813 0.125684
v -0.29303 -0.220689 0.392863
v -0.294885 -0.25929 0.390738
v -0.355026 -0.253925 0.34325
v -0.353256 -0.215318 0.345308
v 0.424063 0.408877 -0.084584
v 0.456674 0.428313 -0.09236
v -0.477499 0.217028 -0.392781
v -0.476517 0.178387 -0.394693
v -0.407391 0.183636 -0.463194
v -0.40845 0.222274 -0.461203
v -0.471561 0.534957 0.098273
v -0.444165 0.508581 0.090742
v -0.452823 0.513631 0.020627
v -0.480759 0.540322 0.023773
v -0.389355 -0.178251 0.192726
v -0.423312 -0.177705 0.211542
v -0.453891 -0.172654 0.144072
v -0.417404 -0.173621 0.130843
v -0.450348 -0.243208 0.221351
v -0.4276 -0.270911 0.206601
v -0.458282 -0.265846 0.138912
v -0.482791 -0.237849 0.149776
v -0.512326 0.239007 -0.298458
v -0.535013 0.211785 -0.314171
v -0.457391 0.244018 -0.373544
v -0.352161 -0.182884 0.248951
v -0.38273 -0.182761 0.272883
v -0.478146 0.545693 -0.051282
v -0.450363 0.518688 -0.050061
v -0.436819 0.523751 -0.119569
v -0.463776 0.551064 -0.125033
v -0.373477 0.551028 -0.09992
v -0.374219 0.589632 -0.097253
v -0.353482 0.593951 -0.154037
v -0.352731 0.555349 -0.156737
v -0.407339 -0.248566 0.286354
v -0.386972 -0.275971 0.268006
v -0.28093 -0.286082 0.366444
v -0.259326 -0.285349 0.334193
v -0.311194 -0.280729 0.293242
v -0.33761 -0.281031 0.321691
v -0.387897 0.580987 0.022602
v -0.385788 0.585311 -0.037884
v -0.609799 0.201293 -0.134349
v -0.608835 0.162649 -0.136255
v -0.578555 0.167895 -0.22917
v -0.579501 0.206539 -0.227309
v -0.333313 -0.187824 0.326633
v -0.405594 -0.209956 0.288382
v -0.464517 0.589669 -0.122366
v -0.437991 0.556441 -0.195645
v -0.438742 0.59504 -0.192945
v -0.476959 0.145537 -0.282576
v -0.454272 0.172759 -0.266863
v -0.40545 0.177209 -0.333594
v -0.425558 0.150222 -0.35283
v -0.276437 -0.192896 0.371545
v -0.306894 -0.187522 0.298184
v -0.356403 -0.276096 0.244074
v -0.333539 -0.248902 0.228575
v -0.478894 0.584295 -0.048582
v -0.291251 -0.253233 0.274567
v -0.481512 0.578918 0.026576
v -0.366608 -0.205955 0.177977
v -0.392895 -0.201618 0.11998
v -0.289478 -0.214625 0.276625
v 0.361093 0.484933 -0.142206
v 0.392645 0.504067 -0.154116
v 0.409348 0.508852 -0.088993
v 0.376736 0.489416 -0.081218
v -0.448584 -0.2046 0.223404
v -0.480984 -0.19925 0.151918
v -0.503665 -0.232496 0.073361
v -0.501816 -0.193906 0.075662
v 0.078088 -0.600935 -0.329421
v 0.077936 -0.600935 -0.328808
v 0.130298 -0.600935 -0.311327
v 0.130545 -0.600935 -0.311908
v -0.37897 0.621572 -0.163515
v -0.347537 0.626192 -0.220003
v -0.324106 0.598269 -0.206833
v -0.402228 0.600411 -0.25857
v -0.401425 0.561819 -0.261361
v -0.354977 0.567196 -0.320547
v -0.355884 0.605779 -0.31762
v -0.435443 -0.168998 0.0648
v -0.409827 -0.197279 0.058004
v -0.551715 0.115688 0.235936
v -0.581 0.120684 0.147012
v -0.411676 -0.235868 0.055703
v -0.416797 -0.192936 -0.006429
v -0.418674 -0.23151 -0.00896
v -0.307678 0.630807 -0.270789
v -0.286822 0.602584 -0.254336
v -0.478049 -0.260777 0.066565
v -0.439944 -0.262159 0.059252
v -0.447427 -0.257499 -0.009885
v -0.363034 0.533764 0.137725
v -0.363702 0.572329 0.14093
v -0.380478 0.576659 0.082704
v -0.379742 0.538079 0.07973
v -0.473547 -0.167616 0.072113
v -0.510379 -0.188569 -0.003479
v -0.481625 -0.16258 -0.002554
v -0.086243 -0.600935 -0.328808
v -0.086395 -0.600935 -0.329421
v -0.138852 -0.600935 -0.311908
v -0.138605 -0.600935 -0.311327
v -0.133182 0.168996 -0.529557
v -0.12811 0.195016 -0.501267
v -0.047116 0.199468 -0.51331
v -0.04769 0.173696 -0.542269
v -0.442862 -0.164375 -0.003775
v -0.477765 -0.157554 -0.078061
v -0.439316 -0.159757 -0.073164
v -0.413461 -0.188593 -0.071705
v -0.334122 0.538973 -0.304094
v -0.281958 0.54406 -0.352472
v -0.299789 0.572579 -0.371729
v -0.145956 0.264019 -0.561888
v -0.151028 0.238 -0.590177
v -0.055753 0.243243 -0.604341
v -0.055179 0.269012 -0.575382
v -0.429086 -0.248158 -0.149299
v -0.43829 -0.240467 -0.232586
v -0.443845 -0.252833 -0.079996
v -0.415323 -0.227146 -0.074533
v -0.401517 -0.222776 -0.139349
v -0.399731 -0.184248 -0.136166
v -0.242569 0.606896 -0.295376
v -0.260397 0.635415 -0.314634
v -0.206891 0.640017 -0.350465
v -0.192447 0.611205 -0.328942
v -0.049072 0.238052 -0.510996
v -0.262402 0.559322 0.290337
v -0.325626 0.589065 0.265736
v -0.303937 0.563662 0.246056
v -0.461911 -0.152531 -0.152489
v -0.424734 -0.15514 -0.141605
v -0.237225 0.577962 -0.413629
v -0.222781 0.549151 -0.392105
v -0.158038 0.55425 -0.421991
v -0.168829 0.583349 -0.445199
v -0.375784 -0.179899 -0.198145
v -0.489478 -0.177915 -0.162439
v -0.460211 -0.172596 -0.238194
v -0.434311 -0.147517 -0.223925
v -0.461847 -0.211097 -0.241776
v -0.275626 0.166827 0.464705
v -0.289703 0.191854 0.49076
v -0.361966 0.196566 0.439217
v -0.344107 0.171294 0.415861
v -0.27558 5.388918 0.082863
v -0.294327 5.41249 0.088293
v -0.304053 5.41249 0.040658
v -0.284674 5.388918 0.038305
v 0.050973 -0.600935 0.343444
v 0.055527 -0.595078 0.371471
v 0.113663 -0.595078 0.357142
v 0.104669 -0.600935 0.330209
v -0.200208 0.162359 0.502191
v -0.210095 0.187136 0.530329
v -0.420462 -0.205753 -0.312823
v -0.419073 -0.167283 -0.308816
v -0.395526 -0.142512 -0.29051
v -0.515918 0.117489 0.221021
v -0.543289 0.122158 0.137906
v -0.266126 0.546606 0.405278
v -0.266507 0.50816 0.400836
v -0.325668 0.513512 0.354949
v -0.32569 0.551995 0.359074
v -0.140918 0.148791 0.618196
v -0.235431 0.154046 0.588648
v -0.125125 0.182412 0.556895
v -0.286972 -0.600935 0.199459
v -0.310339 -0.595078 0.215589
v -0.272473 -0.595078 0.261968
v -0.251996 -0.600935 0.242299
v 0.292407 0.288952 -0.487519
v 0.309525 0.264199 -0.511969
v 0.385492 0.269436 -0.454923
v 0.3646 0.293929 -0.433309
v -0.368008 -0.200413 -0.376876
v -0.334235 -0.600935 0.099853
v -0.361508 -0.595078 0.107753
v -0.340277 -0.595078 0.163737
v -0.314624 -0.600935 0.151564
v 0.053918 0.59952 -0.471407
v -0.063834 -0.595078 0.371471
v -0.059277 -0.600935 0.343444
v -0.112976 -0.600935 0.330209
v -0.121967 -0.595078 0.357142
v -0.286453 -0.600935 0.199101
v -0.251538 -0.600935 0.241862
v -0.042853 0.143536 0.63249
v -0.044626 0.105105 0.628269
v 0.349191 0.197253 -0.407766
v 0.328299 0.221743 -0.386151
v 0.384348 0.226202 -0.328159
v 0.408545 0.201974 -0.346353
v -0.24902 -0.205238 -0.358229
v -0.248441 -0.16684 -0.353382
v -0.190652 -0.162486 -0.390192
v -0.190659 -0.200837 -0.395406
v -0.266031 -0.229398 -0.383336
v -0.203628 -0.224696 -0.423088
v -0.29006 0.098855 0.481725
v -0.310111 0.095748 0.514824
v -0.264615 -0.13671 -0.371607
v -0.203598 -0.132111 -0.410471
v 0.20488 0.18782 -0.499212
v 0.288797 -0.234223 0.300647
v 0.266354 -0.258189 0.28002
v 0.430414 0.23066 -0.262247
v 0.149698 0.163503 0.590659
v 0.154056 0.133025 0.614185
v 0.056299 0.13828 0.631148
v 0.05567 0.16856 0.606974
v -0.029935 -0.60604 -0.315126
v -0.031754 -0.600935 -0.337663
v -0.080832 -0.60604 -0.306854
v -0.136798 -0.127512 -0.439383
v -0.127316 -0.158128 -0.417606
v -0.126639 -0.196433 -0.423115
v -0.135178 -0.219984 -0.452716
v 0.021628 -0.60604 -0.315125
v 0.02345 -0.600935 -0.337663
v 0.240509 0.677291 -0.365647
v 0.259161 0.653954 -0.390372
v 0.317624 0.659295 -0.343949
v 0.29516 0.682281 -0.32225
v 0.06257 -0.218247 0.452581
v -0.008618 -0.213148 0.456983
v 0.46008 0.273452 -0.190332
v 0.48295 0.277868 -0.114594
v 0.465405 0.235119 -0.190112
v 0.48851 0.239577 -0.113604
v 0.530231 0.216283 -0.214309
v 0.556494 0.221355 -0.127339
v 0.57912 0.25209 -0.134022
v -0.355994 0.586452 0.289782
v 0.077344 0.533233 0.382643
v 0.016879 0.537588 0.390456
v 0.215597 0.070989 0.514976
v -0.072693 -0.117567 -0.495321
v -0.076517 -0.140809 -0.526126
v 0.363129 -0.271253 0.126706
v -0.059967 -0.153767 -0.434789
v -0.065839 -0.12292 -0.457486
v 0.00752 -0.118327 -0.464191
v 0.009732 -0.149406 -0.44116
v -0.058514 -0.19202 -0.440498
v 0.012045 -0.187605 -0.446949
v 0.387979 0.056039 0.450121
v 0.313324 0.060989 0.506481
v 0.494455 0.211425 -0.20004
v 0.518964 0.216158 -0.118881
v 0.01008 -0.173731 -0.539619
v 0.012293 -0.20481 -0.516588
v 0.094489 -0.199705 -0.511035
v 0.095898 -0.168403 -0.53382
v 0.477826 0.073815 0.401724
v 0.191028 0.524508 0.339202
v 0.208224 0.546831 0.365849
v 0.148614 0.551549 0.394189
v 0.135879 0.528872 0.365421
v 0.167938 0.514226 0.452259
v 0.163202 0.476104 0.447522
v 0.091629 0.481438 0.468583
v 0.095477 0.519628 0.473579
v 0.493546 0.282281 -0.036506
v 0.491699 0.286687 0.041953
v 0.230536 0.470775 0.415507
v 0.213339 0.448452 0.388861
v 0.15047 0.453429 0.418754
v 0.452774 0.051089 0.382746
v 0.423321 0.057101 0.358183
v 0.36272 0.061727 0.421197
v 0.176013 -0.124992 -0.508919
v 0.165176 -0.102668 -0.479114
v 0.083267 -0.183183 -0.442137
v 0.080032 -0.145042 -0.436409
v 0.149155 -0.140675 -0.420509
v 0.153351 -0.178758 -0.426017
v 0.241415 0.520141 0.304624
v 0.26272 0.542107 0.328452
v 0.499945 0.322448 0.122954
v 0.302267 0.611788 -0.232759
v 0.295764 0.649911 -0.231147
v 0.328906 0.654201 -0.181045
v 0.335956 0.616152 -0.18183
v 0.180209 -0.163071 -0.514427
v 0.175314 -0.194599 -0.492444
v 0.29848 0.50342 0.377057
v 0.291974 0.465447 0.373344
v 0.236169 0.508825 0.419819
v 0.485168 0.235119 0.2109
v 0.456732 0.257421 0.196827
v 0.419168 0.261883 0.265801
v 0.445203 0.239867 0.284284
v 0.164188 -0.201081 -0.455822
v 0.235968 -0.196342 -0.426762
v 0.220486 -0.174326 -0.398836
v 0.215323 -0.136308 -0.393719
v 0.223489 -0.104566 -0.414376
v 0.231934 0.579735 -0.34037
v 0.283496 0.584441 -0.299431
v 0.302725 -0.191596 -0.386451
v 0.352731 -0.335923 0.195522
v 0.347412 0.685726 -0.193875
v 0.373712 0.690267 -0.136038
v 0.353763 0.658492 -0.126379
v 0.353317 0.498016 0.32503
v 0.345993 0.460122 0.322092
v 0.492306 0.316546 0.309774
v 0.436328 0.321777 0.382328
v 0.413376 0.343505 0.359844
v 0.615387 0.04779 -0.05708
v 0.617886 0.05299 0.040982
v 0.269281 0.676629 -0.293871
v 0.342264 0.687264 -0.270876
v 0.31232 0.681182 -0.246929
v 0.286356 0.535168 0.358454
v 0.362686 -0.186848 -0.335759
v 0.389163 -0.179261 -0.363115
v 0.350638 0.348443 0.418903
v 0.369888 0.327007 0.444874
v 0.294739 0.332235 0.49593
v 0.279724 0.353374 0.467084
v -0.10386 -0.52721 -0.400287
v -0.102487 -0.55572 -0.394713
v -0.037216 -0.55572 -0.405321
v -0.03768 -0.52721 -0.411043
v 0.601233 0.11787 -0.059343
v 0.622781 0.08568 -0.059883
v 0.625308 0.090945 0.03936
v 0.603674 0.122951 0.036494
v 0.431189 -0.351234 0.082101
v 0.444623 -0.174143 -0.298642
v -0.223764 -0.498701 -0.343042
v -0.226831 -0.52721 -0.347894
v -0.167462 -0.52721 -0.379055
v -0.16521 -0.498701 -0.373773
v 0.416803 0.608062 -0.005949
v 0.384326 0.629262 -0.00641
v 0.3815 0.633639 0.054786
v 0.413742 0.612807 0.060343
v 0.226923 0.540319 0.39924
v 0.161893 0.545467 0.430156
v -0.067554 -0.579176 0.394372
v -0.129315 -0.579176 0.37915
v 0.379428 -0.123194 -0.254795
v 0.417773 -0.118821 -0.192515
v 0.507184 -0.136457 -0.237037
v 0.498721 -0.098728 -0.235248
v -0.202029 -0.289985 0.366191
v -0.004153 -0.475245 0.39949
v -0.004153 -0.459342 0.376289
v 0.055527 -0.459342 0.371471
v 0.05925 -0.475245 0.394372
v 0.480652 0.057345 -0.209203
v 0.515811 0.099596 -0.134598
v 0.409442 0.69721 -0.149526
v 0.427902 0.702172 -0.08259
v 0.190814 0.258901 0.488616
v 0.18046 0.279742 0.457584
v 0.106503 0.284209 0.478843
v 0.11188 0.263668 0.511305
v 0.426236 -0.15655 -0.194304
v 0.445962 -0.114445 -0.124576
v 0.454938 -0.152094 -0.125133
v 0.357105 -0.363175 -0.172116
v 0.460474 0.481792 0.127186
v 0.451373 0.44417 0.127557
v 0.426681 0.449483 0.197646
v 0.435336 0.487203 0.198527
v 0.532443 -0.093488 -0.153979
v 0.551572 0.107693 -0.243908
v 0.583719 0.112783 -0.153598
v 0.546918 0.120714 -0.144132
v 0.505597 0.102602 -0.328008
v 0.52384 0.069881 -0.337861
v 0.440662 0.052917 -0.282353
v 0.458908 0.020196 -0.292206
v 0.369089 0.638021 0.11483
v 0.34028 0.679928 0.165904
v 0.347388 0.642406 0.172228
v 0.553 -0.088255 -0.068037
v 0.541418 -0.131138 -0.154536
v 0.562302 -0.125822 -0.067242
v 0.446957 0.097506 -0.40379
v 0.463223 0.064614 -0.4162
v 0.50047 0.024798 -0.21618
v 0.535263 0.016549 -0.231284
v 0.030456 0.288677 0.488122
v 0.030667 0.268441 0.521216
v 0.236224 -0.376728 -0.316227
v 0.222351 -0.343729 -0.301432
v 0.366946 0.001797 -0.448877
v 0.47247 -0.147633 -0.051846
v 0.47825 -0.143168 0.023744
v 0.037183 0.368154 0.53694
v 0.03739 0.347918 0.570035
v -0.051706 0.353146 0.566729
v 0.355753 -0.376045 -0.247903
v 0.391379 -0.371095 -0.188531
v 0.463171 -0.110066 -0.052641
v 0.035568 0.310345 0.579152
v -0.05499 0.315655 0.575794
v 0.430463 0.664348 0.209628
v 0.411175 0.631386 0.203154
v 0.375192 0.636574 0.266131
v 0.392923 0.669759 0.275328
v 0.504858 -0.158244 0.106264
v 0.290665 -0.003111 -0.500578
v 0.27164 0.006411 -0.468111
v -0.138724 0.35837 0.549491
v 0.542038 -0.148524 0.11174
v 0.419211 0.423662 0.120524
v 0.382803 0.432311 0.1102
v 0.361792 0.436831 0.169848
v 0.396225 0.428609 0.18577
v 0.540048 -0.109885 0.201344
v 0.531131 -0.072584 0.196095
v 0.193692 0.001821 -0.504558
v 0.185165 0.035216 -0.486888
v 0.260306 0.039641 -0.451754
v 0.207349 -0.008018 -0.539535
v -0.054602 0.282555 0.555679
v -0.050775 0.273217 0.518197
v -0.130399 0.277996 0.502427
v -0.120206 0.297613 0.470549
v -0.11543 0.335012 0.461778
v 0.415442 -0.092536 0.238573
v 0.423733 -0.129746 0.245309
v 0.433267 0.413793 -0.016417
v 0.395657 0.42329 -0.015014
v 0.39418 0.427798 0.048064
v 0.431653 0.418725 0.052564
v 0.119281 0.077093 -0.589952
v 0.124869 0.043532 -0.608463
v 0.21973 0.048803 -0.581278
v 0.211203 0.082201 -0.563607
v 0.504529 -0.104575 0.285556
v 0.223209 0.72307 0.415803
v 0.496237 -0.067365 0.27882
v 0.455963 -0.099265 0.363436
v 0.448553 -0.062156 0.355283
v 0.023465 0.026376 -0.51967
v 0.105551 0.030794 -0.509705
v 0.111136 -0.002766 -0.528216
v 0.022305 0.082455 -0.564154
v 0.024423 0.071981 -0.601469
v 0.111307 0.087249 -0.553348
v 0.391492 -0.054295 0.312513
v 0.375287 -0.088151 0.302965
v 0.382696 -0.125263 0.311118
v 0.409409 -0.143879 0.332214
v 0.439758 -0.133125 0.353888
v 0.331519 -0.120774 0.369939
v 0.3547 -0.139082 0.395092
v -0.317419 0.381957 0.36973
v -0.342374 0.392705 0.397447
v -0.397354 0.3976 0.337372
v -0.368433 0.386501 0.313987
v 0.325238 -0.083762 0.360487
v 0.339514 -0.049735 0.372248
v -0.067218 0.077654 -0.560798
v -0.070978 0.066866 -0.597893
v -0.162814 -0.009306 -0.587337
v -0.152585 -0.027607 -0.554694
v -0.25983 0.022433 -0.563501
v -0.167764 0.027709 -0.597533
v 0.278531 -0.045182 0.423227
v 0.26647 -0.079374 0.409617
v 0.271387 -0.116285 0.420209
v 0.290427 -0.134278 0.448827
v 0.23295 0.484914 -0.372853
v 0.255209 0.473092 -0.402369
v 0.312927 0.478292 -0.353387
v 0.2862 0.489712 -0.327661
v -0.056857 0.761223 0.434899
v -0.055826 0.749004 0.39819
v 0.009308 0.744341 0.401571
v 0.319565 -0.051746 0.481712
v 0.324484 -0.088654 0.492304
v 0.24472 -0.08335 0.539888
v -0.296722 0.045522 -0.440483
v -0.31676 0.063238 -0.46859
v -0.223596 0.050039 -0.481615
v -0.288495 0.0087 -0.431807
v -0.216971 0.013119 -0.472038
v 0.123758 0.701336 0.362197
v 0.071628 0.739864 0.394955
v 0.065924 0.705617 0.377795
v 0.300528 -0.03375 0.453094
v -0.362353 0.041003 -0.388415
v -0.386664 0.058425 -0.413133
v -0.213296 -0.402943 -0.415535
v -0.276361 -0.408219 -0.377208
v -0.196567 -0.420304 -0.385138
v 0.189893 0.467889 -0.441949
v -0.424387 0.361224 0.175391
v -0.440393 0.395571 0.183373
v -0.407849 -0.000129 -0.320677
v -0.418863 0.036483 -0.326753
v -0.352649 0.004284 -0.380911
v -0.363208 -0.030213 -0.394992
v -0.182925 -0.337046 -0.344846
v 0.052893 -0.066197 0.494676
v -0.541568 0.001318 -0.30131
v -0.529456 -0.035188 -0.296892
v -0.475461 0.041244 -0.37059
v 0.042819 0.457482 -0.488435
v 0.118518 0.462685 -0.470947
v 0.062466 -0.10742 0.578243
v 0.056573 -0.119846 0.541951
v -0.028674 -0.115028 0.5473
v -0.028561 -0.102271 0.583954
v 0.475876 0.470974 -0.022885
v 0.455899 0.504134 -0.024159
v -0.452756 -0.004542 -0.252654
v -0.464868 0.031963 -0.257071
v 0.067126 -0.036161 0.582281
v -0.024597 -0.030973 0.588034
v -0.033191 0.417205 -0.510053
v -0.030637 0.380984 -0.49662
v 0.048059 0.386227 -0.491248
v 0.047574 0.422585 -0.504537
v -0.10932 -0.009354 0.544782
v -0.026871 -0.067451 0.600814
v -0.119714 -0.097123 0.5752
v -0.120651 -0.062153 0.591807
v -0.199655 -0.319688 -0.375243
v -0.027148 -0.098277 0.512334
v -0.107053 -0.093766 0.50466
v -0.114081 -0.110203 0.539098
v -0.024875 -0.061802 0.499554
v 0.400504 0.488689 -0.233015
v -0.51644 -0.017777 -0.019955
v -0.530179 0.018389 -0.018377
v -0.507678 -0.013368 -0.100359
v -0.523331 -0.048441 -0.105283
v -0.486295 -0.008955 -0.178586
v -0.500259 0.422021 -0.037935
v -0.483936 0.426891 -0.114358
v -0.448749 0.413644 -0.104735
v -0.534851 0.405364 -0.043542
v -0.547397 0.368948 -0.047485
v -0.52948 0.374297 -0.131379
v -0.517371 0.41058 -0.125394
v 0.346823 0.409652 -0.199526
v 0.371194 0.414172 -0.140262
v -0.591641 0.025826 -0.114125
v -0.193408 -0.004487 0.522939
v -0.205804 -0.020612 0.555982
v -0.513141 0.339281 -0.1288
v -0.477957 0.326034 -0.119176
v -0.450183 0.330865 -0.19099
v -0.483298 0.344472 -0.205968
v -0.256744 -0.013349 0.455662
v -0.25098 -0.048609 0.440725
v -0.498715 0.379647 -0.210921
v -0.532367 -0.052992 -0.022353
v -0.197491 -0.105375 0.517434
v -0.276776 -0.100544 0.482738
v -0.444522 0.342345 -0.108141
v -0.114389 0.411828 -0.502673
v -0.109701 0.375747 -0.489433
v -0.561166 0.02947 0.069779
v -0.597174 0.015533 0.073677
v -0.601862 0.020681 -0.020357
v -0.565567 0.034304 -0.018544
v -0.167886 0.440572 -0.39913
v -0.108743 0.460836 -0.450723
v -0.259271 -0.08473 0.451928
v -0.317548 -0.044209 0.397973
v -0.327686 -0.080207 0.407991
v -0.371167 -0.081663 0.465043
v -0.379022 -0.046265 0.478635
v -0.193942 0.406457 -0.482407
v -0.187128 0.370519 -0.469708
v -0.564236 -0.071473 0.064586
v -0.528226 -0.057536 0.060688
v -0.441861 0.34967 -0.277062
v -0.456024 0.385003 -0.284166
v -0.325406 -0.008811 0.411565
v -0.411938 0.010088 0.382509
v -0.386423 -0.004273 0.357039
v -0.269803 0.401086 -0.449598
v -0.222226 0.40031 -0.359981
v -0.231113 0.436101 -0.371785
v -0.161069 0.404638 -0.386431
v 0.141675 -0.459342 -0.33803
v 0.121002 -0.434177 -0.289507
v 0.07226 -0.434177 -0.30578
v 0.084885 -0.459342 -0.356991
v -0.45015 -0.040974 0.415077
v -0.438336 -0.0051 0.406553
v -0.349899 -0.09571 0.435778
v -0.388562 -0.075681 0.353596
v -0.414963 -0.09087 0.377641
v -0.481519 -0.066615 0.218842
v -0.511105 -0.062077 0.141758
v -0.389999 0.354873 -0.34036
v -0.363376 0.340539 -0.316034
v -0.306763 0.345382 -0.366263
v -0.329141 0.360082 -0.394354
v -0.510535 -0.035685 0.340888
v -0.332922 0.431435 -0.391732
v -0.376749 -0.039805 0.345073
v -0.438214 0.000262 0.293405
v -0.427036 -0.035401 0.283291
v -0.339984 0.395721 -0.404915
v -0.260913 0.365298 -0.437794
v -0.440295 -0.07115 0.290035
v -0.278891 0.395983 -0.323903
v -0.558597 -0.030393 0.257879
v -0.577759 0.010381 0.165615
v -0.546246 -0.066187 0.249788
v -0.514313 -0.081178 0.233617
v -0.545935 -0.076328 0.151232
v -0.285953 0.360265 -0.337085
v -0.470258 -0.086027 0.309707
v -0.342288 -0.390809 -0.168887
v -0.526056 0.01386 0.064361
v -0.512427 -0.022184 0.060596
v -0.542929 0.02463 0.156141
v -0.322568 -0.421577 -0.231495
v -0.617786 -0.014533 -0.022755
v -0.113989 0.447066 -0.486626
v -0.411624 0.335699 -0.257144
v -0.185092 -0.089249 0.48439
v -0.432413 0.378631 -0.102156
v -0.310907 -0.38653 -0.21987
v -0.459531 0.337868 -0.037855
v -0.530514 0.334099 -0.04745
v -0.116348 -0.025791 0.579221
v -0.504333 0.417147 0.040678
v -0.539212 0.400146 0.040586
v -0.035818 0.465664 -0.457349
v -0.035339 0.452276 -0.493773
v 0.052606 -0.102784 0.50733
v -0.446875 0.053609 -0.347432
v 0.158127 -0.07805 0.574421
v 0.066836 -0.072749 0.594935
v -0.525876 0.323745 0.119612
v -0.489804 0.311577 0.112056
v -0.498151 0.31639 0.034265
v -0.534839 0.328921 0.036052
v 0.139523 -0.124662 0.523309
v -0.296878 -0.025645 -0.447616
v 0.181973 0.379452 -0.412769
v 0.243396 0.384344 -0.375551
v -0.469174 0.306765 0.187934
v 0.083853 0.696825 0.477242
v 0.005603 0.667794 0.467787
v -0.474939 0.407384 0.196546
v -0.49588 0.412267 0.119508
v -0.409729 0.391039 0.251311
v -0.44187 0.402496 0.269805
v 0.218115 -0.129472 0.491965
v -0.222891 -0.021076 -0.489234
v -0.406046 0.31997 0.244347
v -0.394876 0.356863 0.24076
v -0.436319 0.324444 0.177285
v 0.275876 0.64696 0.371545
v 0.196426 0.641399 0.378985
v 0.395471 -0.093958 0.43296
v 0.381192 -0.127985 0.421199
v 0.312421 -0.122846 0.478694
v -0.144788 0.054552 -0.510745
v -0.139838 0.017535 -0.50055
v -0.424991 0.379265 0.357499
v -0.472488 0.384487 0.285413
v -0.435168 0.342263 0.36259
v -0.421896 0.30826 0.349641
v -0.062265 0.059063 -0.527109
v -0.366376 0.374044 0.421546
v -0.375375 0.336935 0.427924
v -0.079535 -0.208054 0.450161
v 0.329721 0.641765 0.322735
v 0.181287 0.659984 0.348483
v 0.200626 -0.390855 -0.38265
v -0.257852 0.37741 0.417032
v -0.298004 0.368819 0.47584
v -0.305679 0.331609 0.483266
v 0.271033 0.400658 -0.303693
v 0.313242 0.405154 -0.254403
v 0.021909 0.063576 -0.530265
v 0.105615 0.068084 -0.520101
v 0.285196 0.717776 0.375305
v 0.289441 0.680584 0.385167
v 0.124802 0.006243 -0.598067
v 0.421841 -0.04354 0.334187
v 0.11911 -0.012922 -0.564821
v 0.340097 0.712478 0.325542
v 0.345523 0.67517 0.33433
v 0.218137 0.011431 -0.571319
v 0.197546 0.09204 -0.528631
v 0.186758 0.072591 -0.496847
v -0.042465 0.330633 0.476232
v 0.418411 0.717025 0.123255
v 0.393979 0.721963 0.187872
v 0.359567 0.71289 0.172379
v 0.278857 0.096828 -0.490609
v 0.263287 0.077096 -0.461061
v 0.297882 0.087307 -0.523076
v 0.386536 0.707177 0.267733
v 0.032785 0.277428 0.558919
v 0.359747 0.726897 0.247776
v 0.377133 0.092406 -0.469358
v 0.343707 0.627074 0.245511
v 0.316919 0.646795 0.225554
v 0.4741 0.476385 0.052765
v 0.454196 0.509319 0.048348
v 0.404739 0.523147 0.109294
v 0.441144 0.514498 0.119618
v 0.41709 0.519674 0.187884
v 0.382657 0.527898 0.171962
v 0.457217 0.658941 0.138862
v 0.436798 0.626208 0.135377
v 0.119919 0.272308 0.548286
v 0.188715 0.350014 0.467954
v 0.202493 0.358306 0.503285
v 0.120947 0.363232 0.526721
v 0.112912 0.354592 0.48974
v 0.363477 0.465017 0.102632
v 0.372577 0.502639 0.102261
v 0.3522 0.507021 0.160087
v 0.343546 0.469305 0.159205
v 0.455942 -0.177332 -0.208093
v 0.435614 0.707131 -0.013671
v 0.489474 -0.169025 -0.225794
v 0.121008 -0.579176 0.37915
v 0.179526 -0.579176 0.354217
v 0.168744 -0.595078 0.333673
v 0.314969 0.473589 0.211963
v 0.331638 0.441357 0.225523
v 0.250439 0.275277 0.424781
v 0.248389 0.313088 0.416761
v 0.179584 0.31748 0.449013
v 0.39183 0.598595 -0.135617
v 0.40943 0.603326 -0.071813
v 0.383105 -0.579176 -0.074816
v 0.360373 -0.595078 -0.070175
v 0.36759 -0.595078 -0.010737
v 0.390775 -0.579176 -0.011671
v 0.381537 -0.355274 -0.268109
v 0.372961 0.289123 0.452196
v 0.296789 0.294424 0.50395
v 0.566376 0.021471 -0.143897
v 0.31156 0.308697 0.373841
v 0.32648 0.340844 0.389484
v 0.260525 0.345431 0.434294
v -0.197775 -0.52721 0.373158
v -0.195108 -0.55572 0.368075
v -0.250995 -0.55572 0.332732
v -0.254446 -0.52721 0.337322
v 0.563336 0.125481 -0.055772
v 0.380667 0.692239 -0.212816
v 0.440265 0.283825 0.388836
v 0.394324 0.244619 0.350231
v 0.371374 0.266347 0.327747
v 0.314633 0.270812 0.381163
v 0.333884 0.249377 0.407133
v 0.384845 0.336251 0.334542
v 0.367438 0.304299 0.321239
v 0.604886 0.058193 0.138294
v 0.612158 0.096206 0.137793
v 0.31413 -0.498701 -0.255626
v 0.302008 -0.475245 -0.245728
v 0.257944 -0.475245 -0.291603
v 0.268323 -0.498701 -0.303317
v 0.391266 0.454803 0.263034
v 0.363235 0.433559 0.246677
v 0.321042 0.438518 0.301719
v 0.536133 0.04324 0.124313
v 0.573386 0.036266 0.132708
v 0.061758 -0.55572 0.40982
v 0.05925 -0.579176 0.394372
v -0.004153 -0.579176 0.39949
v -0.004153 -0.55572 0.415141
v 0.440018 0.675286 -0.158943
v 0.459814 0.680611 -0.087162
v 0.565622 0.130245 0.034061
v 0.553723 0.135006 0.12311
v 0.270666 0.443481 0.349516
v 0.285785 0.515771 0.26253
v 0.590979 0.128033 0.131505
v 0.374545 0.626507 -0.29057
v 0.35799 0.595235 -0.274788
v 0.39772 0.600384 -0.214729
v 0.416229 0.631908 -0.227558
v 0.174661 0.575036 -0.372663
v 0.461066 0.122054 0.275101
v 0.546634 0.041204 0.22201
v 0.511108 0.047857 0.207843
v 0.473193 0.052477 0.286461
v 0.506097 0.046145 0.306063
v 0.454553 0.083929 0.273642
v 0.089258 -0.205814 -0.473056
v 0.533984 0.068606 0.320964
v 0.15405 -0.10915 -0.442491
v 0.437726 0.149264 0.363664
v 0.412677 0.12654 0.344687
v 0.375568 0.154009 0.428292
v 0.368042 0.664629 -0.288958
v 0.081439 -0.113737 -0.459194
v -0.124216 0.473397 0.432354
v -0.113788 0.477749 0.395214
v -0.174036 0.482323 0.373603
v -0.190155 0.478405 0.408701
v 0.40672 0.088363 0.342426
v -0.062338 -0.215266 -0.471303
v 0.013104 -0.210545 -0.478201
v 0.076089 0.464062 0.400767
v 0.073495 0.495043 0.377647
v 0.013879 0.49934 0.385351
v 0.012845 0.468618 0.408941
v 0.304053 0.158752 0.482277
v 0.083597 0.458413 0.438432
v 0.014383 0.463399 0.447378
v 0.01759 0.486779 0.478152
v 0.02059 0.525027 0.483256
v 0.292899 0.066357 0.473907
v -0.022946 0.653789 -0.402345
v -0.02468 0.657275 -0.440971
v 0.194095 0.648614 -0.427063
v -0.144449 0.551632 -0.385719
v 0.112488 -0.313059 0.394611
v 0.055041 -0.31121 0.446961
v 0.224988 0.163491 0.52428
v 0.140372 0.168227 0.55327
v 0.131546 0.144463 0.523926
v 0.128394 0.106106 0.519835
v -0.046234 0.503637 0.3836
v -0.044022 0.541942 0.38868
v -0.103842 0.546291 0.377374
v -0.105347 0.507934 0.372429
v -0.148492 0.644613 -0.377419
v -0.162082 0.647228 -0.413691
v -0.094415 0.652254 -0.432766
v -0.086667 0.649203 -0.394848
v 0.052331 0.172961 0.568546
v -0.225992 0.642199 -0.384193
v 0.272613 -0.263569 0.395478
v -0.055469 0.468395 0.445344
v -0.057077 0.492119 0.475977
v -0.162 0.512234 0.352107
v -0.039661 0.173611 0.608263
v -0.036914 0.177688 0.569754
v -0.130518 0.497463 0.462098
v 0.336365 -0.600935 0.04559
v 0.338589 -0.600935 -0.009568
v 0.315994 -0.60604 -0.008658
v -0.01987 0.624123 -0.377604
v 0.040289 0.628426 -0.375165
v -0.389865 0.598385 0.152752
v -0.426215 0.596639 0.166272
v -0.445905 0.601726 0.097914
v -0.40787 0.603033 0.090235
v -0.043933 0.080831 0.598038
v -0.221924 -0.127525 -0.444388
v -0.149539 -0.122541 -0.475716
v -0.133899 0.178658 0.594527
v -0.224686 0.183706 0.566143
v -0.024054 0.632574 -0.470851
v 0.050714 0.637923 -0.467821
v 0.107126 -0.283625 0.369981
v -0.320914 -0.234098 -0.334626
v -0.324188 0.120776 0.540879
v -0.077588 0.581338 -0.37411
v -0.079697 0.61982 -0.370563
v -0.017249 0.585677 -0.381212
v -0.275781 0.128304 0.460975
v 0.263626 0.217287 -0.434714
v 0.28074 0.192535 -0.459164
v -0.251636 0.483419 0.37495
v 0.202292 -0.600935 0.278973
v 0.219351 -0.595078 0.301673
v 0.264166 -0.595078 0.261968
v 0.243689 -0.600935 0.242299
v -0.262378 0.52084 0.286212
v -0.303607 0.525146 0.242257
v -0.343884 0.132748 0.412401
v 0.042651 0.209917 -0.60562
v 0.041931 0.180898 -0.579942
v 0.084885 -0.595078 -0.356991
v 0.141675 -0.595078 -0.33803
v -0.386429 0.100729 0.460392
v -0.13602 0.576998 -0.357635
v 0.04032 0.248482 -0.60331
v 0.134778 0.253722 -0.587186
v -0.337442 0.529455 0.192352
v -0.309757 0.188747 0.523858
v -0.386987 0.193789 0.468771
v -0.399341 -0.150529 -0.207335
v -0.403439 0.137188 0.353741
v -0.170511 0.621865 -0.441775
v -0.09841 0.627221 -0.462101
v -0.301764 -0.600935 -0.167581
v -0.326355 -0.595078 -0.181779
v -0.35202 -0.595078 -0.127685
v -0.325473 -0.600935 -0.117616
v -0.452966 0.141634 0.286481
v -0.015192 -0.306181 0.451308
v -0.270346 -0.600935 -0.213097
v -0.29234 -0.595078 -0.231055
v -0.423831 0.108166 0.369355
v -0.475766 0.112826 0.298823
v -0.227655 -0.595078 0.301673
v -0.210599 -0.600935 0.278973
v 0.03631 0.274001 -0.574399
v -0.506287 -0.183238 -0.083524
v -0.053799 0.204656 -0.606655
v -0.050458 0.17586 -0.580932
v -0.093188 -0.595078 -0.356991
v -0.149982 -0.595078 -0.33803
v -0.491235 0.146078 0.212322
v -0.419516 0.562771 0.24176
v -0.418979 0.52423 0.238274
v -0.450793 0.529592 0.170368
v -0.451462 0.568154 0.173573
v -0.518259 0.189141 0.135499
v -0.51731 0.150524 0.13314
v -0.233731 0.259023 -0.534168
v -0.243103 0.23276 -0.561098
v -0.313382 0.160769 -0.497845
v -0.293265 0.159603 -0.464661
v -0.215735 0.164297 -0.503483
v -0.230383 0.165795 -0.539406
v -0.20636 0.190563 -0.476553
v -0.207742 0.22918 -0.47437
v -0.129748 0.233617 -0.499002
v -0.553845 0.208889 0.242235
v -0.583322 0.213915 0.152716
v -0.219083 0.257528 -0.498245
v -0.13714 0.262191 -0.524123
v -0.472296 0.573537 0.101246
v -0.052411 0.266848 -0.536718
v -0.336282 0.632116 -0.297004
v -0.30087 0.611144 -0.368638
v -0.284546 0.63716 -0.344981
v -0.329648 0.227517 -0.517764
v -0.328458 0.188888 -0.51985
v -0.241724 0.194143 -0.563281
v -0.552527 0.140697 -0.219929
v -0.516684 0.140856 -0.205009
v -0.51001 0.145708 -0.302943
v -0.377994 0.533892 -0.248191
v -0.531543 0.1936 0.053086
v -0.530563 0.154967 0.050929
v -0.141998 0.170824 -0.567322
v -0.363803 0.154909 -0.41403
v -0.624109 0.157409 -0.039616
v -0.625088 0.196047 -0.037611
v -0.598294 0.218941 0.059845
v -0.598437 0.223962 -0.034036
v -0.388892 0.155743 -0.443645
v -0.559607 0.220086 0.05678
v -0.559741 0.224779 -0.030983
v -0.531671 0.198052 -0.030239
v -0.427954 0.243514 -0.348237
v -0.391467 0.249023 -0.438867
v -0.366379 0.248189 -0.409252
v -0.530692 0.159417 -0.032244
v -0.518689 0.202508 -0.112383
v -0.517725 0.163863 -0.114289
v -0.40643 0.215853 -0.331682
v -0.596039 0.130682 -0.038873
v -0.581454 0.135686 -0.131165
v -0.557342 0.131499 -0.03582
v -0.543713 0.136175 -0.122067
v -0.454996 0.150725 -0.378138
v -0.479275 0.238836 -0.278091
v -0.492026 0.16831 -0.19315
v -0.455218 0.211407 -0.264998
v -0.33179 -0.210291 0.230603
v -0.546069 0.22947 -0.117473
v -0.58381 0.228982 -0.126572
v -0.554843 0.233996 -0.21545
v -0.519 0.234154 -0.200531
v -0.492972 0.206957 -0.191289
v -0.399417 0.523751 -0.109165
v -0.377188 0.528381 -0.170048
v -0.401172 0.616946 -0.102717
v -0.534064 0.173138 -0.316036
v -0.545612 0.215389 0.14361
v -0.316272 0.254024 -0.492839
v -0.557208 0.126827 0.051569
v -0.296152 0.252859 -0.459655
v -0.595892 0.12568 0.054635
v -0.424631 0.503536 0.158546
v -0.14939 0.199398 -0.592442
v -0.51055 0.20386 0.326139
v 0.466489 0.433556 -0.019678
v -0.203 -0.595078 -0.310205
v -0.19111 0.572665 -0.332207
v -0.137701 0.615514 -0.354211
v -0.454474 0.198824 0.402297
v -0.337982 0.567995 0.195837
v 0.126215 0.278988 -0.559052
v 0.302032 -0.595078 0.215589
v 0.278665 -0.600935 0.19946
v -0.363629 -0.145921 -0.268639
v -0.377246 0.557384 0.304112
v 0.212293 0.283971 -0.529816
v -0.214398 0.554983 0.327573
v -0.031805 -0.600935 -0.338293
v -0.034091 -0.595078 -0.366595
v -0.085324 -0.301142 0.444565
v 0.225262 0.258962 -0.556455
v 0.313205 0.225716 -0.513806
v 0.301276 0.196041 -0.491925
v -0.200916 0.50281 0.436846
v -0.324036 0.159298 0.544608
v 0.374597 0.201095 -0.436867
v 0.389642 0.230984 -0.456408
v 0.451309 0.274673 -0.386821
v 0.427112 0.298901 -0.368626
v 0.455908 0.236257 -0.387845
v 0.438187 0.206155 -0.371076
v 0.043494 0.590023 -0.378752
v 0.099298 0.632726 -0.363317
v 0.10314 0.594369 -0.366776
v 0.18833 -0.60604 0.260392
v 0.201913 -0.600935 0.278468
v 0.243234 -0.600935 0.241861
v 0.226926 -0.60604 0.226198
v 0.490482 0.211217 -0.296252
v 0.478445 0.303872 -0.295173
v -0.20368 0.546972 -0.358378
v -0.221954 -0.220109 -0.457004
v -0.147922 -0.215012 -0.489049
v 0.160211 0.598717 -0.34557
v 0.213281 0.603072 -0.315646
v -0.069192 -0.209913 -0.509138
v -0.075064 -0.179063 -0.531835
v 0.499222 0.244036 -0.034667
v 0.530334 0.220891 -0.035096
v 0.528354 0.225631 0.049198
v -0.052731 -0.619682 0.303163
v -0.055551 -0.60604 0.320502
v -0.004153 -0.60604 0.324652
v -0.004153 -0.619682 0.307085
v 0.497357 0.248498 0.044704
v 0.477563 0.291094 0.118813
v 0.483044 0.252959 0.122516
v -0.120572 0.566006 0.444259
v -0.110144 0.570357 0.407118
v 0.364468 0.593871 -0.195787
v 0.361255 0.620519 -0.1262
v 0.576688 0.063399 0.23241
v 0.520264 0.241683 0.226143
v 0.45159 0.295498 0.192161
v 0.513147 0.230373 0.131885
v 0.477414 0.246776 0.30482
v 0.496933 0.278527 0.315386
v 0.137192 0.459508 0.382786
v 0.156906 -0.498701 -0.373773
v 0.150769 -0.475245 -0.359375
v 0.090436 -0.475245 -0.379518
v 0.09418 -0.498701 -0.394713
v 0.414539 0.299901 0.26019
v 0.41423 -0.182093 -0.275838
v 0.422858 0.251873 0.375533
v 0.358041 0.256975 0.436553
v 0.468091 0.685931 -0.01321
v 0.38714 0.41874 -0.078101
v 0.265454 0.254137 0.453627
v 0.284653 0.262081 0.486417
v 0.399319 0.492608 0.265025
v 0.204593 0.267193 0.523947
v 0.106927 0.321868 0.469896
v 0.293072 0.445885 0.275832
v 0.383627 0.498257 0.041902
v 0.416724 0.518392 0.043848
v -0.0647 0.672826 0.464137
v 0.464749 0.43886 0.05451
v 0.385071 0.493868 -0.019496
v 0.418289 0.513631 -0.022757
v 0.032278 0.32625 0.479004
v -0.045749 0.293145 0.485297
v 0.035065 0.359167 0.499238
v 0.423352 0.70187 0.203304
v 0.328906 0.443383 -0.193099
v 0.352197 0.447701 -0.136464
v 0.310535 0.684209 0.217959
v 0.328265 0.717397 0.227156
v -0.2215 0.363595 0.518892
v -0.206335 0.382897 0.488851
v -0.191138 0.372857 0.454576
v -0.278195 0.387801 0.448411
v -0.059021 0.021954 -0.516577
v 0.378076 0.449551 -0.305373
v 0.41842 0.454958 -0.239442
v -0.143066 -0.016505 -0.518742
v 0.004062 0.673208 0.396265
v 0.003748 0.655782 0.430928
v -0.436664 0.301961 0.259955
v 0.235092 -0.117707 0.524825
v -0.507794 0.389706 0.207194
v -0.530173 0.394927 0.12488
v -0.542609 0.358263 0.124926
v 0.151086 -0.112565 0.558328
v -0.455514 0.328918 0.106684
v -0.463272 0.333391 0.034357
v -0.551862 0.363604 0.03867
v 0.037756 0.382693 -0.420352
v 0.103079 0.387182 -0.405263
v -0.494125 0.321212 -0.043463
v 0.043994 0.369689 -0.456383
v -0.447406 -0.429282 -0.142979
v -0.338339 0.355785 -0.290608
v 0.207584 -0.434177 -0.234757
v 0.24256 -0.459342 -0.274236
v 0.284036 -0.459342 -0.231055
v 0.243179 -0.434177 -0.197697
v -0.402621 0.390359 -0.349344
v -0.393826 0.426223 -0.337703
v -0.440475 -0.076508 0.40311
v -0.499356 -0.071348 0.330773
v 0.11496 0.374566 -0.439991
v 0.164703 0.391674 -0.380229
v 0.221136 0.396166 -0.346035
v 0.366006 -0.038642 0.398355
v 0.389191 -0.05695 0.423507
v 0.361716 0.483492 -0.296408
v 0.367526 0.452093 -0.076703
v 0.387222 -0.161002 -0.257671
v -0.376916 0.518871 0.300313
v 0.375681 0.456451 -0.016289
v 0.374277 0.460732 0.043647
v 0.376761 0.622314 0.18766
v 0.400293 0.617556 0.12542
v 0.449615 0.69656 0.133845
v 0.432416 0.712081 0.055515
v 0.365408 -0.475245 -0.135913
v 0.343716 -0.459342 -0.127685
v 0.318048 -0.459342 -0.181779
v 0.338141 -0.475245 -0.19338
v 0.280899 -0.475245 0.278041
v 0.264166 -0.459342 0.261968
v 0.302035 -0.459342 0.215589
v 0.321127 -0.475245 0.22877
v 0.323025 0.511397 0.213953
v 0.464658 0.691247 0.061072
v 0.377515 0.624889 -0.067241
v 0.278458 0.477877 0.259591
v 0.234906 0.482168 0.300911
v 0.247031 0.450423 0.319515
v 0.05087 -0.600935 0.342821
v 0.104471 -0.600935 0.32961
v 0.409177 0.669958 -0.226774
v 0.185394 0.486458 0.33489
v 0.131143 0.490749 0.360684
v 0.194644 0.454964 0.355469
v 0.328049 0.589153 -0.250842
v 0.255154 0.645617 -0.27544
v 0.261032 0.607427 -0.277732
v -0.054865 0.530425 0.481057
v 0.457358 0.206698 -0.276515
v -0.050977 0.47318 0.407083
v 0.124036 0.64327 -0.453099
v -0.171866 0.575042 0.384976
v -0.161105 0.55064 0.356831
v -0.187985 0.571123 0.420074
v -0.129013 0.535821 0.467043
v -0.200021 0.541213 0.44157
v -0.289496 -0.225205 -0.41398
v -0.348938 -0.230296 -0.361221
v -0.230209 0.486904 0.342765
v -0.21478 0.516537 0.323131
v -0.257809 0.542315 -0.322125
v -0.361407 0.103509 0.430838
v -0.238562 0.616506 -0.410364
v -0.362228 0.593728 0.211744
v -0.396002 0.591549 0.230765
v 0.072525 -0.60604 -0.306854
v -0.059177 -0.600935 0.342821
v -0.004153 -0.600935 0.347263
v -0.241489 0.568331 -0.298468
v 0.155255 -0.600935 0.307972
v 0.144748 -0.60604 0.287951
v 0.097308 -0.60604 0.308162
v -0.388281 0.505279 0.145026
v 0.285321 -0.60604 0.1416
v 0.305746 -0.600935 0.151294
v 0.325323 -0.600935 0.099678
v -0.387143 0.542391 0.019798
v -0.379898 0.627065 -0.241434
v -0.412503 0.52882 -0.186166
v -0.345633 0.533019 -0.22676
v -0.406134 0.50989 0.083062
v -0.414047 0.514504 0.018982
v -0.411798 0.519125 -0.045629
v -0.414285 0.622008 -0.179633
v -0.38504 0.546709 -0.040584
v -0.438574 0.616949 -0.11312
v -0.323303 0.559673 -0.209624
v -0.252344 -0.60604 -0.198397
v -0.269858 -0.600935 -0.212697
v -0.301218 -0.600935 -0.167266
v -0.281635 -0.60604 -0.15596
v -0.285919 0.564001 -0.257263
v -0.305518 0.537664 -0.277879
v -0.129742 -0.60604 -0.290525
v -0.1754 -0.60604 -0.266562
v -0.21022 -0.600935 0.278468
v -0.196637 -0.60604 0.260392
v -0.235233 -0.60604 0.226198
v -0.144547 5.41249 0.271742
v -0.135474 5.388918 0.254459
v 0.291846 5.41249 -0.056184
v 0.272723 5.388918 -0.05228
v 0.260071 5.388918 -0.095961
v 0.278317 5.41249 -0.102883
v -0.318378 -0.141312 -0.323892
v -0.398907 -0.235383 -0.300202
v -0.076627 -0.619682 -0.289797
v -0.122858 -0.619682 -0.274364
v -0.215399 -0.475245 -0.329815
v -0.203 -0.459342 -0.310205
v -0.250864 -0.459342 -0.274236
v -0.266251 -0.475245 -0.291603
v -0.392975 0.297158 0.326257
v 0.006366 0.709896 0.384119
v -0.057397 0.714458 0.380809
v -0.060645 0.67784 0.392907
v -0.063672 0.660607 0.427429
v -0.063672 0.660607 0.427429
v -0.060645 0.67784 0.392907
v -0.057397 0.714458 0.380809
v -0.0647 0.672826 0.464137
v -0.063132 0.707372 0.481518
v -0.059882 0.74399 0.469421
v -0.056857 0.761223 0.434899
v -0.055826 0.749004 0.39819
v -0.163855 -0.600935 0.308531
v -0.163562 -0.600935 0.307972
v -0.004153 -0.434177 0.317486
v -0.004153 -0.434177 0.323545
v -0.055371 -0.434177 0.31941
v -0.054401 -0.434177 0.31343
v -0.029846 -0.434177 -0.314023
v -0.029358 -0.434177 -0.307983
v -0.079117 -0.434177 -0.299897
v -0.080566 -0.434177 -0.30578
v 0.331934 -0.600935 -0.064369
v 0.332553 -0.600935 -0.064495
v 0.317166 -0.600935 -0.117617
v 0.261551 -0.600935 -0.212697
v 0.262039 -0.600935 -0.213096
v 0.22373 -0.600935 -0.252982
v 0.223309 -0.600935 -0.25251
v -0.105615 -0.60604 0.308162
v -0.112778 -0.600935 0.32961
v -0.100052 -0.619682 0.291499
v -0.186084 -0.619682 0.246348
v -0.222562 -0.619682 0.214029
v 0.047244 -0.60604 0.320503
v 0.044427 -0.619682 0.303163
v -0.253387 -0.619682 0.176277
v -0.267844 -0.60604 0.186256
v 0.167093 -0.60604 -0.266562
v 0.157706 -0.619682 -0.251714
v 0.196667 -0.619682 -0.222436
v 0.208316 -0.60604 -0.235585
v 0.230429 -0.619682 -0.187287
v 0.244037 -0.60604 -0.198397
v 0.179178 -0.600935 -0.285673
v 0.121436 -0.60604 -0.290525
v -0.318085 -0.60604 -0.059846
v -0.34024 -0.600935 -0.064369
v -0.346893 -0.600935 -0.009568
v -0.324301 -0.60604 -0.008658
v -0.33363 -0.600935 0.099678
v -0.314053 -0.600935 0.151293
v -0.293625 -0.60604 0.1416
v 0.258115 -0.619682 -0.147177
v -0.303738 -0.60604 -0.109375
v -0.324881 -0.600935 -0.117393
v 0.023499 -0.600935 -0.338293
v -0.344672 -0.600935 0.04559
v -0.345297 -0.600935 0.045666
v 0.179517 -0.600935 -0.286206
v 0.194693 -0.595078 -0.310205
v -0.035956 -0.475245 -0.389721
v -0.034091 -0.459342 -0.366595
v -0.093188 -0.459342 -0.356991
v -0.098743 -0.475245 -0.379518
v -0.241595 -0.579176 0.320221
v -0.289206 -0.579176 0.278041
v -0.177051 -0.595078 0.333673
v -0.187833 -0.579176 0.354217
v 0.306317 -0.600935 0.151564
v 0.33197 -0.595078 0.163737
v 0.353204 -0.595078 0.107753
v 0.325931 -0.600935 0.099853
v 0.025784 -0.459342 -0.366595
v 0.027652 -0.475245 -0.389721
v 0.293457 -0.600935 -0.167582
v 0.318048 -0.595078 -0.181779
v 0.284036 -0.595078 -0.231055
v 0.114551 -0.619682 -0.274364
v 0.309781 -0.60604 -0.059846
v 0.292569 -0.619682 -0.056332
v 0.298444 -0.619682 -0.00795
v -0.144891 -0.619682 0.272396
v -0.153055 -0.60604 0.287951
v -0.277756 -0.619682 0.134069
v 0.068323 -0.619682 -0.289797
v 0.136584 -0.619682 0.272396
v 0.091748 -0.619682 0.291499
v -0.204974 -0.619682 -0.222436
v -0.216623 -0.60604 -0.235585
v -0.238736 -0.619682 -0.187287
v -0.166013 -0.619682 -0.251714
v 0.279007 -0.619682 -0.103145
v -0.306747 -0.619682 -0.007951
v -0.300873 -0.619682 -0.056332
v -0.266421 -0.619682 -0.147177
v 0.269449 -0.619682 0.134069
v 0.245081 -0.619682 0.176277
v 0.259537 -0.60604 0.186256
v 0.020215 -0.619682 -0.297615
v -0.028522 -0.619682 -0.297615
v 0.278146 -0.600935 0.199101
v -0.34086 -0.600935 -0.064495
v 0.24256 -0.595078 -0.274236
v 0.155548 -0.600935 0.308531
v 0.339218 -0.600935 -0.009594
v 0.388211 -0.475245 0.051885
v 0.365179 -0.459342 0.049089
v 0.36759 -0.459342 -0.010737
v 0.390775 -0.475245 -0.011671
v 0.113663 -0.459342 0.357142
v 0.121008 -0.475245 0.37915
v 0.168744 -0.459342 0.333673
v 0.179526 -0.475245 0.354217
v -0.21589 -0.434177 -0.234757
v -0.211871 -0.434177 -0.230222
v -0.246793 -0.434177 -0.193865
v -0.251486 -0.434177 -0.197697
v -0.004153 -0.600935 0.347894
v -0.004153 -0.595078 0.376289
v -0.149725 -0.434177 0.281606
v -0.152539 -0.434177 0.286971
v -0.195972 -0.434177 0.259507
v -0.192331 -0.434177 0.254663
v 0.343716 -0.595078 -0.127685
v 0.166504 -0.434177 -0.265627
v 0.163263 -0.434177 -0.260506
v 0.118628 -0.434177 -0.283933
v -0.36868 -0.595078 -0.070175
v -0.375897 -0.595078 -0.010737
v -0.347525 -0.600935 -0.009594
v 0.33699 -0.600935 0.045666
v -0.373486 -0.595078 0.049089
v 0.07081 -0.434177 -0.299897
v 0.021054 -0.434177 -0.307983
v 0.021539 -0.434177 -0.314023
v 0.025784 -0.595078 -0.366595
v -0.250864 -0.595078 -0.274236
v 0.365179 -0.595078 0.049089
v -0.383795 -0.475245 0.114208
v -0.361508 -0.459342 0.107753
v -0.340277 -0.459342 0.163737
v -0.36124 -0.475245 0.173683
v -0.310312 -0.579176 -0.245728
v -0.266251 -0.579176 -0.291603
v -0.391412 -0.579176 -0.074816
v -0.373715 -0.579176 -0.135913
v -0.300494 -0.498701 0.288882
v -0.289206 -0.475245 0.278041
v -0.241595 -0.475245 0.320221
v -0.250995 -0.498701 0.332732
v 0.028909 -0.498701 -0.405321
v -0.037216 -0.498701 -0.405321
v 0.360373 -0.459342 -0.070175
v 0.383105 -0.475245 -0.074816
v -0.27663 -0.498701 -0.303317
v 0.296326 -0.52721 0.292859
v 0.292187 -0.55572 0.288882
v 0.242691 -0.55572 0.332732
v 0.246139 -0.52721 0.337322
v 0.272128 -0.52721 -0.307614
v 0.215457 -0.498701 -0.343042
v 0.218524 -0.52721 -0.347894
v 0.404065 -0.52721 -0.079095
v 0.398441 -0.55572 -0.077946
v 0.406412 -0.55572 -0.012301
v 0.412146 -0.52721 -0.012532
v -0.280435 -0.52721 -0.307614
v -0.27663 -0.55572 -0.303317
v -0.223764 -0.55572 -0.343042
v -0.226831 -0.52721 -0.347894
v 0.367071 -0.498701 0.180392
v 0.352933 -0.475245 0.173683
v 0.375488 -0.475245 0.114208
v 0.390521 -0.498701 0.118563
v 0.403748 -0.55572 0.053772
v 0.388211 -0.579176 0.051885
v 0.375488 -0.579176 0.114208
v 0.390521 -0.55572 0.118563
v -0.364972 -0.52721 -0.204075
v -0.360001 -0.55572 -0.201205
v -0.322436 -0.55572 -0.255626
v -0.326883 -0.52721 -0.259257
v -0.102487 -0.498701 -0.394713
v -0.10386 -0.52721 -0.400287
v -0.03768 -0.52721 -0.411043
v -0.070065 -0.55572 0.40982
v -0.134271 -0.55572 0.393994
v 0.380041 -0.498701 -0.141462
v 0.351694 -0.498701 -0.201205
v 0.38541 -0.52721 -0.143498
v 0.356665 -0.52721 -0.204075
v 0.409448 -0.52721 0.054464
v 0.403748 -0.498701 0.053772
v 0.406412 -0.498701 -0.012301
v 0.412146 -0.52721 -0.012532
v 0.207092 -0.475245 -0.329815
v 0.404065 -0.52721 -0.079095
v 0.398441 -0.498701 -0.077946
v -0.406747 -0.55572 -0.077946
v -0.388348 -0.55572 -0.141462
v -0.159076 -0.475245 -0.359375
v -0.414716 -0.498701 -0.012302
v -0.420453 -0.52721 -0.012533
v -0.412372 -0.52721 -0.079095
v -0.406747 -0.498701 -0.077946
v -0.300494 -0.55572 0.288882
v -0.329434 -0.579176 0.228769
v -0.342316 -0.55572 0.23766
v 0.38541 -0.52721 -0.143498
v 0.380041 -0.55572 -0.141462
v -0.383795 -0.579176 0.114208
v -0.396518 -0.579176 0.051885
v 0.321127 -0.579176 0.22877
v 0.280899 -0.579176 0.278041
v 0.334009 -0.498701 0.23766
v -0.380563 -0.52721 0.182853
v -0.375378 -0.55572 0.180392
v -0.398828 -0.55572 0.118562
v -0.404343 -0.52721 0.12016
v 0.353204 -0.459342 0.107753
v 0.292187 -0.498701 0.288882
v 0.246139 -0.52721 0.337322
v 0.242691 -0.498701 0.332732
v 0.296326 -0.52721 0.292859
v -0.391412 -0.475245 -0.074816
v -0.36868 -0.459342 -0.070175
v -0.375897 -0.459342 -0.010737
v -0.399078 -0.475245 -0.011671
v 0.233289 -0.475245 0.320221
v 0.189468 -0.52721 0.373158
v 0.186801 -0.498701 0.368075
v 0.352933 -0.579176 0.173683
v 0.159155 -0.52721 -0.379055
v 0.095554 -0.52721 -0.400287
v -0.310312 -0.475245 -0.245728
v -0.29234 -0.459342 -0.231055
v -0.326355 -0.459342 -0.181779
v -0.346448 -0.475245 -0.19338
v -0.070987 -0.52721 0.415486
v -0.13609 -0.52721 0.39944
v 0.061758 -0.498701 0.40982
v 0.125964 -0.498701 0.393995
v -0.004153 -0.52721 0.420881
v -0.004153 -0.498701 0.415141
v 0.06268 -0.52721 0.415486
v 0.06268 -0.52721 0.415486
v -0.004153 -0.52721 0.420881
v -0.070065 -0.498701 0.40982
v -0.067554 -0.475245 0.394372
v -0.070987 -0.52721 0.415486
v -0.13609 -0.52721 0.39944
v -0.134271 -0.498701 0.393994
v -0.063834 -0.459342 0.371471
v -0.129315 -0.475245 0.37915
v 0.127783 -0.52721 0.39944
v -0.195108 -0.498701 0.368075
v -0.197775 -0.52721 0.373158
v -0.254446 -0.52721 0.337322
v -0.121967 -0.459342 0.357142
v -0.187833 -0.475245 0.354217
v -0.177051 -0.459342 0.333673
v 0.218524 -0.52721 -0.347894
v 0.215457 -0.55572 -0.343042
v 0.268323 -0.55572 -0.303317
v 0.272128 -0.52721 -0.307614
v -0.227655 -0.459342 0.301673
v -0.304633 -0.52721 0.292859
v -0.34704 -0.52721 0.240921
v -0.342316 -0.498701 0.23766
v 0.372259 -0.52721 0.182853
v 0.396036 -0.52721 0.12016
v -0.412054 -0.498701 0.053772
v -0.396518 -0.475245 0.051885
v -0.398828 -0.498701 0.118562
v -0.272473 -0.459342 0.261968
v -0.375378 -0.498701 0.180392
v -0.380563 -0.52721 0.182853
v -0.404343 -0.52721 0.12016
v -0.373486 -0.459342 0.049089
v 0.219351 -0.459342 0.301673
v 0.338733 -0.52721 0.240921
v -0.329434 -0.475245 0.228769
v -0.304633 -0.52721 0.292859
v -0.34704 -0.52721 0.240921
v 0.186801 -0.55572 0.368075
v 0.189468 -0.52721 0.373158
v -0.36124 -0.579176 0.173683
v -0.388348 -0.498701 -0.141462
v -0.393716 -0.52721 -0.143498
v -0.364972 -0.52721 -0.204075
v -0.360001 -0.498701 -0.201205
v -0.373715 -0.475245 -0.135913
v -0.310339 -0.459342 0.215589
v -0.326883 -0.52721 -0.259257
v -0.322436 -0.498701 -0.255626
v -0.35202 -0.459342 -0.127685
v 0.318576 -0.52721 -0.259257
v -0.280435 -0.52721 -0.307614
v 0.029373 -0.52721 -0.411043
v 0.233289 -0.579176 0.320221
v -0.346448 -0.579176 -0.19338
v -0.149982 -0.459342 -0.33803
v -0.287314 -0.619682 -0.103145
v 0.214258 -0.619682 0.214029
v -0.174808 -0.434177 -0.265627
v -0.17157 -0.434177 -0.260506
v 0.177777 -0.619682 0.246348
v -0.393716 -0.52721 -0.143498
v 0.127783 -0.52721 0.39944
v 0.125964 -0.55572 0.393994
v 0.396036 -0.52721 0.12016
v 0.367071 -0.55572 0.180392
v 0.372259 -0.52721 0.182853
v 0.338733 -0.52721 0.240921
v 0.334009 -0.55572 0.23766
v -0.417752 -0.52721 0.054464
v -0.412054 -0.55572 0.053772
v -0.417752 -0.52721 0.054464
v 0.409448 -0.52721 0.054464
v -0.414716 -0.55572 -0.012302
v -0.420453 -0.52721 -0.012533
v -0.412372 -0.52721 -0.079095
v 0.356665 -0.52721 -0.204075
v 0.351694 -0.55572 -0.201205
v 0.318576 -0.52721 -0.259257
v 0.31413 -0.55572 -0.255626
v -0.16521 -0.55572 -0.373773
v -0.167462 -0.52721 -0.379055
v 0.159155 -0.52721 -0.379055
v 0.156906 -0.55572 -0.373773
v 0.095554 -0.52721 -0.400287
v 0.09418 -0.55572 -0.394713
v 0.029373 -0.52721 -0.411043
v 0.028909 -0.55572 -0.405321
v 0.150769 -0.579176 -0.359375
v 0.090436 -0.579176 -0.379518
v 0.027652 -0.579176 -0.389721
v -0.035956 -0.579176 -0.389721
v -0.098743 -0.579176 -0.379518
v -0.159076 -0.579176 -0.359375
v -0.215399 -0.579176 -0.329815
v 0.207092 -0.579176 -0.329815
v 0.302008 -0.579176 -0.245728
v 0.338141 -0.579176 -0.19338
v -0.399078 -0.579176 -0.011671
v 0.33197 -0.459342 0.163737
v 0.257944 -0.579176 -0.291603
v 0.194693 -0.459342 -0.310205
v 0.365408 -0.579176 -0.135913
v -0.321127 -0.434177 0.042731
v -0.310849 -0.434177 0.093079
v 0.095041 -0.434177 0.301366
v 0.09696 -0.434177 0.307113
v 0.047067 -0.434177 0.31941
v 0.046094 -0.434177 0.31343
v 0.203564 -0.434177 -0.230222
v 0.238486 -0.434177 -0.193865
v -0.323196 -0.434177 -0.008613
v -0.317142 -0.434177 -0.008369
v -0.315112 -0.434177 0.042001
v 0.31489 -0.434177 -0.008613
v 0.31282 -0.434177 0.042731
v 0.302542 -0.434177 0.093079
v 0.28432 -0.434177 0.141126
v 0.272369 -0.434177 -0.155407
v 0.267123 -0.434177 -0.152378
v 0.226129 -0.434177 0.225432
v 0.187665 -0.434177 0.259507
v -0.292627 -0.434177 0.141126
v -0.287152 -0.434177 0.138528
v -0.261948 -0.434177 0.182186
v -0.266934 -0.434177 0.185628
v -0.234433 -0.434177 0.225432
v 0.141418 -0.434177 0.281606
v 0.144235 -0.434177 0.286971
v -0.230063 -0.434177 0.221234
v 0.2944 -0.434177 -0.108982
v -0.302704 -0.434177 -0.108982
v -0.29704 -0.434177 -0.106834
v -0.311066 -0.434177 -0.058413
v -0.317001 -0.434177 -0.059625
v -0.105264 -0.434177 0.307113
v 0.221759 -0.434177 0.221234
v 0.184024 -0.434177 0.254663
v 0.288733 -0.434177 -0.106834
v 0.308694 -0.434177 -0.059625
v 0.302759 -0.434177 -0.058413
v -0.126935 -0.434177 -0.283933
v -0.129309 -0.434177 -0.289507
v -0.103348 -0.434177 0.301366
v 0.258627 -0.434177 0.185628
v -0.280676 -0.434177 -0.155407
v -0.305029 -0.434177 0.091393
v 0.308835 -0.434177 -0.008369
v 0.306805 -0.434177 0.042001
v 0.296722 -0.434177 0.091393
v -0.27543 -0.434177 -0.152378
v 0.253641 -0.434177 0.182186
v 0.278845 -0.434177 0.138528
v 0.07081 -0.434177 -0.299897
v 0.068146 5.41249 -0.28908
v 0.020157 5.41249 -0.296879
v 0.021054 -0.434177 -0.307983
v -0.286621 5.41249 -0.102883
v -0.29704 -0.434177 -0.106834
v -0.27543 -0.434177 -0.152378
v -0.265781 5.41249 -0.146808
v -0.238162 5.41249 -0.18682
v -0.246793 -0.434177 -0.193865
v -0.211871 -0.434177 -0.230222
v -0.204483 5.41249 -0.221883
v 0.288733 -0.434177 -0.106834
v 0.278317 5.41249 -0.102883
v 0.257477 5.41249 -0.146807
v 0.267123 -0.434177 -0.152378
v -0.052612 5.41249 0.302434
v -0.054401 -0.434177 0.31343
v -0.103348 -0.434177 0.301366
v -0.099817 5.41249 0.290799
v 0.118628 -0.434177 -0.283933
v 0.114261 5.41249 -0.273684
v 0.095041 -0.434177 0.301366
v 0.091513 5.41249 0.290799
v 0.136243 5.41249 0.271742
v 0.141418 -0.434177 0.281606
v -0.122565 5.41249 -0.273684
v -0.126935 -0.434177 -0.283933
v -0.079117 -0.434177 -0.299897
v -0.07645 5.41249 -0.28908
v -0.304053 5.41249 0.040658
v -0.315112 -0.434177 0.042001
v -0.317142 -0.434177 -0.008369
v -0.306009 5.41249 -0.007921
v 0.306805 -0.434177 0.042001
v 0.295746 5.41249 0.040658
v 0.297705 5.41249 -0.00792
v 0.308835 -0.434177 -0.008369
v -0.30015 5.41249 -0.056185
v -0.311066 -0.434177 -0.058413
v -0.252777 5.41249 0.175857
v -0.261948 -0.434177 0.182186
v -0.287152 -0.434177 0.138528
v -0.277087 5.41249 0.133752
v 0.184024 -0.434177 0.254663
v 0.177335 5.41249 0.245757
v 0.213724 5.41249 0.213517
v 0.221759 -0.434177 0.221234
v -0.165616 5.41249 -0.25109
v -0.17157 -0.434177 -0.260506
v -0.305029 -0.434177 0.091393
v -0.294327 5.41249 0.088293
v 0.244473 5.41249 0.175857
v 0.253641 -0.434177 0.182186
v 0.163263 -0.434177 -0.260506
v 0.157312 5.41249 -0.25109
v 0.291846 5.41249 -0.056184
v 0.302759 -0.434177 -0.058413
v 0.268784 5.41249 0.133753
v 0.278845 -0.434177 0.138528
v -0.185638 5.41249 0.245757
v -0.192331 -0.434177 0.254663
v -0.230063 -0.434177 0.221234
v -0.222028 5.41249 0.213517
v -0.149725 -0.434177 0.281606
v -0.144547 5.41249 0.271742
v 0.296722 -0.434177 0.091393
v 0.286023 5.41249 0.088294
v -0.004153 5.41249 0.306346
v -0.004153 -0.434177 0.317486
v 0.203564 -0.434177 -0.230222
v 0.196179 5.41249 -0.221883
v -0.028461 5.41249 -0.296879
v -0.029358 -0.434177 -0.307983
v 0.238486 -0.434177 -0.193865
v 0.229858 5.41249 -0.186819
v 0.044308 5.41249 0.302434
v 0.046094 -0.434177 0.31343
v -0.026889 5.388918 -0.277424
v -0.028461 5.41249 -0.296879
v 0.020157 5.41249 -0.296879
v 0.018588 5.388918 -0.277424
v -0.207953 5.388918 0.199996
v -0.222028 5.41249 0.213517
v -0.252777 5.41249 0.175857
v -0.236713 5.388918 0.164769
v 0.114261 5.41249 -0.273684
v 0.106613 5.388918 -0.255728
v 0.063477 5.388918 -0.270129
v 0.068146 5.41249 -0.28908
v -0.191537 5.388918 -0.207274
v -0.204483 5.41249 -0.221883
v -0.165616 5.41249 -0.25109
v -0.155182 5.388918 -0.234594
v -0.114914 5.388918 -0.255728
v -0.122565 5.41249 -0.273684
v -0.07645 5.41249 -0.28908
v -0.071777 5.388918 -0.270129
v 0.091513 5.41249 0.290799
v 0.085333 5.388918 0.272285
v 0.127173 5.388918 0.25446
v 0.136243 5.41249 0.271742
v -0.223041 5.388918 -0.174476
v -0.238162 5.41249 -0.18682
v 0.244473 5.41249 0.175857
v 0.228412 5.388918 0.16477
v 0.25115 5.388918 0.125386
v 0.268784 5.41249 0.133753
v -0.185638 5.41249 0.245757
v -0.173911 5.388918 0.230153
v 0.295746 5.41249 0.040658
v 0.276373 5.388918 0.038306
v 0.278204 5.388918 -0.007134
v 0.297705 5.41249 -0.00792
v 0.240573 5.388918 -0.137048
v 0.257477 5.41249 -0.146807
v 0.21474 5.388918 -0.174475
v 0.229858 5.41249 -0.186819
v -0.281024 5.388918 -0.052281
v -0.30015 5.41249 -0.056185
v -0.286621 5.41249 -0.102883
v -0.268372 5.388918 -0.095962
v 0.183237 5.388918 -0.207273
v 0.196179 5.41249 -0.221883
v 0.286023 5.41249 0.088294
v 0.267276 5.388918 0.082864
v -0.306009 5.41249 -0.007921
v -0.286505 5.388918 -0.007135
v -0.259451 5.388918 0.125385
v -0.277087 5.41249 0.133752
v 0.146881 5.388918 -0.234593
v 0.157312 5.41249 -0.25109
v -0.265781 5.41249 -0.146808
v -0.248877 5.388918 -0.137049
v 0.177335 5.41249 0.245757
v 0.16561 5.388918 0.230154
v 0.199649 5.388918 0.199997
v 0.213724 5.41249 0.213517
v 0.041177 5.388918 0.283168
v 0.044308 5.41249 0.302434
v -0.114914 7.00244 -0.255728
v -0.114914 5.388918 -0.255728
v -0.071777 5.388918 -0.270129
v -0.071777 7.00244 -0.270129
v -0.259451 7.00244 0.125385
v -0.259451 5.388918 0.125385
v -0.27558 5.388918 0.082863
v -0.275577 7.00244 0.082863
v -0.049481 5.388918 0.283168
v -0.049481 7.00244 0.283168
v -0.00415 7.00244 0.286828
v -0.00415 5.388918 0.286828
v -0.093637 5.388918 0.272285
v -0.093637 7.00244 0.272285
v 0.146881 5.388918 -0.234593
v 0.146881 7.00244 -0.234593
v 0.106613 7.00244 -0.255728
v 0.106613 5.388918 -0.255728
v 0.041177 5.388918 0.283168
v 0.041177 7.00244 0.283168
v 0.085333 7.00244 0.272285
v 0.085333 5.388918 0.272285
v -0.135474 7.00244 0.254459
v -0.135474 5.388918 0.254459
v -0.173911 5.388918 0.230153
v -0.173911 7.00244 0.230153
v 0.127173 7.00244 0.25446
v 0.127173 5.388918 0.25446
v 0.260071 5.388918 -0.095961
v 0.260071 7.00244 -0.095962
v 0.240573 7.00244 -0.137048
v 0.240573 5.388918 -0.137048
v 0.21474 5.388918 -0.174475
v 0.21474 7.00244 -0.174475
v 0.183237 7.00244 -0.207273
v 0.183237 5.388918 -0.207273
v 0.25115 5.388918 0.125386
v 0.25115 7.00244 0.125386
v 0.267276 7.00244 0.082864
v 0.267276 5.388918 0.082864
v -0.026889 7.00244 -0.277424
v -0.026889 5.388918 -0.277424
v 0.018588 5.388918 -0.277424
v 0.018588 7.00244 -0.277424
v -0.207953 7.00244 0.199996
v -0.207953 5.388918 0.199996
v -0.236713 5.388918 0.164769
v -0.236713 7.00244 0.164769
v -0.284674 5.388918 0.038305
v -0.284674 7.00244 0.038305
v 0.272723 5.388918 -0.05228
v 0.272723 7.00244 -0.05228
v 0.276373 5.388918 0.038306
v 0.276373 7.00244 0.038306
v 0.278204 7.00244 -0.007134
v 0.278204 5.388918 -0.007134
v 0.228412 5.388918 0.16477
v 0.228412 7.00244 0.16477
v 0.16561 5.388918 0.230154
v 0.16561 7.00244 0.230154
v 0.199649 7.00244 0.199997
v 0.199649 5.388918 0.199997
v 0.063477 5.388918 -0.270129
v 0.063477 7.00244 -0.270129
v -0.286505 5.388918 -0.007135
v -0.286505 7.00244 -0.007135
v -0.281024 7.00244 -0.052281
v -0.281024 5.388918 -0.052281
v -0.268372 5.388918 -0.095962
v -0.268372 7.00244 -0.095962
v -0.248877 7.00244 -0.137049
v -0.248877 5.388918 -0.137049
v -0.223041 5.388918 -0.174476
v -0.223041 7.00244 -0.174476
v -0.191537 5.388918 -0.207274
v -0.191537 7.00244 -0.207274
v -0.155182 5.388918 -0.234594
v -0.155182 7.00244 -0.234594
v -0.049481 7.00244 0.283168
v -0.00415 7.002446 0.004244
v -0.00415 7.00244 0.286828
v -0.093637 7.00244 0.272285
v 0.041177 7.00244 0.283168
v -0.135474 7.00244 0.254459
v 0.085333 7.00244 0.272285
v -0.173911 7.00244 0.230153
v 0.127173 7.00244 0.25446
v -0.207953 7.00244 0.199996
v 0.16561 7.00244 0.230154
v -0.236713 7.00244 0.164769
v 0.199649 7.00244 0.199997
v -0.259451 7.00244 0.125385
v 0.228412 7.00244 0.16477
v -0.275577 7.00244 0.082863
v 0.25115 7.00244 0.125386
v -0.284674 7.00244 0.038305
v 0.267276 7.00244 0.082864
v -0.286505 7.00244 -0.007135
v 0.276373 7.00244 0.038306
v -0.281024 7.00244 -0.052281
v 0.278204 7.00244 -0.007134
v -0.268372 7.00244 -0.095962
v 0.272723 7.00244 -0.05228
v -0.248877 7.00244 -0.137049
v 0.260071 7.00244 -0.095962
v -0.223041 7.00244 -0.174476
v 0.240573 7.00244 -0.137048
v -0.191537 7.00244 -0.207274
v 0.21474 7.00244 -0.174475
v -0.155182 7.00244 -0.234594
v 0.183237 7.00244 -0.207273
v -0.114914 7.00244 -0.255728
v 0.146881 7.00244 -0.234593
v -0.071777 7.00244 -0.270129
v 0.106613 7.00244 -0.255728
v -0.026889 7.00244 -0.277424
v 0.063477 7.00244 -0.270129
v 0.018588 7.00244 -0.277424
v 0.786255 -1.374831 -0.295519
v 0.809894 -1.363055 -0.304483
v 0.749829 -1.363055 -0.431068
v 0.727936 -1.374831 -0.418428
v 0.50368 -1.374831 0.680047
v 0.518866 -1.363055 0.700257
v 0.623743 -1.363055 0.607345
v 0.605511 -1.374831 0.589833
v 0.026706 -0.952212 -0.378017
v 0.021832 -0.833678 -0.317632
v -0.030139 -0.833678 -0.317632
v -0.035013 -0.952212 -0.378017
v -0.331619 -1.211828 -0.764345
v -0.339017 -1.223492 -0.78171
v -0.208606 -1.223492 -0.825248
v -0.204086 -1.211828 -0.806921
v 0.263541 -1.374831 0.806082
v 0.271545 -1.363055 0.830061
v 0.400445 -1.363055 0.775142
v 0.388696 -1.374828 0.752758
v 0.209503 -1.341491 -0.862594
v 0.204199 -1.363055 -0.84108
v 0.337103 -1.363055 -0.796711
v 0.345786 -1.341491 -0.817095
v -0.540485 -1.341491 0.71797
v -0.527173 -1.363055 0.700257
v -0.63205 -1.363055 0.607345
v -0.648029 -1.341491 0.622694
v 0.019379 -0.634566 -0.287242
v 0.019287 -0.65772 -0.286114
v 0.065561 -0.65772 -0.278593
v 0.065829 -0.634566 -0.279692
v -0.050882 -0.65772 0.291773
v -0.051062 -0.634566 0.29289
v -0.004153 -0.634566 0.296677
v -0.004153 -0.65772 0.295545
v 0.117291 -0.952212 0.368011
v 0.154657 -1.05162 0.479943
v 0.076294 -1.05162 0.499258
v 0.057364 -0.952212 0.382781
v -0.865869 -1.269946 0.253842
v -0.847275 -1.242376 0.248457
v -0.797183 -1.242376 0.380541
v -0.81467 -1.269946 0.388839
v 0.226233 -0.952212 0.310833
v 0.189841 -0.833678 0.262402
v 0.228738 -0.833678 0.227941
v 0.27243 -0.952212 0.269906
v -0.065323 -1.169808 -0.753476
v -0.059848 -1.139635 -0.685676
v -0.1698 -1.139635 -0.667808
v -0.186078 -1.169808 -0.733852
v 0.198151 -1.374831 -0.816535
v 0.065903 -1.363055 -0.863556
v 0.063867 -1.374831 -0.838358
v -0.613815 -1.374828 0.589833
v -0.511987 -1.374831 0.680047
v -0.45596 -1.374831 -0.710232
v -0.46947 -1.363055 -0.731598
v -0.581482 -1.363055 -0.647427
v -0.564719 -1.374828 -0.628505
v 0.712356 -1.363055 0.498814
v 0.69155 -1.374831 0.484453
v -0.004154 -1.139635 0.696408
v -0.004154 -1.169808 0.764429
v -0.126096 -1.169808 0.754585
v -0.115186 -1.139635 0.687445
v 0.196667 -0.614913 -0.222436
v 0.189767 -0.634566 -0.214646
v 0.222366 -0.634566 -0.180705
v 0.230429 -0.614913 -0.187287
v -0.727667 -1.211828 -0.413477
v -0.744012 -1.223492 -0.422915
v -0.665912 -1.223492 -0.536065
v -0.651291 -1.211828 -0.524127
v -0.218851 -1.269946 -0.866823
v -0.214221 -1.242376 -0.848029
v -0.348215 -1.242376 -0.803295
v -0.355801 -1.269946 -0.821103
v -0.781094 -1.269946 -0.444324
v -0.764331 -1.242376 -0.434646
v -0.82489 -1.242376 -0.307021
v -0.84299 -1.269946 -0.313885
v -0.460757 -1.223492 -0.717816
v -0.473297 -1.242376 -0.737647
v -0.070544 -1.379296 -0.818143
v -0.072174 -1.374831 -0.838358
v -0.206457 -1.374831 -0.816535
v -0.201602 -1.379296 -0.796843
v 0.71037 -1.379296 -0.408287
v 0.650653 -1.374831 -0.530389
v 0.634943 -1.379296 -0.517563
v 0.088452 -0.634566 0.281628
v 0.088092 -0.65772 0.280554
v 0.042575 -0.65772 0.291773
v 0.042755 -0.634566 0.29289
v -0.749554 -1.379296 0.357942
v -0.76788 -1.374831 0.366636
v -0.699857 -1.374831 0.484453
v -0.683167 -1.379296 0.472932
v -0.828546 -1.379296 -0.028978
v -0.84881 -1.374831 -0.029795
v -0.843332 -1.374831 0.106138
v -0.823199 -1.379296 0.103694
v -0.643249 -1.379296 -0.517563
v -0.65896 -1.374831 -0.53039
v -0.736243 -1.374831 -0.418428
v -0.718677 -1.379296 -0.408287
v -0.075729 -0.72564 -0.286149
v -0.073865 -0.65772 -0.278593
v -0.118335 -0.65772 -0.263748
v -0.121384 -0.72564 -0.270907
v 0.068036 -1.269946 -0.889983
v 0.06648 -1.242376 -0.870689
v -0.074786 -1.242376 -0.870689
v -0.076343 -1.269946 -0.889983
v -0.517377 -1.223492 0.687221
v -0.506039 -1.211828 0.672131
v -0.392401 -1.211828 0.74399
v -0.401175 -1.223492 0.760704
v 0.497732 -1.211828 0.672132
v 0.50907 -1.223492 0.687221
v 0.392868 -1.223492 0.760704
v 0.384097 -1.211828 0.743991
v -0.822711 -1.211828 -0.162866
v -0.748975 -1.169808 -0.147813
v -0.763721 -1.169808 -0.026366
v -0.838916 -1.211828 -0.029396
v -0.071377 -1.211828 -0.828489
v -0.816119 -1.374831 0.239433
v -0.840402 -1.363055 0.246466
v -0.790717 -1.363055 0.377473
v 0.824106 -1.374831 -0.164846
v 0.848874 -1.363055 -0.169903
v -0.07421 -1.363055 -0.863556
v 0.267151 -1.139635 -0.632533
v 0.235849 -1.105508 -0.559059
v 0.14238 -1.105508 -0.590263
v 0.161493 -1.139635 -0.667808
v -0.124173 -1.05162 -0.482692
v -0.150687 -1.105508 -0.590263
v -0.053424 -1.105508 -0.60607
v -0.044507 -1.05162 -0.495638
v -0.004154 -1.341491 0.897023
v -0.004154 -1.307662 0.907936
v 0.140808 -1.307662 0.896233
v 0.139059 -1.341491 0.885462
v 0.063071 -1.211828 -0.828489
v 0.057016 -1.169808 -0.753476
v 0.279007 -0.614913 -0.103145
v 0.269278 -0.634566 -0.099455
v 0.28237 -0.634566 -0.05425
v 0.292569 -0.614913 -0.056332
v -0.02822 -0.72564 -0.29387
v -0.081433 -0.833678 -0.309296
v 0.415814 -1.307662 0.804423
v 0.412765 -1.269946 0.798618
v 0.534793 -1.269946 0.721453
v 0.538733 -1.307662 0.726694
v -0.79664 -1.379296 0.23379
v -0.335501 -1.374831 -0.773455
v -0.327551 -1.379296 -0.754796
v -0.794562 -1.374831 -0.295519
v -0.775598 -1.379296 -0.288327
v 0.319244 -1.379296 -0.754796
v 0.327194 -1.374831 -0.773455
v 0.193298 -1.379296 -0.796843
v 0.767294 -1.379296 -0.288327
v -0.229797 -0.65772 -0.179989
v -0.230673 -0.634566 -0.180705
v -0.25741 -0.634566 -0.141973
v -0.256427 -0.65772 -0.141407
v 0.062238 -1.379296 -0.818143
v -0.004154 -1.269946 0.90138
v 0.139758 -1.269946 0.889762
v -0.655899 -1.307662 0.630253
v -0.651169 -1.269946 0.625712
v -0.5431 -1.269942 0.721452
v -0.54704 -1.307662 0.726694
v -0.028522 -0.614913 -0.297615
v -0.027686 -0.634566 -0.287242
v 0.020215 -0.614913 -0.297615
v -0.036691 -1.429708 0.204461
v -0.004153 -1.429708 0.207088
v -0.004153 -1.432241 0.004244
v -0.004153 -1.418142 0.416547
v 0.061984 -1.418142 0.411208
v 0.028384 -1.429708 0.204461
v 0.12641 -1.418142 0.395328
v 0.06008 -1.429708 0.196649
v -0.134717 -1.418142 0.395328
v -0.068387 -1.429708 0.196649
v -0.098419 -1.429708 0.183853
v -0.195761 -1.418142 0.36932
v 0.40751 -1.400387 -0.460428
v 0.269254 -1.418142 -0.30437
v 0.315219 -1.418142 -0.256516
v 0.476718 -1.400387 -0.388375
v -0.343472 -1.418142 0.238459
v -0.171091 -1.429708 0.119472
v -0.187412 -1.429708 0.091201
v -0.376648 -1.418142 0.180995
v -0.004153 -1.400387 0.625039
v 0.095428 -1.400387 0.617
v 0.192432 -1.400387 0.593091
v 0.284344 -1.400387 0.553931
v 0.187454 -1.418142 0.36932
v 0.090112 -1.429708 0.183853
v 0.243533 -1.418142 0.333857
v 0.117703 -1.429708 0.166406
v -0.12601 -1.429708 0.166406
v 0.32764 -1.40039 -0.520446
v 0.216208 -1.418142 -0.344231
v -0.301508 -1.418142 0.289856
v -0.150446 -1.429708 0.144759
v -0.335947 -1.400387 -0.520446
v -0.224515 -1.418142 -0.344231
v -0.165762 -1.418142 -0.375067
v -0.247485 -1.400387 -0.566875
v -0.416122 -1.418142 -0.012358
v -0.206833 -1.429708 -0.003924
v -0.202899 -1.429708 -0.03633
v -0.408124 -1.418142 -0.078228
v -0.054108 -1.400387 -0.614538
v -0.037329 -1.418142 -0.406723
v 0.029022 -1.418142 -0.406723
v 0.045801 -1.400387 -0.614538
v 0.293201 -1.418142 0.289856
v 0.142139 -1.429708 0.144759
v 0.604095 -1.400387 -0.119931
v 0.399817 -1.418142 -0.078227
v 0.407816 -1.418142 -0.012358
v 0.616138 -1.400387 -0.020753
v -0.413449 -1.418142 0.053941
v -0.205518 -1.429708 0.028694
v -0.19899 -1.429708 0.060679
v -0.584607 -1.400387 -0.215893
v -0.389664 -1.418142 -0.141961
v -0.361218 -1.418142 -0.201908
v -0.541779 -1.400387 -0.306154
v -0.27756 -1.418142 -0.30437
v -0.138663 -1.429708 -0.147587
v -0.112567 -1.429708 -0.167198
v 0.405145 -1.418142 0.053941
v 0.612115 -1.400387 0.079072
v 0.352911 -1.418142 -0.201908
v 0.171515 -1.429708 -0.097178
v 0.18551 -1.429708 -0.067686
v 0.381357 -1.418142 -0.141961
v 0.144412 -1.400387 -0.598512
v 0.094516 -1.418142 -0.396079
v 0.157455 -1.418142 -0.375067
v 0.239178 -1.400387 -0.566875
v -0.200739 -1.400387 0.593091
v -0.292651 -1.400387 0.553931
v 0.194592 -1.429708 -0.03633
v -0.193817 -1.429708 -0.067686
v -0.070291 -1.418142 0.411208
v -0.103735 -1.400387 0.617
v -0.400177 -1.418142 0.118954
v -0.179822 -1.429708 -0.097178
v -0.620422 -1.400387 0.079072
v -0.624445 -1.400387 -0.020753
v 0.368341 -1.418142 0.180995
v 0.179108 -1.429708 0.091201
v 0.162784 -1.429708 0.119472
v 0.335165 -1.418142 0.238459
v -0.161276 -1.429708 -0.124044
v 0.556705 -1.400387 0.270374
v 0.50675 -1.40039 0.356896
v 0.130356 -1.429708 -0.147587
v 0.152969 -1.429708 -0.124044
v 0.533472 -1.40039 -0.306154
v 0.10426 -1.429708 -0.167198
v 0.075354 -1.429708 -0.182369
v -0.083661 -1.429708 -0.182369
v -0.612402 -1.400387 -0.119931
v 0.197211 -1.429708 0.028694
v 0.190683 -1.429708 0.060678
v 0.39187 -1.418142 0.118954
v -0.052698 -1.429708 -0.192706
v -0.451874 -1.400387 0.434284
v -0.515057 -1.400387 0.356896
v -0.25184 -1.418142 0.333857
v -0.020474 -1.429708 -0.197943
v 0.443567 -1.400387 0.434284
v 0.198526 -1.429708 -0.003924
v 0.012167 -1.429708 -0.197943
v -0.152719 -1.400387 -0.598512
v -0.102823 -1.418142 -0.396079
v 0.044391 -1.429708 -0.192706
v -0.323526 -1.418142 -0.256516
v -0.485025 -1.400387 -0.388375
v 0.5763 -1.400387 -0.215893
v -0.415817 -1.40039 -0.460428
v -0.600439 -1.400387 0.17696
v -0.37709 -1.40039 0.500534
v -0.565012 -1.400387 0.270374
v 0.592133 -1.400387 0.17696
v 0.368784 -1.400387 0.500534
v 0.590884 -1.379296 0.575784
v 0.67486 -1.379296 0.472932
v -0.44512 -1.379296 -0.69309
v -0.551269 -1.379296 -0.613324
v -0.136502 -1.379296 0.818621
v -0.004154 -1.379296 0.829306
v -0.265424 -1.379296 0.786845
v -0.599188 -1.379296 0.575784
v -0.832413 -1.374831 -0.164847
v -0.81254 -1.379296 -0.16079
v -0.499802 -1.379296 0.663833
v 0.741251 -1.379296 0.357942
v 0.759573 -1.374831 0.366636
v 0.807812 -1.374831 0.239433
v 0.788333 -1.379296 0.23379
v 0.436813 -1.379296 -0.69309
v 0.447653 -1.374831 -0.710232
v 0.835025 -1.374831 0.106139
v 0.860123 -1.363055 0.109186
v 0.865762 -1.363055 -0.030812
v 0.840503 -1.374831 -0.029794
v 0.670236 -1.363055 -0.546377
v 0.573175 -1.363055 -0.647427
v 0.556412 -1.374831 -0.628505
v -0.678543 -1.363055 -0.546377
v -0.758136 -1.363055 -0.431068
v -0.890424 -1.341491 0.111856
v -0.86843 -1.363055 0.109186
v -0.874069 -1.363055 -0.030813
v -0.89621 -1.341491 -0.031705
v -0.838916 -1.341491 -0.31234
v -0.818201 -1.363055 -0.304483
v -0.777322 -1.341491 -0.442146
v -0.279852 -1.363055 0.830061
v -0.286868 -1.341491 0.851078
v -0.147366 -1.341491 0.885462
v -0.143811 -1.363055 0.863592
v -0.861685 -1.341491 0.252631
v 0.587869 -1.341491 -0.664012
v 0.687399 -1.341491 -0.56039
v -0.419049 -1.341491 0.794761
v -0.424121 -1.307662 0.804423
v -0.290323 -1.307662 0.861429
v -0.149115 -1.307662 0.896233
v -0.603412 -1.307662 -0.67218
v -0.596176 -1.341491 -0.664011
v -0.481314 -1.341491 -0.750325
v -0.487146 -1.307662 -0.759548
v 0.812286 -1.307662 0.39165
v 0.806363 -1.269946 0.388839
v 0.857562 -1.269946 0.253843
v 0.863858 -1.307662 0.255667
v 0.695853 -1.307662 -0.567292
v 0.690772 -1.269946 -0.563146
v 0.590759 -1.269946 -0.667272
v 0.595105 -1.307662 -0.67218
v 0.778467 -1.307662 -0.447602
v 0.769015 -1.341491 -0.442146
v 0.830609 -1.341491 -0.31234
v 0.840814 -1.307662 -0.31621
v -0.599063 -1.269946 -0.667272
v -0.699078 -1.269946 -0.563145
v -0.704156 -1.307662 -0.567292
v -0.810736 -1.341491 0.386972
v -0.820593 -1.307662 0.39165
v -0.872165 -1.307662 0.255667
v 0.870584 -1.341491 -0.174335
v -0.139755 -1.374831 0.83864
v -0.004154 -1.374831 0.849587
v 0.542963 -1.379296 -0.613324
v 0.128195 -1.379296 0.818621
v 0.814893 -1.379296 0.103694
v 0.820239 -1.379296 -0.028978
v -0.004154 -1.363055 0.874866
v -0.857181 -1.363055 -0.169903
v -0.387579 -1.379296 0.734799
v 0.257117 -1.379296 0.786845
v 0.379272 -1.379296 0.7348
v -0.72066 -1.363055 0.498814
v 0.491498 -1.379296 0.663834
v -0.212506 -1.363055 -0.84108
v -0.345407 -1.363055 -0.796711
v -0.271848 -1.374831 0.806082
v -0.397003 -1.374831 0.752758
v -0.408752 -1.363055 0.775142
v 0.461166 -1.363055 -0.731598
v 0.78241 -1.363055 0.377473
v 0.832095 -1.363055 0.246466
v 0.804236 -1.379296 -0.16079
v 0.131448 -1.374831 0.83864
v 0.135504 -1.363055 0.863592
v 0.278561 -1.341491 0.851078
v 0.410742 -1.341491 0.794761
v -0.075992 -1.341491 -0.885641
v 0.067685 -1.341491 -0.885641
v 0.350064 -1.307662 -0.827134
v 0.473007 -1.341491 -0.750325
v 0.478839 -1.307662 -0.759548
v -0.889581 -1.307662 -0.176518
v -0.878891 -1.341491 -0.174335
v -0.849121 -1.307662 -0.31621
v 0.532178 -1.341491 0.71797
v -0.354092 -1.341491 -0.817095
v -0.358371 -1.307662 -0.827135
v -0.695706 -1.341491 -0.560391
v 0.647592 -1.307662 0.630253
v 0.639722 -1.341491 0.622694
v 0.853378 -1.341491 0.252631
v 0.802429 -1.341491 0.386972
v 0.881277 -1.307662 -0.176518
v 0.887903 -1.341491 -0.031705
v 0.898807 -1.307662 -0.032144
v 0.89295 -1.307662 0.113172
v 0.882117 -1.341491 0.111856
v 0.282016 -1.307662 0.861429
v -0.901257 -1.307662 0.113172
v -0.21781 -1.341491 -0.862594
v -0.907114 -1.307662 -0.032144
v 0.730591 -1.341491 0.511401
v 0.212116 -1.307662 -0.873189
v -0.738898 -1.341491 0.5114
v -0.747879 -1.307662 0.517599
v -0.220422 -1.307662 -0.873189
v -0.076871 -1.307662 -0.896518
v 0.739572 -1.307662 0.5176
v 0.068564 -1.307662 -0.896518
v -0.786774 -1.307662 -0.447602
v -0.883157 -1.269946 -0.175207
v -0.900561 -1.269946 -0.03188
v 0.642862 -1.269946 0.625712
v 0.892255 -1.269946 -0.03188
v 0.87485 -1.269946 -0.175206
v 0.834683 -1.269946 -0.313885
v 0.772791 -1.269946 -0.444324
v 0.279941 -1.269946 0.85521
v -0.483642 -1.269946 -0.754007
v -0.144959 -1.242376 0.870656
v -0.148065 -1.269946 0.889762
v -0.288248 -1.269946 0.855209
v -0.282117 -1.242376 0.836849
v 0.886441 -1.269946 0.112382
v -0.894748 -1.269946 0.112381
v -0.875534 -1.242376 0.110048
v -0.421072 -1.269946 0.798618
v 0.816586 -1.242376 -0.307021
v 0.756027 -1.242376 -0.434646
v 0.855887 -1.242376 -0.171335
v -0.72655 -1.242376 0.502879
v -0.74248 -1.269946 0.513875
v 0.577924 -1.242376 -0.652784
v 0.46499 -1.242376 -0.737646
v 0.475336 -1.269946 -0.754007
v 0.734173 -1.269946 0.513875
v 0.718243 -1.242376 0.502879
v 0.788876 -1.242376 0.380541
v -0.586227 -1.242376 -0.652783
v -0.684085 -1.242376 -0.550904
v 0.838971 -1.242376 0.248457
v 0.136652 -1.242376 0.870656
v 0.27381 -1.242376 0.836849
v 0.210547 -1.269946 -0.866823
v 0.675778 -1.242376 -0.550904
v 0.347495 -1.269946 -0.821103
v -0.63721 -1.242376 0.612303
v -0.531473 -1.242376 0.705978
v -0.412079 -1.242376 0.781479
v 0.339908 -1.242376 -0.803295
v 0.205914 -1.242376 -0.848029
v -0.864194 -1.242376 -0.171335
v -0.881219 -1.242376 -0.031101
v 0.403772 -1.242376 0.781479
v 0.523166 -1.242376 0.705978
v 0.872916 -1.242376 -0.031101
v 0.867227 -1.242376 0.110048
v 0.628903 -1.242376 0.612303
v -0.004154 -1.242376 0.882023
v -0.072897 -1.223492 -0.847302
v 0.266382 -1.223492 0.814594
v 0.843933 -1.223492 0.10722
v 0.816434 -1.223492 0.24193
v -0.570669 -1.223492 -0.635221
v 0.611981 -1.223492 0.59605
v 0.064591 -1.223492 -0.847302
v 0.200299 -1.223492 -0.825248
v 0.195783 -1.211828 -0.806921
v 0.71936 -1.211828 -0.413477
v 0.735706 -1.223492 -0.422915
v 0.794647 -1.223492 -0.298701
v 0.776999 -1.211828 -0.292008
v 0.767679 -1.223492 0.370483
v 0.798303 -1.211828 0.236678
v 0.750625 -1.211828 0.362391
v 0.59837 -1.211828 0.582974
v 0.849472 -1.223492 -0.030156
v -0.841205 -1.223492 -0.166642
v -0.802954 -1.223492 -0.298701
v -0.785306 -1.211828 -0.292008
v 0.832898 -1.223492 -0.166641
v 0.814404 -1.211828 -0.162866
v 0.698935 -1.223492 0.489551
v 0.683401 -1.211828 0.478829
v -0.775986 -1.223492 0.370483
v -0.824741 -1.223492 0.241929
v 0.825198 -1.211828 0.104945
v -0.80661 -1.211828 0.236678
v -0.85224 -1.223492 0.10722
v -0.833502 -1.211828 0.104945
v -0.707242 -1.223492 0.489551
v -0.620288 -1.223492 0.59605
v 0.442361 -1.211828 -0.701863
v 0.452451 -1.223492 -0.717816
v 0.562363 -1.223492 -0.635221
v 0.549847 -1.211828 -0.621093
v 0.33071 -1.223492 -0.78171
v 0.323312 -1.211828 -0.764345
v -0.141196 -1.223492 0.847497
v -0.004154 -1.223492 0.85856
v 0.830612 -1.211828 -0.029396
v -0.274689 -1.223492 0.814594
v -0.450668 -1.211828 -0.701863
v 0.132889 -1.223492 0.847497
v 0.260403 -1.211828 0.79669
v -0.857776 -1.223492 -0.030156
v -0.606674 -1.211828 0.582974
v 0.657605 -1.223492 -0.536065
v -0.691708 -1.211828 0.478828
v -0.558154 -1.211828 -0.621093
v -0.758933 -1.211828 0.362391
v 0.642984 -1.211828 -0.524127
v -0.26871 -1.211828 0.79669
v -0.138168 -1.211828 0.828866
v -0.004154 -1.211828 0.839685
v 0.129861 -1.211828 0.828866
v 0.452521 -1.169808 0.611968
v 0.349121 -1.169808 0.677354
v 0.682635 -1.169808 0.330129
v 0.726019 -1.169808 0.215741
v 0.402139 -1.169808 -0.638257
v 0.293814 -1.169808 -0.695111
v -0.592996 -1.169808 -0.476532
v -0.662494 -1.169808 -0.375849
v -0.603586 -1.139635 -0.341839
v -0.65134 -1.139635 -0.241201
v -0.714938 -1.169808 -0.265322
v -0.629773 -1.169808 0.436078
v -0.552402 -1.169808 0.530842
v -0.460828 -1.169808 0.611968
v -0.419965 -1.139635 0.55759
v -0.325818 -1.139635 0.617125
v -0.357428 -1.169808 0.677354
v 0.740668 -1.169808 -0.147813
v 0.674023 -1.139635 -0.134207
v 0.643033 -1.139635 -0.241201
v 0.706631 -1.169808 -0.265321
v -0.410446 -1.169808 -0.638257
v -0.37409 -1.139635 -0.580767
v -0.463144 -1.139635 -0.513849
v -0.508249 -1.169808 -0.564763
v -0.102374 -1.105508 0.608614
v -0.22334 -1.139635 0.660787
v -0.19805 -1.105508 0.585032
v 0.177771 -1.169808 -0.733852
v 0.365784 -1.139635 -0.580767
v 0.323099 -1.105508 -0.513265
v 0.236572 -1.169808 0.725307
v -0.503345 -1.139635 0.483723
v -0.573795 -1.139635 0.397438
v -0.508066 -1.105508 0.352069
v -0.445746 -1.105508 0.428398
v -0.244879 -1.169808 0.725307
v 0.595279 -1.139635 -0.341838
v 0.654187 -1.169808 -0.375849
v 0.526114 -1.105508 -0.301906
v 0.470136 -1.105508 -0.383002
v 0.532001 -1.139635 -0.433512
v 0.317511 -1.139635 0.617125
v 0.411658 -1.139635 0.55759
v -0.410184 -1.105508 -0.454069
v -0.478442 -1.105508 -0.383002
v -0.540308 -1.139635 -0.433512
v 0.544095 -1.169808 0.530842
v 0.621466 -1.169808 0.436078
v -0.534421 -1.105508 -0.301906
v -0.576663 -1.105508 -0.212881
v -0.68233 -1.139635 -0.134207
v 0.495038 -1.139635 0.483723
v 0.437439 -1.105508 0.428398
v 0.499759 -1.105508 0.352069
v 0.565488 -1.139635 0.397438
v -0.758795 -1.169808 0.095874
v -0.691272 -1.139635 0.087675
v -0.668991 -1.139635 0.196816
v -0.734326 -1.169808 0.21574
v 0.682965 -1.139635 0.087675
v 0.60368 -1.105508 0.078048
v 0.607651 -1.105508 -0.020411
v 0.687451 -1.139635 -0.023627
v 0.750488 -1.169808 0.095874
v 0.755414 -1.169808 -0.026366
v -0.604077 -1.105508 -0.118232
v 0.117789 -1.169808 0.754585
v 0.106879 -1.139635 0.687445
v 0.215033 -1.139635 0.660787
v -0.288702 -1.105508 0.546408
v -0.690942 -1.169808 0.330129
v -0.302121 -1.169808 -0.695111
v -0.275458 -1.139635 -0.632533
v -0.331406 -1.105508 -0.513265
v -0.371988 -1.105508 0.493742
v -0.004153 -1.105508 0.616543
v -0.629489 -1.139635 0.300969
v 0.051544 -1.139635 -0.685676
v 0.045117 -1.105508 -0.60607
v 0.54903 -1.105508 0.266732
v 0.621182 -1.139635 0.300969
v 0.499942 -1.169808 -0.564763
v -0.592276 -1.105508 0.174596
v -0.557336 -1.105508 0.266732
v 0.595773 -1.105508 -0.118232
v 0.568356 -1.105508 -0.21288
v 0.584689 -1.169808 -0.476532
v 0.454837 -1.139635 -0.513849
v 0.660684 -1.139635 0.196816
v 0.401877 -1.105508 -0.454069
v -0.244153 -1.105508 -0.559059
v 0.189743 -1.105508 0.585032
v 0.280395 -1.105508 0.546408
v -0.695755 -1.139635 -0.023627
v -0.615955 -1.105508 -0.020411
v -0.611987 -1.105508 0.078048
v 0.464764 -1.05162 -0.173594
v 0.487219 -1.05162 -0.096071
v -0.485861 -1.05162 0.143772
v -0.457242 -1.05162 0.219237
v -0.495526 -1.05162 -0.096071
v -0.473071 -1.05162 -0.173594
v 0.263885 -1.05162 -0.419626
v 0.328409 -1.05162 -0.371141
v 0.496948 -1.05162 -0.01595
v 0.493698 -1.05162 0.064694
v 0.408581 -1.05162 0.289133
v 0.357535 -1.05162 0.351651
v 0.297125 -1.05162 0.405171
v 0.228909 -1.05162 0.448308
v 0.174069 -0.952212 0.34382
v -0.438473 -1.05162 -0.246511
v -0.392624 -1.05162 -0.312933
v 0.200818 -0.952212 -0.31989
v 0.250156 -0.952212 -0.282813
v -0.362735 -0.952212 -0.131749
v -0.379907 -0.952212 -0.072467
v 0.094067 -1.105508 0.608614
v -0.365842 -1.05162 0.351651
v -0.280737 -0.952212 0.269906
v -0.23454 -0.952212 0.310833
v -0.305432 -1.05162 0.405171
v 0.384317 -1.05162 -0.312933
v -0.505255 -1.05162 -0.01595
v 0.036203 -1.05162 -0.495638
v 0.115866 -1.05162 -0.482692
v 0.087625 -0.952212 -0.368116
v -0.162964 -1.05162 0.479943
v -0.237216 -1.05162 0.448307
v -0.387347 -0.952212 -0.011199
v -0.38486 -0.952212 0.05047
v -0.502005 -1.05162 0.064694
v 0.448935 -1.05162 0.219237
v 0.292911 -0.952212 -0.238302
v 0.430167 -1.05162 -0.246511
v 0.327972 -0.952212 -0.187508
v 0.192423 -1.05162 -0.457134
v 0.146167 -0.952212 -0.348572
v -0.200726 -1.05162 -0.457134
v -0.336276 -0.952212 -0.187508
v -0.272192 -1.05162 -0.419626
v -0.065671 -0.952212 0.382781
v -0.084601 -1.05162 0.499258
v -0.125595 -0.952212 0.368011
v -0.336716 -1.05162 -0.371141
v -0.350629 -0.952212 0.168649
v -0.319772 -0.952212 0.222099
v -0.416885 -1.05162 0.289133
v -0.004153 -0.952212 0.387748
v -0.004153 -1.05162 0.505752
v -0.182376 -0.952212 0.34382
v -0.372516 -0.952212 0.110941
v 0.376553 -0.952212 0.05047
v 0.477554 -1.05162 0.143772
v 0.364209 -0.952212 0.110941
v -0.209122 -0.952212 -0.31989
v -0.154474 -0.952212 -0.348572
v 0.354428 -0.952212 -0.131749
v 0.311465 -0.952212 0.222099
v 0.363681 -1.105508 0.493742
v -0.258462 -0.952212 -0.282813
v -0.301218 -0.952212 -0.238302
v -0.237045 -0.833678 0.22794
v -0.198148 -0.833678 0.262402
v 0.342325 -0.952212 0.168649
v 0.287592 -0.833678 0.142679
v 0.306021 -0.833678 0.094087
v 0.297784 -0.833678 -0.110266
v 0.275507 -0.833678 -0.157218
v -0.095932 -0.952212 -0.368116
v -0.130728 -0.833678 -0.292839
v 0.316415 -0.833678 0.043168
v 0.292749 -0.72564 0.040294
v 0.294687 -0.72564 -0.007799
v 0.318509 -0.833678 -0.008759
v -0.154224 -0.833678 0.290178
v 0.283121 -0.72564 0.087454
v -0.326816 -0.833678 -0.008759
v -0.302994 -0.725637 -0.007799
v -0.301056 -0.725637 0.040294
v -0.324722 -0.833678 0.043168
v 0.209985 -0.833678 -0.237468
v 0.194177 -0.72564 -0.219624
v 0.155698 -0.72564 -0.248539
v 0.168439 -0.833678 -0.268688
v -0.21424 -0.65772 0.206035
v -0.219852 -0.72564 0.211426
v -0.250293 -0.72564 0.174142
v -0.24389 -0.65772 0.169722
v -0.320551 -0.833678 -0.060349
v -0.297192 -0.725637 -0.055581
v -0.274359 -0.725637 0.132458
v -0.267331 -0.65772 0.129122
v -0.314328 -0.833678 0.094087
v -0.291428 -0.725637 0.087454
v -0.283954 -0.65772 0.085289
v 0.288885 -0.72564 -0.055581
v 0.281262 -0.65772 -0.054024
v 0.268219 -0.65772 -0.099053
v 0.275494 -0.72564 -0.101813
v 0.3716 -0.952212 -0.072467
v 0.312244 -0.833678 -0.060349
v 0.090558 -0.72564 0.287935
v 0.043823 -0.72564 0.299454
v -0.306091 -0.833678 -0.110267
v -0.176746 -0.833678 -0.268688
v -0.164004 -0.72564 -0.248539
v -0.202481 -0.72564 -0.219624
v -0.218292 -0.833678 -0.237468
v -0.197321 -0.65772 -0.213799
v -0.235825 -0.72564 -0.18491
v 0.379041 -0.952212 -0.011198
v -0.254291 -0.833678 -0.199988
v -0.263168 -0.725637 -0.145298
v -0.283813 -0.833678 -0.157218
v -0.295218 -0.65772 -0.007486
v -0.293332 -0.65772 0.039356
v -0.183826 -0.72564 0.243344
v -0.143143 -0.72564 0.269069
v -0.276526 -0.65772 -0.099053
v -0.283801 -0.725637 -0.101813
v 0.245984 -0.833678 -0.199988
v 0.227518 -0.72564 -0.18491
v -0.17915 -0.65772 0.237123
v -0.139526 -0.65772 0.262179
v 0.261606 -0.833678 0.187685
v -0.295898 -0.833678 0.142678
v -0.159845 -0.65772 -0.241962
v -0.106412 -0.833678 0.310548
v 0.254861 -0.72564 -0.145298
v 0.275647 -0.65772 0.085289
v 0.285025 -0.65772 0.039356
v 0.145917 -0.833678 0.290178
v 0.134839 -0.72564 0.269069
v 0.175519 -0.72564 0.243344
v -0.004153 -0.72564 0.303327
v -0.05213 -0.72564 0.299454
v 0.047647 -0.833678 0.322985
v -0.004153 -0.833678 0.327167
v 0.098105 -0.833678 0.310548
v -0.027594 -0.65772 -0.286114
v 0.131223 -0.65772 0.262179
v 0.122421 -0.833678 -0.292839
v 0.073126 -0.833678 -0.309296
v 0.067423 -0.72564 -0.286149
v 0.019913 -0.72564 -0.29387
v 0.170843 -0.65772 0.237123
v 0.205936 -0.65772 0.206035
v 0.211548 -0.72564 0.211426
v 0.113077 -0.72564 -0.270907
v 0.110028 -0.65772 -0.263748
v -0.269913 -0.833678 0.187685
v 0.24812 -0.65772 -0.141407
v 0.22149 -0.65772 -0.179989
v -0.098865 -0.72564 0.287935
v 0.151538 -0.65772 -0.241962
v 0.189017 -0.65772 -0.213799
v -0.140054 -0.634566 0.263181
v -0.179831 -0.634566 0.238028
v 0.276733 -0.634566 0.085604
v 0.259024 -0.65772 0.129123
v 0.260046 -0.634566 0.129608
v -0.277585 -0.634566 -0.099455
v -0.055954 -0.833678 0.322985
v -0.289569 -0.65772 -0.054024
v 0.20675 -0.634566 0.20682
v 0.171524 -0.634566 0.238028
v -0.215057 -0.634566 0.20682
v 0.241989 -0.72564 0.174143
v 0.235583 -0.65772 0.169722
v 0.266055 -0.72564 0.132459
v -0.244821 -0.634566 0.170365
v 0.249103 -0.634566 -0.141973
v -0.294455 -0.634566 0.039493
v -0.304785 -0.614913 0.040747
v -0.295038 -0.614913 0.088499
v -0.28504 -0.634566 0.085604
v -0.052731 -0.614913 0.303163
v -0.004153 -0.614913 0.307085
v -0.29635 -0.634566 -0.007532
v -0.306747 -0.614913 -0.007951
v -0.300873 -0.614913 -0.056332
v -0.290677 -0.634566 -0.054251
v -0.287314 -0.614913 -0.103145
v -0.160449 -0.634566 -0.242918
v -0.166013 -0.614913 -0.251714
v -0.204974 -0.614913 -0.222436
v -0.198071 -0.634566 -0.214646
v 0.091748 -0.614913 0.291499
v 0.044427 -0.614913 0.303163
v 0.258115 -0.614913 -0.147177
v -0.100052 -0.614913 0.291499
v -0.096759 -0.634566 0.281628
v -0.144891 -0.614913 0.272396
v 0.157706 -0.614913 -0.251714
v 0.152142 -0.634566 -0.242918
v -0.268353 -0.634566 0.129608
v -0.118777 -0.634566 -0.264789
v -0.122858 -0.614913 -0.274364
v -0.186084 -0.614913 0.246348
v -0.222562 -0.614913 0.214029
v 0.286148 -0.634566 0.039493
v -0.253387 -0.614913 0.176277
v 0.177777 -0.614913 0.246348
v 0.131747 -0.634566 0.263181
v 0.136584 -0.614913 0.272396
v 0.236514 -0.634566 0.170365
v -0.266421 -0.614913 -0.147177
v 0.288043 -0.634566 -0.007531
v 0.286911 -0.65772 -0.007486
v 0.269449 -0.614913 0.134069
v 0.245081 -0.614913 0.176277
v 0.298444 -0.614913 -0.00795
v 0.296478 -0.614913 0.040747
v -0.277756 -0.614913 0.134069
v -0.238736 -0.614913 -0.187287
v 0.114551 -0.614913 -0.274364
v 0.110471 -0.634566 -0.264789
v -0.076627 -0.614913 -0.289797
v -0.074136 -0.634566 -0.279692
v -0.096399 -0.65772 0.280554
v 0.214258 -0.614913 0.214029
v 0.068323 -0.614913 -0.289797
v 0.286731 -0.614913 0.088499
v 0.583972 -1.105508 0.174596
vt 0.983133 0.964097023
vt 0.983133 0.963310003
vt 0.982576 0.96465403
vt 0.982577 0.962751985
vt 0.981789 0.962751985
vt 0.981231 0.96330899
vt 0.981231 0.964097023
vt 0.981788 0.96465403
vt 0.9866 0.022466004
vt 0.9866 0.022466004
vt 0.9866 0.022466004
vt 0.9866 0.022466004
vt 0.9866 0.022466004
vt 0.9866 0.022466004
vt 0.9866 0.022466004
vt 0.9866 0.022466004
vt 0.9866 0.022466004
vt 0.9866 0.022466004
vt 0.9866 0.022466004
vt 0.9866 0.022466004
vt 0.9866 0.022466004
vt 0.9866 0.022466004
vt 0.986346 0.35466003
vt 0.986346 0.35466003
vt 0.986346 0.35466003
vt 0.986346 0.35466003
vt 0.9866 0.022466004
vt 0.9866 0.022466004
vt 0.9866 0.022466004
vt 0.9866 0.022466004
vt 0.986207 0.171121
vt 0.985715 0.16849202
vt 0.985698 0.185054
vt 0.986192 0.18768501
vt 0.9866 0.022466004
vt 0.9866 0.022466004
vt 0.9866 0.022466004
vt 0.9866 0.022466004
vt 0.9866 0.022466004
vt 0.9866 0.022466004
vt 0.9866 0.022466004
vt 0.986346 0.35466003
vt 0.986346 0.35466003
vt 0.986346 0.35466003
vt 0.986346 0.35466003
vt 0.9866 0.022466004
vt 0.9866 0.022466004
vt 0.986346 0.35466003
vt 0.986346 0.35466003
vt 0.986346 0.35466003
vt 0.986346 0.35466003
vt 0.9866 0.022466004
vt 0.9866 0.022466004
vt 0.9866 0.022466004
vt 0.9866 0.022466004
vt 0.9866 0.022466004
vt 0.9866 0.022466004
vt 0.9866 0.022466004
vt 0.9866 0.022466004
vt 0.9866 0.022466004
vt 0.9866 0.022466004
vt 0.9866 0.022466004
vt 0.9866 0.022466004
vt 0.9866 0.022466004
vt 0.9866 0.022466004
vt 0.9866 0.022466004
vt 0.9866 0.022466004
vt 0.986346 0.35466003
vt 0.986346 0.35466003
vt 0.986346 0.35466003
vt 0.986346 0.35466003
vt 0.986346 0.35466003
vt 0.986346 0.35466003
vt 0.986346 0.35466003
vt 0.9866 0.022466004
vt 0.9866 0.022466004
vt 0.9866 0.022466004
vt 0.986346 0.35466003
vt 0.986346 0.35466003
vt 0.986346 0.35466003
vt 0.9866 0.022466004
vt 0.9866 0.022466004
vt 0.9866 0.022466004
vt 0.9866 0.022466004
vt 0.986346 0.35466003
vt 0.986346 0.35466003
vt 0.986346 0.35466003
vt 0.986346 0.35466003
vt 0.9866 0.022466004
vt 0.9866 0.022466004
vt 0.986346 0.35466003
vt 0.986346 0.35466003
vt 0.986346 0.35466003
vt 0.986346 0.35466003
vt 0.9866 0.022466004
vt 0.9866 0.022466004
vt 0.9866 0.022466004
vt 0.9866 0.022466004
vt 0.986346 0.35466003
vt 0.986346 0.35466003
vt 0.986346 0.35466003
vt 0.986346 0.35466003
vt 0.9866 0.022466004
vt 0.9866 0.022466004
vt 0.9866 0.022466004
vt 0.9866 0.022466004
vt 0.9866 0.022466004
vt 0.9866 0.022466004
vt 0.9866 0.022466004
vt 0.9866 0.022466004
vt 0.9866 0.022466004
vt 0.9866 0.022466004
vt 0.986599 0.022466004
vt 0.9866 0.022466004
vt 0.9866 0.022466004
vt 0.9866 0.022466004
vt 0.986346 0.35466003
vt 0.9866 0.022466004
vt 0.9866 0.022466004
vt 0.9866 0.022466004
vt 0.9866 0.022466004
vt 0.986346 0.35466003
vt 0.986346 0.35466003
vt 0.986346 0.35466003
vt 0.986346 0.35466003
vt 0.986346 0.35466003
vt 0.986346 0.35466003
vt 0.986346 0.35466003
vt 0.9866 0.022466004
vt 0.9866 0.022466004
vt 0.9866 0.022466004
vt 0.9866 0.022466004
vt 0.9866 0.022466004
vt 0.9866 0.022466004
vt 0.986346 0.35466003
vt 0.986346 0.35466003
vt 0.9866 0.022466004
vt 0.9866 0.022466004
vt 0.9866 0.022466004
vt 0.986346 0.35466003
vt 0.986346 0.35466003
vt 0.986346 0.35466003
vt 0.986346 0.35466003
vt 0.986346 0.35466003
vt 0.986346 0.35466003
vt 0.986346 0.35466003
vt 0.9866 0.022463024
vt 0.986596 0.022463977
vt 0.986588 0.022458017
vt 0.9866 0.022458017
vt 0.9866 0.022466004
vt 0.9866 0.022466004
vt 0.9866 0.022466004
vt 0.9866 0.022466004
vt 0.9866 0.022466004
vt 0.9866 0.02246499
vt 0.9866 0.022466004
vt 0.9866 0.022466004
vt 0.9866 0.022466004
vt 0.9866 0.022466004
vt 0.9866 0.022466004
vt 0.986599 0.022466004
vt 0.9866 0.022466004
vt 0.986599 0.022467017
vt 0.986598 0.022466004
vt 0.986346 0.35466003
vt 0.986346 0.35466003
vt 0.986346 0.35466003
vt 0.986346 0.35466003
vt 0.986346 0.35466003
vt 0.986346 0.35466003
vt 0.986573 0.022469997
vt 0.986507 0.022476017
vt 0.986563 0.022440016
vt 0.9866 0.022466004
vt 0.9866 0.022466004
vt 0.9866 0.022466004
vt 0.9866 0.022466004
vt 0.9866 0.022466004
vt 0.9866 0.022466004
vt 0.9866 0.022466004
vt 0.9866 0.022466004
vt 0.986346 0.35466003
vt 0.986346 0.35466003
vt 0.986346 0.35466003
vt 0.986346 0.35466003
vt 0.986598 0.022468984
vt 0.986592 0.02246797
vt 0.986287 0.022518992
vt 0.986514 0.02235198
vt 0.986346 0.35466003
vt 0.986346 0.35466003
vt 0.986346 0.35466003
vt 0.986606 0.022460997
vt 0.986608 0.022436023
vt 0.986624 0.02244699
vt 0.9866 0.022466004
vt 0.9866 0.022466004
vt 0.9866 0.022466004
vt 0.9866 0.022466004
vt 0.9866 0.022466004
vt 0.9866 0.022466004
vt 0.9866 0.022466004
vt 0.9866 0.022466004
vt 0.986346 0.35466003
vt 0.986346 0.35466003
vt 0.986346 0.35466003
vt 0.986346 0.35466003
vt 0.9866 0.022466004
vt 0.9866 0.022466004
vt 0.9866 0.022466004
vt 0.9866 0.022466004
vt 0.9866 0.022466004
vt 0.9866 0.022466004
vt 0.986346 0.35466003
vt 0.986346 0.35466003
vt 0.986346 0.35466003
vt 0.986346 0.35466003
vt 0.9866 0.022466004
vt 0.9866 0.022466004
vt 0.9866 0.022466004
vt 0.986346 0.35466003
vt 0.986346 0.35466003
vt 0.986346 0.35466003
vt 0.986346 0.35466003
vt 0.986346 0.35466003
vt 0.986346 0.35466003
vt 0.986346 0.35466003
vt 0.9866 0.022466004
vt 0.9866 0.022466004
vt 0.9866 0.022466004
vt 0.986346 0.35466003
vt 0.986346 0.35466003
vt 0.986346 0.35466003
vt 0.986346 0.35466003
vt 0.9866 0.022466004
vt 0.9866 0.022466004
vt 0.986346 0.35466003
vt 0.986346 0.35466003
vt 0.986346 0.35466003
vt 0.986346 0.35466003
vt 0.986346 0.35466003
vt 0.986346 0.35466003
vt 0.986346 0.35466003
vt 0.9866 0.022466004
vt 0.9866 0.022466004
vt 0.986346 0.35466003
vt 0.986346 0.35466003
vt 0.986346 0.35466003
vt 0.9866 0.022466004
vt 0.9866 0.022466004
vt 0.9866 0.022466004
vt 0.9866 0.022466004
vt 0.9866 0.022466004
vt 0.9866 0.022466004
vt 0.988033 0.020816982
vt 0.984266 0.021682024
vt 0.990951 0.017692983
vt 0.986423 0.00011998415
vt 0.986346 0.35466003
vt 0.986346 0.35466003
vt 0.986346 0.35466003
vt 0.9866 0.022466004
vt 0.9866 0.022466004
vt 0.9866 0.022466004
vt 0.986346 0.35466003
vt 0.986346 0.35466003
vt 0.986346 0.35466003
vt 0.986346 0.35466003
vt 0.986664 0.022436976
vt 0.986676 0.022392988
vt 0.986881 0.022256017
vt 0.986831 0.022390008
vt 0.9866 0.022466004
vt 0.9866 0.022466004
vt 0.986346 0.35466003
vt 0.986346 0.35466003
vt 0.986346 0.35466003
vt 0.986346 0.35466003
vt 0.9866 0.022466004
vt 0.9866 0.022466004
vt 0.9866 0.022466004
vt 0.986346 0.35466003
vt 0.986346 0.35466003
vt 0.9866 0.022466004
vt 0.9866 0.022466004
vt 0.9866 0.022466004
vt 0.986346 0.35466003
vt 0.986346 0.35466003
vt 0.986346 0.35466003
vt 0.986346 0.35466003
vt 0.9866 0.022466004
vt 0.9866 0.022466004
vt 0.9866 0.022466004
vt 0.9866 0.022466004
vt 0.9866 0.022466004
vt 0.9866 0.022466004
vt 0.9866 0.022466004
vt 0.9866 0.022466004
vt 0.9866 0.022466004
vt 0.9866 0.022466004
vt 0.9866 0.022466004
vt 0.984705 0.023177028
vt 0.98604 0.024169981
vt 0.987993 0.031683028
vt 0.989784 0.028913021
vt 0.986346 0.35466003
vt 0.986346 0.35466003
vt 0.986346 0.35466003
vt 0.986346 0.35466003
vt 0.9866 0.022466004
vt 0.9866 0.022466004
vt 0.9866 0.022466004
vt 0.9866 0.022466004
vt 0.9866 0.022466004
vt 0.9866 0.022466004
vt 0.986346 0.35466003
vt 0.986346 0.35466003
vt 0.986346 0.35466003
vt 0.9866 0.022466004
vt 0.9866 0.022466004
vt 0.98584 0.085883975
vt 0.985644 0.08345997
vt 0.985564 0.09997201
vt 0.985792 0.102364
vt 0.9866 0.022466004
vt 0.9866 0.022466004
vt 0.9866 0.022466004
vt 0.9866 0.022466004
vt 0.9866 0.022466004
vt 0.9866 0.022466004
vt 0.9866 0.022466004
vt 0.9866 0.022466004
vt 0.9866 0.022466004
vt 0.9866 0.022466004
vt 0.9866 0.022466004
vt 0.9866 0.022466004
vt 0.9866 0.022466004
vt 0.986085 0.071675
vt 0.98649 0.07406998
vt 0.986489 0.09057599
vt 0.986081 0.088265
vt 0.9866 0.022466004
vt 0.9866 0.022466004
vt 0.9866 0.022466004
vt 0.986288 0.08849901
vt 0.98627 0.10498202
vt 0.986665 0.09096801
vt 0.986654 0.10746002
vt 0.986472 0.10708797
vt 0.986711 0.109568
vt 0.986692 0.12608397
vt 0.98645 0.12360698
vt 0.9866 0.022466004
vt 0.9866 0.022466004
vt 0.9866 0.022466004
vt 0.9866 0.022466004
vt 0.9866 0.022466004
vt 0.9866 0.022466004
vt 0.9866 0.022466004
vt 0.986346 0.35466003
vt 0.986346 0.35466003
vt 0.986346 0.35466003
vt 0.986346 0.35466003
vt 0.986346 0.35466003
vt 0.986346 0.35466003
vt 0.986346 0.35466003
vt 0.986346 0.35466003
vt 0.985767 0.11887199
vt 0.985529 0.11648399
vt 0.985505 0.133008
vt 0.985748 0.13539898
vt 0.9866 0.022466004
vt 0.9866 0.022466004
vt 0.9866 0.022466004
vt 0.9866 0.022466004
vt 0.9866 0.022466004
vt 0.9866 0.022466004
vt 0.9866 0.022466004
vt 0.9866 0.022466004
vt 0.986346 0.35466003
vt 0.986346 0.35466003
vt 0.986346 0.35466003
vt 0.986346 0.35466003
vt 0.986346 0.35466003
vt 0.986346 0.35466003
vt 0.986346 0.35466003
vt 0.986346 0.35466003
vt 0.9866 0.022466004
vt 0.9866 0.022466004
vt 0.9866 0.022466004
vt 0.9866 0.022466004
vt 0.9866 0.022466004
vt 0.9866 0.022466004
vt 0.9866 0.022466004
vt 0.9866 0.022466004
vt 0.9866 0.022466004
vt 0.9866 0.022466004
vt 0.9866 0.022466004
vt 0.9866 0.022466004
vt 0.9866 0.022466004
vt 0.9866 0.022466004
vt 0.9866 0.022466004
vt 0.9866 0.022466004
vt 0.986012 0.137842
vt 0.986425 0.14013898
vt 0.9864 0.156681
vt 0.985986 0.15438497
vt 0.9866 0.022466004
vt 0.9866 0.022466004
vt 0.986346 0.35466003
vt 0.986346 0.35466003
vt 0.986346 0.35466003
vt 0.986346 0.35466003
vt 0.9866 0.022466004
vt 0.9866 0.022466004
vt 0.9866 0.022466004
vt 0.9866 0.022466004
vt 0.9866 0.022466004
vt 0.9866 0.022466004
vt 0.9866 0.022466004
vt 0.986603 0.15704602
vt 0.986223 0.154567
vt 0.986585 0.173599
vt 0.986346 0.35466003
vt 0.986346 0.35466003
vt 0.986346 0.35466003
vt 0.986346 0.35466003
vt 0.9866 0.022466004
vt 0.9866 0.022466004
vt 0.9866 0.022466004
vt 0.9866 0.022466004
vt 0.9866 0.022466004
vt 0.9866 0.022466004
vt 0.9866 0.022466004
vt 0.9866 0.022466004
vt 0.9866 0.022466004
vt 0.9866 0.022466004
vt 0.9866 0.022466004
vt 0.9866 0.022466004
vt 0.9866 0.022466004
vt 0.9866 0.022466004
vt 0.9866 0.022466004
vt 0.9866 0.022466004
vt 0.9866 0.022466004
vt 0.986346 0.35466003
vt 0.986346 0.35466003
vt 0.986346 0.35466003
vt 0.986346 0.35466003
vt 0.986346 0.35466003
vt 0.986346 0.35466003
vt 0.986346 0.35466003
vt 0.986346 0.35466003
vt 0.9866 0.022466004
vt 0.9866 0.022466004
vt 0.9866 0.022466004
vt 0.9866 0.022466004
vt 0.9866 0.022466004
vt 0.986176 0.20425797
vt 0.985682 0.20162499
vt 0.985666 0.218202
vt 0.986161 0.220837
vt 0.9866 0.022466004
vt 0.9866 0.022466004
vt 0.9866 0.022466004
vt 0.9866 0.022466004
vt 0.9866 0.022466004
vt 0.9866 0.022466004
vt 0.9866 0.022466004
vt 0.9866 0.022466004
vt 0.986346 0.35466003
vt 0.986346 0.35466003
vt 0.986346 0.35466003
vt 0.986346 0.35466003
vt 0.9866 0.022466004
vt 0.9866 0.022466004
vt 0.985518 0.21833098
vt 0.985886 0.22064799
vt 0.985863 0.23722804
vt 0.985497 0.23491096
vt 0.9866 0.022466004
vt 0.9866 0.022466004
vt 0.9866 0.022466004
vt 0.9866 0.022466004
vt 0.9866 0.022466004
vt 0.986346 0.35466003
vt 0.986346 0.35466003
vt 0.986346 0.35466003
vt 0.9866 0.022466004
vt 0.9866 0.022466004
vt 0.9866 0.022466004
vt 0.986628 0.17570198
vt 0.986567 0.19016099
vt 0.986606 0.192262
vt 0.986346 0.35466003
vt 0.986346 0.35466003
vt 0.986346 0.35466003
vt 0.995355 0.922014
vt 0.99502 0.922307014
vt 0.995606 0.92308599
vt 0.995986 0.922845006
vt 0.9866 0.022466004
vt 0.9866 0.022466004
vt 0.9866 0.022466004
vt 0.9866 0.022466004
vt 0.9866 0.022466004
vt 0.9866 0.022466004
vt 0.987174 0.93132001
vt 0.986922 0.93168801
vt 0.987825 0.932208
vt 0.988016 0.93180299
vt 0.9866 0.022466004
vt 0.9866 0.022466004
vt 0.986346 0.35466003
vt 0.986346 0.35466003
vt 0.986346 0.35466003
vt 0.985859 0.27038097
vt 0.986234 0.27264404
vt 0.986237 0.28913403
vt 0.985862 0.28683197
vt 0.9866 0.022466004
vt 0.9866 0.022466004
vt 0.9866 0.022466004
vt 0.9866 0.022466004
vt 0.986346 0.35466003
vt 0.986346 0.35466003
vt 0.986346 0.35466003
vt 0.986346 0.35466003
vt 0.9866 0.022466004
vt 0.9866 0.022466004
vt 0.9866 0.022466004
vt 0.986346 0.35466003
vt 0.986346 0.35466003
vt 0.986346 0.35466003
vt 0.986346 0.35466003
vt 0.986346 0.35466003
vt 0.986346 0.35466003
vt 0.986346 0.35466003
vt 0.986346 0.35466003
vt 0.986083 0.27062798
vt 0.98562 0.267985
vt 0.985623 0.28468597
vt 0.986019 0.287225
vt 0.986346 0.35466003
vt 0.986346 0.35466003
vt 0.986346 0.35466003
vt 0.986346 0.35466003
vt 0.985497 0.28472304
vt 0.985987 0.30338204
vt 0.986239 0.30105197
vt 0.9866 0.022466004
vt 0.9866 0.022466004
vt 0.9866 0.022466004
vt 0.9866 0.022466004
vt 0.9866 0.022466004
vt 0.9866 0.022466004
vt 0.986346 0.35466003
vt 0.986346 0.35466003
vt 0.986263 0.305708
vt 0.986625 0.30820704
vt 0.98752 0.32503796
vt 0.986788 0.32290804
vt 0.984978 0.30138803
vt 0.985607 0.30411196
vt 0.986346 0.35466003
vt 0.986346 0.35466003
vt 0.986346 0.35466003
vt 0.986346 0.35466003
vt 0.985408 0.21578598
vt 0.985389 0.232364
vt 0.9866 0.022466004
vt 0.9866 0.022466004
vt 0.9866 0.022466004
vt 0.9866 0.022466004
vt 0.986346 0.35466003
vt 0.986346 0.35466003
vt 0.986346 0.35466003
vt 0.988765 0.34172797
vt 0.989099 0.34028304
vt 0.9866 0.022466004
vt 0.9866 0.022466004
vt 0.9866 0.022466004
vt 0.9866 0.022466004
vt 0.9866 0.022466004
vt 0.9866 0.022466004
vt 0.9866 0.022466004
vt 0.9866 0.022466004
vt 0.9866 0.022466004
vt 0.9866 0.022466004
vt 0.986346 0.35466003
vt 0.986346 0.35466003
vt 0.986346 0.35466003
vt 0.986346 0.35466003
vt 0.986346 0.35466003
vt 0.986346 0.35466003
vt 0.986346 0.35466003
vt 0.986346 0.35466003
vt 0.9866 0.022466004
vt 0.9866 0.022466004
vt 0.9866 0.022466004
vt 0.9866 0.022466004
vt 0.9866 0.022466004
vt 0.9866 0.022466004
vt 0.9866 0.022466004
vt 0.986109 0.33702397
vt 0.984814 0.33609402
vt 0.987973 0.345688
vt 0.986244 0.345658
vt 0.9866 0.022466004
vt 0.9866 0.022466004
vt 0.9866 0.022466004
vt 0.9866 0.022466004
vt 0.986346 0.35466003
vt 0.986346 0.35466003
vt 0.986346 0.35466003
vt 0.986346 0.35466003
vt 0.986346 0.35466003
vt 0.986346 0.35466003
vt 0.9866 0.022466004
vt 0.9866 0.022466004
vt 0.9866 0.022466004
vt 0.986346 0.35466003
vt 0.986346 0.35466003
vt 0.986346 0.35466003
vt 0.9866 0.022466004
vt 0.9866 0.022466004
vt 0.9866 0.022466004
vt 0.984893 0.34789002
vt 0.986378 0.35311496
vt 0.986615 0.35359502
vt 0.985379 0.35385
vt 0.987528 0.35604203
vt 0.986232 0.354645
vt 0.986469 0.354626
vt 0.986615 0.354679
vt 0.986346 0.35466003
vt 0.986346 0.35466003
vt 0.9866 0.022466004
vt 0.9866 0.022466004
vt 0.9866 0.022466004
vt 0.9866 0.022466004
vt 0.9866 0.022466004
vt 0.986346 0.35466003
vt 0.986346 0.35466003
vt 0.986346 0.35466003
vt 0.986346 0.35466003
vt 0.986346 0.35466003
vt 0.986346 0.35466003
vt 0.9866 0.022466004
vt 0.9866 0.022466004
vt 0.9866 0.022466004
vt 0.986346 0.35466003
vt 0.986346 0.35466003
vt 0.986346 0.35466003
vt 0.986346 0.35466003
vt 0.9866 0.022466004
vt 0.9866 0.022466004
vt 0.9866 0.022466004
vt 0.9866 0.022466004
vt 0.9866 0.022466004
vt 0.9866 0.022466004
vt 0.9866 0.022466004
vt 0.9866 0.022466004
vt 0.9866 0.022466004
vt 0.9866 0.022466004
vt 0.9866 0.022466004
vt 0.986346 0.35466003
vt 0.986346 0.35466003
vt 0.986346 0.35466003
vt 0.986346 0.35466003
vt 0.990449 0.947219014
vt 0.990768 0.947763026
vt 0.991613 0.94717902
vt 0.991203 0.946684003
vt 0.98689 0.32334602
vt 0.987158 0.33892596
vt 0.989618 0.94761902
vt 0.989849 0.948208988
vt 0.9866 0.022466004
vt 0.9866 0.022466004
vt 0.986346 0.35466003
vt 0.986346 0.35466003
vt 0.986346 0.35466003
vt 0.986346 0.35466003
vt 0.986346 0.35466003
vt 0.986346 0.35466003
vt 0.986358 0.35468996
vt 0.986361 0.35467303
vt 0.986351 0.35466397
vt 0.986348 0.35466897
vt 0.986349 0.35466003
vt 0.986347 0.35466003
vt 0.986347 0.354661
vt 0.986346 0.35466003
vt 0.986346 0.35466003
vt 0.986346 0.35466003
vt 0.986346 0.35466003
vt 0.986346 0.35466003
vt 0.986346 0.35466003
vt 0.986346 0.35466003
vt 0.986346 0.35466003
vt 0.986346 0.35466003
vt 0.986335 0.354653
vt 0.986324 0.354667
vt 0.986341 0.354662
vt 0.986344 0.354658
vt 0.9866 0.022466004
vt 0.9866 0.022466004
vt 0.9866 0.022466004
vt 0.9866 0.022466004
vt 0.9866 0.022466004
vt 0.986347 0.354663
vt 0.992821 0.92027801
vt 0.992983 0.919842005
vt 0.991915 0.91953802
vt 0.991824 0.919994
vt 0.9866 0.022466004
vt 0.9866 0.022466004
vt 0.9866 0.022466004
vt 0.986346 0.35466003
vt 0.986346 0.35466003
vt 0.986346 0.35466003
vt 0.986346 0.35466003
vt 0.9866 0.022466004
vt 0.9866 0.022466004
vt 0.9866 0.022466004
vt 0.9866 0.022466004
vt 0.9866 0.022466004
vt 0.9866 0.022466004
vt 0.9866 0.022466004
vt 0.9866 0.022466004
vt 0.986344 0.35466003
vt 0.986345 0.35465896
vt 0.986346 0.35466003
vt 0.986346 0.35466003
vt 0.986346 0.354661
vt 0.986346 0.35466003
vt 0.986346 0.35466003
vt 0.986346 0.35466003
vt 0.986346 0.35466003
vt 0.986346 0.35466003
vt 0.986346 0.35466003
vt 0.986346 0.35466003
vt 0.986346 0.35466003
vt 0.986346 0.35466003
vt 0.986346 0.35466003
vt 0.9866 0.022466004
vt 0.9866 0.022466004
vt 0.9866 0.022466004
vt 0.986346 0.35466003
vt 0.9866 0.022466004
vt 0.9866 0.022466004
vt 0.9866 0.022466004
vt 0.9866 0.022466004
vt 0.9866 0.022466004
vt 0.9866 0.022466004
vt 0.9866 0.022466004
vt 0.9866 0.022466004
vt 0.9866 0.022466004
vt 0.986346 0.35466003
vt 0.986346 0.35466003
vt 0.98548 0.251499
vt 0.985845 0.253811
vt 0.985479 0.26808798
vt 0.9866 0.022466004
vt 0.9866 0.022466004
vt 0.9866 0.022466004
vt 0.9866 0.022466004
vt 0.9866 0.022466004
vt 0.9866 0.022466004
vt 0.986245 0.35430396
vt 0.986495 0.35451
vt 0.986346 0.35466003
vt 0.986346 0.35466003
vt 0.986346 0.35466003
vt 0.986346 0.35466003
vt 0.9866 0.022466004
vt 0.9866 0.022466004
vt 0.9866 0.022466004
vt 0.9866 0.022466004
vt 0.9866 0.022466004
vt 0.986346 0.35466003
vt 0.986346 0.35466003
vt 0.986346 0.35466003
vt 0.986346 0.35466003
vt 0.9866 0.022466004
vt 0.9866 0.022466004
vt 0.9866 0.022466004
vt 0.9866 0.022466004
vt 0.9866 0.022466004
vt 0.9866 0.022466004
vt 0.983722 0.92525101
vt 0.983702 0.92524803
vt 0.983616 0.92636198
vt 0.983635 0.92636198
vt 0.9866 0.022466004
vt 0.9866 0.022466004
vt 0.9866 0.022466004
vt 0.9866 0.022466004
vt 0.9866 0.022466004
vt 0.9866 0.022466004
vt 0.9866 0.022466004
vt 0.9866 0.022466004
vt 0.986346 0.35466003
vt 0.986346 0.35466003
vt 0.986346 0.35466003
vt 0.986346 0.35466003
vt 0.986346 0.35466003
vt 0.986346 0.35466003
vt 0.986346 0.35466003
vt 0.986346 0.35466003
vt 0.986346 0.35466003
vt 0.986346 0.35466003
vt 0.9866 0.022466004
vt 0.9866 0.022466004
vt 0.9866 0.022466004
vt 0.9866 0.022466004
vt 0.9866 0.022466004
vt 0.9866 0.022466004
vt 0.9866 0.022466004
vt 0.9866 0.022466004
vt 0.986346 0.35466003
vt 0.986346 0.35466003
vt 0.986346 0.35466003
vt 0.9866 0.022466004
vt 0.9866 0.022466004
vt 0.986346 0.35466003
vt 0.986346 0.35466003
vt 0.986346 0.35466003
vt 0.986346 0.35466003
vt 0.986346 0.35466003
vt 0.986346 0.35466003
vt 0.986346 0.35466003
vt 0.986346 0.35466003
vt 0.9866 0.022466004
vt 0.9866 0.022466004
vt 0.9866 0.022466004
vt 0.9866 0.022466004
vt 0.9866 0.022466004
vt 0.9866 0.022466004
vt 0.986346 0.35466003
vt 0.986346 0.35466003
vt 0.986346 0.35466003
vt 0.986346 0.35466003
vt 0.986346 0.35466003
vt 0.986346 0.35466003
vt 0.9866 0.022466004
vt 0.9866 0.022466004
vt 0.986346 0.35466003
vt 0.986346 0.35466003
vt 0.986346 0.35466003
vt 0.986346 0.35466003
vt 0.986346 0.35466003
vt 0.986346 0.35466003
vt 0.986346 0.35466003
vt 0.9866 0.022466004
vt 0.9866 0.022466004
vt 0.9866 0.022466004
vt 0.9866 0.022466004
vt 0.986346 0.35466003
vt 0.9866 0.022466004
vt 0.986346 0.35466003
vt 0.9866 0.022466004
vt 0.9866 0.022466004
vt 0.9866 0.022466004
vt 0.986346 0.35466003
vt 0.986346 0.35466003
vt 0.986346 0.35466003
vt 0.986346 0.35466003
vt 0.9866 0.022466004
vt 0.9866 0.022466004
vt 0.9866 0.022466004
vt 0.9866 0.022466004
vt 0.986598 0.92063397
vt 0.986609 0.920650005
vt 0.987571 0.92008901
vt 0.987562 0.92007202
vt 0.986346 0.35466003
vt 0.986346 0.35466003
vt 0.986346 0.35466003
vt 0.986346 0.35466003
vt 0.986346 0.35466003
vt 0.986346 0.35466003
vt 0.986346 0.35466003
vt 0.9866 0.022466004
vt 0.9866 0.022466004
vt 0.986346 0.35466003
vt 0.986346 0.35466003
vt 0.9866 0.022466004
vt 0.9866 0.022466004
vt 0.9866 0.022466004
vt 0.986346 0.35466003
vt 0.986346 0.35466003
vt 0.9866 0.022466004
vt 0.9866 0.022466004
vt 0.9866 0.022466004
vt 0.986346 0.35466003
vt 0.986346 0.35466003
vt 0.986346 0.35466003
vt 0.986346 0.35466003
vt 0.9866 0.022466004
vt 0.9866 0.022466004
vt 0.9866 0.022466004
vt 0.984416 0.923141
vt 0.984399 0.923132
vt 0.983965 0.924162984
vt 0.983984 0.924169004
vt 0.986346 0.35466003
vt 0.986346 0.35466003
vt 0.986346 0.35466003
vt 0.986346 0.35466003
vt 0.9866 0.022466004
vt 0.9866 0.022466004
vt 0.9866 0.022466004
vt 0.9866 0.022466004
vt 0.986346 0.35466003
vt 0.986346 0.35466003
vt 0.986346 0.35466003
vt 0.986346 0.35466003
vt 0.986346 0.35466003
vt 0.986346 0.35466003
vt 0.986346 0.35466003
vt 0.9866 0.022466004
vt 0.9866 0.022466004
vt 0.9866 0.022466004
vt 0.9866 0.022466004
vt 0.9866 0.022466004
vt 0.9866 0.022466004
vt 0.986346 0.35466003
vt 0.986346 0.35466003
vt 0.986346 0.35466003
vt 0.986346 0.35466003
vt 0.986346 0.35466003
vt 0.986346 0.35466003
vt 0.986346 0.35466003
vt 0.986346 0.35466003
vt 0.9866 0.022466004
vt 0.9866 0.022466004
vt 0.986346 0.35466003
vt 0.986346 0.35466003
vt 0.986346 0.35466003
vt 0.986346 0.35466003
vt 0.9866 0.022466004
vt 0.9866 0.022466004
vt 0.9866 0.022466004
vt 0.9866 0.022466004
vt 0.9866 0.022466004
vt 0.986182 0.354567
vt 0.985994 0.354734
vt 0.986264 0.354689
vt 0.986302 0.354634
vt 0.993298 0.941781998
vt 0.993914 0.941735983
vt 0.993764 0.94074303
vt 0.993156 0.94088602
vt 0.996443 0.93005103
vt 0.996944 0.93036401
vt 0.997504 0.92927998
vt 0.996961 0.92905301
vt 0.98579 0.35424197
vt 0.985506 0.35452104
vt 0.9866 0.022466004
vt 0.9866 0.022466004
vt 0.9866 0.022466004
vt 0.986346 0.35465896
vt 0.986346 0.35466003
vt 0.986346 0.35466003
vt 0.986346 0.35466003
vt 0.986346 0.35466003
vt 0.986346 0.35466003
vt 0.987797 0.356304
vt 0.986363 0.35505104
vt 0.982814 0.35544503
vt 0.989755 0.933256984
vt 0.989688 0.93383598
vt 0.99089 0.93387997
vt 0.990864 0.93329799
vt 0.986346 0.35466003
vt 0.986346 0.35466003
vt 0.986346 0.35466003
vt 0.986346 0.35466003
vt 0.9866 0.022466004
vt 0.987617 0.93264902
vt 0.987368 0.93318099
vt 0.988505 0.93360299
vt 0.988664 0.93303901
vt 0.986346 0.35466003
vt 0.995335 0.93218899
vt 0.994962 0.931732
vt 0.994041 0.932368994
vt 0.994334 0.932877004
vt 0.989758 0.933237016
vt 0.990863 0.93327898
vt 0.985952 0.37694097
vt 0.981822 0.361557
vt 0.986346 0.35466003
vt 0.986346 0.35466003
vt 0.986346 0.35466003
vt 0.986346 0.35466003
vt 0.9866 0.022466004
vt 0.9866 0.022466004
vt 0.9866 0.022466004
vt 0.9866 0.022466004
vt 0.9866 0.022466004
vt 0.9866 0.022466004
vt 0.986373 0.35461497
vt 0.986379 0.354653
vt 0.9866 0.022466004
vt 0.9866 0.022466004
vt 0.986346 0.35466003
vt 0.9866 0.022466004
vt 0.9866 0.022466004
vt 0.986346 0.35466003
vt 0.985041 0.316437
vt 0.9858 0.319732
vt 0.984987 0.337986
vt 0.984591 0.334233
vt 0.985384 0.92247301
vt 0.985009 0.922194004
vt 0.984831 0.923356
vt 0.9866 0.022466004
vt 0.9866 0.022466004
vt 0.9866 0.022466004
vt 0.9866 0.022466004
vt 0.986073 0.92169303
vt 0.985747 0.921356976
vt 0.986346 0.35466003
vt 0.986346 0.35466003
vt 0.986346 0.35466003
vt 0.986346 0.35466003
vt 0.9866 0.022466004
vt 0.9866 0.022466004
vt 0.986346 0.35466003
vt 0.986346 0.35466003
vt 0.986346 0.35466003
vt 0.986346 0.35466003
vt 0.986346 0.35466003
vt 0.986346 0.35466003
vt 0.986346 0.35466003
vt 0.986346 0.35466003
vt 0.986346 0.35466003
vt 0.986346 0.35466003
vt 0.986302 0.30635
vt 0.9866 0.022466004
vt 0.9866 0.022466004
vt 0.9866 0.022466004
vt 0.9866 0.022466004
vt 0.9866 0.022466004
vt 0.9866 0.022466004
vt 0.9866 0.022466004
vt 0.9866 0.022466004
vt 0.9866 0.022466004
vt 0.986468 0.27508497
vt 0.986437 0.291614
vt 0.986346 0.35466003
vt 0.986346 0.35466003
vt 0.9866 0.022466004
vt 0.9866 0.022466004
vt 0.9866 0.022466004
vt 0.9866 0.022466004
vt 0.986255 0.25608802
vt 0.986346 0.35466003
vt 0.986346 0.35466003
vt 0.986346 0.35466003
vt 0.986346 0.35466003
vt 0.986346 0.35466003
vt 0.986346 0.35466003
vt 0.986346 0.35466003
vt 0.986346 0.35466003
vt 0.986346 0.35466003
vt 0.986346 0.35466003
vt 0.986346 0.35466003
vt 0.986346 0.35466003
vt 0.986346 0.35466003
vt 0.986506 0.25853896
vt 0.98648 0.256469
vt 0.986436 0.27305102
vt 0.9866 0.022466004
vt 0.9866 0.022466004
vt 0.9866 0.022466004
vt 0.9866 0.022466004
vt 0.9866 0.022466004
vt 0.9866 0.022466004
vt 0.986346 0.35466003
vt 0.986346 0.35466003
vt 0.986346 0.35466003
vt 0.986346 0.35466003
vt 0.986346 0.35466003
vt 0.986346 0.35466003
vt 0.986346 0.35466003
vt 0.9866 0.022466004
vt 0.9866 0.022466004
vt 0.986346 0.35466003
vt 0.986346 0.35466003
vt 0.986346 0.35466003
vt 0.986346 0.35466003
vt 0.986346 0.35466003
vt 0.986346 0.35466003
vt 0.986346 0.35466003
vt 0.9866 0.022466004
vt 0.9866 0.022466004
vt 0.9866 0.022466004
vt 0.9866 0.022466004
vt 0.9866 0.022466004
vt 0.986346 0.35466003
vt 0.986346 0.35466003
vt 0.9866 0.022466004
vt 0.9866 0.022466004
vt 0.986346 0.35466003
vt 0.986346 0.35466003
vt 0.986346 0.35466003
vt 0.986346 0.35466003
vt 0.986346 0.35466003
vt 0.986346 0.35466003
vt 0.986346 0.35466003
vt 0.986346 0.35466003
vt 0.986375 0.17323399
vt 0.98635 0.18979597
vt 0.986346 0.35466003
vt 0.986346 0.35466003
vt 0.986346 0.35466003
vt 0.986346 0.35466003
vt 0.9866 0.022466004
vt 0.9866 0.022466004
vt 0.986346 0.35466003
vt 0.986346 0.35466003
vt 0.986346 0.35466003
vt 0.986346 0.35466003
vt 0.982267 0.92203301
vt 0.982838 0.922324
vt 0.983585 0.92113203
vt 0.983064 0.92074299
vt 0.985587 0.168625
vt 0.985961 0.17093801
vt 0.985935 0.18750101
vt 0.985564 0.18518603
vt 0.9866 0.022466004
vt 0.9866 0.022466004
vt 0.990854 0.89873803
vt 0.990874 0.89811301
vt 0.989385 0.89817703
vt 0.989462 0.898805976
vt 0.986346 0.35466003
vt 0.986346 0.35466003
vt 0.986346 0.35466003
vt 0.986346 0.35466003
vt 0.986346 0.35466003
vt 0.986346 0.35466003
vt 0.995701 0.93263602
vt 0.994622 0.93337703
vt 0.9866 0.022466004
vt 0.9866 0.022466004
vt 0.9866 0.022466004
vt 0.9866 0.022466004
vt 0.9866 0.022466004
vt 0.994724 0.914421976
vt 0.99443 0.91392499
vt 0.993335 0.91446102
vt 0.993545 0.91499901
vt 0.986238 0.13802302
vt 0.985731 0.15193999
vt 0.986346 0.35466003
vt 0.986346 0.35466003
vt 0.986346 0.35466003
vt 0.986346 0.35466003
vt 0.986346 0.35466003
vt 0.986346 0.35466003
vt 0.9866 0.022466004
vt 0.9866 0.022466004
vt 0.9866 0.022466004
vt 0.9866 0.022466004
vt 0.986346 0.35466003
vt 0.986346 0.35466003
vt 0.986346 0.35466003
vt 0.986346 0.35466003
vt 0.9866 0.022466004
vt 0.985635 0.13553298
vt 0.985611 0.15207398
vt 0.985484 0.149544
vt 0.98566 0.119003
vt 0.986037 0.121309996
vt 0.986254 0.121493995
vt 0.986638 0.12397498
vt 0.986346 0.35466003
vt 0.986346 0.35466003
vt 0.986346 0.35466003
vt 0.9866 0.022466004
vt 0.9866 0.022466004
vt 0.9866 0.022466004
vt 0.985688 0.102479994
vt 0.986062 0.104788005
vt 0.98662 0.14050502
vt 0.986671 0.14261198
vt 0.986346 0.35466003
vt 0.986346 0.35466003
vt 0.9866 0.022466004
vt 0.9866 0.022466004
vt 0.986726 0.093068
vt 0.9866 0.022466004
vt 0.9866 0.022466004
vt 0.986346 0.35466003
vt 0.986346 0.35466003
vt 0.986346 0.35466003
vt 0.9866 0.022466004
vt 0.9866 0.022466004
vt 0.9866 0.022466004
vt 0.986346 0.35466003
vt 0.986346 0.35466003
vt 0.986346 0.35466003
vt 0.986346 0.35466003
vt 0.986346 0.35466003
vt 0.986346 0.35466003
vt 0.9866 0.022466004
vt 0.986725 0.07658702
vt 0.986662 0.07451099
vt 0.986346 0.35466003
vt 0.9866 0.022466004
vt 0.986346 0.35466003
vt 0.986346 0.35466003
vt 0.986346 0.35466003
vt 0.986346 0.35466003
vt 0.9866 0.022466004
vt 0.9866 0.022466004
vt 0.986563 0.058135986
vt 0.986403 0.05587697
vt 0.986318 0.07209003
vt 0.986659 0.06013298
vt 0.986346 0.35466003
vt 0.986346 0.35466003
vt 0.986346 0.35466003
vt 0.986346 0.35466003
vt 0.986346 0.35466003
vt 0.9866 0.022466004
vt 0.9866 0.022466004
vt 0.986346 0.35466003
vt 0.986346 0.35466003
vt 0.986346 0.35466003
vt 0.986346 0.35466003
vt 0.988598 0.035512984
vt 0.984737 0.03724897
vt 0.986142 0.054951012
vt 0.986212 0.05224198
vt 0.9866 0.022466004
vt 0.986346 0.35466003
vt 0.9866 0.022466004
vt 0.9866 0.022466004
vt 0.9866 0.022466004
vt 0.98619 0.031367004
vt 0.986317 0.04059601
vt 0.986457 0.042540014
vt 0.981231 0.021993995
vt 0.981513 0.014280021
vt 0.988998 0.033653975
vt 0.9866 0.022466004
vt 0.9866 0.022466004
vt 0.9866 0.022466004
vt 0.9866 0.022466004
vt 0.9866 0.022466004
vt 0.9866 0.022466004
vt 0.9866 0.022466004
vt 0.986346 0.35466003
vt 0.986346 0.35466003
vt 0.986346 0.35466003
vt 0.986346 0.35466003
vt 0.9866 0.022466004
vt 0.9866 0.022466004
vt 0.986933 0.021637976
vt 0.987706 0.02076
vt 0.986142 0.021834016
vt 0.985747 0.022745013
vt 0.986629 0.022332013
vt 0.9866 0.022073984
vt 0.9866 0.022466004
vt 0.9866 0.022466004
vt 0.9866 0.022466004
vt 0.9866 0.022466004
vt 0.986346 0.35466003
vt 0.986346 0.35466003
vt 0.986346 0.35466003
vt 0.986346 0.35466003
vt 0.986346 0.35466003
vt 0.986346 0.35466003
vt 0.986346 0.35466003
vt 0.9866 0.022466004
vt 0.9866 0.022466004
vt 0.9866 0.022466004
vt 0.986628 0.022463977
vt 0.986621 0.022457004
vt 0.986689 0.022468984
vt 0.986619 0.022484004
vt 0.986657 0.02253902
vt 0.986346 0.35466003
vt 0.986346 0.35466003
vt 0.986346 0.35466003
vt 0.9866 0.022466004
vt 0.986608 0.02246499
vt 0.986606 0.022463024
vt 0.9866 0.022466004
vt 0.9866 0.022466004
vt 0.9866 0.022466004
vt 0.986346 0.35466003
vt 0.986346 0.35466003
vt 0.986346 0.35466003
vt 0.986602 0.022467017
vt 0.986602 0.02246499
vt 0.986606 0.022469997
vt 0.986594 0.022476017
vt 0.9866 0.022466004
vt 0.9866 0.022466004
vt 0.9866 0.02246499
vt 0.986599 0.02246499
vt 0.986601 0.022463977
vt 0.986346 0.35466003
vt 0.986346 0.35466003
vt 0.9866 0.022466004
vt 0.9866 0.022466004
vt 0.9866 0.022466004
vt 0.9866 0.022466004
vt 0.986346 0.35466003
vt 0.986346 0.35466003
vt 0.9866 0.022466004
vt 0.9866 0.022466004
vt 0.9866 0.022466004
vt 0.9866 0.022466004
vt 0.986346 0.35466003
vt 0.986346 0.35466003
vt 0.986346 0.35466003
vt 0.986346 0.35466003
vt 0.9866 0.022466004
vt 0.9866 0.022466004
vt 0.9866 0.022466004
vt 0.9866 0.022466004
vt 0.9866 0.022466004
vt 0.9866 0.022466004
vt 0.9866 0.022466004
vt 0.9866 0.022466004
vt 0.9866 0.022466004
vt 0.986346 0.35466003
vt 0.9866 0.022466004
vt 0.9866 0.022466004
vt 0.9866 0.022466004
vt 0.9866 0.022466004
vt 0.9866 0.022466004
vt 0.986346 0.35466003
vt 0.986346 0.35466003
vt 0.986346 0.35466003
vt 0.986346 0.35466003
vt 0.986346 0.35466003
vt 0.986346 0.35466003
vt 0.986346 0.35466003
vt 0.986346 0.35466003
vt 0.986346 0.35466003
vt 0.9866 0.022466004
vt 0.9866 0.022466004
vt 0.9866 0.022466004
vt 0.986346 0.35466003
vt 0.986346 0.35466003
vt 0.986346 0.35466003
vt 0.986346 0.35466003
vt 0.9866 0.022466004
vt 0.9866 0.022466004
vt 0.986346 0.35466003
vt 0.9866 0.022466004
vt 0.9866 0.022466004
vt 0.9866 0.022466004
vt 0.986346 0.35466003
vt 0.986346 0.35466003
vt 0.986346 0.35466003
vt 0.9866 0.022466004
vt 0.9866 0.022466004
vt 0.9866 0.022466004
vt 0.9866 0.022466004
vt 0.986346 0.35466003
vt 0.986346 0.35466003
vt 0.9866 0.022466004
vt 0.9866 0.022466004
vt 0.9866 0.022466004
vt 0.9866 0.022466004
vt 0.9866 0.022466004
vt 0.986346 0.35466003
vt 0.986346 0.35466003
vt 0.9866 0.022466004
vt 0.9866 0.022466004
vt 0.986346 0.35466003
vt 0.986346 0.35466003
vt 0.9866 0.022466004
vt 0.9866 0.022466004
vt 0.9866 0.022466004
vt 0.986346 0.35466003
vt 0.986346 0.35466003
vt 0.986346 0.35466003
vt 0.986346 0.35466003
vt 0.984514 0.902957976
vt 0.985459 0.903653026
vt 0.986132 0.90288198
vt 0.98531 0.902042985
vt 0.9866 0.022466004
vt 0.9866 0.022466004
vt 0.9866 0.022466004
vt 0.9866 0.022466004
vt 0.9866 0.022466004
vt 0.9866 0.022466004
vt 0.9866 0.022466004
vt 0.986346 0.35466003
vt 0.986346 0.35466003
vt 0.986346 0.35466003
vt 0.986346 0.35466003
vt 0.9866 0.022466004
vt 0.986346 0.35466003
vt 0.9866 0.022466004
vt 0.9866 0.022466004
vt 0.9866 0.022466004
vt 0.986346 0.35466003
vt 0.986346 0.35466003
vt 0.9866 0.022466004
vt 0.986346 0.35466003
vt 0.9866 0.022466004
vt 0.9866 0.022466004
vt 0.9866 0.022466004
vt 0.9866 0.022466004
vt 0.9866 0.022466004
vt 0.986346 0.35466003
vt 0.9866 0.022466004
vt 0.9866 0.022466004
vt 0.9866 0.022466004
vt 0.9866 0.022466004
vt 0.9866 0.022466004
vt 0.9866 0.022466004
vt 0.9866 0.022466004
vt 0.986346 0.35466003
vt 0.986346 0.35466003
vt 0.9866 0.022466004
vt 0.986346 0.35466003
vt 0.9866 0.022466004
vt 0.986346 0.35466003
vt 0.986346 0.35466003
vt 0.9866 0.022466004
vt 0.986346 0.35466003
vt 0.986346 0.35466003
vt 0.986346 0.35466003
vt 0.986346 0.35466003
vt 0.9866 0.022466004
vt 0.986601 0.02246499
vt 0.9866 0.022466004
vt 0.9866 0.022466004
vt 0.986346 0.35466003
vt 0.986346 0.35466003
vt 0.986346 0.35466003
vt 0.986346 0.35466003
vt 0.9866 0.022466004
vt 0.986577 0.022502005
vt 0.986346 0.35466003
vt 0.986346 0.35466003
vt 0.986346 0.35466003
vt 0.986346 0.35466003
vt 0.986346 0.35466003
vt 0.986346 0.35466003
vt 0.986346 0.35466003
vt 0.986346 0.35466003
vt 0.986346 0.35466003
vt 0.9866 0.022466004
vt 0.986508 0.022593021
vt 0.986346 0.35466003
vt 0.986346 0.35466003
vt 0.986346 0.35466003
vt 0.986346 0.35466003
vt 0.986346 0.35466003
vt 0.9866 0.022466004
vt 0.9866 0.022466004
vt 0.9866 0.022466004
vt 0.986902 0.022503972
vt 0.98677 0.022745013
vt 0.986346 0.35466003
vt 0.986346 0.35466003
vt 0.986346 0.35466003
vt 0.986346 0.35466003
vt 0.986857 0.022616982
vt 0.986346 0.35466003
vt 0.986346 0.35466003
vt 0.9866 0.022466004
vt 0.986346 0.35466003
vt 0.986346 0.35466003
vt 0.9866 0.022466004
vt 0.986346 0.35466003
vt 0.986346 0.35466003
vt 0.986346 0.35466003
vt 0.986346 0.35466003
vt 0.986346 0.35466003
vt 0.983985 0.02856201
vt 0.986823 0.037396014
vt 0.986346 0.35466003
vt 0.986346 0.35466003
vt 0.985384 0.039758027
vt 0.9866 0.022466004
vt 0.986909 0.043627977
vt 0.986346 0.35466003
vt 0.986346 0.35466003
vt 0.986287 0.057603
vt 0.98643 0.050713003
vt 0.98636 0.05334997
vt 0.986346 0.35466003
vt 0.986346 0.35466003
vt 0.986346 0.35466003
vt 0.986346 0.35466003
vt 0.985928 0.06695497
vt 0.985972 0.06947398
vt 0.985812 0.06934202
vt 0.986346 0.35466003
vt 0.986346 0.35466003
vt 0.986346 0.35466003
vt 0.985733 0.08594799
vt 0.986346 0.35466003
vt 0.986346 0.35466003
vt 0.986346 0.35466003
vt 0.986346 0.35466003
vt 0.986346 0.35466003
vt 0.986346 0.35466003
vt 0.986346 0.35466003
vt 0.986346 0.35466003
vt 0.986346 0.35466003
vt 0.986346 0.35466003
vt 0.986346 0.35466003
vt 0.986346 0.35466003
vt 0.986346 0.35466003
vt 0.986346 0.35466003
vt 0.986346 0.35466003
vt 0.986346 0.35466003
vt 0.986346 0.35466003
vt 0.986346 0.35466003
vt 0.986346 0.35466003
vt 0.9866 0.022466004
vt 0.986346 0.35466003
vt 0.9866 0.022466004
vt 0.998037 0.92950398
vt 0.998446 0.92826003
vt 0.997884 0.928123
vt 0.986346 0.35466003
vt 0.986346 0.35466003
vt 0.986346 0.35466003
vt 0.986346 0.35466003
vt 0.986346 0.35466003
vt 0.986346 0.35466003
vt 0.986346 0.35466003
vt 0.994571 0.919290006
vt 0.994287 0.919788
vt 0.995282 0.920468986
vt 0.995643 0.920023024
vt 0.9866 0.022466004
vt 0.986346 0.35466003
vt 0.986346 0.35466003
vt 0.986649 0.15915203
vt 0.986346 0.35466003
vt 0.986346 0.35466003
vt 0.986346 0.35466003
vt 0.993869 0.93507701
vt 0.993649 0.934484005
vt 0.992315 0.93486601
vt 0.992437 0.93548399
vt 0.985465 0.16609097
vt 0.986346 0.35466003
vt 0.986346 0.35466003
vt 0.986346 0.35466003
vt 0.986346 0.35466003
vt 0.986346 0.35466003
vt 0.986346 0.35466003
vt 0.986346 0.35466003
vt 0.986346 0.35466003
vt 0.986326 0.20636499
vt 0.98591 0.20407099
vt 0.981974 0.906102
vt 0.982557 0.906196
vt 0.982859 0.904926
vt 0.9823 0.904743016
vt 0.986346 0.35466003
vt 0.986346 0.35466003
vt 0.986346 0.35466003
vt 0.986549 0.20673102
vt 0.986584 0.20882899
vt 0.997941 0.93098903
vt 0.997436 0.93067098
vt 0.996649 0.931725025
vt 0.997094 0.93212199
vt 0.986346 0.35466003
vt 0.986346 0.35466003
vt 0.985446 0.182648
vt 0.985426 0.19921303
vt 0.986346 0.35466003
vt 0.986346 0.35466003
vt 0.985541 0.20175499
vt 0.986346 0.35466003
vt 0.986346 0.35466003
vt 0.986346 0.35466003
vt 0.986346 0.35466003
vt 0.986346 0.35466003
vt 0.98565 0.23478603
vt 0.986561 0.22539997
vt 0.98653 0.22330701
vt 0.986508 0.23988903
vt 0.986537 0.24197298
vt 0.986144 0.23742199
vt 0.9866 0.022466004
vt 0.986278 0.23951697
vt 0.9866 0.022466004
vt 0.985373 0.24894899
vt 0.985636 0.251378
vt 0.985361 0.265539
vt 0.986346 0.35466003
vt 0.9866 0.022466004
vt 0.986346 0.35466003
vt 0.986346 0.35466003
vt 0.986346 0.35466003
vt 0.986346 0.35466003
vt 0.986126 0.25401604
vt 0.9866 0.022466004
vt 0.9866 0.022466004
vt 0.986346 0.35466003
vt 0.986346 0.35466003
vt 0.986346 0.35466003
vt 0.986346 0.35466003
vt 0.985359 0.282193
vt 0.986346 0.35466003
vt 0.986346 0.35466003
vt 0.986346 0.35466003
vt 0.986346 0.35466003
vt 0.986348 0.289594
vt 0.986346 0.35466003
vt 0.986346 0.35466003
vt 0.986346 0.35466003
vt 0.986346 0.35466003
vt 0.9866 0.022466004
vt 0.9866 0.022466004
vt 0.985341 0.29847002
vt 0.984272 0.31895804
vt 0.985142 0.31992
vt 0.985958 0.321535
vt 0.986346 0.35466003
vt 0.986346 0.35466003
vt 0.986346 0.35466003
vt 0.986346 0.35466003
vt 0.986346 0.35466003
vt 0.986346 0.35466003
vt 0.986346 0.35466003
vt 0.986346 0.35466003
vt 0.983565 0.334992
vt 0.986346 0.35466003
vt 0.9866 0.022466004
vt 0.986346 0.35466003
vt 0.986346 0.35466003
vt 0.986346 0.35466003
vt 0.990951 0.36100197
vt 0.990813 0.34967
vt 0.986346 0.35466003
vt 0.995703 0.921703994
vt 0.994901 0.92093903
vt 0.994608 0.921299994
vt 0.986346 0.35466003
vt 0.986346 0.35466003
vt 0.986346 0.35466003
vt 0.986346 0.35466003
vt 0.986346 0.35466003
vt 0.986346 0.35466003
vt 0.983251 0.352839
vt 0.9866 0.022466004
vt 0.9866 0.022466004
vt 0.983504 0.35585904
vt 0.985917 0.35549998
vt 0.986346 0.35466003
vt 0.986346 0.35466003
vt 0.9866 0.022466004
vt 0.9866 0.022466004
vt 0.986387 0.35469103
vt 0.986346 0.35466003
vt 0.986346 0.35466003
vt 0.986346 0.35466003
vt 0.986321 0.354554
vt 0.986346 0.35466003
vt 0.986346 0.35466003
vt 0.986346 0.35466003
vt 0.997483 0.926874995
vt 0.998073 0.92691898
vt 0.998065 0.925698996
vt 0.997476 0.92575002
vt 0.986346 0.35466003
vt 0.986346 0.35466003
vt 0.98634 0.35463202
vt 0.986346 0.35466003
vt 0.986346 0.35466003
vt 0.986264 0.92015201
vt 0.987309 0.91954303
vt 0.986356 0.35466003
vt 0.986346 0.35466003
vt 0.986346 0.35466003
vt 0.986346 0.35466003
vt 0.986346 0.35466003
vt 0.986273 0.354837
vt 0.986322 0.354707
vt 0.9866 0.022466004
vt 0.986345 0.354652
vt 0.986346 0.35466003
vt 0.986346 0.35466003
vt 0.983978 0.928563
vt 0.983419 0.92875099
vt 0.9839 0.92986798
vt 0.98442 0.92959499
vt 0.986346 0.354657
vt 0.9866 0.022466004
vt 0.983708 0.92747599
vt 0.983129 0.927571
vt 0.986349 0.35465598
vt 0.986347 0.35465896
vt 0.992083 0.93373299
vt 0.991965 0.933161974
vt 0.986346 0.35466003
vt 0.9866 0.022466004
vt 0.986346 0.35466003
vt 0.986346 0.35466003
vt 0.983877 0.92286098
vt 0.983408 0.92398
vt 0.986346 0.35465896
vt 0.986346 0.35466003
vt 0.986346 0.35466003
vt 0.986346 0.35466003
vt 0.986346 0.35466003
vt 0.986346 0.35465896
vt 0.986346 0.35465896
vt 0.986346 0.35466003
vt 0.986346 0.35466003
vt 0.986346 0.35466003
vt 0.986346 0.35466003
vt 0.986346 0.35466003
vt 0.986346 0.35466003
vt 0.986346 0.35466003
vt 0.986346 0.35466003
vt 0.986346 0.35466003
vt 0.986345 0.354661
vt 0.986346 0.35466003
vt 0.986346 0.35466003
vt 0.986346 0.35466003
vt 0.986346 0.35466003
vt 0.986346 0.35466003
vt 0.986346 0.35466003
vt 0.986346 0.35466003
vt 0.986346 0.35466003
vt 0.986346 0.35466003
vt 0.986346 0.35466003
vt 0.986346 0.35466003
vt 0.986346 0.35466003
vt 0.986346 0.35466003
vt 0.986346 0.35466003
vt 0.986346 0.35466003
vt 0.986346 0.35466003
vt 0.986346 0.35466003
vt 0.986346 0.35466003
vt 0.986346 0.35466003
vt 0.986346 0.35466003
vt 0.986346 0.35466003
vt 0.986346 0.35466003
vt 0.986346 0.35466003
vt 0.986346 0.35466003
vt 0.986346 0.35466003
vt 0.986346 0.35466003
vt 0.986346 0.35466003
vt 0.986346 0.35466003
vt 0.986346 0.35466003
vt 0.986346 0.35466003
vt 0.986346 0.35466003
vt 0.986346 0.35466003
vt 0.986346 0.35466003
vt 0.986346 0.35466003
vt 0.986346 0.35466003
vt 0.986346 0.35466003
vt 0.986346 0.35466003
vt 0.986346 0.35466003
vt 0.986346 0.35466003
vt 0.986346 0.35466003
vt 0.986346 0.35466003
vt 0.986346 0.35466003
vt 0.9866 0.022466004
vt 0.986346 0.35466003
vt 0.986346 0.35466003
vt 0.986346 0.35466003
vt 0.986346 0.35466003
vt 0.986346 0.35466003
vt 0.986346 0.35466003
vt 0.986346 0.35466003
vt 0.986346 0.35466003
vt 0.986346 0.35466003
vt 0.986346 0.35466003
vt 0.986346 0.35466003
vt 0.986346 0.35466003
vt 0.986346 0.35466003
vt 0.986346 0.35466003
vt 0.986346 0.35466003
vt 0.986346 0.35466003
vt 0.986345 0.35466397
vt 0.986346 0.35466003
vt 0.983123 0.92515701
vt 0.986346 0.35466003
vt 0.986346 0.35466003
vt 0.98634 0.35467303
vt 0.986346 0.35466003
vt 0.986346 0.35466003
vt 0.997859 0.92449403
vt 0.997288 0.92463899
vt 0.9866 0.022466004
vt 0.986346 0.35466003
vt 0.986346 0.35466003
vt 0.986346 0.35466003
vt 0.984993 0.92218298
vt 0.984522 0.92183101
vt 0.9866 0.022466004
vt 0.986346 0.35466003
vt 0.986346 0.35466003
vt 0.986346 0.35466003
vt 0.986346 0.35466003
vt 0.986385 0.354793
vt 0.986346 0.35466003
vt 0.986346 0.35466003
vt 0.986346 0.35466003
vt 0.986346 0.35466003
vt 0.986346 0.35466003
vt 0.986346 0.35466003
vt 0.986346 0.35466003
vt 0.986346 0.35466003
vt 0.986346 0.35466003
vt 0.996996 0.926838994
vt 0.997463 0.92687303
vt 0.997456 0.925751984
vt 0.996988 0.92579299
vt 0.986346 0.35466003
vt 0.986346 0.35466003
vt 0.986346 0.35466003
vt 0.9866 0.022466004
vt 0.9866 0.022466004
vt 0.986346 0.35466003
vt 0.986346 0.35466003
vt 0.9866 0.022466004
vt 0.9866 0.022466004
vt 0.986346 0.35466003
vt 0.986346 0.35466003
vt 0.986346 0.35466003
vt 0.99437 0.931008995
vt 0.994653 0.931355
vt 0.995404 0.930629015
vt 0.995069 0.93033302
vt 0.986346 0.35466003
vt 0.986346 0.35466003
vt 0.986346 0.35466003
vt 0.986346 0.35466003
vt 0.986346 0.35466003
vt 0.986346 0.35466003
vt 0.986346 0.35466003
vt 0.986301 0.22294098
vt 0.986346 0.35466003
vt 0.986346 0.35466003
vt 0.986346 0.35466003
vt 0.986346 0.35466003
vt 0.986346 0.35466003
vt 0.986346 0.35466003
vt 0.983575 0.902266026
vt 0.984052 0.90261501
vt 0.984908 0.901631
vt 0.984491 0.901205
vt 0.986346 0.35466003
vt 0.9866 0.022466004
vt 0.986346 0.35466003
vt 0.986346 0.35466003
vt 0.986346 0.35466003
vt 0.986346 0.35466003
vt 0.986346 0.35466003
vt 0.986346 0.35466003
vt 0.986346 0.35466003
vt 0.986346 0.35466003
vt 0.986346 0.35466003
vt 0.986346 0.35466003
vt 0.986346 0.35466003
vt 0.986346 0.35466003
vt 0.986346 0.35466003
vt 0.986346 0.35466003
vt 0.986346 0.35466003
vt 0.986346 0.35466003
vt 0.986346 0.35466003
vt 0.986346 0.35466003
vt 0.986346 0.35466003
vt 0.986346 0.35466003
vt 0.986346 0.35466003
vt 0.986346 0.35466003
vt 0.986346 0.35466003
vt 0.986346 0.35466003
vt 0.986346 0.35466003
vt 0.986346 0.35466003
vt 0.986346 0.35466003
vt 0.986346 0.35466003
vt 0.986483 0.02390498
vt 0.986346 0.35466003
vt 0.986346 0.35466003
vt 0.986308 0.02286303
vt 0.986346 0.35466003
vt 0.986346 0.35466003
vt 0.986346 0.35466003
vt 0.9866 0.022466004
vt 0.986346 0.35466003
vt 0.986346 0.35466003
vt 0.986346 0.35466003
vt 0.9866 0.022466004
vt 0.986346 0.35466003
vt 0.986346 0.35466003
vt 0.986346 0.35466003
vt 0.986346 0.35466003
vt 0.986346 0.35466003
vt 0.986346 0.35466003
vt 0.986346 0.35466003
vt 0.9866 0.022466004
vt 0.986346 0.35466003
vt 0.984524 0.905466974
vt 0.983406 0.90510601
vt 0.983126 0.90628499
vt 0.984286 0.90646303
vt 0.986346 0.35466003
vt 0.986346 0.35466003
vt 0.9866 0.022466004
vt 0.9866 0.022466004
vt 0.986346 0.35466003
vt 0.986346 0.35466003
vt 0.986346 0.35466003
vt 0.9866 0.022466004
vt 0.9866 0.022466004
vt 0.986346 0.35466003
vt 0.986346 0.35466003
vt 0.9866 0.022466004
vt 0.986346 0.35466003
vt 0.986346 0.35466003
vt 0.986346 0.35466003
vt 0.986346 0.35466003
vt 0.986346 0.35466003
vt 0.986346 0.35466003
vt 0.986346 0.35466003
vt 0.982577 0.90879798
vt 0.983144 0.90870303
vt 0.983037 0.90749502
vt 0.982461 0.90749699
vt 0.988402 0.91526502
vt 0.988554 0.914707005
vt 0.987408 0.91428602
vt 0.987166 0.91481298
vt 0.986346 0.35466003
vt 0.986346 0.35466003
vt 0.986346 0.35466003
vt 0.986346 0.35466003
vt 0.986346 0.35466003
vt 0.986346 0.35466003
vt 0.996427 0.93004
vt 0.996942 0.92904502
vt 0.986346 0.35466003
vt 0.986346 0.35466003
vt 0.986346 0.35466003
vt 0.986346 0.35466003
vt 0.986346 0.35466003
vt 0.986346 0.35466003
vt 0.986346 0.35466003
vt 0.986346 0.35466003
vt 0.986346 0.35466003
vt 0.986346 0.35466003
vt 0.986346 0.35466003
vt 0.986346 0.35466003
vt 0.986346 0.35466003
vt 0.986346 0.35466003
vt 0.986346 0.35466003
vt 0.986346 0.35466003
vt 0.9866 0.022466004
vt 0.9866 0.022466004
vt 0.986346 0.35466003
vt 0.986346 0.35466003
vt 0.986346 0.35466003
vt 0.986354 0.35464597
vt 0.986346 0.35466003
vt 0.986346 0.35466003
vt 0.986346 0.35466003
vt 0.986875 0.921033025
vt 0.99495 0.93171698
vt 0.995757 0.93093902
vt 0.986346 0.35466003
vt 0.99729 0.927980006
vt 0.996834 0.92787099
vt 0.99651 0.92886299
vt 0.986346 0.35466003
vt 0.996475 0.923769
vt 0.996906 0.92358202
vt 0.99638 0.922591984
vt 0.986346 0.35466003
vt 0.986346 0.35466003
vt 0.986346 0.35466003
vt 0.986346 0.35466003
vt 0.986346 0.35466003
vt 0.986346 0.35466003
vt 0.986346 0.35466003
vt 0.986346 0.35466003
vt 0.986346 0.35466003
vt 0.986346 0.35466003
vt 0.986346 0.35466003
vt 0.984188 0.92739701
vt 0.983728 0.92747301
vt 0.983997 0.92855698
vt 0.984441 0.92840803
vt 0.986346 0.35466003
vt 0.986346 0.35466003
vt 0.984427 0.924314976
vt 0.984182 0.92532402
vt 0.991961 0.93314302
vt 0.991867 0.932690024
vt 0.990843 0.93281603
vt 0.992352 0.946456015
vt 0.991869 0.946038008
vt 0.981309 0.943310022
vt 0.981927 0.943212986
vt 0.981863 0.942306995
vt 0.981231 0.942303002
vt 0.9866 0.022466004
vt 0.9866 0.022466004
vt 0.985226 0.92356199
vt 0.984848 0.92445302
vt 0.990834 0.89932799
vt 0.990817 0.89990097
vt 0.992018 0.90003502
vt 0.992126 0.899470985
vt 0.986346 0.35466003
vt 0.986346 0.35466003
vt 0.986346 0.35466003
vt 0.986346 0.35466003
vt 0.986346 0.35466003
vt 0.981231 0.96195501
vt 0.981788 0.96251303
vt 0.982576 0.96251303
vt 0.981231 0.961166978
vt 0.981789 0.960609972
vt 0.982577 0.960609972
vt 0.983133 0.96116799
vt 0.983133 0.961956024
vt 0.993032 0.93284899
vt 0.993024 0.93283099
vt 0.993765 0.91281003
vt 0.993827 0.91291398
vt 0.994665 0.91232097
vt 0.994588 0.91222799
vt 0.987804 0.90170699
vt 0.987857 0.90181601
vt 0.988793 0.90145099
vt 0.988759 0.901335
vt 0.993987 0.920313
vt 0.993997 0.92029601
vt 0.99299 0.919824004
vt 0.990809 0.91940898
vt 0.99081 0.91939002
vt 0.989695 0.919442
vt 0.989698 0.91946101
vt 0.993796 0.931948006
vt 0.994031 0.93235201
vt 0.993573 0.93156302
vt 0.991777 0.93225503
vt 0.990825 0.932374
vt 0.996029 0.92979097
vt 0.99565 0.92955297
vt 0.989864 0.932336986
vt 0.989812 0.93277502
vt 0.988741 0.92013699
vt 0.988867 0.92056298
vt 0.989813 0.920364976
vt 0.989756 0.91992301
vt 0.990779 0.920319974
vt 0.990793 0.919875026
vt 0.988609 0.91969001
vt 0.987772 0.920509994
vt 0.985413 0.930248976
vt 0.985038 0.93053198
vt 0.985785 0.93136901
vt 0.986109 0.931029975
vt 0.987626 0.932631016
vt 0.98867 0.933019996
vt 0.988798 0.93257302
vt 0.991738 0.92043197
vt 0.984852 0.929367006
vt 0.984438 0.92958498
vt 0.985733 0.92134303
vt 0.986656 0.93207401
vt 0.986645 0.932089984
vt 0.988604 0.919671
vt 0.988438 0.91910899
vt 0.987041 0.900129974
vt 0.987293 0.90064901
vt 0.988425 0.90021098
vt 0.988261 0.899658024
vt 0.992196 0.93429202
vt 0.990914 0.93444902
vt 0.993241 0.933396995
vt 0.993443 0.93393397
vt 0.996923 0.923574984
vt 0.997464 0.92333901
vt 0.996892 0.92226398
vt 0.996397 0.92258197
vt 0.986244 0.901265025
vt 0.985913 0.90079403
vt 0.991918 0.91951901
vt 0.992033 0.918944
vt 0.99083 0.91880399
vt 0.987965 0.92091
vt 0.993757 0.920717
vt 0.993538 0.921100974
vt 0.99433 0.92164302
vt 0.992697 0.93198198
vt 0.992857 0.93239403
vt 0.98892 0.932145
vt 0.98713 0.921397984
vt 0.996399 0.927766025
vt 0.996097 0.928690016
vt 0.984548 0.926359
vt 0.984102 0.92636001
vt 0.984629 0.927324
vt 0.984622 0.925394
vt 0.992666 0.92069399
vt 0.986419 0.930706024
vt 0.985772 0.929977
vt 0.984864 0.92826599
vt 0.996066 0.92394602
vt 0.996377 0.92487103
vt 0.996813 0.924759984
vt 0.986381 0.92201197
vt 0.985743 0.922740996
vt 0.997269 0.92464399
vt 0.985022 0.93054402
vt 0.989622 0.91886097
vt 0.99731 0.92798501
vt 0.994914 0.92092401
vt 0.984123 0.91236597
vt 0.984581 0.91201699
vt 0.983923 0.91099501
vt 0.983413 0.91126698
vt 0.992169 0.91481
vt 0.99229 0.91537303
vt 0.990965 0.914970994
vt 0.990996 0.91554701
vt 0.991796 0.90118402
vt 0.991773 0.90130198
vt 0.99274 0.901573
vt 0.992782 0.90145898
vt 0.995771 0.93095201
vt 0.996214 0.93134302
vt 0.995899 0.910716
vt 0.996001 0.910779
vt 0.996465 0.90987003
vt 0.996354 0.90982401
vt 0.993195 0.919276
vt 0.984918 0.904522
vt 0.985026 0.90457797
vt 0.985556 0.90372503
vt 0.98455 0.930899024
vt 0.985364 0.93180901
vt 0.985771 0.93138301
vt 0.995719 0.921692014
vt 0.98631 0.93257803
vt 0.986217 0.902969
vt 0.986991 0.902327
vt 0.986921 0.902228
vt 0.985326 0.920919
vt 0.983031 0.92636299
vt 0.996155 0.92130202
vt 0.998448 0.90543699
vt 0.99789 0.90557802
vt 0.998091 0.90677297
vt 0.998663 0.90672302
vt 0.982561 0.927664995
vt 0.982455 0.926364005
vt 0.984087 0.93124801
vt 0.983389 0.93013698
vt 0.999041 0.90943599
vt 0.998467 0.90930098
vt 0.998072 0.910530984
vt 0.998614 0.91075599
vt 0.985574 0.90030801
vt 0.986786 0.89959502
vt 0.983441 0.90987998
vt 0.982895 0.910064995
vt 0.992238 0.898893
vt 0.99988 0.92554498
vt 0.999238 0.92559701
vt 0.999243 0.92700797
vt 0.99988 0.92706001
vt 0.981696 0.904543996
vt 0.982838 0.903454006
vt 0.982273 0.903162
vt 0.99518 0.91823399
vt 0.994867 0.918778
vt 0.996012 0.919569016
vt 0.996415 0.91907102
vt 0.981231 0.92636597
vt 0.981865 0.926366985
vt 0.981971 0.92497599
vt 0.981352 0.924879014
vt 0.985682 0.91465801
vt 0.986019 0.91416597
vt 0.984994 0.913344026
vt 0.984586 0.91377401
vt 0.997023 0.920524
vt 0.996583 0.920920014
vt 0.997376 0.92195201
vt 0.997871 0.92163199
vt 0.981704 0.92932099
vt 0.982311 0.92912102
vt 0.981978 0.92776102
vt 0.981349 0.927860975
vt 0.988095 0.89909202
vt 0.987917 0.89848101
vt 0.986511 0.89901602
vt 0.996074 0.933099985
vt 0.994913 0.93389201
vt 0.98199 0.90889698
vt 0.981869 0.907499015
vt 0.98136 0.90900099
vt 0.981231 0.90750098
vt 0.983139 0.913111985
vt 0.983649 0.912725985
vt 0.982892 0.911544025
vt 0.982327 0.911843
vt 0.983364 0.903723
vt 0.98173 0.91046202
vt 0.982335 0.910257995
vt 0.983613 0.93160498
vt 0.982861 0.93041402
vt 0.989537 0.89939302
vt 0.997914 0.90271902
vt 0.998463 0.90236801
vt 0.997535 0.90116799
vt 0.997062 0.90159398
vt 0.99094 0.93503797
vt 0.989623 0.934404016
vt 0.989554 0.93498701
vt 0.993829 0.91758102
vt 0.993602 0.91818601
vt 0.987123 0.93370497
vt 0.985984 0.93305498
vt 0.998422 0.92435098
vt 0.998643 0.92565
vt 0.986914 0.915353
vt 0.988021 0.93533403
vt 0.988188 0.93472201
vt 0.986875 0.934241
vt 0.986611 0.93482298
vt 0.985393 0.91292399
vt 0.988242 0.91583902
vt 0.98956 0.91673303
vt 0.989624 0.91609901
vt 0.988075 0.91645998
vt 0.99662 0.90199298
vt 0.996189 0.902381
vt 0.996925 0.903352976
vt 0.997411 0.903041005
vt 0.98969 0.91551
vt 0.991057 0.916767
vt 0.991025 0.91613901
vt 0.997994 0.923106015
vt 0.983064 0.901887
vt 0.984048 0.900756
vt 0.993383 0.89981598
vt 0.993185 0.90035701
vt 0.99429 0.90086299
vt 0.994573 0.900358975
vt 0.996476 0.93360102
vt 0.995227 0.93444699
vt 0.993763 0.915552974
vt 0.992415 0.91595501
vt 0.995364 0.91549301
vt 0.99503 0.91493201
vt 0.993993 0.91615301
vt 0.99849 0.931326985
vt 0.997584 0.93255502
vt 0.996178 0.914114
vt 0.995793 0.91366202
vt 0.996595 0.91460198
vt 0.997657 0.913535
vt 0.997171 0.913124025
vt 0.995422 0.91321999
vt 0.99672 0.91274202
vt 0.992544 0.91658002
vt 0.997988 0.91199499
vt 0.99853 0.912321985
vt 0.999198 0.91099203
vt 0.996284 0.91236699
vt 0.997488 0.91168898
vt 0.996998 0.91139102
vt 0.987928 0.91738498
vt 0.988109 0.91799301
vt 0.989475 0.917707026
vt 0.989393 0.917077005
vt 0.997544 0.91031599
vt 0.999646 0.90957999
vt 0.999879 0.90811503
vt 0.999251 0.90806502
vt 0.985318 0.91518903
vt 0.984143 0.91423601
vt 0.998577 0.90396601
vt 0.99803 0.90419799
vt 0.999023 0.90529698
vt 0.997913 0.90916902
vt 0.999248 0.90667498
vt 0.999879 0.90662497
vt 0.999642 0.905146
vt 0.9975 0.90442699
vt 0.989751 0.914936006
vt 0.98664 0.91594702
vt 0.998666 0.90802199
vt 0.990967 0.93565899
vt 0.989486 0.93561399
vt 0.999026 0.928397
vt 0.999639 0.928543985
vt 0.988348 0.93415499
vt 0.996032 0.90063
vt 0.996438 0.90012097
vt 0.995172 0.899281025
vt 0.994862 0.899842024
vt 0.995659 0.90109599
vt 0.998096 0.907980025
vt 0.9938 0.89866102
vt 0.993586 0.899261
vt 0.995299 0.901547015
vt 0.981345 0.906001985
vt 0.992354 0.89827001
vt 0.9852 0.899776995
vt 0.998649 0.926965
vt 0.982871 0.92893398
vt 0.98961 0.899960995
vt 0.985248 0.92915797
vt 0.996541 0.92583197
vt 0.99078 0.90107101
vt 0.990777 0.90119201
vt 0.996549 0.92680502
vt 0.982292 0.93071002
vt 0.99918 0.92997801
vt 0.998588 0.92973399
vt 0.998401 0.92128402
vt 0.998538 0.92286497
vt 0.999124 0.92260301
vt 0.999633 0.92403799
vt 0.998999 0.92420101
vt 0.999168 0.903715014
vt 0.985651 0.93354797
vt 0.985284 0.93408799
vt 0.997489 0.920105994
vt 0.98455 0.932661
vt 0.984103 0.93312502
vt 0.983099 0.931989014
vt 0.992377 0.917174995
vt 0.992255 0.91780102
vt 0.990887 0.91700703
vt 0.990868 0.917642
vt 0.982298 0.92361802
vt 0.981693 0.923424006
vt 0.986531 0.91792399
vt 0.986807 0.918493986
vt 0.985242 0.91867602
vt 0.985598 0.919192016
vt 0.984076 0.91961497
vt 0.984515 0.92007798
vt 0.98706 0.91902697
vt 0.985936 0.91968101
vt 0.984927 0.920503974
vt 0.984061 0.92148501
vt 0.983364 0.922595024
vt 0.982862 0.923801005
vt 0.982555 0.925065994
vt 0.988274 0.91856003
vt 0.990848 0.918228984
vt 0.992143 0.918380976
vt 0.984964 0.932227015
vt 0.986344 0.91368598
vt 0.989547 0.918291986
vt 0.983874 0.90398699
vt 0.993394 0.918739974
vt 0.99642 0.904893994
vt 0.996752 0.90586501
vt 0.991894 0.91354197
vt 0.99192 0.913661
vt 0.992903 0.91336501
vt 0.992859 0.913251996
vt 0.984639 0.905505
vt 0.984405 0.90648198
vt 0.995935 0.903988004
vt 0.995833 0.90405297
vt 0.996309 0.904941976
vt 0.984961 0.91044098
vt 0.985517 0.911302984
vt 0.986203 0.912066996
vt 0.987006 0.912709
vt 0.98421 0.90748501
vt 0.984331 0.907483995
vt 0.988868 0.91356897
vt 0.989877 0.913764
vt 0.996924 0.90687299
vt 0.996804 0.906883
vt 0.996812 0.907885015
vt 0.996932 0.907893
vt 0.996777 0.908900976
vt 0.990896 0.913674
vt 0.990902 0.913794994
vt 0.99666 0.90887302
vt 0.984299 0.908505976
vt 0.994563 0.902466
vt 0.994487 0.902559996
vt 0.99522 0.903252006
vt 0.99531 0.903171
vt 0.995396 0.911602974
vt 0.988901 0.91345203
vt 0.98989 0.913644016
vt 0.984419 0.90848601
vt 0.984553 0.9095
vt 0.984668 0.90946102
vt 0.989776 0.90124297
vt 0.98976 0.90112299
vt 0.995305 0.911524
vt 0.987902 0.913215995
vt 0.993713 0.901889026
vt 0.996635 0.905894995
vt 0.985068 0.910384
vt 0.985613 0.91123003
vt 0.986286 0.91197902
vt 0.993653 0.901995
vt 0.987953 0.91310501
vt 0.987074 0.91260898
vt 0.987332 0.729213
vt 0.983831 0.39668798
vt 0.983619 0.396326
vt 0.987672 0.73055202
vt 0.982962 0.38614202
vt 0.987966 0.74912798
vt 0.988237 0.74604702
vt 0.982755 0.387654
vt 0.982643 0.389067
vt 0.988405 0.743182
vt 0.988477 0.74053198
vt 0.982619 0.39037502
vt 0.984667 0.725833
vt 0.98572 0.39645004
vt 0.985407 0.396762
vt 0.985148 0.725841
vt 0.988337 0.38797998
vt 0.981434 0.74596697
vt 0.981686 0.74905598
vt 0.988146 0.38649797
vt 0.986949 0.728095
vt 0.984129 0.396923
vt 0.981264 0.73800898
vt 0.988442 0.39167
vt 0.988349 0.39265
vt 0.981376 0.73579502
vt 0.982795 0.392994
vt 0.988365 0.73588502
vt 0.988197 0.73388797
vt 0.983006 0.39428604
vt 0.984207 0.38106704
vt 0.986452 0.759651
vt 0.987082 0.75593102
vt 0.983682 0.382842
vt 0.983274 0.727152
vt 0.986948 0.39594102
vt 0.986622 0.39606
vt 0.983724 0.726489
vt 0.983269 0.38453603
vt 0.987584 0.752424
vt 0.986363 0.37929904
vt 0.983886 0.76356101
vt 0.984776 0.76771998
vt 0.985611 0.37717998
vt 0.98156 0.733801
vt 0.988205 0.393506
vt 0.988016 0.394238
vt 0.981806 0.732028
vt 0.982676 0.39157403
vt 0.988461 0.73809898
vt 0.985686 0.76358098
vt 0.984848 0.379188
vt 0.98779 0.394848
vt 0.982109 0.73047602
vt 0.986532 0.72719902
vt 0.984441 0.39704704
vt 0.986019 0.39603
vt 0.98419 0.72605002
vt 0.987533 0.39533496
vt 0.982459 0.729145
vt 0.987478 0.38315296
vt 0.98253 0.75588
vt 0.98314 0.75961399
vt 0.986981 0.38128996
vt 0.982048 0.75235999
vt 0.987863 0.384889
vt 0.98285 0.728037
vt 0.987251 0.39569902
vt 0.988444 0.38933504
vt 0.981285 0.743096
vt 0.986087 0.726524
vt 0.984762 0.39706004
vt 0.983298 0.395432
vt 0.987963 0.73211098
vt 0.985624 0.726071
vt 0.985086 0.39696503
vt 0.988477 0.39056504
vt 0.981231 0.740444
vt 0.986009 0.93675703
vt 0.985834 0.936143994
vt 0.984872 0.93651003
vt 0.985144 0.937085986
vt 0.99285 0.94447303
vt 0.993432 0.944718003
vt 0.993756 0.943744004
vt 0.993137 0.943592012
vt 0.983185 0.937677026
vt 0.983626 0.938138008
vt 0.984342 0.93755001
vt 0.983981 0.93702501
vt 0.989644 0.936903
vt 0.989873 0.93631101
vt 0.988888 0.93602401
vt 0.988758 0.93664497
vt 0.98784 0.93653399
vt 0.987869 0.935898006
vt 0.986842 0.935939014
vt 0.986916 0.936571
vt 0.987851 0.948634982
vt 0.987818 0.948000014
vt 0.986896 0.94796902
vt 0.986825 0.948601007
vt 0.990476 0.937298
vt 0.990795 0.936752975
vt 0.983965 0.94752401
vt 0.984323 0.946999013
vt 0.983608 0.946415007
vt 0.98317 0.94687599
vt 0.992963 0.945627987
vt 0.992422 0.945294023
vt 0.981936 0.945239007
vt 0.982503 0.944941998
vt 0.982144 0.944096982
vt 0.981544 0.944293022
vt 0.981936 0.941377997
vt 0.981306 0.941276014
vt 0.982157 0.940473974
vt 0.98155 0.94027102
vt 0.992447 0.939203024
vt 0.992987 0.938869
vt 0.992376 0.938040018
vt 0.991895 0.938462973
vt 0.982518 0.939619005
vt 0.981953 0.93932098
vt 0.982488 0.946107984
vt 0.982996 0.945722997
vt 0.993453 0.93977797
vt 0.992871 0.94001901
vt 0.993291 0.942689
vt 0.993914 0.94273901
vt 0.983012 0.938833
vt 0.982503 0.938449025
vt 0.991631 0.93733299
vt 0.991233 0.937820017
vt 0.985816 0.948399007
vt 0.985989 0.947785974
vt 0.985124 0.947459996
vt 0.984855 0.948036015
vt 0.988734 0.947881997
vt 0.988868 0.948503017
vt 0.986832 0.782826
vt 0.985938 0.866499
vt 0.98538 0.866485
vt 0.987013 0.782879
vt 0.985273 0.778665
vt 0.989688 0.87582499
vt 0.989594 0.874152
vt 0.985328 0.77942699
vt 0.987938 0.889168024
vt 0.985889 0.77242899
vt 0.986207 0.77115601
vt 0.987171 0.89192498
vt 0.988554 0.88655901
vt 0.985635 0.77363002
vt 0.982778 0.86894798
vt 0.987889 0.78199297
vt 0.987747 0.782273
vt 0.983244 0.86811799
vt 0.98624 0.89482802
vt 0.986593 0.769813
vt 0.987014 0.767959
vt 0.985136 0.897874
vt 0.985442 0.77475798
vt 0.989026 0.88410199
vt 0.989367 0.88179803
vt 0.985353 0.77590501
vt 0.987435 0.769597
vt 0.984124 0.89477301
vt 0.981448 0.873941
vt 0.988308 0.77959198
vt 0.988212 0.78073001
vt 0.981682 0.87244302
vt 0.981988 0.87111098
vt 0.988125 0.781223
vt 0.988016 0.78164297
vt 0.982356 0.869946
vt 0.981677 0.88390899
vt 0.988359 0.77487397
vt 0.988457 0.77567202
vt 0.981413 0.88158798
vt 0.987259 0.78270298
vt 0.984823 0.86663902
vt 0.984275 0.86696303
vt 0.987429 0.78262699
vt 0.985273 0.77689898
vt 0.989584 0.87964898
vt 0.989688 0.87765801
vt 0.985242 0.77781498
vt 0.989413 0.87264198
vt 0.98542 0.78010899
vt 0.981294 0.87560499
vt 0.988421 0.77856803
vt 0.981267 0.879429996
vt 0.988479 0.77683097
vt 0.988499 0.77748698
vt 0.981231 0.87743503
vt 0.982069 0.88638902
vt 0.988226 0.77356702
vt 0.983283 0.891822994
vt 0.987773 0.771155
vt 0.988028 0.77217901
vt 0.982601 0.889027
vt 0.983746 0.86745602
vt 0.987593 0.782484
vt 0.989155 0.87129301
vt 0.985545 0.78071201
vt 0.985698 0.78123301
vt 0.98883 0.87010998
vt 0.988446 0.86909097
vt 0.985875 0.78167301
vt 0.986032 0.78205901
vt 0.98801 0.86823797
vt 0.987534 0.86755103
vt 0.986247 0.78232998
vt 0.987024 0.86703199
vt 0.986474 0.78251898
vt 0.986489 0.86668098
vt 0.986652 0.78270698
vt 0.989861 0.949639976
vt 0.986984 0.954622984
vt 0.990623 0.950165987
vt 0.989024 0.94924301
vt 0.991291 0.95080799
vt 0.988135 0.948985994
vt 0.991847 0.95154798
vt 0.987216 0.948873997
vt 0.992277 0.95236802
vt 0.986291 0.94891101
vt 0.99257 0.953245997
vt 0.985384 0.949096978
vt 0.992719 0.954159975
vt 0.984518 0.949424982
vt 0.992719 0.955085993
vt 0.983716 0.94988799
vt 0.99257 0.955999017
vt 0.982999 0.95047301
vt 0.992277 0.956878006
vt 0.982385 0.951165974
vt 0.991847 0.957696974
vt 0.98189 0.951949
vt 0.99129 0.95843798
vt 0.981527 0.95280099
vt 0.990623 0.959079027
vt 0.981306 0.953700006
vt 0.989861 0.95960498
vt 0.981231 0.954622984
vt 0.989024 0.960002005
vt 0.981306 0.95554501
vt 0.988135 0.96025902
vt 0.981527 0.956444025
vt 0.987216 0.960371017
vt 0.98189 0.957296014
vt 0.986291 0.960334003
vt 0.982385 0.95807898
vt 0.985384 0.96014899
vt 0.982999 0.958772004
vt 0.984518 0.959819973
vt 0.983716 0.959357023
vt 0.407959 0.560113
vt 0.408328 0.55989498
vt 0.407088 0.55813998
vt 0.406759 0.55841303
vt 0.406212 0.57556498
vt 0.406525 0.57586098
vt 0.407873 0.574176
vt 0.407518 0.57393497
vt 0.393168 0.523111
vt 0.391276 0.50135398
vt 0.380861 0.50292498
vt 0.386238 0.52454102
vt 0.387878 0.552653
vt 0.38811 0.55301702
vt 0.39041 0.551816
vt 0.39024 0.55141997
vt 0.402902 0.57809198
vt 0.403106 0.57847202
vt 0.40492 0.577303
vt 0.404659 0.57696098
vt 0.397841 0.552871
vt 0.397806 0.55334902
vt 0.399923 0.55368
vt 0.400033 0.553214
vt 0.390413 0.578968
vt 0.390637 0.57854003
vt 0.388809 0.57739002
vt 0.38852 0.577776
vt 0.386358 0.437576
vt 0.386992 0.44724298
vt 0.40604 0.447533
vt 0.406958 0.437849
vt 0.3976 0.68879902
vt 0.397657 0.69924903
vt 0.419218 0.69728798
vt 0.41751 0.687317
vt 0.417521 0.60562903
vt 0.410969 0.593004
vt 0.406505 0.59485698
vt 0.411054 0.60865998
vt 0.38322 0.57316202
vt 0.38269 0.57341498
vt 0.383948 0.57559597
vt 0.384428 0.575265
vt 0.428993 0.59709197
vt 0.445093 0.612149
vt 0.4515 0.60352302
vt 0.433337 0.59146303
vt 0.392295 0.548683
vt 0.39179 0.54674602
vt 0.388669 0.54781199
vt 0.389494 0.54965597
vt 0.397774 0.553775
vt 0.395664 0.553361
vt 0.3957 0.553787
vt 0.389066 0.57704598
vt 0.390836 0.57815802
vt 0.388193 0.55701298
vt 0.387909 0.55669302
vt 0.386425 0.55824798
vt 0.386757 0.55851698
vt 0.40894 0.57230097
vt 0.40855 0.57212
vt 0.400245 0.58704
vt 0.399892 0.58494997
vt 0.396896 0.585253
vt 0.396936 0.587309
vt 0.469772 0.448646
vt 0.464658 0.457038
vt 0.481272 0.46910703
vt 0.487705 0.461551
vt 0.381244 0.560816
vt 0.381648 0.560969
vt 0.382761 0.558609
vt 0.382387 0.55839097
vt 0.39086 0.55286402
vt 0.39063 0.552325
vt 0.388409 0.553487
vt 0.388722 0.553984
vt 0.382719 0.561374
vt 0.382169 0.561167
vt 0.381476 0.56358802
vt 0.382052 0.563704
vt 0.386036 0.554586
vt 0.386409 0.55500603
vt 0.393733 0.55444002
vt 0.393656 0.554133
vt 0.39169 0.55479598
vt 0.391814 0.55508697
vt 0.406514 0.55861598
vt 0.405308 0.55692297
vt 0.405099 0.557162
vt 0.45984 0.68303102
vt 0.454914 0.674114
vt 0.436752 0.68222898
vt 0.440194 0.69199598
vt 0.386435 0.573875
vt 0.386173 0.57405603
vt 0.387496 0.57566798
vt 0.387725 0.575446
vt 0.384273 0.56822902
vt 0.383956 0.568268
vt 0.384382 0.57030702
vt 0.384688 0.570217
vt 0.385857 0.56039202
vt 0.385581 0.560234
vt 0.384694 0.562119
vt 0.384992 0.562231
vt 0.359499 0.479312
vt 0.349593 0.45601904
vt 0.332421 0.46490896
vt 0.346092 0.486713
vt 0.395523 0.551691
vt 0.395472 0.55110502
vt 0.393004 0.551525
vt 0.393147 0.55209798
vt 0.389329 0.581052
vt 0.389126 0.58143997
vt 0.391604 0.582489
vt 0.391742 0.582075
vt 0.4089 0.578107
vt 0.408585 0.57780802
vt 0.406638 0.57955402
vt 0.406904 0.579902
vt 0.380186 0.56604803
vt 0.378258 0.56597298
vt 0.378406 0.568951
vt 0.380295 0.56871802
vt 0.392764 0.55057502
vt 0.385128 0.572253
vt 0.384741 0.572438
vt 0.38582 0.574301
vt 0.408869 0.561983
vt 0.409269 0.561827
vt 0.393552 0.55372
vt 0.401618 0.546704
vt 0.40229 0.54381698
vt 0.398578 0.543137
vt 0.398349 0.54624403
vt 0.384994 0.539326
vt 0.387531 0.54509503
vt 0.391106 0.543845
vt 0.389492 0.53781098
vt 0.399112 0.580338
vt 0.399206 0.58089602
vt 0.401463 0.58032602
vt 0.401282 0.57978803
vt 0.395388 0.55013198
vt 0.395234 0.548252
vt 0.516518 0.49511504
vt 0.507996 0.50032598
vt 0.517354 0.518803
vt 0.526581 0.515064
vt 0.373852 0.474262
vt 0.370888 0.50637197
vt 0.405559 0.578139
vt 0.405944 0.578646
vt 0.407749 0.57701898
vt 0.407287 0.576581
vt 0.385416 0.57211602
vt 0.389853 0.55576402
vt 0.390023 0.556031
vt 0.384117 0.564121
vt 0.384429 0.564184
vt 0.39975 0.554403
vt 0.399823 0.55409497
vt 0.39775 0.55409098
vt 0.407685 0.560274
vt 0.29226 0.50662398
vt 0.283505 0.501647
vt 0.274876 0.520805
vt 0.284242 0.524293
vt 0.395728 0.554102
vt 0.399314 0.581531
vt 0.40167 0.580927
vt 0.388179 0.578232
vt 0.387799 0.57874203
vt 0.38986 0.58003402
vt 0.390152 0.57946998
vt 0.363512 0.430645
vt 0.365755 0.440435
vt 0.385733 0.42761803
vt 0.396823 0.56974697
vt 0.397319 0.569704
vt 0.396806 0.56665498
vt 0.397851 0.57286203
vt 0.398834 0.572613
vt 0.397802 0.569582
vt 0.399765 0.57221
vt 0.39826 0.56938398
vt 0.395829 0.572873
vt 0.396326 0.56971002
vt 0.395842 0.569593
vt 0.394843 0.572636
vt 0.401819 0.558617
vt 0.400134 0.561323
vt 0.400946 0.561925
vt 0.403043 0.559523
vt 0.392287 0.571037
vt 0.394586 0.56880897
vt 0.394269 0.568425
vt 0.391643 0.57025498
vt 0.398383 0.57601798
vt 0.399866 0.575643
vt 0.40127 0.57503402
vt 0.402558 0.574207
vt 0.400619 0.57166302
vt 0.398679 0.569116
vt 0.401373 0.57098597
vt 0.39905 0.568783
vt 0.395383 0.56940103
vt 0.400466 0.55791903
vt 0.399236 0.56085902
vt 0.393049 0.57170498
vt 0.39496 0.56913698
vt 0.39049 0.559592
vt 0.392614 0.561971
vt 0.39342 0.56136
vt 0.391705 0.55867302
vt 0.390563 0.567443
vt 0.393738 0.56704402
vt 0.393715 0.56654698
vt 0.390518 0.566432
vt 0.394493 0.557472
vt 0.39527 0.560562
vt 0.396267 0.560395
vt 0.395994 0.55721998
vt 0.402009 0.57019597
vt 0.399362 0.56839597
vt 0.405649 0.56323397
vt 0.402673 0.56438798
vt 0.402961 0.56535798
vt 0.406085 0.564695
vt 0.39077 0.568434
vt 0.393839 0.567531
vt 0.394018 0.567995
vt 0.387505 0.56480002
vt 0.390637 0.565427
vt 0.390914 0.56445402
vt 0.387926 0.56333297
vt 0.391916 0.562703
vt 0.394401 0.564713
vt 0.394744 0.564353
vt 0.403091 0.566361
vt 0.406282 0.566208
vt 0.401652 0.562649
vt 0.39919 0.564686
vt 0.399475 0.565094
vt 0.402233 0.56347698
vt 0.397516 0.55721098
vt 0.397277 0.56038898
vt 0.398276 0.56054503
vt 0.39902 0.557446
vt 0.395333 0.57603502
vt 0.393845 0.57567602
vt 0.399691 0.56554198
vt 0.393773 0.56605297
vt 0.396841 0.572949
vt 0.396859 0.57615
vt 0.391132 0.56938
vt 0.393909 0.565574
vt 0.387702 0.56933498
vt 0.387392 0.56783998
vt 0.402862 0.568366
vt 0.399782 0.56749701
vt 0.399608 0.567963
vt 0.402509 0.56931502
vt 0.39412 0.56512398
vt 0.405939 0.56923097
vt 0.405408 0.57066298
vt 0.398443 0.564034
vt 0.398843 0.56432998
vt 0.404107 0.560614
vt 0.398002 0.56380498
vt 0.397529 0.56365103
vt 0.39514 0.564052
vt 0.387326 0.566316
vt 0.399895 0.566512
vt 0.399879 0.56700897
vt 0.403057 0.56737298
vt 0.395579 0.563819
vt 0.391137 0.57427102
vt 0.389988 0.57326102
vt 0.393909 0.57224298
vt 0.39605 0.563659
vt 0.404654 0.571993
vt 0.399832 0.566018
vt 0.39654 0.563577
vt 0.393051 0.55795997
vt 0.394313 0.56088698
vt 0.397038 0.56357402
vt 0.391345 0.563538
vt 0.388575 0.561953
vt 0.404984 0.561862
vt 0.389438 0.560695
vt 0.388249 0.57076102
vt 0.392434 0.57508302
vt 0.389017 0.57208103
vt 0.406233 0.567733
vt 0.403695 0.57318503
vt 0.407254 0.57375598
vt 0.408261 0.57198602
vt 0.388404 0.55725098
vt 0.387004 0.558717
vt 0.396876 0.57929802
vt 0.398907 0.57912302
vt 0.394843 0.579145
vt 0.389257 0.57678998
vt 0.38387 0.56619
vt 0.384188 0.56620198
vt 0.390984 0.57787502
vt 0.408966 0.57007903
vt 0.409272 0.57016498
vt 0.409671 0.56812102
vt 0.409355 0.56808603
vt 0.401673 0.55502802
vt 0.401796 0.55473602
vt 0.409738 0.56603998
vt 0.410167 0.566019
vt 0.409885 0.563886
vt 0.409465 0.563976
vt 0.40559 0.556601
vt 0.403865 0.55532598
vt 0.403638 0.55568802
vt 0.385208 0.56002098
vt 0.384293 0.56196803
vt 0.383508 0.57056302
vt 0.38397 0.570428
vt 0.38353 0.568321
vt 0.383051 0.56838202
vt 0.383225 0.563941
vt 0.383696 0.56403702
vt 0.383843 0.56179798
vt 0.394726 0.579885
vt 0.394651 0.58036202
vt 0.396882 0.58053
vt 0.39688 0.58004802
vt 0.384307 0.572644
vt 0.404119 0.55492002
vt 0.405905 0.556239
vt 0.392476 0.579835
vt 0.392298 0.580378
vt 0.394564 0.58092397
vt 0.396887 0.58109802
vt 0.385613 0.55758798
vt 0.386051 0.557945
vt 0.387589 0.55633402
vt 0.387215 0.55591297
vt 0.410694 0.570565
vt 0.411314 0.57073802
vt 0.411767 0.568357
vt 0.411137 0.56828803
vt 0.406278 0.55581403
vt 0.406694 0.555335
vt 0.404747 0.553909
vt 0.404418 0.554439
vt 0.407889 0.55747497
vt 0.407455 0.55783302
vt 0.408742 0.55965
vt 0.40923 0.55936402
vt 0.385122 0.55718702
vt 0.383753 0.55918097
vt 0.384301 0.559498
vt 0.385423 0.574574
vt 0.384958 0.574898
vt 0.383794 0.57288897
vt 0.409717 0.56165302
vt 0.396878 0.57961702
vt 0.39896 0.57943797
vt 0.403471 0.55595702
vt 0.400882 0.578623
vt 0.40942 0.566056
vt 0.409154 0.564043
vt 0.399032 0.579862
vt 0.383441 0.56617397
vt 0.392862 0.57866597
vt 0.402752 0.577811
vt 0.404465 0.57670802
vt 0.387186 0.575967
vt 0.40598 0.575346
vt 0.391521 0.554403
vt 0.389625 0.555403
vt 0.394794 0.57946002
vt 0.392762 0.578969
vt 0.392627 0.579377
vt 0.401961 0.55434102
vt 0.409685 0.57028103
vt 0.410097 0.568169
vt 0.408572 0.56209803
vt 0.400985 0.578924
vt 0.401125 0.579332
vt 0.403333 0.578898
vt 0.405213 0.577686
vt 0.393436 0.553257
vt 0.395623 0.55288398
vt 0.400166 0.55266798
vt 0.402146 0.55389798
vt 0.402363 0.553379
vt 0.382395 0.56613302
vt 0.38296 0.56615603
vt 0.382672 0.56383002
vt 0.406876 0.57619202
vt 0.389367 0.55499798
vt 0.389064 0.554523
vt 0.384791 0.55978101
vt 0.408743 0.57476503
vt 0.408272 0.57444602
vt 0.410576 0.568223
vt 0.410149 0.57041103
vt 0.410245 0.561449
vt 0.410355 0.56378698
vt 0.410908 0.56366998
vt 0.411215 0.565969
vt 0.410648 0.56599498
vt 0.4036 0.5794
vt 0.382966 0.57072002
vt 0.391332 0.553963
vt 0.382487 0.56844997
vt 0.409377 0.572505
vt 0.397885 0.55231
vt 0.386838 0.57630098
vt 0.386431 0.576694
vt 0.391108 0.55344498
vt 0.393299 0.55270898
vt 0.409889 0.572742
vt 0.395576 0.55232102
vt 0.383312 0.561598
vt 0.381761 0.566108
vt 0.381856 0.56852603
vt 0.409267 0.575122
vt 0.41153 0.563537
vt 0.410837 0.561217
vt 0.409771 0.55904597
vt 0.408378 0.557069
vt 0.403896 0.57995498
vt 0.386798 0.55544502
vt 0.396891 0.58232498
vt 0.396889 0.58173501
vt 0.394466 0.581545
vt 0.394374 0.582134
vt 0.411843 0.565938
vt 0.382358 0.57089603
vt 0.381788 0.57106203
vt 0.392099 0.580985
vt 0.410277 0.558747
vt 0.408833 0.55668998
vt 0.411386 0.561001
vt 0.38555 0.577545
vt 0.385974 0.57713598
vt 0.40506 0.553406
vt 0.40283 0.55225998
vt 0.402608 0.552795
vt 0.410466 0.57301003
vt 0.411 0.57325798
vt 0.411883 0.570898
vt 0.384672 0.556821
vt 0.383243 0.55888802
vt 0.412351 0.56842202
vt 0.401862 0.581486
vt 0.404178 0.580482
vt 0.397933 0.55168098
vt 0.407074 0.55489802
vt 0.400314 0.552056
vt 0.387447 0.57921398
vt 0.389588 0.580558
vt 0.391915 0.58154798
vt 0.400449 0.55148798
vt 0.397976 0.551098
vt 0.381173 0.566087
vt 0.38127 0.568599
vt 0.406303 0.579116
vt 0.408178 0.577425
vt 0.412103 0.56341398
vt 0.412423 0.56590903
vt 0.409753 0.57545102
vt 0.399411 0.582106
vt 0.392869 0.55099
vt 0.404439 0.58097398
vt 0.412979 0.56588
vt 0.412903 0.56848198
vt 0.384242 0.55646998
vt 0.41022 0.57576698
vt 0.395425 0.55055797
vt 0.398018 0.550546
vt 0.39805 0.55011302
vt 0.409588 0.55606103
vt 0.409258 0.556337
vt 0.410762 0.558461
vt 0.411133 0.55824202
vt 0.412415 0.571046
vt 0.413337 0.568529
vt 0.412829 0.571162
vt 0.410577 0.57601
vt 0.412652 0.56329697
vt 0.380617 0.566065
vt 0.380932 0.56347698
vt 0.380509 0.56339097
vt 0.4119 0.56080002
vt 0.4123 0.56064397
vt 0.411506 0.573493
vt 0.411899 0.573676
vt 0.383488 0.575916
vt 0.382195 0.57365102
vt 0.413406 0.56585902
vt 0.381802 0.573839
vt 0.381248 0.57121903
vt 0.380834 0.57134098
vt 0.385148 0.577933
vt 0.387108 0.57966697
vt 0.403211 0.55134702
vt 0.403046 0.551746
vt 0.405354 0.55293602
vt 0.40558 0.552571
vt 0.400579 0.550951
vt 0.400678 0.55053502
vt 0.396896 0.58288503
vt 0.399505 0.58266598
vt 0.413077 0.56320602
vt 0.394289 0.582685
vt 0.385747 0.55426002
vt 0.402042 0.58201498
vt 0.404645 0.581356
vt 0.380722 0.56866598
vt 0.38685 0.580011
vt 0.407441 0.554479
vt 0.384833 0.57823598
vt 0.383908 0.55619597
vt 0.383134 0.57616
vt 0.407723 0.554152
vt 0.394221 0.583112
vt 0.396897 0.583315
vt 0.399579 0.583099
vt 0.402181 0.58242202
vt 0.410336 0.579436
vt 0.4081 0.581428
vt 0.414664 0.57167298
vt 0.415238 0.568734
vt 0.40394 0.54960698
vt 0.401134 0.548638
vt 0.38069 0.55743998
vt 0.379435 0.560148
vt 0.377496 0.559408
vt 0.376609 0.56260097
vt 0.378579 0.56300902
vt 0.383455 0.579579
vt 0.385703 0.581567
vt 0.388214 0.583202
vt 0.387308 0.584957
vt 0.390386 0.586263
vt 0.391005 0.584306
vt 0.414056 0.559956
vt 0.415956 0.55918097
vt 0.414531 0.55620098
vt 0.412783 0.55725402
vt 0.384476 0.55283898
vt 0.383121 0.55132198
vt 0.380818 0.55369997
vt 0.382415 0.555003
vt 0.397009 0.590339
vt 0.393618 0.587066
vt 0.393206 0.590056
vt 0.398207 0.54819602
vt 0.404758 0.547714
vt 0.405883 0.54500002
vt 0.405577 0.583049
vt 0.384449 0.583233
vt 0.38199 0.581002
vt 0.379842 0.583121
vt 0.382678 0.58567297
vt 0.393911 0.58506
vt 0.412664 0.55349302
vt 0.411089 0.55480897
vt 0.414925 0.551641
vt 0.412262 0.54895502
vt 0.410323 0.55117798
vt 0.409319 0.58305502
vt 0.411778 0.58080798
vt 0.37847 0.551791
vt 0.376371 0.55495298
vt 0.37895 0.55643302
vt 0.412208 0.57711297
vt 0.413645 0.57449198
vt 0.374719 0.558375
vt 0.373585 0.56200802
vt 0.37623 0.56589103
vt 0.41393 0.57827902
vt 0.416342 0.579926
vt 0.418251 0.576613
vt 0.415481 0.575346
vt 0.378996 0.571886
vt 0.377061 0.572455
vt 0.378164 0.575584
vt 0.380037 0.57468498
vt 0.41737 0.56565398
vt 0.420351 0.56550503
vt 0.419899 0.56173098
vt 0.41691 0.56236702
vt 0.415394 0.565758
vt 0.414953 0.56281298
vt 0.373197 0.565764
vt 0.402821 0.58423698
vt 0.403463 0.58617997
vt 0.406522 0.58486003
vt 0.38949 0.58915502
vt 0.381567 0.57725
vt 0.386873 0.55106503
vt 0.385748 0.549339
vt 0.38113 0.54908597
vt 0.385958 0.587649
vt 0.400788 0.59004402
vt 0.379917 0.57840002
vt 0.395042 0.54623002
vt 0.394822 0.543216
vt 0.419506 0.57301998
vt 0.416612 0.572218
vt 0.406595 0.550964
vt 0.375535 0.576851
vt 0.377465 0.58014202
vt 0.418785 0.55810302
vt 0.417151 0.554704
vt 0.409014 0.552693
vt 0.407678 0.549217
vt 0.417279 0.568969
vt 0.409265 0.546668
vt 0.384186 0.546857
vt 0.407929 0.58755898
vt 0.411121 0.58547997
vt 0.376411 0.569196
vt 0.373463 0.56954902
vt 0.374142 0.57329398
vt 0.422398 0.551611
vt 0.424573 0.555866
vt 0.369953 0.57949603
vt 0.372133 0.58378
vt 0.367151 0.56553102
vt 0.367526 0.56074202
vt 0.408244 0.53935498
vt 0.412584 0.541341
vt 0.426037 0.56043202
vt 0.426561 0.56519097
vt 0.423949 0.579239
vt 0.421521 0.58339602
vt 0.418617 0.587242
vt 0.415052 0.59045303
vt 0.423404 0.60154003
vt 0.368823 0.55612803
vt 0.371021 0.55185598
vt 0.41368 0.526331
vt 0.419869 0.52971798
vt 0.353674 0.558092
vt 0.352775 0.56508702
vt 0.404468 0.589127
vt 0.378955 0.590537
vt 0.370225 0.60227197
vt 0.376128 0.606223
vt 0.382968 0.593269
vt 0.416281 0.54432398
vt 0.36727 0.57034397
vt 0.394198 0.537098
vt 0.398974 0.537174
vt 0.400192 0.522848
vt 0.392158 0.59622198
vt 0.38744 0.59512103
vt 0.352965 0.57214898
vt 0.354558 0.57905197
vt 0.368034 0.575087
vt 0.425468 0.574665
vt 0.425705 0.53366798
vt 0.419717 0.54764998
vt 0.430682 0.53863603
vt 0.403735 0.53776997
vt 0.407127 0.52382702
vt 0.380859 0.541669
vt 0.355339 0.551233
vt 0.376994 0.544452
vt 0.396851 0.610735
vt 0.396992 0.596528
vt 0.389701 0.61034298
vt 0.373588 0.547814
vt 0.360678 0.591792
vt 0.365107 0.597358
vt 0.375266 0.58742303
vt 0.403995 0.60991198
vt 0.401812 0.59600103
vt 0.382737 0.608805
vt 0.356953 0.58573198
vt 0.440599 0.56461102
vt 0.426554 0.569988
vt 0.440438 0.571693
vt 0.367584 0.534163
vt 0.373379 0.53008997
vt 0.434568 0.54452902
vt 0.437046 0.585402
vt 0.413932 0.582892
vt 0.362584 0.539173
vt 0.358492 0.544932
vt 0.357269 0.619569
vt 0.366281 0.62543
vt 0.439289 0.578687
vt 0.460691 0.584328
vt 0.462881 0.573938
vt 0.453252 0.53348303
vt 0.447342 0.524737
vt 0.379411 0.52641797
vt 0.361316 0.510849
vt 0.462663 0.56335402
vt 0.491869 0.561477
vt 0.490017 0.546363
vt 0.461395 0.55285102
vt 0.376051 0.629937
vt 0.491257 0.57680303
vt 0.331167 0.574799
vt 0.301827 0.578269
vt 0.305227 0.59318
vt 0.333404 0.585164
vt 0.431533 0.51090598
vt 0.446547 0.48642802
vt 0.433276 0.479248
vt 0.422311 0.50587797
vt 0.323464 0.66387898
vt 0.339218 0.64349002
vt 0.327765 0.63304698
vt 0.309067 0.65053803
vt 0.330922 0.56420797
vt 0.301671 0.563007
vt 0.318241 0.620861
vt 0.297134 0.635157
vt 0.337011 0.59517002
vt 0.310362 0.60766202
vt 0.287725 0.618209
vt 0.484946 0.532009
vt 0.508116 0.522511
vt 0.499786 0.50533098
vt 0.478151 0.51840597
vt 0.437766 0.550816
vt 0.458233 0.54280102
vt 0.442415 0.651694
vt 0.428156 0.658135
vt 0.33242 0.553684
vt 0.353006 0.517363
vt 0.333526 0.49552703
vt 0.322896 0.506567
vt 0.34578 0.5251
vt 0.303353 0.49066103
vt 0.314179 0.519167
vt 0.439907 0.557548
vt 0.339904 0.53392202
vt 0.30771 0.533032
vt 0.335315 0.54347098
vt 0.277559 0.581074
vt 0.281193 0.600039
vt 0.352262 0.65192598
vt 0.366711 0.65795398
vt 0.278765 0.54277498
vt 0.303932 0.54787397
vt 0.439905 0.517303
vt 0.458773 0.495337
vt 0.339916 0.67487597
vt 0.358206 0.682683
vt 0.456903 0.59429199
vt 0.342424 0.604343
vt 0.31699 0.47674096
vt 0.386505 0.63246
vt 0.469603 0.505935
vt 0.516717 0.57928997
vt 0.516817 0.55993098
vt 0.437351 0.619586
vt 0.455413 0.64307302
vt 0.466787 0.63246602
vt 0.413085 0.662309
vt 0.397483 0.66358203
vt 0.418287 0.629341
vt 0.407923 0.632285
vt 0.428239 0.625239
vt 0.368025 0.450166
vt 0.471383 0.663194
vt 0.412264 0.50286198
vt 0.401828 0.501527
vt 0.40402 0.47216797
vt 0.388882 0.472049
vt 0.485729 0.649709
vt 0.49776 0.63414103
vt 0.476275 0.620192
vt 0.418936 0.47458196
vt 0.424731 0.450746
vt 0.349008 0.612763
vt 0.488465 0.490026
vt 0.474808 0.476673
vt 0.381874 0.66203398
vt 0.442662 0.456833
vt 0.459591 0.465284
vt 0.354947 0.69242197
vt 0.335076 0.68380398
vt 0.526654 0.580104
vt 0.513606 0.598467
vt 0.523272 0.60090202
vt 0.269268 0.54088998
vt 0.397227 0.63324898
vt 0.276672 0.561835
vt 0.506235 0.63962603
vt 0.493208 0.656484
vt 0.31721 0.67182797
vt 0.483634 0.606575
vt 0.507128 0.61689
vt 0.488571 0.591959
vt 0.301757 0.657215
vt 0.495869 0.48364198
vt 0.271523 0.602704
vt 0.261907 0.605345
vt 0.269528 0.62646002
vt 0.278678 0.62230003
vt 0.397723 0.70968902
vt 0.420971 0.70758998
vt 0.267687 0.58224797
vt 0.257722 0.583385
vt 0.256877 0.56111002
vt 0.266846 0.561489
vt 0.259455 0.53897297
vt 0.310314 0.469217
vt 0.303614 0.46157396
vt 0.287741 0.47783804
vt 0.295595 0.484317
vt 0.464905 0.69208097
vt 0.443655 0.70181203
vt 0.503374 0.477203
vt 0.374373 0.70793802
vt 0.376024 0.6976
vt 0.351569 0.702376
vt 0.450227 0.43883097
vt 0.446455 0.447856
vt 0.288813 0.64062
vt 0.327132 0.456536
vt 0.321759 0.447959
vt 0.33009 0.69288498
vt 0.310756 0.679915
vt 0.526694 0.55916297
vt 0.294204 0.66406798
vt 0.500792 0.66339803
vt 0.477593 0.671018
vt 0.484012 0.679089
vt 0.516353 0.62091702
vt 0.265418 0.51738203
vt 0.523477 0.538606
vt 0.513809 0.54088902
vt 0.533094 0.60336298
vt 0.525719 0.625023
vt 0.533189 0.53633302
vt 0.536734 0.558384
vt 0.280385 0.64617503
vt 0.274687 0.496656
vt 0.429536 0.431836
vt 0.427129 0.441347
vt 0.341926 0.43756902
vt 0.345826 0.446962
vt 0.377614 0.687428
vt 0.514828 0.645221
vt 0.407882 0.42802
vt 0.536734 0.58092302
vt 0.420289 0.569304
vn -0.0785 -0.0713 0.9944
vn -0.0785 -0.0713 0.9944
vn -0.0785 -0.0713 0.9944
vn -0.0785 -0.0713 0.9944
vn -0.0785 -0.0713 0.9944
vn -0.0785 -0.0713 0.9944
vn -0.0785 -0.0713 0.9944
vn -0.0785 -0.0713 0.9944
vn 0.7089 -0.7053 0.0054
vn 0.9969 -0 0.0787
vn 0.9876 -0.0058 0.1566
vn 0.6919 -0.7197 0.0578
vn 0.6839 0.7117 0.1604
vn 0.701 0.7053 0.1059
vn 0.0056 -0.9975 -0.0711
vn -0.0132 -0.9971 -0.0745
vn -0.7108 0.7006 -0.0621
vn -0.0245 0.9973 0.0685
vn -0.0056 0.9975 0.0711
vn -0.7089 0.7053 -0.0054
vn -0.7009 -0.7053 -0.1059
vn -0.7028 -0.6927 -0.162
vn -0.8751 -0.0901 0.4756
vn -0.5912 -0.759 0.2728
vn -0.6336 -0.7527 0.1786
vn -0.9398 -0.0807 0.3322
vn -0.456 -0.5577 0.6935
vn -0.5807 0.207 0.7874
vn -0.6987 0.1974 0.6877
vn -0.5557 -0.5658 0.6091
vn -0.9739 -0.1968 0.1128
vn -0.8221 0.5666 0.056
vn -0.8255 0.5595 -0.0741
vn -0.9778 -0.2052 -0.0416
vn 0.9022 -0.0061 -0.4313
vn 0.6493 0.7123 -0.2666
vn 0.6891 0.7061 -0.1631
vn 0.9587 -0.015 -0.2841
vn -0.9876 0.0055 -0.1566
vn -0.9509 0.0166 -0.3089
vn -0.6849 0.7085 -0.17
vn -0.0742 0.9967 0.0341
vn -0.6835 0.6734 -0.2817
vn -0.6253 0.6806 -0.3817
vn -0.0707 0.9971 0.028
vn 0.6581 0.7037 0.2677
vn 0.9509 -0.0172 0.3089
vn 0.8203 0.0233 0.5715
vn 0.5316 0.7321 0.4259
vn 0.4631 0.7251 0.5097
vn 0.7202 0.013 0.6936
vn 0.0263 0.9973 0.0689
vn -0.3139 0.6764 0.6663
vn -0.4113 0.6828 0.6038
vn 0.0203 0.9977 0.0651
vn -0.012 -0.9968 -0.0791
vn 0.6665 -0.7275 0.1625
vn 0.6255 -0.7353 0.2608
vn -0.0095 -0.9963 -0.0851
vn -0.7361 -0.6743 -0.0586
vn -0.0496 -0.9972 -0.0561
vn -0.0486 -0.9967 -0.0647
vn -0.7234 -0.668 -0.1746
vn -0.9587 0.0145 0.2841
vn -0.7068 -0.6869 0.1694
vn -0.7304 -0.6806 0.057
vn -0.9913 0.023 0.1298
vn 0.5735 0.7805 -0.2489
vn 0.939 0.123 -0.321
vn 0.971 0.1322 -0.199
vn 0.592 0.7872 -0.1728
vn 0.6678 -0.6926 0.2727
vn 0.8997 0.0335 0.4352
vn 0.6109 -0.6999 0.3701
vn -0.0243 0.9974 0.0673
vn -0.0245 0.9974 0.0678
vn 0.6153 0.6956 0.3709
vn -0.0673 0.9974 0.0238
vn -0.0645 0.9977 0.0213
vn 0.3814 0.718 0.5823
vn -0.8908 0.0277 -0.4536
vn -0.6429 0.7163 -0.2713
vn -0.0258 0.9972 0.0697
vn 0.5562 0.6873 0.4671
vn -0.0627 0.9978 0.0201
vn -0.3731 0.7023 -0.6063
vn -0.271 0.7095 -0.6506
vn -0.0622 0.9979 0.0198
vn -0.8087 0.0388 -0.5869
vn -0.5862 0.724 -0.3637
vn 0.171 -0.0291 0.9848
vn 0.0761 0.6957 0.7143
vn -0.0375 0.6881 0.7247
vn 0.0139 -0.0398 0.9991
vn -0.3289 -0.0374 0.9436
vn -0.2638 -0.7237 0.6378
vn -0.3636 -0.7176 0.594
vn -0.4733 -0.0287 0.8804
vn 0.0446 -0.9975 -0.0541
vn 0.365 -0.7216 0.5883
vn 0.2657 -0.7287 0.6312
vn 0.0497 -0.9972 -0.0563
vn 0.7057 0.6872 0.1723
vn 0.0109 0.9983 0.0576
vn 0.0099 0.9981 0.0614
vn 0.6755 0.6808 0.283
vn -0.6321 -0.6765 -0.3779
vn -0.5713 -0.6683 -0.4764
vn -0.0051 -0.9957 -0.0921
vn 0.0014 -0.995 -0.0997
vn -0.4951 -0.66 -0.565
vn -0.9821 0.0401 -0.1843
vn -0.6923 -0.6617 -0.2879
vn -0.9405 0.0486 -0.3363
vn -0.7068 0.0498 -0.7057
vn -0.5165 0.7316 -0.445
vn 0.5854 0.739 0.3334
vn 0.1765 0.048 -0.9831
vn 0.1566 0.7488 -0.644
vn 0.258 0.7428 -0.6178
vn 0.329 0.0389 -0.9435
vn -0.1526 0.6802 0.7169
vn -0.1435 -0.0506 0.9884
vn -0.0704 0.9973 0.02
vn -0.0764 0.9969 0.0186
vn -0.2662 0.6723 0.6908
vn 0.1621 -0.7359 0.6574
vn 0.0567 -0.9967 -0.058
vn 0.7068 -0.0518 0.7055
vn 0.482 0.679 0.5538
vn 0.3941 0.6706 0.6285
vn 0.5875 -0.0633 0.8067
vn -0.0284 0.9969 0.0728
vn -0.0329 0.9965 0.0766
vn 0.0568 -0.743 0.6669
vn 0.0655 -0.9961 -0.0588
vn 0.5026 -0.7505 0.4291
vn 0.4243 -0.758 0.4954
vn 0.0105 -0.9942 -0.1074
vn -0.0837 0.9964 0.0156
vn -0.3752 0.6641 0.6466
vn -0.2972 -0.0614 0.9529
vn 0.9977 0.0639 -0.0235
vn 0.6505 0.7589 0.0291
vn 0.6452 0.7524 0.1324
vn 0.9895 0.0539 0.1338
vn -0.7889 0.0654 -0.6111
vn -0.5776 -0.6489 -0.4954
vn -0.4963 -0.6424 -0.5839
vn -0.6826 0.0739 -0.7271
vn -0.4358 0.7391 -0.5136
vn -0.5875 0.0609 -0.8069
vn -0.4539 0.072 -0.8882
vn -0.3465 0.7465 -0.568
vn -0.654 0.7314 -0.1934
vn -0.6099 0.7371 -0.2909
vn 0.0077 0.9978 0.0662
vn 0.0959 0.9932 0.0661
vn 0.3737 0.6365 0.6747
vn 0.2612 0.6434 0.7196
vn 0.0815 0.9941 0.0718
vn -0.0459 -0.9962 -0.0743
vn 0.6344 -0.7505 0.1852
vn 0.5916 -0.7562 0.2796
vn -0.0412 -0.9956 -0.0846
vn 0.9809 0.0738 -0.1801
vn 0.6395 0.7653 -0.0725
vn 0.2974 0.059 -0.9529
vn 0.27 -0.6532 -0.7074
vn 0.3815 -0.6452 -0.662
vn 0.4434 0.0695 -0.8936
vn -0.0247 -0.9941 -0.1055
vn -0.0126 -0.9933 -0.1151
vn -0.4014 -0.636 -0.6591
vn 0.3378 -0.7654 0.5478
vn 0.454 -0.0748 0.8879
vn 0.3094 -0.0862 0.947
vn 0.2455 -0.7726 0.5855
vn -0.3676 -0.6555 -0.6597
vn -0.4368 0.0846 -0.8956
vn -0.2908 0.0754 -0.9538
vn -0.2573 -0.6624 -0.7036
vn 0.0666 0.6412 0.7644
vn 0.0737 0.993 0.0927
vn 0.0893 0.9918 0.091
vn 0.1865 0.6327 0.7516
vn 0.535 -0.7619 0.3651
vn -0.0342 -0.9949 -0.0952
vn 0.002 -0.9924 -0.1232
vn -0.2951 -0.6295 -0.7188
vn -0.4431 -0.0724 0.8935
vn -0.4769 0.6559 0.5851
vn -0.5778 -0.0834 0.8119
vn -0.4808 0.7485 -0.4568
vn -0.5594 0.0822 -0.8248
vn -0.3994 0.754 -0.5214
vn -0.0489 0.7606 -0.6473
vn 0.0677 0.9949 0.075
vn 0.055 0.9956 0.0758
vn 0.0535 0.7548 -0.6538
vn -0.251 0.7538 -0.6072
vn -0.3093 0.083 -0.9473
vn -0.1574 0.094 -0.9831
vn -0.1518 0.7611 -0.6307
vn 0.1648 -0.7627 0.6254
vn -0.0938 -0.9943 -0.0507
vn -0.0826 -0.9951 -0.0537
vn 0.0666 -0.7555 0.6518
vn 0.1856 0.6535 0.7338
vn -0.0481 0.9953 0.084
vn -0.0589 0.9945 0.0866
vn 0.0698 0.6448 0.7612
vn -0.1917 -0.6346 -0.7486
vn -0.0735 -0.626 -0.7763
vn 0.5787 -0.6286 -0.5196
vn 0.1273 -0.9914 -0.0306
vn 0.1396 -0.9901 -0.0161
vn 0.659 -0.6201 -0.4256
vn 0.0363 -0.9921 -0.1201
vn 0.1497 -0.7798 0.6079
vn 0.0529 -0.9909 -0.124
vn 0.5781 0.0801 -0.812
vn 0.4853 -0.637 -0.599
vn 0.6981 0.0908 -0.7102
vn -0.244 0.7884 -0.5646
vn 0.1237 0.9892 0.0785
vn 0.1062 0.9906 0.0864
vn -0.1558 0.7814 -0.6043
vn 0.1576 -0.0977 0.9827
vn 0.0022 -0.1092 0.994
vn 0.0529 -0.7868 0.6149
vn 0.499 -0.6336 -0.5912
vn 0.6825 0.1131 -0.7221
vn 0.7884 0.1034 -0.6064
vn 0.5808 -0.6411 -0.5017
vn 0.0717 -0.9895 -0.1253
vn 0.0487 -0.6174 -0.7852
vn -0.6977 -0.0946 0.7101
vn -0.5685 0.6475 0.5075
vn -0.6474 0.6389 0.4155
vn -0.7999 -0.1057 0.5907
vn 0.4698 -0.1076 0.8762
vn 0.2564 -0.7698 0.5845
vn 0.3275 -0.0965 0.9399
vn -0.241 0.7723 -0.5877
vn -0.1478 0.7665 -0.625
vn -0.109 0.994 -0.0066
vn -0.1167 0.993 -0.0192
vn -0.7114 0.6301 0.3112
vn -0.0717 0.9936 0.0875
vn -0.0515 0.7682 -0.6381
vn 0.0475 0.7753 -0.6299
vn -0.0863 0.9925 0.0862
vn -0.05 0.636 0.7701
vn -0.1708 0.6272 0.7599
vn -0.1214 0.1073 -0.9868
vn -0.0586 -0.6163 -0.7853
vn 0.0657 -0.6097 -0.7899
vn 0.0352 0.1156 -0.9927
vn -0.5995 0.1232 -0.7908
vn -0.3237 0.7954 -0.5125
vn -0.4693 0.1118 -0.8759
vn -0.0019 0.1051 -0.9945
vn 0.1719 -0.6086 -0.7746
vn 0.1533 0.1161 -0.9813
vn -0.0072 -0.9921 -0.125
vn 0.2961 -0.6186 -0.7277
vn 0.4034 -0.6261 -0.6672
vn 0.007 -0.9931 -0.117
vn -0.0181 0.9959 0.0888
vn -0.3097 0.7595 -0.572
vn -0.2141 0.765 -0.6074
vn -0.0295 0.9952 0.093
vn -0.1529 -0.1206 0.9809
vn -0.0423 -0.7938 0.6067
vn -0.1309 -0.9911 -0.0257
vn -0.6027 -0.6162 -0.5071
vn -0.5117 -0.6251 -0.5893
vn -0.1185 -0.9923 -0.037
vn 0.0921 -0.9881 -0.1235
vn -0.1337 -0.8006 0.584
vn 0.1138 -0.9865 -0.1181
vn -0.7146 0.1346 -0.6865
vn -0.3931 0.8022 -0.4494
vn 0.2929 -0.5997 -0.7447
vn 0.3043 0.1271 -0.9441
vn 0.1425 0.7822 -0.6065
vn 0.158 0.9861 0.0517
vn 0.1412 0.9877 0.067
vn 0.4233 0.1323 -0.8963
vn 0.5598 0.1227 -0.8195
vn -0.2896 0.6182 0.7307
vn -0.1023 0.9913 0.0823
vn -0.119 0.99 0.0752
vn -0.4035 0.6092 0.6827
vn -0.7853 -0.6123 -0.0915
vn -0.9759 0.1404 -0.1673
vn -0.9386 0.131 -0.319
vn -0.7556 -0.6197 -0.2122
vn -0.3037 -0.132 0.9436
vn -0.4466 -0.1434 0.8831
vn -0.219 -0.8074 0.5479
vn 0.038 -0.9904 -0.1332
vn 0.1135 -0.7891 0.6037
vn 0.0174 -0.7944 0.6072
vn 0.0587 -0.9892 -0.1339
vn -0.2766 -0.1366 0.9512
vn -0.2113 -0.7887 0.5774
vn -0.3028 -0.7829 0.5435
vn -0.4233 -0.1274 0.897
vn 0.4087 -0.5908 -0.6956
vn 0.4473 0.1381 -0.8836
vn 0.1654 0.9846 -0.0576
vn 0.8094 0.5864 -0.0322
vn 0.799 0.5938 0.0948
vn 0.1633 0.9861 -0.032
vn -0.3888 -0.7771 0.495
vn 0.0187 -0.994 -0.1078
vn -0.4669 -0.7712 0.4328
vn 0.9895 -0.1442 0.0114
vn 0.9766 -0.1351 0.1671
vn -0.5239 0.6013 0.6033
vn -0.1238 0.9898 0.0701
vn -0.1395 0.9887 0.0555
vn -0.6159 0.5945 0.517
vn 0.5756 -0.7821 0.2388
vn -0.1218 -0.9923 0.0207
vn -0.1153 -0.9933 0.0052
vn 0.5372 -0.7764 0.3294
vn 0.2315 0.7891 -0.569
vn 0.5789 0.149 -0.8016
vn 0.3123 0.7958 -0.5188
vn -0.5522 0.8007 -0.2322
vn 0.1576 0.9875 -0.0085
vn 0.1488 0.9888 0.0124
vn -0.5155 0.7951 -0.3194
vn -0.1359 0.9886 0.0647
vn -0.5092 0.6001 0.6169
vn 0.4824 0.1404 -0.8646
vn 0.426 -0.5897 -0.6862
vn 0.5316 -0.5829 -0.6145
vn 0.6116 0.1486 -0.7771
vn -0.9886 0.1498 -0.0117
vn -0.5819 0.8118 -0.0496
vn -0.5744 0.8063 -0.1415
vn -0.6108 -0.1544 0.7766
vn -0.7243 -0.1629 0.67
vn -0.3273 -0.8146 0.4788
vn -0.3934 -0.8196 0.4166
vn 0.6251 -0.5762 -0.5266
vn 0.1669 -0.9826 -0.0809
vn 0.1844 -0.9811 -0.0582
vn 0.7041 -0.5694 -0.4244
vn 0.3831 0.8025 -0.4574
vn -0.1523 0.987 0.0505
vn 0.6958 0.16 -0.7002
vn 0.5162 -0.5819 -0.6285
vn 0.6126 -0.5728 -0.5446
vn 0.1578 -0.9829 -0.095
vn 0.1785 -0.9809 -0.0769
vn -0.9743 0.1801 -0.1354
vn -0.5452 0.8284 -0.1284
vn -0.5275 0.822 -0.2146
vn -0.9431 0.1688 -0.2865
vn 0.3209 0.5628 0.7618
vn 0.3368 -0.1726 0.9256
vn 0.1872 -0.1637 0.9686
vn 0.1962 0.5703 0.7977
vn -0.6938 0.5875 0.4165
vn -0.1534 0.9875 0.0375
vn -0.165 0.9862 0.0163
vn -0.7552 0.5806 0.3044
vn 0.4426 0.8091 -0.3867
vn -0.1674 0.9854 0.0325
vn -0.6042 0.5909 0.5346
vn -0.6857 0.5816 0.4376
vn -0.6948 -0.1662 0.6998
vn -0.7939 -0.1775 0.5815
vn -0.3642 -0.8205 0.4405
vn -0.4209 -0.827 0.3728
vn 0.115 0.8126 -0.5713
vn 0.0383 0.9843 0.1723
vn 0.0134 0.9858 0.1675
vn 0.2057 0.8071 -0.5535
vn 0.9827 -0.1843 -0.0189
vn 0.5753 -0.817 0.0398
vn 0.571 -0.8105 0.1303
vn 0.9755 -0.1734 0.1351
vn 0.5997 -0.7989 -0.0461
vn -0.1262 -0.9888 0.0791
vn -0.1278 -0.9901 0.058
vn 0.6068 -0.7934 0.0486
vn 0.107 0.9756 -0.1917
vn 0.5649 0.548 -0.6169
vn 0.6508 0.5559 -0.5171
vn 0.1285 0.9776 -0.1668
vn -0.7516 0.5723 0.328
vn -0.8731 -0.1888 0.4494
vn -0.1803 0.9835 0.0109
vn -0.5748 0.8172 0.0411
vn 0.1632 0.983 -0.0846
vn 0.7952 0.1709 -0.5818
vn 0.8745 0.1819 -0.4496
vn 0.4895 0.8155 -0.3088
vn 0.895 0.1732 -0.411
vn 0.7663 -0.5625 -0.3104
vn 0.81 -0.5556 -0.1873
vn 0.9471 0.1814 -0.2648
vn 0.5779 -0.8044 -0.1374
vn -0.1209 -0.9875 0.1011
vn -0.9642 0.2027 0.1709
vn -0.5396 0.8409 0.0425
vn -0.5491 0.8347 -0.0419
vn -0.9813 0.1914 0.0183
vn 0.762 -0.5545 -0.3346
vn 0.8107 -0.5452 -0.2133
vn 0.9321 0.1927 -0.3068
vn -0.1904 0.9816 -0.0141
vn -0.7998 0.5629 0.2085
vn 0.6994 -0.1899 -0.689
vn 0.8004 -0.1807 -0.5715
vn -0.5197 -0.8339 0.1858
vn -0.9457 -0.1883 0.2649
vn -0.5354 -0.8385 0.1011
vn -0.1039 0.983 -0.1514
vn 0.5128 0.8174 0.2626
vn 0.4587 0.8237 0.3334
vn -0.0873 0.981 -0.1732
vn 0.0806 0.9735 -0.2139
vn 0.4637 0.5401 -0.7024
vn 0.2253 -0.9743 0.0025
vn -0.4973 -0.8395 0.2191
vn -0.5159 -0.8455 0.1373
vn 0.2329 -0.9718 0.0361
vn 0.0498 0.9713 -0.2324
vn 0.3495 0.5321 -0.7712
vn -0.9969 -0 -0.0787
vn -0.9305 -0.2001 0.3069
vn -0.9646 -0.2114 0.1574
vn -0.8289 0.5533 0.082
vn -0.1968 0.9795 -0.042
vn -0.5199 0.828 0.2101
vn 0.145 0.9795 -0.14
vn 0.1566 0.9813 -0.1123
vn -0.5539 0.8226 0.1284
vn 0.9248 -0.2061 -0.3197
vn 0.5423 -0.8295 -0.1334
vn 0.5655 -0.8233 -0.0488
vn 0.9656 -0.1952 -0.1718
vn 0.7241 -0.6114 -0.3192
vn 0.1505 -0.9886 0.0018
vn 0.1564 -0.9874 0.022
vn 0.7687 -0.6041 -0.21
vn 0.5427 0.8281 -0.14
vn 0.5487 0.8343 -0.0536
vn -0.1989 0.9773 -0.0723
vn 0.9664 0.2036 -0.1571
vn 0.9767 0.2144 -0.0043
vn -0.9574 -0.2136 -0.1944
vn -0.8082 0.5524 -0.2039
vn -0.7705 0.5453 -0.3301
vn -0.9132 -0.222 -0.3418
vn 0.4491 -0.2085 -0.8688
vn 0.2931 -0.8314 -0.472
vn 0.3681 -0.8261 -0.4267
vn 0.5812 -0.1992 -0.789
vn -0.4741 0.8333 0.2844
vn 0.84 -0.5359 -0.0849
vn 0.2353 -0.9692 0.0722
vn 0.8488 -0.5265 0.0474
vn 0.2597 0.9653 -0.028
vn 0.858 0.5102 0.0595
vn 0.8336 0.5177 0.1924
vn 0.2526 0.9675 0.0107
vn 0.8367 -0.517 0.1804
vn 0.963 0.2252 0.1479
vn 0.5277 0.8347 0.1573
vn 0.9147 0.2138 0.3428
vn 0.8479 0.2219 0.4815
vn 0.4904 0.8393 0.2348
vn -0.418 0.8386 0.3495
vn -0.5214 -0.8515 0.0551
vn -0.9749 -0.2226 0.0049
vn -0.9611 -0.2338 -0.147
vn -0.514 -0.8574 -0.0254
vn 0.9379 -0.2251 0.2638
vn 0.8865 -0.2166 0.4089
vn 0.7888 0.5253 0.3191
vn -0.8378 0.5438 -0.0485
vn -0.196 0.975 -0.1044
vn -0.826 0.5341 -0.1798
vn 0.2151 -0.9761 0.0296
vn -0.5375 -0.8431 0.016
vn 0.2159 -0.9744 0.0635
vn -0.0567 -0.0701 0.9959
vn 0.0076 0.654 0.7565
vn 0.0215 -0.0745 0.997
vn 0.4147 -0.9085 0.0504
vn 0.6088 -0.7898 0.0739
vn 0.5891 -0.7898 0.1706
vn 0.4013 -0.9085 0.1162
vn 0.5411 0.8404 0.0312
vn 0.5207 0.8463 0.1123
vn -0.1877 0.9726 -0.1372
vn -0.9237 -0.245 -0.2944
vn -0.4945 -0.8631 -0.1022
vn -0.3533 0.8437 0.4041
vn -0.6088 -0.7898 0.0739
vn -0.4147 -0.9085 0.0504
vn -0.4013 -0.9085 0.1162
vn -0.5891 -0.7898 0.1706
vn 0.8037 -0.5075 0.3107
vn 0.9256 0.236 0.2958
vn 0.9657 -0.2337 0.1128
vn 0.5238 -0.8457 0.102
vn 0.5084 -0.841 0.1852
vn 0.654 0.2379 0.7181
vn 0.5518 -0.5066 0.6624
vn 0.4431 -0.4995 0.7445
vn 0.532 0.2459 0.8103
vn 0.007 -0.9097 -0.4151
vn 0.1389 -0.3438 -0.9287
vn 0.2654 -0.3516 -0.8977
vn 0.0632 -0.912 -0.4052
vn -0.4542 0.8534 -0.2557
vn 0.24 0.9697 0.0466
vn 0.2225 0.9717 0.0788
vn -0.4147 0.8487 -0.3283
vn 0.2221 -0.9637 0.1482
vn 0.2057 -0.9608 0.1861
vn 0.7502 -0.4979 0.435
vn 0.0219 0.9719 -0.2345
vn 0.1679 0.848 0.5027
vn 0.0868 0.8538 0.5133
vn 0.0577 0.9693 -0.2392
vn 0.5554 -0.2492 -0.7934
vn 0.3397 -0.8535 -0.3952
vn 0.4037 -0.8476 -0.3443
vn 0.6743 -0.2385 -0.6989
vn -0.6529 -0.247 -0.7161
vn -0.5443 0.5236 -0.6554
vn -0.437 0.5163 -0.7365
vn -0.5311 -0.2553 -0.8079
vn 0.2548 0.9606 -0.1105
vn 0.8427 0.495 -0.2116
vn 0.8611 0.5026 -0.0763
vn 0.2606 0.963 -0.0688
vn 0.3181 0.8525 0.4148
vn 0.3972 0.2539 0.8819
vn 0.2461 0.8568 0.4531
vn -0.8639 -0.2561 -0.4337
vn -0.7409 0.5146 -0.4315
vn -0.6691 0.5048 -0.5454
vn -0.7831 -0.2672 -0.5615
vn -0.1737 0.97 -0.17
vn -0.1538 0.9673 -0.2016
vn 0.0066 0.8595 0.511
vn 0.0955 0.9665 -0.2381
vn 0.3222 -0.4923 0.8086
vn 0.0629 -0.9599 0.2732
vn 0.0212 -0.9576 0.2874
vn 0.1921 -0.4851 0.8531
vn -0.3175 0.509 -0.8001
vn -0.3966 -0.2636 -0.8793
vn -0.4229 0.2697 0.8651
vn -0.2586 0.8756 0.408
vn -0.3247 0.8701 0.3709
vn -0.5545 0.2586 0.7909
vn -0.1665 0.9787 -0.1204
vn -0.1526 0.977 -0.1492
vn 0.4454 0.8579 0.2562
vn 0.7848 0.2575 0.5637
vn 0.6851 0.2682 0.6773
vn 0.3932 0.8635 0.3157
vn -0.189 0.8809 0.4338
vn 0.0142 0.9538 -0.3002
vn 0.0565 0.957 -0.2846
vn -0.0235 -0.9552 0.2951
vn 0.056 -0.4778 0.8767
vn -0.4376 0.4817 -0.7593
vn -0.437 -0.2651 -0.8595
vn -0.2972 -0.2556 -0.92
vn -0.3108 0.4904 -0.8142
vn 0.6774 -0.4883 0.5501
vn 0.1827 -0.9577 0.2223
vn 0.1532 -0.9545 0.2558
vn 0.5869 -0.4786 0.6531
vn -0.423 -0.8743 -0.238
vn -0.3737 -0.8797 -0.294
vn 0.2818 -0.2707 -0.9205
vn 0.1959 -0.8648 -0.4623
vn 0.2698 -0.8592 -0.4348
vn 0.4234 -0.26 -0.8678
vn 0.7427 0.4798 -0.467
vn 0.8384 -0.2676 -0.4749
vn 0.9048 -0.2592 -0.3379
vn 0.803 0.4874 -0.343
vn -0.0966 0.9616 -0.257
vn 0.3335 0.8691 0.3654
vn 0.2681 0.8745 0.4043
vn -0.0601 0.9585 -0.2787
vn -0.6836 -0.2783 -0.6747
vn -0.568 -0.2893 -0.7705
vn -0.3174 -0.885 -0.3406
vn -0.1037 -0.2801 -0.9544
vn -0.0543 0.4942 -0.8677
vn 0.0831 0.4867 -0.8696
vn 0.0475 -0.2883 -0.9564
vn 0.1175 -0.9512 0.2853
vn 0.4807 -0.4688 0.741
vn -0.5546 0.473 -0.6846
vn -0.5651 -0.2747 -0.778
vn -0.7495 0.2863 0.5969
vn -0.3895 0.8844 0.2573
vn -0.4319 0.8802 0.1967
vn -0.8362 0.2776 0.4729
vn -0.1177 0.8862 0.4481
vn -0.0316 0.9504 -0.3093
vn -0.2633 0.9499 -0.1681
vn -0.659 0.4641 -0.5919
vn -0.2274 0.953 -0.2001
vn 0.1201 -0.8703 -0.4777
vn 0.0365 -0.9609 0.2746
vn -0.0039 -0.9638 0.2664
vn -0.4747 0.4849 -0.7345
vn -0.3566 0.4748 -0.8046
vn -0.4392 -0.3003 -0.8467
vn -0.0167 -0.8854 -0.4645
vn 0.1966 -0.2965 -0.9346
vn 0.0549 -0.8893 -0.454
vn 0.2196 0.4792 -0.8498
vn -0.2207 -0.4632 0.8583
vn -0.1176 -0.9502 0.2887
vn -0.1645 -0.9476 0.274
vn -0.3543 -0.4558 0.8165
vn -0.4975 0.8672 -0.0212
vn -0.4957 0.8627 -0.1001
vn -0.2559 -0.8902 -0.3769
vn 0.3613 -0.459 0.8116
vn 0.0762 -0.9478 0.3097
vn 0.03 -0.9442 0.3279
vn 0.2316 -0.4491 0.8629
vn -0.0294 -0.881 -0.4723
vn 0.1236 -0.9546 0.2712
vn 0.0793 -0.9578 0.2764
vn 0.0444 -0.8757 -0.4808
vn -0.1643 -0.3025 -0.9389
vn -0.0157 -0.2919 -0.9563
vn 0.44 0.2895 0.8501
vn 0.3008 0.3001 0.9052
vn 0.1987 0.8798 0.4318
vn 0.211 0.9576 -0.1962
vn -0.2099 0.876 0.4342
vn -0.2686 0.8813 0.3889
vn 0.2463 0.9544 -0.1689
vn 0.2893 -0.9547 0.0698
vn 0.8122 -0.4616 0.3569
vn 0.7417 -0.4709 0.4776
vn 0.2663 -0.9577 0.1092
vn 0.7708 0.3051 0.5592
vn 0.6756 0.2951 0.6757
vn 0.6535 -0.4801 0.5852
vn -0.2282 0.4647 -0.8556
vn -0.019 0.9553 -0.295
vn 0.0258 0.952 -0.305
vn -0.0925 0.4545 -0.8859
vn -0.1941 -0.4571 0.868
vn -0.2498 0.3203 0.9138
vn -0.3914 0.3118 0.8658
vn -0.3264 -0.465 0.8229
vn 0.1236 0.6378 -0.7603
vn 0.1236 0.6378 -0.7603
vn 0.2439 0.6378 -0.7306
vn 0.2439 0.6378 -0.7306
vn -0.1637 -0.8775 -0.4508
vn -0.0901 -0.8815 -0.4635
vn 0 0.6378 -0.7702
vn 0 0.6378 -0.7702
vn 0.0946 -0.4392 0.8934
vn 0.1552 0.3107 0.9378
vn 0.0246 -0.9511 0.3078
vn -0.0557 -0.4493 0.8917
vn -0.022 -0.9537 0.2998
vn -0.4648 0.8759 0.129
vn 0.2422 0.9582 -0.1521
vn -0.487 0.8716 0.0558
vn -0.5989 0.3095 0.7386
vn -0.5951 -0.441 0.6718
vn -0.6961 -0.4336 0.5723
vn -0.7056 0.3174 0.6336
vn -0.2893 -0.9393 0.1843
vn -0.3214 -0.9365 0.1406
vn -0.7804 -0.4261 0.4577
vn -0.3044 -0.9395 0.1572
vn 0.2936 -0.9016 -0.3176
vn 0.3307 -0.9064 -0.2628
vn -0.3343 -0.9357 0.1129
vn -0.1027 0.3286 0.9389
vn -0.0874 0.9039 0.4186
vn -0.1542 0.9002 0.4073
vn -0.269 -0.9432 0.195
vn 0.2473 -0.8967 -0.3671
vn 0.6909 0.4488 -0.5668
vn 0.2637 0.951 -0.1613
vn 0.2926 0.9484 -0.122
vn 0.7747 0.4411 -0.4531
vn -0.1555 -0.3222 -0.9338
vn 0.0471 0.4442 -0.8947
vn -0.0078 -0.333 -0.9429
vn -0.1243 -0.9002 -0.4174
vn -0.0577 -0.905 -0.4214
vn -0.7941 0.3252 0.5134
vn 0.3906 -0.9085 -0.1482
vn 0.0984 -0.9945 -0.0373
vn 0.0911 -0.9945 -0.0526
vn 0.3618 -0.9085 -0.2089
vn 0.0733 0.9486 -0.308
vn 0.1223 0.945 -0.3033
vn 0.1871 0.4339 -0.8813
vn 0.3471 0.9364 0.0519
vn -0.4149 0.906 0.0833
vn -0.4128 0.9107 0.0186
vn 0.3452 0.9324 0.1067
vn -0.9353 -0.3231 -0.1444
vn -0.4382 -0.8912 -0.1172
vn -0.4232 -0.8865 -0.1869
vn -0.9041 -0.3133 -0.2906
vn 0.0069 0.3212 0.947
vn -0.0462 -0.4292 0.902
vn -0.1873 -0.4192 0.8884
vn -0.1405 0.3316 0.9329
vn 0.3156 0.9457 -0.0776
vn 0.8397 0.4333 -0.3272
vn 0.9694 -0.2423 -0.0404
vn 0.5258 -0.8504 0.0186
vn -0.8624 0.3331 0.3812
vn -0.8459 -0.4185 0.3306
vn -0.8907 -0.4109 0.1944
vn -0.9089 0.3409 0.2402
vn -0.2196 0.8963 0.3852
vn -0.3 -0.6428 -0.7048
vn -0.1849 -0.6515 -0.7357
vn 0.2501 -0.3088 -0.9177
vn 0.161 -0.8848 -0.4373
vn 0.2308 -0.8808 -0.4134
vn 0.3923 -0.3006 -0.8693
vn 0.3088 0.4228 -0.852
vn 0.8657 0.2468 0.4355
vn 0.4884 0.8522 0.1879
vn 0.304 0.6241 0.7198
vn 0.523 0.8219 -0.2258
vn -0.0632 0.9641 -0.2577
vn -0.0418 0.5073 -0.8607
vn 0.0936 0.5157 -0.8517
vn -0.0228 0.9667 -0.2551
vn -0.3096 -0.4115 0.8572
vn -0.1745 -0.9307 0.3214
vn -0.2176 -0.927 0.3056
vn -0.4174 -0.4029 0.8145
vn -0.9136 -0.4033 0.0522
vn -0.9325 0.3488 0.0942
vn 0.442 0.8437 0.3045
vn 0.7603 0.2299 0.6076
vn 0.384 0.8481 0.3649
vn 0.1671 0.9403 -0.2965
vn -0.0715 0.9009 0.4281
vn -0.1226 0.9042 0.409
vn 0.2061 0.9378 -0.2795
vn -0.2672 0.342 0.9009
vn -0.3783 0.35 0.857
vn 0.3401 -0.3047 -0.8897
vn 0.1227 -0.8931 -0.4327
vn 0.6056 -0.4097 0.6822
vn 0.5843 0.3698 0.7224
vn 0.4651 0.3617 0.808
vn 0.489 -0.4176 0.7658
vn 0.4158 0.4151 -0.8092
vn 0.2479 0.9353 -0.2525
vn 0.531 0.407 -0.7433
vn 0.3758 -0.3608 -0.8536
vn 0.4936 -0.3718 -0.7862
vn -0.5242 0.3033 0.7957
vn -0.2817 0.8924 0.3524
vn -0.3389 0.8884 0.3095
vn -0.6446 0.2948 0.7054
vn 0.0133 0.9982 0.058
vn -0.5688 0.6954 0.4393
vn -0.6254 0.7015 0.3417
vn 0.0118 0.9984 0.0554
vn -0.943 -0.3329 0.0045
vn -0.4418 -0.8958 -0.0475
vn -0.0562 -0.9945 -0.0889
vn -0.057 -0.9943 -0.0901
vn -0.0717 -0.9944 -0.0779
vn -0.0675 -0.9946 -0.0789
vn 0.2768 -0.9339 -0.2263
vn 0.7872 -0.403 -0.4668
vn 0.8467 -0.4131 -0.3353
vn 0.2995 -0.9377 -0.1759
vn -0.4972 0.3588 0.79
vn -0.5336 -0.3927 0.7491
vn -0.6477 -0.3826 0.6589
vn -0.6129 0.369 0.6987
vn 0.1587 -0.9865 0.0409
vn 0.7937 -0.598 -0.1113
vn -0.7121 0.3877 -0.5854
vn -0.6926 -0.3647 -0.6223
vn -0.5881 -0.3568 -0.7258
vn -0.6091 0.3954 -0.6875
vn -0.9007 -0.4061 0.1544
vn -0.3732 -0.9277 0.0084
vn -0.3803 -0.9235 -0.0495
vn -0.9182 -0.396 0.012
vn 0.3621 0.9233 -0.1278
vn -0.3063 0.9208 0.2416
vn -0.3314 0.9249 0.1864
vn 0.387 0.9192 -0.0731
vn -0.8274 -0.3626 0.429
vn -0.3902 -0.9093 0.1444
vn -0.4171 -0.9049 0.0849
vn -0.8881 -0.3526 0.2948
vn -0.3617 0.9176 -0.1648
vn -0.798 0.3799 -0.4679
vn -0.3255 0.9209 -0.2145
vn 0.3298 0.9274 -0.1765
vn -0.2719 0.9165 0.2934
vn -0.9131 -0.3858 -0.132
vn -0.3781 -0.9193 -0.1095
vn -0.3662 -0.9149 -0.17
vn -0.8853 -0.3755 -0.2742
vn 0.8943 -0.3897 0.2198
vn 0.8797 0.389 0.2736
vn 0.8301 0.3784 0.4095
vn 0.8449 -0.4002 0.3549
vn -0.7465 -0.3726 0.5513
vn -0.3551 -0.9137 0.1975
vn -0.2658 -0.9222 0.2809
vn 0.1585 -0.9216 -0.3543
vn 0.2058 -0.9259 -0.3169
vn -0.3132 -0.918 0.2433
vn 0.912 0.4101 -0.0107
vn 0.9071 0.3996 0.1324
vn -0.9098 0.3644 -0.1986
vn -0.891 -0.388 -0.2356
vn -0.8459 -0.3802 -0.374
vn -0.8645 0.3722 -0.3379
vn -0.2287 0.9121 0.3402
vn -0.7123 0.3791 0.5907
vn -0.8995 0.3761 -0.2222
vn -0.8354 -0.3652 -0.4108
vn -0.8499 0.3864 -0.3582
vn 0.334 -0.931 0.1469
vn 0.7934 -0.3937 0.4642
vn 0.708 -0.4017 0.5809
vn 0.3008 -0.9341 0.1923
vn -0.1773 0.9075 0.3807
vn 0.2913 0.9314 -0.2183
vn 0.2454 -0.93 -0.2738
vn 0.7072 -0.3928 -0.5879
vn -0.9273 0.3658 -0.0794
vn 0.6085 -0.3824 -0.6953
vn -0.9323 0.3555 0.0666
vn 0.8231 0.376 -0.4256
vn 0.8837 0.3657 -0.2922
vn 0.6443 0.3966 -0.6539
vn -0.7571 0.6204 0.205
vn -0.125 0.9916 -0.0327
vn -0.1314 0.9902 -0.0465
vn -0.7837 0.6116 0.1083
vn -0.793 0.389 0.4689
vn -0.853 0.3988 0.3365
vn -0.927 -0.3427 0.1521
vn -0.8912 0.4085 0.1969
vn 0.0255 -0.9943 -0.1036
vn 0.0252 -0.9945 -0.1021
vn 0.0403 -0.9947 -0.0947
vn 0.0438 -0.9942 -0.098
vn 0.3146 0.9241 0.2168
vn 0.2856 0.9198 0.269
vn 0.7596 0.3678 0.5365
vn -0.7799 0.3966 -0.4842
vn -0.7643 -0.3549 -0.5385
vn -0.6736 -0.3445 -0.6539
vn -0.6914 0.4067 -0.5971
vn 0.4033 0.915 -0.0135
vn 0.9225 0.3555 -0.1503
vn -0.3467 -0.9335 0.0913
vn -0.3644 -0.9305 0.0375
vn 0.8845 -0.4231 -0.1966
vn 0.9385 0.3453 -0.0035
vn 0.8998 -0.4329 -0.0545
vn 0.2477 0.9154 0.3174
vn 0.6695 0.3571 0.6514
vn -0.4346 -0.9004 0.0205
vn 0.3136 -0.9414 -0.1241
vn 0.3192 -0.9449 -0.0724
vn 0.8689 -0.347 -0.353
vn 0.8551 0.4309 -0.2882
vn 0.8944 0.4205 -0.1521
vn 0.9094 -0.3577 -0.2121
vn -0.347 0.9289 0.1296
vn -0.9068 0.4181 0.0537
vn -0.3532 0.9327 0.0725
vn -0.0252 -0.9945 -0.1021
vn -0.0255 -0.9943 -0.1036
vn -0.0418 -0.9943 -0.0981
vn -0.0412 -0.9945 -0.0967
vn 0.1224 -0.9457 0.3011
vn 0.2255 -0.4335 0.8725
vn 0.0854 -0.4414 0.8932
vn 0.0731 -0.9485 0.3084
vn 0.4102 0.9107 0.0494
vn -0.3505 0.9364 0.0168
vn 0.407 0.9063 0.1141
vn 0.931 0.3352 0.1446
vn -0.2718 -0.901 -0.3381
vn -0.2218 -0.8962 -0.3843
vn -0.5655 -0.334 -0.754
vn -0.1294 0.9335 -0.3344
vn -0.2263 0.4186 -0.8795
vn -0.0851 0.4263 -0.9006
vn -0.0748 0.9365 -0.3426
vn 0.3064 -0.9516 0.0257
vn -0.3969 -0.8818 -0.2548
vn 0.3166 -0.9483 -0.022
vn 0.8925 -0.4426 0.0874
vn 0.8629 -0.4521 0.2257
vn 0.9 0.3251 0.2902
vn 0.5621 0.3463 0.7511
vn 0.2016 0.9108 0.3603
vn 0.1479 0.9061 0.3963
vn 0.4398 0.3355 0.8331
vn 0.046 0.337 0.9404
vn 0.6212 0.4617 -0.6332
vn 0.2781 0.951 -0.1351
vn 0.7166 0.4515 -0.5316
vn -0.3393 0.94 -0.0363
vn 0.3932 0.9018 0.1791
vn -0.4426 -0.3236 -0.8363
vn -0.164 -0.8912 -0.4229
vn -0.0994 -0.8861 -0.4526
vn -0.3077 -0.3131 -0.8985
vn 0.8463 0.3151 0.4296
vn -0.8699 0.4368 -0.2289
vn -0.8189 0.446 -0.3612
vn -0.3203 0.9434 -0.0855
vn -0.85 -0.3036 -0.4306
vn 0.4768 0.4641 -0.7465
vn 0.1922 0.9561 -0.2214
vn 0.2299 0.9536 -0.1946
vn 0.5907 0.4565 -0.6653
vn 0.7398 0.6378 -0.2143
vn 0.7398 0.6378 -0.2143
vn 0.7646 0.6378 -0.0928
vn 0.7646 0.6378 -0.0928
vn 0.0171 -0.9943 0.1053
vn 0.0641 -0.9166 0.3947
vn 0.1266 -0.9166 0.3793
vn 0.0338 -0.9943 0.1012
vn 0.352 0.4717 -0.8085
vn 0.152 0.9585 -0.2413
vn -0.7741 -0.2939 -0.5606
vn -0.7479 0.4551 -0.4832
vn -0.2947 0.9467 -0.1297
vn 0.3581 -0.9113 -0.2031
vn 0.378 -0.9148 -0.1425
vn -0.5071 0.2926 0.8107
vn -0.5154 -0.4561 0.7255
vn -0.6258 -0.4462 0.6398
vn -0.6253 0.3031 0.7191
vn -0.1979 0.2858 0.9376
vn -0.3419 0.2937 0.8927
vn 0.1103 0.9608 -0.2543
vn -0.0878 -0.9943 0.0606
vn -0.3291 -0.9166 0.2272
vn -0.2884 -0.9166 0.277
vn -0.0769 -0.9943 0.0739
vn 0.1241 0.9479 -0.2935
vn 0.4547 0.457 -0.7645
vn 0.5665 0.4646 -0.6806
vn 0.1631 0.9505 -0.2643
vn -0.6784 -0.2843 -0.6774
vn -0.1028 -0.9942 0.0306
vn -0.3841 -0.9166 0.1113
vn -0.3613 -0.9166 0.1714
vn -0.0964 -0.9943 0.0457
vn 0.1342 -0.2813 -0.9502
vn -0.0641 -0.9166 0.3947
vn -0.0171 -0.9941 0.1074
vn -0.0338 -0.9941 0.1033
vn -0.1266 -0.9166 0.3793
vn -0.0866 -0.9945 0.0597
vn -0.0759 -0.9945 0.0729
vn -0.0482 0.2778 0.9594
vn -0.0828 -0.4705 0.8785
vn -0.1393 -0.9612 0.2382
vn -0.5601 -0.4807 0.6747
vn -0.6558 -0.4885 0.5755
vn -0.1684 -0.9635 0.2081
vn 0.5501 -0.4892 0.6768
vn 0.5627 0.2851 0.7759
vn 0.4351 0.2752 0.8573
vn 0.4341 -0.4981 0.7506
vn 0.2066 -0.9633 0.1714
vn 0.1721 -0.9659 0.1933
vn 0.1852 -0.8969 -0.4016
vn -0.2096 -0.9449 0.2515
vn 0.235 0.8834 0.4053
vn 0.1729 0.8787 0.445
vn -0.0654 -0.9563 0.285
vn -0.128 0.9645 -0.2309
vn -0.5797 0.4949 -0.6473
vn -0.7343 -0.4963 0.4631
vn 0.1701 0.861 0.4793
vn 0.2531 0.2619 0.9313
vn 0.1034 0.2699 0.9573
vn 0.092 0.8652 0.4929
vn -0.0336 -0.9085 -0.4164
vn -0.0085 -0.9945 -0.1048
vn -0.1 -0.9085 -0.4057
vn 0.1039 0.8739 0.4749
vn 0.2957 0.2654 0.9177
vn 0.3087 -0.507 0.8048
vn 0.136 -0.9684 0.2089
vn 0.0336 -0.9085 -0.4164
vn 0.0085 -0.9945 -0.1048
vn 0.0942 0.9601 -0.2634
vn 0.4549 0.4957 -0.7398
vn 0.5611 0.5053 -0.6556
vn 0.1269 0.9631 -0.2376
vn 0.1275 0.885 0.4478
vn 0.0561 0.8901 0.4523
vn -0.9025 0.269 0.3364
vn -0.9465 0.2602 0.1908
vn -0.7938 -0.504 0.3404
vn -0.8329 -0.5118 0.2104
vn 0.4915 -0.8595 -0.1404
vn 0.5148 -0.855 -0.0629
vn 0.9488 -0.2508 -0.1919
vn -0.3183 0.8865 0.336
vn -0.1389 0.5216 -0.8418
vn -0.006 0.5118 -0.8591
vn -0.2354 -0.8734 -0.4263
vn -0.1049 0.9615 -0.2538
vn -0.1778 0.4989 -0.8482
vn -0.7936 0.5244 -0.3086
vn 0.1482 0.2556 0.9554
vn 0.0297 0.869 0.4939
vn -0.0479 0.8641 0.5011
vn -0.0038 0.2458 0.9693
vn 0.1771 -0.5157 0.8383
vn 0.0428 -0.5243 0.8504
vn 0.134 -0.9644 0.2281
vn 0.1008 -0.9622 0.2531
vn -0.2087 -0.968 0.1396
vn -0.2196 -0.9701 0.1034
vn 0.0032 -0.2366 -0.9716
vn 0.0465 -0.847 -0.5295
vn 0.1302 -0.8419 -0.5237
vn 0.1563 -0.2272 -0.9612
vn 0.6458 -0.5137 0.5648
vn -0.3857 0.541 -0.7473
vn -0.0406 0.9767 -0.2108
vn -0.0111 0.9743 -0.2248
vn -0.2665 0.5313 -0.8041
vn 0.3628 0.2283 0.9035
vn 0.2714 -0.5143 0.8135
vn 0.1421 -0.5048 0.8515
vn 0.2166 0.2391 0.9465
vn -0.9671 0.2515 0.0397
vn -0.9635 0.2426 -0.1131
vn 0.3923 -0.5238 0.7562
vn 0.0593 -0.9685 0.242
vn 0.0246 -0.9657 0.2584
vn 0.1619 -0.9665 0.1991
vn -0.421 -0.8608 -0.286
vn -0.3659 -0.8651 -0.3432
vn 0.2251 0.5239 -0.8215
vn 0.0151 0.969 -0.2464
vn -0.091 -0.5328 0.8413
vn -0.1566 0.236 0.9591
vn -0.3061 0.2263 0.9247
vn -0.2208 -0.5412 0.8113
vn -0.4938 0.5506 -0.6731
vn -0.0661 0.9789 -0.1933
vn -0.4813 0.8581 -0.179
vn -0.6431 -0.532 0.5509
vn -0.776 0.2363 0.5848
vn -0.8601 0.2252 0.4577
vn -0.7159 -0.5416 0.4407
vn 0.3062 -0.2179 -0.9267
vn 0.2131 -0.8367 -0.5046
vn 0.6269 0.2067 0.7512
vn 0.5019 -0.5332 0.6811
vn 0.5007 0.2175 0.8379
vn -0.2067 -0.9779 -0.0313
vn -0.7792 -0.5427 -0.3137
vn -0.716 -0.5504 -0.4294
vn -0.1919 -0.9797 -0.0584
vn -0.0036 -0.9773 0.2117
vn -0.033 -0.9793 0.1998
vn -0.3435 -0.5495 0.7616
vn -0.4487 0.2166 0.867
vn -0.2819 0.8489 0.4471
vn -0.0737 -0.9694 0.2341
vn -0.1019 -0.972 0.2117
vn -0.0587 -0.9811 0.1842
vn -0.4638 -0.8688 -0.1736
vn -0.4833 0.8529 0.1976
vn -0.5173 0.8469 0.123
vn -0.9234 0.2139 0.3186
vn 0.7382 0.1959 0.6455
vn 0.5977 -0.5425 0.5903
vn 0.725 0.5328 0.4365
vn 0.6439 0.5403 0.5418
vn 0.201 0.9738 0.1068
vn 0.834 -0.5487 -0.0582
vn 0.8373 -0.5418 0.0738
vn -0.3854 0.8644 0.3228
vn 0.1539 0.9659 -0.2082
vn -0.4388 0.8587 0.2647
vn 0.3952 0.8299 0.3938
vn -0.0806 -0.9829 0.1658
vn 0.436 -0.8208 -0.3692
vn 0.1763 0.9757 0.13
vn 0.5477 0.5478 0.6324
vn 0.4391 0.5553 0.7063
vn 0.1495 0.9776 0.1484
vn -0.2346 -0.1974 -0.9518
vn -0.2214 -0.38 -0.8981
vn -0.0744 -0.38 -0.922
vn -0.0789 -0.1974 -0.9771
vn 0.5619 0.8208 -0.1029
vn 0.9754 0.1895 -0.1125
vn 0.9794 0.1976 0.0421
vn 0.5643 0.8255 -0.0136
vn 0.2318 -0.9665 0.1099
vn 0.4947 -0.8154 -0.3008
vn -0.4944 0.38 -0.7818
vn -0.5239 0.1974 -0.8286
vn -0.3843 0.1974 -0.9019
vn -0.3626 0.38 -0.851
vn -0.1665 -0.9831 0.076
vn -0.8187 -0.5702 0.0676
vn -0.8127 -0.5795 -0.0602
vn -0.1653 -0.985 0.0504
vn 0.3242 0.8361 0.4426
vn 0.2477 0.8421 0.4791
vn -0.1149 -0.6979 0.707
vn -0.2268 -0.6979 0.6794
vn -0.7996 0.1878 0.5704
vn -0.8809 0.1782 0.4384
vn 0.8818 -0.1715 -0.4393
vn 0.7195 0.5637 -0.4057
vn 0.1102 -0.9163 -0.385
vn -0 0.6979 0.7162
vn -0 0.8646 0.5025
vn 0.0806 0.8646 0.496
vn 0.1149 0.6979 0.707
vn -0.8938 -0.1799 0.4109
vn -0.7984 0.5736 0.1832
vn 0.1903 0.9712 -0.1431
vn 0.1996 0.9737 -0.1095
vn -0.1087 -0.986 -0.1265
vn -0.3174 -0.5809 -0.7495
vn -0.1947 -0.5885 -0.7847
vn -0.0859 -0.9874 -0.1331
vn -0.7077 -0.5817 0.4009
vn -0.9405 0.1687 0.2949
vn -0.7567 -0.5895 0.2827
vn -0.4655 -0.8333 0.2983
vn 0.9564 0.1631 0.2422
vn 0.7824 -0.5702 0.2504
vn 0.7395 -0.561 0.3721
vn 0.9051 0.1741 0.3879
vn 0.7694 0.5713 -0.2857
vn 0.5146 0.8112 -0.2779
vn 0.5453 0.816 -0.1917
vn -0.1735 0.9848 -0.0076
vn 0.4701 0.8063 -0.359
vn 0.8205 0.165 -0.5474
vn -0.8194 -0.1714 0.5471
vn -0.4481 -0.8244 0.3457
vn -0.7869 -0.5888 -0.1846
vn -0.8885 0.1574 -0.4311
vn -0.7423 -0.598 -0.3023
vn 0.7995 0.5789 -0.1601
vn 0.9414 -0.1624 -0.2956
vn 0.9776 -0.1532 -0.1441
vn 0.4128 0.8013 -0.433
vn 0.7252 0.1569 -0.6704
vn -0.4905 -0.8292 0.2681
vn 0.1988 -0.9795 -0.0319
vn -0.0687 -0.596 -0.8
vn -0.0638 -0.9887 -0.1358
vn -0.2965 -0.814 0.4995
vn -0.5781 -0.1548 0.8012
vn 0.147 -0.9841 -0.0996
vn -0.7862 -0.5972 0.1591
vn -0.7957 -0.6048 0.0333
vn 0.065 0.9827 0.1733
vn 0.0682 0.5777 0.8134
vn -0.0598 0.5852 0.8087
vn 0.1973 -0.9788 -0.0544
vn 0.2132 -0.9766 -0.0278
vn -0.9767 0.1593 0.1436
vn 0.0326 -0.1547 0.9874
vn -0.1233 -0.1457 0.9816
vn 0.8895 -0.1515 0.4311
vn 0.5191 -0.7974 0.3078
vn 0.472 -0.7906 0.3901
vn 0.8126 -0.1406 0.5657
vn -0.1262 -0.9913 0.0384
vn 0.1255 -0.9855 -0.1142
vn -0.2514 -0.8097 0.5303
vn -0.1846 0.5926 0.7841
vn 0.5988 -0.7878 0.1443
vn 0.1601 -0.9803 0.1153
vn -0.562 -0.8224 -0.0884
vn -0.5327 -0.8288 -0.1713
vn 0.1502 -0.9782 0.1434
vn 0.9394 -0.1261 0.3189
vn 0.7689 0.6011 0.2178
vn -0.1673 -0.8046 0.5697
vn -0.3404 -0.1373 0.9302
vn -0.4818 -0.1459 0.8641
vn 0.1031 -0.9868 -0.1248
vn -0.1168 -0.7943 0.5962
vn -0.043 -0.9899 -0.135
vn -0.024 -0.9911 -0.1312
vn 0.1797 -0.6111 -0.7708
vn 0.2767 0.1418 -0.9504
vn -0.8779 0.1217 -0.4632
vn -0.7076 -0.6271 -0.3258
vn 0.1659 -0.9842 0.0615
vn -0.5804 -0.8093 0.0903
vn -0.5782 -0.8159 -0.0005
vn 0.1652 -0.9823 0.0878
vn 0.0827 0.7809 -0.6191
vn 0.1906 0.1239 -0.9738
vn 0.3409 0.1321 -0.9308
vn 0.1768 0.7861 -0.5922
vn 0.8785 -0.1171 0.4632
vn 0.416 0.6154 0.6695
vn 0.7201 0.6084 0.3336
vn 0.7955 -0.1081 0.5962
vn 0.6542 0.6155 0.4395
vn -0.0349 -0.1201 0.9921
vn -0.1902 -0.1287 0.9733
vn -0.077 -0.7995 0.5957
vn -0.0574 0.9937 0.0961
vn -0.0154 0.7757 -0.6309
vn -0.0734 0.9928 0.0942
vn -0.4649 0.7895 -0.4007
vn -0.795 0.1124 -0.5961
vn -0.6427 -0.6343 -0.4297
vn -0.1072 -0.9942 -0.0077
vn 0.4845 -0.7707 0.4138
vn -0.5629 -0.6414 -0.5213
vn -0.0981 -0.995 -0.0182
vn 0.4517 0.7898 -0.4148
vn -0.0448 0.9898 0.1354
vn -0.0579 0.9909 0.1211
vn 0.5175 0.7839 -0.3431
vn -0.6921 0.1031 -0.7144
vn -0.4013 0.7838 -0.4739
vn -0.0427 0.9945 0.0956
vn -0.1152 0.7704 -0.6271
vn -0.1799 -0.6229 -0.7613
vn 0.019 -0.9914 -0.1295
vn -0.4225 0.0906 -0.9018
vn -0.2753 0.099 -0.9563
vn -0.3262 0.7781 -0.5368
vn -0.5717 0.0938 -0.8151
vn -0.4703 -0.6485 -0.5985
vn -0.0886 -0.9957 -0.0262
vn -0.0919 0.9957 0.0107
vn 0.3422 0.752 -0.5633
vn 0.4206 0.759 -0.4969
vn -0.1005 0.9949 0.0033
vn 0.0674 0.995 0.0739
vn 0.0878 0.7531 -0.652
vn 0.0377 0.767 -0.6405
vn 0.4786 0.6296 0.612
vn 0.5721 -0.0902 0.8152
vn 0.4371 -0.0813 0.8957
vn 0.3915 0.655 0.6463
vn -0.0088 0.9965 0.0835
vn 0.2875 0.6484 0.7049
vn 0.5594 -0.0854 0.8245
vn 0.4225 -0.0941 0.9014
vn -0.3271 0.1003 -0.9396
vn -0.0612 0.7743 -0.6299
vn -0.1766 0.0888 -0.9803
vn 0.1105 0.9922 0.0573
vn 0.4843 0.6615 0.5726
vn -0.0014 0.997 0.0777
vn -0.3031 -0.6432 -0.7032
vn -0.405 -0.6516 -0.6414
vn 0.0221 -0.9932 -0.1144
vn 0.2532 0.745 -0.6172
vn 0.9396 0.0838 -0.3319
vn 0.613 0.7716 -0.1699
vn 0.7888 -0.068 0.6109
vn 0.5637 0.668 0.4859
vn 0.6825 -0.0767 0.7268
vn 0.4664 -0.7675 0.4398
vn 0.2945 0.6621 0.6891
vn -0.1373 0.0663 -0.9883
vn -0.8756 0.057 -0.4797
vn -0.6434 -0.6553 -0.3958
vn -0.5516 0.7428 -0.3793
vn 0.0517 0.7309 -0.6806
vn 0.1556 0.7379 -0.6567
vn 0.053 -0.7416 0.6688
vn -0.0624 -0.9974 -0.0372
vn -0.0558 -0.9977 -0.0376
vn -0.0528 -0.7356 0.6753
vn 0.9878 0.1412 -0.0649
vn 0.6051 0.791 -0.0903
vn 0.8755 -0.0592 0.4796
vn 0.6279 0.6744 0.3885
vn 0.1438 0.6501 0.7461
vn 0.0246 0.6568 0.7537
vn -0.0138 0.0382 -0.9992
vn 0.0361 -0.6689 -0.7425
vn 0.1539 -0.6611 -0.7343
vn 0.1437 0.0485 -0.9884
vn 0.0437 0.9962 0.0748
vn -0.0196 -0.0549 0.9983
vn -0.1593 -0.7297 0.665
vn -0.1764 -0.0461 0.9832
vn -0.0394 0.996 0.0805
vn -0.026 -0.6759 -0.7365
vn 0.0892 -0.6825 -0.7254
vn -0.0505 -0.998 -0.0371
vn 0.0198 0.0571 -0.9982
vn 0.539 0.773 -0.3346
vn 0.9991 -0.0328 0.0276
vn 0.718 0.6936 0.0591
vn 0.982 -0.0416 0.1842
vn 0.6621 -0.7447 0.0843
vn 0.9405 -0.0504 0.3361
vn -0.0794 0.9955 0.0521
vn -0.0773 0.9961 0.0422
vn 0.6235 0.7458 0.2347
vn -0.7501 0.6588 -0.0575
vn -0.9897 -0.0519 -0.1337
vn -0.9567 -0.0422 -0.288
vn -0.7256 0.6661 -0.1727
vn -0.5172 -0.7917 0.325
vn -0.5531 -0.7968 0.2433
vn -0.6824 0.7255 -0.0892
vn 0.0341 0.9968 0.0723
vn -0.2071 0.67 0.7129
vn -0.6439 -0.7267 -0.2395
vn 0.0405 -0.9978 -0.0532
vn 0.0396 -0.9979 -0.0509
vn -0.6045 -0.7199 -0.3412
vn 0.3549 0.7368 -0.5754
vn 0.4734 0.0299 -0.8803
vn -0.8998 -0.0324 -0.4351
vn 0.6736 -0.7388 -0.0207
vn -0.0468 -0.9983 -0.0361
vn -0.0445 -0.9984 -0.0351
vn 0.7089 -0.6853 0.1665
vn -0.171 0.0279 -0.9849
vn -0.0804 -0.6766 -0.732
vn 0.0112 0.9985 0.0538
vn -0.6885 0.7137 0.1288
vn -0.6941 0.7196 0.019
vn 0.0112 0.9984 0.055
vn 0.1856 0.7033 0.6863
vn -0.0632 0.9978 0.0201
vn 0.3044 -0.6956 -0.6508
vn 0.606 0.0208 -0.7952
vn 0.3993 -0.702 -0.5897
vn -0.4562 -0.7115 0.5345
vn -0.606 -0.02 0.7952
vn -0.324 0.0177 -0.9459
vn -0.1928 -0.6841 -0.7034
vn -0.0492 -0.9976 -0.0489
vn 0.6684 -0.7328 -0.1273
vn -0.5489 -0.713 -0.4364
vn -0.8203 -0.0225 -0.5715
vn 0.4448 0.7308 -0.5178
vn 0.0161 0.998 0.0613
vn 0.5253 0.7247 -0.446
vn -0.4689 0.0075 -0.8832
vn 0.4689 -0.0079 0.8832
vn 0.2881 0.7107 0.6418
vn 0.324 -0.0184 0.9459
vn 0.197 0.8646 -0.4623
vn 0.0907 0.9728 -0.2129
vn 0.0554 0.9728 -0.2247
vn 0.1203 0.8646 -0.4879
vn -0.7236 -0.0113 0.6901
vn -0.4969 0.6891 0.5275
vn -0.0436 -0.9985 -0.0346
vn 0.4825 -0.7083 -0.5152
vn -0.0438 -0.9984 -0.0348
vn 0.6073 -0.7207 -0.3342
vn 0.6462 -0.7268 -0.2327
vn -0.4782 -0.7059 -0.5225
vn 0.0396 -0.9979 -0.0505
vn 0.0413 -0.9978 -0.052
vn -0.394 -0.6988 -0.597
vn -0.8231 -0.0027 0.5678
vn -0.4679 0.6951 -0.5458
vn 0.7236 0.0119 -0.6901
vn 0.5941 0.7185 -0.3616
vn 0.8232 0.0029 -0.5678
vn -0.6021 -0.0026 -0.7984
vn -0.2981 -0.6915 -0.658
vn 0.5524 -0.7146 -0.4293
vn 0.6021 0.0026 0.7984
vn -0.9022 0.0059 0.4313
vn -0.6655 0.7076 0.2373
vn -0.666 -0.6931 0.2757
vn -0.0464 -0.9982 -0.0389
vn -0.048 -0.9979 -0.0431
vn 0.4573 -0.7144 0.5297
vn -0.0449 -0.9983 -0.0362
vn 0.8908 -0.0288 0.4535
vn 0.7123 0.6999 -0.0536
vn 0.9912 -0.0239 -0.1299
vn 0.0113 0.9985 0.054
vn 0.5703 -0.743 0.3504
vn -0.9991 0.0316 -0.0276
vn -0.1643 0.7166 -0.6778
vn 0.0392 -0.998 -0.05
vn 0.2002 -0.6891 -0.6964
vn 0.9566 0.0437 0.288
vn 0.8087 -0.0403 0.5868
vn 0.733 -0.678 0.054
vn -0.6665 -0.7333 -0.134
vn -0.0933 0.6634 0.7424
vn -0.0799 0.9948 0.0638
vn -0.7561 0.6515 0.0612
vn -0.066 0.9976 0.0203
vn -0.0558 0.7238 -0.6878
vn -0.1425 -0.6692 -0.7293
vn 0.004 0.9974 0.0718
vn 0.291 -0.0725 0.954
vn 0.1375 -0.0637 0.9885
vn -0.661 -0.7464 0.0777
vn 0.0408 -0.9967 -0.0701
vn 0.0416 -0.9972 -0.0629
vn -0.6721 -0.7399 -0.0273
vn -0.0704 -0.9969 -0.0354
vn 0.3877 -0.773 0.5022
vn 0.1007 -0.9937 -0.05
vn 0.1141 -0.9926 -0.0418
vn 0.0385 -0.9962 -0.0786
vn 0.1769 -0.0855 0.9805
vn -0.0358 -0.7482 0.6626
vn -0.0746 0.993 0.0913
vn -0.0785 0.9939 0.077
vn 0.5718 0.7778 -0.2608
vn -0.0678 0.992 0.1062
vn -0.0792 -0.9964 -0.0318
vn 0.3011 -0.7784 0.5508
vn 0.6469 -0.6485 -0.4012
vn 0.8749 0.0936 -0.4752
vn 0.6959 -0.6559 -0.2925
vn 0.3393 -0.7768 0.5305
vn -0.1059 -0.9933 -0.0453
vn 0.6926 -0.0991 0.7145
vn 0.4184 -0.765 0.4897
vn 0.3403 -0.7592 0.5549
vn 0.1747 0.6418 0.7467
vn 0.2754 -0.1028 0.9558
vn -0.5937 0.6222 0.5103
vn -0.6613 0.6296 0.4078
vn -0.7886 -0.0995 0.6068
vn -0.5351 -0.7651 0.3582
vn 0.0559 0.6351 0.7704
vn -0.5102 0.6148 0.6014
vn -0.6826 -0.1089 0.7226
vn -0.0135 0.8951 0.4458
vn 0.4117 -0.7838 0.465
vn -0.4099 -0.634 -0.6557
vn 0.1359 -0.9847 -0.1087
vn 0.3764 0.7957 -0.4746
vn -0.4125 0.6074 0.6789
vn -0.5598 -0.1182 0.8201
vn -0.4035 -0.778 0.4816
vn -0.467 -0.7849 0.4073
vn -0.0661 0.6284 0.775
vn -0.1881 0.6217 0.7603
vn 0.5196 0.6066 0.6017
vn 0.6001 -0.1186 0.7911
vn 0.19 -0.6031 -0.7747
vn 0.1376 0.99 0.0305
vn 0.0807 -0.9881 -0.1312
vn 0.6121 0.5977 0.5178
vn 0.7153 -0.1296 0.6867
vn 0.3111 -0.5964 -0.7399
vn -0.0902 0.9919 0.0894
vn -0.3071 0.615 0.7263
vn 0.1236 0.1513 -0.9807
vn 0.196 0.9805 -0.0163
vn 0.1862 0.9825 0.0099
vn -0.4959 0.8155 -0.2983
vn -0.1072 0.9909 0.0814
vn -0.42 0.6082 0.6736
vn 0.2645 0.7913 -0.5513
vn 0.6909 0.5888 0.4195
vn -0.0216 -0.7999 0.5998
vn 0.1733 0.9843 0.0326
vn 0.3437 0.7963 -0.4977
vn -0.1426 -0.9897 -0.0112
vn -0.6802 -0.6071 -0.4107
vn 0.9842 0.1522 0.0901
vn 0.6029 0.7978 0.0044
vn -0.1241 0.9866 -0.1062
vn 0.5862 0.8044 0.0962
vn 0.5558 0.8109 0.183
vn -0.1161 0.9848 -0.1288
vn 0.9442 -0.1625 0.2864
vn 0.5523 -0.804 0.2204
vn 0.0717 -0.8053 0.5885
vn -0.1509 0.8286 -0.539
vn 0.1215 0.9794 0.1616
vn 0.093 0.9811 0.1698
vn -0.0656 0.8234 -0.5637
vn -0.9555 -0.1694 -0.2415
vn -0.7696 0.5882 -0.2483
vn -0.7275 0.5789 -0.3682
vn -0.9042 -0.1808 -0.387
vn -0.1117 -0.9861 0.1234
vn 0.2033 0.9761 -0.0767
vn 0.5425 -0.8099 -0.2229
vn 0.2268 -0.6979 0.6794
vn 0.3328 -0.6979 0.6342
vn 0.1858 -0.9166 0.3541
vn -0.8309 -0.1921 -0.5223
vn -0.4914 -0.8351 -0.2473
vn -0.4339 -0.5733 -0.695
vn -0.4764 0.1885 -0.8588
vn -0.336 0.1793 -0.9247
vn -0.1558 -0.979 0.1312
vn -0.1635 -0.9811 0.1031
vn 0.7018 -0.6979 -0.1433
vn 0.3918 -0.9166 -0.08
vn 0.3996 -0.9166 -0.0161
vn 0.7157 -0.6979 -0.0288
vn 0.6953 -0.5637 -0.4459
vn 0.6056 -0.1904 0.7726
vn 0.4774 -0.1815 0.8597
vn 0.2092 -0.9779 -0.0024
vn -0.6044 0.1977 -0.7718
vn -0.3016 0.8388 -0.4532
vn -0.2302 0.8338 -0.5018
vn -0.4556 -0.1974 0.868
vn -0.4299 -0.38 0.819
vn -0.5557 -0.38 0.7395
vn -0.5889 -0.1974 0.7837
vn -0.1784 0.9834 -0.0339
vn 0.1751 0.9686 -0.1763
vn 0.7184 -0.1992 0.6666
vn -0.1739 -0.9814 -0.0817
vn -0.6359 -0.558 -0.5332
vn -0.541 -0.5657 -0.6224
vn -0.1535 -0.983 -0.1009
vn -0.3635 0.8438 -0.3948
vn -0.7169 0.2068 -0.6658
vn 0.8196 -0.5348 0.2054
vn 0.959 0.2057 0.1952
vn 0.7165 0.38 -0.585
vn 0.5548 0.6978 -0.453
vn 0.475 0.6979 -0.5361
vn 0.6134 0.38 -0.6924
vn 0.6774 -0.5518 0.4864
vn 0.1351 -0.976 0.171
vn 0.1149 -0.9736 0.1973
vn -0.5263 -0.8476 -0.0672
vn 0.2112 -0.9725 0.0983
vn 0.1484 -0.38 0.913
vn 0.1149 -0.6979 0.707
vn -0 -0.6979 0.7162
vn -0 -0.38 0.925
vn 0.7811 0.5337 -0.324
vn 0.8163 0.5431 -0.1969
vn -0.1791 0.9819 -0.0619
vn -0.1753 0.9803 -0.091
vn 0.0895 -0.9711 0.2213
vn -0.5881 0.5601 -0.5834
vn 0.5527 0.8301 0.0738
vn 0.7772 -0.2277 -0.5866
vn 0.46 -0.8417 -0.2828
vn 0.5067 -0.8357 -0.212
vn 0.8615 -0.2169 -0.4591
vn -0.0409 -0.9667 0.2527
vn -0.7131 0.5381 -0.4494
vn 0.2007 -0.9706 0.1332
vn -0.5025 -0.8521 -0.1465
vn -0.467 -0.8565 -0.22
vn 0.1843 -0.9686 0.1671
vn -0.8465 -0.2303 -0.4801
vn 0.0287 -0.9753 0.2192
vn 0.7229 -0.5208 0.4541
vn -0.2058 0.854 0.4778
vn -0.1336 0.9752 -0.1765
vn -0.6371 0.5309 -0.5588
vn -0.1096 0.9733 -0.2014
vn 0.6522 0.5149 -0.5564
vn -0.1271 0.8591 0.4958
vn -0.143 -0.9536 0.2651
vn 0.062 -0.8813 -0.4686
vn 0.1303 -0.8865 -0.444
vn -0.187 -0.9502 0.2492
vn -0.7589 -0.2387 -0.6059
vn 0.0994 -0.9708 0.2182
vn 0.0633 -0.9731 0.2215
vn -0.1633 -0.8648 -0.4749
vn -0.2168 -0.2482 -0.9441
vn -0.0665 -0.2593 -0.9635
vn -0.0866 -0.8704 -0.4847
vn -0.081 0.9714 -0.2231
vn -0.0138 -0.9629 0.2696
vn -0.0552 -0.9599 0.2749
vn 0.0077 -0.4951 0.8688
vn 0.066 0.2499 0.966
vn -0.3035 -0.8693 -0.3902
vn -0.0467 0.8914 0.4509
vn -0.0799 0.947 -0.3112
vn 0.3361 0.4861 -0.8067
vn 0.1682 -0.9512 0.2587
vn -0.1909 -0.8952 -0.4026
vn -0.0201 -0.9406 0.339
vn -0.0482 0.9694 -0.2405
vn -0.0118 0.9674 -0.253
vn -0.1889 0.5016 -0.8442
vn -0.2529 -0.2718 -0.9285
vn 0.0844 -0.2704 -0.959
vn 0.1289 0.5019 -0.8553
vn 0.2624 0.492 -0.8301
vn 0.2323 -0.2815 -0.931
vn 0.0877 0.9013 0.4242
vn -0.1793 0.9397 -0.2911
vn -0.1296 0.9434 -0.3052
vn 0.0223 0.8964 0.4427
vn 0.0274 0.9653 -0.2599
vn -0.2277 0.9359 -0.2687
vn 0.5692 0.2789 0.7735
vn -0.0987 -0.9568 0.2736
vn -0.1287 -0.4855 0.8647
vn 0.3735 -0.2925 -0.8803
vn 0.0139 0.8693 0.494
vn 0.0684 0.9631 -0.2604
vn -0.2636 -0.4757 0.8391
vn 0.1047 -0.9944 0.0127
vn 0.1051 -0.9945 -0.0042
vn 0.4175 -0.9085 -0.0168
vn 0.0148 0.3028 0.9529
vn -0.1346 0.2918 0.9469
vn 0.3262 0.944 -0.0502
vn -0.3878 0.8965 0.2143
vn -0.4067 0.9013 0.1491
vn 0.3406 0.9402 -0.0008
vn -0.0702 -0.9527 0.2957
vn -0.1883 0.956 -0.2251
vn -0.147 0.9588 -0.243
vn -0.0623 0.8734 0.483
vn -0.1347 0.8774 0.4605
vn -0.0668 0.4567 -0.8871
vn 0.072 0.4666 -0.8816
vn -0.3005 -0.3112 -0.9016
vn 0.2384 -0.9605 0.1432
vn -0.4802 -0.4484 0.7539
vn 0.2051 -0.4623 0.8627
vn 0.1628 0.3138 0.9354
vn 0.0676 -0.4725 0.8787
vn 0.4743 -0.3129 -0.8229
vn -0.4495 -0.4729 0.7579
vn -0.1048 -0.9588 0.2642
vn -0.2294 -0.9468 0.2258
vn 0.0641 -0.9943 0.0853
vn 0.2402 -0.9166 0.3197
vn 0.2884 -0.9166 0.277
vn 0.0748 -0.9944 0.0741
vn 0.6222 -0.3144 -0.7169
vn 0.7237 -0.3253 -0.6087
vn 0.596 -0.321 -0.736
vn 0.1024 -0.3169 -0.9429
vn 0.0894 -0.8888 -0.4495
vn 0.0957 -0.9166 -0.3883
vn 0.1567 -0.9166 -0.3679
vn -0.2516 -0.9422 0.2214
vn 0.3391 -0.4521 0.825
vn 0.0572 0.434 -0.8991
vn 0.1968 0.4417 -0.8753
vn 0.8066 -0.3361 -0.4863
vn -0.2016 0.8813 0.4273
vn -0.2615 0.8852 0.3847
vn 0.3688 0.8973 0.2424
vn 0.7021 -0.3292 -0.6314
vn -0.3407 0.4369 -0.8325
vn -0.2055 0.4468 -0.8707
vn -0.0924 -0.9943 -0.0533
vn -0.3463 -0.9166 -0.1999
vn -0.3739 -0.9166 -0.1418
vn -0.0997 -0.9943 -0.0378
vn 0.7902 -0.3373 -0.5117
vn -0.073 -0.9368 0.3422
vn -0.0826 -0.9943 -0.0675
vn -0.3098 -0.9166 -0.2529
vn 0.2891 -0.9042 -0.3143
vn 0.3284 -0.9078 -0.2609
vn -0.2402 -0.9166 0.3197
vn -0.0641 -0.9943 0.0853
vn -0.0208 0.9394 -0.3421
vn -0.8996 0.4276 -0.0894
vn -0.0469 -0.3249 -0.9446
vn 0.018 -0.8927 -0.4504
vn -0.0957 -0.9166 -0.3883
vn -0.1567 -0.9166 -0.3679
vn 0.858 -0.3454 -0.38
vn -0.8106 0.3242 0.4876
vn -0.801 -0.4263 0.4203
vn -0.8612 -0.4162 0.2916
vn -0.8734 0.3347 0.3537
vn 0.8843 0.4256 -0.192
vn 0.9042 -0.3535 -0.2398
vn -0.1832 0.9304 -0.3174
vn -0.363 0.4109 -0.8363
vn -0.1778 -0.9038 -0.3892
vn 0.218 -0.94 0.2623
vn 0.1711 -0.9429 0.2857
vn -0.1172 -0.9002 -0.4194
vn 0.3613 -0.4256 0.8297
vn 0.3335 0.3535 0.874
vn 0.1926 0.3453 0.9185
vn -0.3875 0.8965 0.2146
vn -0.4091 0.9002 0.1493
vn 0.1045 0.9147 0.3903
vn 0.0435 0.9112 0.4096
vn -0.9143 0.3451 0.2122
vn -0.021 0.9076 0.4193
vn -0.3148 0.928 -0.1994
vn -0.5868 0.4168 -0.6942
vn -0.2733 0.932 -0.238
vn -0.4917 0.4032 -0.7718
vn -0.4682 -0.3489 -0.8118
vn -0.3359 -0.3409 -0.878
vn -0.3449 -0.9177 -0.197
vn 0.3603 -0.9279 0.0957
vn -0.3162 -0.9144 -0.2529
vn -0.3129 -0.9057 -0.2859
vn 0.9071 0.4177 -0.0509
vn 0.9275 -0.3616 -0.0944
vn -0.0514 -0.8965 -0.4401
vn 0.2617 -0.9371 0.231
vn -0.9137 -0.3956 -0.0924
vn -0.9327 0.3566 -0.0533
vn -0.4199 0.9038 0.0826
vn -0.4201 0.9073 0.0162
vn -0.2319 -0.9074 -0.3505
vn 0.3401 0.9401 0.0231
vn 0.3402 0.9372 0.0769
vn 0.9074 0.4098 0.0926
vn 0.2532 0.9248 0.2839
vn -0.2827 0.9241 -0.257
vn 0.2105 0.9215 0.3264
vn 0.9277 -0.3696 0.0522
vn 0.885 0.4019 0.235
vn 0.9048 -0.3777 0.1966
vn 0.6881 0.3779 0.6194
vn -0.3735 -0.9243 -0.0788
vn -0.3641 -0.921 -0.1385
vn 0.388 -0.9215 -0.0194
vn 0.3786 -0.9247 0.0398
vn -0.2783 -0.9109 -0.3046
vn 0.288 0.928 0.2364
vn 0.8596 -0.3857 0.3351
vn 0.7741 0.386 0.5017
vn 0.7426 0.3862 -0.5471
vn 0.3317 0.9342 0.1314
vn -0.41 0.9108 -0.0482
vn -0.3902 0.9142 -0.109
vn 0.3142 0.9311 0.185
vn 0.8403 0.394 0.3725
vn 0.3696 -0.9286 0.0337
vn 0.3502 -0.9327 0.0866
vn 0.3345 0.9283 0.1621
vn -0.7792 -0.3725 -0.504
vn 0.3317 0.9429 -0.0288
vn -0.2348 0.9273 -0.2914
vn 0.3879 -0.9181 -0.0807
vn 0.1606 0.9182 0.3622
vn -0.3735 -0.9274 -0.0197
vn -0.3576 -0.9317 0.0629
vn -0.1943 -0.333 -0.9227
vn -0.3554 0.8928 0.2767
vn 0.8087 -0.5883 -0.0026
vn -0.2137 -0.9166 -0.338
vn 0.4663 -0.4419 0.7664
vn 0.3056 0.3247 0.8951
vn -0.3131 0.8891 0.334
vn 0.7953 0.4412 -0.4157
vn 0.0311 0.9423 -0.3333
vn 0.3291 -0.9166 0.2272
vn 0.0878 -0.9943 0.0606
vn 0.3339 0.8928 0.3024
vn -0.7273 0.3137 0.6105
vn 0.0798 0.9451 -0.3168
vn 0.5118 0.4719 -0.7179
vn -0.0086 -0.9943 -0.1063
vn -0.0322 -0.9166 -0.3986
vn -0.1274 -0.9329 0.3368
vn 0.3304 0.4493 -0.83
vn 0.5255 -0.2924 -0.799
vn 0.2971 -0.8767 -0.3784
vn -0.3936 -0.466 0.7924
vn -0.4767 0.3016 0.8257
vn 0.358 -0.8725 -0.3325
vn 0.6463 -0.2842 -0.7082
vn 0.6633 0.4722 -0.5805
vn 0.1962 0.9532 -0.2302
vn 0.7515 -0.2759 -0.5993
vn 0.4118 -0.8682 -0.2768
vn -0.0698 -0.4826 0.8731
vn -0.2817 0.2808 0.9175
vn -0.2038 -0.4926 0.8461
vn 0.251 -0.9085 0.334
vn 0.0632 -0.9945 0.0841
vn 0.0759 -0.9946 0.0707
vn 0.3013 -0.9085 0.2894
vn 0.4567 -0.8639 -0.2123
vn 0.2226 0.9557 -0.1924
vn 0.2118 -0.9477 0.2386
vn -0.1876 -0.8622 -0.4705
vn -0.1143 -0.8572 -0.5021
vn -0.331 -0.5025 0.7987
vn -0.4485 -0.5124 0.7323
vn -0.0356 -0.8522 -0.5221
vn -0.1492 -0.2461 -0.9577
vn -0.851 -0.5196 0.0767
vn -0.2245 -0.9722 0.0673
vn -0.2237 -0.9741 0.0323
vn -0.0984 -0.7898 0.6054
vn -0.067 -0.9085 0.4124
vn -0 -0.9085 0.4178
vn -0 -0.7898 0.6133
vn -0.8477 -0.5273 -0.0574
vn -0.9358 0.2337 -0.2638
vn -0.8235 -0.535 -0.1887
vn -0.0708 0.8651 0.4965
vn 0.1344 0.9637 -0.2308
vn -0.143 -0.9768 0.1592
vn -0.77 -0.5512 0.3213
vn 0.7812 -0.5278 0.3333
vn 0.4797 -0.8361 0.266
vn -0.8846 0.2248 -0.4085
vn -0.2175 -0.9761 -0.0009
vn 0.438 -0.8312 0.3424
vn 0.8127 -0.2079 0.5443
vn -0.2389 -0.8591 -0.4527
vn 0.3626 0.38 -0.851
vn 0.2807 0.6979 -0.6589
vn 0.1714 0.6979 -0.6954
vn 0.2214 0.38 -0.8981
vn -0.8111 0.2158 -0.5437
vn -0.0983 -0.9845 0.1452
vn 0.3841 -0.8262 0.4121
vn 0.319 -0.8211 0.4733
vn 0.8309 0.5524 -0.0668
vn -0.5742 -0.8008 0.1703
vn -0.1315 -0.9845 -0.1159
vn 0.2441 -0.8159 0.5241
vn 0.8317 0.185 0.5235
vn 0.161 -0.8107 0.5629
vn -0.1867 0.17 -0.9676
vn -0.4397 -0.8412 -0.3146
vn -0.7922 0.5975 -0.1244
vn -0.1281 0.9882 -0.0844
vn -0.0878 -0.7531 0.652
vn 0.8056 -0.5793 0.1244
vn -0.795 0.6066 0.0005
vn -0.1286 0.9896 -0.0639
vn -0.0322 0.1606 -0.9865
vn 0.0571 -0.6036 -0.7952
vn 0.0238 0.8181 -0.5746
vn 0.7538 0.5798 0.3092
vn -0.8818 -0.117 0.4568
vn -0.9384 -0.1273 0.3212
vn -0.8117 0.146 -0.5655
vn -0.4509 0.8089 -0.3773
vn -0.3032 0.6 0.7403
vn -0.0089 0.9872 0.1593
vn 0.2936 0.8014 -0.521
vn -0.0284 0.9885 0.1483
vn 0.1216 -0.1115 0.9863
vn 0.8004 0.1016 -0.5907
vn 0.8825 0.1125 -0.4567
vn 0.2088 -0.7838 0.5848
vn -0.0675 -0.6602 -0.7481
vn -0.0729 -0.9958 -0.0548
vn 0.0342 -0.9955 -0.088
vn 0.2519 -0.7533 0.6075
vn -0.7115 0.6369 0.2969
vn -0.7433 0.6442 0.1803
vn -0.981 -0.0712 0.1803
vn 0.1554 -0.7475 0.6458
vn 0.7268 -0.6633 -0.1784
vn 0.7392 -0.6707 -0.0619
vn -0.9978 -0.0616 0.0237
vn -0.0473 -0.75 0.6597
vn -0.1478 -0.7571 0.6364
vn 0.0413 -0.9975 -0.0572
vn 0.076 -0.9954 -0.058
vn -0.6762 -0.6846 -0.2722
vn 0.54 -0.7071 0.4564
vn 0.1535 0.9728 -0.1733
vn 0.3332 0.8646 -0.3761
vn 0.3892 0.8646 -0.3178
vn 0.1793 0.9728 -0.1464
vn -0.7202 -0.0126 -0.6936
vn -0.5528 0.6879 -0.4704
vn -0.5389 -0.7054 0.4604
vn -0.6095 -0.6993 0.3735
vn 0.0879 -0.9946 -0.0553
vn -0.2421 -0.7641 0.598
vn -0.328 -0.7711 0.5458
vn 0.1246 0.9912 0.0455
vn 0.5729 0.6226 0.5331
vn 0.4867 0.766 -0.42
vn -0.9705 -0.136 0.1992
vn -0.6402 -0.5738 0.5107
vn -0.7218 -0.4363 0.5372
vn -0.987 -0.1467 0.0652
vn -0.9834 -0.1581 -0.0895
vn -0.1527 -0.9883 0.0064
vn -0.1605 -0.9867 0.0271
vn 0.799 0.5707 0.1894
vn 0.202 0.9783 -0.0453
vn 0.6697 0.6978 -0.254
vn 0.4698 0.8646 -0.1782
vn 0.4352 0.8646 -0.2512
vn 0.6203 0.6978 -0.3581
vn 0.5166 0.6979 0.4962
vn 0.3624 0.8646 0.3481
vn 0.4135 0.8646 0.2854
vn 0.5895 0.6979 0.4069
vn -0.6666 0.5696 -0.4809
vn 0.825 0.5616 0.0631
vn -0.8045 -0.5607 0.1959
vn -0.7374 -0.2034 -0.6441
vn -0.6262 -0.2146 -0.7495
vn -0.3791 -0.8473 -0.372
vn 0.0169 -0.9944 0.1039
vn 0.0333 -0.9944 0.0998
vn 0.7261 0.5243 -0.4449
vn -0.5002 -0.2258 -0.8359
vn -0.3626 -0.2371 -0.9013
vn -0.3115 -0.8532 -0.4183
vn -0.1251 -0.9745 0.1864
vn -0.6732 0.2475 0.6968
vn -0.5533 -0.5222 0.649
vn -0.0854 0.2606 0.9617
vn -0.1916 -0.9658 0.1749
vn -0.0109 -0.8759 -0.4824
vn 0.2074 0.4763 -0.8545
vn 0.1732 0.9607 -0.2169
vn 0.3911 0.482 -0.7841
vn -0.1435 0.8706 0.4705
vn -0.2338 0.2713 0.9337
vn -0.3755 0.2819 0.8829
vn -0.2538 -0.8672 -0.4284
vn -0.3115 -0.8721 -0.3773
vn 0.1925 -0.8917 -0.4097
vn 0.5046 -0.3035 -0.8083
vn 0.2531 -0.9442 0.211
vn 0.2411 -0.9006 -0.3616
vn -0.4689 0.4269 -0.7732
vn 0.3051 0.9475 -0.0953
vn -0.3583 0.8915 0.2772
vn 0.1 -0.9085 -0.4057
vn -0.0169 -0.9947 0.1016
vn -0 -0.9944 0.1052
vn 0.5834 -0.4316 0.6881
vn 0.0489 -0.9945 0.0931
vn 0.1942 -0.9085 0.3699
vn 0.1323 -0.9085 0.3963
vn 0.3581 -0.9111 -0.2043
vn 0.3775 -0.9085 0.1791
vn 0.095 -0.9945 0.0451
vn 0.1011 -0.9945 0.0281
vn 0.9272 -0.3684 -0.0673
vn -0.3507 0.9238 -0.1536
vn -0.3445 -0.9104 -0.2293
vn 0.3236 -0.9366 0.1344
vn 0.3754 -0.9156 -0.1438
vn 0.3829 -0.9201 -0.0829
vn 0.3808 -0.9244 -0.0233
vn -0.3798 0.9195 -0.1012
vn 0.9221 -0.3791 0.0779
vn -0.4008 0.9152 -0.0434
vn 0.7753 -0.4107 0.4799
vn -0.3236 -0.9085 -0.2642
vn -0.0815 -0.9945 -0.0665
vn -0.0911 -0.9945 -0.0526
vn -0.3618 -0.9085 -0.2089
vn 0.6873 -0.4212 0.5918
vn 0.2908 -0.9404 0.1761
vn -0.1638 -0.9085 -0.3844
vn -0.2233 -0.9085 -0.3531
vn -0.0632 -0.9945 0.0841
vn -0.251 -0.9085 0.334
vn -0.3013 -0.9085 0.2894
vn 0.3579 0.6378 -0.682
vn 0.3579 0.6378 -0.682
vn -0.7547 0.6377 0.1541
vn -0.7547 0.6377 0.1541
vn -0.7202 0.6377 0.2731
vn -0.7202 0.6377 0.2731
vn 0.2891 0.8881 0.3573
vn -0.3595 -0.877 -0.3189
vn -0.1468 -0.7898 -0.5955
vn -0.2404 -0.7898 -0.5643
vn -0.3828 0.6979 -0.6054
vn -0.2686 0.8646 -0.4247
vn -0.3332 0.8646 -0.3761
vn -0.475 0.6979 -0.5361
vn 0.0277 -0.9948 -0.0979
vn -0.0213 0.0774 -0.9968
vn 0.0567 0.0701 -0.9959
vn -0.0075 -0.654 -0.7565
vn -0.0674 -0.995 -0.0739
vn -0.9961 0.0713 -0.0517
vn -0.9961 0.0712 -0.0518
vn -0.9961 0.0713 -0.0517
vn -0.9961 0.0713 -0.0517
vn -0.9961 0.0713 -0.0517
vn -0.9961 0.0713 -0.0517
vn -0.9961 0.0713 -0.0517
vn -0.9961 0.0713 -0.0517
vn -0.0496 -0.9943 0.0944
vn -0.0489 -0.9945 0.0931
vn 0 1 0
vn -0 0.9728 0.2315
vn -0.0371 0.9728 0.2285
vn 0 1 0
vn -0.0186 0.9728 -0.2307
vn 0 1 -0.0006
vn 0 1 0
vn -0.0554 0.9728 -0.2247
vn 0.1031 -0.9945 -0.021
vn 0.1045 -0.9943 -0.0213
vn 0.0997 -0.9943 -0.0378
vn 0.0815 -0.9945 -0.0665
vn 0.0826 -0.9943 -0.0675
vn 0.0707 -0.9943 -0.0798
vn 0.0698 -0.9945 -0.0787
vn -0.1323 -0.9085 0.3963
vn -0.0333 -0.9942 0.1021
vn -0.1942 -0.7898 0.5818
vn -0.3685 -0.7898 0.4903
vn -0.4423 -0.7898 0.4249
vn 0.067 -0.9085 0.4124
vn 0.0984 -0.7898 0.6054
vn -0.5048 -0.7898 0.3484
vn -0.3438 -0.9085 0.2373
vn 0.2233 -0.9085 -0.3531
vn 0.3278 -0.7898 -0.5184
vn 0.4067 -0.7898 -0.4591
vn 0.2771 -0.9085 -0.3127
vn 0.4751 -0.7898 -0.3879
vn 0.3236 -0.9085 -0.2642
vn 0.0562 -0.9945 -0.0889
vn 0.1638 -0.9085 -0.3844
vn -0.4094 -0.9085 -0.0836
vn -0.1034 -0.9944 -0.021
vn -0.1051 -0.9945 -0.0042
vn -0.4175 -0.9085 -0.0168
vn -0.1 -0.9946 0.0292
vn -0.095 -0.9945 0.0451
vn -0.3775 -0.9085 0.1791
vn 0.5312 -0.7898 -0.3067
vn -0.3907 -0.9085 -0.1482
vn -0.0984 -0.9945 -0.0373
vn 0.0086 -0.9943 -0.1063
vn -0.1044 -0.9945 0.0127
vn -0.1059 -0.9943 0.0129
vn 0.057 -0.9943 -0.0901
vn 0.2137 -0.9166 -0.338
vn -0.0576 0.6979 -0.7139
vn -0.0404 0.8646 -0.5009
vn -0.1203 0.8646 -0.4879
vn -0.1714 0.6979 -0.6954
vn -0.4303 -0.6979 0.5726
vn -0.5165 -0.6979 0.4962
vn -0.1858 -0.9166 0.3541
vn -0.3328 -0.6979 0.6342
vn 0.0964 -0.9943 0.0457
vn 0.3613 -0.9166 0.1714
vn 0.3841 -0.9166 0.1113
vn 0.1017 -0.9944 0.0298
vn 0.0404 0.8646 -0.5009
vn 0.0576 0.6979 -0.7139
vn 0.0924 -0.9943 -0.0533
vn 0.3463 -0.9166 -0.1999
vn 0.3098 -0.9166 -0.2529
vn 0.2404 -0.7898 -0.5643
vn 0.4094 -0.9085 -0.0836
vn 0.6009 -0.7898 -0.1227
vn 0.6128 -0.7898 -0.0247
vn -0.285 -0.7898 0.5431
vn -0.1942 -0.9085 0.3699
vn -0.5541 -0.7898 0.2629
vn 0.1468 -0.7898 -0.5955
vn 0.285 -0.7898 0.5431
vn 0.1942 -0.7898 0.5818
vn -0.4067 -0.7898 -0.4591
vn -0.2771 -0.9085 -0.3127
vn -0.4751 -0.7898 -0.3879
vn -0.3278 -0.7898 -0.5184
vn 0.5734 -0.7898 -0.2175
vn -0.6128 -0.7898 -0.0247
vn -0.6009 -0.7898 -0.1227
vn -0.5312 -0.7898 -0.3067
vn 0.5541 -0.7898 0.2629
vn 0.5048 -0.7898 0.3484
vn 0.3438 -0.9085 0.2373
vn 0.0494 -0.7898 -0.6113
vn -0.0494 -0.7898 -0.6113
vn 0.0866 -0.9945 0.0598
vn -0.1047 -0.9943 -0.0209
vn 0.2652 -0.9166 -0.2993
vn 0.0496 -0.9943 0.0944
vn 0.1066 -0.9943 -0.0043
vn 0.711 0.6979 0.0863
vn 0.4988 0.8646 0.0606
vn 0.5021 0.8646 -0.0202
vn 0.7157 0.6979 -0.0288
vn 0.1591 0.8646 0.4766
vn 0.2268 0.6979 0.6794
vn 0.2335 0.8646 0.4449
vn 0.3328 0.6979 0.6342
vn -0.1535 0.9728 -0.1733
vn 0 1 0
vn 0 1 -0.0006
vn -0.1793 0.9728 -0.1464
vn -0 -0.9943 0.1067
vn -0 -0.9166 0.3999
vn 0 1 0
vn -0.1076 0.9728 0.205
vn -0.1391 0.9728 0.185
vn 0 1 0
vn 0.3739 -0.9166 -0.1418
vn 0.1237 0.9728 -0.1956
vn -0 1 -0.0003
vn 0 1 0
vn -0.3918 -0.9166 -0.08
vn -0.3996 -0.9166 -0.0161
vn -0.1066 -0.9943 -0.0043
vn 0.1059 -0.9943 0.0129
vn -0.397 -0.9166 0.0482
vn 0 1 0
vn -0 1 0.0003
vn 0.0186 0.9728 -0.2307
vn 0.0322 -0.9166 -0.3986
vn -0.2652 -0.9166 -0.2993
vn 0.397 -0.9166 0.0482
vn -0.688 0.6979 0.1993
vn -0.4826 0.8646 0.1398
vn -0.454 0.8646 0.2154
vn -0.6471 0.6979 0.307
vn -0.5548 -0.6979 -0.453
vn -0.475 -0.6979 -0.5361
vn -0.7018 -0.6979 -0.1433
vn -0.6697 -0.6979 -0.254
vn -0.6671 0.38 0.6408
vn -0.5165 0.6979 0.4962
vn -0.4303 0.6979 0.5726
vn -0.5557 0.38 0.7395
vn 0.0744 0.38 -0.922
vn -0.0744 0.38 -0.922
vn 0.4923 0.8646 -0.1005
vn 0.7018 0.6979 -0.1433
vn -0.6134 0.38 -0.6924
vn 0.707 -0.1974 0.6791
vn 0.6671 -0.38 0.6408
vn 0.5557 -0.38 0.7395
vn 0.5889 -0.1974 0.7837
vn 0.6501 0.1974 -0.7338
vn 0.4944 0.38 -0.7818
vn 0.524 0.1974 -0.8286
vn 0.9605 -0.1974 -0.1961
vn 0.9063 -0.38 -0.185
vn 0.9242 -0.38 -0.0372
vn 0.9795 -0.1974 -0.0395
vn -0.6501 -0.1974 -0.7338
vn -0.6134 -0.38 -0.6924
vn -0.4944 -0.38 -0.7818
vn -0.5239 -0.1974 -0.8286
vn 0.8357 0.38 0.3965
vn 0.6471 0.6979 0.307
vn 0.688 0.6979 0.1993
vn 0.8885 0.38 0.2573
vn 0.9182 -0.38 0.1115
vn 0.711 -0.6979 0.0863
vn 0.688 -0.6979 0.1993
vn 0.8885 -0.38 0.2573
vn -0.849 -0.1974 -0.4902
vn -0.8011 -0.38 -0.4625
vn -0.7165 -0.38 -0.585
vn -0.7594 -0.1974 -0.62
vn -0.2214 0.38 -0.8981
vn -0.2346 0.1974 -0.9518
vn -0.0789 0.1974 -0.9771
vn -0.1484 -0.38 0.913
vn -0.2929 -0.38 0.8774
vn 0.8649 0.38 -0.328
vn 0.8011 0.38 -0.4625
vn 0.9166 0.1974 -0.3476
vn 0.849 0.1974 -0.4902
vn 0.9732 0.1974 0.1182
vn 0.9182 0.38 0.1115
vn 0.9242 0.38 -0.0372
vn 0.9795 0.1974 -0.0395
vn 0.3828 0.6979 -0.6054
vn 0.9605 0.1974 -0.1961
vn 0.9063 0.38 -0.185
vn -0.9063 -0.38 -0.185
vn -0.8649 -0.38 -0.328
vn -0.2807 0.6979 -0.6589
vn -0.9242 0.38 -0.0372
vn -0.9795 0.1974 -0.0395
vn -0.9605 0.1974 -0.1961
vn -0.9063 0.38 -0.185
vn -0.6671 -0.38 0.6408
vn -0.5894 -0.6979 0.4069
vn -0.7613 -0.38 0.5254
vn 0.9166 -0.1974 -0.3476
vn 0.8649 -0.38 -0.328
vn -0.688 -0.6979 0.1993
vn -0.711 -0.6979 0.0863
vn 0.5894 -0.6979 0.4069
vn 0.5166 -0.6979 0.4961
vn 0.7612 0.38 0.5255
vn -0.8857 -0.1974 0.4203
vn -0.8357 -0.38 0.3965
vn -0.8885 -0.38 0.2573
vn -0.9416 -0.1974 0.2727
vn 0.4826 0.8646 0.1398
vn 0.6671 0.38 0.6408
vn 0.5889 0.1974 0.7837
vn 0.5557 0.38 0.7395
vn 0.707 0.1974 0.6791
vn -0.7018 0.6979 -0.1433
vn -0.4923 0.8646 -0.1005
vn -0.5021 0.8646 -0.0202
vn -0.7157 0.6978 -0.0288
vn 0.4303 0.6979 0.5726
vn 0.4556 0.1974 0.868
vn 0.4299 0.38 0.819
vn 0.6471 -0.6979 0.307
vn 0.3843 0.1974 -0.9019
vn 0.2346 0.1974 -0.9518
vn -0.5548 0.6979 -0.453
vn -0.3892 0.8646 -0.3178
vn -0.4352 0.8646 -0.2512
vn -0.6203 0.6979 -0.3581
vn -0.1573 -0.1974 0.9676
vn -0.3104 -0.1974 0.9299
vn 0.1484 0.38 0.913
vn 0.2929 0.38 0.8774
vn -0 0.1974 0.9803
vn -0 0.38 0.925
vn 0.1573 0.1974 0.9676
vn 0.1573 -0.1974 0.9676
vn -0 -0.1974 0.9803
vn -0.1484 0.38 0.913
vn -0.1149 0.6979 0.707
vn -0.1573 0.1974 0.9676
vn -0.3104 0.1974 0.9299
vn -0.2929 0.38 0.8774
vn -0.0806 0.8646 0.496
vn -0.2268 0.6979 0.6794
vn 0.3104 0.1974 0.9299
vn -0.4299 0.38 0.819
vn -0.4556 0.1974 0.868
vn -0.5889 0.1974 0.7837
vn -0.1591 0.8646 0.4766
vn -0.3328 0.6979 0.6342
vn -0.2335 0.8646 0.4449
vn 0.524 -0.1974 -0.8286
vn 0.4944 -0.38 -0.7818
vn 0.6134 -0.38 -0.6924
vn 0.6501 -0.1974 -0.7338
vn -0.3019 0.8646 0.4017
vn -0.707 0.1974 0.6791
vn -0.8068 0.1974 0.5569
vn -0.7613 0.38 0.5254
vn 0.8857 0.1974 0.4203
vn 0.9416 0.1974 0.2727
vn -0.9182 0.38 0.1115
vn -0.711 0.6979 0.0863
vn -0.8885 0.38 0.2573
vn -0.3624 0.8646 0.3481
vn -0.8357 0.38 0.3965
vn -0.8857 0.1974 0.4203
vn -0.9416 0.1974 0.2727
vn -0.4988 0.8646 0.0606
vn 0.3019 0.8646 0.4017
vn 0.8068 0.1974 0.5569
vn -0.5894 0.6979 0.4069
vn -0.707 -0.1974 0.6791
vn -0.8068 -0.1974 0.5569
vn 0.4299 -0.38 0.819
vn 0.4556 -0.1974 0.868
vn -0.6471 -0.6979 0.307
vn -0.8649 0.38 -0.328
vn -0.9166 0.1974 -0.3476
vn -0.849 0.1974 -0.4902
vn -0.8011 0.38 -0.4625
vn -0.6697 0.6979 -0.254
vn -0.4135 0.8646 0.2854
vn -0.7594 0.1974 -0.62
vn -0.7165 0.38 -0.585
vn -0.4698 0.8646 -0.1782
vn 0.7594 0.1974 -0.62
vn -0.6501 0.1974 -0.7338
vn 0.0789 0.1974 -0.9771
vn 0.4303 -0.6979 0.5726
vn -0.6203 -0.6979 -0.3581
vn -0.197 0.8646 -0.4623
vn -0.5735 -0.7898 -0.2175
vn 0.4423 -0.7898 0.4249
vn -0.1237 0.9728 -0.1956
vn 0 1 0
vn 0.3685 -0.7898 0.4903
vn -0.9166 -0.1977 -0.3475
vn 0.3104 -0.1974 0.9299
vn 0.2929 -0.38 0.8774
vn 0.9416 -0.1974 0.2727
vn 0.8357 -0.38 0.3965
vn 0.8857 -0.1974 0.4203
vn 0.8068 -0.1974 0.5569
vn 0.7612 -0.38 0.5255
vn -0.9732 0.1974 0.1182
vn -0.9182 -0.38 0.1115
vn -0.9732 -0.1974 0.1182
vn 0.9732 -0.1974 0.1182
vn -0.9242 -0.38 -0.0372
vn -0.9795 -0.1974 -0.0395
vn -0.9605 -0.1974 -0.1961
vn 0.849 -0.1974 -0.4902
vn 0.8011 -0.38 -0.4625
vn 0.7594 -0.1974 -0.62
vn 0.7165 -0.38 -0.585
vn -0.3626 -0.38 -0.851
vn -0.3843 -0.1974 -0.9019
vn 0.3843 -0.1974 -0.9019
vn 0.3626 -0.38 -0.851
vn 0.2346 -0.1974 -0.9518
vn 0.2214 -0.38 -0.8981
vn 0.0789 -0.1974 -0.9771
vn 0.0744 -0.38 -0.922
vn 0.2807 -0.6979 -0.6589
vn 0.1714 -0.6979 -0.6954
vn 0.0576 -0.6979 -0.7139
vn -0.0576 -0.6979 -0.7139
vn -0.1714 -0.6979 -0.6954
vn -0.2807 -0.6979 -0.6589
vn -0.3828 -0.6979 -0.6054
vn 0.3828 -0.6979 -0.6054
vn 0.5548 -0.6978 -0.453
vn 0.6203 -0.6978 -0.3581
vn -0.7157 -0.6978 -0.0288
vn 0.454 0.8646 0.2154
vn 0.475 -0.6979 -0.5361
vn 0.2686 0.8646 -0.4247
vn 0.6697 -0.6978 -0.254
vn -0.2298 0.9728 0.0279
vn -0.2223 0.9728 0.0644
vn 0 1 0.0005
vn 0.0733 0.9728 0.2196
vn 0.0371 0.9728 0.2285
vn 0 1 0
vn 0 1 0
vn 0 1 0
vn -0.2313 0.9728 -0.0093
vn 0 1 0
vn 0 1 0
vn 0.2313 0.9728 -0.0093
vn 0.2298 0.9728 0.0279
vn 0.2223 0.9728 0.0644
vn 0.2091 0.9728 0.0992
vn 0.2005 0.9728 -0.1157
vn 0 1 0
vn 0.1669 0.9728 0.1603
vn 0.1391 0.9728 0.185
vn -0.2091 0.9728 0.0992
vn 0 1 0
vn 0 1 0
vn -0.1905 0.9728 0.1315
vn -0.1669 0.9728 0.1603
vn 0 1 0
vn 0.1076 0.9728 0.205
vn 0 1 0
vn 0.2164 0.9728 -0.0821
vn -0.2164 0.9728 -0.0821
vn 0 1 0
vn 0 1 0
vn -0.2268 0.9728 -0.0463
vn -0.0733 0.9728 0.2196
vn 0 1 0
vn 0 1 0
vn 0 1 0
vn 0.2268 0.9728 -0.0463
vn 0 1 0
vn 0 1 0
vn -0.0907 0.9728 -0.2129
vn 0 1 0
vn 0.1908 0.9728 0.1312
vn -0.2005 0.9728 -0.1157
vn 0 1 0
vn 0 1 0
vn 0 1 0
vn 0 1 0
vn 0 1 0
vn 0 1 -0.0008
vn 0 1 0
vn 0.2393 0.0019 -0.9709
vn 0.2393 0.0019 -0.9709
vn 0.0805 0.0019 -0.9968
vn 0.0805 0.0019 -0.9968
vn -0.935 0.0019 -0.3546
vn -0.935 0.0019 -0.3546
vn -0.866 0.0019 -0.5
vn -0.866 0.0019 -0.5
vn -0.7746 0.0019 -0.6324
vn -0.7746 0.0019 -0.6324
vn -0.6631 0.0019 -0.7485
vn -0.6631 0.0019 -0.7485
vn 0.935 0.0019 -0.3546
vn 0.935 0.0019 -0.3546
vn 0.866 0.0019 -0.5
vn 0.866 0.0019 -0.5
vn -0.1604 0.0019 0.987
vn -0.1604 0.0019 0.987
vn -0.3167 0.0019 0.9485
vn -0.3167 0.0019 0.9485
vn 0.392 0.0019 -0.92
vn 0.392 0.0019 -0.92
vn 0.3167 0.0019 0.9485
vn 0.3167 0.0019 0.9485
vn 0.4647 0.0019 0.8855
vn 0.4647 0.0019 0.8855
vn -0.392 0.0019 -0.92
vn -0.392 0.0019 -0.92
vn -0.2393 0.0019 -0.9709
vn -0.2393 0.0019 -0.9709
vn -0.9927 0.0019 0.1205
vn -0.9927 0.0019 0.1205
vn -0.9992 0.0019 -0.0403
vn -0.9992 0.0019 -0.0403
vn 0.9927 0.0019 0.1205
vn 0.9927 0.0019 0.1205
vn 0.9992 0.0019 -0.0403
vn 0.9992 0.0019 -0.0403
vn -0.9798 0.0019 -0.2
vn -0.9798 0.0019 -0.2
vn -0.823 0.0019 0.5681
vn -0.823 0.0019 0.5681
vn -0.9034 0.0019 0.4287
vn -0.9034 0.0019 0.4287
vn 0.6007 0.0019 0.7994
vn 0.6007 0.0019 0.7994
vn 0.7212 0.0019 0.6927
vn 0.7212 0.0019 0.6927
vn -0.5345 0.0019 -0.8452
vn -0.5345 0.0019 -0.8452
vn -0.9605 0.0019 0.2782
vn -0.9605 0.0019 0.2782
vn 0.823 0.0019 0.5681
vn 0.823 0.0019 0.5681
vn 0.5345 0.0019 -0.8452
vn 0.5345 0.0019 -0.8452
vn 0.9798 0.0019 -0.2
vn 0.9798 0.0019 -0.2
vn 0.9034 0.0019 0.4287
vn 0.9034 0.0019 0.4287
vn -0.6008 0.0019 0.7994
vn -0.6008 0.0019 0.7994
vn -0.7212 0.0019 0.6927
vn -0.7212 0.0019 0.6927
vn -0.4647 0.0019 0.8855
vn -0.4647 0.0019 0.8855
vn 0.9605 0.0019 0.2782
vn 0.9605 0.0019 0.2782
vn -0 0.0019 1
vn -0 0.0019 1
vn 0.6631 0.0019 -0.7485
vn 0.6631 0.0019 -0.7485
vn -0.0805 0.0019 -0.9968
vn -0.0805 0.0019 -0.9968
vn 0.7746 0.0019 -0.6324
vn 0.7746 0.0019 -0.6324
vn 0.1604 0.0019 0.987
vn 0.1604 0.0019 0.987
vn 0.062 0.6378 0.7677
vn 0.062 0.6378 0.7677
vn -0.062 0.6378 0.7677
vn -0.062 0.6378 0.7677
vn 0.5555 0.6378 -0.5336
vn 0.5555 0.6378 -0.5336
vn 0.6339 0.6378 -0.4375
vn 0.6339 0.6378 -0.4375
vn -0.3019 0.6378 0.7086
vn -0.3019 0.6378 0.7086
vn -0.1843 0.6377 0.7479
vn -0.1843 0.6377 0.7479
vn 0.5107 0.6378 0.5765
vn 0.5107 0.6378 0.5765
vn 0.4117 0.6378 0.651
vn 0.4117 0.6378 0.651
vn 0.3019 0.6378 0.7086
vn 0.3019 0.6378 0.7086
vn 0.1843 0.6378 0.7478
vn 0.1843 0.6378 0.7478
vn -0.2439 0.6378 -0.7306
vn -0.2439 0.6378 -0.7306
vn -0.3579 0.6378 -0.682
vn -0.3579 0.6378 -0.682
vn 0.5966 0.6378 0.4871
vn 0.5966 0.6378 0.4871
vn -0.6339 0.6377 -0.4376
vn -0.6339 0.6377 -0.4376
vn -0.6959 0.6378 -0.3302
vn -0.6959 0.6378 -0.3302
vn 0.4627 0.6378 -0.6157
vn 0.4627 0.6378 -0.6157
vn -0.7646 0.6377 -0.0928
vn -0.7646 0.6377 -0.0928
vn -0.7696 0.6377 0.031
vn -0.7696 0.6377 0.031
vn -0.667 0.6378 0.3851
vn -0.667 0.6378 0.3851
vn -0.5966 0.6378 0.4871
vn -0.5966 0.6378 0.4871
vn 0.7546 0.6378 0.1541
vn 0.7546 0.6378 0.1541
vn 0.7202 0.6378 0.2731
vn 0.7202 0.6378 0.2731
vn -0.5108 0.6378 0.5765
vn -0.5108 0.6378 0.5765
vn -0.7398 0.6377 -0.2143
vn -0.7398 0.6377 -0.2143
vn 0.7696 0.6378 0.031
vn 0.7696 0.6378 0.031
vn 0.6958 0.6378 -0.3302
vn 0.6958 0.6378 -0.3302
vn -0.4117 0.6378 0.651
vn -0.4117 0.6378 0.651
vn 0.667 0.6378 0.3851
vn 0.667 0.6378 0.3851
vn -0.4627 0.6378 -0.6158
vn -0.4627 0.6378 -0.6158
vn -0.5555 0.6377 -0.5336
vn -0.5555 0.6377 -0.5336
vn -0.1236 0.6378 -0.7603
vn -0.1236 0.6378 -0.7603
vn -0.392 0 -0.92
vn -0.392 0 -0.92
vn -0.2393 0 -0.9709
vn -0.2393 0 -0.9709
vn -0.9034 0 0.4287
vn -0.9034 0 0.4287
vn -0.9605 0 0.2782
vn -0.9605 0 0.2782
vn -0.1604 0 0.9871
vn -0.1604 0 0.9871
vn 0 0 1
vn 0 0 1
vn -0.3167 0 0.9485
vn -0.3167 0 0.9485
vn 0.5345 0 -0.8452
vn 0.5345 0 -0.8452
vn 0.392 0 -0.92
vn 0.392 0 -0.92
vn 0.1604 0 0.9871
vn 0.1604 0 0.9871
vn 0.3167 0 0.9485
vn 0.3167 0 0.9485
vn -0.4647 0 0.8855
vn -0.4647 0 0.8855
vn -0.6007 0 0.7995
vn -0.6007 0 0.7995
vn 0.4647 0 0.8855
vn 0.4647 0 0.8855
vn 0.935 -0 -0.3546
vn 0.935 -0 -0.3546
vn 0.866 -0 -0.5
vn 0.866 -0 -0.5
vn 0.7746 -0 -0.6324
vn 0.7746 -0 -0.6324
vn 0.6631 -0 -0.7485
vn 0.6631 -0 -0.7485
vn 0.9035 0 0.4287
vn 0.9035 0 0.4287
vn 0.9605 0 0.2782
vn 0.9605 0 0.2782
vn -0.0805 0 -0.9968
vn -0.0805 0 -0.9968
vn 0.0805 0 -0.9968
vn 0.0805 0 -0.9968
vn -0.7212 -0 0.6927
vn -0.7212 -0 0.6927
vn -0.823 -0 0.5681
vn -0.823 -0 0.5681
vn -0.9927 0 0.1205
vn -0.9927 0 0.1205
vn 0.9798 -0 -0.2
vn 0.9798 -0 -0.2
vn 0.9927 0 0.1205
vn 0.9927 0 0.1205
vn 0.9992 0 -0.0403
vn 0.9992 0 -0.0403
vn 0.823 0 0.5681
vn 0.823 0 0.5681
vn 0.6007 0 0.7994
vn 0.6007 0 0.7994
vn 0.7212 0 0.6927
vn 0.7212 0 0.6927
vn 0.2393 0 -0.9709
vn 0.2393 0 -0.9709
vn -0.9992 -0 -0.0403
vn -0.9992 -0 -0.0403
vn -0.9798 0 -0.2
vn -0.9798 0 -0.2
vn -0.935 0 -0.3546
vn -0.935 0 -0.3546
vn -0.866 0 -0.5
vn -0.866 0 -0.5
vn -0.7746 0 -0.6325
vn -0.7746 0 -0.6325
vn -0.6631 0 -0.7485
vn -0.6631 0 -0.7485
vn -0.5345 0 -0.8452
vn -0.5345 0 -0.8452
vn 0 1 0
vn 0 1 0
vn 0 1 0
vn 0 1 0
vn 0 1 0
vn 0 1 0
vn 0 1 0
vn 0 1 0
vn 0 1 0
vn 0 1 0
vn 0 1 0
vn 0 1 0
vn 0 1 0
vn 0 1 0
vn 0 1 0
vn 0 1 0
vn 0 1 0
vn 0 1 0
vn 0 1 0
vn 0 1 0
vn 0 1 0
vn 0 1 0
vn 0 1 0
vn 0 1 0
vn 0 1 0
vn 0 1 0
vn 0 1 0
vn 0 1 0
vn 0 1 0
vn 0 1 0
vn 0 1 0
vn 0 1 0
vn 0 1 0
vn 0 1 0
vn 0 1 0
vn 0 1 0
vn 0 1 0
vn 0 1 0
vn 0 1 0
vn 0 1 0
vn 0.3044 -0.9455 -0.1155
vn 0.5363 -0.8191 -0.2034
vn 0.4968 -0.8191 -0.2868
vn 0.282 -0.9455 -0.1628
vn 0.1956 -0.9455 0.2603
vn 0.3446 -0.8191 0.4586
vn 0.4137 -0.8191 0.3974
vn 0.2348 -0.9455 0.2255
vn 0.0627 0.6272 -0.7763
vn 0.0757 0.3401 -0.9373
vn -0.0757 0.3401 -0.9373
vn -0.0627 0.6272 -0.7763
vn -0.1989 0.8616 -0.4669
vn -0.2272 0.8149 -0.5332
vn -0.1387 0.8149 -0.5627
vn -0.1215 0.8616 -0.4928
vn 0.1031 -0.9455 0.3088
vn 0.1816 -0.8191 0.5441
vn 0.2666 -0.8191 0.5079
vn 0.1513 -0.9455 0.2883
vn 0.2041 -0.5219 -0.8282
vn 0.1373 -0.8191 -0.5569
vn 0.2248 -0.8191 -0.5277
vn 0.3343 -0.5219 -0.7847
vn -0.5124 -0.5219 0.6819
vn -0.3446 -0.8191 0.4586
vn -0.4137 -0.8191 0.3973
vn -0.6152 -0.5219 0.5909
vn 0.0775 -0.2676 -0.9604
vn 0.0804 0.0327 -0.9962
vn 0.2392 0.0328 -0.9704
vn 0.2306 -0.2676 -0.9355
vn -0.1603 0.0327 0.9865
vn -0.1546 -0.2676 0.951
vn -0 -0.2676 0.9635
vn 0 0.0327 0.9995
vn 0.2466 0.6272 0.7388
vn 0.1712 0.8413 0.5127
vn 0.0867 0.8413 0.5335
vn 0.1249 0.6272 0.7688
vn -0.8892 0.3783 0.2576
vn -0.7043 0.68 0.204
vn -0.6624 0.68 0.3143
vn -0.8363 0.3783 0.3968
vn 0.4679 0.6272 0.6226
vn 0.5649 0.3401 0.7518
vn 0.6782 0.3401 0.6514
vn 0.5617 0.6272 0.5395
vn -0.0361 0.8936 -0.4474
vn -0.0321 0.9167 -0.3982
vn -0.0956 0.9167 -0.3879
vn -0.1074 0.8936 -0.4358
vn 0.0779 -0.9455 -0.3161
vn 0.0462 -0.8191 -0.5717
vn 0.0262 -0.9455 -0.3245
vn -0.2348 -0.9455 0.2255
vn -0.1956 -0.9455 0.2603
vn -0.174 -0.9455 -0.2752
vn -0.3066 -0.8191 -0.4848
vn -0.3804 -0.8192 -0.4293
vn -0.2159 -0.9455 -0.2437
vn 0.4721 -0.8191 0.3258
vn 0.2679 -0.9455 0.185
vn -0 0.9167 0.3995
vn 0 0.8936 0.4488
vn -0.072 0.8936 0.443
vn -0.0641 0.9167 0.3943
vn 0.586 -0.468 -0.6615
vn 0.6389 -0.2676 -0.7212
vn 0.7464 -0.2676 -0.6094
vn 0.6846 -0.468 -0.5589
vn -0.4396 0.8616 -0.2538
vn -0.5019 0.8149 -0.2898
vn -0.4489 0.8149 -0.3665
vn -0.3932 0.8616 -0.321
vn -0.2215 0.3783 -0.8988
vn -0.1755 0.68 -0.7119
vn -0.2874 0.68 -0.6746
vn -0.3628 0.3783 -0.8516
vn -0.8017 0.3783 -0.4629
vn -0.635 0.68 -0.3666
vn -0.6856 0.68 -0.26
vn -0.8655 0.3783 -0.3283
vn -0.3098 0.8149 -0.4898
vn -0.3919 0.68 -0.6197
vn -0.013 -0.9868 -0.1614
vn -0.0262 -0.9455 -0.3245
vn -0.0779 -0.9455 -0.3161
vn -0.0388 -0.9868 -0.1572
vn 0.1403 -0.9868 -0.081
vn 0.2522 -0.9455 -0.2059
vn 0.1254 -0.9868 -0.1024
vn 0.3051 -0.2676 0.9139
vn 0.3165 0.0327 0.948
vn 0.1603 0.0327 0.9865
vn 0.1546 -0.2676 0.951
vn -0.1463 -0.9868 0.0694
vn -0.2942 -0.9455 0.1396
vn -0.2679 -0.9455 0.185
vn -0.1333 -0.9868 0.092
vn -0.1618 -0.9868 -0.0065
vn -0.3253 -0.9455 -0.0131
vn -0.3232 -0.9455 0.0392
vn -0.1608 -0.9868 0.0195
vn -0.1255 -0.9868 -0.1024
vn -0.2522 -0.9455 -0.2059
vn -0.282 -0.9455 -0.1628
vn -0.1402 -0.9868 -0.081
vn -0.236 0.1653 -0.9576
vn -0.2392 0.0327 -0.9704
vn -0.3918 0.0327 -0.9195
vn -0.3866 0.1653 -0.9073
vn 0.0745 0.3783 -0.9227
vn 0.059 0.68 -0.7308
vn -0.059 0.68 -0.7308
vn -0.0745 0.3783 -0.9227
vn -0.3482 0.8149 0.4633
vn -0.3049 0.8616 0.4058
vn -0.2359 0.8616 0.4494
vn -0.2693 0.8149 0.5132
vn 0.3049 0.8616 0.4058
vn 0.3482 0.8149 0.4633
vn 0.2693 0.8149 0.5132
vn 0.2359 0.8616 0.4494
vn -0.4973 0.8616 -0.1015
vn -0.4398 0.8936 -0.0898
vn -0.4485 0.8936 -0.0181
vn -0.5071 0.8616 -0.0204
vn -0.0408 0.8616 -0.5059
vn -0.3127 -0.9455 0.0906
vn -0.551 -0.8191 0.1596
vn -0.5182 -0.8191 0.2459
vn 0.319 -0.9455 -0.0651
vn 0.562 -0.8191 -0.1147
vn -0.0462 -0.8191 -0.5717
vn 0.1566 0.9167 -0.3675
vn 0.1624 0.9102 -0.3811
vn 0.0991 0.9102 -0.4022
vn 0.0956 0.9167 -0.3879
vn -0.1294 0.8413 -0.5248
vn -0.0991 0.9102 -0.4022
vn -0.0333 0.9102 -0.4129
vn -0.0435 0.8413 -0.5388
vn 0 -0.5219 0.853
vn 0 -0.0691 0.9976
vn 0.16 -0.0691 0.9847
vn 0.1368 -0.5219 0.842
vn 0.0408 0.8616 -0.5059
vn 0.0361 0.8936 -0.4474
vn 0.8263 -0.468 -0.3134
vn 0.9009 -0.2676 -0.3417
vn 0.944 -0.2676 -0.1927
vn 0.8659 -0.468 -0.1768
vn -0.0794 0.1653 -0.983
vn -0.225 0.3401 -0.9131
vn 0.4636 -0.0691 0.8833
vn 0.4302 0.3783 0.8197
vn 0.5561 0.3783 0.74
vn 0.5993 -0.0691 0.7975
vn -0.1556 -0.9868 0.0451
vn -0.1276 -0.9455 -0.2995
vn -0.0635 -0.9868 -0.149
vn -0.3044 -0.9455 -0.1154
vn -0.1514 -0.9868 -0.0574
vn 0.0635 -0.9868 -0.149
vn 0.1276 -0.9455 -0.2995
vn 0.0388 -0.9868 -0.1572
vn 0.1514 -0.9868 -0.0574
vn -0.7742 0.0327 -0.6321
vn -0.7463 -0.2676 -0.6094
vn -0.8344 -0.2676 -0.4818
vn -0.8656 0.0327 -0.4997
vn 0.013 -0.9868 -0.1614
vn 0 0.3783 0.9257
vn 0.1485 0.3783 0.9137
vn -0.7195 -0.0691 0.6911
vn -0.6676 0.3783 0.6413
vn -0.5561 0.3783 0.74
vn -0.5993 -0.0691 0.7975
vn -0.0711 -0.468 -0.8809
vn -0.0775 -0.2676 -0.9604
vn 0.0711 -0.468 -0.8809
vn -0.0056 -0.9994 0.0345
vn 0 -0.9994 0.0349
vn -0 -1 0
vn 0 -0.9975 0.0708
vn 0.0114 -0.9975 0.0698
vn 0.0056 -0.9994 0.0345
vn 0.0224 -0.9975 0.0671
vn 0.0111 -0.9994 0.0331
vn -0.0224 -0.9975 0.0671
vn -0.0111 -0.9994 0.0331
vn -0.0162 -0.9994 0.0309
vn -0.0329 -0.9975 0.0627
vn 0.0625 -0.9955 -0.0705
vn 0.0469 -0.9975 -0.053
vn 0.0548 -0.9975 -0.0448
vn 0.073 -0.9955 -0.0596
vn -0.0582 -0.9975 0.0402
vn -0.0287 -0.9994 0.0198
vn -0.0315 -0.9994 0.015
vn -0.0639 -0.9975 0.0303
vn 0 -0.9955 0.0942
vn 0.0151 -0.9955 0.093
vn 0.0298 -0.9955 0.0894
vn 0.0438 -0.9955 0.0834
vn 0.0329 -0.9975 0.0627
vn 0.0162 -0.9994 0.0309
vn 0.0425 -0.9975 0.0566
vn 0.021 -0.9994 0.0279
vn -0.021 -0.9994 0.0279
vn 0.0504 -0.9955 -0.0796
vn 0.0378 -0.9975 -0.0598
vn -0.051 -0.9975 0.049
vn -0.0252 -0.9994 0.0242
vn -0.0504 -0.9955 -0.0797
vn -0.0378 -0.9975 -0.0598
vn -0.0277 -0.9975 -0.0651
vn -0.0369 -0.9955 -0.0867
vn -0.0707 -0.9975 -0.0028
vn -0.0349 -0.9994 -0.0014
vn -0.0342 -0.9994 -0.007
vn -0.0693 -0.9975 -0.0142
vn -0.0076 -0.9955 -0.0939
vn -0.0057 -0.9975 -0.0705
vn 0.0057 -0.9975 -0.0705
vn 0.0076 -0.9955 -0.0939
vn 0.051 -0.9975 0.049
vn 0.0252 -0.9994 0.0242
vn 0.0923 -0.9955 -0.0188
vn 0.0693 -0.9975 -0.0142
vn 0.0707 -0.9975 -0.0029
vn 0.0942 -0.9955 -0.0038
vn -0.0702 -0.9975 0.0085
vn -0.0347 -0.9994 0.0042
vn -0.0335 -0.9994 0.0097
vn -0.0881 -0.9955 -0.0334
vn -0.0662 -0.9975 -0.0251
vn -0.0613 -0.9975 -0.0354
vn -0.0816 -0.9955 -0.0471
vn -0.0469 -0.9975 -0.053
vn -0.0232 -0.9994 -0.0261
vn -0.0187 -0.9994 -0.0295
vn 0.0702 -0.9975 0.0085
vn 0.0936 -0.9955 0.0114
vn 0.0613 -0.9975 -0.0354
vn 0.0302 -0.9994 -0.0175
vn 0.0326 -0.9994 -0.0124
vn 0.0662 -0.9975 -0.0251
vn 0.0226 -0.9955 -0.0915
vn 0.0169 -0.9975 -0.0687
vn 0.0277 -0.9975 -0.0651
vn 0.0369 -0.9955 -0.0867
vn -0.0298 -0.9955 0.0894
vn -0.0438 -0.9955 0.0834
vn 0.0342 -0.9994 -0.007
vn -0.0326 -0.9994 -0.0124
vn -0.0114 -0.9975 0.0698
vn -0.0151 -0.9955 0.093
vn -0.068 -0.9975 0.0197
vn -0.0302 -0.9994 -0.0175
vn -0.0936 -0.9955 0.0114
vn -0.0942 -0.9955 -0.0038
vn 0.0639 -0.9975 0.0303
vn 0.0315 -0.9994 0.015
vn 0.0287 -0.9994 0.0198
vn 0.0582 -0.9975 0.0402
vn -0.027 -0.9994 -0.0221
vn 0.0851 -0.9955 0.0404
vn 0.0776 -0.9955 0.0535
vn 0.0232 -0.9994 -0.0261
vn 0.027 -0.9994 -0.0221
vn 0.0816 -0.9955 -0.0471
vn 0.0187 -0.9994 -0.0295
vn 0.0137 -0.9994 -0.0321
vn -0.0137 -0.9994 -0.0321
vn -0.0923 -0.9955 -0.0189
vn 0.0347 -0.9994 0.0042
vn 0.0335 -0.9994 0.0097
vn 0.068 -0.9975 0.0197
vn -0.0084 -0.9994 -0.0339
vn -0.068 -0.9955 0.0653
vn -0.0776 -0.9955 0.0535
vn -0.0425 -0.9975 0.0566
vn -0.0028 -0.9994 -0.0348
vn 0.068 -0.9955 0.0653
vn 0.0349 -0.9994 -0.0014
vn 0.0028 -0.9994 -0.0348
vn -0.0226 -0.9955 -0.0915
vn -0.0169 -0.9975 -0.0687
vn 0.0084 -0.9994 -0.0339
vn -0.0548 -0.9975 -0.0447
vn -0.073 -0.9955 -0.0596
vn 0.0881 -0.9955 -0.0334
vn -0.0625 -0.9955 -0.0705
vn -0.0905 -0.9955 0.0262
vn -0.0566 -0.9955 0.0753
vn -0.0851 -0.9955 0.0404
vn 0.0905 -0.9955 0.0262
vn 0.0566 -0.9955 0.0753
vn 0.1168 -0.9868 0.1122
vn 0.1333 -0.9868 0.092
vn -0.0866 -0.9868 -0.1369
vn -0.1074 -0.9868 -0.1212
vn -0.026 -0.9868 0.1598
vn 0.0005 -0.9868 0.162
vn -0.0513 -0.9868 0.1536
vn -0.1168 -0.9868 0.1122
vn -0.319 -0.9455 -0.0651
vn -0.1587 -0.9868 -0.0324
vn -0.0973 -0.9868 0.1295
vn 0.1463 -0.9868 0.0694
vn 0.2942 -0.9455 0.1396
vn 0.3127 -0.9455 0.0906
vn 0.1556 -0.9868 0.0451
vn 0.0866 -0.9868 -0.1369
vn 0.174 -0.9455 -0.2752
vn 0.3232 -0.9455 0.0392
vn 0.5694 -0.8191 0.0691
vn 0.5731 -0.8191 -0.0231
vn 0.3253 -0.9455 -0.0131
vn 0.4443 -0.8191 -0.3628
vn 0.3804 -0.8191 -0.4293
vn 0.2159 -0.9455 -0.2437
vn -0.4443 -0.8191 -0.3628
vn -0.4968 -0.8191 -0.2868
vn -0.8468 -0.5219 0.1028
vn -0.5694 -0.8191 0.0691
vn -0.5731 -0.8191 -0.0231
vn -0.8523 -0.5219 -0.0343
vn -0.7976 -0.5219 -0.3025
vn -0.5363 -0.8191 -0.2034
vn -0.7387 -0.5219 -0.4265
vn -0.1816 -0.8191 0.5441
vn -0.2701 -0.5219 0.8091
vn -0.1368 -0.5219 0.842
vn -0.092 -0.8191 0.5662
vn -0.8193 -0.5219 0.2373
vn 0.5656 -0.5219 -0.6385
vn 0.6607 -0.5219 -0.5395
vn -0.3964 -0.5219 0.7553
vn -0.4636 -0.0691 0.8833
vn -0.3159 -0.0691 0.9463
vn -0.16 -0.0691 0.9847
vn -0.6615 -0.0691 -0.7467
vn -0.5656 -0.5219 -0.6385
vn -0.4559 -0.5219 -0.7209
vn -0.5332 -0.0691 -0.8432
vn 0.9013 -0.069 0.4277
vn 0.8363 0.3783 0.3968
vn 0.8892 0.3782 0.2576
vn 0.9582 -0.0691 0.2776
vn 0.7728 -0.0691 -0.6309
vn 0.7171 0.3783 -0.5855
vn 0.6139 0.3783 -0.6929
vn 0.6615 -0.0691 -0.7467
vn 0.864 -0.0691 -0.4988
vn 0.7387 -0.5219 -0.4265
vn 0.7976 -0.5219 -0.3025
vn 0.9328 -0.0691 -0.3538
vn -0.6139 0.3783 -0.6929
vn -0.7171 0.3783 -0.5855
vn -0.7728 -0.0691 -0.6309
vn -0.7706 -0.5219 0.3657
vn -0.9013 -0.069 0.4277
vn -0.9582 -0.0691 0.2776
vn 0.8358 -0.5219 -0.1706
vn -0.0522 -0.9455 0.3214
vn 0 -0.9455 0.3256
vn 0.1074 -0.9868 -0.1212
vn 0.026 -0.9868 0.1599
vn 0.1608 -0.9868 0.0195
vn 0.1618 -0.9868 -0.0065
vn 0 -0.8191 0.5736
vn -0.562 -0.8191 -0.1147
vn -0.0753 -0.9868 0.1434
vn 0.0513 -0.9868 0.1536
vn 0.0753 -0.9868 0.1434
vn -0.472 -0.8191 0.3258
vn 0.0973 -0.9868 0.1295
vn -0.1373 -0.8191 -0.5569
vn -0.2248 -0.8191 -0.5277
vn -0.1031 -0.9455 0.3088
vn -0.1513 -0.9455 0.2883
vn -0.2666 -0.8191 0.5079
vn 0.3066 -0.8191 -0.4848
vn 0.5182 -0.8191 0.2459
vn 0.551 -0.8191 0.1596
vn 0.1587 -0.9868 -0.0324
vn 0.0522 -0.9455 0.3214
vn 0.092 -0.8191 0.5662
vn 0.2701 -0.5219 0.8091
vn 0.3964 -0.5219 0.7553
vn -0.0686 -0.5219 -0.8502
vn 0.0686 -0.5219 -0.8502
vn 0.391 -0.0691 -0.9178
vn 0.4559 -0.5219 -0.7209
vn 0.5332 -0.0691 -0.8432
vn -0.9775 -0.0691 -0.1995
vn -0.8358 -0.5219 -0.1706
vn -0.9328 -0.0691 -0.3538
vn 0.5124 -0.5219 0.6819
vn -0.3343 -0.5219 -0.7847
vn -0.391 -0.0691 -0.9178
vn -0.6607 -0.5219 -0.5395
vn 0.7195 -0.0691 0.6911
vn 0.6152 -0.5219 0.5909
vn 0.8193 -0.5219 0.2373
vn 0.7706 -0.5219 0.3657
vn 0.9775 -0.0691 -0.1995
vn 0.8523 -0.5219 -0.0343
vn 0.9968 -0.0691 -0.0402
vn 0.9903 -0.0691 0.1203
vn 0.8468 -0.5219 0.1028
vn 0.3159 -0.0691 0.9463
vn -0.9903 -0.0691 0.1203
vn -0.2041 -0.5219 -0.8282
vn -0.9968 -0.0691 -0.0402
vn 0.702 -0.5219 0.4846
vn 0.2387 -0.0691 -0.9686
vn -0.702 -0.5219 0.4846
vn -0.821 -0.069 0.5667
vn -0.2387 -0.0691 -0.9686
vn -0.0803 -0.0691 -0.9944
vn 0.821 -0.069 0.5667
vn 0.0803 -0.0691 -0.9944
vn -0.864 -0.0691 -0.4988
vn -0.907 0.3783 -0.1852
vn -0.9249 0.3783 -0.0373
vn 0.6676 0.3783 0.6413
vn 0.925 0.3783 -0.0373
vn 0.907 0.3783 -0.1852
vn 0.8655 0.3783 -0.3283
vn 0.8017 0.3783 -0.4629
vn 0.2931 0.3783 0.8781
vn -0.4948 0.3783 -0.7824
vn -0.1176 0.68 0.7237
vn -0.1485 0.3783 0.9137
vn -0.2931 0.3783 0.8781
vn -0.2322 0.68 0.6955
vn 0.919 0.3782 0.1116
vn -0.9189 0.3783 0.1116
vn -0.7279 0.68 0.0884
vn -0.4302 0.3783 0.8197
vn 0.6856 0.68 -0.26
vn 0.635 0.68 -0.3666
vn 0.7184 0.68 -0.1467
vn -0.6034 0.68 0.4165
vn -0.7618 0.3783 0.5259
vn 0.4862 0.68 -0.5488
vn 0.3919 0.68 -0.6197
vn 0.4948 0.3782 -0.7824
vn 0.7618 0.3783 0.5259
vn 0.6034 0.68 0.4165
vn 0.6624 0.68 0.3143
vn -0.4862 0.68 -0.5488
vn -0.568 0.68 -0.4637
vn 0.7043 0.68 0.204
vn 0.1176 0.68 0.7237
vn 0.2322 0.68 0.6955
vn 0.2215 0.3783 -0.8988
vn 0.568 0.68 -0.4637
vn 0.3628 0.3783 -0.8516
vn -0.5288 0.68 0.5079
vn -0.4405 0.68 0.5862
vn -0.3407 0.68 0.6492
vn 0.2874 0.68 -0.6745
vn 0.1755 0.68 -0.7119
vn -0.7184 0.68 -0.1467
vn -0.7326 0.68 -0.0295
vn 0.3407 0.68 0.6492
vn 0.4405 0.68 0.5862
vn 0.7326 0.68 -0.0295
vn 0.7279 0.68 0.0884
vn 0.5288 0.68 0.5079
vn 0 0.68 0.7332
vn -0.0466 0.8149 -0.5777
vn 0.1835 0.8149 0.5497
vn 0.5753 0.8149 0.0699
vn 0.5567 0.8149 0.1612
vn -0.3843 0.8149 -0.4338
vn 0.418 0.8149 0.4015
vn 0.0466 0.8149 -0.5777
vn 0.1387 0.8149 -0.5627
vn 0.1215 0.8616 -0.4928
vn 0.4396 0.8616 -0.2538
vn 0.5019 0.8149 -0.2898
vn 0.5419 0.8149 -0.2055
vn 0.4746 0.8616 -0.18
vn 0.5236 0.8149 0.2485
vn 0.4875 0.8616 0.1412
vn 0.4586 0.8616 0.2176
vn 0.3661 0.8616 0.3516
vn 0.5791 0.8149 -0.0233
vn -0.5679 0.8149 -0.1159
vn -0.5419 0.8149 -0.2055
vn -0.4746 0.8616 -0.18
vn 0.5678 0.8149 -0.1159
vn 0.4973 0.8616 -0.1015
vn 0.477 0.8149 0.3292
vn 0.4177 0.8616 0.2883
vn -0.5236 0.8149 0.2485
vn -0.5567 0.8149 0.1612
vn 0.5039 0.8616 0.0612
vn -0.4875 0.8616 0.1412
vn -0.5753 0.8149 0.0699
vn -0.5039 0.8616 0.0612
vn -0.477 0.8149 0.3292
vn -0.418 0.8149 0.4015
vn 0.2713 0.8616 -0.429
vn 0.3098 0.8149 -0.4898
vn 0.3843 0.8149 -0.4338
vn 0.3366 0.8616 -0.3799
vn 0.2272 0.8149 -0.5332
vn 0.1989 0.8616 -0.4669
vn -0.093 0.8149 0.5721
vn 0 0.8149 0.5796
vn 0.5071 0.8616 -0.0204
vn -0.1835 0.8149 0.5497
vn -0.2713 0.8616 -0.429
vn 0.093 0.8149 0.5721
vn 0.1607 0.8616 0.4814
vn -0.5791 0.8149 -0.0233
vn -0.3661 0.8616 0.3516
vn 0.4489 0.8149 -0.3665
vn -0.4177 0.8616 0.2883
vn -0.3366 0.8616 -0.3799
vn -0.4586 0.8616 0.2176
vn 0.3932 0.8616 -0.321
vn -0.1607 0.8616 0.4814
vn -0.0814 0.8616 0.501
vn 0 0.8616 0.5076
vn 0.0814 0.8616 0.501
vn 0.2696 0.8936 0.3588
vn 0.2086 0.8936 0.3974
vn 0.4055 0.8936 0.1924
vn 0.4311 0.8936 0.1249
vn 0.2399 0.8936 -0.3794
vn 0.1759 0.8936 -0.4129
vn -0.3477 0.8936 -0.2839
vn -0.3887 0.8936 -0.2244
vn -0.346 0.9167 -0.1998
vn -0.3736 0.9167 -0.1417
vn -0.4197 0.8936 -0.1592
vn -0.3694 0.8936 0.255
vn -0.3237 0.8936 0.3109
vn -0.2696 0.8936 0.3588
vn -0.24 0.9167 0.3194
vn -0.1857 0.9167 0.3538
vn -0.2086 0.8936 0.3974
vn 0.4398 0.8936 -0.0898
vn 0.3914 0.9167 -0.0799
vn 0.3736 0.9167 -0.1417
vn 0.4197 0.8936 -0.1592
vn -0.2399 0.8936 -0.3794
vn -0.2135 0.9167 -0.3377
vn -0.2649 0.9167 -0.299
vn -0.2976 0.8936 -0.336
vn -0.0665 0.9102 0.4089
vn -0.1265 0.9167 0.379
vn -0.1312 0.9102 0.3929
vn 0.1074 0.8936 -0.4358
vn 0.2135 0.9167 -0.3377
vn 0.2214 0.9102 -0.3501
vn 0.1421 0.8936 0.4257
vn -0.2881 0.9167 0.2768
vn -0.3288 0.9167 0.227
vn -0.3409 0.9102 0.2353
vn -0.2988 0.9102 0.287
vn -0.1421 0.8936 0.4257
vn 0.346 0.9167 -0.1998
vn 0.3887 0.8936 -0.2244
vn 0.3588 0.9102 -0.2071
vn 0.3209 0.9102 -0.262
vn 0.3095 0.9167 -0.2527
vn 0.1857 0.9167 0.3538
vn 0.24 0.9167 0.3194
vn -0.2747 0.9102 -0.3101
vn -0.3209 0.9102 -0.262
vn -0.3095 0.9167 -0.2527
vn 0.3237 0.8936 0.3109
vn 0.3694 0.8936 0.255
vn -0.3588 0.9102 -0.2071
vn -0.3873 0.9102 -0.1469
vn -0.3914 0.9167 -0.0799
vn 0.2881 0.9167 0.2768
vn 0.2988 0.9102 0.287
vn 0.3409 0.9102 0.2353
vn 0.3288 0.9167 0.227
vn -0.4456 0.8936 0.0541
vn -0.3966 0.9167 0.0482
vn -0.3837 0.9167 0.1112
vn -0.4311 0.8936 0.1249
vn 0.3966 0.9167 0.0482
vn 0.4112 0.9102 0.0499
vn 0.4139 0.9102 -0.0167
vn 0.3992 0.9167 -0.0161
vn 0.4456 0.8936 0.0541
vn 0.4485 0.8936 -0.0181
vn -0.4059 0.9102 -0.0829
vn 0.072 0.8936 0.443
vn 0.0641 0.9167 0.3943
vn 0.1265 0.9167 0.379
vn -0.1925 0.9102 0.3668
vn -0.4055 0.8936 0.1924
vn -0.1759 0.8936 -0.4129
vn -0.1566 0.9167 -0.3675
vn -0.2214 0.9102 -0.3501
vn -0.2489 0.9102 0.3312
vn -0 0.9102 0.4143
vn -0.3609 0.9167 0.1713
vn 0.0321 0.9167 -0.3982
vn 0.0333 0.9102 -0.4129
vn 0.3743 0.9102 0.1776
vn 0.3609 0.9167 0.1713
vn 0.2976 0.8936 -0.336
vn -0.3979 0.9102 0.1153
vn -0.3743 0.9102 0.1776
vn 0.4059 0.9102 -0.0829
vn 0.3873 0.9102 -0.1469
vn 0.3477 0.8936 -0.2839
vn 0.2649 0.9167 -0.299
vn 0.3837 0.9167 0.1112
vn 0.2747 0.9102 -0.3101
vn -0.1624 0.9102 -0.3811
vn 0.1312 0.9102 0.3929
vn 0.1925 0.9102 0.3668
vn -0.3992 0.9167 -0.0161
vn -0.4139 0.9102 -0.0167
vn -0.4112 0.9102 0.0499
vn 0.5054 0.8413 -0.1917
vn 0.5296 0.8413 -0.1081
vn -0.5192 0.8413 0.1504
vn -0.4883 0.8413 0.2317
vn -0.5296 0.8413 -0.1081
vn -0.5054 0.8413 -0.1917
vn 0.2889 0.8413 -0.4568
vn 0.3584 0.8413 -0.4046
vn 0.5401 0.8413 -0.0218
vn 0.5366 0.8413 0.0652
vn 0.4448 0.8413 0.3071
vn 0.3898 0.8413 0.3744
vn 0.3247 0.8413 0.4321
vn 0.2512 0.8413 0.4786
vn 0.3619 0.6272 0.6896
vn -0.4681 0.8413 -0.2703
vn -0.4187 0.8413 -0.3419
vn 0.4163 0.6272 -0.6583
vn 0.5165 0.6272 -0.583
vn -0.7282 0.6272 -0.2762
vn -0.7631 0.6272 -0.1558
vn 0.0665 0.9102 0.4089
vn -0.3898 0.8413 0.3744
vn -0.5617 0.6272 0.5395
vn -0.4679 0.6272 0.6226
vn -0.3247 0.8413 0.4321
vn 0.4187 0.8413 -0.3419
vn -0.5401 0.8413 -0.0218
vn 0.0435 0.8413 -0.5388
vn 0.1294 0.8413 -0.5248
vn 0.1864 0.6272 -0.7562
vn -0.1712 0.8413 0.5127
vn -0.2512 0.8413 0.4786
vn -0.7782 0.6272 -0.0314
vn -0.7732 0.6272 0.0939
vn -0.5366 0.8413 0.0652
vn 0.4883 0.8413 0.2317
vn 0.6033 0.6272 -0.4926
vn 0.4681 0.8413 -0.2703
vn 0.6745 0.6272 -0.3894
vn 0.2119 0.8413 -0.4973
vn 0.3053 0.6272 -0.7165
vn -0.2119 0.8413 -0.4973
vn -0.6745 0.6272 -0.3894
vn -0.2889 0.8413 -0.4568
vn -0.1249 0.6272 0.7688
vn -0.0867 0.8413 0.5335
vn -0.2466 0.6272 0.7388
vn -0.3584 0.8413 -0.4046
vn -0.7036 0.6272 0.3339
vn -0.641 0.6272 0.4424
vn -0.4448 0.8413 0.3071
vn 0 0.6272 0.7788
vn 0 0.8413 0.5405
vn -0.3619 0.6272 0.6896
vn -0.7481 0.6272 0.2167
vn 0.7732 0.6272 0.0939
vn 0.5192 0.8413 0.1504
vn 0.7481 0.6272 0.2167
vn -0.4163 0.6272 -0.6583
vn -0.3053 0.6272 -0.7165
vn 0.7282 0.6272 -0.2762
vn 0.641 0.6272 0.4424
vn 0.2489 0.9102 0.3312
vn -0.5165 0.6272 -0.583
vn -0.6033 0.6272 -0.4926
vn -0.6782 0.3401 0.6514
vn -0.5649 0.3401 0.7518
vn 0.7036 0.6272 0.3339
vn 0.8496 0.3401 0.4031
vn 0.9033 0.3401 0.2616
vn 0.8793 0.3401 -0.3335
vn 0.8144 0.3401 -0.4702
vn -0.1864 0.6272 -0.7562
vn -0.3686 0.3401 -0.8651
vn 0.9335 0.3401 0.1134
vn 0.9791 0.1653 0.1189
vn 0.9854 0.1653 -0.0397
vn 0.9396 0.3401 -0.0379
vn -0.437 0.3401 0.8327
vn 0.9473 0.1653 0.2744
vn -0.9396 0.3401 -0.0379
vn -0.9854 0.1653 -0.0397
vn -0.9791 0.1653 0.1189
vn -0.9335 0.3401 0.1134
vn 0.6236 0.3401 -0.7039
vn 0.654 0.1653 -0.7382
vn 0.5271 0.1653 -0.8336
vn 0.5026 0.3401 -0.7948
vn -0.7208 0.0327 0.6924
vn -0.7113 0.1653 0.6832
vn -0.8117 0.1653 0.5603
vn -0.8225 0.0327 0.5678
vn -0.9214 0.3401 -0.1881
vn -0.9663 0.1653 -0.1973
vn -0.891 0.1653 0.4228
vn -0.903 0.0327 0.4285
vn -0.9032 0.3401 0.2616
vn -0.9473 0.1653 0.2744
vn -0.96 0.0328 0.2781
vn 0.9663 0.1653 -0.1973
vn 0.9793 0.0327 -0.1999
vn 0.9345 0.0327 -0.3544
vn 0.9222 0.1653 -0.3497
vn 0.7631 0.6272 -0.1558
vn 0.9214 0.3401 -0.1881
vn 0.3123 0.1653 0.9355
vn 0.1582 0.1653 0.9735
vn -0.8793 0.3401 -0.3335
vn -0.5026 0.3401 -0.7948
vn -0.5271 0.1653 -0.8336
vn -0.654 0.1653 -0.7382
vn -0.6236 0.3401 -0.7039
vn -0.6628 0.0327 -0.7481
vn -0.7639 0.1653 -0.6238
vn 0.7782 0.6272 -0.0314
vn -0.7284 0.3401 -0.5947
vn -0.8541 0.1653 -0.4931
vn -0.8144 0.3401 -0.4702
vn -0.9987 0.0327 -0.0402
vn -0.9922 0.0327 0.1205
vn -0.5925 0.1653 0.7884
vn -0.4583 0.1653 0.8733
vn -0.9345 0.0327 -0.3544
vn -0.9222 0.1653 -0.3497
vn 0.7284 0.3401 -0.5947
vn 0.764 0.1653 -0.6237
vn -0.6004 0.0327 0.799
vn -0.4645 0.0327 0.885
vn 0.7739 0.3401 0.5342
vn -0.8496 0.3401 0.4031
vn -0.5342 0.0327 -0.8447
vn -0.2978 0.3401 0.892
vn 0.8541 0.1653 -0.4931
vn 0.96 0.0328 0.2781
vn 0.9922 0.0327 0.1205
vn 0.437 0.3401 0.8327
vn 0.4583 0.1653 0.8733
vn 0.5925 0.1653 0.7884
vn 0 0.1653 0.9862
vn -0.1582 0.1653 0.9735
vn 0.1508 0.3401 0.9282
vn 0 0.3401 0.9404
vn 0.2978 0.3401 0.892
vn -0.0804 0.0327 -0.9962
vn 0.4645 0.0327 0.885
vn 0.3686 0.3401 -0.8651
vn 0.225 0.3401 -0.9131
vn 0.236 0.1653 -0.9576
vn 0.0794 0.1653 -0.983
vn 0.6004 0.0327 0.799
vn 0.7208 0.0328 0.6924
vn 0.7113 0.1653 0.6832
vn 0.3866 0.1653 -0.9073
vn 0.3918 0.0328 -0.9195
vn -0.7739 0.3401 0.5342
vn 0.8656 0.0327 -0.4997
vn 0.7742 0.0327 -0.6321
vn -0.3123 0.1653 0.9355
vn 0.5342 0.0327 -0.8447
vn 0.6628 0.0327 -0.7481
vn -0.4478 -0.2676 0.8532
vn -0.5788 -0.2676 0.7703
vn 0.9255 -0.2676 0.2681
vn 0.903 0.0328 0.4285
vn 0.8705 -0.2676 0.4131
vn -0.9009 -0.2676 -0.3417
vn -0.1508 0.3401 0.9282
vn -0.9793 0.0327 -0.1999
vn 0.6949 -0.2676 0.6675
vn 0.5788 -0.2676 0.7703
vn -0.6949 -0.2676 0.6675
vn 0.8117 0.1653 0.5603
vn 0.8225 0.0328 0.5678
vn 0.891 0.1653 0.4228
vn -0.793 -0.2676 0.5474
vn 0.8344 -0.2676 -0.4818
vn -0.9565 -0.2676 0.1161
vn -0.8773 -0.468 0.1065
vn -0.8488 -0.468 0.2459
vn -0.9255 -0.2676 0.2681
vn -0.1418 -0.468 0.8723
vn -0 -0.468 0.8837
vn -0.9628 -0.2676 -0.0388
vn -0.883 -0.4679 -0.0356
vn -0.8659 -0.4679 -0.1768
vn -0.9441 -0.2676 -0.1927
vn -0.8263 -0.4679 -0.3134
vn -0.515 -0.2676 -0.8144
vn -0.4723 -0.468 -0.7469
vn -0.586 -0.468 -0.6615
vn -0.6388 -0.2681 -0.7211
vn 0.2799 -0.468 0.8383
vn 0.1418 -0.468 0.8723
vn 0.7654 -0.468 -0.4419
vn -0.2798 -0.468 0.8383
vn -0.3051 -0.2676 0.9139
vn -0.4107 -0.468 0.7825
vn 0.4723 -0.468 -0.7469
vn 0.515 -0.2676 -0.8144
vn -0.8705 -0.2676 0.4131
vn -0.3777 -0.2676 -0.8864
vn -0.3464 -0.468 -0.813
vn -0.5309 -0.468 0.7065
vn -0.6374 -0.468 0.6122
vn 0.9565 -0.2676 0.1161
vn -0.7273 -0.468 0.502
vn 0.5309 -0.468 0.7065
vn 0.4478 -0.2676 0.8532
vn 0.4107 -0.468 0.7825
vn 0.793 -0.2676 0.5473
vn -0.7654 -0.468 -0.4419
vn 0.9627 -0.2676 -0.0388
vn 0.9987 0.0327 -0.0402
vn 0.7984 -0.468 0.3788
vn 0.7273 -0.468 0.502
vn 0.883 -0.468 -0.0356
vn 0.8773 -0.468 0.1065
vn -0.7984 -0.468 0.3788
vn -0.6845 -0.468 -0.5589
vn 0.3464 -0.468 -0.813
vn 0.3777 -0.2676 -0.8864
vn -0.2115 -0.468 -0.8581
vn -0.2306 -0.2676 -0.9355
vn -0.3165 0.0327 0.948
vn 0.6373 -0.468 0.6122
vn 0.2115 -0.468 -0.8581
vn 0.8488 -0.468 0.2459
vn 0.3979 0.9102 0.1153
f 3/3/3 2/2/2 1/1/1
f 3/3/3 4/4/4 2/2/2
f 3/3/3 5/5/5 4/4/4
f 3/3/3 6/6/6 5/5/5
f 3/3/3 7/7/7 6/6/6
f 8/8/8 7/7/7 3/3/3
f 11/11/11 10/10/10 9/9/9
f 12/12/12 11/11/11 9/9/9
f 12/12/12 9/9/9 15/15/15
f 10/10/10 11/11/11 13/13/13
f 14/14/14 10/10/10 13/13/13
f 16/16/16 12/12/12 15/15/15
f 16/16/16 15/15/15 21/21/21
f 14/14/14 13/13/13 18/18/18
f 19/19/19 14/14/14 18/18/18
f 22/22/22 16/16/16 21/21/21
f 22/22/22 21/21/21 437/437/437
f 19/19/19 18/18/18 17/17/17
f 20/20/20 19/19/19 17/17/17
f 39/39/39 437/437/437 20/20/20
f 17/17/17 39/39/39 20/20/20
f 39/39/39 22/22/22 437/437/437
f 41/41/41 17/17/17 18/18/18
f 40/40/40 39/39/39 17/17/17
f 41/41/41 40/40/40 17/17/17
f 1913/1913/1913 22/22/22 39/39/39
f 40/40/40 1913/1913/1913 39/39/39
f 56/56/56 16/16/16 22/22/22
f 1913/1913/1913 56/56/56 22/22/22
f 57/57/57 12/12/12 16/16/16
f 56/56/56 57/57/57 16/16/16
f 47/47/47 11/11/11 12/12/12
f 57/57/57 47/47/47 12/12/12
f 46/46/46 13/13/13 11/11/11
f 47/47/47 46/46/46 11/11/11
f 75/75/75 18/18/18 13/13/13
f 46/46/46 75/75/75 13/13/13
f 75/75/75 41/41/41 18/18/18
f 77/77/77 46/46/46 47/47/47
f 76/76/76 75/75/75 46/46/46
f 77/77/77 76/76/76 46/46/46
f 82/82/82 41/41/41 75/75/75
f 76/76/76 82/82/82 75/75/75
f 1424/1424/1424 47/47/47 57/57/57
f 1424/1424/1424 77/77/77 47/47/47
f 58/58/58 57/57/57 56/56/56
f 58/58/58 1424/1424/1424 57/57/57
f 59/59/59 56/56/56 1913/1913/1913
f 59/59/59 58/58/58 56/56/56
f 107/107/107 1913/1913/1913 40/40/40
f 107/107/107 59/59/59 1913/1913/1913
f 81/81/81 40/40/40 41/41/41
f 81/81/81 107/107/107 40/40/40
f 82/82/82 81/81/81 41/41/41
f 109/109/109 59/59/59 107/107/107
f 108/108/108 107/107/107 81/81/81
f 108/108/108 109/109/109 107/107/107
f 89/89/89 81/81/81 82/82/82
f 89/89/89 108/108/108 81/81/81
f 1428/1428/1428 58/58/58 59/59/59
f 109/109/109 1428/1428/1428 59/59/59
f 1434/1434/1434 1424/1424/1424 58/58/58
f 1428/1428/1428 1434/1434/1434 58/58/58
f 84/84/84 77/77/77 1424/1424/1424
f 1434/1434/1434 84/84/84 1424/1424/1424
f 83/83/83 76/76/76 77/77/77
f 84/84/84 83/83/83 77/77/77
f 90/90/90 82/82/82 76/76/76
f 83/83/83 90/90/90 76/76/76
f 90/90/90 89/89/89 82/82/82
f 133/133/133 83/83/83 84/84/84
f 116/116/116 90/90/90 83/83/83
f 133/133/133 116/116/116 83/83/83
f 115/115/115 89/89/89 90/90/90
f 116/116/116 115/115/115 90/90/90
f 130/130/130 84/84/84 1434/1434/1434
f 130/130/130 133/133/133 84/84/84
f 129/129/129 1434/1434/1434 1428/1428/1428
f 129/129/129 130/130/130 1434/1434/1434
f 137/137/137 1428/1428/1428 109/109/109
f 137/137/137 129/129/129 1428/1428/1428
f 110/110/110 109/109/109 108/108/108
f 110/110/110 137/137/137 109/109/109
f 111/111/111 108/108/108 89/89/89
f 111/111/111 110/110/110 108/108/108
f 115/115/115 111/111/111 89/89/89
f 138/138/138 137/137/137 110/110/110
f 139/139/139 110/110/110 111/111/111
f 139/139/139 138/138/138 110/110/110
f 1299/1299/1299 111/111/111 115/115/115
f 1299/1299/1299 139/139/139 111/111/111
f 132/132/132 129/129/129 137/137/137
f 138/138/138 132/132/132 137/137/137
f 131/131/131 130/130/130 129/129/129
f 132/132/132 131/131/131 129/129/129
f 134/134/134 133/133/133 130/130/130
f 131/131/131 134/134/134 130/130/130
f 151/151/151 116/116/116 133/133/133
f 134/134/134 151/151/151 133/133/133
f 152/152/152 115/115/115 116/116/116
f 151/151/151 152/152/152 116/116/116
f 152/152/152 1299/1299/1299 115/115/115
f 154/154/154 151/151/151 134/134/134
f 153/153/153 152/152/152 151/151/151
f 154/154/154 153/153/153 151/151/151
f 1298/1298/1298 1299/1299/1299 152/152/152
f 153/153/153 1298/1298/1298 152/152/152
f 1333/1333/1333 134/134/134 131/131/131
f 1333/1333/1333 154/154/154 134/134/134
f 1308/1308/1308 131/131/131 132/132/132
f 1308/1308/1308 1333/1333/1333 131/131/131
f 176/176/176 132/132/132 138/138/138
f 176/176/176 1308/1308/1308 132/132/132
f 175/175/175 138/138/138 139/139/139
f 175/175/175 176/176/176 138/138/138
f 1300/1300/1300 139/139/139 1299/1299/1299
f 1300/1300/1300 175/175/175 139/139/139
f 1298/1298/1298 1300/1300/1300 1299/1299/1299
f 177/177/177 176/176/176 175/175/175
f 178/178/178 175/175/175 1300/1300/1300
f 178/178/178 177/177/177 175/175/175
f 219/219/219 1300/1300/1300 1298/1298/1298
f 219/219/219 178/178/178 1300/1300/1300
f 209/209/209 1308/1308/1308 176/176/176
f 177/177/177 209/209/209 176/176/176
f 210/210/210 1333/1333/1333 1308/1308/1308
f 209/209/209 210/210/210 1308/1308/1308
f 201/201/201 154/154/154 1333/1333/1333
f 210/210/210 201/201/201 1333/1333/1333
f 202/202/202 153/153/153 154/154/154
f 201/201/201 202/202/202 154/154/154
f 213/213/213 1298/1298/1298 153/153/153
f 202/202/202 213/213/213 153/153/153
f 213/213/213 219/219/219 1298/1298/1298
f 203/203/203 202/202/202 201/201/201
f 214/214/214 213/213/213 202/202/202
f 203/203/203 214/214/214 202/202/202
f 221/221/221 219/219/219 213/213/213
f 214/214/214 221/221/221 213/213/213
f 204/204/204 201/201/201 210/210/210
f 204/204/204 203/203/203 201/201/201
f 211/211/211 210/210/210 209/209/209
f 211/211/211 204/204/204 210/210/210
f 212/212/212 209/209/209 177/177/177
f 212/212/212 211/211/211 209/209/209
f 229/229/229 177/177/177 178/178/178
f 229/229/229 212/212/212 177/177/177
f 220/220/220 178/178/178 219/219/219
f 220/220/220 229/229/229 178/178/178
f 221/221/221 220/220/220 219/219/219
f 254/254/254 212/212/212 229/229/229
f 230/230/230 229/229/229 220/220/220
f 230/230/230 254/254/254 229/229/229
f 231/231/231 220/220/220 221/221/221
f 231/231/231 230/230/230 220/220/220
f 250/250/250 211/211/211 212/212/212
f 254/254/254 250/250/250 212/212/212
f 251/251/251 204/204/204 211/211/211
f 250/250/250 251/251/251 211/211/211
f 263/263/263 203/203/203 204/204/204
f 251/251/251 263/263/263 204/204/204
f 237/237/237 214/214/214 203/203/203
f 263/263/263 237/237/237 203/203/203
f 236/236/236 221/221/221 214/214/214
f 237/237/237 236/236/236 214/214/214
f 236/236/236 231/231/231 221/221/221
f 264/264/264 237/237/237 263/263/263
f 280/280/280 236/236/236 237/237/237
f 264/264/264 280/280/280 237/237/237
f 275/275/275 231/231/231 236/236/236
f 280/280/280 275/275/275 236/236/236
f 265/265/265 263/263/263 251/251/251
f 265/265/265 264/264/264 263/263/263
f 252/252/252 251/251/251 250/250/250
f 252/252/252 265/265/265 251/251/251
f 253/253/253 250/250/250 254/254/254
f 253/253/253 252/252/252 250/250/250
f 255/255/255 254/254/254 230/230/230
f 255/255/255 253/253/253 254/254/254
f 274/274/274 230/230/230 231/231/231
f 274/274/274 255/255/255 230/230/230
f 275/275/275 274/274/274 231/231/231
f 293/293/293 253/253/253 255/255/255
f 292/292/292 255/255/255 274/274/274
f 292/292/292 293/293/293 255/255/255
f 300/300/300 274/274/274 275/275/275
f 300/300/300 292/292/292 274/274/274
f 287/287/287 252/252/252 253/253/253
f 293/293/293 287/287/287 253/253/253
f 286/286/286 265/265/265 252/252/252
f 287/287/287 286/286/286 252/252/252
f 285/285/285 264/264/264 265/265/265
f 286/286/286 285/285/285 265/265/265
f 282/282/282 280/280/280 264/264/264
f 285/285/285 282/282/282 264/264/264
f 281/281/281 275/275/275 280/280/280
f 282/282/282 281/281/281 280/280/280
f 281/281/281 300/300/300 275/275/275
f 1483/1483/1483 282/282/282 285/285/285
f 302/302/302 281/281/281 282/282/282
f 1483/1483/1483 302/302/302 282/282/282
f 301/301/301 300/300/300 281/281/281
f 302/302/302 301/301/301 281/281/281
f 311/311/311 285/285/285 286/286/286
f 311/311/311 1483/1483/1483 285/285/285
f 312/312/312 286/286/286 287/287/287
f 312/312/312 311/311/311 286/286/286
f 330/330/330 287/287/287 293/293/293
f 330/330/330 312/312/312 287/287/287
f 294/294/294 293/293/293 292/292/292
f 294/294/294 330/330/330 293/293/293
f 295/295/295 292/292/292 300/300/300
f 295/295/295 294/294/294 292/292/292
f 301/301/301 295/295/295 300/300/300
f 332/332/332 330/330/330 294/294/294
f 337/337/337 294/294/294 295/295/295
f 337/337/337 332/332/332 294/294/294
f 338/338/338 295/295/295 301/301/301
f 338/338/338 337/337/337 295/295/295
f 331/331/331 312/312/312 330/330/330
f 332/332/332 331/331/331 330/330/330
f 357/357/357 311/311/311 312/312/312
f 331/331/331 357/357/357 312/312/312
f 359/359/359 1483/1483/1483 311/311/311
f 357/357/357 359/359/359 311/311/311
f 1196/1196/1196 302/302/302 1483/1483/1483
f 359/359/359 1196/1196/1196 1483/1483/1483
f 1197/1197/1197 301/301/301 302/302/302
f 1196/1196/1196 1197/1197/1197 302/302/302
f 1197/1197/1197 338/338/338 301/301/301
f 379/379/379 1196/1196/1196 359/359/359
f 377/377/377 1197/1197/1197 1196/1196/1196
f 379/379/379 377/377/377 1196/1196/1196
f 375/375/375 338/338/338 1197/1197/1197
f 377/377/377 375/375/375 1197/1197/1197
f 360/360/360 359/359/359 357/357/357
f 360/360/360 379/379/379 359/359/359
f 358/358/358 357/357/357 331/331/331
f 358/358/358 360/360/360 357/357/357
f 356/356/356 331/331/331 332/332/332
f 356/356/356 358/358/358 331/331/331
f 354/354/354 332/332/332 337/337/337
f 354/354/354 356/356/356 332/332/332
f 355/355/355 337/337/337 338/338/338
f 355/355/355 354/354/354 337/337/337
f 375/375/375 355/355/355 338/338/338
f 402/402/402 356/356/356 354/354/354
f 373/373/373 354/354/354 355/355/355
f 373/373/373 402/402/402 354/354/354
f 374/374/374 355/355/355 375/375/375
f 374/374/374 373/373/373 355/355/355
f 1548/1548/1548 358/358/358 356/356/356
f 402/402/402 1548/1548/1548 356/356/356
f 1204/1204/1204 360/360/360 358/358/358
f 1548/1548/1548 1204/1204/1204 358/358/358
f 380/380/380 379/379/379 360/360/360
f 1204/1204/1204 380/380/380 360/360/360
f 378/378/378 377/377/377 379/379/379
f 380/380/380 378/378/378 379/379/379
f 376/376/376 375/375/375 377/377/377
f 378/378/378 376/376/376 377/377/377
f 376/376/376 374/374/374 375/375/375
f 398/398/398 378/378/378 380/380/380
f 397/397/397 376/376/376 378/378/378
f 398/398/398 397/397/397 378/378/378
f 399/399/399 374/374/374 376/376/376
f 397/397/397 399/399/399 376/376/376
f 1171/1171/1171 380/380/380 1204/1204/1204
f 1171/1171/1171 398/398/398 380/380/380
f 1205/1205/1205 1204/1204/1204 1548/1548/1548
f 1205/1205/1205 1171/1171/1171 1204/1204/1204
f 415/415/415 1548/1548/1548 402/402/402
f 415/415/415 1205/1205/1205 1548/1548/1548
f 403/403/403 402/402/402 373/373/373
f 403/403/403 415/415/415 402/402/402
f 404/404/404 373/373/373 374/374/374
f 404/404/404 403/403/403 373/373/373
f 399/399/399 404/404/404 374/374/374
f 416/416/416 415/415/415 403/403/403
f 417/417/417 403/403/403 404/404/404
f 417/417/417 416/416/416 403/403/403
f 751/751/751 404/404/404 399/399/399
f 751/751/751 417/417/417 404/404/404
f 431/431/431 1205/1205/1205 415/415/415
f 416/416/416 431/431/431 415/415/415
f 432/432/432 1171/1171/1171 1205/1205/1205
f 431/431/431 432/432/432 1205/1205/1205
f 438/438/438 398/398/398 1171/1171/1171
f 432/432/432 438/438/438 1171/1171/1171
f 419/419/419 397/397/397 398/398/398
f 438/438/438 419/419/419 398/398/398
f 418/418/418 399/399/399 397/397/397
f 419/419/419 418/418/418 397/397/397
f 418/418/418 751/751/751 399/399/399
f 440/440/440 419/419/419 438/438/438
f 441/441/441 418/418/418 419/419/419
f 440/440/440 441/441/441 419/419/419
f 454/454/454 751/751/751 418/418/418
f 441/441/441 454/454/454 418/418/418
f 439/439/439 438/438/438 432/432/432
f 439/439/439 440/440/440 438/438/438
f 433/433/433 432/432/432 431/431/431
f 433/433/433 439/439/439 432/432/432
f 434/434/434 431/431/431 416/416/416
f 434/434/434 433/433/433 431/431/431
f 468/468/468 416/416/416 417/417/417
f 468/468/468 434/434/434 416/416/416
f 457/457/457 417/417/417 751/751/751
f 457/457/457 468/468/468 417/417/417
f 454/454/454 457/457/457 751/751/751
f 469/469/469 434/434/434 468/468/468
f 470/470/470 468/468/468 457/457/457
f 470/470/470 469/469/469 468/468/468
f 458/458/458 457/457/457 454/454/454
f 458/458/458 470/470/470 457/457/457
f 482/482/482 433/433/433 434/434/434
f 469/469/469 482/482/482 434/434/434
f 483/483/483 439/439/439 433/433/433
f 482/482/482 483/483/483 433/433/433
f 489/489/489 440/440/440 439/439/439
f 483/483/483 489/489/489 439/439/439
f 456/456/456 441/441/441 440/440/440
f 489/489/489 456/456/456 440/440/440
f 455/455/455 454/454/454 441/441/441
f 456/456/456 455/455/455 441/441/441
f 455/455/455 458/458/458 454/454/454
f 490/490/490 456/456/456 489/489/489
f 502/502/502 455/455/455 456/456/456
f 490/490/490 502/502/502 456/456/456
f 476/476/476 458/458/458 455/455/455
f 502/502/502 476/476/476 455/455/455
f 491/491/491 489/489/489 483/483/483
f 491/491/491 490/490/490 489/489/489
f 484/484/484 483/483/483 482/482/482
f 484/484/484 491/491/491 483/483/483
f 485/485/485 482/482/482 469/469/469
f 485/485/485 484/484/484 482/482/482
f 1137/1137/1137 469/469/469 470/470/470
f 1137/1137/1137 485/485/485 469/469/469
f 475/475/475 470/470/470 458/458/458
f 475/475/475 1137/1137/1137 470/470/470
f 476/476/476 475/475/475 458/458/458
f 506/506/506 485/485/485 1137/1137/1137
f 529/529/529 1137/1137/1137 475/475/475
f 529/529/529 506/506/506 1137/1137/1137
f 512/512/512 475/475/475 476/476/476
f 512/512/512 529/529/529 475/475/475
f 505/505/505 484/484/484 485/485/485
f 506/506/506 505/505/505 485/485/485
f 1046/1046/1046 491/491/491 484/484/484
f 505/505/505 1046/1046/1046 484/484/484
f 504/504/504 490/490/490 491/491/491
f 1046/1046/1046 504/504/504 491/491/491
f 503/503/503 502/502/502 490/490/490
f 504/504/504 503/503/503 490/490/490
f 513/513/513 476/476/476 502/502/502
f 503/503/503 513/513/513 502/502/502
f 513/513/513 512/512/512 476/476/476
f 749/749/749 503/503/503 504/504/504
f 748/748/748 513/513/513 503/503/503
f 749/749/749 748/748/748 503/503/503
f 531/531/531 512/512/512 513/513/513
f 748/748/748 531/531/531 513/513/513
f 555/555/555 504/504/504 1046/1046/1046
f 555/555/555 749/749/749 504/504/504
f 552/552/552 1046/1046/1046 505/505/505
f 552/552/552 555/555/555 1046/1046/1046
f 551/551/551 505/505/505 506/506/506
f 551/551/551 552/552/552 505/505/505
f 1108/1108/1108 506/506/506 529/529/529
f 1108/1108/1108 551/551/551 506/506/506
f 530/530/530 529/529/529 512/512/512
f 530/530/530 1108/1108/1108 529/529/529
f 531/531/531 530/530/530 512/512/512
f 554/554/554 551/551/551 1108/1108/1108
f 588/588/588 1108/1108/1108 530/530/530
f 588/588/588 554/554/554 1108/1108/1108
f 585/585/585 530/530/530 531/531/531
f 585/585/585 588/588/588 530/530/530
f 553/553/553 552/552/552 551/551/551
f 554/554/554 553/553/553 551/551/551
f 556/556/556 555/555/555 552/552/552
f 553/553/553 556/556/556 552/552/552
f 571/571/571 749/749/749 555/555/555
f 556/556/556 571/571/571 555/555/555
f 572/572/572 748/748/748 749/749/749
f 571/571/571 572/572/572 749/749/749
f 584/584/584 531/531/531 748/748/748
f 572/572/572 584/584/584 748/748/748
f 584/584/584 585/585/585 531/531/531
f 573/573/573 572/572/572 571/571/571
f 587/587/587 584/584/584 572/572/572
f 573/573/573 587/587/587 572/572/572
f 586/586/586 585/585/585 584/584/584
f 587/587/587 586/586/586 584/584/584
f 574/574/574 571/571/571 556/556/556
f 574/574/574 573/573/573 571/571/571
f 1011/1011/1011 556/556/556 553/553/553
f 1011/1011/1011 574/574/574 556/556/556
f 1012/1012/1012 553/553/553 554/554/554
f 1012/1012/1012 1011/1011/1011 553/553/553
f 602/602/602 554/554/554 588/588/588
f 602/602/602 1012/1012/1012 554/554/554
f 589/589/589 588/588/588 585/585/585
f 589/589/589 602/602/602 588/588/588
f 586/586/586 589/589/589 585/585/585
f 625/625/625 1012/1012/1012 602/602/602
f 603/603/603 602/602/602 589/589/589
f 603/603/603 625/625/625 602/602/602
f 604/604/604 589/589/589 586/586/586
f 604/604/604 603/603/603 589/589/589
f 598/598/598 1011/1011/1011 1012/1012/1012
f 625/625/625 598/598/598 1012/1012/1012
f 599/599/599 574/574/574 1011/1011/1011
f 598/598/598 599/599/599 1011/1011/1011
f 1646/1646/1646 573/573/573 574/574/574
f 599/599/599 1646/1646/1646 574/574/574
f 610/610/610 587/587/587 573/573/573
f 1646/1646/1646 610/610/610 573/573/573
f 609/609/609 586/586/586 587/587/587
f 610/610/610 609/609/609 587/587/587
f 609/609/609 604/604/604 586/586/586
f 639/639/639 610/610/610 1646/1646/1646
f 640/640/640 609/609/609 610/610/610
f 639/639/639 640/640/640 610/610/610
f 638/638/638 604/604/604 609/609/609
f 640/640/640 638/638/638 609/609/609
f 649/649/649 1646/1646/1646 599/599/599
f 649/649/649 639/639/639 1646/1646/1646
f 600/600/600 599/599/599 598/598/598
f 600/600/600 649/649/649 599/599/599
f 601/601/601 598/598/598 625/625/625
f 601/601/601 600/600/600 598/598/598
f 626/626/626 625/625/625 603/603/603
f 626/626/626 601/601/601 625/625/625
f 627/627/627 603/603/603 604/604/604
f 627/627/627 626/626/626 603/603/603
f 638/638/638 627/627/627 604/604/604
f 664/664/664 601/601/601 626/626/626
f 663/663/663 626/626/626 627/627/627
f 663/663/663 664/664/664 626/626/626
f 1669/1669/1669 627/627/627 638/638/638
f 1669/1669/1669 663/663/663 627/627/627
f 651/651/651 600/600/600 601/601/601
f 664/664/664 651/651/651 601/601/601
f 650/650/650 649/649/649 600/600/600
f 651/651/651 650/650/650 600/600/600
f 642/642/642 639/639/639 649/649/649
f 650/650/650 642/642/642 649/649/649
f 641/641/641 640/640/640 639/639/639
f 642/642/642 641/641/641 639/639/639
f 1630/1630/1630 638/638/638 640/640/640
f 641/641/641 1630/1630/1630 640/640/640
f 1630/1630/1630 1669/1669/1669 638/638/638
f 1631/1631/1631 641/641/641 642/642/642
f 710/710/710 1630/1630/1630 641/641/641
f 1631/1631/1631 710/710/710 641/641/641
f 707/707/707 1669/1669/1669 1630/1630/1630
f 710/710/710 707/707/707 1630/1630/1630
f 679/679/679 642/642/642 650/650/650
f 679/679/679 1631/1631/1631 642/642/642
f 680/680/680 650/650/650 651/651/651
f 680/680/680 679/679/679 650/650/650
f 1031/1031/1031 651/651/651 664/664/664
f 1031/1031/1031 680/680/680 651/651/651
f 665/665/665 664/664/664 663/663/663
f 665/665/665 1031/1031/1031 664/664/664
f 666/666/666 663/663/663 1669/1669/1669
f 666/666/666 665/665/665 663/663/663
f 707/707/707 666/666/666 1669/1669/1669
f 1032/1032/1032 1031/1031/1031 665/665/665
f 717/717/717 665/665/665 666/666/666
f 717/717/717 1032/1032/1032 665/665/665
f 708/708/708 666/666/666 707/707/707
f 708/708/708 717/717/717 666/666/666
f 728/728/728 680/680/680 1031/1031/1031
f 1032/1032/1032 728/728/728 1031/1031/1031
f 729/729/729 679/679/679 680/680/680
f 728/728/728 729/729/729 680/680/680
f 1706/1706/1706 1631/1631/1631 679/679/679
f 729/729/729 1706/1706/1706 679/679/679
f 711/711/711 710/710/710 1631/1631/1631
f 1706/1706/1706 711/711/711 1631/1631/1631
f 709/709/709 707/707/707 710/710/710
f 711/711/711 709/709/709 710/710/710
f 709/709/709 708/708/708 707/707/707
f 521/521/521 711/711/711 1706/1706/1706
f 522/522/522 709/709/709 711/711/711
f 521/521/521 522/522/522 711/711/711
f 719/719/719 708/708/708 709/709/709
f 522/522/522 719/719/719 709/709/709
f 1811/1811/1811 1706/1706/1706 729/729/729
f 1811/1811/1811 521/521/521 1706/1706/1706
f 730/730/730 729/729/729 728/728/728
f 730/730/730 1811/1811/1811 729/729/729
f 731/731/731 728/728/728 1032/1032/1032
f 731/731/731 730/730/730 728/728/728
f 1480/1480/1480 1032/1032/1032 717/717/717
f 1480/1480/1480 731/731/731 1032/1032/1032
f 718/718/718 717/717/717 708/708/708
f 718/718/718 1480/1480/1480 717/717/717
f 719/719/719 718/718/718 708/708/708
f 769/769/769 731/731/731 1480/1480/1480
f 766/766/766 1480/1480/1480 718/718/718
f 766/766/766 769/769/769 1480/1480/1480
f 765/765/765 718/718/718 719/719/719
f 765/765/765 766/766/766 718/718/718
f 756/756/756 730/730/730 731/731/731
f 769/769/769 756/756/756 731/731/731
f 757/757/757 1811/1811/1811 730/730/730
f 756/756/756 757/757/757 730/730/730
f 524/524/524 521/521/521 1811/1811/1811
f 757/757/757 524/524/524 1811/1811/1811
f 523/523/523 522/522/522 521/521/521
f 524/524/524 523/523/523 521/521/521
f 747/747/747 719/719/719 522/522/522
f 523/523/523 747/747/747 522/522/522
f 747/747/747 765/765/765 719/719/719
f 780/780/780 523/523/523 524/524/524
f 777/777/777 747/747/747 523/523/523
f 780/780/780 777/777/777 523/523/523
f 768/768/768 765/765/765 747/747/747
f 777/777/777 768/768/768 747/747/747
f 1155/1155/1155 524/524/524 757/757/757
f 1155/1155/1155 780/780/780 524/524/524
f 758/758/758 757/757/757 756/756/756
f 758/758/758 1155/1155/1155 757/757/757
f 759/759/759 756/756/756 769/769/769
f 759/759/759 758/758/758 756/756/756
f 770/770/770 769/769/769 766/766/766
f 770/770/770 759/759/759 769/769/769
f 767/767/767 766/766/766 765/765/765
f 767/767/767 770/770/770 766/766/766
f 768/768/768 767/767/767 765/765/765
f 801/801/801 759/759/759 770/770/770
f 800/800/800 770/770/770 767/767/767
f 800/800/800 801/801/801 770/770/770
f 856/856/856 767/767/767 768/768/768
f 856/856/856 800/800/800 767/767/767
f 837/837/837 758/758/758 759/759/759
f 801/801/801 837/837/837 759/759/759
f 838/838/838 1155/1155/1155 758/758/758
f 837/837/837 838/838/838 758/758/758
f 781/781/781 780/780/780 1155/1155/1155
f 838/838/838 781/781/781 1155/1155/1155
f 779/779/779 777/777/777 780/780/780
f 781/781/781 779/779/779 780/780/780
f 778/778/778 768/768/768 777/777/777
f 779/779/779 778/778/778 777/777/777
f 778/778/778 856/856/856 768/768/768
f 865/865/865 779/779/779 781/781/781
f 857/857/857 778/778/778 779/779/779
f 865/865/865 857/857/857 779/779/779
f 847/847/847 856/856/856 778/778/778
f 857/857/857 847/847/847 778/778/778
f 861/861/861 781/781/781 838/838/838
f 861/861/861 865/865/865 781/781/781
f 839/839/839 838/838/838 837/837/837
f 839/839/839 861/861/861 838/838/838
f 840/840/840 837/837/837 801/801/801
f 840/840/840 839/839/839 837/837/837
f 802/802/802 801/801/801 800/800/800
f 802/802/802 840/840/840 801/801/801
f 803/803/803 800/800/800 856/856/856
f 803/803/803 802/802/802 800/800/800
f 847/847/847 803/803/803 856/856/856
f 836/836/836 840/840/840 802/802/802
f 835/835/835 802/802/802 803/803/803
f 835/835/835 836/836/836 802/802/802
f 848/848/848 803/803/803 847/847/847
f 848/848/848 835/835/835 803/803/803
f 858/858/858 839/839/839 840/840/840
f 836/836/836 858/858/858 840/840/840
f 859/859/859 861/861/861 839/839/839
f 858/858/858 859/859/859 839/839/839
f 1778/1778/1778 865/865/865 861/861/861
f 859/859/859 1778/1778/1778 861/861/861
f 825/825/825 857/857/857 865/865/865
f 1778/1778/1778 825/825/825 865/865/865
f 826/826/826 847/847/847 857/857/857
f 825/825/825 826/826/826 857/857/857
f 826/826/826 848/848/848 847/847/847
f 814/814/814 825/825/825 1778/1778/1778
f 815/815/815 826/826/826 825/825/825
f 814/814/814 815/815/815 825/825/825
f 870/870/870 848/848/848 826/826/826
f 815/815/815 870/870/870 826/826/826
f 863/863/863 1778/1778/1778 859/859/859
f 863/863/863 814/814/814 1778/1778/1778
f 797/797/797 859/859/859 858/858/858
f 797/797/797 863/863/863 859/859/859
f 796/796/796 858/858/858 836/836/836
f 796/796/796 797/797/797 858/858/858
f 819/819/819 836/836/836 835/835/835
f 819/819/819 796/796/796 836/836/836
f 818/818/818 835/835/835 848/848/848
f 818/818/818 819/819/819 835/835/835
f 870/870/870 818/818/818 848/848/848
f 799/799/799 796/796/796 819/819/819
f 820/820/820 819/819/819 818/818/818
f 820/820/820 799/799/799 819/819/819
f 821/821/821 818/818/818 870/870/870
f 821/821/821 820/820/820 818/818/818
f 798/798/798 797/797/797 796/796/796
f 799/799/799 798/798/798 796/796/796
f 864/864/864 863/863/863 797/797/797
f 798/798/798 864/864/864 797/797/797
f 817/817/817 814/814/814 863/863/863
f 864/864/864 817/817/817 863/863/863
f 816/816/816 815/815/815 814/814/814
f 817/817/817 816/816/816 814/814/814
f 871/871/871 870/870/870 815/815/815
f 816/816/816 871/871/871 815/815/815
f 871/871/871 821/821/821 870/870/870
f 901/901/901 816/816/816 817/817/817
f 873/873/873 871/871/871 816/816/816
f 901/901/901 873/873/873 816/816/816
f 872/872/872 821/821/821 871/871/871
f 873/873/873 872/872/872 871/871/871
f 885/885/885 817/817/817 864/864/864
f 885/885/885 901/901/901 817/817/817
f 886/886/886 864/864/864 798/798/798
f 886/886/886 885/885/885 864/864/864
f 889/889/889 798/798/798 799/799/799
f 889/889/889 886/886/886 798/798/798
f 895/895/895 799/799/799 820/820/820
f 895/895/895 889/889/889 799/799/799
f 894/894/894 820/820/820 821/821/821
f 894/894/894 895/895/895 820/820/820
f 872/872/872 894/894/894 821/821/821
f 891/891/891 889/889/889 895/895/895
f 896/896/896 895/895/895 894/894/894
f 896/896/896 891/891/891 895/895/895
f 791/791/791 894/894/894 872/872/872
f 791/791/791 896/896/896 894/894/894
f 890/890/890 886/886/886 889/889/889
f 891/891/891 890/890/890 889/889/889
f 912/912/912 885/885/885 886/886/886
f 890/890/890 912/912/912 886/886/886
f 903/903/903 901/901/901 885/885/885
f 912/912/912 903/903/903 885/885/885
f 902/902/902 873/873/873 901/901/901
f 903/903/903 902/902/902 901/901/901
f 790/790/790 872/872/872 873/873/873
f 902/902/902 790/790/790 873/873/873
f 790/790/790 791/791/791 872/872/872
f 1714/1714/1714 902/902/902 903/903/903
f 724/724/724 790/790/790 902/902/902
f 1714/1714/1714 724/724/724 902/902/902
f 725/725/725 791/791/791 790/790/790
f 724/724/724 725/725/725 790/790/790
f 913/913/913 903/903/903 912/912/912
f 913/913/913 1714/1714/1714 903/903/903
f 914/914/914 912/912/912 890/890/890
f 914/914/914 913/913/913 912/912/912
f 915/915/915 890/890/890 891/891/891
f 915/915/915 914/914/914 890/890/890
f 926/926/926 891/891/891 896/896/896
f 926/926/926 915/915/915 891/891/891
f 925/925/925 896/896/896 791/791/791
f 925/925/925 926/926/926 896/896/896
f 725/725/725 925/925/925 791/791/791
f 928/928/928 915/915/915 926/926/926
f 927/927/927 926/926/926 925/925/925
f 927/927/927 928/928/928 926/926/926
f 923/923/923 925/925/925 725/725/725
f 923/923/923 927/927/927 925/925/925
f 938/938/938 914/914/914 915/915/915
f 928/928/928 938/938/938 915/915/915
f 937/937/937 913/913/913 914/914/914
f 938/938/938 937/937/937 914/914/914
f 944/944/944 1714/1714/1714 913/913/913
f 937/937/937 944/944/944 913/913/913
f 727/727/727 724/724/724 1714/1714/1714
f 944/944/944 727/727/727 1714/1714/1714
f 726/726/726 725/725/725 724/724/724
f 727/727/727 726/726/726 724/724/724
f 726/726/726 923/923/923 725/725/725
f 947/947/947 727/727/727 944/944/944
f 924/924/924 726/726/726 727/727/727
f 947/947/947 924/924/924 727/727/727
f 656/656/656 923/923/923 726/726/726
f 924/924/924 656/656/656 726/726/726
f 945/945/945 944/944/944 937/937/937
f 945/945/945 947/947/947 944/944/944
f 946/946/946 937/937/937 938/938/938
f 946/946/946 945/945/945 937/937/937
f 1697/1697/1697 938/938/938 928/928/928
f 1697/1697/1697 946/946/946 938/938/938
f 943/943/943 928/928/928 927/927/927
f 943/943/943 1697/1697/1697 928/928/928
f 657/657/657 927/927/927 923/923/923
f 657/657/657 943/943/943 927/927/927
f 656/656/656 657/657/657 923/923/923
f 1805/1805/1805 1697/1697/1697 943/943/943
f 660/660/660 943/943/943 657/657/657
f 660/660/660 1805/1805/1805 943/943/943
f 658/658/658 657/657/657 656/656/656
f 658/658/658 660/660/660 657/657/657
f 964/964/964 946/946/946 1697/1697/1697
f 1805/1805/1805 964/964/964 1697/1697/1697
f 963/963/963 945/945/945 946/946/946
f 964/964/964 963/963/963 946/946/946
f 962/962/962 947/947/947 945/945/945
f 963/963/963 962/962/962 945/945/945
f 2019/2019/2019 924/924/924 947/947/947
f 962/962/962 2019/2019/2019 947/947/947
f 659/659/659 656/656/656 924/924/924
f 2019/2019/2019 659/659/659 924/924/924
f 659/659/659 658/658/658 656/656/656
f 1971/1971/1971 2019/2019/2019 962/962/962
f 1670/1670/1670 659/659/659 2019/2019/2019
f 1971/1971/1971 1670/1670/1670 2019/2019/2019
f 662/662/662 658/658/658 659/659/659
f 1670/1670/1670 662/662/662 659/659/659
f 982/982/982 962/962/962 963/963/963
f 982/982/982 1971/1971/1971 962/962/962
f 620/620/620 963/963/963 964/964/964
f 620/620/620 982/982/982 963/963/963
f 619/619/619 964/964/964 1805/1805/1805
f 619/619/619 620/620/620 964/964/964
f 2018/2018/2018 1805/1805/1805 660/660/660
f 2018/2018/2018 619/619/619 1805/1805/1805
f 661/661/661 660/660/660 658/658/658
f 661/661/661 2018/2018/2018 660/660/660
f 662/662/662 661/661/661 658/658/658
f 621/621/621 619/619/619 2018/2018/2018
f 1008/1008/1008 2018/2018/2018 661/661/661
f 1008/1008/1008 621/621/621 2018/2018/2018
f 1001/1001/1001 661/661/661 662/662/662
f 1001/1001/1001 1008/1008/1008 661/661/661
f 611/611/611 620/620/620 619/619/619
f 621/621/621 611/611/611 619/619/619
f 612/612/612 982/982/982 620/620/620
f 611/611/611 612/612/612 620/620/620
f 1970/1970/1970 1971/1971/1971 982/982/982
f 612/612/612 1970/1970/1970 982/982/982
f 1004/1004/1004 1670/1670/1670 1971/1971/1971
f 1970/1970/1970 1004/1004/1004 1971/1971/1971
f 1000/1000/1000 662/662/662 1670/1670/1670
f 1004/1004/1004 1000/1000/1000 1670/1670/1670
f 1000/1000/1000 1001/1001/1001 662/662/662
f 1005/1005/1005 1004/1004/1004 1970/1970/1970
f 1003/1003/1003 1000/1000/1000 1004/1004/1004
f 1005/1005/1005 1003/1003/1003 1004/1004/1004
f 1002/1002/1002 1001/1001/1001 1000/1000/1000
f 1003/1003/1003 1002/1002/1002 1000/1000/1000
f 1833/1833/1833 1970/1970/1970 612/612/612
f 1833/1833/1833 1005/1005/1005 1970/1970/1970
f 581/581/581 612/612/612 611/611/611
f 581/581/581 1833/1833/1833 612/612/612
f 580/580/580 611/611/611 621/621/621
f 580/580/580 581/581/581 611/611/611
f 1663/1663/1663 621/621/621 1008/1008/1008
f 1663/1663/1663 580/580/580 621/621/621
f 1009/1009/1009 1008/1008/1008 1001/1001/1001
f 1009/1009/1009 1663/1663/1663 1008/1008/1008
f 1002/1002/1002 1009/1009/1009 1001/1001/1001
f 583/583/583 580/580/580 1663/1663/1663
f 1664/1664/1664 1663/1663/1663 1009/1009/1009
f 1664/1664/1664 583/583/583 1663/1663/1663
f 1021/1021/1021 1009/1009/1009 1002/1002/1002
f 1021/1021/1021 1664/1664/1664 1009/1009/1009
f 582/582/582 581/581/581 580/580/580
f 583/583/583 582/582/582 580/580/580
f 1834/1834/1834 1833/1833/1833 581/581/581
f 582/582/582 1834/1834/1834 581/581/581
f 1024/1024/1024 1005/1005/1005 1833/1833/1833
f 1834/1834/1834 1024/1024/1024 1833/1833/1833
f 1023/1023/1023 1003/1003/1003 1005/1005/1005
f 1024/1024/1024 1023/1023/1023 1005/1005/1005
f 1022/1022/1022 1002/1002/1002 1003/1003/1003
f 1023/1023/1023 1022/1022/1022 1003/1003/1003
f 1022/1022/1022 1021/1021/1021 1002/1002/1002
f 1051/1051/1051 1023/1023/1023 1024/1024/1024
f 1047/1047/1047 1022/1022/1022 1023/1023/1023
f 1051/1051/1051 1047/1047/1047 1023/1023/1023
f 1048/1048/1048 1021/1021/1021 1022/1022/1022
f 1047/1047/1047 1048/1048/1048 1022/1022/1022
f 1614/1614/1614 1024/1024/1024 1834/1834/1834
f 1614/1614/1614 1051/1051/1051 1024/1024/1024
f 1837/1837/1837 1834/1834/1834 582/582/582
f 1837/1837/1837 1614/1614/1614 1834/1834/1834
f 1838/1838/1838 582/582/582 583/583/583
f 1838/1838/1838 1837/1837/1837 582/582/582
f 1045/1045/1045 583/583/583 1664/1664/1664
f 1045/1045/1045 1838/1838/1838 583/583/583
f 1044/1044/1044 1664/1664/1664 1021/1021/1021
f 1044/1044/1044 1045/1045/1045 1664/1664/1664
f 1048/1048/1048 1044/1044/1044 1021/1021/1021
f 1057/1057/1057 1838/1838/1838 1045/1045/1045
f 753/753/753 1045/1045/1045 1044/1044/1044
f 753/753/753 1057/1057/1057 1045/1045/1045
f 752/752/752 1044/1044/1044 1048/1048/1048
f 752/752/752 753/753/753 1044/1044/1044
f 1058/1058/1058 1837/1837/1837 1838/1838/1838
f 1057/1057/1057 1058/1058/1058 1838/1838/1838
f 1615/1615/1615 1614/1614/1614 1837/1837/1837
f 1058/1058/1058 1615/1615/1615 1837/1837/1837
f 1052/1052/1052 1051/1051/1051 1614/1614/1614
f 1615/1615/1615 1052/1052/1052 1614/1614/1614
f 1050/1050/1050 1047/1047/1047 1051/1051/1051
f 1052/1052/1052 1050/1050/1050 1051/1051/1051
f 1049/1049/1049 1048/1048/1048 1047/1047/1047
f 1050/1050/1050 1049/1049/1049 1047/1047/1047
f 1049/1049/1049 752/752/752 1048/1048/1048
f 1081/1081/1081 1050/1050/1050 1052/1052/1052
f 1608/1608/1608 1049/1049/1049 1050/1050/1050
f 1081/1081/1081 1608/1608/1608 1050/1050/1050
f 755/755/755 752/752/752 1049/1049/1049
f 1608/1608/1608 755/755/755 1049/1049/1049
f 1080/1080/1080 1052/1052/1052 1615/1615/1615
f 1080/1080/1080 1081/1081/1081 1052/1052/1052
f 1601/1601/1601 1615/1615/1615 1058/1058/1058
f 1601/1601/1601 1080/1080/1080 1615/1615/1615
f 1059/1059/1059 1058/1058/1058 1057/1057/1057
f 1059/1059/1059 1601/1601/1601 1058/1058/1058
f 1060/1060/1060 1057/1057/1057 753/753/753
f 1060/1060/1060 1059/1059/1059 1057/1057/1057
f 754/754/754 753/753/753 752/752/752
f 754/754/754 1060/1060/1060 753/753/753
f 755/755/755 754/754/754 752/752/752
f 1092/1092/1092 1059/1059/1059 1060/1060/1060
f 1091/1091/1091 1060/1060/1060 754/754/754
f 1091/1091/1091 1092/1092/1092 1060/1060/1060
f 1078/1078/1078 754/754/754 755/755/755
f 1078/1078/1078 1091/1091/1091 754/754/754
f 1100/1100/1100 1601/1601/1601 1059/1059/1059
f 1092/1092/1092 1100/1100/1100 1059/1059/1059
f 1083/1083/1083 1080/1080/1080 1601/1601/1601
f 1100/1100/1100 1083/1083/1083 1601/1601/1601
f 1082/1082/1082 1081/1081/1081 1080/1080/1080
f 1083/1083/1083 1082/1082/1082 1080/1080/1080
f 1603/1603/1603 1608/1608/1608 1081/1081/1081
f 1082/1082/1082 1603/1603/1603 1081/1081/1081
f 1079/1079/1079 755/755/755 1608/1608/1608
f 1603/1603/1603 1079/1079/1079 1608/1608/1608
f 1079/1079/1079 1078/1078/1078 755/755/755
f 1104/1104/1104 1603/1603/1603 1082/1082/1082
f 435/435/435 1079/1079/1079 1603/1603/1603
f 1104/1104/1104 435/435/435 1603/1603/1603
f 436/436/436 1078/1078/1078 1079/1079/1079
f 435/435/435 436/436/436 1079/1079/1079
f 1103/1103/1103 1082/1082/1082 1083/1083/1083
f 1103/1103/1103 1104/1104/1104 1082/1082/1082
f 1102/1102/1102 1083/1083/1083 1100/1100/1100
f 1102/1102/1102 1103/1103/1103 1083/1083/1083
f 1101/1101/1101 1100/1100/1100 1092/1092/1092
f 1101/1101/1101 1102/1102/1102 1100/1100/1100
f 464/464/464 1092/1092/1092 1091/1091/1091
f 464/464/464 1101/1101/1101 1092/1092/1092
f 463/463/463 1091/1091/1091 1078/1078/1078
f 463/463/463 464/464/464 1091/1091/1091
f 436/436/436 463/463/463 1078/1078/1078
f 1107/1107/1107 1101/1101/1101 464/464/464
f 465/465/465 464/464/464 463/463/463
f 465/465/465 1107/1107/1107 464/464/464
f 466/466/466 463/463/463 436/436/436
f 466/466/466 465/465/465 463/463/463
f 27/27/27 1102/1102/1102 1101/1101/1101
f 1107/1107/1107 27/27/27 1101/1101/1101
f 28/28/28 1103/1103/1103 1102/1102/1102
f 27/27/27 28/28/28 1102/1102/1102
f 507/507/507 1104/1104/1104 1103/1103/1103
f 28/28/28 507/507/507 1103/1103/1103
f 429/429/429 435/435/435 1104/1104/1104
f 507/507/507 429/429/429 1104/1104/1104
f 430/430/430 436/436/436 435/435/435
f 429/429/429 430/430/430 435/435/435
f 430/430/430 466/466/466 436/436/436
f 393/393/393 429/429/429 507/507/507
f 394/394/394 430/430/430 429/429/429
f 393/393/393 394/394/394 429/429/429
f 420/420/420 466/466/466 430/430/430
f 394/394/394 420/420/420 430/430/430
f 481/481/481 507/507/507 28/28/28
f 481/481/481 393/393/393 507/507/507
f 29/29/29 28/28/28 27/27/27
f 29/29/29 481/481/481 28/28/28
f 30/30/30 27/27/27 1107/1107/1107
f 30/30/30 29/29/29 27/27/27
f 1123/1123/1123 1107/1107/1107 465/465/465
f 1123/1123/1123 30/30/30 1107/1107/1107
f 1124/1124/1124 465/465/465 466/466/466
f 1124/1124/1124 1123/1123/1123 465/465/465
f 420/420/420 1124/1124/1124 466/466/466
f 1930/1930/1930 30/30/30 1123/1123/1123
f 1865/1865/1865 1123/1123/1123 1124/1124/1124
f 1865/1865/1865 1930/1930/1930 1123/1123/1123
f 1138/1138/1138 1124/1124/1124 420/420/420
f 1138/1138/1138 1865/1865/1865 1124/1124/1124
f 1151/1151/1151 29/29/29 30/30/30
f 1930/1930/1930 1151/1151/1151 30/30/30
f 467/467/467 481/481/481 29/29/29
f 1151/1151/1151 467/467/467 29/29/29
f 396/396/396 393/393/393 481/481/481
f 467/467/467 396/396/396 481/481/481
f 395/395/395 394/394/394 393/393/393
f 396/396/396 395/395/395 393/393/393
f 421/421/421 420/420/420 394/394/394
f 395/395/395 421/421/421 394/394/394
f 421/421/421 1138/1138/1138 420/420/420
f 1154/1154/1154 395/395/395 396/396/396
f 1153/1153/1153 421/421/421 395/395/395
f 1154/1154/1154 1153/1153/1153 395/395/395
f 1533/1533/1533 1138/1138/1138 421/421/421
f 1153/1153/1153 1533/1533/1533 421/421/421
f 443/443/443 396/396/396 467/467/467
f 443/443/443 1154/1154/1154 396/396/396
f 442/442/442 467/467/467 1151/1151/1151
f 442/442/442 443/443/443 467/467/467
f 1152/1152/1152 1151/1151/1151 1930/1930/1930
f 1152/1152/1152 442/442/442 1151/1151/1151
f 1168/1168/1168 1930/1930/1930 1865/1865/1865
f 1168/1168/1168 1152/1152/1152 1930/1930/1930
f 1531/1531/1531 1865/1865/1865 1138/1138/1138
f 1531/1531/1531 1168/1168/1168 1865/1865/1865
f 1533/1533/1533 1531/1531/1531 1138/1138/1138
f 1169/1169/1169 1152/1152/1152 1168/1168/1168
f 1170/1170/1170 1168/1168/1168 1531/1531/1531
f 1170/1170/1170 1169/1169/1169 1168/1168/1168
f 410/410/410 1531/1531/1531 1533/1533/1533
f 410/410/410 1170/1170/1170 1531/1531/1531
f 445/445/445 442/442/442 1152/1152/1152
f 1169/1169/1169 445/445/445 1152/1152/1152
f 444/444/444 443/443/443 442/442/442
f 445/445/445 444/444/444 442/442/442
f 1176/1176/1176 1154/1154/1154 443/443/443
f 444/444/444 1176/1176/1176 443/443/443
f 1188/1188/1188 1153/1153/1153 1154/1154/1154
f 1176/1176/1176 1188/1188/1188 1154/1154/1154
f 409/409/409 1533/1533/1533 1153/1153/1153
f 1188/1188/1188 409/409/409 1153/1153/1153
f 409/409/409 410/410/410 1533/1533/1533
f 1189/1189/1189 1188/1188/1188 1176/1176/1176
f 389/389/389 409/409/409 1188/1188/1188
f 1189/1189/1189 389/389/389 1188/1188/1188
f 390/390/390 410/410/410 409/409/409
f 389/389/389 390/390/390 409/409/409
f 1187/1187/1187 1176/1176/1176 444/444/444
f 1187/1187/1187 1189/1189/1189 1176/1176/1176
f 401/401/401 444/444/444 445/445/445
f 401/401/401 1187/1187/1187 444/444/444
f 400/400/400 445/445/445 1169/1169/1169
f 400/400/400 401/401/401 445/445/445
f 1206/1206/1206 1169/1169/1169 1170/1170/1170
f 1206/1206/1206 400/400/400 1169/1169/1169
f 1199/1199/1199 1170/1170/1170 410/410/410
f 1199/1199/1199 1206/1206/1206 1170/1170/1170
f 390/390/390 1199/1199/1199 410/410/410
f 344/344/344 400/400/400 1206/1206/1206
f 343/343/343 1206/1206/1206 1199/1199/1199
f 343/343/343 344/344/344 1206/1206/1206
f 1200/1200/1200 1199/1199/1199 390/390/390
f 1200/1200/1200 343/343/343 1199/1199/1199
f 313/313/313 401/401/401 400/400/400
f 344/344/344 313/313/313 400/400/400
f 314/314/314 1187/1187/1187 401/401/401
f 313/313/313 314/314/314 401/401/401
f 320/320/320 1189/1189/1189 1187/1187/1187
f 314/314/314 320/320/320 1187/1187/1187
f 392/392/392 389/389/389 1189/1189/1189
f 320/320/320 392/392/392 1189/1189/1189
f 391/391/391 390/390/390 389/389/389
f 392/392/392 391/391/391 389/389/389
f 391/391/391 1200/1200/1200 390/390/390
f 1217/1217/1217 392/392/392 320/320/320
f 1213/1213/1213 391/391/391 392/392/392
f 1217/1217/1217 1213/1213/1213 392/392/392
f 296/296/296 1200/1200/1200 391/391/391
f 1213/1213/1213 296/296/296 391/391/391
f 321/321/321 320/320/320 314/314/314
f 321/321/321 1217/1217/1217 320/320/320
f 315/315/315 314/314/314 313/313/313
f 315/315/315 321/321/321 314/314/314
f 316/316/316 313/313/313 344/344/344
f 316/316/316 315/315/315 313/313/313
f 345/345/345 344/344/344 343/343/343
f 345/345/345 316/316/316 344/344/344
f 297/297/297 343/343/343 1200/1200/1200
f 297/297/297 345/345/345 343/343/343
f 296/296/296 297/297/297 1200/1200/1200
f 334/334/334 316/316/316 345/345/345
f 333/333/333 345/345/345 297/297/297
f 333/333/333 334/334/334 345/345/345
f 298/298/298 297/297/297 296/296/296
f 298/298/298 333/333/333 297/297/297
f 1223/1223/1223 315/315/315 316/316/316
f 334/334/334 1223/1223/1223 316/316/316
f 1222/1222/1222 321/321/321 315/315/315
f 1223/1223/1223 1222/1222/1222 315/315/315
f 326/326/326 1217/1217/1217 321/321/321
f 1222/1222/1222 326/326/326 321/321/321
f 327/327/327 1213/1213/1213 1217/1217/1217
f 326/326/326 327/327/327 1217/1217/1217
f 299/299/299 296/296/296 1213/1213/1213
f 327/327/327 299/299/299 1213/1213/1213
f 299/299/299 298/298/298 296/296/296
f 328/328/328 327/327/327 326/326/326
f 1234/1234/1234 299/299/299 327/327/327
f 328/328/328 1234/1234/1234 327/327/327
f 1233/1233/1233 298/298/298 299/299/299
f 1234/1234/1234 1233/1233/1233 299/299/299
f 329/329/329 326/326/326 1222/1222/1222
f 329/329/329 328/328/328 326/326/326
f 1243/1243/1243 1222/1222/1222 1223/1223/1223
f 1243/1243/1243 329/329/329 1222/1222/1222
f 1245/1245/1245 1223/1223/1223 334/334/334
f 1245/1245/1245 1243/1243/1243 1223/1223/1223
f 335/335/335 334/334/334 333/333/333
f 335/335/335 1245/1245/1245 334/334/334
f 336/336/336 333/333/333 298/298/298
f 336/336/336 335/335/335 333/333/333
f 1233/1233/1233 336/336/336 298/298/298
f 1247/1247/1247 1245/1245/1245 335/335/335
f 1494/1494/1494 335/335/335 336/336/336
f 1494/1494/1494 1247/1247/1247 335/335/335
f 1254/1254/1254 336/336/336 1233/1233/1233
f 1254/1254/1254 1494/1494/1494 336/336/336
f 1246/1246/1246 1243/1243/1243 1245/1245/1245
f 1247/1247/1247 1246/1246/1246 1245/1245/1245
f 1258/1258/1258 329/329/329 1243/1243/1243
f 1246/1246/1246 1258/1258/1258 1243/1243/1243
f 1257/1257/1257 328/328/328 329/329/329
f 1258/1258/1258 1257/1257/1257 329/329/329
f 1256/1256/1256 1234/1234/1234 328/328/328
f 1257/1257/1257 1256/1256/1256 328/328/328
f 1255/1255/1255 1233/1233/1233 1234/1234/1234
f 1256/1256/1256 1255/1255/1255 1234/1234/1234
f 1255/1255/1255 1254/1254/1254 1233/1233/1233
f 1259/1259/1259 1256/1256/1256 1257/1257/1257
f 1265/1265/1265 1255/1255/1255 1256/1256/1256
f 1259/1259/1259 1265/1265/1265 1256/1256/1256
f 1266/1266/1266 1254/1254/1254 1255/1255/1255
f 1265/1265/1265 1266/1266/1266 1255/1255/1255
f 1260/1260/1260 1257/1257/1257 1258/1258/1258
f 1260/1260/1260 1259/1259/1259 1257/1257/1257
f 1469/1469/1469 1258/1258/1258 1246/1246/1246
f 1469/1469/1469 1260/1260/1260 1258/1258/1258
f 1468/1468/1468 1246/1246/1246 1247/1247/1247
f 1468/1468/1468 1469/1469/1469 1246/1246/1246
f 1927/1927/1927 1247/1247/1247 1494/1494/1494
f 1927/1927/1927 1468/1468/1468 1247/1247/1247
f 1926/1926/1926 1494/1494/1494 1254/1254/1254
f 1926/1926/1926 1927/1927/1927 1494/1494/1494
f 1266/1266/1266 1926/1926/1926 1254/1254/1254
f 1285/1285/1285 1468/1468/1468 1927/1927/1927
f 1284/1284/1284 1927/1927/1927 1926/1926/1926
f 1284/1284/1284 1285/1285/1285 1927/1927/1927
f 1295/1295/1295 1926/1926/1926 1266/1266/1266
f 1295/1295/1295 1284/1284/1284 1926/1926/1926
f 1470/1470/1470 1469/1469/1469 1468/1468/1468
f 1285/1285/1285 1470/1470/1470 1468/1468/1468
f 1276/1276/1276 1260/1260/1260 1469/1469/1469
f 1470/1470/1470 1276/1276/1276 1469/1469/1469
f 1275/1275/1275 1259/1259/1259 1260/1260/1260
f 1276/1276/1276 1275/1275/1275 1260/1260/1260
f 1274/1274/1274 1265/1265/1265 1259/1259/1259
f 1275/1275/1275 1274/1274/1274 1259/1259/1259
f 1273/1273/1273 1266/1266/1266 1265/1265/1265
f 1274/1274/1274 1273/1273/1273 1265/1265/1265
f 1273/1273/1273 1295/1295/1295 1266/1266/1266
f 180/180/180 1274/1274/1274 1275/1275/1275
f 245/245/245 1273/1273/1273 1274/1274/1274
f 180/180/180 245/245/245 1274/1274/1274
f 158/158/158 1295/1295/1295 1273/1273/1273
f 245/245/245 158/158/158 1273/1273/1273
f 179/179/179 1275/1275/1275 1276/1276/1276
f 179/179/179 180/180/180 1275/1275/1275
f 1461/1461/1461 1276/1276/1276 1470/1470/1470
f 1461/1461/1461 179/179/179 1276/1276/1276
f 1901/1901/1901 1470/1470/1470 1285/1285/1285
f 1901/1901/1901 1461/1461/1461 1470/1470/1470
f 1286/1286/1286 1285/1285/1285 1284/1284/1284
f 1286/1286/1286 1901/1901/1901 1285/1285/1285
f 159/159/159 1284/1284/1284 1295/1295/1295
f 159/159/159 1286/1286/1286 1284/1284/1284
f 158/158/158 159/159/159 1295/1295/1295
f 1905/1905/1905 1901/1901/1901 1286/1286/1286
f 1444/1444/1444 1286/1286/1286 159/159/159
f 1444/1444/1444 1905/1905/1905 1286/1286/1286
f 160/160/160 159/159/159 158/158/158
f 160/160/160 1444/1444/1444 159/159/159
f 1450/1450/1450 1461/1461/1461 1901/1901/1901
f 1905/1905/1905 1450/1450/1450 1901/1901/1901
f 182/182/182 179/179/179 1461/1461/1461
f 1450/1450/1450 182/182/182 1461/1461/1461
f 181/181/181 180/180/180 179/179/179
f 182/182/182 181/181/181 179/179/179
f 246/246/246 245/245/245 180/180/180
f 181/181/181 246/246/246 180/180/180
f 161/161/161 158/158/158 245/245/245
f 246/246/246 161/161/161 245/245/245
f 161/161/161 160/160/160 158/158/158
f 197/197/197 246/246/246 181/181/181
f 198/198/198 161/161/161 246/246/246
f 197/197/197 198/198/198 246/246/246
f 1323/1323/1323 160/160/160 161/161/161
f 198/198/198 1323/1323/1323 161/161/161
f 1309/1309/1309 181/181/181 182/182/182
f 1309/1309/1309 197/197/197 181/181/181
f 1442/1442/1442 182/182/182 1450/1450/1450
f 1442/1442/1442 1309/1309/1309 182/182/182
f 1316/1316/1316 1450/1450/1450 1905/1905/1905
f 1316/1316/1316 1442/1442/1442 1450/1450/1450
f 1315/1315/1315 1905/1905/1905 1444/1444/1444
f 1315/1315/1315 1316/1316/1316 1905/1905/1905
f 1445/1445/1445 1444/1444/1444 160/160/160
f 1445/1445/1445 1315/1315/1315 1444/1444/1444
f 1323/1323/1323 1445/1445/1445 160/160/160
f 1317/1317/1317 1316/1316/1316 1315/1315/1315
f 1318/1318/1318 1315/1315/1315 1445/1445/1445
f 1318/1318/1318 1317/1317/1317 1315/1315/1315
f 1330/1330/1330 1445/1445/1445 1323/1323/1323
f 1330/1330/1330 1318/1318/1318 1445/1445/1445
f 1334/1334/1334 1442/1442/1442 1316/1316/1316
f 1317/1317/1317 1334/1334/1334 1316/1316/1316
f 1337/1337/1337 1309/1309/1309 1442/1442/1442
f 1334/1334/1334 1337/1337/1337 1442/1442/1442
f 200/200/200 197/197/197 1309/1309/1309
f 1337/1337/1337 200/200/200 1309/1309/1309
f 199/199/199 198/198/198 197/197/197
f 200/200/200 199/199/199 197/197/197
f 1324/1324/1324 1323/1323/1323 198/198/198
f 199/199/199 1324/1324/1324 198/198/198
f 1324/1324/1324 1330/1330/1330 1323/1323/1323
f 1329/1329/1329 199/199/199 200/200/200
f 1437/1437/1437 1324/1324/1324 199/199/199
f 1329/1329/1329 1437/1437/1437 199/199/199
f 1332/1332/1332 1330/1330/1330 1324/1324/1324
f 1437/1437/1437 1332/1332/1332 1324/1324/1324
f 119/119/119 200/200/200 1337/1337/1337
f 119/119/119 1329/1329/1329 200/200/200
f 118/118/118 1337/1337/1337 1334/1334/1334
f 118/118/118 119/119/119 1337/1337/1337
f 1335/1335/1335 1334/1334/1334 1317/1317/1317
f 1335/1335/1335 118/118/118 1334/1334/1334
f 1336/1336/1336 1317/1317/1317 1318/1318/1318
f 1336/1336/1336 1335/1335/1335 1317/1317/1317
f 1331/1331/1331 1318/1318/1318 1330/1330/1330
f 1331/1331/1331 1336/1336/1336 1318/1318/1318
f 1332/1332/1332 1331/1331/1331 1330/1330/1330
f 1432/1432/1432 1335/1335/1335 1336/1336/1336
f 1364/1364/1364 1336/1336/1336 1331/1331/1331
f 1364/1364/1364 1432/1432/1432 1336/1336/1336
f 96/96/96 1331/1331/1331 1332/1332/1332
f 96/96/96 1364/1364/1364 1331/1331/1331
f 121/121/121 118/118/118 1335/1335/1335
f 1432/1432/1432 121/121/121 1335/1335/1335
f 120/120/120 119/119/119 118/118/118
f 121/121/121 120/120/120 118/118/118
f 1354/1354/1354 1329/1329/1329 119/119/119
f 120/120/120 1354/1354/1354 119/119/119
f 1355/1355/1355 1437/1437/1437 1329/1329/1329
f 1354/1354/1354 1355/1355/1355 1329/1329/1329
f 95/95/95 1332/1332/1332 1437/1437/1437
f 1355/1355/1355 95/95/95 1437/1437/1437
f 95/95/95 96/96/96 1332/1332/1332
f 53/53/53 1355/1355/1355 1354/1354/1354
f 98/98/98 95/95/95 1355/1355/1355
f 53/53/53 98/98/98 1355/1355/1355
f 97/97/97 96/96/96 95/95/95
f 98/98/98 97/97/97 95/95/95
f 52/52/52 1354/1354/1354 120/120/120
f 52/52/52 53/53/53 1354/1354/1354
f 1360/1360/1360 120/120/120 121/121/121
f 1360/1360/1360 52/52/52 120/120/120
f 1361/1361/1361 121/121/121 1432/1432/1432
f 1361/1361/1361 1360/1360/1360 121/121/121
f 1375/1375/1375 1432/1432/1432 1364/1364/1364
f 1375/1375/1375 1361/1361/1361 1432/1432/1432
f 1365/1365/1365 1364/1364/1364 96/96/96
f 1365/1365/1365 1375/1375/1375 1364/1364/1364
f 97/97/97 1365/1365/1365 96/96/96
f 1376/1376/1376 1361/1361/1361 1375/1375/1375
f 1377/1377/1377 1375/1375/1375 1365/1365/1365
f 1377/1377/1377 1376/1376/1376 1375/1375/1375
f 1399/1399/1399 1365/1365/1365 97/97/97
f 1399/1399/1399 1377/1377/1377 1365/1365/1365
f 1386/1386/1386 1360/1360/1360 1361/1361/1361
f 1376/1376/1376 1386/1386/1386 1361/1361/1361
f 55/55/55 52/52/52 1360/1360/1360
f 1386/1386/1386 55/55/55 1360/1360/1360
f 54/54/54 53/53/53 52/52/52
f 55/55/55 54/54/54 52/52/52
f 1379/1379/1379 98/98/98 53/53/53
f 54/54/54 1379/1379/1379 53/53/53
f 1378/1378/1378 97/97/97 98/98/98
f 1379/1379/1379 1378/1378/1378 98/98/98
f 1378/1378/1378 1399/1399/1399 97/97/97
f 1397/1397/1397 1379/1379/1379 54/54/54
f 1921/1921/1921 1378/1378/1378 1379/1379/1379
f 1397/1397/1397 1921/1921/1921 1379/1379/1379
f 1401/1401/1401 1399/1399/1399 1378/1378/1378
f 1921/1921/1921 1401/1401/1401 1378/1378/1378
f 1398/1398/1398 54/54/54 55/55/55
f 1398/1398/1398 1397/1397/1397 54/54/54
f 1387/1387/1387 55/55/55 1386/1386/1386
f 1387/1387/1387 1398/1398/1398 55/55/55
f 1388/1388/1388 1386/1386/1386 1376/1376/1376
f 1388/1388/1388 1387/1387/1387 1386/1386/1386
f 1410/1410/1410 1376/1376/1376 1377/1377/1377
f 1410/1410/1410 1388/1388/1388 1376/1376/1376
f 1400/1400/1400 1377/1377/1377 1399/1399/1399
f 1400/1400/1400 1410/1410/1410 1377/1377/1377
f 1401/1401/1401 1400/1400/1400 1399/1399/1399
f 1411/1411/1411 1388/1388/1388 1410/1410/1410
f 1412/1412/1412 1410/1410/1410 1400/1400/1400
f 1412/1412/1412 1411/1411/1411 1410/1410/1410
f 1415/1415/1415 1400/1400/1400 1401/1401/1401
f 1415/1415/1415 1412/1412/1412 1400/1400/1400
f 786/786/786 1387/1387/1387 1388/1388/1388
f 1411/1411/1411 786/786/786 1388/1388/1388
f 787/787/787 1398/1398/1398 1387/1387/1387
f 786/786/786 787/787/787 1387/1387/1387
f 1408/1408/1408 1397/1397/1397 1398/1398/1398
f 787/787/787 1408/1408/1408 1398/1398/1398
f 1922/1922/1922 1921/1921/1921 1397/1397/1397
f 1408/1408/1408 1922/1922/1922 1397/1397/1397
f 1423/1423/1423 1401/1401/1401 1921/1921/1921
f 1922/1922/1922 1423/1423/1423 1921/1921/1921
f 1423/1423/1423 1415/1415/1415 1401/1401/1401
f 1419/1419/1419 1922/1922/1922 1408/1408/1408
f 1420/1420/1420 1423/1423/1423 1922/1922/1922
f 1419/1419/1419 1420/1420/1420 1922/1922/1922
f 1402/1402/1402 1415/1415/1415 1423/1423/1423
f 1420/1420/1420 1402/1402/1402 1423/1423/1423
f 1417/1417/1417 1408/1408/1408 787/787/787
f 1417/1417/1417 1419/1419/1419 1408/1408/1408
f 788/788/788 787/787/787 786/786/786
f 788/788/788 1417/1417/1417 787/787/787
f 789/789/789 786/786/786 1411/1411/1411
f 789/789/789 788/788/788 786/786/786
f 36/36/36 1411/1411/1411 1412/1412/1412
f 36/36/36 789/789/789 1411/1411/1411
f 35/35/35 1412/1412/1412 1415/1415/1415
f 35/35/35 36/36/36 1412/1412/1412
f 1402/1402/1402 35/35/35 1415/1415/1415
f 1427/1427/1427 789/789/789 36/36/36
f 37/37/37 36/36/36 35/35/35
f 37/37/37 1427/1427/1427 36/36/36
f 38/38/38 35/35/35 1402/1402/1402
f 38/38/38 37/37/37 35/35/35
f 1418/1418/1418 788/788/788 789/789/789
f 1427/1427/1427 1418/1418/1418 789/789/789
f 64/64/64 1417/1417/1417 788/788/788
f 1418/1418/1418 64/64/64 788/788/788
f 65/65/65 1419/1419/1419 1417/1417/1417
f 64/64/64 65/65/65 1417/1417/1417
f 1421/1421/1421 1420/1420/1420 1419/1419/1419
f 65/65/65 1421/1421/1421 1419/1419/1419
f 1403/1403/1403 1402/1402/1402 1420/1420/1420
f 1421/1421/1421 1403/1403/1403 1420/1420/1420
f 1403/1403/1403 38/38/38 1402/1402/1402
f 1382/1382/1382 1421/1421/1421 65/65/65
f 1383/1383/1383 1403/1403/1403 1421/1421/1421
f 1382/1382/1382 1383/1383/1383 1421/1421/1421
f 1426/1426/1426 38/38/38 1403/1403/1403
f 1383/1383/1383 1426/1426/1426 1403/1403/1403
f 66/66/66 65/65/65 64/64/64
f 66/66/66 1382/1382/1382 65/65/65
f 67/67/67 64/64/64 1418/1418/1418
f 67/67/67 66/66/66 64/64/64
f 1370/1370/1370 1418/1418/1418 1427/1427/1427
f 1370/1370/1370 67/67/67 1418/1418/1418
f 1369/1369/1369 1427/1427/1427 37/37/37
f 1369/1369/1369 1370/1370/1370 1427/1427/1427
f 1425/1425/1425 37/37/37 38/38/38
f 1425/1425/1425 1369/1369/1369 37/37/37
f 1426/1426/1426 1425/1425/1425 38/38/38
f 1371/1371/1371 1370/1370/1370 1369/1369/1369
f 1372/1372/1372 1369/1369/1369 1425/1425/1425
f 1372/1372/1372 1371/1371/1371 1369/1369/1369
f 1340/1340/1340 1425/1425/1425 1426/1426/1426
f 1340/1340/1340 1372/1372/1372 1425/1425/1425
f 1429/1429/1429 67/67/67 1370/1370/1370
f 1371/1371/1371 1429/1429/1429 1370/1370/1370
f 60/60/60 66/66/66 67/67/67
f 1429/1429/1429 60/60/60 67/67/67
f 61/61/61 1382/1382/1382 66/66/66
f 60/60/60 61/61/61 66/66/66
f 1363/1363/1363 1383/1383/1383 1382/1382/1382
f 61/61/61 1363/1363/1363 1382/1382/1382
f 1339/1339/1339 1426/1426/1426 1383/1383/1383
f 1363/1363/1363 1339/1339/1339 1383/1383/1383
f 1339/1339/1339 1340/1340/1340 1426/1426/1426
f 1342/1342/1342 1363/1363/1363 61/61/61
f 1341/1341/1341 1339/1339/1339 1363/1363/1363
f 1342/1342/1342 1341/1341/1341 1363/1363/1363
f 103/103/103 1340/1340/1340 1339/1339/1339
f 1341/1341/1341 103/103/103 1339/1339/1339
f 62/62/62 61/61/61 60/60/60
f 62/62/62 1342/1342/1342 61/61/61
f 63/63/63 60/60/60 1429/1429/1429
f 63/63/63 62/62/62 60/60/60
f 112/112/112 1429/1429/1429 1371/1371/1371
f 112/112/112 63/63/63 1429/1429/1429
f 1353/1353/1353 1371/1371/1371 1372/1372/1372
f 1353/1353/1353 112/112/112 1371/1371/1371
f 104/104/104 1372/1372/1372 1340/1340/1340
f 104/104/104 1353/1353/1353 1372/1372/1372
f 103/103/103 104/104/104 1340/1340/1340
f 114/114/114 112/112/112 1353/1353/1353
f 155/155/155 1353/1353/1353 104/104/104
f 155/155/155 114/114/114 1353/1353/1353
f 105/105/105 104/104/104 103/103/103
f 105/105/105 155/155/155 104/104/104
f 113/113/113 63/63/63 112/112/112
f 114/114/114 113/113/113 112/112/112
f 162/162/162 62/62/62 63/63/63
f 113/113/113 162/162/162 63/63/63
f 163/163/163 1342/1342/1342 62/62/62
f 162/162/162 163/163/163 62/62/62
f 1343/1343/1343 1341/1341/1341 1342/1342/1342
f 163/163/163 1343/1343/1343 1342/1342/1342
f 106/106/106 103/103/103 1341/1341/1341
f 1343/1343/1343 106/106/106 1341/1341/1341
f 106/106/106 105/105/105 103/103/103
f 1321/1321/1321 1343/1343/1343 163/163/163
f 1322/1322/1322 106/106/106 1343/1343/1343
f 1321/1321/1321 1322/1322/1322 1343/1343/1343
f 157/157/157 105/105/105 106/106/106
f 1322/1322/1322 157/157/157 106/106/106
f 164/164/164 163/163/163 162/162/162
f 164/164/164 1321/1321/1321 163/163/163
f 165/165/165 162/162/162 113/113/113
f 165/165/165 164/164/164 162/162/162
f 1311/1311/1311 113/113/113 114/114/114
f 1311/1311/1311 165/165/165 113/113/113
f 1310/1310/1310 114/114/114 155/155/155
f 1310/1310/1310 1311/1311/1311 114/114/114
f 156/156/156 155/155/155 105/105/105
f 156/156/156 1310/1310/1310 155/155/155
f 157/157/157 156/156/156 105/105/105
f 148/148/148 1311/1311/1311 1310/1310/1310
f 147/147/147 1310/1310/1310 156/156/156
f 147/147/147 148/148/148 1310/1310/1310
f 1312/1312/1312 156/156/156 157/157/157
f 1312/1312/1312 147/147/147 156/156/156
f 188/188/188 165/165/165 1311/1311/1311
f 148/148/148 188/188/188 1311/1311/1311
f 187/187/187 164/164/164 165/165/165
f 188/188/188 187/187/187 165/165/165
f 1304/1304/1304 1321/1321/1321 164/164/164
f 187/187/187 1304/1304/1304 164/164/164
f 1305/1305/1305 1322/1322/1322 1321/1321/1321
f 1304/1304/1304 1305/1305/1305 1321/1321/1321
f 1443/1443/1443 157/157/157 1322/1322/1322
f 1305/1305/1305 1443/1443/1443 1322/1322/1322
f 1443/1443/1443 1312/1312/1312 157/157/157
f 1296/1296/1296 1305/1305/1305 1304/1304/1304
f 1297/1297/1297 1443/1443/1443 1305/1305/1305
f 1296/1296/1296 1297/1297/1297 1305/1305/1305
f 194/194/194 1312/1312/1312 1443/1443/1443
f 1297/1297/1297 194/194/194 1443/1443/1443
f 1306/1306/1306 1304/1304/1304 187/187/187
f 1306/1306/1306 1296/1296/1296 1304/1304/1304
f 1307/1307/1307 187/187/187 188/188/188
f 1307/1307/1307 1306/1306/1306 187/187/187
f 172/172/172 188/188/188 148/148/148
f 172/172/172 1307/1307/1307 188/188/188
f 149/149/149 148/148/148 147/147/147
f 149/149/149 172/172/172 148/148/148
f 150/150/150 147/147/147 1312/1312/1312
f 150/150/150 149/149/149 147/147/147
f 194/194/194 150/150/150 1312/1312/1312
f 173/173/173 172/172/172 149/149/149
f 174/174/174 149/149/149 150/150/150
f 174/174/174 173/173/173 149/149/149
f 195/195/195 150/150/150 194/194/194
f 195/195/195 174/174/174 150/150/150
f 1451/1451/1451 1307/1307/1307 172/172/172
f 173/173/173 1451/1451/1451 172/172/172
f 1290/1290/1290 1306/1306/1306 1307/1307/1307
f 1451/1451/1451 1290/1290/1290 1307/1307/1307
f 1287/1287/1287 1296/1296/1296 1306/1306/1306
f 1290/1290/1290 1287/1287/1287 1306/1306/1306
f 1288/1288/1288 1297/1297/1297 1296/1296/1296
f 1287/1287/1287 1288/1288/1288 1296/1296/1296
f 196/196/196 194/194/194 1297/1297/1297
f 1288/1288/1288 196/196/196 1297/1297/1297
f 196/196/196 195/195/195 194/194/194
f 270/270/270 1288/1288/1288 1287/1287/1287
f 271/271/271 196/196/196 1288/1288/1288
f 270/270/270 271/271/271 1288/1288/1288
f 1271/1271/1271 195/195/195 196/196/196
f 271/271/271 1271/1271/1271 196/196/196
f 1289/1289/1289 1287/1287/1287 1290/1290/1290
f 1289/1289/1289 270/270/270 1287/1287/1287
f 1291/1291/1291 1290/1290/1290 1451/1451/1451
f 1291/1291/1291 1289/1289/1289 1290/1290/1290
f 1462/1462/1462 1451/1451/1451 173/173/173
f 1462/1462/1462 1291/1291/1291 1451/1451/1451
f 189/189/189 173/173/173 174/174/174
f 189/189/189 1462/1462/1462 173/173/173
f 190/190/190 174/174/174 195/195/195
f 190/190/190 189/189/189 174/174/174
f 1271/1271/1271 190/190/190 195/195/195
f 1897/1897/1897 1462/1462/1462 189/189/189
f 1270/1270/1270 189/189/189 190/190/190
f 1270/1270/1270 1897/1897/1897 189/189/189
f 1269/1269/1269 190/190/190 1271/1271/1271
f 1269/1269/1269 1270/1270/1270 190/190/190
f 1472/1472/1472 1291/1291/1291 1462/1462/1462
f 1897/1897/1897 1472/1472/1472 1462/1462/1462
f 1471/1471/1471 1289/1289/1289 1291/1291/1291
f 1472/1472/1472 1471/1471/1471 1291/1291/1291
f 273/273/273 270/270/270 1289/1289/1289
f 1471/1471/1471 273/273/273 1289/1289/1289
f 272/272/272 271/271/271 270/270/270
f 273/273/273 272/272/272 270/270/270
f 1272/1272/1272 1271/1271/1271 271/271/271
f 272/272/272 1272/1272/1272 271/271/271
f 1272/1272/1272 1269/1269/1269 1271/1271/1271
f 1268/1268/1268 272/272/272 273/273/273
f 256/256/256 1272/1272/1272 272/272/272
f 1268/1268/1268 256/256/256 272/272/272
f 257/257/257 1269/1269/1269 1272/1272/1272
f 256/256/256 257/257/257 1272/1272/1272
f 1267/1267/1267 273/273/273 1471/1471/1471
f 1267/1267/1267 1268/1268/1268 273/273/273
f 1477/1477/1477 1471/1471/1471 1472/1472/1472
f 1477/1477/1477 1267/1267/1267 1471/1471/1471
f 1894/1894/1894 1472/1472/1472 1897/1897/1897
f 1894/1894/1894 1477/1477/1477 1472/1472/1472
f 304/304/304 1897/1897/1897 1270/1270/1270
f 304/304/304 1894/1894/1894 1897/1897/1897
f 303/303/303 1270/1270/1270 1269/1269/1269
f 303/303/303 304/304/304 1270/1270/1270
f 257/257/257 303/303/303 1269/1269/1269
f 1248/1248/1248 1894/1894/1894 304/304/304
f 305/305/305 304/304/304 303/303/303
f 305/305/305 1248/1248/1248 304/304/304
f 306/306/306 303/303/303 257/257/257
f 306/306/306 305/305/305 303/303/303
f 1489/1489/1489 1477/1477/1477 1894/1894/1894
f 1248/1248/1248 1489/1489/1489 1894/1894/1894
f 1251/1251/1251 1267/1267/1267 1477/1477/1477
f 1489/1489/1489 1251/1251/1251 1477/1477/1477
f 1252/1252/1252 1268/1268/1268 1267/1267/1267
f 1251/1251/1251 1252/1252/1252 1267/1267/1267
f 259/259/259 256/256/256 1268/1268/1268
f 1252/1252/1252 259/259/259 1268/1268/1268
f 258/258/258 257/257/257 256/256/256
f 259/259/259 258/258/258 256/256/256
f 258/258/258 306/306/306 257/257/257
f 1240/1240/1240 259/259/259 1252/1252/1252
f 1493/1493/1493 258/258/258 259/259/259
f 1240/1240/1240 1493/1493/1493 259/259/259
f 1495/1495/1495 306/306/306 258/258/258
f 1493/1493/1493 1495/1495/1495 258/258/258
f 1239/1239/1239 1252/1252/1252 1251/1251/1251
f 1239/1239/1239 1240/1240/1240 1252/1252/1252
f 1253/1253/1253 1251/1251/1251 1489/1489/1489
f 1253/1253/1253 1239/1239/1239 1251/1251/1251
f 1490/1490/1490 1489/1489/1489 1248/1248/1248
f 1490/1490/1490 1253/1253/1253 1489/1489/1489
f 1249/1249/1249 1248/1248/1248 305/305/305
f 1249/1249/1249 1490/1490/1490 1248/1248/1248
f 1250/1250/1250 305/305/305 306/306/306
f 1250/1250/1250 1249/1249/1249 305/305/305
f 1495/1495/1495 1250/1250/1250 306/306/306
f 1500/1500/1500 1490/1490/1490 1249/1249/1249
f 1225/1225/1225 1249/1249/1249 1250/1250/1250
f 1225/1225/1225 1500/1500/1500 1249/1249/1249
f 1224/1224/1224 1250/1250/1250 1495/1495/1495
f 1224/1224/1224 1225/1225/1225 1250/1250/1250
f 1499/1499/1499 1253/1253/1253 1490/1490/1490
f 1500/1500/1500 1499/1499/1499 1490/1490/1490
f 1242/1242/1242 1239/1239/1239 1253/1253/1253
f 1499/1499/1499 1242/1242/1242 1253/1253/1253
f 1241/1241/1241 1240/1240/1240 1239/1239/1239
f 1242/1242/1242 1241/1241/1241 1239/1239/1239
f 1498/1498/1498 1493/1493/1493 1240/1240/1240
f 1241/1241/1241 1498/1498/1498 1240/1240/1240
f 1227/1227/1227 1495/1495/1495 1493/1493/1493
f 1498/1498/1498 1227/1227/1227 1493/1493/1493
f 1227/1227/1227 1224/1224/1224 1495/1495/1495
f 340/340/340 1498/1498/1498 1241/1241/1241
f 1214/1214/1214 1227/1227/1227 1498/1498/1498
f 340/340/340 1214/1214/1214 1498/1498/1498
f 1215/1215/1215 1224/1224/1224 1227/1227/1227
f 1214/1214/1214 1215/1215/1215 1227/1227/1227
f 339/339/339 1241/1241/1241 1242/1242/1242
f 339/339/339 340/340/340 1241/1241/1241
f 1507/1507/1507 1242/1242/1242 1499/1499/1499
f 1507/1507/1507 339/339/339 1242/1242/1242
f 1505/1505/1505 1499/1499/1499 1500/1500/1500
f 1505/1505/1505 1507/1507/1507 1499/1499/1499
f 1506/1506/1506 1500/1500/1500 1225/1225/1225
f 1506/1506/1506 1505/1505/1505 1500/1500/1500
f 1226/1226/1226 1225/1225/1225 1224/1224/1224
f 1226/1226/1226 1506/1506/1506 1225/1225/1225
f 1215/1215/1215 1226/1226/1226 1224/1224/1224
f 323/323/323 1505/1505/1505 1506/1506/1506
f 322/322/322 1506/1506/1506 1226/1226/1226
f 322/322/322 323/323/323 1506/1506/1506
f 346/346/346 1226/1226/1226 1215/1215/1215
f 346/346/346 322/322/322 1226/1226/1226
f 1511/1511/1511 1507/1507/1507 1505/1505/1505
f 323/323/323 1511/1511/1511 1505/1505/1505
f 342/342/342 339/339/339 1507/1507/1507
f 1511/1511/1511 342/342/342 1507/1507/1507
f 341/341/341 340/340/340 339/339/339
f 342/342/342 341/341/341 339/339/339
f 1198/1198/1198 1214/1214/1214 340/340/340
f 341/341/341 1198/1198/1198 340/340/340
f 348/348/348 1215/1215/1215 1214/1214/1214
f 1198/1198/1198 348/348/348 1214/1214/1214
f 348/348/348 346/346/346 1215/1215/1215
f 351/351/351 1198/1198/1198 341/341/341
f 349/349/349 348/348/348 1198/1198/1198
f 351/351/351 349/349/349 1198/1198/1198
f 347/347/347 346/346/346 348/348/348
f 349/349/349 347/347/347 348/348/348
f 350/350/350 341/341/341 342/342/342
f 350/350/350 351/351/351 341/341/341
f 1191/1191/1191 342/342/342 1511/1511/1511
f 1191/1191/1191 350/350/350 342/342/342
f 1190/1190/1190 1511/1511/1511 323/323/323
f 1190/1190/1190 1191/1191/1191 1511/1511/1511
f 324/324/324 323/323/323 322/322/322
f 324/324/324 1190/1190/1190 323/323/323
f 325/325/325 322/322/322 346/346/346
f 325/325/325 324/324/324 322/322/322
f 347/347/347 325/325/325 346/346/346
f 1180/1180/1180 1190/1190/1190 324/324/324
f 370/370/370 324/324/324 325/325/325
f 370/370/370 1180/1180/1180 324/324/324
f 369/369/369 325/325/325 347/347/347
f 369/369/369 370/370/370 325/325/325
f 1181/1181/1181 1191/1191/1191 1190/1190/1190
f 1180/1180/1180 1181/1181/1181 1190/1190/1190
f 353/353/353 350/350/350 1191/1191/1191
f 1181/1181/1181 353/353/353 1191/1191/1191
f 352/352/352 351/351/351 350/350/350
f 353/353/353 352/352/352 350/350/350
f 1183/1183/1183 349/349/349 351/351/351
f 352/352/352 1183/1183/1183 351/351/351
f 1182/1182/1182 347/347/347 349/349/349
f 1183/1183/1183 1182/1182/1182 349/349/349
f 1182/1182/1182 369/369/369 347/347/347
f 1192/1192/1192 1183/1183/1183 352/352/352
f 1160/1160/1160 1182/1182/1182 1183/1183/1183
f 1192/1192/1192 1160/1160/1160 1183/1183/1183
f 372/372/372 369/369/369 1182/1182/1182
f 1160/1160/1160 372/372/372 1182/1182/1182
f 1193/1193/1193 352/352/352 353/353/353
f 1193/1193/1193 1192/1192/1192 352/352/352
f 406/406/406 353/353/353 1181/1181/1181
f 406/406/406 1193/1193/1193 353/353/353
f 405/405/405 1181/1181/1181 1180/1180/1180
f 405/405/405 406/406/406 1181/1181/1181
f 1177/1177/1177 1180/1180/1180 370/370/370
f 1177/1177/1177 405/405/405 1180/1180/1180
f 371/371/371 370/370/370 369/369/369
f 371/371/371 1177/1177/1177 370/370/370
f 372/372/372 371/371/371 369/369/369
f 408/408/408 405/405/405 1177/1177/1177
f 1178/1178/1178 1177/1177/1177 371/371/371
f 1178/1178/1178 408/408/408 1177/1177/1177
f 1179/1179/1179 371/371/371 372/372/372
f 1179/1179/1179 1178/1178/1178 371/371/371
f 407/407/407 406/406/406 405/405/405
f 408/408/408 407/407/407 405/405/405
f 1551/1551/1551 1193/1193/1193 406/406/406
f 407/407/407 1551/1551/1551 406/406/406
f 422/422/422 1192/1192/1192 1193/1193/1193
f 1551/1551/1551 422/422/422 1193/1193/1193
f 423/423/423 1160/1160/1160 1192/1192/1192
f 422/422/422 423/423/423 1192/1192/1192
f 1161/1161/1161 372/372/372 1160/1160/1160
f 423/423/423 1161/1161/1161 1160/1160/1160
f 1161/1161/1161 1179/1179/1179 372/372/372
f 31/31/31 423/423/423 422/422/422
f 32/32/32 1161/1161/1161 423/423/423
f 31/31/31 32/32/32 423/423/423
f 1559/1559/1559 1179/1179/1179 1161/1161/1161
f 32/32/32 1559/1559/1559 1161/1161/1161
f 424/424/424 422/422/422 1551/1551/1551
f 424/424/424 31/31/31 422/422/422
f 492/492/492 1551/1551/1551 407/407/407
f 492/492/492 424/424/424 1551/1551/1551
f 1117/1117/1117 407/407/407 408/408/408
f 1117/1117/1117 492/492/492 407/407/407
f 1134/1134/1134 408/408/408 1178/1178/1178
f 1134/1134/1134 1117/1117/1117 408/408/408
f 1133/1133/1133 1178/1178/1178 1179/1179/1179
f 1133/1133/1133 1134/1134/1134 1178/1178/1178
f 1559/1559/1559 1133/1133/1133 1179/1179/1179
f 1118/1118/1118 1117/1117/1117 1134/1134/1134
f 1135/1135/1135 1134/1134/1134 1133/1133/1133
f 1135/1135/1135 1118/1118/1118 1134/1134/1134
f 1136/1136/1136 1133/1133/1133 1559/1559/1559
f 1136/1136/1136 1135/1135/1135 1133/1133/1133
f 494/494/494 492/492/492 1117/1117/1117
f 1118/1118/1118 494/494/494 1117/1117/1117
f 493/493/493 424/424/424 492/492/492
f 494/494/494 493/493/493 492/492/492
f 34/34/34 31/31/31 424/424/424
f 493/493/493 34/34/34 424/424/424
f 33/33/33 32/32/32 31/31/31
f 34/34/34 33/33/33 31/31/31
f 1585/1585/1585 1559/1559/1559 32/32/32
f 33/33/33 1585/1585/1585 32/32/32
f 1585/1585/1585 1136/1136/1136 1559/1559/1559
f 460/460/460 33/33/33 34/34/34
f 1586/1586/1586 1585/1585/1585 33/33/33
f 460/460/460 1586/1586/1586 33/33/33
f 1589/1589/1589 1136/1136/1136 1585/1585/1585
f 1586/1586/1586 1589/1589/1589 1585/1585/1585
f 459/459/459 34/34/34 493/493/493
f 459/459/459 460/460/460 34/34/34
f 1577/1577/1577 493/493/493 494/494/494
f 1577/1577/1577 459/459/459 493/493/493
f 1578/1578/1578 494/494/494 1118/1118/1118
f 1578/1578/1578 1577/1577/1577 494/494/494
f 1568/1568/1568 1118/1118/1118 1135/1135/1135
f 1568/1568/1568 1578/1578/1578 1118/1118/1118
f 1569/1569/1569 1135/1135/1135 1136/1136/1136
f 1569/1569/1569 1568/1568/1568 1135/1135/1135
f 1589/1589/1589 1569/1569/1569 1136/1136/1136
f 1596/1596/1596 1578/1578/1578 1568/1568/1568
f 1853/1853/1853 1568/1568/1568 1569/1569/1569
f 1853/1853/1853 1596/1596/1596 1568/1568/1568
f 478/478/478 1569/1569/1569 1589/1589/1589
f 478/478/478 1853/1853/1853 1569/1569/1569
f 1597/1597/1597 1577/1577/1577 1578/1578/1578
f 1596/1596/1596 1597/1597/1597 1578/1578/1578
f 462/462/462 459/459/459 1577/1577/1577
f 1597/1597/1597 462/462/462 1577/1577/1577
f 461/461/461 460/460/460 459/459/459
f 462/462/462 461/461/461 459/459/459
f 569/569/569 1586/1586/1586 460/460/460
f 461/461/461 569/569/569 460/460/460
f 477/477/477 1589/1589/1589 1586/1586/1586
f 569/569/569 477/477/477 1586/1586/1586
f 477/477/477 478/478/478 1589/1589/1589
f 570/570/570 569/569/569 461/461/461
f 480/480/480 477/477/477 569/569/569
f 570/570/570 480/480/480 569/569/569
f 479/479/479 478/478/478 477/477/477
f 480/480/480 479/479/479 477/477/477
f 1595/1595/1595 461/461/461 462/462/462
f 1595/1595/1595 570/570/570 461/461/461
f 1600/1600/1600 462/462/462 1597/1597/1597
f 1600/1600/1600 1595/1595/1595 462/462/462
f 1598/1598/1598 1597/1597/1597 1596/1596/1596
f 1598/1598/1598 1600/1600/1600 1597/1597/1597
f 1599/1599/1599 1596/1596/1596 1853/1853/1853
f 1599/1599/1599 1598/1598/1598 1596/1596/1596
f 1602/1602/1602 1853/1853/1853 478/478/478
f 1602/1602/1602 1599/1599/1599 1853/1853/1853
f 479/479/479 1602/1602/1602 478/478/478
f 1076/1076/1076 1598/1598/1598 1599/1599/1599
f 1075/1075/1075 1599/1599/1599 1602/1602/1602
f 1075/1075/1075 1076/1076/1076 1599/1599/1599
f 1061/1061/1061 1602/1602/1602 479/479/479
f 1061/1061/1061 1075/1075/1075 1602/1602/1602
f 1613/1613/1613 1600/1600/1600 1598/1598/1598
f 1076/1076/1076 1613/1613/1613 1598/1598/1598
f 1605/1605/1605 1595/1595/1595 1600/1600/1600
f 1613/1613/1613 1605/1605/1605 1600/1600/1600
f 1604/1604/1604 570/570/570 1595/1595/1595
f 1605/1605/1605 1604/1604/1604 1595/1595/1595
f 762/762/762 480/480/480 570/570/570
f 1604/1604/1604 762/762/762 570/570/570
f 763/763/763 479/479/479 480/480/480
f 762/762/762 763/763/763 480/480/480
f 763/763/763 1061/1061/1061 479/479/479
f 764/764/764 762/762/762 1604/1604/1604
f 517/517/517 763/763/763 762/762/762
f 764/764/764 517/517/517 762/762/762
f 518/518/518 1061/1061/1061 763/763/763
f 517/517/517 518/518/518 763/763/763
f 1606/1606/1606 1604/1604/1604 1605/1605/1605
f 1606/1606/1606 764/764/764 1604/1604/1604
f 541/541/541 1605/1605/1605 1613/1613/1613
f 541/541/541 1606/1606/1606 1605/1605/1605
f 540/540/540 1613/1613/1613 1076/1076/1076
f 540/540/540 541/541/541 1613/1613/1613
f 1077/1077/1077 1076/1076/1076 1075/1075/1075
f 1077/1077/1077 540/540/540 1076/1076/1076
f 1053/1053/1053 1075/1075/1075 1061/1061/1061
f 1053/1053/1053 1077/1077/1077 1075/1075/1075
f 518/518/518 1053/1053/1053 1061/1061/1061
f 543/543/543 540/540/540 1077/1077/1077
f 1625/1625/1625 1077/1077/1077 1053/1053/1053
f 1625/1625/1625 543/543/543 1077/1077/1077
f 1054/1054/1054 1053/1053/1053 518/518/518
f 1054/1054/1054 1625/1625/1625 1053/1053/1053
f 542/542/542 541/541/541 540/540/540
f 543/543/543 542/542/542 540/540/540
f 1620/1620/1620 1606/1606/1606 541/541/541
f 542/542/542 1620/1620/1620 541/541/541
f 548/548/548 764/764/764 1606/1606/1606
f 1620/1620/1620 548/548/548 1606/1606/1606
f 520/520/520 517/517/517 764/764/764
f 548/548/548 520/520/520 764/764/764
f 519/519/519 518/518/518 517/517/517
f 520/520/520 519/519/519 517/517/517
f 519/519/519 1054/1054/1054 518/518/518
f 549/549/549 520/520/520 548/548/548
f 559/559/559 519/519/519 520/520/520
f 549/549/549 559/559/559 520/520/520
f 560/560/560 1054/1054/1054 519/519/519
f 559/559/559 560/560/560 519/519/519
f 550/550/550 548/548/548 1620/1620/1620
f 550/550/550 549/549/549 548/548/548
f 1632/1632/1632 1620/1620/1620 542/542/542
f 1632/1632/1632 550/550/550 1620/1620/1620
f 563/563/563 542/542/542 543/543/543
f 563/563/563 1632/1632/1632 542/542/542
f 564/564/564 543/543/543 1625/1625/1625
f 564/564/564 563/563/563 543/543/543
f 1043/1043/1043 1625/1625/1625 1054/1054/1054
f 1043/1043/1043 564/564/564 1625/1625/1625
f 560/560/560 1043/1043/1043 1054/1054/1054
f 1634/1634/1634 563/563/563 564/564/564
f 1635/1635/1635 564/564/564 1043/1043/1043
f 1635/1635/1635 1634/1634/1634 564/564/564
f 675/675/675 1043/1043/1043 560/560/560
f 675/675/675 1635/1635/1635 1043/1043/1043
f 1633/1633/1633 1632/1632/1632 563/563/563
f 1634/1634/1634 1633/1633/1633 563/563/563
f 1014/1014/1014 550/550/550 1632/1632/1632
f 1633/1633/1633 1014/1014/1014 1632/1632/1632
f 1015/1015/1015 549/549/549 550/550/550
f 1014/1014/1014 1015/1015/1015 550/550/550
f 562/562/562 559/559/559 549/549/549
f 1015/1015/1015 562/562/562 549/549/549
f 561/561/561 560/560/560 559/559/559
f 562/562/562 561/561/561 559/559/559
f 561/561/561 675/675/675 560/560/560
f 579/579/579 562/562/562 1015/1015/1015
f 578/578/578 561/561/561 562/562/562
f 579/579/579 578/578/578 562/562/562
f 676/676/676 675/675/675 561/561/561
f 578/578/578 676/676/676 561/561/561
f 1016/1016/1016 1015/1015/1015 1014/1014/1014
f 1016/1016/1016 579/579/579 1015/1015/1015
f 1017/1017/1017 1014/1014/1014 1633/1633/1633
f 1017/1017/1017 1016/1016/1016 1014/1014/1014
f 1644/1644/1644 1633/1633/1633 1634/1634/1634
f 1644/1644/1644 1017/1017/1017 1633/1633/1633
f 606/606/606 1634/1634/1634 1635/1635/1635
f 606/606/606 1644/1644/1644 1634/1634/1634
f 605/605/605 1635/1635/1635 675/675/675
f 605/605/605 606/606/606 1635/1635/1635
f 676/676/676 605/605/605 675/675/675
f 1651/1651/1651 1644/1644/1644 606/606/606
f 607/607/607 606/606/606 605/605/605
f 607/607/607 1651/1651/1651 606/606/606
f 608/608/608 605/605/605 676/676/676
f 608/608/608 607/607/607 605/605/605
f 1650/1650/1650 1017/1017/1017 1644/1644/1644
f 1651/1651/1651 1650/1650/1650 1644/1644/1644
f 994/994/994 1016/1016/1016 1017/1017/1017
f 1650/1650/1650 994/994/994 1017/1017/1017
f 995/995/995 579/579/579 1016/1016/1016
f 994/994/994 995/995/995 1016/1016/1016
f 1662/1662/1662 578/578/578 579/579/579
f 995/995/995 1662/1662/1662 579/579/579
f 628/628/628 676/676/676 578/578/578
f 1662/1662/1662 628/628/628 578/578/578
f 628/628/628 608/608/608 676/676/676
f 633/633/633 1662/1662/1662 995/995/995
f 630/630/630 628/628/628 1662/1662/1662
f 633/633/633 630/630/630 1662/1662/1662
f 629/629/629 608/608/608 628/628/628
f 630/630/630 629/629/629 628/628/628
f 632/632/632 995/995/995 994/994/994
f 632/632/632 633/633/633 995/995/995
f 971/971/971 994/994/994 1650/1650/1650
f 971/971/971 632/632/632 994/994/994
f 1665/1665/1665 1650/1650/1650 1651/1651/1651
f 1665/1665/1665 971/971/971 1650/1650/1650
f 973/973/973 1651/1651/1651 607/607/607
f 973/973/973 1665/1665/1665 1651/1651/1651
f 631/631/631 607/607/607 608/608/608
f 631/631/631 973/973/973 607/607/607
f 629/629/629 631/631/631 608/608/608
f 1666/1666/1666 1665/1665/1665 973/973/973
f 961/961/961 973/973/973 631/631/631
f 961/961/961 1666/1666/1666 973/973/973
f 960/960/960 631/631/631 629/629/629
f 960/960/960 961/961/961 631/631/631
f 972/972/972 971/971/971 1665/1665/1665
f 1666/1666/1666 972/972/972 1665/1665/1665
f 635/635/635 632/632/632 971/971/971
f 972/972/972 635/635/635 971/971/971
f 634/634/634 633/633/633 632/632/632
f 635/635/635 634/634/634 632/632/632
f 772/772/772 630/630/630 633/633/633
f 634/634/634 772/772/772 633/633/633
f 771/771/771 629/629/629 630/630/630
f 772/772/772 771/771/771 630/630/630
f 771/771/771 960/960/960 629/629/629
f 1006/1006/1006 772/772/772 634/634/634
f 1675/1675/1675 771/771/771 772/772/772
f 1006/1006/1006 1675/1675/1675 772/772/772
f 948/948/948 960/960/960 771/771/771
f 1675/1675/1675 948/948/948 771/771/771
f 1007/1007/1007 634/634/634 635/635/635
f 1007/1007/1007 1006/1006/1006 634/634/634
f 1671/1671/1671 635/635/635 972/972/972
f 1671/1671/1671 1007/1007/1007 635/635/635
f 1816/1816/1816 972/972/972 1666/1666/1666
f 1816/1816/1816 1671/1671/1671 972/972/972
f 1695/1695/1695 1666/1666/1666 961/961/961
f 1695/1695/1695 1816/1816/1816 1666/1666/1666
f 949/949/949 961/961/961 960/960/960
f 949/949/949 1695/1695/1695 961/961/961
f 948/948/948 949/949/949 960/960/960
f 687/687/687 1816/1816/1816 1695/1695/1695
f 1696/1696/1696 1695/1695/1695 949/949/949
f 1696/1696/1696 687/687/687 1695/1695/1695
f 950/950/950 949/949/949 948/948/948
f 950/950/950 1696/1696/1696 949/949/949
f 688/688/688 1671/1671/1671 1816/1816/1816
f 687/687/687 688/688/688 1816/1816/1816
f 1690/1690/1690 1007/1007/1007 1671/1671/1671
f 688/688/688 1690/1690/1690 1671/1671/1671
f 1975/1975/1975 1006/1006/1006 1007/1007/1007
f 1690/1690/1690 1975/1975/1975 1007/1007/1007
f 1685/1685/1685 1675/1675/1675 1006/1006/1006
f 1975/1975/1975 1685/1685/1685 1006/1006/1006
f 951/951/951 948/948/948 1675/1675/1675
f 1685/1685/1685 951/951/951 1675/1675/1675
f 951/951/951 950/950/950 948/948/948
f 1698/1698/1698 1685/1685/1685 1975/1975/1975
f 703/703/703 951/951/951 1685/1685/1685
f 1698/1698/1698 703/703/703 1685/1685/1685
f 704/704/704 950/950/950 951/951/951
f 703/703/703 704/704/704 951/951/951
f 1709/1709/1709 1975/1975/1975 1690/1690/1690
f 1709/1709/1709 1698/1698/1698 1975/1975/1975
f 691/691/691 1690/1690/1690 688/688/688
f 691/691/691 1709/1709/1709 1690/1690/1690
f 689/689/689 688/688/688 687/687/687
f 689/689/689 691/691/691 688/688/688
f 690/690/690 687/687/687 1696/1696/1696
f 690/690/690 689/689/689 687/687/687
f 1800/1800/1800 1696/1696/1696 950/950/950
f 1800/1800/1800 690/690/690 1696/1696/1696
f 704/704/704 1800/1800/1800 950/950/950
f 693/693/693 689/689/689 690/690/690
f 712/712/712 690/690/690 1800/1800/1800
f 712/712/712 693/693/693 690/690/690
f 1795/1795/1795 1800/1800/1800 704/704/704
f 1795/1795/1795 712/712/712 1800/1800/1800
f 692/692/692 691/691/691 689/689/689
f 693/693/693 692/692/692 689/689/689
f 1710/1710/1710 1709/1709/1709 691/691/691
f 692/692/692 1710/1710/1710 691/691/691
f 1705/1705/1705 1698/1698/1698 1709/1709/1709
f 1710/1710/1710 1705/1705/1705 1709/1709/1709
f 706/706/706 703/703/703 1698/1698/1698
f 1705/1705/1705 706/706/706 1698/1698/1698
f 705/705/705 704/704/704 703/703/703
f 706/706/706 705/705/705 703/703/703
f 705/705/705 1795/1795/1795 704/704/704
f 733/733/733 706/706/706 1705/1705/1705
f 732/732/732 705/705/705 706/706/706
f 733/733/733 732/732/732 706/706/706
f 1735/1735/1735 1795/1795/1795 705/705/705
f 732/732/732 1735/1735/1735 705/705/705
f 1719/1719/1719 1705/1705/1705 1710/1710/1710
f 1719/1719/1719 733/733/733 1705/1705/1705
f 965/965/965 1710/1710/1710 692/692/692
f 965/965/965 1719/1719/1719 1710/1710/1710
f 887/887/887 692/692/692 693/693/693
f 887/887/887 965/965/965 692/692/692
f 737/737/737 693/693/693 712/712/712
f 737/737/737 887/887/887 693/693/693
f 736/736/736 712/712/712 1795/1795/1795
f 736/736/736 737/737/737 712/712/712
f 1735/1735/1735 736/736/736 1795/1795/1795
f 888/888/888 887/887/887 737/737/737
f 738/738/738 737/737/737 736/736/736
f 738/738/738 888/888/888 737/737/737
f 739/739/739 736/736/736 1735/1735/1735
f 739/739/739 738/738/738 736/736/736
f 966/966/966 965/965/965 887/887/887
f 888/888/888 966/966/966 887/887/887
f 1725/1725/1725 1719/1719/1719 965/965/965
f 966/966/966 1725/1725/1725 965/965/965
f 1724/1724/1724 733/733/733 1719/1719/1719
f 1725/1725/1725 1724/1724/1724 1719/1719/1719
f 1788/1788/1788 732/732/732 733/733/733
f 1724/1724/1724 1788/1788/1788 733/733/733
f 1736/1736/1736 1735/1735/1735 732/732/732
f 1788/1788/1788 1736/1736/1736 732/732/732
f 1736/1736/1736 739/739/739 1735/1735/1735
f 1760/1760/1760 1788/1788/1788 1724/1724/1724
f 1757/1757/1757 1736/1736/1736 1788/1788/1788
f 1760/1760/1760 1757/1757/1757 1788/1788/1788
f 761/761/761 739/739/739 1736/1736/1736
f 1757/1757/1757 761/761/761 1736/1736/1736
f 1751/1751/1751 1724/1724/1724 1725/1725/1725
f 1751/1751/1751 1760/1760/1760 1724/1724/1724
f 1752/1752/1752 1725/1725/1725 966/966/966
f 1752/1752/1752 1751/1751/1751 1725/1725/1725
f 1790/1790/1790 966/966/966 888/888/888
f 1790/1790/1790 1752/1752/1752 966/966/966
f 1792/1792/1792 888/888/888 738/738/738
f 1792/1792/1792 1790/1790/1790 888/888/888
f 760/760/760 738/738/738 739/739/739
f 760/760/760 1792/1792/1792 738/738/738
f 761/761/761 760/760/760 739/739/739
f 1772/1772/1772 1790/1790/1790 1792/1792/1792
f 1770/1770/1770 1792/1792/1792 760/760/760
f 1770/1770/1770 1772/1772/1772 1792/1792/1792
f 1755/1755/1755 760/760/760 761/761/761
f 1755/1755/1755 1770/1770/1770 760/760/760
f 1766/1766/1766 1752/1752/1752 1790/1790/1790
f 1772/1772/1772 1766/1766/1766 1790/1790/1790
f 1762/1762/1762 1751/1751/1751 1752/1752/1752
f 1766/1766/1766 1762/1762/1762 1752/1752/1752
f 1761/1761/1761 1760/1760/1760 1751/1751/1751
f 1762/1762/1762 1761/1761/1761 1751/1751/1751
f 1758/1758/1758 1757/1757/1757 1760/1760/1760
f 1761/1761/1761 1758/1758/1758 1760/1760/1760
f 1756/1756/1756 761/761/761 1757/1757/1757
f 1758/1758/1758 1756/1756/1756 1757/1757/1757
f 1756/1756/1756 1755/1755/1755 761/761/761
f 1780/1780/1780 1758/1758/1758 1761/1761/1761
f 843/843/843 1756/1756/1756 1758/1758/1758
f 1780/1780/1780 843/843/843 1758/1758/1758
f 844/844/844 1755/1755/1755 1756/1756/1756
f 843/843/843 844/844/844 1756/1756/1756
f 1779/1779/1779 1761/1761/1761 1762/1762/1762
f 1779/1779/1779 1780/1780/1780 1761/1761/1761
f 1767/1767/1767 1762/1762/1762 1766/1766/1766
f 1767/1767/1767 1779/1779/1779 1762/1762/1762
f 1768/1768/1768 1766/1766/1766 1772/1772/1772
f 1768/1768/1768 1767/1767/1767 1766/1766/1766
f 1773/1773/1773 1772/1772/1772 1770/1770/1770
f 1773/1773/1773 1768/1768/1768 1772/1772/1772
f 1771/1771/1771 1770/1770/1770 1755/1755/1755
f 1771/1771/1771 1773/1773/1773 1770/1770/1770
f 844/844/844 1771/1771/1771 1755/1755/1755
f 1776/1776/1776 1768/1768/1768 1773/1773/1773
f 1748/1748/1748 1773/1773/1773 1771/1771/1771
f 1748/1748/1748 1776/1776/1776 1773/1773/1773
f 1747/1747/1747 1771/1771/1771 844/844/844
f 1747/1747/1747 1748/1748/1748 1771/1771/1771
f 1783/1783/1783 1767/1767/1767 1768/1768/1768
f 1776/1776/1776 1783/1783/1783 1768/1768/1768
f 1782/1782/1782 1779/1779/1779 1767/1767/1767
f 1783/1783/1783 1782/1782/1782 1767/1767/1767
f 1781/1781/1781 1780/1780/1780 1779/1779/1779
f 1782/1782/1782 1781/1781/1781 1779/1779/1779
f 846/846/846 843/843/843 1780/1780/1780
f 1781/1781/1781 846/846/846 1780/1780/1780
f 845/845/845 844/844/844 843/843/843
f 846/846/846 845/845/845 843/843/843
f 845/845/845 1747/1747/1747 844/844/844
f 823/823/823 846/846/846 1781/1781/1781
f 1787/1787/1787 845/845/845 846/846/846
f 823/823/823 1787/1787/1787 846/846/846
f 1749/1749/1749 1747/1747/1747 845/845/845
f 1787/1787/1787 1749/1749/1749 845/845/845
f 822/822/822 1781/1781/1781 1782/1782/1782
f 822/822/822 823/823/823 1781/1781/1781
f 1775/1775/1775 1782/1782/1782 1783/1783/1783
f 1775/1775/1775 822/822/822 1782/1782/1782
f 1777/1777/1777 1783/1783/1783 1776/1776/1776
f 1777/1777/1777 1775/1775/1775 1783/1783/1783
f 853/853/853 1776/1776/1776 1748/1748/1748
f 853/853/853 1777/1777/1777 1776/1776/1776
f 852/852/852 1748/1748/1748 1747/1747/1747
f 852/852/852 853/853/853 1748/1748/1748
f 1749/1749/1749 852/852/852 1747/1747/1747
f 1769/1769/1769 1777/1777/1777 853/853/853
f 854/854/854 853/853/853 852/852/852
f 854/854/854 1769/1769/1769 853/853/853
f 855/855/855 852/852/852 1749/1749/1749
f 855/855/855 854/854/854 852/852/852
f 1763/1763/1763 1775/1775/1775 1777/1777/1777
f 1769/1769/1769 1763/1763/1763 1777/1777/1777
f 824/824/824 822/822/822 1775/1775/1775
f 1763/1763/1763 824/824/824 1775/1775/1775
f 806/806/806 823/823/823 822/822/822
f 824/824/824 806/806/806 822/822/822
f 807/807/807 1787/1787/1787 823/823/823
f 806/806/806 807/807/807 823/823/823
f 1774/1774/1774 1749/1749/1749 1787/1787/1787
f 807/807/807 1774/1774/1774 1787/1787/1787
f 1774/1774/1774 855/855/855 1749/1749/1749
f 808/808/808 807/807/807 806/806/806
f 1759/1759/1759 1774/1774/1774 807/807/807
f 808/808/808 1759/1759/1759 807/807/807
f 1754/1754/1754 855/855/855 1774/1774/1774
f 1759/1759/1759 1754/1754/1754 1774/1774/1774
f 809/809/809 806/806/806 824/824/824
f 809/809/809 808/808/808 806/806/806
f 1764/1764/1764 824/824/824 1763/1763/1763
f 1764/1764/1764 809/809/809 824/824/824
f 1765/1765/1765 1763/1763/1763 1769/1769/1769
f 1765/1765/1765 1764/1764/1764 1763/1763/1763
f 774/774/774 1769/1769/1769 854/854/854
f 774/774/774 1765/1765/1765 1769/1769/1769
f 773/773/773 854/854/854 855/855/855
f 773/773/773 774/774/774 854/854/854
f 1754/1754/1754 773/773/773 855/855/855
f 1791/1791/1791 1765/1765/1765 774/774/774
f 775/775/775 774/774/774 773/773/773
f 775/775/775 1791/1791/1791 774/774/774
f 776/776/776 773/773/773 1754/1754/1754
f 776/776/776 775/775/775 773/773/773
f 1789/1789/1789 1764/1764/1764 1765/1765/1765
f 1791/1791/1791 1789/1789/1789 1765/1765/1765
f 1744/1744/1744 809/809/809 1764/1764/1764
f 1789/1789/1789 1744/1744/1744 1764/1764/1764
f 1745/1745/1745 808/808/808 809/809/809
f 1744/1744/1744 1745/1745/1745 809/809/809
f 1728/1728/1728 1759/1759/1759 808/808/808
f 1745/1745/1745 1728/1728/1728 808/808/808
f 1729/1729/1729 1754/1754/1754 1759/1759/1759
f 1728/1728/1728 1729/1729/1729 1759/1759/1759
f 1729/1729/1729 776/776/776 1754/1754/1754
f 1731/1731/1731 1728/1728/1728 1745/1745/1745
f 1730/1730/1730 1729/1729/1729 1728/1728/1728
f 1731/1731/1731 1730/1730/1730 1728/1728/1728
f 1732/1732/1732 776/776/776 1729/1729/1729
f 1730/1730/1730 1732/1732/1732 1729/1729/1729
f 1746/1746/1746 1745/1745/1745 1744/1744/1744
f 1746/1746/1746 1731/1731/1731 1745/1745/1745
f 1727/1727/1727 1744/1744/1744 1789/1789/1789
f 1727/1727/1727 1746/1746/1746 1744/1744/1744
f 1726/1726/1726 1789/1789/1789 1791/1791/1791
f 1726/1726/1726 1727/1727/1727 1789/1789/1789
f 1737/1737/1737 1791/1791/1791 775/775/775
f 1737/1737/1737 1726/1726/1726 1791/1791/1791
f 1733/1733/1733 775/775/775 776/776/776
f 1733/1733/1733 1737/1737/1737 775/775/775
f 1732/1732/1732 1733/1733/1733 776/776/776
f 919/919/919 1726/1726/1726 1737/1737/1737
f 1738/1738/1738 1737/1737/1737 1733/1733/1733
f 1738/1738/1738 919/919/919 1737/1737/1737
f 1734/1734/1734 1733/1733/1733 1732/1732/1732
f 1734/1734/1734 1738/1738/1738 1733/1733/1733
f 920/920/920 1727/1727/1727 1726/1726/1726
f 919/919/919 920/920/920 1726/1726/1726
f 1794/1794/1794 1746/1746/1746 1727/1727/1727
f 920/920/920 1794/1794/1794 1727/1727/1727
f 1753/1753/1753 1731/1731/1731 1746/1746/1746
f 1794/1794/1794 1753/1753/1753 1746/1746/1746
f 908/908/908 1730/1730/1730 1731/1731/1731
f 1753/1753/1753 908/908/908 1731/1731/1731
f 909/909/909 1732/1732/1732 1730/1730/1730
f 908/908/908 909/909/909 1730/1730/1730
f 909/909/909 1734/1734/1734 1732/1732/1732
f 911/911/911 908/908/908 1753/1753/1753
f 910/910/910 909/909/909 908/908/908
f 911/911/911 910/910/910 908/908/908
f 933/933/933 1734/1734/1734 909/909/909
f 910/910/910 933/933/933 909/909/909
f 1716/1716/1716 1753/1753/1753 1794/1794/1794
f 1716/1716/1716 911/911/911 1753/1753/1753
f 1715/1715/1715 1794/1794/1794 920/920/920
f 1715/1715/1715 1716/1716/1716 1794/1794/1794
f 921/921/921 920/920/920 919/919/919
f 921/921/921 1715/1715/1715 920/920/920
f 922/922/922 919/919/919 1738/1738/1738
f 922/922/922 921/921/921 919/919/919
f 1740/1740/1740 1738/1738/1738 1734/1734/1734
f 1740/1740/1740 922/922/922 1738/1738/1738
f 933/933/933 1740/1740/1740 1734/1734/1734
f 1692/1692/1692 921/921/921 922/922/922
f 1713/1713/1713 922/922/922 1740/1740/1740
f 1713/1713/1713 1692/1692/1692 922/922/922
f 699/699/699 1740/1740/1740 933/933/933
f 699/699/699 1713/1713/1713 1740/1740/1740
f 1686/1686/1686 1715/1715/1715 921/921/921
f 1692/1692/1692 1686/1686/1686 921/921/921
f 1687/1687/1687 1716/1716/1716 1715/1715/1715
f 1686/1686/1686 1687/1687/1687 1715/1715/1715
f 681/681/681 911/911/911 1716/1716/1716
f 1687/1687/1687 681/681/681 1716/1716/1716
f 682/682/682 910/910/910 911/911/911
f 681/681/681 682/682/682 911/911/911
f 698/698/698 933/933/933 910/910/910
f 682/682/682 698/698/698 910/910/910
f 698/698/698 699/699/699 933/933/933
f 667/667/667 682/682/682 681/681/681
f 668/668/668 698/698/698 682/682/682
f 667/667/667 668/668/668 682/682/682
f 700/700/700 699/699/699 698/698/698
f 668/668/668 700/700/700 698/698/698
f 683/683/683 681/681/681 1687/1687/1687
f 683/683/683 667/667/667 681/681/681
f 744/744/744 1687/1687/1687 1686/1686/1686
f 744/744/744 683/683/683 1687/1687/1687
f 743/743/743 1686/1686/1686 1692/1692/1692
f 743/743/743 744/744/744 1686/1686/1686
f 1693/1693/1693 1692/1692/1692 1713/1713/1713
f 1693/1693/1693 743/743/743 1692/1692/1692
f 1802/1802/1802 1713/1713/1713 699/699/699
f 1802/1802/1802 1693/1693/1693 1713/1713/1713
f 700/700/700 1802/1802/1802 699/699/699
f 746/746/746 743/743/743 1693/1693/1693
f 1812/1812/1812 1693/1693/1693 1802/1802/1802
f 1812/1812/1812 746/746/746 1693/1693/1693
f 1807/1807/1807 1802/1802/1802 700/700/700
f 1807/1807/1807 1812/1812/1812 1802/1802/1802
f 745/745/745 744/744/744 743/743/743
f 746/746/746 745/745/745 743/743/743
f 1010/1010/1010 683/683/683 744/744/744
f 745/745/745 1010/1010/1010 744/744/744
f 670/670/670 667/667/667 683/683/683
f 1010/1010/1010 670/670/670 683/683/683
f 669/669/669 668/668/668 667/667/667
f 670/670/670 669/669/669 667/667/667
f 740/740/740 700/700/700 668/668/668
f 669/669/669 740/740/740 668/668/668
f 740/740/740 1807/1807/1807 700/700/700
f 782/782/782 669/669/669 670/670/670
f 783/783/783 740/740/740 669/669/669
f 782/782/782 783/783/783 669/669/669
f 978/978/978 1807/1807/1807 740/740/740
f 783/783/783 978/978/978 740/740/740
f 1676/1676/1676 670/670/670 1010/1010/1010
f 1676/1676/1676 782/782/782 670/670/670
f 1677/1677/1677 1010/1010/1010 745/745/745
f 1677/1677/1677 1676/1676/1676 1010/1010/1010
f 1814/1814/1814 745/745/745 746/746/746
f 1814/1814/1814 1677/1677/1677 745/745/745
f 1813/1813/1813 746/746/746 1812/1812/1812
f 1813/1813/1813 1814/1814/1814 746/746/746
f 979/979/979 1812/1812/1812 1807/1807/1807
f 979/979/979 1813/1813/1813 1812/1812/1812
f 978/978/978 979/979/979 1807/1807/1807
f 1817/1817/1817 1814/1814/1814 1813/1813/1813
f 1818/1818/1818 1813/1813/1813 979/979/979
f 1818/1818/1818 1817/1817/1817 1813/1813/1813
f 980/980/980 979/979/979 978/978/978
f 980/980/980 1818/1818/1818 979/979/979
f 996/996/996 1677/1677/1677 1814/1814/1814
f 1817/1817/1817 996/996/996 1814/1814/1814
f 997/997/997 1676/1676/1676 1677/1677/1677
f 996/996/996 997/997/997 1677/1677/1677
f 785/785/785 782/782/782 1676/1676/1676
f 997/997/997 785/785/785 1676/1676/1676
f 784/784/784 783/783/783 782/782/782
f 785/785/785 784/784/784 782/782/782
f 981/981/981 978/978/978 783/783/783
f 784/784/784 981/981/981 783/783/783
f 981/981/981 980/980/980 978/978/978
f 614/614/614 784/784/784 785/785/785
f 1820/1820/1820 981/981/981 784/784/784
f 614/614/614 1820/1820/1820 784/784/784
f 1819/1819/1819 980/980/980 981/981/981
f 1820/1820/1820 1819/1819/1819 981/981/981
f 613/613/613 785/785/785 997/997/997
f 613/613/613 614/614/614 785/785/785
f 998/998/998 997/997/997 996/996/996
f 998/998/998 613/613/613 997/997/997
f 999/999/999 996/996/996 1817/1817/1817
f 999/999/999 998/998/998 996/996/996
f 1822/1822/1822 1817/1817/1817 1818/1818/1818
f 1822/1822/1822 999/999/999 1817/1817/1817
f 1821/1821/1821 1818/1818/1818 980/980/980
f 1821/1821/1821 1822/1822/1822 1818/1818/1818
f 1819/1819/1819 1821/1821/1821 980/980/980
f 1962/1962/1962 999/999/999 1822/1822/1822
f 1830/1830/1830 1822/1822/1822 1821/1821/1821
f 1830/1830/1830 1962/1962/1962 1822/1822/1822
f 595/595/595 1821/1821/1821 1819/1819/1819
f 595/595/595 1830/1830/1830 1821/1821/1821
f 1013/1013/1013 998/998/998 999/999/999
f 1962/1962/1962 1013/1013/1013 999/999/999
f 616/616/616 613/613/613 998/998/998
f 1013/1013/1013 616/616/616 998/998/998
f 615/615/615 614/614/614 613/613/613
f 616/616/616 615/615/615 613/613/613
f 1831/1831/1831 1820/1820/1820 614/614/614
f 615/615/615 1831/1831/1831 614/614/614
f 594/594/594 1819/1819/1819 1820/1820/1820
f 1831/1831/1831 594/594/594 1820/1820/1820
f 594/594/594 595/595/595 1819/1819/1819
f 685/685/685 1831/1831/1831 615/615/615
f 597/597/597 594/594/594 1831/1831/1831
f 685/685/685 597/597/597 1831/1831/1831
f 596/596/596 595/595/595 594/594/594
f 597/597/597 596/596/596 594/594/594
f 684/684/684 615/615/615 616/616/616
f 684/684/684 685/685/685 615/615/615
f 1033/1033/1033 616/616/616 1013/1013/1013
f 1033/1033/1033 684/684/684 616/616/616
f 1035/1035/1035 1013/1013/1013 1962/1962/1962
f 1035/1035/1035 1033/1033/1033 1013/1013/1013
f 1055/1055/1055 1962/1962/1962 1830/1830/1830
f 1055/1055/1055 1035/1035/1035 1962/1962/1962
f 1037/1037/1037 1830/1830/1830 595/595/595
f 1037/1037/1037 1055/1055/1055 1830/1830/1830
f 596/596/596 1037/1037/1037 595/595/595
f 1036/1036/1036 1035/1035/1035 1055/1055/1055
f 1056/1056/1056 1055/1055/1055 1037/1037/1037
f 1056/1056/1056 1036/1036/1036 1055/1055/1055
f 1038/1038/1038 1037/1037/1037 596/596/596
f 1038/1038/1038 1056/1056/1056 1037/1037/1037
f 1034/1034/1034 1033/1033/1033 1035/1035/1035
f 1036/1036/1036 1034/1034/1034 1035/1035/1035
f 686/686/686 684/684/684 1033/1033/1033
f 1034/1034/1034 686/686/686 1033/1033/1033
f 544/544/544 685/685/685 684/684/684
f 686/686/686 544/544/544 684/684/684
f 545/545/545 597/597/597 685/685/685
f 544/544/544 545/545/545 685/685/685
f 1039/1039/1039 596/596/596 597/597/597
f 545/545/545 1039/1039/1039 597/597/597
f 1039/1039/1039 1038/1038/1038 596/596/596
f 546/546/546 545/545/545 544/544/544
f 734/734/734 1039/1039/1039 545/545/545
f 546/546/546 734/734/734 545/545/545
f 735/735/735 1038/1038/1038 1039/1039/1039
f 734/734/734 735/735/735 1039/1039/1039
f 547/547/547 544/544/544 686/686/686
f 547/547/547 546/546/546 544/544/544
f 636/636/636 686/686/686 1034/1034/1034
f 636/636/636 547/547/547 686/686/686
f 1070/1070/1070 1034/1034/1034 1036/1036/1036
f 1070/1070/1070 636/636/636 1034/1034/1034
f 1839/1839/1839 1036/1036/1036 1056/1056/1056
f 1839/1839/1839 1070/1070/1070 1036/1036/1036
f 1840/1840/1840 1056/1056/1056 1038/1038/1038
f 1840/1840/1840 1839/1839/1839 1056/1056/1056
f 735/735/735 1840/1840/1840 1038/1038/1038
f 1071/1071/1071 1070/1070/1070 1839/1839/1839
f 1846/1846/1846 1839/1839/1839 1840/1840/1840
f 1846/1846/1846 1071/1071/1071 1839/1839/1839
f 1841/1841/1841 1840/1840/1840 735/735/735
f 1841/1841/1841 1846/1846/1846 1840/1840/1840
f 637/637/637 636/636/636 1070/1070/1070
f 1071/1071/1071 637/637/637 1070/1070/1070
f 471/471/471 547/547/547 636/636/636
f 637/637/637 471/471/471 636/636/636
f 472/472/472 546/546/546 547/547/547
f 471/471/471 472/472/472 547/547/547
f 514/514/514 734/734/734 546/546/546
f 472/472/472 514/514/514 546/546/546
f 515/515/515 735/735/735 734/734/734
f 514/514/514 515/515/515 734/734/734
f 515/515/515 1841/1841/1841 735/735/735
f 486/486/486 514/514/514 472/472/472
f 516/516/516 515/515/515 514/514/514
f 486/486/486 516/516/516 514/514/514
f 1856/1856/1856 1841/1841/1841 515/515/515
f 516/516/516 1856/1856/1856 515/515/515
f 473/473/473 472/472/472 471/471/471
f 473/473/473 486/486/486 472/472/472
f 474/474/474 471/471/471 637/637/637
f 474/474/474 473/473/473 471/471/471
f 1086/1086/1086 637/637/637 1071/1071/1071
f 1086/1086/1086 474/474/474 637/637/637
f 1847/1847/1847 1071/1071/1071 1846/1846/1846
f 1847/1847/1847 1086/1086/1086 1071/1071/1071
f 1848/1848/1848 1846/1846/1846 1841/1841/1841
f 1848/1848/1848 1847/1847/1847 1846/1846/1846
f 1856/1856/1856 1848/1848/1848 1841/1841/1841
f 525/525/525 1086/1086/1086 1847/1847/1847
f 1855/1855/1855 1847/1847/1847 1848/1848/1848
f 1855/1855/1855 525/525/525 1847/1847/1847
f 1097/1097/1097 1848/1848/1848 1856/1856/1856
f 1097/1097/1097 1855/1855/1855 1848/1848/1848
f 526/526/526 474/474/474 1086/1086/1086
f 525/525/525 526/526/526 1086/1086/1086
f 488/488/488 473/473/473 474/474/474
f 526/526/526 488/488/488 474/474/474
f 487/487/487 486/486/486 473/473/473
f 488/488/488 487/487/487 473/473/473
f 1854/1854/1854 516/516/516 486/486/486
f 487/487/487 1854/1854/1854 486/486/486
f 1096/1096/1096 1856/1856/1856 516/516/516
f 1854/1854/1854 1096/1096/1096 516/516/516
f 1096/1096/1096 1097/1097/1097 1856/1856/1856
f 1857/1857/1857 1854/1854/1854 487/487/487
f 1099/1099/1099 1096/1096/1096 1854/1854/1854
f 1857/1857/1857 1099/1099/1099 1854/1854/1854
f 1098/1098/1098 1097/1097/1097 1096/1096/1096
f 1099/1099/1099 1098/1098/1098 1096/1096/1096
f 1858/1858/1858 487/487/487 488/488/488
f 1858/1858/1858 1857/1857/1857 487/487/487
f 1114/1114/1114 488/488/488 526/526/526
f 1114/1114/1114 1858/1858/1858 488/488/488
f 527/527/527 526/526/526 525/525/525
f 527/527/527 1114/1114/1114 526/526/526
f 528/528/528 525/525/525 1855/1855/1855
f 528/528/528 527/527/527 525/525/525
f 1864/1864/1864 1855/1855/1855 1097/1097/1097
f 1864/1864/1864 528/528/528 1855/1855/1855
f 1098/1098/1098 1864/1864/1864 1097/1097/1097
f 1116/1116/1116 527/527/527 528/528/528
f 1566/1566/1566 528/528/528 1864/1864/1864
f 1566/1566/1566 1116/1116/1116 528/528/528
f 1567/1567/1567 1864/1864/1864 1098/1098/1098
f 1567/1567/1567 1566/1566/1566 1864/1864/1864
f 1115/1115/1115 1114/1114/1114 527/527/527
f 1116/1116/1116 1115/1115/1115 527/527/527
f 1561/1561/1561 1858/1858/1858 1114/1114/1114
f 1115/1115/1115 1561/1561/1561 1114/1114/1114
f 1866/1866/1866 1857/1857/1857 1858/1858/1858
f 1561/1561/1561 1866/1866/1866 1858/1858/1858
f 1562/1562/1562 1099/1099/1099 1857/1857/1857
f 1866/1866/1866 1562/1562/1562 1857/1857/1857
f 1563/1563/1563 1098/1098/1098 1099/1099/1099
f 1562/1562/1562 1563/1563/1563 1099/1099/1099
f 1563/1563/1563 1567/1567/1567 1098/1098/1098
f 1565/1565/1565 1562/1562/1562 1866/1866/1866
f 1564/1564/1564 1563/1563/1563 1562/1562/1562
f 1565/1565/1565 1564/1564/1564 1562/1562/1562
f 1552/1552/1552 1567/1567/1567 1563/1563/1563
f 1564/1564/1564 1552/1552/1552 1563/1563/1563
f 1867/1867/1867 1866/1866/1866 1561/1561/1561
f 1867/1867/1867 1565/1565/1565 1866/1866/1866
f 1549/1549/1549 1561/1561/1561 1115/1115/1115
f 1549/1549/1549 1867/1867/1867 1561/1561/1561
f 1126/1126/1126 1115/1115/1115 1116/1116/1116
f 1126/1126/1126 1549/1549/1549 1115/1115/1115
f 1125/1125/1125 1116/1116/1116 1566/1566/1566
f 1125/1125/1125 1126/1126/1126 1116/1116/1116
f 1553/1553/1553 1566/1566/1566 1567/1567/1567
f 1553/1553/1553 1125/1125/1125 1566/1566/1566
f 1552/1552/1552 1553/1553/1553 1567/1567/1567
f 1127/1127/1127 1126/1126/1126 1125/1125/1125
f 1128/1128/1128 1125/1125/1125 1553/1553/1553
f 1128/1128/1128 1127/1127/1127 1125/1125/1125
f 1554/1554/1554 1553/1553/1553 1552/1552/1552
f 1554/1554/1554 1128/1128/1128 1553/1553/1553
f 1550/1550/1550 1549/1549/1549 1126/1126/1126
f 1127/1127/1127 1550/1550/1550 1126/1126/1126
f 1871/1871/1871 1867/1867/1867 1549/1549/1549
f 1550/1550/1550 1871/1871/1871 1549/1549/1549
f 1870/1870/1870 1565/1565/1565 1867/1867/1867
f 1871/1871/1871 1870/1870/1870 1867/1867/1867
f 1539/1539/1539 1564/1564/1564 1565/1565/1565
f 1870/1870/1870 1539/1539/1539 1565/1565/1565
f 1540/1540/1540 1552/1552/1552 1564/1564/1564
f 1539/1539/1539 1540/1540/1540 1564/1564/1564
f 1540/1540/1540 1554/1554/1554 1552/1552/1552
f 1165/1165/1165 1539/1539/1539 1870/1870/1870
f 1541/1541/1541 1540/1540/1540 1539/1539/1539
f 1165/1165/1165 1541/1541/1541 1539/1539/1539
f 1523/1523/1523 1554/1554/1554 1540/1540/1540
f 1541/1541/1541 1523/1523/1523 1540/1540/1540
f 1164/1164/1164 1870/1870/1870 1871/1871/1871
f 1164/1164/1164 1165/1165/1165 1870/1870/1870
f 1873/1873/1873 1871/1871/1871 1550/1550/1550
f 1873/1873/1873 1164/1164/1164 1871/1871/1871
f 366/366/366 1550/1550/1550 1127/1127/1127
f 366/366/366 1873/1873/1873 1550/1550/1550
f 365/365/365 1127/1127/1127 1128/1128/1128
f 365/365/365 366/366/366 1127/1127/1127
f 1524/1524/1524 1128/1128/1128 1554/1554/1554
f 1524/1524/1524 365/365/365 1128/1128/1128
f 1523/1523/1523 1524/1524/1524 1554/1554/1554
f 367/367/367 366/366/366 365/365/365
f 368/368/368 365/365/365 1524/1524/1524
f 368/368/368 367/367/367 365/365/365
f 1525/1525/1525 1524/1524/1524 1523/1523/1523
f 1525/1525/1525 368/368/368 1524/1524/1524
f 1522/1522/1522 1873/1873/1873 366/366/366
f 367/367/367 1522/1522/1522 366/366/366
f 1167/1167/1167 1164/1164/1164 1873/1873/1873
f 1522/1522/1522 1167/1167/1167 1873/1873/1873
f 1166/1166/1166 1165/1165/1165 1164/1164/1164
f 1167/1167/1167 1166/1166/1166 1164/1164/1164
f 1874/1874/1874 1541/1541/1541 1165/1165/1165
f 1166/1166/1166 1874/1874/1874 1165/1165/1165
f 1526/1526/1526 1523/1523/1523 1541/1541/1541
f 1874/1874/1874 1526/1526/1526 1541/1541/1541
f 1526/1526/1526 1525/1525/1525 1523/1523/1523
f 1882/1882/1882 1874/1874/1874 1166/1166/1166
f 1884/1884/1884 1526/1526/1526 1874/1874/1874
f 1882/1882/1882 1884/1884/1884 1874/1874/1874
f 1201/1201/1201 1525/1525/1525 1526/1526/1526
f 1884/1884/1884 1201/1201/1201 1526/1526/1526
f 1194/1194/1194 1166/1166/1166 1167/1167/1167
f 1194/1194/1194 1882/1882/1882 1166/1166/1166
f 1195/1195/1195 1167/1167/1167 1522/1522/1522
f 1195/1195/1195 1194/1194/1194 1167/1167/1167
f 1509/1509/1509 1522/1522/1522 367/367/367
f 1509/1509/1509 1195/1195/1195 1522/1522/1522
f 1207/1207/1207 367/367/367 368/368/368
f 1207/1207/1207 1509/1509/1509 367/367/367
f 1202/1202/1202 368/368/368 1525/1525/1525
f 1202/1202/1202 1207/1207/1207 368/368/368
f 1201/1201/1201 1202/1202/1202 1525/1525/1525
f 1228/1228/1228 1509/1509/1509 1207/1207/1207
f 1208/1208/1208 1207/1207/1207 1202/1202/1202
f 1208/1208/1208 1228/1228/1228 1207/1207/1207
f 1203/1203/1203 1202/1202/1202 1201/1201/1201
f 1203/1203/1203 1208/1208/1208 1202/1202/1202
f 1229/1229/1229 1195/1195/1195 1509/1509/1509
f 1228/1228/1228 1229/1229/1229 1509/1509/1509
f 1883/1883/1883 1194/1194/1194 1195/1195/1195
f 1229/1229/1229 1883/1883/1883 1195/1195/1195
f 1501/1501/1501 1882/1882/1882 1194/1194/1194
f 1883/1883/1883 1501/1501/1501 1194/1194/1194
f 381/381/381 1884/1884/1884 1882/1882/1882
f 1501/1501/1501 381/381/381 1882/1882/1882
f 382/382/382 1201/1201/1201 1884/1884/1884
f 381/381/381 382/382/382 1884/1884/1884
f 382/382/382 1203/1203/1203 1201/1201/1201
f 384/384/384 381/381/381 1501/1501/1501
f 383/383/383 382/382/382 381/381/381
f 384/384/384 383/383/383 381/381/381
f 1216/1216/1216 1203/1203/1203 382/382/382
f 383/383/383 1216/1216/1216 382/382/382
f 1232/1232/1232 1501/1501/1501 1883/1883/1883
f 1232/1232/1232 384/384/384 1501/1501/1501
f 1231/1231/1231 1883/1883/1883 1229/1229/1229
f 1231/1231/1231 1232/1232/1232 1883/1883/1883
f 1230/1230/1230 1229/1229/1229 1228/1228/1228
f 1230/1230/1230 1231/1231/1231 1229/1229/1229
f 308/308/308 1228/1228/1228 1208/1208/1208
f 308/308/308 1230/1230/1230 1228/1228/1228
f 307/307/307 1208/1208/1208 1203/1203/1203
f 307/307/307 308/308/308 1208/1208/1208
f 1216/1216/1216 307/307/307 1203/1203/1203
f 266/266/266 1230/1230/1230 308/308/308
f 309/309/309 308/308/308 307/307/307
f 309/309/309 266/266/266 308/308/308
f 310/310/310 307/307/307 1216/1216/1216
f 310/310/310 309/309/309 307/307/307
f 267/267/267 1231/1231/1231 1230/1230/1230
f 266/266/266 267/267/267 1230/1230/1230
f 290/290/290 1232/1232/1232 1231/1231/1231
f 267/267/267 290/290/290 1231/1231/1231
f 1892/1892/1892 384/384/384 1232/1232/1232
f 290/290/290 1892/1892/1892 1232/1232/1232
f 1891/1891/1891 383/383/383 384/384/384
f 1892/1892/1892 1891/1891/1891 384/384/384
f 1890/1890/1890 1216/1216/1216 383/383/383
f 1891/1891/1891 1890/1890/1890 383/383/383
f 1890/1890/1890 310/310/310 1216/1216/1216
f 1893/1893/1893 1891/1891/1891 1892/1892/1892
f 1485/1485/1485 1890/1890/1890 1891/1891/1891
f 1893/1893/1893 1485/1485/1485 1891/1891/1891
f 1486/1486/1486 310/310/310 1890/1890/1890
f 1485/1485/1485 1486/1486/1486 1890/1890/1890
f 1484/1484/1484 1892/1892/1892 290/290/290
f 1484/1484/1484 1893/1893/1893 1892/1892/1892
f 291/291/291 290/290/290 267/267/267
f 291/291/291 1484/1484/1484 290/290/290
f 268/268/268 267/267/267 266/266/266
f 268/268/268 291/291/291 267/267/267
f 269/269/269 266/266/266 309/309/309
f 269/269/269 268/268/268 266/266/266
f 317/317/317 309/309/309 310/310/310
f 317/317/317 269/269/269 309/309/309
f 1486/1486/1486 317/317/317 310/310/310
f 232/232/232 268/268/268 269/269/269
f 318/318/318 269/269/269 317/317/317
f 318/318/318 232/232/232 269/269/269
f 319/319/319 317/317/317 1486/1486/1486
f 319/319/319 318/318/318 317/317/317
f 233/233/233 291/291/291 268/268/268
f 232/232/232 233/233/233 268/268/268
f 1261/1261/1261 1484/1484/1484 291/291/291
f 233/233/233 1261/1261/1261 291/291/291
f 1262/1262/1262 1893/1893/1893 1484/1484/1484
f 1261/1261/1261 1262/1262/1262 1484/1484/1484
f 1478/1478/1478 1485/1485/1485 1893/1893/1893
f 1262/1262/1262 1478/1478/1478 1893/1893/1893
f 1479/1479/1479 1486/1486/1486 1485/1485/1485
f 1478/1478/1478 1479/1479/1479 1485/1485/1485
f 1479/1479/1479 319/319/319 1486/1486/1486
f 1473/1473/1473 1478/1478/1478 1262/1262/1262
f 1475/1475/1475 1479/1479/1479 1478/1478/1478
f 1473/1473/1473 1475/1475/1475 1478/1478/1478
f 1476/1476/1476 319/319/319 1479/1479/1479
f 1475/1475/1475 1476/1476/1476 1479/1479/1479
f 1263/1263/1263 1262/1262/1262 1261/1261/1261
f 1263/1263/1263 1473/1473/1473 1262/1262/1262
f 1264/1264/1264 1261/1261/1261 233/233/233
f 1264/1264/1264 1263/1263/1263 1261/1261/1261
f 234/234/234 233/233/233 232/232/232
f 234/234/234 1264/1264/1264 233/233/233
f 235/235/235 232/232/232 318/318/318
f 235/235/235 234/234/234 232/232/232
f 2026/2026/2026 318/318/318 319/319/319
f 2026/2026/2026 235/235/235 318/318/318
f 1476/1476/1476 2026/2026/2026 319/319/319
f 1464/1464/1464 234/234/234 235/235/235
f 1463/1463/1463 235/235/235 2026/2026/2026
f 1463/1463/1463 1464/1464/1464 235/235/235
f 1900/1900/1900 2026/2026/2026 1476/1476/1476
f 1900/1900/1900 1463/1463/1463 2026/2026/2026
f 1459/1459/1459 1264/1264/1264 234/234/234
f 1464/1464/1464 1459/1459/1459 234/234/234
f 1460/1460/1460 1263/1263/1263 1264/1264/1264
f 1459/1459/1459 1460/1460/1460 1264/1264/1264
f 1474/1474/1474 1473/1473/1473 1263/1263/1263
f 1460/1460/1460 1474/1474/1474 1263/1263/1263
f 23/23/23 1475/1475/1475 1473/1473/1473
f 1474/1474/1474 23/23/23 1473/1473/1473
f 24/24/24 1476/1476/1476 1475/1475/1475
f 23/23/23 24/24/24 1475/1475/1475
f 24/24/24 1900/1900/1900 1476/1476/1476
f 26/26/26 23/23/23 1474/1474/1474
f 25/25/25 24/24/24 23/23/23
f 26/26/26 25/25/25 23/23/23
f 1454/1454/1454 1900/1900/1900 24/24/24
f 25/25/25 1454/1454/1454 24/24/24
f 1902/1902/1902 1474/1474/1474 1460/1460/1460
f 1902/1902/1902 26/26/26 1474/1474/1474
f 1457/1457/1457 1460/1460/1460 1459/1459/1459
f 1457/1457/1457 1902/1902/1902 1460/1460/1460
f 1303/1303/1303 1459/1459/1459 1464/1464/1464
f 1303/1303/1303 1457/1457/1457 1459/1459/1459
f 1302/1302/1302 1464/1464/1464 1463/1463/1463
f 1302/1302/1302 1303/1303/1303 1464/1464/1464
f 1465/1465/1465 1463/1463/1463 1900/1900/1900
f 1465/1465/1465 1302/1302/1302 1463/1463/1463
f 1454/1454/1454 1465/1465/1465 1900/1900/1900
f 167/167/167 1303/1303/1303 1302/1302/1302
f 166/166/166 1302/1302/1302 1465/1465/1465
f 166/166/166 167/167/167 1302/1302/1302
f 1906/1906/1906 1465/1465/1465 1454/1454/1454
f 1906/1906/1906 166/166/166 1465/1465/1465
f 1458/1458/1458 1457/1457/1457 1303/1303/1303
f 167/167/167 1458/1458/1458 1303/1303/1303
f 1903/1903/1903 1902/1902/1902 1457/1457/1457
f 1458/1458/1458 1903/1903/1903 1457/1457/1457
f 1904/1904/1904 26/26/26 1902/1902/1902
f 1903/1903/1903 1904/1904/1904 1902/1902/1902
f 1446/1446/1446 25/25/25 26/26/26
f 1904/1904/1904 1446/1446/1446 26/26/26
f 1447/1447/1447 1454/1454/1454 25/25/25
f 1446/1446/1446 1447/1447/1447 25/25/25
f 1447/1447/1447 1906/1906/1906 1454/1454/1454
f 1449/1449/1449 1446/1446/1446 1904/1904/1904
f 1448/1448/1448 1447/1447/1447 1446/1446/1446
f 1449/1449/1449 1448/1448/1448 1446/1446/1446
f 1907/1907/1907 1906/1906/1906 1447/1447/1447
f 1448/1448/1448 1907/1907/1907 1447/1447/1447
f 1908/1908/1908 1904/1904/1904 1903/1903/1903
f 1908/1908/1908 1449/1449/1449 1904/1904/1904
f 1439/1439/1439 1903/1903/1903 1458/1458/1458
f 1439/1439/1439 1908/1908/1908 1903/1903/1903
f 1438/1438/1438 1458/1458/1458 167/167/167
f 1438/1438/1438 1439/1439/1439 1458/1458/1458
f 144/144/144 167/167/167 166/166/166
f 144/144/144 1438/1438/1438 167/167/167
f 143/143/143 166/166/166 1906/1906/1906
f 143/143/143 144/144/144 166/166/166
f 1907/1907/1907 143/143/143 1906/1906/1906
f 1344/1344/1344 1438/1438/1438 144/144/144
f 145/145/145 144/144/144 143/143/143
f 145/145/145 1344/1344/1344 144/144/144
f 146/146/146 143/143/143 1907/1907/1907
f 146/146/146 145/145/145 143/143/143
f 1347/1347/1347 1439/1439/1439 1438/1438/1438
f 1344/1344/1344 1347/1347/1347 1438/1438/1438
f 1348/1348/1348 1908/1908/1908 1439/1439/1439
f 1347/1347/1347 1348/1348/1348 1439/1439/1439
f 1436/1436/1436 1449/1449/1449 1908/1908/1908
f 1348/1348/1348 1436/1436/1436 1908/1908/1908
f 1911/1911/1911 1448/1448/1448 1449/1449/1449
f 1436/1436/1436 1911/1911/1911 1449/1449/1449
f 1435/1435/1435 1907/1907/1907 1448/1448/1448
f 1911/1911/1911 1435/1435/1435 1448/1448/1448
f 1435/1435/1435 146/146/146 1907/1907/1907
f 1357/1357/1357 1911/1911/1911 1436/1436/1436
f 1366/1366/1366 1435/1435/1435 1911/1911/1911
f 1357/1357/1357 1366/1366/1366 1911/1911/1911
f 1433/1433/1433 146/146/146 1435/1435/1435
f 1366/1366/1366 1433/1433/1433 1435/1435/1435
f 1356/1356/1356 1436/1436/1436 1348/1348/1348
f 1356/1356/1356 1357/1357/1357 1436/1436/1436
f 1349/1349/1349 1348/1348/1348 1347/1347/1347
f 1349/1349/1349 1356/1356/1356 1348/1348/1348
f 1350/1350/1350 1347/1347/1347 1344/1344/1344
f 1350/1350/1350 1349/1349/1349 1347/1347/1347
f 1345/1345/1345 1344/1344/1344 145/145/145
f 1345/1345/1345 1350/1350/1350 1344/1344/1344
f 1346/1346/1346 145/145/145 146/146/146
f 1346/1346/1346 1345/1345/1345 145/145/145
f 1433/1433/1433 1346/1346/1346 146/146/146
f 43/43/43 1350/1350/1350 1345/1345/1345
f 42/42/42 1345/1345/1345 1346/1346/1346
f 42/42/42 43/43/43 1345/1345/1345
f 117/117/117 1346/1346/1346 1433/1433/1433
f 117/117/117 42/42/42 1346/1346/1346
f 1362/1362/1362 1349/1349/1349 1350/1350/1350
f 43/43/43 1362/1362/1362 1350/1350/1350
f 1359/1359/1359 1356/1356/1356 1349/1349/1349
f 1362/1362/1362 1359/1359/1359 1349/1349/1349
f 1358/1358/1358 1357/1357/1357 1356/1356/1356
f 1359/1359/1359 1358/1358/1358 1356/1356/1356
f 72/72/72 1366/1366/1366 1357/1357/1357
f 1358/1358/1358 72/72/72 1357/1357/1357
f 73/73/73 1433/1433/1433 1366/1366/1366
f 72/72/72 73/73/73 1366/1366/1366
f 73/73/73 117/117/117 1433/1433/1433
f 74/74/74 72/72/72 1358/1358/1358
f 48/48/48 73/73/73 72/72/72
f 74/74/74 48/48/48 72/72/72
f 49/49/49 117/117/117 73/73/73
f 48/48/48 49/49/49 73/73/73
f 1431/1431/1431 1358/1358/1358 1359/1359/1359
f 1431/1431/1431 74/74/74 1358/1358/1358
f 1384/1384/1384 1359/1359/1359 1362/1362/1362
f 1384/1384/1384 1431/1431/1431 1359/1359/1359
f 1385/1385/1385 1362/1362/1362 43/43/43
f 1385/1385/1385 1384/1384/1384 1362/1362/1362
f 44/44/44 43/43/43 42/42/42
f 44/44/44 1385/1385/1385 43/43/43
f 45/45/45 42/42/42 117/117/117
f 45/45/45 44/44/44 42/42/42
f 49/49/49 45/45/45 117/117/117
f 1919/1919/1919 1385/1385/1385 44/44/44
f 1920/1920/1920 44/44/44 45/45/45
f 1920/1920/1920 1919/1919/1919 44/44/44
f 78/78/78 45/45/45 49/49/49
f 78/78/78 1920/1920/1920 45/45/45
f 1404/1404/1404 1384/1384/1384 1385/1385/1385
f 1919/1919/1919 1404/1404/1404 1385/1385/1385
f 1405/1405/1405 1431/1431/1431 1384/1384/1384
f 1404/1404/1404 1405/1405/1405 1384/1384/1384
f 1914/1914/1914 74/74/74 1431/1431/1431
f 1405/1405/1405 1914/1914/1914 1431/1431/1431
f 51/51/51 48/48/48 74/74/74
f 1914/1914/1914 51/51/51 74/74/74
f 50/50/50 49/49/49 48/48/48
f 51/51/51 50/50/50 48/48/48
f 50/50/50 78/78/78 49/49/49
f 1416/1416/1416 51/51/51 1914/1914/1914
f 80/80/80 50/50/50 51/51/51
f 1416/1416/1416 80/80/80 51/51/51
f 79/79/79 78/78/78 50/50/50
f 80/80/80 79/79/79 50/50/50
f 1422/1422/1422 1914/1914/1914 1405/1405/1405
f 1422/1422/1422 1416/1416/1416 1914/1914/1914
f 1406/1406/1406 1405/1405/1405 1404/1404/1404
f 1406/1406/1406 1422/1422/1422 1405/1405/1405
f 1407/1407/1407 1404/1404/1404 1919/1919/1919
f 1407/1407/1407 1406/1406/1406 1404/1404/1404
f 1413/1413/1413 1919/1919/1919 1920/1920/1920
f 1413/1413/1413 1407/1407/1407 1919/1919/1919
f 1409/1409/1409 1920/1920/1920 78/78/78
f 1409/1409/1409 1413/1413/1413 1920/1920/1920
f 79/79/79 1409/1409/1409 78/78/78
f 1414/1414/1414 1407/1407/1407 1413/1413/1413
f 1389/1389/1389 1413/1413/1413 1409/1409/1409
f 1389/1389/1389 1414/1414/1414 1413/1413/1413
f 86/86/86 1409/1409/1409 79/79/79
f 86/86/86 1389/1389/1389 1409/1409/1409
f 99/99/99 1406/1406/1406 1407/1407/1407
f 1414/1414/1414 99/99/99 1407/1407/1407
f 100/100/100 1422/1422/1422 1406/1406/1406
f 99/99/99 100/100/100 1406/1406/1406
f 1390/1390/1390 1416/1416/1416 1422/1422/1422
f 100/100/100 1390/1390/1390 1422/1422/1422
f 1391/1391/1391 80/80/80 1416/1416/1416
f 1390/1390/1390 1391/1391/1391 1416/1416/1416
f 85/85/85 79/79/79 80/80/80
f 1391/1391/1391 85/85/85 80/80/80
f 85/85/85 86/86/86 79/79/79
f 1373/1373/1373 1391/1391/1391 1390/1390/1390
f 88/88/88 85/85/85 1391/1391/1391
f 1373/1373/1373 88/88/88 1391/1391/1391
f 87/87/87 86/86/86 85/85/85
f 88/88/88 87/87/87 85/85/85
f 1392/1392/1392 1390/1390/1390 100/100/100
f 1392/1392/1392 1373/1373/1373 1390/1390/1390
f 101/101/101 100/100/100 99/99/99
f 101/101/101 1392/1392/1392 100/100/100
f 102/102/102 99/99/99 1414/1414/1414
f 102/102/102 101/101/101 99/99/99
f 1381/1381/1381 1414/1414/1414 1389/1389/1389
f 1381/1381/1381 102/102/102 1414/1414/1414
f 1380/1380/1380 1389/1389/1389 86/86/86
f 1380/1380/1380 1381/1381/1381 1389/1389/1389
f 87/87/87 1380/1380/1380 86/86/86
f 128/128/128 102/102/102 1381/1381/1381
f 1368/1368/1368 1381/1381/1381 1380/1380/1380
f 1368/1368/1368 128/128/128 1381/1381/1381
f 1367/1367/1367 1380/1380/1380 87/87/87
f 1367/1367/1367 1368/1368/1368 1380/1380/1380
f 127/127/127 101/101/101 102/102/102
f 128/128/128 127/127/127 102/102/102
f 91/91/91 1392/1392/1392 101/101/101
f 127/127/127 91/91/91 101/101/101
f 92/92/92 1373/1373/1373 1392/1392/1392
f 91/91/91 92/92/92 1392/1392/1392
f 1374/1374/1374 88/88/88 1373/1373/1373
f 92/92/92 1374/1374/1374 1373/1373/1373
f 1430/1430/1430 87/87/87 88/88/88
f 1374/1374/1374 1430/1430/1430 88/88/88
f 1430/1430/1430 1367/1367/1367 87/87/87
f 1440/1440/1440 1374/1374/1374 92/92/92
f 1441/1441/1441 1430/1430/1430 1374/1374/1374
f 1440/1440/1440 1441/1441/1441 1374/1374/1374
f 1325/1325/1325 1367/1367/1367 1430/1430/1430
f 1441/1441/1441 1325/1325/1325 1430/1430/1430
f 93/93/93 92/92/92 91/91/91
f 93/93/93 1440/1440/1440 92/92/92
f 94/94/94 91/91/91 127/127/127
f 94/94/94 93/93/93 91/91/91
f 135/135/135 127/127/127 128/128/128
f 135/135/135 94/94/94 127/127/127
f 136/136/136 128/128/128 1368/1368/1368
f 136/136/136 135/135/135 128/128/128
f 1326/1326/1326 1368/1368/1368 1367/1367/1367
f 1326/1326/1326 136/136/136 1368/1368/1368
f 1325/1325/1325 1326/1326/1326 1367/1367/1367
f 1909/1909/1909 135/135/135 136/136/136
f 1912/1912/1912 136/136/136 1326/1326/1326
f 1912/1912/1912 1909/1909/1909 136/136/136
f 1327/1327/1327 1326/1326/1326 1325/1325/1325
f 1327/1327/1327 1912/1912/1912 1326/1326/1326
f 123/123/123 94/94/94 135/135/135
f 1909/1909/1909 123/123/123 135/135/135
f 122/122/122 93/93/93 94/94/94
f 123/123/123 122/122/122 94/94/94
f 124/124/124 1440/1440/1440 93/93/93
f 122/122/122 124/124/124 93/93/93
f 1313/1313/1313 1441/1441/1441 1440/1440/1440
f 124/124/124 1313/1313/1313 1440/1440/1440
f 1328/1328/1328 1325/1325/1325 1441/1441/1441
f 1313/1313/1313 1328/1328/1328 1441/1441/1441
f 1328/1328/1328 1327/1327/1327 1325/1325/1325
f 1314/1314/1314 1313/1313/1313 124/124/124
f 168/168/168 1328/1328/1328 1313/1313/1313
f 1314/1314/1314 168/168/168 1313/1313/1313
f 169/169/169 1327/1327/1327 1328/1328/1328
f 168/168/168 169/169/169 1328/1328/1328
f 125/125/125 124/124/124 122/122/122
f 125/125/125 1314/1314/1314 124/124/124
f 126/126/126 122/122/122 123/123/123
f 126/126/126 125/125/125 122/122/122
f 142/142/142 123/123/123 1909/1909/1909
f 142/142/142 126/126/126 123/123/123
f 1910/1910/1910 1909/1909/1909 1912/1912/1912
f 1910/1910/1910 142/142/142 1909/1909/1909
f 1923/1923/1923 1912/1912/1912 1327/1327/1327
f 1923/1923/1923 1910/1910/1910 1912/1912/1912
f 169/169/169 1923/1923/1923 1327/1327/1327
f 191/191/191 142/142/142 1910/1910/1910
f 1924/1924/1924 1910/1910/1910 1923/1923/1923
f 1924/1924/1924 191/191/191 1910/1910/1910
f 1452/1452/1452 1923/1923/1923 169/169/169
f 1452/1452/1452 1924/1924/1924 1923/1923/1923
f 141/141/141 126/126/126 142/142/142
f 191/191/191 141/141/141 142/142/142
f 140/140/140 125/125/125 126/126/126
f 141/141/141 140/140/140 126/126/126
f 1301/1301/1301 1314/1314/1314 125/125/125
f 140/140/140 1301/1301/1301 125/125/125
f 171/171/171 168/168/168 1314/1314/1314
f 1301/1301/1301 171/171/171 1314/1314/1314
f 170/170/170 169/169/169 168/168/168
f 171/171/171 170/170/170 168/168/168
f 170/170/170 1452/1452/1452 169/169/169
f 222/222/222 171/171/171 1301/1301/1301
f 223/223/223 170/170/170 171/171/171
f 222/222/222 223/223/223 171/171/171
f 1453/1453/1453 1452/1452/1452 170/170/170
f 223/223/223 1453/1453/1453 170/170/170
f 1278/1278/1278 1301/1301/1301 140/140/140
f 1278/1278/1278 222/222/222 1301/1301/1301
f 1277/1277/1277 140/140/140 141/141/141
f 1277/1277/1277 1278/1278/1278 140/140/140
f 192/192/192 141/141/141 191/191/191
f 192/192/192 1277/1277/1277 141/141/141
f 193/193/193 191/191/191 1924/1924/1924
f 193/193/193 192/192/192 191/191/191
f 1925/1925/1925 1924/1924/1924 1452/1452/1452
f 1925/1925/1925 193/193/193 1924/1924/1924
f 1453/1453/1453 1925/1925/1925 1452/1452/1452
f 239/239/239 192/192/192 193/193/193
f 238/238/238 193/193/193 1925/1925/1925
f 238/238/238 239/239/239 193/193/193
f 1487/1487/1487 1925/1925/1925 1453/1453/1453
f 1487/1487/1487 238/238/238 1925/1925/1925
f 1280/1280/1280 1277/1277/1277 192/192/192
f 239/239/239 1280/1280/1280 192/192/192
f 1279/1279/1279 1278/1278/1278 1277/1277/1277
f 1280/1280/1280 1279/1279/1279 1277/1277/1277
f 224/224/224 222/222/222 1278/1278/1278
f 1279/1279/1279 224/224/224 1278/1278/1278
f 215/215/215 223/223/223 222/222/222
f 224/224/224 215/215/215 222/222/222
f 216/216/216 1453/1453/1453 223/223/223
f 215/215/215 216/216/216 223/223/223
f 216/216/216 1487/1487/1487 1453/1453/1453
f 218/218/218 215/215/215 224/224/224
f 217/217/217 216/216/216 215/215/215
f 218/218/218 217/217/217 215/215/215
f 1488/1488/1488 1487/1487/1487 216/216/216
f 217/217/217 1488/1488/1488 216/216/216
f 1895/1895/1895 224/224/224 1279/1279/1279
f 1895/1895/1895 218/218/218 224/224/224
f 1928/1928/1928 1279/1279/1279 1280/1280/1280
f 1928/1928/1928 1895/1895/1895 1279/1279/1279
f 247/247/247 1280/1280/1280 239/239/239
f 247/247/247 1928/1928/1928 1280/1280/1280
f 240/240/240 239/239/239 238/238/238
f 240/240/240 247/247/247 239/239/239
f 241/241/241 238/238/238 1487/1487/1487
f 241/241/241 240/240/240 238/238/238
f 1488/1488/1488 241/241/241 1487/1487/1487
f 248/248/248 247/247/247 240/240/240
f 249/249/249 240/240/240 241/241/241
f 249/249/249 248/248/248 240/240/240
f 1886/1886/1886 241/241/241 1488/1488/1488
f 1886/1886/1886 249/249/249 241/241/241
f 1338/1338/1338 1928/1928/1928 247/247/247
f 248/248/248 1338/1338/1338 247/247/247
f 1896/1896/1896 1895/1895/1895 1928/1928/1928
f 1338/1338/1338 1896/1896/1896 1928/1928/1928
f 450/450/450 218/218/218 1895/1895/1895
f 1896/1896/1896 450/450/450 1895/1895/1895
f 451/451/451 217/217/217 218/218/218
f 450/450/450 451/451/451 218/218/218
f 1351/1351/1351 1488/1488/1488 217/217/217
f 451/451/451 1351/1351/1351 217/217/217
f 1351/1351/1351 1886/1886/1886 1488/1488/1488
f 452/452/452 451/451/451 450/450/450
f 1352/1352/1352 1351/1351/1351 451/451/451
f 452/452/452 1352/1352/1352 451/451/451
f 1887/1887/1887 1886/1886/1886 1351/1351/1351
f 1352/1352/1352 1887/1887/1887 1351/1351/1351
f 453/453/453 450/450/450 1896/1896/1896
f 453/453/453 452/452/452 450/450/450
f 69/69/69 1896/1896/1896 1338/1338/1338
f 69/69/69 453/453/453 1896/1896/1896
f 68/68/68 1338/1338/1338 248/248/248
f 68/68/68 69/69/69 1338/1338/1338
f 867/867/867 248/248/248 249/249/249
f 867/867/867 68/68/68 248/248/248
f 866/866/866 249/249/249 1886/1886/1886
f 866/866/866 867/867/867 249/249/249
f 1887/1887/1887 866/866/866 1886/1886/1886
f 71/71/71 68/68/68 867/867/867
f 868/868/868 867/867/867 866/866/866
f 868/868/868 71/71/71 867/867/867
f 869/869/869 866/866/866 1887/1887/1887
f 869/869/869 868/868/868 866/866/866
f 70/70/70 69/69/69 68/68/68
f 71/71/71 70/70/70 68/68/68
f 805/805/805 453/453/453 69/69/69
f 70/70/70 805/805/805 69/69/69
f 804/804/804 452/452/452 453/453/453
f 805/805/805 804/804/804 453/453/453
f 1869/1869/1869 1352/1352/1352 452/452/452
f 804/804/804 1869/1869/1869 452/452/452
f 1929/1929/1929 1887/1887/1887 1352/1352/1352
f 1869/1869/1869 1929/1929/1929 1352/1352/1352
f 1929/1929/1929 869/869/869 1887/1887/1887
f 1236/1236/1236 1869/1869/1869 804/804/804
f 1932/1932/1932 1929/1929/1929 1869/1869/1869
f 1236/1236/1236 1932/1932/1932 1869/1869/1869
f 1880/1880/1880 869/869/869 1929/1929/1929
f 1932/1932/1932 1880/1880/1880 1929/1929/1929
f 1235/1235/1235 804/804/804 805/805/805
f 1235/1235/1235 1236/1236/1236 804/804/804
f 1796/1796/1796 805/805/805 70/70/70
f 1796/1796/1796 1235/1235/1235 805/805/805
f 1319/1319/1319 70/70/70 71/71/71
f 1319/1319/1319 1796/1796/1796 70/70/70
f 1320/1320/1320 71/71/71 868/868/868
f 1320/1320/1320 1319/1319/1319 71/71/71
f 1881/1881/1881 868/868/868 869/869/869
f 1881/1881/1881 1320/1320/1320 868/868/868
f 1880/1880/1880 1881/1881/1881 869/869/869
f 1514/1514/1514 1319/1319/1319 1320/1320/1320
f 1515/1515/1515 1320/1320/1320 1881/1881/1881
f 1515/1515/1515 1514/1514/1514 1320/1320/1320
f 1877/1877/1877 1881/1881/1881 1880/1880/1880
f 1877/1877/1877 1515/1515/1515 1881/1881/1881
f 1879/1879/1879 1796/1796/1796 1319/1319/1319
f 1514/1514/1514 1879/1879/1879 1319/1319/1319
f 1238/1238/1238 1235/1235/1235 1796/1796/1796
f 1879/1879/1879 1238/1238/1238 1796/1796/1796
f 1237/1237/1237 1236/1236/1236 1235/1235/1235
f 1238/1238/1238 1237/1237/1237 1235/1235/1235
f 1933/1933/1933 1932/1932/1932 1236/1236/1236
f 1237/1237/1237 1933/1933/1933 1236/1236/1236
f 1876/1876/1876 1880/1880/1880 1932/1932/1932
f 1933/1933/1933 1876/1876/1876 1932/1932/1932
f 1876/1876/1876 1877/1877/1877 1880/1880/1880
f 1527/1527/1527 1933/1933/1933 1237/1237/1237
f 1528/1528/1528 1876/1876/1876 1933/1933/1933
f 1527/1527/1527 1528/1528/1528 1933/1933/1933
f 1516/1516/1516 1877/1877/1877 1876/1876/1876
f 1528/1528/1528 1516/1516/1516 1876/1876/1876
f 1219/1219/1219 1237/1237/1237 1238/1238/1238
f 1219/1219/1219 1527/1527/1527 1237/1237/1237
f 1218/1218/1218 1238/1238/1238 1879/1879/1879
f 1218/1218/1218 1219/1219/1219 1238/1238/1238
f 1173/1173/1173 1879/1879/1879 1514/1514/1514
f 1173/1173/1173 1218/1218/1218 1879/1879/1879
f 1172/1172/1172 1514/1514/1514 1515/1515/1515
f 1172/1172/1172 1173/1173/1173 1514/1514/1514
f 1517/1517/1517 1515/1515/1515 1877/1877/1877
f 1517/1517/1517 1172/1172/1172 1515/1515/1515
f 1516/1516/1516 1517/1517/1517 1877/1877/1877
f 1174/1174/1174 1173/1173/1173 1172/1172/1172
f 1175/1175/1175 1172/1172/1172 1517/1517/1517
f 1175/1175/1175 1174/1174/1174 1172/1172/1172
f 1518/1518/1518 1517/1517/1517 1516/1516/1516
f 1518/1518/1518 1175/1175/1175 1517/1517/1517
f 1221/1221/1221 1218/1218/1218 1173/1173/1173
f 1174/1174/1174 1221/1221/1221 1173/1173/1173
f 1220/1220/1220 1219/1219/1219 1218/1218/1218
f 1221/1221/1221 1220/1220/1220 1218/1218/1218
f 1530/1530/1530 1527/1527/1527 1219/1219/1219
f 1220/1220/1220 1530/1530/1530 1219/1219/1219
f 1529/1529/1529 1528/1528/1528 1527/1527/1527
f 1530/1530/1530 1529/1529/1529 1527/1527/1527
f 1519/1519/1519 1516/1516/1516 1528/1528/1528
f 1529/1529/1529 1519/1519/1519 1528/1528/1528
f 1519/1519/1519 1518/1518/1518 1516/1516/1516
f 1946/1946/1946 1529/1529/1529 1530/1530/1530
f 425/425/425 1519/1519/1519 1529/1529/1529
f 1946/1946/1946 425/425/425 1529/1529/1529
f 426/426/426 1518/1518/1518 1519/1519/1519
f 425/425/425 426/426/426 1519/1519/1519
f 1537/1537/1537 1530/1530/1530 1220/1220/1220
f 1537/1537/1537 1946/1946/1946 1530/1530/1530
f 1538/1538/1538 1220/1220/1220 1221/1221/1221
f 1538/1538/1538 1537/1537/1537 1220/1220/1220
f 1575/1575/1575 1221/1221/1221 1174/1174/1174
f 1575/1575/1575 1538/1538/1538 1221/1221/1221
f 1574/1574/1574 1174/1174/1174 1175/1175/1175
f 1574/1574/1574 1575/1575/1575 1174/1174/1174
f 1872/1872/1872 1175/1175/1175 1518/1518/1518
f 1872/1872/1872 1574/1574/1574 1175/1175/1175
f 426/426/426 1872/1872/1872 1518/1518/1518
f 1576/1576/1576 1575/1575/1575 1574/1574/1574
f 1113/1113/1113 1574/1574/1574 1872/1872/1872
f 1113/1113/1113 1576/1576/1576 1574/1574/1574
f 1112/1112/1112 1872/1872/1872 426/426/426
f 1112/1112/1112 1113/1113/1113 1872/1872/1872
f 1875/1875/1875 1538/1538/1538 1575/1575/1575
f 1576/1576/1576 1875/1875/1875 1575/1575/1575
f 1949/1949/1949 1537/1537/1537 1538/1538/1538
f 1875/1875/1875 1949/1949/1949 1538/1538/1538
f 1588/1588/1588 1946/1946/1946 1537/1537/1537
f 1949/1949/1949 1588/1588/1588 1537/1537/1537
f 428/428/428 425/425/425 1946/1946/1946
f 1588/1588/1588 428/428/428 1946/1946/1946
f 427/427/427 426/426/426 425/425/425
f 428/428/428 427/427/427 425/425/425
f 427/427/427 1112/1112/1112 426/426/426
f 1085/1085/1085 428/428/428 1588/1588/1588
f 1122/1122/1122 427/427/427 428/428/428
f 1085/1085/1085 1122/1122/1122 428/428/428
f 1093/1093/1093 1112/1112/1112 427/427/427
f 1122/1122/1122 1093/1093/1093 427/427/427
f 1084/1084/1084 1588/1588/1588 1949/1949/1949
f 1084/1084/1084 1085/1085/1085 1588/1588/1588
f 1950/1950/1950 1949/1949/1949 1875/1875/1875
f 1950/1950/1950 1084/1084/1084 1949/1949/1949
f 1951/1951/1951 1875/1875/1875 1576/1576/1576
f 1951/1951/1951 1950/1950/1950 1875/1875/1875
f 1587/1587/1587 1576/1576/1576 1113/1113/1113
f 1587/1587/1587 1951/1951/1951 1576/1576/1576
f 1094/1094/1094 1113/1113/1113 1112/1112/1112
f 1094/1094/1094 1587/1587/1587 1113/1113/1113
f 1093/1093/1093 1094/1094/1094 1112/1112/1112
f 1957/1957/1957 1951/1951/1951 1587/1587/1587
f 1073/1073/1073 1587/1587/1587 1094/1094/1094
f 1073/1073/1073 1957/1957/1957 1587/1587/1587
f 1072/1072/1072 1094/1094/1094 1093/1093/1093
f 1072/1072/1072 1073/1073/1073 1094/1094/1094
f 1955/1955/1955 1950/1950/1950 1951/1951/1951
f 1957/1957/1957 1955/1955/1955 1951/1951/1951
f 1062/1062/1062 1084/1084/1084 1950/1950/1950
f 1955/1955/1955 1062/1062/1062 1950/1950/1950
f 1063/1063/1063 1085/1085/1085 1084/1084/1084
f 1062/1062/1062 1063/1063/1063 1084/1084/1084
f 1147/1147/1147 1122/1122/1122 1085/1085/1085
f 1063/1063/1063 1147/1147/1147 1085/1085/1085
f 1095/1095/1095 1093/1093/1093 1122/1122/1122
f 1147/1147/1147 1095/1095/1095 1122/1122/1122
f 1095/1095/1095 1072/1072/1072 1093/1093/1093
f 1148/1148/1148 1147/1147/1147 1063/1063/1063
f 1066/1066/1066 1095/1095/1095 1147/1147/1147
f 1148/1148/1148 1066/1066/1066 1147/1147/1147
f 1067/1067/1067 1072/1072/1072 1095/1095/1095
f 1066/1066/1066 1067/1067/1067 1095/1095/1095
f 1064/1064/1064 1063/1063/1063 1062/1062/1062
f 1064/1064/1064 1148/1148/1148 1063/1063/1063
f 1065/1065/1065 1062/1062/1062 1955/1955/1955
f 1065/1065/1065 1064/1064/1064 1062/1062/1062
f 1956/1956/1956 1955/1955/1955 1957/1957/1957
f 1956/1956/1956 1065/1065/1065 1955/1955/1955
f 1859/1859/1859 1957/1957/1957 1073/1073/1073
f 1859/1859/1859 1956/1956/1956 1957/1957/1957
f 1074/1074/1074 1073/1073/1073 1072/1072/1072
f 1074/1074/1074 1859/1859/1859 1073/1073/1073
f 1067/1067/1067 1074/1074/1074 1072/1072/1072
f 1617/1617/1617 1956/1956/1956 1859/1859/1859
f 1616/1616/1616 1859/1859/1859 1074/1074/1074
f 1616/1616/1616 1617/1617/1617 1859/1859/1859
f 1621/1621/1621 1074/1074/1074 1067/1067/1067
f 1621/1621/1621 1616/1616/1616 1074/1074/1074
f 1041/1041/1041 1065/1065/1065 1956/1956/1956
f 1617/1617/1617 1041/1041/1041 1956/1956/1956
f 532/532/532 1064/1064/1064 1065/1065/1065
f 1041/1041/1041 532/532/532 1065/1065/1065
f 533/533/533 1148/1148/1148 1064/1064/1064
f 532/532/532 533/533/533 1064/1064/1064
f 1069/1069/1069 1066/1066/1066 1148/1148/1148
f 533/533/533 1069/1069/1069 1148/1148/1148
f 1068/1068/1068 1067/1067/1067 1066/1066/1066
f 1069/1069/1069 1068/1068/1068 1066/1066/1066
f 1068/1068/1068 1621/1621/1621 1067/1067/1067
f 1624/1624/1624 1069/1069/1069 533/533/533
f 1623/1623/1623 1068/1068/1068 1069/1069/1069
f 1624/1624/1624 1623/1623/1623 1069/1069/1069
f 1622/1622/1622 1621/1621/1621 1068/1068/1068
f 1623/1623/1623 1622/1622/1622 1068/1068/1068
f 534/534/534 533/533/533 532/532/532
f 534/534/534 1624/1624/1624 533/533/533
f 535/535/535 532/532/532 1041/1041/1041
f 535/535/535 534/534/534 532/532/532
f 1042/1042/1042 1041/1041/1041 1617/1617/1617
f 1042/1042/1042 535/535/535 1041/1041/1041
f 1618/1618/1618 1617/1617/1617 1616/1616/1616
f 1618/1618/1618 1042/1042/1042 1617/1617/1617
f 1619/1619/1619 1616/1616/1616 1621/1621/1621
f 1619/1619/1619 1618/1618/1618 1616/1616/1616
f 1622/1622/1622 1619/1619/1619 1621/1621/1621
f 1637/1637/1637 1042/1042/1042 1618/1618/1618
f 1636/1636/1636 1618/1618/1618 1619/1619/1619
f 1636/1636/1636 1637/1637/1637 1618/1618/1618
f 1963/1963/1963 1619/1619/1619 1622/1622/1622
f 1963/1963/1963 1636/1636/1636 1619/1619/1619
f 558/558/558 535/535/535 1042/1042/1042
f 1637/1637/1637 558/558/558 1042/1042/1042
f 557/557/557 534/534/534 535/535/535
f 558/558/558 557/557/557 535/535/535
f 1961/1961/1961 1624/1624/1624 534/534/534
f 557/557/557 1961/1961/1961 534/534/534
f 1648/1648/1648 1623/1623/1623 1624/1624/1624
f 1961/1961/1961 1648/1648/1648 1624/1624/1624
f 1647/1647/1647 1622/1622/1622 1623/1623/1623
f 1648/1648/1648 1647/1647/1647 1623/1623/1623
f 1647/1647/1647 1963/1963/1963 1622/1622/1622
f 1652/1652/1652 1648/1648/1648 1961/1961/1961
f 1609/1609/1609 1647/1647/1647 1648/1648/1648
f 1652/1652/1652 1609/1609/1609 1648/1648/1648
f 1610/1610/1610 1963/1963/1963 1647/1647/1647
f 1609/1609/1609 1610/1610/1610 1647/1647/1647
f 1968/1968/1968 1961/1961/1961 557/557/557
f 1968/1968/1968 1652/1652/1652 1961/1961/1961
f 1849/1849/1849 557/557/557 558/558/558
f 1849/1849/1849 1968/1968/1968 557/557/557
f 1850/1850/1850 558/558/558 1637/1637/1637
f 1850/1850/1850 1849/1849/1849 558/558/558
f 1638/1638/1638 1637/1637/1637 1636/1636/1636
f 1638/1638/1638 1850/1850/1850 1637/1637/1637
f 1639/1639/1639 1636/1636/1636 1963/1963/1963
f 1639/1639/1639 1638/1638/1638 1636/1636/1636
f 1610/1610/1610 1639/1639/1639 1963/1963/1963
f 1965/1965/1965 1850/1850/1850 1638/1638/1638
f 1966/1966/1966 1638/1638/1638 1639/1639/1639
f 1966/1966/1966 1965/1965/1965 1638/1638/1638
f 1649/1649/1649 1639/1639/1639 1610/1610/1610
f 1649/1649/1649 1966/1966/1966 1639/1639/1639
f 1967/1967/1967 1849/1849/1849 1850/1850/1850
f 1965/1965/1965 1967/1967/1967 1850/1850/1850
f 1969/1969/1969 1968/1968/1968 1849/1849/1849
f 1967/1967/1967 1969/1969/1969 1849/1849/1849
f 1815/1815/1815 1652/1652/1652 1968/1968/1968
f 1969/1969/1969 1815/1815/1815 1968/1968/1968
f 1612/1612/1612 1609/1609/1609 1652/1652/1652
f 1815/1815/1815 1612/1612/1612 1652/1652/1652
f 1611/1611/1611 1610/1610/1610 1609/1609/1609
f 1612/1612/1612 1611/1611/1611 1609/1609/1609
f 1611/1611/1611 1649/1649/1649 1610/1610/1610
f 1678/1678/1678 1612/1612/1612 1815/1815/1815
f 1972/1972/1972 1611/1611/1611 1612/1612/1612
f 1678/1678/1678 1972/1972/1972 1612/1612/1612
f 1973/1973/1973 1649/1649/1649 1611/1611/1611
f 1972/1972/1972 1973/1973/1973 1611/1611/1611
f 968/968/968 1815/1815/1815 1969/1969/1969
f 968/968/968 1678/1678/1678 1815/1815/1815
f 967/967/967 1969/1969/1969 1967/1967/1967
f 967/967/967 968/968/968 1969/1969/1969
f 653/653/653 1967/1967/1967 1965/1965/1965
f 653/653/653 967/967/967 1967/1967/1967
f 652/652/652 1965/1965/1965 1966/1966/1966
f 652/652/652 653/653/653 1965/1965/1965
f 1808/1808/1808 1966/1966/1966 1649/1649/1649
f 1808/1808/1808 652/652/652 1966/1966/1966
f 1973/1973/1973 1808/1808/1808 1649/1649/1649
f 654/654/654 653/653/653 652/652/652
f 655/655/655 652/652/652 1808/1808/1808
f 655/655/655 654/654/654 652/652/652
f 934/934/934 1808/1808/1808 1973/1973/1973
f 934/934/934 655/655/655 1808/1808/1808
f 970/970/970 967/967/967 653/653/653
f 654/654/654 970/970/970 653/653/653
f 969/969/969 968/968/968 967/967/967
f 970/970/970 969/969/969 967/967/967
f 701/701/701 1678/1678/1678 968/968/968
f 969/969/969 701/701/701 968/968/968
f 702/702/702 1972/1972/1972 1678/1678/1678
f 701/701/701 702/702/702 1678/1678/1678
f 1683/1683/1683 1973/1973/1973 1972/1972/1972
f 702/702/702 1683/1683/1683 1972/1972/1972
f 1683/1683/1683 934/934/934 1973/1973/1973
f 695/695/695 702/702/702 701/701/701
f 1684/1684/1684 1683/1683/1683 702/702/702
f 695/695/695 1684/1684/1684 702/702/702
f 936/936/936 934/934/934 1683/1683/1683
f 1684/1684/1684 936/936/936 1683/1683/1683
f 694/694/694 701/701/701 969/969/969
f 694/694/694 695/695/695 701/701/701
f 1931/1931/1931 969/969/969 970/970/970
f 1931/1931/1931 694/694/694 969/969/969
f 1806/1806/1806 970/970/970 654/654/654
f 1806/1806/1806 1931/1931/1931 970/970/970
f 1040/1040/1040 654/654/654 655/655/655
f 1040/1040/1040 1806/1806/1806 654/654/654
f 935/935/935 655/655/655 934/934/934
f 935/935/935 1040/1040/1040 655/655/655
f 936/936/936 935/935/935 934/934/934
f 1720/1720/1720 1806/1806/1806 1040/1040/1040
f 1978/1978/1978 1040/1040/1040 935/935/935
f 1978/1978/1978 1720/1720/1720 1040/1040/1040
f 1977/1977/1977 935/935/935 936/936/936
f 1977/1977/1977 1978/1978/1978 935/935/935
f 1721/1721/1721 1931/1931/1931 1806/1806/1806
f 1720/1720/1720 1721/1721/1721 1806/1806/1806
f 697/697/697 694/694/694 1931/1931/1931
f 1721/1721/1721 697/697/697 1931/1931/1931
f 696/696/696 695/695/695 694/694/694
f 697/697/697 696/696/696 694/694/694
f 1694/1694/1694 1684/1684/1684 695/695/695
f 696/696/696 1694/1694/1694 695/695/695
f 1801/1801/1801 936/936/936 1684/1684/1684
f 1694/1694/1694 1801/1801/1801 1684/1684/1684
f 1801/1801/1801 1977/1977/1977 936/936/936
f 897/897/897 1694/1694/1694 696/696/696
f 898/898/898 1801/1801/1801 1694/1694/1694
f 897/897/897 898/898/898 1694/1694/1694
f 1658/1658/1658 1977/1977/1977 1801/1801/1801
f 898/898/898 1658/1658/1658 1801/1801/1801
f 1986/1986/1986 696/696/696 697/697/697
f 1986/1986/1986 897/897/897 696/696/696
f 1793/1793/1793 697/697/697 1721/1721/1721
f 1793/1793/1793 1986/1986/1986 697/697/697
f 1722/1722/1722 1721/1721/1721 1720/1720/1720
f 1722/1722/1722 1793/1793/1793 1721/1721/1721
f 1723/1723/1723 1720/1720/1720 1978/1978/1978
f 1723/1723/1723 1722/1722/1722 1720/1720/1720
f 1659/1659/1659 1978/1978/1978 1977/1977/1977
f 1659/1659/1659 1723/1723/1723 1978/1978/1978
f 1658/1658/1658 1659/1659/1659 1977/1977/1977
f 810/810/810 1722/1722/1722 1723/1723/1723
f 1739/1739/1739 1723/1723/1723 1659/1659/1659
f 1739/1739/1739 810/810/810 1723/1723/1723
f 1660/1660/1660 1659/1659/1659 1658/1658/1658
f 1660/1660/1660 1739/1739/1739 1659/1659/1659
f 811/811/811 1793/1793/1793 1722/1722/1722
f 810/810/810 811/811/811 1722/1722/1722
f 1994/1994/1994 1986/1986/1986 1793/1793/1793
f 811/811/811 1994/1994/1994 1793/1793/1793
f 900/900/900 897/897/897 1986/1986/1986
f 1994/1994/1994 900/900/900 1986/1986/1986
f 899/899/899 898/898/898 897/897/897
f 900/900/900 899/899/899 897/897/897
f 1661/1661/1661 1658/1658/1658 898/898/898
f 899/899/899 1661/1661/1661 898/898/898
f 1661/1661/1661 1660/1660/1660 1658/1658/1658
f 841/841/841 899/899/899 900/900/900
f 720/720/720 1661/1661/1661 899/899/899
f 841/841/841 720/720/720 899/899/899
f 721/721/721 1660/1660/1660 1661/1661/1661
f 720/720/720 721/721/721 1661/1661/1661
f 1990/1990/1990 900/900/900 1994/1994/1994
f 1990/1990/1990 841/841/841 900/900/900
f 1995/1995/1995 1994/1994/1994 811/811/811
f 1995/1995/1995 1990/1990/1990 1994/1994/1994
f 812/812/812 811/811/811 810/810/810
f 812/812/812 1995/1995/1995 811/811/811
f 813/813/813 810/810/810 1739/1739/1739
f 813/813/813 812/812/812 810/810/810
f 862/862/862 1739/1739/1739 1660/1660/1660
f 862/862/862 813/813/813 1739/1739/1739
f 721/721/721 862/862/862 1660/1660/1660
f 828/828/828 812/812/812 813/813/813
f 827/827/827 813/813/813 862/862/862
f 827/827/827 828/828/828 813/813/813
f 860/860/860 862/862/862 721/721/721
f 860/860/860 827/827/827 862/862/862
f 1996/1996/1996 1995/1995/1995 812/812/812
f 828/828/828 1996/1996/1996 812/812/812
f 1998/1998/1998 1990/1990/1990 1995/1995/1995
f 1996/1996/1996 1998/1998/1998 1995/1995/1995
f 842/842/842 841/841/841 1990/1990/1990
f 1998/1998/1998 842/842/842 1990/1990/1990
f 723/723/723 720/720/720 841/841/841
f 842/842/842 723/723/723 841/841/841
f 722/722/722 721/721/721 720/720/720
f 723/723/723 722/722/722 720/720/720
f 722/722/722 860/860/860 721/721/721
f 1786/1786/1786 723/723/723 842/842/842
f 1999/1999/1999 722/722/722 723/723/723
f 1786/1786/1786 1999/1999/1999 723/723/723
f 849/849/849 860/860/860 722/722/722
f 1999/1999/1999 849/849/849 722/722/722
f 832/832/832 842/842/842 1998/1998/1998
f 832/832/832 1786/1786/1786 842/842/842
f 831/831/831 1998/1998/1998 1996/1996/1996
f 831/831/831 832/832/832 1998/1998/1998
f 1784/1784/1784 1996/1996/1996 828/828/828
f 1784/1784/1784 831/831/831 1996/1996/1996
f 829/829/829 828/828/828 827/827/827
f 829/829/829 1784/1784/1784 828/828/828
f 830/830/830 827/827/827 860/860/860
f 830/830/830 829/829/829 827/827/827
f 849/849/849 830/830/830 860/860/860
f 1785/1785/1785 1784/1784/1784 829/829/829
f 1992/1992/1992 829/829/829 830/830/830
f 1992/1992/1992 1785/1785/1785 829/829/829
f 850/850/850 830/830/830 849/849/849
f 850/850/850 1992/1992/1992 830/830/830
f 834/834/834 831/831/831 1784/1784/1784
f 1785/1785/1785 834/834/834 1784/1784/1784
f 833/833/833 832/832/832 831/831/831
f 834/834/834 833/833/833 831/831/831
f 878/878/878 1786/1786/1786 832/832/832
f 833/833/833 878/878/878 832/832/832
f 1997/1997/1997 1999/1999/1999 1786/1786/1786
f 878/878/878 1997/1997/1997 1786/1786/1786
f 851/851/851 849/849/849 1999/1999/1999
f 1997/1997/1997 851/851/851 1999/1999/1999
f 851/851/851 850/850/850 849/849/849
f 1991/1991/1991 1997/1997/1997 878/878/878
f 881/881/881 851/851/851 1997/1997/1997
f 1991/1991/1991 881/881/881 1997/1997/1997
f 882/882/882 850/850/850 851/851/851
f 881/881/881 882/882/882 851/851/851
f 879/879/879 878/878/878 833/833/833
f 879/879/879 1991/1991/1991 878/878/878
f 880/880/880 833/833/833 834/834/834
f 880/880/880 879/879/879 833/833/833
f 2000/2000/2000 834/834/834 1785/1785/1785
f 2000/2000/2000 880/880/880 834/834/834
f 1993/1993/1993 1785/1785/1785 1992/1992/1992
f 1993/1993/1993 2000/2000/2000 1785/1785/1785
f 1750/1750/1750 1992/1992/1992 850/850/850
f 1750/1750/1750 1993/1993/1993 1992/1992/1992
f 882/882/882 1750/1750/1750 850/850/850
f 2005/2005/2005 2000/2000/2000 1993/1993/1993
f 2006/2006/2006 1993/1993/1993 1750/1750/1750
f 2006/2006/2006 2005/2005/2005 1993/1993/1993
f 916/916/916 1750/1750/1750 882/882/882
f 916/916/916 2006/2006/2006 1750/1750/1750
f 893/893/893 880/880/880 2000/2000/2000
f 2005/2005/2005 893/893/893 2000/2000/2000
f 892/892/892 879/879/879 880/880/880
f 893/893/893 892/892/892 880/880/880
f 1741/1741/1741 1991/1991/1991 879/879/879
f 892/892/892 1741/1741/1741 879/879/879
f 884/884/884 881/881/881 1991/1991/1991
f 1741/1741/1741 884/884/884 1991/1991/1991
f 883/883/883 882/882/882 881/881/881
f 884/884/884 883/883/883 881/881/881
f 883/883/883 916/916/916 882/882/882
f 1742/1742/1742 884/884/884 1741/1741/1741
f 918/918/918 883/883/883 884/884/884
f 1742/1742/1742 918/918/918 884/884/884
f 917/917/917 916/916/916 883/883/883
f 918/918/918 917/917/917 883/883/883
f 1743/1743/1743 1741/1741/1741 892/892/892
f 1743/1743/1743 1742/1742/1742 1741/1741/1741
f 930/930/930 892/892/892 893/893/893
f 930/930/930 1743/1743/1743 892/892/892
f 929/929/929 893/893/893 2005/2005/2005
f 929/929/929 930/930/930 893/893/893
f 1982/1982/1982 2005/2005/2005 2006/2006/2006
f 1982/1982/1982 929/929/929 2005/2005/2005
f 1974/1974/1974 2006/2006/2006 916/916/916
f 1974/1974/1974 1982/1982/1982 2006/2006/2006
f 917/917/917 1974/1974/1974 916/916/916
f 932/932/932 929/929/929 1982/1982/1982
f 1798/1798/1798 1982/1982/1982 1974/1974/1974
f 1798/1798/1798 932/932/932 1982/1982/1982
f 1832/1832/1832 1974/1974/1974 917/917/917
f 1832/1832/1832 1798/1798/1798 1974/1974/1974
f 931/931/931 930/930/930 929/929/929
f 932/932/932 931/931/931 929/929/929
f 1645/1645/1645 1743/1743/1743 930/930/930
f 931/931/931 1645/1645/1645 930/930/930
f 1976/1976/1976 1742/1742/1742 1743/1743/1743
f 1645/1645/1645 1976/1976/1976 1743/1743/1743
f 939/939/939 918/918/918 1742/1742/1742
f 1976/1976/1976 939/939/939 1742/1742/1742
f 940/940/940 917/917/917 918/918/918
f 939/939/939 940/940/940 918/918/918
f 940/940/940 1832/1832/1832 917/917/917
f 942/942/942 939/939/939 1976/1976/1976
f 941/941/941 940/940/940 939/939/939
f 942/942/942 941/941/941 939/939/939
f 1629/1629/1629 1832/1832/1832 940/940/940
f 941/941/941 1629/1629/1629 940/940/940
f 1699/1699/1699 1976/1976/1976 1645/1645/1645
f 1699/1699/1699 942/942/942 1976/1976/1976
f 1641/1641/1641 1645/1645/1645 931/931/931
f 1641/1641/1641 1699/1699/1699 1645/1645/1645
f 1640/1640/1640 931/931/931 932/932/932
f 1640/1640/1640 1641/1641/1641 931/931/931
f 1799/1799/1799 932/932/932 1798/1798/1798
f 1799/1799/1799 1640/1640/1640 932/932/932
f 1691/1691/1691 1798/1798/1798 1832/1832/1832
f 1691/1691/1691 1799/1799/1799 1798/1798/1798
f 1629/1629/1629 1691/1691/1691 1832/1832/1832
f 1643/1643/1643 1640/1640/1640 1799/1799/1799
f 1673/1673/1673 1799/1799/1799 1691/1691/1691
f 1673/1673/1673 1643/1643/1643 1799/1799/1799
f 1672/1672/1672 1691/1691/1691 1629/1629/1629
f 1672/1672/1672 1673/1673/1673 1691/1691/1691
f 1642/1642/1642 1641/1641/1641 1640/1640/1640
f 1643/1643/1643 1642/1642/1642 1640/1640/1640
f 1700/1700/1700 1699/1699/1699 1641/1641/1641
f 1642/1642/1642 1700/1700/1700 1641/1641/1641
f 647/647/647 942/942/942 1699/1699/1699
f 1700/1700/1700 647/647/647 1699/1699/1699
f 643/643/643 941/941/941 942/942/942
f 647/647/647 643/643/643 942/942/942
f 644/644/644 1629/1629/1629 941/941/941
f 643/643/643 644/644/644 941/941/941
f 644/644/644 1672/1672/1672 1629/1629/1629
f 646/646/646 643/643/643 647/647/647
f 645/645/645 644/644/644 643/643/643
f 646/646/646 645/645/645 643/643/643
f 1674/1674/1674 1672/1672/1672 644/644/644
f 645/645/645 1674/1674/1674 644/644/644
f 648/648/648 647/647/647 1700/1700/1700
f 648/648/648 646/646/646 647/647/647
f 1667/1667/1667 1700/1700/1700 1642/1642/1642
f 1667/1667/1667 648/648/648 1700/1700/1700
f 1627/1627/1627 1642/1642/1642 1643/1643/1643
f 1627/1627/1627 1667/1667/1667 1642/1642/1642
f 1626/1626/1626 1643/1643/1643 1673/1673/1673
f 1626/1626/1626 1627/1627/1627 1643/1643/1643
f 1656/1656/1656 1673/1673/1673 1672/1672/1672
f 1656/1656/1656 1626/1626/1626 1673/1673/1673
f 1674/1674/1674 1656/1656/1656 1672/1672/1672
f 618/618/618 1627/1627/1627 1626/1626/1626
f 617/617/617 1626/1626/1626 1656/1656/1656
f 617/617/617 618/618/618 1626/1626/1626
f 1657/1657/1657 1656/1656/1656 1674/1674/1674
f 1657/1657/1657 617/617/617 1656/1656/1656
f 1668/1668/1668 1667/1667/1667 1627/1627/1627
f 618/618/618 1668/1668/1668 1627/1627/1627
f 987/987/987 648/648/648 1667/1667/1667
f 1668/1668/1668 987/987/987 1667/1667/1667
f 622/622/622 646/646/646 648/648/648
f 987/987/987 622/622/622 648/648/648
f 623/623/623 645/645/645 646/646/646
f 622/622/622 623/623/623 646/646/646
f 1823/1823/1823 1674/1674/1674 645/645/645
f 623/623/623 1823/1823/1823 645/645/645
f 1823/1823/1823 1657/1657/1657 1674/1674/1674
f 624/624/624 623/623/623 622/622/622
f 1825/1825/1825 1823/1823/1823 623/623/623
f 624/624/624 1825/1825/1825 623/623/623
f 1824/1824/1824 1657/1657/1657 1823/1823/1823
f 1825/1825/1825 1824/1824/1824 1823/1823/1823
f 591/591/591 622/622/622 987/987/987
f 591/591/591 624/624/624 622/622/622
f 590/590/590 987/987/987 1668/1668/1668
f 590/590/590 591/591/591 987/987/987
f 1964/1964/1964 1668/1668/1668 618/618/618
f 1964/1964/1964 590/590/590 1668/1668/1668
f 576/576/576 618/618/618 617/617/617
f 576/576/576 1964/1964/1964 618/618/618
f 575/575/575 617/617/617 1657/1657/1657
f 575/575/575 576/576/576 617/617/617
f 1824/1824/1824 575/575/575 1657/1657/1657
f 1628/1628/1628 1964/1964/1964 576/576/576
f 577/577/577 576/576/576 575/575/575
f 577/577/577 1628/1628/1628 576/576/576
f 566/566/566 575/575/575 1824/1824/1824
f 566/566/566 577/577/577 575/575/575
f 593/593/593 590/590/590 1964/1964/1964
f 1628/1628/1628 593/593/593 1964/1964/1964
f 592/592/592 591/591/591 590/590/590
f 593/593/593 592/592/592 590/590/590
f 1594/1594/1594 624/624/624 591/591/591
f 592/592/592 1594/1594/1594 591/591/591
f 1835/1835/1835 1825/1825/1825 624/624/624
f 1594/1594/1594 1835/1835/1835 624/624/624
f 565/565/565 1824/1824/1824 1825/1825/1825
f 1835/1835/1835 565/565/565 1825/1825/1825
f 565/565/565 566/566/566 1824/1824/1824
f 1836/1836/1836 1835/1835/1835 1594/1594/1594
f 568/568/568 565/565/565 1835/1835/1835
f 1836/1836/1836 568/568/568 1835/1835/1835
f 567/567/567 566/566/566 565/565/565
f 568/568/568 567/567/567 565/565/565
f 1105/1105/1105 1594/1594/1594 592/592/592
f 1105/1105/1105 1836/1836/1836 1594/1594/1594
f 537/537/537 592/592/592 593/593/593
f 537/537/537 1105/1105/1105 592/592/592
f 536/536/536 593/593/593 1628/1628/1628
f 536/536/536 537/537/537 593/593/593
f 1028/1028/1028 1628/1628/1628 577/577/577
f 1028/1028/1028 536/536/536 1628/1628/1628
f 1027/1027/1027 577/577/577 566/566/566
f 1027/1027/1027 1028/1028/1028 577/577/577
f 567/567/567 1027/1027/1027 566/566/566
f 539/539/539 536/536/536 1028/1028/1028
f 1029/1029/1029 1028/1028/1028 1027/1027/1027
f 1029/1029/1029 539/539/539 1028/1028/1028
f 1030/1030/1030 1027/1027/1027 567/567/567
f 1030/1030/1030 1029/1029/1029 1027/1027/1027
f 538/538/538 537/537/537 536/536/536
f 539/539/539 538/538/538 536/536/536
f 1106/1106/1106 1105/1105/1105 537/537/537
f 538/538/538 1106/1106/1106 537/537/537
f 1960/1960/1960 1836/1836/1836 1105/1105/1105
f 1106/1106/1106 1960/1960/1960 1105/1105/1105
f 1959/1959/1959 568/568/568 1836/1836/1836
f 1960/1960/1960 1959/1959/1959 1836/1836/1836
f 1119/1119/1119 567/567/567 568/568/568
f 1959/1959/1959 1119/1119/1119 568/568/568
f 1119/1119/1119 1030/1030/1030 567/567/567
f 1088/1088/1088 1959/1959/1959 1960/1960/1960
f 1121/1121/1121 1119/1119/1119 1959/1959/1959
f 1088/1088/1088 1121/1121/1121 1959/1959/1959
f 1120/1120/1120 1030/1030/1030 1119/1119/1119
f 1121/1121/1121 1120/1120/1120 1119/1119/1119
f 1087/1087/1087 1960/1960/1960 1106/1106/1106
f 1087/1087/1087 1088/1088/1088 1960/1960/1960
f 1958/1958/1958 1106/1106/1106 538/538/538
f 1958/1958/1958 1087/1087/1087 1106/1106/1106
f 1591/1591/1591 538/538/538 539/539/539
f 1591/1591/1591 1958/1958/1958 538/538/538
f 1590/1590/1590 539/539/539 1029/1029/1029
f 1590/1590/1590 1591/1591/1591 539/539/539
f 1607/1607/1607 1029/1029/1029 1030/1030/1030
f 1607/1607/1607 1590/1590/1590 1029/1029/1029
f 1120/1120/1120 1607/1607/1607 1030/1030/1030
f 1592/1592/1592 1591/1591/1591 1590/1590/1590
f 1593/1593/1593 1590/1590/1590 1607/1607/1607
f 1593/1593/1593 1592/1592/1592 1590/1590/1590
f 1954/1954/1954 1607/1607/1607 1120/1120/1120
f 1954/1954/1954 1593/1593/1593 1607/1607/1607
f 1851/1851/1851 1958/1958/1958 1591/1591/1591
f 1592/1592/1592 1851/1851/1851 1591/1591/1591
f 1090/1090/1090 1087/1087/1087 1958/1958/1958
f 1851/1851/1851 1090/1090/1090 1958/1958/1958
f 1089/1089/1089 1088/1088/1088 1087/1087/1087
f 1090/1090/1090 1089/1089/1089 1087/1087/1087
f 1109/1109/1109 1121/1121/1121 1088/1088/1088
f 1089/1089/1089 1109/1109/1109 1088/1088/1088
f 1560/1560/1560 1120/1120/1120 1121/1121/1121
f 1109/1109/1109 1560/1560/1560 1121/1121/1121
f 1560/1560/1560 1954/1954/1954 1120/1120/1120
f 1110/1110/1110 1109/1109/1109 1089/1089/1089
f 1162/1162/1162 1560/1560/1560 1109/1109/1109
f 1110/1110/1110 1162/1162/1162 1109/1109/1109
f 1583/1583/1583 1954/1954/1954 1560/1560/1560
f 1162/1162/1162 1583/1583/1583 1560/1560/1560
f 1111/1111/1111 1089/1089/1089 1090/1090/1090
f 1111/1111/1111 1110/1110/1110 1089/1089/1089
f 1852/1852/1852 1090/1090/1090 1851/1851/1851
f 1852/1852/1852 1111/1111/1111 1090/1090/1090
f 1542/1542/1542 1851/1851/1851 1592/1592/1592
f 1542/1542/1542 1852/1852/1852 1851/1851/1851
f 447/447/447 1592/1592/1592 1593/1593/1593
f 447/447/447 1542/1542/1542 1592/1592/1592
f 446/446/446 1593/1593/1593 1954/1954/1954
f 446/446/446 447/447/447 1593/1593/1593
f 1583/1583/1583 446/446/446 1954/1954/1954
f 1543/1543/1543 1542/1542/1542 447/447/447
f 448/448/448 447/447/447 446/446/446
f 448/448/448 1543/1543/1543 447/447/447
f 449/449/449 446/446/446 1583/1583/1583
f 449/449/449 448/448/448 446/446/446
f 1948/1948/1948 1852/1852/1852 1542/1542/1542
f 1543/1543/1543 1948/1948/1948 1542/1542/1542
f 411/411/411 1111/1111/1111 1852/1852/1852
f 1948/1948/1948 411/411/411 1852/1852/1852
f 412/412/412 1110/1110/1110 1111/1111/1111
f 411/411/411 412/412/412 1111/1111/1111
f 1163/1163/1163 1162/1162/1162 1110/1110/1110
f 412/412/412 1163/1163/1163 1110/1110/1110
f 1584/1584/1584 1583/1583/1583 1162/1162/1162
f 1163/1163/1163 1584/1584/1584 1162/1162/1162
f 1584/1584/1584 449/449/449 1583/1583/1583
f 1532/1532/1532 1163/1163/1163 412/412/412
f 1868/1868/1868 1584/1584/1584 1163/1163/1163
f 1532/1532/1532 1868/1868/1868 1163/1163/1163
f 385/385/385 449/449/449 1584/1584/1584
f 1868/1868/1868 385/385/385 1584/1584/1584
f 413/413/413 412/412/412 411/411/411
f 413/413/413 1532/1532/1532 412/412/412
f 414/414/414 411/411/411 1948/1948/1948
f 414/414/414 413/413/413 411/411/411
f 1144/1144/1144 1948/1948/1948 1543/1543/1543
f 1144/1144/1144 414/414/414 1948/1948/1948
f 1143/1143/1143 1543/1543/1543 448/448/448
f 1143/1143/1143 1144/1144/1144 1543/1543/1543
f 386/386/386 448/448/448 449/449/449
f 386/386/386 1143/1143/1143 448/448/448
f 385/385/385 386/386/386 449/449/449
f 1145/1145/1145 1144/1144/1144 1143/1143/1143
f 1146/1146/1146 1143/1143/1143 386/386/386
f 1146/1146/1146 1145/1145/1145 1143/1143/1143
f 387/387/387 386/386/386 385/385/385
f 387/387/387 1146/1146/1146 386/386/386
f 361/361/361 414/414/414 1144/1144/1144
f 1145/1145/1145 361/361/361 1144/1144/1144
f 362/362/362 413/413/413 414/414/414
f 361/361/361 362/362/362 414/414/414
f 1937/1937/1937 1532/1532/1532 413/413/413
f 362/362/362 1937/1937/1937 413/413/413
f 1947/1947/1947 1868/1868/1868 1532/1532/1532
f 1937/1937/1937 1947/1947/1947 1532/1532/1532
f 388/388/388 385/385/385 1868/1868/1868
f 1947/1947/1947 388/388/388 1868/1868/1868
f 388/388/388 387/387/387 385/385/385
f 1936/1936/1936 1947/1947/1947 1937/1937/1937
f 1520/1520/1520 388/388/388 1947/1947/1947
f 1936/1936/1936 1520/1520/1520 1947/1947/1947
f 1521/1521/1521 387/387/387 388/388/388
f 1520/1520/1520 1521/1521/1521 388/388/388
f 1502/1502/1502 1937/1937/1937 362/362/362
f 1502/1502/1502 1936/1936/1936 1937/1937/1937
f 363/363/363 362/362/362 361/361/361
f 363/363/363 1502/1502/1502 362/362/362
f 364/364/364 361/361/361 1145/1145/1145
f 364/364/364 363/363/363 361/361/361
f 1184/1184/1184 1145/1145/1145 1146/1146/1146
f 1184/1184/1184 364/364/364 1145/1145/1145
f 1935/1935/1935 1146/1146/1146 387/387/387
f 1935/1935/1935 1184/1184/1184 1146/1146/1146
f 1521/1521/1521 1935/1935/1935 387/387/387
f 1185/1185/1185 364/364/364 1184/1184/1184
f 1186/1186/1186 1184/1184/1184 1935/1935/1935
f 1186/1186/1186 1185/1185/1185 1184/1184/1184
f 1934/1934/1934 1935/1935/1935 1521/1521/1521
f 1934/1934/1934 1186/1186/1186 1935/1935/1935
f 1504/1504/1504 363/363/363 364/364/364
f 1185/1185/1185 1504/1504/1504 364/364/364
f 1503/1503/1503 1502/1502/1502 363/363/363
f 1504/1504/1504 1503/1503/1503 363/363/363
f 1885/1885/1885 1936/1936/1936 1502/1502/1502
f 1503/1503/1503 1885/1885/1885 1502/1502/1502
f 1209/1209/1209 1520/1520/1520 1936/1936/1936
f 1885/1885/1885 1209/1209/1209 1936/1936/1936
f 1210/1210/1210 1521/1521/1521 1520/1520/1520
f 1209/1209/1209 1210/1210/1210 1520/1520/1520
f 1210/1210/1210 1934/1934/1934 1521/1521/1521
f 1212/1212/1212 1209/1209/1209 1885/1885/1885
f 1211/1211/1211 1210/1210/1210 1209/1209/1209
f 1212/1212/1212 1211/1211/1211 1209/1209/1209
f 1512/1512/1512 1934/1934/1934 1210/1210/1210
f 1211/1211/1211 1512/1512/1512 1210/1210/1210
f 1508/1508/1508 1885/1885/1885 1503/1503/1503
f 1508/1508/1508 1212/1212/1212 1885/1885/1885
f 1510/1510/1510 1503/1503/1503 1504/1504/1504
f 1510/1510/1510 1508/1508/1508 1503/1503/1503
f 1889/1889/1889 1504/1504/1504 1185/1185/1185
f 1889/1889/1889 1510/1510/1510 1504/1504/1504
f 1888/1888/1888 1185/1185/1185 1186/1186/1186
f 1888/1888/1888 1889/1889/1889 1185/1185/1185
f 1513/1513/1513 1186/1186/1186 1934/1934/1934
f 1513/1513/1513 1888/1888/1888 1186/1186/1186
f 1512/1512/1512 1513/1513/1513 1934/1934/1934
f 284/284/284 1889/1889/1889 1888/1888/1888
f 283/283/283 1888/1888/1888 1513/1513/1513
f 283/283/283 284/284/284 1888/1888/1888
f 277/277/277 1513/1513/1513 1512/1512/1512
f 277/277/277 283/283/283 1513/1513/1513
f 288/288/288 1510/1510/1510 1889/1889/1889
f 284/284/284 288/288/288 1889/1889/1889
f 1496/1496/1496 1508/1508/1508 1510/1510/1510
f 288/288/288 1496/1496/1496 1510/1510/1510
f 1497/1497/1497 1212/1212/1212 1508/1508/1508
f 1496/1496/1496 1497/1497/1497 1508/1508/1508
f 1481/1481/1481 1211/1211/1211 1212/1212/1212
f 1497/1497/1497 1481/1481/1481 1212/1212/1212
f 276/276/276 1512/1512/1512 1211/1211/1211
f 1481/1481/1481 276/276/276 1211/1211/1211
f 276/276/276 277/277/277 1512/1512/1512
f 1466/1466/1466 1481/1481/1481 1497/1497/1497
f 279/279/279 276/276/276 1481/1481/1481
f 1466/1466/1466 279/279/279 1481/1481/1481
f 278/278/278 277/277/277 276/276/276
f 279/279/279 278/278/278 276/276/276
f 1492/1492/1492 1497/1497/1497 1496/1496/1496
f 1492/1492/1492 1466/1466/1466 1497/1497/1497
f 1491/1491/1491 1496/1496/1496 288/288/288
f 1491/1491/1491 1492/1492/1492 1496/1496/1496
f 289/289/289 288/288/288 284/284/284
f 289/289/289 1491/1491/1491 288/288/288
f 261/261/261 284/284/284 283/283/283
f 261/261/261 289/289/289 284/284/284
f 260/260/260 283/283/283 277/277/277
f 260/260/260 261/261/261 283/283/283
f 278/278/278 260/260/260 277/277/277
f 226/226/226 289/289/289 261/261/261
f 225/225/225 261/261/261 260/260/260
f 225/225/225 226/226/226 261/261/261
f 262/262/262 260/260/260 278/278/278
f 262/262/262 225/225/225 260/260/260
f 1244/1244/1244 1491/1491/1491 289/289/289
f 226/226/226 1244/1244/1244 289/289/289
f 242/242/242 1492/1492/1492 1491/1491/1491
f 1244/1244/1244 242/242/242 1491/1491/1491
f 243/243/243 1466/1466/1466 1492/1492/1492
f 242/242/242 243/243/243 1492/1492/1492
f 1467/1467/1467 279/279/279 1466/1466/1466
f 243/243/243 1467/1467/1467 1466/1466/1466
f 1482/1482/1482 278/278/278 279/279/279
f 1467/1467/1467 1482/1482/1482 279/279/279
f 1482/1482/1482 262/262/262 278/278/278
f 206/206/206 1467/1467/1467 243/243/243
f 741/741/741 1482/1482/1482 1467/1467/1467
f 206/206/206 741/741/741 1467/1467/1467
f 1292/1292/1292 262/262/262 1482/1482/1482
f 741/741/741 1292/1292/1292 1482/1482/1482
f 205/205/205 243/243/243 242/242/242
f 205/205/205 206/206/206 243/243/243
f 244/244/244 242/242/242 1244/1244/1244
f 244/244/244 205/205/205 242/242/242
f 750/750/750 1244/1244/1244 226/226/226
f 750/750/750 244/244/244 1244/1244/1244
f 227/227/227 226/226/226 225/225/225
f 227/227/227 750/750/750 226/226/226
f 228/228/228 225/225/225 262/262/262
f 228/228/228 227/227/227 225/225/225
f 1292/1292/1292 228/228/228 262/262/262
f 186/186/186 750/750/750 227/227/227
f 185/185/185 227/227/227 228/228/228
f 185/185/185 186/186/186 227/227/227
f 1293/1293/1293 228/228/228 1292/1292/1292
f 1293/1293/1293 185/185/185 228/228/228
f 1455/1455/1455 244/244/244 750/750/750
f 186/186/186 1455/1455/1455 750/750/750
f 208/208/208 205/205/205 244/244/244
f 1455/1455/1455 208/208/208 244/244/244
f 207/207/207 206/206/206 205/205/205
f 208/208/208 207/207/207 205/205/205
f 742/742/742 741/741/741 206/206/206
f 207/207/207 742/742/742 206/206/206
f 1294/1294/1294 1292/1292/1292 741/741/741
f 742/742/742 1294/1294/1294 741/741/741
f 1294/1294/1294 1293/1293/1293 1292/1292/1292
f 1898/1898/1898 742/742/742 207/207/207
f 2027/2027/2027 1294/1294/1294 742/742/742
f 1898/1898/1898 2027/2027/2027 742/742/742
f 1283/1283/1283 1293/1293/1293 1294/1294/1294
f 2027/2027/2027 1283/1283/1283 1294/1294/1294
f 1899/1899/1899 207/207/207 208/208/208
f 1899/1899/1899 1898/1898/1898 207/207/207
f 1282/1282/1282 1283/1283/1283 2027/2027/2027
f 2028/2028/2028 1282/1282/1282 2027/2027/2027
f 2028/2028/2028 2027/2027/2027 1898/1898/1898
f 1283/1283/1283 1282/1282/1282 1281/1281/1281
f 2029/2029/2029 2028/2028/2028 1898/1898/1898
f 2029/2029/2029 1898/1898/1898 1899/1899/1899
f 2030/2030/2030 2029/2029/2029 1899/1899/1899
f 184/184/184 1283/1283/1283 1281/1281/1281
f 1283/1283/1283 184/184/184 1293/1293/1293
f 184/184/184 185/185/185 1293/1293/1293
f 184/184/184 1281/1281/1281 496/496/496
f 2030/2030/2030 1899/1899/1899 1456/1456/1456
f 1456/1456/1456 1899/1899/1899 208/208/208
f 1456/1456/1456 208/208/208 1455/1455/1455
f 1878/1878/1878 2030/2030/2030 1456/1456/1456
f 183/183/183 184/184/184 496/496/496
f 185/185/185 184/184/184 183/183/183
f 186/186/186 185/185/185 183/183/183
f 183/183/183 496/496/496 495/495/495
f 1455/1455/1455 186/186/186 497/497/497
f 186/186/186 183/183/183 497/497/497
f 497/497/497 1456/1456/1456 1455/1455/1455
f 497/497/497 183/183/183 495/495/495
f 1878/1878/1878 1456/1456/1456 497/497/497
f 495/495/495 1878/1878/1878 497/497/497
f 500/500/500 499/499/499 498/498/498
f 498/498/498 499/499/499 1655/1655/1655
f 499/499/499 2108/2108/2108 1655/1655/1655
f 501/501/501 500/500/500 498/498/498
f 2123/2123/2123 500/500/500 501/501/501
f 1655/1655/1655 2108/2108/2108 2106/2106/2106
f 2108/2108/2108 2107/2107/2107 2106/2106/2106
f 1987/1987/1987 2123/2123/2123 501/501/501
f 2124/2124/2124 2123/2123/2123 1987/1987/1987
f 2106/2106/2106 2107/2107/2107 713/713/713
f 2107/2107/2107 2119/2119/2119 713/713/713
f 2125/2125/2125 2124/2124/2124 1987/1987/1987
f 2331/2331/2331 2124/2124/2124 2125/2125/2125
f 713/713/713 2119/2119/2119 716/716/716
f 2119/2119/2119 2080/2080/2080 716/716/716
f 1829/1829/1829 2331/2331/2331 2125/2125/2125
f 2334/2334/2334 2331/2331/2331 1829/1829/1829
f 716/716/716 2080/2080/2080 2070/2070/2070
f 2080/2080/2080 2069/2069/2069 2070/2070/2070
f 1826/1826/1826 2334/2334/2334 1829/1829/1829
f 2113/2113/2113 2334/2334/2334 1826/1826/1826
f 2070/2070/2070 2069/2069/2069 2068/2068/2068
f 2069/2069/2069 2067/2067/2067 2068/2068/2068
f 1984/1984/1984 2113/2113/2113 1826/1826/1826
f 2114/2114/2114 2113/2113/2113 1984/1984/1984
f 2068/2068/2068 2067/2067/2067 2065/2065/2065
f 2067/2067/2067 2066/2066/2066 2065/2065/2065
f 1985/1985/1985 2114/2114/2114 1984/1984/1984
f 2062/2062/2062 2114/2114/2114 1985/1985/1985
f 2065/2065/2065 2066/2066/2066 2072/2072/2072
f 2066/2066/2066 2105/2105/2105 2072/2072/2072
f 2061/2061/2061 2062/2062/2062 1985/1985/1985
f 2062/2062/2062 2061/2061/2061 1845/1845/1845
f 2072/2072/2072 2105/2105/2105 1979/1979/1979
f 2105/2105/2105 2112/2112/2112 1979/1979/1979
f 2061/2061/2061 1844/1844/1844 1845/1845/1845
f 1845/1845/1845 1844/1844/1844 1842/1842/1842
f 1979/1979/1979 2112/2112/2112 1025/1025/1025
f 2112/2112/2112 2126/2126/2126 1025/1025/1025
f 1844/1844/1844 1843/1843/1843 1842/1842/1842
f 2058/2058/2058 1842/1842/1842 1843/1843/1843
f 1018/1018/1018 1025/1025/1025 2126/2126/2126
f 2127/2127/2127 1018/1018/1018 2126/2126/2126
f 2056/2056/2056 2058/2058/2058 1843/1843/1843
f 2109/2109/2109 2058/2058/2058 2056/2056/2056
f 1020/1020/1020 1018/1018/1018 2127/2127/2127
f 2020/2020/2020 1020/1020/1020 2127/2127/2127
f 2110/2110/2110 2109/2109/2109 2056/2056/2056
f 2059/2059/2059 2109/2109/2109 2110/2110/2110
f 2007/2007/2007 1020/1020/1020 2020/2020/2020
f 2021/2021/2021 2007/2007/2007 2020/2020/2020
f 2010/2010/2010 2059/2059/2059 2110/2110/2110
f 2060/2060/2060 2059/2059/2059 2010/2010/2010
f 2008/2008/2008 2007/2007/2007 2021/2021/2021
f 2118/2118/2118 2008/2008/2008 2021/2021/2021
f 2011/2011/2011 2060/2060/2060 2010/2010/2010
f 2063/2063/2063 2060/2060/2060 2011/2011/2011
f 2116/2116/2116 2008/2008/2008 2118/2118/2118
f 2115/2115/2115 2116/2116/2116 2118/2118/2118
f 2064/2064/2064 2063/2063/2063 2011/2011/2011
f 2111/2111/2111 2063/2063/2063 2064/2064/2064
f 2001/2001/2001 2116/2116/2116 2115/2115/2115
f 2117/2117/2117 2001/2001/2001 2115/2115/2115
f 2079/2079/2079 2111/2111/2111 2064/2064/2064
f 511/511/511 2111/2111/2111 2079/2079/2079
f 2004/2004/2004 2001/2001/2001 2117/2117/2117
f 2122/2122/2122 2004/2004/2004 2117/2117/2117
f 510/510/510 511/511/511 2079/2079/2079
f 511/511/511 510/510/510 508/508/508
f 2081/2081/2081 2004/2004/2004 2122/2122/2122
f 2330/2330/2330 2081/2081/2081 2122/2122/2122
f 510/510/510 509/509/509 508/508/508
f 508/508/508 509/509/509 2120/2120/2120
f 2081/2081/2081 2330/2330/2330 2073/2073/2073
f 2330/2330/2330 2121/2121/2121 2073/2073/2073
f 2121/2121/2121 2120/2120/2120 2076/2076/2076
f 2073/2073/2073 2121/2121/2121 2076/2076/2076
f 509/509/509 2076/2076/2076 2120/2120/2120
f 2073/2073/2073 2074/2074/2074 2081/2081/2081
f 2076/2076/2076 2075/2075/2075 2073/2073/2073
f 2075/2075/2075 2074/2074/2074 2073/2073/2073
f 509/509/509 2084/2084/2084 2076/2076/2076
f 2084/2084/2084 2075/2075/2075 2076/2076/2076
f 510/510/510 2077/2077/2077 509/509/509
f 2077/2077/2077 2084/2084/2084 509/509/509
f 2079/2079/2079 2078/2078/2078 510/510/510
f 2078/2078/2078 2077/2077/2077 510/510/510
f 992/992/992 2078/2078/2078 2079/2079/2079
f 2064/2064/2064 992/992/992 2079/2079/2079
f 2078/2078/2078 986/986/986 2077/2077/2077
f 993/993/993 992/992/992 2064/2064/2064
f 2011/2011/2011 993/993/993 2064/2064/2064
f 992/992/992 974/974/974 2078/2078/2078
f 974/974/974 986/986/986 2078/2078/2078
f 993/993/993 977/977/977 992/992/992
f 977/977/977 974/974/974 992/992/992
f 993/993/993 2011/2011/2011 2009/2009/2009
f 2011/2011/2011 2010/2010/2010 2009/2009/2009
f 1712/1712/1712 977/977/977 993/993/993
f 2009/2009/2009 1712/1712/1712 993/993/993
f 2009/2009/2009 2010/2010/2010 2040/2040/2040
f 2010/2010/2010 2110/2110/2110 2040/2040/2040
f 1712/1712/1712 2009/2009/2009 2039/2039/2039
f 2009/2009/2009 2040/2040/2040 2039/2039/2039
f 2040/2040/2040 2110/2110/2110 2057/2057/2057
f 2110/2110/2110 2056/2056/2056 2057/2057/2057
f 2039/2039/2039 2040/2040/2040 990/990/990
f 2040/2040/2040 2057/2057/2057 990/990/990
f 1980/1980/1980 2057/2057/2057 2056/2056/2056
f 1843/1843/1843 1980/1980/1980 2056/2056/2056
f 990/990/990 2057/2057/2057 989/989/989
f 2057/2057/2057 1980/1980/1980 989/989/989
f 1981/1981/1981 1980/1980/1980 1843/1843/1843
f 1844/1844/1844 1981/1981/1981 1843/1843/1843
f 2145/2145/2145 989/989/989 1980/1980/1980
f 1981/1981/1981 2145/2145/2145 1980/1980/1980
f 1952/1952/1952 1981/1981/1981 1844/1844/1844
f 2061/2061/2061 1952/1952/1952 1844/1844/1844
f 956/956/956 2145/2145/2145 1981/1981/1981
f 1952/1952/1952 956/956/956 1981/1981/1981
f 1953/1953/1953 1952/1952/1952 2061/2061/2061
f 1985/1985/1985 1953/1953/1953 2061/2061/2061
f 959/959/959 956/956/956 1952/1952/1952
f 1953/1953/1953 959/959/959 1952/1952/1952
f 1953/1953/1953 1985/1985/1985 1983/1983/1983
f 1985/1985/1985 1984/1984/1984 1983/1983/1983
f 2131/2131/2131 959/959/959 1953/1953/1953
f 1983/1983/1983 2131/2131/2131 1953/1953/1953
f 1827/1827/1827 1983/1983/1983 1984/1984/1984
f 1826/1826/1826 1827/1827/1827 1984/1984/1984
f 1679/1679/1679 2131/2131/2131 1983/1983/1983
f 1827/1827/1827 1679/1679/1679 1983/1983/1983
f 1828/1828/1828 1827/1827/1827 1826/1826/1826
f 1829/1829/1829 1828/1828/1828 1826/1826/1826
f 1682/1682/1682 1679/1679/1679 1827/1827/1827
f 1828/1828/1828 1682/1682/1682 1827/1827/1827
f 2128/2128/2128 1828/1828/1828 1829/1829/1829
f 2125/2125/2125 2128/2128/2128 1829/1829/1829
f 1804/1804/1804 1682/1682/1682 1828/1828/1828
f 2128/2128/2128 1804/1804/1804 1828/1828/1828
f 1988/1988/1988 2128/2128/2128 2125/2125/2125
f 1987/1987/1987 1988/1988/1988 2125/2125/2125
f 2096/2096/2096 1804/1804/1804 2128/2128/2128
f 1988/1988/1988 2096/2096/2096 2128/2128/2128
f 1989/1989/1989 1988/1988/1988 1987/1987/1987
f 501/501/501 1989/1989/1989 1987/1987/1987
f 2099/2099/2099 2096/2096/2096 1988/1988/1988
f 1989/1989/1989 2099/2099/2099 1988/1988/1988
f 1653/1653/1653 1989/1989/1989 501/501/501
f 498/498/498 1653/1653/1653 501/501/501
f 2158/2158/2158 2099/2099/2099 1989/1989/1989
f 1653/1653/1653 2158/2158/2158 1989/1989/1989
f 1654/1654/1654 1653/1653/1653 498/498/498
f 1655/1655/1655 1654/1654/1654 498/498/498
f 2132/2132/2132 2158/2158/2158 1653/1653/1653
f 1654/1654/1654 2132/2132/2132 1653/1653/1653
f 2049/2049/2049 1654/1654/1654 1655/1655/1655
f 2106/2106/2106 2049/2049/2049 1655/1655/1655
f 2050/2050/2050 2132/2132/2132 1654/1654/1654
f 2049/2049/2049 2050/2050/2050 1654/1654/1654
f 714/714/714 2049/2049/2049 2106/2106/2106
f 713/713/713 714/714/714 2106/2106/2106
f 2051/2051/2051 2050/2050/2050 2049/2049/2049
f 714/714/714 2051/2051/2051 2049/2049/2049
f 715/715/715 714/714/714 713/713/713
f 716/716/716 715/715/715 713/713/713
f 2102/2102/2102 2051/2051/2051 714/714/714
f 715/715/715 2102/2102/2102 714/714/714
f 2052/2052/2052 715/715/715 716/716/716
f 2070/2070/2070 2052/2052/2052 716/716/716
f 2053/2053/2053 2102/2102/2102 715/715/715
f 2052/2052/2052 2053/2053/2053 715/715/715
f 2055/2055/2055 2052/2052/2052 2070/2070/2070
f 2068/2068/2068 2055/2055/2055 2070/2070/2070
f 2054/2054/2054 2053/2053/2053 2052/2052/2052
f 2055/2055/2055 2054/2054/2054 2052/2052/2052
f 2071/2071/2071 2055/2055/2055 2068/2068/2068
f 2065/2065/2065 2071/2071/2071 2068/2068/2068
f 2086/2086/2086 2054/2054/2054 2055/2055/2055
f 2071/2071/2071 2086/2086/2086 2055/2055/2055
f 876/876/876 2071/2071/2071 2065/2065/2065
f 2072/2072/2072 876/876/876 2065/2065/2065
f 877/877/877 2086/2086/2086 2071/2071/2071
f 876/876/876 877/877/877 2071/2071/2071
f 876/876/876 2072/2072/2072 875/875/875
f 2072/2072/2072 1979/1979/1979 875/875/875
f 877/877/877 876/876/876 874/874/874
f 876/876/876 875/875/875 874/874/874
f 875/875/875 1979/1979/1979 1026/1026/1026
f 1979/1979/1979 1025/1025/1025 1026/1026/1026
f 874/874/874 875/875/875 2083/2083/2083
f 875/875/875 1026/1026/1026 2083/2083/2083
f 1026/1026/1026 1025/1025/1025 1019/1019/1019
f 1025/1025/1025 1018/1018/1018 1019/1019/1019
f 2083/2083/2083 1026/1026/1026 1809/1809/1809
f 1026/1026/1026 1019/1019/1019 1809/1809/1809
f 904/904/904 1019/1019/1019 1018/1018/1018
f 1020/1020/1020 904/904/904 1018/1018/1018
f 905/905/905 1809/1809/1809 1019/1019/1019
f 904/904/904 905/905/905 1019/1019/1019
f 907/907/907 904/904/904 1020/1020/1020
f 2007/2007/2007 907/907/907 1020/1020/1020
f 906/906/906 905/905/905 904/904/904
f 907/907/907 906/906/906 904/904/904
f 792/792/792 907/907/907 2007/2007/2007
f 2008/2008/2008 792/792/792 2007/2007/2007
f 793/793/793 906/906/906 907/907/907
f 792/792/792 793/793/793 907/907/907
f 795/795/795 792/792/792 2008/2008/2008
f 2116/2116/2116 795/795/795 2008/2008/2008
f 794/794/794 793/793/793 792/792/792
f 795/795/795 794/794/794 792/792/792
f 2002/2002/2002 795/795/795 2116/2116/2116
f 2001/2001/2001 2002/2002/2002 2116/2116/2116
f 1707/1707/1707 794/794/794 795/795/795
f 2002/2002/2002 1707/1707/1707 795/795/795
f 2003/2003/2003 2002/2002/2002 2001/2001/2001
f 2004/2004/2004 2003/2003/2003 2001/2001/2001
f 1701/1701/1701 1707/1707/1707 2002/2002/2002
f 2003/2003/2003 1701/1701/1701 2002/2002/2002
f 2082/2082/2082 2003/2003/2003 2004/2004/2004
f 2081/2081/2081 2082/2082/2082 2004/2004/2004
f 2074/2074/2074 2082/2082/2082 2081/2081/2081
f 1704/1704/1704 1701/1701/1701 2003/2003/2003
f 2082/2082/2082 1704/1704/1704 2003/2003/2003
f 2074/2074/2074 2129/2129/2129 2082/2082/2082
f 2129/2129/2129 1704/1704/1704 2082/2082/2082
f 2157/2157/2157 2129/2129/2129 2074/2074/2074
f 2075/2075/2075 2157/2157/2157 2074/2074/2074
f 2129/2129/2129 2155/2155/2155 1704/1704/1704
f 2085/2085/2085 2157/2157/2157 2075/2075/2075
f 2084/2084/2084 2085/2085/2085 2075/2075/2075
f 2157/2157/2157 2156/2156/2156 2129/2129/2129
f 2156/2156/2156 2155/2155/2155 2129/2129/2129
f 2085/2085/2085 2159/2159/2159 2157/2157/2157
f 2159/2159/2159 2156/2156/2156 2157/2157/2157
f 983/983/983 2085/2085/2085 2084/2084/2084
f 2077/2077/2077 983/983/983 2084/2084/2084
f 986/986/986 983/983/983 2077/2077/2077
f 983/983/983 984/984/984 2085/2085/2085
f 984/984/984 2159/2159/2159 2085/2085/2085
f 986/986/986 985/985/985 983/983/983
f 985/985/985 984/984/984 983/983/983
f 975/975/975 985/985/985 986/986/986
f 974/974/974 975/975/975 986/986/986
f 984/984/984 985/985/985 2314/2314/2314
f 976/976/976 975/975/975 974/974/974
f 977/977/977 976/976/976 974/974/974
f 985/985/985 975/975/975 2234/2234/2234
f 2314/2314/2314 985/985/985 2234/2234/2234
f 975/975/975 976/976/976 2093/2093/2093
f 2234/2234/2234 975/975/975 2093/2093/2093
f 1711/1711/1711 976/976/976 977/977/977
f 1712/1712/1712 1711/1711/1711 977/977/977
f 2093/2093/2093 976/976/976 2092/2092/2092
f 976/976/976 1711/1711/1711 2092/2092/2092
f 1711/1711/1711 1712/1712/1712 2094/2094/2094
f 1712/1712/1712 2039/2039/2039 2094/2094/2094
f 2092/2092/2092 1711/1711/1711 2095/2095/2095
f 1711/1711/1711 2094/2094/2094 2095/2095/2095
f 2094/2094/2094 2039/2039/2039 991/991/991
f 2039/2039/2039 990/990/990 991/991/991
f 2095/2095/2095 2094/2094/2094 1150/1150/1150
f 2094/2094/2094 991/991/991 1150/1150/1150
f 991/991/991 990/990/990 988/988/988
f 990/990/990 989/989/989 988/988/988
f 1150/1150/1150 991/991/991 1149/1149/1149
f 991/991/991 988/988/988 1149/1149/1149
f 2146/2146/2146 988/988/988 989/989/989
f 2145/2145/2145 2146/2146/2146 989/989/989
f 1149/1149/1149 988/988/988 1581/1581/1581
f 988/988/988 2146/2146/2146 1581/1581/1581
f 957/957/957 2146/2146/2146 2145/2145/2145
f 956/956/956 957/957/957 2145/2145/2145
f 1580/1580/1580 1581/1581/1581 2146/2146/2146
f 957/957/957 1580/1580/1580 2146/2146/2146
f 958/958/958 957/957/957 956/956/956
f 959/959/959 958/958/958 956/956/956
f 1534/1534/1534 1580/1580/1580 957/957/957
f 958/958/958 1534/1534/1534 957/957/957
f 1536/1536/1536 958/958/958 959/959/959
f 2131/2131/2131 1536/1536/1536 959/959/959
f 1535/1535/1535 1534/1534/1534 958/958/958
f 1536/1536/1536 1535/1535/1535 958/958/958
f 1680/1680/1680 1536/1536/1536 2131/2131/2131
f 1679/1679/1679 1680/1680/1680 2131/2131/2131
f 1535/1535/1535 1536/1536/1536 2327/2327/2327
f 1536/1536/1536 1680/1680/1680 2327/2327/2327
f 1681/1681/1681 1680/1680/1680 1679/1679/1679
f 1682/1682/1682 1681/1681/1681 1679/1679/1679
f 2327/2327/2327 1680/1680/1680 2241/2241/2241
f 1680/1680/1680 1681/1681/1681 2241/2241/2241
f 1803/1803/1803 1681/1681/1681 1682/1682/1682
f 1804/1804/1804 1803/1803/1803 1682/1682/1682
f 2241/2241/2241 1681/1681/1681 2240/2240/2240
f 1681/1681/1681 1803/1803/1803 2240/2240/2240
f 2097/2097/2097 1803/1803/1803 1804/1804/1804
f 2096/2096/2096 2097/2097/2097 1804/1804/1804
f 2240/2240/2240 1803/1803/1803 2259/2259/2259
f 1803/1803/1803 2097/2097/2097 2259/2259/2259
f 2098/2098/2098 2097/2097/2097 2096/2096/2096
f 2099/2099/2099 2098/2098/2098 2096/2096/2096
f 2259/2259/2259 2097/2097/2097 2204/2204/2204
f 2097/2097/2097 2098/2098/2098 2204/2204/2204
f 2165/2165/2165 2098/2098/2098 2099/2099/2099
f 2158/2158/2158 2165/2165/2165 2099/2099/2099
f 2204/2204/2204 2098/2098/2098 2203/2203/2203
f 2098/2098/2098 2165/2165/2165 2203/2203/2203
f 1546/1546/1546 2165/2165/2165 2158/2158/2158
f 2132/2132/2132 1546/1546/1546 2158/2158/2158
f 2203/2203/2203 2165/2165/2165 1547/1547/1547
f 2165/2165/2165 1546/1546/1546 1547/1547/1547
f 1545/1545/1545 1546/1546/1546 2132/2132/2132
f 2050/2050/2050 1545/1545/1545 2132/2132/2132
f 1547/1547/1547 1546/1546/1546 1544/1544/1544
f 1546/1546/1546 1545/1545/1545 1544/1544/1544
f 2151/2151/2151 1545/1545/1545 2050/2050/2050
f 2051/2051/2051 2151/2151/2151 2050/2050/2050
f 1544/1544/1544 1545/1545/1545 2376/2376/2376
f 1545/1545/1545 2151/2151/2151 2376/2376/2376
f 2103/2103/2103 2151/2151/2151 2051/2051/2051
f 2102/2102/2102 2103/2103/2103 2051/2051/2051
f 2376/2376/2376 2151/2151/2151 2371/2371/2371
f 2151/2151/2151 2103/2103/2103 2371/2371/2371
f 2104/2104/2104 2103/2103/2103 2102/2102/2102
f 2053/2053/2053 2104/2104/2104 2102/2102/2102
f 2370/2370/2370 2371/2371/2371 2103/2103/2103
f 2104/2104/2104 2370/2370/2370 2103/2103/2103
f 2130/2130/2130 2104/2104/2104 2053/2053/2053
f 2054/2054/2054 2130/2130/2130 2053/2053/2053
f 2374/2374/2374 2370/2370/2370 2104/2104/2104
f 2130/2130/2130 2374/2374/2374 2104/2104/2104
f 2087/2087/2087 2130/2130/2130 2054/2054/2054
f 2086/2086/2086 2087/2087/2087 2054/2054/2054
f 2369/2369/2369 2374/2374/2374 2130/2130/2130
f 2087/2087/2087 2369/2369/2369 2130/2130/2130
f 1689/1689/1689 2087/2087/2087 2086/2086/2086
f 877/877/877 1689/1689/1689 2086/2086/2086
f 2362/2362/2362 2369/2369/2369 2087/2087/2087
f 1689/1689/1689 2362/2362/2362 2087/2087/2087
f 1689/1689/1689 877/877/877 1688/1688/1688
f 877/877/877 874/874/874 1688/1688/1688
f 2363/2363/2363 2362/2362/2362 1689/1689/1689
f 1688/1688/1688 2363/2363/2363 1689/1689/1689
f 1688/1688/1688 874/874/874 2163/2163/2163
f 874/874/874 2083/2083/2083 2163/2163/2163
f 2363/2363/2363 1688/1688/1688 2364/2364/2364
f 1688/1688/1688 2163/2163/2163 2364/2364/2364
f 1810/1810/1810 2163/2163/2163 2083/2083/2083
f 1809/1809/1809 1810/1810/1810 2083/2083/2083
f 2365/2365/2365 2364/2364/2364 2163/2163/2163
f 1810/1810/1810 2365/2365/2365 2163/2163/2163
f 1717/1717/1717 1810/1810/1810 1809/1809/1809
f 905/905/905 1717/1717/1717 1809/1809/1809
f 2366/2366/2366 2365/2365/2365 1810/1810/1810
f 1717/1717/1717 2366/2366/2366 1810/1810/1810
f 1718/1718/1718 1717/1717/1717 905/905/905
f 906/906/906 1718/1718/1718 905/905/905
f 2367/2367/2367 2366/2366/2366 1717/1717/1717
f 1718/1718/1718 2367/2367/2367 1717/1717/1717
f 1797/1797/1797 1718/1718/1718 906/906/906
f 793/793/793 1797/1797/1797 906/906/906
f 2367/2367/2367 1718/1718/1718 2368/2368/2368
f 1718/1718/1718 1797/1797/1797 2368/2368/2368
f 2164/2164/2164 1797/1797/1797 793/793/793
f 794/794/794 2164/2164/2164 793/793/793
f 2368/2368/2368 1797/1797/1797 2171/2171/2171
f 1797/1797/1797 2164/2164/2164 2171/2171/2171
f 1708/1708/1708 2164/2164/2164 794/794/794
f 1707/1707/1707 1708/1708/1708 794/794/794
f 2171/2171/2171 2164/2164/2164 2170/2170/2170
f 2164/2164/2164 1708/1708/1708 2170/2170/2170
f 1702/1702/1702 1708/1708/1708 1707/1707/1707
f 1701/1701/1701 1702/1702/1702 1707/1707/1707
f 2170/2170/2170 1708/1708/1708 2328/2328/2328
f 1708/1708/1708 1702/1702/1702 2328/2328/2328
f 1703/1703/1703 1702/1702/1702 1701/1701/1701
f 1704/1704/1704 1703/1703/1703 1701/1701/1701
f 2155/2155/2155 1703/1703/1703 1704/1704/1704
f 2328/2328/2328 1702/1702/1702 2173/2173/2173
f 1702/1702/1702 1703/1703/1703 2173/2173/2173
f 1703/1703/1703 2155/2155/2155 2172/2172/2172
f 2173/2173/2173 1703/1703/1703 2172/2172/2172
f 2172/2172/2172 2155/2155/2155 2372/2372/2372
f 2155/2155/2155 2156/2156/2156 2372/2372/2372
f 2173/2173/2173 2172/2172/2172 2226/2226/2226
f 2372/2372/2372 2156/2156/2156 2239/2239/2239
f 2156/2156/2156 2159/2159/2159 2239/2239/2239
f 2172/2172/2172 2372/2372/2372 2347/2347/2347
f 2226/2226/2226 2172/2172/2172 2347/2347/2347
f 2372/2372/2372 2239/2239/2239 2344/2344/2344
f 2347/2347/2347 2372/2372/2372 2344/2344/2344
f 2239/2239/2239 2159/2159/2159 2238/2238/2238
f 2159/2159/2159 984/984/984 2238/2238/2238
f 2238/2238/2238 984/984/984 2314/2314/2314
f 2347/2347/2347 2344/2344/2344 2345/2345/2345
f 2348/2348/2348 2347/2347/2347 2345/2345/2345
f 2226/2226/2226 2347/2347/2347 2348/2348/2348
f 2345/2345/2345 2344/2344/2344 2246/2246/2246
f 2349/2349/2349 2226/2226/2226 2348/2348/2348
f 2344/2344/2344 2245/2245/2245 2246/2246/2246
f 2344/2344/2344 2239/2239/2239 2245/2245/2245
f 2239/2239/2239 2238/2238/2238 2245/2245/2245
f 2246/2246/2246 2245/2245/2245 2243/2243/2243
f 2227/2227/2227 2226/2226/2226 2349/2349/2349
f 2227/2227/2227 2173/2173/2173 2226/2226/2226
f 2328/2328/2328 2173/2173/2173 2227/2227/2227
f 2335/2335/2335 2227/2227/2227 2349/2349/2349
f 2245/2245/2245 2244/2244/2244 2243/2243/2243
f 2245/2245/2245 2238/2238/2238 2244/2244/2244
f 2238/2238/2238 2314/2314/2314 2244/2244/2244
f 2243/2243/2243 2244/2244/2244 2311/2311/2311
f 2207/2207/2207 2227/2227/2227 2335/2335/2335
f 2207/2207/2207 2328/2328/2328 2227/2227/2227
f 2170/2170/2170 2328/2328/2328 2207/2207/2207
f 2206/2206/2206 2207/2207/2207 2335/2335/2335
f 2244/2244/2244 2235/2235/2235 2311/2311/2311
f 2244/2244/2244 2314/2314/2314 2235/2235/2235
f 2311/2311/2311 2235/2235/2235 2310/2310/2310
f 2314/2314/2314 2234/2234/2234 2235/2235/2235
f 2208/2208/2208 2207/2207/2207 2206/2206/2206
f 2208/2208/2208 2170/2170/2170 2207/2207/2207
f 2171/2171/2171 2170/2170/2170 2208/2208/2208
f 2209/2209/2209 2208/2208/2208 2206/2206/2206
f 2235/2235/2235 2234/2234/2234 2233/2233/2233
f 2235/2235/2235 2233/2233/2233 2310/2310/2310
f 2234/2234/2234 2093/2093/2093 2233/2233/2233
f 2310/2310/2310 2233/2233/2233 1558/1558/1558
f 2195/2195/2195 2208/2208/2208 2209/2209/2209
f 2195/2195/2195 2171/2171/2171 2208/2208/2208
f 2194/2194/2194 2195/2195/2195 2209/2209/2209
f 2368/2368/2368 2171/2171/2171 2195/2195/2195
f 2233/2233/2233 1557/1557/1557 1558/1558/1558
f 2233/2233/2233 2093/2093/2093 1557/1557/1557
f 1558/1558/1558 1557/1557/1557 1555/1555/1555
f 2093/2093/2093 2092/2092/2092 1557/1557/1557
f 2196/2196/2196 2368/2368/2368 2195/2195/2195
f 2196/2196/2196 2195/2195/2195 2194/2194/2194
f 2367/2367/2367 2368/2368/2368 2196/2196/2196
f 2197/2197/2197 2196/2196/2196 2194/2194/2194
f 1557/1557/1557 2092/2092/2092 1556/1556/1556
f 1557/1557/1557 1556/1556/1556 1555/1555/1555
f 2092/2092/2092 2095/2095/2095 1556/1556/1556
f 1555/1555/1555 1556/1556/1556 2267/2267/2267
f 2354/2354/2354 2196/2196/2196 2197/2197/2197
f 2354/2354/2354 2367/2367/2367 2196/2196/2196
f 2355/2355/2355 2354/2354/2354 2197/2197/2197
f 2366/2366/2366 2367/2367/2367 2354/2354/2354
f 1556/1556/1556 2214/2214/2214 2267/2267/2267
f 1556/1556/1556 2095/2095/2095 2214/2214/2214
f 2267/2267/2267 2214/2214/2214 2266/2266/2266
f 2095/2095/2095 1150/1150/1150 2214/2214/2214
f 1130/1130/1130 2366/2366/2366 2354/2354/2354
f 1130/1130/1130 2354/2354/2354 2355/2355/2355
f 2366/2366/2366 1130/1130/1130 2365/2365/2365
f 1129/1129/1129 1130/1130/1130 2355/2355/2355
f 2214/2214/2214 1150/1150/1150 2213/2213/2213
f 2214/2214/2214 2213/2213/2213 2266/2266/2266
f 1150/1150/1150 1149/1149/1149 2213/2213/2213
f 2266/2266/2266 2213/2213/2213 2274/2274/2274
f 1131/1131/1131 1130/1130/1130 1129/1129/1129
f 1130/1130/1130 1131/1131/1131 2365/2365/2365
f 1132/1132/1132 1131/1131/1131 1129/1129/1129
f 2365/2365/2365 1131/1131/1131 2364/2364/2364
f 2213/2213/2213 1582/1582/1582 2274/2274/2274
f 2213/2213/2213 1149/1149/1149 1582/1582/1582
f 2274/2274/2274 1582/1582/1582 2273/2273/2273
f 1149/1149/1149 1581/1581/1581 1582/1582/1582
f 1131/1131/1131 2361/2361/2361 2364/2364/2364
f 1131/1131/1131 1132/1132/1132 2361/2361/2361
f 2364/2364/2364 2361/2361/2361 2363/2363/2363
f 1132/1132/1132 2360/2360/2360 2361/2361/2361
f 1582/1582/1582 1581/1581/1581 1579/1579/1579
f 1582/1582/1582 1579/1579/1579 2273/2273/2273
f 1581/1581/1581 1580/1580/1580 1579/1579/1579
f 2273/2273/2273 1579/1579/1579 2336/2336/2336
f 2361/2361/2361 2360/2360/2360 2359/2359/2359
f 2361/2361/2361 2359/2359/2359 2363/2363/2363
f 2360/2360/2360 2358/2358/2358 2359/2359/2359
f 2363/2363/2363 2359/2359/2359 2362/2362/2362
f 1579/1579/1579 2337/2337/2337 2336/2336/2336
f 1579/1579/1579 1580/1580/1580 2337/2337/2337
f 2336/2336/2336 2337/2337/2337 2313/2313/2313
f 1580/1580/1580 1534/1534/1534 2337/2337/2337
f 2359/2359/2359 2357/2357/2357 2362/2362/2362
f 2359/2359/2359 2358/2358/2358 2357/2357/2357
f 2362/2362/2362 2357/2357/2357 2369/2369/2369
f 2358/2358/2358 2356/2356/2356 2357/2357/2357
f 2337/2337/2337 1534/1534/1534 2312/2312/2312
f 2337/2337/2337 2312/2312/2312 2313/2313/2313
f 1534/1534/1534 1535/1535/1535 2312/2312/2312
f 2313/2313/2313 2312/2312/2312 2186/2186/2186
f 2357/2357/2357 2356/2356/2356 2290/2290/2290
f 2357/2357/2357 2290/2290/2290 2369/2369/2369
f 2356/2356/2356 2289/2289/2289 2290/2290/2290
f 2374/2374/2374 2369/2369/2369 2290/2290/2290
f 2312/2312/2312 2185/2185/2185 2186/2186/2186
f 2312/2312/2312 1535/1535/1535 2185/2185/2185
f 2186/2186/2186 2185/2185/2185 2183/2183/2183
f 1535/1535/1535 2327/2327/2327 2185/2185/2185
f 2291/2291/2291 2374/2374/2374 2290/2290/2290
f 2291/2291/2291 2290/2290/2290 2289/2289/2289
f 2370/2370/2370 2374/2374/2374 2291/2291/2291
f 2292/2292/2292 2291/2291/2291 2289/2289/2289
f 2185/2185/2185 2327/2327/2327 2184/2184/2184
f 2185/2185/2185 2184/2184/2184 2183/2183/2183
f 2327/2327/2327 2241/2241/2241 2184/2184/2184
f 2183/2183/2183 2184/2184/2184 2341/2341/2341
f 2353/2353/2353 2291/2291/2291 2292/2292/2292
f 2353/2353/2353 2370/2370/2370 2291/2291/2291
f 2352/2352/2352 2353/2353/2353 2292/2292/2292
f 2371/2371/2371 2370/2370/2370 2353/2353/2353
f 2184/2184/2184 2342/2342/2342 2341/2341/2341
f 2184/2184/2184 2241/2241/2241 2342/2342/2342
f 2341/2341/2341 2342/2342/2342 2340/2340/2340
f 2241/2241/2241 2240/2240/2240 2342/2342/2342
f 2351/2351/2351 2371/2371/2371 2353/2353/2353
f 2351/2351/2351 2353/2353/2353 2352/2352/2352
f 2376/2376/2376 2371/2371/2371 2351/2351/2351
f 2350/2350/2350 2351/2351/2351 2352/2352/2352
f 2342/2342/2342 2240/2240/2240 2339/2339/2339
f 2342/2342/2342 2339/2339/2339 2340/2340/2340
f 2240/2240/2240 2259/2259/2259 2339/2339/2339
f 2340/2340/2340 2339/2339/2339 2338/2338/2338
f 2237/2237/2237 2351/2351/2351 2350/2350/2350
f 2237/2237/2237 2376/2376/2376 2351/2351/2351
f 2236/2236/2236 2237/2237/2237 2350/2350/2350
f 1544/1544/1544 2376/2376/2376 2237/2237/2237
f 2339/2339/2339 2205/2205/2205 2338/2338/2338
f 2339/2339/2339 2259/2259/2259 2205/2205/2205
f 2338/2338/2338 2205/2205/2205 2346/2346/2346
f 2259/2259/2259 2204/2204/2204 2205/2205/2205
f 2191/2191/2191 1544/1544/1544 2237/2237/2237
f 2191/2191/2191 2237/2237/2237 2236/2236/2236
f 1547/1547/1547 1544/1544/1544 2191/2191/2191
f 2190/2190/2190 2191/2191/2191 2236/2236/2236
f 2205/2205/2205 2204/2204/2204 2202/2202/2202
f 2205/2205/2205 2202/2202/2202 2346/2346/2346
f 2204/2204/2204 2203/2203/2203 2202/2202/2202
f 2346/2346/2346 2202/2202/2202 2193/2193/2193
f 2203/2203/2203 1547/1547/1547 2192/2192/2192
f 2202/2202/2202 2203/2203/2203 2192/2192/2192
f 2192/2192/2192 1547/1547/1547 2191/2191/2191
f 2202/2202/2202 2192/2192/2192 2193/2193/2193
f 2192/2192/2192 2191/2191/2191 2190/2190/2190
f 2193/2193/2193 2192/2192/2192 2190/2190/2190
f 673/673/673 672/672/672 671/671/671
f 674/674/674 673/673/673 671/671/671
f 677/677/677 671/671/671 672/672/672
f 2012/2012/2012 673/673/673 674/674/674
f 678/678/678 677/677/677 672/672/672
f 2013/2013/2013 2012/2012/2012 674/674/674
f 2565/2565/2565 677/677/677 678/678/678
f 2535/2535/2535 2012/2012/2012 2013/2013/2013
f 2566/2566/2566 2565/2565/2565 678/678/678
f 2536/2536/2536 2535/2535/2535 2013/2013/2013
f 2526/2526/2526 2565/2565/2565 2566/2566/2566
f 2510/2510/2510 2535/2535/2535 2536/2536/2536
f 2525/2525/2525 2526/2526/2526 2566/2566/2566
f 2509/2509/2509 2510/2510/2510 2536/2536/2536
f 2527/2527/2527 2526/2526/2526 2525/2525/2525
f 2511/2511/2511 2510/2510/2510 2509/2509/2509
f 2528/2528/2528 2527/2527/2527 2525/2525/2525
f 2512/2512/2512 2511/2511/2511 2509/2509/2509
f 2562/2562/2562 2527/2527/2527 2528/2528/2528
f 2556/2556/2556 2511/2511/2511 2512/2512/2512
f 2561/2561/2561 2562/2562/2562 2528/2528/2528
f 2555/2555/2555 2556/2556/2556 2512/2512/2512
f 2563/2563/2563 2562/2562/2562 2561/2561/2561
f 953/953/953 2556/2556/2556 2555/2555/2555
f 2564/2564/2564 2563/2563/2563 2561/2561/2561
f 952/952/952 953/953/953 2555/2555/2555
f 2532/2532/2532 2563/2563/2563 2564/2564/2564
f 954/954/954 953/953/953 952/952/952
f 2531/2531/2531 2532/2532/2532 2564/2564/2564
f 955/955/955 954/954/954 952/952/952
f 2533/2533/2533 2532/2532/2532 2531/2531/2531
f 2553/2553/2553 954/954/954 955/955/955
f 2534/2534/2534 2533/2533/2533 2531/2531/2531
f 2554/2554/2554 2553/2553/2553 955/955/955
f 2552/2552/2552 2533/2533/2533 2534/2534/2534
f 2546/2546/2546 2553/2553/2553 2554/2554/2554
f 2551/2551/2551 2552/2552/2552 2534/2534/2534
f 2545/2545/2545 2546/2546/2546 2554/2554/2554
f 2538/2538/2538 2552/2552/2552 2551/2551/2551
f 2547/2547/2547 2546/2546/2546 2545/2545/2545
f 2537/2537/2537 2538/2538/2538 2551/2551/2551
f 2548/2548/2548 2547/2547/2547 2545/2545/2545
f 2539/2539/2539 2538/2538/2538 2537/2537/2537
f 2559/2559/2559 2547/2547/2547 2548/2548/2548
f 2540/2540/2540 2539/2539/2539 2537/2537/2537
f 2560/2560/2560 2559/2559/2559 2548/2548/2548
f 2015/2015/2015 2539/2539/2539 2540/2540/2540
f 2530/2530/2530 2559/2559/2559 2560/2560/2560
f 2014/2014/2014 2015/2015/2015 2540/2540/2540
f 2529/2529/2529 2530/2530/2530 2560/2560/2560
f 2016/2016/2016 2015/2015/2015 2014/2014/2014
f 2518/2518/2518 2530/2530/2530 2529/2529/2529
f 2017/2017/2017 2016/2016/2016 2014/2014/2014
f 2517/2517/2517 2518/2518/2518 2529/2529/2529
f 2541/2541/2541 2016/2016/2016 2017/2017/2017
f 2519/2519/2519 2518/2518/2518 2517/2517/2517
f 2542/2542/2542 2541/2541/2541 2017/2017/2017
f 2520/2520/2520 2519/2519/2519 2517/2517/2517
f 2543/2543/2543 2541/2541/2541 2542/2542/2542
f 2522/2522/2522 2519/2519/2519 2520/2520/2520
f 2544/2544/2544 2543/2543/2543 2542/2542/2542
f 2521/2521/2521 2522/2522/2522 2520/2520/2520
f 2549/2549/2549 2543/2543/2543 2544/2544/2544
f 2523/2523/2523 2522/2522/2522 2521/2521/2521
f 2550/2550/2550 2549/2549/2549 2544/2544/2544
f 2524/2524/2524 2523/2523/2523 2521/2521/2521
f 2557/2557/2557 2549/2549/2549 2550/2550/2550
f 2506/2506/2506 2523/2523/2523 2524/2524/2524
f 2558/2558/2558 2557/2557/2557 2550/2550/2550
f 2505/2505/2505 2506/2506/2506 2524/2524/2524
f 2514/2514/2514 2557/2557/2557 2558/2558/2558
f 2507/2507/2507 2506/2506/2506 2505/2505/2505
f 2513/2513/2513 2514/2514/2514 2558/2558/2558
f 2508/2508/2508 2507/2507/2507 2505/2505/2505
f 2515/2515/2515 2514/2514/2514 2513/2513/2513
f 2507/2507/2507 2508/2508/2508 2516/2516/2516
f 2516/2516/2516 2515/2515/2515 2513/2513/2513
f 2508/2508/2508 2515/2515/2515 2516/2516/2516
f 1141/1141/1141 1140/1140/1140 1139/1139/1139
f 1142/1142/1142 1141/1141/1141 1139/1139/1139
f 2211/2211/2211 1141/1141/1141 1142/1142/1142
f 1139/1139/1139 1140/1140/1140 2182/2182/2182
f 1140/1140/1140 2325/2325/2325 2182/2182/2182
f 2210/2210/2210 2211/2211/2211 1142/1142/1142
f 2212/2212/2212 2211/2211/2211 2210/2210/2210
f 2182/2182/2182 2325/2325/2325 2322/2322/2322
f 2325/2325/2325 2321/2321/2321 2322/2322/2322
f 2179/2179/2179 2212/2212/2212 2210/2210/2210
f 2212/2212/2212 2179/2179/2179 2326/2326/2326
f 2322/2322/2322 2321/2321/2321 2318/2318/2318
f 2321/2321/2321 2317/2317/2317 2318/2318/2318
f 2179/2179/2179 2178/2178/2178 2326/2326/2326
f 2326/2326/2326 2178/2178/2178 2261/2261/2261
f 2318/2318/2318 2317/2317/2317 2315/2315/2315
f 2317/2317/2317 2316/2316/2316 2315/2315/2315
f 2178/2178/2178 1863/1863/1863 2261/2261/2261
f 2261/2261/2261 1863/1863/1863 2260/2260/2260
f 2315/2315/2315 2316/2316/2316 2232/2232/2232
f 2316/2316/2316 2231/2231/2231 2232/2232/2232
f 1863/1863/1863 1860/1860/1860 2260/2260/2260
f 2260/2260/2260 1860/1860/1860 2189/2189/2189
f 2232/2232/2232 2231/2231/2231 2229/2229/2229
f 2231/2231/2231 2230/2230/2230 2229/2229/2229
f 1860/1860/1860 2188/2188/2188 2189/2189/2189
f 2189/2189/2189 2188/2188/2188 2187/2187/2187
f 2229/2229/2229 2230/2230/2230 2299/2299/2299
f 2230/2230/2230 2343/2343/2343 2299/2299/2299
f 2188/2188/2188 1573/1573/1573 2187/2187/2187
f 2187/2187/2187 1573/1573/1573 2324/2324/2324
f 2299/2299/2299 2343/2343/2343 2301/2301/2301
f 2343/2343/2343 2305/2305/2305 2301/2301/2301
f 1573/1573/1573 1570/1570/1570 2324/2324/2324
f 2324/2324/2324 1570/1570/1570 2218/2218/2218
f 2301/2301/2301 2305/2305/2305 2303/2303/2303
f 2305/2305/2305 2304/2304/2304 2303/2303/2303
f 1570/1570/1570 2216/2216/2216 2218/2218/2218
f 2218/2218/2218 2216/2216/2216 2217/2217/2217
f 2303/2303/2303 2304/2304/2304 2296/2296/2296
f 2304/2304/2304 2295/2295/2295 2296/2296/2296
f 2216/2216/2216 2215/2215/2215 2217/2217/2217
f 2217/2217/2217 2215/2215/2215 2224/2224/2224
f 2296/2296/2296 2295/2295/2295 2174/2174/2174
f 2295/2295/2295 2294/2294/2294 2174/2174/2174
f 2215/2215/2215 2225/2225/2225 2224/2224/2224
f 2224/2224/2224 2225/2225/2225 2222/2222/2222
f 2174/2174/2174 2294/2294/2294 2177/2177/2177
f 2294/2294/2294 2285/2285/2285 2177/2177/2177
f 2225/2225/2225 2221/2221/2221 2222/2222/2222
f 2222/2222/2222 2221/2221/2221 2219/2219/2219
f 2177/2177/2177 2285/2285/2285 2283/2283/2283
f 2285/2285/2285 2284/2284/2284 2283/2283/2283
f 2221/2221/2221 2220/2220/2220 2219/2219/2219
f 2219/2219/2219 2220/2220/2220 2298/2298/2298
f 2283/2283/2283 2284/2284/2284 2279/2279/2279
f 2284/2284/2284 2278/2278/2278 2279/2279/2279
f 2220/2220/2220 2201/2201/2201 2298/2298/2298
f 2298/2298/2298 2201/2201/2201 2297/2297/2297
f 2279/2279/2279 2278/2278/2278 2275/2275/2275
f 2278/2278/2278 2277/2277/2277 2275/2275/2275
f 2201/2201/2201 2198/2198/2198 2297/2297/2297
f 2297/2297/2297 2198/2198/2198 2308/2308/2308
f 2271/2271/2271 2275/2275/2275 2277/2277/2277
f 2270/2270/2270 2271/2271/2271 2277/2277/2277
f 2198/2198/2198 2242/2242/2242 2308/2308/2308
f 2308/2308/2308 2242/2242/2242 2251/2251/2251
f 2268/2268/2268 2271/2271/2271 2270/2270/2270
f 2272/2272/2272 2268/2268/2268 2270/2270/2270
f 2242/2242/2242 2248/2248/2248 2251/2251/2251
f 2251/2251/2251 2248/2248/2248 2249/2249/2249
f 2269/2269/2269 2268/2268/2268 2272/2272/2272
f 2282/2282/2282 2269/2269/2269 2272/2272/2272
f 2248/2248/2248 2250/2250/2250 2249/2249/2249
f 2249/2249/2249 2250/2250/2250 2257/2257/2257
f 2257/2257/2257 2258/2258/2258 2282/2282/2282
f 2250/2250/2250 2258/2258/2258 2257/2257/2257
f 2258/2258/2258 2269/2269/2269 2282/2282/2282
f 2248/2248/2248 1942/1942/1942 2250/2250/2250
f 2250/2250/2250 2256/2256/2256 2258/2258/2258
f 1942/1942/1942 2256/2256/2256 2250/2250/2250
f 2258/2258/2258 2140/2140/2140 2269/2269/2269
f 2256/2256/2256 2140/2140/2140 2258/2258/2258
f 2269/2269/2269 2138/2138/2138 2268/2268/2268
f 2140/2140/2140 2138/2138/2138 2269/2269/2269
f 2268/2268/2268 1159/1159/1159 2271/2271/2271
f 2138/2138/2138 1159/1159/1159 2268/2268/2268
f 1159/1159/1159 1156/1156/1156 2271/2271/2271
f 2271/2271/2271 1156/1156/1156 2275/2275/2275
f 2138/2138/2138 2137/2137/2137 1159/1159/1159
f 1156/1156/1156 2276/2276/2276 2275/2275/2275
f 2275/2275/2275 2276/2276/2276 2279/2279/2279
f 1159/1159/1159 1158/1158/1158 1156/1156/1156
f 2137/2137/2137 1158/1158/1158 1159/1159/1159
f 1156/1156/1156 1157/1157/1157 2276/2276/2276
f 1158/1158/1158 1157/1157/1157 1156/1156/1156
f 2276/2276/2276 2281/2281/2281 2279/2279/2279
f 2279/2279/2279 2281/2281/2281 2283/2283/2283
f 1157/1157/1157 2280/2280/2280 2276/2276/2276
f 2276/2276/2276 2280/2280/2280 2281/2281/2281
f 2281/2281/2281 2287/2287/2287 2283/2283/2283
f 2283/2283/2283 2287/2287/2287 2177/2177/2177
f 2280/2280/2280 2286/2286/2286 2281/2281/2281
f 2281/2281/2281 2286/2286/2286 2287/2287/2287
f 2287/2287/2287 2176/2176/2176 2177/2177/2177
f 2177/2177/2177 2176/2176/2176 2174/2174/2174
f 2286/2286/2286 2288/2288/2288 2287/2287/2287
f 2287/2287/2287 2288/2288/2288 2176/2176/2176
f 2176/2176/2176 2175/2175/2175 2174/2174/2174
f 2174/2174/2174 2175/2175/2175 2296/2296/2296
f 2288/2288/2288 2293/2293/2293 2176/2176/2176
f 2176/2176/2176 2293/2293/2293 2175/2175/2175
f 2175/2175/2175 2309/2309/2309 2296/2296/2296
f 2296/2296/2296 2309/2309/2309 2303/2303/2303
f 2293/2293/2293 2302/2302/2302 2175/2175/2175
f 2175/2175/2175 2302/2302/2302 2309/2309/2309
f 2309/2309/2309 2169/2169/2169 2303/2303/2303
f 2303/2303/2303 2169/2169/2169 2301/2301/2301
f 2302/2302/2302 2320/2320/2320 2309/2309/2309
f 2309/2309/2309 2320/2320/2320 2169/2169/2169
f 2169/2169/2169 2166/2166/2166 2301/2301/2301
f 2301/2301/2301 2166/2166/2166 2299/2299/2299
f 2320/2320/2320 2168/2168/2168 2169/2169/2169
f 2169/2169/2169 2168/2168/2168 2166/2166/2166
f 2166/2166/2166 2300/2300/2300 2299/2299/2299
f 2299/2299/2299 2300/2300/2300 2229/2229/2229
f 2168/2168/2168 2167/2167/2167 2166/2166/2166
f 2166/2166/2166 2167/2167/2167 2300/2300/2300
f 2300/2300/2300 2255/2255/2255 2229/2229/2229
f 2229/2229/2229 2255/2255/2255 2232/2232/2232
f 2167/2167/2167 2306/2306/2306 2300/2300/2300
f 2300/2300/2300 2306/2306/2306 2255/2255/2255
f 2255/2255/2255 2252/2252/2252 2232/2232/2232
f 2232/2232/2232 2252/2252/2252 2315/2315/2315
f 2306/2306/2306 2254/2254/2254 2255/2255/2255
f 2255/2255/2255 2254/2254/2254 2252/2252/2252
f 2252/2252/2252 2319/2319/2319 2315/2315/2315
f 2315/2315/2315 2319/2319/2319 2318/2318/2318
f 2254/2254/2254 2253/2253/2253 2252/2252/2252
f 2252/2252/2252 2253/2253/2253 2319/2319/2319
f 2319/2319/2319 2265/2265/2265 2318/2318/2318
f 2318/2318/2318 2265/2265/2265 2322/2322/2322
f 2253/2253/2253 2323/2323/2323 2319/2319/2319
f 2319/2319/2319 2323/2323/2323 2265/2265/2265
f 2265/2265/2265 2262/2262/2262 2322/2322/2322
f 2322/2322/2322 2262/2262/2262 2182/2182/2182
f 2323/2323/2323 2264/2264/2264 2265/2265/2265
f 2265/2265/2265 2264/2264/2264 2262/2262/2262
f 2262/2262/2262 2025/2025/2025 2182/2182/2182
f 2182/2182/2182 2025/2025/2025 1139/1139/1139
f 2264/2264/2264 2263/2263/2263 2262/2262/2262
f 2262/2262/2262 2263/2263/2263 2025/2025/2025
f 2025/2025/2025 2022/2022/2022 1139/1139/1139
f 1139/1139/1139 2022/2022/2022 1142/1142/1142
f 2263/2263/2263 2024/2024/2024 2025/2025/2025
f 2025/2025/2025 2024/2024/2024 2022/2022/2022
f 2022/2022/2022 2228/2228/2228 1142/1142/1142
f 1142/1142/1142 2228/2228/2228 2210/2210/2210
f 2024/2024/2024 2023/2023/2023 2022/2022/2022
f 2022/2022/2022 2023/2023/2023 2228/2228/2228
f 2228/2228/2228 2091/2091/2091 2210/2210/2210
f 2210/2210/2210 2091/2091/2091 2179/2179/2179
f 2023/2023/2023 2329/2329/2329 2228/2228/2228
f 2228/2228/2228 2329/2329/2329 2091/2091/2091
f 2091/2091/2091 2088/2088/2088 2179/2179/2179
f 2179/2179/2179 2088/2088/2088 2178/2178/2178
f 2329/2329/2329 2090/2090/2090 2091/2091/2091
f 2091/2091/2091 2090/2090/2090 2088/2088/2088
f 2088/2088/2088 2101/2101/2101 2178/2178/2178
f 2178/2178/2178 2101/2101/2101 1863/1863/1863
f 2090/2090/2090 2089/2089/2089 2088/2088/2088
f 2088/2088/2088 2089/2089/2089 2101/2101/2101
f 2101/2101/2101 1862/1862/1862 1863/1863/1863
f 1863/1863/1863 1862/1862/1862 1860/1860/1860
f 2089/2089/2089 2100/2100/2100 2101/2101/2101
f 2101/2101/2101 2100/2100/2100 1862/1862/1862
f 1862/1862/1862 1861/1861/1861 1860/1860/1860
f 1860/1860/1860 1861/1861/1861 2188/2188/2188
f 2100/2100/2100 1396/1396/1396 1862/1862/1862
f 1862/1862/1862 1396/1396/1396 1861/1861/1861
f 1861/1861/1861 2223/2223/2223 2188/2188/2188
f 2188/2188/2188 2223/2223/2223 1573/1573/1573
f 1396/1396/1396 1393/1393/1393 1861/1861/1861
f 1861/1861/1861 1393/1393/1393 2223/2223/2223
f 2223/2223/2223 1572/1572/1572 1573/1573/1573
f 1573/1573/1573 1572/1572/1572 1570/1570/1570
f 1393/1393/1393 2375/2375/2375 2223/2223/2223
f 2223/2223/2223 2375/2375/2375 1572/1572/1572
f 1572/1572/1572 1571/1571/1571 1570/1570/1570
f 1570/1570/1570 1571/1571/1571 2216/2216/2216
f 2375/2375/2375 1916/1916/1916 1572/1572/1572
f 1572/1572/1572 1916/1916/1916 1571/1571/1571
f 1571/1571/1571 1941/1941/1941 2216/2216/2216
f 2216/2216/2216 1941/1941/1941 2215/2215/2215
f 1916/1916/1916 1917/1917/1917 1571/1571/1571
f 1571/1571/1571 1917/1917/1917 1941/1941/1941
f 1941/1941/1941 1938/1938/1938 2215/2215/2215
f 2215/2215/2215 1938/1938/1938 2225/2225/2225
f 1917/1917/1917 1940/1940/1940 1941/1941/1941
f 1941/1941/1941 1940/1940/1940 1938/1938/1938
f 1938/1938/1938 2181/2181/2181 2225/2225/2225
f 2225/2225/2225 2181/2181/2181 2221/2221/2221
f 1940/1940/1940 1939/1939/1939 1938/1938/1938
f 1938/1938/1938 1939/1939/1939 2181/2181/2181
f 2181/2181/2181 2136/2136/2136 2221/2221/2221
f 2221/2221/2221 2136/2136/2136 2220/2220/2220
f 1939/1939/1939 2180/2180/2180 2181/2181/2181
f 2181/2181/2181 2180/2180/2180 2136/2136/2136
f 2136/2136/2136 2133/2133/2133 2220/2220/2220
f 2220/2220/2220 2133/2133/2133 2201/2201/2201
f 2180/2180/2180 2135/2135/2135 2136/2136/2136
f 2136/2136/2136 2135/2135/2135 2133/2133/2133
f 2133/2133/2133 2200/2200/2200 2201/2201/2201
f 2201/2201/2201 2200/2200/2200 2198/2198/2198
f 2135/2135/2135 2134/2134/2134 2133/2133/2133
f 2133/2133/2133 2134/2134/2134 2200/2200/2200
f 2200/2200/2200 2199/2199/2199 2198/2198/2198
f 2198/2198/2198 2199/2199/2199 2242/2242/2242
f 2134/2134/2134 2247/2247/2247 2200/2200/2200
f 2200/2200/2200 2247/2247/2247 2199/2199/2199
f 2199/2199/2199 1945/1945/1945 2242/2242/2242
f 2242/2242/2242 1945/1945/1945 2248/2248/2248
f 1945/1945/1945 1942/1942/1942 2248/2248/2248
f 2247/2247/2247 2373/2373/2373 2199/2199/2199
f 2199/2199/2199 2373/2373/2373 1945/1945/1945
f 1945/1945/1945 1944/1944/1944 1942/1942/1942
f 2373/2373/2373 1944/1944/1944 1945/1945/1945
f 1944/1944/1944 1943/1943/1943 1942/1942/1942
f 1942/1942/1942 1943/1943/1943 2256/2256/2256
f 1944/1944/1944 2373/2373/2373 2391/2391/2391
f 1943/1943/1943 2307/2307/2307 2256/2256/2256
f 2256/2256/2256 2307/2307/2307 2140/2140/2140
f 1943/1943/1943 1944/1944/1944 2418/2418/2418
f 2418/2418/2418 1944/1944/1944 2391/2391/2391
f 2307/2307/2307 1943/1943/1943 2394/2394/2394
f 2394/2394/2394 1943/1943/1943 2418/2418/2418
f 2307/2307/2307 2139/2139/2139 2140/2140/2140
f 2140/2140/2140 2139/2139/2139 2138/2138/2138
f 2139/2139/2139 2137/2137/2137 2138/2138/2138
f 2394/2394/2394 2418/2418/2418 2425/2425/2425
f 2425/2425/2425 2418/2418/2418 2426/2426/2426
f 2418/2418/2418 2391/2391/2391 2426/2426/2426
f 2410/2410/2410 2394/2394/2394 2425/2425/2425
f 2426/2426/2426 2391/2391/2391 2423/2423/2423
f 2395/2395/2395 2394/2394/2394 2410/2410/2410
f 2395/2395/2395 2307/2307/2307 2394/2394/2394
f 2139/2139/2139 2307/2307/2307 2395/2395/2395
f 2411/2411/2411 2395/2395/2395 2410/2410/2410
f 2391/2391/2391 2390/2390/2390 2423/2423/2423
f 2391/2391/2391 2373/2373/2373 2390/2390/2390
f 2373/2373/2373 2247/2247/2247 2390/2390/2390
f 2423/2423/2423 2390/2390/2390 2422/2422/2422
f 2402/2402/2402 2395/2395/2395 2411/2411/2411
f 2402/2402/2402 2139/2139/2139 2395/2395/2395
f 2137/2137/2137 2139/2139/2139 2402/2402/2402
f 2401/2401/2401 2402/2402/2402 2411/2411/2411
f 2390/2390/2390 2389/2389/2389 2422/2422/2422
f 2390/2390/2390 2247/2247/2247 2389/2389/2389
f 2247/2247/2247 2134/2134/2134 2389/2389/2389
f 2422/2422/2422 2389/2389/2389 2421/2421/2421
f 2380/2380/2380 2402/2402/2402 2401/2401/2401
f 2380/2380/2380 2137/2137/2137 2402/2402/2402
f 2379/2379/2379 2380/2380/2380 2401/2401/2401
f 1158/1158/1158 2137/2137/2137 2380/2380/2380
f 2389/2389/2389 2388/2388/2388 2421/2421/2421
f 2389/2389/2389 2134/2134/2134 2388/2388/2388
f 2134/2134/2134 2135/2135/2135 2388/2388/2388
f 2421/2421/2421 2388/2388/2388 2414/2414/2414
f 2381/2381/2381 1158/1158/1158 2380/2380/2380
f 2381/2381/2381 2380/2380/2380 2379/2379/2379
f 1157/1157/1157 1158/1158/1158 2381/2381/2381
f 2382/2382/2382 2381/2381/2381 2379/2379/2379
f 2388/2388/2388 2413/2413/2413 2414/2414/2414
f 2388/2388/2388 2135/2135/2135 2413/2413/2413
f 2414/2414/2414 2413/2413/2413 2412/2412/2412
f 2135/2135/2135 2180/2180/2180 2413/2413/2413
f 2042/2042/2042 2381/2381/2381 2382/2382/2382
f 2042/2042/2042 1157/1157/1157 2381/2381/2381
f 2041/2041/2041 2042/2042/2042 2382/2382/2382
f 2280/2280/2280 1157/1157/1157 2042/2042/2042
f 2413/2413/2413 2180/2180/2180 2404/2404/2404
f 2413/2413/2413 2404/2404/2404 2412/2412/2412
f 2180/2180/2180 1939/1939/1939 2404/2404/2404
f 2412/2412/2412 2404/2404/2404 2393/2393/2393
f 2043/2043/2043 2280/2280/2280 2042/2042/2042
f 2043/2043/2043 2042/2042/2042 2041/2041/2041
f 2286/2286/2286 2280/2280/2280 2043/2043/2043
f 2044/2044/2044 2043/2043/2043 2041/2041/2041
f 2404/2404/2404 2392/2392/2392 2393/2393/2393
f 2404/2404/2404 1939/1939/1939 2392/2392/2392
f 2393/2393/2393 2392/2392/2392 2384/2384/2384
f 1939/1939/1939 1940/1940/1940 2392/2392/2392
f 2409/2409/2409 2043/2043/2043 2044/2044/2044
f 2409/2409/2409 2286/2286/2286 2043/2043/2043
f 2417/2417/2417 2409/2409/2409 2044/2044/2044
f 2288/2288/2288 2286/2286/2286 2409/2409/2409
f 2392/2392/2392 1940/1940/1940 1918/1918/1918
f 2392/2392/2392 1918/1918/1918 2384/2384/2384
f 1940/1940/1940 1917/1917/1917 1918/1918/1918
f 2384/2384/2384 1918/1918/1918 2383/2383/2383
f 2148/2148/2148 2288/2288/2288 2409/2409/2409
f 2148/2148/2148 2409/2409/2409 2417/2417/2417
f 2293/2293/2293 2288/2288/2288 2148/2148/2148
f 2147/2147/2147 2148/2148/2148 2417/2417/2417
f 1918/1918/1918 1915/1915/1915 2383/2383/2383
f 1918/1918/1918 1917/1917/1917 1915/1915/1915
f 2153/2153/2153 2383/2383/2383 1915/1915/1915
f 1917/1917/1917 1916/1916/1916 1915/1915/1915
f 2149/2149/2149 2148/2148/2148 2147/2147/2147
f 2149/2149/2149 2293/2293/2293 2148/2148/2148
f 2150/2150/2150 2149/2149/2149 2147/2147/2147
f 2293/2293/2293 2149/2149/2149 2302/2302/2302
f 2152/2152/2152 1915/1915/1915 1916/1916/1916
f 2152/2152/2152 2153/2153/2153 1915/1915/1915
f 2375/2375/2375 2152/2152/2152 1916/1916/1916
f 2154/2154/2154 2153/2153/2153 2152/2152/2152
f 2149/2149/2149 2400/2400/2400 2302/2302/2302
f 2400/2400/2400 2149/2149/2149 2150/2150/2150
f 2302/2302/2302 2400/2400/2400 2320/2320/2320
f 2403/2403/2403 2400/2400/2400 2150/2150/2150
f 1394/1394/1394 2154/2154/2154 2152/2152/2152
f 1394/1394/1394 2152/2152/2152 2375/2375/2375
f 2160/2160/2160 2154/2154/2154 1394/1394/1394
f 1393/1393/1393 1394/1394/1394 2375/2375/2375
f 2400/2400/2400 2403/2403/2403 2399/2399/2399
f 2400/2400/2400 2399/2399/2399 2320/2320/2320
f 2403/2403/2403 2398/2398/2398 2399/2399/2399
f 2320/2320/2320 2399/2399/2399 2168/2168/2168
f 1395/1395/1395 1394/1394/1394 1393/1393/1393
f 1395/1395/1395 2160/2160/2160 1394/1394/1394
f 1396/1396/1396 1395/1395/1395 1393/1393/1393
f 2161/2161/2161 2160/2160/2160 1395/1395/1395
f 2399/2399/2399 2396/2396/2396 2168/2168/2168
f 2399/2399/2399 2398/2398/2398 2396/2396/2396
f 2168/2168/2168 2396/2396/2396 2167/2167/2167
f 2398/2398/2398 2397/2397/2397 2396/2396/2396
f 2162/2162/2162 2161/2161/2161 1395/1395/1395
f 2162/2162/2162 1395/1395/1395 1396/1396/1396
f 2046/2046/2046 2161/2161/2161 2162/2162/2162
f 2100/2100/2100 2162/2162/2162 1396/1396/1396
f 2396/2396/2396 2397/2397/2397 2378/2378/2378
f 2396/2396/2396 2378/2378/2378 2167/2167/2167
f 2397/2397/2397 2420/2420/2420 2378/2378/2378
f 2167/2167/2167 2378/2378/2378 2306/2306/2306
f 2045/2045/2045 2162/2162/2162 2100/2100/2100
f 2045/2045/2045 2046/2046/2046 2162/2162/2162
f 2089/2089/2089 2045/2045/2045 2100/2100/2100
f 2047/2047/2047 2046/2046/2046 2045/2045/2045
f 2378/2378/2378 2377/2377/2377 2306/2306/2306
f 2378/2378/2378 2420/2420/2420 2377/2377/2377
f 2306/2306/2306 2377/2377/2377 2254/2254/2254
f 2420/2420/2420 2387/2387/2387 2377/2377/2377
f 2048/2048/2048 2047/2047/2047 2045/2045/2045
f 2048/2048/2048 2045/2045/2045 2089/2089/2089
f 2415/2415/2415 2047/2047/2047 2048/2048/2048
f 2090/2090/2090 2048/2048/2048 2089/2089/2089
f 2377/2377/2377 2387/2387/2387 2385/2385/2385
f 2377/2377/2377 2385/2385/2385 2254/2254/2254
f 2387/2387/2387 2386/2386/2386 2385/2385/2385
f 2254/2254/2254 2385/2385/2385 2253/2253/2253
f 2416/2416/2416 2048/2048/2048 2090/2090/2090
f 2416/2416/2416 2415/2415/2415 2048/2048/2048
f 2329/2329/2329 2416/2416/2416 2090/2090/2090
f 2333/2333/2333 2415/2415/2415 2416/2416/2416
f 2385/2385/2385 2408/2408/2408 2253/2253/2253
f 2385/2385/2385 2386/2386/2386 2408/2408/2408
f 2253/2253/2253 2408/2408/2408 2323/2323/2323
f 2386/2386/2386 2407/2407/2407 2408/2408/2408
f 2332/2332/2332 2333/2333/2333 2416/2416/2416
f 2332/2332/2332 2416/2416/2416 2329/2329/2329
f 2142/2142/2142 2333/2333/2333 2332/2332/2332
f 2023/2023/2023 2332/2332/2332 2329/2329/2329
f 2408/2408/2408 2407/2407/2407 2405/2405/2405
f 2408/2408/2408 2405/2405/2405 2323/2323/2323
f 2407/2407/2407 2406/2406/2406 2405/2405/2405
f 2323/2323/2323 2405/2405/2405 2264/2264/2264
f 2141/2141/2141 2332/2332/2332 2023/2023/2023
f 2141/2141/2141 2142/2142/2142 2332/2332/2332
f 2024/2024/2024 2141/2141/2141 2023/2023/2023
f 2143/2143/2143 2142/2142/2142 2141/2141/2141
f 2405/2405/2405 2419/2419/2419 2264/2264/2264
f 2405/2405/2405 2406/2406/2406 2419/2419/2419
f 2264/2264/2264 2419/2419/2419 2263/2263/2263
f 2406/2406/2406 2424/2424/2424 2419/2419/2419
f 2263/2263/2263 2144/2144/2144 2024/2024/2024
f 2419/2419/2419 2144/2144/2144 2263/2263/2263
f 2144/2144/2144 2141/2141/2141 2024/2024/2024
f 2419/2419/2419 2424/2424/2424 2144/2144/2144
f 2144/2144/2144 2143/2143/2143 2141/2141/2141
f 2424/2424/2424 2143/2143/2143 2144/2144/2144
f 2033/2033/2033 2032/2032/2032 2031/2031/2031
f 2033/2033/2033 2031/2031/2031 2034/2034/2034
f 2033/2033/2033 2034/2034/2034 2035/2035/2035
f 2033/2033/2033 2035/2035/2035 2036/2036/2036
f 2033/2033/2033 2036/2036/2036 2037/2037/2037
f 2038/2038/2038 2033/2033/2033 2037/2037/2037
f 2429/2429/2429 2428/2428/2428 2427/2427/2427
f 2430/2430/2430 2429/2429/2429 2427/2427/2427
f 2427/2427/2427 2428/2428/2428 2447/2447/2447
f 2429/2429/2429 2430/2430/2430 2499/2499/2499
f 2428/2428/2428 2448/2448/2448 2447/2447/2447
f 2430/2430/2430 2500/2500/2500 2499/2499/2499
f 2447/2447/2447 2448/2448/2448 2481/2481/2481
f 2499/2499/2499 2500/2500/2500 2456/2456/2456
f 2448/2448/2448 2482/2482/2482 2481/2481/2481
f 2500/2500/2500 2455/2455/2455 2456/2456/2456
f 2481/2481/2481 2482/2482/2482 2497/2497/2497
f 2456/2456/2456 2455/2455/2455 2453/2453/2453
f 2482/2482/2482 2498/2498/2498 2497/2497/2497
f 2455/2455/2455 2454/2454/2454 2453/2453/2453
f 2497/2497/2497 2498/2498/2498 2501/2501/2501
f 2453/2453/2453 2454/2454/2454 2475/2475/2475
f 2498/2498/2498 2502/2502/2502 2501/2501/2501
f 2454/2454/2454 2476/2476/2476 2475/2475/2475
f 2501/2501/2501 2502/2502/2502 2442/2442/2442
f 2475/2475/2475 2476/2476/2476 2438/2438/2438
f 2502/2502/2502 2441/2441/2441 2442/2442/2442
f 2476/2476/2476 2437/2437/2437 2438/2438/2438
f 2442/2442/2442 2441/2441/2441 2439/2439/2439
f 2438/2438/2438 2437/2437/2437 2435/2435/2435
f 2441/2441/2441 2440/2440/2440 2439/2439/2439
f 2437/2437/2437 2436/2436/2436 2435/2435/2435
f 2439/2439/2439 2440/2440/2440 2484/2484/2484
f 2435/2435/2435 2436/2436/2436 2434/2434/2434
f 2440/2440/2440 2483/2483/2483 2484/2484/2484
f 2436/2436/2436 2433/2433/2433 2434/2434/2434
f 2484/2484/2484 2483/2483/2483 2464/2464/2464
f 2434/2434/2434 2433/2433/2433 2431/2431/2431
f 2483/2483/2483 2463/2463/2463 2464/2464/2464
f 2433/2433/2433 2432/2432/2432 2431/2431/2431
f 2464/2464/2464 2463/2463/2463 2461/2461/2461
f 2431/2431/2431 2432/2432/2432 2465/2465/2465
f 2463/2463/2463 2462/2462/2462 2461/2461/2461
f 2432/2432/2432 2466/2466/2466 2465/2465/2465
f 2461/2461/2461 2462/2462/2462 2493/2493/2493
f 2465/2465/2465 2466/2466/2466 2460/2460/2460
f 2462/2462/2462 2494/2494/2494 2493/2493/2493
f 2466/2466/2466 2459/2459/2459 2460/2460/2460
f 2493/2493/2493 2494/2494/2494 2486/2486/2486
f 2460/2460/2460 2459/2459/2459 2457/2457/2457
f 2494/2494/2494 2485/2485/2485 2486/2486/2486
f 2459/2459/2459 2458/2458/2458 2457/2457/2457
f 2486/2486/2486 2485/2485/2485 2480/2480/2480
f 2457/2457/2457 2458/2458/2458 2478/2478/2478
f 2485/2485/2485 2479/2479/2479 2480/2480/2480
f 2458/2458/2458 2477/2477/2477 2478/2478/2478
f 2480/2480/2480 2479/2479/2479 2474/2474/2474
f 2478/2478/2478 2477/2477/2477 2470/2470/2470
f 2479/2479/2479 2473/2473/2473 2474/2474/2474
f 2477/2477/2477 2469/2469/2469 2470/2470/2470
f 2474/2474/2474 2473/2473/2473 2471/2471/2471
f 2470/2470/2470 2469/2469/2469 2467/2467/2467
f 2473/2473/2473 2472/2472/2472 2471/2471/2471
f 2469/2469/2469 2468/2468/2468 2467/2467/2467
f 2471/2471/2471 2472/2472/2472 2452/2452/2452
f 2467/2467/2467 2468/2468/2468 2490/2490/2490
f 2472/2472/2472 2451/2451/2451 2452/2452/2452
f 2468/2468/2468 2489/2489/2489 2490/2490/2490
f 2452/2452/2452 2451/2451/2451 2449/2449/2449
f 2490/2490/2490 2489/2489/2489 2487/2487/2487
f 2451/2451/2451 2450/2450/2450 2449/2449/2449
f 2489/2489/2489 2488/2488/2488 2487/2487/2487
f 2449/2449/2449 2450/2450/2450 2504/2504/2504
f 2487/2487/2487 2488/2488/2488 2492/2492/2492
f 2450/2450/2450 2503/2503/2503 2504/2504/2504
f 2488/2488/2488 2491/2491/2491 2492/2492/2492
f 2504/2504/2504 2503/2503/2503 2496/2496/2496
f 2492/2492/2492 2491/2491/2491 2446/2446/2446
f 2503/2503/2503 2495/2495/2495 2496/2496/2496
f 2491/2491/2491 2445/2445/2445 2446/2446/2446
f 2496/2496/2496 2495/2495/2495 2444/2444/2444
f 2446/2446/2446 2445/2445/2445 2443/2443/2443
f 2495/2495/2495 2443/2443/2443 2444/2444/2444
f 2445/2445/2445 2444/2444/2444 2443/2443/2443
f 2569/2569/2569 2568/2568/2568 2567/2567/2567
f 2570/2570/2570 2569/2569/2569 2567/2567/2567
f 2567/2567/2567 2568/2568/2568 2644/2644/2644
f 2608/2608/2608 2569/2569/2569 2570/2570/2570
f 2568/2568/2568 2643/2643/2643 2644/2644/2644
f 2607/2607/2607 2608/2608/2608 2570/2570/2570
f 2644/2644/2644 2643/2643/2643 2642/2642/2642
f 2609/2609/2609 2608/2608/2608 2607/2607/2607
f 2643/2643/2643 2641/2641/2641 2642/2642/2642
f 2610/2610/2610 2609/2609/2609 2607/2607/2607
f 2642/2642/2642 2641/2641/2641 2640/2640/2640
f 2609/2609/2609 2610/2610/2610 2629/2629/2629
f 2641/2641/2641 2639/2639/2639 2640/2640/2640
f 2610/2610/2610 2630/2630/2630 2629/2629/2629
f 2640/2640/2640 2639/2639/2639 2637/2637/2637
f 2629/2629/2629 2630/2630/2630 2584/2584/2584
f 2639/2639/2639 2638/2638/2638 2637/2637/2637
f 2630/2630/2630 2583/2583/2583 2584/2584/2584
f 2637/2637/2637 2638/2638/2638 2636/2636/2636
f 2584/2584/2584 2583/2583/2583 2581/2581/2581
f 2638/2638/2638 2635/2635/2635 2636/2636/2636
f 2583/2583/2583 2582/2582/2582 2581/2581/2581
f 2636/2636/2636 2635/2635/2635 2633/2633/2633
f 2581/2581/2581 2582/2582/2582 2602/2602/2602
f 2635/2635/2635 2634/2634/2634 2633/2633/2633
f 2582/2582/2582 2601/2601/2601 2602/2602/2602
f 2633/2633/2633 2634/2634/2634 2632/2632/2632
f 2602/2602/2602 2601/2601/2601 2599/2599/2599
f 2634/2634/2634 2631/2631/2631 2632/2632/2632
f 2601/2601/2601 2600/2600/2600 2599/2599/2599
f 2632/2632/2632 2631/2631/2631 2616/2616/2616
f 2599/2599/2599 2600/2600/2600 2598/2598/2598
f 2631/2631/2631 2615/2615/2615 2616/2616/2616
f 2600/2600/2600 2597/2597/2597 2598/2598/2598
f 2616/2616/2616 2615/2615/2615 2574/2574/2574
f 2598/2598/2598 2597/2597/2597 2595/2595/2595
f 2615/2615/2615 2573/2573/2573 2574/2574/2574
f 2597/2597/2597 2596/2596/2596 2595/2595/2595
f 2574/2574/2574 2573/2573/2573 2571/2571/2571
f 2595/2595/2595 2596/2596/2596 2617/2617/2617
f 2573/2573/2573 2572/2572/2572 2571/2571/2571
f 2596/2596/2596 2618/2618/2618 2617/2617/2617
f 2571/2571/2571 2572/2572/2572 2614/2614/2614
f 2617/2617/2617 2618/2618/2618 2622/2622/2622
f 2572/2572/2572 2613/2613/2613 2614/2614/2614
f 2618/2618/2618 2621/2621/2621 2622/2622/2622
f 2614/2614/2614 2613/2613/2613 2611/2611/2611
f 2622/2622/2622 2621/2621/2621 2619/2619/2619
f 2613/2613/2613 2612/2612/2612 2611/2611/2611
f 2621/2621/2621 2620/2620/2620 2619/2619/2619
f 2611/2611/2611 2612/2612/2612 2592/2592/2592
f 2619/2619/2619 2620/2620/2620 2606/2606/2606
f 2612/2612/2612 2591/2591/2591 2592/2592/2592
f 2620/2620/2620 2605/2605/2605 2606/2606/2606
f 2592/2592/2592 2591/2591/2591 2589/2589/2589
f 2606/2606/2606 2605/2605/2605 2603/2603/2603
f 2591/2591/2591 2590/2590/2590 2589/2589/2589
f 2605/2605/2605 2604/2604/2604 2603/2603/2603
f 2589/2589/2589 2590/2590/2590 2580/2580/2580
f 2603/2603/2603 2604/2604/2604 2623/2623/2623
f 2590/2590/2590 2579/2579/2579 2580/2580/2580
f 2604/2604/2604 2624/2624/2624 2623/2623/2623
f 2580/2580/2580 2579/2579/2579 2576/2576/2576
f 2623/2623/2623 2624/2624/2624 2628/2628/2628
f 2579/2579/2579 2575/2575/2575 2576/2576/2576
f 2624/2624/2624 2627/2627/2627 2628/2628/2628
f 2577/2577/2577 2576/2576/2576 2575/2575/2575
f 2628/2628/2628 2627/2627/2627 2625/2625/2625
f 2578/2578/2578 2577/2577/2577 2575/2575/2575
f 2627/2627/2627 2626/2626/2626 2625/2625/2625
f 2586/2586/2586 2577/2577/2577 2578/2578/2578
f 2625/2625/2625 2626/2626/2626 2594/2594/2594
f 2585/2585/2585 2586/2586/2586 2578/2578/2578
f 2626/2626/2626 2593/2593/2593 2594/2594/2594
f 2587/2587/2587 2586/2586/2586 2585/2585/2585
f 2594/2594/2594 2593/2593/2593 2588/2588/2588
f 2588/2588/2588 2587/2587/2587 2585/2585/2585
f 2593/2593/2593 2587/2587/2587 2588/2588/2588
f 2647/2647/2647 2646/2646/2646 2645/2645/2645
f 2645/2645/2645 2646/2646/2646 2648/2648/2648
f 2649/2649/2649 2646/2646/2646 2647/2647/2647
f 2648/2648/2648 2646/2646/2646 2650/2650/2650
f 2651/2651/2651 2646/2646/2646 2649/2649/2649
f 2650/2650/2650 2646/2646/2646 2652/2652/2652
f 2653/2653/2653 2646/2646/2646 2651/2651/2651
f 2652/2652/2652 2646/2646/2646 2654/2654/2654
f 2655/2655/2655 2646/2646/2646 2653/2653/2653
f 2654/2654/2654 2646/2646/2646 2656/2656/2656
f 2657/2657/2657 2646/2646/2646 2655/2655/2655
f 2656/2656/2656 2646/2646/2646 2658/2658/2658
f 2659/2659/2659 2646/2646/2646 2657/2657/2657
f 2658/2658/2658 2646/2646/2646 2660/2660/2660
f 2661/2661/2661 2646/2646/2646 2659/2659/2659
f 2660/2660/2660 2646/2646/2646 2662/2662/2662
f 2663/2663/2663 2646/2646/2646 2661/2661/2661
f 2662/2662/2662 2646/2646/2646 2664/2664/2664
f 2665/2665/2665 2646/2646/2646 2663/2663/2663
f 2664/2664/2664 2646/2646/2646 2666/2666/2666
f 2667/2667/2667 2646/2646/2646 2665/2665/2665
f 2666/2666/2666 2646/2646/2646 2668/2668/2668
f 2669/2669/2669 2646/2646/2646 2667/2667/2667
f 2668/2668/2668 2646/2646/2646 2670/2670/2670
f 2671/2671/2671 2646/2646/2646 2669/2669/2669
f 2670/2670/2670 2646/2646/2646 2672/2672/2672
f 2673/2673/2673 2646/2646/2646 2671/2671/2671
f 2672/2672/2672 2646/2646/2646 2674/2674/2674
f 2675/2675/2675 2646/2646/2646 2673/2673/2673
f 2674/2674/2674 2646/2646/2646 2676/2676/2676
f 2677/2677/2677 2646/2646/2646 2675/2675/2675
f 2676/2676/2676 2646/2646/2646 2678/2678/2678
f 2679/2679/2679 2646/2646/2646 2677/2677/2677
f 2678/2678/2678 2646/2646/2646 2680/2680/2680
f 2681/2681/2681 2646/2646/2646 2679/2679/2679
f 2680/2680/2680 2646/2646/2646 2682/2682/2682
f 2683/2683/2683 2646/2646/2646 2681/2681/2681
f 2682/2682/2682 2646/2646/2646 2684/2684/2684
f 2684/2684/2684 2646/2646/2646 2683/2683/2683
f 2687/2687/2687 2686/2686/2686 2685/2685/2685
f 2688/2688/2688 2687/2687/2687 2685/2685/2685
f 2685/2685/2685 2686/2686/2686 2817/2817/2817
f 3006/3006/3006 2687/2687/2687 2688/2688/2688
f 2685/2685/2685 2817/2817/2817 3073/3073/3073
f 2688/2688/2688 2685/2685/2685 2852/2852/2852
f 2852/2852/2852 2685/2685/2685 3073/3073/3073
f 2686/2686/2686 2687/2687/2687 3042/3042/3042
f 2774/2774/2774 2688/2688/2688 2852/2852/2852
f 3042/3042/3042 2687/2687/2687 3024/3024/3024
f 2687/2687/2687 3006/3006/3006 3024/3024/3024
f 2775/2775/2775 2688/2688/2688 2774/2774/2774
f 2775/2775/2775 3006/3006/3006 2688/2688/2688
f 2774/2774/2774 2852/2852/2852 2978/2978/2978
f 3007/3007/3007 3006/3006/3006 2775/2775/2775
f 2978/2978/2978 2852/2852/2852 2914/2914/2914
f 2852/2852/2852 3073/3073/3073 2914/2914/2914
f 3024/3024/3024 3006/3006/3006 3023/3023/3023
f 3006/3006/3006 3007/3007/3007 3023/3023/3023
f 2914/2914/2914 3073/3073/3073 2917/2917/2917
f 3024/3024/3024 3023/3023/3023 3040/3040/3040
f 3073/3073/3073 3057/3057/3057 2917/2917/2917
f 3073/3073/3073 2817/2817/2817 3057/3057/3057
f 3037/3037/3037 3024/3024/3024 3040/3040/3040
f 3042/3042/3042 3024/3024/3024 3037/3037/3037
f 2817/2817/2817 3005/3005/3005 3057/3057/3057
f 3041/3041/3041 3042/3042/3042 3037/3037/3037
f 2817/2817/2817 2818/2818/2818 3005/3005/3005
f 2686/2686/2686 2818/2818/2818 2817/2817/2817
f 3043/3043/3043 2686/2686/2686 3042/3042/3042
f 2818/2818/2818 2686/2686/2686 3043/3043/3043
f 3043/3043/3043 3042/3042/3042 3041/3041/3041
f 2818/2818/2818 3004/3004/3004 3005/3005/3005
f 3051/3051/3051 2818/2818/2818 3043/3043/3043
f 3004/3004/3004 2818/2818/2818 3051/3051/3051
f 3044/3044/3044 3043/3043/3043 3041/3041/3041
f 3051/3051/3051 3043/3043/3043 3044/3044/3044
f 3037/3037/3037 3038/3038/3038 3041/3041/3041
f 3041/3041/3041 3118/3118/3118 3044/3044/3044
f 3038/3038/3038 3118/3118/3118 3041/3041/3041
f 3094/3094/3094 3051/3051/3051 3044/3044/3044
f 3039/3039/3039 3038/3038/3038 3037/3037/3037
f 3040/3040/3040 3039/3039/3039 3037/3037/3037
f 3118/3118/3118 3117/3117/3117 3044/3044/3044
f 3044/3044/3044 3117/3117/3117 3094/3094/3094
f 3038/3038/3038 3146/3146/3146 3118/3118/3118
f 3095/3095/3095 3051/3051/3051 3094/3094/3094
f 3095/3095/3095 3004/3004/3004 3051/3051/3051
f 3118/3118/3118 3130/3130/3130 3117/3117/3117
f 3146/3146/3146 3130/3130/3130 3118/3118/3118
f 3117/3117/3117 3116/3116/3116 3094/3094/3094
f 3134/3134/3134 3146/3146/3146 3038/3038/3038
f 3039/3039/3039 3134/3134/3134 3038/3038/3038
f 3094/3094/3094 3116/3116/3116 3096/3096/3096
f 3096/3096/3096 3095/3095/3095 3094/3094/3094
f 3117/3117/3117 3129/3129/3129 3116/3116/3116
f 3130/3130/3130 3129/3129/3129 3117/3117/3117
f 3116/3116/3116 3115/3115/3115 3096/3096/3096
f 3129/3129/3129 3131/3131/3131 3116/3116/3116
f 3116/3116/3116 3131/3131/3131 3115/3115/3115
f 3129/3129/3129 3130/3130/3130 3171/3171/3171
f 3131/3131/3131 3129/3129/3129 3172/3172/3172
f 3172/3172/3172 3129/3129/3129 3171/3171/3171
f 3130/3130/3130 3146/3146/3146 3209/3209/3209
f 3171/3171/3171 3130/3130/3130 3209/3209/3209
f 3209/3209/3209 3146/3146/3146 3196/3196/3196
f 3146/3146/3146 3134/3134/3134 3196/3196/3196
f 3171/3171/3171 3209/3209/3209 3213/3213/3213
f 3209/3209/3209 3196/3196/3196 3197/3197/3197
f 3213/3213/3213 3209/3209/3209 3197/3197/3197
f 3196/3196/3196 3134/3134/3134 3195/3195/3195
f 3170/3170/3170 3171/3171/3171 3213/3213/3213
f 3172/3172/3172 3171/3171/3171 3170/3170/3170
f 3197/3197/3197 3196/3196/3196 3194/3194/3194
f 3196/3196/3196 3195/3195/3195 3194/3194/3194
f 3197/3197/3197 3300/3300/3300 3213/3213/3213
f 3134/3134/3134 3135/3135/3135 3195/3195/3195
f 3135/3135/3135 3134/3134/3134 3039/3039/3039
f 3213/3213/3213 3305/3305/3305 3170/3170/3170
f 3300/3300/3300 3305/3305/3305 3213/3213/3213
f 3136/3136/3136 3135/3135/3135 3039/3039/3039
f 3136/3136/3136 3039/3039/3039 3040/3040/3040
f 3222/3222/3222 3300/3300/3300 3197/3197/3197
f 3194/3194/3194 3222/3222/3222 3197/3197/3197
f 3082/3082/3082 3136/3136/3136 3040/3040/3040
f 3040/3040/3040 3023/3023/3023 3082/3082/3082
f 3151/3151/3151 3135/3135/3135 3136/3136/3136
f 3023/3023/3023 3081/3081/3081 3082/3082/3082
f 3023/3023/3023 3007/3007/3007 3081/3081/3081
f 3147/3147/3147 3136/3136/3136 3082/3082/3082
f 3147/3147/3147 3151/3151/3151 3136/3136/3136
f 3082/3082/3082 3081/3081/3081 3080/3080/3080
f 3080/3080/3080 3147/3147/3147 3082/3082/3082
f 3135/3135/3135 3151/3151/3151 3198/3198/3198
f 3195/3195/3195 3135/3135/3135 3198/3198/3198
f 3152/3152/3152 3151/3151/3151 3147/3147/3147
f 3195/3195/3195 3198/3198/3198 3199/3199/3199
f 3194/3194/3194 3195/3195/3195 3199/3199/3199
f 3198/3198/3198 3151/3151/3151 3168/3168/3168
f 3151/3151/3151 3152/3152/3152 3168/3168/3168
f 3199/3199/3199 3198/3198/3198 3169/3169/3169
f 3198/3198/3198 3168/3168/3168 3169/3169/3169
f 3199/3199/3199 3223/3223/3223 3194/3194/3194
f 3223/3223/3223 3222/3222/3222 3194/3194/3194
f 3169/3169/3169 3246/3246/3246 3199/3199/3199
f 3246/3246/3246 3223/3223/3223 3199/3199/3199
f 3169/3169/3169 3168/3168/3168 2832/2832/2832
f 3223/3223/3223 2820/2820/2820 3222/3222/3222
f 3168/3168/3168 3167/3167/3167 2832/2832/2832
f 3168/3168/3168 3152/3152/3152 3167/3167/3167
f 2832/2832/2832 2833/2833/2833 3169/3169/3169
f 2833/2833/2833 3246/3246/3246 3169/3169/3169
f 3145/3145/3145 3152/3152/3152 3147/3147/3147
f 3145/3145/3145 3147/3147/3147 3080/3080/3080
f 3246/3246/3246 2823/2823/2823 3223/3223/3223
f 2823/2823/2823 2820/2820/2820 3223/3223/3223
f 2833/2833/2833 3296/3296/3296 3246/3246/3246
f 3296/3296/3296 2823/2823/2823 3246/3246/3246
f 2798/2798/2798 3152/3152/3152 3145/3145/3145
f 3152/3152/3152 2798/2798/2798 3167/3167/3167
f 3104/3104/3104 3145/3145/3145 3080/3080/3080
f 2797/2797/2797 2798/2798/2798 3145/3145/3145
f 2797/2797/2797 3145/3145/3145 3104/3104/3104
f 3167/3167/3167 2798/2798/2798 3161/3161/3161
f 3080/3080/3080 2708/2708/2708 3104/3104/3104
f 3081/3081/3081 2708/2708/2708 3080/3080/3080
f 2799/2799/2799 2798/2798/2798 2797/2797/2797
f 2798/2798/2798 2799/2799/2799 3161/3161/3161
f 3081/3081/3081 3070/3070/3070 2708/2708/2708
f 3007/3007/3007 3070/3070/3070 3081/3081/3081
f 3167/3167/3167 3161/3161/3161 2813/2813/2813
f 2832/2832/2832 3167/3167/3167 2813/2813/2813
f 3070/3070/3070 3007/3007/3007 3008/3008/3008
f 3008/3008/3008 3007/3007/3007 2775/2775/2775
f 2813/2813/2813 2733/2733/2733 2832/2832/2832
f 2733/2733/2733 2833/2833/2833 2832/2832/2832
f 3008/3008/3008 2775/2775/2775 2776/2776/2776
f 2776/2776/2776 2775/2775/2775 2774/2774/2774
f 2733/2733/2733 2734/2734/2734 2833/2833/2833
f 2734/2734/2734 3296/3296/3296 2833/2833/2833
f 2776/2776/2776 2774/2774/2774 2957/2957/2957
f 2957/2957/2957 2774/2774/2774 2978/2978/2978
f 3054/3054/3054 3008/3008/3008 2776/2776/2776
f 2882/2882/2882 2776/2776/2776 2957/2957/2957
f 3054/3054/3054 2776/2776/2776 2882/2882/2882
f 3001/3001/3001 3070/3070/3070 3008/3008/3008
f 3001/3001/3001 3008/3008/3008 3054/3054/3054
f 3070/3070/3070 2707/2707/2707 2708/2708/2708
f 2707/2707/2707 3070/3070/3070 3001/3001/3001
f 2708/2708/2708 2707/2707/2707 2705/2705/2705
f 2708/2708/2708 2705/2705/2705 3104/3104/3104
f 2850/2850/2850 2707/2707/2707 3001/3001/3001
f 3104/3104/3104 2705/2705/2705 3110/3110/3110
f 3110/3110/3110 2797/2797/2797 3104/3104/3104
f 2707/2707/2707 2706/2706/2706 2705/2705/2705
f 2706/2706/2706 2707/2707/2707 2850/2850/2850
f 2705/2705/2705 3079/3079/3079 3110/3110/3110
f 2705/2705/2705 2706/2706/2706 3079/3079/3079
f 2800/2800/2800 2797/2797/2797 3110/3110/3110
f 2800/2800/2800 2799/2799/2799 2797/2797/2797
f 3110/3110/3110 3079/3079/3079 3108/3108/3108
f 3108/3108/3108 2800/2800/2800 3110/3110/3110
f 2706/2706/2706 2738/2738/2738 3079/3079/3079
f 2761/2761/2761 2799/2799/2799 2800/2800/2800
f 3079/3079/3079 3078/3078/3078 3108/3108/3108
f 3079/3079/3079 2738/2738/2738 3078/3078/3078
f 2760/2760/2760 2800/2800/2800 3108/3108/3108
f 2760/2760/2760 2761/2761/2761 2800/2800/2800
f 3108/3108/3108 3078/3078/3078 3107/3107/3107
f 3107/3107/3107 2760/2760/2760 3108/3108/3108
f 2799/2799/2799 2761/2761/2761 2699/2699/2699
f 3161/3161/3161 2799/2799/2799 2699/2699/2699
f 2762/2762/2762 2761/2761/2761 2760/2760/2760
f 3161/3161/3161 2699/2699/2699 2700/2700/2700
f 2813/2813/2813 3161/3161/3161 2700/2700/2700
f 2699/2699/2699 2761/2761/2761 2698/2698/2698
f 2761/2761/2761 2762/2762/2762 2698/2698/2698
f 2700/2700/2700 2699/2699/2699 2697/2697/2697
f 2699/2699/2699 2698/2698/2698 2697/2697/2697
f 2700/2700/2700 2736/2736/2736 2813/2813/2813
f 2736/2736/2736 2733/2733/2733 2813/2813/2813
f 2697/2697/2697 3290/3290/3290 2700/2700/2700
f 3290/3290/3290 2736/2736/2736 2700/2700/2700
f 2736/2736/2736 2735/2735/2735 2733/2733/2733
f 2735/2735/2735 2734/2734/2734 2733/2733/2733
f 3290/3290/3290 3291/3291/3291 2736/2736/2736
f 3291/3291/3291 2735/2735/2735 2736/2736/2736
f 3239/3239/3239 3290/3290/3290 2697/2697/2697
f 2735/2735/2735 2825/2825/2825 2734/2734/2734
f 2697/2697/2697 2698/2698/2698 3204/3204/3204
f 3204/3204/3204 3239/3239/3239 2697/2697/2697
f 2825/2825/2825 2826/2826/2826 2734/2734/2734
f 2734/2734/2734 2826/2826/2826 3296/3296/3296
f 3309/3309/3309 2825/2825/2825 2735/2735/2735
f 3291/3291/3291 3309/3309/3309 2735/2735/2735
f 2826/2826/2826 3297/3297/3297 3296/3296/3296
f 3296/3296/3296 3297/3297/3297 2823/2823/2823
f 3240/3240/3240 3291/3291/3291 3290/3290/3290
f 3239/3239/3239 3240/3240/3240 3290/3290/3290
f 3297/3297/3297 2822/2822/2822 2823/2823/2823
f 2823/2823/2823 2822/2822/2822 2820/2820/2820
f 3240/3240/3240 3292/3292/3292 3291/3291/3291
f 3292/3292/3292 3309/3309/3309 3291/3291/3291
f 3241/3241/3241 3240/3240/3240 3239/3239/3239
f 3262/3262/3262 3292/3292/3292 3240/3240/3240
f 3241/3241/3241 3262/3262/3262 3240/3240/3240
f 3309/3309/3309 3292/3292/3292 3359/3359/3359
f 3242/3242/3242 3241/3241/3241 3239/3239/3239
f 3242/3242/3242 3239/3239/3239 3204/3204/3204
f 3292/3292/3292 3262/3262/3262 3363/3363/3363
f 3359/3359/3359 3292/3292/3292 3363/3363/3363
f 3263/3263/3263 3262/3262/3262 3241/3241/3241
f 3357/3357/3357 3309/3309/3309 3359/3359/3359
f 2825/2825/2825 3309/3309/3309 3357/3357/3357
f 3363/3363/3363 3262/3262/3262 3331/3331/3331
f 3262/3262/3262 3263/3263/3263 3331/3331/3331
f 2824/2824/2824 2825/2825/2825 3357/3357/3357
f 2826/2826/2826 2825/2825/2825 2824/2824/2824
f 3264/3264/3264 3263/3263/3263 3241/3241/3241
f 3264/3264/3264 3241/3241/3241 3242/3242/3242
f 2827/2827/2827 2826/2826/2826 2824/2824/2824
f 3297/3297/3297 2826/2826/2826 2827/2827/2827
f 2824/2824/2824 3357/3357/3357 3375/3375/3375
f 3343/3343/3343 3297/3297/3297 2827/2827/2827
f 2822/2822/2822 3297/3297/3297 3343/3343/3343
f 2827/2827/2827 2824/2824/2824 3388/3388/3388
f 3388/3388/3388 2824/2824/2824 3375/3375/3375
f 3343/3343/3343 2827/2827/2827 2696/2696/2696
f 2696/2696/2696 2827/2827/2827 3388/3388/3388
f 3375/3375/3375 3357/3357/3357 3374/3374/3374
f 3357/3357/3357 3359/3359/3359 3374/3374/3374
f 3375/3375/3375 3389/3389/3389 3388/3388/3388
f 3374/3374/3374 3359/3359/3359 3379/3379/3379
f 3359/3359/3359 3363/3363/3363 3379/3379/3379
f 3374/3374/3374 3424/3424/3424 3375/3375/3375
f 3424/3424/3424 3389/3389/3389 3375/3375/3375
f 3379/3379/3379 3427/3427/3427 3374/3374/3374
f 3427/3427/3427 3424/3424/3424 3374/3374/3374
f 3380/3380/3380 3379/3379/3379 3363/3363/3363
f 3331/3331/3331 3380/3380/3380 3363/3363/3363
f 3431/3431/3431 3427/3427/3427 3379/3379/3379
f 3380/3380/3380 3431/3431/3431 3379/3379/3379
f 3427/3427/3427 3426/3426/3426 3424/3424/3424
f 3358/3358/3358 3380/3380/3380 3331/3331/3331
f 3426/3426/3426 3425/3425/3425 3424/3424/3424
f 3424/3424/3424 3425/3425/3425 3389/3389/3389
f 3429/3429/3429 3426/3426/3426 3427/3427/3427
f 3431/3431/3431 3429/3429/3429 3427/3427/3427
f 3389/3389/3389 2839/2839/2839 3388/3388/3388
f 3388/3388/3388 2839/2839/2839 2696/2696/2696
f 3433/3433/3433 3431/3431/3431 3380/3380/3380
f 3358/3358/3358 3433/3433/3433 3380/3380/3380
f 3432/3432/3432 3429/3429/3429 3431/3431/3431
f 3433/3433/3433 3432/3432/3432 3431/3431/3431
f 3389/3389/3389 2796/2796/2796 2839/2839/2839
f 3425/3425/3425 2796/2796/2796 3389/3389/3389
f 2839/2839/2839 2695/2695/2695 2696/2696/2696
f 2796/2796/2796 2793/2793/2793 2839/2839/2839
f 2839/2839/2839 2793/2793/2793 2695/2695/2695
f 3425/3425/3425 3446/3446/3446 2796/2796/2796
f 2696/2696/2696 2695/2695/2695 2693/2693/2693
f 2693/2693/2693 3343/3343/3343 2696/2696/2696
f 2796/2796/2796 2795/2795/2795 2793/2793/2793
f 3446/3446/3446 2795/2795/2795 2796/2796/2796
f 3344/3344/3344 3343/3343/3343 2693/2693/2693
f 3344/3344/3344 2822/2822/2822 3343/3343/3343
f 3428/3428/3428 3446/3446/3446 3425/3425/3425
f 3426/3426/3426 3428/3428/3428 3425/3425/3425
f 2821/2821/2821 2822/2822/2822 3344/3344/3344
f 2822/2822/2822 2821/2821/2821 2820/2820/2820
f 2853/2853/2853 3428/3428/3428 3426/3426/3426
f 3429/3429/3429 2853/2853/2853 3426/3426/3426
f 2820/2820/2820 2821/2821/2821 3247/3247/3247
f 2820/2820/2820 3247/3247/3247 3222/3222/3222
f 3222/3222/3222 3247/3247/3247 3300/3300/3300
f 2856/2856/2856 2853/2853/2853 3429/3429/3429
f 3432/3432/3432 2856/2856/2856 3429/3429/3429
f 3247/3247/3247 3306/3306/3306 3300/3300/3300
f 3300/3300/3300 3306/3306/3306 3305/3305/3305
f 2821/2821/2821 3248/3248/3248 3247/3247/3247
f 3247/3247/3247 3248/3248/3248 3306/3306/3306
f 3355/3355/3355 2821/2821/2821 3344/3344/3344
f 3248/3248/3248 2821/2821/2821 3355/3355/3355
f 3306/3306/3306 3259/3259/3259 3305/3305/3305
f 3355/3355/3355 3344/3344/3344 3345/3345/3345
f 3345/3345/3345 3344/3344/3344 2693/2693/2693
f 3248/3248/3248 3308/3308/3308 3306/3306/3306
f 3306/3306/3306 3308/3308/3308 3259/3259/3259
f 3321/3321/3321 3248/3248/3248 3355/3355/3355
f 3308/3308/3308 3248/3248/3248 3321/3321/3321
f 3356/3356/3356 3355/3355/3355 3345/3345/3345
f 3321/3321/3321 3355/3355/3355 3356/3356/3356
f 2693/2693/2693 2694/2694/2694 3345/3345/3345
f 2695/2695/2695 2694/2694/2694 2693/2693/2693
f 3345/3345/3345 3462/3462/3462 3356/3356/3356
f 2694/2694/2694 3462/3462/3462 3345/3345/3345
f 2695/2695/2695 2838/2838/2838 2694/2694/2694
f 2793/2793/2793 2838/2838/2838 2695/2695/2695
f 2694/2694/2694 3464/3464/3464 3462/3462/3462
f 2838/2838/2838 3464/3464/3464 2694/2694/2694
f 2793/2793/2793 2794/2794/2794 2838/2838/2838
f 2795/2795/2795 2794/2794/2794 2793/2793/2793
f 2838/2838/2838 3459/3459/3459 3464/3464/3464
f 2794/2794/2794 3459/3459/3459 2838/2838/2838
f 3464/3464/3464 3463/3463/3463 3462/3462/3462
f 2795/2795/2795 3516/3516/3516 2794/2794/2794
f 3462/3462/3462 3461/3461/3461 3356/3356/3356
f 3462/3462/3462 3463/3463/3463 3461/3461/3461
f 3332/3332/3332 3321/3321/3321 3356/3356/3356
f 3356/3356/3356 3461/3461/3461 3332/3332/3332
f 3464/3464/3464 2714/2714/2714 3463/3463/3463
f 3459/3459/3459 2714/2714/2714 3464/3464/3464
f 3322/3322/3322 3321/3321/3321 3332/3332/3332
f 3322/3322/3322 3308/3308/3308 3321/3321/3321
f 2794/2794/2794 3538/3538/3538 3459/3459/3459
f 3516/3516/3516 3538/3538/3538 2794/2794/2794
f 3258/3258/3258 3308/3308/3308 3322/3322/3322
f 3308/3308/3308 3258/3258/3258 3259/3259/3259
f 3538/3538/3538 2865/2865/2865 3459/3459/3459
f 2714/2714/2714 3459/3459/3459 2865/2865/2865
f 3516/3516/3516 3517/3517/3517 3538/3538/3538
f 3517/3517/3517 3537/3537/3537 3538/3538/3538
f 2865/2865/2865 3538/3538/3538 3537/3537/3537
f 3504/3504/3504 3517/3517/3517 3516/3516/3516
f 2864/2864/2864 2865/2865/2865 3537/3537/3537
f 3503/3503/3503 3504/3504/3504 3516/3516/3516
f 3516/3516/3516 2795/2795/2795 3503/3503/3503
f 3505/3505/3505 3504/3504/3504 3503/3503/3503
f 2795/2795/2795 3446/3446/3446 3503/3503/3503
f 2713/2713/2713 2865/2865/2865 2864/2864/2864
f 2713/2713/2713 2714/2714/2714 2865/2865/2865
f 2866/2866/2866 2713/2713/2713 2864/2864/2864
f 3506/3506/3506 3503/3503/3503 3446/3446/3446
f 3506/3506/3506 3505/3505/3505 3503/3503/3503
f 3428/3428/3428 3506/3506/3506 3446/3446/3446
f 3534/3534/3534 3505/3505/3505 3506/3506/3506
f 2854/2854/2854 3506/3506/3506 3428/3428/3428
f 2854/2854/2854 3534/3534/3534 3506/3506/3506
f 2853/2853/2853 2854/2854/2854 3428/3428/3428
f 3526/3526/3526 3534/3534/3534 2854/2854/2854
f 2855/2855/2855 2854/2854/2854 2853/2853/2853
f 2855/2855/2855 3526/3526/3526 2854/2854/2854
f 2856/2856/2856 2855/2855/2855 2853/2853/2853
f 3526/3526/3526 2855/2855/2855 3502/3502/3502
f 2855/2855/2855 3481/3481/3481 3502/3502/3502
f 3481/3481/3481 2855/2855/2855 2856/2856/2856
f 3502/3502/3502 3481/3481/3481 3500/3500/3500
f 3438/3438/3438 3481/3481/3481 2856/2856/2856
f 3438/3438/3438 2856/2856/2856 3432/3432/3432
f 3481/3481/3481 3501/3501/3501 3500/3500/3500
f 3501/3501/3501 3481/3481/3481 3438/3438/3438
f 3499/3499/3499 3500/3500/3500 3501/3501/3501
f 3439/3439/3439 3438/3438/3438 3432/3432/3432
f 3439/3439/3439 3432/3432/3432 3433/3433/3433
f 3483/3483/3483 3501/3501/3501 3438/3438/3438
f 3483/3483/3483 3438/3438/3438 3439/3439/3439
f 3498/3498/3498 3499/3499/3499 3501/3501/3501
f 3498/3498/3498 3501/3501/3501 3483/3483/3483
f 3493/3493/3493 3499/3499/3499 3498/3498/3498
f 3423/3423/3423 3439/3439/3439 3433/3433/3433
f 3423/3423/3423 3433/3433/3433 3358/3358/3358
f 3409/3409/3409 3483/3483/3483 3439/3439/3439
f 3409/3409/3409 3439/3439/3439 3423/3423/3423
f 3434/3434/3434 3498/3498/3498 3483/3483/3483
f 3434/3434/3434 3483/3483/3483 3409/3409/3409
f 3492/3492/3492 3493/3493/3493 3498/3498/3498
f 3492/3492/3492 3498/3498/3498 3434/3434/3434
f 3494/3494/3494 3493/3493/3493 3492/3492/3492
f 3397/3397/3397 3434/3434/3434 3409/3409/3409
f 3495/3495/3495 3494/3494/3494 3492/3492/3492
f 3494/3494/3494 3495/3495/3495 3533/3533/3533
f 3435/3435/3435 3492/3492/3492 3434/3434/3434
f 3492/3492/3492 3435/3435/3435 3495/3495/3495
f 3435/3435/3435 3434/3434/3434 3397/3397/3397
f 3495/3495/3495 3515/3515/3515 3533/3533/3533
f 3533/3533/3533 3515/3515/3515 3521/3521/3521
f 3435/3435/3435 3414/3414/3414 3495/3495/3495
f 3495/3495/3495 3414/3414/3414 3515/3515/3515
f 3398/3398/3398 3435/3435/3435 3397/3397/3397
f 3435/3435/3435 3398/3398/3398 3414/3414/3414
f 3515/3515/3515 3490/3490/3490 3521/3521/3521
f 3521/3521/3521 3490/3490/3490 3519/3519/3519
f 3414/3414/3414 3411/3411/3411 3515/3515/3515
f 3515/3515/3515 3411/3411/3411 3490/3490/3490
f 3398/3398/3398 3413/3413/3413 3414/3414/3414
f 3414/3414/3414 3413/3413/3413 3411/3411/3411
f 3490/3490/3490 3486/3486/3486 3519/3519/3519
f 3519/3519/3519 3486/3486/3486 3518/3518/3518
f 3411/3411/3411 3407/3407/3407 3490/3490/3490
f 3490/3490/3490 3407/3407/3407 3486/3486/3486
f 3413/3413/3413 3410/3410/3410 3411/3411/3411
f 3411/3411/3411 3410/3410/3410 3407/3407/3407
f 3486/3486/3486 3477/3477/3477 3518/3518/3518
f 3518/3518/3518 3477/3477/3477 3512/3512/3512
f 3407/3407/3407 3404/3404/3404 3486/3486/3486
f 3486/3486/3486 3404/3404/3404 3477/3477/3477
f 3410/3410/3410 3406/3406/3406 3407/3407/3407
f 3407/3407/3407 3406/3406/3406 3404/3404/3404
f 3477/3477/3477 3476/3476/3476 3512/3512/3512
f 3512/3512/3512 3476/3476/3476 3510/3510/3510
f 3404/3404/3404 3442/3442/3442 3477/3477/3477
f 3477/3477/3477 3442/3442/3442 3476/3476/3476
f 3406/3406/3406 3405/3405/3405 3404/3404/3404
f 3404/3404/3404 3405/3405/3405 3442/3442/3442
f 3476/3476/3476 3511/3511/3511 3510/3510/3510
f 3510/3510/3510 3511/3511/3511 3496/3496/3496
f 3442/3442/3442 3443/3443/3443 3476/3476/3476
f 3476/3476/3476 3443/3443/3443 3511/3511/3511
f 3405/3405/3405 3436/3436/3436 3442/3442/3442
f 3443/3443/3443 3442/3442/3442 3436/3436/3436
f 3511/3511/3511 2718/2718/2718 3496/3496/3496
f 3497/3497/3497 3496/3496/3496 2718/2718/2718
f 3443/3443/3443 3539/3539/3539 3511/3511/3511
f 3511/3511/3511 3539/3539/3539 2718/2718/2718
f 3437/3437/3437 3443/3443/3443 3436/3436/3436
f 3539/3539/3539 3443/3443/3443 3437/3437/3437
f 2719/2719/2719 3497/3497/3497 2718/2718/2718
f 3508/3508/3508 3497/3497/3497 2719/2719/2719
f 3539/3539/3539 2717/2717/2717 2718/2718/2718
f 2719/2719/2719 2718/2718/2718 2717/2717/2717
f 3473/3473/3473 3539/3539/3539 3437/3437/3437
f 3539/3539/3539 3473/3473/3473 2717/2717/2717
f 2780/2780/2780 3508/3508/3508 2719/2719/2719
f 3508/3508/3508 2780/2780/2780 3507/3507/3507
f 2720/2720/2720 2719/2719/2719 2717/2717/2717
f 2719/2719/2719 2720/2720/2720 2780/2780/2780
f 3473/3473/3473 3455/3455/3455 2717/2717/2717
f 2717/2717/2717 3455/3455/3455 2720/2720/2720
f 2780/2780/2780 2777/2777/2777 3507/3507/3507
f 3507/3507/3507 2777/2777/2777 3524/3524/3524
f 2720/2720/2720 2779/2779/2779 2780/2780/2780
f 2780/2780/2780 2779/2779/2779 2777/2777/2777
f 3455/3455/3455 3454/3454/3454 2720/2720/2720
f 2720/2720/2720 3454/3454/3454 2779/2779/2779
f 2777/2777/2777 3523/3523/3523 3524/3524/3524
f 3524/3524/3524 3523/3523/3523 3522/3522/3522
f 2779/2779/2779 2778/2778/2778 2777/2777/2777
f 2777/2777/2777 2778/2778/2778 3523/3523/3523
f 3454/3454/3454 3422/3422/3422 2779/2779/2779
f 2779/2779/2779 3422/3422/3422 2778/2778/2778
f 3523/3523/3523 3485/3485/3485 3522/3522/3522
f 3522/3522/3522 3485/3485/3485 3540/3540/3540
f 2778/2778/2778 3460/3460/3460 3523/3523/3523
f 3523/3523/3523 3460/3460/3460 3485/3485/3485
f 3422/3422/3422 3421/3421/3421 2778/2778/2778
f 2778/2778/2778 3421/3421/3421 3460/3460/3460
f 3485/3485/3485 3484/3484/3484 3540/3540/3540
f 3540/3540/3540 3484/3484/3484 3530/3530/3530
f 3460/3460/3460 3465/3465/3465 3485/3485/3485
f 3485/3485/3485 3465/3465/3465 3484/3484/3484
f 3421/3421/3421 3452/3452/3452 3460/3460/3460
f 3465/3465/3465 3460/3460/3460 3452/3452/3452
f 3484/3484/3484 3525/3525/3525 3530/3530/3530
f 3530/3530/3530 3525/3525/3525 3529/3529/3529
f 3465/3465/3465 3466/3466/3466 3484/3484/3484
f 3484/3484/3484 3466/3466/3466 3525/3525/3525
f 3453/3453/3453 3465/3465/3465 3452/3452/3452
f 3466/3466/3466 3465/3465/3465 3453/3453/3453
f 3525/3525/3525 3480/3480/3480 3529/3529/3529
f 3529/3529/3529 3480/3480/3480 3542/3542/3542
f 3466/3466/3466 3488/3488/3488 3525/3525/3525
f 3525/3525/3525 3488/3488/3488 3480/3480/3480
f 3467/3467/3467 3466/3466/3466 3453/3453/3453
f 3488/3488/3488 3466/3466/3466 3467/3467/3467
f 3480/3480/3480 3478/3478/3478 3542/3542/3542
f 3542/3542/3542 3478/3478/3478 3532/3532/3532
f 3488/3488/3488 3479/3479/3479 3480/3480/3480
f 3480/3480/3480 3479/3479/3479 3478/3478/3478
f 3487/3487/3487 3488/3488/3488 3467/3467/3467
f 3479/3479/3479 3488/3488/3488 3487/3487/3487
f 3478/3478/3478 3520/3520/3520 3532/3532/3532
f 3532/3532/3532 3520/3520/3520 3531/3531/3531
f 3479/3479/3479 3449/3449/3449 3478/3478/3478
f 3478/3478/3478 3449/3449/3449 3520/3520/3520
f 3489/3489/3489 3479/3479/3479 3487/3487/3487
f 3449/3449/3449 3479/3479/3479 3489/3489/3489
f 3520/3520/3520 3527/3527/3527 3531/3531/3531
f 3531/3531/3531 3527/3527/3527 2837/2837/2837
f 3449/3449/3449 3450/3450/3450 3520/3520/3520
f 3520/3520/3520 3450/3450/3450 3527/3527/3527
f 3395/3395/3395 3449/3449/3449 3489/3489/3489
f 3450/3450/3450 3449/3449/3449 3395/3395/3395
f 3527/3527/3527 2836/2836/2836 2837/2837/2837
f 2837/2837/2837 2836/2836/2836 2834/2834/2834
f 3450/3450/3450 3528/3528/3528 3527/3527/3527
f 3527/3527/3527 3528/3528/3528 2836/2836/2836
f 3391/3391/3391 3450/3450/3450 3395/3395/3395
f 3528/3528/3528 3450/3450/3450 3391/3391/3391
f 2836/2836/2836 2835/2835/2835 2834/2834/2834
f 2834/2834/2834 2835/2835/2835 3509/3509/3509
f 3528/3528/3528 3416/3416/3416 2836/2836/2836
f 2836/2836/2836 3416/3416/3416 2835/2835/2835
f 3392/3392/3392 3528/3528/3528 3391/3391/3391
f 3416/3416/3416 3528/3528/3528 3392/3392/3392
f 2835/2835/2835 3491/3491/3491 3509/3509/3509
f 3509/3509/3509 3491/3491/3491 2755/2755/2755
f 3416/3416/3416 3417/3417/3417 2835/2835/2835
f 2835/2835/2835 3417/3417/3417 3491/3491/3491
f 3415/3415/3415 3416/3416/3416 3392/3392/3392
f 3417/3417/3417 3416/3416/3416 3415/3415/3415
f 3491/3491/3491 2754/2754/2754 2755/2755/2755
f 2755/2755/2755 2754/2754/2754 2752/2752/2752
f 3417/3417/3417 3471/3471/3471 3491/3491/3491
f 3491/3491/3491 3471/3471/3471 2754/2754/2754
f 3418/3418/3418 3417/3417/3417 3415/3415/3415
f 3471/3471/3471 3417/3417/3417 3418/3418/3418
f 2754/2754/2754 2753/2753/2753 2752/2752/2752
f 2752/2752/2752 2753/2753/2753 3513/3513/3513
f 3471/3471/3471 3472/3472/3472 2754/2754/2754
f 2754/2754/2754 3472/3472/3472 2753/2753/2753
f 3448/3448/3448 3471/3471/3471 3418/3418/3418
f 3472/3472/3472 3471/3471/3471 3448/3448/3448
f 2753/2753/2753 3514/3514/3514 3513/3513/3513
f 3513/3513/3513 3514/3514/3514 3535/3535/3535
f 3472/3472/3472 3475/3475/3475 2753/2753/2753
f 2753/2753/2753 3475/3475/3475 3514/3514/3514
f 3441/3441/3441 3472/3472/3472 3448/3448/3448
f 3475/3475/3475 3472/3472/3472 3441/3441/3441
f 3514/3514/3514 3536/3536/3536 3535/3535/3535
f 3535/3535/3535 3536/3536/3536 3541/3541/3541
f 3475/3475/3475 3474/3474/3474 3514/3514/3514
f 3514/3514/3514 3474/3474/3474 3536/3536/3536
f 3401/3401/3401 3475/3475/3475 3441/3441/3441
f 3474/3474/3474 3475/3475/3475 3401/3401/3401
f 3536/3536/3536 2716/2716/2716 3541/3541/3541
f 3541/3541/3541 2716/2716/2716 2866/2866/2866
f 2716/2716/2716 2713/2713/2713 2866/2866/2866
f 3474/3474/3474 3469/3469/3469 3536/3536/3536
f 3536/3536/3536 3469/3469/3469 2716/2716/2716
f 2716/2716/2716 2715/2715/2715 2713/2713/2713
f 3469/3469/3469 2715/2715/2715 2716/2716/2716
f 2715/2715/2715 2714/2714/2714 2713/2713/2713
f 2714/2714/2714 2715/2715/2715 3463/3463/3463
f 3469/3469/3469 3474/3474/3474 3402/3402/3402
f 3402/3402/3402 3474/3474/3474 3401/3401/3401
f 2715/2715/2715 3469/3469/3469 3468/3468/3468
f 3463/3463/3463 2715/2715/2715 3468/3468/3468
f 3468/3468/3468 3469/3469/3469 3402/3402/3402
f 3463/3463/3463 3468/3468/3468 3461/3461/3461
f 3461/3461/3461 3468/3468/3468 3403/3403/3403
f 3468/3468/3468 3402/3402/3402 3403/3403/3403
f 3461/3461/3461 3403/3403/3403 3332/3332/3332
f 3402/3402/3402 3401/3401/3401 3400/3400/3400
f 3403/3403/3403 3402/3402/3402 3400/3400/3400
f 3332/3332/3332 3403/3403/3403 3333/3333/3333
f 3403/3403/3403 3400/3400/3400 3333/3333/3333
f 3333/3333/3333 3322/3322/3322 3332/3332/3332
f 3400/3400/3400 3401/3401/3401 3440/3440/3440
f 3401/3401/3401 3441/3441/3441 3440/3440/3440
f 3333/3333/3333 3400/3400/3400 3352/3352/3352
f 3400/3400/3400 3440/3440/3440 3352/3352/3352
f 3341/3341/3341 3322/3322/3322 3333/3333/3333
f 3352/3352/3352 3341/3341/3341 3333/3333/3333
f 3341/3341/3341 3258/3258/3258 3322/3322/3322
f 3440/3440/3440 3441/3441/3441 3387/3387/3387
f 3441/3441/3441 3448/3448/3448 3387/3387/3387
f 3352/3352/3352 3440/3440/3440 3354/3354/3354
f 3440/3440/3440 3387/3387/3387 3354/3354/3354
f 3353/3353/3353 3341/3341/3341 3352/3352/3352
f 3354/3354/3354 3353/3353/3353 3352/3352/3352
f 3387/3387/3387 3448/3448/3448 3386/3386/3386
f 3448/3448/3448 3418/3418/3418 3386/3386/3386
f 3354/3354/3354 3387/3387/3387 3376/3376/3376
f 3387/3387/3387 3386/3386/3386 3376/3376/3376
f 3315/3315/3315 3353/3353/3353 3354/3354/3354
f 3376/3376/3376 3315/3315/3315 3354/3354/3354
f 3386/3386/3386 3418/3418/3418 3420/3420/3420
f 3418/3418/3418 3415/3415/3415 3420/3420/3420
f 3376/3376/3376 3386/3386/3386 3419/3419/3419
f 3386/3386/3386 3420/3420/3420 3419/3419/3419
f 3316/3316/3316 3315/3315/3315 3376/3376/3376
f 3419/3419/3419 3316/3316/3316 3376/3376/3376
f 3420/3420/3420 3415/3415/3415 3393/3393/3393
f 3415/3415/3415 3392/3392/3392 3393/3393/3393
f 3419/3419/3419 3420/3420/3420 3430/3430/3430
f 3420/3420/3420 3393/3393/3393 3430/3430/3430
f 3323/3323/3323 3316/3316/3316 3419/3419/3419
f 3430/3430/3430 3323/3323/3323 3419/3419/3419
f 3393/3393/3393 3392/3392/3392 3390/3390/3390
f 3392/3392/3392 3391/3391/3391 3390/3390/3390
f 3430/3430/3430 3393/3393/3393 3371/3371/3371
f 3393/3393/3393 3390/3390/3390 3371/3371/3371
f 3324/3324/3324 3323/3323/3323 3430/3430/3430
f 3371/3371/3371 3324/3324/3324 3430/3430/3430
f 3390/3390/3390 3391/3391/3391 3385/3385/3385
f 3391/3391/3391 3395/3395/3395 3385/3385/3385
f 3371/3371/3371 3390/3390/3390 3373/3373/3373
f 3390/3390/3390 3385/3385/3385 3373/3373/3373
f 3372/3372/3372 3324/3324/3324 3371/3371/3371
f 3373/3373/3373 3372/3372/3372 3371/3371/3371
f 3385/3385/3385 3395/3395/3395 3384/3384/3384
f 3395/3395/3395 3489/3489/3489 3384/3384/3384
f 3373/3373/3373 3385/3385/3385 3383/3383/3383
f 3385/3385/3385 3384/3384/3384 3383/3383/3383
f 3351/3351/3351 3372/3372/3372 3373/3373/3373
f 3383/3383/3383 3351/3351/3351 3373/3373/3373
f 3384/3384/3384 3489/3489/3489 3444/3444/3444
f 3489/3489/3489 3487/3487/3487 3444/3444/3444
f 3383/3383/3383 3384/3384/3384 3377/3377/3377
f 3384/3384/3384 3444/3444/3444 3377/3377/3377
f 3325/3325/3325 3351/3351/3351 3383/3383/3383
f 3377/3377/3377 3325/3325/3325 3383/3383/3383
f 3444/3444/3444 3487/3487/3487 2731/2731/2731
f 3487/3487/3487 3467/3467/3467 2731/2731/2731
f 3377/3377/3377 3444/3444/3444 2732/2732/2732
f 3444/3444/3444 2731/2731/2731 2732/2732/2732
f 3326/3326/3326 3325/3325/3325 3377/3377/3377
f 2732/2732/2732 3326/3326/3326 3377/3377/3377
f 2731/2731/2731 3467/3467/3467 2730/2730/2730
f 3467/3467/3467 3453/3453/3453 2730/2730/2730
f 2732/2732/2732 2731/2731/2731 2729/2729/2729
f 2731/2731/2731 2730/2730/2730 2729/2729/2729
f 3327/3327/3327 3326/3326/3326 2732/2732/2732
f 2729/2729/2729 3327/3327/3327 2732/2732/2732
f 2730/2730/2730 3453/3453/3453 3451/3451/3451
f 3453/3453/3453 3452/3452/3452 3451/3451/3451
f 3329/3329/3329 2729/2729/2729 2730/2730/2730
f 3451/3451/3451 3329/3329/3329 2730/2730/2730
f 3328/3328/3328 3327/3327/3327 2729/2729/2729
f 3329/3329/3329 3328/3328/3328 2729/2729/2729
f 3451/3451/3451 3452/3452/3452 3458/3458/3458
f 3452/3452/3452 3421/3421/3421 3458/3458/3458
f 2721/2721/2721 3329/3329/3329 3451/3451/3451
f 3458/3458/3458 2721/2721/2721 3451/3451/3451
f 2722/2722/2722 3328/3328/3328 3329/3329/3329
f 2721/2721/2721 2722/2722/2722 3329/3329/3329
f 3456/3456/3456 3458/3458/3458 3421/3421/3421
f 3422/3422/3422 3456/3456/3456 3421/3421/3421
f 2724/2724/2724 2721/2721/2721 3458/3458/3458
f 3456/3456/3456 2724/2724/2724 3458/3458/3458
f 2723/2723/2723 2722/2722/2722 2721/2721/2721
f 2724/2724/2724 2723/2723/2723 2721/2721/2721
f 3457/3457/3457 3456/3456/3456 3422/3422/3422
f 3454/3454/3454 3457/3457/3457 3422/3422/3422
f 3367/3367/3367 2724/2724/2724 3456/3456/3456
f 3457/3457/3457 3367/3367/3367 3456/3456/3456
f 3368/3368/3368 2723/2723/2723 2724/2724/2724
f 3367/3367/3367 3368/3368/3368 2724/2724/2724
f 3482/3482/3482 3457/3457/3457 3454/3454/3454
f 3455/3455/3455 3482/3482/3482 3454/3454/3454
f 3360/3360/3360 3367/3367/3367 3457/3457/3457
f 3482/3482/3482 3360/3360/3360 3457/3457/3457
f 3361/3361/3361 3368/3368/3368 3367/3367/3367
f 3360/3360/3360 3361/3361/3361 3367/3367/3367
f 3447/3447/3447 3482/3482/3482 3455/3455/3455
f 3473/3473/3473 3447/3447/3447 3455/3455/3455
f 3362/3362/3362 3360/3360/3360 3482/3482/3482
f 3447/3447/3447 3362/3362/3362 3482/3482/3482
f 3346/3346/3346 3361/3361/3361 3360/3360/3360
f 3362/3362/3362 3346/3346/3346 3360/3360/3360
f 3447/3447/3447 3473/3473/3473 3394/3394/3394
f 3473/3473/3473 3437/3437/3437 3394/3394/3394
f 3362/3362/3362 3447/3447/3447 3369/3369/3369
f 3447/3447/3447 3394/3394/3394 3369/3369/3369
f 3347/3347/3347 3346/3346/3346 3362/3362/3362
f 3369/3369/3369 3347/3347/3347 3362/3362/3362
f 3394/3394/3394 3437/3437/3437 3382/3382/3382
f 3437/3437/3437 3436/3436/3436 3382/3382/3382
f 3369/3369/3369 3394/3394/3394 3339/3339/3339
f 3394/3394/3394 3382/3382/3382 3339/3339/3339
f 3347/3347/3347 3369/3369/3369 3340/3340/3340
f 3369/3369/3369 3339/3339/3339 3340/3340/3340
f 3382/3382/3382 3436/3436/3436 3381/3381/3381
f 3436/3436/3436 3405/3405/3405 3381/3381/3381
f 3339/3339/3339 3382/3382/3382 3338/3338/3338
f 3382/3382/3382 3381/3381/3381 3338/3338/3338
f 3340/3340/3340 3339/3339/3339 3337/3337/3337
f 3339/3339/3339 3338/3338/3338 3337/3337/3337
f 3381/3381/3381 3405/3405/3405 3470/3470/3470
f 3405/3405/3405 3406/3406/3406 3470/3470/3470
f 3338/3338/3338 3381/3381/3381 3365/3365/3365
f 3381/3381/3381 3470/3470/3470 3365/3365/3365
f 3337/3337/3337 3338/3338/3338 3366/3366/3366
f 3338/3338/3338 3365/3365/3365 3366/3366/3366
f 3445/3445/3445 3470/3470/3470 3406/3406/3406
f 3410/3410/3410 3445/3445/3445 3406/3406/3406
f 3364/3364/3364 3365/3365/3365 3470/3470/3470
f 3445/3445/3445 3364/3364/3364 3470/3470/3470
f 3366/3366/3366 3365/3365/3365 3318/3318/3318
f 3365/3365/3365 3364/3364/3364 3318/3318/3318
f 3412/3412/3412 3445/3445/3445 3410/3410/3410
f 3413/3413/3413 3412/3412/3412 3410/3410/3410
f 3370/3370/3370 3364/3364/3364 3445/3445/3445
f 3412/3412/3412 3370/3370/3370 3445/3445/3445
f 3318/3318/3318 3364/3364/3364 3317/3317/3317
f 3364/3364/3364 3370/3370/3370 3317/3317/3317
f 3399/3399/3399 3412/3412/3412 3413/3413/3413
f 3398/3398/3398 3399/3399/3399 3413/3413/3413
f 3349/3349/3349 3370/3370/3370 3412/3412/3412
f 3399/3399/3399 3349/3349/3349 3412/3412/3412
f 3350/3350/3350 3317/3317/3317 3370/3370/3370
f 3349/3349/3349 3350/3350/3350 3370/3370/3370
f 3399/3399/3399 3398/3398/3398 3396/3396/3396
f 3398/3398/3398 3397/3397/3397 3396/3396/3396
f 3349/3349/3349 3399/3399/3399 3348/3348/3348
f 3399/3399/3399 3396/3396/3396 3348/3348/3348
f 3350/3350/3350 3349/3349/3349 3342/3342/3342
f 3349/3349/3349 3348/3348/3348 3342/3342/3342
f 3396/3396/3396 3397/3397/3397 3408/3408/3408
f 3397/3397/3397 3409/3409/3409 3408/3408/3408
f 3408/3408/3408 3409/3409/3409 3423/3423/3423
f 3348/3348/3348 3396/3396/3396 3335/3335/3335
f 3396/3396/3396 3408/3408/3408 3335/3335/3335
f 3408/3408/3408 3423/3423/3423 3334/3334/3334
f 3335/3335/3335 3408/3408/3408 3334/3334/3334
f 3334/3334/3334 3423/3423/3423 3358/3358/3358
f 3348/3348/3348 3335/3335/3335 3319/3319/3319
f 3342/3342/3342 3348/3348/3348 3319/3319/3319
f 3335/3335/3335 3334/3334/3334 3320/3320/3320
f 3319/3319/3319 3335/3335/3335 3320/3320/3320
f 3334/3334/3334 3358/3358/3358 3330/3330/3330
f 3320/3320/3320 3334/3334/3334 3330/3330/3330
f 3330/3330/3330 3358/3358/3358 3331/3331/3331
f 3331/3331/3331 3263/3263/3263 3330/3330/3330
f 3263/3263/3263 3267/3267/3267 3330/3330/3330
f 3330/3330/3330 3267/3267/3267 3320/3320/3320
f 3267/3267/3267 3263/3263/3263 3264/3264/3264
f 3320/3320/3320 3268/3268/3268 3319/3319/3319
f 3267/3267/3267 3268/3268/3268 3320/3320/3320
f 3319/3319/3319 3284/3284/3284 3342/3342/3342
f 3268/3268/3268 3284/3284/3284 3319/3319/3319
f 3226/3226/3226 3267/3267/3267 3264/3264/3264
f 3268/3268/3268 3267/3267/3267 3226/3226/3226
f 3284/3284/3284 3313/3313/3313 3342/3342/3342
f 3350/3350/3350 3342/3342/3342 3313/3313/3313
f 3284/3284/3284 3268/3268/3268 3227/3227/3227
f 3227/3227/3227 3268/3268/3268 3226/3226/3226
f 3313/3313/3313 3284/3284/3284 3269/3269/3269
f 3269/3269/3269 3284/3284/3284 3227/3227/3227
f 3314/3314/3314 3350/3350/3350 3313/3313/3313
f 3317/3317/3317 3350/3350/3350 3314/3314/3314
f 3312/3312/3312 3313/3313/3313 3269/3269/3269
f 3314/3314/3314 3313/3313/3313 3312/3312/3312
f 3301/3301/3301 3317/3317/3317 3314/3314/3314
f 3318/3318/3318 3317/3317/3317 3301/3301/3301
f 3275/3275/3275 3314/3314/3314 3312/3312/3312
f 3301/3301/3301 3314/3314/3314 3275/3275/3275
f 3302/3302/3302 3318/3318/3318 3301/3301/3301
f 3366/3366/3366 3318/3318/3318 3302/3302/3302
f 3276/3276/3276 3301/3301/3301 3275/3275/3275
f 3302/3302/3302 3301/3301/3301 3276/3276/3276
f 3252/3252/3252 3366/3366/3366 3302/3302/3302
f 3337/3337/3337 3366/3366/3366 3252/3252/3252
f 3295/3295/3295 3302/3302/3302 3276/3276/3276
f 3252/3252/3252 3302/3302/3302 3295/3295/3295
f 3253/3253/3253 3337/3337/3337 3252/3252/3252
f 3340/3340/3340 3337/3337/3337 3253/3253/3253
f 3251/3251/3251 3252/3252/3252 3295/3295/3295
f 3253/3253/3253 3252/3252/3252 3251/3251/3251
f 3293/3293/3293 3340/3340/3340 3253/3253/3253
f 3347/3347/3347 3340/3340/3340 3293/3293/3293
f 3250/3250/3250 3253/3253/3253 3251/3251/3251
f 3293/3293/3293 3253/3253/3253 3250/3250/3250
f 3288/3288/3288 3347/3347/3347 3293/3293/3293
f 3347/3347/3347 3288/3288/3288 3346/3346/3346
f 3232/3232/3232 3293/3293/3293 3250/3250/3250
f 3288/3288/3288 3293/3293/3293 3232/3232/3232
f 3288/3288/3288 3245/3245/3245 3346/3346/3346
f 3346/3346/3346 3245/3245/3245 3361/3361/3361
f 3233/3233/3233 3288/3288/3288 3232/3232/3232
f 3288/3288/3288 3233/3233/3233 3245/3245/3245
f 3245/3245/3245 3243/3243/3243 3361/3361/3361
f 3361/3361/3361 3243/3243/3243 3368/3368/3368
f 3233/3233/3233 3244/3244/3244 3245/3245/3245
f 3245/3245/3245 3244/3244/3244 3243/3243/3243
f 3243/3243/3243 3294/3294/3294 3368/3368/3368
f 2723/2723/2723 3368/3368/3368 3294/3294/3294
f 3244/3244/3244 2751/2751/2751 3243/3243/3243
f 3243/3243/3243 2751/2751/2751 3294/3294/3294
f 3336/3336/3336 2723/2723/2723 3294/3294/3294
f 2722/2722/2722 2723/2723/2723 3336/3336/3336
f 2751/2751/2751 2748/2748/2748 3294/3294/3294
f 3336/3336/3336 3294/3294/3294 2748/2748/2748
f 3310/3310/3310 2722/2722/2722 3336/3336/3336
f 2722/2722/2722 3310/3310/3310 3328/3328/3328
f 3286/3286/3286 3336/3336/3336 2748/2748/2748
f 3310/3310/3310 3336/3336/3336 3286/3286/3286
f 3310/3310/3310 3311/3311/3311 3328/3328/3328
f 3328/3328/3328 3311/3311/3311 3327/3327/3327
f 3287/3287/3287 3310/3310/3310 3286/3286/3286
f 3311/3311/3311 3310/3310/3310 3287/3287/3287
f 3311/3311/3311 3378/3378/3378 3327/3327/3327
f 3327/3327/3327 3378/3378/3378 3326/3326/3326
f 3260/3260/3260 3311/3311/3311 3287/3287/3287
f 3378/3378/3378 3311/3311/3311 3260/3260/3260
f 3378/3378/3378 3271/3271/3271 3326/3326/3326
f 3326/3326/3326 3271/3271/3271 3325/3325/3325
f 3261/3261/3261 3378/3378/3378 3260/3260/3260
f 3271/3271/3271 3378/3378/3378 3261/3261/3261
f 3271/3271/3271 3272/3272/3272 3325/3325/3325
f 3325/3325/3325 3272/3272/3272 3351/3351/3351
f 3270/3270/3270 3271/3271/3271 3261/3261/3261
f 3272/3272/3272 3271/3271/3271 3270/3270/3270
f 3272/3272/3272 3298/3298/3298 3351/3351/3351
f 3351/3351/3351 3298/3298/3298 3372/3372/3372
f 3273/3273/3273 3272/3272/3272 3270/3270/3270
f 3298/3298/3298 3272/3272/3272 3273/3273/3273
f 3298/3298/3298 3543/3543/3543 3372/3372/3372
f 3372/3372/3372 3543/3543/3543 3324/3324/3324
f 3299/3299/3299 3298/3298/3298 3273/3273/3273
f 3543/3543/3543 3298/3298/3298 3299/3299/3299
f 3543/3543/3543 3279/3279/3279 3324/3324/3324
f 3324/3324/3324 3279/3279/3279 3323/3323/3323
f 3307/3307/3307 3543/3543/3543 3299/3299/3299
f 3279/3279/3279 3543/3543/3543 3307/3307/3307
f 3279/3279/3279 3280/3280/3280 3323/3323/3323
f 3323/3323/3323 3280/3280/3280 3316/3316/3316
f 3278/3278/3278 3279/3279/3279 3307/3307/3307
f 3280/3280/3280 3279/3279/3279 3278/3278/3278
f 3280/3280/3280 3303/3303/3303 3316/3316/3316
f 3316/3316/3316 3303/3303/3303 3315/3315/3315
f 3281/3281/3281 3280/3280/3280 3278/3278/3278
f 3303/3303/3303 3280/3280/3280 3281/3281/3281
f 3303/3303/3303 3304/3304/3304 3315/3315/3315
f 3315/3315/3315 3304/3304/3304 3353/3353/3353
f 3236/3236/3236 3303/3303/3303 3281/3281/3281
f 3304/3304/3304 3303/3303/3303 3236/3236/3236
f 3304/3304/3304 3257/3257/3257 3353/3353/3353
f 3353/3353/3353 3257/3257/3257 3341/3341/3341
f 3257/3257/3257 3258/3258/3258 3341/3341/3341
f 3237/3237/3237 3304/3304/3304 3236/3236/3236
f 3257/3257/3257 3304/3304/3304 3237/3237/3237
f 3258/3258/3258 3257/3257/3257 3255/3255/3255
f 3255/3255/3255 3257/3257/3257 3237/3237/3237
f 3259/3259/3259 3258/3258/3258 3255/3255/3255
f 3237/3237/3237 3236/3236/3236 3235/3235/3235
f 3259/3259/3259 3255/3255/3255 3256/3256/3256
f 3305/3305/3305 3259/3259/3259 3256/3256/3256
f 3305/3305/3305 3256/3256/3256 3170/3170/3170
f 3255/3255/3255 3237/3237/3237 3238/3238/3238
f 3256/3256/3256 3255/3255/3255 3238/3238/3238
f 3238/3238/3238 3237/3237/3237 3235/3235/3235
f 3170/3170/3170 3256/3256/3256 3173/3173/3173
f 3256/3256/3256 3238/3238/3238 3173/3173/3173
f 3173/3173/3173 3172/3172/3172 3170/3170/3170
f 3238/3238/3238 3235/3235/3235 3183/3183/3183
f 3173/3173/3173 3238/3238/3238 3183/3183/3183
f 3182/3182/3182 3172/3172/3172 3173/3173/3173
f 3183/3183/3183 3182/3182/3182 3173/3173/3173
f 3182/3182/3182 3131/3131/3131 3172/3172/3172
f 3235/3235/3235 3236/3236/3236 3283/3283/3283
f 3236/3236/3236 3281/3281/3281 3283/3283/3283
f 3183/3183/3183 3235/3235/3235 3202/3202/3202
f 3235/3235/3235 3283/3283/3283 3202/3202/3202
f 3178/3178/3178 3182/3182/3182 3183/3183/3183
f 3202/3202/3202 3178/3178/3178 3183/3183/3183
f 3157/3157/3157 3131/3131/3131 3182/3182/3182
f 3178/3178/3178 3157/3157/3157 3182/3182/3182
f 3131/3131/3131 3157/3157/3157 3115/3115/3115
f 3283/3283/3283 3281/3281/3281 3282/3282/3282
f 3281/3281/3281 3278/3278/3278 3282/3282/3282
f 3202/3202/3202 3283/3283/3283 3188/3188/3188
f 3283/3283/3283 3282/3282/3282 3188/3188/3188
f 3163/3163/3163 3178/3178/3178 3202/3202/3202
f 3188/3188/3188 3163/3163/3163 3202/3202/3202
f 3282/3282/3282 3278/3278/3278 3221/3221/3221
f 3278/3278/3278 3307/3307/3307 3221/3221/3221
f 3188/3188/3188 3282/3282/3282 3175/3175/3175
f 3282/3282/3282 3221/3221/3221 3175/3175/3175
f 3164/3164/3164 3163/3163/3163 3188/3188/3188
f 3175/3175/3175 3164/3164/3164 3188/3188/3188
f 3221/3221/3221 3307/3307/3307 3220/3220/3220
f 3307/3307/3307 3299/3299/3299 3220/3220/3220
f 3175/3175/3175 3221/3221/3221 3176/3176/3176
f 3221/3221/3221 3220/3220/3220 3176/3176/3176
f 3174/3174/3174 3164/3164/3164 3175/3175/3175
f 3176/3176/3176 3174/3174/3174 3175/3175/3175
f 3220/3220/3220 3299/3299/3299 3266/3266/3266
f 3299/3299/3299 3273/3273/3273 3266/3266/3266
f 3176/3176/3176 3220/3220/3220 3185/3185/3185
f 3220/3220/3220 3266/3266/3266 3185/3185/3185
f 3184/3184/3184 3174/3174/3174 3176/3176/3176
f 3185/3185/3185 3184/3184/3184 3176/3176/3176
f 3266/3266/3266 3273/3273/3273 3265/3265/3265
f 3273/3273/3273 3270/3270/3270 3265/3265/3265
f 3185/3185/3185 3266/3266/3266 3177/3177/3177
f 3266/3266/3266 3265/3265/3265 3177/3177/3177
f 3166/3166/3166 3184/3184/3184 3185/3185/3185
f 3177/3177/3177 3166/3166/3166 3185/3185/3185
f 3265/3265/3265 3270/3270/3270 3218/3218/3218
f 3270/3270/3270 3261/3261/3261 3218/3218/3218
f 3177/3177/3177 3265/3265/3265 2805/2805/2805
f 3265/3265/3265 3218/3218/3218 2805/2805/2805
f 2806/2806/2806 3166/3166/3166 3177/3177/3177
f 2805/2805/2805 2806/2806/2806 3177/3177/3177
f 3218/3218/3218 3261/3261/3261 3219/3219/3219
f 3261/3261/3261 3260/3260/3260 3219/3219/3219
f 2808/2808/2808 2805/2805/2805 3218/3218/3218
f 3219/3219/3219 2808/2808/2808 3218/3218/3218
f 2807/2807/2807 2806/2806/2806 2805/2805/2805
f 2808/2808/2808 2807/2807/2807 2805/2805/2805
f 3219/3219/3219 3260/3260/3260 3249/3249/3249
f 3260/3260/3260 3287/3287/3287 3249/3249/3249
f 3206/3206/3206 2808/2808/2808 3219/3219/3219
f 3249/3249/3249 3206/3206/3206 3219/3219/3219
f 3162/3162/3162 2807/2807/2807 2808/2808/2808
f 3206/3206/3206 3162/3162/3162 2808/2808/2808
f 3249/3249/3249 3287/3287/3287 3285/3285/3285
f 3287/3287/3287 3286/3286/3286 3285/3285/3285
f 3206/3206/3206 3249/3249/3249 3217/3217/3217
f 3249/3249/3249 3285/3285/3285 3217/3217/3217
f 3162/3162/3162 3206/3206/3206 3205/3205/3205
f 3206/3206/3206 3217/3217/3217 3205/3205/3205
f 3285/3285/3285 3286/3286/3286 2749/2749/2749
f 3286/3286/3286 2748/2748/2748 2749/2749/2749
f 3217/3217/3217 3285/3285/3285 3216/3216/3216
f 3285/3285/3285 2749/2749/2749 3216/3216/3216
f 3205/3205/3205 3217/3217/3217 3201/3201/3201
f 3217/3217/3217 3216/3216/3216 3201/3201/3201
f 2750/2750/2750 2749/2749/2749 2748/2748/2748
f 2751/2751/2751 2750/2750/2750 2748/2748/2748
f 3216/3216/3216 2749/2749/2749 3215/3215/3215
f 2749/2749/2749 2750/2750/2750 3215/3215/3215
f 3201/3201/3201 3216/3216/3216 3200/3200/3200
f 3216/3216/3216 3215/3215/3215 3200/3200/3200
f 3254/3254/3254 2750/2750/2750 2751/2751/2751
f 3244/3244/3244 3254/3254/3254 2751/2751/2751
f 3215/3215/3215 2750/2750/2750 3214/3214/3214
f 2750/2750/2750 3254/3254/3254 3214/3214/3214
f 3203/3203/3203 3200/3200/3200 3215/3215/3215
f 3214/3214/3214 3203/3203/3203 3215/3215/3215
f 3234/3234/3234 3254/3254/3254 3244/3244/3244
f 3233/3233/3233 3234/3234/3234 3244/3244/3244
f 3214/3214/3214 3254/3254/3254 2803/2803/2803
f 3254/3254/3254 3234/3234/3234 2803/2803/2803
f 3203/3203/3203 3214/3214/3214 2804/2804/2804
f 3214/3214/3214 2803/2803/2803 2804/2804/2804
f 3234/3234/3234 3233/3233/3233 3231/3231/3231
f 3233/3233/3233 3232/3232/3232 3231/3231/3231
f 2803/2803/2803 3234/3234/3234 2802/2802/2802
f 3234/3234/3234 3231/3231/3231 2802/2802/2802
f 2804/2804/2804 2803/2803/2803 2801/2801/2801
f 2803/2803/2803 2802/2802/2802 2801/2801/2801
f 3231/3231/3231 3232/3232/3232 3230/3230/3230
f 3232/3232/3232 3250/3250/3250 3230/3230/3230
f 2802/2802/2802 3231/3231/3231 3208/3208/3208
f 3231/3231/3231 3230/3230/3230 3208/3208/3208
f 2801/2801/2801 2802/2802/2802 3193/3193/3193
f 2802/2802/2802 3208/3208/3208 3193/3193/3193
f 3230/3230/3230 3250/3250/3250 3229/3229/3229
f 3250/3250/3250 3251/3251/3251 3229/3229/3229
f 3208/3208/3208 3230/3230/3230 3210/3210/3210
f 3230/3230/3230 3229/3229/3229 3210/3210/3210
f 3193/3193/3193 3208/3208/3208 3192/3192/3192
f 3208/3208/3208 3210/3210/3210 3192/3192/3192
f 3229/3229/3229 3251/3251/3251 3289/3289/3289
f 3251/3251/3251 3295/3295/3295 3289/3289/3289
f 3210/3210/3210 3229/3229/3229 3212/3212/3212
f 3229/3229/3229 3289/3289/3289 3212/3212/3212
f 3192/3192/3192 3210/3210/3210 3186/3186/3186
f 3210/3210/3210 3212/3212/3212 3186/3186/3186
f 3289/3289/3289 3295/3295/3295 3277/3277/3277
f 3295/3295/3295 3276/3276/3276 3277/3277/3277
f 3212/3212/3212 3289/3289/3289 3189/3189/3189
f 3289/3289/3289 3277/3277/3277 3189/3189/3189
f 3187/3187/3187 3186/3186/3186 3212/3212/3212
f 3189/3189/3189 3187/3187/3187 3212/3212/3212
f 3277/3277/3277 3276/3276/3276 3274/3274/3274
f 3276/3276/3276 3275/3275/3275 3274/3274/3274
f 3189/3189/3189 3277/3277/3277 3191/3191/3191
f 3277/3277/3277 3274/3274/3274 3191/3191/3191
f 3190/3190/3190 3187/3187/3187 3189/3189/3189
f 3191/3191/3191 3190/3190/3190 3189/3189/3189
f 3274/3274/3274 3275/3275/3275 2811/2811/2811
f 3275/3275/3275 3312/3312/3312 2811/2811/2811
f 3191/3191/3191 3274/3274/3274 2812/2812/2812
f 3274/3274/3274 2811/2811/2811 2812/2812/2812
f 3207/3207/3207 3190/3190/3190 3191/3191/3191
f 2812/2812/2812 3207/3207/3207 3191/3191/3191
f 2811/2811/2811 3312/3312/3312 2810/2810/2810
f 3312/3312/3312 3269/3269/3269 2810/2810/2810
f 2812/2812/2812 2811/2811/2811 2809/2809/2809
f 2811/2811/2811 2810/2810/2810 2809/2809/2809
f 3179/3179/3179 3207/3207/3207 2812/2812/2812
f 2809/2809/2809 3179/3179/3179 2812/2812/2812
f 2810/2810/2810 3269/3269/3269 3228/3228/3228
f 3269/3269/3269 3227/3227/3227 3228/3228/3228
f 2809/2809/2809 2810/2810/2810 3181/3181/3181
f 2810/2810/2810 3228/3228/3228 3181/3181/3181
f 3180/3180/3180 3179/3179/3179 2809/2809/2809
f 3181/3181/3181 3180/3180/3180 2809/2809/2809
f 3228/3228/3228 3227/3227/3227 3225/3225/3225
f 3227/3227/3227 3226/3226/3226 3225/3225/3225
f 3181/3181/3181 3228/3228/3228 2756/2756/2756
f 3228/3228/3228 3225/3225/3225 2756/2756/2756
f 2757/2757/2757 3180/3180/3180 3181/3181/3181
f 2756/2756/2756 2757/2757/2757 3181/3181/3181
f 3225/3225/3225 3226/3226/3226 3224/3224/3224
f 3226/3226/3226 3264/3264/3264 3224/3224/3224
f 3224/3224/3224 3264/3264/3264 3242/3242/3242
f 2756/2756/2756 3225/3225/3225 2759/2759/2759
f 3225/3225/3225 3224/3224/3224 2759/2759/2759
f 3224/3224/3224 3242/3242/3242 3211/3211/3211
f 2759/2759/2759 3224/3224/3224 3211/3211/3211
f 3211/3211/3211 3242/3242/3242 3204/3204/3204
f 2759/2759/2759 2758/2758/2758 2756/2756/2756
f 2758/2758/2758 2757/2757/2757 2756/2756/2756
f 3211/3211/3211 3165/3165/3165 2759/2759/2759
f 3165/3165/3165 2758/2758/2758 2759/2759/2759
f 3204/3204/3204 2768/2768/2768 3211/3211/3211
f 2768/2768/2768 3165/3165/3165 3211/3211/3211
f 2698/2698/2698 2768/2768/2768 3204/3204/3204
f 2698/2698/2698 2762/2762/2762 2768/2768/2768
f 2768/2768/2768 2769/2769/2769 3165/3165/3165
f 2762/2762/2762 2769/2769/2769 2768/2768/2768
f 3165/3165/3165 3140/3140/3140 2758/2758/2758
f 2769/2769/2769 3140/3140/3140 3165/3165/3165
f 2758/2758/2758 3141/3141/3141 2757/2757/2757
f 3140/3140/3140 3141/3141/3141 2758/2758/2758
f 2769/2769/2769 2762/2762/2762 2763/2763/2763
f 2763/2763/2763 2762/2762/2762 2760/2760/2760
f 2763/2763/2763 2760/2760/2760 3107/3107/3107
f 3140/3140/3140 2769/2769/2769 3120/3120/3120
f 3120/3120/3120 2769/2769/2769 2763/2763/2763
f 3088/3088/3088 2763/2763/2763 3107/3107/3107
f 3120/3120/3120 2763/2763/2763 3088/3088/3088
f 3045/3045/3045 3140/3140/3140 3120/3120/3120
f 3141/3141/3141 3140/3140/3140 3045/3045/3045
f 3032/3032/3032 3120/3120/3120 3088/3088/3088
f 3045/3045/3045 3120/3120/3120 3032/3032/3032
f 3107/3107/3107 3101/3101/3101 3088/3088/3088
f 3078/3078/3078 3101/3101/3101 3107/3107/3107
f 3088/3088/3088 3087/3087/3087 3032/3032/3032
f 3101/3101/3101 3087/3087/3087 3088/3088/3088
f 3078/3078/3078 2819/2819/2819 3101/3101/3101
f 2738/2738/2738 2819/2819/2819 3078/3078/3078
f 3101/3101/3101 3065/3065/3065 3087/3087/3087
f 2819/2819/2819 3065/3065/3065 3101/3101/3101
f 3087/3087/3087 3031/3031/3031 3032/3032/3032
f 2819/2819/2819 2738/2738/2738 2739/2739/2739
f 3029/3029/3029 3045/3045/3045 3032/3032/3032
f 3032/3032/3032 3031/3031/3031 3029/3029/3029
f 3046/3046/3046 3141/3141/3141 3045/3045/3045
f 3046/3046/3046 3045/3045/3045 3029/3029/3029
f 3141/3141/3141 2765/2765/2765 2757/2757/2757
f 2765/2765/2765 3141/3141/3141 3046/3046/3046
f 2757/2757/2757 2765/2765/2765 3180/3180/3180
f 3047/3047/3047 3046/3046/3046 3029/3029/3029
f 2765/2765/2765 2766/2766/2766 3180/3180/3180
f 3180/3180/3180 2766/2766/2766 3179/3179/3179
f 2764/2764/2764 2765/2765/2765 3046/3046/3046
f 2766/2766/2766 2765/2765/2765 2764/2764/2764
f 2764/2764/2764 3046/3046/3046 3047/3047/3047
f 2766/2766/2766 3153/3153/3153 3179/3179/3179
f 3179/3179/3179 3153/3153/3153 3207/3207/3207
f 2767/2767/2767 2766/2766/2766 2764/2764/2764
f 3153/3153/3153 2766/2766/2766 2767/2767/2767
f 3111/3111/3111 2764/2764/2764 3047/3047/3047
f 2767/2767/2767 2764/2764/2764 3111/3111/3111
f 3153/3153/3153 3154/3154/3154 3207/3207/3207
f 3207/3207/3207 3154/3154/3154 3190/3190/3190
f 3112/3112/3112 3153/3153/3153 2767/2767/2767
f 3154/3154/3154 3153/3153/3153 3112/3112/3112
f 3085/3085/3085 2767/2767/2767 3111/3111/3111
f 3112/3112/3112 2767/2767/2767 3085/3085/3085
f 3154/3154/3154 3127/3127/3127 3190/3190/3190
f 3190/3190/3190 3127/3127/3127 3187/3187/3187
f 3113/3113/3113 3154/3154/3154 3112/3112/3112
f 3127/3127/3127 3154/3154/3154 3113/3113/3113
f 3083/3083/3083 3112/3112/3112 3085/3085/3085
f 3113/3113/3113 3112/3112/3112 3083/3083/3083
f 3127/3127/3127 2726/2726/2726 3187/3187/3187
f 3187/3187/3187 2726/2726/2726 3186/3186/3186
f 3126/3126/3126 3127/3127/3127 3113/3113/3113
f 2726/2726/2726 3127/3127/3127 3126/3126/3126
f 3102/3102/3102 3113/3113/3113 3083/3083/3083
f 3126/3126/3126 3113/3113/3113 3102/3102/3102
f 2726/2726/2726 2727/2727/2727 3186/3186/3186
f 3186/3186/3186 2727/2727/2727 3192/3192/3192
f 2725/2725/2725 2726/2726/2726 3126/3126/3126
f 2727/2727/2727 2726/2726/2726 2725/2725/2725
f 3100/3100/3100 3126/3126/3126 3102/3102/3102
f 2725/2725/2725 3126/3126/3126 3100/3100/3100
f 2727/2727/2727 3132/3132/3132 3192/3192/3192
f 3193/3193/3193 3192/3192/3192 3132/3132/3132
f 2728/2728/2728 2727/2727/2727 2725/2725/2725
f 3132/3132/3132 2727/2727/2727 2728/2728/2728
f 3050/3050/3050 2725/2725/2725 3100/3100/3100
f 2728/2728/2728 2725/2725/2725 3050/3050/3050
f 3148/3148/3148 3193/3193/3193 3132/3132/3132
f 2801/2801/2801 3193/3193/3193 3148/3148/3148
f 3133/3133/3133 3132/3132/3132 2728/2728/2728
f 3148/3148/3148 3132/3132/3132 3133/3133/3133
f 3049/3049/3049 2728/2728/2728 3050/3050/3050
f 3133/3133/3133 2728/2728/2728 3049/3049/3049
f 3149/3149/3149 2801/2801/2801 3148/3148/3148
f 2804/2804/2804 2801/2801/2801 3149/3149/3149
f 2861/2861/2861 3148/3148/3148 3133/3133/3133
f 3149/3149/3149 3148/3148/3148 2861/2861/2861
f 3106/3106/3106 3133/3133/3133 3049/3049/3049
f 2861/2861/2861 3133/3133/3133 3106/3106/3106
f 3150/3150/3150 2804/2804/2804 3149/3149/3149
f 3203/3203/3203 2804/2804/2804 3150/3150/3150
f 2862/2862/2862 3149/3149/3149 2861/2861/2861
f 3150/3150/3150 3149/3149/3149 2862/2862/2862
f 2860/2860/2860 2861/2861/2861 3106/3106/3106
f 2862/2862/2862 2861/2861/2861 2860/2860/2860
f 3124/3124/3124 3203/3203/3203 3150/3150/3150
f 3200/3200/3200 3203/3203/3203 3124/3124/3124
f 3128/3128/3128 3150/3150/3150 2862/2862/2862
f 3124/3124/3124 3150/3150/3150 3128/3128/3128
f 2863/2863/2863 2862/2862/2862 2860/2860/2860
f 3128/3128/3128 2862/2862/2862 2863/2863/2863
f 3121/3121/3121 3200/3200/3200 3124/3124/3124
f 3201/3201/3201 3200/3200/3200 3121/3121/3121
f 3123/3123/3123 3124/3124/3124 3128/3128/3128
f 3124/3124/3124 3123/3123/3123 3121/3121/3121
f 3026/3026/3026 3128/3128/3128 2863/2863/2863
f 3123/3123/3123 3128/3128/3128 3026/3026/3026
f 3160/3160/3160 3201/3201/3201 3121/3121/3121
f 3205/3205/3205 3201/3201/3201 3160/3160/3160
f 3123/3123/3123 3122/3122/3122 3121/3121/3121
f 3160/3160/3160 3121/3121/3121 3122/3122/3122
f 3027/3027/3027 3123/3123/3123 3026/3026/3026
f 3122/3122/3122 3123/3123/3123 3027/3027/3027
f 3143/3143/3143 3205/3205/3205 3160/3160/3160
f 3162/3162/3162 3205/3205/3205 3143/3143/3143
f 2858/2858/2858 3160/3160/3160 3122/3122/3122
f 3143/3143/3143 3160/3160/3160 2858/2858/2858
f 3028/3028/3028 3122/3122/3122 3027/3027/3027
f 2858/2858/2858 3122/3122/3122 3028/3028/3028
f 3144/3144/3144 3162/3162/3162 3143/3143/3143
f 3162/3162/3162 3144/3144/3144 2807/2807/2807
f 2859/2859/2859 3143/3143/3143 2858/2858/2858
f 3144/3144/3144 3143/3143/3143 2859/2859/2859
f 2829/2829/2829 2858/2858/2858 3028/3028/3028
f 2859/2859/2859 2858/2858/2858 2829/2829/2829
f 3144/3144/3144 3155/3155/3155 2807/2807/2807
f 2807/2807/2807 3155/3155/3155 2806/2806/2806
f 3119/3119/3119 3144/3144/3144 2859/2859/2859
f 3155/3155/3155 3144/3144/3144 3119/3119/3119
f 2830/2830/2830 2859/2859/2859 2829/2829/2829
f 3119/3119/3119 2859/2859/2859 2830/2830/2830
f 3155/3155/3155 3156/3156/3156 2806/2806/2806
f 2806/2806/2806 3156/3156/3156 3166/3166/3166
f 2841/2841/2841 3155/3155/3155 3119/3119/3119
f 3156/3156/3156 3155/3155/3155 2841/2841/2841
f 3099/3099/3099 3119/3119/3119 2830/2830/2830
f 2841/2841/2841 3119/3119/3119 3099/3099/3099
f 3156/3156/3156 3159/3159/3159 3166/3166/3166
f 3166/3166/3166 3159/3159/3159 3184/3184/3184
f 2842/2842/2842 3156/3156/3156 2841/2841/2841
f 3159/3159/3159 3156/3156/3156 2842/2842/2842
f 2840/2840/2840 2841/2841/2841 3099/3099/3099
f 2842/2842/2842 2841/2841/2841 2840/2840/2840
f 3159/3159/3159 3138/3138/3138 3184/3184/3184
f 3184/3184/3184 3138/3138/3138 3174/3174/3174
f 3114/3114/3114 3159/3159/3159 2842/2842/2842
f 3138/3138/3138 3159/3159/3159 3114/3114/3114
f 2843/2843/2843 2842/2842/2842 2840/2840/2840
f 2842/2842/2842 2843/2843/2843 3114/3114/3114
f 3138/3138/3138 3139/3139/3139 3174/3174/3174
f 3174/3174/3174 3139/3139/3139 3164/3164/3164
f 3137/3137/3137 3138/3138/3138 3114/3114/3114
f 3139/3139/3139 3138/3138/3138 3137/3137/3137
f 2843/2843/2843 3090/3090/3090 3114/3114/3114
f 3137/3137/3137 3114/3114/3114 3090/3090/3090
f 3139/3139/3139 3142/3142/3142 3164/3164/3164
f 3164/3164/3164 3142/3142/3142 3163/3163/3163
f 3034/3034/3034 3139/3139/3139 3137/3137/3137
f 3142/3142/3142 3139/3139/3139 3034/3034/3034
f 3109/3109/3109 3137/3137/3137 3090/3090/3090
f 3034/3034/3034 3137/3137/3137 3109/3109/3109
f 3142/3142/3142 3158/3158/3158 3163/3163/3163
f 3163/3163/3163 3158/3158/3158 3178/3178/3178
f 3158/3158/3158 3157/3157/3157 3178/3178/3178
f 3035/3035/3035 3142/3142/3142 3034/3034/3034
f 3158/3158/3158 3142/3142/3142 3035/3035/3035
f 3157/3157/3157 3158/3158/3158 3125/3125/3125
f 3125/3125/3125 3158/3158/3158 3035/3035/3035
f 3115/3115/3115 3157/3157/3157 3125/3125/3125
f 3035/3035/3035 3034/3034/3034 3033/3033/3033
f 3033/3033/3033 3034/3034/3034 3109/3109/3109
f 3125/3125/3125 3035/3035/3035 3036/3036/3036
f 3036/3036/3036 3035/3035/3035 3033/3033/3033
f 3115/3115/3115 3125/3125/3125 3097/3097/3097
f 3097/3097/3097 3125/3125/3125 3036/3036/3036
f 3096/3096/3096 3115/3115/3115 3097/3097/3097
f 3033/3033/3033 3093/3093/3093 3036/3036/3036
f 3097/3097/3097 3098/3098/3098 3096/3096/3096
f 3098/3098/3098 3095/3095/3095 3096/3096/3096
f 3036/3036/3036 3092/3092/3092 3097/3097/3097
f 3092/3092/3092 3098/3098/3098 3097/3097/3097
f 3093/3093/3093 3092/3092/3092 3036/3036/3036
f 3098/3098/3098 3003/3003/3003 3095/3095/3095
f 3003/3003/3003 3004/3004/3004 3095/3095/3095
f 3092/3092/3092 3072/3072/3072 3098/3098/3098
f 3072/3072/3072 3003/3003/3003 3098/3098/3098
f 3093/3093/3093 3071/3071/3071 3092/3092/3092
f 3071/3071/3071 3072/3072/3072 3092/3092/3092
f 3004/3004/3004 3003/3003/3003 3002/3002/3002
f 3005/3005/3005 3004/3004/3004 3002/3002/3002
f 3003/3003/3003 3072/3072/3072 2998/2998/2998
f 3002/3002/3002 3003/3003/3003 2998/2998/2998
f 3072/3072/3072 3071/3071/3071 2997/2997/2997
f 2998/2998/2998 3072/3072/3072 2997/2997/2997
f 3005/3005/3005 3002/3002/3002 3056/3056/3056
f 3057/3057/3057 3005/3005/3005 3056/3056/3056
f 3002/3002/3002 2998/2998/2998 2999/2999/2999
f 3056/3056/3056 3002/3002/3002 2999/2999/2999
f 2998/2998/2998 2997/2997/2997 2996/2996/2996
f 2999/2999/2999 2998/2998/2998 2996/2996/2996
f 3057/3057/3057 3056/3056/3056 2929/2929/2929
f 2917/2917/2917 3057/3057/3057 2929/2929/2929
f 3056/3056/3056 2999/2999/2999 2983/2983/2983
f 2929/2929/2929 3056/3056/3056 2983/2983/2983
f 2999/2999/2999 2996/2996/2996 2953/2953/2953
f 2983/2983/2983 2999/2999/2999 2953/2953/2953
f 2996/2996/2996 2997/2997/2997 2986/2986/2986
f 2953/2953/2953 2996/2996/2996 2954/2954/2954
f 2996/2996/2996 2986/2986/2986 2954/2954/2954
f 2997/2997/2997 3071/3071/3071 2747/2747/2747
f 2997/2997/2997 2747/2747/2747 2986/2986/2986
f 3071/3071/3071 3093/3093/3093 2746/2746/2746
f 3071/3071/3071 2746/2746/2746 2747/2747/2747
f 3093/3093/3093 3033/3033/3033 3103/3103/3103
f 3093/3093/3093 3103/3103/3103 2746/2746/2746
f 3033/3033/3033 3109/3109/3109 3103/3103/3103
f 2747/2747/2747 2746/2746/2746 2692/2692/2692
f 3103/3103/3103 3109/3109/3109 3091/3091/3091
f 3109/3109/3109 3090/3090/3090 3091/3091/3091
f 2746/2746/2746 3103/3103/3103 2691/2691/2691
f 3103/3103/3103 3091/3091/3091 2691/2691/2691
f 2746/2746/2746 2691/2691/2691 2692/2692/2692
f 3091/3091/3091 3090/3090/3090 3086/3086/3086
f 3090/3090/3090 2843/2843/2843 3086/3086/3086
f 2691/2691/2691 3091/3091/3091 2690/2690/2690
f 3091/3091/3091 3086/3086/3086 2690/2690/2690
f 2692/2692/2692 2691/2691/2691 2689/2689/2689
f 2691/2691/2691 2690/2690/2690 2689/2689/2689
f 3086/3086/3086 2843/2843/2843 3077/3077/3077
f 2843/2843/2843 2840/2840/2840 3077/3077/3077
f 2690/2690/2690 3086/3086/3086 2703/2703/2703
f 3086/3086/3086 3077/3077/3077 2703/2703/2703
f 2689/2689/2689 2690/2690/2690 2704/2704/2704
f 2690/2690/2690 2703/2703/2703 2704/2704/2704
f 3077/3077/3077 2840/2840/2840 3076/3076/3076
f 2840/2840/2840 3099/3099/3099 3076/3076/3076
f 2703/2703/2703 3077/3077/3077 2702/2702/2702
f 3077/3077/3077 3076/3076/3076 2702/2702/2702
f 2704/2704/2704 2703/2703/2703 2701/2701/2701
f 2703/2703/2703 2702/2702/2702 2701/2701/2701
f 3076/3076/3076 3099/3099/3099 2831/2831/2831
f 3099/3099/3099 2830/2830/2830 2831/2831/2831
f 2702/2702/2702 3076/3076/3076 3075/3075/3075
f 3076/3076/3076 2831/2831/2831 3075/3075/3075
f 2701/2701/2701 2702/2702/2702 3074/3074/3074
f 2702/2702/2702 3075/3075/3075 3074/3074/3074
f 2831/2831/2831 2830/2830/2830 2828/2828/2828
f 2830/2830/2830 2829/2829/2829 2828/2828/2828
f 3075/3075/3075 2831/2831/2831 3058/3058/3058
f 2831/2831/2831 2828/2828/2828 3058/3058/3058
f 3053/3053/3053 3074/3074/3074 3075/3075/3075
f 3058/3058/3058 3053/3053/3053 3075/3075/3075
f 2828/2828/2828 2829/2829/2829 3020/3020/3020
f 2829/2829/2829 3028/3028/3028 3020/3020/3020
f 3058/3058/3058 2828/2828/2828 3021/3021/3021
f 2828/2828/2828 3020/3020/3020 3021/3021/3021
f 3053/3053/3053 3058/3058/3058 3052/3052/3052
f 3058/3058/3058 3021/3021/3021 3052/3052/3052
f 3020/3020/3020 3028/3028/3028 3019/3019/3019
f 3028/3028/3028 3027/3027/3027 3019/3019/3019
f 3021/3021/3021 3020/3020/3020 3018/3018/3018
f 3020/3020/3020 3019/3019/3019 3018/3018/3018
f 3052/3052/3052 3021/3021/3021 3067/3067/3067
f 3021/3021/3021 3018/3018/3018 3067/3067/3067
f 3019/3019/3019 3027/3027/3027 3025/3025/3025
f 3027/3027/3027 3026/3026/3026 3025/3025/3025
f 3018/3018/3018 3019/3019/3019 3069/3069/3069
f 3019/3019/3019 3025/3025/3025 3069/3069/3069
f 3067/3067/3067 3018/3018/3018 3068/3068/3068
f 3018/3018/3018 3069/3069/3069 3068/3068/3068
f 2709/2709/2709 3025/3025/3025 3026/3026/3026
f 2863/2863/2863 2709/2709/2709 3026/3026/3026
f 2710/2710/2710 3069/3069/3069 3025/3025/3025
f 2709/2709/2709 2710/2710/2710 3025/3025/3025
f 3068/3068/3068 3069/3069/3069 2741/2741/2741
f 3069/3069/3069 2710/2710/2710 2741/2741/2741
f 2712/2712/2712 2709/2709/2709 2863/2863/2863
f 2860/2860/2860 2712/2712/2712 2863/2863/2863
f 2711/2711/2711 2710/2710/2710 2709/2709/2709
f 2712/2712/2712 2711/2711/2711 2709/2709/2709
f 2741/2741/2741 2710/2710/2710 2740/2740/2740
f 2710/2710/2710 2711/2711/2711 2740/2740/2740
f 3105/3105/3105 2712/2712/2712 2860/2860/2860
f 3106/3106/3106 3105/3105/3105 2860/2860/2860
f 3063/3063/3063 2711/2711/2711 2712/2712/2712
f 3105/3105/3105 3063/3063/3063 2712/2712/2712
f 2740/2740/2740 2711/2711/2711 2783/2783/2783
f 2711/2711/2711 3063/3063/3063 2783/2783/2783
f 3048/3048/3048 3105/3105/3105 3106/3106/3106
f 3049/3049/3049 3048/3048/3048 3106/3106/3106
f 2816/2816/2816 3063/3063/3063 3105/3105/3105
f 3048/3048/3048 2816/2816/2816 3105/3105/3105
f 2783/2783/2783 3063/3063/3063 2782/2782/2782
f 3063/3063/3063 2816/2816/2816 2782/2782/2782
f 3022/3022/3022 3048/3048/3048 3049/3049/3049
f 3050/3050/3050 3022/3022/3022 3049/3049/3049
f 2815/2815/2815 2816/2816/2816 3048/3048/3048
f 3022/3022/3022 2815/2815/2815 3048/3048/3048
f 2782/2782/2782 2816/2816/2816 2814/2814/2814
f 2816/2816/2816 2815/2815/2815 2814/2814/2814
f 3011/3011/3011 3022/3022/3022 3050/3050/3050
f 3100/3100/3100 3011/3011/3011 3050/3050/3050
f 3012/3012/3012 2815/2815/2815 3022/3022/3022
f 3011/3011/3011 3012/3012/3012 3022/3022/3022
f 2814/2814/2814 2815/2815/2815 2787/2787/2787
f 2815/2815/2815 3012/3012/3012 2787/2787/2787
f 3014/3014/3014 3011/3011/3011 3100/3100/3100
f 3102/3102/3102 3014/3014/3014 3100/3100/3100
f 3013/3013/3013 3012/3012/3012 3011/3011/3011
f 3014/3014/3014 3013/3013/3013 3011/3011/3011
f 2787/2787/2787 3012/3012/3012 2786/2786/2786
f 3012/3012/3012 3013/3013/3013 2786/2786/2786
f 3084/3084/3084 3014/3014/3014 3102/3102/3102
f 3083/3083/3083 3084/3084/3084 3102/3102/3102
f 3059/3059/3059 3013/3013/3013 3014/3014/3014
f 3084/3084/3084 3059/3059/3059 3014/3014/3014
f 2786/2786/2786 3013/3013/3013 2993/2993/2993
f 3013/3013/3013 3059/3059/3059 2993/2993/2993
f 3015/3015/3015 3084/3084/3084 3083/3083/3083
f 3085/3085/3085 3015/3015/3015 3083/3083/3083
f 3016/3016/3016 3059/3059/3059 3084/3084/3084
f 3015/3015/3015 3016/3016/3016 3084/3084/3084
f 2993/2993/2993 3059/3059/3059 2847/2847/2847
f 3059/3059/3059 3016/3016/3016 2847/2847/2847
f 3017/3017/3017 3015/3015/3015 3085/3085/3085
f 3111/3111/3111 3017/3017/3017 3085/3085/3085
f 3010/3010/3010 3016/3016/3016 3015/3015/3015
f 3017/3017/3017 3010/3010/3010 3015/3015/3015
f 2847/2847/2847 3016/3016/3016 2791/2791/2791
f 3016/3016/3016 3010/3010/3010 2791/2791/2791
f 3089/3089/3089 3017/3017/3017 3111/3111/3111
f 3047/3047/3047 3089/3089/3089 3111/3111/3111
f 3009/3009/3009 3010/3010/3010 3017/3017/3017
f 3089/3089/3089 3009/3009/3009 3017/3017/3017
f 2791/2791/2791 3010/3010/3010 2790/2790/2790
f 3010/3010/3010 3009/3009/3009 2790/2790/2790
f 3030/3030/3030 3089/3089/3089 3047/3047/3047
f 3029/3029/3029 3030/3030/3030 3047/3047/3047
f 3031/3031/3031 3030/3030/3030 3029/3029/3029
f 2744/2744/2744 3009/3009/3009 3089/3089/3089
f 3030/3030/3030 2744/2744/2744 3089/3089/3089
f 2790/2790/2790 3009/3009/3009 2745/2745/2745
f 3009/3009/3009 2744/2744/2744 2745/2745/2745
f 3031/3031/3031 2743/2743/2743 3030/3030/3030
f 2743/2743/2743 2744/2744/2744 3030/3030/3030
f 3066/3066/3066 2743/2743/2743 3031/3031/3031
f 3087/3087/3087 3066/3066/3066 3031/3031/3031
f 3065/3065/3065 3066/3066/3066 3087/3087/3087
f 2744/2744/2744 2743/2743/2743 2742/2742/2742
f 2745/2745/2745 2744/2744/2744 2742/2742/2742
f 2743/2743/2743 3066/3066/3066 2845/2845/2845
f 2742/2742/2742 2743/2743/2743 2845/2845/2845
f 3066/3066/3066 3065/3065/3065 2772/2772/2772
f 2845/2845/2845 3066/3066/3066 2772/2772/2772
f 2772/2772/2772 3065/3065/3065 2771/2771/2771
f 3065/3065/3065 2819/2819/2819 2771/2771/2771
f 2771/2771/2771 2819/2819/2819 2739/2739/2739
f 2845/2845/2845 2772/2772/2772 2773/2773/2773
f 2772/2772/2772 2771/2771/2771 2770/2770/2770
f 2773/2773/2773 2772/2772/2772 2770/2770/2770
f 2742/2742/2742 2845/2845/2845 2846/2846/2846
f 2846/2846/2846 2845/2845/2845 2773/2773/2773
f 2745/2745/2745 2742/2742/2742 2987/2987/2987
f 2987/2987/2987 2742/2742/2742 2846/2846/2846
f 2770/2770/2770 2771/2771/2771 2857/2857/2857
f 2771/2771/2771 2739/2739/2739 2857/2857/2857
f 2988/2988/2988 2745/2745/2745 2987/2987/2987
f 2790/2790/2790 2745/2745/2745 2988/2988/2988
f 2987/2987/2987 2846/2846/2846 2903/2903/2903
f 2789/2789/2789 2790/2790/2790 2988/2988/2988
f 2791/2791/2791 2790/2790/2790 2789/2789/2789
f 2988/2988/2988 2987/2987/2987 2900/2900/2900
f 2900/2900/2900 2987/2987/2987 2903/2903/2903
f 2789/2789/2789 2988/2988/2988 2979/2979/2979
f 2979/2979/2979 2988/2988/2988 2900/2900/2900
f 2792/2792/2792 2791/2791/2791 2789/2789/2789
f 2847/2847/2847 2791/2791/2791 2792/2792/2792
f 2977/2977/2977 2789/2789/2789 2979/2979/2979
f 2792/2792/2792 2789/2789/2789 2977/2977/2977
f 2848/2848/2848 2847/2847/2847 2792/2792/2792
f 2993/2993/2993 2847/2847/2847 2848/2848/2848
f 2924/2924/2924 2792/2792/2792 2977/2977/2977
f 2848/2848/2848 2792/2792/2792 2924/2924/2924
f 2994/2994/2994 2993/2993/2993 2848/2848/2848
f 2786/2786/2786 2993/2993/2993 2994/2994/2994
f 2921/2921/2921 2848/2848/2848 2924/2924/2924
f 2994/2994/2994 2848/2848/2848 2921/2921/2921
f 2785/2785/2785 2786/2786/2786 2994/2994/2994
f 2787/2787/2787 2786/2786/2786 2785/2785/2785
f 2961/2961/2961 2994/2994/2994 2921/2921/2921
f 2785/2785/2785 2994/2994/2994 2961/2961/2961
f 2788/2788/2788 2787/2787/2787 2785/2785/2785
f 2814/2814/2814 2787/2787/2787 2788/2788/2788
f 2947/2947/2947 2785/2785/2785 2961/2961/2961
f 2788/2788/2788 2785/2785/2785 2947/2947/2947
f 2844/2844/2844 2814/2814/2814 2788/2788/2788
f 2782/2782/2782 2814/2814/2814 2844/2844/2844
f 2946/2946/2946 2788/2788/2788 2947/2947/2947
f 2844/2844/2844 2788/2788/2788 2946/2946/2946
f 2781/2781/2781 2782/2782/2782 2844/2844/2844
f 2783/2783/2783 2782/2782/2782 2781/2781/2781
f 2980/2980/2980 2844/2844/2844 2946/2946/2946
f 2781/2781/2781 2844/2844/2844 2980/2980/2980
f 2784/2784/2784 2783/2783/2783 2781/2781/2781
f 2740/2740/2740 2783/2783/2783 2784/2784/2784
f 2982/2982/2982 2781/2781/2781 2980/2980/2980
f 2784/2784/2784 2781/2781/2781 2982/2982/2982
f 2992/2992/2992 2740/2740/2740 2784/2784/2784
f 2741/2741/2741 2740/2740/2740 2992/2992/2992
f 2967/2967/2967 2784/2784/2784 2982/2982/2982
f 2992/2992/2992 2784/2784/2784 2967/2967/2967
f 2995/2995/2995 2741/2741/2741 2992/2992/2992
f 3068/3068/3068 2741/2741/2741 2995/2995/2995
f 2966/2966/2966 2992/2992/2992 2967/2967/2967
f 2995/2995/2995 2992/2992/2992 2966/2966/2966
f 3060/3060/3060 3068/3068/3068 2995/2995/2995
f 3067/3067/3067 3068/3068/3068 3060/3060/3060
f 2981/2981/2981 2995/2995/2995 2966/2966/2966
f 3060/3060/3060 2995/2995/2995 2981/2981/2981
f 2991/2991/2991 3067/3067/3067 3060/3060/3060
f 3052/3052/3052 3067/3067/3067 2991/2991/2991
f 2939/2939/2939 3060/3060/3060 2981/2981/2981
f 2991/2991/2991 3060/3060/3060 2939/2939/2939
f 2989/2989/2989 3052/3052/3052 2991/2991/2991
f 3053/3053/3053 3052/3052/3052 2989/2989/2989
f 2938/2938/2938 2991/2991/2991 2939/2939/2939
f 2989/2989/2989 2991/2991/2991 2938/2938/2938
f 2990/2990/2990 3053/3053/3053 2989/2989/2989
f 3053/3053/3053 2990/2990/2990 3074/3074/3074
f 2943/2943/2943 2989/2989/2989 2938/2938/2938
f 2990/2990/2990 2989/2989/2989 2943/2943/2943
f 2990/2990/2990 3055/3055/3055 3074/3074/3074
f 2701/2701/2701 3074/3074/3074 3055/3055/3055
f 2887/2887/2887 2990/2990/2990 2943/2943/2943
f 3055/3055/3055 2990/2990/2990 2887/2887/2887
f 3061/3061/3061 2701/2701/2701 3055/3055/3055
f 2704/2704/2704 2701/2701/2701 3061/3061/3061
f 2888/2888/2888 3055/3055/3055 2887/2887/2887
f 3061/3061/3061 3055/3055/3055 2888/2888/2888
f 3062/3062/3062 2704/2704/2704 3061/3061/3061
f 2689/2689/2689 2704/2704/2704 3062/3062/3062
f 2889/2889/2889 3061/3061/3061 2888/2888/2888
f 3062/3062/3062 3061/3061/3061 2889/2889/2889
f 3064/3064/3064 2689/2689/2689 3062/3062/3062
f 2692/2692/2692 2689/2689/2689 3064/3064/3064
f 2890/2890/2890 3062/3062/3062 2889/2889/2889
f 3064/3064/3064 3062/3062/3062 2890/2890/2890
f 2985/2985/2985 2692/2692/2692 3064/3064/3064
f 2747/2747/2747 2692/2692/2692 2985/2985/2985
f 2986/2986/2986 2747/2747/2747 2985/2985/2985
f 2984/2984/2984 3064/3064/3064 2890/2890/2890
f 2985/2985/2985 3064/3064/3064 2984/2984/2984
f 2986/2986/2986 2985/2985/2985 2970/2970/2970
f 2970/2970/2970 2985/2985/2985 2984/2984/2984
f 2954/2954/2954 2986/2986/2986 2970/2970/2970
f 2984/2984/2984 2890/2890/2890 2891/2891/2891
f 2970/2970/2970 2984/2984/2984 2893/2893/2893
f 2893/2893/2893 2984/2984/2984 2891/2891/2891
f 2970/2970/2970 2912/2912/2912 2954/2954/2954
f 2912/2912/2912 2970/2970/2970 2893/2893/2893
f 2891/2891/2891 2890/2890/2890 2873/2873/2873
f 2890/2890/2890 2889/2889/2889 2873/2873/2873
f 2893/2893/2893 2891/2891/2891 2892/2892/2892
f 2873/2873/2873 2889/2889/2889 2871/2871/2871
f 2889/2889/2889 2888/2888/2888 2871/2871/2871
f 2891/2891/2891 2873/2873/2873 2874/2874/2874
f 2892/2892/2892 2891/2891/2891 2874/2874/2874
f 2873/2873/2873 2871/2871/2871 2872/2872/2872
f 2874/2874/2874 2873/2873/2873 2872/2872/2872
f 2871/2871/2871 2888/2888/2888 2870/2870/2870
f 2888/2888/2888 2887/2887/2887 2870/2870/2870
f 2872/2872/2872 2871/2871/2871 2868/2868/2868
f 2871/2871/2871 2870/2870/2870 2868/2868/2868
f 2894/2894/2894 2893/2893/2893 2892/2892/2892
f 2893/2893/2893 2894/2894/2894 2912/2912/2912
f 2870/2870/2870 2887/2887/2887 2942/2942/2942
f 2887/2887/2887 2943/2943/2943 2942/2942/2942
f 2868/2868/2868 2870/2870/2870 2867/2867/2867
f 2870/2870/2870 2942/2942/2942 2867/2867/2867
f 2942/2942/2942 2943/2943/2943 2875/2875/2875
f 2943/2943/2943 2938/2938/2938 2875/2875/2875
f 2876/2876/2876 2867/2867/2867 2942/2942/2942
f 2875/2875/2875 2876/2876/2876 2942/2942/2942
f 2878/2878/2878 2875/2875/2875 2938/2938/2938
f 2939/2939/2939 2878/2878/2878 2938/2938/2938
f 2877/2877/2877 2876/2876/2876 2875/2875/2875
f 2878/2878/2878 2877/2877/2877 2875/2875/2875
f 2968/2968/2968 2878/2878/2878 2939/2939/2939
f 2981/2981/2981 2968/2968/2968 2939/2939/2939
f 2895/2895/2895 2877/2877/2877 2878/2878/2878
f 2968/2968/2968 2895/2895/2895 2878/2878/2878
f 2898/2898/2898 2968/2968/2968 2981/2981/2981
f 2966/2966/2966 2898/2898/2898 2981/2981/2981
f 2899/2899/2899 2895/2895/2895 2968/2968/2968
f 2898/2898/2898 2899/2899/2899 2968/2968/2968
f 2883/2883/2883 2898/2898/2898 2966/2966/2966
f 2967/2967/2967 2883/2883/2883 2966/2966/2966
f 2884/2884/2884 2899/2899/2899 2898/2898/2898
f 2883/2883/2883 2884/2884/2884 2898/2898/2898
f 2886/2886/2886 2883/2883/2883 2967/2967/2967
f 2982/2982/2982 2886/2886/2886 2967/2967/2967
f 2885/2885/2885 2884/2884/2884 2883/2883/2883
f 2886/2886/2886 2885/2885/2885 2883/2883/2883
f 2944/2944/2944 2886/2886/2886 2982/2982/2982
f 2980/2980/2980 2944/2944/2944 2982/2982/2982
f 2920/2920/2920 2885/2885/2885 2886/2886/2886
f 2944/2944/2944 2920/2920/2920 2886/2886/2886
f 2918/2918/2918 2944/2944/2944 2980/2980/2980
f 2946/2946/2946 2918/2918/2918 2980/2980/2980
f 2919/2919/2919 2920/2920/2920 2944/2944/2944
f 2918/2918/2918 2919/2919/2919 2944/2944/2944
f 2904/2904/2904 2918/2918/2918 2946/2946/2946
f 2947/2947/2947 2904/2904/2904 2946/2946/2946
f 2905/2905/2905 2919/2919/2919 2918/2918/2918
f 2904/2904/2904 2905/2905/2905 2918/2918/2918
f 2907/2907/2907 2904/2904/2904 2947/2947/2947
f 2961/2961/2961 2907/2907/2907 2947/2947/2947
f 2906/2906/2906 2905/2905/2905 2904/2904/2904
f 2907/2907/2907 2906/2906/2906 2904/2904/2904
f 2922/2922/2922 2907/2907/2907 2961/2961/2961
f 2921/2921/2921 2922/2922/2922 2961/2961/2961
f 2941/2941/2941 2906/2906/2906 2907/2907/2907
f 2922/2922/2922 2941/2941/2941 2907/2907/2907
f 2923/2923/2923 2922/2922/2922 2921/2921/2921
f 2924/2924/2924 2923/2923/2923 2921/2921/2921
f 2945/2945/2945 2941/2941/2941 2922/2922/2922
f 2923/2923/2923 2945/2945/2945 2922/2922/2922
f 2976/2976/2976 2923/2923/2923 2924/2924/2924
f 2977/2977/2977 2976/2976/2976 2924/2924/2924
f 2952/2952/2952 2945/2945/2945 2923/2923/2923
f 2976/2976/2976 2952/2952/2952 2923/2923/2923
f 2925/2925/2925 2976/2976/2976 2977/2977/2977
f 2979/2979/2979 2925/2925/2925 2977/2977/2977
f 2926/2926/2926 2952/2952/2952 2976/2976/2976
f 2925/2925/2925 2926/2926/2926 2976/2976/2976
f 2901/2901/2901 2925/2925/2925 2979/2979/2979
f 2900/2900/2900 2901/2901/2901 2979/2979/2979
f 2927/2927/2927 2926/2926/2926 2925/2925/2925
f 2901/2901/2901 2927/2927/2927 2925/2925/2925
f 2902/2902/2902 2901/2901/2901 2900/2900/2900
f 2903/2903/2903 2902/2902/2902 2900/2900/2900
f 2960/2960/2960 2927/2927/2927 2901/2901/2901
f 2902/2902/2902 2960/2960/2960 2901/2901/2901
f 2869/2869/2869 2926/2926/2926 2927/2927/2927
f 2869/2869/2869 2952/2952/2952 2926/2926/2926
f 2869/2869/2869 2927/2927/2927 2960/2960/2960
f 2869/2869/2869 2945/2945/2945 2952/2952/2952
f 2869/2869/2869 2941/2941/2941 2945/2945/2945
f 2869/2869/2869 2906/2906/2906 2941/2941/2941
f 2869/2869/2869 2905/2905/2905 2906/2906/2906
f 2869/2869/2869 2919/2919/2919 2905/2905/2905
f 2869/2869/2869 2920/2920/2920 2919/2919/2919
f 2869/2869/2869 2885/2885/2885 2920/2920/2920
f 2869/2869/2869 2884/2884/2884 2885/2885/2885
f 2869/2869/2869 2899/2899/2899 2884/2884/2884
f 2869/2869/2869 2895/2895/2895 2899/2899/2899
f 2869/2869/2869 2877/2877/2877 2895/2895/2895
f 2869/2869/2869 2876/2876/2876 2877/2877/2877
f 2869/2869/2869 2867/2867/2867 2876/2876/2876
f 2869/2869/2869 2868/2868/2868 2867/2867/2867
f 2869/2869/2869 2872/2872/2872 2868/2868/2868
f 2869/2869/2869 2874/2874/2874 2872/2872/2872
f 2869/2869/2869 2892/2892/2892 2874/2874/2874
f 2869/2869/2869 2894/2894/2894 2892/2892/2892
f 2965/2965/2965 2960/2960/2960 2902/2902/2902
f 2869/2869/2869 2960/2960/2960 2965/2965/2965
f 2974/2974/2974 2965/2965/2965 2902/2902/2902
f 2974/2974/2974 2902/2902/2902 2903/2903/2903
f 2969/2969/2969 2965/2965/2965 2974/2974/2974
f 2869/2869/2869 2965/2965/2965 2969/2969/2969
f 2973/2973/2973 2974/2974/2974 2903/2903/2903
f 2903/2903/2903 2846/2846/2846 2973/2973/2973
f 2846/2846/2846 2773/2773/2773 2973/2973/2973
f 2909/2909/2909 2969/2969/2969 2974/2974/2974
f 2909/2909/2909 2974/2974/2974 2973/2973/2973
f 2973/2973/2973 2773/2773/2773 2908/2908/2908
f 2908/2908/2908 2909/2909/2909 2973/2973/2973
f 2773/2773/2773 2770/2770/2770 2908/2908/2908
f 2972/2972/2972 2969/2969/2969 2909/2909/2909
f 2869/2869/2869 2969/2969/2969 2972/2972/2972
f 2910/2910/2910 2909/2909/2909 2908/2908/2908
f 2910/2910/2910 2972/2972/2972 2909/2909/2909
f 2908/2908/2908 2770/2770/2770 2911/2911/2911
f 2911/2911/2911 2910/2910/2910 2908/2908/2908
f 2770/2770/2770 2857/2857/2857 2911/2911/2911
f 2975/2975/2975 2972/2972/2972 2910/2910/2910
f 2869/2869/2869 2972/2972/2972 2975/2975/2975
f 2935/2935/2935 2910/2910/2910 2911/2911/2911
f 2935/2935/2935 2975/2975/2975 2910/2910/2910
f 2911/2911/2911 2857/2857/2857 2934/2934/2934
f 2934/2934/2934 2935/2935/2935 2911/2911/2911
f 2959/2959/2959 2975/2975/2975 2935/2935/2935
f 2869/2869/2869 2975/2975/2975 2959/2959/2959
f 2936/2936/2936 2935/2935/2935 2934/2934/2934
f 2936/2936/2936 2959/2959/2959 2935/2935/2935
f 2857/2857/2857 2851/2851/2851 2934/2934/2934
f 2857/2857/2857 2739/2739/2739 2851/2851/2851
f 2958/2958/2958 2959/2959/2959 2936/2936/2936
f 2869/2869/2869 2959/2959/2959 2958/2958/2958
f 2937/2937/2937 2936/2936/2936 2934/2934/2934
f 2934/2934/2934 2851/2851/2851 2937/2937/2937
f 2897/2897/2897 2958/2958/2958 2936/2936/2936
f 2897/2897/2897 2936/2936/2936 2937/2937/2937
f 2739/2739/2739 2737/2737/2737 2851/2851/2851
f 2739/2739/2739 2738/2738/2738 2737/2737/2737
f 2738/2738/2738 2706/2706/2706 2737/2737/2737
f 2737/2737/2737 2706/2706/2706 2850/2850/2850
f 2851/2851/2851 2737/2737/2737 2849/2849/2849
f 2737/2737/2737 2850/2850/2850 2849/2849/2849
f 2851/2851/2851 2849/2849/2849 2937/2937/2937
f 2849/2849/2849 2850/2850/2850 3000/3000/3000
f 2850/2850/2850 3001/3001/3001 3000/3000/3000
f 3000/3000/3000 3001/3001/3001 3054/3054/3054
f 2937/2937/2937 2849/2849/2849 2896/2896/2896
f 2849/2849/2849 3000/3000/3000 2896/2896/2896
f 2896/2896/2896 2897/2897/2897 2937/2937/2937
f 3000/3000/3000 3054/3054/3054 2879/2879/2879
f 2896/2896/2896 3000/3000/3000 2879/2879/2879
f 2879/2879/2879 3054/3054/3054 2882/2882/2882
f 2880/2880/2880 2897/2897/2897 2896/2896/2896
f 2879/2879/2879 2880/2880/2880 2896/2896/2896
f 2955/2955/2955 2958/2958/2958 2897/2897/2897
f 2880/2880/2880 2955/2955/2955 2897/2897/2897
f 2869/2869/2869 2958/2958/2958 2955/2955/2955
f 2881/2881/2881 2880/2880/2880 2879/2879/2879
f 2882/2882/2882 2881/2881/2881 2879/2879/2879
f 2956/2956/2956 2955/2955/2955 2880/2880/2880
f 2881/2881/2881 2956/2956/2956 2880/2880/2880
f 2869/2869/2869 2955/2955/2955 2956/2956/2956
f 2930/2930/2930 2881/2881/2881 2882/2882/2882
f 2957/2957/2957 2930/2930/2930 2882/2882/2882
f 2931/2931/2931 2956/2956/2956 2881/2881/2881
f 2930/2930/2930 2931/2931/2931 2881/2881/2881
f 2869/2869/2869 2956/2956/2956 2931/2931/2931
f 2933/2933/2933 2930/2930/2930 2957/2957/2957
f 2978/2978/2978 2933/2933/2933 2957/2957/2957
f 2932/2932/2932 2931/2931/2931 2930/2930/2930
f 2933/2933/2933 2932/2932/2932 2930/2930/2930
f 2869/2869/2869 2931/2931/2931 2932/2932/2932
f 2915/2915/2915 2933/2933/2933 2978/2978/2978
f 2914/2914/2914 2915/2915/2915 2978/2978/2978
f 2940/2940/2940 2932/2932/2932 2933/2933/2933
f 2915/2915/2915 2940/2940/2940 2933/2933/2933
f 2869/2869/2869 2932/2932/2932 2940/2940/2940
f 2916/2916/2916 2915/2915/2915 2914/2914/2914
f 2917/2917/2917 2916/2916/2916 2914/2914/2914
f 2971/2971/2971 2940/2940/2940 2915/2915/2915
f 2916/2916/2916 2971/2971/2971 2915/2915/2915
f 2869/2869/2869 2940/2940/2940 2971/2971/2971
f 2928/2928/2928 2916/2916/2916 2917/2917/2917
f 2929/2929/2929 2928/2928/2928 2917/2917/2917
f 2962/2962/2962 2971/2971/2971 2916/2916/2916
f 2928/2928/2928 2962/2962/2962 2916/2916/2916
f 2869/2869/2869 2971/2971/2971 2962/2962/2962
f 2964/2964/2964 2928/2928/2928 2929/2929/2929
f 2983/2983/2983 2964/2964/2964 2929/2929/2929
f 2963/2963/2963 2962/2962/2962 2928/2928/2928
f 2964/2964/2964 2963/2963/2963 2928/2928/2928
f 2869/2869/2869 2962/2962/2962 2963/2963/2963
f 2948/2948/2948 2964/2964/2964 2983/2983/2983
f 2953/2953/2953 2948/2948/2948 2983/2983/2983
f 2949/2949/2949 2963/2963/2963 2964/2964/2964
f 2948/2948/2948 2949/2949/2949 2964/2964/2964
f 2869/2869/2869 2963/2963/2963 2949/2949/2949
f 2951/2951/2951 2948/2948/2948 2953/2953/2953
f 2954/2954/2954 2951/2951/2951 2953/2953/2953
f 2950/2950/2950 2949/2949/2949 2948/2948/2948
f 2869/2869/2869 2949/2949/2949 2950/2950/2950
f 2951/2951/2951 2950/2950/2950 2948/2948/2948
f 2912/2912/2912 2951/2951/2951 2954/2954/2954
f 2869/2869/2869 2950/2950/2950 2913/2913/2913
f 2913/2913/2913 2950/2950/2950 2951/2951/2951
f 2912/2912/2912 2913/2913/2913 2951/2951/2951
f 2869/2869/2869 2913/2913/2913 2894/2894/2894
f 2894/2894/2894 2913/2913/2913 2912/2912/2912
