# VPXTOOL table OBJ file
# VPXTOOL OBJ file
# numVerts: 2002 numFaces: 3988
o PinCab_LegsBack
v 1003.88684 587.4418 414.91025
v 1000.87726 588.2499 416.11172
v 1007.02325 587.0598 413.62793
v 1000.8713 587.89545 411.3073
v 1003.88104 587.0873 410.10907
v 998.0834 589.0755 412.3889
v 1011.83026 849.6652 389.54343
v 1006.7198 586.742 408.95117
v 998.1086 589.4221 417.18845
v 1007.0167 586.6617 408.2335
v 1010.1242 586.9048 412.34576
v 998.03076 589.4527 417.1866
v 1012.368 586.46155 406.93185
v 998.02496 589.09845 412.3872
v 1015.2352 849.8493 392.9362
v 1003.1569 850.0979 393.1211
v 995.377 590.5903 412.28043
v 1003.18225 850.4516 397.92032
v 995.38293 590.94446 417.07965
v 992.9656 592.4282 412.1477
v 992.9713 592.7825 416.9467
v 990.8268 594.5847 411.99133
v 990.8326 594.9387 416.7906
v 988.9976 597.0317 411.81274
v 989.00354 597.3858 416.6121
v 987.5142 599.74133 411.61465
v 987.52 600.09546 416.41425
v 986.4131 602.68585 411.39883
v 986.41907 603.0403 416.19803
v 935.9279 774.78564 403.5867
v 935.9223 774.4303 398.7875
v 937.418 851.3746 393.1076
v 934.6173 778.94543 399.4335
v 934.62103 779.16943 402.46783
v 937.47894 854.5114 392.8781
v 937.42346 851.7287 397.90695
v 936.0307 851.69727 397.11404
v 936.02686 851.47345 394.07974
v 936.0916 854.82916 396.88483
v 937.4844 854.8597 397.6776
v 936.0881 854.609 393.85034
v 936.15234 857.9611 396.65952
v 1003.24316 853.5824 397.69147
v 937.5451 857.99054 397.4528
v 936.1488 857.7447 393.62503
v 1015.29614 852.9866 392.70682
v 937.53986 857.64844 392.65256
v 1003.21796 853.2348 392.89172
v 936.2134 861.0944 396.43854
v 1011.89136 852.8065 389.31357
v 1003.2789 856.37177 392.66617
v 1011.9524 855.9482 389.08755
v 1015.46985 852.1088 380.6577
v 1003.33997 859.51044 392.44473
v 1015.53107 855.2617 380.43103
v 1012.0135 859.0915 388.86588
v 937.6009 860.78723 392.43118
v 936.2099 860.8822 393.40347
v 1003.401 862.65063 392.22726
v 936.2743 864.2297 396.2213
v 1012.07477 862.23645 388.64783
v 937.662 863.9276 392.21378
v 936.271 864.02124 393.18585
v 937.606 861.1229 397.23172
v 936.3352 867.3662 396.00787
v 1003.304 856.7134 397.46655
v 936.33185 867.16174 392.9724
v 1015.3572 856.12384 392.48135
v 1003.3649 859.84595 397.24542
v 1015.4181 859.26276 392.2595
v 1020.34216 855.1696 380.45135
v 1020.40356 858.32404 380.22864
v 1020.2809 852.0168 380.67813
v 1020.32825 853.7348 314.6178
v 1020.26514 850.4958 314.84656
v 1020.3911 856.97577 314.39325
v 1020.2024 847.25836 315.0791
v 1020.46484 861.4801 380.0101
v 1015.4792 862.40326 392.0419
v 937.66693 864.25696 397.0143
v 1003.42584 862.98 397.02817
v 1003.48676 866.1154 396.81473
v 937.72797 867.3925 396.8011
v 992.6847 866.3251 396.81262
v 1015.5402 865.54504 391.8282
v 1003.7624 869.73706 396.79962
v 1015.7905 869.1736 391.79407
v 1020.80225 868.2843 379.77856
v 993.032 869.93097 396.57434
v 1020.52625 864.6376 379.7952
v 981.8826 866.5349 396.81033
v 1016.29004 872.81635 392.0526
v 1004.32245 873.37427 397.102
v 982.07996 870.1434 396.56964
v 1021.3627 871.9462 380.07953
v 977.2431 866.6249 396.8094
v 993.76294 873.5306 396.34485
v 977.4327 870.2454 396.74432
v 972.60345 866.71515 396.80823
v 982.454 873.7499 396.33417
v 967.80994 866.8081 396.8073
v 972.674 870.3493 396.91925
v 963.01624 866.9013 396.8062
v 967.75903 870.4331 396.7423
v 977.7879 873.8788 396.92834
v 962.95886 870.5149 396.5655
v 972.7451 874.015 397.52225
v 937.79803 871.0036 396.56052
v 967.5403 874.07776 396.9258
v 962.7249 874.133 396.33017
v 936.40546 870.97833 395.7671
v 937.8683 874.61584 396.32495
v 967.26587 877.72815 397.19614
v 936.4021 870.77826 392.73138
v 972.8162 877.6894 398.29297
v 978.1982 877.51587 397.19864
v 962.4317 877.7531 396.09988
v 972.8873 881.3513 398.907
v 936.47565 874.59155 395.53134
v 937.9385 878.2286 396.09473
v 967.04724 881.37164 397.3908
v 962.19794 881.37274 395.87463
v 936.5459 878.2059 395.30133
v 966.9962 884.99646 397.34717
v 938.00854 881.84235 395.87006
v 962.14056 884.9893 395.6553
v 972.95776 884.982 399.03955
v 967.0964 890.1484 397.04324
v 978.55316 881.14813 397.3932
v 978.7429 884.7682 397.34964
v 982.8864 877.3557 396.1042
v 983.26025 880.9636 395.87943
v 983.45776 884.57513 395.65982
v 994.6221 877.12885 396.12228
v 995.353 880.73 395.9034
v 1004.97723 877.0155 397.51407
v 1005.5373 880.6505 397.8274
v 995.7005 884.33887 395.68646
v 1005.8129 884.27124 397.83344
v 1016.8727 876.4629 392.41223
v 1017.3722 880.1041 392.68167
v 1017.6225 883.7317 392.66904
v 1022.0183 875.6122 380.4898
v 1022.57874 879.27234 380.80148
v 1022.8546 882.9181 380.8062
v 1005.9131 889.42224 397.52963
v 1017.72296 888.89343 392.36453
v 1020.8855 882.2921 369.73746
v 995.8005 889.49426 395.38235
v 1020.8126 878.62067 369.64465
v 1020.7373 874.92145 369.12073
v 1022.95557 888.1044 380.5002
v 1020.8583 881.4697 356.0265
v 1020.9867 887.5013 369.43005
v 1020.78674 877.78955 356.12018
v 1020.66125 871.2111 368.4572
v 1020.71497 874.0983 356.04007
v 1020.5858 867.50867 367.9449
v 1020.6433 870.40283 355.90582
v 1020.51306 863.83484 367.8734
v 1020.57166 866.71106 355.83636
v 1021.9928 873.74554 350.8304
v 1020.5001 863.03174 355.9517
v 1021.3347 870.0526 350.67865
v 1020.772 866.3618 350.59518
v 1020.4944 862.6783 350.7048
v 1022.556 877.4359 350.92468
v 1020.97217 866.00323 345.21207
v 1022.8335 881.1199 350.83664
v 1022.0259 869.67145 344.97214
v 1023.2698 873.33704 344.73737
v 1024.3237 877.0068 344.50793
v 1024.8073 880.68835 344.2838
v 1020.95984 886.7073 355.71744
v 1022.9352 886.3686 350.52728
v 1022.8209 880.34485 337.91925
v 1021.0879 892.70966 369.13382
v 1022.5432 876.6584 338.27582
v 1021.9807 872.9897 338.82025
v 1024.9097 885.9501 343.97366
v 1021.32324 869.3281 339.43097
v 1020.76404 876.38245 333.22916
v 1020.4884 862.32495 345.4576
v 1020.7604 865.6629 339.98615
v 1020.4828 861.98193 340.36432
v 1020.69226 872.69617 333.76056
v 1020.62085 869.01483 334.35568
v 1020.5493 865.3318 334.89777
v 1020.4541 860.2179 314.17264
v 1020.5266 863.95013 313.92404
v 1020.5991 867.683 313.68045
v 1019.595 856.8958 313.0042
v 1019.6581 860.13995 312.7833
v 1019.7306 863.87384 312.53467
v 1020.672 871.4173 313.44278
v 1019.80286 867.6091 312.29123
v 1016.6164 860.1988 312.78268
v 1020.7445 875.15216 313.21033
v 1016.6889 863.9329 312.53378
v 1019.87573 871.34534 312.05313
v 1016.7616 867.66815 312.29053
v 1020.83594 880.0808 332.87784
v 1019.94824 875.0821 311.82056
v 1022.9237 885.62006 337.60806
v 1020.817 878.8871 312.98322
v 1020.9387 885.3664 332.566
v 1016.8343 871.4045 312.0526
v 1021.04126 890.6512 332.26523
v 1015.8608 871.51074 313.44193
v 1023.0259 890.89417 337.30795
v 1015.78827 867.7766 313.6798
v 1025.0118 891.21136 343.6742
v 1015.7156 864.0435 313.92297
v 1023.03723 891.6158 350.22867
v 1023.1284 896.1671 337.01904
v 1021.0615 891.9441 355.41977
v 1025.114 896.47064 343.38614
v 1023.13916 896.8617 349.9414
v 1021.1439 895.93427 331.97604
v 1023.23083 901.4369 336.74155
v 1020.92053 884.2141 312.66913
v 1021.0239 889.54004 312.36597
v 1021.2467 901.2146 331.69766
v 1021.1273 894.8643 312.07455
v 1020.2283 889.478 310.97595
v 1020.12476 884.149 311.27945
v 1020.3314 894.80505 310.6841
v 1020.021 878.81934 311.59348
v 1017.083 884.20795 311.27835
v 1016.9068 875.1412 311.81985
v 1016.9795 878.8784 311.59293
v 1015.9333 875.24567 313.20963
v 1016.006 878.9808 312.9825
v 1016.1095 884.30756 312.66855
v 1017.18665 889.53687 310.97537
v 1016.02515 880.19293 333.1877
v 1017.29 894.8642 310.68372
v 1016.1279 885.4779 332.87622
v 1016.21295 889.6335 312.36563
v 1016.2306 890.76196 332.5754
v 1018.1124 885.72144 337.74515
v 1015.95337 876.4951 333.5391
v 1018.00964 880.44666 338.0566
v 1015.88153 872.80914 334.07077
v 1017.7323 876.7605 338.4149
v 1015.81006 869.12836 334.66574
v 1017.1696 873.09216 338.96368
v 1019.9957 880.7818 344.28314
v 1015.7383 865.44556 335.2076
v 1020.09827 886.04364 343.9724
v 1018.2147 890.9956 337.44547
v 1019.51245 877.1003 344.50705
v 1016.3334 896.0446 332.28622
v 1016.5122 869.4313 339.57944
v 1016.31647 894.9579 312.07397
v 1018.4585 873.4306 344.73663
v 1017.3937 900.18866 310.40335
v 1017.7446 877.53143 350.96017
v 1020.43506 900.1295 310.404
v 1018.02185 881.2158 350.87622
v 1021.23083 900.18604 311.79416
v 1018.124 886.4641 350.56683
v 1020.5386 905.4425 310.13516
v 1021.334 905.4957 311.52585
v 1020.20044 891.3048 343.67352
v 1021.349 906.4846 331.4312
v 1018.31714 896.2678 337.1565
v 1018.22595 891.7115 350.2681
v 1016.4358 901.3243 332.00787
v 1020.3026 896.5643 343.38522
v 1016.4198 900.27954 311.7936
v 1018.41956 901.5375 336.87903
v 1017.49695 905.5019 310.13455
v 1016.52295 905.58997 311.52502
v 1016.5384 906.5942 331.74176
v 1020.58777 1076.2205 303.01166
v 1021.5613 1076.1237 301.62158
v 1024.6028 1076.039 301.62347
v 1027.0377 1251.5063 292.7574
v 1025.3983 1076.0868 303.01447
v 1030.0785 1251.4025 292.76035
v 1026.0643 1251.6106 294.147
v 1025.4135 1077.0887 322.91898
v 1020.6035 1077.2379 323.22757
v 1030.8737 1251.4457 294.15103
v 1018.52185 906.7974 336.61325
v 1026.0803 1252.639 314.36224
v 1020.4048 901.8212 343.10846
v 1022.5869 1077.4282 328.09946
v 1020.5067 907.06824 342.84317
v 1018.3279 896.95734 349.9809
v 1018.4298 902.2003 349.70456
v 1024.5715 1077.6864 334.3301
v 1016.2506 892.03754 355.41995
v 1018.5315 907.4345 349.43997
v 1016.35236 897.2728 355.13297
v 1016.4539 902.5052 354.85736
v 1016.14874 886.8009 355.71756
v 1018.2449 893.38214 380.18488
v 1016.047 881.5632 356.0265
v 1018.1443 888.1967 380.4797
v 1017.04535 882.28674 368.4047
v 1015.9757 877.883 356.12045
v 1018.34546 898.5661 379.90073
v 1017.18176 873.84064 350.85556
v 1016.8716 878.6238 368.4496
v 1017.21484 869.7649 344.97128
v 1015.9039 874.1918 356.0403
v 1016.5238 870.147 350.6923
v 1015.94965 865.7665 340.139
v 1016.1609 866.09686 345.21127
v 1015.8321 870.4963 355.90558
v 1015.66644 861.75323 335.58096
v 1016.5555 874.94794 368.2533
v 1015.96075 866.4557 350.5988
v 1018.04333 883.0103 380.78586
v 1015.67206 862.0858 340.51898
v 1017.7675 879.3646 380.7808
v 1015.67737 862.4184 345.45676
v 1014.4631 883.59973 389.44873
v 1015.68317 862.7719 350.7043
v 1014.56354 888.7683 389.14386
v 1015.5925 858.41595 380.20828
v 1015.76044 866.8046 355.83655
v 1014.6639 893.936 388.84973
v 1015.68896 863.12537 355.95157
v 1016.192 871.2674 367.9809
v 1015.8759 867.5904 367.79602
v 1017.2071 875.70447 380.4693
v 1016.55164 872.03845 380.05884
v 1015.702 863.9273 367.86197
v 1014.1871 879.9668 389.443
v 1013.627 876.31934 389.1304
v 1015.9912 868.37665 379.7581
v 1012.97205 872.6662 388.7196
v 1005.513 880.35547 393.02414
v 1015.715 864.7298 379.77457
v 1005.7888 883.9833 393.02994
v 1012.4116 869.0167 388.41782
v 1015.65393 861.5723 379.9895
v 1012.1358 865.3826 388.4339
v 1004.95294 876.71326 392.71127
v 1004.2978 873.0653 392.2998
v 1003.73773 869.42114 391.99762
v 1003.4621 865.7924 392.0133
v 992.82306 865.9989 392.01105
v 993.05994 869.6213 391.88293
v 993.5269 873.2497 391.91568
v 994.0706 876.88043 392.00613
v 982.3841 869.8211 391.76776
v 994.5377 880.50903 392.05002
v 982.75793 873.43445 391.53207
v 983.19073 877.0475 391.30127
v 982.1864 866.20557 392.00882
v 983.56464 880.6623 391.0761
v 978.15857 877.2148 392.4056
v 994.7745 884.13226 391.94302
v 983.76227 884.28094 390.85602
v 978.50055 880.8547 392.60324
v 978.6848 884.4819 392.56067
v 983.8628 889.44635 390.55154
v 1005.88916 889.14435 392.7255
v 978.78516 889.64386 392.25668
v 983.96326 894.6112 390.25787
v 1005.98944 894.3044 392.43216
v 1014.7644 899.1018 388.5669
v 984.0634 899.7741 389.9749
v 1018.44666 903.74725 379.62787
v 1006.0896 899.463 392.14948
v 1014.8647 904.26495 388.29483
v 1016.55566 907.7293 354.59308
v 1018.547 908.9213 379.36646
v 1006.18976 904.6188 391.8778
v 1022.5967 1078.0735 340.92618
v 1020.62085 1078.3881 346.0781
v 1014.965 909.4221 388.03412
v 1022.61255 1079.5796 370.8517
v 984.16376 904.9343 389.70322
v 1006.2899 909.76984 391.6173
v 978.8853 894.80493 391.96277
v 978.98566 899.96436 391.68036
v 972.74445 889.8582 393.93137
v 972.8449 895.016 393.63828
v 979.0858 905.12115 391.40857
v 972.6445 884.69995 394.23566
v 972.94525 900.172 393.3556
v 972.57385 881.0622 394.10364
v 966.9385 884.7083 392.52963
v 967.1393 895.03156 391.93158
v 972.50256 877.3931 393.49045
v 967.039 889.8704 392.22504
v 967.23944 900.1909 391.64914
v 962.3363 895.03107 390.2533
v 966.97876 881.07684 392.5752
v 962.23596 889.8666 390.54678
v 962.1356 884.7009 390.85162
v 962.4366 900.1941 389.97034
v 938.17505 890.33386 390.54214
v 938.2754 895.4984 390.24854
v 938.0746 885.16815 390.8467
v 936.7839 890.4173 391.51514
v 938.3759 900.6613 389.96545
v 938.00433 881.5473 391.0668
v 962.53674 905.3544 389.6987
v 962.1928 881.0775 391.0716
v 936.88403 895.57983 391.2216
v 967.17206 877.4271 392.3846
v 936.68353 885.25385 391.81976
v 936.88684 895.7493 394.2594
v 936.7867 890.593 394.55273
v 936.61316 881.63403 392.03955
v 936.68634 885.4359 394.85654
v 937.9341 877.92645 391.29196
v 962.42676 877.4508 391.29718
v 936.6163 881.8206 395.0764
v 936.5429 878.0149 392.26505
v 938.079 885.4565 395.65042
v 937.8637 874.30634 391.52274
v 936.4725 874.39606 392.49554
v 938.17926 890.612 395.34622
v 937.7933 870.68713 391.75882
v 962.24054 890.14484 395.35126
v 938.2794 895.76666 395.05292
v 962.7195 873.82367 391.52774
v 937.7231 867.069 391.99966
v 962.95337 870.19867 391.76382
v 967.4167 873.7703 392.1189
v 967.6501 866.48773 392.0056
v 967.6098 870.1197 391.93887
v 972.2894 866.3976 392.00674
v 972.43146 873.71173 392.71982
v 972.36017 870.03906 392.1173
v 977.23785 866.3017 392.0078
v 977.4221 869.92914 391.94412
v 977.7641 873.57007 392.13116
v 962.3407 895.2993 395.0578
v 936.987 900.9042 393.9769
v 938.3794 900.9197 394.77057
v 936.9845 900.7407 390.93896
v 937.087 906.05597 393.70544
v 938.4762 905.82166 389.69363
v 937.08466 905.8991 390.66714
v 962.44086 900.45233 394.7756
v 938.57635 910.9862 389.4327
v 967.19635 895.2995 396.7502
v 938.47955 906.07 394.4997
v 973.0579 890.1307 398.736
v 937.185 911.062 390.40594
v 978.8429 889.9204 397.04575
v 937.18726 911.2127 393.44473
v 983.5579 889.73065 395.3557
v 938.5797 911.2251 394.23892
v 995.90063 894.6488 395.08905
v 983.6581 894.88525 395.06223
v 978.94305 895.07153 396.7529
v 973.1577 895.27814 398.4428
v 996.0006 899.80176 394.80685
v 967.2965 900.44904 396.4683
v 983.7584 900.0383 394.78015
v 979.0432 900.221 396.47076
v 973.2579 900.42426 398.1612
v 962.54114 905.60266 394.50436
v 967.3965 905.5958 396.19724
v 962.6411 910.7544 394.24384
v 967.49646 910.7435 395.93695
v 973.35767 905.56757 397.89023
v 942.6606 1082.5513 385.69055
v 979.1432 905.3678 396.19968
v 973.4578 910.71106 397.62997
v 979.24316 910.514 395.93945
v 983.8584 905.1887 394.50882
v 983.9585 910.3375 394.2485
v 977.5323 1081.7524 389.09622
v 996.1009 904.9521 394.53555
v 971.5722 1081.8333 387.4006
v 966.7176 1081.8828 385.70572
v 983.3166 1081.5066 387.40765
v 977.0604 1257.5862 378.51773
v 996.20105 910.0993 394.27527
v 972.2067 1257.6663 376.82132
v 948.1546 1258.4899 376.7982
v 983.0195 1257.4685 380.21497
v 978.8184 1437.1455 367.66187
v 988.03076 1081.2905 385.71902
v 954.77045 1438.0842 367.63297
v 946.7629 1258.4972 376.00305
v 941.2687 1082.5502 384.89603
v 983.67126 1437.0428 369.35956
v 941.2662 1082.3971 381.85745
v 946.76044 1258.3427 372.96463
v 942.6572 1082.3094 380.88434
v 962.6371 910.5158 389.4376
v 948.15125 1258.2455 371.99237
v 966.7134 1081.641 380.8992
v 967.43976 910.5051 391.1164
v 967.3398 905.34784 391.3775
v 971.5155 1081.5917 382.58044
v 973.0452 905.32526 393.08435
v 973.1454 910.47833 392.82382
v 979.1861 910.277 391.14795
v 972.20264 1257.4219 372.01508
v 977.2197 1081.519 384.28967
v 977.0034 1257.343 373.69775
v 954.7672 1437.8376 362.82724
v 978.8142 1436.8988 362.8558
v 982.7069 1257.2346 375.4087
v 953.3767 1437.9417 363.7993
v 983.2594 1081.267 382.6164
v 984.2639 910.09283 389.44223
v 953.3789 1438.0975 366.8376
v 988.3363 1081.0403 380.9132
v 960.825 1620.2416 354.43185
v 960.8274 1620.3981 357.4703
v 962.2152 1620.1326 353.45996
v 962.2189 1620.3804 358.26593
v 968.81604 1804.2865 344.93356
v 986.2633 1619.3639 358.29865
v 968.8183 1804.4435 347.9718
v 970.2097 1804.4233 348.76764
v 970.2063 1804.1748 343.96182
v 969.0903 1810.4874 344.61307
v 969.093 1810.6449 347.6514
v 986.25916 1619.1161 353.49292
v 970.4808 1810.3759 343.64127
v 983.61414 1436.798 364.5395
v 994.24805 1803.1144 343.99704
v 991.0584 1618.9995 355.1771
v 989.3164 1436.6628 366.25195
v 988.745 1256.9424 373.73764
v 996.76013 1618.8464 356.89066
v 995.35345 1436.3416 364.58237
v 993.82086 1256.682 372.03583
v 999.04724 1802.9894 345.68182
v 1000.4285 1436.0558 362.8819
v 1002.79645 1618.5048 355.22195
v 1004.8285 1256.36 373.13132
v 1004.7484 1802.8264 347.39548
v 1010.3581 1080.537 383.097
v 994.6501 1809.3094 343.6767
v 1019.0314 1080.1157 379.51746
v 1015.83826 1256.0381 374.22687
v 1022.4424 1435.3082 365.07846
v 1024.5094 1255.5587 370.65027
v 1028.0898 1254.995 361.9859
v 1007.87067 1618.202 353.52213
v 1031.1122 1434.7855 361.50397
v 1010.78406 1802.4734 345.7277
v 1029.8817 1617.3828 355.72253
v 1015.858 1802.1611 344.02835
v 1034.6921 1434.201 352.8402
v 1026.8618 1801.7316 345.12964
v 1026.0983 1253.8016 337.21246
v 1032.7003 1433.0073 328.0672
v 1028.0737 1253.4718 332.06125
v 1034.6752 1432.6655 322.91647
v 1030.0479 1253.0682 325.46616
v 1036.649 1432.25 316.32202
v 1028.0637 1252.8192 319.2352
v 1034.6648 1432.0078 310.09045
v 1032.682 1431.835 305.21753
v 1044.0857 1614.2651 306.96942
v 1042.1019 1614.0271 300.73758
v 1040.1189 1613.8599 295.86404
v 1032.6656 1430.7981 285.00275
v 1040.1025 1612.8171 275.64975
v 1033.6387 1430.6885 283.61298
v 1041.0756 1612.7042 274.2605
v 1036.6791 1430.5698 283.61694
v 1049.0596 1796.59 264.77026
v 1044.1151 1612.5754 274.2645
v 1037.4741 1430.6101 285.00793
v 1048.0868 1796.705 266.15952
v 1030.8894 1252.4586 314.05576
v 1048.1035 1797.751 286.37408
v 1049.3342 1802.7914 264.45007
v 1050.0862 1797.9156 291.2472
v 1048.3612 1802.9063 265.83902
v 1052.0994 1796.4559 264.7747
v 1044.9105 1612.6136 275.6559
v 1037.4902 1431.6316 304.91187
v 1052.3735 1802.6571 264.45416
v 1052.8944 1796.4928 266.16595
v 1044.9269 1613.6404 295.55954
v 1049.6086 1808.9937 264.1292
v 1053.1686 1802.694 265.8457
v 1052.6482 1808.8593 264.13367
v 1052.9108 1797.5227 286.06967
v 1039.4736 1431.813 309.95782
v 1046.9097 1613.8168 300.60556
v 1032.873 1252.6473 319.10123
v 1027.3973 1077.2874 327.96423
v 1034.8574 1252.9038 325.4705
v 1023.3331 906.6966 336.4757
v 1029.382 1077.5529 334.33298
v 1025.3184 906.974 342.84418
v 1025.216 901.72766 343.10934
v 1023.2411 902.10486 349.66534
v 1023.3429 907.3383 349.40054
v 1021.1633 897.1794 355.13297
v 1021.265 902.4117 354.85712
v 1027.4071 1077.9375 340.88867
v 1021.3667 907.63525 354.59323
v 1021.18896 897.9164 368.8489
v 1021.29016 903.1204 368.57455
v 1021.39136 908.3164 368.31195
v 1025.4314 1078.2543 346.08044
v 1032.883 1253.3049 332.02527
v 1041.4576 1432.0625 316.32748
v 1030.9077 1253.6368 337.21628
v 1039.484 1432.4758 322.88165
v 1048.8937 1614.0616 306.97556
v 1025.4562 1078.944 359.7986
v 1037.509 1432.8196 328.07208
v 1054.8936 1797.6967 291.11597
v 1046.9202 1614.4839 313.5293
v 1056.8774 1797.939 297.48596
v 1053.1852 1803.7307 285.87543
v 1054.9624 1803.9137 290.927
v 1053.4436 1808.8965 265.5252
v 1053.4603 1809.9481 285.85583
v 1056.7401 1804.1581 297.16492
v 1052.9232 1815.062 263.8132
v 1054.9043 1798.365 304.03955
v 1053.7185 1815.0995 265.2043
v 1054.7466 1810.1536 290.92047
v 1053.7356 1816.1696 285.89478
v 1044.9457 1614.835 318.7193
v 1054.9728 1804.5688 303.58292
v 1056.0336 1810.4032 296.84296
v 1052.9298 1798.7214 309.22913
v 1054.4362 1816.402 290.97476
v 1054.7565 1810.7758 302.9383
v 1055.1373 1816.658 296.52048
v 1053.2042 1804.9158 308.77936
v 1044.9712 1615.542 332.43655
v 1052.9553 1799.4303 322.94632
v 1037.5342 1433.5227 341.78943
v 1030.933 1254.3346 350.93396
v 1039.5007 1434.0143 352.86545
v 1032.8994 1254.8309 362.0097
v 1027.423 1079.447 370.87408
v 1046.9375 1616.0306 343.51285
v 1027.6671 1255.6147 373.87494
v 1023.35864 908.828 379.3871
v 1022.18945 1080.1901 382.74106
v 1023.2577 903.6548 379.6486
v 1018.1234 909.5204 391.25644
v 1018.0232 904.37 391.5168
v 1023.1571 898.47363 379.92136
v 1017.92346 899.21356 391.7887
v 1023.05615 893.28973 380.2053
v 1017.8231 894.05426 392.07132
v 1006.01324 894.5724 397.23694
v 1006.11304 899.7209 396.95477
v 1006.213 904.8667 396.68378
v 1006.3132 910.00824 396.42395
v 1010.38135 1080.7788 387.90323
v 1000.2712 1080.9514 385.75092
v 1015.86163 1256.2822 379.033
v 1005.7534 1256.5188 376.87723
v 993.5158 1256.9365 376.8415
v 1022.4656 1435.5541 369.88443
v 1012.3591 1435.838 367.72607
v 1000.12366 1436.3143 367.68747
v 988.80237 1257.1844 378.52853
v 995.411 1436.585 369.37338
v 989.6291 1436.8976 371.0584
v 1002.8539 1618.7493 360.01318
v 991.1156 1619.2458 359.99707
v 997.0726 1619.0814 361.6968
v 994.25244 1803.3625 348.8028
v 999.10425 1803.2367 350.5016
v 1005.061 1803.0612 352.20193
v 1007.56555 1618.4629 358.32776
v 1010.8416 1802.7186 350.51874
v 1019.80005 1617.9468 358.36853
v 1015.5531 1802.4233 348.8337
v 1010.9967 1808.916 350.0221
v 1029.9052 1617.6304 360.5283
v 1005.3351 1809.244 351.52975
v 1034.2695 1434.8279 364.7291
v 1027.7863 1801.8848 348.87573
v 1041.7069 1616.8645 355.37518
v 1037.8907 1801.5504 351.0366
v 1054.9218 1799.9175 334.02258
v 1049.6919 1800.7623 345.88464
v 1053.2278 1805.6152 322.31085
v 1054.9907 1806.1154 333.4761
v 1049.7864 1806.9601 345.3562
v 1053.4786 1811.1019 308.14987
v 1053.4987 1811.7786 321.23907
v 1054.7764 1812.3116 332.61658
v 1037.96 1807.749 350.48984
v 1049.6322 1813.1563 344.54056
v 1027.7839 1808.098 348.55234
v 1037.7454 1813.9448 349.63065
v 1015.70026 1808.6302 348.51324
v 1027.3983 1814.3291 348.2248
v 1015.67163 1814.8458 348.19217
v 1010.9868 1815.109 349.2814
v 1026.8853 1820.5668 347.896
v 1037.4363 1820.1401 348.66684
v 1015.5845 1821.0642 347.8709
v 1049.3956 1819.3512 343.62854
v 1037.2219 1826.3375 347.80746
v 1054.4669 1818.5067 331.65256
v 1049.2418 1825.5483 342.81268
v 1054.253 1824.7046 330.79315
v 1053.7687 1817.9355 320.02145
v 1054.0399 1824.1003 318.94937
v 1053.7532 1817.2858 307.46063
v 1054.0283 1823.4736 306.8311
v 1054.4454 1816.9841 302.2305
v 1054.2299 1823.1932 301.5857
v 1054.4312 1822.9054 296.19843
v 1054.3036 1829.6716 306.38092
v 1054.2992 1829.4001 301.12903
v 1054.2949 1829.1282 295.87714
v 1054.3134 1830.2891 318.31372
v 1055.5029 1857.4293 328.87512
v 1054.3231 1830.9065 330.24622
v 1049.3379 1831.7499 342.28412
v 1054.2909 1828.8644 290.779
v 1054.2211 1822.6438 290.96796
v 1054.2865 1828.6005 285.68066
v 1054.0109 1822.3895 285.8752
v 1053.9938 1821.3026 264.88388
v 1054.2689 1827.5078 264.56305
v 1053.1986 1821.2659 263.49258
v 1053.474 1827.471 263.1717
v 1055.4487 1854.0283 263.19196
v 1054.6538 1853.9915 261.80035
v 1050.4347 1827.605 263.16736
v 1051.6143 1854.1272 261.79584
v 1055.8368 1880.5236 260.42856
v 1050.1592 1821.4005 263.48798
v 1049.4617 1827.72 264.55646
v 1049.8839 1815.1964 263.80856
v 1049.186 1821.5155 264.87695
v 1048.636 1809.1084 265.51825
v 1048.9109 1815.3112 265.1977
v 1048.3779 1803.9589 286.17963
v 1048.6527 1810.1761 286.16022
v 1048.928 1816.3982 286.19897
v 1050.1548 1804.133 291.06042
v 1049.939 1810.3734 291.0581
v 1049.6289 1816.6218 291.11737
v 1049.2036 1822.6179 286.17935
v 1049.4136 1822.8636 291.1149
v 1049.4833 1829.0842 290.92752
v 1050.6411 1854.2416 263.18506
v 1049.4875 1829.3405 295.8703
v 1052.7974 1880.6598 260.424
v 1049.6234 1823.1171 296.19165
v 1050.3297 1816.87 296.51382
v 1051.2262 1810.6152 296.8361
v 1049.4916 1829.612 301.12238
v 1049.4222 1823.4055 301.5833
v 1049.6378 1817.1973 302.23837
v 1051.9326 1804.3705 297.15826
v 1049.9489 1810.989 302.95764
v 1052.07 1798.1506 297.47903
v 1050.1652 1804.7826 303.61227
v 1042.1124 1614.6891 313.56305
v 1050.0967 1798.5791 304.07306
v 1040.1376 1615.0382 318.71353
v 1048.3966 1805.1278 308.77313
v 1042.1295 1616.2327 343.48663
v 1048.1222 1798.9331 309.223
v 1049.1183 1799.531 321.60843
v 1038.5503 1616.8318 352.14954
v 1050.1141 1800.1279 333.9961
v 1049.29 1805.7275 321.11017
v 1050.1833 1806.3265 333.4494
v 1046.535 1800.7349 342.65854
v 1037.8672 1801.3026 346.2307
v 1046.6042 1806.9337 342.11212
v 1026.9698 1807.9346 344.69617
v 1037.9365 1807.5012 345.68433
v 1046.3896 1813.1289 341.2526
v 1049.9688 1812.5226 332.59024
v 1049.32 1811.918 320.36572
v 1048.671 1811.3141 308.14386
v 1049.6597 1818.7177 331.62616
v 1048.9459 1817.4983 307.4546
v 1049.3027 1818.1079 319.53925
v 1049.2207 1823.6857 306.82513
v 1049.3331 1824.3007 318.7946
v 1049.496 1829.8833 306.37488
v 1049.5059 1830.5007 318.29617
v 1049.4454 1824.915 330.76663
v 1049.5156 1831.1176 330.22
v 1050.6953 1857.6416 328.84848
v 1045.937 1831.7242 338.88223
v 1045.8666 1825.5219 339.42917
v 1046.0806 1819.3241 340.289
v 1051.8246 1880.7755 261.813
v 1037.7218 1813.697 344.82452
v 1037.4127 1819.8925 343.86084
v 1026.8483 1814.14 344.10565
v 1026.6503 1820.3477 343.46326
v 1037.1985 1826.0897 343.0013
v 1026.5289 1826.5552 342.87305
v 1015.88947 1820.8025 343.0656
v 1037.2689 1832.2925 342.45447
v 1015.97644 1814.5835 343.38672
v 1026.6383 1832.7607 342.43918
v 1016.00525 1808.3679 343.7076
v 1015.8615 1827.0197 342.74432
v 1016.0097 1833.2297 342.42358
v 1010.94507 1808.6699 345.2295
v 1010.9483 1814.8627 344.48532
v 1010.89935 1821.0533 343.6591
v 1005.02246 1809.0093 346.72327
v 1005.2965 1815.1677 345.56378
v 1005.57056 1821.319 344.24152
v 999.432 1809.1766 345.18683
v 999.9705 1815.3458 344.4507
v 1000.56006 1821.5094 343.6339
v 995.2288 1815.4984 343.35645
v 995.8667 1821.6855 343.03638
v 970.7553 1816.5779 343.32068
v 971.03046 1822.7811 343.00024
v 996.44604 1827.8757 342.71613
v 969.365 1816.6897 344.2926
v 969.63995 1822.8926 343.97186
v 969.3675 1816.8467 347.33078
v 970.48425 1810.6243 348.44717
v 969.6426 1823.0499 347.0103
v 970.75916 1816.8268 348.12662
v 994.6545 1809.5586 348.48236
v 969.9152 1829.0967 343.65106
v 999.49976 1809.4235 350.0053
v 971.58105 1835.1896 342.35867
v 1005.60925 1815.4027 350.36987
v 1000.0632 1815.591 349.26566
v 995.2332 1815.7474 348.16226
v 1010.92206 1821.301 348.45975
v 1005.8833 1821.5544 349.04785
v 1000.68256 1821.7527 348.44482
v 971.03394 1823.0298 347.8059
v 995.8711 1821.9342 347.84232
v 969.91785 1829.2535 346.6897
v 971.30927 1829.2336 347.48544
v 970.19073 1835.3009 343.3305
v 970.19336 1835.4584 346.36874
v 996.4502 1828.1245 347.52185
v 971.3719 1861.853 341.9576
v 971.5847 1835.4381 347.16452
v 1001.24646 1827.9219 347.70496
v 971.3744 1862.0101 344.99603
v 1001.64307 1834.1122 347.20825
v 972.76587 1861.99 345.7917
v 1006.1578 1827.7142 347.88797
v 1006.43286 1833.9012 347.21542
v 1010.91254 1827.496 347.719
v 1011.0687 1833.6965 347.22223
v 1015.55646 1827.2815 347.54974
v 1015.70483 1833.4922 347.22894
v 1038.4723 1859.0691 345.88885
v 1026.4987 1833.0161 347.2448
v 1026.5001 1826.799 347.56827
v 1037.2925 1832.5399 347.26062
v 1050.5172 1858.2748 340.91306
v 1039.6556 1885.6093 344.51636
v 1051.7007 1884.8105 339.54062
v 1056.6863 1883.9629 327.5029
v 973.95013 1888.5522 344.41803
v 1056.6321 1880.56 261.8199
v 1057.8181 1907.1163 260.44635
v 1057.8726 1910.5192 326.1298
v 1052.8872 1911.3666 338.16714
v 1057.0231 1907.0803 259.05508
v 1059.0057 1933.663 259.07324
v 1059.0599 1937.0671 324.75656
v 1040.8422 1912.1653 343.14304
v 1054.0746 1937.917 336.79404
v 1053.9838 1907.2162 259.05048
v 1058.2107 1933.6267 257.68204
v 1060.1938 1960.2115 257.7
v 1060.2484 1963.6182 323.38306
v 1055.2632 1964.4697 335.42053
v 1053.0109 1907.3319 260.4394
v 1043.2185 1965.277 340.39597
v 1051.8623 1964.4485 332.01834
v 975.1365 1915.1085 343.04474
v 1055.4408 1963.8358 323.35635
v 972.5588 1888.5736 343.62247
v 1050.6738 1937.8944 333.39185
v 972.5563 1888.416 340.58408
v 973.74506 1915.1296 342.24908
v 973.7428 1914.9724 339.21063
v 973.9464 1888.3032 339.61234
v 976.32526 1941.6858 341.67004
v 975.1328 1914.8597 338.23883
v 1043.1951 1965.0283 335.5898
v 972.762 1861.7405 340.98578
v 990.1484 1967.6906 340.31467
v 996.84894 1834.075 342.3954
v 1039.6324 1885.3607 339.7105
v 1001.0988 1827.6794 342.89743
v 1038.4487 1858.8207 341.08295
v 1001.4847 1833.8708 342.40222
v 1005.84515 1827.48 343.0816
v 1006.1204 1833.666 342.40897
v 1010.90326 1827.2473 342.91483
v 1011.065 1833.448 342.4165
v 1047.1166 1858.2504 337.51108
v 1048.2998 1884.7867 336.1389
v 1051.8787 1884.1774 327.4764
v 1053.0648 1910.7333 326.10287
v 1049.4865 1911.3431 334.76544
v 1040.8187 1911.9175 338.33725
v 977.51105 1968.0162 335.48953
v 1054.2527 1937.2831 324.7298
v 1054.1981 1933.8794 259.06653
v 1055.3866 1960.4302 257.69308
v 1055.1711 1933.7637 257.67737
v 1055.873 1960.3718 256.99854
v 1056.3594 1960.3142 256.30408
v 1059.3984 1960.1757 256.30878
v 1057.9023 1960.2437 256.30624
v 974.9314 1941.5499 337.83615
v 976.81616 1968.0729 335.97537
v 974.93384 1941.7073 340.87415
v 976.1209 1968.1295 336.4614
v 977.5147 1968.266 340.295
v 976.1223 1968.21 338.00336
v 976.81915 1968.2764 339.89737
v 976.12354 1968.2876 339.49942
v 1020.2195 848.86475 380.90866
v 1015.1295 586.9744 400.24054
v 1014.93427 586.84045 400.71637
v 1013.6714 586.4303 403.78104
v 1010.33246 587.781 397.7757
v 1008.8555 586.52374 403.77994
v 1015.1439 587.68756 397.77695
v 1010.11505 586.934 400.71555
v 1007.5554 586.5551 406.93097
v 1010.3182 587.0737 400.21957
v 1015.1686 588.93036 395.00134
v 1015.40857 848.9566 380.88803
v 1010.35736 589.02374 395.0004
v 1015.20044 590.54083 392.4289
v 1010.389 590.63416 392.42804
v 1015.2389 592.49414 390.09872
v 1010.4275 592.58765 390.09766
v 1015.2833 594.76685 388.04956
v 1010.4722 594.8602 388.04816
v 1015.3337 597.33374 386.3199
v 1010.52234 597.42725 386.3191
v 1015.38904 600.17065 384.94965
v 1010.57764 600.26404 384.94824
v 1018.50037 759.7038 321.53995
v 1013.68945 759.79596 321.53943
v 1020.1394 844.0244 315.31573
v 1014.74835 764.0912 319.825
v 1017.7902 764.0321 319.8256
v 1015.3283 844.118 315.31534
v 1019.34326 843.9374 313.92737
v 1019.406 847.173 313.69058
v 1016.3015 843.9965 313.92682
v 1019.4691 850.4121 313.4579
v 1016.3645 847.23193 313.69012
v 1015.3912 847.3515 315.07867
v 1016.42737 850.4713 313.4572
v 1019.53186 853.65314 313.22906
v 1015.45416 850.58923 314.84576
v 1016.49036 853.7122 313.22827
v 1015.517 853.82837 314.61697
v 1016.5532 856.9549 313.0035
v 1015.58 857.0691 314.39258
v 1015.6432 860.31134 314.1722
v 1059.0118 1960.4 320.78516
v 1059.0746 1963.6298 320.54666
v 1059.4299 1963.3506 316.86093
v 1059.3671 1960.1207 317.0995
v 1058.0331 1960.6749 324.25024
v 1059.8074 1958.9305 257.0741
v 1058.0957 1963.9047 324.01196
v 1059.7446 1955.7001 257.3125
v 1042.8553 1959.2594 257.0706
v 1042.7925 1956.0293 257.30896
v 1056.4893 1960.9396 327.43732
v 1056.552 1964.17 327.19867
v 1054.4393 1961.1901 330.28796
v 1054.5021 1964.4202 330.04968
v 1051.942 1961.4202 332.74496
v 1052.0049 1964.6499 332.5065
v 1049.056 1961.6245 334.75015
v 1049.1188 1964.8545 334.51184
v 1045.8401 1961.7968 336.24628
v 1045.9028 1965.0272 336.0078
v 1042.3529 1961.9337 337.17477
v 1042.4156 1965.1638 336.9362
v 976.3375 1965.3658 322.27808
v 1038.6532 1962.0276 337.47858
v 1038.7161 1965.2573 337.2399
v 976.2744 1962.1357 322.51648
v 975.6867 1963.2172 337.0098
v 975.7498 1966.447 336.77158
v -37.592216 588.2507 416.11185
v -40.60215 587.44293 414.91043
v -43.738586 587.0613 413.6284
v -37.586617 587.8961 411.30765
v -40.59617 587.0885 410.10907
v -34.798317 589.07623 412.38913
v -48.515007 849.6672 389.54352
v -43.435112 586.7433 408.95145
v -34.823734 589.42255 417.18912
v -43.732048 586.6631 408.2337
v -46.839523 586.9067 412.34604
v -34.74581 589.45306 417.18686
v -49.083282 586.46375 406.93198
v -34.74001 589.0991 412.3875
v -51.919983 849.8519 392.9366
v -39.841766 850.099 393.12164
v -32.091682 590.59045 412.28067
v -39.866997 850.45276 397.9208
v -32.097656 590.94446 417.07983
v -29.679932 592.4282 412.14795
v -29.68591 592.7824 416.94717
v -27.541004 594.5843 411.9914
v -27.546986 594.9383 416.7909
v -25.711542 597.0311 411.81332
v -25.717522 597.3853 416.6127
v -24.227976 599.74054 411.61514
v -24.233765 600.0948 416.4144
v -23.126743 602.685 411.3992
v -23.132538 603.03925 416.19824
v 27.37863 774.77893 403.58646
v 27.384062 774.4236 398.78757
v 25.897324 851.36816 393.1078
v 28.68973 778.93854 399.43365
v 28.685999 779.16254 402.46756
v 25.83676 854.5049 392.87805
v 25.892075 851.72235 397.907
v 27.284655 851.6907 397.11407
v 27.28819 851.46686 394.08014
v 27.224287 854.82245 396.88516
v 25.831533 854.85297 397.67822
v 27.227839 854.6023 393.85062
v 27.16374 857.95447 396.65973
v -39.927544 853.5835 397.69168
v 25.770988 857.984 397.45282
v 27.1673 857.73816 393.62524
v -51.980713 852.98895 392.7069
v 27.103003 861.0879 396.43875
v -39.98809 856.71436 397.46667
v 25.776028 857.642 392.65295
v -52.04126 856.1262 392.48126
v 25.710442 861.1164 397.23184
v -39.902504 853.2357 392.89203
v 27.106558 860.8755 393.40372
v -48.575737 852.80853 389.31372
v 25.715492 860.7806 392.4315
v -39.962868 856.3729 392.6666
v 27.042456 864.22314 396.22128
v -40.02359 859.51135 392.44507
v -48.636467 855.9502 389.0878
v -48.697197 859.09326 388.86578
v -40.084328 862.6517 392.22736
v -52.215424 855.2642 380.43106
v -48.758125 862.2384 388.64795
v -52.276337 858.41876 380.20856
v -52.337257 861.57495 379.98975
v -52.154503 852.1114 380.6577
v -48.818855 865.3849 388.43378
v -52.093582 848.9593 380.88855
v -52.1388 850.5917 314.84622
v -40.145058 865.7934 392.0137
v -52.076202 847.3542 315.07874
v -52.20141 853.831 314.61737
v -53.11203 850.47406 313.45724
v -53.17463 853.71484 313.2286
v -53.049614 847.23456 313.69022
v -53.23741 856.9577 313.0038
v -52.013786 844.1205 315.31543
v -52.264 857.0717 314.3928
v -56.216698 853.6562 313.2291
v -56.153908 850.4151 313.45798
v -56.279106 856.89874 313.00464
v -52.326607 860.3139 314.17224
v -56.950165 850.49896 314.84677
v -52.34996 861.7558 335.58075
v -57.012764 853.7379 314.61786
v -56.88775 847.26135 315.07925
v -56.09131 847.17584 313.69086
v -52.986824 843.99915 313.92682
v -56.02871 843.9405 313.92746
v -51.443085 764.0935 319.82504
v -56.82514 844.0275 315.31598
v -50.38446 759.7985 321.5398
v -54.484962 764.0347 319.8257
v -55.196007 759.70667 321.5403
v -56.904945 848.86774 380.90906
v -47.291374 600.2659 384.94873
v -52.10273 600.1732 384.94968
v -47.236244 597.429 386.31918
v -52.0478 597.3362 386.32025
v -47.186356 594.8621 388.04868
v -51.99772 594.7692 388.0496
v -47.142067 592.5896 390.09805
v -51.95343 592.49677 390.09903
v -47.103943 590.63605 392.42822
v -51.915306 590.54315 392.42905
v -47.072365 589.0257 395.00046
v -51.883537 588.9327 395.00137
v -47.04751 587.78284 397.77597
v -51.859055 587.69006 397.7771
v -51.844856 586.9768 400.2406
v -47.033493 587.07556 400.2196
v -51.649574 586.8427 400.71637
v -44.270607 586.5566 406.93088
v -46.83055 586.9357 400.7156
v -45.570854 586.52545 403.78
v -50.386703 586.4325 403.781
v -56.965675 852.0198 380.67828
v -57.026596 855.17267 380.4516
v -57.0875 858.3271 380.2289
v -52.101807 859.2652 392.25983
v -57.075363 856.9789 314.39343
v -40.048637 859.847 397.2455
v -57.14862 861.4834 380.01013
v -52.16253 862.40564 392.04224
v -57.13797 860.2209 314.17288
v 25.649696 864.25073 397.01447
v -40.109177 862.9809 397.02823
v -40.169724 866.1165 396.81512
v -56.341705 860.14276 312.78384
v -29.367666 866.3251 396.8128
v -53.30002 860.20154 312.7832
v -52.223267 865.5476 391.82837
v -52.398735 864.04584 313.9233
v -52.473114 869.1761 391.7943
v -52.42135 865.44824 335.20807
v -40.444992 869.7383 396.79996
v -52.632515 865.769 340.13943
v -29.714312 869.9308 396.57462
v -52.355385 862.08826 340.51886
v -18.565418 866.53357 396.81027
v -41.00448 873.3754 397.10226
v -18.762566 870.1421 396.56982
v -52.97225 872.8188 392.05322
v -30.445164 873.53076 396.34534
v -13.925975 866.623 396.80933
v -19.135933 873.7485 396.33453
v -14.115272 870.24347 396.74475
v -9.286352 866.71277 396.8084
v -41.658905 877.0165 397.51447
v -9.356428 870.347 396.9196
v -53.554535 876.4656 392.41263
v -31.303646 877.1289 396.12228
v -4.492739 866.8051 396.8074
v -14.469955 873.8769 396.92847
v -19.568165 877.35455 396.1044
v 0.300683 866.89777 396.80652
v -4.441347 870.4301 396.74274
v -9.427057 874.0127 397.52255
v 25.589344 867.38605 396.80124
v 0.358613 870.5112 396.56583
v -4.222337 874.07477 396.9263
v -14.879764 877.5139 397.19882
v -9.497887 877.687 398.29352
v 0.59314 874.1292 396.33023
v 25.519447 870.9971 396.5605
v 26.982096 867.35956 396.00787
v -3.947447 877.7251 397.19653
v 27.045813 864.01465 393.1862
v 26.912207 870.9716 395.76733
v 26.985094 867.1552 392.9724
v 25.654942 863.921 392.21365
v 25.449745 874.60913 396.3252
v 0.886524 877.7494 396.10016
v 26.915392 870.7717 392.73132
v 26.842505 874.58496 395.53162
v 25.379868 878.22235 396.09506
v 25.594208 867.0625 391.99997
v 26.845312 874.38965 392.49554
v 25.524319 870.6808 391.7587
v 26.77242 878.19916 395.30148
v 1.121049 881.3689 395.87503
v 25.310183 881.83606 395.87003
v -3.728438 881.36835 397.391
v -9.568521 881.3489 398.90717
v -3.677048 884.9933 397.3478
v -15.234447 881.1463 397.39368
v -9.638597 884.9797 399.03973
v -15.423741 884.7664 397.35025
v -19.941528 880.9623 395.87952
v -20.13868 884.57416 395.66003
v -32.03431 880.73016 395.90372
v -32.38114 884.3391 395.6866
v -42.218575 880.6519 397.82776
v -42.49366 884.2725 397.83386
v -54.053474 880.10675 392.6819
v -54.30352 883.7345 392.6691
v -42.593254 889.4235 397.52997
v -32.480927 889.49445 395.38248
v -15.523343 889.9185 397.04587
v -20.238277 889.72955 395.3561
v -32.580353 894.6492 395.08908
v -20.337883 894.8841 395.06284
v -9.73801 890.12823 398.73615
v -15.622762 895.06964 396.75317
v -32.67996 899.8021 394.80695
v -3.776464 890.14526 397.04343
v -20.437485 900.03723 394.78046
v -9.837612 895.2759 398.4434
v -42.692856 894.5738 397.2372
v -15.722177 900.21906 396.471
v -32.779373 904.95245 394.536
v -3.876066 895.2965 396.7507
v -20.536901 905.18756 394.50922
v -9.936841 900.422 398.16125
v -42.792267 899.7223 396.95493
v -15.821774 905.36597 396.2
v -3.975662 900.446 396.4686
v -20.636318 910.3365 394.24866
v -10.036256 905.5653 397.89066
v -32.878967 910.0995 394.2757
v -15.921194 910.5123 395.93976
v -4.075077 905.5927 396.19757
v -10.135481 910.7086 397.63034
v -19.974796 1081.5052 387.408
v 0.780574 905.5991 394.50455
v -14.190584 1081.7504 389.09634
v -4.174492 910.74066 395.93695
v -8.23053 1081.8304 387.40082
v 0.879989 900.4488 394.7761
v 0.681159 910.75085 394.24414
v 0.979591 895.29565 395.05817
v 24.842035 906.0638 394.49963
v 24.941462 900.9133 394.77106
v 1.079003 890.1412 395.35156
v -3.375999 1081.8796 385.7061
v 25.041246 895.76013 395.05316
v 1.178792 884.9854 395.65558
v 25.140678 890.6055 395.34662
v 25.24028 885.44995 395.65036
v 26.702719 881.8141 395.07663
v 26.53324 890.5867 394.55267
v 26.77561 878.0081 392.26514
v 26.632837 885.4292 394.8569
v 26.70553 881.6274 392.03986
v 25.454248 874.29987 391.52274
v 25.384346 877.9199 391.29233
v 26.635824 885.2471 391.8198
v 25.314468 881.54083 391.06662
v 26.43363 895.7429 394.25952
v 26.536036 890.41046 391.51547
v 25.244392 885.1618 390.84686
v 26.334036 900.8975 393.97717
v 26.436243 895.573 391.2217
v 26.234423 906.04944 393.70575
v 26.336458 900.73425 390.939
v 25.044983 895.4919 390.24844
v 24.742632 911.21857 394.2389
v 25.144608 890.3272 390.54205
v 20.681187 1082.5454 385.69083
v 1.083862 889.86285 390.5471
v 15.207554 1258.4849 376.79858
v 1.183648 884.69727 390.8519
v 0.98426 895.0275 390.25336
v 1.125905 881.07367 391.07175
v 24.9452 900.6551 389.96555
v 0.891569 877.44714 391.29733
v 0.88429 900.19055 389.9706
v 0.598369 873.82007 391.52805
v -3.853831 877.42395 392.38467
v 0.364225 870.19476 391.76404
v -4.098629 873.76733 392.1192
v -4.333149 866.4848 392.00613
v -4.292414 870.11646 391.93912
v -8.972406 866.3952 392.00705
v -9.042669 870.0366 392.11768
v -9.113491 873.7092 392.7202
v -13.920935 866.29987 392.00797
v -14.104433 869.9273 391.94443
v -18.86927 866.2042 392.00925
v -29.506142 865.9988 392.01126
v -19.066418 869.8198 391.76807
v -14.446223 873.56824 392.13147
v -29.742535 869.6213 391.88293
v -9.18432 877.3907 393.4907
v -19.440159 873.43317 391.53226
v -14.840144 877.213 392.4057
v -3.66004 881.0737 392.5753
v -9.255136 881.05963 394.10416
v -3.619492 884.7052 392.53
v -15.181933 880.8529 392.60373
v -3.719088 889.86725 392.22552
v -9.325212 884.6974 394.23596
v -3.818883 895.02856 391.932
v -9.425007 889.8558 393.93173
v -15.36563 884.4803 392.561
v -19.87239 877.04626 391.3017
v -20.245945 880.6612 391.07648
v -30.209148 873.24994 391.91617
v -30.752386 876.8805 392.00674
v -40.42032 869.42236 391.9978
v -40.980003 873.06647 392.2999
v -49.094116 869.01886 388.41812
v -52.39818 864.73236 379.77512
v -49.654167 872.66815 388.71976
v -52.385284 863.92975 367.86215
v -52.673813 868.379 379.75827
v -41.634613 876.71454 392.7117
v -53.234055 872.04095 380.05923
v -31.219183 880.5091 392.05032
v -50.308777 876.3214 389.1311
v -20.443096 884.27985 390.85626
v -42.19449 880.3569 393.0244
v -31.455568 884.1323 391.94305
v -20.543072 889.44507 390.55182
v -15.465413 889.642 392.25677
v -42.469543 883.9847 393.0301
v -15.565019 894.8032 391.963
v -50.868454 879.9691 389.44342
v -20.642666 894.61 390.25787
v -42.569534 889.1457 392.72583
v -51.143898 883.6021 389.44867
v -53.888847 875.7072 380.4693
v -54.449097 879.3674 380.7812
v -52.5587 867.593 367.79617
v -52.87433 871.2698 367.98123
v -52.3722 863.1276 355.9521
v -52.443398 866.80725 355.8369
v -53.23741 874.9506 368.25366
v -52.36641 862.7743 350.7044
v -52.36062 862.421 345.45712
v -52.64354 866.458 350.5989
v -52.514595 870.4988 355.90582
v -52.843864 866.099 345.2113
v -53.206207 870.1496 350.6926
v -52.585983 874.19434 356.04037
v -53.897446 869.7676 344.97144
v -53.553238 878.6265 368.44955
v -53.863808 873.8434 350.85587
v -54.724533 883.0131 380.7859
v -52.657005 877.88574 356.12027
v -53.72628 882.2895 368.40512
v -54.824883 888.19946 380.47977
v -53.19462 869.4339 339.57968
v -55.140892 873.4334 344.73682
v -54.426292 877.53424 350.96005
v -52.728195 881.5658 356.02664
v -52.492546 869.13086 334.66602
v -53.851845 873.095 338.9641
v -56.194283 877.1035 344.5071
v -54.703423 881.2185 350.8763
v -52.829292 886.8034 355.71765
v -56.67752 880.78467 344.2833
v -54.413956 876.7633 338.41507
v -52.56375 872.81165 334.07092
v -54.804893 886.4669 350.56677
v -54.69146 880.4493 338.05673
v -52.47087 867.77924 313.68005
v -52.63513 876.4979 333.53943
v -52.543 871.5132 313.4422
v -53.372154 863.9356 312.5341
v -53.444473 867.67096 312.29077
v -56.41384 863.87695 312.53473
v -56.486168 867.6121 312.2913
v -57.210106 863.9529 313.92407
v -57.282234 867.68616 313.68073
v -56.558296 871.3483 312.05334
v -57.232513 865.3347 334.8978
v -57.35437 871.4205 313.4429
v -57.30372 869.0181 334.356
v -57.374916 872.6993 333.7609
v -57.166565 861.98505 340.36456
v -57.443695 865.66614 339.98624
v -58.00599 869.3313 339.43124
v -57.172157 862.32794 345.4577
v -57.655235 866.0062 345.2123
v -58.663025 872.9927 338.82047
v -57.177956 862.68134 350.70508
v -58.708626 869.67474 344.97217
v -57.455093 866.36487 350.59546
v -57.18357 863.0346 355.95193
v -57.44593 876.38574 333.2294
v -57.196648 863.83777 367.87378
v -57.4265 875.15515 313.21048
v -57.254578 866.71423 355.83685
v -58.01757 870.0558 350.67902
v -57.20954 864.6405 379.79523
v -57.269157 867.51166 367.9451
v -57.485367 868.2875 379.77853
v -57.325966 870.40607 355.90616
v -57.344093 871.2143 368.4573
v -58.045418 871.9494 380.0796
v -57.397163 874.1014 356.04025
v -58.7004 875.61554 380.48987
v -57.41977 874.92456 369.121
v -59.260452 879.27576 380.8017
v -57.494522 878.62396 369.64465
v -57.468544 877.7928 356.12042
v -59.536087 882.92126 380.8066
v -57.56685 882.2953 369.7374
v -57.539566 881.4727 356.02676
v -54.403114 888.89606 392.36475
v -59.636063 888.1078 380.50034
v -57.66738 887.5044 369.43054
v -54.502724 894.057 392.07144
v -59.736412 893.29333 380.20544
v -57.768105 892.7128 369.13416
v -54.60269 899.2162 391.7885
v -59.836563 898.47705 379.9214
v -57.86882 897.9195 368.84897
v -57.640854 886.7104 355.71747
v -57.74176 891.9474 355.41983
v -57.96917 903.1236 368.57507
v -59.514786 881.1233 350.83676
v -59.93672 903.65814 379.64886
v -54.702095 904.3728 391.51736
v -42.891495 904.8681 396.68405
v -60.036705 908.8314 379.3871
v -42.990913 910.0097 396.4241
v -54.801712 909.5231 391.25668
v -36.929394 1080.9523 385.75098
v -58.069702 908.31964 368.31238
v -47.039658 1080.7803 387.9034
v -64.081894 1079.4509 370.8743
v -24.689175 1081.2896 385.71933
v -58.848022 1080.1934 382.7414
v -42.391434 1256.5203 376.87756
v -62.1149 1078.9478 359.7988
v -30.15365 1256.9364 376.8417
v -25.440393 1257.1837 378.52905
v -52.49964 1256.2844 379.0334
v -36.741215 1436.3152 367.68768
v -19.657299 1257.4672 380.2155
v -32.02852 1436.5852 369.37393
v -26.246365 1436.8971 371.05872
v -13.69836 1257.5841 378.5177
v -20.28855 1437.042 369.35956
v -8.844768 1257.6642 376.82138
v -15.435704 1437.1438 367.6622
v 8.612131 1438.0797 367.63348
v -27.71218 1619.2456 359.99738
v -22.859892 1619.3627 358.29886
v -33.669247 1619.0814 361.69724
v 1.184965 1620.3771 358.26633
v -39.450462 1618.7506 360.0132
v -35.679596 1803.2368 350.50177
v -41.63629 1803.0623 352.20215
v -30.827682 1803.3628 348.803
v -6.784894 1804.4203 348.76807
v -44.162224 1618.4644 358.32782
v -48.97676 1435.8403 367.72632
v -47.417137 1802.7205 350.51892
v -56.39628 1617.95 358.3686
v -59.083107 1435.5571 369.8847
v -52.128525 1802.4258 348.83386
v -64.30557 1255.6185 373.87488
v -66.50131 1617.6346 360.52844
v -69.53815 1254.8356 362.00974
v -70.886986 1434.8325 364.72925
v -76.11843 1434.0198 352.8655
v -67.571526 1254.339 350.93427
v -74.151794 1433.5277 341.7894
v -83.53402 1616.0364 343.5128
v -67.546486 1253.6415 337.21634
v -81.56777 1615.5476 332.4367
v -74.12657 1432.8245 328.07217
v -81.54235 1614.8407 318.71927
v -62.090225 1078.2578 346.08014
v -76.101616 1432.4813 322.88214
v -58.04503 907.6383 354.59338
v -83.51702 1614.4893 313.52948
v -69.52189 1253.3098 332.02548
v -64.06602 1077.9415 340.88885
v -57.944122 902.41486 354.85754
v -60.02157 907.34186 349.4005
v -57.84304 897.1824 355.13303
v -59.920288 902.10815 349.6654
v -59.818825 896.865 349.94147
v -59.717545 891.6191 350.229
v -61.895317 901.7311 343.10944
v -59.616257 886.3716 350.5275
v -61.793663 896.4744 343.3864
v -61.69201 891.2149 343.67444
v -61.996796 906.97766 342.8441
v -59.910004 901.44037 336.74182
v -66.04086 1077.5566 334.33344
v -60.011673 906.69977 336.47586
v -64.05611 1077.2914 327.96432
v -71.496185 1252.9082 325.4708
v -69.511795 1252.6517 319.1014
v -78.075356 1432.0679 316.32782
v -76.09133 1431.8184 309.9577
v -85.49037 1614.0679 306.9758
v -83.506546 1613.8231 300.60574
v -74.10808 1431.6365 304.91217
v -93.45294 1797.9459 297.48627
v -81.52368 1613.6461 295.55978
v -91.46931 1797.7034 291.11603
v -89.48623 1797.5294 286.06964
v -91.47977 1798.3721 304.03983
v -91.53732 1803.9208 290.92703
v -89.505295 1798.7278 309.2293
v -93.315216 1804.1653 297.16486
v -91.54761 1804.5754 303.58325
v -89.53089 1799.4369 322.9465
v -89.778885 1804.9221 308.77936
v -92.607735 1810.4105 296.84314
v -91.49716 1799.924 334.02286
v -91.32074 1810.1606 290.9205
v -91.33065 1810.7825 302.93832
v -89.760185 1803.7374 285.8756
v -89.80279 1805.622 322.31097
v -90.052826 1811.1085 308.14978
v -90.034325 1809.955 285.85608
v -89.743744 1802.7012 265.84598
v -90.01788 1808.9027 265.5252
v -90.30902 1816.1763 285.8947
v -89.47018 1796.4994 266.16614
v -90.29202 1815.1062 265.20462
v -81.50742 1612.6193 275.65588
v -91.0098 1816.4087 290.97482
v -74.092186 1430.6151 285.00818
v -91.71074 1816.6653 296.5207
v -67.52836 1252.4625 314.05603
v -91.01876 1816.9916 302.23053
v -62.07248 1077.0922 322.9193
v -67.51265 1251.4498 294.1516
v -58.027657 906.4878 331.43152
v -62.05715 1076.0905 303.01434
v -73.29686 1430.575 283.61697
v -66.717155 1251.4063 292.76022
v -58.01271 905.4989 311.5259
v -80.71209 1612.5813 274.26468
v -57.92581 901.218 331.6979
v -88.67484 1796.4625 264.77484
v -61.261833 1076.0425 301.62366
v -88.94881 1802.6638 264.45447
v -85.63558 1796.5963 264.77063
v -89.22257 1808.8662 264.13397
v -85.909164 1802.7976 264.45004
v -86.183304 1808.9998 264.12946
v -89.497086 1815.0692 263.81348
v -86.45744 1815.2026 263.8089
v -84.9363 1802.9124 265.83905
v -89.7714 1821.2727 263.49246
v -85.21025 1809.1144 265.5185
v -84.662346 1796.7113 266.15976
v -86.73196 1821.4066 263.48807
v -77.67245 1612.7092 274.2608
v -76.699425 1612.822 275.64975
v -70.25685 1430.6931 283.61307
v -69.28363 1430.8025 285.003
v -63.676765 1251.51 292.7575
v -76.71586 1613.8649 295.86432
v -58.220505 1076.1262 301.62177
v -69.2997 1431.8396 305.21765
v -62.703156 1251.6141 294.1472
v -84.67899 1797.7572 286.3741
v -62.71924 1252.6426 314.36258
v -57.246727 1076.2235 303.01166
v -57.26242 1077.2407 323.2278
v -64.7023 1252.8231 319.23508
v -57.21701 905.4454 310.13528
v -54.175323 905.50464 310.13483
v -57.91012 900.1891 311.79422
v -53.201347 905.5925 311.52527
v -57.11441 900.1327 310.40405
v -53.216675 906.5968 331.74176
v -54.07254 900.19135 310.40353
v -53.098747 900.28204 311.79367
v -53.114822 901.32684 332.00818
v -52.99598 894.9603 312.074
v -53.969757 894.8667 310.68393
v -57.807335 894.86743 312.0746
v -57.01146 894.8082 310.68466
v -52.893204 889.636 312.36563
v -57.823784 895.93756 331.97604
v -53.866806 889.5397 310.97574
v -57.704376 889.5432 312.36618
v -56.908684 889.48083 310.97638
v -59.808167 896.1705 337.01956
v -59.70632 890.89764 337.3082
v -57.721756 890.6545 332.26547
v -61.590355 885.9539 343.9737
v -59.604492 885.62317 337.60822
v -57.6016 884.2171 312.66916
v -61.4887 880.6917 344.28415
v -57.61953 885.3696 332.56625
v -59.23783 877.4391 350.92493
v -59.502457 880.3483 337.9195
v -61.00583 877.01044 344.508
v -58.675163 873.7487 350.83066
v -59.952248 873.3405 344.73737
v -59.22532 876.66174 338.2759
v -57.51751 880.08417 332.8778
v -57.498634 878.89044 312.9835
v -56.630432 875.0853 311.8208
v -56.805527 884.15186 311.27933
v -56.70275 878.82214 311.59375
v -53.5166 871.40717 312.0526
v -53.588737 875.144 311.81998
v -52.615143 875.2482 313.20987
v -53.660866 878.88104 311.59305
v -52.68728 878.9833 312.98285
v -52.70652 880.1956 333.1881
v -53.763832 884.2108 311.2789
v -52.79023 884.3102 312.66885
v -52.808548 885.48035 332.8763
v -54.793304 885.7243 337.74573
v -52.91078 890.76465 332.57574
v -53.012794 896.04694 332.2866
v -54.895157 890.99817 337.44565
v -56.779182 886.0466 343.97318
v -54.996803 896.2708 337.1569
v -56.880653 891.3078 343.6736
v -54.906372 891.7144 350.2685
v -56.982307 896.5674 343.38562
v -55.09864 901.5404 336.87915
v -52.930573 892.04034 355.41977
v -55.200485 906.8002 336.6133
v -57.08377 901.8242 343.1088
v -55.007652 896.96027 349.98102
v -59.245865 1077.4314 328.09976
v -57.18525 907.07104 342.8434
v -55.108734 902.2033 349.7048
v -53.03167 897.27515 355.1331
v -61.23044 1077.69 334.3305
v -55.210022 907.4373 349.44028
v -53.132767 902.50793 354.85764
v -54.92504 893.3851 380.1849
v -55.025208 898.56885 379.9011
v -51.24369 888.77026 389.14398
v -51.343666 893.93823 388.85007
v -42.66913 894.30585 392.43216
v -51.44345 899.1041 388.56708
v -55.125183 903.75 379.62823
v -20.742458 899.77295 389.97513
v -42.76873 899.4643 392.14963
v -51.543053 904.2673 388.29507
v -53.233864 907.73193 354.59332
v -55.22516 908.924 379.36646
v -42.86814 904.62006 391.87805
v -59.255775 1078.0768 340.92633
v -57.279793 1078.3909 346.07843
v -51.64303 909.4243 388.03436
v -66.68651 1253.0726 325.46634
v -64.7124 1253.4757 332.06137
v -59.271286 1079.5831 370.85178
v -71.282776 1432.0123 310.09076
v -73.26661 1432.2551 316.32202
v -78.698555 1614.033 300.73776
v -62.73699 1253.8057 337.21277
v -71.29305 1432.6703 322.91647
v -80.68256 1614.2709 306.96936
v -86.66168 1797.9224 291.2475
v -69.31801 1433.0116 328.06732
v -78.70902 1614.6941 313.56335
v -88.645515 1798.1573 297.47943
v -64.72866 1254.9988 361.98593
v -76.73454 1615.0438 318.71356
v -55.689903 1080.1187 379.51773
v -71.309685 1434.2056 352.84045
v -61.147842 1255.5623 370.6507
v -47.01629 1080.5391 383.09744
v -52.476295 1256.0405 374.22717
v -67.7298 1434.79 361.5041
v -42.967926 909.77136 391.61768
v -59.05974 1435.3114 365.07858
v -41.466606 1256.3615 373.13165
v -24.99452 1081.0391 380.913
v -20.842247 904.9331 389.70328
v -20.941853 910.0916 389.44257
v -15.66481 899.9627 391.6806
v -15.76441 905.11957 391.40894
v -9.52461 895.01355 393.63828
v -9.624203 900.1694 393.3561
v -3.918483 900.1879 391.64902
v -9.723621 905.3227 393.08444
v 0.784682 905.3507 389.699
v -4.018082 905.34485 391.37762
v -15.864012 910.27515 391.14813
v -9.823223 910.4758 392.82382
v -4.117681 910.50214 391.11682
v -19.91761 1081.2659 382.61685
v -13.878133 1081.5172 384.29
v -8.173715 1081.5891 382.58078
v -25.383213 1256.9419 373.73798
v -19.344856 1257.233 375.40927
v -13.641371 1257.341 373.698
v -30.458996 1256.6818 372.03595
v -25.934105 1436.6624 366.25235
v -37.046192 1436.0564 362.88205
v -31.971151 1436.3416 364.5825
v -44.467377 1618.2037 353.5223
v -39.393097 1618.5055 355.22244
v -33.356804 1618.8467 356.89093
v -20.23155 1436.7968 364.53973
v -27.655188 1618.9991 355.17737
v -41.323845 1802.8271 347.396
v -15.431593 1436.8971 362.85632
v -35.622612 1802.9897 345.68207
v -22.855598 1619.1151 353.49304
v -30.823391 1803.114 343.99707
v -8.840469 1257.4196 372.01553
v 1.18832 1620.129 353.46017
v -3.371693 1081.6378 380.89966
v 8.6155 1437.8331 362.82755
v 15.210913 1258.2402 371.99252
v 0.685089 910.512 389.43787
v 20.684551 1082.3033 380.8848
v 24.845411 905.81525 389.694
v 24.745808 910.9801 389.4328
v 26.236864 905.8925 390.6671
v 26.13708 911.05554 390.40616
v 22.075617 1082.391 381.8577
v 26.135012 911.2065 393.44498
v 16.601604 1258.3374 372.96494
v 22.073195 1082.544 384.89633
v 10.006001 1437.9374 363.79965
v 16.599176 1258.4918 376.00348
v 2.578829 1620.2378 354.4319
v 10.003763 1438.0929 366.83807
v 2.576216 1620.3945 357.4707
v -6.781346 1804.1716 343.9623
v -5.391212 1804.2833 344.93387
v -5.393643 1804.4403 347.97226
v -5.664983 1810.4846 344.61343
v -7.055299 1810.3732 343.6415
v -5.667409 1810.6417 347.65152
v -31.224787 1809.3098 343.67654
v -5.93893 1816.6865 344.29272
v -7.329251 1816.5753 343.32104
v -36.006813 1809.1771 345.18707
v -31.80278 1815.4983 343.35684
v -6.213262 1822.8896 343.97214
v -7.058846 1810.6218 348.44727
v -5.941549 1816.8441 347.33118
v -31.229094 1809.5586 348.4827
v -7.332799 1816.8239 348.12683
v -6.215688 1823.0469 347.01062
v -7.603572 1822.7782 343.00055
v -6.487766 1829.094 343.65158
v -7.607128 1823.027 347.8063
v -32.44001 1821.6855 343.0366
v -31.807085 1815.7474 348.16263
v -6.490201 1829.2507 346.68988
v -36.074463 1809.4236 350.00555
v -36.637135 1815.5914 349.2658
v -41.909683 1809.2454 351.52972
v -42.182884 1815.4038 350.37015
v -47.571304 1808.9178 350.02216
v -47.560844 1815.1111 349.2818
v -52.275032 1808.6323 348.51343
v -52.245697 1814.8479 348.19254
v -47.49543 1821.3029 348.4599
v -64.35847 1808.1019 348.55267
v -52.15786 1821.0674 347.87106
v -63.972214 1814.333 348.22498
v -63.458313 1820.5706 347.89612
v -64.36165 1801.8889 348.8759
v -74.31905 1813.9497 349.63068
v -74.534515 1807.7539 350.49017
v -74.465744 1801.555 351.03674
v -74.00924 1820.1458 348.66678
v -78.30351 1616.8698 355.37512
v -86.26702 1800.7686 345.88474
v -86.36101 1806.967 345.35632
v -91.565544 1806.1226 333.47632
v -86.206085 1813.1626 344.54053
v -91.350266 1812.3187 332.61664
v -90.07282 1811.7858 321.23917
v -85.968765 1819.3572 343.62894
v -91.04045 1818.5142 331.65274
v -90.3421 1817.9424 320.02176
v -90.32659 1817.2925 307.46048
v -90.61234 1824.107 318.94962
v -90.601105 1823.4803 306.8313
v -90.80255 1823.2 301.58588
v -90.82574 1824.7117 330.79327
v -85.81442 1825.5547 342.81296
v -90.87562 1829.6785 306.3809
v -90.885345 1830.2958 318.31354
v -90.89524 1830.9137 330.24655
v -90.871346 1829.4069 301.12918
v -92.071976 1857.4357 328.8752
v -90.867035 1829.1345 295.87714
v -91.00382 1822.9122 296.19843
v -90.86292 1828.8711 290.77908
v -90.79377 1822.6505 290.96796
v -90.85861 1828.6072 285.6806
v -90.58392 1822.396 285.87524
v -90.566734 1821.3097 264.88388
v -90.84143 1827.5146 264.56305
v -90.04629 1827.4777 263.172
v -92.01797 1854.0354 263.192
v -91.22283 1853.9987 261.80072
v -87.006645 1827.6115 263.16742
v -88.18338 1854.1333 261.7961
v -92.40294 1880.5311 260.4286
v -86.03382 1827.7261 264.55655
v -93.19787 1880.5674 261.82007
v -85.758934 1821.5216 264.87698
v -93.252075 1883.9702 327.50327
v -85.48458 1815.3177 265.19794
v -94.38131 1907.1238 260.44626
v -85.22707 1810.1824 286.16046
v -85.501785 1816.4042 286.199
v -85.776474 1822.6239 286.1794
v -84.95276 1803.965 286.17984
v -86.20218 1816.6282 291.11737
v -86.72971 1804.139 291.0605
v -86.513306 1810.3794 291.0583
v -88.50759 1804.3768 297.15814
v -87.80011 1810.622 296.83636
v -86.90313 1816.877 296.51385
v -85.98634 1822.8696 291.11517
v -86.19637 1823.1235 296.19162
v -86.055305 1829.0907 290.9278
v -86.05941 1829.3462 295.87048
v -87.210335 1854.2485 263.18512
v -87.26436 1857.6477 328.8488
v -86.06388 1829.6184 301.12283
v -89.36348 1880.6667 260.42404
v -85.99475 1823.4119 301.58356
v -93.586174 1907.0875 259.05515
v -88.39062 1880.7823 261.8134
v -90.5469 1907.2231 259.05054
v -95.5655 1933.6697 259.0735
v -89.57386 1907.3387 260.43958
v -94.435135 1910.5262 326.12952
v -94.77056 1933.6338 257.682
v -91.7313 1933.7704 257.67755
v -88.44464 1884.1832 327.47644
v -90.75826 1933.8864 259.06665
v -89.6277 1910.74 326.10318
v -83.68541 1858.256 337.51108
v -84.865685 1884.7931 336.13882
v -90.81227 1937.2903 324.7296
v -86.04893 1911.3496 334.7655
v -92.43002 1960.379 256.99884
v -91.94339 1960.4373 257.69318
v -92.916435 1960.3208 256.30426
v -91.997604 1963.8429 323.35632
v -94.459045 1960.2511 256.30652
v -96.75064 1960.2194 257.7002
v -95.95569 1960.1831 256.30905
v -87.233505 1937.9008 333.39197
v -95.61952 1937.0746 324.75674
v -96.80485 1963.6255 323.3832
v -88.41882 1964.4552 332.01852
v -77.38111 1911.9222 338.33734
v -91.81969 1964.4768 335.4206
v -79.75138 1965.0345 335.58984
v -90.63437 1937.9241 336.79398
v -79.77476 1965.283 340.39578
v -89.44979 1911.3735 338.16733
v -77.404655 1912.1703 343.143
v -88.26635 1884.8171 339.54095
v -76.221405 1885.6139 344.51642
v -87.086266 1858.2813 340.91302
v -75.04095 1859.0737 345.88895
v -85.90935 1831.7565 342.28436
v -73.79432 1826.3427 347.8074
v -73.86403 1832.5444 347.26074
v -63.072426 1826.8029 347.56845
v -63.07038 1833.0199 347.24487
v -52.1289 1827.284 347.5501
v -52.27671 1833.4944 347.2292
v -47.485344 1827.4977 347.71906
v -47.640823 1833.6985 347.22232
v -42.45646 1821.5553 349.04816
v -42.730225 1827.7161 347.88834
v -37.25605 1821.7535 348.44492
v -43.00493 1833.9023 347.21548
v -37.81909 1827.923 347.70514
v -32.444305 1821.9342 347.84238
v -38.21488 1834.1132 347.2085
v -33.022858 1828.1245 347.52246
v -7.881454 1829.2307 347.48544
v -8.156333 1835.4355 347.1649
v -9.334372 1861.987 345.792
v -6.765082 1835.4556 346.3691
v -10.51577 1888.5498 344.41864
v -7.942932 1862.0073 344.99628
v -11.69903 1915.1064 343.04495
v -6.762466 1835.2987 343.33054
v -9.124327 1888.571 343.62262
v -8.152785 1835.1868 342.35876
v -7.940506 1861.8505 341.958
v -9.121902 1888.4136 340.58432
v -33.01857 1827.8761 342.71652
v -9.330818 1861.7379 340.9864
v -33.4209 1834.075 342.39563
v -10.512213 1888.3013 339.61255
v -10.305161 1914.9701 339.21075
v -11.695478 1914.8577 338.2392
v -76.197876 1885.3662 339.7108
v -10.307779 1915.1274 342.24915
v -14.067803 1968.0144 335.48975
v -75.017395 1858.826 341.08295
v -11.490868 1941.5471 337.83603
v -26.704945 1967.6903 340.31476
v -13.372647 1968.0708 335.9757
v -12.884541 1941.6836 341.67038
v -12.677301 1968.128 336.46127
v -11.493475 1941.7046 340.87442
v -12.678796 1968.2083 338.00397
v -14.071354 1968.2637 340.29565
v -13.375454 1968.2744 339.89764
v -12.679917 1968.2856 339.49954
v -37.67128 1827.6802 342.8977
v -38.056602 1833.8715 342.4024
v -37.133274 1821.5096 343.63394
v -42.417786 1827.4808 343.08188
v -36.54445 1815.3462 344.45078
v -42.14402 1821.3204 344.24158
v -41.87063 1815.1691 345.56387
v -41.597237 1809.0104 346.72345
v -47.522346 1814.8643 344.4854
v -47.35958 1802.4753 345.72754
v -47.519547 1808.6721 345.2297
v -52.433502 1802.1635 344.0286
v -52.58 1808.3704 343.70825
v -47.47264 1821.0558 343.65918
v -63.43683 1801.7357 345.1297
v -52.550476 1814.5854 343.3868
v -66.47796 1617.3873 355.72272
v -63.544464 1807.9387 344.69617
v -74.44258 1801.3073 346.231
v -75.1467 1616.8368 352.14948
v -78.72602 1616.2382 343.48682
v -83.11059 1800.7406 342.6588
v -86.68935 1800.1342 333.99658
v -85.69371 1799.5366 321.60883
v -83.17897 1806.9391 342.11218
v -74.51098 1807.5061 345.68445
v -86.75792 1806.3329 333.4498
v -82.96352 1813.1346 341.2529
v -63.422066 1814.1437 344.10602
v -74.29552 1813.702 344.82495
v -52.462646 1820.8049 343.06583
v -63.223404 1820.3512 343.46326
v -47.475815 1827.249 342.91516
v -52.433876 1827.0219 342.74484
v -42.6923 1833.6674 342.40915
v -47.63671 1833.4497 342.41632
v -52.581497 1833.2325 342.4237
v -63.101578 1826.5588 342.87308
v -73.98586 1819.8975 343.86124
v -63.210136 1832.7646 342.4391
v -73.77097 1826.0947 343.0012
v -82.65367 1819.3307 340.28894
v -73.840675 1832.2969 342.45453
v -82.50869 1831.7306 338.88248
v -82.43897 1825.528 339.4291
v -86.542656 1812.5289 332.59015
v -86.23283 1818.7247 331.62637
v -86.01792 1824.9214 330.76672
v -85.86468 1805.7333 321.11035
v -85.89383 1811.9247 320.36578
v -84.697876 1798.9397 309.22314
v -84.971436 1805.1343 308.77332
v -86.67216 1798.5858 304.07306
v -86.73998 1804.7886 303.6125
v -85.245026 1811.32 308.14374
v -85.875885 1818.1143 319.5393
v -86.523026 1810.9954 302.958
v -85.519165 1817.5043 307.45465
v -86.211334 1817.2036 302.23816
v -85.9056 1824.307 318.79492
v -85.793304 1823.692 306.82513
v -86.06799 1829.8901 306.37497
v -86.077896 1830.5067 318.2961
v -86.087616 1831.1237 330.21997
v -95.63128 1963.6371 320.5465
v -95.56869 1960.4075 320.78522
v -95.98652 1963.3579 316.86078
v -94.58986 1960.6818 324.25034
v -95.92411 1960.1277 317.09943
v -94.65227 1963.912 324.012
v -96.36437 1958.9373 257.07404
v -79.41239 1959.265 257.07043
v -96.302155 1955.7078 257.31256
v -79.349785 1956.0345 257.30908
v -93.04611 1960.9471 327.4371
v -93.10853 1964.1769 327.19897
v -90.99614 1961.1967 330.28815
v -91.05858 1964.4269 330.04947
v -88.498985 1961.4268 332.74524
v -88.56122 1964.6566 332.5066
v -85.61278 1961.6304 334.7503
v -85.67536 1964.86 334.51178
v -82.39671 1961.8027 336.2461
v -82.45914 1965.0331 336.00757
v -78.90952 1961.9385 337.17496
v -78.97193 1965.1688 336.9363
v -12.894066 1965.3636 322.27826
v -75.209854 1962.0328 337.47827
v -75.27229 1965.2626 337.2398
v -12.831662 1962.1334 322.5166
v -12.243761 1963.2147 337.00983
v -12.306175 1966.4445 336.77173
vt 0.883139 0.987679005
vt 0.880938 0.988092005
vt 0.885432 0.987239003
vt 0.880934 0.9864500165
vt 0.883134 0.986038029
vt 0.878896 0.986823976
vt 0.888946 0.979987025
vt 0.88521 0.985642016
vt 0.878914 0.988463998
vt 0.885427 0.985396981
vt 0.887699 0.986801028
vt 0.878857 0.988462985
vt 0.889339 0.984951019
vt 0.878853 0.986823022
vt 0.891435 0.981145978
vt 0.882605 0.981209993
vt 0.876917 0.986792982
vt 0.882623 0.982849002
vt 0.876922 0.98843199
vt 0.875154 0.986754
vt 0.875158 0.988393009
vt 0.873591 0.986708999
vt 0.873595 0.988348007
vt 0.872253 0.986657023
vt 0.872258 0.988295972
vt 0.871169 0.986599028
vt 0.871173 0.98823899
vt 0.870364 0.986536026
vt 0.870368 0.988175988
vt 0.833455 0.984503984
vt 0.833451 0.982864976
vt 0.834545 0.981209993
vt 0.832497 0.983102024
vt 0.8325 0.984139025
vt 0.834589 0.981142998
vt 0.834549 0.982849002
vt 0.83353 0.982578993
vt 0.833528 0.981541991
vt 0.833575 0.982511997
vt 0.834593 0.98278302
vt 0.833572 0.981474996
vt 0.833619 0.982447028
vt 0.882668 0.98278302
vt 0.834638 0.982716978
vt 0.833617 0.981410027
vt 0.89148 0.981078982
vt 0.834634 0.981078029
vt 0.882649 0.981142998
vt 0.833664 0.982383013
vt 0.88899 0.97992003
vt 0.882694 0.981078029
vt 0.889035 0.979853988
vt 0.891607 0.976962984
vt 0.882739 0.981013
vt 0.891651 0.976897001
vt 0.88908 0.979789972
vt 0.834678 0.981014013
vt 0.833661 0.981346011
vt 0.882783 0.980951011
vt 0.833709 0.98232001
vt 0.889124 0.97972703
vt 0.834723 0.980951011
vt 0.833706 0.981283009
vt 0.834682 0.982653022
vt 0.833753 0.982258976
vt 0.882712 0.982716978
vt 0.833751 0.981221974
vt 0.891524 0.981013
vt 0.882757 0.982653022
vt 0.891569 0.980948985
vt 0.895169 0.976903021
vt 0.895214 0.976839006
vt 0.895124 0.976969004
vt 0.895158 0.954424977
vt 0.895112 0.95449102
vt 0.895205 0.95436001
vt 0.895067 0.95455903
vt 0.895258 0.976776004
vt 0.891613 0.980886996
vt 0.834727 0.982590973
vt 0.882801 0.982590973
vt 0.882846 0.982529998
vt 0.834771 0.982529998
vt 0.874949 0.982529998
vt 0.891658 0.980825007
vt 0.883048 0.982537985
vt 0.891841 0.980826974
vt 0.895505 0.976722002
vt 0.875203 0.982461989
vt 0.895303 0.976714015
vt 0.867052 0.982529998
vt 0.892206 0.980929017
vt 0.883457 0.982653975
vt 0.867196 0.982460976
vt 0.895915 0.976837993
vt 0.86366 0.982529998
vt 0.875737 0.98239702
vt 0.863798 0.982520998
vt 0.860268 0.982529998
vt 0.867469 0.98239398
vt 0.856763 0.982529998
vt 0.860319 0.98258102
vt 0.853259 0.982529998
vt 0.856726 0.982520998
vt 0.864058 0.982596993
vt 0.853217 0.982460976
vt 0.860371 0.982800007
vt 0.834822 0.982460976
vt 0.856566 0.982596993
vt 0.853046 0.98239398
vt 0.833804 0.982190013
vt 0.834874 0.98239398
vt 0.856366 0.98270297
vt 0.833802 0.981153011
vt 0.860424 0.98307699
vt 0.864358 0.98270297
vt 0.852832 0.982329011
vt 0.860475 0.98329997
vt 0.833856 0.982123017
vt 0.834925 0.982329011
vt 0.856206 0.98278302
vt 0.852661 0.982264996
vt 0.833907 0.982057989
vt 0.856169 0.982780993
vt 0.834976 0.982264996
vt 0.852619 0.982203007
vt 0.860527 0.98335898
vt 0.856242 0.982695997
vt 0.864618 0.982782006
vt 0.864756 0.982780993
vt 0.867786 0.982329011
vt 0.868059 0.982264996
vt 0.868203 0.982203007
vt 0.876365 0.982334018
vt 0.8769 0.982272029
vt 0.883936 0.982809007
vt 0.884345 0.982928991
vt 0.877154 0.982212007
vt 0.884547 0.982944012
vt 0.892632 0.981064975
vt 0.892997 0.981169999
vt 0.89318 0.981178999
vt 0.896394 0.976992011
vt 0.896804 0.977111995
vt 0.897006 0.977127016
vt 0.88462 0.982860029
vt 0.893254 0.981095016
vt 0.895566 0.973345995
vt 0.877227 0.98212701
vt 0.895513 0.973300993
vt 0.895458 0.973107994
vt 0.897079 0.97704202
vt 0.895546 0.968662977
vt 0.89564 0.973259985
vt 0.895494 0.968680978
vt 0.895402 0.972868025
vt 0.895441 0.96864003
vt 0.895347 0.972679973
vt 0.895389 0.96858102
vt 0.895294 0.972642004
vt 0.895336 0.968542993
vt 0.896375 0.96686101
vt 0.895284 0.96856898
vt 0.895894 0.966795027
vt 0.895483 0.966753006
vt 0.89528 0.966777027
vt 0.896787 0.96690601
vt 0.895629 0.964914024
vt 0.89699 0.966889977
vt 0.8964 0.964846015
vt 0.897309 0.96477902
vt 0.89808 0.96471399
vt 0.898433 0.96465099
vt 0.89562 0.968577027
vt 0.897065 0.966804028
vt 0.896981 0.962477982
vt 0.895714 0.973178983
vt 0.896778 0.962585986
vt 0.896367 0.962758005
vt 0.898508 0.96456498
vt 0.895886 0.96295297
vt 0.895477 0.96086198
vt 0.895276 0.964984
vt 0.895475 0.963128984
vt 0.895272 0.96324402
vt 0.895425 0.961030006
vt 0.895373 0.961219013
vt 0.89532 0.961390972
vt 0.895251 0.954297006
vt 0.895304 0.954226017
vt 0.895357 0.954156995
vt 0.894623 0.953885972
vt 0.894669 0.95382297
vt 0.894722 0.953751028
vt 0.89541 0.954088986
vt 0.894775 0.953682005
vt 0.892445 0.95382297
vt 0.895463 0.954024017
vt 0.892498 0.953751028
vt 0.894828 0.95361501
vt 0.892551 0.953682005
vt 0.89553 0.960756004
vt 0.894881 0.953549027
vt 0.897056 0.96239102
vt 0.895516 0.95396
vt 0.895605 0.96066898
vt 0.892604 0.95361501
vt 0.89568 0.960584998
vt 0.891892 0.954088986
vt 0.897131 0.96230799
vt 0.891839 0.954156995
vt 0.898583 0.96448201
vt 0.891786 0.954226017
vt 0.897139 0.966721
vt 0.897206 0.962229013
vt 0.895695 0.968493998
vt 0.898657 0.964402974
vt 0.897214 0.966642022
vt 0.895755 0.960506022
vt 0.897281 0.962153018
vt 0.895592 0.953872025
vt 0.895667 0.953788996
vt 0.89583 0.96043098
vt 0.895743 0.953709006
vt 0.895085 0.953314006
vt 0.89501 0.95339799
vt 0.895161 0.953234017
vt 0.894934 0.953485012
vt 0.892786 0.95339799
vt 0.892657 0.953549027
vt 0.89271 0.953485012
vt 0.891945 0.954024017
vt 0.891998 0.95396
vt 0.892074 0.95387298
vt 0.892862 0.953314006
vt 0.892012 0.96086198
vt 0.892937 0.953234017
vt 0.892088 0.960775018
vt 0.89215 0.953788996
vt 0.892163 0.96069199
vt 0.893539 0.962437987
vt 0.89196 0.960968018
vt 0.893464 0.96252501
vt 0.891908 0.961135983
vt 0.893261 0.962633014
vt 0.891855 0.961326003
vt 0.892849 0.962807
vt 0.894916 0.964652
vt 0.891803 0.96149701
vt 0.89499 0.96456498
vt 0.893613 0.962355018
vt 0.894562 0.96471399
vt 0.892238 0.960613012
vt 0.892369 0.963003993
vt 0.892225 0.953709006
vt 0.893792 0.96477902
vt 0.893013 0.95315802
vt 0.89327 0.966919005
vt 0.895237 0.95315802
vt 0.893473 0.966903985
vt 0.895818 0.95363301
vt 0.893547 0.96681702
vt 0.895312 0.95308602
vt 0.895894 0.953561008
vt 0.895065 0.96448201
vt 0.895905 0.960358977
vt 0.893688 0.962275982
vt 0.893622 0.966735005
vt 0.892313 0.960537016
vt 0.89514 0.964402974
vt 0.892301 0.95363301
vt 0.893763 0.962201
vt 0.893088 0.95308602
vt 0.892377 0.953561008
vt 0.892388 0.960466027
vt 0.895348 0.95128399
vt 0.89606 0.950809002
vt 0.898284 0.950810015
vt 0.900064 0.94843
vt 0.898865 0.951285005
vt 0.902287 0.948431015
vt 0.899352 0.94890499
vt 0.898876 0.958082974
vt 0.89536 0.95818901
vt 0.902868 0.948906004
vt 0.893838 0.962128997
vt 0.899364 0.95581001
vt 0.895215 0.96432799
vt 0.89681 0.959852993
vt 0.895289 0.964257002
vt 0.893696 0.96665603
vt 0.893771 0.966580987
vt 0.898261 0.961979985
vt 0.892177 0.96849501
vt 0.893845 0.966509998
vt 0.892252 0.968415976
vt 0.892326 0.968340993
vt 0.892103 0.968577027
vt 0.893636 0.97695303
vt 0.892028 0.968662977
vt 0.893562 0.977034986
vt 0.892758 0.972890973
vt 0.891976 0.96868199
vt 0.893709 0.97687602
vt 0.892858 0.966868997
vt 0.892631 0.972893
vt 0.892882 0.964846015
vt 0.891924 0.968640983
vt 0.892377 0.966799974
vt 0.891957 0.96318102
vt 0.892112 0.964914024
vt 0.891871 0.96858102
vt 0.89175 0.961610973
vt 0.8924 0.97281301
vt 0.891965 0.966754973
vt 0.893488 0.977119982
vt 0.891754 0.963298023
vt 0.893286 0.977105021
vt 0.891758 0.964984
vt 0.89087 0.980080009
vt 0.891762 0.966777027
vt 0.890944 0.979995012
vt 0.891696 0.976831973
vt 0.891819 0.968544006
vt 0.891017 0.979912996
vt 0.891767 0.968569994
vt 0.892134 0.97270602
vt 0.891903 0.97262901
vt 0.892877 0.976984978
vt 0.892397 0.976831973
vt 0.891776 0.972638011
vt 0.890669 0.980063975
vt 0.890259 0.97994399
vt 0.891988 0.976715982
vt 0.88978 0.979789972
vt 0.884327 0.981288016
vt 0.891786 0.976707995
vt 0.884529 0.98130399
vt 0.889371 0.979673982
vt 0.891741 0.97676897
vt 0.889169 0.979665995
vt 0.883918 0.981167972
vt 0.883439 0.981014013
vt 0.883029 0.98089701
vt 0.882828 0.980889022
vt 0.87505 0.980889022
vt 0.875223 0.980858982
vt 0.875565 0.980884016
vt 0.875962 0.980928004
vt 0.867418 0.98082
vt 0.876304 0.980956018
vt 0.867692 0.980753005
vt 0.868008 0.980687976
vt 0.867274 0.980889022
vt 0.868281 0.98062402
vt 0.864329 0.981064975
vt 0.876477 0.98093301
vt 0.868426 0.980562985
vt 0.864579 0.981145978
vt 0.864714 0.981145024
vt 0.868499 0.980477989
vt 0.884602 0.981218994
vt 0.864787 0.981060028
vt 0.868573 0.980395973
vt 0.884676 0.981137991
vt 0.891091 0.979835987
vt 0.868646 0.980319023
vt 0.893783 0.976801991
vt 0.884749 0.981060028
vt 0.891164 0.979762018
vt 0.8924 0.968270004
vt 0.893856 0.976731002
vt 0.884822 0.980986
vt 0.896817 0.96423298
vt 0.895373 0.965992987
vt 0.891237 0.979691982
vt 0.896829 0.974453986
vt 0.868719 0.980244994
vt 0.884895 0.980916977
vt 0.86486 0.980979025
vt 0.864934 0.980902016
vt 0.860371 0.981633008
vt 0.860444 0.981552005
vt 0.865007 0.980827987
vt 0.860298 0.981718004
vt 0.860518 0.981473982
vt 0.860246 0.981658995
vt 0.856126 0.98113501
vt 0.856273 0.980969012
vt 0.860194 0.981436014
vt 0.8562 0.981051028
vt 0.856346 0.980892003
vt 0.852762 0.980395973
vt 0.856156 0.981137991
vt 0.852688 0.980477989
vt 0.852615 0.980562985
vt 0.852835 0.980319023
vt 0.835098 0.980477989
vt 0.835172 0.980396986
vt 0.835025 0.980562985
vt 0.834081 0.980809987
vt 0.835245 0.980319023
vt 0.834973 0.98062402
vt 0.852908 0.980244994
vt 0.852657 0.98062402
vt 0.834154 0.980728984
vt 0.856297 0.981059015
vt 0.834008 0.980894983
vt 0.834156 0.981766999
vt 0.834083 0.981848001
vt 0.833956 0.980956972
vt 0.83401 0.981931984
vt 0.834922 0.980687976
vt 0.852828 0.980687976
vt 0.833958 0.981993973
vt 0.833905 0.981019974
vt 0.835028 0.982203007
vt 0.834871 0.980753005
vt 0.833853 0.981086016
vt 0.835101 0.982119024
vt 0.834819 0.980821013
vt 0.852692 0.982119024
vt 0.835174 0.982038021
vt 0.853042 0.980753005
vt 0.834768 0.980889022
vt 0.853213 0.98082
vt 0.856476 0.980955005
vt 0.856647 0.980889022
vt 0.856617 0.980880022
vt 0.860038 0.980889022
vt 0.860142 0.981159985
vt 0.86009 0.980940998
vt 0.863656 0.980889022
vt 0.863791 0.980880976
vt 0.864041 0.980957985
vt 0.852765 0.982038021
vt 0.83423 0.981688976
vt 0.835248 0.981959999
vt 0.834228 0.980651975
vt 0.834303 0.98161602
vt 0.835318 0.980244994
vt 0.834301 0.980578005
vt 0.852838 0.981959999
vt 0.835392 0.980175018
vt 0.856315 0.982614994
vt 0.835321 0.981886983
vt 0.8606 0.983273983
vt 0.834374 0.98050803
vt 0.864829 0.982695997
vt 0.834376 0.981545985
vt 0.868276 0.982119024
vt 0.835394 0.981817007
vt 0.8773 0.982046008
vt 0.86835 0.982038021
vt 0.864903 0.982614994
vt 0.860673 0.98319298
vt 0.877373 0.981967986
vt 0.856388 0.982537985
vt 0.868423 0.981959999
vt 0.864976 0.982537985
vt 0.860746 0.983115971
vt 0.852912 0.981886983
vt 0.856461 0.982464015
vt 0.852985 0.981817007
vt 0.856534 0.982394993
vt 0.860819 0.983042002
vt 0.838377 0.97953099
vt 0.865049 0.982464015
vt 0.860892 0.982972026
vt 0.865122 0.982394993
vt 0.868496 0.981886983
vt 0.868569 0.981817007
vt 0.863871 0.980690002
vt 0.877446 0.98189503
vt 0.859514 0.980112016
vt 0.855965 0.979533017
vt 0.8681 0.98011303
vt 0.863526 0.97772801
vt 0.877519 0.981824994
vt 0.859978 0.97714901
vt 0.842394 0.977144003
vt 0.867883 0.978307009
vt 0.864812 0.974685013
vt 0.871547 0.979535997
vt 0.847231 0.97467798
vt 0.841376 0.97687298
vt 0.83736 0.979259014
vt 0.868359 0.975264013
vt 0.837358 0.978222013
vt 0.841375 0.975835025
vt 0.838375 0.977889001
vt 0.852982 0.980175018
vt 0.842391 0.975503027
vt 0.855962 0.977891982
vt 0.856493 0.980747998
vt 0.85642 0.980817974
vt 0.859473 0.97846502
vt 0.860591 0.981401026
vt 0.860664 0.98133099
vt 0.86508 0.980758011
vt 0.859975 0.975507975
vt 0.863643 0.979049027
vt 0.863485 0.976082027
vt 0.847228 0.973037004
vt 0.864808 0.973043025
vt 0.867654 0.97666502
vt 0.846212 0.973369002
vt 0.868058 0.978477001
vt 0.868793 0.980175018
vt 0.846214 0.974407017
vt 0.87177 0.977894008
vt 0.851657 0.97084397
vt 0.851659 0.971881986
vt 0.852673 0.970511973
vt 0.852676 0.972153008
vt 0.857499 0.96828097
vt 0.870254 0.972160995
vt 0.857501 0.969317973
vt 0.858518 0.969590008
vt 0.858516 0.96794802
vt 0.8577 0.968194008
vt 0.857702 0.969232023
vt 0.870251 0.970519006
vt 0.858716 0.96786201
vt 0.868318 0.973617971
vt 0.876092 0.96795702
vt 0.87376 0.971094012
vt 0.872487 0.974201977
vt 0.872069 0.976094007
vt 0.877928 0.971678019
vt 0.8769 0.973630011
vt 0.87578 0.975512028
vt 0.8796 0.968531013
vt 0.88061 0.973048985
vt 0.882341 0.971107006
vt 0.883827 0.975884974
vt 0.883768 0.969115973
vt 0.887869 0.978637993
vt 0.876386 0.967869997
vt 0.89421 0.977415025
vt 0.891876 0.97625798
vt 0.896704 0.97379601
vt 0.898215 0.975035012
vt 0.900833 0.972074986
vt 0.886051 0.97052598
vt 0.903042 0.972573996
vt 0.888181 0.96854502
vt 0.902143 0.971274018
vt 0.89189 0.967963994
vt 0.905659 0.969614029
vt 0.899935 0.968338013
vt 0.899377 0.963613987
vt 0.904203 0.96115297
vt 0.900821 0.96185398
vt 0.905647 0.959393978
vt 0.902264 0.959602
vt 0.90709 0.957140982
vt 0.900814 0.957473993
vt 0.90564 0.955012977
vt 0.90419 0.953348994
vt 0.912527 0.954620004
vt 0.911076 0.952492
vt 0.909627 0.950828016
vt 0.904178 0.94644499
vt 0.909615 0.943922997
vt 0.904889 0.94597
vt 0.910326 0.94344902
vt 0.907112 0.945971012
vt 0.916163 0.940887988
vt 0.912548 0.943449974
vt 0.907693 0.946446
vt 0.915452 0.941362023
vt 0.90288 0.955703974
vt 0.915464 0.948266983
vt 0.916364 0.940801024
vt 0.916914 0.949931026
vt 0.915653 0.941276014
vt 0.918385 0.940889
vt 0.91313 0.943925023
vt 0.907705 0.95324397
vt 0.918586 0.940801978
vt 0.918967 0.94136399
vt 0.913142 0.950722992
vt 0.916565 0.940715015
vt 0.919167 0.941277027
vt 0.918787 0.94071603
vt 0.918979 0.94816202
vt 0.909155 0.954967022
vt 0.914591 0.952445984
vt 0.90433 0.957427025
vt 0.900327 0.959806025
vt 0.905781 0.959602
vt 0.897355 0.96208203
vt 0.901778 0.961981
vt 0.898807 0.964257002
vt 0.898732 0.96432799
vt 0.897288 0.96656698
vt 0.897363 0.96649599
vt 0.895769 0.968415976
vt 0.895844 0.968340993
vt 0.900334 0.964219987
vt 0.895918 0.968270004
vt 0.895788 0.97310102
vt 0.895862 0.973025978
vt 0.895936 0.972956002
vt 0.898889 0.965994
vt 0.904337 0.961840987
vt 0.910606 0.957141995
vt 0.902893 0.963615
vt 0.909163 0.959380984
vt 0.916042 0.954621017
vt 0.898908 0.970678985
vt 0.907719 0.961153984
vt 0.920428 0.94988501
vt 0.914599 0.956860006
vt 0.921879 0.952059984
vt 0.919179 0.94811797
vt 0.920478 0.949844003
vt 0.919368 0.941191018
vt 0.91938 0.94813502
vt 0.921778 0.951973975
vt 0.918988 0.940629005
vt 0.920436 0.954298973
vt 0.919569 0.941103995
vt 0.920321 0.94986397
vt 0.919582 0.94817102
vt 0.913155 0.958633006
vt 0.920486 0.954165995
vt 0.921262 0.95188701
vt 0.918993 0.956071973
vt 0.920094 0.94990599
vt 0.920328 0.953969
vt 0.920606 0.95179999
vt 0.919193 0.95594102
vt 0.913174 0.96331799
vt 0.919011 0.960757017
vt 0.907737 0.965839982
vt 0.902911 0.968299985
vt 0.909175 0.969622016
vt 0.904349 0.972082973
vt 0.900345 0.974461019
vt 0.914612 0.967100978
vt 0.900524 0.976136029
vt 0.897374 0.976737976
vt 0.896519 0.978515029
vt 0.8973 0.976808012
vt 0.893547 0.980791986
vt 0.893474 0.980862021
vt 0.897227 0.97688198
vt 0.8934 0.98093599
vt 0.897153 0.976960003
vt 0.893327 0.981013
vt 0.884693 0.982779026
vt 0.884766 0.982701004
vt 0.884839 0.982627988
vt 0.884912 0.982558012
vt 0.887886 0.980279982
vt 0.880495 0.979544997
vt 0.891893 0.977899015
vt 0.884503 0.97716397
vt 0.875556 0.977153003
vt 0.896721 0.975436985
vt 0.889332 0.974702
vt 0.880387 0.97469002
vt 0.872111 0.977729976
vt 0.876942 0.975266993
vt 0.872715 0.975843012
vt 0.882383 0.972743988
vt 0.873802 0.972739995
vt 0.878157 0.973320007
vt 0.876095 0.969597995
vt 0.879642 0.970176995
vt 0.883997 0.970757008
vt 0.885828 0.972167015
vt 0.888223 0.970180988
vt 0.894772 0.972178996
vt 0.891667 0.969605029
vt 0.888336 0.970035017
vt 0.90216 0.972914994
vt 0.884197 0.970551014
vt 0.90535 0.973675013
vt 0.900611 0.96961701
vt 0.910788 0.97115302
vt 0.907998 0.97035402
vt 0.920449 0.964540005
vt 0.916625 0.968591988
vt 0.91921 0.960563004
vt 0.920499 0.964375973
vt 0.916694 0.96843499
vt 0.919394 0.955748975
vt 0.919408 0.96021998
vt 0.920342 0.964106023
vt 0.908048 0.970189989
vt 0.916582 0.968178988
vt 0.900609 0.969529986
vt 0.907891 0.96991998
vt 0.891775 0.96951902
vt 0.900327 0.969440997
vt 0.891754 0.969431996
vt 0.888329 0.969805002
vt 0.899952 0.969352007
vt 0.907665 0.969613016
vt 0.89169 0.969344974
vt 0.916409 0.967890978
vt 0.907509 0.969343007
vt 0.920116 0.963799
vt 0.916296 0.967634976
vt 0.91996 0.96352899
vt 0.919606 0.959827006
vt 0.919804 0.95948398
vt 0.919595 0.95553702
vt 0.919796 0.955344975
vt 0.920101 0.953750014
vt 0.919943 0.95355302
vt 0.92009 0.951713026
vt 0.919997 0.955214024
vt 0.919994 0.953419983
vt 0.919991 0.951626003
vt 0.920004 0.959290028
vt 0.920874 0.962994993
vt 0.920011 0.96336502
vt 0.916366 0.967477977
vt 0.919988 0.94988501
vt 0.919937 0.949926972
vt 0.919985 0.94814402
vt 0.919783 0.948186994
vt 0.91977 0.941017985
vt 0.919972 0.940931022
vt 0.919189 0.940541983
vt 0.91939 0.940455973
vt 0.920834 0.940560997
vt 0.920253 0.940086007
vt 0.917168 0.94045502
vt 0.918031 0.940084994
vt 0.921118 0.939715028
vt 0.916967 0.940541983
vt 0.916457 0.94093001
vt 0.916766 0.940627992
vt 0.916256 0.94101602
vt 0.915853 0.94118899
vt 0.916054 0.94110298
vt 0.915665 0.948222995
vt 0.915866 0.94823903
vt 0.916067 0.948275983
vt 0.916964 0.949890018
vt 0.916806 0.94991201
vt 0.916579 0.949954987
vt 0.916269 0.948292017
vt 0.916422 0.949977994
vt 0.916473 0.949936986
vt 0.917319 0.94055903
vt 0.916476 0.95162499
vt 0.918896 0.939714015
vt 0.916575 0.951712012
vt 0.917092 0.95179802
vt 0.917747 0.951884985
vt 0.916479 0.95341903
vt 0.916428 0.95355302
vt 0.916586 0.953754008
vt 0.918264 0.951972008
vt 0.916813 0.953975976
vt 0.918364 0.95205897
vt 0.916971 0.954177022
vt 0.911084 0.956871986
vt 0.916921 0.954311013
vt 0.909641 0.958631992
vt 0.915678 0.95594001
vt 0.911097 0.96709299
vt 0.915478 0.95607102
vt 0.916206 0.960300982
vt 0.90848 0.970052004
vt 0.916934 0.964532018
vt 0.916331 0.960153997
vt 0.916985 0.964367986
vt 0.914317 0.96749097
vt 0.907981 0.968711972
vt 0.914368 0.967327
vt 0.900014 0.96821302
vt 0.908031 0.968549013
vt 0.914211 0.96705699
vt 0.916828 0.964097023
vt 0.916353 0.959922016
vt 0.915879 0.95574802
vt 0.916602 0.963791013
vt 0.91608 0.955536008
vt 0.916341 0.959662974
vt 0.916281 0.955343008
vt 0.916363 0.959432006
vt 0.916482 0.95521301
vt 0.916489 0.959284008
vt 0.916445 0.963521004
vt 0.916497 0.96335697
vt 0.917359 0.962987006
vt 0.91388 0.966315985
vt 0.913829 0.966480017
vt 0.913985 0.96675098
vt 0.918184 0.940189004
vt 0.907874 0.96827799
vt 0.907648 0.96797198
vt 0.899925 0.96803403
vt 0.89978 0.96783799
vt 0.907492 0.967701018
vt 0.899692 0.967658997
vt 0.891913 0.967703998
vt 0.907543 0.967538
vt 0.891977 0.96779102
vt 0.899772 0.967534006
vt 0.891998 0.96787697
vt 0.891893 0.967616975
vt 0.892001 0.967531025
vt 0.888299 0.968397975
vt 0.888301 0.968167007
vt 0.888265 0.96790701
vt 0.883969 0.968909025
vt 0.884169 0.96853602
vt 0.88437 0.968106985
vt 0.879882 0.96838498
vt 0.880275 0.968156993
vt 0.880706 0.96789998
vt 0.876809 0.967783988
vt 0.877275 0.967697024
vt 0.858917 0.967774987
vt 0.859118 0.967688978
vt 0.877699 0.967611015
vt 0.857901 0.968108
vt 0.858102 0.968020976
vt 0.857902 0.969145
vt 0.858719 0.969502985
vt 0.858103 0.96905899
vt 0.85892 0.969416976
vt 0.876389 0.969511986
vt 0.858303 0.967934012
vt 0.879931 0.970031023
vt 0.859521 0.967516005
vt 0.884398 0.970176995
vt 0.880343 0.969801009
vt 0.876812 0.969425023
vt 0.888282 0.969546974
vt 0.884598 0.969748974
vt 0.880796 0.969543993
vt 0.859121 0.969330013
vt 0.877278 0.969339013
vt 0.858305 0.968972027
vt 0.859322 0.969244003
vt 0.858504 0.967848003
vt 0.858506 0.968886018
vt 0.877702 0.96925199
vt 0.859368 0.967477024
vt 0.859523 0.96915698
vt 0.881208 0.96931398
vt 0.85937 0.96851498
vt 0.881498 0.969166994
vt 0.860387 0.968786001
vt 0.884799 0.969375014
vt 0.885 0.96916902
vt 0.888275 0.969317019
vt 0.888389 0.969169974
vt 0.89167 0.96925801
vt 0.891778 0.969172
vt 0.908423 0.968809009
vt 0.899669 0.969175994
vt 0.89967 0.969263017
vt 0.90756 0.969178975
vt 0.917229 0.967106998
vt 0.909288 0.96843803
vt 0.918094 0.966736972
vt 0.921739 0.962624013
vt 0.861253 0.968415022
vt 0.921699 0.940190017
vt 0.922566 0.93981898
vt 0.922606 0.962253988
vt 0.918961 0.966365993
vt 0.921985 0.93934399
vt 0.923434 0.939449012
vt 0.923474 0.96188301
vt 0.910155 0.96806699
vt 0.919829 0.965995014
vt 0.919763 0.939342976
vt 0.922853 0.938974023
vt 0.924303 0.939077973
vt 0.924343 0.96151203
vt 0.920698 0.965623975
vt 0.919052 0.939818025
vt 0.911893 0.967325985
vt 0.918212 0.964462996
vt 0.86212 0.968044996
vt 0.920828 0.961503983
vt 0.860235 0.968144
vt 0.917343 0.964833975
vt 0.860234 0.967105985
vt 0.861103 0.96777302
vt 0.861101 0.966735005
vt 0.86125 0.966773987
vt 0.862989 0.967673004
vt 0.862117 0.966403008
vt 0.911876 0.965683997
vt 0.860384 0.967145026
vt 0.873095 0.96730697
vt 0.877993 0.967523992
vt 0.909271 0.966796994
vt 0.8811 0.96767199
vt 0.908406 0.96716702
vt 0.881382 0.96752602
vt 0.88457 0.96773398
vt 0.884772 0.967526972
vt 0.888268 0.967675984
vt 0.888386 0.967529
vt 0.914743 0.96594602
vt 0.915608 0.96557498
vt 0.918224 0.962616026
vt 0.919091 0.962244987
vt 0.916475 0.965205014
vt 0.910138 0.966426015
vt 0.863856 0.96566099
vt 0.91996 0.96187401
vt 0.91992 0.939446986
vt 0.920789 0.939076006
vt 0.920631 0.938971996
vt 0.921144 0.93883902
vt 0.9215 0.93860197
vt 0.923722 0.938602984
vt 0.922628 0.93860197
vt 0.86197 0.966364026
vt 0.863348 0.96582699
vt 0.861972 0.96740198
vt 0.86284 0.965992987
vt 0.863859 0.967302024
vt 0.862841 0.96652001
vt 0.86335 0.967166007
vt 0.862841 0.967031002
vt 0.895079 0.977036
vt 0.891358 0.982668996
vt 0.891215 0.982831001
vt 0.890292 0.98387599
vt 0.887851 0.981831014
vt 0.886771 0.98387599
vt 0.891368 0.981831014
vt 0.887692 0.982831001
vt 0.885821 0.984951973
vt 0.88784 0.982662022
vt 0.891386 0.98088801
vt 0.891562 0.97702998
vt 0.887869 0.98088801
vt 0.89141 0.980015993
vt 0.887892 0.980015993
vt 0.891438 0.97922802
vt 0.88792 0.97922802
vt 0.89147 0.97853601
vt 0.887953 0.97853601
vt 0.891507 0.977955997
vt 0.88799 0.977955997
vt 0.891548 0.977497995
vt 0.88803 0.977497995
vt 0.893822 0.956440985
vt 0.890305 0.956440985
vt 0.89502 0.95462799
vt 0.891079 0.955872
vt 0.893303 0.955872
vt 0.891503 0.95462799
vt 0.894438 0.954153
vt 0.894484 0.95408398
vt 0.892215 0.954153
vt 0.89453 0.954016984
vt 0.89226 0.954084992
vt 0.891549 0.95455903
vt 0.892307 0.954016984
vt 0.894576 0.953951
vt 0.891595 0.95449102
vt 0.892353 0.953951
vt 0.891641 0.954424977
vt 0.892399 0.953885972
vt 0.891687 0.95436102
vt 0.891733 0.954297006
vt 0.923439 0.960613012
vt 0.923485 0.96054399
vt 0.923745 0.95928502
vt 0.923699 0.959353983
vt 0.922723 0.961797
vt 0.924021 0.938858986
vt 0.922769 0.961727977
vt 0.923975 0.93892902
vt 0.911627 0.938858986
vt 0.911581 0.93892902
vt 0.921595 0.962885976
vt 0.921641 0.962816
vt 0.920096 0.963859975
vt 0.920142 0.963791013
vt 0.91827 0.964699984
vt 0.918316 0.964630008
vt 0.916161 0.96538502
vt 0.916206 0.965314984
vt 0.913809 0.96589601
vt 0.913855 0.96582699
vt 0.91126 0.966214
vt 0.911306 0.966144025
vt 0.862998 0.96114099
vt 0.908555 0.96631801
vt 0.908601 0.966247976
vt 0.862952 0.961211026
vt 0.862522 0.966162026
vt 0.862568 0.966093004
vt 0.121738 0.988092005
vt 0.119537 0.987679005
vt 0.117244 0.987240016
vt 0.121742 0.98645103
vt 0.119542 0.986038983
vt 0.12378 0.986823976
vt 0.113752 0.979987025
vt 0.117466 0.985642016
vt 0.123762 0.988463998
vt 0.117249 0.985396981
vt 0.114977 0.986801028
vt 0.123819 0.988462985
vt 0.113337 0.984951973
vt 0.123823 0.986823976
vt 0.111263 0.981145978
vt 0.120093 0.981209993
vt 0.125759 0.986792982
vt 0.120075 0.982849002
vt 0.125755 0.98843199
vt 0.127522 0.986754
vt 0.127518 0.988394022
vt 0.129086 0.986708999
vt 0.129081 0.988348007
vt 0.130423 0.986657023
vt 0.130419 0.988295972
vt 0.131508 0.986599028
vt 0.131504 0.98823899
vt 0.132313 0.986536026
vt 0.132309 0.988175988
vt 0.169236 0.984503984
vt 0.16924 0.982864976
vt 0.168153 0.981209993
vt 0.170195 0.983102024
vt 0.170192 0.984139025
vt 0.168109 0.981142998
vt 0.168149 0.982849002
vt 0.169168 0.982578993
vt 0.16917 0.981541991
vt 0.169124 0.982511997
vt 0.168105 0.98278302
vt 0.169126 0.981474996
vt 0.169079 0.982447028
vt 0.12003 0.98278302
vt 0.168061 0.98271799
vt 0.169082 0.981410027
vt 0.111219 0.981078982
vt 0.169035 0.982383013
vt 0.119986 0.98271799
vt 0.168065 0.981078029
vt 0.111174 0.981014013
vt 0.168017 0.982653975
vt 0.120049 0.981142998
vt 0.169037 0.981346011
vt 0.113708 0.97992003
vt 0.16802 0.981014013
vt 0.120005 0.981078029
vt 0.168991 0.98232001
vt 0.11996 0.981014013
vt 0.113664 0.979855001
vt 0.113619 0.979789972
vt 0.119916 0.980951011
vt 0.111047 0.976897001
vt 0.113575 0.979727983
vt 0.111003 0.976832986
vt 0.110958 0.976769984
vt 0.111092 0.976962984
vt 0.11353 0.979665995
vt 0.111136 0.97702998
vt 0.111103 0.954491973
vt 0.119871 0.980889976
vt 0.111149 0.95455903
vt 0.111057 0.954424977
vt 0.110391 0.954016984
vt 0.110346 0.953951
vt 0.110437 0.954084992
vt 0.1103 0.953885972
vt 0.111194 0.95462799
vt 0.111012 0.95436102
vt 0.108122 0.953951
vt 0.108168 0.954016984
vt 0.108076 0.953885972
vt 0.110966 0.954297006
vt 0.107586 0.95449102
vt 0.110949 0.961610973
vt 0.10754 0.954424977
vt 0.107631 0.95455903
vt 0.108214 0.954084992
vt 0.110483 0.954153
vt 0.108259 0.954153
vt 0.111612 0.955872
vt 0.107677 0.95462799
vt 0.112386 0.956442
vt 0.109388 0.955872
vt 0.108868 0.956440985
vt 0.107619 0.977036
vt 0.114647 0.977497995
vt 0.11113 0.977497995
vt 0.114687 0.977955997
vt 0.11117 0.977955997
vt 0.114724 0.978537023
vt 0.111206 0.978537023
vt 0.114756 0.97922802
vt 0.111239 0.97922802
vt 0.114784 0.980015993
vt 0.111266 0.980015993
vt 0.114807 0.98088801
vt 0.11129 0.98088801
vt 0.114825 0.981831014
vt 0.111308 0.981831014
vt 0.111318 0.982668996
vt 0.114835 0.982662976
vt 0.111461 0.982831001
vt 0.116855 0.984951973
vt 0.114984 0.982831001
vt 0.115905 0.98387599
vt 0.112384 0.98387599
vt 0.107574 0.976969004
vt 0.10753 0.976903975
vt 0.107485 0.976839006
vt 0.11113 0.980949998
vt 0.107494 0.95436102
vt 0.119942 0.982653975
vt 0.10744 0.976776004
vt 0.111086 0.980886996
vt 0.107448 0.954297006
vt 0.167972 0.982590973
vt 0.119898 0.982590973
vt 0.119853 0.982529998
vt 0.10803 0.95382297
vt 0.127751 0.982529998
vt 0.110254 0.95382297
vt 0.111041 0.980825007
vt 0.110913 0.954226017
vt 0.110859 0.980826974
vt 0.110896 0.96149701
vt 0.119652 0.982537985
vt 0.110742 0.963181973
vt 0.127497 0.982461989
vt 0.110945 0.963298023
vt 0.135648 0.982529998
vt 0.119243 0.982654989
vt 0.135504 0.982460976
vt 0.110494 0.980929017
vt 0.126963 0.98239702
vt 0.13904 0.982529998
vt 0.135231 0.98239398
vt 0.138901 0.982520998
vt 0.142431 0.982529998
vt 0.118765 0.982809007
vt 0.14238 0.98258102
vt 0.110068 0.981064975
vt 0.126335 0.982334018
vt 0.145936 0.982529998
vt 0.138642 0.982596993
vt 0.134915 0.982329011
vt 0.14944 0.982529998
vt 0.145973 0.982520998
vt 0.142329 0.982800007
vt 0.167928 0.982529998
vt 0.149483 0.982460976
vt 0.146134 0.982596993
vt 0.138342 0.98270297
vt 0.142277 0.98307699
vt 0.149654 0.98239398
vt 0.167877 0.982460976
vt 0.168946 0.982258976
vt 0.146335 0.98270297
vt 0.168993 0.981283009
vt 0.168895 0.982190013
vt 0.168949 0.981221974
vt 0.167976 0.980951011
vt 0.167826 0.98239398
vt 0.149869 0.982329011
vt 0.168898 0.981153011
vt 0.168844 0.982123017
vt 0.167775 0.982329011
vt 0.167932 0.980889976
vt 0.168846 0.981086016
vt 0.167881 0.980821013
vt 0.168793 0.982057989
vt 0.15004 0.982264996
vt 0.167724 0.982264996
vt 0.146495 0.98278302
vt 0.142225 0.98329997
vt 0.146532 0.982780993
vt 0.138083 0.98278302
vt 0.142174 0.98335898
vt 0.137945 0.982780993
vt 0.134642 0.982264996
vt 0.134498 0.98220402
vt 0.125801 0.982272983
vt 0.125547 0.982212007
vt 0.118356 0.982928991
vt 0.118154 0.982945025
vt 0.109703 0.981171012
vt 0.109521 0.981180012
vt 0.118082 0.982860029
vt 0.125474 0.98212701
vt 0.137872 0.982695997
vt 0.134425 0.982119024
vt 0.125402 0.982046008
vt 0.134352 0.982038021
vt 0.142101 0.983273983
vt 0.137799 0.982614994
vt 0.125329 0.981968999
vt 0.14646 0.982695997
vt 0.134279 0.981959999
vt 0.142028 0.98319298
vt 0.118009 0.982779026
vt 0.137726 0.982537985
vt 0.125256 0.98189503
vt 0.146387 0.982614994
vt 0.134206 0.981886983
vt 0.141956 0.983115971
vt 0.117936 0.982701004
vt 0.137654 0.982465029
vt 0.146314 0.982537985
vt 0.134134 0.981817007
vt 0.141883 0.983042002
vt 0.125184 0.981824994
vt 0.137581 0.982394993
vt 0.146241 0.982465029
vt 0.141811 0.98297298
vt 0.134617 0.98011303
vt 0.149791 0.981886983
vt 0.138846 0.980690002
vt 0.146169 0.982394993
vt 0.143203 0.980112016
vt 0.149864 0.981959999
vt 0.149718 0.981817007
vt 0.149937 0.982038021
vt 0.167382 0.981886983
vt 0.167455 0.981959999
vt 0.150009 0.982119024
vt 0.146752 0.97953397
vt 0.167528 0.982038021
vt 0.150082 0.98220402
vt 0.1676 0.982119024
vt 0.167673 0.98220402
vt 0.168742 0.981993973
vt 0.168618 0.981848001
vt 0.168795 0.981019974
vt 0.168691 0.981932998
vt 0.168744 0.980956972
vt 0.16783 0.980753005
vt 0.167778 0.980687976
vt 0.168693 0.980894983
vt 0.167727 0.98062402
vt 0.168545 0.981766999
vt 0.16862 0.980809987
vt 0.167676 0.980562985
vt 0.168473 0.981688976
vt 0.168548 0.980728984
vt 0.1684 0.98161602
vt 0.168474 0.980651975
vt 0.16753 0.980396986
vt 0.167309 0.981817007
vt 0.167603 0.980477989
vt 0.16434 0.97953099
vt 0.150013 0.980477989
vt 0.160338 0.977145016
vt 0.150086 0.980562985
vt 0.14994 0.980396986
vt 0.150044 0.98062402
vt 0.167457 0.980319023
vt 0.149872 0.980687976
vt 0.149867 0.980319023
vt 0.149658 0.980753005
vt 0.146403 0.981059015
vt 0.149487 0.980821013
vt 0.146224 0.980955005
vt 0.146053 0.980889976
vt 0.146083 0.980880022
vt 0.142661 0.980889976
vt 0.14261 0.980940998
vt 0.142558 0.981159985
vt 0.139043 0.980889976
vt 0.138909 0.980880976
vt 0.135426 0.980889976
vt 0.127649 0.980889976
vt 0.135281 0.980821013
vt 0.138659 0.980958998
vt 0.127476 0.980858982
vt 0.142506 0.981437027
vt 0.135008 0.980753005
vt 0.138371 0.981065989
vt 0.146545 0.981137991
vt 0.142454 0.981660008
vt 0.146574 0.981136024
vt 0.138121 0.981146991
vt 0.146502 0.981051028
vt 0.142403 0.981718004
vt 0.146429 0.980970025
vt 0.14233 0.981633008
vt 0.137987 0.981145024
vt 0.134692 0.980687976
vt 0.134419 0.980624974
vt 0.127135 0.980884016
vt 0.126738 0.980928004
vt 0.11967 0.980898023
vt 0.119261 0.981014013
vt 0.113329 0.979673982
vt 0.110913 0.976707995
vt 0.11292 0.979790986
vt 0.110923 0.972638011
vt 0.110712 0.976715982
vt 0.118782 0.981167972
vt 0.110302 0.976831973
vt 0.126397 0.980956018
vt 0.112441 0.97994399
vt 0.134275 0.980562985
vt 0.118373 0.981288016
vt 0.126224 0.98093301
vt 0.134202 0.980477989
vt 0.137914 0.981060982
vt 0.118172 0.98130399
vt 0.137841 0.980979025
vt 0.112032 0.980064988
vt 0.134129 0.980396986
vt 0.118099 0.981218994
vt 0.11183 0.980080009
vt 0.109824 0.976984978
vt 0.109414 0.977105021
vt 0.110796 0.97262901
vt 0.110565 0.97270602
vt 0.110932 0.968569994
vt 0.11088 0.968544006
vt 0.1103 0.97281301
vt 0.110937 0.966777027
vt 0.110941 0.964985013
vt 0.110734 0.966754973
vt 0.110828 0.96858102
vt 0.110588 0.964914024
vt 0.110323 0.966799974
vt 0.110776 0.968640983
vt 0.109817 0.964846015
vt 0.110069 0.972893
vt 0.109842 0.96687001
vt 0.109213 0.977119982
vt 0.110724 0.96868199
vt 0.109942 0.972890973
vt 0.109139 0.977034986
vt 0.110331 0.963003993
vt 0.108908 0.96477902
vt 0.109431 0.966919005
vt 0.110672 0.968662977
vt 0.110844 0.961326003
vt 0.109851 0.962807
vt 0.108138 0.96471399
vt 0.109228 0.966903985
vt 0.110598 0.968577027
vt 0.107785 0.964652
vt 0.10944 0.962634027
vt 0.110792 0.961135983
vt 0.109154 0.966817975
vt 0.109237 0.96252501
vt 0.11086 0.954156995
vt 0.11074 0.960968018
vt 0.110808 0.95409
vt 0.110201 0.95375198
vt 0.110149 0.953682005
vt 0.107978 0.95375198
vt 0.107925 0.953682005
vt 0.107396 0.954226017
vt 0.107343 0.954156995
vt 0.107872 0.95361501
vt 0.107379 0.961390972
vt 0.10729 0.954088986
vt 0.107327 0.961219013
vt 0.107275 0.961030006
vt 0.107427 0.963244975
vt 0.107225 0.963128984
vt 0.106814 0.96295297
vt 0.107423 0.964984
vt 0.10707 0.964914024
vt 0.106333 0.962758005
vt 0.107419 0.966777027
vt 0.1063 0.964846015
vt 0.107216 0.966753006
vt 0.107415 0.96856898
vt 0.107223 0.96086198
vt 0.107405 0.972642004
vt 0.107237 0.954024017
vt 0.107363 0.968544006
vt 0.106805 0.966795027
vt 0.107396 0.976714015
vt 0.107352 0.972679973
vt 0.107194 0.976722002
vt 0.107311 0.96858102
vt 0.107298 0.972868025
vt 0.106785 0.976837993
vt 0.107259 0.96864003
vt 0.106306 0.976992011
vt 0.107242 0.973109007
vt 0.105897 0.977111995
vt 0.107188 0.973300993
vt 0.107207 0.968680978
vt 0.105695 0.977127016
vt 0.107135 0.973345995
vt 0.107155 0.968662977
vt 0.109448 0.981095016
vt 0.105622 0.97704202
vt 0.107061 0.973260999
vt 0.109375 0.981014013
vt 0.105549 0.976960003
vt 0.106988 0.973178983
vt 0.109302 0.98093599
vt 0.105475 0.97688198
vt 0.106914 0.97310102
vt 0.107081 0.968577027
vt 0.107007 0.968493998
vt 0.106841 0.973025978
vt 0.105711 0.966889977
vt 0.105402 0.976808012
vt 0.109229 0.980862021
vt 0.117864 0.982627988
vt 0.105329 0.976737976
vt 0.117791 0.982558012
vt 0.109156 0.980793
vt 0.122222 0.97954601
vt 0.106767 0.972956002
vt 0.114831 0.980279982
vt 0.102372 0.974461973
vt 0.131171 0.979535997
vt 0.106198 0.978515029
vt 0.118229 0.97716397
vt 0.10381 0.970678985
vt 0.127176 0.977154016
vt 0.130622 0.977729976
vt 0.110839 0.977899015
vt 0.12236 0.97469002
vt 0.13485 0.978307009
vt 0.125805 0.975266993
vt 0.130032 0.975843012
vt 0.139206 0.97772801
vt 0.134388 0.975264013
vt 0.142754 0.97714901
vt 0.137936 0.974685013
vt 0.155517 0.974678993
vt 0.128961 0.972739995
vt 0.132508 0.972160995
vt 0.124606 0.973320007
vt 0.150087 0.972153008
vt 0.120379 0.972743988
vt 0.123136 0.970178008
vt 0.118781 0.970757008
vt 0.126683 0.969597995
vt 0.14426 0.969590008
vt 0.116935 0.972167015
vt 0.113415 0.974702
vt 0.114555 0.970180988
vt 0.107991 0.972178996
vt 0.106026 0.975437999
vt 0.111111 0.969605029
vt 0.102208 0.976136029
vt 0.100603 0.972916007
vt 0.098383 0.972082973
vt 0.097397 0.973675013
vt 0.093572 0.969622016
vt 0.09982 0.968299985
vt 0.09501 0.965839982
vt 0.088151 0.967100978
vt 0.099839 0.963615
vt 0.089588 0.96331799
vt 0.095028 0.961153984
vt 0.089607 0.958633006
vt 0.103828 0.965994
vt 0.093584 0.959380984
vt 0.106785 0.968270004
vt 0.088163 0.956860006
vt 0.098395 0.961842
vt 0.102383 0.964219987
vt 0.106859 0.968340993
vt 0.10534 0.96649599
vt 0.106933 0.968415976
vt 0.105414 0.966567993
vt 0.105488 0.966642022
vt 0.105562 0.966721
vt 0.10397 0.96432799
vt 0.105636 0.966804028
vt 0.104045 0.964402974
vt 0.104119 0.96448201
vt 0.103896 0.964257002
vt 0.105422 0.962153018
vt 0.10094 0.961981
vt 0.105347 0.96208203
vt 0.102391 0.959806025
vt 0.096951 0.95960301
vt 0.098402 0.95742798
vt 0.092141 0.95714301
vt 0.093592 0.954967022
vt 0.08672 0.95462197
vt 0.088171 0.952445984
vt 0.095042 0.95324397
vt 0.080899 0.952060997
vt 0.08962 0.950722992
vt 0.08235 0.94988501
vt 0.083799 0.94816202
vt 0.082342 0.954298973
vt 0.0823 0.949844003
vt 0.083785 0.956071973
vt 0.081 0.951973975
vt 0.082292 0.954165995
vt 0.083767 0.960757017
vt 0.083585 0.95594102
vt 0.081517 0.95188701
vt 0.082329 0.964540005
vt 0.082458 0.94986397
vt 0.082451 0.953969
vt 0.083599 0.948118985
vt 0.083568 0.960563004
vt 0.083385 0.955748975
vt 0.083398 0.94813502
vt 0.083611 0.941277027
vt 0.083411 0.941191018
vt 0.083198 0.94817102
vt 0.083811 0.94136399
vt 0.08321 0.941103995
vt 0.089632 0.943925023
vt 0.082685 0.94990599
vt 0.095053 0.946446
vt 0.082173 0.95179999
vt 0.099852 0.955703974
vt 0.082679 0.953750014
vt 0.103841 0.958082974
vt 0.099864 0.948906004
vt 0.106798 0.960358977
vt 0.103852 0.951285005
vt 0.095635 0.945971012
vt 0.100445 0.948431015
vt 0.106809 0.953561008
vt 0.090214 0.943449974
vt 0.106872 0.96043098
vt 0.084392 0.940889
vt 0.104433 0.950810015
vt 0.084192 0.940801978
vt 0.086614 0.940887988
vt 0.083992 0.94071603
vt 0.086414 0.940801024
vt 0.086214 0.940715015
vt 0.083791 0.940629005
vt 0.086013 0.940627992
vt 0.087126 0.941276014
vt 0.083591 0.940542996
vt 0.086925 0.94118899
vt 0.087326 0.941362977
vt 0.085813 0.940541983
vt 0.092436 0.94344902
vt 0.093147 0.94392401
vt 0.097857 0.94597
vt 0.098569 0.94644499
vt 0.102668 0.948431015
vt 0.093135 0.950828016
vt 0.106657 0.950809002
vt 0.098557 0.953348994
vt 0.10338 0.94890499
vt 0.087314 0.948266983
vt 0.103368 0.95581001
vt 0.107369 0.95128399
vt 0.107357 0.95818901
vt 0.101918 0.957473993
vt 0.10739 0.95308602
vt 0.109614 0.95308602
vt 0.106884 0.95363301
vt 0.110326 0.953561008
vt 0.107466 0.95315802
vt 0.110315 0.960466027
vt 0.109689 0.95315802
vt 0.110401 0.95363301
vt 0.11039 0.960537016
vt 0.110476 0.953709006
vt 0.109764 0.953234017
vt 0.106959 0.953709006
vt 0.107541 0.953234017
vt 0.110552 0.953788996
vt 0.106947 0.960506022
vt 0.10984 0.953314006
vt 0.107034 0.953788996
vt 0.107616 0.953314006
vt 0.105496 0.962229013
vt 0.105571 0.96230799
vt 0.107021 0.96058601
vt 0.104193 0.96456498
vt 0.105645 0.96239102
vt 0.107109 0.95387298
vt 0.104267 0.964652
vt 0.107096 0.96066898
vt 0.105913 0.966907024
vt 0.10572 0.962477982
vt 0.104621 0.96471399
vt 0.106324 0.96686101
vt 0.105391 0.96477902
vt 0.105922 0.962585986
vt 0.107171 0.960756004
vt 0.107185 0.95396
vt 0.107819 0.953549027
vt 0.107691 0.95339799
vt 0.107766 0.953485012
vt 0.110096 0.95361501
vt 0.110043 0.953549027
vt 0.110755 0.954024017
vt 0.10999 0.953485012
vt 0.110702 0.95396
vt 0.110688 0.96086198
vt 0.109915 0.95339799
vt 0.110627 0.95387298
vt 0.110613 0.960775018
vt 0.109162 0.962437987
vt 0.110539 0.96069199
vt 0.110464 0.960613012
vt 0.109088 0.962355018
vt 0.107711 0.96456498
vt 0.109014 0.962275982
vt 0.107636 0.96448201
vt 0.10908 0.966735005
vt 0.107562 0.964402974
vt 0.108939 0.962201
vt 0.110524 0.96849501
vt 0.108865 0.962128997
vt 0.107488 0.96432799
vt 0.109006 0.96665603
vt 0.105907 0.959852993
vt 0.107414 0.964257002
vt 0.108932 0.966580987
vt 0.11045 0.968415976
vt 0.104456 0.961981
vt 0.108858 0.966509998
vt 0.110376 0.968340993
vt 0.109066 0.976953983
vt 0.108993 0.97687602
vt 0.111757 0.979995012
vt 0.111684 0.97991401
vt 0.118026 0.981137991
vt 0.111611 0.979835987
vt 0.10892 0.976801991
vt 0.134056 0.980319023
vt 0.117953 0.981060028
vt 0.111539 0.979762018
vt 0.110303 0.968270004
vt 0.108847 0.976731002
vt 0.117881 0.980987012
vt 0.1059 0.964233994
vt 0.107345 0.965992987
vt 0.111466 0.979691982
vt 0.100468 0.959602
vt 0.101911 0.96185398
vt 0.105889 0.974453986
vt 0.097107 0.955012977
vt 0.095657 0.957140982
vt 0.091686 0.952492
vt 0.103355 0.963613987
vt 0.0971 0.959393978
vt 0.090235 0.954620004
vt 0.085864 0.949931026
vt 0.098544 0.96115297
vt 0.091678 0.956873
vt 0.084414 0.95205897
vt 0.101899 0.972074986
vt 0.093122 0.958631992
vt 0.108507 0.977415025
vt 0.097088 0.969614029
vt 0.104517 0.975035012
vt 0.114848 0.978637993
vt 0.110856 0.97625798
vt 0.099705 0.972573996
vt 0.117808 0.980916977
vt 0.106043 0.97379601
vt 0.118905 0.975884974
vt 0.130948 0.977894008
vt 0.133983 0.980244994
vt 0.13391 0.980175018
vt 0.137768 0.980902016
vt 0.137696 0.980827987
vt 0.142257 0.981552005
vt 0.142184 0.981474996
vt 0.146356 0.980892003
vt 0.142112 0.981401026
vt 0.149794 0.980244994
vt 0.146283 0.980817974
vt 0.137623 0.980758011
vt 0.142039 0.98133099
vt 0.14621 0.980747998
vt 0.134659 0.978477001
vt 0.139075 0.979049027
vt 0.143245 0.978465974
vt 0.130664 0.976094007
vt 0.135078 0.976665974
vt 0.139248 0.976082027
vt 0.126953 0.975512028
vt 0.130261 0.974201977
vt 0.122137 0.973048985
vt 0.125847 0.973631024
vt 0.116711 0.97052598
vt 0.120421 0.971107006
vt 0.124834 0.971678019
vt 0.13443 0.973617971
vt 0.129002 0.971094012
vt 0.11901 0.969115973
vt 0.137939 0.973043025
vt 0.123178 0.968531013
vt 0.132511 0.970519006
vt 0.126686 0.96795702
vt 0.142757 0.975507975
vt 0.150089 0.970511973
vt 0.146755 0.977891982
vt 0.155519 0.973037004
vt 0.160341 0.975503027
vt 0.149721 0.980175018
vt 0.164342 0.977889001
vt 0.167384 0.980244994
vt 0.167312 0.980175018
vt 0.168402 0.980578005
vt 0.168329 0.98050803
vt 0.165359 0.978222013
vt 0.168327 0.981545985
vt 0.161358 0.975835025
vt 0.165358 0.979260027
vt 0.156536 0.973369002
vt 0.161356 0.97687298
vt 0.151106 0.97084397
vt 0.156534 0.974407017
vt 0.151104 0.971881986
vt 0.144263 0.967948973
vt 0.145279 0.96828097
vt 0.145277 0.969318986
vt 0.145079 0.968194008
vt 0.144063 0.96786201
vt 0.145077 0.969232023
vt 0.126393 0.967869997
vt 0.144879 0.968108
vt 0.143862 0.967776
vt 0.122897 0.96838498
vt 0.12597 0.967783988
vt 0.144678 0.968020976
vt 0.14406 0.969502985
vt 0.144877 0.969145
vt 0.12639 0.969511986
vt 0.14386 0.969416976
vt 0.144676 0.96905899
vt 0.143662 0.967688978
vt 0.144477 0.967935026
vt 0.143659 0.969330013
vt 0.125504 0.967697024
vt 0.125967 0.969425023
vt 0.144476 0.968972027
vt 0.122847 0.970031023
vt 0.122436 0.969801009
vt 0.118581 0.970551014
vt 0.118382 0.970178008
vt 0.114442 0.970035017
vt 0.11445 0.969805002
vt 0.111003 0.96951902
vt 0.111025 0.969431996
vt 0.114498 0.969546974
vt 0.10217 0.969529986
vt 0.111089 0.969344974
vt 0.102452 0.969440997
vt 0.102828 0.969352007
vt 0.102167 0.969618022
vt 0.094887 0.96991998
vt 0.09473 0.970189989
vt 0.09478 0.97035402
vt 0.095114 0.969614029
vt 0.091975 0.971153975
vt 0.086153 0.968591988
vt 0.086084 0.96843499
vt 0.082279 0.964375973
vt 0.086197 0.968178988
vt 0.082437 0.964106023
vt 0.08337 0.96021998
vt 0.086371 0.967890978
vt 0.082663 0.963800013
vt 0.083174 0.959827006
vt 0.083185 0.95553702
vt 0.082976 0.95948398
vt 0.082984 0.955344975
vt 0.082837 0.95355302
vt 0.08282 0.96352899
vt 0.086484 0.967634976
vt 0.082783 0.955214024
vt 0.082776 0.959290028
vt 0.082769 0.96336502
vt 0.082787 0.953419983
vt 0.081909 0.962994993
vt 0.08279 0.951626003
vt 0.08269 0.951713026
vt 0.082793 0.94988501
vt 0.082843 0.949926972
vt 0.082796 0.94814402
vt 0.082997 0.948186994
vt 0.083009 0.941017985
vt 0.082808 0.940931022
vt 0.08339 0.940455973
vt 0.081948 0.940560997
vt 0.08253 0.940086007
vt 0.085612 0.94045502
vt 0.084752 0.940084994
vt 0.081667 0.939715028
vt 0.086323 0.94093001
vt 0.081086 0.940190017
vt 0.086524 0.94101602
vt 0.081046 0.962625027
vt 0.086725 0.94110298
vt 0.080221 0.93981898
vt 0.086913 0.948239982
vt 0.086712 0.948275983
vt 0.086511 0.948292017
vt 0.087113 0.948222995
vt 0.0862 0.949954987
vt 0.085814 0.949890018
vt 0.085973 0.94991201
vt 0.084515 0.951972008
vt 0.085032 0.951886
vt 0.085688 0.951798975
vt 0.086358 0.949977994
vt 0.086204 0.951712012
vt 0.086308 0.949936986
vt 0.086304 0.95162499
vt 0.085463 0.94055903
vt 0.085424 0.962987006
vt 0.086301 0.95341903
vt 0.083889 0.939714015
vt 0.086352 0.95355302
vt 0.080802 0.93934399
vt 0.0846 0.940189004
vt 0.083024 0.939342976
vt 0.079355 0.939449012
vt 0.083735 0.939818025
vt 0.080181 0.962253988
vt 0.079936 0.938974023
vt 0.082158 0.93897301
vt 0.084561 0.962616026
vt 0.082869 0.939446986
vt 0.083696 0.962244987
vt 0.08804 0.96594602
vt 0.087177 0.965575993
vt 0.08283 0.96187401
vt 0.086312 0.965205014
vt 0.081647 0.93883902
vt 0.082003 0.939076006
vt 0.081292 0.93860197
vt 0.081963 0.961503983
vt 0.080164 0.93860197
vt 0.078488 0.939077973
vt 0.07907 0.938602984
vt 0.085446 0.964833975
vt 0.079315 0.96188301
vt 0.078449 0.96151203
vt 0.08458 0.964462996
vt 0.092649 0.966426015
vt 0.082093 0.965623975
vt 0.090916 0.965683997
vt 0.08296 0.965995014
vt 0.090899 0.967325985
vt 0.083826 0.966365993
vt 0.092632 0.96806699
vt 0.084691 0.966736972
vt 0.093497 0.96843803
vt 0.085554 0.967106998
vt 0.09436 0.968809009
vt 0.086414 0.967477977
vt 0.095271 0.969343007
vt 0.09522 0.969178975
vt 0.10311 0.969263017
vt 0.103111 0.969175994
vt 0.11111 0.969259024
vt 0.111002 0.969172
vt 0.114505 0.969317019
vt 0.114391 0.969169974
vt 0.118182 0.969748974
vt 0.117981 0.969376028
vt 0.121984 0.969543993
vt 0.117781 0.96916902
vt 0.121572 0.96931398
vt 0.125501 0.969339013
vt 0.121282 0.969166994
vt 0.125078 0.96925199
vt 0.143458 0.969244003
vt 0.143258 0.96915698
vt 0.142396 0.968787014
vt 0.144275 0.968886018
vt 0.141533 0.968415976
vt 0.143414 0.96851498
vt 0.140668 0.968044996
vt 0.144277 0.967848003
vt 0.14255 0.968144
vt 0.14326 0.967516005
vt 0.143415 0.967477024
vt 0.142552 0.967105985
vt 0.125081 0.967611015
vt 0.142399 0.967145026
vt 0.124787 0.967523992
vt 0.141535 0.966773987
vt 0.141687 0.966735005
vt 0.14067 0.966403008
vt 0.093514 0.966796994
vt 0.141685 0.96777302
vt 0.138936 0.96566099
vt 0.094377 0.96716702
vt 0.14082 0.966364026
vt 0.129697 0.96730697
vt 0.139444 0.96582699
vt 0.139801 0.967674017
vt 0.139952 0.965992987
vt 0.140818 0.96740198
vt 0.139951 0.96652001
vt 0.138933 0.967302024
vt 0.139442 0.96716702
vt 0.139951 0.967031002
vt 0.12168 0.96767199
vt 0.121398 0.96752602
vt 0.122073 0.96790099
vt 0.11821 0.96773398
vt 0.122504 0.968156993
vt 0.11841 0.968106985
vt 0.11861 0.96853602
vt 0.11881 0.968909025
vt 0.114478 0.968167007
vt 0.114597 0.96854502
vt 0.11448 0.968397975
vt 0.110888 0.967963994
vt 0.11078 0.96787697
vt 0.114514 0.96790701
vt 0.102843 0.968338013
vt 0.110802 0.96779102
vt 0.10062 0.971274018
vt 0.102765 0.96821302
vt 0.094797 0.968712986
vt 0.094283 0.970052004
vt 0.091666 0.96709299
vt 0.08846 0.96749097
vt 0.085844 0.964532018
vt 0.086572 0.960300982
vt 0.08841 0.967327
vt 0.094747 0.968549013
vt 0.085794 0.964367986
vt 0.088568 0.96705699
vt 0.102854 0.968034983
vt 0.094905 0.96827799
vt 0.110866 0.967703998
vt 0.102999 0.96783799
vt 0.114512 0.967675984
vt 0.110887 0.967616975
vt 0.118009 0.967526972
vt 0.114394 0.967529
vt 0.110779 0.967531025
vt 0.103088 0.967658997
vt 0.095131 0.96797198
vt 0.103009 0.967534006
vt 0.095288 0.967701018
vt 0.088794 0.96675098
vt 0.095237 0.967538
vt 0.0889 0.966315985
vt 0.088951 0.966480017
vt 0.085951 0.964097023
vt 0.086178 0.963791013
vt 0.086335 0.963521004
vt 0.086447 0.960153997
vt 0.086426 0.959922016
vt 0.0873 0.95607102
vt 0.0871 0.95594001
vt 0.085857 0.954311013
vt 0.085807 0.954177022
vt 0.0869 0.95574802
vt 0.086439 0.959662974
vt 0.085966 0.95397699
vt 0.086699 0.955536008
vt 0.086193 0.953754008
vt 0.086417 0.959432006
vt 0.086499 0.95534402
vt 0.086298 0.95521301
vt 0.086291 0.959284008
vt 0.086284 0.96335697
vt 0.079307 0.96054399
vt 0.079352 0.960613012
vt 0.079047 0.95928502
vt 0.080068 0.961797
vt 0.079093 0.959353983
vt 0.080022 0.961727977
vt 0.078771 0.938858986
vt 0.091164 0.938858986
vt 0.078816 0.93892902
vt 0.09121 0.93892902
vt 0.081197 0.962885976
vt 0.081151 0.962817013
vt 0.082695 0.963859975
vt 0.08265 0.963791013
vt 0.084521 0.964699984
vt 0.084476 0.964630008
vt 0.086631 0.96538502
vt 0.086585 0.965314984
vt 0.088982 0.96589601
vt 0.088937 0.96582699
vt 0.091532 0.966214
vt 0.091486 0.966144025
vt 0.139794 0.96114099
vt 0.094236 0.96631801
vt 0.094191 0.966247976
vt 0.13984 0.961211026
vt 0.140269 0.966162026
vt 0.140224 0.966093004
vn 0.1416 -0.6862 0.7135
vn 0.0418 -0.6786 0.7333
vn 0.2248 -0.6744 0.7033
vn -0.4477 -0.6986 -0.5581
vn -0.3608 -0.7371 -0.5713
vn -0.4158 -0.7151 -0.5619
vn -0.7079 -0.0381 -0.7053
vn -0.4843 -0.8049 -0.343
vn -0.0708 -0.5992 0.7975
vn -0.6681 -0.7122 -0.2153
vn 0.5373 -0.5988 0.594
vn -0.3081 -0.5991 0.7391
vn 0.6383 -0.7128 0.2905
vn -0.311 -0.7011 -0.6417
vn 0.7079 0.0381 0.7053
vn -0.196 -0.0681 -0.9782
vn -0.3985 -0.6519 -0.6452
vn 0.1964 0.068 0.9782
vn -0.3969 -0.55 0.7348
vn -0.4778 -0.5914 -0.6495
vn -0.4762 -0.4896 0.7304
vn -0.5483 -0.5205 -0.6546
vn -0.5466 -0.4186 0.7252
vn -0.6088 -0.4397 -0.6603
vn -0.6072 -0.3379 0.7191
vn -0.658 -0.3501 -0.6666
vn -0.6563 -0.2484 0.7125
vn -0.6794 -0.2764 -0.6798
vn -0.6777 -0.1735 0.7146
vn -0.6807 -0.1351 0.72
vn -0.6831 -0.2367 -0.6909
vn -0.3018 -0.064 -0.9512
vn -0.9036 -0.1121 -0.4135
vn -0.882 -0.0481 0.4688
vn -0.3018 -0.0631 -0.9513
vn -0.2553 0.0758 0.9639
vn -0.8641 0.0536 0.5005
vn -0.8874 -0.0166 -0.4608
vn -0.8641 0.0531 0.5005
vn -0.2553 0.0749 0.964
vn -0.8873 -0.0161 -0.4609
vn -0.8642 0.0524 0.5004
vn 0.1964 0.0671 0.9782
vn -0.2554 0.0736 0.964
vn -0.8873 -0.0156 -0.4609
vn 0.7079 0.0374 0.7053
vn -0.3018 -0.0619 -0.9514
vn -0.196 -0.0671 -0.9783
vn -0.8642 0.0518 0.5005
vn -0.7079 -0.0374 -0.7053
vn -0.1959 -0.0659 -0.9784
vn -0.7079 -0.0365 -0.7054
vn -0.9809 0.005 -0.1944
vn -0.1959 -0.0646 -0.9785
vn -0.9809 0.0052 -0.1945
vn -0.7079 -0.0356 -0.7055
vn -0.3017 -0.0606 -0.9515
vn -0.8873 -0.015 -0.461
vn -0.1959 -0.0634 -0.9786
vn -0.8642 0.0512 0.5006
vn -0.7079 -0.0347 -0.7055
vn -0.3017 -0.0595 -0.9516
vn -0.8872 -0.0144 -0.4611
vn -0.2554 0.0724 0.9641
vn -0.8642 0.0505 0.5006
vn 0.1964 0.0659 0.9783
vn -0.8873 -0.0139 -0.461
vn 0.7079 0.0365 0.7054
vn 0.1964 0.0646 0.9784
vn 0.7079 0.0356 0.7054
vn 0.9808 -0.0052 0.1949
vn 0.9808 -0.0054 0.1949
vn 0.9808 -0.0049 0.1949
vn 0.966 -0.0367 -0.2558
vn 0.9661 -0.037 -0.2557
vn 0.9661 -0.0363 -0.2558
vn 0.966 -0.0373 -0.2557
vn 0.9808 -0.0057 0.1949
vn 0.7079 0.0347 0.7055
vn -0.2553 0.0712 0.9642
vn 0.1963 0.0634 0.9785
vn 0.1932 0.0264 0.9808
vn -0.2554 0.0699 0.9643
vn -0.0029 0.0641 0.9979
vn 0.7067 -0.0046 0.7075
vn 0.1842 -0.0561 0.9813
vn 0.6989 -0.0965 0.7087
vn 0.9775 -0.1113 0.179
vn -0.0179 0.0605 0.998
vn 0.981 -0.0369 0.1902
vn 0.0011 0.0671 0.9977
vn 0.6886 -0.1648 0.7061
vn 0.1658 -0.1154 0.9794
vn 0.0146 0.0595 0.9981
vn 0.9724 -0.1675 0.1622
vn 0.0061 0.0476 0.9988
vn -0.0449 0.0638 0.997
vn 0.0439 -0.0133 0.9989
vn 0.0056 0.0238 0.9997
vn 0.0519 0.0468 0.9976
vn -0.0049 0.0378 0.9993
vn 0.0161 -0.0814 0.9966
vn -0.0045 0.0621 0.9981
vn -0.0437 -0.0243 0.9987
vn 0.1225 -0.072 0.9899
vn -0.0313 0.0517 0.9982
vn 0.0225 -0.1629 0.9864
vn -0.2555 0.0685 0.9644
vn -0.1189 -0.0694 0.9905
vn -0.0771 0.0437 0.9961
vn -0.8642 0.0498 0.5006
vn -0.2555 0.0671 0.9645
vn -0.2022 -0.0703 0.9768
vn -0.8873 -0.0131 -0.4611
vn 0.0208 -0.1659 0.9859
vn 0.2099 -0.0843 0.9741
vn -0.1228 0.0419 0.9915
vn 0.0141 -0.0882 0.996
vn -0.8643 0.0491 0.5006
vn -0.2555 0.0657 0.9646
vn -0.267 -0.0216 0.9635
vn -0.153 0.0501 0.987
vn -0.8642 0.0483 0.5007
vn -0.2964 0.0392 0.9543
vn -0.2556 0.0643 0.9646
vn -0.1643 0.0592 0.9846
vn 0.0075 0.0148 0.9999
vn -0.3006 0.061 0.9518
vn 0.2767 -0.0441 0.96
vn 0.3063 0.0196 0.9517
vn 0.1 0.0383 0.9943
vn 0.1412 0.0393 0.9892
vn 0.1647 0.0485 0.9852
vn -0.076 0.0701 0.9946
vn -0.1001 0.0718 0.9924
vn 0.1427 -0.1117 0.9834
vn 0.1246 -0.0492 0.991
vn -0.1069 0.0654 0.9921
vn 0.1107 0.0267 0.9935
vn 0.6882 -0.1643 0.7067
vn 0.6973 -0.0964 0.7103
vn 0.7048 -0.009 0.7093
vn 0.9752 -0.1675 0.1445
vn 0.9844 -0.1141 0.1342
vn 0.9911 -0.0431 0.1261
vn 0.1025 0.0555 0.9932
vn 0.7068 0.0272 0.7069
vn 0.996 -0.0241 -0.0858
vn -0.1045 0.0596 0.9927
vn 0.9973 -0.0216 -0.0707
vn 0.9988 -0.0219 -0.044
vn 0.9927 -0.0123 0.1199
vn 0.9838 -0.0115 0.1787
vn 0.9959 -0.0244 -0.0874
vn 0.9857 -0.0237 0.1671
vn 0.9995 -0.024 -0.0193
vn 0.9902 -0.0359 0.1351
vn 0.9997 -0.0222 -0.0043
vn 0.9956 -0.0379 0.0857
vn 0.9998 -0.0195 0.0002
vn 0.9988 -0.0331 0.0361
vn 0.9616 -0.1599 0.2229
vn 0.9997 -0.0248 0.0067
vn 0.977 -0.1653 0.1345
vn 0.9914 -0.1197 0.0529
vn 0.9986 -0.0526 0.0085
vn 0.9519 -0.0993 0.2898
vn 0.9821 -0.1879 -0.0083
vn 0.9475 -0.0266 0.3186
vn 0.9607 -0.2774 -0.0112
vn 0.9604 -0.2786 -0.0095
vn 0.9818 -0.1899 -0.0065
vn 0.9975 -0.0712 -0.0047
vn 0.9835 -0.0086 0.1805
vn 0.9467 0.0003 0.3222
vn 0.9431 -0.0733 -0.3244
vn 0.9959 -0.0242 -0.0874
vn 0.9459 -0.1468 -0.2892
vn 0.9573 -0.1928 -0.2154
vn 0.9998 -0.0197 -0.004
vn 0.9763 -0.1787 -0.1222
vn 0.9873 -0.0489 -0.1509
vn 0.9976 -0.0697 -0.0024
vn 0.9929 -0.1117 -0.0413
vn 0.9991 -0.0423 -0.0042
vn 0.9932 -0.0501 -0.1054
vn 0.9978 -0.0405 -0.0534
vn 0.9995 -0.0268 -0.0139
vn 0.9661 -0.036 -0.2557
vn 0.9661 -0.0356 -0.2558
vn 0.966 -0.0353 -0.2559
vn 0.501 -0.069 -0.8627
vn 0.501 -0.0678 -0.8628
vn 0.501 -0.0666 -0.8629
vn 0.9661 -0.0349 -0.2559
vn 0.5009 -0.0653 -0.863
vn -0.4626 -0.0506 -0.8851
vn 0.9661 -0.0345 -0.256
vn -0.4625 -0.0494 -0.8853
vn 0.501 -0.0641 -0.8631
vn -0.4625 -0.048 -0.8853
vn 0.9834 -0.0377 -0.1774
vn 0.501 -0.0628 -0.8632
vn 0.9431 -0.0375 -0.3304
vn 0.9661 -0.0341 -0.256
vn 0.9823 -0.0298 -0.1852
vn -0.4624 -0.0468 -0.8854
vn 0.9823 -0.0294 -0.1852
vn -0.9538 -0.0004 -0.3005
vn 0.9431 -0.0368 -0.3304
vn -0.9538 -0.0008 -0.3004
vn 0.9998 -0.0197 -0.0041
vn -0.9538 -0.0013 -0.3004
vn 0.9466 -0.0004 0.3223
vn 0.9431 -0.0361 -0.3305
vn 0.9835 -0.009 0.1805
vn 0.9998 -0.0196 -0.0041
vn 0.9466 -0.0011 0.3223
vn 0.9823 -0.0291 -0.1852
vn 0.9432 -0.0354 -0.3305
vn 0.9661 -0.0336 -0.256
vn 0.9661 -0.033 -0.256
vn 0.9823 -0.0286 -0.1852
vn 0.9661 -0.0325 -0.2561
vn 0.5011 -0.0579 -0.8634
vn 0.5011 -0.0598 -0.8633
vn 0.5011 -0.0561 -0.8636
vn 0.501 -0.0614 -0.8633
vn -0.4623 -0.0424 -0.8857
vn -0.4624 -0.0455 -0.8855
vn -0.4624 -0.044 -0.8856
vn -0.9538 0.0001 -0.3005
vn -0.9538 0.0006 -0.3006
vn -0.9538 0.0011 -0.3005
vn -0.4623 -0.0405 -0.8858
vn -0.9814 0.0336 0.1888
vn -0.4623 -0.0386 -0.8859
vn -0.9811 0.0301 0.191
vn -0.9537 0.0017 -0.3006
vn -0.9811 0.0297 0.191
vn -0.94 0.0379 0.3389
vn -0.9835 0.0451 0.1749
vn -0.941 0.0651 0.332
vn -0.9888 0.0539 0.1393
vn -0.9466 0.1343 0.2931
vn -0.995 0.0498 0.0868
vn -0.9585 0.1867 0.2155
vn -0.9975 0.0708 0.0009
vn -0.9986 0.0385 0.0352
vn -0.9998 0.0199 0.0081
vn -0.9401 0.0372 0.339
vn -0.982 0.1882 -0.0165
vn -0.9811 0.0293 0.191
vn -0.9759 0.1813 0.1218
vn -0.9537 0.0024 -0.3006
vn -0.9606 0.2758 -0.0335
vn -0.4622 -0.0368 -0.886
vn -0.9487 0.1119 -0.2959
vn 0.5011 -0.0543 -0.8637
vn -0.9464 0.035 -0.321
vn 0.9661 -0.032 -0.2561
vn -0.9465 -0.0003 -0.3226
vn 0.5008 -0.0542 -0.8639
vn 0.9661 -0.0337 -0.2559
vn -0.9998 0.0199 0.008
vn 0.9822 -0.0305 -0.1852
vn -0.9401 0.0365 0.339
vn -0.9465 0.0004 -0.3227
vn -0.9812 0.0289 0.1911
vn -0.9998 0.0199 0.0081
vn -0.9537 0.003 -0.3008
vn -0.9401 0.0358 0.3391
vn -0.4627 -0.0345 -0.8858
vn -0.9537 0.0055 -0.3006
vn -0.9811 0.0308 0.191
vn -0.9537 0.0111 -0.3006
vn -0.4632 -0.0317 -0.8857
vn 0.5004 -0.0572 -0.8639
vn -0.4628 -0.0292 -0.886
vn 0.966 -0.0394 -0.2556
vn 0.5005 -0.0609 -0.8636
vn -0.9535 0.0172 -0.301
vn 0.9821 -0.0363 -0.1849
vn -0.9809 0.0366 0.1908
vn 0.9658 -0.0458 -0.2553
vn -0.9401 0.0374 0.339
vn -0.9807 0.0431 0.1905
vn -0.9998 0.0198 0.0081
vn -0.9399 0.0429 0.3387
vn -0.9997 0.022 0.0078
vn -0.9465 0.0011 -0.3227
vn -0.9465 0.0017 -0.3227
vn -0.9996 0.0279 0.0074
vn -0.9896 0.0112 -0.1431
vn -0.9464 0.0043 -0.3229
vn -0.9896 0.0115 -0.1432
vn -0.9896 0.0118 -0.1432
vn -0.9896 0.0109 -0.1431
vn -0.9878 0.0105 -0.1556
vn -0.9906 0.0184 -0.1357
vn -0.9878 0.0102 -0.1555
vn -0.9964 0.0349 0.0767
vn -0.9931 0.0319 -0.113
vn -0.9878 0.0109 -0.1556
vn -0.9589 0.1661 -0.2301
vn -0.9958 0.0636 0.0665
vn -0.9609 0.2741 -0.0393
vn -0.9963 0.0389 -0.0765
vn -0.9768 0.163 -0.1385
vn -0.9912 0.1259 0.0415
vn -0.9822 0.1856 -0.0289
vn -0.9987 0.0364 -0.0359
vn -0.9997 0.0258 0.0057
vn -0.995 0.0884 0.0469
vn -0.993 0.1063 -0.0522
vn -0.9858 0.0409 -0.1627
vn -0.9986 0.0535 0.0037
vn -0.9781 0.1161 -0.173
vn -0.9976 0.0689 -0.0094
vn -0.706 0.0129 -0.7081
vn -0.9991 0.0418 -0.0075
vn -0.7077 -0.0272 -0.7059
vn -0.9809 0.0055 -0.1945
vn -0.9996 0.0278 -0.0068
vn -0.7077 -0.0257 -0.706
vn -0.9998 0.0208 0.0014
vn -0.9956 0.0908 0.0244
vn -0.9977 0.068 0.0072
vn -0.9677 0.1748 -0.1814
vn -0.966 0.1757 -0.1899
vn -0.9994 0.0347 0.0004
vn -0.6979 0.1087 -0.7079
vn -0.6874 0.183 -0.7028
vn -0.974 0.1177 -0.1935
vn -0.6874 0.1839 -0.7026
vn -0.1509 0.0583 -0.9868
vn -0.9803 0.0396 -0.1936
vn -0.15 -0.0213 -0.9885
vn -0.6984 0.1095 -0.7072
vn -0.9809 0.0057 -0.1945
vn -0.7067 0.0085 -0.7074
vn -0.153 0.1188 -0.9811
vn -0.1634 0.1184 -0.9794
vn -0.1778 0.0551 -0.9825
vn -0.1903 -0.0281 -0.9813
vn 0.0013 -0.0534 -0.9986
vn 0.0136 -0.017 -0.9998
vn 0.0368 0.011 -0.9993
vn 0.0637 0.0106 -0.9979
vn -0.0292 -0.0494 -0.9984
vn 0.0851 -0.0145 -0.9963
vn -0.0639 -0.0389 -0.9972
vn -0.0942 -0.0363 -0.9949
vn -0.0065 -0.0619 -0.9981
vn -0.1099 -0.0442 -0.993
vn -0.1933 0.0776 -0.9781
vn 0.0955 -0.0465 -0.9943
vn -0.1134 -0.0536 -0.9921
vn -0.2583 0.0314 -0.9656
vn -0.2892 -0.0281 -0.9569
vn -0.1137 -0.0552 -0.992
vn -0.1473 -0.0543 -0.9876
vn -0.2942 -0.0496 -0.9545
vn -0.1137 -0.0532 -0.9921
vn -0.1473 -0.0523 -0.9877
vn -0.7077 -0.0242 -0.7061
vn -0.1136 -0.0511 -0.9922
vn -0.9878 0.0112 -0.1556
vn -0.1472 -0.0502 -0.9878
vn -0.7077 -0.0227 -0.7062
vn -0.9896 0.0142 -0.1432
vn -0.9877 0.0135 -0.1559
vn -0.1472 -0.0481 -0.9879
vn -0.9463 0.0098 -0.3232
vn -0.9895 0.02 -0.1434
vn -0.7073 -0.0202 -0.7067
vn -0.9875 0.0193 -0.1563
vn -0.1136 -0.049 -0.9923
vn -0.1468 -0.0465 -0.9881
vn -0.2942 -0.0476 -0.9546
vn -0.2941 -0.0456 -0.9547
vn 0.009 -0.058 -0.9983
vn 0.0091 -0.0559 -0.9984
vn -0.2941 -0.0436 -0.9548
vn 0.0133 -0.0153 -0.9998
vn 0.0091 -0.0538 -0.9985
vn 0.0235 0.0871 -0.9959
vn 0.3046 -0.032 -0.952
vn 0.3077 -0.059 -0.9497
vn 0.0321 0.1643 -0.9859
vn 0.3077 -0.061 -0.9495
vn 0.3077 -0.057 -0.9498
vn 0.1665 -0.0582 -0.9843
vn 0.2774 0.0318 -0.9602
vn 0.1665 -0.0602 -0.9842
vn 0.1602 -0.055 -0.9856
vn 0.1666 -0.0561 -0.9844
vn -0.3015 -0.0493 -0.9522
vn -0.3014 -0.0473 -0.9523
vn -0.3016 -0.0512 -0.9521
vn -0.8871 -0.0095 -0.4614
vn -0.3014 -0.0453 -0.9524
vn -0.3016 -0.0527 -0.952
vn 0.1666 -0.0541 -0.9845
vn 0.1378 -0.0452 -0.9894
vn -0.8871 -0.0085 -0.4615
vn 0.2126 0.0741 -0.9743
vn -0.8872 -0.0104 -0.4613
vn -0.8643 0.0448 0.501
vn -0.8643 0.0458 0.5009
vn -0.8872 -0.0111 -0.4612
vn -0.8643 0.0468 0.5007
vn -0.3016 -0.0541 -0.9519
vn 0.0977 -0.0426 -0.9943
vn -0.8643 0.0476 0.5007
vn -0.8873 -0.0118 -0.4611
vn -0.2556 0.0627 0.9647
vn -0.3016 -0.0555 -0.9518
vn -0.8872 -0.0124 -0.4611
vn -0.2555 0.0609 0.9649
vn -0.3016 -0.0569 -0.9517
vn -0.1661 0.0603 0.9843
vn -0.2555 0.0589 0.965
vn 0.0502 -0.0491 -0.9975
vn -0.3017 -0.0583 -0.9516
vn 0.0128 -0.0601 -0.9981
vn 0.1251 0.0655 -0.99
vn 0.0046 -0.0483 -0.9988
vn 0.0446 0.0107 -0.9989
vn 0.0052 -0.0241 -0.9997
vn 0.0319 0.1614 -0.9864
vn 0.0205 0.0804 -0.9966
vn -0.0058 -0.0377 -0.9993
vn -0.041 0.0261 -0.9988
vn -0.1122 0.0739 -0.9909
vn -0.1661 0.0582 0.9844
vn -0.8643 0.0437 0.501
vn -0.2556 0.0568 0.9651
vn -0.8871 -0.0075 -0.4615
vn -0.8644 0.0426 0.5009
vn -0.3013 -0.0433 -0.9525
vn -0.8871 -0.0066 -0.4616
vn -0.1662 0.0561 0.9845
vn -0.3017 -0.0413 -0.9525
vn -0.3007 0.059 0.9519
vn -0.2558 0.0548 0.9652
vn 0.0048 0.0577 0.9983
vn -0.8872 -0.004 -0.4613
vn 0.3104 0.049 0.9493
vn -0.8645 0.0438 0.5008
vn 0.1714 0.0537 0.9837
vn -0.2561 0.054 0.9652
vn -0.1046 0.0575 0.9929
vn 0.1714 0.0516 0.9839
vn 0.3104 0.047 0.9495
vn 0.0048 0.0557 0.9984
vn -0.1046 0.0554 0.993
vn -0.3007 0.057 0.952
vn 0.1713 0.0495 0.984
vn 0.3103 0.045 0.9496
vn 0.0048 0.0535 0.9986
vn -0.1662 0.0541 0.9846
vn -0.3007 0.055 0.9521
vn -0.1661 0.0531 0.9847
vn -0.3008 0.0543 0.9521
vn 0.0047 0.0515 0.9987
vn -0.2562 0.0555 0.965
vn 0.3103 0.043 0.9497
vn 0.0043 0.0501 0.9987
vn 0.3102 0.041 0.9498
vn 0.1713 0.0475 0.9841
vn 0.1715 0.0457 0.9841
vn 0.0041 0.05 0.9987
vn -0.1047 0.0533 0.9931
vn -0.3007 0.0561 0.9521
vn -0.1659 0.054 0.9847
vn 0.3101 0.0392 0.9499
vn -0.3006 0.0586 0.9519
vn -0.1046 0.0522 0.9931
vn -0.1659 0.0556 0.9846
vn -0.2561 0.0577 0.9649
vn 0.0043 0.0506 0.9987
vn -0.166 0.0569 0.9845
vn 0.1716 0.0447 0.9842
vn -0.2558 0.0594 0.9649
vn -0.8641 0.0548 0.5003
vn -0.8643 0.0489 0.5005
vn -0.3006 0.0604 0.9518
vn -0.8873 0.0013 -0.4611
vn -0.8871 0.0067 -0.4616
vn -0.3021 -0.0395 -0.9525
vn 0.1664 -0.0531 -0.9846
vn -0.3018 -0.0381 -0.9526
vn 0.1663 -0.054 -0.9846
vn 0.3078 -0.0544 -0.9499
vn 0.3078 -0.055 -0.9499
vn 0.3078 -0.0562 -0.9498
vn 0.0091 -0.0517 -0.9986
vn 0.0096 -0.0504 -0.9987
vn -0.294 -0.0416 -0.9549
vn 0.1663 -0.0557 -0.9845
vn 0.0098 -0.0504 -0.9987
vn 0.3077 -0.0587 -0.9497
vn -0.3016 -0.0371 -0.9527
vn 0.1664 -0.0569 -0.9844
vn 0.0096 -0.051 -0.9987
vn -0.8868 0.0108 -0.4619
vn -0.2939 -0.0399 -0.955
vn -0.1139 -0.0474 -0.9924
vn -0.8639 0.0592 0.5001
vn -0.114 -0.0467 -0.9924
vn -0.8867 0.0136 -0.4621
vn -0.8637 0.0621 0.5001
vn -0.3015 -0.0364 -0.9528
vn -0.2557 0.0605 0.9649
vn -0.8866 0.015 -0.4624
vn -0.166 0.0577 0.9844
vn -0.8636 0.0637 0.5001
vn -0.2555 0.061 0.9649
vn -0.3013 -0.036 -0.9529
vn -0.8865 0.0154 -0.4624
vn -0.8636 0.0641 0.5002
vn 0.1664 -0.0577 -0.9844
vn -0.3012 -0.0359 -0.9529
vn 0.3076 -0.0606 -0.9496
vn 0.1653 -0.0598 -0.9844
vn 0.3075 -0.0619 -0.9495
vn 0.0095 -0.0515 -0.9986
vn -0.2939 -0.0385 -0.9551
vn 0.0093 -0.0518 -0.9986
vn -0.2939 -0.0375 -0.9551
vn -0.1139 -0.0465 -0.9924
vn 0.3037 -0.0748 -0.9498
vn -0.1138 -0.0464 -0.9924
vn -0.2939 -0.0368 -0.9551
vn 0.0973 -0.0538 -0.9938
vn 0.0052 -0.077 -0.997
vn -0.1465 -0.0456 -0.9882
vn 0.1525 -0.0668 -0.986
vn -0.7069 -0.0161 -0.7071
vn -0.1467 -0.0452 -0.9882
vn -0.1468 -0.0449 -0.9882
vn -0.7069 -0.0119 -0.7072
vn -0.9873 0.0256 -0.1566
vn -0.1137 -0.0463 -0.9924
vn -0.7069 -0.0088 -0.7073
vn -0.2921 -0.0556 -0.9548
vn -0.1469 -0.0447 -0.9881
vn -0.109 -0.0512 -0.9927
vn -0.9872 0.0303 -0.1568
vn 0.0954 -0.0619 -0.9935
vn -0.9893 0.0264 -0.1437
vn -0.9891 0.0311 -0.144
vn -0.9461 0.0158 -0.3235
vn -0.9459 0.0202 -0.3237
vn -0.9994 0.0344 0.0071
vn -0.9992 0.0392 0.0069
vn -0.9397 0.0492 0.3384
vn -0.9395 0.0538 0.3382
vn -0.9806 0.0478 0.1902
vn -0.9991 0.0424 0.0067
vn -0.9394 0.057 0.338
vn -0.9804 0.0511 0.1901
vn -0.9533 0.0216 -0.3012
vn -0.9531 0.0246 -0.3015
vn -0.4626 -0.0274 -0.8861
vn -0.4624 -0.0262 -0.8863
vn 0.5006 -0.0637 -0.8633
vn -0.4622 -0.0255 -0.8864
vn 0.5006 -0.0655 -0.8632
vn 0.9656 -0.0506 -0.255
vn -0.9531 0.0262 -0.3016
vn 0.9819 -0.0428 -0.1846
vn -0.9816 0.0464 0.1851
vn -0.462 -0.0254 -0.8865
vn -0.9411 0.0363 0.3362
vn -0.953 0.0266 -0.3017
vn 0.5008 -0.0665 -0.863
vn 0.9655 -0.0538 -0.2549
vn 0.9817 -0.0476 -0.1844
vn 0.5009 -0.0668 -0.8629
vn 0.9654 -0.0555 -0.2548
vn 0.9816 -0.0508 -0.1842
vn -0.4621 -0.0253 -0.8865
vn 0.9654 -0.0559 -0.2547
vn 0.5009 -0.0668 -0.8629
vn 0.9818 -0.0506 -0.1831
vn 0.9426 -0.0535 -0.3296
vn 0.9425 -0.0567 -0.3294
vn 0.9428 -0.0488 -0.3298
vn 0.943 -0.0425 -0.3301
vn 0.9994 -0.0342 -0.0031
vn 0.9431 -0.037 -0.3304
vn 0.9996 -0.0277 -0.0034
vn 0.9998 -0.0218 -0.0038
vn 0.9998 -0.0197 -0.0041
vn 0.9466 -0.0018 0.3224
vn 0.9466 -0.0043 0.3225
vn 0.9835 -0.0094 0.1805
vn 0.9835 -0.0098 0.1806
vn 0.9464 -0.0098 0.3228
vn 0.9835 -0.0122 0.1805
vn 0.9959 -0.024 -0.0875
vn 0.9959 -0.0239 -0.0875
vn 0.9958 -0.0259 -0.0874
vn 0.9834 -0.018 0.1807
vn 0.9462 -0.0158 0.3231
vn 0.9992 -0.039 -0.0029
vn 0.9832 -0.0243 0.1811
vn 0.9461 -0.0202 0.3233
vn 0.9991 -0.0422 -0.0027
vn 0.9957 -0.0318 -0.0871
vn 0.983 -0.0289 0.1813
vn 0.9443 -0.0434 -0.3263
vn 0.946 -0.0232 0.3235
vn 0.9999 -0.0141 -0.0011
vn 0.9846 -0.0422 -0.1695
vn 0.955 -0.001 -0.2967
vn 0.9654 -0.056 -0.2548
vn 0.9906 -0.0327 -0.1328
vn 0.9984 0.0556 0.0031
vn 0.5009 -0.0668 -0.8629
vn 0.9476 -0.0028 0.3195
vn 0.9654 -0.056 -0.2548
vn 0.9733 0.0368 -0.2265
vn 0.9963 -0.0303 -0.0803
vn 0.9829 -0.0321 0.1815
vn 0.9567 0.0402 0.2882
vn 0.994 0.1088 0.0086
vn 0.984 -0.028 0.1762
vn 0.9902 0.0421 -0.1331
vn 0.9739 0.0648 0.2175
vn 0.9941 0.1074 0.0119
vn 0.9881 -0.0205 0.1525
vn 0.9952 -0.0464 -0.0864
vn 0.9949 -0.0503 -0.0876
vn 0.9953 -0.0431 -0.0865
vn 0.9955 -0.0383 -0.0868
vn 0.9921 -0.0323 0.1212
vn 0.9923 -0.0276 0.121
vn 0.9925 -0.0213 0.1207
vn 0.992 -0.0356 0.1213
vn 0.7059 0.0119 0.7082
vn 0.9926 -0.0155 0.1202
vn 0.706 0.0161 0.7081
vn 0.9927 -0.0131 0.1199
vn 0.7063 0.0203 0.7076
vn 0.7067 0.0228 0.7072
vn 0.9927 -0.0129 0.1199
vn 0.7067 0.0243 0.7071
vn 0.9927 -0.0126 0.1199
vn 0.7068 0.0257 0.707
vn 0.1024 0.0534 0.9933
vn 0.1024 0.0514 0.9934
vn 0.1024 0.0493 0.9935
vn 0.1019 0.0477 0.9937
vn 0.1016 0.0471 0.9937
vn -0.1044 0.0527 0.9931
vn 0.1017 0.047 0.9937
vn -0.1045 0.054 0.9931
vn 0.1715 0.0441 0.9842
vn 0.1019 0.0469 0.9937
vn -0.1045 0.0549 0.993
vn 0.1714 0.0437 0.9842
vn 0.3101 0.0377 0.95
vn 0.3101 0.0366 0.95
vn 0.0044 0.051 0.9987
vn 0.31 0.0359 0.95
vn -0.3005 0.0617 0.9518
vn 0.0045 0.0512 0.9987
vn -0.1613 0.0633 0.9849
vn -0.297 0.0814 0.9514
vn 0.003 0.0767 0.9971
vn 0.1714 0.0435 0.9842
vn 0.3073 0.0483 0.9504
vn -0.1045 0.0555 0.993
vn 0.1703 0.0451 0.9844
vn 0.2796 0.0856 0.9563
vn 0.102 0.0469 0.9937
vn -0.0013 0.1361 0.9907
vn 0.7059 0.0088 0.7082
vn -0.1021 0.057 0.9931
vn 0.7059 0.0067 0.7082
vn 0.1054 0.0661 0.9922
vn 0.9917 -0.021 0.1265
vn 0.7068 0.0279 0.7068
vn 0.9953 -0.0523 -0.0813
vn 0.9903 0.0204 0.1374
vn 0.7081 0.0801 0.7016
vn 0.9939 -0.0202 0.1081
vn 0.9969 -0.049 -0.0615
vn 0.9866 0.0559 0.1532
vn 0.1136 0.109 0.9875
vn 0.7081 0.1209 0.6957
vn -0.0856 0.0575 0.9947
vn 0.1301 0.1406 0.9815
vn 0.1577 0.0533 0.9861
vn -0.0557 0.058 0.9968
vn 0.1241 0.062 0.9903
vn 0.214 0.1193 0.9695
vn -0.0259 0.0582 0.998
vn 0.1545 0.1399 0.978
vn 0.0759 0.0643 0.995
vn 0.7086 0.1213 0.6951
vn 0.1775 0.1049 0.9785
vn 0.9833 0.0597 0.172
vn 0.7095 0.0809 0.7
vn 0.982 0.0292 0.1866
vn 0.9984 -0.0435 -0.0361
vn 0.9991 -0.0403 -0.0138
vn 0.998 -0.0276 0.0567
vn 0.9991 -0.0383 0.0165
vn 0.9907 0.0529 0.1254
vn 0.999 0.0096 0.0433
vn 0.9985 0.0532 0.01
vn 0.999 -0.0443 0.0014
vn 0.9995 -0.032 0.0052
vn 0.9999 -0.0156 0.0043
vn 0.9991 -0.042 -0.0015
vn 0.9799 -0.0335 0.1964
vn 0.9809 -0.0141 0.194
vn 0.7084 0.0275 0.7053
vn 0.9997 -0.0233 -0.0041
vn 0.9987 0.0169 -0.0472
vn 0.9992 -0.0397 -0.0033
vn 0.999 -0.0332 -0.0303
vn 0.9654 -0.056 -0.2547
vn 0.9654 -0.056 -0.2547
vn 0.5009 -0.0668 -0.8629
vn 0.5009 -0.0669 -0.8629
vn 0.9654 -0.0562 -0.2546
vn 0.501 -0.0669 -0.8629
vn -0.462 -0.0253 -0.8865
vn -0.462 -0.0253 -0.8865
vn 0.5008 -0.067 -0.863
vn -0.4619 -0.0253 -0.8866
vn -0.953 0.0268 -0.3017
vn -0.462 -0.0253 -0.8865
vn -0.953 0.0267 -0.3018
vn -0.953 0.0266 -0.3017
vn -0.953 0.0266 -0.3017
vn -0.9862 0.0361 0.1613
vn -0.9929 0.0311 0.1147
vn -0.9977 0.0331 0.0594
vn -0.9512 -0.0098 0.3084
vn -0.9705 -0.0417 0.2374
vn -0.9894 -0.0393 0.1395
vn -0.9991 0.0398 0.0154
vn -0.9988 -0.0047 0.0482
vn -0.9995 0.0326 0.0036
vn -0.953 0.0268 -0.3018
vn -0.9999 0.0162 0.0044
vn -0.462 -0.0252 -0.8865
vn -0.9985 -0.0515 0.0189
vn -0.994 -0.1051 0.03
vn -0.9938 -0.1068 0.0302
vn -0.9997 0.0229 -0.0048
vn -0.9989 -0.0215 -0.0423
vn -0.9909 -0.0554 -0.1227
vn -0.9983 -0.0544 0.0216
vn -0.9751 -0.0598 -0.2137
vn -0.9998 0.0145 0.0111
vn -0.9578 -0.0294 -0.2859
vn -0.9458 0.0232 -0.3239
vn -0.9476 0.0101 -0.3193
vn -0.989 0.0342 -0.1442
vn -0.9904 0.0247 -0.1357
vn -0.987 0.0335 -0.1569
vn -0.989 0.0332 -0.1441
vn -0.9963 0.0393 0.0768
vn -0.7069 -0.0066 -0.7073
vn -0.9873 0.0159 -0.1582
vn -0.9974 0.0213 0.0691
vn -0.9869 -0.0282 -0.1587
vn -0.7076 -0.0299 -0.706
vn -0.1515 -0.0633 -0.9864
vn -0.708 -0.087 -0.7008
vn 0.0842 -0.08 -0.9932
vn -0.1607 -0.1096 -0.9809
vn -0.7069 -0.1318 -0.695
vn -0.9849 -0.0623 -0.1615
vn -0.9986 0.0069 0.0519
vn -0.9939 0.0179 -0.1092
vn -0.9834 -0.0629 -0.1704
vn -0.9974 0.0203 -0.0688
vn -0.9995 0.0055 0.0299
vn -0.9992 0.0291 -0.0285
vn -0.9998 0.0194 0.0106
vn -0.9992 0.0393 -0.0056
vn -0.9993 0.0375 0.0004
vn -0.9829 -0.0289 -0.1819
vn -0.9813 0.0153 -0.1917
vn -0.98 0.0335 -0.196
vn -0.7081 -0.0297 -0.7055
vn -0.7085 -0.0882 -0.7001
vn -0.707 -0.1324 -0.6947
vn -0.953 0.0269 -0.3017
vn -0.1722 -0.1464 -0.9741
vn -0.1843 -0.1473 -0.9718
vn 0.061 -0.0965 -0.9935
vn 0.0332 -0.0984 -0.9946
vn -0.1922 -0.1114 -0.975
vn 0.0106 -0.0841 -0.9964
vn -0.0304 -0.0652 -0.9974
vn -0.1948 -0.063 -0.9788
vn -0.063 -0.0661 -0.9958
vn 0.0004 -0.0622 -0.9981
vn -0.0921 -0.0605 -0.9939
vn -0.0062 -0.0591 -0.9982
vn 0.0008 -0.0531 -0.9986
vn -0.2673 -0.0958 -0.9589
vn -0.2052 -0.1241 -0.9708
vn -0.1209 -0.123 -0.985
vn -0.005 -0.1357 -0.9907
vn -0.0154 -0.1799 -0.9836
vn -0.0198 -0.1784 -0.9838
vn 0.2733 -0.1094 -0.9557
vn 0.2055 -0.137 -0.969
vn 0.1179 -0.1352 -0.9838
vn 0.1192 -0.0724 -0.9902
vn 0.072 -0.0705 -0.9949
vn -0.3012 -0.0359 -0.9529
vn -0.3011 -0.0359 -0.9529
vn 0.0269 -0.064 -0.9976
vn -0.8866 0.0154 -0.4624
vn -0.8865 0.0154 -0.4625
vn -0.8636 0.0641 0.5001
vn -0.2555 0.0612 0.9649
vn -0.8635 0.0642 0.5002
vn -0.2554 0.0612 0.9649
vn -0.1399 0.071 0.9876
vn -0.8865 0.0154 -0.4625
vn -0.2682 0.1196 0.9559
vn -0.3012 -0.0359 -0.9529
vn -0.0066 0.181 0.9835
vn -0.2023 0.1421 0.969
vn -0.0993 0.072 0.9925
vn 0.1264 0.125 0.9841
vn -0.0095 0.1797 0.9837
vn -0.116 0.1333 0.9843
vn -0.2554 0.0612 0.9649
vn -0.0515 0.0661 0.9965
vn -0.8635 0.0642 0.5002
vn -0.2554 0.0612 0.9649
vn -0.8865 0.0155 -0.4624
vn -0.8636 0.0642 0.5002
vn -0.0137 0.0569 0.9983
vn -0.8865 0.0156 -0.4624
vn -0.2554 0.0612 0.9649
vn -0.0386 0.0971 0.9945
vn -0.8635 0.0643 0.5002
vn -0.0025 0.0619 0.9981
vn -0.2554 0.0613 0.9649
vn -0.0074 0.134 0.991
vn -0.0019 0.0759 0.9971
vn 0.0456 0.1041 0.9935
vn 0.0055 0.0698 0.9975
vn 0.0297 0.0617 0.9977
vn 0.0049 0.0557 0.9984
vn 0.1958 0.0419 0.9797
vn 0.0008 0.0517 0.9987
vn -0.0059 0.0549 0.9985
vn 0.1916 0.06 0.9796
vn 0.707 0.0051 0.7072
vn 0.1958 0.0419 0.9797
vn 0.707 0.005 0.7072
vn 0.9799 -0.0336 0.1964
vn -0.2554 0.0613 0.9649
vn 0.9654 -0.0563 -0.2548
vn 0.9654 -0.0563 -0.2547
vn 0.9799 -0.0336 0.1964
vn 0.707 0.005 0.7072
vn 0.5009 -0.067 -0.8629
vn 0.9654 -0.0564 -0.2547
vn 0.9799 -0.0337 0.1964
vn 0.1959 0.0419 0.9797
vn 0.707 0.0049 0.7072
vn -0.462 -0.0252 -0.8865
vn 0.5009 -0.067 -0.8629
vn 0.76 0.6091 -0.2266
vn 0.7613 0.6387 0.1121
vn 0.5773 0.6325 0.5164
vn -0.953 0.027 -0.3018
vn 0.1763 0.6954 0.6966
vn -0.3835 0.7996 -0.462
vn -0.2554 0.0613 0.9649
vn -0.6101 0.7743 -0.1679
vn -0.8635 0.0644 0.5002
vn -0.707 -0.005 -0.7072
vn -0.8865 0.0157 -0.4624
vn -0.8635 0.0645 0.5001
vn -0.8865 0.0157 -0.4624
vn -0.3012 -0.0358 -0.9529
vn -0.2554 0.0613 0.9649
vn -0.3013 -0.0358 -0.9529
vn -0.0941 0.7243 -0.683
vn -0.3013 -0.0359 -0.9529
vn 0.0327 0.742 0.6696
vn 0.0029 -0.0561 -0.9984
vn -0.1954 -0.0419 -0.9798
vn 0.0393 -0.1075 -0.9934
vn -0.1954 -0.042 -0.9798
vn 0.0023 -0.0701 -0.9975
vn -0.0153 -0.1331 -0.991
vn -0.0056 -0.0757 -0.9971
vn -0.043 -0.0938 -0.9947
vn -0.005 -0.0617 -0.9981
vn -0.707 -0.0051 -0.7072
vn -0.707 -0.005 -0.7072
vn -0.98 0.0336 -0.196
vn -0.98 0.0337 -0.196
vn -0.707 -0.005 -0.7072
vn -0.1954 -0.0419 -0.9798
vn -0.201 0.6165 -0.7613
vn -0.98 0.0337 -0.196
vn -0.953 0.027 -0.3017
vn -0.699 0.6647 -0.2638
vn -0.462 -0.0252 -0.8865
vn -0.5472 0.7106 -0.4423
vn -0.336 0.5955 -0.7297
vn 0.4245 0.5549 -0.7154
vn 0.0317 0.6685 -0.743
vn -0.8865 0.0157 -0.4625
vn -0.3737 0.6937 -0.6157
vn -0.8636 0.0645 0.5001
vn -0.6705 0.6274 -0.396
vn -0.1637 0.6988 0.6963
vn -0.6745 0.7373 -0.0377
vn -0.3183 0.7525 0.5765
vn -0.6569 0.6598 0.3649
vn 0.9808 -0.0048 0.1949
vn 0.7386 -0.6741 -0.011
vn 0.6671 -0.737 0.1088
vn 0.647 -0.7334 0.2087
vn -0.7048 -0.6644 -0.2487
vn -0.6382 -0.7114 -0.2942
vn 0.6785 -0.6913 -0.2484
vn -0.622 -0.6821 -0.3844
vn -0.6571 -0.7172 -0.2321
vn -0.6271 -0.6952 -0.3513
vn 0.6794 -0.6503 -0.3398
vn -0.9809 0.0048 -0.1945
vn -0.704 -0.6234 -0.3401
vn 0.6805 -0.5973 -0.4244
vn -0.703 -0.5705 -0.4247
vn 0.6816 -0.533 -0.5012
vn -0.7016 -0.5062 -0.5015
vn 0.683 -0.458 -0.569
vn -0.6999 -0.4312 -0.5694
vn 0.6844 -0.3732 -0.6263
vn -0.6982 -0.3463 -0.6266
vn 0.6936 -0.3012 -0.6544
vn -0.7044 -0.2741 -0.6547
vn 0.7025 -0.2639 -0.661
vn -0.7118 -0.234 -0.6622
vn 0.9661 -0.0376 -0.2556
vn -0.4247 -0.1568 -0.8917
vn 0.4599 -0.1731 -0.8709
vn -0.9539 -0.0035 -0.3002
vn 0.5009 -0.0731 -0.8624
vn 0.5008 -0.0723 -0.8625
vn -0.4627 -0.056 -0.8847
vn 0.5009 -0.0711 -0.8625
vn -0.4626 -0.0552 -0.8848
vn -0.9538 -0.0032 -0.3003
vn -0.4626 -0.0541 -0.8849
vn 0.5009 -0.0701 -0.8627
vn -0.9538 -0.0029 -0.3003
vn -0.4625 -0.053 -0.885
vn -0.9538 -0.0025 -0.3003
vn -0.4626 -0.0518 -0.885
vn -0.9538 -0.0021 -0.3003
vn -0.9539 -0.0017 -0.3002
vn 0.7002 -0.6895 0.185
vn 0.7269 0.6816 0.0837
vn 0.7294 0.6839 -0.0139
vn 0.7022 -0.7064 0.0889
vn 0.6654 -0.68 0.308
vn 0.5901 0.5217 -0.6161
vn 0.6919 0.6917 0.2068
vn 0.5677 -0.6288 -0.5312
vn -0.2822 0.5821 -0.7626
vn -0.3066 -0.6763 -0.6697
vn 0.6103 -0.6711 0.4209
vn 0.637 0.7015 0.3196
vn 0.5381 -0.6625 0.5211
vn 0.5648 0.7105 0.4197
vn 0.4506 -0.6545 0.6072
vn 0.4774 0.7185 0.5058
vn 0.3493 -0.647 0.6778
vn 0.3759 0.7256 0.5764
vn 0.2354 -0.6406 0.7309
vn 0.2621 0.7313 0.6297
vn 0.1116 -0.6353 0.7642
vn 0.1381 0.7359 0.6629
vn -0.6954 0.6218 -0.3602
vn 0.0143 -0.6429 0.7658
vn 0.0412 0.7474 0.6631
vn -0.7201 -0.6405 -0.2671
vn -0.6026 -0.5209 0.6046
vn -0.5802 0.6269 0.5199
vn -0.0417 -0.679 0.7329
vn -0.1415 -0.6864 0.7134
vn -0.225 -0.6743 0.7033
vn 0.4476 -0.6987 -0.5581
vn 0.3608 -0.7371 -0.5714
vn 0.4162 -0.7148 -0.5619
vn 0.7079 -0.0382 -0.7053
vn 0.4841 -0.805 -0.3429
vn 0.0714 -0.5984 0.798
vn 0.6681 -0.7122 -0.2154
vn -0.5374 -0.5987 0.594
vn 0.3098 -0.5995 0.738
vn -0.6384 -0.7128 0.2905
vn 0.3116 -0.701 -0.6415
vn -0.7079 0.0382 0.7053
vn 0.196 -0.0681 -0.9782
vn 0.3984 -0.6519 -0.6452
vn -0.1964 0.0681 0.9782
vn 0.3968 -0.5501 0.7348
vn 0.4778 -0.5915 -0.6495
vn 0.4761 -0.4896 0.7305
vn 0.5483 -0.5205 -0.6546
vn 0.5465 -0.4187 0.7252
vn 0.6089 -0.4397 -0.6602
vn 0.6071 -0.3379 0.7192
vn 0.658 -0.3502 -0.6666
vn 0.6564 -0.2484 0.7124
vn 0.6793 -0.2765 -0.6798
vn 0.6777 -0.1736 0.7146
vn 0.6806 -0.1351 0.72
vn 0.6831 -0.2368 -0.6909
vn 0.3019 -0.0641 -0.9512
vn 0.9036 -0.1123 -0.4135
vn 0.882 -0.0482 0.4688
vn 0.3018 -0.0631 -0.9513
vn 0.2553 0.0757 0.9639
vn 0.8641 0.0534 0.5004
vn 0.8874 -0.0167 -0.4607
vn 0.8642 0.053 0.5004
vn 0.2553 0.0749 0.964
vn 0.8873 -0.0163 -0.4608
vn 0.8642 0.0524 0.5005
vn -0.1964 0.0672 0.9782
vn 0.2553 0.0736 0.964
vn 0.8873 -0.0157 -0.4609
vn -0.7079 0.0375 0.7053
vn 0.8642 0.0517 0.5006
vn -0.1964 0.0659 0.9783
vn 0.3017 -0.0619 -0.9514
vn -0.7079 0.0366 0.7054
vn 0.2554 0.0724 0.9641
vn 0.196 -0.0672 -0.9783
vn 0.8873 -0.0151 -0.461
vn 0.7079 -0.0375 -0.7053
vn 0.3017 -0.0607 -0.9515
vn 0.1959 -0.0659 -0.9784
vn 0.8642 0.0511 0.5006
vn 0.1959 -0.0647 -0.9785
vn 0.7079 -0.0366 -0.7054
vn 0.7079 -0.0357 -0.7054
vn 0.1959 -0.0634 -0.9786
vn 0.9809 0.0051 -0.1945
vn 0.7079 -0.0348 -0.7055
vn 0.9809 0.0053 -0.1945
vn 0.9809 0.0056 -0.1945
vn 0.9809 0.0048 -0.1944
vn 0.7068 0.0084 -0.7074
vn 0.9809 0.0047 -0.1945
vn 0.9539 -0.0029 -0.3002
vn 0.1903 -0.0281 -0.9813
vn 0.9538 -0.0034 -0.3003
vn 0.9538 -0.0026 -0.3003
vn 0.4626 -0.0541 -0.8849
vn 0.4626 -0.0529 -0.885
vn 0.4626 -0.0552 -0.8849
vn 0.4625 -0.0518 -0.8851
vn 0.9539 -0.0036 -0.3001
vn 0.9538 -0.0022 -0.3003
vn -0.5009 -0.07 -0.8627
vn -0.5009 -0.0711 -0.8626
vn -0.5009 -0.0689 -0.8627
vn 0.9538 -0.0018 -0.3004
vn -0.9661 -0.0369 -0.2557
vn 0.9997 0.0257 0.0057
vn -0.9661 -0.0365 -0.2558
vn -0.966 -0.0372 -0.2558
vn -0.5008 -0.0722 -0.8625
vn 0.4627 -0.056 -0.8847
vn -0.5009 -0.073 -0.8624
vn 0.4246 -0.1568 -0.8917
vn -0.966 -0.0375 -0.2557
vn 0.7118 -0.2341 -0.6622
vn -0.4599 -0.1731 -0.8709
vn -0.7025 -0.2638 -0.661
vn -0.9808 -0.0046 0.1949
vn 0.7044 -0.2741 -0.6547
vn -0.6935 -0.3011 -0.6545
vn 0.6981 -0.3464 -0.6266
vn -0.6845 -0.3731 -0.6263
vn 0.6999 -0.4313 -0.5693
vn -0.683 -0.458 -0.569
vn 0.7016 -0.5062 -0.5015
vn -0.6817 -0.5329 -0.5012
vn 0.7029 -0.5705 -0.4247
vn -0.6806 -0.5972 -0.4244
vn 0.704 -0.6235 -0.3401
vn -0.6795 -0.6502 -0.3398
vn 0.7047 -0.6645 -0.2487
vn -0.6786 -0.6912 -0.2485
vn -0.7387 -0.6739 -0.0112
vn 0.627 -0.6953 -0.3513
vn -0.6672 -0.7369 0.1087
vn 0.6573 -0.717 -0.2323
vn 0.6214 -0.6829 -0.3841
vn 0.6383 -0.7113 -0.2943
vn -0.6471 -0.7333 0.2088
vn -0.9808 -0.0048 0.1949
vn -0.9808 -0.0051 0.1949
vn -0.9808 -0.0053 0.1949
vn -0.7079 0.0357 0.7055
vn -0.966 -0.0362 -0.2558
vn -0.1963 0.0647 0.9784
vn -0.9808 -0.0056 0.1949
vn -0.7078 0.0348 0.7055
vn -0.9661 -0.0359 -0.2558
vn 0.2554 0.0712 0.9642
vn -0.1963 0.0634 0.9785
vn -0.1932 0.0264 0.9808
vn -0.5009 -0.0678 -0.8628
vn 0.0029 0.0641 0.9979
vn 0.4625 -0.0507 -0.8852
vn -0.7067 -0.0045 0.7075
vn 0.9538 -0.0014 -0.3004
vn -0.6989 -0.0965 0.7087
vn 0.9986 0.0383 0.0352
vn -0.1842 -0.0561 0.9813
vn 0.9912 0.1258 0.0415
vn 0.0179 0.0605 0.998
vn 0.9986 0.0533 0.0037
vn -0.001 0.0673 0.9977
vn -0.1658 -0.1154 0.9794
vn -0.0146 0.0594 0.9981
vn -0.6886 -0.1647 0.7062
vn 0.045 0.0638 0.997
vn -0.0061 0.0476 0.9988
vn -0.0519 0.0468 0.9976
vn -0.0439 -0.0133 0.9989
vn -0.0057 0.0235 0.9997
vn -0.1428 -0.1116 0.9834
vn -0.0161 -0.0814 0.9965
vn -0.6883 -0.1641 0.7067
vn 0.076 0.0701 0.9946
vn 0.0049 0.0378 0.9993
vn -0.1225 -0.0719 0.9899
vn -0.1 0.0383 0.9943
vn 0.0045 0.0619 0.9981
vn 0.0437 -0.0244 0.9987
vn -0.0225 -0.163 0.9864
vn 0.2554 0.0699 0.9643
vn 0.0313 0.0517 0.9982
vn 0.1189 -0.0694 0.9905
vn -0.21 -0.0843 0.9741
vn -0.0208 -0.1659 0.9859
vn 0.0771 0.0437 0.9961
vn 0.2554 0.0685 0.9644
vn 0.8642 0.0504 0.5006
vn 0.2022 -0.0703 0.9768
vn 0.8873 -0.0145 -0.4609
vn 0.8642 0.0497 0.5007
vn 0.8873 -0.0139 -0.4611
vn 0.3017 -0.0595 -0.9515
vn 0.2555 0.0671 0.9645
vn 0.1228 0.0419 0.9915
vn 0.8873 -0.0133 -0.4611
vn 0.8643 0.049 0.5006
vn 0.2555 0.0657 0.9646
vn 0.3017 -0.0583 -0.9516
vn 0.8872 -0.0126 -0.4612
vn 0.3016 -0.0569 -0.9517
vn 0.8643 0.0482 0.5007
vn 0.153 0.0501 0.987
vn 0.2555 0.0643 0.9647
vn 0.267 -0.0217 0.9635
vn -0.0141 -0.0882 0.996
vn 0.2964 0.0392 0.9543
vn -0.2767 -0.0441 0.9599
vn -0.0075 0.0148 0.9999
vn -0.3063 0.0196 0.9517
vn -0.1412 0.0393 0.9892
vn -0.1647 0.0485 0.9852
vn 0.1001 0.0718 0.9924
vn 0.1069 0.0654 0.9921
vn -0.1246 -0.0492 0.991
vn -0.1107 0.0267 0.9935
vn -0.6973 -0.0963 0.7103
vn -0.7048 -0.009 0.7093
vn -0.1025 0.0555 0.9932
vn 0.1046 0.0596 0.9927
vn -0.3104 0.049 0.9493
vn -0.1714 0.0537 0.9837
vn 0.1046 0.0574 0.9929
vn -0.1714 0.0516 0.9839
vn -0.0048 0.0577 0.9983
vn -0.3104 0.047 0.9495
vn 0.1046 0.0553 0.993
vn 0.3006 0.061 0.9518
vn -0.1713 0.0496 0.984
vn -0.0048 0.0557 0.9984
vn -0.1024 0.0535 0.9933
vn -0.3103 0.045 0.9496
vn 0.1047 0.0533 0.9931
vn 0.3007 0.0589 0.9519
vn -0.1713 0.0475 0.9841
vn -0.0047 0.0536 0.9986
vn -0.1024 0.0514 0.9934
vn -0.3103 0.043 0.9497
vn 0.3007 0.057 0.952
vn -0.1715 0.0458 0.9841
vn -0.0047 0.0514 0.9987
vn 0.1046 0.0521 0.9931
vn -0.3102 0.041 0.9498
vn 0.3008 0.055 0.9521
vn -0.0043 0.0501 0.9987
vn -0.3101 0.0392 0.9499
vn 0.1662 0.0541 0.9846
vn -0.0041 0.05 0.9987
vn 0.3008 0.0543 0.9521
vn 0.3007 0.0561 0.9521
vn 0.1662 0.0561 0.9845
vn 0.166 0.053 0.9847
vn 0.1662 0.0582 0.9844
vn 0.2557 0.0548 0.9652
vn 0.2557 0.0568 0.9651
vn 0.1661 0.0602 0.9843
vn 0.1659 0.054 0.9847
vn 0.2556 0.0588 0.965
vn 0.1643 0.0592 0.9846
vn 0.2556 0.0608 0.9649
vn 0.2555 0.0627 0.9648
vn 0.8643 0.0475 0.5008
vn 0.8644 0.0457 0.5008
vn 0.8872 -0.0119 -0.4612
vn 0.8643 0.0467 0.5009
vn 0.8872 -0.0112 -0.4612
vn 0.3016 -0.0555 -0.9518
vn 0.3016 -0.0541 -0.9519
vn 0.8872 -0.0105 -0.4613
vn 0.3016 -0.0528 -0.952
vn 0.8643 0.0447 0.5009
vn 0.8872 -0.0096 -0.4614
vn 0.3015 -0.0511 -0.9521
vn 0.8644 0.0436 0.5009
vn 0.8871 -0.0086 -0.4614
vn 0.8644 0.0426 0.501
vn 0.8871 -0.0076 -0.4615
vn 0.3015 -0.0473 -0.9523
vn 0.256 0.054 0.9652
vn 0.3015 -0.0493 -0.9522
vn 0.2562 0.0555 0.965
vn -0.1665 -0.0602 -0.9842
vn 0.256 0.0577 0.9649
vn -0.1602 -0.055 -0.9856
vn -0.1666 -0.0582 -0.9843
vn -0.1378 -0.0452 -0.9894
vn 0.3014 -0.0453 -0.9524
vn -0.0977 -0.0426 -0.9943
vn -0.1666 -0.0561 -0.9844
vn -0.0502 -0.0491 -0.9975
vn -0.2126 0.0741 -0.9743
vn -0.0128 -0.0601 -0.9981
vn -0.1251 0.0655 -0.99
vn -0.0046 -0.048 -0.9988
vn -0.0446 0.0107 -0.9989
vn -0.0052 -0.0238 -0.9997
vn -0.0205 0.0804 -0.9965
vn -0.0319 0.1614 -0.9864
vn 0.0058 -0.0379 -0.9993
vn 0.041 0.0261 -0.9988
vn 0.0065 -0.0617 -0.9981
vn -0.0013 -0.0534 -0.9986
vn 0.0292 -0.0494 -0.9983
vn 0.1123 0.0739 -0.9909
vn -0.0136 -0.017 -0.9998
vn -0.0321 0.1643 -0.9859
vn 0.0639 -0.0389 -0.9972
vn 0.1933 0.0776 -0.9781
vn -0.2774 0.0319 -0.9602
vn -0.0235 0.0871 -0.9959
vn -0.3046 -0.0319 -0.952
vn 0.2583 0.0314 -0.9656
vn -0.3077 -0.0609 -0.9495
vn -0.0133 -0.0153 -0.9998
vn -0.3077 -0.059 -0.9497
vn -0.009 -0.058 -0.9983
vn 0.2892 -0.0281 -0.9569
vn 0.0942 -0.0363 -0.9949
vn 0.1099 -0.0443 -0.993
vn -0.0368 0.0111 -0.9993
vn -0.0636 0.0106 -0.9979
vn 0.1778 0.055 -0.9825
vn 0.1635 0.1184 -0.9794
vn 0.6984 0.1094 -0.7073
vn 0.9803 0.0396 -0.1936
vn 0.6874 0.1839 -0.7026
vn 0.9994 0.0346 0.0004
vn 0.974 0.1176 -0.1935
vn 0.153 0.1188 -0.9811
vn 0.966 0.1756 -0.1899
vn -0.0851 -0.0145 -0.9963
vn 0.6874 0.1829 -0.7028
vn 0.1134 -0.0537 -0.9921
vn 0.1509 0.0583 -0.9868
vn -0.0955 -0.0465 -0.9943
vn 0.1137 -0.0553 -0.992
vn 0.2942 -0.0496 -0.9545
vn 0.15 -0.0213 -0.9885
vn 0.2942 -0.0476 -0.9546
vn 0.6979 0.1085 -0.7079
vn 0.1137 -0.0532 -0.9921
vn 0.1473 -0.0544 -0.9876
vn 0.706 0.0128 -0.7081
vn 0.9678 0.1747 -0.1814
vn 0.9781 0.1161 -0.173
vn 0.9977 0.0679 0.0072
vn 0.9956 0.0907 0.0244
vn 0.9998 0.0207 0.0014
vn 0.9996 0.0277 -0.0068
vn 0.995 0.0883 0.0469
vn 0.9991 0.0417 -0.0075
vn 0.9976 0.0689 -0.0094
vn 0.993 0.1061 -0.0522
vn 0.9987 0.0363 -0.0359
vn 0.9822 0.1855 -0.0289
vn 0.9769 0.1629 -0.1385
vn 0.9963 0.0387 -0.0764
vn 0.9609 0.274 -0.0393
vn 0.9958 0.0635 0.0665
vn 0.9589 0.166 -0.2301
vn 0.9858 0.0408 -0.1627
vn 0.9931 0.0318 -0.113
vn 0.9964 0.0347 0.0767
vn 0.9878 0.0101 -0.1555
vn 0.9759 0.1812 0.1218
vn 0.9607 0.2757 -0.0335
vn 0.9487 0.1118 -0.2959
vn 0.9906 0.0183 -0.1357
vn 0.995 0.0497 0.0868
vn 0.9585 0.1866 0.2155
vn 0.982 0.1881 -0.0165
vn 0.9464 0.0349 -0.3211
vn 0.9896 0.0108 -0.1432
vn 0.9975 0.0707 0.0009
vn 0.9466 0.1343 0.2931
vn 0.9888 0.0538 0.1393
vn 0.9465 -0.0004 -0.3227
vn 0.941 0.0651 0.332
vn 0.9538 -0.0009 -0.3005
vn 0.9835 0.045 0.1749
vn 0.9538 -0.0005 -0.3005
vn 0.4625 -0.0494 -0.8852
vn 0.4625 -0.0481 -0.8853
vn -0.5009 -0.0666 -0.8629
vn -0.501 -0.0653 -0.863
vn -0.9661 -0.0355 -0.2559
vn -0.9661 -0.0352 -0.2559
vn -0.501 -0.064 -0.8631
vn -0.9995 -0.0267 -0.0139
vn -0.9661 -0.0348 -0.2559
vn -0.9978 -0.0404 -0.0534
vn -0.9932 -0.0499 -0.1054
vn -0.9991 -0.0422 -0.0042
vn -0.9929 -0.1116 -0.0413
vn -0.9763 -0.1786 -0.1222
vn -0.9976 -0.0697 -0.0024
vn -0.9822 -0.1878 -0.0083
vn -0.9573 -0.1927 -0.2154
vn -0.9986 -0.0524 0.0085
vn -0.9607 -0.2773 -0.0112
vn -0.9914 -0.1196 0.0529
vn -0.9997 -0.0246 0.0067
vn -0.9873 -0.0488 -0.1509
vn -0.9998 -0.0195 0.0002
vn -0.9661 -0.0344 -0.2559
vn -0.9988 -0.033 0.0361
vn -0.977 -0.1652 0.1346
vn -0.981 -0.0369 0.1902
vn -0.9997 -0.0221 -0.0043
vn -0.9775 -0.1112 0.179
vn -0.9956 -0.0378 0.0857
vn -0.9995 -0.0239 -0.0193
vn -0.9724 -0.1674 0.1623
vn -0.9902 -0.0358 0.1351
vn -0.9753 -0.1673 0.1445
vn -0.9988 -0.0218 -0.044
vn -0.9844 -0.1141 0.1343
vn -0.9973 -0.0215 -0.0707
vn -0.9857 -0.0236 0.1671
vn -0.9911 -0.043 0.1262
vn -0.996 -0.024 -0.0858
vn -0.9838 -0.0114 0.1787
vn -0.7068 0.0273 0.7069
vn -0.9927 -0.0122 0.1199
vn -0.9959 -0.0243 -0.0874
vn -0.7067 0.0258 0.707
vn -0.9927 -0.0125 0.1199
vn -0.9959 -0.0241 -0.0874
vn -0.7067 0.0243 0.7071
vn -0.9927 -0.0127 0.1199
vn -0.9959 -0.0239 -0.0875
vn -0.9835 -0.0085 0.1805
vn -0.9835 -0.0089 0.1805
vn -0.9959 -0.0238 -0.0875
vn -0.9475 -0.0265 0.3186
vn -0.9927 -0.013 0.1199
vn -0.7067 0.0228 0.7072
vn -0.1023 0.0493 0.9935
vn -0.9926 -0.0153 0.1202
vn -0.1019 0.0477 0.9937
vn -0.7063 0.0204 0.7076
vn 0.1044 0.0527 0.9931
vn -0.9958 -0.0258 -0.0874
vn -0.1016 0.0471 0.9937
vn -0.9925 -0.0211 0.1207
vn -0.1716 0.0447 0.9841
vn -0.7059 0.0162 0.7081
vn 0.1045 0.054 0.9931
vn -0.9957 -0.0317 -0.0871
vn -0.1715 0.0442 0.9842
vn -0.3101 0.0377 0.95
vn -0.1017 0.047 0.9937
vn -0.1714 0.0438 0.9842
vn -0.0042 0.0506 0.9987
vn -0.3101 0.0366 0.95
vn -0.0043 0.051 0.9987
vn 0.3007 0.0585 0.9519
vn 0.3006 0.0604 0.9518
vn 0.1659 0.0556 0.9846
vn 0.1659 0.0568 0.9845
vn 0.2558 0.0593 0.9649
vn 0.3005 0.0616 0.9518
vn 0.166 0.0577 0.9844
vn -0.0045 0.0512 0.9987
vn 0.2557 0.0604 0.9649
vn -0.3101 0.0359 0.95
vn 0.297 0.0814 0.9514
vn -0.003 0.0767 0.997
vn 0.1613 0.0633 0.9849
vn 0.2556 0.061 0.9649
vn -0.1713 0.0435 0.9843
vn 0.1045 0.0549 0.993
vn -0.3073 0.0483 0.9504
vn 0.1045 0.0555 0.993
vn -0.1019 0.0469 0.9937
vn -0.1703 0.0451 0.9844
vn -0.7059 0.012 0.7082
vn -0.102 0.0469 0.9937
vn -0.9923 -0.0275 0.1209
vn -0.7059 0.0089 0.7082
vn -0.9921 -0.0322 0.1211
vn -0.9955 -0.0382 -0.0868
vn -0.9953 -0.043 -0.0866
vn -0.992 -0.0354 0.1213
vn -0.9832 -0.0242 0.1811
vn -0.9952 -0.0463 -0.0864
vn -0.983 -0.0288 0.1813
vn -0.9829 -0.032 0.1815
vn -0.9834 -0.0179 0.1807
vn -0.9461 -0.0201 0.3233
vn -0.9835 -0.0121 0.1805
vn -0.946 -0.0231 0.3235
vn -0.9462 -0.0157 0.3231
vn -0.9464 -0.0097 0.3228
vn -0.9835 -0.0097 0.1805
vn -0.9466 -0.0042 0.3225
vn -0.9835 -0.0093 0.1805
vn -0.9466 -0.0017 0.3223
vn -0.9466 -0.001 0.3223
vn -0.9466 -0.0003 0.3223
vn -0.9998 -0.0195 -0.0041
vn -0.9467 0.0004 0.3222
vn -0.9998 -0.0195 -0.0041
vn -0.9998 -0.0195 -0.0041
vn -0.9998 -0.0217 -0.0039
vn -0.9431 -0.0353 -0.3305
vn -0.9996 -0.0276 -0.0034
vn -0.9431 -0.0369 -0.3304
vn -0.943 -0.0424 -0.3301
vn -0.9994 -0.0341 -0.0031
vn -0.9428 -0.0487 -0.3298
vn -0.9992 -0.0388 -0.0029
vn -0.9426 -0.0534 -0.3296
vn -0.9991 -0.0421 -0.0027
vn -0.9425 -0.0566 -0.3294
vn -0.9817 -0.0475 -0.1844
vn -0.9999 -0.014 -0.0011
vn -0.9816 -0.0507 -0.1842
vn -0.9443 -0.0433 -0.3262
vn -0.9818 -0.0505 -0.1831
vn -0.9476 -0.0027 0.3195
vn -0.955 -0.0009 -0.2967
vn -0.984 -0.0279 0.1762
vn -0.9984 0.0557 0.0031
vn -0.9567 0.0403 0.2882
vn -0.9949 -0.0502 -0.0876
vn -0.9881 -0.0204 0.1525
vn -0.994 0.109 0.0086
vn -0.9917 -0.0209 0.1265
vn -0.9733 0.0369 -0.2266
vn -0.9739 0.065 0.2175
vn -0.9846 -0.042 -0.1695
vn -0.9953 -0.0522 -0.0813
vn -0.9939 -0.0201 0.1081
vn -0.9906 -0.0326 -0.1329
vn -0.9654 -0.0558 -0.2547
vn -0.9654 -0.0559 -0.2548
vn -0.9963 -0.0302 -0.0804
vn -0.9654 -0.0554 -0.2548
vn -0.9654 -0.0559 -0.2547
vn -0.9655 -0.0537 -0.2549
vn -0.9902 0.0422 -0.1331
vn -0.9656 -0.0505 -0.2551
vn -0.9941 0.1075 0.0119
vn -0.9819 -0.0427 -0.1846
vn -0.9907 0.053 0.1254
vn -0.9821 -0.0362 -0.1849
vn -0.9658 -0.0457 -0.2553
vn -0.9822 -0.0304 -0.1852
vn -0.966 -0.0393 -0.2556
vn -0.5006 -0.0636 -0.8633
vn -0.5005 -0.0608 -0.8636
vn -0.9661 -0.0336 -0.256
vn -0.5006 -0.0655 -0.8632
vn -0.9823 -0.0285 -0.1852
vn -0.5007 -0.0665 -0.863
vn -0.5004 -0.0571 -0.8639
vn -0.501 -0.0667 -0.8629
vn 0.4621 -0.0256 -0.8865
vn -0.5008 -0.0667 -0.863
vn 0.462 -0.0254 -0.8865
vn 0.462 -0.0254 -0.8865
vn -0.5009 -0.0668 -0.8629
vn 0.462 -0.0254 -0.8865
vn 0.953 0.0265 -0.3017
vn -0.5008 -0.0668 -0.863
vn 0.953 0.0265 -0.3017
vn 0.953 0.0261 -0.3017
vn 0.462 -0.0254 -0.8865
vn 0.4624 -0.0262 -0.8863
vn 0.9531 0.0245 -0.3016
vn 0.4626 -0.0275 -0.8861
vn 0.9533 0.0215 -0.3012
vn 0.4628 -0.0293 -0.886
vn 0.9804 0.051 0.1901
vn 0.4631 -0.0318 -0.8857
vn 0.9806 0.0477 0.1903
vn 0.9534 0.017 -0.3011
vn 0.9816 0.0463 0.1851
vn 0.9808 0.0429 0.1905
vn 0.9536 0.011 -0.3007
vn 0.981 0.0365 0.1908
vn 0.9397 0.0491 0.3384
vn -0.5007 -0.0542 -0.8639
vn 0.4627 -0.0345 -0.8858
vn -0.9661 -0.0319 -0.2561
vn 0.9537 0.0054 -0.3006
vn -0.5011 -0.0543 -0.8637
vn 0.9811 0.0307 0.191
vn 0.4622 -0.0368 -0.886
vn 0.9537 0.0029 -0.3007
vn 0.9812 0.0288 0.1911
vn 0.9537 0.0023 -0.3007
vn 0.4622 -0.0387 -0.8859
vn -0.9661 -0.0324 -0.2561
vn -0.5011 -0.0561 -0.8636
vn 0.9537 0.0016 -0.3007
vn -0.9823 -0.0289 -0.1852
vn 0.4623 -0.0405 -0.8858
vn -0.9661 -0.0329 -0.2561
vn -0.5011 -0.0579 -0.8635
vn -0.9431 -0.036 -0.3304
vn -0.9431 -0.0367 -0.3304
vn -0.9823 -0.0293 -0.1852
vn -0.9998 -0.0196 -0.0041
vn -0.9431 -0.0374 -0.3304
vn -0.9661 -0.0335 -0.2561
vn -0.9975 -0.0711 -0.0047
vn -0.9823 -0.0297 -0.1852
vn -0.9519 -0.0992 0.2898
vn -0.9431 -0.0732 -0.3244
vn -0.9818 -0.1897 -0.0065
vn -0.9617 -0.1598 0.2229
vn -0.9604 -0.2785 -0.0095
vn -0.946 -0.1467 -0.2892
vn -0.9834 -0.0376 -0.1774
vn -0.9661 -0.034 -0.2559
vn -0.5011 -0.0628 -0.8631
vn -0.501 -0.0597 -0.8634
vn -0.5011 -0.0614 -0.8632
vn 0.4624 -0.0468 -0.8854
vn 0.4624 -0.0455 -0.8855
vn 0.9538 -0.0001 -0.3005
vn 0.4624 -0.0441 -0.8856
vn 0.9538 0.0004 -0.3005
vn 0.9814 0.0335 0.1889
vn 0.4624 -0.0424 -0.8857
vn 0.9538 0.001 -0.3006
vn 0.9811 0.03 0.191
vn 0.94 0.0378 0.339
vn 0.9811 0.0296 0.1911
vn 0.9811 0.0292 0.1911
vn 0.9401 0.0371 0.339
vn 0.9998 0.0198 0.008
vn 0.9401 0.0364 0.339
vn 0.9998 0.0198 0.0081
vn 0.9465 0.0003 -0.3227
vn 0.9998 0.0197 0.0081
vn 0.9401 0.0357 0.3391
vn 0.9896 0.0111 -0.1432
vn 0.94 0.0373 0.339
vn 0.9998 0.0197 0.008
vn 0.9465 0.0009 -0.3227
vn 0.9399 0.0428 0.3387
vn 0.9997 0.0219 0.0078
vn 0.9465 0.0016 -0.3227
vn 0.9896 0.0114 -0.1432
vn 0.9996 0.0278 0.0074
vn 0.9464 0.0042 -0.3229
vn 0.9896 0.0117 -0.1432
vn 0.9878 0.0104 -0.1556
vn 0.9878 0.0107 -0.1556
vn 0.7077 -0.0272 -0.7059
vn 0.7077 -0.0257 -0.706
vn 0.1472 -0.0523 -0.9877
vn 0.7077 -0.0243 -0.7061
vn 0.9878 0.011 -0.1556
vn 0.1136 -0.0511 -0.9922
vn 0.1472 -0.0502 -0.9878
vn 0.7077 -0.0228 -0.7062
vn 0.9896 0.0141 -0.1432
vn 0.9877 0.0134 -0.1559
vn 0.1472 -0.0481 -0.9879
vn 0.9463 0.0097 -0.3232
vn 0.9895 0.0199 -0.1434
vn 0.7073 -0.0203 -0.7067
vn 0.9994 0.0343 0.0071
vn 0.9461 0.0157 -0.3235
vn 0.9875 0.0192 -0.1563
vn 0.9396 0.0537 0.3382
vn 0.9992 0.0391 0.0069
vn 0.9394 0.0569 0.338
vn 0.9893 0.0263 -0.1437
vn 0.9459 0.0201 -0.3237
vn 0.9991 0.0423 0.0067
vn 0.9411 0.0362 0.3362
vn 0.9891 0.0309 -0.144
vn 0.9458 0.0231 -0.3239
vn 0.9998 0.0144 0.0111
vn 0.9873 0.0255 -0.1566
vn 0.989 0.0341 -0.1442
vn 0.7069 -0.0161 -0.7071
vn 0.9872 0.0302 -0.1568
vn 0.7069 -0.0119 -0.7072
vn 0.1465 -0.0456 -0.9882
vn 0.1466 -0.0452 -0.9882
vn 0.7069 -0.0088 -0.7073
vn 0.1468 -0.0465 -0.9881
vn 0.1467 -0.0449 -0.9882
vn -0.0973 -0.0538 -0.9938
vn 0.1141 -0.0467 -0.9924
vn 0.1136 -0.049 -0.9923
vn 0.1139 -0.0474 -0.9924
vn 0.2941 -0.0456 -0.9547
vn 0.2941 -0.0436 -0.9548
vn -0.009 -0.0559 -0.9984
vn -0.0091 -0.0538 -0.9985
vn -0.3077 -0.057 -0.9498
vn -0.0091 -0.0518 -0.9986
vn -0.1666 -0.054 -0.9845
vn -0.3078 -0.055 -0.9499
vn 0.294 -0.0416 -0.9549
vn -0.0095 -0.0504 -0.9987
vn -0.3078 -0.0543 -0.9499
vn 0.294 -0.0399 -0.955
vn -0.0098 -0.0504 -0.9987
vn -0.3078 -0.0561 -0.9498
vn 0.2939 -0.0385 -0.955
vn -0.0096 -0.051 -0.9986
vn -0.3077 -0.0587 -0.9497
vn 0.1139 -0.0465 -0.9924
vn -0.0095 -0.0515 -0.9986
vn 0.1138 -0.0464 -0.9924
vn 0.2939 -0.0375 -0.9551
vn 0.1137 -0.0463 -0.9924
vn 0.2939 -0.0368 -0.9551
vn -0.0094 -0.0518 -0.9986
vn -0.3076 -0.0605 -0.9496
vn -0.3076 -0.0618 -0.9495
vn -0.0052 -0.077 -0.997
vn -0.1663 -0.0569 -0.9844
vn -0.3037 -0.0748 -0.9498
vn -0.1664 -0.0577 -0.9844
vn -0.1653 -0.0598 -0.9844
vn -0.1663 -0.0556 -0.9845
vn 0.3014 -0.0364 -0.9528
vn -0.1663 -0.054 -0.9846
vn 0.3016 -0.0371 -0.9527
vn 0.3018 -0.0381 -0.9526
vn -0.1664 -0.053 -0.9846
vn 0.302 -0.0396 -0.9525
vn 0.3013 -0.0434 -0.9526
vn 0.3017 -0.0414 -0.9525
vn 0.887 -0.0067 -0.4616
vn 0.8872 -0.0041 -0.4613
vn 0.8873 0.0012 -0.4612
vn 0.8644 0.0437 0.5008
vn 0.8871 0.0066 -0.4616
vn 0.8643 0.0488 0.5005
vn 0.8869 0.0107 -0.4619
vn 0.8641 0.0547 0.5003
vn 0.8867 0.0135 -0.4622
vn 0.8639 0.0591 0.5001
vn 0.8637 0.0621 0.5001
vn 0.3013 -0.036 -0.9529
vn 0.8866 0.0149 -0.4624
vn 0.8636 0.0636 0.5001
vn 0.8866 0.0152 -0.4624
vn 0.3012 -0.036 -0.9529
vn 0.8636 0.064 0.5001
vn -0.1526 -0.0667 -0.986
vn 0.8865 0.0153 -0.4624
vn 0.3012 -0.0359 -0.9529
vn -0.2733 -0.1093 -0.9557
vn -0.1192 -0.0723 -0.9902
vn 0.8865 0.0153 -0.4624
vn 0.2555 0.0612 0.9649
vn 0.8636 0.064 0.5002
vn 0.1399 0.0709 0.9876
vn 0.2555 0.0611 0.9649
vn 0.8636 0.064 0.5002
vn 0.3012 -0.0359 -0.9529
vn 0.8865 0.0153 -0.4624
vn 0.2554 0.0612 0.9649
vn -0.072 -0.0705 -0.9949
vn 0.0993 0.072 0.9925
vn 0.8636 0.0641 0.5002
vn 0.2682 0.1195 0.9559
vn 0.2023 0.1421 0.969
vn 0.0013 0.1361 0.9907
vn 0.0066 0.181 0.9835
vn -0.2796 0.0856 0.9563
vn -0.2139 0.1194 0.9695
vn -0.1577 0.0533 0.9861
vn -0.1241 0.062 0.9903
vn -0.1263 0.125 0.9841
vn 0.0856 0.0575 0.9947
vn -0.0759 0.0643 0.995
vn 0.0557 0.058 0.9968
vn 0.0259 0.0582 0.998
vn 0.1022 0.057 0.9931
vn -0.1301 0.1406 0.9815
vn -0.1136 0.109 0.9875
vn -0.1054 0.0661 0.9922
vn -0.1545 0.14 0.978
vn -0.7059 0.0068 0.7082
vn -0.7068 0.0279 0.7068
vn -0.7081 0.0802 0.7016
vn -0.9903 0.0205 0.1374
vn -0.7081 0.121 0.6957
vn -0.9866 0.056 0.1532
vn -0.9969 -0.0488 -0.0615
vn -0.7086 0.1214 0.6951
vn -0.9833 0.0598 0.172
vn -0.9984 -0.0434 -0.0361
vn -0.998 -0.0275 0.0567
vn -0.9991 -0.0402 -0.0138
vn -0.9991 -0.0382 0.0165
vn -0.999 0.0097 0.0432
vn -0.982 0.0293 0.1866
vn -0.7095 0.081 0.7
vn -0.999 -0.0442 0.0015
vn -0.9991 -0.0419 -0.0015
vn -0.9809 -0.014 0.194
vn -0.9995 -0.0319 0.0052
vn -0.9799 -0.0334 0.1964
vn -0.9999 -0.0155 0.0043
vn -0.9985 0.0534 0.01
vn -0.9997 -0.0232 -0.0041
vn -0.9987 0.017 -0.0472
vn -0.9992 -0.0396 -0.0032
vn -0.999 -0.0331 -0.0303
vn -0.9654 -0.0559 -0.2548
vn -0.9654 -0.056 -0.2548
vn -0.5009 -0.0668 -0.8629
vn -0.9654 -0.0561 -0.2547
vn -0.5009 -0.0669 -0.8629
vn 0.462 -0.0253 -0.8865
vn 0.462 -0.0253 -0.8865
vn -0.5009 -0.0669 -0.8629
vn 0.953 0.0267 -0.3017
vn -0.9654 -0.0561 -0.2547
vn 0.953 0.0266 -0.3018
vn -0.9799 -0.0335 0.1964
vn 0.953 0.0265 -0.3017
vn -0.9654 -0.0562 -0.2548
vn 0.9929 0.031 0.1147
vn 0.9977 0.033 0.0594
vn 0.9991 0.0397 0.0154
vn 0.9862 0.036 0.1613
vn 0.9894 -0.0394 0.1394
vn 0.9512 -0.0099 0.3084
vn 0.9705 -0.0418 0.2373
vn 0.9983 -0.0545 0.0216
vn 0.9938 -0.1069 0.0302
vn 0.994 -0.1052 0.03
vn 0.9988 -0.0048 0.0482
vn 0.9985 -0.0516 0.0189
vn 0.9995 0.0325 0.0035
vn 0.9999 0.016 0.0044
vn 0.953 0.0267 -0.3018
vn 0.98 0.0334 -0.196
vn 0.9997 0.0228 -0.0048
vn 0.4621 -0.0253 -0.8865
vn 0.9989 -0.0216 -0.0424
vn -0.5008 -0.067 -0.8629
vn 0.953 0.0268 -0.3017
vn 0.462 -0.0253 -0.8865
vn -0.9654 -0.0563 -0.2547
vn 0.953 0.0269 -0.3018
vn -0.9799 -0.0335 0.1964
vn -0.5009 -0.067 -0.8629
vn 0.462 -0.0252 -0.8865
vn 0.98 0.0335 -0.196
vn 0.953 0.0269 -0.3018
vn 0.98 0.0336 -0.196
vn 0.707 -0.0052 -0.7072
vn 0.707 -0.0051 -0.7072
vn 0.98 0.0336 -0.196
vn 0.707 -0.0051 -0.7072
vn 0.547 0.7105 -0.4428
vn 0.699 0.6646 -0.2641
vn 0.3361 0.5951 -0.73
vn 0.6101 0.7743 -0.1679
vn -0.0314 0.669 -0.7426
vn -0.7599 0.6093 -0.2265
vn -0.4245 0.5548 -0.7155
vn 0.707 -0.005 -0.7072
vn -0.9799 -0.0336 0.1964
vn -0.7612 0.6388 0.1121
vn 0.3836 0.7996 -0.4621
vn 0.1954 -0.042 -0.9798
vn -0.5773 0.6325 0.5164
vn 0.0942 0.7243 -0.683
vn -0.707 0.005 0.7072
vn -0.1763 0.6954 0.6967
vn -0.707 0.0051 0.7072
vn -0.1958 0.0419 0.9797
vn -0.707 0.0051 0.7072
vn -0.1958 0.0419 0.9797
vn -0.707 0.0052 0.7072
vn -0.1958 0.042 0.9797
vn -0.7083 0.0276 0.7053
vn -0.1775 0.1049 0.9785
vn -0.1916 0.06 0.9796
vn 0.0059 0.0549 0.9985
vn -0.0008 0.0518 0.9987
vn -0.0297 0.0617 0.9977
vn -0.0049 0.0557 0.9984
vn -0.0456 0.1041 0.9935
vn -0.0055 0.0698 0.9975
vn 0.0095 0.1797 0.9837
vn 0.0074 0.134 0.991
vn 0.116 0.1333 0.9843
vn 0.0019 0.0759 0.9971
vn 0.0386 0.0971 0.9945
vn 0.0515 0.0661 0.9965
vn 0.0025 0.0619 0.9981
vn 0.0137 0.0568 0.9983
vn 0.2554 0.0612 0.9649
vn 0.2555 0.0612 0.9649
vn 0.2554 0.0612 0.9649
vn 0.8636 0.0641 0.5001
vn 0.2555 0.0613 0.9649
vn 0.8636 0.0642 0.5001
vn 0.2555 0.0613 0.9649
vn 0.8865 0.0154 -0.4624
vn 0.8636 0.0643 0.5001
vn 0.3012 -0.0359 -0.9529
vn 0.8865 0.0155 -0.4624
vn 0.8865 0.0155 -0.4624
vn -0.0269 -0.064 -0.9976
vn 0.3012 -0.0359 -0.9529
vn -0.0029 -0.0561 -0.9984
vn 0.3012 -0.0359 -0.9529
vn 0.8865 0.0156 -0.4625
vn 0.3012 -0.0359 -0.9529
vn 0.1954 -0.042 -0.9798
vn 0.8636 0.0644 0.5001
vn 0.2011 0.6166 -0.7612
vn 0.1954 -0.042 -0.9798
vn 0.8864 0.0156 -0.4626
vn -0.0326 0.742 0.6696
vn 0.3735 0.6936 -0.6159
vn 0.2555 0.0613 0.9649
vn 0.67 0.6277 -0.3963
vn 0.8636 0.0644 0.5001
vn 0.6745 0.7373 -0.0378
vn 0.1638 0.6987 0.6964
vn 0.3181 0.7527 0.5764
vn 0.6571 0.6597 0.3648
vn -0.0393 -0.1075 -0.9934
vn -0.0023 -0.0701 -0.9975
vn -0.1179 -0.1351 -0.9838
vn 0.0153 -0.1331 -0.991
vn -0.2055 -0.137 -0.969
vn 0.0198 -0.1784 -0.9838
vn 0.0154 -0.1799 -0.9836
vn 0.005 -0.1357 -0.9907
vn 0.2052 -0.1241 -0.9708
vn 0.2921 -0.0557 -0.9548
vn 0.2672 -0.0958 -0.9589
vn 0.109 -0.0512 -0.9927
vn 0.092 -0.0606 -0.9939
vn 0.1209 -0.123 -0.985
vn -0.0954 -0.0619 -0.9935
vn 0.063 -0.0662 -0.9958
vn 0.1469 -0.0447 -0.9881
vn -0.0842 -0.08 -0.9932
vn 0.1514 -0.0634 -0.9864
vn 0.7069 -0.0067 -0.7073
vn 0.987 0.0334 -0.1569
vn 0.7076 -0.03 -0.706
vn 0.9873 0.0158 -0.1582
vn 0.9963 0.0392 0.0768
vn 0.708 -0.0871 -0.7008
vn 0.1607 -0.1096 -0.9809
vn 0.9869 -0.0284 -0.1587
vn 0.7069 -0.1319 -0.695
vn -0.061 -0.0964 -0.9935
vn 0.1722 -0.1464 -0.9741
vn 0.0304 -0.0652 -0.9974
vn -0.0333 -0.0984 -0.9946
vn 0.043 -0.0938 -0.9947
vn 0.0062 -0.0591 -0.9982
vn 0.0056 -0.0757 -0.9971
vn 0.0051 -0.0618 -0.9981
vn -0.0009 -0.0532 -0.9986
vn -0.0106 -0.0841 -0.9964
vn 0.1843 -0.1473 -0.9718
vn -0.0004 -0.0622 -0.9981
vn 0.1922 -0.1114 -0.975
vn 0.707 -0.1325 -0.6947
vn 0.1948 -0.063 -0.9788
vn 0.7081 -0.0298 -0.7055
vn 0.7085 -0.0883 -0.7001
vn 0.9849 -0.0624 -0.1615
vn 0.9834 -0.063 -0.1704
vn 0.9829 -0.029 -0.1819
vn 0.9974 0.0212 0.0691
vn 0.9986 0.0068 0.0519
vn 0.989 0.0331 -0.1441
vn 0.9905 0.0246 -0.1356
vn 0.9476 0.0099 -0.3193
vn 0.9578 -0.0295 -0.2859
vn 0.9939 0.0178 -0.1092
vn 0.9995 0.0053 0.0299
vn 0.9751 -0.06 -0.2137
vn 0.9974 0.0202 -0.0688
vn 0.9909 -0.0555 -0.1227
vn 0.9998 0.0192 0.0106
vn 0.9992 0.029 -0.0285
vn 0.9992 0.0393 -0.0057
vn 0.9993 0.0374 0.0004
vn 0.9813 0.0152 -0.1917
vn -0.7269 0.6816 0.0837
vn -0.7004 -0.6894 0.1849
vn -0.7293 0.684 -0.0138
vn -0.6653 -0.6801 0.3081
vn -0.7022 -0.7064 0.089
vn -0.6918 0.6918 0.2068
vn -0.59 0.5217 -0.6162
vn 0.2822 0.582 -0.7626
vn -0.5678 -0.6288 -0.5312
vn 0.3066 -0.6764 -0.6697
vn -0.6105 -0.671 0.4208
vn -0.6369 0.7016 0.3196
vn -0.5382 -0.6625 0.521
vn -0.5647 0.7106 0.4197
vn -0.4507 -0.6543 0.6072
vn -0.4771 0.7187 0.5058
vn -0.3493 -0.647 0.6778
vn -0.3759 0.7255 0.5765
vn -0.2355 -0.6405 0.7309
vn -0.262 0.7314 0.6296
vn -0.1116 -0.6353 0.7642
vn -0.1381 0.7358 0.6629
vn 0.6955 0.6217 -0.3602
vn -0.0143 -0.6429 0.7658
vn -0.0412 0.7474 0.6631
vn 0.7199 -0.6406 -0.2671
vn 0.6025 -0.521 0.6046
vn 0.5803 0.6268 0.52
f 979/979/979 977/977/977 981/981/981
f 979/979/979 976/976/976 977/977/977
f 982/982/982 979/979/979 981/981/981
f 979/979/979 982/982/982 976/976/976
f 981/981/981 977/977/977 983/983/983
f 982/982/982 981/981/981 983/983/983
f 976/976/976 974/974/974 977/977/977
f 977/977/977 974/974/974 983/983/983
f 976/976/976 975/975/975 974/974/974
f 976/976/976 982/982/982 975/975/975
f 975/975/975 978/978/978 974/974/974
f 974/974/974 978/978/978 983/983/983
f 975/975/975 980/980/980 978/978/978
f 975/975/975 982/982/982 980/980/980
f 980/980/980 984/984/984 978/978/978
f 978/978/978 984/984/984 983/983/983
f 980/980/980 985/985/985 984/984/984
f 980/980/980 982/982/982 985/985/985
f 985/985/985 986/986/986 984/984/984
f 984/984/984 986/986/986 983/983/983
f 985/985/985 987/987/987 986/986/986
f 985/985/985 982/982/982 987/987/987
f 987/987/987 988/988/988 986/986/986
f 986/986/986 988/988/988 983/983/983
f 987/987/987 989/989/989 988/988/988
f 987/987/987 982/982/982 989/989/989
f 989/989/989 990/990/990 988/988/988
f 988/988/988 990/990/990 983/983/983
f 989/989/989 991/991/991 990/990/990
f 989/989/989 982/982/982 991/991/991
f 991/991/991 992/992/992 990/990/990
f 990/990/990 992/992/992 983/983/983
f 991/991/991 993/993/993 992/992/992
f 991/991/991 982/982/982 993/993/993
f 993/993/993 994/994/994 992/992/992
f 992/992/992 994/994/994 983/983/983
f 993/993/993 982/982/982 995/995/995
f 993/993/993 995/995/995 994/994/994
f 996/996/996 982/982/982 983/983/983
f 995/995/995 997/997/997 994/994/994
f 994/994/994 997/997/997 983/983/983
f 995/995/995 982/982/982 998/998/998
f 995/995/995 998/998/998 997/997/997
f 998/998/998 982/982/982 996/996/996
f 997/997/997 999/999/999 983/983/983
f 996/996/996 983/983/983 999/999/999
f 998/998/998 1000/1000/1000 997/997/997
f 997/997/997 1000/1000/1000 999/999/999
f 998/998/998 996/996/996 1001/1001/1001
f 1001/1001/1001 996/996/996 999/999/999
f 998/998/998 1001/1001/1001 1000/1000/1000
f 1001/1001/1001 999/999/999 1000/1000/1000
f 3/3/3 2/2/2 1/1/1
f 4/4/4 1/1/1 2/2/2
f 5/5/5 3/3/3 1/1/1
f 1/1/1 4/4/4 5/5/5
f 2/2/2 6/6/6 4/4/4
f 4/4/4 7/7/7 5/5/5
f 6/6/6 7/7/7 4/4/4
f 3/3/3 5/5/5 8/8/8
f 5/5/5 7/7/7 8/8/8
f 2/2/2 3/3/3 9/9/9
f 9/9/9 6/6/6 2/2/2
f 3/3/3 8/8/8 10/10/10
f 9/9/9 3/3/3 11/11/11
f 10/10/10 11/11/11 3/3/3
f 12/12/12 6/6/6 9/9/9
f 10/10/10 13/13/13 11/11/11
f 6/6/6 12/12/12 14/14/14
f 9/9/9 11/11/11 15/15/15
f 13/13/13 15/15/15 11/11/11
f 14/14/14 16/16/16 6/6/6
f 7/7/7 6/6/6 16/16/16
f 12/12/12 17/17/17 14/14/14
f 17/17/17 16/16/16 14/14/14
f 18/18/18 12/12/12 9/9/9
f 9/9/9 15/15/15 18/18/18
f 17/17/17 12/12/12 19/19/19
f 18/18/18 19/19/19 12/12/12
f 19/19/19 20/20/20 17/17/17
f 20/20/20 16/16/16 17/17/17
f 20/20/20 19/19/19 21/21/21
f 18/18/18 21/21/21 19/19/19
f 21/21/21 22/22/22 20/20/20
f 22/22/22 16/16/16 20/20/20
f 22/22/22 21/21/21 23/23/23
f 18/18/18 23/23/23 21/21/21
f 23/23/23 24/24/24 22/22/22
f 24/24/24 16/16/16 22/22/22
f 24/24/24 23/23/23 25/25/25
f 18/18/18 25/25/25 23/23/23
f 25/25/25 26/26/26 24/24/24
f 26/26/26 16/16/16 24/24/24
f 26/26/26 25/25/25 27/27/27
f 18/18/18 27/27/27 25/25/25
f 27/27/27 28/28/28 26/26/26
f 28/28/28 16/16/16 26/26/26
f 28/28/28 27/27/27 29/29/29
f 18/18/18 29/29/29 27/27/27
f 30/30/30 28/28/28 29/29/29
f 18/18/18 30/30/30 29/29/29
f 31/31/31 16/16/16 28/28/28
f 30/30/30 31/31/31 28/28/28
f 16/16/16 31/31/31 32/32/32
f 30/30/30 33/33/33 31/31/31
f 33/33/33 32/32/32 31/31/31
f 33/33/33 30/30/30 34/34/34
f 35/35/35 16/16/16 32/32/32
f 36/36/36 34/34/34 30/30/30
f 30/30/30 18/18/18 36/36/36
f 37/37/37 33/33/33 34/34/34
f 34/34/34 36/36/36 37/37/37
f 32/32/32 33/33/33 38/38/38
f 33/33/33 37/37/37 38/38/38
f 38/38/38 35/35/35 32/32/32
f 36/36/36 39/39/39 37/37/37
f 38/38/38 37/37/37 39/39/39
f 18/18/18 40/40/40 36/36/36
f 39/39/39 36/36/36 40/40/40
f 38/38/38 39/39/39 41/41/41
f 35/35/35 38/38/38 41/41/41
f 40/40/40 42/42/42 39/39/39
f 41/41/41 39/39/39 42/42/42
f 40/40/40 18/18/18 43/43/43
f 42/42/42 40/40/40 44/44/44
f 43/43/43 44/44/44 40/40/40
f 41/41/41 42/42/42 45/45/45
f 18/18/18 46/46/46 43/43/43
f 46/46/46 18/18/18 15/15/15
f 41/41/41 47/47/47 35/35/35
f 47/47/47 41/41/41 45/45/45
f 16/16/16 35/35/35 48/48/48
f 47/47/47 48/48/48 35/35/35
f 45/45/45 42/42/42 49/49/49
f 44/44/44 49/49/49 42/42/42
f 50/50/50 16/16/16 48/48/48
f 16/16/16 50/50/50 7/7/7
f 48/48/48 47/47/47 51/51/51
f 48/48/48 52/52/52 50/50/50
f 52/52/52 48/48/48 51/51/51
f 53/53/53 7/7/7 50/50/50
f 47/47/47 54/54/54 51/51/51
f 55/55/55 50/50/50 52/52/52
f 50/50/50 55/55/55 53/53/53
f 51/51/51 56/56/56 52/52/52
f 56/56/56 51/51/51 54/54/54
f 45/45/45 57/57/57 47/47/47
f 54/54/54 47/47/47 57/57/57
f 57/57/57 45/45/45 58/58/58
f 45/45/45 49/49/49 58/58/58
f 57/57/57 59/59/59 54/54/54
f 58/58/58 49/49/49 60/60/60
f 61/61/61 54/54/54 59/59/59
f 54/54/54 61/61/61 56/56/56
f 58/58/58 62/62/62 57/57/57
f 59/59/59 57/57/57 62/62/62
f 58/58/58 60/60/60 63/63/63
f 62/62/62 58/58/58 63/63/63
f 64/64/64 60/60/60 49/49/49
f 49/49/49 44/44/44 64/64/64
f 63/63/63 60/60/60 65/65/65
f 66/66/66 64/64/64 44/44/44
f 44/44/44 43/43/43 66/66/66
f 63/63/63 65/65/65 67/67/67
f 67/67/67 62/62/62 63/63/63
f 43/43/43 68/68/68 66/66/66
f 68/68/68 43/43/43 46/46/46
f 64/64/64 66/66/66 69/69/69
f 70/70/70 66/66/66 68/68/68
f 66/66/66 70/70/70 69/69/69
f 46/46/46 71/71/71 68/68/68
f 68/68/68 72/72/72 70/70/70
f 72/72/72 68/68/68 71/71/71
f 71/71/71 46/46/46 73/73/73
f 15/15/15 73/73/73 46/46/46
f 74/74/74 72/72/72 71/71/71
f 75/75/75 71/71/71 73/73/73
f 74/74/74 71/71/71 75/75/75
f 76/76/76 72/72/72 74/74/74
f 75/75/75 73/73/73 77/77/77
f 78/78/78 70/70/70 72/72/72
f 76/76/76 78/78/78 72/72/72
f 79/79/79 69/69/69 70/70/70
f 70/70/70 78/78/78 79/79/79
f 69/69/69 80/80/80 64/64/64
f 60/60/60 64/64/64 80/80/80
f 69/69/69 79/79/79 81/81/81
f 80/80/80 69/69/69 81/81/81
f 79/79/79 82/82/82 81/81/81
f 83/83/83 60/60/60 80/80/80
f 60/60/60 83/83/83 65/65/65
f 84/84/84 81/81/81 82/82/82
f 84/84/84 80/80/80 81/81/81
f 82/82/82 79/79/79 85/85/85
f 78/78/78 85/85/85 79/79/79
f 84/84/84 82/82/82 86/86/86
f 82/82/82 85/85/85 87/87/87
f 87/87/87 86/86/86 82/82/82
f 88/88/88 87/87/87 85/85/85
f 86/86/86 89/89/89 84/84/84
f 85/85/85 90/90/90 88/88/88
f 85/85/85 78/78/78 90/90/90
f 91/91/91 84/84/84 89/89/89
f 91/91/91 80/80/80 84/84/84
f 86/86/86 87/87/87 92/92/92
f 89/89/89 86/86/86 93/93/93
f 92/92/92 93/93/93 86/86/86
f 89/89/89 94/94/94 91/91/91
f 95/95/95 92/92/92 87/87/87
f 87/87/87 88/88/88 95/95/95
f 96/96/96 91/91/91 94/94/94
f 96/96/96 80/80/80 91/91/91
f 94/94/94 89/89/89 97/97/97
f 93/93/93 97/97/97 89/89/89
f 94/94/94 98/98/98 96/96/96
f 99/99/99 80/80/80 96/96/96
f 99/99/99 96/96/96 98/98/98
f 97/97/97 100/100/100 94/94/94
f 98/98/98 94/94/94 100/100/100
f 101/101/101 80/80/80 99/99/99
f 98/98/98 102/102/102 99/99/99
f 101/101/101 99/99/99 102/102/102
f 103/103/103 80/80/80 101/101/101
f 80/80/80 103/103/103 83/83/83
f 102/102/102 104/104/104 101/101/101
f 103/103/103 101/101/101 104/104/104
f 102/102/102 98/98/98 105/105/105
f 100/100/100 105/105/105 98/98/98
f 106/106/106 83/83/83 103/103/103
f 104/104/104 106/106/106 103/103/103
f 105/105/105 107/107/107 102/102/102
f 104/104/104 102/102/102 107/107/107
f 83/83/83 106/106/106 108/108/108
f 108/108/108 65/65/65 83/83/83
f 106/106/106 104/104/104 109/109/109
f 107/107/107 109/109/109 104/104/104
f 110/110/110 108/108/108 106/106/106
f 109/109/109 110/110/110 106/106/106
f 65/65/65 108/108/108 111/111/111
f 67/67/67 65/65/65 111/111/111
f 108/108/108 110/110/110 112/112/112
f 112/112/112 111/111/111 108/108/108
f 110/110/110 109/109/109 113/113/113
f 67/67/67 111/111/111 114/114/114
f 109/109/109 107/107/107 115/115/115
f 115/115/115 113/113/113 109/109/109
f 107/107/107 105/105/105 116/116/116
f 116/116/116 115/115/115 107/107/107
f 113/113/113 117/117/117 110/110/110
f 117/117/117 112/112/112 110/110/110
f 113/113/113 115/115/115 118/118/118
f 111/111/111 112/112/112 119/119/119
f 114/114/114 111/111/111 119/119/119
f 112/112/112 117/117/117 120/120/120
f 120/120/120 119/119/119 112/112/112
f 117/117/117 113/113/113 121/121/121
f 118/118/118 121/121/121 113/113/113
f 122/122/122 120/120/120 117/117/117
f 121/121/121 122/122/122 117/117/117
f 119/119/119 120/120/120 123/123/123
f 122/122/122 121/121/121 124/124/124
f 120/120/120 122/122/122 125/125/125
f 125/125/125 123/123/123 120/120/120
f 124/124/124 126/126/126 122/122/122
f 126/126/126 125/125/125 122/122/122
f 127/127/127 124/124/124 121/121/121
f 121/121/121 118/118/118 127/127/127
f 128/128/128 126/126/126 124/124/124
f 127/127/127 128/128/128 124/124/124
f 129/129/129 118/118/118 115/115/115
f 115/115/115 116/116/116 129/129/129
f 130/130/130 127/127/127 118/118/118
f 118/118/118 129/129/129 130/130/130
f 131/131/131 116/116/116 105/105/105
f 105/105/105 100/100/100 131/131/131
f 132/132/132 129/129/129 116/116/116
f 116/116/116 131/131/131 132/132/132
f 133/133/133 130/130/130 129/129/129
f 129/129/129 132/132/132 133/133/133
f 134/134/134 131/131/131 100/100/100
f 100/100/100 97/97/97 134/134/134
f 135/135/135 132/132/132 131/131/131
f 131/131/131 134/134/134 135/135/135
f 136/136/136 134/134/134 97/97/97
f 97/97/97 93/93/93 136/136/136
f 137/137/137 135/135/135 134/134/134
f 134/134/134 136/136/136 137/137/137
f 132/132/132 135/135/135 138/138/138
f 138/138/138 133/133/133 132/132/132
f 135/135/135 137/137/137 139/139/139
f 139/139/139 138/138/138 135/135/135
f 140/140/140 136/136/136 93/93/93
f 93/93/93 92/92/92 140/140/140
f 141/141/141 137/137/137 136/136/136
f 136/136/136 140/140/140 141/141/141
f 142/142/142 139/139/139 137/137/137
f 137/137/137 141/141/141 142/142/142
f 143/143/143 140/140/140 92/92/92
f 92/92/92 95/95/95 143/143/143
f 144/144/144 141/141/141 140/140/140
f 140/140/140 143/143/143 144/144/144
f 145/145/145 142/142/142 141/141/141
f 141/141/141 144/144/144 145/145/145
f 142/142/142 146/146/146 139/139/139
f 146/146/146 138/138/138 139/139/139
f 145/145/145 147/147/147 142/142/142
f 146/146/146 142/142/142 147/147/147
f 148/148/148 145/145/145 144/144/144
f 138/138/138 146/146/146 149/149/149
f 149/149/149 133/133/133 138/138/138
f 150/150/150 144/144/144 143/143/143
f 144/144/144 150/150/150 148/148/148
f 151/151/151 143/143/143 95/95/95
f 143/143/143 151/151/151 150/150/150
f 148/148/148 152/152/152 145/145/145
f 147/147/147 145/145/145 152/152/152
f 153/153/153 148/148/148 150/150/150
f 152/152/152 148/148/148 154/154/154
f 153/153/153 154/154/154 148/148/148
f 155/155/155 150/150/150 151/151/151
f 150/150/150 155/155/155 153/153/153
f 95/95/95 156/156/156 151/151/151
f 156/156/156 95/95/95 88/88/88
f 151/151/151 157/157/157 155/155/155
f 157/157/157 151/151/151 156/156/156
f 88/88/88 158/158/158 156/156/156
f 158/158/158 88/88/88 90/90/90
f 156/156/156 159/159/159 157/157/157
f 159/159/159 156/156/156 158/158/158
f 90/90/90 160/160/160 158/158/158
f 78/78/78 160/160/160 90/90/90
f 158/158/158 161/161/161 159/159/159
f 161/161/161 158/158/158 160/160/160
f 162/162/162 157/157/157 159/159/159
f 160/160/160 163/163/163 161/161/161
f 78/78/78 163/163/163 160/160/160
f 164/164/164 159/159/159 161/161/161
f 159/159/159 164/164/164 162/162/162
f 165/165/165 161/161/161 163/163/163
f 161/161/161 165/165/165 164/164/164
f 163/163/163 78/78/78 166/166/166
f 163/163/163 166/166/166 165/165/165
f 157/157/157 162/162/162 167/167/167
f 167/167/167 155/155/155 157/157/157
f 168/168/168 165/165/165 166/166/166
f 155/155/155 167/167/167 169/169/169
f 169/169/169 153/153/153 155/155/155
f 170/170/170 164/164/164 165/165/165
f 165/165/165 168/168/168 170/170/170
f 171/171/171 162/162/162 164/164/164
f 164/164/164 170/170/170 171/171/171
f 172/172/172 167/167/167 162/162/162
f 162/162/162 171/171/171 172/172/172
f 173/173/173 169/169/169 167/167/167
f 167/167/167 172/172/172 173/173/173
f 169/169/169 174/174/174 153/153/153
f 154/154/154 153/153/153 174/174/174
f 173/173/173 175/175/175 169/169/169
f 174/174/174 169/169/169 175/175/175
f 176/176/176 173/173/173 172/172/172
f 154/154/154 174/174/174 177/177/177
f 177/177/177 152/152/152 154/154/154
f 178/178/178 172/172/172 171/171/171
f 172/172/172 178/178/178 176/176/176
f 179/179/179 171/171/171 170/170/170
f 171/171/171 179/179/179 178/178/178
f 176/176/176 180/180/180 173/173/173
f 175/175/175 173/173/173 180/180/180
f 170/170/170 181/181/181 179/179/179
f 181/181/181 170/170/170 168/168/168
f 182/182/182 178/178/178 179/179/179
f 166/166/166 183/183/183 168/168/168
f 166/166/166 78/78/78 183/183/183
f 184/184/184 168/168/168 183/183/183
f 168/168/168 184/184/184 181/181/181
f 183/183/183 78/78/78 185/185/185
f 183/183/183 185/185/185 184/184/184
f 186/186/186 179/179/179 181/181/181
f 179/179/179 186/186/186 182/182/182
f 187/187/187 181/181/181 184/184/184
f 181/181/181 187/187/187 186/186/186
f 188/188/188 184/184/184 185/185/185
f 184/184/184 188/188/188 187/187/187
f 185/185/185 78/78/78 189/189/189
f 185/185/185 189/189/189 188/188/188
f 189/189/189 78/78/78 76/76/76
f 188/188/188 190/190/190 187/187/187
f 188/188/188 189/189/189 190/190/190
f 187/187/187 191/191/191 186/186/186
f 187/187/187 190/190/190 191/191/191
f 192/192/192 189/189/189 76/76/76
f 74/74/74 192/192/192 76/76/76
f 193/193/193 190/190/190 189/189/189
f 189/189/189 192/192/192 193/193/193
f 194/194/194 191/191/191 190/190/190
f 190/190/190 193/193/193 194/194/194
f 186/186/186 191/191/191 195/195/195
f 186/186/186 195/195/195 182/182/182
f 191/191/191 194/194/194 196/196/196
f 196/196/196 195/195/195 191/191/191
f 197/197/197 194/194/194 193/193/193
f 182/182/182 195/195/195 198/198/198
f 199/199/199 196/196/196 194/194/194
f 194/194/194 197/197/197 199/199/199
f 195/195/195 196/196/196 200/200/200
f 200/200/200 198/198/198 195/195/195
f 196/196/196 199/199/199 201/201/201
f 201/201/201 200/200/200 196/196/196
f 182/182/182 198/198/198 202/202/202
f 178/178/178 182/182/182 202/202/202
f 202/202/202 176/176/176 178/178/178
f 198/198/198 200/200/200 203/203/203
f 202/202/202 204/204/204 176/176/176
f 180/180/180 176/176/176 204/204/204
f 202/202/202 198/198/198 205/205/205
f 203/203/203 205/205/205 198/198/198
f 204/204/204 202/202/202 206/206/206
f 202/202/202 205/205/205 206/206/206
f 207/207/207 203/203/203 200/200/200
f 200/200/200 201/201/201 207/207/207
f 208/208/208 204/204/204 206/206/206
f 201/201/201 209/209/209 207/207/207
f 210/210/210 180/180/180 204/204/204
f 204/204/204 208/208/208 210/210/210
f 209/209/209 201/201/201 211/211/211
f 199/199/199 211/211/211 201/201/201
f 180/180/180 210/210/210 212/212/212
f 212/212/212 175/175/175 180/180/180
f 211/211/211 199/199/199 213/213/213
f 197/197/197 213/213/213 199/199/199
f 175/175/175 212/212/212 214/214/214
f 214/214/214 174/174/174 175/175/175
f 215/215/215 212/212/212 210/210/210
f 174/174/174 214/214/214 216/216/216
f 177/177/177 174/174/174 216/216/216
f 217/217/217 214/214/214 212/212/212
f 212/212/212 215/215/215 217/217/217
f 218/218/218 216/216/216 214/214/214
f 214/214/214 217/217/217 218/218/218
f 210/210/210 219/219/219 215/215/215
f 219/219/219 210/210/210 208/208/208
f 220/220/220 217/217/217 215/215/215
f 206/206/206 221/221/221 208/208/208
f 206/206/206 205/205/205 221/221/221
f 208/208/208 222/222/222 219/219/219
f 208/208/208 221/221/221 222/222/222
f 223/223/223 215/215/215 219/219/219
f 215/215/215 223/223/223 220/220/220
f 219/219/219 222/222/222 224/224/224
f 219/219/219 224/224/224 223/223/223
f 221/221/221 225/225/225 222/222/222
f 205/205/205 226/226/226 221/221/221
f 225/225/225 221/221/221 226/226/226
f 222/222/222 227/227/227 224/224/224
f 227/227/227 222/222/222 225/225/225
f 226/226/226 205/205/205 228/228/228
f 205/205/205 203/203/203 228/228/228
f 229/229/229 225/225/225 226/226/226
f 230/230/230 228/228/228 203/203/203
f 203/203/203 207/207/207 230/230/230
f 231/231/231 226/226/226 228/228/228
f 228/228/228 230/230/230 231/231/231
f 226/226/226 231/231/231 229/229/229
f 207/207/207 232/232/232 230/230/230
f 232/232/232 207/207/207 209/209/209
f 230/230/230 233/233/233 231/231/231
f 233/233/233 230/230/230 232/232/232
f 231/231/231 234/234/234 229/229/229
f 234/234/234 231/231/231 233/233/233
f 225/225/225 229/229/229 235/235/235
f 234/234/234 235/235/235 229/229/229
f 235/235/235 227/227/227 225/225/225
f 232/232/232 236/236/236 233/233/233
f 227/227/227 235/235/235 237/237/237
f 233/233/233 238/238/238 234/234/234
f 233/233/233 236/236/236 238/238/238
f 235/235/235 234/234/234 239/239/239
f 239/239/239 237/237/237 235/235/235
f 234/234/234 238/238/238 240/240/240
f 234/234/234 240/240/240 239/239/239
f 236/236/236 241/241/241 238/238/238
f 241/241/241 240/240/240 238/238/238
f 232/232/232 242/242/242 236/236/236
f 209/209/209 242/242/242 232/232/232
f 241/241/241 236/236/236 243/243/243
f 243/243/243 236/236/236 242/242/242
f 209/209/209 244/244/244 242/242/242
f 211/211/211 244/244/244 209/209/209
f 242/242/242 245/245/245 243/243/243
f 245/245/245 242/242/242 244/244/244
f 211/211/211 246/246/246 244/244/244
f 213/213/213 246/246/246 211/211/211
f 244/244/244 247/247/247 245/245/245
f 247/247/247 244/244/244 246/246/246
f 248/248/248 243/243/243 245/245/245
f 213/213/213 249/249/249 246/246/246
f 243/243/243 250/250/250 241/241/241
f 250/250/250 243/243/243 248/248/248
f 240/240/240 241/241/241 251/251/251
f 250/250/250 251/251/251 241/241/241
f 245/245/245 252/252/252 248/248/248
f 252/252/252 245/245/245 247/247/247
f 251/251/251 253/253/253 240/240/240
f 239/239/239 240/240/240 253/253/253
f 246/246/246 254/254/254 247/247/247
f 254/254/254 246/246/246 249/249/249
f 239/239/239 253/253/253 255/255/255
f 237/237/237 239/239/239 255/255/255
f 256/256/256 247/247/247 254/254/254
f 247/247/247 256/256/256 252/252/252
f 255/255/255 257/257/257 237/237/237
f 258/258/258 252/252/252 256/256/256
f 259/259/259 237/237/237 257/257/257
f 237/237/237 259/259/259 227/227/227
f 259/259/259 224/224/224 227/227/227
f 260/260/260 248/248/248 252/252/252
f 252/252/252 258/258/258 260/260/260
f 224/224/224 259/259/259 261/261/261
f 223/223/223 224/224/224 261/261/261
f 262/262/262 248/248/248 260/260/260
f 248/248/248 262/262/262 250/250/250
f 263/263/263 261/261/261 259/259/259
f 257/257/257 263/263/263 259/259/259
f 264/264/264 223/223/223 261/261/261
f 261/261/261 263/263/263 264/264/264
f 262/262/262 265/265/265 250/250/250
f 251/251/251 250/250/250 265/265/265
f 223/223/223 264/264/264 266/266/266
f 266/266/266 220/220/220 223/223/223
f 265/265/265 267/267/267 251/251/251
f 253/253/253 251/251/251 267/267/267
f 265/265/265 262/262/262 268/268/268
f 267/267/267 269/269/269 253/253/253
f 255/255/255 253/253/253 269/269/269
f 267/267/267 265/265/265 270/270/270
f 268/268/268 270/270/270 265/265/265
f 255/255/255 269/269/269 271/271/271
f 257/257/257 255/255/255 271/271/271
f 269/269/269 267/267/267 272/272/272
f 270/270/270 272/272/272 267/267/267
f 271/271/271 273/273/273 257/257/257
f 263/263/263 257/257/257 273/273/273
f 269/269/269 274/274/274 271/271/271
f 273/273/273 271/271/271 274/274/274
f 274/274/274 269/269/269 275/275/275
f 272/272/272 275/275/275 269/269/269
f 276/276/276 273/273/273 274/274/274
f 275/275/275 276/276/276 274/274/274
f 277/277/277 263/263/263 273/273/273
f 273/273/273 276/276/276 277/277/277
f 263/263/263 277/277/277 278/278/278
f 278/278/278 264/264/264 263/263/263
f 276/276/276 279/279/279 277/277/277
f 279/279/279 278/278/278 277/277/277
f 264/264/264 278/278/278 280/280/280
f 280/280/280 266/266/266 264/264/264
f 278/278/278 279/279/279 281/281/281
f 281/281/281 280/280/280 278/278/278
f 279/279/279 276/276/276 282/282/282
f 266/266/266 280/280/280 283/283/283
f 284/284/284 282/282/282 276/276/276
f 276/276/276 275/275/275 284/284/284
f 285/285/285 283/283/283 280/280/280
f 280/280/280 281/281/281 285/285/285
f 286/286/286 284/284/284 275/275/275
f 275/275/275 272/272/272 286/286/286
f 282/282/282 284/284/284 287/287/287
f 288/288/288 286/286/286 272/272/272
f 272/272/272 270/270/270 288/288/288
f 284/284/284 286/286/286 289/289/289
f 289/289/289 287/287/287 284/284/284
f 286/286/286 288/288/288 290/290/290
f 290/290/290 289/289/289 286/286/286
f 291/291/291 288/288/288 270/270/270
f 270/270/270 268/268/268 291/291/291
f 292/292/292 290/290/290 288/288/288
f 288/288/288 291/291/291 292/292/292
f 289/289/289 290/290/290 293/293/293
f 294/294/294 291/291/291 268/268/268
f 290/290/290 292/292/292 295/295/295
f 295/295/295 293/293/293 290/290/290
f 296/296/296 292/292/292 291/291/291
f 291/291/291 294/294/294 296/296/296
f 297/297/297 295/295/295 292/292/292
f 292/292/292 296/296/296 297/297/297
f 268/268/268 298/298/298 294/294/294
f 298/298/298 268/268/268 262/262/262
f 260/260/260 298/298/298 262/262/262
f 299/299/299 296/296/296 294/294/294
f 298/298/298 260/260/260 300/300/300
f 300/300/300 260/260/260 258/258/258
f 301/301/301 294/294/294 298/298/298
f 294/294/294 301/301/301 299/299/299
f 302/302/302 298/298/298 300/300/300
f 302/302/302 301/301/301 298/298/298
f 258/258/258 303/303/303 300/300/300
f 302/302/302 300/300/300 303/303/303
f 296/296/296 299/299/299 304/304/304
f 304/304/304 297/297/297 296/296/296
f 303/303/303 258/258/258 305/305/305
f 256/256/256 305/305/305 258/258/258
f 303/303/303 306/306/306 302/302/302
f 305/305/305 256/256/256 307/307/307
f 254/254/254 307/307/307 256/256/256
f 305/305/305 308/308/308 303/303/303
f 306/306/306 303/303/303 308/308/308
f 307/307/307 309/309/309 305/305/305
f 308/308/308 305/305/305 309/309/309
f 307/307/307 254/254/254 310/310/310
f 249/249/249 310/310/310 254/254/254
f 309/309/309 307/307/307 311/311/311
f 310/310/310 311/311/311 307/307/307
f 309/309/309 312/312/312 308/308/308
f 310/310/310 249/249/249 313/313/313
f 314/314/314 308/308/308 312/312/312
f 308/308/308 314/314/314 306/306/306
f 312/312/312 309/309/309 315/315/315
f 311/311/311 315/315/315 309/309/309
f 316/316/316 302/302/302 306/306/306
f 301/301/301 302/302/302 316/316/316
f 311/311/311 310/310/310 317/317/317
f 313/313/313 317/317/317 310/310/310
f 306/306/306 318/318/318 316/316/316
f 318/318/318 306/306/306 314/314/314
f 317/317/317 319/319/319 311/311/311
f 315/315/315 311/311/311 319/319/319
f 320/320/320 301/301/301 316/316/316
f 320/320/320 316/316/316 318/318/318
f 319/319/319 321/321/321 315/315/315
f 301/301/301 320/320/320 322/322/322
f 322/322/322 299/299/299 301/301/301
f 323/323/323 319/319/319 317/317/317
f 323/323/323 321/321/321 319/319/319
f 323/323/323 317/317/317 313/313/313
f 324/324/324 315/315/315 321/321/321
f 315/315/315 324/324/324 312/312/312
f 299/299/299 322/322/322 325/325/325
f 325/325/325 304/304/304 299/299/299
f 321/321/321 326/326/326 324/324/324
f 323/323/323 326/326/326 321/321/321
f 327/327/327 312/312/312 324/324/324
f 312/312/312 327/327/327 314/314/314
f 328/328/328 324/324/324 326/326/326
f 324/324/324 328/328/328 327/327/327
f 329/329/329 314/314/314 327/327/327
f 314/314/314 329/329/329 318/318/318
f 330/330/330 327/327/327 328/328/328
f 327/327/327 330/330/330 329/329/329
f 326/326/326 331/331/331 328/328/328
f 323/323/323 331/331/331 326/326/326
f 332/332/332 318/318/318 329/329/329
f 318/318/318 332/332/332 320/320/320
f 333/333/333 329/329/329 330/330/330
f 329/329/329 333/333/333 332/332/332
f 328/328/328 334/334/334 330/330/330
f 334/334/334 328/328/328 331/331/331
f 330/330/330 335/335/335 333/333/333
f 335/335/335 330/330/330 334/334/334
f 336/336/336 332/332/332 333/333/333
f 331/331/331 337/337/337 334/334/334
f 338/338/338 320/320/320 332/332/332
f 332/332/332 336/336/336 338/338/338
f 339/339/339 334/334/334 337/337/337
f 334/334/334 339/339/339 335/335/335
f 331/331/331 340/340/340 337/337/337
f 340/340/340 331/331/331 323/323/323
f 337/337/337 341/341/341 339/339/339
f 340/340/340 341/341/341 337/337/337
f 342/342/342 333/333/333 335/335/335
f 333/333/333 342/342/342 336/336/336
f 343/343/343 335/335/335 339/339/339
f 335/335/335 343/343/343 342/342/342
f 344/344/344 339/339/339 341/341/341
f 339/339/339 344/344/344 343/343/343
f 341/341/341 340/340/340 61/61/61
f 340/340/340 56/56/56 61/61/61
f 56/56/56 340/340/340 323/323/323
f 323/323/323 52/52/52 56/56/56
f 61/61/61 345/345/345 341/341/341
f 341/341/341 345/345/345 344/344/344
f 345/345/345 61/61/61 59/59/59
f 52/52/52 323/323/323 55/55/55
f 59/59/59 346/346/346 345/345/345
f 62/62/62 346/346/346 59/59/59
f 347/347/347 344/344/344 345/345/345
f 345/345/345 346/346/346 347/347/347
f 348/348/348 343/343/343 344/344/344
f 344/344/344 347/347/347 348/348/348
f 349/349/349 342/342/342 343/343/343
f 343/343/343 348/348/348 349/349/349
f 350/350/350 347/347/347 346/346/346
f 342/342/342 349/349/349 351/351/351
f 351/351/351 336/336/336 342/342/342
f 352/352/352 348/348/348 347/347/347
f 347/347/347 350/350/350 352/352/352
f 353/353/353 349/349/349 348/348/348
f 348/348/348 352/352/352 353/353/353
f 346/346/346 354/354/354 350/350/350
f 62/62/62 354/354/354 346/346/346
f 349/349/349 353/353/353 355/355/355
f 355/355/355 351/351/351 349/349/349
f 356/356/356 353/353/353 352/352/352
f 336/336/336 351/351/351 357/357/357
f 357/357/357 338/338/338 336/336/336
f 351/351/351 355/355/355 358/358/358
f 358/358/358 357/357/357 351/351/351
f 359/359/359 355/355/355 353/353/353
f 353/353/353 356/356/356 359/359/359
f 360/360/360 358/358/358 355/355/355
f 355/355/355 359/359/359 360/360/360
f 361/361/361 357/357/357 358/358/358
f 360/360/360 361/361/361 358/358/358
f 357/357/357 362/362/362 338/338/338
f 362/362/362 357/357/357 361/361/361
f 362/362/362 320/320/320 338/338/338
f 320/320/320 362/362/362 322/322/322
f 362/362/362 325/325/325 322/322/322
f 361/361/361 360/360/360 363/363/363
f 364/364/364 362/362/362 361/361/361
f 363/363/363 364/364/364 361/361/361
f 325/325/325 362/362/362 365/365/365
f 362/362/362 364/364/364 365/365/365
f 365/365/365 366/366/366 325/325/325
f 304/304/304 325/325/325 366/366/366
f 367/367/367 365/365/365 364/364/364
f 366/366/366 368/368/368 304/304/304
f 297/297/297 304/304/304 368/368/368
f 366/366/366 365/365/365 369/369/369
f 365/365/365 367/367/367 369/369/369
f 368/368/368 366/366/366 370/370/370
f 369/369/369 370/370/370 366/366/366
f 368/368/368 371/371/371 297/297/297
f 295/295/295 297/297/297 371/371/371
f 370/370/370 372/372/372 368/368/368
f 371/371/371 368/368/368 372/372/372
f 370/370/370 369/369/369 373/373/373
f 371/371/371 374/374/374 295/295/295
f 293/293/293 295/295/295 374/374/374
f 372/372/372 375/375/375 371/371/371
f 374/374/374 371/371/371 375/375/375
f 372/372/372 370/370/370 376/376/376
f 373/373/373 376/376/376 370/370/370
f 375/375/375 372/372/372 377/377/377
f 376/376/376 377/377/377 372/372/372
f 369/369/369 378/378/378 373/373/373
f 378/378/378 369/369/369 367/367/367
f 376/376/376 373/373/373 379/379/379
f 378/378/378 379/379/379 373/373/373
f 380/380/380 367/367/367 364/364/364
f 364/364/364 363/363/363 380/380/380
f 381/381/381 378/378/378 367/367/367
f 367/367/367 380/380/380 381/381/381
f 382/382/382 380/380/380 363/363/363
f 360/360/360 382/382/382 363/363/363
f 383/383/383 381/381/381 380/380/380
f 380/380/380 382/382/382 383/383/383
f 378/378/378 381/381/381 384/384/384
f 382/382/382 360/360/360 385/385/385
f 385/385/385 360/360/360 359/359/359
f 381/381/381 383/383/383 386/386/386
f 386/386/386 384/384/384 381/381/381
f 359/359/359 387/387/387 385/385/385
f 387/387/387 359/359/359 356/356/356
f 388/388/388 382/382/382 385/385/385
f 388/388/388 385/385/385 387/387/387
f 382/382/382 389/389/389 383/383/383
f 356/356/356 390/390/390 387/387/387
f 389/389/389 382/382/382 391/391/391
f 382/382/382 388/388/388 391/391/391
f 392/392/392 383/383/383 389/389/389
f 383/383/383 392/392/392 386/386/386
f 391/391/391 393/393/393 389/389/389
f 387/387/387 394/394/394 388/388/388
f 394/394/394 387/387/387 390/390/390
f 388/388/388 395/395/395 391/391/391
f 393/393/393 391/391/391 395/395/395
f 396/396/396 388/388/388 394/394/394
f 395/395/395 388/388/388 396/396/396
f 397/397/397 389/389/389 393/393/393
f 389/389/389 397/397/397 392/392/392
f 398/398/398 393/393/393 395/395/395
f 399/399/399 397/397/397 393/393/393
f 393/393/393 398/398/398 399/399/399
f 395/395/395 400/400/400 398/398/398
f 400/400/400 395/395/395 396/396/396
f 401/401/401 399/399/399 398/398/398
f 400/400/400 401/401/401 398/398/398
f 397/397/397 399/399/399 402/402/402
f 396/396/396 403/403/403 400/400/400
f 404/404/404 392/392/392 397/397/397
f 402/402/402 404/404/404 397/397/397
f 394/394/394 405/405/405 396/396/396
f 403/403/403 396/396/396 405/405/405
f 406/406/406 402/402/402 399/399/399
f 399/399/399 401/401/401 406/406/406
f 405/405/405 394/394/394 407/407/407
f 390/390/390 407/407/407 394/394/394
f 401/401/401 400/400/400 408/408/408
f 403/403/403 408/408/408 400/400/400
f 401/401/401 409/409/409 406/406/406
f 408/408/408 410/410/410 401/401/401
f 401/401/401 410/410/410 409/409/409
f 408/408/408 403/403/403 411/411/411
f 408/408/408 412/412/412 410/410/410
f 411/411/411 412/412/412 408/408/408
f 405/405/405 413/413/413 403/403/403
f 413/413/413 411/411/411 403/403/403
f 407/407/407 414/414/414 405/405/405
f 413/413/413 405/405/405 414/414/414
f 411/411/411 415/415/415 412/412/412
f 411/411/411 413/413/413 416/416/416
f 416/416/416 415/415/415 411/411/411
f 417/417/417 410/410/410 412/412/412
f 415/415/415 417/417/417 412/412/412
f 418/418/418 416/416/416 413/413/413
f 414/414/414 418/418/418 413/413/413
f 416/416/416 123/123/123 415/415/415
f 123/123/123 125/125/125 415/415/415
f 417/417/417 415/415/415 125/125/125
f 125/125/125 126/126/126 417/417/417
f 419/419/419 123/123/123 416/416/416
f 416/416/416 418/418/418 419/419/419
f 419/419/419 119/119/119 123/123/123
f 114/114/114 119/119/119 419/419/419
f 410/410/410 417/417/417 420/420/420
f 126/126/126 420/420/420 417/417/417
f 420/420/420 409/409/409 410/410/410
f 419/419/419 421/421/421 114/114/114
f 421/421/421 419/419/419 418/418/418
f 420/420/420 126/126/126 422/422/422
f 126/126/126 128/128/128 422/422/422
f 409/409/409 420/420/420 423/423/423
f 422/422/422 423/423/423 420/420/420
f 424/424/424 421/421/421 418/418/418
f 418/418/418 414/414/414 424/424/424
f 425/425/425 114/114/114 421/421/421
f 114/114/114 425/425/425 67/67/67
f 62/62/62 67/67/67 425/425/425
f 421/421/421 424/424/424 426/426/426
f 426/426/426 425/425/425 421/421/421
f 427/427/427 424/424/424 414/414/414
f 414/414/414 407/407/407 427/427/427
f 425/425/425 426/426/426 428/428/428
f 428/428/428 62/62/62 425/425/425
f 429/429/429 426/426/426 424/424/424
f 426/426/426 429/429/429 428/428/428
f 424/424/424 427/427/427 429/429/429
f 62/62/62 428/428/428 430/430/430
f 430/430/430 428/428/428 429/429/429
f 431/431/431 427/427/427 407/407/407
f 407/407/407 390/390/390 431/431/431
f 432/432/432 429/429/429 427/427/427
f 429/429/429 432/432/432 430/430/430
f 427/427/427 431/431/431 432/432/432
f 62/62/62 430/430/430 433/433/433
f 433/433/433 430/430/430 432/432/432
f 62/62/62 433/433/433 354/354/354
f 432/432/432 434/434/434 433/433/433
f 354/354/354 433/433/433 434/434/434
f 434/434/434 432/432/432 431/431/431
f 434/434/434 350/350/350 354/354/354
f 435/435/435 431/431/431 390/390/390
f 431/431/431 435/435/435 434/434/434
f 350/350/350 434/434/434 435/435/435
f 390/390/390 356/356/356 435/435/435
f 435/435/435 352/352/352 350/350/350
f 352/352/352 435/435/435 356/356/356
f 423/423/423 422/422/422 436/436/436
f 128/128/128 436/436/436 422/422/422
f 423/423/423 437/437/437 409/409/409
f 406/406/406 409/409/409 437/437/437
f 436/436/436 438/438/438 423/423/423
f 437/437/437 423/423/423 438/438/438
f 406/406/406 437/437/437 439/439/439
f 402/402/402 406/406/406 439/439/439
f 438/438/438 440/440/440 437/437/437
f 439/439/439 437/437/437 440/440/440
f 439/439/439 441/441/441 402/402/402
f 404/404/404 402/402/402 441/441/441
f 439/439/439 440/440/440 442/442/442
f 441/441/441 439/439/439 442/442/442
f 438/438/438 436/436/436 443/443/443
f 442/442/442 444/444/444 441/441/441
f 445/445/445 443/443/443 436/436/436
f 436/436/436 128/128/128 445/445/445
f 443/443/443 446/446/446 438/438/438
f 440/440/440 438/438/438 446/446/446
f 447/447/447 445/445/445 128/128/128
f 128/128/128 127/127/127 447/447/447
f 440/440/440 448/448/448 442/442/442
f 444/444/444 442/442/442 448/448/448
f 127/127/127 449/449/449 447/447/447
f 449/449/449 127/127/127 130/130/130
f 133/133/133 449/449/449 130/130/130
f 448/448/448 440/440/440 450/450/450
f 449/449/449 133/133/133 451/451/451
f 133/133/133 149/149/149 451/451/451
f 440/440/440 452/452/452 450/450/450
f 452/452/452 440/440/440 446/446/446
f 453/453/453 451/451/451 149/149/149
f 146/146/146 453/453/453 149/149/149
f 454/454/454 449/449/449 451/451/451
f 451/451/451 453/453/453 454/454/454
f 455/455/455 447/447/447 449/449/449
f 449/449/449 454/454/454 455/455/455
f 445/445/445 447/447/447 456/456/456
f 447/447/447 455/455/455 456/456/456
f 457/457/457 454/454/454 453/453/453
f 456/456/456 458/458/458 445/445/445
f 443/443/443 445/445/445 458/458/458
f 459/459/459 455/455/455 454/454/454
f 454/454/454 457/457/457 459/459/459
f 460/460/460 456/456/456 455/455/455
f 455/455/455 459/459/459 460/460/460
f 458/458/458 456/456/456 461/461/461
f 456/456/456 460/460/460 461/461/461
f 458/458/458 462/462/462 443/443/443
f 446/446/446 443/443/443 462/462/462
f 461/461/461 463/463/463 458/458/458
f 462/462/462 458/458/458 463/463/463
f 464/464/464 446/446/446 462/462/462
f 446/446/446 464/464/464 452/452/452
f 465/465/465 462/462/462 463/463/463
f 462/462/462 465/465/465 464/464/464
f 463/463/463 461/461/461 466/466/466
f 464/464/464 467/467/467 452/452/452
f 461/461/461 468/468/468 466/466/466
f 468/468/468 461/461/461 460/460/460
f 469/469/469 463/463/463 466/466/466
f 463/463/463 469/469/469 465/465/465
f 470/470/470 466/466/466 468/468/468
f 466/466/466 470/470/470 469/469/469
f 460/460/460 471/471/471 468/468/468
f 471/471/471 460/460/460 459/459/459
f 468/468/468 472/472/472 470/470/470
f 472/472/472 468/468/468 471/471/471
f 470/470/470 473/473/473 469/469/469
f 459/459/459 474/474/474 471/471/471
f 474/474/474 459/459/459 457/457/457
f 469/469/469 475/475/475 465/465/465
f 475/475/475 469/469/469 473/473/473
f 465/465/465 476/476/476 464/464/464
f 476/476/476 465/465/465 475/475/475
f 467/467/467 464/464/464 476/476/476
f 473/473/473 470/470/470 477/477/477
f 472/472/472 477/477/477 470/470/470
f 473/473/473 478/478/478 475/475/475
f 471/471/471 479/479/479 472/472/472
f 479/479/479 471/471/471 474/474/474
f 475/475/475 480/480/480 476/476/476
f 480/480/480 475/475/475 478/478/478
f 476/476/476 481/481/481 467/467/467
f 481/481/481 476/476/476 480/480/480
f 478/478/478 473/473/473 482/482/482
f 477/477/477 482/482/482 473/473/473
f 478/478/478 483/483/483 480/480/480
f 477/477/477 472/472/472 484/484/484
f 479/479/479 484/484/484 472/472/472
f 480/480/480 485/485/485 481/481/481
f 485/485/485 480/480/480 483/483/483
f 486/486/486 467/467/467 481/481/481
f 485/485/485 486/486/486 481/481/481
f 487/487/487 452/452/452 467/467/467
f 467/467/467 486/486/486 487/487/487
f 452/452/452 487/487/487 450/450/450
f 483/483/483 478/478/478 488/488/488
f 482/482/482 488/488/488 478/478/478
f 489/489/489 450/450/450 487/487/487
f 450/450/450 489/489/489 448/448/448
f 489/489/489 444/444/444 448/448/448
f 487/487/487 490/490/490 489/489/489
f 490/490/490 487/487/487 486/486/486
f 444/444/444 489/489/489 491/491/491
f 490/490/490 491/491/491 489/489/489
f 491/491/491 492/492/492 444/444/444
f 492/492/492 441/441/441 444/444/444
f 441/441/441 492/492/492 404/404/404
f 491/491/491 490/490/490 493/493/493
f 492/492/492 491/491/491 494/494/494
f 493/493/493 494/494/494 491/491/491
f 495/495/495 404/404/404 492/492/492
f 494/494/494 495/495/495 492/492/492
f 404/404/404 495/495/495 496/496/496
f 392/392/392 404/404/404 496/496/496
f 496/496/496 386/386/386 392/392/392
f 495/495/495 494/494/494 497/497/497
f 386/386/386 496/496/496 498/498/498
f 384/384/384 386/386/386 498/498/498
f 499/499/499 496/496/496 495/495/495
f 496/496/496 499/499/499 498/498/498
f 497/497/497 499/499/499 495/495/495
f 498/498/498 500/500/500 384/384/384
f 500/500/500 498/498/498 499/499/499
f 501/501/501 497/497/497 494/494/494
f 494/494/494 493/493/493 501/501/501
f 499/499/499 497/497/497 502/502/502
f 502/502/502 500/500/500 499/499/499
f 497/497/497 501/501/501 503/503/503
f 503/503/503 502/502/502 497/497/497
f 504/504/504 501/501/501 493/493/493
f 490/490/490 504/504/504 493/493/493
f 505/505/505 503/503/503 501/501/501
f 501/501/501 504/504/504 505/505/505
f 502/502/502 503/503/503 506/506/506
f 504/504/504 490/490/490 507/507/507
f 486/486/486 507/507/507 490/490/490
f 500/500/500 502/502/502 508/508/508
f 506/506/506 508/508/508 502/502/502
f 509/509/509 384/384/384 500/500/500
f 508/508/508 509/509/509 500/500/500
f 384/384/384 509/509/509 378/378/378
f 379/379/379 378/378/378 509/509/509
f 507/507/507 486/486/486 510/510/510
f 486/486/486 485/485/485 510/510/510
f 511/511/511 379/379/379 509/509/509
f 509/509/509 508/508/508 511/511/511
f 510/510/510 512/512/512 507/507/507
f 512/512/512 504/504/504 507/507/507
f 485/485/485 513/513/513 510/510/510
f 512/512/512 510/510/510 513/513/513
f 504/504/504 512/512/512 514/514/514
f 514/514/514 505/505/505 504/504/504
f 513/513/513 485/485/485 515/515/515
f 483/483/483 515/515/515 485/485/485
f 513/513/513 516/516/516 512/512/512
f 515/515/515 483/483/483 517/517/517
f 488/488/488 517/517/517 483/483/483
f 515/515/515 518/518/518 513/513/513
f 516/516/516 513/513/513 518/518/518
f 517/517/517 519/519/519 515/515/515
f 518/518/518 515/515/515 519/519/519
f 520/520/520 512/512/512 516/516/516
f 512/512/512 520/520/520 514/514/514
f 518/518/518 521/521/521 516/516/516
f 521/521/521 520/520/520 516/516/516
f 519/519/519 522/522/522 518/518/518
f 521/521/521 518/518/518 522/522/522
f 520/520/520 523/523/523 514/514/514
f 505/505/505 514/514/514 523/523/523
f 520/520/520 521/521/521 524/524/524
f 523/523/523 525/525/525 505/505/505
f 503/503/503 505/505/505 525/525/525
f 525/525/525 506/506/506 503/503/503
f 523/523/523 520/520/520 526/526/526
f 524/524/524 526/526/526 520/520/520
f 525/525/525 523/523/523 527/527/527
f 526/526/526 527/527/527 523/523/523
f 506/506/506 525/525/525 528/528/528
f 527/527/527 528/528/528 525/525/525
f 508/508/508 506/506/506 529/529/529
f 528/528/528 529/529/529 506/506/506
f 529/529/529 511/511/511 508/508/508
f 528/528/528 527/527/527 530/530/530
f 529/529/529 528/528/528 531/531/531
f 530/530/530 531/531/531 528/528/528
f 511/511/511 529/529/529 532/532/532
f 531/531/531 532/532/532 529/529/529
f 527/527/527 526/526/526 533/533/533
f 533/533/533 530/530/530 527/527/527
f 532/532/532 531/531/531 534/534/534
f 531/531/531 530/530/530 535/535/535
f 535/535/535 534/534/534 531/531/531
f 536/536/536 511/511/511 532/532/532
f 534/534/534 536/536/536 532/532/532
f 537/537/537 535/535/535 530/530/530
f 530/530/530 533/533/533 537/537/537
f 511/511/511 536/536/536 538/538/538
f 379/379/379 511/511/511 538/538/538
f 538/538/538 376/376/376 379/379/379
f 533/533/533 526/526/526 539/539/539
f 526/526/526 524/524/524 539/539/539
f 376/376/376 538/538/538 540/540/540
f 377/377/377 376/376/376 540/540/540
f 536/536/536 541/541/541 538/538/538
f 541/541/541 540/540/540 538/538/538
f 536/536/536 542/542/542 541/541/541
f 542/542/542 536/536/536 534/534/534
f 540/540/540 541/541/541 543/543/543
f 542/542/542 543/543/543 541/541/541
f 540/540/540 544/544/544 377/377/377
f 544/544/544 540/540/540 543/543/543
f 545/545/545 542/542/542 534/534/534
f 534/534/534 535/535/535 545/545/545
f 543/543/543 542/542/542 546/546/546
f 547/547/547 545/545/545 535/535/535
f 535/535/535 537/537/537 547/547/547
f 542/542/542 545/545/545 548/548/548
f 548/548/548 546/546/546 542/542/542
f 545/545/545 547/547/547 549/549/549
f 550/550/550 543/543/543 546/546/546
f 543/543/543 550/550/550 544/544/544
f 551/551/551 545/545/545 549/549/549
f 545/545/545 551/551/551 548/548/548
f 552/552/552 377/377/377 544/544/544
f 377/377/377 552/552/552 375/375/375
f 553/553/553 544/544/544 550/550/550
f 544/544/544 553/553/553 552/552/552
f 554/554/554 375/375/375 552/552/552
f 375/375/375 554/554/554 374/374/374
f 555/555/555 552/552/552 553/553/553
f 552/552/552 555/555/555 554/554/554
f 556/556/556 374/374/374 554/554/554
f 374/374/374 556/556/556 293/293/293
f 557/557/557 554/554/554 555/555/555
f 554/554/554 557/557/557 556/556/556
f 558/558/558 293/293/293 556/556/556
f 293/293/293 558/558/558 289/289/289
f 287/287/287 289/289/289 558/558/558
f 559/559/559 556/556/556 557/557/557
f 556/556/556 559/559/559 558/558/558
f 558/558/558 560/560/560 287/287/287
f 560/560/560 558/558/558 559/559/559
f 555/555/555 561/561/561 557/557/557
f 557/557/557 562/562/562 559/559/559
f 562/562/562 557/557/557 561/561/561
f 559/559/559 563/563/563 560/560/560
f 563/563/563 559/559/559 562/562/562
f 564/564/564 287/287/287 560/560/560
f 287/287/287 564/564/564 282/282/282
f 564/564/564 279/279/279 282/282/282
f 565/565/565 560/560/560 563/563/563
f 560/560/560 565/565/565 564/564/564
f 279/279/279 564/564/564 566/566/566
f 566/566/566 281/281/281 279/279/279
f 567/567/567 564/564/564 565/565/565
f 564/564/564 567/567/567 566/566/566
f 281/281/281 566/566/566 568/568/568
f 567/567/567 568/568/568 566/566/566
f 568/568/568 285/285/285 281/281/281
f 565/565/565 569/569/569 567/567/567
f 568/568/568 567/567/567 570/570/570
f 569/569/569 570/570/570 567/567/567
f 285/285/285 568/568/568 571/571/571
f 570/570/570 571/571/571 568/568/568
f 569/569/569 565/565/565 572/572/572
f 563/563/563 572/572/572 565/565/565
f 571/571/571 573/573/573 285/285/285
f 283/283/283 285/285/285 573/573/573
f 572/572/572 563/563/563 574/574/574
f 562/562/562 574/574/574 563/563/563
f 572/572/572 575/575/575 569/569/569
f 574/574/574 562/562/562 576/576/576
f 561/561/561 576/576/576 562/562/562
f 574/574/574 577/577/577 572/572/572
f 575/575/575 572/572/572 577/577/577
f 570/570/570 569/569/569 578/578/578
f 575/575/575 578/578/578 569/569/569
f 571/571/571 570/570/570 579/579/579
f 578/578/578 579/579/579 570/570/570
f 573/573/573 571/571/571 580/580/580
f 579/579/579 580/580/580 571/571/571
f 575/575/575 581/581/581 578/578/578
f 579/579/579 578/578/578 582/582/582
f 581/581/581 582/582/582 578/578/578
f 580/580/580 579/579/579 583/583/583
f 582/582/582 583/583/583 579/579/579
f 584/584/584 581/581/581 575/575/575
f 577/577/577 584/584/584 575/575/575
f 582/582/582 581/581/581 585/585/585
f 584/584/584 586/586/586 581/581/581
f 586/586/586 585/585/585 581/581/581
f 583/583/583 582/582/582 587/587/587
f 585/585/585 587/587/587 582/582/582
f 583/583/583 588/588/588 580/580/580
f 587/587/587 589/589/589 583/583/583
f 588/588/588 583/583/583 589/589/589
f 580/580/580 590/590/590 573/573/573
f 590/590/590 580/580/580 588/588/588
f 591/591/591 573/573/573 590/590/590
f 573/573/573 591/591/591 283/283/283
f 588/588/588 592/592/592 590/590/590
f 593/593/593 283/283/283 591/591/591
f 283/283/283 593/593/593 266/266/266
f 220/220/220 266/266/266 593/593/593
f 590/590/590 594/594/594 591/591/591
f 594/594/594 590/590/590 592/592/592
f 591/591/591 595/595/595 593/593/593
f 595/595/595 591/591/591 594/594/594
f 593/593/593 596/596/596 220/220/220
f 596/596/596 593/593/593 595/595/595
f 217/217/217 220/220/220 596/596/596
f 596/596/596 218/218/218 217/217/217
f 595/595/595 597/597/597 596/596/596
f 218/218/218 596/596/596 597/597/597
f 594/594/594 598/598/598 595/595/595
f 597/597/597 595/595/595 598/598/598
f 597/597/597 599/599/599 218/218/218
f 216/216/216 218/218/218 599/599/599
f 598/598/598 600/600/600 597/597/597
f 599/599/599 597/597/597 600/600/600
f 598/598/598 594/594/594 601/601/601
f 592/592/592 601/601/601 594/594/594
f 600/600/600 598/598/598 602/602/602
f 601/601/601 602/602/602 598/598/598
f 603/603/603 216/216/216 599/599/599
f 177/177/177 216/216/216 603/603/603
f 604/604/604 599/599/599 600/600/600
f 603/603/603 599/599/599 604/604/604
f 605/605/605 600/600/600 602/602/602
f 604/604/604 600/600/600 605/605/605
f 602/602/602 601/601/601 606/606/606
f 606/606/606 605/605/605 602/602/602
f 601/601/601 592/592/592 607/607/607
f 607/607/607 606/606/606 601/601/601
f 592/592/592 588/588/588 608/608/608
f 608/608/608 607/607/607 592/592/592
f 589/589/589 608/608/608 588/588/588
f 606/606/606 607/607/607 609/609/609
f 607/607/607 608/608/608 610/610/610
f 610/610/610 609/609/609 607/607/607
f 608/608/608 589/589/589 611/611/611
f 611/611/611 610/610/610 608/608/608
f 609/609/609 612/612/612 606/606/606
f 605/605/605 606/606/606 612/612/612
f 609/609/609 610/610/610 613/613/613
f 614/614/614 611/611/611 589/589/589
f 589/589/589 587/587/587 614/614/614
f 610/610/610 611/611/611 615/615/615
f 615/615/615 613/613/613 610/610/610
f 611/611/611 614/614/614 616/616/616
f 616/616/616 615/615/615 611/611/611
f 614/614/614 587/587/587 617/617/617
f 587/587/587 585/585/585 617/617/617
f 616/616/616 614/614/614 618/618/618
f 617/617/617 618/618/618 614/614/614
f 619/619/619 617/617/617 585/585/585
f 585/585/585 586/586/586 619/619/619
f 618/618/618 617/617/617 620/620/620
f 617/617/617 619/619/619 620/620/620
f 618/618/618 621/621/621 616/616/616
f 622/622/622 619/619/619 586/586/586
f 615/615/615 616/616/616 623/623/623
f 623/623/623 616/616/616 621/621/621
f 624/624/624 620/620/620 619/619/619
f 619/619/619 622/622/622 624/624/624
f 620/620/620 625/625/625 618/618/618
f 621/621/621 618/618/618 625/625/625
f 620/620/620 624/624/624 626/626/626
f 625/625/625 620/620/620 626/626/626
f 623/623/623 627/627/627 615/615/615
f 613/613/613 615/615/615 627/627/627
f 621/621/621 628/628/628 623/623/623
f 625/625/625 629/629/629 621/621/621
f 628/628/628 621/621/621 629/629/629
f 627/627/627 623/623/623 630/630/630
f 630/630/630 623/623/623 628/628/628
f 629/629/629 625/625/625 631/631/631
f 626/626/626 631/631/631 625/625/625
f 629/629/629 632/632/632 628/628/628
f 631/631/631 633/633/633 629/629/629
f 632/632/632 629/629/629 633/633/633
f 628/628/628 634/634/634 630/630/630
f 634/634/634 628/628/628 632/632/632
f 630/630/630 635/635/635 627/627/627
f 636/636/636 630/630/630 634/634/634
f 635/635/635 630/630/630 636/636/636
f 627/627/627 637/637/637 613/613/613
f 637/637/637 627/627/627 635/635/635
f 613/613/613 638/638/638 609/609/609
f 638/638/638 613/613/613 637/637/637
f 612/612/612 609/609/609 638/638/638
f 635/635/635 639/639/639 637/637/637
f 637/637/637 640/640/640 638/638/638
f 640/640/640 637/637/637 639/639/639
f 638/638/638 641/641/641 612/612/612
f 641/641/641 638/638/638 640/640/640
f 639/639/639 635/635/635 642/642/642
f 636/636/636 642/642/642 635/635/635
f 639/639/639 643/643/643 640/640/640
f 644/644/644 612/612/612 641/641/641
f 612/612/612 644/644/644 605/605/605
f 640/640/640 645/645/645 641/641/641
f 645/645/645 640/640/640 643/643/643
f 646/646/646 605/605/605 644/644/644
f 605/605/605 646/646/646 604/604/604
f 641/641/641 647/647/647 644/644/644
f 647/647/647 641/641/641 645/645/645
f 644/644/644 648/648/648 646/646/646
f 648/648/648 644/644/644 647/647/647
f 649/649/649 604/604/604 646/646/646
f 604/604/604 649/649/649 603/603/603
f 650/650/650 646/646/646 648/648/648
f 646/646/646 650/650/650 649/649/649
f 651/651/651 603/603/603 649/649/649
f 603/603/603 651/651/651 177/177/177
f 152/152/152 177/177/177 651/651/651
f 651/651/651 147/147/147 152/152/152
f 649/649/649 652/652/652 651/651/651
f 147/147/147 651/651/651 652/652/652
f 652/652/652 649/649/649 650/650/650
f 652/652/652 146/146/146 147/147/147
f 146/146/146 652/652/652 653/653/653
f 650/650/650 653/653/653 652/652/652
f 453/453/453 146/146/146 653/653/653
f 653/653/653 457/457/457 453/453/453
f 653/653/653 650/650/650 654/654/654
f 457/457/457 653/653/653 654/654/654
f 648/648/648 654/654/654 650/650/650
f 654/654/654 474/474/474 457/457/457
f 654/654/654 648/648/648 655/655/655
f 474/474/474 654/654/654 655/655/655
f 647/647/647 655/655/655 648/648/648
f 656/656/656 474/474/474 655/655/655
f 655/655/655 647/647/647 656/656/656
f 474/474/474 656/656/656 479/479/479
f 647/647/647 657/657/657 656/656/656
f 657/657/657 647/647/647 645/645/645
f 656/656/656 658/658/658 479/479/479
f 658/658/658 656/656/656 657/657/657
f 484/484/484 479/479/479 658/658/658
f 645/645/645 659/659/659 657/657/657
f 659/659/659 645/645/645 643/643/643
f 657/657/657 660/660/660 658/658/658
f 660/660/660 657/657/657 659/659/659
f 658/658/658 661/661/661 484/484/484
f 661/661/661 658/658/658 660/660/660
f 643/643/643 662/662/662 659/659/659
f 659/659/659 663/663/663 660/660/660
f 663/663/663 659/659/659 662/662/662
f 660/660/660 664/664/664 661/661/661
f 664/664/664 660/660/660 663/663/663
f 665/665/665 484/484/484 661/661/661
f 484/484/484 665/665/665 477/477/477
f 482/482/482 477/477/477 665/665/665
f 661/661/661 666/666/666 665/665/665
f 666/666/666 661/661/661 664/664/664
f 665/665/665 667/667/667 482/482/482
f 667/667/667 665/665/665 666/666/666
f 488/488/488 482/482/482 667/667/667
f 664/664/664 668/668/668 666/666/666
f 667/667/667 669/669/669 488/488/488
f 517/517/517 488/488/488 669/669/669
f 666/666/666 670/670/670 667/667/667
f 669/669/669 667/667/667 670/670/670
f 670/670/670 666/666/666 668/668/668
f 669/669/669 671/671/671 517/517/517
f 519/519/519 517/517/517 671/671/671
f 670/670/670 672/672/672 669/669/669
f 671/671/671 669/669/669 672/672/672
f 668/668/668 673/673/673 670/670/670
f 672/672/672 670/670/670 673/673/673
f 668/668/668 664/664/664 674/674/674
f 663/663/663 674/674/674 664/664/664
f 673/673/673 668/668/668 675/675/675
f 674/674/674 675/675/675 668/668/668
f 674/674/674 663/663/663 676/676/676
f 662/662/662 676/676/676 663/663/663
f 675/675/675 674/674/674 677/677/677
f 676/676/676 677/677/677 674/674/674
f 673/673/673 675/675/675 678/678/678
f 676/676/676 662/662/662 679/679/679
f 672/672/672 673/673/673 680/680/680
f 678/678/678 680/680/680 673/673/673
f 681/681/681 679/679/679 662/662/662
f 662/662/662 643/643/643 681/681/681
f 643/643/643 639/639/639 681/681/681
f 642/642/642 681/681/681 639/639/639
f 679/679/679 682/682/682 676/676/676
f 677/677/677 676/676/676 682/682/682
f 679/679/679 681/681/681 683/683/683
f 681/681/681 642/642/642 683/683/683
f 682/682/682 679/679/679 684/684/684
f 683/683/683 684/684/684 679/679/679
f 685/685/685 683/683/683 642/642/642
f 642/642/642 636/636/636 685/685/685
f 684/684/684 683/683/683 686/686/686
f 683/683/683 685/685/685 686/686/686
f 685/685/685 636/636/636 687/687/687
f 634/634/634 687/687/687 636/636/636
f 686/686/686 685/685/685 688/688/688
f 687/687/687 688/688/688 685/685/685
f 684/684/684 686/686/686 689/689/689
f 688/688/688 689/689/689 686/686/686
f 687/687/687 634/634/634 690/690/690
f 632/632/632 690/690/690 634/634/634
f 688/688/688 687/687/687 691/691/691
f 690/690/690 691/691/691 687/687/687
f 689/689/689 688/688/688 692/692/692
f 691/691/691 692/692/692 688/688/688
f 689/689/689 693/693/693 684/684/684
f 682/682/682 684/684/684 693/693/693
f 692/692/692 694/694/694 689/689/689
f 693/693/693 689/689/689 694/694/694
f 693/693/693 695/695/695 682/682/682
f 677/677/677 682/682/682 695/695/695
f 694/694/694 696/696/696 693/693/693
f 695/695/695 693/693/693 696/696/696
f 695/695/695 697/697/697 677/677/677
f 675/675/675 677/677/677 697/697/697
f 697/697/697 678/678/678 675/675/675
f 696/696/696 698/698/698 695/695/695
f 697/697/697 695/695/695 698/698/698
f 678/678/678 697/697/697 699/699/699
f 698/698/698 699/699/699 697/697/697
f 699/699/699 700/700/700 678/678/678
f 680/680/680 678/678/678 700/700/700
f 699/699/699 698/698/698 701/701/701
f 698/698/698 696/696/696 702/702/702
f 702/702/702 701/701/701 698/698/698
f 700/700/700 699/699/699 703/703/703
f 701/701/701 703/703/703 699/699/699
f 704/704/704 702/702/702 696/696/696
f 696/696/696 694/694/694 704/704/704
f 701/701/701 702/702/702 705/705/705
f 706/706/706 704/704/704 694/694/694
f 694/694/694 692/692/692 706/706/706
f 702/702/702 704/704/704 707/707/707
f 707/707/707 705/705/705 702/702/702
f 704/704/704 706/706/706 708/708/708
f 708/708/708 707/707/707 704/704/704
f 709/709/709 706/706/706 692/692/692
f 692/692/692 691/691/691 709/709/709
f 710/710/710 708/708/708 706/706/706
f 706/706/706 709/709/709 710/710/710
f 711/711/711 709/709/709 691/691/691
f 691/691/691 690/690/690 711/711/711
f 712/712/712 710/710/710 709/709/709
f 709/709/709 711/711/711 712/712/712
f 713/713/713 711/711/711 690/690/690
f 690/690/690 632/632/632 713/713/713
f 633/633/633 713/713/713 632/632/632
f 714/714/714 712/712/712 711/711/711
f 711/711/711 713/713/713 714/714/714
f 713/713/713 633/633/633 715/715/715
f 715/715/715 714/714/714 713/713/713
f 710/710/710 712/712/712 716/716/716
f 712/712/712 714/714/714 717/717/717
f 717/717/717 716/716/716 712/712/712
f 714/714/714 715/715/715 718/718/718
f 718/718/718 717/717/717 714/714/714
f 716/716/716 719/719/719 710/710/710
f 708/708/708 710/710/710 719/719/719
f 720/720/720 716/716/716 717/717/717
f 720/720/720 719/719/719 716/716/716
f 720/720/720 717/717/717 718/718/718
f 719/719/719 721/721/721 708/708/708
f 707/707/707 708/708/708 721/721/721
f 719/719/719 720/720/720 721/721/721
f 721/721/721 722/722/722 707/707/707
f 720/720/720 722/722/722 721/721/721
f 705/705/705 707/707/707 722/722/722
f 723/723/723 718/718/718 715/715/715
f 720/720/720 718/718/718 723/723/723
f 724/724/724 715/715/715 633/633/633
f 715/715/715 724/724/724 723/723/723
f 633/633/633 631/631/631 724/724/724
f 725/725/725 723/723/723 724/724/724
f 720/720/720 723/723/723 725/725/725
f 726/726/726 724/724/724 631/631/631
f 724/724/724 726/726/726 725/725/725
f 631/631/631 626/626/626 726/726/726
f 626/626/626 727/727/727 726/726/726
f 727/727/727 626/626/626 624/624/624
f 726/726/726 728/728/728 725/725/725
f 728/728/728 726/726/726 727/727/727
f 624/624/624 729/729/729 727/727/727
f 729/729/729 624/624/624 622/622/622
f 727/727/727 730/730/730 728/728/728
f 730/730/730 727/727/727 729/729/729
f 731/731/731 725/725/725 728/728/728
f 720/720/720 725/725/725 731/731/731
f 732/732/732 728/728/728 730/730/730
f 728/728/728 732/732/732 731/731/731
f 729/729/729 733/733/733 730/730/730
f 734/734/734 732/732/732 730/730/730
f 734/734/734 730/730/730 733/733/733
f 735/735/735 731/731/731 732/732/732
f 734/734/734 735/735/735 732/732/732
f 733/733/733 729/729/729 736/736/736
f 736/736/736 729/729/729 622/622/622
f 737/737/737 734/734/734 733/733/733
f 736/736/736 737/737/737 733/733/733
f 736/736/736 622/622/622 738/738/738
f 738/738/738 622/622/622 586/586/586
f 738/738/738 586/586/586 584/584/584
f 737/737/737 736/736/736 739/739/739
f 738/738/738 739/739/739 736/736/736
f 740/740/740 738/738/738 584/584/584
f 584/584/584 577/577/577 740/740/740
f 739/739/739 738/738/738 741/741/741
f 738/738/738 740/740/740 741/741/741
f 742/742/742 740/740/740 577/577/577
f 577/577/577 574/574/574 742/742/742
f 743/743/743 741/741/741 740/740/740
f 740/740/740 742/742/742 743/743/743
f 744/744/744 739/739/739 741/741/741
f 741/741/741 743/743/743 744/744/744
f 745/745/745 742/742/742 574/574/574
f 574/574/574 576/576/576 745/745/745
f 746/746/746 743/743/743 742/742/742
f 742/742/742 745/745/745 746/746/746
f 747/747/747 744/744/744 743/743/743
f 743/743/743 746/746/746 747/747/747
f 739/739/739 744/744/744 748/748/748
f 748/748/748 737/737/737 739/739/739
f 744/744/744 747/747/747 749/749/749
f 749/749/749 748/748/748 744/744/744
f 737/737/737 748/748/748 750/750/750
f 748/748/748 749/749/749 750/750/750
f 750/750/750 751/751/751 737/737/737
f 734/734/734 737/737/737 751/751/751
f 752/752/752 750/750/750 749/749/749
f 751/751/751 753/753/753 734/734/734
f 735/735/735 734/734/734 753/753/753
f 754/754/754 749/749/749 747/747/747
f 749/749/749 754/754/754 752/752/752
f 755/755/755 747/747/747 746/746/746
f 747/747/747 755/755/755 754/754/754
f 756/756/756 746/746/746 745/745/745
f 746/746/746 756/756/756 755/755/755
f 757/757/757 752/752/752 754/754/754
f 758/758/758 754/754/754 755/755/755
f 754/754/754 758/758/758 757/757/757
f 759/759/759 755/755/755 756/756/756
f 755/755/755 759/759/759 758/758/758
f 745/745/745 760/760/760 756/756/756
f 760/760/760 745/745/745 576/576/576
f 756/756/756 761/761/761 759/759/759
f 761/761/761 756/756/756 760/760/760
f 576/576/576 762/762/762 760/760/760
f 576/576/576 561/561/561 762/762/762
f 760/760/760 763/763/763 761/761/761
f 763/763/763 760/760/760 762/762/762
f 764/764/764 762/762/762 561/561/561
f 561/561/561 555/555/555 764/764/764
f 553/553/553 764/764/764 555/555/555
f 762/762/762 765/765/765 763/763/763
f 762/762/762 764/764/764 765/765/765
f 764/764/764 553/553/553 766/766/766
f 766/766/766 765/765/765 764/764/764
f 550/550/550 766/766/766 553/553/553
f 767/767/767 763/763/763 765/765/765
f 766/766/766 550/550/550 768/768/768
f 546/546/546 768/768/768 550/550/550
f 765/765/765 766/766/766 769/769/769
f 765/765/765 769/769/769 767/767/767
f 770/770/770 766/766/766 768/768/768
f 766/766/766 770/770/770 769/769/769
f 768/768/768 546/546/546 771/771/771
f 546/546/546 548/548/548 771/771/771
f 770/770/770 768/768/768 772/772/772
f 771/771/771 772/772/772 768/768/768
f 769/769/769 770/770/770 773/773/773
f 773/773/773 767/767/767 769/769/769
f 770/770/770 772/772/772 774/774/774
f 774/774/774 773/773/773 770/770/770
f 772/772/772 771/771/771 775/775/775
f 776/776/776 771/771/771 548/548/548
f 771/771/771 776/776/776 775/775/775
f 551/551/551 776/776/776 548/548/548
f 777/777/777 772/772/772 775/775/775
f 776/776/776 777/777/777 775/775/775
f 772/772/772 777/777/777 774/774/774
f 776/776/776 551/551/551 778/778/778
f 777/777/777 776/776/776 779/779/779
f 778/778/778 779/779/779 776/776/776
f 780/780/780 774/774/774 777/777/777
f 779/779/779 780/780/780 777/777/777
f 773/773/773 774/774/774 781/781/781
f 774/774/774 780/780/780 781/781/781
f 767/767/767 773/773/773 782/782/782
f 781/781/781 782/782/782 773/773/773
f 763/763/763 767/767/767 783/783/783
f 782/782/782 783/783/783 767/767/767
f 783/783/783 761/761/761 763/763/763
f 782/782/782 781/781/781 784/784/784
f 761/761/761 783/783/783 785/785/785
f 785/785/785 759/759/759 761/761/761
f 783/783/783 782/782/782 786/786/786
f 786/786/786 785/785/785 783/783/783
f 784/784/784 786/786/786 782/782/782
f 759/759/759 785/785/785 787/787/787
f 787/787/787 758/758/758 759/759/759
f 785/785/785 786/786/786 788/788/788
f 788/788/788 787/787/787 785/785/785
f 758/758/758 787/787/787 789/789/789
f 789/789/789 757/757/757 758/758/758
f 787/787/787 788/788/788 790/790/790
f 790/790/790 789/789/789 787/787/787
f 791/791/791 788/788/788 786/786/786
f 786/786/786 784/784/784 791/791/791
f 792/792/792 790/790/790 788/788/788
f 788/788/788 791/791/791 792/792/792
f 790/790/790 793/793/793 789/789/789
f 789/789/789 793/793/793 757/757/757
f 793/793/793 790/790/790 792/792/792
f 757/757/757 793/793/793 752/752/752
f 752/752/752 793/793/793 750/750/750
f 750/750/750 793/793/793 751/751/751
f 791/791/791 794/794/794 792/792/792
f 794/794/794 793/793/793 792/792/792
f 784/784/784 795/795/795 791/791/791
f 794/794/794 791/791/791 795/795/795
f 781/781/781 796/796/796 784/784/784
f 795/795/795 784/784/784 796/796/796
f 796/796/796 781/781/781 780/780/780
f 793/793/793 797/797/797 751/751/751
f 753/753/753 751/751/751 797/797/797
f 798/798/798 796/796/796 780/780/780
f 780/780/780 779/779/779 798/798/798
f 799/799/799 795/795/795 796/796/796
f 796/796/796 798/798/798 799/799/799
f 800/800/800 798/798/798 779/779/779
f 779/779/779 778/778/778 800/800/800
f 801/801/801 799/799/799 798/798/798
f 798/798/798 800/800/800 801/801/801
f 795/795/795 799/799/799 802/802/802
f 802/802/802 794/794/794 795/795/795
f 799/799/799 801/801/801 803/803/803
f 803/803/803 802/802/802 799/799/799
f 804/804/804 801/801/801 800/800/800
f 794/794/794 802/802/802 805/805/805
f 806/806/806 800/800/800 778/778/778
f 800/800/800 806/806/806 804/804/804
f 807/807/807 805/805/805 802/802/802
f 802/802/802 803/803/803 807/807/807
f 778/778/778 808/808/808 806/806/806
f 808/808/808 778/778/778 551/551/551
f 551/551/551 549/549/549 808/808/808
f 809/809/809 803/803/803 801/801/801
f 801/801/801 804/804/804 809/809/809
f 810/810/810 807/807/807 803/803/803
f 803/803/803 809/809/809 810/810/810
f 811/811/811 808/808/808 549/549/549
f 549/549/549 547/547/547 811/811/811
f 812/812/812 806/806/806 808/808/808
f 808/808/808 811/811/811 812/812/812
f 813/813/813 804/804/804 806/806/806
f 806/806/806 812/812/812 813/813/813
f 814/814/814 811/811/811 547/547/547
f 547/547/547 537/537/537 814/814/814
f 815/815/815 812/812/812 811/811/811
f 811/811/811 814/814/814 815/815/815
f 816/816/816 813/813/813 812/812/812
f 812/812/812 815/815/815 816/816/816
f 817/817/817 814/814/814 537/537/537
f 537/537/537 533/533/533 817/817/817
f 539/539/539 817/817/817 533/533/533
f 818/818/818 815/815/815 814/814/814
f 814/814/814 817/817/817 818/818/818
f 819/819/819 816/816/816 815/815/815
f 815/815/815 818/818/818 819/819/819
f 817/817/817 539/539/539 820/820/820
f 820/820/820 818/818/818 817/817/817
f 821/821/821 819/819/819 818/818/818
f 818/818/818 820/820/820 821/821/821
f 539/539/539 822/822/822 820/820/820
f 539/539/539 524/524/524 822/822/822
f 820/820/820 823/823/823 821/821/821
f 820/820/820 822/822/822 823/823/823
f 819/819/819 821/821/821 824/824/824
f 821/821/821 823/823/823 824/824/824
f 524/524/524 825/825/825 822/822/822
f 825/825/825 524/524/524 521/521/521
f 522/522/522 825/825/825 521/521/521
f 822/822/822 826/826/826 823/823/823
f 826/826/826 822/822/822 825/825/825
f 825/825/825 522/522/522 827/827/827
f 827/827/827 826/826/826 825/825/825
f 828/828/828 827/827/827 522/522/522
f 522/522/522 519/519/519 828/828/828
f 671/671/671 828/828/828 519/519/519
f 826/826/826 827/827/827 829/829/829
f 827/827/827 828/828/828 830/830/830
f 830/830/830 829/829/829 827/827/827
f 828/828/828 671/671/671 831/831/831
f 828/828/828 831/831/831 830/830/830
f 832/832/832 823/823/823 826/826/826
f 829/829/829 832/832/832 826/826/826
f 833/833/833 831/831/831 671/671/671
f 671/671/671 672/672/672 833/833/833
f 680/680/680 833/833/833 672/672/672
f 832/832/832 834/834/834 823/823/823
f 824/824/824 823/823/823 834/834/834
f 833/833/833 680/680/680 835/835/835
f 700/700/700 835/835/835 680/680/680
f 831/831/831 833/833/833 836/836/836
f 835/835/835 836/836/836 833/833/833
f 830/830/830 831/831/831 837/837/837
f 836/836/836 837/837/837 831/831/831
f 835/835/835 700/700/700 838/838/838
f 703/703/703 838/838/838 700/700/700
f 836/836/836 835/835/835 839/839/839
f 838/838/838 839/839/839 835/835/835
f 837/837/837 836/836/836 840/840/840
f 839/839/839 840/840/840 836/836/836
f 830/830/830 837/837/837 841/841/841
f 829/829/829 830/830/830 841/841/841
f 840/840/840 842/842/842 837/837/837
f 841/841/841 837/837/837 842/842/842
f 841/841/841 843/843/843 829/829/829
f 832/832/832 829/829/829 843/843/843
f 841/841/841 842/842/842 844/844/844
f 843/843/843 841/841/841 844/844/844
f 843/843/843 845/845/845 832/832/832
f 834/834/834 832/832/832 845/845/845
f 844/844/844 846/846/846 843/843/843
f 845/845/845 843/843/843 846/846/846
f 844/844/844 842/842/842 847/847/847
f 846/846/846 848/848/848 845/845/845
f 848/848/848 834/834/834 845/845/845
f 846/846/846 844/844/844 849/849/849
f 844/844/844 847/847/847 849/849/849
f 842/842/842 840/840/840 850/850/850
f 850/850/850 847/847/847 842/842/842
f 849/849/849 851/851/851 846/846/846
f 848/848/848 846/846/846 851/851/851
f 849/849/849 847/847/847 852/852/852
f 847/847/847 850/850/850 852/852/852
f 851/851/851 849/849/849 853/853/853
f 852/852/852 853/853/853 849/849/849
f 854/854/854 850/850/850 840/840/840
f 840/840/840 839/839/839 854/854/854
f 855/855/855 852/852/852 850/850/850
f 850/850/850 854/854/854 855/855/855
f 856/856/856 854/854/854 839/839/839
f 839/839/839 838/838/838 856/856/856
f 857/857/857 855/855/855 854/854/854
f 854/854/854 856/856/856 857/857/857
f 858/858/858 856/856/856 838/838/838
f 838/838/838 703/703/703 858/858/858
f 859/859/859 857/857/857 856/856/856
f 856/856/856 858/858/858 859/859/859
f 857/857/857 860/860/860 855/855/855
f 859/859/859 860/860/860 857/857/857
f 855/855/855 860/860/860 852/852/852
f 861/861/861 859/859/859 858/858/858
f 861/861/861 860/860/860 859/859/859
f 862/862/862 858/858/858 703/703/703
f 858/858/858 862/862/862 861/861/861
f 703/703/703 701/701/701 862/862/862
f 705/705/705 862/862/862 701/701/701
f 863/863/863 861/861/861 862/862/862
f 862/862/862 705/705/705 863/863/863
f 860/860/860 861/861/861 863/863/863
f 722/722/722 863/863/863 705/705/705
f 722/722/722 860/860/860 863/863/863
f 860/860/860 722/722/722 864/864/864
f 722/722/722 720/720/720 864/864/864
f 852/852/852 860/860/860 865/865/865
f 852/852/852 865/865/865 853/853/853
f 866/866/866 860/860/860 864/864/864
f 860/860/860 866/866/866 865/865/865
f 867/867/867 864/864/864 720/720/720
f 864/864/864 867/867/867 866/866/866
f 853/853/853 865/865/865 868/868/868
f 868/868/868 851/851/851 853/853/853
f 720/720/720 869/869/869 867/867/867
f 869/869/869 720/720/720 731/731/731
f 731/731/731 735/735/735 869/869/869
f 870/870/870 867/867/867 869/869/869
f 735/735/735 870/870/870 869/869/869
f 871/871/871 866/866/866 867/867/867
f 867/867/867 870/870/870 871/871/871
f 872/872/872 865/865/865 866/866/866
f 866/866/866 871/871/871 872/872/872
f 870/870/870 735/735/735 873/873/873
f 753/753/753 873/873/873 735/735/735
f 874/874/874 871/871/871 870/870/870
f 873/873/873 874/874/874 870/870/870
f 875/875/875 872/872/872 871/871/871
f 871/871/871 874/874/874 875/875/875
f 865/865/865 872/872/872 876/876/876
f 876/876/876 868/868/868 865/865/865
f 872/872/872 875/875/875 877/877/877
f 877/877/877 876/876/876 872/872/872
f 878/878/878 873/873/873 753/753/753
f 797/797/797 878/878/878 753/753/753
f 874/874/874 873/873/873 879/879/879
f 878/878/878 879/879/879 873/873/873
f 880/880/880 875/875/875 874/874/874
f 879/879/879 880/880/880 874/874/874
f 881/881/881 877/877/877 875/875/875
f 875/875/875 880/880/880 881/881/881
f 877/877/877 881/881/881 882/882/882
f 878/878/878 797/797/797 883/883/883
f 884/884/884 877/877/877 882/882/882
f 877/877/877 884/884/884 876/876/876
f 881/881/881 885/885/885 882/882/882
f 885/885/885 884/884/884 882/882/882
f 876/876/876 886/886/886 868/868/868
f 884/884/884 886/886/886 876/876/876
f 881/881/881 887/887/887 885/885/885
f 880/880/880 887/887/887 881/881/881
f 886/886/886 888/888/888 868/868/868
f 851/851/851 868/868/868 888/888/888
f 887/887/887 889/889/889 885/885/885
f 890/890/890 851/851/851 888/888/888
f 851/851/851 890/890/890 848/848/848
f 888/888/888 886/886/886 891/891/891
f 888/888/888 892/892/892 890/890/890
f 892/892/892 888/888/888 891/891/891
f 893/893/893 848/848/848 890/890/890
f 894/894/894 891/891/891 886/886/886
f 884/884/884 894/894/894 886/886/886
f 895/895/895 890/890/890 892/892/892
f 890/890/890 895/895/895 893/893/893
f 884/884/884 885/885/885 896/896/896
f 889/889/889 896/896/896 885/885/885
f 848/848/848 893/893/893 897/897/897
f 834/834/834 848/848/848 897/897/897
f 884/884/884 896/896/896 898/898/898
f 894/894/894 884/884/884 898/898/898
f 897/897/897 899/899/899 834/834/834
f 824/824/824 834/834/834 899/899/899
f 900/900/900 897/897/897 893/893/893
f 901/901/901 824/824/824 899/899/899
f 824/824/824 901/901/901 819/819/819
f 816/816/816 819/819/819 901/901/901
f 902/902/902 899/899/899 897/897/897
f 902/902/902 897/897/897 900/900/900
f 899/899/899 903/903/903 901/901/901
f 902/902/902 903/903/903 899/899/899
f 901/901/901 904/904/904 816/816/816
f 904/904/904 901/901/901 903/903/903
f 813/813/813 816/816/816 904/904/904
f 903/903/903 905/905/905 904/904/904
f 902/902/902 905/905/905 903/903/903
f 904/904/904 906/906/906 813/813/813
f 906/906/906 904/904/904 905/905/905
f 804/804/804 813/813/813 906/906/906
f 906/906/906 809/809/809 804/804/804
f 905/905/905 907/907/907 906/906/906
f 809/809/809 906/906/906 907/907/907
f 902/902/902 907/907/907 905/905/905
f 907/907/907 810/810/810 809/809/809
f 902/902/902 810/810/810 907/907/907
f 902/902/902 807/807/807 810/810/810
f 807/807/807 902/902/902 805/805/805
f 902/902/902 794/794/794 805/805/805
f 794/794/794 902/902/902 908/908/908
f 793/793/793 794/794/794 908/908/908
f 902/902/902 909/909/909 908/908/908
f 909/909/909 902/902/902 900/900/900
f 908/908/908 910/910/910 793/793/793
f 910/910/910 908/908/908 909/909/909
f 797/797/797 793/793/793 910/910/910
f 910/910/910 883/883/883 797/797/797
f 909/909/909 911/911/911 910/910/910
f 883/883/883 910/910/910 911/911/911
f 900/900/900 912/912/912 909/909/909
f 911/911/911 909/909/909 912/912/912
f 893/893/893 913/913/913 900/900/900
f 912/912/912 900/900/900 913/913/913
f 895/895/895 913/913/913 893/893/893
f 913/913/913 889/889/889 912/912/912
f 895/895/895 896/896/896 913/913/913
f 896/896/896 889/889/889 913/913/913
f 896/896/896 895/895/895 914/914/914
f 892/892/892 914/914/914 895/895/895
f 898/898/898 896/896/896 914/914/914
f 915/915/915 912/912/912 889/889/889
f 912/912/912 915/915/915 911/911/911
f 889/889/889 887/887/887 915/915/915
f 916/916/916 911/911/911 915/915/915
f 911/911/911 916/916/916 883/883/883
f 917/917/917 915/915/915 887/887/887
f 915/915/915 917/917/917 916/916/916
f 887/887/887 880/880/880 917/917/917
f 918/918/918 883/883/883 916/916/916
f 883/883/883 918/918/918 878/878/878
f 919/919/919 916/916/916 917/917/917
f 919/919/919 918/918/918 916/916/916
f 919/919/919 917/917/917 880/880/880
f 918/918/918 879/879/879 878/878/878
f 880/880/880 920/920/920 919/919/919
f 918/918/918 919/919/919 920/920/920
f 880/880/880 879/879/879 921/921/921
f 922/922/922 918/918/918 920/920/920
f 922/922/922 879/879/879 918/918/918
f 920/920/920 880/880/880 922/922/922
f 879/879/879 922/922/922 921/921/921
f 921/921/921 922/922/922 880/880/880
f 923/923/923 914/914/914 892/892/892
f 891/891/891 923/923/923 892/892/892
f 914/914/914 923/923/923 924/924/924
f 914/914/914 924/924/924 898/898/898
f 923/923/923 891/891/891 925/925/925
f 891/891/891 894/894/894 925/925/925
f 924/924/924 923/923/923 926/926/926
f 894/894/894 898/898/898 927/927/927
f 923/923/923 928/928/928 926/926/926
f 924/924/924 926/926/926 928/928/928
f 928/928/928 898/898/898 924/924/924
f 928/928/928 923/923/923 925/925/925
f 898/898/898 928/928/928 927/927/927
f 929/929/929 894/894/894 927/927/927
f 928/928/928 929/929/929 927/927/927
f 894/894/894 929/929/929 925/925/925
f 928/928/928 925/925/925 930/930/930
f 925/925/925 929/929/929 930/930/930
f 928/928/928 930/930/930 929/929/929
f 15/15/15 932/932/932 931/931/931
f 73/73/73 15/15/15 931/931/931
f 77/77/77 73/73/73 931/931/931
f 932/932/932 15/15/15 933/933/933
f 933/933/933 15/15/15 934/934/934
f 934/934/934 15/15/15 13/13/13
f 933/933/933 935/935/935 932/932/932
f 13/13/13 936/936/936 934/934/934
f 932/932/932 935/935/935 937/937/937
f 937/937/937 931/931/931 932/932/932
f 938/938/938 934/934/934 936/936/936
f 934/934/934 938/938/938 933/933/933
f 936/936/936 13/13/13 939/939/939
f 939/939/939 938/938/938 936/936/936
f 13/13/13 10/10/10 939/939/939
f 940/940/940 933/933/933 938/938/938
f 938/938/938 939/939/939 940/940/940
f 940/940/940 939/939/939 10/10/10
f 935/935/935 933/933/933 940/940/940
f 940/940/940 10/10/10 8/8/8
f 935/935/935 941/941/941 937/937/937
f 941/941/941 931/931/931 937/937/937
f 940/940/940 8/8/8 942/942/942
f 942/942/942 935/935/935 940/940/940
f 942/942/942 8/8/8 7/7/7
f 941/941/941 935/935/935 943/943/943
f 942/942/942 943/943/943 935/935/935
f 7/7/7 53/53/53 942/942/942
f 943/943/943 944/944/944 941/941/941
f 944/944/944 931/931/931 941/941/941
f 944/944/944 943/943/943 945/945/945
f 942/942/942 945/945/945 943/943/943
f 945/945/945 946/946/946 944/944/944
f 946/946/946 931/931/931 944/944/944
f 946/946/946 945/945/945 947/947/947
f 942/942/942 947/947/947 945/945/945
f 947/947/947 948/948/948 946/946/946
f 948/948/948 931/931/931 946/946/946
f 948/948/948 947/947/947 949/949/949
f 942/942/942 949/949/949 947/947/947
f 949/949/949 950/950/950 948/948/948
f 950/950/950 931/931/931 948/948/948
f 950/950/950 949/949/949 951/951/951
f 942/942/942 951/951/951 949/949/949
f 952/952/952 931/931/931 950/950/950
f 951/951/951 952/952/952 950/950/950
f 952/952/952 951/951/951 953/953/953
f 942/942/942 953/953/953 951/951/951
f 954/954/954 931/931/931 952/952/952
f 953/953/953 954/954/954 952/952/952
f 942/942/942 955/955/955 953/953/953
f 955/955/955 954/954/954 953/953/953
f 956/956/956 931/931/931 954/954/954
f 77/77/77 931/931/931 956/956/956
f 957/957/957 954/954/954 955/955/955
f 958/958/958 956/956/956 954/954/954
f 954/954/954 957/957/957 958/958/958
f 942/942/942 959/959/959 955/955/955
f 959/959/959 957/957/957 955/955/955
f 956/956/956 958/958/958 960/960/960
f 957/957/957 960/960/960 958/958/958
f 956/956/956 961/961/961 77/77/77
f 961/961/961 956/956/956 960/960/960
f 960/960/960 957/957/957 962/962/962
f 962/962/962 961/961/961 960/960/960
f 957/957/957 959/959/959 962/962/962
f 963/963/963 77/77/77 961/961/961
f 77/77/77 963/963/963 75/75/75
f 961/961/961 962/962/962 964/964/964
f 959/959/959 964/964/964 962/962/962
f 964/964/964 963/963/963 961/961/961
f 942/942/942 965/965/965 959/959/959
f 964/964/964 959/959/959 965/965/965
f 53/53/53 965/965/965 942/942/942
f 963/963/963 964/964/964 966/966/966
f 965/965/965 966/966/966 964/964/964
f 967/967/967 75/75/75 963/963/963
f 966/966/966 967/967/967 963/963/963
f 75/75/75 967/967/967 74/74/74
f 192/192/192 74/74/74 967/967/967
f 53/53/53 968/968/968 965/965/965
f 966/966/966 965/965/965 968/968/968
f 55/55/55 968/968/968 53/53/53
f 967/967/967 966/966/966 969/969/969
f 968/968/968 969/969/969 966/966/966
f 969/969/969 192/192/192 967/967/967
f 55/55/55 970/970/970 968/968/968
f 969/969/969 968/968/968 970/970/970
f 323/323/323 970/970/970 55/55/55
f 192/192/192 969/969/969 971/971/971
f 970/970/970 971/971/971 969/969/969
f 971/971/971 193/193/193 192/192/192
f 193/193/193 971/971/971 197/197/197
f 323/323/323 972/972/972 970/970/970
f 971/971/971 970/970/970 972/972/972
f 323/323/323 313/313/313 972/972/972
f 971/971/971 973/973/973 197/197/197
f 973/973/973 971/971/971 972/972/972
f 972/972/972 313/313/313 973/973/973
f 213/213/213 197/197/197 973/973/973
f 973/973/973 313/313/313 249/249/249
f 973/973/973 249/249/249 213/213/213
f 1004/1004/1004 1003/1003/1003 1002/1002/1002
f 1005/1005/1005 1002/1002/1002 1003/1003/1003
f 1006/1006/1006 1003/1003/1003 1004/1004/1004
f 1003/1003/1003 1006/1006/1006 1005/1005/1005
f 1002/1002/1002 1005/1005/1005 1007/1007/1007
f 1005/1005/1005 1006/1006/1006 1008/1008/1008
f 1007/1007/1007 1005/1005/1005 1008/1008/1008
f 1004/1004/1004 1009/1009/1009 1006/1006/1006
f 1006/1006/1006 1009/1009/1009 1008/1008/1008
f 1002/1002/1002 1010/1010/1010 1004/1004/1004
f 1010/1010/1010 1002/1002/1002 1007/1007/1007
f 1004/1004/1004 1011/1011/1011 1009/1009/1009
f 1010/1010/1010 1012/1012/1012 1004/1004/1004
f 1011/1011/1011 1004/1004/1004 1012/1012/1012
f 1013/1013/1013 1010/1010/1010 1007/1007/1007
f 1011/1011/1011 1012/1012/1012 1014/1014/1014
f 1007/1007/1007 1015/1015/1015 1013/1013/1013
f 1010/1010/1010 1016/1016/1016 1012/1012/1012
f 1014/1014/1014 1012/1012/1012 1016/1016/1016
f 1015/1015/1015 1007/1007/1007 1017/1017/1017
f 1008/1008/1008 1017/1017/1017 1007/1007/1007
f 1013/1013/1013 1015/1015/1015 1018/1018/1018
f 1018/1018/1018 1015/1015/1015 1017/1017/1017
f 1019/1019/1019 1010/1010/1010 1013/1013/1013
f 1010/1010/1010 1019/1019/1019 1016/1016/1016
f 1018/1018/1018 1020/1020/1020 1013/1013/1013
f 1019/1019/1019 1013/1013/1013 1020/1020/1020
f 1020/1020/1020 1018/1018/1018 1021/1021/1021
f 1021/1021/1021 1018/1018/1018 1017/1017/1017
f 1021/1021/1021 1022/1022/1022 1020/1020/1020
f 1019/1019/1019 1020/1020/1020 1022/1022/1022
f 1022/1022/1022 1021/1021/1021 1023/1023/1023
f 1023/1023/1023 1021/1021/1021 1017/1017/1017
f 1023/1023/1023 1024/1024/1024 1022/1022/1022
f 1019/1019/1019 1022/1022/1022 1024/1024/1024
f 1024/1024/1024 1023/1023/1023 1025/1025/1025
f 1025/1025/1025 1023/1023/1023 1017/1017/1017
f 1025/1025/1025 1026/1026/1026 1024/1024/1024
f 1019/1019/1019 1024/1024/1024 1026/1026/1026
f 1026/1026/1026 1025/1025/1025 1027/1027/1027
f 1027/1027/1027 1025/1025/1025 1017/1017/1017
f 1027/1027/1027 1028/1028/1028 1026/1026/1026
f 1019/1019/1019 1026/1026/1026 1028/1028/1028
f 1028/1028/1028 1027/1027/1027 1029/1029/1029
f 1029/1029/1029 1027/1027/1027 1017/1017/1017
f 1029/1029/1029 1030/1030/1030 1028/1028/1028
f 1019/1019/1019 1028/1028/1028 1030/1030/1030
f 1031/1031/1031 1030/1030/1030 1029/1029/1029
f 1019/1019/1019 1030/1030/1030 1031/1031/1031
f 1032/1032/1032 1029/1029/1029 1017/1017/1017
f 1031/1031/1031 1029/1029/1029 1032/1032/1032
f 1017/1017/1017 1033/1033/1033 1032/1032/1032
f 1031/1031/1031 1032/1032/1032 1034/1034/1034
f 1034/1034/1034 1032/1032/1032 1033/1033/1033
f 1034/1034/1034 1035/1035/1035 1031/1031/1031
f 1036/1036/1036 1033/1033/1033 1017/1017/1017
f 1037/1037/1037 1031/1031/1031 1035/1035/1035
f 1031/1031/1031 1037/1037/1037 1019/1019/1019
f 1038/1038/1038 1035/1035/1035 1034/1034/1034
f 1035/1035/1035 1038/1038/1038 1037/1037/1037
f 1033/1033/1033 1039/1039/1039 1034/1034/1034
f 1034/1034/1034 1039/1039/1039 1038/1038/1038
f 1039/1039/1039 1033/1033/1033 1036/1036/1036
f 1037/1037/1037 1038/1038/1038 1040/1040/1040
f 1039/1039/1039 1040/1040/1040 1038/1038/1038
f 1019/1019/1019 1037/1037/1037 1041/1041/1041
f 1040/1040/1040 1041/1041/1041 1037/1037/1037
f 1036/1036/1036 1042/1042/1042 1039/1039/1039
f 1039/1039/1039 1042/1042/1042 1040/1040/1040
f 1041/1041/1041 1040/1040/1040 1043/1043/1043
f 1042/1042/1042 1043/1043/1043 1040/1040/1040
f 1041/1041/1041 1044/1044/1044 1019/1019/1019
f 1043/1043/1043 1045/1045/1045 1041/1041/1041
f 1044/1044/1044 1041/1041/1041 1045/1045/1045
f 1042/1042/1042 1046/1046/1046 1043/1043/1043
f 1019/1019/1019 1044/1044/1044 1047/1047/1047
f 1047/1047/1047 1016/1016/1016 1019/1019/1019
f 1045/1045/1045 1043/1043/1043 1048/1048/1048
f 1046/1046/1046 1048/1048/1048 1043/1043/1043
f 1045/1045/1045 1049/1049/1049 1044/1044/1044
f 1050/1050/1050 1046/1046/1046 1042/1042/1042
f 1042/1042/1042 1036/1036/1036 1050/1050/1050
f 1044/1044/1044 1049/1049/1049 1051/1051/1051
f 1051/1051/1051 1047/1047/1047 1044/1044/1044
f 1049/1049/1049 1045/1045/1045 1052/1052/1052
f 1048/1048/1048 1052/1052/1052 1045/1045/1045
f 1050/1050/1050 1036/1036/1036 1053/1053/1053
f 1017/1017/1017 1053/1053/1053 1036/1036/1036
f 1046/1046/1046 1054/1054/1054 1048/1048/1048
f 1055/1055/1055 1053/1053/1053 1017/1017/1017
f 1017/1017/1017 1008/1008/1008 1055/1055/1055
f 1046/1046/1046 1050/1050/1050 1056/1056/1056
f 1056/1056/1056 1054/1054/1054 1046/1046/1046
f 1053/1053/1053 1057/1057/1057 1050/1050/1050
f 1054/1054/1054 1058/1058/1058 1048/1048/1048
f 1052/1052/1052 1048/1048/1048 1058/1058/1058
f 1050/1050/1050 1057/1057/1057 1059/1059/1059
f 1059/1059/1059 1056/1056/1056 1050/1050/1050
f 1060/1060/1060 1057/1057/1057 1053/1053/1053
f 1053/1053/1053 1055/1055/1055 1060/1060/1060
f 1061/1061/1061 1059/1059/1059 1057/1057/1057
f 1057/1057/1057 1060/1060/1060 1061/1061/1061
f 1056/1056/1056 1059/1059/1059 1062/1062/1062
f 1063/1063/1063 1060/1060/1060 1055/1055/1055
f 1059/1059/1059 1061/1061/1061 1064/1064/1064
f 1064/1064/1064 1062/1062/1062 1059/1059/1059
f 1065/1065/1065 1061/1061/1061 1060/1060/1060
f 1060/1060/1060 1063/1063/1063 1065/1065/1065
f 1066/1066/1066 1064/1064/1064 1061/1061/1061
f 1061/1061/1061 1065/1065/1065 1066/1066/1066
f 1055/1055/1055 1067/1067/1067 1063/1063/1063
f 1067/1067/1067 1055/1055/1055 1008/1008/1008
f 1068/1068/1068 1064/1064/1064 1066/1066/1066
f 1008/1008/1008 1069/1069/1069 1067/1067/1067
f 1069/1069/1069 1008/1008/1008 1009/1009/1009
f 1063/1063/1063 1067/1067/1067 1070/1070/1070
f 1064/1064/1064 1068/1068/1068 1071/1071/1071
f 1071/1071/1071 1062/1062/1062 1064/1064/1064
f 1067/1067/1067 1072/1072/1072 1070/1070/1070
f 1067/1067/1067 1069/1069/1069 1072/1072/1072
f 1063/1063/1063 1070/1070/1070 1073/1073/1073
f 1065/1065/1065 1063/1063/1063 1073/1073/1073
f 1074/1074/1074 1070/1070/1070 1072/1072/1072
f 1075/1075/1075 1073/1073/1073 1070/1070/1070
f 1070/1070/1070 1074/1074/1074 1075/1075/1075
f 1072/1072/1072 1076/1076/1076 1074/1074/1074
f 1073/1073/1073 1075/1075/1075 1077/1077/1077
f 1076/1076/1076 1072/1072/1072 1078/1078/1078
f 1069/1069/1069 1078/1078/1078 1072/1072/1072
f 1077/1077/1077 1079/1079/1079 1073/1073/1073
f 1065/1065/1065 1073/1073/1073 1079/1079/1079
f 1080/1080/1080 1075/1075/1075 1074/1074/1074
f 1081/1081/1081 1074/1074/1074 1076/1076/1076
f 1074/1074/1074 1081/1081/1081 1080/1080/1080
f 1082/1082/1082 1077/1077/1077 1075/1075/1075
f 1075/1075/1075 1080/1080/1080 1082/1082/1082
f 1083/1083/1083 1079/1079/1079 1077/1077/1077
f 1080/1080/1080 1081/1081/1081 1084/1084/1084
f 1079/1079/1079 1083/1083/1083 1085/1085/1085
f 1065/1065/1065 1079/1079/1079 1085/1085/1085
f 1084/1084/1084 1086/1086/1086 1080/1080/1080
f 1082/1082/1082 1080/1080/1080 1086/1086/1086
f 1087/1087/1087 1084/1084/1084 1081/1081/1081
f 1076/1076/1076 1088/1088/1088 1081/1081/1081
f 1081/1081/1081 1088/1088/1088 1087/1087/1087
f 1088/1088/1088 1076/1076/1076 1089/1089/1089
f 1078/1078/1078 1089/1089/1089 1076/1076/1076
f 1089/1089/1089 1090/1090/1090 1088/1088/1088
f 1091/1091/1091 1089/1089/1089 1078/1078/1078
f 1090/1090/1090 1089/1089/1089 1091/1091/1091
f 1092/1092/1092 1087/1087/1087 1088/1088/1088
f 1088/1088/1088 1090/1090/1090 1092/1092/1092
f 1078/1078/1078 1093/1093/1093 1091/1091/1091
f 1069/1069/1069 1093/1093/1093 1078/1078/1078
f 1091/1091/1091 1094/1094/1094 1090/1090/1090
f 1092/1092/1092 1090/1090/1090 1094/1094/1094
f 1095/1095/1095 1094/1094/1094 1091/1091/1091
f 1094/1094/1094 1095/1095/1095 1092/1092/1092
f 1091/1091/1091 1093/1093/1093 1095/1095/1095
f 1087/1087/1087 1092/1092/1092 1096/1096/1096
f 1092/1092/1092 1095/1095/1095 1096/1096/1096
f 1093/1093/1093 1097/1097/1097 1095/1095/1095
f 1069/1069/1069 1097/1097/1097 1093/1093/1093
f 1097/1097/1097 1098/1098/1098 1095/1095/1095
f 1095/1095/1095 1098/1098/1098 1096/1096/1096
f 1098/1098/1098 1097/1097/1097 1099/1099/1099
f 1069/1069/1069 1099/1099/1099 1097/1097/1097
f 1099/1099/1099 1100/1100/1100 1098/1098/1098
f 1098/1098/1098 1100/1100/1100 1096/1096/1096
f 1100/1100/1100 1099/1099/1099 1101/1101/1101
f 1069/1069/1069 1101/1101/1101 1099/1099/1099
f 1101/1101/1101 1102/1102/1102 1100/1100/1100
f 1100/1100/1100 1102/1102/1102 1096/1096/1096
f 1102/1102/1102 1101/1101/1101 1103/1103/1103
f 1069/1069/1069 1103/1103/1103 1101/1101/1101
f 1103/1103/1103 1104/1104/1104 1102/1102/1102
f 1102/1102/1102 1104/1104/1104 1096/1096/1096
f 1104/1104/1104 1103/1103/1103 1105/1105/1105
f 1069/1069/1069 1105/1105/1105 1103/1103/1103
f 1105/1105/1105 1106/1106/1106 1104/1104/1104
f 1104/1104/1104 1106/1106/1106 1096/1096/1096
f 1069/1069/1069 1107/1107/1107 1105/1105/1105
f 1106/1106/1106 1105/1105/1105 1107/1107/1107
f 1107/1107/1107 1108/1108/1108 1106/1106/1106
f 1106/1106/1106 1108/1108/1108 1096/1096/1096
f 1069/1069/1069 1109/1109/1109 1107/1107/1107
f 1108/1108/1108 1107/1107/1107 1109/1109/1109
f 1108/1108/1108 1110/1110/1110 1096/1096/1096
f 1109/1109/1109 1110/1110/1110 1108/1108/1108
f 1110/1110/1110 1111/1111/1111 1096/1096/1096
f 1111/1111/1111 1110/1110/1110 1109/1109/1109
f 1069/1069/1069 1112/1112/1112 1109/1109/1109
f 1112/1112/1112 1069/1069/1069 1009/1009/1009
f 1112/1112/1112 1009/1009/1009 1011/1011/1011
f 1113/1113/1113 1111/1111/1111 1109/1109/1109
f 1109/1109/1109 1112/1112/1112 1113/1113/1113
f 1016/1016/1016 1096/1096/1096 1111/1111/1111
f 1111/1111/1111 1113/1113/1113 1016/1016/1016
f 1112/1112/1112 1011/1011/1011 1114/1114/1114
f 1014/1014/1014 1114/1114/1114 1011/1011/1011
f 1112/1112/1112 1115/1115/1115 1113/1113/1113
f 1115/1115/1115 1112/1112/1112 1114/1114/1114
f 1116/1116/1116 1114/1114/1114 1014/1014/1014
f 1114/1114/1114 1116/1116/1116 1115/1115/1115
f 1014/1014/1014 1117/1117/1117 1116/1116/1116
f 1115/1115/1115 1116/1116/1116 1117/1117/1117
f 1117/1117/1117 1113/1113/1113 1115/1115/1115
f 1117/1117/1117 1014/1014/1014 1016/1016/1016
f 1113/1113/1113 1117/1117/1117 1016/1016/1016
f 1118/1118/1118 1096/1096/1096 1016/1016/1016
f 1087/1087/1087 1096/1096/1096 1118/1118/1118
f 1016/1016/1016 1047/1047/1047 1118/1118/1118
f 1084/1084/1084 1087/1087/1087 1118/1118/1118
f 1119/1119/1119 1118/1118/1118 1047/1047/1047
f 1084/1084/1084 1118/1118/1118 1119/1119/1119
f 1047/1047/1047 1051/1051/1051 1119/1119/1119
f 1086/1086/1086 1084/1084/1084 1119/1119/1119
f 1120/1120/1120 1119/1119/1119 1051/1051/1051
f 1086/1086/1086 1119/1119/1119 1120/1120/1120
f 1051/1051/1051 1121/1121/1121 1120/1120/1120
f 1121/1121/1121 1051/1051/1051 1049/1049/1049
f 1122/1122/1122 1086/1086/1086 1120/1120/1120
f 1086/1086/1086 1122/1122/1122 1082/1082/1082
f 1049/1049/1049 1123/1123/1123 1121/1121/1121
f 1052/1052/1052 1123/1123/1123 1049/1049/1049
f 1124/1124/1124 1120/1120/1120 1121/1121/1121
f 1122/1122/1122 1120/1120/1120 1124/1124/1124
f 1125/1125/1125 1121/1121/1121 1123/1123/1123
f 1121/1121/1121 1125/1125/1125 1124/1124/1124
f 1082/1082/1082 1122/1122/1122 1126/1126/1126
f 1126/1126/1126 1122/1122/1122 1124/1124/1124
f 1123/1123/1123 1052/1052/1052 1127/1127/1127
f 1058/1058/1058 1127/1127/1127 1052/1052/1052
f 1123/1123/1123 1128/1128/1128 1125/1125/1125
f 1127/1127/1127 1128/1128/1128 1123/1123/1123
f 1125/1125/1125 1128/1128/1128 1129/1129/1129
f 1126/1126/1126 1130/1130/1130 1082/1082/1082
f 1077/1077/1077 1082/1082/1082 1130/1130/1130
f 1131/1131/1131 1129/1129/1129 1128/1128/1128
f 1131/1131/1131 1128/1128/1128 1127/1127/1127
f 1130/1130/1130 1132/1132/1132 1077/1077/1077
f 1077/1077/1077 1132/1132/1132 1083/1083/1083
f 1129/1129/1129 1133/1133/1133 1125/1125/1125
f 1124/1124/1124 1125/1125/1125 1133/1133/1133
f 1134/1134/1134 1083/1083/1083 1132/1132/1132
f 1129/1129/1129 1135/1135/1135 1133/1133/1133
f 1083/1083/1083 1134/1134/1134 1136/1136/1136
f 1083/1083/1083 1136/1136/1136 1085/1085/1085
f 1135/1135/1135 1129/1129/1129 1137/1137/1137
f 1131/1131/1131 1137/1137/1137 1129/1129/1129
f 1138/1138/1138 1085/1085/1085 1136/1136/1136
f 1137/1137/1137 1131/1131/1131 1139/1139/1139
f 1085/1085/1085 1138/1138/1138 1140/1140/1140
f 1065/1065/1065 1085/1085/1085 1140/1140/1140
f 1141/1141/1141 1139/1139/1139 1131/1131/1131
f 1141/1141/1141 1131/1131/1131 1127/1127/1127
f 1139/1139/1139 1142/1142/1142 1137/1137/1137
f 1139/1139/1139 1141/1141/1141 1143/1143/1143
f 1144/1144/1144 1137/1137/1137 1142/1142/1142
f 1137/1137/1137 1144/1144/1144 1135/1135/1135
f 1142/1142/1142 1139/1139/1139 1145/1145/1145
f 1143/1143/1143 1145/1145/1145 1139/1139/1139
f 1146/1146/1146 1143/1143/1143 1141/1141/1141
f 1146/1146/1146 1141/1141/1141 1127/1127/1127
f 1145/1145/1145 1143/1143/1143 1147/1147/1147
f 1143/1143/1143 1146/1146/1146 1148/1148/1148
f 1148/1148/1148 1147/1147/1147 1143/1143/1143
f 1149/1149/1149 1146/1146/1146 1127/1127/1127
f 1149/1149/1149 1148/1148/1148 1146/1146/1146
f 1145/1145/1145 1150/1150/1150 1142/1142/1142
f 1148/1148/1148 1149/1149/1149 1151/1151/1151
f 1152/1152/1152 1142/1142/1142 1150/1150/1150
f 1142/1142/1142 1152/1152/1152 1144/1144/1144
f 1150/1150/1150 1145/1145/1145 1153/1153/1153
f 1147/1147/1147 1153/1153/1153 1145/1145/1145
f 1154/1154/1154 1149/1149/1149 1127/1127/1127
f 1154/1154/1154 1151/1151/1151 1149/1149/1149
f 1147/1147/1147 1148/1148/1148 1155/1155/1155
f 1151/1151/1151 1155/1155/1155 1148/1148/1148
f 1153/1153/1153 1147/1147/1147 1156/1156/1156
f 1155/1155/1155 1156/1156/1156 1147/1147/1147
f 1157/1157/1157 1154/1154/1154 1127/1127/1127
f 1151/1151/1151 1154/1154/1154 1158/1158/1158
f 1157/1157/1157 1158/1158/1158 1154/1154/1154
f 1155/1155/1155 1151/1151/1151 1159/1159/1159
f 1158/1158/1158 1159/1159/1159 1151/1151/1151
f 1127/1127/1127 1160/1160/1160 1157/1157/1157
f 1160/1160/1160 1127/1127/1127 1058/1058/1058
f 1158/1158/1158 1157/1157/1157 1161/1161/1161
f 1161/1161/1161 1157/1157/1157 1160/1160/1160
f 1159/1159/1159 1158/1158/1158 1162/1162/1162
f 1161/1161/1161 1162/1162/1162 1158/1158/1158
f 1159/1159/1159 1163/1163/1163 1155/1155/1155
f 1156/1156/1156 1155/1155/1155 1163/1163/1163
f 1162/1162/1162 1164/1164/1164 1159/1159/1159
f 1163/1163/1163 1159/1159/1159 1164/1164/1164
f 1162/1162/1162 1161/1161/1161 1165/1165/1165
f 1160/1160/1160 1166/1166/1166 1161/1161/1161
f 1165/1165/1165 1161/1161/1161 1166/1166/1166
f 1058/1058/1058 1167/1167/1167 1160/1160/1160
f 1166/1166/1166 1160/1160/1160 1167/1167/1167
f 1165/1165/1165 1168/1168/1168 1162/1162/1162
f 1164/1164/1164 1162/1162/1162 1168/1168/1168
f 1169/1169/1169 1167/1167/1167 1058/1058/1058
f 1054/1054/1054 1169/1169/1169 1058/1058/1058
f 1167/1167/1167 1170/1170/1170 1166/1166/1166
f 1169/1169/1169 1171/1171/1171 1167/1167/1167
f 1171/1171/1171 1170/1170/1170 1167/1167/1167
f 1172/1172/1172 1169/1169/1169 1054/1054/1054
f 1171/1171/1171 1169/1169/1169 1172/1172/1172
f 1054/1054/1054 1056/1056/1056 1172/1172/1172
f 1062/1062/1062 1172/1172/1172 1056/1056/1056
f 1166/1166/1166 1173/1173/1173 1165/1165/1165
f 1173/1173/1173 1166/1166/1166 1170/1170/1170
f 1168/1168/1168 1165/1165/1165 1174/1174/1174
f 1174/1174/1174 1165/1165/1165 1173/1173/1173
f 1171/1171/1171 1175/1175/1175 1170/1170/1170
f 1170/1170/1170 1176/1176/1176 1173/1173/1173
f 1175/1175/1175 1176/1176/1176 1170/1170/1170
f 1173/1173/1173 1177/1177/1177 1174/1174/1174
f 1177/1177/1177 1173/1173/1173 1176/1176/1176
f 1175/1175/1175 1171/1171/1171 1178/1178/1178
f 1172/1172/1172 1178/1178/1178 1171/1171/1171
f 1175/1175/1175 1179/1179/1179 1176/1176/1176
f 1178/1178/1178 1180/1180/1180 1175/1175/1175
f 1179/1179/1179 1175/1175/1175 1180/1180/1180
f 1176/1176/1176 1181/1181/1181 1177/1177/1177
f 1179/1179/1179 1181/1181/1181 1176/1176/1176
f 1182/1182/1182 1174/1174/1174 1177/1177/1177
f 1183/1183/1183 1177/1177/1177 1181/1181/1181
f 1177/1177/1177 1183/1183/1183 1182/1182/1182
f 1174/1174/1174 1184/1184/1184 1168/1168/1168
f 1184/1184/1184 1174/1174/1174 1182/1182/1182
f 1185/1185/1185 1168/1168/1168 1184/1184/1184
f 1168/1168/1168 1185/1185/1185 1164/1164/1164
f 1182/1182/1182 1186/1186/1186 1184/1184/1184
f 1187/1187/1187 1164/1164/1164 1185/1185/1185
f 1164/1164/1164 1187/1187/1187 1163/1163/1163
f 1184/1184/1184 1188/1188/1188 1185/1185/1185
f 1188/1188/1188 1184/1184/1184 1186/1186/1186
f 1185/1185/1185 1189/1189/1189 1187/1187/1187
f 1189/1189/1189 1185/1185/1185 1188/1188/1188
f 1190/1190/1190 1163/1163/1163 1187/1187/1187
f 1163/1163/1163 1190/1190/1190 1156/1156/1156
f 1191/1191/1191 1187/1187/1187 1189/1189/1189
f 1187/1187/1187 1191/1191/1191 1190/1190/1190
f 1192/1192/1192 1156/1156/1156 1190/1190/1190
f 1156/1156/1156 1192/1192/1192 1153/1153/1153
f 1193/1193/1193 1190/1190/1190 1191/1191/1191
f 1190/1190/1190 1193/1193/1193 1192/1192/1192
f 1194/1194/1194 1153/1153/1153 1192/1192/1192
f 1153/1153/1153 1194/1194/1194 1150/1150/1150
f 1195/1195/1195 1192/1192/1192 1193/1193/1193
f 1192/1192/1192 1195/1195/1195 1194/1194/1194
f 1196/1196/1196 1150/1150/1150 1194/1194/1194
f 1150/1150/1150 1196/1196/1196 1152/1152/1152
f 1197/1197/1197 1194/1194/1194 1195/1195/1195
f 1194/1194/1194 1197/1197/1197 1196/1196/1196
f 1198/1198/1198 1195/1195/1195 1193/1193/1193
f 1197/1197/1197 1195/1195/1195 1198/1198/1198
f 1199/1199/1199 1193/1193/1193 1191/1191/1191
f 1193/1193/1193 1199/1199/1199 1198/1198/1198
f 1191/1191/1191 1189/1189/1189 1200/1200/1200
f 1200/1200/1200 1189/1189/1189 1188/1188/1188
f 1191/1191/1191 1201/1201/1201 1199/1199/1199
f 1200/1200/1200 1201/1201/1201 1191/1191/1191
f 1202/1202/1202 1199/1199/1199 1201/1201/1201
f 1198/1198/1198 1199/1199/1199 1202/1202/1202
f 1203/1203/1203 1201/1201/1201 1200/1200/1200
f 1201/1201/1201 1203/1203/1203 1202/1202/1202
f 1188/1188/1188 1204/1204/1204 1200/1200/1200
f 1200/1200/1200 1205/1205/1205 1203/1203/1203
f 1205/1205/1205 1200/1200/1200 1204/1204/1204
f 1206/1206/1206 1202/1202/1202 1203/1203/1203
f 1207/1207/1207 1204/1204/1204 1188/1188/1188
f 1188/1188/1188 1186/1186/1186 1207/1207/1207
f 1208/1208/1208 1203/1203/1203 1205/1205/1205
f 1203/1203/1203 1208/1208/1208 1206/1206/1206
f 1204/1204/1204 1209/1209/1209 1205/1205/1205
f 1210/1210/1210 1202/1202/1202 1206/1206/1206
f 1202/1202/1202 1210/1210/1210 1198/1198/1198
f 1205/1205/1205 1211/1211/1211 1208/1208/1208
f 1211/1211/1211 1205/1205/1205 1209/1209/1209
f 1212/1212/1212 1206/1206/1206 1208/1208/1208
f 1213/1213/1213 1209/1209/1209 1204/1204/1204
f 1204/1204/1204 1207/1207/1207 1213/1213/1213
f 1214/1214/1214 1208/1208/1208 1211/1211/1211
f 1208/1208/1208 1214/1214/1214 1212/1212/1212
f 1209/1209/1209 1215/1215/1215 1211/1211/1211
f 1216/1216/1216 1206/1206/1206 1212/1212/1212
f 1206/1206/1206 1216/1216/1216 1210/1210/1210
f 1211/1211/1211 1217/1217/1217 1214/1214/1214
f 1217/1217/1217 1211/1211/1211 1215/1215/1215
f 1209/1209/1209 1213/1213/1213 1218/1218/1218
f 1218/1218/1218 1215/1215/1215 1209/1209/1209
f 1219/1219/1219 1214/1214/1214 1217/1217/1217
f 1215/1215/1215 1220/1220/1220 1217/1217/1217
f 1214/1214/1214 1219/1219/1219 1221/1221/1221
f 1221/1221/1221 1212/1212/1212 1214/1214/1214
f 1217/1217/1217 1222/1222/1222 1219/1219/1219
f 1222/1222/1222 1217/1217/1217 1220/1220/1220
f 1223/1223/1223 1220/1220/1220 1215/1215/1215
f 1215/1215/1215 1218/1218/1218 1223/1223/1223
f 1220/1220/1220 1224/1224/1224 1222/1222/1222
f 1224/1224/1224 1220/1220/1220 1223/1223/1223
f 1219/1219/1219 1222/1222/1222 1225/1225/1225
f 1226/1226/1226 1223/1223/1223 1218/1218/1218
f 1222/1222/1222 1224/1224/1224 1227/1227/1227
f 1227/1227/1227 1225/1225/1225 1222/1222/1222
f 1223/1223/1223 1228/1228/1228 1224/1224/1224
f 1228/1228/1228 1223/1223/1223 1226/1226/1226
f 1229/1229/1229 1227/1227/1227 1224/1224/1224
f 1224/1224/1224 1228/1228/1228 1229/1229/1229
f 1218/1218/1218 1230/1230/1230 1226/1226/1226
f 1230/1230/1230 1218/1218/1218 1213/1213/1213
f 1226/1226/1226 1231/1231/1231 1228/1228/1228
f 1213/1213/1213 1232/1232/1232 1230/1230/1230
f 1232/1232/1232 1213/1213/1213 1207/1207/1207
f 1233/1233/1233 1226/1226/1226 1230/1230/1230
f 1231/1231/1231 1226/1226/1226 1233/1233/1233
f 1234/1234/1234 1230/1230/1230 1232/1232/1232
f 1230/1230/1230 1234/1234/1234 1233/1233/1233
f 1207/1207/1207 1235/1235/1235 1232/1232/1232
f 1228/1228/1228 1231/1231/1231 1236/1236/1236
f 1236/1236/1236 1229/1229/1229 1228/1228/1228
f 1237/1237/1237 1232/1232/1232 1235/1235/1235
f 1232/1232/1232 1237/1237/1237 1234/1234/1234
f 1238/1238/1238 1235/1235/1235 1207/1207/1207
f 1207/1207/1207 1186/1186/1186 1238/1238/1238
f 1186/1186/1186 1182/1182/1182 1238/1238/1238
f 1238/1238/1238 1182/1182/1182 1183/1183/1183
f 1239/1239/1239 1235/1235/1235 1238/1238/1238
f 1235/1235/1235 1239/1239/1239 1237/1237/1237
f 1183/1183/1183 1240/1240/1240 1238/1238/1238
f 1238/1238/1238 1240/1240/1240 1239/1239/1239
f 1240/1240/1240 1183/1183/1183 1241/1241/1241
f 1181/1181/1181 1241/1241/1241 1183/1183/1183
f 1242/1242/1242 1239/1239/1239 1240/1240/1240
f 1243/1243/1243 1241/1241/1241 1181/1181/1181
f 1179/1179/1179 1243/1243/1243 1181/1181/1181
f 1241/1241/1241 1244/1244/1244 1240/1240/1240
f 1240/1240/1240 1244/1244/1244 1242/1242/1242
f 1243/1243/1243 1245/1245/1245 1241/1241/1241
f 1245/1245/1245 1244/1244/1244 1241/1241/1241
f 1243/1243/1243 1179/1179/1179 1246/1246/1246
f 1180/1180/1180 1246/1246/1246 1179/1179/1179
f 1245/1245/1245 1243/1243/1243 1247/1247/1247
f 1246/1246/1246 1247/1247/1247 1243/1243/1243
f 1245/1245/1245 1248/1248/1248 1244/1244/1244
f 1248/1248/1248 1242/1242/1242 1244/1244/1244
f 1247/1247/1247 1249/1249/1249 1245/1245/1245
f 1248/1248/1248 1245/1245/1245 1249/1249/1249
f 1239/1239/1239 1242/1242/1242 1250/1250/1250
f 1250/1250/1250 1237/1237/1237 1239/1239/1239
f 1248/1248/1248 1251/1251/1251 1242/1242/1242
f 1251/1251/1251 1250/1250/1250 1242/1242/1242
f 1249/1249/1249 1252/1252/1252 1248/1248/1248
f 1251/1251/1251 1248/1248/1248 1252/1252/1252
f 1237/1237/1237 1250/1250/1250 1253/1253/1253
f 1253/1253/1253 1234/1234/1234 1237/1237/1237
f 1251/1251/1251 1254/1254/1254 1250/1250/1250
f 1254/1254/1254 1253/1253/1253 1250/1250/1250
f 1234/1234/1234 1253/1253/1253 1255/1255/1255
f 1255/1255/1255 1233/1233/1233 1234/1234/1234
f 1254/1254/1254 1256/1256/1256 1253/1253/1253
f 1256/1256/1256 1255/1255/1255 1253/1253/1253
f 1257/1257/1257 1254/1254/1254 1251/1251/1251
f 1258/1258/1258 1233/1233/1233 1255/1255/1255
f 1233/1233/1233 1258/1258/1258 1231/1231/1231
f 1251/1251/1251 1259/1259/1259 1257/1257/1257
f 1252/1252/1252 1259/1259/1259 1251/1251/1251
f 1231/1231/1231 1258/1258/1258 1260/1260/1260
f 1260/1260/1260 1236/1236/1236 1231/1231/1231
f 1261/1261/1261 1259/1259/1259 1252/1252/1252
f 1236/1236/1236 1260/1260/1260 1262/1262/1262
f 1252/1252/1252 1263/1263/1263 1261/1261/1261
f 1263/1263/1263 1252/1252/1252 1249/1249/1249
f 1259/1259/1259 1261/1261/1261 1264/1264/1264
f 1264/1264/1264 1257/1257/1257 1259/1259/1259
f 1249/1249/1249 1265/1265/1265 1263/1263/1263
f 1265/1265/1265 1249/1249/1249 1247/1247/1247
f 1254/1254/1254 1257/1257/1257 1266/1266/1266
f 1266/1266/1266 1256/1256/1256 1254/1254/1254
f 1247/1247/1247 1267/1267/1267 1265/1265/1265
f 1267/1267/1267 1247/1247/1247 1246/1246/1246
f 1268/1268/1268 1266/1266/1266 1257/1257/1257
f 1257/1257/1257 1264/1264/1264 1268/1268/1268
f 1246/1246/1246 1269/1269/1269 1267/1267/1267
f 1269/1269/1269 1246/1246/1246 1180/1180/1180
f 1270/1270/1270 1265/1265/1265 1267/1267/1267
f 1180/1180/1180 1271/1271/1271 1269/1269/1269
f 1271/1271/1271 1180/1180/1180 1178/1178/1178
f 1272/1272/1272 1267/1267/1267 1269/1269/1269
f 1267/1267/1267 1272/1272/1272 1270/1270/1270
f 1178/1178/1178 1273/1273/1273 1271/1271/1271
f 1274/1274/1274 1269/1269/1269 1271/1271/1271
f 1271/1271/1271 1273/1273/1273 1274/1274/1274
f 1269/1269/1269 1274/1274/1274 1272/1272/1272
f 1273/1273/1273 1178/1178/1178 1172/1172/1172
f 1275/1275/1275 1274/1274/1274 1273/1273/1273
f 1172/1172/1172 1275/1275/1275 1273/1273/1273
f 1276/1276/1276 1272/1272/1272 1274/1274/1274
f 1274/1274/1274 1275/1275/1275 1276/1276/1276
f 1277/1277/1277 1270/1270/1270 1272/1272/1272
f 1272/1272/1272 1276/1276/1276 1277/1277/1277
f 1278/1278/1278 1276/1276/1276 1275/1275/1275
f 1172/1172/1172 1278/1278/1278 1275/1275/1275
f 1279/1279/1279 1277/1277/1277 1276/1276/1276
f 1276/1276/1276 1278/1278/1278 1279/1279/1279
f 1172/1172/1172 1280/1280/1280 1278/1278/1278
f 1280/1280/1280 1279/1279/1279 1278/1278/1278
f 1172/1172/1172 1281/1281/1281 1280/1280/1280
f 1172/1172/1172 1062/1062/1062 1281/1281/1281
f 1062/1062/1062 1071/1071/1071 1281/1281/1281
f 1279/1279/1279 1280/1280/1280 1282/1282/1282
f 1281/1281/1281 1282/1282/1282 1280/1280/1280
f 1277/1277/1277 1279/1279/1279 1283/1283/1283
f 1282/1282/1282 1283/1283/1283 1279/1279/1279
f 1071/1071/1071 1284/1284/1284 1281/1281/1281
f 1282/1282/1282 1281/1281/1281 1284/1284/1284
f 1283/1283/1283 1285/1285/1285 1277/1277/1277
f 1270/1270/1270 1277/1277/1277 1285/1285/1285
f 1283/1283/1283 1282/1282/1282 1286/1286/1286
f 1284/1284/1284 1286/1286/1286 1282/1282/1282
f 1285/1285/1285 1283/1283/1283 1287/1287/1287
f 1286/1286/1286 1287/1287/1287 1283/1283/1283
f 1285/1285/1285 1288/1288/1288 1270/1270/1270
f 1265/1265/1265 1270/1270/1270 1288/1288/1288
f 1288/1288/1288 1263/1263/1263 1265/1265/1265
f 1287/1287/1287 1289/1289/1289 1285/1285/1285
f 1288/1288/1288 1285/1285/1285 1289/1289/1289
f 1263/1263/1263 1288/1288/1288 1290/1290/1290
f 1289/1289/1289 1290/1290/1290 1288/1288/1288
f 1261/1261/1261 1263/1263/1263 1290/1290/1290
f 1289/1289/1289 1287/1287/1287 1291/1291/1291
f 1290/1290/1290 1292/1292/1292 1261/1261/1261
f 1264/1264/1264 1261/1261/1261 1292/1292/1292
f 1290/1290/1290 1289/1289/1289 1293/1293/1293
f 1291/1291/1291 1293/1293/1293 1289/1289/1289
f 1292/1292/1292 1294/1294/1294 1264/1264/1264
f 1268/1268/1268 1264/1264/1264 1294/1294/1294
f 1295/1295/1295 1292/1292/1292 1290/1290/1290
f 1290/1290/1290 1293/1293/1293 1295/1295/1295
f 1294/1294/1294 1292/1292/1292 1295/1295/1295
f 1293/1293/1293 1291/1291/1291 1296/1296/1296
f 1295/1295/1295 1293/1293/1293 1296/1296/1296
f 1297/1297/1297 1291/1291/1291 1287/1287/1287
f 1287/1287/1287 1286/1286/1286 1297/1297/1297
f 1298/1298/1298 1296/1296/1296 1291/1291/1291
f 1291/1291/1291 1297/1297/1297 1298/1298/1298
f 1299/1299/1299 1297/1297/1297 1286/1286/1286
f 1286/1286/1286 1284/1284/1284 1299/1299/1299
f 1300/1300/1300 1298/1298/1298 1297/1297/1297
f 1297/1297/1297 1299/1299/1299 1300/1300/1300
f 1301/1301/1301 1299/1299/1299 1284/1284/1284
f 1284/1284/1284 1071/1071/1071 1301/1301/1301
f 1068/1068/1068 1301/1301/1301 1071/1071/1071
f 1302/1302/1302 1300/1300/1300 1299/1299/1299
f 1299/1299/1299 1301/1301/1301 1302/1302/1302
f 1301/1301/1301 1068/1068/1068 1303/1303/1303
f 1303/1303/1303 1302/1302/1302 1301/1301/1301
f 1304/1304/1304 1303/1303/1303 1068/1068/1068
f 1066/1066/1066 1304/1304/1304 1068/1068/1068
f 1302/1302/1302 1303/1303/1303 1305/1305/1305
f 1306/1306/1306 1304/1304/1304 1066/1066/1066
f 1303/1303/1303 1304/1304/1304 1307/1307/1307
f 1306/1306/1306 1307/1307/1307 1304/1304/1304
f 1307/1307/1307 1305/1305/1305 1303/1303/1303
f 1066/1066/1066 1065/1065/1065 1306/1306/1306
f 1305/1305/1305 1308/1308/1308 1302/1302/1302
f 1300/1300/1300 1302/1302/1302 1308/1308/1308
f 1305/1305/1305 1307/1307/1307 1309/1309/1309
f 1308/1308/1308 1310/1310/1310 1300/1300/1300
f 1298/1298/1298 1300/1300/1300 1310/1310/1310
f 1308/1308/1308 1305/1305/1305 1311/1311/1311
f 1309/1309/1309 1311/1311/1311 1305/1305/1305
f 1310/1310/1310 1312/1312/1312 1298/1298/1298
f 1296/1296/1296 1298/1298/1298 1312/1312/1312
f 1310/1310/1310 1308/1308/1308 1313/1313/1313
f 1311/1311/1311 1313/1313/1313 1308/1308/1308
f 1312/1312/1312 1310/1310/1310 1314/1314/1314
f 1313/1313/1313 1314/1314/1314 1310/1310/1310
f 1296/1296/1296 1312/1312/1312 1315/1315/1315
f 1315/1315/1315 1312/1312/1312 1314/1314/1314
f 1315/1315/1315 1316/1316/1316 1296/1296/1296
f 1296/1296/1296 1316/1316/1316 1295/1295/1295
f 1314/1314/1314 1313/1313/1313 1317/1317/1317
f 1295/1295/1295 1316/1316/1316 1318/1318/1318
f 1319/1319/1319 1317/1317/1317 1313/1313/1313
f 1313/1313/1313 1311/1311/1311 1319/1319/1319
f 1316/1316/1316 1315/1315/1315 1320/1320/1320
f 1320/1320/1320 1318/1318/1318 1316/1316/1316
f 1321/1321/1321 1315/1315/1315 1314/1314/1314
f 1314/1314/1314 1317/1317/1317 1321/1321/1321
f 1320/1320/1320 1315/1315/1315 1321/1321/1321
f 1317/1317/1317 1319/1319/1319 1322/1322/1322
f 1321/1321/1321 1317/1317/1317 1322/1322/1322
f 1323/1323/1323 1319/1319/1319 1311/1311/1311
f 1311/1311/1311 1309/1309/1309 1323/1323/1323
f 1324/1324/1324 1322/1322/1322 1319/1319/1319
f 1319/1319/1319 1323/1323/1323 1324/1324/1324
f 1325/1325/1325 1309/1309/1309 1307/1307/1307
f 1307/1307/1307 1306/1306/1306 1325/1325/1325
f 1326/1326/1326 1323/1323/1323 1309/1309/1309
f 1309/1309/1309 1325/1325/1325 1326/1326/1326
f 1327/1327/1327 1325/1325/1325 1306/1306/1306
f 1065/1065/1065 1327/1327/1327 1306/1306/1306
f 1328/1328/1328 1326/1326/1326 1325/1325/1325
f 1325/1325/1325 1327/1327/1327 1328/1328/1328
f 1323/1323/1323 1326/1326/1326 1329/1329/1329
f 1329/1329/1329 1324/1324/1324 1323/1323/1323
f 1065/1065/1065 1330/1330/1330 1327/1327/1327
f 1330/1330/1330 1328/1328/1328 1327/1327/1327
f 1065/1065/1065 1331/1331/1331 1330/1330/1330
f 1065/1065/1065 1140/1140/1140 1331/1331/1331
f 1328/1328/1328 1330/1330/1330 1332/1332/1332
f 1331/1331/1331 1332/1332/1332 1330/1330/1330
f 1326/1326/1326 1328/1328/1328 1333/1333/1333
f 1332/1332/1332 1333/1333/1333 1328/1328/1328
f 1333/1333/1333 1329/1329/1329 1326/1326/1326
f 1140/1140/1140 1334/1334/1334 1331/1331/1331
f 1332/1332/1332 1331/1331/1331 1334/1334/1334
f 1334/1334/1334 1140/1140/1140 1138/1138/1138
f 1333/1333/1333 1332/1332/1332 1335/1335/1335
f 1334/1334/1334 1335/1335/1335 1332/1332/1332
f 1329/1329/1329 1333/1333/1333 1336/1336/1336
f 1335/1335/1335 1336/1336/1336 1333/1333/1333
f 1138/1138/1138 1337/1337/1337 1334/1334/1334
f 1335/1335/1335 1334/1334/1334 1337/1337/1337
f 1336/1336/1336 1338/1338/1338 1329/1329/1329
f 1324/1324/1324 1329/1329/1329 1338/1338/1338
f 1336/1336/1336 1335/1335/1335 1339/1339/1339
f 1337/1337/1337 1339/1339/1339 1335/1335/1335
f 1338/1338/1338 1340/1340/1340 1324/1324/1324
f 1322/1322/1322 1324/1324/1324 1340/1340/1340
f 1338/1338/1338 1336/1336/1336 1341/1341/1341
f 1339/1339/1339 1341/1341/1341 1336/1336/1336
f 1340/1340/1340 1338/1338/1338 1342/1342/1342
f 1341/1341/1341 1342/1342/1342 1338/1338/1338
f 1322/1322/1322 1340/1340/1340 1343/1343/1343
f 1343/1343/1343 1340/1340/1340 1342/1342/1342
f 1337/1337/1337 1138/1138/1138 1344/1344/1344
f 1136/1136/1136 1344/1344/1344 1138/1138/1138
f 1339/1339/1339 1337/1337/1337 1345/1345/1345
f 1344/1344/1344 1345/1345/1345 1337/1337/1337
f 1341/1341/1341 1339/1339/1339 1346/1346/1346
f 1345/1345/1345 1346/1346/1346 1339/1339/1339
f 1342/1342/1342 1341/1341/1341 1347/1347/1347
f 1346/1346/1346 1347/1347/1347 1341/1341/1341
f 1344/1344/1344 1136/1136/1136 1348/1348/1348
f 1134/1134/1134 1348/1348/1348 1136/1136/1136
f 1345/1345/1345 1344/1344/1344 1349/1349/1349
f 1348/1348/1348 1349/1349/1349 1344/1344/1344
f 1346/1346/1346 1345/1345/1345 1350/1350/1350
f 1349/1349/1349 1350/1350/1350 1345/1345/1345
f 1347/1347/1347 1346/1346/1346 1351/1351/1351
f 1350/1350/1350 1351/1351/1351 1346/1346/1346
f 1342/1342/1342 1347/1347/1347 1352/1352/1352
f 1352/1352/1352 1347/1347/1347 1351/1351/1351
f 1342/1342/1342 1352/1352/1352 1343/1343/1343
f 1351/1351/1351 1350/1350/1350 1353/1353/1353
f 1350/1350/1350 1349/1349/1349 1354/1354/1354
f 1354/1354/1354 1353/1353/1353 1350/1350/1350
f 1349/1349/1349 1348/1348/1348 1355/1355/1355
f 1355/1355/1355 1354/1354/1354 1349/1349/1349
f 1356/1356/1356 1351/1351/1351 1353/1353/1353
f 1351/1351/1351 1356/1356/1356 1352/1352/1352
f 1353/1353/1353 1354/1354/1354 1357/1357/1357
f 1358/1358/1358 1355/1355/1355 1348/1348/1348
f 1134/1134/1134 1358/1358/1358 1348/1348/1348
f 1354/1354/1354 1355/1355/1355 1359/1359/1359
f 1359/1359/1359 1357/1357/1357 1354/1354/1354
f 1358/1358/1358 1360/1360/1360 1355/1355/1355
f 1360/1360/1360 1359/1359/1359 1355/1355/1355
f 1358/1358/1358 1134/1134/1134 1361/1361/1361
f 1132/1132/1132 1361/1361/1361 1134/1134/1134
f 1360/1360/1360 1358/1358/1358 1362/1362/1362
f 1361/1361/1361 1362/1362/1362 1358/1358/1358
f 1363/1363/1363 1361/1361/1361 1132/1132/1132
f 1132/1132/1132 1130/1130/1130 1363/1363/1363
f 1364/1364/1364 1362/1362/1362 1361/1361/1361
f 1361/1361/1361 1363/1363/1363 1364/1364/1364
f 1365/1365/1365 1363/1363/1363 1130/1130/1130
f 1130/1130/1130 1126/1126/1126 1365/1365/1365
f 1366/1366/1366 1364/1364/1364 1363/1363/1363
f 1363/1363/1363 1365/1365/1365 1366/1366/1366
f 1362/1362/1362 1364/1364/1364 1367/1367/1367
f 1368/1368/1368 1365/1365/1365 1126/1126/1126
f 1364/1364/1364 1366/1366/1366 1369/1369/1369
f 1369/1369/1369 1367/1367/1367 1364/1364/1364
f 1370/1370/1370 1366/1366/1366 1365/1365/1365
f 1368/1368/1368 1370/1370/1370 1365/1365/1365
f 1371/1371/1371 1369/1369/1369 1366/1366/1366
f 1370/1370/1370 1371/1371/1371 1366/1366/1366
f 1372/1372/1372 1368/1368/1368 1126/1126/1126
f 1372/1372/1372 1126/1126/1126 1124/1124/1124
f 1373/1373/1373 1370/1370/1370 1368/1368/1368
f 1368/1368/1368 1372/1372/1372 1373/1373/1373
f 1374/1374/1374 1371/1371/1371 1370/1370/1370
f 1370/1370/1370 1373/1373/1373 1374/1374/1374
f 1375/1375/1375 1373/1373/1373 1372/1372/1372
f 1375/1375/1375 1372/1372/1372 1124/1124/1124
f 1376/1376/1376 1374/1374/1374 1373/1373/1373
f 1373/1373/1373 1375/1375/1375 1376/1376/1376
f 1371/1371/1371 1374/1374/1374 1377/1377/1377
f 1378/1378/1378 1376/1376/1376 1375/1375/1375
f 1378/1378/1378 1375/1375/1375 1124/1124/1124
f 1374/1374/1374 1376/1376/1376 1379/1379/1379
f 1379/1379/1379 1377/1377/1377 1374/1374/1374
f 1376/1376/1376 1378/1378/1378 1380/1380/1380
f 1380/1380/1380 1379/1379/1379 1376/1376/1376
f 1381/1381/1381 1378/1378/1378 1124/1124/1124
f 1381/1381/1381 1380/1380/1380 1378/1378/1378
f 1377/1377/1377 1382/1382/1382 1371/1371/1371
f 1371/1371/1371 1382/1382/1382 1369/1369/1369
f 1124/1124/1124 1383/1383/1383 1381/1381/1381
f 1382/1382/1382 1384/1384/1384 1369/1369/1369
f 1367/1367/1367 1369/1369/1369 1384/1384/1384
f 1380/1380/1380 1381/1381/1381 1385/1385/1385
f 1383/1383/1383 1385/1385/1385 1381/1381/1381
f 1379/1379/1379 1380/1380/1380 1386/1386/1386
f 1385/1385/1385 1386/1386/1386 1380/1380/1380
f 1124/1124/1124 1387/1387/1387 1383/1383/1383
f 1133/1133/1133 1387/1387/1387 1124/1124/1124
f 1385/1385/1385 1383/1383/1383 1388/1388/1388
f 1387/1387/1387 1388/1388/1388 1383/1383/1383
f 1133/1133/1133 1389/1389/1389 1387/1387/1387
f 1388/1388/1388 1387/1387/1387 1389/1389/1389
f 1389/1389/1389 1133/1133/1133 1135/1135/1135
f 1388/1388/1388 1390/1390/1390 1385/1385/1385
f 1386/1386/1386 1385/1385/1385 1390/1390/1390
f 1389/1389/1389 1391/1391/1391 1388/1388/1388
f 1390/1390/1390 1388/1388/1388 1391/1391/1391
f 1135/1135/1135 1392/1392/1392 1389/1389/1389
f 1391/1391/1391 1389/1389/1389 1392/1392/1392
f 1392/1392/1392 1135/1135/1135 1144/1144/1144
f 1391/1391/1391 1393/1393/1393 1390/1390/1390
f 1144/1144/1144 1394/1394/1394 1392/1392/1392
f 1394/1394/1394 1144/1144/1144 1152/1152/1152
f 1392/1392/1392 1395/1395/1395 1391/1391/1391
f 1395/1395/1395 1392/1392/1392 1394/1394/1394
f 1393/1393/1393 1391/1391/1391 1395/1395/1395
f 1152/1152/1152 1396/1396/1396 1394/1394/1394
f 1396/1396/1396 1152/1152/1152 1196/1196/1196
f 1394/1394/1394 1397/1397/1397 1395/1395/1395
f 1397/1397/1397 1394/1394/1394 1396/1396/1396
f 1395/1395/1395 1398/1398/1398 1393/1393/1393
f 1398/1398/1398 1395/1395/1395 1397/1397/1397
f 1196/1196/1196 1399/1399/1399 1396/1396/1396
f 1399/1399/1399 1196/1196/1196 1197/1197/1197
f 1396/1396/1396 1400/1400/1400 1397/1397/1397
f 1400/1400/1400 1396/1396/1396 1399/1399/1399
f 1397/1397/1397 1401/1401/1401 1398/1398/1398
f 1401/1401/1401 1397/1397/1397 1400/1400/1400
f 1399/1399/1399 1197/1197/1197 1402/1402/1402
f 1198/1198/1198 1402/1402/1402 1197/1197/1197
f 1400/1400/1400 1399/1399/1399 1403/1403/1403
f 1402/1402/1402 1403/1403/1403 1399/1399/1399
f 1401/1401/1401 1400/1400/1400 1404/1404/1404
f 1403/1403/1403 1404/1404/1404 1400/1400/1400
f 1405/1405/1405 1402/1402/1402 1198/1198/1198
f 1198/1198/1198 1210/1210/1210 1405/1405/1405
f 1406/1406/1406 1403/1403/1403 1402/1402/1402
f 1402/1402/1402 1405/1405/1405 1406/1406/1406
f 1407/1407/1407 1404/1404/1404 1403/1403/1403
f 1403/1403/1403 1406/1406/1406 1407/1407/1407
f 1408/1408/1408 1405/1405/1405 1210/1210/1210
f 1210/1210/1210 1216/1216/1216 1408/1408/1408
f 1409/1409/1409 1406/1406/1406 1405/1405/1405
f 1405/1405/1405 1408/1408/1408 1409/1409/1409
f 1410/1410/1410 1407/1407/1407 1406/1406/1406
f 1406/1406/1406 1409/1409/1409 1410/1410/1410
f 1404/1404/1404 1407/1407/1407 1411/1411/1411
f 1404/1404/1404 1411/1411/1411 1401/1401/1401
f 1407/1407/1407 1410/1410/1410 1412/1412/1412
f 1407/1407/1407 1412/1412/1412 1411/1411/1411
f 1413/1413/1413 1410/1410/1410 1409/1409/1409
f 1414/1414/1414 1401/1401/1401 1411/1411/1411
f 1414/1414/1414 1398/1398/1398 1401/1401/1401
f 1415/1415/1415 1409/1409/1409 1408/1408/1408
f 1409/1409/1409 1415/1415/1415 1413/1413/1413
f 1416/1416/1416 1408/1408/1408 1216/1216/1216
f 1408/1408/1408 1416/1416/1416 1415/1415/1415
f 1216/1216/1216 1417/1417/1417 1416/1416/1416
f 1212/1212/1212 1417/1417/1417 1216/1216/1216
f 1418/1418/1418 1415/1415/1415 1416/1416/1416
f 1419/1419/1419 1417/1417/1417 1212/1212/1212
f 1212/1212/1212 1221/1221/1221 1419/1419/1419
f 1420/1420/1420 1416/1416/1416 1417/1417/1417
f 1417/1417/1417 1419/1419/1419 1420/1420/1420
f 1416/1416/1416 1420/1420/1420 1418/1418/1418
f 1419/1419/1419 1221/1221/1221 1421/1421/1421
f 1415/1415/1415 1418/1418/1418 1422/1422/1422
f 1422/1422/1422 1413/1413/1413 1415/1415/1415
f 1420/1420/1420 1419/1419/1419 1423/1423/1423
f 1421/1421/1421 1423/1423/1423 1419/1419/1419
f 1424/1424/1424 1418/1418/1418 1420/1420/1420
f 1425/1425/1425 1421/1421/1421 1221/1221/1221
f 1221/1221/1221 1219/1219/1219 1425/1425/1425
f 1225/1225/1225 1425/1425/1425 1219/1219/1219
f 1423/1423/1423 1426/1426/1426 1420/1420/1420
f 1420/1420/1420 1426/1426/1426 1424/1424/1424
f 1423/1423/1423 1421/1421/1421 1427/1427/1427
f 1418/1418/1418 1424/1424/1424 1428/1428/1428
f 1428/1428/1428 1422/1422/1422 1418/1418/1418
f 1421/1421/1421 1425/1425/1425 1429/1429/1429
f 1429/1429/1429 1427/1427/1427 1421/1421/1421
f 1425/1425/1425 1225/1225/1225 1430/1430/1430
f 1430/1430/1430 1429/1429/1429 1425/1425/1425
f 1427/1427/1427 1431/1431/1431 1423/1423/1423
f 1426/1426/1426 1423/1423/1423 1431/1431/1431
f 1427/1427/1427 1429/1429/1429 1432/1432/1432
f 1433/1433/1433 1430/1430/1430 1225/1225/1225
f 1225/1225/1225 1227/1227/1227 1433/1433/1433
f 1429/1429/1429 1430/1430/1430 1434/1434/1434
f 1434/1434/1434 1432/1432/1432 1429/1429/1429
f 1430/1430/1430 1433/1433/1433 1435/1435/1435
f 1435/1435/1435 1434/1434/1434 1430/1430/1430
f 1436/1436/1436 1433/1433/1433 1227/1227/1227
f 1227/1227/1227 1229/1229/1229 1436/1436/1436
f 1437/1437/1437 1435/1435/1435 1433/1433/1433
f 1433/1433/1433 1436/1436/1436 1437/1437/1437
f 1438/1438/1438 1436/1436/1436 1229/1229/1229
f 1229/1229/1229 1236/1236/1236 1438/1438/1438
f 1262/1262/1262 1438/1438/1438 1236/1236/1236
f 1439/1439/1439 1437/1437/1437 1436/1436/1436
f 1436/1436/1436 1438/1438/1438 1439/1439/1439
f 1438/1438/1438 1262/1262/1262 1440/1440/1440
f 1440/1440/1440 1439/1439/1439 1438/1438/1438
f 1435/1435/1435 1437/1437/1437 1441/1441/1441
f 1437/1437/1437 1439/1439/1439 1442/1442/1442
f 1442/1442/1442 1441/1441/1441 1437/1437/1437
f 1434/1434/1434 1435/1435/1435 1443/1443/1443
f 1441/1441/1441 1443/1443/1443 1435/1435/1435
f 1444/1444/1444 1442/1442/1442 1439/1439/1439
f 1439/1439/1439 1440/1440/1440 1444/1444/1444
f 1443/1443/1443 1445/1445/1445 1434/1434/1434
f 1432/1432/1432 1434/1434/1434 1445/1445/1445
f 1443/1443/1443 1441/1441/1441 1446/1446/1446
f 1445/1445/1445 1443/1443/1443 1447/1447/1447
f 1446/1446/1446 1447/1447/1447 1443/1443/1443
f 1441/1441/1441 1442/1442/1442 1448/1448/1448
f 1448/1448/1448 1446/1446/1446 1441/1441/1441
f 1442/1442/1442 1444/1444/1444 1449/1449/1449
f 1449/1449/1449 1448/1448/1448 1442/1442/1442
f 1445/1445/1445 1450/1450/1450 1432/1432/1432
f 1432/1432/1432 1451/1451/1451 1427/1427/1427
f 1451/1451/1451 1432/1432/1432 1450/1450/1450
f 1431/1431/1431 1427/1427/1427 1451/1451/1451
f 1450/1450/1450 1445/1445/1445 1452/1452/1452
f 1447/1447/1447 1452/1452/1452 1445/1445/1445
f 1450/1450/1450 1453/1453/1453 1451/1451/1451
f 1451/1451/1451 1454/1454/1454 1431/1431/1431
f 1454/1454/1454 1451/1451/1451 1453/1453/1453
f 1452/1452/1452 1455/1455/1455 1450/1450/1450
f 1453/1453/1453 1450/1450/1450 1455/1455/1455
f 1456/1456/1456 1431/1431/1431 1454/1454/1454
f 1431/1431/1431 1456/1456/1456 1426/1426/1426
f 1453/1453/1453 1457/1457/1457 1454/1454/1454
f 1426/1426/1426 1456/1456/1456 1458/1458/1458
f 1458/1458/1458 1424/1424/1424 1426/1426/1426
f 1454/1454/1454 1459/1459/1459 1456/1456/1456
f 1459/1459/1459 1454/1454/1454 1457/1457/1457
f 1460/1460/1460 1458/1458/1458 1456/1456/1456
f 1456/1456/1456 1459/1459/1459 1460/1460/1460
f 1424/1424/1424 1458/1458/1458 1461/1461/1461
f 1461/1461/1461 1428/1428/1428 1424/1424/1424
f 1458/1458/1458 1460/1460/1460 1462/1462/1462
f 1462/1462/1462 1461/1461/1461 1458/1458/1458
f 1463/1463/1463 1460/1460/1460 1459/1459/1459
f 1428/1428/1428 1461/1461/1461 1464/1464/1464
f 1465/1465/1465 1462/1462/1462 1460/1460/1460
f 1460/1460/1460 1463/1463/1463 1465/1465/1465
f 1461/1461/1461 1462/1462/1462 1466/1466/1466
f 1466/1466/1466 1464/1464/1464 1461/1461/1461
f 1462/1462/1462 1465/1465/1465 1467/1467/1467
f 1467/1467/1467 1466/1466/1466 1462/1462/1462
f 1464/1464/1464 1468/1468/1468 1428/1428/1428
f 1422/1422/1422 1428/1428/1428 1468/1468/1468
f 1464/1464/1464 1466/1466/1466 1469/1469/1469
f 1468/1468/1468 1470/1470/1470 1422/1422/1422
f 1471/1471/1471 1469/1469/1469 1466/1466/1466
f 1466/1466/1466 1467/1467/1467 1471/1471/1471
f 1468/1468/1468 1464/1464/1464 1472/1472/1472
f 1469/1469/1469 1472/1472/1472 1464/1464/1464
f 1470/1470/1470 1468/1468/1468 1473/1473/1473
f 1472/1472/1472 1473/1473/1473 1468/1468/1468
f 1422/1422/1422 1470/1470/1470 1474/1474/1474
f 1413/1413/1413 1422/1422/1422 1474/1474/1474
f 1473/1473/1473 1475/1475/1475 1470/1470/1470
f 1474/1474/1474 1470/1470/1470 1475/1475/1475
f 1413/1413/1413 1474/1474/1474 1476/1476/1476
f 1410/1410/1410 1413/1413/1413 1476/1476/1476
f 1410/1410/1410 1476/1476/1476 1412/1412/1412
f 1475/1475/1475 1477/1477/1477 1474/1474/1474
f 1476/1476/1476 1474/1474/1474 1477/1477/1477
f 1412/1412/1412 1476/1476/1476 1478/1478/1478
f 1477/1477/1477 1478/1478/1478 1476/1476/1476
f 1478/1478/1478 1479/1479/1479 1412/1412/1412
f 1411/1411/1411 1412/1412/1412 1479/1479/1479
f 1478/1478/1478 1477/1477/1477 1480/1480/1480
f 1479/1479/1479 1481/1481/1481 1411/1411/1411
f 1411/1411/1411 1481/1481/1481 1414/1414/1414
f 1479/1479/1479 1478/1478/1478 1482/1482/1482
f 1480/1480/1480 1482/1482/1482 1478/1478/1478
f 1481/1481/1481 1479/1479/1479 1483/1483/1483
f 1482/1482/1482 1483/1483/1483 1479/1479/1479
f 1484/1484/1484 1480/1480/1480 1477/1477/1477
f 1477/1477/1477 1475/1475/1475 1484/1484/1484
f 1482/1482/1482 1480/1480/1480 1485/1485/1485
f 1486/1486/1486 1484/1484/1484 1475/1475/1475
f 1475/1475/1475 1473/1473/1473 1486/1486/1486
f 1480/1480/1480 1484/1484/1484 1487/1487/1487
f 1487/1487/1487 1485/1485/1485 1480/1480/1480
f 1484/1484/1484 1486/1486/1486 1488/1488/1488
f 1488/1488/1488 1487/1487/1487 1484/1484/1484
f 1489/1489/1489 1486/1486/1486 1473/1473/1473
f 1473/1473/1473 1472/1472/1472 1489/1489/1489
f 1490/1490/1490 1488/1488/1488 1486/1486/1486
f 1486/1486/1486 1489/1489/1489 1490/1490/1490
f 1491/1491/1491 1489/1489/1489 1472/1472/1472
f 1472/1472/1472 1469/1469/1469 1491/1491/1491
f 1492/1492/1492 1490/1490/1490 1489/1489/1489
f 1489/1489/1489 1491/1491/1491 1492/1492/1492
f 1493/1493/1493 1491/1491/1491 1469/1469/1469
f 1469/1469/1469 1471/1471/1471 1493/1493/1493
f 1494/1494/1494 1492/1492/1492 1491/1491/1491
f 1491/1491/1491 1493/1493/1493 1494/1494/1494
f 1490/1490/1490 1492/1492/1492 1495/1495/1495
f 1496/1496/1496 1493/1493/1493 1471/1471/1471
f 1492/1492/1492 1494/1494/1494 1497/1497/1497
f 1497/1497/1497 1495/1495/1495 1492/1492/1492
f 1498/1498/1498 1494/1494/1494 1493/1493/1493
f 1493/1493/1493 1496/1496/1496 1498/1498/1498
f 1499/1499/1499 1497/1497/1497 1494/1494/1494
f 1494/1494/1494 1498/1498/1498 1499/1499/1499
f 1471/1471/1471 1500/1500/1500 1496/1496/1496
f 1500/1500/1500 1471/1471/1471 1467/1467/1467
f 1496/1496/1496 1501/1501/1501 1498/1498/1498
f 1467/1467/1467 1502/1502/1502 1500/1500/1500
f 1502/1502/1502 1467/1467/1467 1465/1465/1465
f 1500/1500/1500 1503/1503/1503 1496/1496/1496
f 1501/1501/1501 1496/1496/1496 1503/1503/1503
f 1502/1502/1502 1504/1504/1504 1500/1500/1500
f 1503/1503/1503 1500/1500/1500 1504/1504/1504
f 1465/1465/1465 1505/1505/1505 1502/1502/1502
f 1505/1505/1505 1465/1465/1465 1463/1463/1463
f 1504/1504/1504 1502/1502/1502 1506/1506/1506
f 1505/1505/1505 1506/1506/1506 1502/1502/1502
f 1504/1504/1504 1507/1507/1507 1503/1503/1503
f 1463/1463/1463 1508/1508/1508 1505/1505/1505
f 1509/1509/1509 1503/1503/1503 1507/1507/1507
f 1503/1503/1503 1509/1509/1509 1501/1501/1501
f 1507/1507/1507 1504/1504/1504 1510/1510/1510
f 1506/1506/1506 1510/1510/1510 1504/1504/1504
f 1511/1511/1511 1498/1498/1498 1501/1501/1501
f 1498/1498/1498 1511/1511/1511 1499/1499/1499
f 1506/1506/1506 1505/1505/1505 1512/1512/1512
f 1508/1508/1508 1512/1512/1512 1505/1505/1505
f 1510/1510/1510 1506/1506/1506 1513/1513/1513
f 1512/1512/1512 1513/1513/1513 1506/1506/1506
f 1501/1501/1501 1514/1514/1514 1511/1511/1511
f 1514/1514/1514 1501/1501/1501 1509/1509/1509
f 1499/1499/1499 1511/1511/1511 1515/1515/1515
f 1511/1511/1511 1514/1514/1514 1516/1516/1516
f 1516/1516/1516 1515/1515/1515 1511/1511/1511
f 1509/1509/1509 1517/1517/1517 1514/1514/1514
f 1515/1515/1515 1518/1518/1518 1499/1499/1499
f 1497/1497/1497 1499/1499/1499 1518/1518/1518
f 1519/1519/1519 1516/1516/1516 1514/1514/1514
f 1514/1514/1514 1517/1517/1517 1519/1519/1519
f 1518/1518/1518 1520/1520/1520 1497/1497/1497
f 1495/1495/1495 1497/1497/1497 1520/1520/1520
f 1517/1517/1517 1509/1509/1509 1521/1521/1521
f 1507/1507/1507 1521/1521/1521 1509/1509/1509
f 1520/1520/1520 1522/1522/1522 1495/1495/1495
f 1521/1521/1521 1507/1507/1507 1523/1523/1523
f 1510/1510/1510 1523/1523/1523 1507/1507/1507
f 1524/1524/1524 1495/1495/1495 1522/1522/1522
f 1495/1495/1495 1524/1524/1524 1490/1490/1490
f 1488/1488/1488 1490/1490/1490 1524/1524/1524
f 1523/1523/1523 1510/1510/1510 1525/1525/1525
f 1513/1513/1513 1525/1525/1525 1510/1510/1510
f 1524/1524/1524 1526/1526/1526 1488/1488/1488
f 1487/1487/1487 1488/1488/1488 1526/1526/1526
f 1522/1522/1522 1527/1527/1527 1524/1524/1524
f 1526/1526/1526 1524/1524/1524 1527/1527/1527
f 1526/1526/1526 1528/1528/1528 1487/1487/1487
f 1485/1485/1485 1487/1487/1487 1528/1528/1528
f 1527/1527/1527 1529/1529/1529 1526/1526/1526
f 1528/1528/1528 1526/1526/1526 1529/1529/1529
f 1527/1527/1527 1522/1522/1522 1530/1530/1530
f 1529/1529/1529 1527/1527/1527 1531/1531/1531
f 1530/1530/1530 1531/1531/1531 1527/1527/1527
f 1529/1529/1529 1532/1532/1532 1528/1528/1528
f 1533/1533/1533 1530/1530/1530 1522/1522/1522
f 1522/1522/1522 1520/1520/1520 1533/1533/1533
f 1528/1528/1528 1534/1534/1534 1485/1485/1485
f 1534/1534/1534 1528/1528/1528 1532/1532/1532
f 1535/1535/1535 1533/1533/1533 1520/1520/1520
f 1520/1520/1520 1518/1518/1518 1535/1535/1535
f 1532/1532/1532 1529/1529/1529 1536/1536/1536
f 1531/1531/1531 1536/1536/1536 1529/1529/1529
f 1537/1537/1537 1535/1535/1535 1518/1518/1518
f 1518/1518/1518 1515/1515/1515 1537/1537/1537
f 1533/1533/1533 1535/1535/1535 1538/1538/1538
f 1539/1539/1539 1537/1537/1537 1515/1515/1515
f 1515/1515/1515 1516/1516/1516 1539/1539/1539
f 1540/1540/1540 1535/1535/1535 1537/1537/1537
f 1540/1540/1540 1538/1538/1538 1535/1535/1535
f 1541/1541/1541 1537/1537/1537 1539/1539/1539
f 1541/1541/1541 1540/1540/1540 1537/1537/1537
f 1542/1542/1542 1539/1539/1539 1516/1516/1516
f 1516/1516/1516 1519/1519/1519 1542/1542/1542
f 1543/1543/1543 1541/1541/1541 1539/1539/1539
f 1543/1543/1543 1539/1539/1539 1542/1542/1542
f 1544/1544/1544 1540/1540/1540 1541/1541/1541
f 1545/1545/1545 1542/1542/1542 1519/1519/1519
f 1541/1541/1541 1546/1546/1546 1544/1544/1544
f 1546/1546/1546 1541/1541/1541 1543/1543/1543
f 1540/1540/1540 1544/1544/1544 1547/1547/1547
f 1547/1547/1547 1538/1538/1538 1540/1540/1540
f 1548/1548/1548 1543/1543/1543 1542/1542/1542
f 1548/1548/1548 1542/1542/1542 1545/1545/1545
f 1538/1538/1538 1549/1549/1549 1533/1533/1533
f 1530/1530/1530 1533/1533/1533 1549/1549/1549
f 1538/1538/1538 1547/1547/1547 1550/1550/1550
f 1550/1550/1550 1549/1549/1549 1538/1538/1538
f 1549/1549/1549 1551/1551/1551 1530/1530/1530
f 1531/1531/1531 1530/1530/1530 1551/1551/1551
f 1549/1549/1549 1550/1550/1550 1552/1552/1552
f 1552/1552/1552 1551/1551/1551 1549/1549/1549
f 1551/1551/1551 1553/1553/1553 1531/1531/1531
f 1553/1553/1553 1551/1551/1551 1552/1552/1552
f 1536/1536/1536 1531/1531/1531 1553/1553/1553
f 1554/1554/1554 1550/1550/1550 1547/1547/1547
f 1553/1553/1553 1555/1555/1555 1536/1536/1536
f 1556/1556/1556 1552/1552/1552 1550/1550/1550
f 1550/1550/1550 1554/1554/1554 1556/1556/1556
f 1552/1552/1552 1557/1557/1557 1553/1553/1553
f 1547/1547/1547 1558/1558/1558 1554/1554/1554
f 1558/1558/1558 1547/1547/1547 1544/1544/1544
f 1559/1559/1559 1557/1557/1557 1552/1552/1552
f 1552/1552/1552 1556/1556/1556 1559/1559/1559
f 1553/1553/1553 1557/1557/1557 1560/1560/1560
f 1560/1560/1560 1555/1555/1555 1553/1553/1553
f 1557/1557/1557 1559/1559/1559 1561/1561/1561
f 1561/1561/1561 1560/1560/1560 1557/1557/1557
f 1562/1562/1562 1559/1559/1559 1556/1556/1556
f 1563/1563/1563 1536/1536/1536 1555/1555/1555
f 1536/1536/1536 1563/1563/1563 1532/1532/1532
f 1564/1564/1564 1555/1555/1555 1560/1560/1560
f 1555/1555/1555 1564/1564/1564 1563/1563/1563
f 1565/1565/1565 1532/1532/1532 1563/1563/1563
f 1532/1532/1532 1565/1565/1565 1534/1534/1534
f 1560/1560/1560 1566/1566/1566 1564/1564/1564
f 1563/1563/1563 1567/1567/1567 1565/1565/1565
f 1568/1568/1568 1566/1566/1566 1560/1560/1560
f 1560/1560/1560 1561/1561/1561 1568/1568/1568
f 1563/1563/1563 1564/1564/1564 1569/1569/1569
f 1569/1569/1569 1567/1567/1567 1563/1563/1563
f 1564/1564/1564 1566/1566/1566 1570/1570/1570
f 1570/1570/1570 1569/1569/1569 1564/1564/1564
f 1566/1566/1566 1568/1568/1568 1571/1571/1571
f 1571/1571/1571 1570/1570/1570 1566/1566/1566
f 1569/1569/1569 1570/1570/1570 1572/1572/1572
f 1572/1572/1572 1570/1570/1570 1571/1571/1571
f 1567/1567/1567 1569/1569/1569 1573/1573/1573
f 1572/1572/1572 1573/1573/1573 1569/1569/1569
f 1574/1574/1574 1565/1565/1565 1567/1567/1567
f 1534/1534/1534 1565/1565/1565 1574/1574/1574
f 1573/1573/1573 1575/1575/1575 1567/1567/1567
f 1567/1567/1567 1575/1575/1575 1574/1574/1574
f 1573/1573/1573 1572/1572/1572 1576/1576/1576
f 1577/1577/1577 1534/1534/1534 1574/1574/1574
f 1575/1575/1575 1573/1573/1573 1578/1578/1578
f 1576/1576/1576 1578/1578/1578 1573/1573/1573
f 1579/1579/1579 1574/1574/1574 1575/1575/1575
f 1577/1577/1577 1574/1574/1574 1579/1579/1579
f 1578/1578/1578 1580/1580/1580 1575/1575/1575
f 1575/1575/1575 1580/1580/1580 1579/1579/1579
f 1534/1534/1534 1577/1577/1577 1581/1581/1581
f 1581/1581/1581 1485/1485/1485 1534/1534/1534
f 1485/1485/1485 1581/1581/1581 1482/1482/1482
f 1483/1483/1483 1482/1482/1482 1581/1581/1581
f 1582/1582/1582 1581/1581/1581 1577/1577/1577
f 1581/1581/1581 1582/1582/1582 1483/1483/1483
f 1583/1583/1583 1577/1577/1577 1579/1579/1579
f 1577/1577/1577 1583/1583/1583 1582/1582/1582
f 1584/1584/1584 1483/1483/1483 1582/1582/1582
f 1483/1483/1483 1584/1584/1584 1481/1481/1481
f 1585/1585/1585 1582/1582/1582 1583/1583/1583
f 1582/1582/1582 1585/1585/1585 1584/1584/1584
f 1583/1583/1583 1579/1579/1579 1586/1586/1586
f 1586/1586/1586 1579/1579/1579 1580/1580/1580
f 1481/1481/1481 1584/1584/1584 1587/1587/1587
f 1587/1587/1587 1414/1414/1414 1481/1481/1481
f 1588/1588/1588 1583/1583/1583 1586/1586/1586
f 1583/1583/1583 1588/1588/1588 1585/1585/1585
f 1587/1587/1587 1589/1589/1589 1414/1414/1414
f 1398/1398/1398 1414/1414/1414 1589/1589/1589
f 1589/1589/1589 1393/1393/1393 1398/1398/1398
f 1590/1590/1590 1587/1587/1587 1584/1584/1584
f 1584/1584/1584 1585/1585/1585 1590/1590/1590
f 1589/1589/1589 1587/1587/1587 1591/1591/1591
f 1590/1590/1590 1591/1591/1591 1587/1587/1587
f 1393/1393/1393 1589/1589/1589 1592/1592/1592
f 1591/1591/1591 1592/1592/1592 1589/1589/1589
f 1592/1592/1592 1390/1390/1390 1393/1393/1393
f 1390/1390/1390 1592/1592/1592 1386/1386/1386
f 1593/1593/1593 1386/1386/1386 1592/1592/1592
f 1592/1592/1592 1591/1591/1591 1593/1593/1593
f 1386/1386/1386 1593/1593/1593 1379/1379/1379
f 1377/1377/1377 1379/1379/1379 1593/1593/1593
f 1594/1594/1594 1593/1593/1593 1591/1591/1591
f 1593/1593/1593 1594/1594/1594 1377/1377/1377
f 1591/1591/1591 1590/1590/1590 1594/1594/1594
f 1382/1382/1382 1377/1377/1377 1594/1594/1594
f 1595/1595/1595 1590/1590/1590 1585/1585/1585
f 1595/1595/1595 1594/1594/1594 1590/1590/1590
f 1594/1594/1594 1595/1595/1595 1382/1382/1382
f 1585/1585/1585 1588/1588/1588 1595/1595/1595
f 1382/1382/1382 1595/1595/1595 1384/1384/1384
f 1595/1595/1595 1588/1588/1588 1596/1596/1596
f 1595/1595/1595 1596/1596/1596 1384/1384/1384
f 1588/1588/1588 1586/1586/1586 1596/1596/1596
f 1597/1597/1597 1384/1384/1384 1596/1596/1596
f 1384/1384/1384 1597/1597/1597 1367/1367/1367
f 1596/1596/1596 1586/1586/1586 1598/1598/1598
f 1580/1580/1580 1598/1598/1598 1586/1586/1586
f 1596/1596/1596 1599/1599/1599 1597/1597/1597
f 1598/1598/1598 1599/1599/1599 1596/1596/1596
f 1600/1600/1600 1367/1367/1367 1597/1597/1597
f 1367/1367/1367 1600/1600/1600 1362/1362/1362
f 1362/1362/1362 1600/1600/1600 1360/1360/1360
f 1601/1601/1601 1597/1597/1597 1599/1599/1599
f 1597/1597/1597 1601/1601/1601 1600/1600/1600
f 1602/1602/1602 1360/1360/1360 1600/1600/1600
f 1600/1600/1600 1601/1601/1601 1602/1602/1602
f 1360/1360/1360 1602/1602/1602 1359/1359/1359
f 1599/1599/1599 1603/1603/1603 1601/1601/1601
f 1603/1603/1603 1599/1599/1599 1598/1598/1598
f 1604/1604/1604 1602/1602/1602 1601/1601/1601
f 1601/1601/1601 1603/1603/1603 1604/1604/1604
f 1602/1602/1602 1605/1605/1605 1359/1359/1359
f 1602/1602/1602 1604/1604/1604 1605/1605/1605
f 1357/1357/1357 1359/1359/1359 1605/1605/1605
f 1606/1606/1606 1598/1598/1598 1580/1580/1580
f 1598/1598/1598 1606/1606/1606 1603/1603/1603
f 1580/1580/1580 1578/1578/1578 1606/1606/1606
f 1603/1603/1603 1606/1606/1606 1607/1607/1607
f 1607/1607/1607 1606/1606/1606 1578/1578/1578
f 1607/1607/1607 1604/1604/1604 1603/1603/1603
f 1578/1578/1578 1576/1576/1576 1607/1607/1607
f 1604/1604/1604 1608/1608/1608 1605/1605/1605
f 1604/1604/1604 1607/1607/1607 1608/1608/1608
f 1609/1609/1609 1357/1357/1357 1605/1605/1605
f 1605/1605/1605 1608/1608/1608 1609/1609/1609
f 1607/1607/1607 1610/1610/1610 1608/1608/1608
f 1607/1607/1607 1576/1576/1576 1610/1610/1610
f 1609/1609/1609 1608/1608/1608 1610/1610/1610
f 1576/1576/1576 1611/1611/1611 1610/1610/1610
f 1576/1576/1576 1572/1572/1572 1611/1611/1611
f 1572/1572/1572 1571/1571/1571 1611/1611/1611
f 1610/1610/1610 1612/1612/1612 1609/1609/1609
f 1612/1612/1612 1610/1610/1610 1611/1611/1611
f 1357/1357/1357 1609/1609/1609 1613/1613/1613
f 1613/1613/1613 1609/1609/1609 1612/1612/1612
f 1613/1613/1613 1353/1353/1353 1357/1357/1357
f 1353/1353/1353 1613/1613/1613 1356/1356/1356
f 1611/1611/1611 1614/1614/1614 1612/1612/1612
f 1614/1614/1614 1611/1611/1611 1571/1571/1571
f 1612/1612/1612 1615/1615/1615 1613/1613/1613
f 1356/1356/1356 1613/1613/1613 1615/1615/1615
f 1615/1615/1615 1612/1612/1612 1614/1614/1614
f 1615/1615/1615 1616/1616/1616 1356/1356/1356
f 1352/1352/1352 1356/1356/1356 1616/1616/1616
f 1614/1614/1614 1617/1617/1617 1615/1615/1615
f 1616/1616/1616 1615/1615/1615 1617/1617/1617
f 1571/1571/1571 1618/1618/1618 1614/1614/1614
f 1617/1617/1617 1614/1614/1614 1618/1618/1618
f 1618/1618/1618 1571/1571/1571 1568/1568/1568
f 1616/1616/1616 1619/1619/1619 1352/1352/1352
f 1343/1343/1343 1352/1352/1352 1619/1619/1619
f 1568/1568/1568 1620/1620/1620 1618/1618/1618
f 1620/1620/1620 1568/1568/1568 1561/1561/1561
f 1618/1618/1618 1621/1621/1621 1617/1617/1617
f 1621/1621/1621 1618/1618/1618 1620/1620/1620
f 1617/1617/1617 1622/1622/1622 1616/1616/1616
f 1622/1622/1622 1617/1617/1617 1621/1621/1621
f 1619/1619/1619 1616/1616/1616 1622/1622/1622
f 1561/1561/1561 1623/1623/1623 1620/1620/1620
f 1623/1623/1623 1561/1561/1561 1559/1559/1559
f 1559/1559/1559 1562/1562/1562 1623/1623/1623
f 1620/1620/1620 1624/1624/1624 1621/1621/1621
f 1624/1624/1624 1620/1620/1620 1623/1623/1623
f 1621/1621/1621 1625/1625/1625 1622/1622/1622
f 1625/1625/1625 1621/1621/1621 1624/1624/1624
f 1622/1622/1622 1626/1626/1626 1619/1619/1619
f 1626/1626/1626 1622/1622/1622 1625/1625/1625
f 1623/1623/1623 1627/1627/1627 1624/1624/1624
f 1627/1627/1627 1623/1623/1623 1562/1562/1562
f 1624/1624/1624 1628/1628/1628 1625/1625/1625
f 1628/1628/1628 1624/1624/1624 1627/1627/1627
f 1625/1625/1625 1629/1629/1629 1626/1626/1626
f 1629/1629/1629 1625/1625/1625 1628/1628/1628
f 1630/1630/1630 1619/1619/1619 1626/1626/1626
f 1619/1619/1619 1630/1630/1630 1343/1343/1343
f 1631/1631/1631 1626/1626/1626 1629/1629/1629
f 1626/1626/1626 1631/1631/1631 1630/1630/1630
f 1632/1632/1632 1343/1343/1343 1630/1630/1630
f 1343/1343/1343 1632/1632/1632 1322/1322/1322
f 1322/1322/1322 1632/1632/1632 1321/1321/1321
f 1630/1630/1630 1633/1633/1633 1632/1632/1632
f 1321/1321/1321 1632/1632/1632 1633/1633/1633
f 1633/1633/1633 1630/1630/1630 1631/1631/1631
f 1633/1633/1633 1634/1634/1634 1321/1321/1321
f 1321/1321/1321 1634/1634/1634 1320/1320/1320
f 1631/1631/1631 1635/1635/1635 1633/1633/1633
f 1634/1634/1634 1633/1633/1633 1635/1635/1635
f 1629/1629/1629 1636/1636/1636 1631/1631/1631
f 1635/1635/1635 1631/1631/1631 1636/1636/1636
f 1637/1637/1637 1320/1320/1320 1634/1634/1634
f 1318/1318/1318 1320/1320/1320 1637/1637/1637
f 1635/1635/1635 1638/1638/1638 1634/1634/1634
f 1634/1634/1634 1638/1638/1638 1637/1637/1637
f 1636/1636/1636 1639/1639/1639 1635/1635/1635
f 1638/1638/1638 1635/1635/1635 1639/1639/1639
f 1636/1636/1636 1629/1629/1629 1640/1640/1640
f 1628/1628/1628 1640/1640/1640 1629/1629/1629
f 1639/1639/1639 1636/1636/1636 1641/1641/1641
f 1640/1640/1640 1641/1641/1641 1636/1636/1636
f 1639/1639/1639 1642/1642/1642 1638/1638/1638
f 1640/1640/1640 1628/1628/1628 1643/1643/1643
f 1627/1627/1627 1643/1643/1643 1628/1628/1628
f 1641/1641/1641 1640/1640/1640 1644/1644/1644
f 1643/1643/1643 1644/1644/1644 1640/1640/1640
f 1641/1641/1641 1645/1645/1645 1639/1639/1639
f 1642/1642/1642 1639/1639/1639 1645/1645/1645
f 1643/1643/1643 1627/1627/1627 1646/1646/1646
f 1562/1562/1562 1646/1646/1646 1627/1627/1627
f 1644/1644/1644 1643/1643/1643 1647/1647/1647
f 1646/1646/1646 1647/1647/1647 1643/1643/1643
f 1644/1644/1644 1648/1648/1648 1641/1641/1641
f 1645/1645/1645 1641/1641/1641 1648/1648/1648
f 1646/1646/1646 1562/1562/1562 1649/1649/1649
f 1556/1556/1556 1649/1649/1649 1562/1562/1562
f 1649/1649/1649 1556/1556/1556 1554/1554/1554
f 1649/1649/1649 1650/1650/1650 1646/1646/1646
f 1647/1647/1647 1646/1646/1646 1650/1650/1650
f 1554/1554/1554 1651/1651/1651 1649/1649/1649
f 1650/1650/1650 1649/1649/1649 1651/1651/1651
f 1651/1651/1651 1554/1554/1554 1558/1558/1558
f 1647/1647/1647 1652/1652/1652 1644/1644/1644
f 1648/1648/1648 1644/1644/1644 1652/1652/1652
f 1650/1650/1650 1653/1653/1653 1647/1647/1647
f 1652/1652/1652 1647/1647/1647 1653/1653/1653
f 1651/1651/1651 1654/1654/1654 1650/1650/1650
f 1653/1653/1653 1650/1650/1650 1654/1654/1654
f 1558/1558/1558 1655/1655/1655 1651/1651/1651
f 1654/1654/1654 1651/1651/1651 1655/1655/1655
f 1653/1653/1653 1656/1656/1656 1652/1652/1652
f 1654/1654/1654 1657/1657/1657 1653/1653/1653
f 1656/1656/1656 1653/1653/1653 1657/1657/1657
f 1655/1655/1655 1658/1658/1658 1654/1654/1654
f 1657/1657/1657 1654/1654/1654 1658/1658/1658
f 1659/1659/1659 1652/1652/1652 1656/1656/1656
f 1652/1652/1652 1659/1659/1659 1648/1648/1648
f 1657/1657/1657 1660/1660/1660 1656/1656/1656
f 1661/1661/1661 1648/1648/1648 1659/1659/1659
f 1648/1648/1648 1661/1661/1661 1645/1645/1645
f 1656/1656/1656 1662/1662/1662 1659/1659/1659
f 1662/1662/1662 1656/1656/1656 1660/1660/1660
f 1659/1659/1659 1663/1663/1663 1661/1661/1661
f 1663/1663/1663 1659/1659/1659 1662/1662/1662
f 1645/1645/1645 1661/1661/1661 1664/1664/1664
f 1661/1661/1661 1663/1663/1663 1665/1665/1665
f 1665/1665/1665 1664/1664/1664 1661/1661/1661
f 1662/1662/1662 1666/1666/1666 1663/1663/1663
f 1664/1664/1664 1667/1667/1667 1645/1645/1645
f 1645/1645/1645 1667/1667/1667 1642/1642/1642
f 1668/1668/1668 1665/1665/1665 1663/1663/1663
f 1663/1663/1663 1666/1666/1666 1668/1668/1668
f 1669/1669/1669 1664/1664/1664 1665/1665/1665
f 1669/1669/1669 1665/1665/1665 1668/1668/1668
f 1667/1667/1667 1664/1664/1664 1670/1670/1670
f 1670/1670/1670 1664/1664/1664 1669/1669/1669
f 1671/1671/1671 1642/1642/1642 1667/1667/1667
f 1638/1638/1638 1642/1642/1642 1671/1671/1671
f 1671/1671/1671 1637/1637/1637 1638/1638/1638
f 1670/1670/1670 1672/1672/1672 1667/1667/1667
f 1667/1667/1667 1672/1672/1672 1671/1671/1671
f 1673/1673/1673 1637/1637/1637 1671/1671/1671
f 1637/1637/1637 1673/1673/1673 1318/1318/1318
f 1674/1674/1674 1671/1671/1671 1672/1672/1672
f 1671/1671/1671 1674/1674/1674 1673/1673/1673
f 1675/1675/1675 1318/1318/1318 1673/1673/1673
f 1318/1318/1318 1675/1675/1675 1295/1295/1295
f 1295/1295/1295 1675/1675/1675 1294/1294/1294
f 1676/1676/1676 1673/1673/1673 1674/1674/1674
f 1673/1673/1673 1676/1676/1676 1675/1675/1675
f 1677/1677/1677 1294/1294/1294 1675/1675/1675
f 1675/1675/1675 1676/1676/1676 1677/1677/1677
f 1294/1294/1294 1677/1677/1677 1268/1268/1268
f 1674/1674/1674 1678/1678/1678 1676/1676/1676
f 1679/1679/1679 1268/1268/1268 1677/1677/1677
f 1266/1266/1266 1268/1268/1268 1679/1679/1679
f 1680/1680/1680 1677/1677/1677 1676/1676/1676
f 1676/1676/1676 1678/1678/1678 1680/1680/1680
f 1677/1677/1677 1680/1680/1680 1679/1679/1679
f 1678/1678/1678 1674/1674/1674 1681/1681/1681
f 1672/1672/1672 1681/1681/1681 1674/1674/1674
f 1680/1680/1680 1678/1678/1678 1682/1682/1682
f 1681/1681/1681 1682/1682/1682 1678/1678/1678
f 1679/1679/1679 1680/1680/1680 1683/1683/1683
f 1682/1682/1682 1683/1683/1683 1680/1680/1680
f 1684/1684/1684 1681/1681/1681 1672/1672/1672
f 1672/1672/1672 1670/1670/1670 1684/1684/1684
f 1685/1685/1685 1682/1682/1682 1681/1681/1681
f 1681/1681/1681 1684/1684/1684 1685/1685/1685
f 1686/1686/1686 1683/1683/1683 1682/1682/1682
f 1682/1682/1682 1685/1685/1685 1686/1686/1686
f 1687/1687/1687 1684/1684/1684 1670/1670/1670
f 1688/1688/1688 1685/1685/1685 1684/1684/1684
f 1684/1684/1684 1687/1687/1687 1688/1688/1688
f 1689/1689/1689 1686/1686/1686 1685/1685/1685
f 1685/1685/1685 1688/1688/1688 1689/1689/1689
f 1670/1670/1670 1690/1690/1690 1687/1687/1687
f 1669/1669/1669 1690/1690/1690 1670/1670/1670
f 1691/1691/1691 1688/1688/1688 1687/1687/1687
f 1692/1692/1692 1690/1690/1690 1669/1669/1669
f 1668/1668/1668 1692/1692/1692 1669/1669/1669
f 1693/1693/1693 1687/1687/1687 1690/1690/1690
f 1690/1690/1690 1692/1692/1692 1693/1693/1693
f 1687/1687/1687 1693/1693/1693 1691/1691/1691
f 1694/1694/1694 1692/1692/1692 1668/1668/1668
f 1695/1695/1695 1693/1693/1693 1692/1692/1692
f 1692/1692/1692 1694/1694/1694 1695/1695/1695
f 1696/1696/1696 1691/1691/1691 1693/1693/1693
f 1693/1693/1693 1695/1695/1695 1696/1696/1696
f 1688/1688/1688 1691/1691/1691 1697/1697/1697
f 1697/1697/1697 1689/1689/1689 1688/1688/1688
f 1691/1691/1691 1696/1696/1696 1698/1698/1698
f 1698/1698/1698 1697/1697/1697 1691/1691/1691
f 1699/1699/1699 1696/1696/1696 1695/1695/1695
f 1689/1689/1689 1697/1697/1697 1700/1700/1700
f 1701/1701/1701 1698/1698/1698 1696/1696/1696
f 1696/1696/1696 1699/1699/1699 1701/1701/1701
f 1697/1697/1697 1698/1698/1698 1702/1702/1702
f 1702/1702/1702 1700/1700/1700 1697/1697/1697
f 1698/1698/1698 1701/1701/1701 1703/1703/1703
f 1703/1703/1703 1702/1702/1702 1698/1698/1698
f 1700/1700/1700 1704/1704/1704 1689/1689/1689
f 1686/1686/1686 1689/1689/1689 1704/1704/1704
f 1700/1700/1700 1702/1702/1702 1705/1705/1705
f 1704/1704/1704 1706/1706/1706 1686/1686/1686
f 1683/1683/1683 1686/1686/1686 1706/1706/1706
f 1704/1704/1704 1700/1700/1700 1707/1707/1707
f 1705/1705/1705 1707/1707/1707 1700/1700/1700
f 1706/1706/1706 1704/1704/1704 1708/1708/1708
f 1707/1707/1707 1708/1708/1708 1704/1704/1704
f 1706/1706/1706 1709/1709/1709 1683/1683/1683
f 1683/1683/1683 1709/1709/1709 1679/1679/1679
f 1708/1708/1708 1710/1710/1710 1706/1706/1706
f 1709/1709/1709 1706/1706/1706 1710/1710/1710
f 1711/1711/1711 1679/1679/1679 1709/1709/1709
f 1679/1679/1679 1711/1711/1711 1266/1266/1266
f 1256/1256/1256 1266/1266/1266 1711/1711/1711
f 1710/1710/1710 1712/1712/1712 1709/1709/1709
f 1709/1709/1709 1712/1712/1712 1711/1711/1711
f 1711/1711/1711 1713/1713/1713 1256/1256/1256
f 1713/1713/1713 1711/1711/1711 1712/1712/1712
f 1256/1256/1256 1713/1713/1713 1255/1255/1255
f 1712/1712/1712 1714/1714/1714 1713/1713/1713
f 1255/1255/1255 1713/1713/1713 1714/1714/1714
f 1712/1712/1712 1710/1710/1710 1715/1715/1715
f 1715/1715/1715 1714/1714/1714 1712/1712/1712
f 1714/1714/1714 1716/1716/1716 1255/1255/1255
f 1716/1716/1716 1714/1714/1714 1715/1715/1715
f 1255/1255/1255 1716/1716/1716 1258/1258/1258
f 1710/1710/1710 1708/1708/1708 1717/1717/1717
f 1717/1717/1717 1715/1715/1715 1710/1710/1710
f 1717/1717/1717 1708/1708/1708 1707/1707/1707
f 1715/1715/1715 1718/1718/1718 1716/1716/1716
f 1258/1258/1258 1716/1716/1716 1718/1718/1718
f 1718/1718/1718 1715/1715/1715 1717/1717/1717
f 1718/1718/1718 1260/1260/1260 1258/1258/1258
f 1707/1707/1707 1719/1719/1719 1717/1717/1717
f 1260/1260/1260 1718/1718/1718 1720/1720/1720
f 1717/1717/1717 1720/1720/1720 1718/1718/1718
f 1720/1720/1720 1717/1717/1717 1719/1719/1719
f 1720/1720/1720 1262/1262/1262 1260/1260/1260
f 1440/1440/1440 1262/1262/1262 1720/1720/1720
f 1721/1721/1721 1719/1719/1719 1707/1707/1707
f 1707/1707/1707 1705/1705/1705 1721/1721/1721
f 1719/1719/1719 1722/1722/1722 1720/1720/1720
f 1720/1720/1720 1722/1722/1722 1440/1440/1440
f 1722/1722/1722 1719/1719/1719 1721/1721/1721
f 1440/1440/1440 1722/1722/1722 1723/1723/1723
f 1721/1721/1721 1723/1723/1723 1722/1722/1722
f 1723/1723/1723 1444/1444/1444 1440/1440/1440
f 1721/1721/1721 1705/1705/1705 1724/1724/1724
f 1724/1724/1724 1705/1705/1705 1702/1702/1702
f 1702/1702/1702 1703/1703/1703 1724/1724/1724
f 1723/1723/1723 1721/1721/1721 1725/1725/1725
f 1724/1724/1724 1725/1725/1725 1721/1721/1721
f 1444/1444/1444 1723/1723/1723 1726/1726/1726
f 1725/1725/1725 1726/1726/1726 1723/1723/1723
f 1726/1726/1726 1449/1449/1449 1444/1444/1444
f 1727/1727/1727 1725/1725/1725 1724/1724/1724
f 1726/1726/1726 1725/1725/1725 1727/1727/1727
f 1728/1728/1728 1724/1724/1724 1703/1703/1703
f 1724/1724/1724 1728/1728/1728 1727/1727/1727
f 1449/1449/1449 1726/1726/1726 1729/1729/1729
f 1727/1727/1727 1729/1729/1729 1726/1726/1726
f 1703/1703/1703 1730/1730/1730 1728/1728/1728
f 1701/1701/1701 1730/1730/1730 1703/1703/1703
f 1731/1731/1731 1727/1727/1727 1728/1728/1728
f 1729/1729/1729 1727/1727/1727 1731/1731/1731
f 1730/1730/1730 1732/1732/1732 1728/1728/1728
f 1728/1728/1728 1732/1732/1732 1731/1731/1731
f 1730/1730/1730 1701/1701/1701 1733/1733/1733
f 1699/1699/1699 1733/1733/1733 1701/1701/1701
f 1730/1730/1730 1734/1734/1734 1732/1732/1732
f 1733/1733/1733 1734/1734/1734 1730/1730/1730
f 1735/1735/1735 1731/1731/1731 1732/1732/1732
f 1729/1729/1729 1736/1736/1736 1449/1449/1449
f 1448/1448/1448 1449/1449/1449 1736/1736/1736
f 1731/1731/1731 1737/1737/1737 1729/1729/1729
f 1736/1736/1736 1729/1729/1729 1737/1737/1737
f 1737/1737/1737 1731/1731/1731 1735/1735/1735
f 1736/1736/1736 1738/1738/1738 1448/1448/1448
f 1737/1737/1737 1739/1739/1739 1736/1736/1736
f 1736/1736/1736 1739/1739/1739 1738/1738/1738
f 1735/1735/1735 1740/1740/1740 1737/1737/1737
f 1739/1739/1739 1737/1737/1737 1740/1740/1740
f 1732/1732/1732 1741/1741/1741 1735/1735/1735
f 1734/1734/1734 1741/1741/1741 1732/1732/1732
f 1740/1740/1740 1735/1735/1735 1742/1742/1742
f 1742/1742/1742 1735/1735/1735 1741/1741/1741
f 1740/1740/1740 1743/1743/1743 1739/1739/1739
f 1734/1734/1734 1744/1744/1744 1741/1741/1741
f 1739/1739/1739 1743/1743/1743 1745/1745/1745
f 1739/1739/1739 1745/1745/1745 1738/1738/1738
f 1743/1743/1743 1740/1740/1740 1746/1746/1746
f 1742/1742/1742 1746/1746/1746 1740/1740/1740
f 1747/1747/1747 1448/1448/1448 1738/1738/1738
f 1448/1448/1448 1747/1747/1747 1446/1446/1446
f 1748/1748/1748 1738/1738/1738 1745/1745/1745
f 1738/1738/1738 1748/1748/1748 1747/1747/1747
f 1749/1749/1749 1446/1446/1446 1747/1747/1747
f 1446/1446/1446 1749/1749/1749 1447/1447/1447
f 1750/1750/1750 1747/1747/1747 1748/1748/1748
f 1747/1747/1747 1750/1750/1750 1749/1749/1749
f 1751/1751/1751 1447/1447/1447 1749/1749/1749
f 1447/1447/1447 1751/1751/1751 1452/1452/1452
f 1752/1752/1752 1749/1749/1749 1750/1750/1750
f 1749/1749/1749 1752/1752/1752 1751/1751/1751
f 1753/1753/1753 1452/1452/1452 1751/1751/1751
f 1452/1452/1452 1753/1753/1753 1455/1455/1455
f 1754/1754/1754 1751/1751/1751 1752/1752/1752
f 1751/1751/1751 1754/1754/1754 1753/1753/1753
f 1750/1750/1750 1755/1755/1755 1752/1752/1752
f 1756/1756/1756 1455/1455/1455 1753/1753/1753
f 1752/1752/1752 1757/1757/1757 1754/1754/1754
f 1757/1757/1757 1752/1752/1752 1755/1755/1755
f 1758/1758/1758 1753/1753/1753 1754/1754/1754
f 1753/1753/1753 1758/1758/1758 1756/1756/1756
f 1759/1759/1759 1754/1754/1754 1757/1757/1757
f 1754/1754/1754 1759/1759/1759 1758/1758/1758
f 1455/1455/1455 1756/1756/1756 1760/1760/1760
f 1455/1455/1455 1760/1760/1760 1453/1453/1453
f 1457/1457/1457 1453/1453/1453 1760/1760/1760
f 1761/1761/1761 1756/1756/1756 1758/1758/1758
f 1762/1762/1762 1760/1760/1760 1756/1756/1756
f 1756/1756/1756 1761/1761/1761 1762/1762/1762
f 1760/1760/1760 1763/1763/1763 1457/1457/1457
f 1760/1760/1760 1762/1762/1762 1763/1763/1763
f 1758/1758/1758 1764/1764/1764 1761/1761/1761
f 1764/1764/1764 1758/1758/1758 1759/1759/1759
f 1765/1765/1765 1457/1457/1457 1763/1763/1763
f 1457/1457/1457 1765/1765/1765 1459/1459/1459
f 1459/1459/1459 1765/1765/1765 1463/1463/1463
f 1508/1508/1508 1463/1463/1463 1765/1765/1765
f 1763/1763/1763 1766/1766/1766 1765/1765/1765
f 1765/1765/1765 1766/1766/1766 1508/1508/1508
f 1767/1767/1767 1763/1763/1763 1762/1762/1762
f 1763/1763/1763 1767/1767/1767 1766/1766/1766
f 1766/1766/1766 1768/1768/1768 1508/1508/1508
f 1768/1768/1768 1766/1766/1766 1767/1767/1767
f 1512/1512/1512 1508/1508/1508 1768/1768/1768
f 1762/1762/1762 1769/1769/1769 1767/1767/1767
f 1769/1769/1769 1762/1762/1762 1761/1761/1761
f 1767/1767/1767 1770/1770/1770 1768/1768/1768
f 1770/1770/1770 1767/1767/1767 1769/1769/1769
f 1768/1768/1768 1771/1771/1771 1512/1512/1512
f 1771/1771/1771 1768/1768/1768 1770/1770/1770
f 1513/1513/1513 1512/1512/1512 1771/1771/1771
f 1761/1761/1761 1772/1772/1772 1769/1769/1769
f 1772/1772/1772 1761/1761/1761 1764/1764/1764
f 1769/1769/1769 1773/1773/1773 1770/1770/1770
f 1773/1773/1773 1769/1769/1769 1772/1772/1772
f 1770/1770/1770 1774/1774/1774 1771/1771/1771
f 1774/1774/1774 1770/1770/1770 1773/1773/1773
f 1771/1771/1771 1775/1775/1775 1513/1513/1513
f 1775/1775/1775 1771/1771/1771 1774/1774/1774
f 1525/1525/1525 1513/1513/1513 1775/1775/1775
f 1773/1773/1773 1776/1776/1776 1774/1774/1774
f 1774/1774/1774 1777/1777/1777 1775/1775/1775
f 1777/1777/1777 1774/1774/1774 1776/1776/1776
f 1775/1775/1775 1778/1778/1778 1525/1525/1525
f 1778/1778/1778 1775/1775/1775 1777/1777/1777
f 1772/1772/1772 1779/1779/1779 1773/1773/1773
f 1776/1776/1776 1773/1773/1773 1779/1779/1779
f 1764/1764/1764 1780/1780/1780 1772/1772/1772
f 1779/1779/1779 1772/1772/1772 1780/1780/1780
f 1776/1776/1776 1781/1781/1781 1777/1777/1777
f 1779/1779/1779 1782/1782/1782 1776/1776/1776
f 1781/1781/1781 1776/1776/1776 1782/1782/1782
f 1780/1780/1780 1783/1783/1783 1779/1779/1779
f 1782/1782/1782 1779/1779/1779 1783/1783/1783
f 1784/1784/1784 1777/1777/1777 1781/1781/1781
f 1777/1777/1777 1784/1784/1784 1778/1778/1778
f 1785/1785/1785 1781/1781/1781 1782/1782/1782
f 1785/1785/1785 1784/1784/1784 1781/1781/1781
f 1782/1782/1782 1783/1783/1783 1785/1785/1785
f 1786/1786/1786 1778/1778/1778 1784/1784/1784
f 1785/1785/1785 1786/1786/1786 1784/1784/1784
f 1787/1787/1787 1525/1525/1525 1778/1778/1778
f 1778/1778/1778 1786/1786/1786 1787/1787/1787
f 1525/1525/1525 1787/1787/1787 1523/1523/1523
f 1788/1788/1788 1787/1787/1787 1786/1786/1786
f 1785/1785/1785 1788/1788/1788 1786/1786/1786
f 1789/1789/1789 1523/1523/1523 1787/1787/1787
f 1787/1787/1787 1788/1788/1788 1789/1789/1789
f 1523/1523/1523 1789/1789/1789 1521/1521/1521
f 1790/1790/1790 1789/1789/1789 1788/1788/1788
f 1785/1785/1785 1790/1790/1790 1788/1788/1788
f 1791/1791/1791 1521/1521/1521 1789/1789/1789
f 1789/1789/1789 1790/1790/1790 1791/1791/1791
f 1521/1521/1521 1791/1791/1791 1517/1517/1517
f 1517/1517/1517 1791/1791/1791 1792/1792/1792
f 1792/1792/1792 1519/1519/1519 1517/1517/1517
f 1519/1519/1519 1792/1792/1792 1545/1545/1545
f 1791/1791/1791 1790/1790/1790 1793/1793/1793
f 1793/1793/1793 1792/1792/1792 1791/1791/1791
f 1794/1794/1794 1545/1545/1545 1792/1792/1792
f 1792/1792/1792 1793/1793/1793 1794/1794/1794
f 1795/1795/1795 1793/1793/1793 1790/1790/1790
f 1785/1785/1785 1795/1795/1795 1790/1790/1790
f 1796/1796/1796 1794/1794/1794 1793/1793/1793
f 1793/1793/1793 1795/1795/1795 1796/1796/1796
f 1545/1545/1545 1794/1794/1794 1797/1797/1797
f 1797/1797/1797 1548/1548/1548 1545/1545/1545
f 1798/1798/1798 1794/1794/1794 1796/1796/1796
f 1798/1798/1798 1797/1797/1797 1794/1794/1794
f 1799/1799/1799 1796/1796/1796 1795/1795/1795
f 1798/1798/1798 1796/1796/1796 1799/1799/1799
f 1548/1548/1548 1797/1797/1797 1800/1800/1800
f 1800/1800/1800 1797/1797/1797 1798/1798/1798
f 1795/1795/1795 1801/1801/1801 1799/1799/1799
f 1801/1801/1801 1795/1795/1795 1785/1785/1785
f 1800/1800/1800 1802/1802/1802 1548/1548/1548
f 1543/1543/1543 1548/1548/1548 1802/1802/1802
f 1785/1785/1785 1803/1803/1803 1801/1801/1801
f 1802/1802/1802 1804/1804/1804 1543/1543/1543
f 1543/1543/1543 1804/1804/1804 1546/1546/1546
f 1805/1805/1805 1801/1801/1801 1803/1803/1803
f 1799/1799/1799 1801/1801/1801 1805/1805/1805
f 1806/1806/1806 1546/1546/1546 1804/1804/1804
f 1807/1807/1807 1804/1804/1804 1802/1802/1802
f 1804/1804/1804 1807/1807/1807 1806/1806/1806
f 1808/1808/1808 1802/1802/1802 1800/1800/1800
f 1802/1802/1802 1808/1808/1808 1807/1807/1807
f 1546/1546/1546 1806/1806/1806 1809/1809/1809
f 1809/1809/1809 1544/1544/1544 1546/1546/1546
f 1544/1544/1544 1809/1809/1809 1558/1558/1558
f 1810/1810/1810 1806/1806/1806 1807/1807/1807
f 1811/1811/1811 1558/1558/1558 1809/1809/1809
f 1558/1558/1558 1811/1811/1811 1655/1655/1655
f 1812/1812/1812 1809/1809/1809 1806/1806/1806
f 1809/1809/1809 1812/1812/1812 1811/1811/1811
f 1806/1806/1806 1810/1810/1810 1812/1812/1812
f 1813/1813/1813 1655/1655/1655 1811/1811/1811
f 1655/1655/1655 1813/1813/1813 1658/1658/1658
f 1814/1814/1814 1811/1811/1811 1812/1812/1812
f 1811/1811/1811 1814/1814/1814 1813/1813/1813
f 1815/1815/1815 1812/1812/1812 1810/1810/1810
f 1812/1812/1812 1815/1815/1815 1814/1814/1814
f 1807/1807/1807 1816/1816/1816 1810/1810/1810
f 1816/1816/1816 1807/1807/1807 1808/1808/1808
f 1810/1810/1810 1817/1817/1817 1815/1815/1815
f 1817/1817/1817 1810/1810/1810 1816/1816/1816
f 1808/1808/1808 1818/1818/1818 1816/1816/1816
f 1800/1800/1800 1818/1818/1818 1808/1808/1808
f 1816/1816/1816 1819/1819/1819 1817/1817/1817
f 1819/1819/1819 1816/1816/1816 1818/1818/1818
f 1818/1818/1818 1800/1800/1800 1820/1820/1820
f 1798/1798/1798 1820/1820/1820 1800/1800/1800
f 1819/1819/1819 1818/1818/1818 1821/1821/1821
f 1818/1818/1818 1820/1820/1820 1821/1821/1821
f 1822/1822/1822 1817/1817/1817 1819/1819/1819
f 1822/1822/1822 1819/1819/1819 1821/1821/1821
f 1820/1820/1820 1798/1798/1798 1823/1823/1823
f 1799/1799/1799 1823/1823/1823 1798/1798/1798
f 1817/1817/1817 1822/1822/1822 1824/1824/1824
f 1824/1824/1824 1815/1815/1815 1817/1817/1817
f 1823/1823/1823 1799/1799/1799 1825/1825/1825
f 1805/1805/1805 1825/1825/1825 1799/1799/1799
f 1823/1823/1823 1826/1826/1826 1820/1820/1820
f 1821/1821/1821 1820/1820/1820 1826/1826/1826
f 1827/1827/1827 1823/1823/1823 1825/1825/1825
f 1826/1826/1826 1823/1823/1823 1827/1827/1827
f 1825/1825/1825 1805/1805/1805 1828/1828/1828
f 1827/1827/1827 1829/1829/1829 1826/1826/1826
f 1828/1828/1828 1805/1805/1805 1830/1830/1830
f 1803/1803/1803 1830/1830/1830 1805/1805/1805
f 1827/1827/1827 1825/1825/1825 1831/1831/1831
f 1828/1828/1828 1831/1831/1831 1825/1825/1825
f 1829/1829/1829 1827/1827/1827 1832/1832/1832
f 1832/1832/1832 1827/1827/1827 1831/1831/1831
f 1833/1833/1833 1826/1826/1826 1829/1829/1829
f 1826/1826/1826 1833/1833/1833 1821/1821/1821
f 1832/1832/1832 1834/1834/1834 1829/1829/1829
f 1829/1829/1829 1835/1835/1835 1833/1833/1833
f 1835/1835/1835 1829/1829/1829 1834/1834/1834
f 1836/1836/1836 1821/1821/1821 1833/1833/1833
f 1837/1837/1837 1833/1833/1833 1835/1835/1835
f 1833/1833/1833 1837/1837/1837 1836/1836/1836
f 1834/1834/1834 1838/1838/1838 1835/1835/1835
f 1835/1835/1835 1839/1839/1839 1837/1837/1837
f 1839/1839/1839 1835/1835/1835 1838/1838/1838
f 1840/1840/1840 1834/1834/1834 1832/1832/1832
f 1838/1838/1838 1834/1834/1834 1841/1841/1841
f 1840/1840/1840 1841/1841/1841 1834/1834/1834
f 1832/1832/1832 1842/1842/1842 1840/1840/1840
f 1841/1841/1841 1843/1843/1843 1838/1838/1838
f 1844/1844/1844 1842/1842/1842 1832/1832/1832
f 1844/1844/1844 1832/1832/1832 1831/1831/1831
f 1845/1845/1845 1840/1840/1840 1842/1842/1842
f 1840/1840/1840 1845/1845/1845 1841/1841/1841
f 1842/1842/1842 1844/1844/1844 1845/1845/1845
f 1843/1843/1843 1841/1841/1841 1845/1845/1845
f 1831/1831/1831 1846/1846/1846 1844/1844/1844
f 1846/1846/1846 1845/1845/1845 1844/1844/1844
f 1845/1845/1845 1846/1846/1846 1831/1831/1831
f 1831/1831/1831 1828/1828/1828 1845/1845/1845
f 1847/1847/1847 1838/1838/1838 1843/1843/1843
f 1838/1838/1838 1847/1847/1847 1839/1839/1839
f 1845/1845/1845 1828/1828/1828 1848/1848/1848
f 1830/1830/1830 1848/1848/1848 1828/1828/1828
f 1845/1845/1845 1849/1849/1849 1843/1843/1843
f 1848/1848/1848 1849/1849/1849 1845/1845/1845
f 1843/1843/1843 1850/1850/1850 1847/1847/1847
f 1849/1849/1849 1850/1850/1850 1843/1843/1843
f 1851/1851/1851 1839/1839/1839 1847/1847/1847
f 1849/1849/1849 1852/1852/1852 1850/1850/1850
f 1847/1847/1847 1850/1850/1850 1853/1853/1853
f 1853/1853/1853 1851/1851/1851 1847/1847/1847
f 1854/1854/1854 1852/1852/1852 1849/1849/1849
f 1849/1849/1849 1848/1848/1848 1854/1854/1854
f 1850/1850/1850 1852/1852/1852 1855/1855/1855
f 1855/1855/1855 1852/1852/1852 1854/1854/1854
f 1855/1855/1855 1853/1853/1853 1850/1850/1850
f 1856/1856/1856 1854/1854/1854 1848/1848/1848
f 1848/1848/1848 1830/1830/1830 1856/1856/1856
f 1854/1854/1854 1857/1857/1857 1855/1855/1855
f 1854/1854/1854 1856/1856/1856 1857/1857/1857
f 1858/1858/1858 1856/1856/1856 1830/1830/1830
f 1830/1830/1830 1803/1803/1803 1858/1858/1858
f 1859/1859/1859 1857/1857/1857 1856/1856/1856
f 1856/1856/1856 1858/1858/1858 1859/1859/1859
f 1860/1860/1860 1858/1858/1858 1803/1803/1803
f 1803/1803/1803 1785/1785/1785 1860/1860/1860
f 1858/1858/1858 1860/1860/1860 1861/1861/1861
f 1861/1861/1861 1859/1859/1859 1858/1858/1858
f 1862/1862/1862 1860/1860/1860 1785/1785/1785
f 1861/1861/1861 1860/1860/1860 1862/1862/1862
f 1785/1785/1785 1783/1783/1783 1862/1862/1862
f 1783/1783/1783 1780/1780/1780 1862/1862/1862
f 1863/1863/1863 1862/1862/1862 1780/1780/1780
f 1780/1780/1780 1764/1764/1764 1863/1863/1863
f 1759/1759/1759 1863/1863/1863 1764/1764/1764
f 1862/1862/1862 1863/1863/1863 1864/1864/1864
f 1862/1862/1862 1864/1864/1864 1861/1861/1861
f 1863/1863/1863 1759/1759/1759 1865/1865/1865
f 1865/1865/1865 1864/1864/1864 1863/1863/1863
f 1757/1757/1757 1865/1865/1865 1759/1759/1759
f 1864/1864/1864 1865/1865/1865 1866/1866/1866
f 1861/1861/1861 1864/1864/1864 1866/1866/1866
f 1865/1865/1865 1757/1757/1757 1867/1867/1867
f 1867/1867/1867 1866/1866/1866 1865/1865/1865
f 1755/1755/1755 1867/1867/1867 1757/1757/1757
f 1866/1866/1866 1867/1867/1867 1868/1868/1868
f 1866/1866/1866 1868/1868/1868 1861/1861/1861
f 1867/1867/1867 1755/1755/1755 1869/1869/1869
f 1869/1869/1869 1868/1868/1868 1867/1867/1867
f 1868/1868/1868 1870/1870/1870 1861/1861/1861
f 1868/1868/1868 1869/1869/1869 1870/1870/1870
f 1871/1871/1871 1869/1869/1869 1755/1755/1755
f 1755/1755/1755 1750/1750/1750 1871/1871/1871
f 1748/1748/1748 1871/1871/1871 1750/1750/1750
f 1872/1872/1872 1870/1870/1870 1869/1869/1869
f 1869/1869/1869 1871/1871/1871 1872/1872/1872
f 1871/1871/1871 1748/1748/1748 1873/1873/1873
f 1873/1873/1873 1872/1872/1872 1871/1871/1871
f 1745/1745/1745 1873/1873/1873 1748/1748/1748
f 1870/1870/1870 1872/1872/1872 1874/1874/1874
f 1870/1870/1870 1874/1874/1874 1861/1861/1861
f 1872/1872/1872 1873/1873/1873 1875/1875/1875
f 1875/1875/1875 1874/1874/1874 1872/1872/1872
f 1873/1873/1873 1745/1745/1745 1876/1876/1876
f 1876/1876/1876 1875/1875/1875 1873/1873/1873
f 1743/1743/1743 1876/1876/1876 1745/1745/1745
f 1874/1874/1874 1877/1877/1877 1861/1861/1861
f 1874/1874/1874 1875/1875/1875 1877/1877/1877
f 1877/1877/1877 1859/1859/1859 1861/1861/1861
f 1875/1875/1875 1876/1876/1876 1878/1878/1878
f 1878/1878/1878 1877/1877/1877 1875/1875/1875
f 1743/1743/1743 1879/1879/1879 1876/1876/1876
f 1879/1879/1879 1878/1878/1878 1876/1876/1876
f 1746/1746/1746 1879/1879/1879 1743/1743/1743
f 1880/1880/1880 1877/1877/1877 1878/1878/1878
f 1879/1879/1879 1880/1880/1880 1878/1878/1878
f 1877/1877/1877 1881/1881/1881 1859/1859/1859
f 1877/1877/1877 1880/1880/1880 1881/1881/1881
f 1879/1879/1879 1746/1746/1746 1882/1882/1882
f 1882/1882/1882 1880/1880/1880 1879/1879/1879
f 1881/1881/1881 1883/1883/1883 1859/1859/1859
f 1857/1857/1857 1859/1859/1859 1883/1883/1883
f 1884/1884/1884 1881/1881/1881 1880/1880/1880
f 1883/1883/1883 1881/1881/1881 1884/1884/1884
f 1880/1880/1880 1882/1882/1882 1884/1884/1884
f 1857/1857/1857 1883/1883/1883 1885/1885/1885
f 1855/1855/1855 1857/1857/1857 1885/1885/1885
f 1886/1886/1886 1882/1882/1882 1746/1746/1746
f 1746/1746/1746 1742/1742/1742 1886/1886/1886
f 1885/1885/1885 1883/1883/1883 1887/1887/1887
f 1884/1884/1884 1887/1887/1887 1883/1883/1883
f 1888/1888/1888 1886/1886/1886 1742/1742/1742
f 1742/1742/1742 1741/1741/1741 1888/1888/1888
f 1882/1882/1882 1886/1886/1886 1889/1889/1889
f 1889/1889/1889 1884/1884/1884 1882/1882/1882
f 1889/1889/1889 1886/1886/1886 1888/1888/1888
f 1890/1890/1890 1887/1887/1887 1884/1884/1884
f 1884/1884/1884 1889/1889/1889 1890/1890/1890
f 1891/1891/1891 1888/1888/1888 1741/1741/1741
f 1744/1744/1744 1891/1891/1891 1741/1741/1741
f 1888/1888/1888 1892/1892/1892 1889/1889/1889
f 1891/1891/1891 1893/1893/1893 1888/1888/1888
f 1892/1892/1892 1888/1888/1888 1893/1893/1893
f 1894/1894/1894 1890/1890/1890 1889/1889/1889
f 1889/1889/1889 1892/1892/1892 1894/1894/1894
f 1887/1887/1887 1890/1890/1890 1895/1895/1895
f 1890/1890/1890 1894/1894/1894 1896/1896/1896
f 1896/1896/1896 1895/1895/1895 1890/1890/1890
f 1897/1897/1897 1894/1894/1894 1892/1892/1892
f 1895/1895/1895 1898/1898/1898 1887/1887/1887
f 1887/1887/1887 1898/1898/1898 1885/1885/1885
f 1896/1896/1896 1894/1894/1894 1851/1851/1851
f 1894/1894/1894 1897/1897/1897 1851/1851/1851
f 1839/1839/1839 1851/1851/1851 1897/1897/1897
f 1896/1896/1896 1851/1851/1851 1853/1853/1853
f 1897/1897/1897 1837/1837/1837 1839/1839/1839
f 1853/1853/1853 1899/1899/1899 1896/1896/1896
f 1895/1895/1895 1896/1896/1896 1899/1899/1899
f 1837/1837/1837 1897/1897/1897 1900/1900/1900
f 1900/1900/1900 1897/1897/1897 1892/1892/1892
f 1900/1900/1900 1892/1892/1892 1893/1893/1893
f 1900/1900/1900 1836/1836/1836 1837/1837/1837
f 1901/1901/1901 1895/1895/1895 1899/1899/1899
f 1898/1898/1898 1895/1895/1895 1901/1901/1901
f 1902/1902/1902 1899/1899/1899 1853/1853/1853
f 1855/1855/1855 1902/1902/1902 1853/1853/1853
f 1899/1899/1899 1903/1903/1903 1901/1901/1901
f 1899/1899/1899 1902/1902/1902 1903/1903/1903
f 1855/1855/1855 1885/1885/1885 1904/1904/1904
f 1904/1904/1904 1885/1885/1885 1898/1898/1898
f 1904/1904/1904 1902/1902/1902 1855/1855/1855
f 1903/1903/1903 1905/1905/1905 1901/1901/1901
f 1898/1898/1898 1906/1906/1906 1904/1904/1904
f 1901/1901/1901 1906/1906/1906 1898/1898/1898
f 1903/1903/1903 1907/1907/1907 1905/1905/1905
f 1901/1901/1901 1905/1905/1905 1907/1907/1907
f 1907/1907/1907 1903/1903/1903 1902/1902/1902
f 1907/1907/1907 1906/1906/1906 1901/1901/1901
f 1904/1904/1904 1908/1908/1908 1902/1902/1902
f 1902/1902/1902 1908/1908/1908 1907/1907/1907
f 1909/1909/1909 1908/1908/1908 1904/1904/1904
f 1907/1907/1907 1908/1908/1908 1909/1909/1909
f 1904/1904/1904 1906/1906/1906 1909/1909/1909
f 1907/1907/1907 1909/1909/1909 1910/1910/1910
f 1907/1907/1907 1910/1910/1910 1906/1906/1906
f 1906/1906/1906 1910/1910/1910 1909/1909/1909
f 1911/1911/1911 1893/1893/1893 1891/1891/1891
f 1893/1893/1893 1911/1911/1911 1912/1912/1912
f 1900/1900/1900 1893/1893/1893 1912/1912/1912
f 1891/1891/1891 1913/1913/1913 1911/1911/1911
f 1913/1913/1913 1891/1891/1891 1744/1744/1744
f 1914/1914/1914 1912/1912/1912 1911/1911/1911
f 1744/1744/1744 1915/1915/1915 1913/1913/1913
f 1915/1915/1915 1744/1744/1744 1734/1734/1734
f 1734/1734/1734 1733/1733/1733 1915/1915/1915
f 1916/1916/1916 1911/1911/1911 1913/1913/1913
f 1911/1911/1911 1916/1916/1916 1914/1914/1914
f 1917/1917/1917 1913/1913/1913 1915/1915/1915
f 1913/1913/1913 1917/1917/1917 1916/1916/1916
f 1918/1918/1918 1915/1915/1915 1733/1733/1733
f 1915/1915/1915 1918/1918/1918 1917/1917/1917
f 1733/1733/1733 1699/1699/1699 1918/1918/1918
f 1919/1919/1919 1916/1916/1916 1917/1917/1917
f 1920/1920/1920 1918/1918/1918 1699/1699/1699
f 1695/1695/1695 1920/1920/1920 1699/1699/1699
f 1921/1921/1921 1917/1917/1917 1918/1918/1918
f 1918/1918/1918 1920/1920/1920 1921/1921/1921
f 1917/1917/1917 1921/1921/1921 1919/1919/1919
f 1920/1920/1920 1695/1695/1695 1694/1694/1694
f 1922/1922/1922 1921/1921/1921 1920/1920/1920
f 1694/1694/1694 1922/1922/1922 1920/1920/1920
f 1923/1923/1923 1919/1919/1919 1921/1921/1921
f 1921/1921/1921 1922/1922/1922 1923/1923/1923
f 1916/1916/1916 1919/1919/1919 1924/1924/1924
f 1924/1924/1924 1914/1914/1914 1916/1916/1916
f 1925/1925/1925 1922/1922/1922 1694/1694/1694
f 1925/1925/1925 1923/1923/1923 1922/1922/1922
f 1926/1926/1926 1924/1924/1924 1919/1919/1919
f 1919/1919/1919 1923/1923/1923 1926/1926/1926
f 1694/1694/1694 1927/1927/1927 1925/1925/1925
f 1668/1668/1668 1927/1927/1927 1694/1694/1694
f 1927/1927/1927 1668/1668/1668 1666/1666/1666
f 1923/1923/1923 1925/1925/1925 1928/1928/1928
f 1928/1928/1928 1926/1926/1926 1923/1923/1923
f 1925/1925/1925 1927/1927/1927 1929/1929/1929
f 1929/1929/1929 1928/1928/1928 1925/1925/1925
f 1666/1666/1666 1930/1930/1930 1927/1927/1927
f 1929/1929/1929 1927/1927/1927 1930/1930/1930
f 1931/1931/1931 1930/1930/1930 1666/1666/1666
f 1666/1666/1666 1662/1662/1662 1931/1931/1931
f 1660/1660/1660 1931/1931/1931 1662/1662/1662
f 1930/1930/1930 1932/1932/1932 1929/1929/1929
f 1930/1930/1930 1931/1931/1931 1933/1933/1933
f 1933/1933/1933 1932/1932/1932 1930/1930/1930
f 1934/1934/1934 1931/1931/1931 1660/1660/1660
f 1934/1934/1934 1933/1933/1933 1931/1931/1931
f 1929/1929/1929 1932/1932/1932 1935/1935/1935
f 1935/1935/1935 1932/1932/1932 1933/1933/1933
f 1928/1928/1928 1929/1929/1929 1936/1936/1936
f 1935/1935/1935 1936/1936/1936 1929/1929/1929
f 1933/1933/1933 1937/1937/1937 1935/1935/1935
f 1934/1934/1934 1937/1937/1937 1933/1933/1933
f 1936/1936/1936 1935/1935/1935 1938/1938/1938
f 1938/1938/1938 1935/1935/1935 1937/1937/1937
f 1936/1936/1936 1939/1939/1939 1928/1928/1928
f 1926/1926/1926 1928/1928/1928 1939/1939/1939
f 1938/1938/1938 1940/1940/1940 1936/1936/1936
f 1939/1939/1939 1936/1936/1936 1940/1940/1940
f 1939/1939/1939 1941/1941/1941 1926/1926/1926
f 1924/1924/1924 1926/1926/1926 1941/1941/1941
f 1940/1940/1940 1942/1942/1942 1939/1939/1939
f 1941/1941/1941 1939/1939/1939 1942/1942/1942
f 1941/1941/1941 1943/1943/1943 1924/1924/1924
f 1914/1914/1914 1924/1924/1924 1943/1943/1943
f 1942/1942/1942 1944/1944/1944 1941/1941/1941
f 1943/1943/1943 1941/1941/1941 1944/1944/1944
f 1943/1943/1943 1945/1945/1945 1914/1914/1914
f 1912/1912/1912 1914/1914/1914 1945/1945/1945
f 1900/1900/1900 1912/1912/1912 1945/1945/1945
f 1945/1945/1945 1943/1943/1943 1946/1946/1946
f 1944/1944/1944 1946/1946/1946 1943/1943/1943
f 1900/1900/1900 1945/1945/1945 1946/1946/1946
f 1946/1946/1946 1944/1944/1944 1947/1947/1947
f 1900/1900/1900 1946/1946/1946 1947/1947/1947
f 1944/1944/1944 1942/1942/1942 1948/1948/1948
f 1948/1948/1948 1947/1947/1947 1944/1944/1944
f 1942/1942/1942 1940/1940/1940 1949/1949/1949
f 1949/1949/1949 1948/1948/1948 1942/1942/1942
f 1947/1947/1947 1948/1948/1948 1950/1950/1950
f 1900/1900/1900 1947/1947/1947 1950/1950/1950
f 1948/1948/1948 1949/1949/1949 1951/1951/1951
f 1951/1951/1951 1950/1950/1950 1948/1948/1948
f 1952/1952/1952 1949/1949/1949 1940/1940/1940
f 1940/1940/1940 1938/1938/1938 1952/1952/1952
f 1950/1950/1950 1953/1953/1953 1900/1900/1900
f 1950/1950/1950 1951/1951/1951 1953/1953/1953
f 1900/1900/1900 1953/1953/1953 1954/1954/1954
f 1954/1954/1954 1953/1953/1953 1951/1951/1951
f 1954/1954/1954 1836/1836/1836 1900/1900/1900
f 1955/1955/1955 1951/1951/1951 1949/1949/1949
f 1949/1949/1949 1952/1952/1952 1955/1955/1955
f 1951/1951/1951 1955/1955/1955 1954/1954/1954
f 1821/1821/1821 1836/1836/1836 1954/1954/1954
f 1952/1952/1952 1938/1938/1938 1956/1956/1956
f 1937/1937/1937 1956/1956/1956 1938/1938/1938
f 1955/1955/1955 1952/1952/1952 1957/1957/1957
f 1956/1956/1956 1957/1957/1957 1952/1952/1952
f 1954/1954/1954 1955/1955/1955 1958/1958/1958
f 1957/1957/1957 1958/1958/1958 1955/1955/1955
f 1959/1959/1959 1956/1956/1956 1937/1937/1937
f 1937/1937/1937 1934/1934/1934 1959/1959/1959
f 1960/1960/1960 1957/1957/1957 1956/1956/1956
f 1956/1956/1956 1959/1959/1959 1960/1960/1960
f 1961/1961/1961 1959/1959/1959 1934/1934/1934
f 1660/1660/1660 1961/1961/1961 1934/1934/1934
f 1962/1962/1962 1960/1960/1960 1959/1959/1959
f 1959/1959/1959 1961/1961/1961 1962/1962/1962
f 1963/1963/1963 1961/1961/1961 1660/1660/1660
f 1963/1963/1963 1962/1962/1962 1961/1961/1961
f 1660/1660/1660 1657/1657/1657 1963/1963/1963
f 1658/1658/1658 1963/1963/1963 1657/1657/1657
f 1658/1658/1658 1964/1964/1964 1963/1963/1963
f 1962/1962/1962 1963/1963/1963 1964/1964/1964
f 1964/1964/1964 1658/1658/1658 1813/1813/1813
f 1960/1960/1960 1962/1962/1962 1965/1965/1965
f 1964/1964/1964 1965/1965/1965 1962/1962/1962
f 1957/1957/1957 1960/1960/1960 1966/1966/1966
f 1965/1965/1965 1966/1966/1966 1960/1960/1960
f 1966/1966/1966 1958/1958/1958 1957/1957/1957
f 1813/1813/1813 1967/1967/1967 1964/1964/1964
f 1965/1965/1965 1964/1964/1964 1967/1967/1967
f 1967/1967/1967 1813/1813/1813 1814/1814/1814
f 1966/1966/1966 1965/1965/1965 1968/1968/1968
f 1967/1967/1967 1968/1968/1968 1965/1965/1965
f 1814/1814/1814 1969/1969/1969 1967/1967/1967
f 1968/1968/1968 1967/1967/1967 1969/1969/1969
f 1969/1969/1969 1814/1814/1814 1815/1815/1815
f 1815/1815/1815 1824/1824/1824 1969/1969/1969
f 1968/1968/1968 1970/1970/1970 1966/1966/1966
f 1958/1958/1958 1966/1966/1966 1970/1970/1970
f 1969/1969/1969 1971/1971/1971 1968/1968/1968
f 1971/1971/1971 1969/1969/1969 1824/1824/1824
f 1970/1970/1970 1968/1968/1968 1971/1971/1971
f 1824/1824/1824 1972/1972/1972 1971/1971/1971
f 1972/1972/1972 1824/1824/1824 1822/1822/1822
f 1972/1972/1972 1822/1822/1822 1821/1821/1821
f 1973/1973/1973 1971/1971/1971 1972/1972/1972
f 1973/1973/1973 1972/1972/1972 1821/1821/1821
f 1971/1971/1971 1973/1973/1973 1970/1970/1970
f 1821/1821/1821 1974/1974/1974 1973/1973/1973
f 1974/1974/1974 1970/1970/1970 1973/1973/1973
f 1970/1970/1970 1974/1974/1974 1958/1958/1958
f 1954/1954/1954 1974/1974/1974 1821/1821/1821
f 1958/1958/1958 1974/1974/1974 1954/1954/1954
f 1977/1977/1977 1976/1976/1976 1975/1975/1975
f 1975/1975/1975 1976/1976/1976 1978/1978/1978
f 1977/1977/1977 1979/1979/1979 1976/1976/1976
f 1975/1975/1975 1978/1978/1978 1980/1980/1980
f 1981/1981/1981 1979/1979/1979 1977/1977/1977
f 1977/1977/1977 1975/1975/1975 1982/1982/1982
f 1981/1981/1981 1977/1977/1977 1982/1982/1982
f 1975/1975/1975 1980/1980/1980 1982/1982/1982
f 1981/1981/1981 1983/1983/1983 1979/1979/1979
f 1982/1982/1982 1983/1983/1983 1981/1981/1981
f 1979/1979/1979 1984/1984/1984 1976/1976/1976
f 1983/1983/1983 1984/1984/1984 1979/1979/1979
f 1976/1976/1976 1984/1984/1984 1978/1978/1978
f 1982/1982/1982 1984/1984/1984 1983/1983/1983
f 1980/1980/1980 1978/1978/1978 1985/1985/1985
f 1978/1978/1978 1984/1984/1984 1985/1985/1985
f 1980/1980/1980 1985/1985/1985 1986/1986/1986
f 1980/1980/1980 1986/1986/1986 1982/1982/1982
f 1986/1986/1986 1985/1985/1985 1987/1987/1987
f 1985/1985/1985 1984/1984/1984 1987/1987/1987
f 1986/1986/1986 1987/1987/1987 1988/1988/1988
f 1986/1986/1986 1988/1988/1988 1982/1982/1982
f 1988/1988/1988 1987/1987/1987 1989/1989/1989
f 1987/1987/1987 1984/1984/1984 1989/1989/1989
f 1988/1988/1988 1989/1989/1989 1990/1990/1990
f 1988/1988/1988 1990/1990/1990 1982/1982/1982
f 1990/1990/1990 1989/1989/1989 1991/1991/1991
f 1989/1989/1989 1984/1984/1984 1991/1991/1991
f 1990/1990/1990 1991/1991/1991 1992/1992/1992
f 1990/1990/1990 1992/1992/1992 1982/1982/1982
f 1992/1992/1992 1991/1991/1991 1993/1993/1993
f 1991/1991/1991 1984/1984/1984 1993/1993/1993
f 1992/1992/1992 1993/1993/1993 1994/1994/1994
f 1992/1992/1992 1994/1994/1994 1982/1982/1982
f 1994/1994/1994 1993/1993/1993 1995/1995/1995
f 1993/1993/1993 1984/1984/1984 1995/1995/1995
f 1994/1994/1994 1996/1996/1996 1982/1982/1982
f 1994/1994/1994 1995/1995/1995 1996/1996/1996
f 1997/1997/1997 1984/1984/1984 1982/1982/1982
f 1996/1996/1996 1995/1995/1995 1998/1998/1998
f 1995/1995/1995 1984/1984/1984 1998/1998/1998
f 1996/1996/1996 1999/1999/1999 1982/1982/1982
f 1996/1996/1996 1998/1998/1998 1999/1999/1999
f 1999/1999/1999 1997/1997/1997 1982/1982/1982
f 1998/1998/1998 1984/1984/1984 2000/2000/2000
f 1997/1997/1997 2000/2000/2000 1984/1984/1984
f 1999/1999/1999 1998/1998/1998 2001/2001/2001
f 1998/1998/1998 2000/2000/2000 2001/2001/2001
f 1999/1999/1999 2002/2002/2002 1997/1997/1997
f 1999/1999/1999 2001/2001/2001 2002/2002/2002
f 2002/2002/2002 2000/2000/2000 1997/1997/1997
f 2002/2002/2002 2001/2001/2001 2000/2000/2000
