# VPXTOOL table OBJ file
# VPXTOOL OBJ file
# numVerts: 2737 numFaces: 4846
o PinCab_KeyShake
v -1.9680995 96.414505 -18.187794
v 1.7214478 96.40991 -18.232641
v 0.2947857 96.542534 -17.107273
v -1.9544728 96.54533 -17.079933
v -2.025568 76.16102 -20.844893
v 1.6686041 76.15642 -20.889795
v 1.7040442 78.814255 -18.245726
v -1.990128 78.818855 -18.20082
v -2.0596645 73.10073 -23.337105
v 1.6345079 73.09614 -23.382006
v -2.0873222 69.65414 -25.260075
v 1.6068563 69.64954 -25.304977
v -2.1077006 65.92595 -26.555374
v 1.5864717 65.92136 -26.600279
v -2.1201792 62.029446 -27.183645
v 1.573993 62.024853 -27.228548
v -2.12438 58.083023 -27.125801
v 1.5697922 58.07843 -27.170704
v -2.1201792 54.206593 -26.383595
v 1.573993 54.202003 -26.428501
v -2.1077006 50.51794 -24.979584
v 1.5864717 50.513344 -25.024487
v -2.0873222 47.12913 -22.95642
v 1.6068499 47.12454 -23.001326
v -2.059671 44.143147 -20.375584
v 1.6345079 44.138554 -20.420486
v -2.0255616 41.650703 -17.315493
v 1.6686107 41.64611 -17.360394
v -1.9860706 39.727543 -13.869118
v 1.7081081 39.722954 -13.914021
v -1.9423659 38.432087 -10.141183
v 1.7518064 38.427498 -10.186084
v -1.8957844 37.803715 -6.244957
v 1.7983879 37.79912 -6.28986
v -1.8477482 37.861507 -2.2988257
v 1.846424 37.856915 -2.3437269
v -1.7997121 38.6037 1.5773101
v 1.8944602 38.59911 1.5324088
v -1.7531371 40.007767 5.2656765
v 1.9410352 40.003178 5.220775
v -1.7094388 42.031025 8.654203
v 1.98474 42.02643 8.6093025
v -1.6699414 44.612007 11.639934
v 2.0242374 44.60741 11.595031
v -1.6358385 47.672287 14.132147
v 2.0583336 47.667694 14.087244
v -1.6081871 51.11888 16.055117
v 2.0859916 51.114292 16.010212
v -1.587809 54.84707 17.350418
v 2.1063697 54.842476 17.305511
v -1.5753303 58.74357 17.97869
v 2.1188486 58.738983 17.933786
v -1.5711229 62.689987 17.920843
v 2.1230495 62.685406 17.875942
v -1.5753303 66.56642 17.178637
v 2.1188486 66.56183 17.133732
v -1.5878024 70.25507 15.774621
v 2.1063697 70.25049 15.729718
v -1.6081871 73.643875 13.75146
v 2.0859916 73.6393 13.70656
v -1.6358385 76.62987 11.170622
v 2.0583336 76.62528 11.125721
v -1.6699414 79.12231 8.110528
v 2.024231 79.11772 8.065625
v -1.7045008 81.36187 5.0385847
v 1.9896779 81.35729 4.993681
v -1.7671487 148.17226 -7.4987736
v 1.9203308 148.1677 -7.5435934
v 1.9386281 145.22754 -5.737903
v -1.7555506 145.23213 -5.693001
v 1.8491638 57.95705 -5.769458
v 1.9020791 82.45866 -10.725911
v 1.7978987 82.401955 -12.487093
v 1.8330517 57.471287 -7.045502
v 1.7236462 78.81269 -18.228987
v 1.8179376 56.771313 -8.217812
v 1.6881016 76.13867 -20.879856
v 1.8042717 55.878387 -9.250769
v 1.6540315 73.07937 -23.370085
v 1.792478 54.819645 -10.112987
v 1.6263996 69.63377 -25.290941
v 1.782902 53.62724 -10.778268
v 1.6060541 65.90683 -26.584095
v 1.7758505 52.337418 -11.226393
v 1.5936015 62.01185 -27.21021
v 1.7715387 50.98937 -11.443755
v 1.5894202 58.067295 -27.150234
v 1.7700841 49.624046 -11.423742
v 1.5936537 54.19316 -26.405996
v 1.7715387 48.282936 -11.166965
v 1.6061584 50.507324 -25.000189
v 1.7758505 47.00679 -10.681226
v 1.6265562 47.121952 -22.975697
v 1.782902 45.834385 -9.981284
v 1.6542273 44.14007 -20.394365
v 1.7924714 44.801334 -9.088406
v 1.6883235 41.652348 -17.335175
v 1.8042651 43.939045 -8.029722
v 1.7277883 39.73419 -13.891802
v 1.8179376 43.273693 -6.8373985
v 1.7714279 38.443333 -10.169593
v 1.8330517 42.825523 -5.5476665
v 1.8179115 37.81802 -6.2818694
v 1.8490398 42.5886 -4.208196
v 1.8489354 42.61121 -4.2188573
v 1.8658237 37.876255 -2.3459544
v 1.8657846 42.608746 -2.832496
v 1.8660195 42.63176 -2.8154392
v 1.9137294 38.615948 1.5202701
v 1.8824055 42.88489 -1.4934826
v 1.9602065 40.01529 5.2009363
v 1.8985175 43.37065 -0.21743837
v 2.0038462 42.03289 8.58479
v 1.9136381 44.070618 0.95487195
v 2.0433109 44.60836 11.5686
v 1.9272975 44.96355 1.9878297
v 2.0774071 47.66384 14.060884
v 1.9390978 46.022297 2.8500457
v 2.1050718 51.106518 15.985167
v 1.9486672 47.2147 3.5153248
v 2.1254694 54.83161 17.282463
v 1.9557186 48.50452 3.9634519
v 2.1379743 58.725723 17.913065
v 1.9600434 49.85257 4.180811
v 2.1422079 62.6703 17.857674
v 1.9614981 51.21789 4.1607995
v 2.138033 66.54533 17.117931
v 1.9600434 52.559 3.9040232
v 2.1255803 70.23294 15.716341
v 1.9557186 53.83514 3.4182837
v 2.1052282 73.620964 13.695526
v 1.9486672 55.00755 2.7183416
v 2.0776029 76.60639 11.116961
v 1.9390978 56.040592 1.825463
v 2.0435197 79.09815 8.058968
v 1.9272975 56.902893 0.76677966
v 2.0088363 81.35082 4.9748583
v 1.9136381 57.56824 -0.4255446
v 1.9295022 82.94683 -1.7151725
v 1.8985175 58.01642 -1.7152785
v 1.9626397 82.79295 -8.690194
v 1.8824055 58.233814 -3.0632339
v 1.9626788 82.773575 -8.707591
v -1.8839449 58.073498 -5.7474465
v -1.926319 82.6386 -11.746022
v -1.8786612 82.80425 -7.8417463
v -1.8671806 58.33182 -4.39466
v -1.9002005 57.585506 -7.035276
v -1.9351578 82.39184 -12.448007
v -1.9154711 56.882545 -8.219444
v -2.009319 78.817345 -18.183609
v -1.9292871 55.985798 -9.264387
v -2.0448635 76.14332 -20.834482
v -1.9412309 54.922276 -10.138765
v -2.0789337 73.08401 -23.324709
v -1.9509634 53.72398 -10.816396
v -2.1065655 69.63841 -25.245564
v -1.9581714 52.4269 -11.277043
v -2.1269176 65.91146 -26.538721
v -1.9626527 51.069935 -11.50699
v -2.1393638 62.016487 -27.164837
v -1.9642705 49.693665 -11.499407
v -2.1435385 58.071934 -27.104858
v -1.9629788 48.339115 -11.254468
v -2.1393116 54.197803 -26.360622
v -1.9588106 47.04647 -10.779185
v -2.1268067 50.511967 -24.954811
v -1.9518765 45.85399 -10.08698
v -2.1064088 47.126595 -22.93032
v -1.9423789 44.796974 -9.196953
v -2.078738 44.14471 -20.34899
v -1.930546 43.90715 -8.133006
v -2.0446417 41.656986 -17.2898
v -1.9167105 43.212517 -6.9232135
v -2.0051768 39.738827 -13.846429
v -1.901218 42.737434 -5.6000915
v -1.9615372 38.44797 -10.124221
v -1.8845255 42.50205 -4.202463
v -1.9150536 37.82266 -6.2364955
v -1.8671806 42.519398 -2.77746
v -1.8671414 37.880898 -2.3005807
v -1.8498356 42.790874 -1.3784628
v -1.8192357 38.620594 1.5656427
v -1.833143 43.30431 -0.05745101
v -1.772752 40.019928 5.24631
v -1.8176506 44.03738 1.1420767
v -1.729119 42.03753 8.630166
v -1.8038151 44.962513 2.1861882
v -1.6896477 44.613003 11.613974
v -1.7919887 46.049274 3.0479724
v -1.6555579 47.668484 14.106259
v -1.782478 47.26456 3.7056048
v -1.6278869 51.11116 16.03054
v -1.7755505 48.572464 4.142094
v -1.6074957 54.836258 17.327837
v -1.7713757 49.934547 4.3458786
v -1.5949843 58.73036 17.958439
v -1.7700841 51.310642 4.311556
v -1.5907574 62.67494 17.903048
v -1.7717018 52.659954 4.0403953
v -1.5949322 66.54997 17.163311
v -1.7761897 53.942284 3.5405295
v -1.6073782 70.23757 15.761716
v -1.7833978 55.119263 2.8268626
v -1.6277304 73.6256 13.740899
v -1.7931237 56.155594 1.9206952
v -1.6553622 76.61104 11.162337
v -1.8050741 57.020103 0.8491387
v -1.6894389 79.10279 8.1043415
v -1.81889 57.68677 -0.3556938
v -1.7241288 81.35546 5.020232
v -1.803489 82.932076 -1.6697896
v -1.803228 82.94678 -1.6500137
v -1.834154 58.135475 -1.6576424
v -1.8504162 58.35268 -3.0175912
v -1.8191444 82.94993 -2.9598174
v -1.8194119 82.968506 -2.983976
v 2.1400943 56.1598 -4.221755
v 2.1400943 58.213478 -4.431787
v 2.1234734 57.9567 -5.7727923
v 2.127857 55.9707 -5.2093625
v 2.1523316 56.17453 -3.2163167
v 2.1567087 58.23348 -3.0665681
v 2.1642036 56.014423 -2.223592
v 2.1728272 58.01608 -1.718612
v 2.1753385 55.684353 -1.2737451
v 2.1879478 57.567898 -0.42887813
v 2.1853971 55.19435 -0.39563787
v 2.2016072 56.902554 0.7634461
v 2.194086 54.559296 0.38404799
v 2.2134075 56.040257 1.8221288
v 2.2011309 53.798492 1.0416241
v 2.2229702 55.00721 2.715008
v 2.2063234 52.935055 1.5571073
v 2.2300217 53.8348 3.4149487
v 2.2095068 51.995216 1.9148388
v 2.234353 52.55866 3.9006882
v 2.2105765 51.007538 2.103946
v 2.2358012 51.217552 4.157464
v 2.2095068 50.002014 2.1186848
v 2.2343466 49.852234 4.1774755
v 2.2063234 49.00922 1.9586058
v 2.2300217 48.504177 3.9601169
v 2.2011309 48.05931 1.6285756
v 2.2229702 47.214355 3.5119913
v 2.194086 47.181145 1.1386192
v 2.2134075 46.021957 2.846712
v 2.1853971 46.401417 0.50362515
v 2.2016072 44.96321 1.9844946
v 2.175332 45.743805 -0.25711352
v 2.1879478 44.070274 0.95153755
v 2.1641972 45.228294 -1.1204808
v 2.1728272 43.370308 -0.22077191
v 2.1523316 44.870552 -2.0602489
v 2.1567087 42.884552 -1.4968177
v 2.1400943 44.681446 -3.0478506
v 2.1400943 42.62777 -2.8378227
v 2.127857 44.666725 -4.0532913
v 2.1234734 42.607784 -4.203044
v 2.1159914 44.826828 -5.0460224
v 2.1073613 42.82518 -5.551
v 2.1048565 45.156895 -5.9958673
v 2.0922408 43.273354 -6.840733
v 2.0947914 45.646904 -6.873973
v 2.078575 43.938705 -8.033057
v 2.0861025 46.281956 -7.653659
v 2.066781 44.800995 -9.091741
v 2.0790575 47.042755 -8.311235
v 2.0572116 45.83404 -9.984619
v 2.0738652 47.9062 -8.826719
v 2.0501668 47.00645 -10.684561
v 2.0706885 48.846035 -9.18445
v 2.0458484 48.282597 -11.1703
v 2.069612 49.833717 -9.373557
v 2.0443938 49.623707 -11.427076
v 2.0706885 50.83923 -9.388296
v 2.0458484 50.98903 -11.447091
v 2.0738652 51.83203 -9.228217
v 2.0501668 52.33708 -11.229728
v 2.0790575 52.781944 -8.898187
v 2.0572116 53.626896 -10.781602
v 2.0861025 53.660103 -8.40823
v 2.066781 54.819294 -10.116321
v 2.0947914 54.439835 -7.773235
v 2.078575 55.878044 -9.254105
v 2.1048565 55.097446 -7.012494
v 2.0922472 56.77097 -8.221146
v 2.1159914 55.612957 -6.149127
v 2.1073613 57.470955 -7.0488367
v -2.1537275 55.976025 -5.157321
v -2.1578698 57.8524 -5.6896505
v -2.1414902 58.105446 -4.3681517
v -2.1414902 56.165127 -4.1697125
v -2.1655931 55.61828 -6.0970855
v -2.173747 57.373714 -6.947132
v -2.176728 55.102776 -6.960454
v -2.1886458 56.68392 -8.10239
v -2.186793 54.44516 -7.7211933
v -2.2021093 55.80398 -9.120321
v -2.195482 53.665424 -8.356188
v -2.2137337 54.760635 -9.969996
v -2.2025268 52.787266 -8.846143
v -2.223166 53.585583 -10.625597
v -2.2077193 51.837353 -9.176175
v -2.230113 52.314526 -11.067207
v -2.210896 50.84455 -9.336252
v -2.2343662 50.986076 -11.2814045
v -2.2119725 49.839035 -9.321515
v -2.2358012 49.64061 -11.261683
v -2.210896 48.851357 -9.132407
v -2.2343662 48.319016 -11.008641
v -2.2077193 47.91152 -8.774675
v -2.230113 47.061436 -10.529966
v -2.2025268 47.04808 -8.25919
v -2.223166 45.90608 -9.840207
v -2.195482 46.287277 -7.601618
v -2.2137337 44.88807 -8.96032
v -2.186793 45.652225 -6.821932
v -2.202116 44.038315 -7.9170356
v -2.176728 45.16222 -5.9438252
v -2.1886458 43.382645 -6.742056
v -2.1655931 44.83215 -4.9939795
v -2.173747 42.94099 -5.4710846
v -2.1537275 44.672043 -4.00125
v -2.1578698 42.726753 -4.1427364
v -2.1414902 44.686768 -2.99581
v -2.1414902 42.746452 -2.7973735
v -2.129253 44.875874 -2.008208
v -2.1251106 42.999496 -1.4758756
v -2.1173873 45.233616 -1.0684385
v -2.1092334 43.478188 -0.21839258
v -2.1062458 45.749126 -0.20506957
v -2.0943346 44.167976 0.9368652
v -2.0961874 46.40674 0.5556668
v -2.080871 45.047916 1.954795
v -2.0874984 47.18647 1.1906615
v -2.0692468 46.091263 2.804471
v -2.0804534 48.06463 1.680618
v -2.0598145 47.266315 3.4600735
v -2.075261 49.014545 2.0106487
v -2.0528672 48.537376 3.9016795
v -2.0720778 50.007343 2.1707287
v -2.0486076 49.865818 4.1158795
v -2.071008 51.01286 2.1559875
v -2.0471725 51.211277 4.096157
v -2.0720778 52.000538 1.9668813
v -2.0486076 52.53288 3.8431149
v -2.075261 52.940372 1.6091505
v -2.0528672 53.79046 3.3644438
v -2.0804534 53.803814 1.0936646
v -2.0598145 54.945816 2.6746821
v -2.0874984 54.564617 0.4360903
v -2.0692468 55.96383 1.7947917
v -2.0961874 55.199673 -0.3435955
v -2.080871 56.813587 0.75150776
v -2.1062458 55.689682 -1.2217036
v -2.0943346 57.46925 -0.42346966
v -2.1173809 56.019745 -2.1715496
v -2.1092334 57.91091 -1.6944435
v -2.129253 56.17985 -3.1642745
v -2.1251106 58.125145 -3.0227914
v -1.8329799 45.88735 -0.3084763
v 1.8999788 45.882706 -0.35385144
v 1.9097503 46.520832 0.38434768
v -1.8232213 46.525475 0.4297229
v -1.8437886 45.387115 -1.1462665
v 1.8891765 45.38247 -1.1916392
v -1.855302 45.039967 -2.0581937
v 1.8776567 45.035328 -2.1035647
v -1.8671806 44.856457 -3.0165334
v 1.8657846 44.85182 -3.0619054
v -1.8790591 44.842175 -3.9921846
v 1.853906 44.837536 -4.0375586
v -1.8905724 44.99754 -4.955503
v 1.8423927 44.992905 -5.0008783
v -1.9013747 45.317825 -5.8772073
v 1.831584 45.313187 -5.922581
v -1.9111397 45.793316 -6.7292976
v 1.8218254 45.788673 -6.774671
v -1.9195741 46.40955 -7.485884
v 1.813391 46.40492 -7.5312576
v -1.9264103 47.14781 -8.123974
v 1.8065548 47.143177 -8.169349
v -1.9314528 47.985672 -8.624186
v 1.8015189 47.981033 -8.669561
v -1.9345381 48.897667 -8.97132
v 1.7984335 48.89303 -9.016695
v -1.9355754 49.856083 -9.154824
v 1.7973899 49.851448 -9.200199
v -1.9345381 50.83181 -9.169126
v 1.7984335 50.82717 -9.214501
v -1.9314528 51.795197 -9.013792
v 1.8015189 51.790558 -9.059164
v -1.9264103 52.71696 -8.693537
v 1.8065548 52.71232 -8.738912
v -1.9195741 53.569107 -8.218099
v 1.813391 53.564465 -8.263472
v -1.9111397 54.325737 -7.601917
v 1.8218254 54.321095 -7.64729
v -1.9013747 54.963863 -6.863715
v 1.8315904 54.95923 -6.909088
v -1.8905724 55.464104 -6.0259266
v 1.8423927 55.45946 -6.0713
v -1.8790591 55.811245 -5.1140046
v 1.853906 55.806606 -5.1593776
v -1.8671806 55.994747 -4.155657
v 1.8657846 55.990112 -4.2010303
v -1.855302 56.009037 -3.1800075
v 1.8776631 56.0044 -3.225381
v -1.8437886 55.85368 -2.2166946
v 1.8891765 55.849045 -2.2620683
v -1.8329799 55.53339 -1.2949897
v 1.8999788 55.52875 -1.3403633
v -1.8232213 55.0579 -0.44289827
v 1.9097503 55.053257 -0.48827112
v -1.8147869 54.44166 0.31368756
v 1.9181782 54.437023 0.26831478
v -1.8079507 53.703396 0.95178014
v 1.9250144 53.698757 0.9064082
v -1.8029084 52.865543 1.4519932
v 1.9300503 52.8609 1.4066195
v -1.7998295 51.953545 1.7991242
v 1.9331422 51.94891 1.7537513
v -1.7987858 50.99513 1.9826308
v 1.9341794 50.990486 1.9372559
v -1.7998295 50.019398 1.996933
v 1.9331422 50.014763 1.9515576
v -1.8029084 49.05602 1.8415964
v 1.9300503 49.051376 1.7962232
v -1.8079507 48.134254 1.5213443
v 1.9250144 48.129612 1.4759699
v -1.8147869 47.28211 1.045903
v 1.9181782 47.27747 1.0005294
v 2.1400943 58.213478 -4.431787
v 1.8657846 58.21382 -4.4284525
v 1.8491638 57.95705 -5.769458
v 2.1234734 57.9567 -5.7727923
v 2.1567087 58.23348 -3.0665681
v 1.8824055 58.233814 -3.0632339
v 2.1728272 58.01608 -1.718612
v 1.8985175 58.01642 -1.7152785
v 2.1879478 57.567898 -0.42887813
v 1.9136381 57.56824 -0.4255446
v 2.2016072 56.902554 0.7634461
v 1.9272975 56.902893 0.76677966
v 2.2134075 56.040257 1.8221288
v 1.9390978 56.040592 1.825463
v 2.2229702 55.00721 2.715008
v 1.9486672 55.00755 2.7183416
v 2.2300217 53.8348 3.4149487
v 1.9557186 53.83514 3.4182837
v 2.234353 52.55866 3.9006882
v 1.9600434 52.559 3.9040232
v 2.2358012 51.217552 4.157464
v 1.9614981 51.21789 4.1607995
v 2.2343466 49.852234 4.1774755
v 1.9600434 49.85257 4.180811
v 2.2300217 48.504177 3.9601169
v 1.9557186 48.50452 3.9634519
v 2.2229702 47.214355 3.5119913
v 1.9486672 47.2147 3.5153248
v 2.2134075 46.021957 2.846712
v 1.9390978 46.022297 2.8500457
v 2.2016072 44.96321 1.9844946
v 1.9272975 44.96355 1.9878297
v 2.1879478 44.070274 0.95153755
v 1.9136381 44.070618 0.95487195
v 2.1728272 43.370308 -0.22077191
v 1.8985175 43.37065 -0.21743837
v 2.1567087 42.884552 -1.4968177
v 1.8824055 42.88489 -1.4934826
v 1.8851779 42.628086 -2.8347235
v 1.8660195 42.63176 -2.8154392
v 2.1400943 42.62777 -2.8378227
v 2.1234734 42.607784 -4.203044
v 1.8685634 42.608105 -4.199946
v 2.1073613 42.82518 -5.551
v 1.8330517 42.825523 -5.5476665
v 1.8489354 42.61121 -4.2188573
v 2.0922408 43.273354 -6.840733
v 1.8179376 43.273693 -6.8373985
v 2.078575 43.938705 -8.033057
v 1.8042651 43.939045 -8.029722
v 2.066781 44.800995 -9.091741
v 1.7924714 44.801334 -9.088406
v 2.0572116 45.83404 -9.984619
v 1.782902 45.834385 -9.981284
v 2.0501668 47.00645 -10.684561
v 1.7758505 47.00679 -10.681226
v 2.0458484 48.282597 -11.1703
v 1.7715387 48.282936 -11.166965
v 2.0443938 49.623707 -11.427076
v 1.7700841 49.624046 -11.423742
v 2.0458484 50.98903 -11.447091
v 1.7715387 50.98937 -11.443755
v 2.0501668 52.33708 -11.229728
v 1.7758505 52.337418 -11.226393
v 2.0572116 53.626896 -10.781602
v 1.782902 53.62724 -10.778268
v 2.066781 54.819294 -10.116321
v 1.792478 54.819645 -10.112987
v 2.078575 55.878044 -9.254105
v 1.8042717 55.878387 -9.250769
v 2.0922472 56.77097 -8.221146
v 1.8179376 56.771313 -8.217812
v 2.1073613 57.470955 -7.0488367
v 1.8330517 57.471287 -7.045502
v 1.9579561 55.806477 -5.1606426
v 1.9698347 55.98999 -4.202296
v 1.9464428 55.45933 -6.0725646
v 1.935634 54.9591 -6.9103527
v 1.9258754 54.320972 -7.6485543
v 1.9174411 53.564335 -8.264735
v 1.9106048 52.71219 -8.740176
v 1.9055625 51.790424 -9.060429
v 1.902477 50.82704 -9.215766
v 1.9014399 49.85132 -9.201464
v 1.902477 48.8929 -9.01796
v 1.9055625 47.980904 -8.670827
v 1.9106048 47.143047 -8.170614
v 1.9174411 46.40479 -7.5325227
v 1.9258754 45.788544 -6.775935
v 1.935634 45.313057 -5.9238462
v 1.9464428 44.992775 -5.002143
v 1.9579561 44.837406 -4.0388236
v 1.9698347 44.851692 -3.0631702
v 1.9817067 45.0352 -2.1048293
v 1.9932265 45.382343 -1.1929046
v 2.0040288 45.882576 -0.35511512
v 2.013794 46.520702 0.38308394
v 2.0222218 47.27734 0.9992641
v 2.0290644 48.129482 1.4747046
v 2.0341067 49.051247 1.7949575
v 2.0371857 50.014637 1.9502923
v 2.0382295 50.99036 1.9359912
v 2.0371857 51.94878 1.752487
v 2.0341067 52.86077 1.4053541
v 2.0290644 53.69863 0.90514284
v 2.0222282 54.436893 0.26704943
v 2.013794 55.053127 -0.48953566
v 2.0040288 55.528614 -1.3416286
v 1.9932265 55.848915 -2.2633336
v 1.9817067 56.00427 -3.226645
v -2.044596 57.96188 -5.7221293
v -1.99731 57.961823 -5.722705
v -1.9806826 58.218594 -4.3816986
v -2.0279818 58.21865 -4.381124
v -2.0607145 57.476128 -6.9981737
v -2.013422 57.47607 -6.9987483
v -2.0758352 56.776157 -8.170484
v -2.028536 56.776093 -8.171059
v -2.0894945 55.883224 -9.203442
v -2.042202 55.88317 -9.204016
v -2.1012948 54.82448 -10.0656595
v -2.0539958 54.82442 -10.066235
v -2.1108577 53.63208 -10.730937
v -2.0635717 53.63202 -10.731512
v -2.1179092 52.342255 -11.179065
v -2.0706167 52.342197 -11.17964
v -2.122234 50.9942 -11.396424
v -2.074935 50.99415 -11.397
v -2.123682 49.62888 -11.376413
v -2.0763896 49.628822 -11.376988
v -2.122234 48.287773 -11.119637
v -2.074935 48.287716 -11.120211
v -2.1179092 47.011627 -10.633896
v -2.0706167 47.01157 -10.634471
v -2.1108642 45.839222 -9.933954
v -2.0635717 45.839165 -9.934528
v -2.1012948 44.806175 -9.041079
v -2.0540023 44.806118 -9.041654
v -2.0894945 43.943886 -7.9823933
v -2.0422084 43.94383 -7.9829683
v -2.0758352 43.278538 -6.7900705
v -2.028536 43.278477 -6.790645
v -2.0607145 42.830364 -5.500338
v -2.013422 42.830303 -5.5009127
v -2.0446026 42.612965 -4.152382
v -1.99731 42.61291 -4.152957
v -2.0279818 42.632954 -2.7871594
v -1.9806892 42.632893 -2.7877345
v -2.011361 42.889732 -1.4461547
v -1.9640683 42.889675 -1.4467297
v -1.9952487 43.37549 -0.17011055
v -1.9479562 43.37543 -0.17068538
v -1.9801346 44.07546 1.0022006
v -1.9328356 44.0754 1.0016248
v -1.9664623 44.96839 2.0351574
v -1.9191762 44.96833 2.034581
v -1.9546684 46.027138 2.8973734
v -1.9073759 46.02708 2.8967986
v -1.945099 47.219536 3.562654
v -1.8978065 47.21947 3.5620775
v -1.9380541 48.50936 4.01078
v -1.890755 48.509304 4.010205
v -1.9337293 49.857403 4.2281404
v -1.8864303 49.857346 4.227566
v -1.9322746 51.22273 4.2081275
v -1.8849756 51.22267 4.2075524
v -1.9337293 52.56384 3.9513512
v -1.8864303 52.56378 3.950776
v -1.9380541 53.83998 3.4656115
v -1.890755 53.839924 3.4650369
v -1.945099 55.012386 2.7656693
v -1.8978065 55.012325 2.7650948
v -1.9546684 56.045433 1.8727908
v -1.9073759 56.045376 1.8722154
v -1.9664623 56.90773 0.81410754
v -1.9191762 56.90767 0.8135326
v -1.9801346 57.573082 -0.3782152
v -1.9328356 57.573017 -0.37879002
v -1.9952487 58.021255 -1.6679498
v -1.9479562 58.021194 -1.6685246
v -2.011361 58.238655 -3.0159051
v -1.9640683 58.238598 -3.016481
v -1.9712306 55.994877 -4.1543922
v -1.9831092 55.811375 -5.1127396
v -1.959352 56.009167 -3.178742
v -1.9478322 55.85381 -2.2154303
v -1.93703 55.533516 -1.2937251
v -1.9272649 55.05803 -0.44163373
v -1.9188371 54.44179 0.31495202
v -1.9120008 53.703526 0.9530455
v -1.9069585 52.86567 1.4532578
v -1.903873 51.953674 1.8003904
v -1.9028358 50.99526 1.9838948
v -1.903873 50.019527 1.9981966
v -1.9069585 49.05615 1.842862
v -1.9120008 48.134384 1.522608
v -1.9188371 47.28224 1.0471684
v -1.9272649 46.5256 0.4309867
v -1.93703 45.887478 -0.30721256
v -1.9478388 45.387245 -1.1450019
v -1.959352 45.040096 -2.0569282
v -1.9712306 44.856586 -3.0152688
v -1.9831092 44.842304 -3.99092
v -1.9946225 44.99767 -4.954239
v -2.0054247 45.317955 -5.875942
v -2.01519 45.79344 -6.7280326
v -2.0236177 46.40968 -7.484619
v -2.0304604 47.14794 -8.122708
v -2.0354962 47.9858 -8.622922
v -2.0385816 48.897797 -8.970056
v -2.039619 49.856213 -9.15356
v -2.0385816 50.83194 -9.167861
v -2.0354962 51.795326 -9.0125265
v -2.0304604 52.71709 -8.692272
v -2.0236177 53.569237 -8.216833
v -2.01519 54.325867 -7.6006517
v -2.0054247 54.963993 -6.8624506
v -1.9946225 55.46423 -6.024662
v -1.9039447 58.0258 -5.737232
v -1.8872457 58.283463 -4.389474
v -1.932242 58.238583 -4.3843355
v -1.948889 57.98153 -5.7274227
v -1.9201417 57.538773 -7.020034
v -1.9650271 57.495384 -7.0055513
v -1.9353405 56.83709 -8.199145
v -1.9801738 56.794876 -8.179958
v -1.9490912 55.94199 -9.238981
v -1.9938658 55.90128 -9.2150345
v -1.9609632 54.880512 -10.108181
v -2.0056922 54.84169 -10.079405
v -1.9706174 53.684742 -10.780558
v -2.0152876 53.648243 -10.746867
v -1.9777538 52.390774 -11.2358885
v -2.0223718 52.357147 -11.197212
v -1.9821503 51.037624 -11.460498
v -2.0267162 51.007515 -11.4168005
v -1.9836898 49.66604 -11.447655
v -2.0282035 49.64026 -11.398992
v -1.9823134 48.31722 -11.197718
v -2.0267813 48.296776 -11.144313
v -1.9780668 47.031605 -10.718031
v -2.022489 47.01771 -10.660428
v -1.9710741 45.84766 -10.022575
v -2.0154638 45.841755 -9.961859
v -1.9615372 44.800823 -9.131358
v -2.0059075 44.804462 -9.0694895
v -1.949724 43.922695 -8.069631
v -1.9941071 43.937294 -8.009871
v -1.9359797 43.24052 -6.867203
v -1.9804021 43.266777 -6.81445
v -1.920683 42.77694 -5.558206
v -1.9652163 42.81384 -5.5188007
v -1.9042645 42.549297 -4.181693
v -1.9489933 42.59327 -4.162055
v -1.8872457 42.567806 -2.7821913
v -1.9322485 42.612797 -2.786264
v -1.8702008 42.832977 -1.4079239
v -1.9155037 42.87217 -1.4350042
v -1.8537169 43.33456 -0.10600895
v -1.8992872 43.362816 -0.15100098
v -1.8383484 44.0535 1.0820286
v -1.884108 44.068634 1.0261352
v -1.824565 44.96495 2.121461
v -1.870416 44.967262 2.0610743
v -1.8127452 46.039814 2.9834437
v -1.8586158 46.03097 2.9232168
v -1.8032215 47.24538 3.6443024
v -1.8490593 47.22742 3.58714
v -1.7962548 48.545586 4.0857034
v -1.8420274 48.520443 4.0332026
v -1.7920278 49.901684 4.295222
v -1.8377287 49.870975 4.2481556
v -1.7906775 51.27317 4.2669506
v -1.8363001 51.238197 4.225608
v -1.7922431 52.618965 4.001889
v -1.837781 52.580753 3.9662843
v -1.7966722 53.89864 3.5080216
v -1.8421319 53.85799 3.4780433
v -1.8038216 55.073654 2.8001878
v -1.8492094 55.031204 2.775672
v -1.8134888 56.108562 1.899678
v -1.8588048 56.064827 1.8804424
v -1.8253804 56.97212 0.8336065
v -1.8706248 56.927517 0.8194827
v -1.8391377 57.638203 -0.36589247
v -1.8843168 57.59309 -0.37505156
v -1.854343 58.086674 -1.6626307
v -1.8994634 58.041363 -1.6669453
v -1.8705399 58.30396 -3.0174623
v -1.9156016 58.258736 -3.0170221
v -2.0929976 57.942566 -5.716043
v -2.0764222 58.19868 -4.378486
v -2.1214252 58.153793 -4.3733425
v -2.1379025 57.899162 -5.7031665
v -2.1090703 57.458057 -6.988806
v -2.1538842 57.41746 -6.96857
v -2.1241517 56.75988 -8.158102
v -2.1688743 56.72332 -8.131106
v -2.1377852 55.869247 -9.188403
v -2.1824226 55.837837 -9.155449
v -2.1495461 54.81323 -10.048405
v -2.1941252 54.787918 -10.010478
v -2.1590896 53.623894 -10.71197
v -2.2036097 53.60546 -10.670209
v -2.1661215 52.337387 -11.158946
v -2.210609 52.32639 -11.114599
v -2.1704266 50.992798 -11.375747
v -2.214888 50.98958 -11.330148
v -2.1718814 49.630985 -11.355786
v -2.2163298 49.63564 -11.310303
v -2.1704266 48.29333 -11.09967
v -2.214888 48.30572 -11.055667
v -2.1661215 47.02047 -10.615179
v -2.210609 47.040215 -10.5739765
v -2.1590896 45.851074 -9.917037
v -2.2036097 45.877586 -9.879871
v -2.1495461 44.82069 -9.026458
v -2.1941252 44.853153 -8.994442
v -2.1377852 43.96061 -7.9704947
v -2.1824293 43.99805 -7.944584
v -2.1241517 43.29698 -6.781238
v -2.1688807 43.33825 -6.7622027
v -2.1090703 42.84995 -5.4948215
v -2.1538842 42.89381 -5.4832244
v -2.0929976 42.633114 -4.150332
v -2.1379025 42.678226 -4.1465077
v -2.0764287 42.653053 -2.7886202
v -2.1214252 42.69805 -2.7926693
v -2.059847 42.90917 -1.4510632
v -2.1049478 42.952682 -1.4628468
v -2.0437741 43.393677 -0.17830017
v -2.0889661 43.434387 -0.1974422
v -2.0286992 44.091854 0.9909946
v -2.073976 44.128525 0.9650944
v -2.015066 44.982483 2.021295
v -2.060421 45.01401 1.9894366
v -2.0033047 46.03851 2.8812952
v -2.0487251 46.063927 2.8444645
v -1.9937549 47.22784 3.5448642
v -2.039234 47.24639 3.5041957
v -1.986723 48.514343 3.9918385
v -2.0322478 48.525448 3.9485877
v -1.9824113 49.85893 4.208641
v -2.0279555 49.862263 4.1641345
v -1.9809631 51.220745 4.188678
v -2.026514 51.2162 4.14429
v -1.9824113 52.5584 3.9325624
v -2.0279555 52.546124 3.8896542
v -1.986723 53.831264 3.448073
v -2.0322413 53.81163 3.4079652
v -1.9937549 55.000656 2.7499297
v -2.039234 54.97426 2.7138581
v -2.0032983 56.031044 1.8593467
v -2.0487251 55.998688 1.8284258
v -2.015066 56.891125 0.8033858
v -2.060421 56.853806 0.778568
v -2.0286992 57.554752 -0.38587144
v -2.0739696 57.5136 -0.4038116
v -2.0437741 58.001785 -1.6722883
v -2.0889661 57.95804 -1.6827917
v -2.059847 58.21862 -3.016777
v -2.1049478 58.173626 -3.0195076
v 2.0386274 55.838673 -5.170787
v 2.0505712 56.02328 -4.206693
v 2.1066568 56.07922 -4.213102
v 2.094589 55.892765 -5.1868343
v 2.0270357 55.48945 -6.0881777
v 2.0828867 55.540054 -6.113396
v 2.0161684 54.98622 -6.93099
v 2.0719082 55.031788 -6.9646335
v 2.0063446 54.34426 -7.673619
v 2.0619867 54.383408 -7.7146873
v 1.9978645 53.58309 -8.293496
v 2.0534217 53.61463 -8.340759
v 1.9909825 52.725834 -8.771788
v 2.0464747 52.748806 -8.823833
v 1.9859207 51.79854 -9.093961
v 2.0413475 51.81224 -9.149228
v 1.9828092 50.82938 -9.250229
v 2.0382164 50.833393 -9.307058
v 1.9817654 49.847805 -9.235841
v 2.0371597 49.842007 -9.292526
v 1.9828092 48.883636 -9.051236
v 2.0382164 48.8682 -9.106076
v 1.9859207 47.96617 -8.702022
v 2.0413475 47.941566 -8.75337
v 1.9909825 47.123287 -8.19881
v 2.0464747 47.090256 -8.245128
v 1.9978645 46.3806 -7.55689
v 2.0534217 46.340137 -7.596791
v 2.0063446 45.76067 -6.795767
v 2.0619867 45.714012 -6.8280587
v 2.0161684 45.282326 -5.938567
v 2.0719082 45.23089 -5.96229
v 2.0270357 44.96012 -5.011337
v 2.0828867 44.90546 -5.0257893
v 2.0386207 44.80383 -4.04224
v 2.094589 44.7476 -4.0470057
v 2.0505712 44.818195 -3.060736
v 2.1066504 44.76212 -3.0556903
v 2.062515 45.0028 -2.0966485
v 2.1187181 44.948566 -2.0819638
v 2.0741 45.352024 -1.1792545
v 2.1304204 45.301285 -1.155399
v 2.0849676 45.85526 -0.33644176
v 2.141399 45.80955 -0.30416098
v 2.0947978 46.497215 0.40618473
v 2.1513205 46.457928 0.44588935
v 2.103278 47.25839 1.0260618
v 2.1598854 47.226704 1.0719626
v 2.1101596 48.11564 1.5043525
v 2.1668324 48.09253 1.5550361
v 2.1152217 49.04294 1.8265258
v 2.1719532 49.029095 1.8804294
v 2.118333 50.012096 1.9827936
v 2.1750908 50.007942 2.0382595
v 2.119377 50.993675 1.9684067
v 2.176141 50.999332 2.0237281
v 2.118333 51.957844 1.7838014
v 2.1750908 51.973137 1.8372772
v 2.1152217 52.8753 1.4345865
v 2.1719532 52.899776 1.4845715
v 2.1101596 53.71818 0.9313756
v 2.1668324 53.75108 0.9763319
v 2.103278 54.460876 0.28945547
v 2.1598854 54.501198 0.32799298
v 2.0947978 55.080807 -0.47166708
v 2.1513205 55.12733 -0.44073844
v 2.0849676 55.55915 -1.3288693
v 2.141399 55.61045 -1.3065103
v 2.0741065 55.88136 -2.2561026
v 2.1304204 55.93588 -2.2430115
v 2.062515 56.03765 -3.225192
v 2.1187181 56.093735 -3.2217898
v -2.0519671 56.02838 -4.1568265
v -2.063911 55.843777 -5.1209216
v -2.120114 55.898003 -5.1356053
v -2.1080463 56.084457 -4.161872
v -2.040017 56.042755 -3.1753256
v -2.0959785 56.098965 -3.17056
v -2.0284317 55.88646 -2.2062361
v -2.084276 55.94112 -2.1917827
v -2.0175643 55.56425 -1.2790035
v -2.0732977 55.61569 -1.2552806
v -2.0077405 55.085907 -0.42180297
v -2.0633826 55.13256 -0.38951027
v -1.9992604 54.465973 0.33932048
v -2.0548177 54.50644 0.37922102
v -1.9923785 53.723286 0.9812414
v -2.047864 53.75632 1.02756
v -1.98731 52.8804 1.4844532
v -2.04275 52.90501 1.5358012
v -1.9842116 51.962936 1.8336663
v -2.0396123 51.97838 1.8885069
v -1.9831613 50.99877 2.0182726
v -2.0385556 51.00457 2.0749578
v -1.9842116 50.017193 2.0326602
v -2.0396123 50.01318 2.0894895
v -1.98731 49.04803 1.876394
v -2.04275 49.034332 1.9316599
v -1.9923785 48.120743 1.5542183
v -2.047864 48.097767 1.6062652
v -1.9992604 47.263485 1.0759277
v -2.0548177 47.23194 1.1231916
v -2.0077405 46.50231 0.45605147
v -2.0633826 46.463165 0.49711907
v -2.0175643 45.860363 -0.2865743
v -2.0732977 45.81479 -0.25292963
v -2.0284317 45.357124 -1.129388
v -2.084276 45.306526 -1.1041692
v -2.040017 45.0079 -2.0467842
v -2.0959785 44.953804 -2.0307357
v -2.0519671 44.82329 -3.010871
v -2.1080463 44.767357 -3.0044622
v -2.063911 44.808926 -3.9923744
v -2.120114 44.75284 -3.995777
v -2.075496 44.965218 -4.9614697
v -2.1318164 44.910698 -4.9745593
v -2.08637 45.287426 -5.8887014
v -2.1427948 45.236126 -5.9110603
v -2.0961938 45.765762 -6.7459016
v -2.1527164 45.71925 -6.7768307
v -2.1046739 46.3857 -7.507025
v -2.1612813 46.34538 -7.5455627
v -2.1115491 47.128384 -8.148941
v -2.1682284 47.09549 -8.193896
v -2.1166177 47.97127 -8.652155
v -2.1733491 47.946804 -8.70214
v -2.1197226 48.888733 -9.001369
v -2.17648 48.87344 -9.054846
v -2.1207664 49.852898 -9.185974
v -2.177537 49.84724 -9.241296
v -2.1197226 50.83448 -9.200361
v -2.17648 50.838634 -9.255828
v -2.1166177 51.803635 -9.044095
v -2.1733491 51.817482 -9.098
v -2.1115491 52.730938 -8.72192
v -2.1682284 52.754047 -8.772602
v -2.1046739 53.588184 -8.243629
v -2.1612813 53.61987 -8.289531
v -2.0961938 54.349358 -7.623754
v -2.1527164 54.388645 -7.6634583
v -2.08637 54.99131 -6.881126
v -2.1427948 55.037025 -6.9134064
v -2.075496 55.49455 -6.038312
v -2.1318164 55.54529 -6.0621676
v 1.9372778 83.30387 -10.774855
v 1.9320985 84.80405 -11.366796
v 1.7823671 84.35328 -13.964443
v 1.7909842 83.24982 -13.1422825
v 1.7318848 81.81001 -17.857983
v 1.7311999 80.29431 -17.759142
v 1.7115262 80.280525 -17.780485
v 1.7122568 81.79863 -17.875227
v -1.9819155 81.80322 -17.830324
v -1.9826525 80.28511 -17.735584
v -2.001087 81.814445 -17.812778
v -1.9488825 84.05278 -13.746494
v -1.9434879 83.23168 -13.219002
v -2.0017653 80.29924 -17.71373
v -1.9204613 85.05693 -11.5107355
v -1.8793852 85.67504 -8.195107
v -1.8790265 84.23965 -8.018427
v -1.9222486 83.57275 -11.506052
v -1.8359283 85.76844 -4.629174
v -1.8310295 84.337326 -4.0794916
v -1.7949045 83.92875 -1.0657654
v -1.7900382 85.52802 -0.82899284
v -1.7564573 85.47734 1.9384195
v -1.7458051 83.66765 2.9998894
v -1.7261119 83.66601 3.0248399
v -1.7368032 85.47691 1.9600708
v 1.9573755 85.47232 1.9151704
v 1.9680669 83.66142 2.9799385
v 1.9765012 85.472694 1.8930476
v 1.9426855 85.52374 -0.8938876
v 1.9378127 83.92542 -1.1316586
v 1.9871535 83.66302 2.9545174
v 1.9783148 85.89166 -7.719598
v 1.9738268 84.372536 -7.9325905
v 1.2011322 93.09363 -15.766325
v 0.95894885 93.01306 -16.157694
v 1.2937212 89.354836 -15.863717
v 1.3792 89.40979 -15.539957
v 1.7358965 92.83339 -17.39275
v 1.7415195 89.25547 -16.564613
v 1.2754434 89.29902 -16.195047
v 0.7885653 92.92191 -16.641571
v 1.6790085 88.54594 -21.30117
v 1.6785649 91.21413 -21.610573
v -2.0156138 91.21872 -21.56567
v -2.0151703 88.55052 -21.256266
v -1.9941593 92.02863 -18.287436
v -1.972894 93.03153 -16.640816
v -1.9719286 89.52236 -16.202517
v -2.000826 87.64276 -18.38731
v -1.9161365 92.386925 -11.9048815
v -1.8812509 92.8113 -9.078129
v -1.8805007 89.96086 -8.724958
v -1.916854 89.469185 -11.665404
v -1.851225 93.085205 -6.6357923
v -1.8447019 90.154915 -5.7993298
v -1.7870115 94.51234 -1.4987528
v -1.7677293 95.05691 0.031835914
v -1.767253 91.656494 0.41869104
v -1.7883618 90.7246 -1.2226876
v -1.7476186 91.666885 0.4367907
v -1.7480947 95.06356 0.050361514
v 1.946084 95.05896 0.005460143
v 1.9465537 91.66229 0.39188945
v 1.9657121 91.651855 0.3733182
v 1.9652424 95.05227 -0.013535261
v 1.9457122 94.50096 -1.5630804
v 1.9443619 90.70936 -1.2867336
v 1.9913284 93.478935 -7.420327
v 1.9857249 90.4319 -7.572171
v 1.7032614 96.19487 -20.08774
v -1.9909108 96.19946 -20.042837
v 1.6986365 88.5395 -21.281136
v 1.7321392 87.63812 -18.432684
v 1.7388058 92.024 -18.33281
v 1.698193 91.218796 -21.591831
v -2.004792 84.48038 -19.986185
v -1.9880929 83.25684 -18.487423
v 1.7060794 83.25226 -18.532324
v 1.6893867 84.475784 -20.03109
v -2.034322 88.544136 -21.235762
v -2.0347722 91.223434 -21.546453
v 1.6882387 95.54392 -21.256847
v -2.0059335 95.54851 -21.211943
v -2.010004 95.173965 -21.508707
v 1.6841682 95.16937 -21.55361
v 1.6812981 94.784966 -21.750656
v -2.0128741 94.78956 -21.705753
v -2.0150986 94.31747 -21.840134
v 1.6790802 94.31288 -21.885036
v 1.6981016 96.062416 -20.498878
v -1.9960772 96.06701 -20.453974
v -2.0015826 95.82824 -20.882795
v 1.6925896 95.823654 -20.927698
v -2.0160575 93.88691 -21.875074
v 1.6781148 93.88232 -21.91998
v -2.0093842 84.85012 -20.401524
v 1.6847944 84.84553 -20.446428
v 1.6811742 85.356926 -20.79686
v -2.0130045 85.36153 -20.751957
v 1.6794455 85.87774 -20.991764
v -2.0147266 85.88234 -20.946861
v 1.7631435 85.678604 -15.728453
v 1.7624978 85.66459 -15.732939
v 1.931694 86.189255 -11.568732
v 1.9373039 83.27543 -10.753263
v 1.7621063 85.66171 -15.765088
v 1.7255965 83.27117 -18.524641
v -2.007349 83.2735 -18.477093
v -1.9674994 85.44806 -15.421105
v -1.953977 84.55515 -14.217059
v -1.917565 86.55147 -11.425698
v -1.8797506 87.11043 -8.371787
v -1.8381788 87.224396 -4.9626846
v -1.7897186 86.93625 -0.9466437
v -1.7667638 88.25746 0.80650926
v -1.7471423 88.2702 0.8232193
v 1.94703 88.26561 0.77831876
v 1.9662013 88.25282 0.76113725
v 1.9430051 86.91776 -1.010387
v 1.980115 87.385216 -7.723976
v -1.8843298 148.46678 -17.882927
v -1.9072651 149.54327 -17.019629
v -1.8988241 95.48192 -10.797455
v -1.9072455 95.392 -11.480532
v -1.8815509 152.35426 -15.191221
v -1.8705008 152.99805 -14.348299
v -1.8656737 95.89963 -8.112407
v -1.8738341 95.780685 -8.7718525
v -1.7750808 145.20915 -5.701395
v -1.768199 98.4581 -0.35510564
v -1.7856548 98.299355 -1.7747731
v -1.7929868 148.08772 -7.469259
v 1.9387325 145.19174 -5.725548
v 1.9456079 98.455635 -0.3809682
v -1.7485709 98.46023 -0.3360678
v -1.7554462 145.19633 -5.680648
v 1.9397305 148.13458 -7.540044
v 1.947069 98.29255 -1.8394272
v 1.9647663 98.45346 -0.4004792
v 1.9578843 145.20451 -5.746767
v 1.9657707 150.29424 -9.795578
v 1.9660839 151.76294 -11.312382
v 1.9756598 97.27966 -4.953012
v 1.9685105 97.53289 -4.1746163
v -1.3636359 82.86005 -11.998987
v -1.9091437 82.65419 -11.765842
v -1.9177151 82.41692 -12.440105
v -1.3872169 82.732506 -12.390759
v -1.2559133 83.614075 -11.793339
v -1.9044993 83.57011 -11.533428
v -1.2179618 85.06287 -11.834565
v -1.902901 85.053535 -11.537951
v -1.1688755 86.552925 -11.773947
v -1.9000374 86.54804 -11.452898
v -1.1667163 89.45881 -12.010727
v -1.1645441 92.36469 -12.247507
v -1.8985567 92.38357 -11.931767
v -1.8992938 89.465805 -11.692333
v -1.1700497 147.31433 -18.437492
v -1.8664173 147.90277 -18.188774
v -1.8978261 95.301346 -12.1712
v -1.1623784 95.27056 -12.484287
v -1.2647586 89.67496 -15.766499
v -1.9551512 89.54077 -16.175074
v -1.9553273 93.04464 -16.614153
v -1.2387314 93.129395 -16.26271
v -1.2086142 84.80175 -13.96356
v -1.9360449 84.57274 -14.195624
v -1.9510286 85.46364 -15.39394
v -1.2743737 85.62986 -14.937602
v -1.2604208 83.43143 -12.979528
v -1.9254384 83.247284 -13.196824
v -1.9307221 84.06746 -13.72387
v -1.208823 84.27526 -13.508527
v -0.70753527 83.40775 -1.9388967
v -1.785583 82.95891 -1.67419
v -1.8011407 82.97666 -2.9563951
v -0.7174113 83.419014 -2.7528267
v -0.7017884 84.084236 -1.5355264
v -1.7773117 83.93257 -1.0936146
v -0.6973462 85.54171 -1.3187072
v -1.7724454 85.528595 -0.85618675
v -0.6793359 86.87974 -1.440644
v -1.7721454 86.92172 -0.9726459
v -0.6838825 90.67099 -1.713613
v -0.6884291 94.46225 -1.9865845
v -1.7694187 94.5049 -1.5253155
v -1.7707821 90.71331 -1.2489794
v -0.70037943 148.50568 -8.007235
v -1.7754004 148.15771 -7.504465
v -1.768062 98.296486 -1.80165
v -0.6929757 98.25352 -2.259555
v -0.7535036 96.10593 -7.0194716
v -1.8394965 96.01999 -7.4458876
v -1.8446758 153.15408 -13.750739
v -0.7612661 153.14969 -13.491175
v -0.7409727 93.181366 -6.178636
v -0.72844833 90.256805 -5.3378
v -1.8264829 90.157845 -5.77242
v -1.8329865 93.08892 -6.6091537
v -0.7347758 85.89476 -4.1843214
v -1.8176832 85.77103 -4.6020594
v -1.8199729 87.22677 -4.9356875
v -0.71591747 87.33225 -4.4969645
v -0.7271633 84.56561 -3.672245
v -1.8127452 84.34159 -4.0508876
v 0.015929427 149.09991 -8.761127
v 0.023437522 98.17602 -2.9364448
v 0.22159645 150.30235 -9.785202
v 0.22937852 97.98215 -3.7953331
v 0.20502123 151.77748 -11.299871
v 0.21303813 97.4376 -5.0836115
v -0.09667244 96.82369 -6.1321516
v -0.10494374 152.82684 -12.539171
v -0.110840626 90.60768 -2.238771
v -0.043704815 94.39185 -2.587607
v 0.051173773 90.600945 -2.866772
v 0.14027941 94.29154 -3.331053
v 0.04054763 90.48458 -3.7287686
v 0.12679614 93.96108 -4.4061904
v -0.2015379 90.37809 -4.548972
v -0.14911169 93.60089 -5.3405623
v -0.1750019 85.67374 -2.9523182
v -0.045694362 87.00807 -3.0513473
v -0.03792534 86.91033 -2.4024887
v -0.16978341 85.61385 -2.2253256
v -0.28213087 85.53868 -1.6843035
v -0.17797644 86.82352 -1.8899329
v -0.25397062 87.15528 -3.7573829
v -0.34744674 85.77221 -3.549956
v -0.1725166 145.27933 -19.293816
v -0.61806434 146.20279 -18.76074
v -0.6105171 95.22193 -12.929348
v -0.16872016 119.48603 -16.343555
v -0.16513245 95.14971 -13.559946
v -0.56243527 89.40914 -12.408725
v -0.21653453 89.34961 -12.771604
v -0.19083348 92.24966 -13.165776
v -0.5864795 92.31553 -12.669036
v -0.30925396 92.6673 -15.358776
v -0.35858822 89.366264 -14.876178
v -0.6885139 89.45321 -15.250385
v -0.6572552 92.90046 -15.780523
v -0.00060012576 92.28122 -13.821149
v -0.03311129 89.30745 -13.394447
v -0.065628976 89.31768 -14.193617
v -0.0343572 92.4479 -14.668825
v -0.8894125 84.44427 -12.185677
v -0.9973308 83.13582 -12.194544
v -1.0146496 83.10764 -12.439879
v -0.46290573 84.94414 -12.511246
v -0.065628976 86.33366 -12.967746
v -0.24223556 86.449554 -12.377431
v -0.74007255 85.013504 -12.113697
v -0.53839767 86.50274 -12.148411
v -0.40792248 86.06523 -14.3935795
v -0.71977264 86.00595 -14.720249
v -0.5510264 84.73877 -13.281991
v -1.0655364 83.26992 -12.706431
v -0.096900746 86.18746 -13.7184105
v -1.9709436 86.01677 -15.76262
v -1.2907923 86.2205 -15.270287
v -1.9551185 86.036835 -15.73613
v 1.8657846 58.21382 -4.4284525
v 1.947069 82.46426 -9.960094
v 0.8510632 82.98819 -9.805504
v 1.9292479 82.49141 -9.961816
v 1.9447598 82.79886 -8.716888
v 0.86090654 83.18335 -9.015238
v 0.84512717 83.55584 -10.35149
v 1.9207091 83.30845 -10.747659
v 0.8402544 84.92645 -10.892498
v 1.9153798 84.809326 -11.340088
v 0.8218462 86.257355 -11.076504
v 1.9146557 86.19267 -11.541899
v 0.8252643 90.01204 -11.668532
v 0.82867587 93.76672 -12.260561
v 1.909672 93.7042 -12.719551
v 1.9121639 89.94843 -12.130725
v 0.8262819 147.36792 -18.427607
v 1.9017856 146.30502 -18.739712
v 1.9071738 97.45996 -13.308378
v 0.832094 97.5214 -12.852589
v 0.89309156 96.50665 -7.730173
v 1.9790909 96.51977 -7.295411
v 1.9708588 153.13644 -13.803284
v 0.8824067 152.99303 -14.384902
v 0.88146085 93.46768 -7.8874025
v 0.8698302 90.42871 -8.044632
v 1.9678777 90.431 -7.5989313
v 1.9734876 93.47539 -7.4471717
v 0.8774883 85.91879 -8.181107
v 1.9604152 85.89313 -7.7462454
v 1.9622679 87.38661 -7.7506895
v 0.8581929 87.38974 -8.201862
v 0.87028676 84.508255 -8.379131
v 1.9559274 84.376045 -7.959655
v 0.10919028 148.4503 -17.909006
v 0.11567425 97.598885 -12.1757
v -0.08675732 150.39902 -16.40791
v -0.09023413 97.60433 -11.295214
v -0.08005156 151.12856 -15.930414
v -0.07378286 97.36543 -9.917126
v 0.23608427 97.00483 -8.756879
v 0.2263257 152.36423 -15.220253
v 0.25222245 90.06903 -11.1426525
v 0.1839516 93.833954 -11.659177
v 0.09018847 90.20453 -10.529409
v -0.000026092473 93.90443 -10.912312
v 0.10081461 90.28624 -9.663443
v 0.013515877 93.82584 -9.790285
v 0.34290665 90.368195 -8.840425
v 0.28949547 93.6865 -8.798651
v 0.31782532 85.42455 -9.331119
v 0.18811335 86.74665 -9.536601
v 0.18039651 86.50462 -10.146509
v 0.31263945 85.20172 -10.025704
v 0.4250326 85.0061 -10.535684
v 0.32049328 86.3041 -10.626128
v 0.3963244 87.049866 -8.882196
v 0.49021798 85.65576 -8.771274
v 1.9455882 82.48233 -9.990443
v -1.8985045 150.40689 -16.387348
v -1.8916357 151.11847 -15.8950815
v -1.882001 95.66174 -9.431298
v -1.8904158 95.57183 -10.114377
v -1.9154189 95.30462 -12.144367
v -1.8840102 147.93748 -18.165384
v -1.8633515 153.14882 -13.77562
v -1.8577482 96.01512 -7.472118
v -1.8552889 147.92894 -18.189615
v 1.878022 146.33072 -18.741869
v 0.78900886 147.40994 -18.423128
v -1.8648975 148.48871 -17.89042
v 0.082934774 148.49242 -17.900572
v -1.8878196 149.56046 -17.031397
v -0.10618965 150.42856 -16.410547
v -1.8791178 150.43568 -16.390865
v -0.0996535 151.15918 -15.933474
v -1.8722556 151.14934 -15.899043
v -1.8621577 152.38087 -15.194501
v 0.20511909 152.3894 -15.22291
v -1.8511142 153.01886 -14.350838
v 0.8535876 153.0133 -14.386902
v -1.8319362 153.1731 -13.759115
v 1.9623331 153.15794 -13.79718
v 1.974877 153.1514 -13.515712
v 1.9880211 153.13953 -13.775818
v 1.9969317 96.52626 -7.2689323
v 1.9899584 96.77322 -6.509804
v 1.9693584 152.78096 -12.539177
v 1.9828156 97.026436 -5.731407
v 1.9542184 98.03933 -2.6178231
v 1.9510155 148.49966 -8.041266
v 1.9613677 97.78611 -3.3962204
v 1.959352 149.09982 -8.80903
v -0.6701383 148.52745 -8.010119
v 1.9316158 148.52606 -8.043852
v 0.0377166 149.12767 -8.764837
v 1.9399524 149.1302 -8.81176
v 0.24106793 150.3344 -9.788992
v 1.9463711 150.32669 -9.798911
v 1.9466841 151.79216 -11.315635
v 0.22458403 151.80621 -11.303318
v 1.9499588 152.80583 -12.54216
v -0.08355447 152.84996 -12.541873
v 1.9554642 153.17183 -13.518076
v -0.7255064 153.16965 -13.493761
v 1.924186 97.45435 -13.334881
v 1.9186804 146.30472 -18.761406
v 1.9064888 146.29195 -18.750618
v 1.9066062 97.35716 -13.737036
v 1.8847016 145.24916 -19.35354
v 1.8865868 119.349075 -16.549809
v 1.8881915 97.25539 -14.15813
v -1.1369318 147.33153 -18.444086
v 1.8801354 146.32582 -18.750515
v -0.59178925 146.22421 -18.770561
v 1.8654845 145.28676 -19.352268
v 1.75649 89.239624 -16.593227
v 1.7508736 92.81754 -17.421364
v 1.4352074 93.17382 -15.378315
v 1.5093424 89.45205 -15.327132
v 1.7768681 89.46746 -15.122148
v 1.7996794 93.24069 -15.093985
v 1.8158567 93.247246 -15.062825
v 1.7932673 89.471535 -15.090494
v 1.9290979 89.94431 -12.157434
v 1.9265865 93.699455 -12.746149
v 0.8801432 96.76919 -16.064676
v 0.5533812 96.66161 -16.535952
v 1.7598754 85.69537 -15.749123
v 1.7603451 85.695404 -15.747444
v 1.7469597 85.790504 -15.762614
v 0.30425724 96.52562 -17.08573
v 1.7303127 96.392365 -18.216505
v -1.9875188 96.39494 -18.188005
v -1.9738594 96.5261 -17.077293
v 1.9457122 94.50096 -1.5630813
v 1.7043834 84.85842 -20.432003
v 1.7089496 84.490524 -20.018738
v 1.6990801 85.8823 -20.973007
v 1.7007891 85.36592 -20.77976
v 1.7009065 94.777794 -21.732761
v 1.6987017 94.30938 -21.866096
v 1.6977494 93.88263 -21.900728
v 1.7077949 95.53036 -21.243067
v 1.7037506 95.1588 -21.537458
v 1.7175666 96.04452 -20.491346
v 1.7121001 95.80761 -20.916832
v 1.7454268 96.37856 -18.233646
v 1.7226807 96.175804 -20.083845
v -2.0153985 96.04915 -20.445972
v -2.010278 96.180435 -20.038471
v -2.0251768 95.534996 -21.197693
v -2.0208585 95.81225 -20.871454
v -2.0320585 94.78243 -21.687386
v -2.0292146 95.16344 -21.492083
v -2.0352159 93.88727 -21.855354
v -2.0342634 94.314026 -21.820723
v -2.0285819 84.86306 -20.386627
v -2.032176 85.37056 -20.734383
v -2.033885 85.88695 -20.927633
v -2.0240157 84.49516 -19.973364
v -1.9556143 96.54848 -17.053299
v -1.2127042 96.583855 -16.758917
v -0.6259899 96.34771 -16.310656
v -0.25992623 95.96832 -15.841372
v -0.0030854293 95.578125 -15.144028
v 0.03191756 95.25501 -14.247848
v 0.30961272 96.54848 -17.0707
v 1.7484144 85.88376 -15.725349
v 1.8160785 96.947136 -15.430715
v 1.3499047 96.86603 -15.687225
v 1.8513815 97.05185 -15.000324
v 1.8338017 96.954666 -15.402411
v 1.8697833 97.153625 -14.579226
v 0.28144595 102.3003 -17.745956
v -1.9550794 102.30308 -17.718773
v -1.9542314 96.56687 -17.062878
v 0.28228092 96.56409 -17.090061
v 1.8328494 104.30516 -16.23211
v 1.8504162 104.77514 -15.86936
v -0.6272489 103.13537 -17.087145
v -0.26113302 103.61842 -16.716345
v 0.018212514 140.05531 -19.544273
v -0.0099999225 140.93306 -20.331526
v -0.010397832 143.51657 -20.627018
v 0.024539927 144.51117 -19.882845
v 0.025779316 133.40968 -18.62315
v 0.025453161 120.29633 -17.102701
v -0.2671473 141.74052 -21.076546
v -0.26730385 142.73149 -21.189886
v -1.2135913 102.65513 -17.453148
v 0.3095736 102.31293 -17.730213
v 0.61400044 102.91628 -17.268282
v 0.9506319 103.45973 -16.85344
v 1.3926506 103.913864 -16.508976
v 1.8155241 104.24821 -16.2554
v 1.8640821 144.52785 -19.893501
v 1.8669848 120.37243 -17.183842
v 1.8677285 120.30239 -17.156471
v 1.8651583 133.40729 -18.649513
v 1.864617 140.07826 -19.393894
v 1.8455238 144.00648 -20.283743
v 1.8467894 140.37263 -19.855352
v -0.14875944 145.29851 -19.304007
v 1.8449106 144.56306 -19.891018
v 0.044800695 144.5344 -19.889492
v 1.8263133 144.03995 -20.282671
v 0.009243242 143.54407 -20.630707
v 1.8072789 143.51265 -20.676548
v 1.6076065 142.92989 -21.05986
v -0.24521662 142.76035 -21.191387
v 1.8502009 106.51091 -16.06467
v 1.8325168 106.90595 -16.525667
v -1.9564558 102.31006 -17.712097
v -0.004422666 104.35667 -16.148077
v 0.030312875 106.03176 -15.480483
v -0.0036398934 104.42081 -16.135908
v 1.8687592 105.78295 -15.54646
v -0.004005187 106.82948 -16.4114
v 0.28051966 108.60392 -18.466738
v 0.2795412 115.22966 -19.224354
v -1.5686831 115.22986 -19.201649
v -1.5677112 108.608055 -18.444485
v 1.8487659 117.998344 -17.35726
v 1.830325 117.4442 -17.734657
v 1.8316818 106.94745 -16.549852
v -0.6281295 107.9043 -17.632702
v -0.6296559 116.16273 -18.577448
v -0.26320082 116.703606 -18.212957
v -0.26174617 107.49716 -17.159973
v -1.2144198 108.30923 -18.099678
v -1.2155026 115.6262 -18.936352
v 0.6642284 108.09845 -17.875042
v 0.73960936 115.87625 -18.785717
v 0.31076732 115.24201 -19.210539
v 0.31181753 108.59496 -18.450542
v 0.99468243 107.64097 -17.346375
v 1.0877019 116.47011 -18.387266
v 1.4128919 107.25095 -16.89807
v 1.4720107 116.99786 -18.034527
v -1.5966934 108.46151 -18.270618
v -1.5977175 115.42521 -19.066883
v -0.0048075295 106.875336 -16.436152
v -0.006431783 117.52922 -17.654697
v 0.02570104 118.64013 -16.913252
v 1.8675654 118.584435 -16.973505
v 0.2783018 123.68518 -20.19119
v 0.2773951 129.86809 -20.898167
v -1.5140783 129.86803 -20.876131
v -1.5131716 123.69017 -20.16973
v 1.8469132 132.84288 -19.027592
v 1.8288116 132.24448 -19.372856
v 1.8298031 121.47473 -18.189596
v 1.8484005 120.92458 -17.686525
v -0.6308757 122.76185 -19.332375
v -0.6323695 130.84697 -20.257294
v -0.26551652 131.41559 -19.895636
v -0.26407492 122.223595 -18.844303
v -1.2166312 123.29566 -19.813335
v -1.2176487 130.28438 -20.612474
v 0.8813239 130.49727 -20.497635
v 0.3113544 129.8794 -20.886812
v 0.31231982 123.67549 -20.177494
v 0.8092957 123.065994 -19.627535
v 1.2418821 131.10405 -20.112495
v 1.1509956 122.47757 -19.095499
v 1.5610772 131.68135 -19.746572
v 1.5019845 121.939865 -18.610746
v -1.5461719 123.46945 -19.965532
v -1.5471439 130.10207 -20.723944
v -0.0070253857 121.40241 -18.097696
v -0.008290868 132.31076 -19.335592
v 1.8467828 133.90479 -19.147081
v 1.8289486 134.43504 -19.633015
v -0.008610501 134.38757 -19.573128
v 0.27388567 136.54276 -21.661346
v 0.27417922 136.94505 -21.706367
v -1.5524797 136.9461 -21.685009
v -1.5524145 136.54504 -21.639149
v 1.8468676 139.731 -19.783157
v 1.8275266 139.13206 -20.18264
v -0.6332632 135.69406 -20.811792
v -0.6336611 137.83733 -21.05698
v -0.2666124 138.36786 -20.690798
v -0.26611012 135.18723 -20.327013
v -1.2185228 136.19559 -21.288406
v -1.2186859 137.31305 -21.416183
v 0.94909245 137.4893 -21.316307
v 0.31160226 136.93468 -21.69518
v 0.31173274 136.55347 -21.651693
v 0.93483293 136.01802 -21.14404
v 1.3150387 138.04784 -20.931118
v 1.2879678 135.47832 -20.628193
v 1.6030208 138.59648 -20.552855
v 1.5809336 134.95471 -20.128233
v -1.6007769 136.38489 -21.463526
v -1.6008878 137.11623 -21.547152
v -0.009732475 139.17667 -20.130638
v -0.5876145 142.23953 -21.531458
v 1.2207016 142.2537 -21.568756
v 1.8269656 143.48392 -20.673845
v 1.8272917 140.9697 -20.390055
v -0.6022132 142.2252 -21.521439
v 1.6207246 141.51546 -20.893196
v 1.6290872 142.90482 -21.055168
v 1.2480725 142.23866 -21.557295
v -1.6096548 137.07327 -21.596075
v -1.5986047 136.99945 -21.647455
v -1.5704249 137.13683 -21.552399
v -0.6070664 137.86455 -21.058048
v -1.1839634 137.33798 -21.41711
v 0.923424 137.51161 -21.320356
v 1.2923514 138.07164 -20.935703
v -0.24420553 138.39737 -20.692207
v 1.5811619 138.6209 -20.557638
v 0.009875983 139.20483 -20.13447
v 1.8077159 139.1609 -20.185278
v 1.8268416 139.71873 -19.79819
v 0.037279554 140.0504 -19.547733
v 1.8266982 140.39136 -19.881052
v 0.010626141 140.89543 -20.32286
v 1.8059677 140.94598 -20.393486
v -0.24177243 141.70172 -21.064861
v 1.5966738 141.4933 -20.89665
v -0.5867013 142.21266 -21.53259
v 1.2198535 142.22357 -21.566721
v -1.5984155 136.49509 -21.590519
v -1.6096222 136.42348 -21.521563
v -1.5721927 136.36282 -21.463783
v 0.9096276 135.99426 -21.142689
v -1.1851767 136.16994 -21.283546
v -0.60717726 135.66537 -20.80635
v 1.2650261 135.4528 -20.627048
v -0.24386634 135.15564 -20.321327
v 1.5585854 134.92868 -20.127262
v 0.010554386 134.38403 -19.58316
v 1.808303 134.42984 -19.65119
v 1.80844 132.25174 -19.4053
v 1.808303 134.42984 -19.65119
v 0.010554386 134.38403 -19.58316
v 0.010880542 132.31215 -19.346224
v 1.5383573 131.70552 -19.751644
v 1.80844 132.25174 -19.4053
v 0.010880542 132.31215 -19.346224
v -0.2430966 131.44666 -19.896984
v 1.218836 131.12793 -20.117489
v -0.60564435 130.87572 -20.258099
v 0.85669917 130.5204 -20.501997
v -1.1829915 130.31042 -20.613153
v -1.5310123 130.1158 -20.73369
v -1.5630015 130.03783 -20.783209
v -1.5519449 129.95862 -20.834002
v 0.28736243 129.90369 -20.890041
v -1.5043784 129.90591 -20.868263
v 0.047573015 120.272224 -17.110004
v 0.04781437 118.64261 -16.923609
v 1.8478199 118.58552 -16.982677
v 1.8476112 120.3198 -17.17722
v 0.047103353 120.30585 -17.125227
v 1.8471285 120.353424 -17.19248
v 1.8288378 120.89677 -17.687164
v 0.013509354 121.36488 -18.08946
v 1.8063722 121.45297 -18.193521
v -0.23899359 122.18492 -18.833067
v 1.4725391 121.92317 -18.617393
v -0.596088 122.72202 -19.31758
v 1.1236508 122.45846 -19.100348
v -1.1593517 123.25248 -19.793293
v 0.7917421 123.03178 -19.618168
v 0.26271158 123.66169 -20.184923
v -1.5461719 123.44403 -19.962631
v -1.5461655 123.44403 -19.962631
v -1.6064911 115.38108 -19.115639
v -1.5954019 115.3055 -19.167002
v -1.5717882 115.27235 -19.189735
v -1.5675416 115.44594 -19.07212
v -0.6013326 116.19234 -18.577122
v -1.1782622 115.65322 -18.936028
v 0.7160936 115.89937 -18.79061
v 1.0629925 116.491615 -18.393091
v -0.24032429 116.734535 -18.213697
v 1.4458988 117.018684 -18.04017
v 0.013098398 117.55731 -17.658863
v 1.809575 117.47229 -17.736816
v 1.8295748 118.03447 -17.355982
v 0.047625203 118.63674 -16.927588
v -1.5709076 108.570496 -18.422827
v -1.5944691 108.54579 -18.393656
v -1.6054409 108.489456 -18.327738
v -1.565539 108.44055 -18.27118
v 0.6407582 108.07536 -17.87481
v -1.1749289 108.28293 -18.092453
v -0.59835154 107.875595 -17.624714
v 0.96821165 107.62039 -17.348076
v -0.23844564 107.46768 -17.153349
v 1.3827094 107.23182 -16.900023
v 0.009758567 106.86127 -16.448704
v 1.7906058 106.93539 -16.559473
v 1.8126605 104.30347 -16.250301
v 1.8123277 106.90435 -16.543842
v 0.0145595735 106.82953 -16.432058
v 0.014937914 104.40163 -16.154337
v 1.3606222 103.93111 -16.51569
v 1.7881466 104.27012 -16.258669
v 0.010032538 104.367195 -16.163794
v -0.23766287 103.648155 -16.716322
v 0.9235545 103.47848 -16.86036
v -0.5966816 103.165146 -17.085308
v 0.59118915 102.93855 -17.273605
v -1.1725675 102.68267 -17.451477
v 0.28774726 102.334915 -17.736382
v -1.9035665 102.33764 -17.709747
v -1.5696616 123.6377 -20.115866
v -1.570588 129.9252 -20.834805
v -1.5827796 130.01025 -20.778543
v -1.5818337 123.5578 -20.040733
v -1.5818337 123.5578 -20.040733
v -1.5827796 130.01025 -20.778543
v -1.5471439 130.10207 -20.723944
v -1.5461719 123.46945 -19.965532
v -1.570588 129.9252 -20.834805
v -1.5696616 123.6377 -20.115866
v -1.5160091 123.64884 -20.149595
v -1.5509207 123.60367 -20.107971
v -1.5621014 123.5277 -20.038631
v -1.6130142 108.57655 -18.402496
v -1.6140057 115.2727 -19.16816
v -1.6262952 115.3544 -19.110998
v -1.6252842 108.515366 -18.328987
v -1.6171173 136.5283 -21.59861
v -1.6171825 136.96689 -21.648758
v -1.6294655 137.04694 -21.591436
v -1.6293807 136.4525 -21.523464
v -1.6252842 108.515366 -18.328987
v -1.6262952 115.3544 -19.110998
v -1.5977175 115.42521 -19.066883
v -1.5966934 108.46151 -18.270618
v -1.6293807 136.4525 -21.523464
v -1.6294655 137.04694 -21.591436
v -1.6008878 137.11623 -21.547152
v -1.6007769 136.38489 -21.463526
v -1.6140057 115.2727 -19.16816
v -1.6130142 108.57655 -18.402496
v -1.5866543 136.55551 -21.627535
v -1.5867131 136.9377 -21.67124
v -1.6171825 136.96689 -21.648758
v -1.6171173 136.5283 -21.59861
v 0.26405534 108.58185 -18.46105
v 0.26247025 115.252754 -19.22377
v 1.8685634 42.608105 -4.199946
v 1.8489354 42.61121 -4.2188573
v 1.8490398 42.5886 -4.208196
v 1.8660195 42.63176 -2.8154392
v 1.8851779 42.628086 -2.8347235
v 1.8657846 42.608746 -2.832496
v -1.7754004 148.15771 -7.504465
v -1.7671487 148.17226 -7.4987736
v -1.7929868 148.08772 -7.469259
v -1.7750808 145.20915 -5.701395
v -1.7555506 145.23213 -5.693001
v -1.7554462 145.19633 -5.680648
v -1.9542314 96.56687 -17.062878
v -1.9556143 96.54848 -17.053299
v -1.9738594 96.5261 -17.077293
v -1.9544728 96.54533 -17.079933
v 0.014937914 104.40163 -16.154337
v -0.0036398934 104.42081 -16.135908
v -0.004422666 104.35667 -16.148077
v 0.010032538 104.367195 -16.163794
v 0.009758567 106.86127 -16.448704
v -0.0048075295 106.875336 -16.436152
v -0.004005187 106.82948 -16.4114
v 0.0145595735 106.82953 -16.432058
v -2.009319 78.817345 -18.183609
v -2.0448635 76.14332 -20.834482
v -2.025568 76.16102 -20.844893
v -1.990128 78.818855 -18.20082
v -2.0789337 73.08401 -23.324709
v -2.0596645 73.10073 -23.337105
v -2.1065655 69.63841 -25.245564
v -2.0873222 69.65414 -25.260075
v -2.1269176 65.91146 -26.538721
v -2.1077006 65.92595 -26.555374
v -2.1393638 62.016487 -27.164837
v -2.1201792 62.029446 -27.183645
v -2.1435385 58.071934 -27.104858
v -2.12438 58.083023 -27.125801
v -2.1393116 54.197803 -26.360622
v -2.1201792 54.206593 -26.383595
v -2.1268067 50.511967 -24.954811
v -2.1077006 50.51794 -24.979584
v -2.1064088 47.126595 -22.93032
v -2.0873222 47.12913 -22.95642
v -2.078738 44.14471 -20.34899
v -2.059671 44.143147 -20.375584
v -2.0446417 41.656986 -17.2898
v -2.0255616 41.650703 -17.315493
v -2.0051768 39.738827 -13.846429
v -1.9860706 39.727543 -13.869118
v -1.9615372 38.44797 -10.124221
v -1.9423659 38.432087 -10.141183
v -1.9150536 37.82266 -6.2364955
v -1.8957844 37.803715 -6.244957
v -1.8671414 37.880898 -2.3005807
v -1.8477482 37.861507 -2.2988257
v -1.8192357 38.620594 1.5656427
v -1.7997121 38.6037 1.5773101
v -1.772752 40.019928 5.24631
v -1.7531371 40.007767 5.2656765
v -1.729119 42.03753 8.630166
v -1.7094388 42.031025 8.654203
v -1.6896477 44.613003 11.613974
v -1.6699414 44.612007 11.639934
v -1.6555579 47.668484 14.106259
v -1.6358385 47.672287 14.132147
v -1.6278869 51.11116 16.03054
v -1.6081871 51.11888 16.055117
v -1.6074957 54.836258 17.327837
v -1.587809 54.84707 17.350418
v -1.5949843 58.73036 17.958439
v -1.5753303 58.74357 17.97869
v -1.5907574 62.67494 17.903048
v -1.5711229 62.689987 17.920843
v -1.5949322 66.54997 17.163311
v -1.5753303 66.56642 17.178637
v -1.6073782 70.23757 15.761716
v -1.5878024 70.25507 15.774621
v -1.6277304 73.6256 13.740899
v -1.6081871 73.643875 13.75146
v -1.6553622 76.61104 11.162337
v -1.6358385 76.62987 11.170622
v -1.6894389 79.10279 8.1043415
v -1.6699414 79.12231 8.110528
v -1.7241288 81.35546 5.020232
v -1.7045008 81.36187 5.0385847
v 1.8490398 42.5886 -4.208196
v 1.8657846 42.608746 -2.832496
v 1.8851779 42.628086 -2.8347235
v 1.8685634 42.608105 -4.199946
v -1.9875188 96.39494 -18.188005
v -1.9680995 96.414505 -18.187794
v -2.0017653 80.29924 -17.71373
v -1.9826525 80.28511 -17.735584
v -1.7261119 83.66601 3.0248399
v -1.7458051 83.66765 2.9998894
v -1.7476186 91.666885 0.4367907
v -1.7471423 88.2702 0.8232193
v -1.7667638 88.25746 0.80650926
v -1.767253 91.656494 0.41869104
v -2.034322 88.544136 -21.235762
v -2.033885 85.88695 -20.927633
v -2.0147266 85.88234 -20.946861
v -2.0151703 88.55052 -21.256266
v -1.9909108 96.19946 -20.042837
v -2.010278 96.180435 -20.038471
v -2.0240157 84.49516 -19.973364
v -2.007349 83.2735 -18.477093
v -1.9880929 83.25684 -18.487423
v -2.004792 84.48038 -19.986185
v -2.0251768 95.534996 -21.197693
v -2.0292146 95.16344 -21.492083
v -2.010004 95.173965 -21.508707
v -2.0059335 95.54851 -21.211943
v -2.0153985 96.04915 -20.445972
v -2.0208585 95.81225 -20.871454
v -2.0015826 95.82824 -20.882795
v -1.9960772 96.06701 -20.453974
v -2.0320585 94.78243 -21.687386
v -2.0342634 94.314026 -21.820723
v -2.0150986 94.31747 -21.840134
v -2.0128741 94.78956 -21.705753
v -2.0352159 93.88727 -21.855354
v -2.0160575 93.88691 -21.875074
v -2.032176 85.37056 -20.734383
v -2.0285819 84.86306 -20.386627
v -2.0093842 84.85012 -20.401524
v -2.0130045 85.36153 -20.751957
v -2.001087 81.814445 -17.812778
v -1.9819155 81.80322 -17.830324
v -1.7368032 85.47691 1.9600708
v -1.7564573 85.47734 1.9384195
v -1.7485709 98.46023 -0.3360678
v -1.768199 98.4581 -0.35510564
v -0.6701383 148.52745 -8.010119
v -1.7671487 148.17226 -7.4987736
v -1.7754004 148.15771 -7.504465
v -0.70037943 148.50568 -8.007235
v 0.0377166 149.12767 -8.764837
v -0.6701383 148.52745 -8.010119
v -0.70037943 148.50568 -8.007235
v 0.015929427 149.09991 -8.761127
v -1.7480947 95.06356 0.050361514
v -1.7677293 95.05691 0.031835914
v -2.0347722 91.223434 -21.546453
v -2.0156138 91.21872 -21.56567
v -1.9544728 96.54533 -17.079933
v 0.2947857 96.542534 -17.107273
v 0.28228092 96.56409 -17.090061
v -1.9542314 96.56687 -17.062878
v -1.9550794 102.30308 -17.718773
v -1.9564558 102.31006 -17.712097
v -1.9035665 102.33764 -17.709747
v -1.1725675 102.68267 -17.451477
v -1.2135913 102.65513 -17.453148
v -1.9564558 102.31006 -17.712097
v -0.5966816 103.165146 -17.085308
v -0.23766287 103.648155 -16.716322
v -0.26113302 103.61842 -16.716345
v -0.6272489 103.13537 -17.087145
v -1.1749289 108.28293 -18.092453
v -1.565539 108.44055 -18.27118
v -1.5966934 108.46151 -18.270618
v -1.2144198 108.30923 -18.099678
v -0.23844564 107.46768 -17.153349
v -0.26174617 107.49716 -17.159973
v -0.59835154 107.875595 -17.624714
v -0.6281295 107.9043 -17.632702
v -1.5310123 130.1158 -20.73369
v -1.1829915 130.31042 -20.613153
v -1.2176487 130.28438 -20.612474
v -1.5471439 130.10207 -20.723944
v -0.2430966 131.44666 -19.896984
v 0.010880542 132.31215 -19.346224
v -0.008290868 132.31076 -19.335592
v -0.26551652 131.41559 -19.895636
v -0.60564435 130.87572 -20.258099
v -0.6323695 130.84697 -20.257294
v -0.008610501 134.38757 -19.573128
v -0.008290868 132.31076 -19.335592
v -1.1851767 136.16994 -21.283546
v -1.5721927 136.36282 -21.463783
v -1.6007769 136.38489 -21.463526
v -1.2185228 136.19559 -21.288406
v 0.010554386 134.38403 -19.58316
v -0.24386634 135.15564 -20.321327
v -0.26611012 135.18723 -20.327013
v -0.008610501 134.38757 -19.573128
v -0.60717726 135.66537 -20.80635
v -0.6332632 135.69406 -20.811792
v -1.5818337 123.5578 -20.040733
v -1.5827796 130.01025 -20.778543
v -1.5818337 123.5578 -20.040733
v -1.5461719 123.46945 -19.965532
v -1.5461719 123.44403 -19.962631
v -1.5621014 123.5277 -20.038631
v -1.6252842 108.515366 -18.328987
v -1.6262952 115.3544 -19.110998
v -1.6293807 136.4525 -21.523464
v -1.6294655 137.04694 -21.591436
v 1.9913284 93.478935 -7.420327
v -23.359545 23.182247 1.2694218
v -23.53058 23.06465 0.30658445
v -24.114065 23.105486 0.6409754
v -22.86707 23.078829 0.42271736
v -22.433987 23.141403 0.9350333
v -22.433987 23.223087 1.6038128
v -22.86707 23.28566 2.116128
v -23.53058 23.299849 2.2322593
v -24.114065 23.258997 1.89787
v -24.344501 23.182247 1.2694218
v -23.347418 25.992798 -0.05077988
v -23.925476 26.106339 0.27617544
v -24.114065 23.105486 0.6409754
v -23.53058 23.06465 0.30658445
v -22.688852 25.92423 0.07381576
v -22.86707 23.078829 0.42271736
v -22.257923 25.932724 0.5916612
v -22.433987 23.141403 0.9350333
v -22.25626 26.014303 1.2604519
v -22.433987 23.223087 1.6038128
v -22.684658 26.1308 1.7672523
v -22.86707 23.28566 2.116128
v -23.34265 26.227697 1.8749254
v -23.53058 23.299849 2.2322593
v -23.922365 26.259653 1.5330908
v -24.114065 23.258997 1.89787
v -24.152533 26.211723 0.90169406
v -24.344501 23.182247 1.2694218
v -22.796053 28.87497 -0.40344214
v -23.359564 29.059956 -0.0837948
v -22.152822 28.724932 -0.2705142
v -21.730824 28.680048 0.25279084
v -21.727535 28.761316 0.9216131
v -22.144491 28.93072 1.4230022
v -22.786587 29.108978 1.5223544
v -23.35338 29.212698 1.1731795
v -23.579674 29.193338 0.5388614
v -21.88518 31.665625 -0.7467442
v -22.42526 31.919687 -0.4341614
v -21.267422 31.436657 -0.6057446
v -20.861032 31.339922 -0.07713771
v -20.85616 31.420689 0.5917368
v -21.255098 31.64115 1.0879042
v -21.87118 31.89816 1.1792018
v -22.41612 32.071465 0.822911
v -22.634945 32.079967 0.18574494
v -20.629168 34.320656 -1.0761769
v -21.137304 34.640324 -0.7703028
v -20.046621 34.01657 -0.9274943
v -19.662241 33.870342 -0.3938247
v -19.655869 33.950397 0.27512127
v -20.030504 34.21928 0.76633716
v -20.610838 34.55117 0.84997654
v -21.125336 34.79078 0.48690486
v -21.333252 34.825996 -0.15299478
v -19.04783 36.798107 -1.3874478
v -19.515993 37.178883 -1.0878234
v -18.509687 36.423874 -1.231592
v -18.153362 36.231297 -0.69318146
v -18.1456 36.310463 -0.024145007
v -18.490013 36.624348 0.46246952
v -19.025455 37.026077 0.5389664
v -19.501389 37.327675 0.16955459
v -19.69511 37.38802 -0.47291416
v -17.16609 39.058815 -1.6765516
v -17.586908 39.49522 -1.382617
v -16.680836 38.62053 -1.5141444
v -16.358196 38.38544 -0.9713876
v -16.34915 38.46357 -0.30224293
v -16.657927 38.818336 0.18018782
v -17.140036 39.28375 0.2501722
v -17.569902 39.642036 -0.12503734
v -17.746378 39.72556 -0.7698761
v -15.013621 41.06702 -1.9398311
v -15.380461 41.552727 -1.6509395
v -14.588915 40.571777 -1.7716005
v -14.305061 40.29874 -1.2249613
v -14.294879 40.375656 -0.5556937
v -14.563128 40.766537 -0.07695532
v -14.9843 41.288486 -0.012753308
v -15.361316 41.697277 -0.3931275
v -15.517779 41.801636 -1.0400982
v -12.62439 42.79097 -2.1740417
v -12.931452 43.31886 -1.8894619
v -12.266924 42.246773 -2.0008025
v -12.026319 41.940918 -1.4508072
v -12.015164 42.01649 -0.7814025
v -12.238672 42.438152 -0.3058119
v -12.5922575 43.008595 -0.24656975
v -12.9104805 43.4609 -0.6313938
v -13.044445 43.583427 -1.2802227
v -10.036067 44.203384 -2.3763895
v -10.278524 44.76566 -2.095327
v -9.751483 43.619003 -2.1990414
v -9.557923 43.28597 -1.6462667
v -9.545959 43.3601 -0.9767152
v -9.721196 43.80671 -0.5036765
v -10.001625 44.41684 -0.4484921
v -10.256045 44.904984 -0.8369817
v -10.365393 45.042744 -1.4873669
v -7.2894607 45.2819 -2.5445888
v -7.4634843 45.870243 -2.266193
v -7.082241 44.666737 -2.3640935
v -6.938785 44.312607 -1.8091612
v -6.926215 44.3852 -1.1394527
v -7.0504084 44.85056 -0.66833
v -7.2532706 45.490932 -0.6162392
v -7.4398575 46.00668 -1.0075526
v -7.522877 46.156483 -1.6591694
v -4.427904 46.0094 -2.676891
v -4.530741 46.615074 -2.400267
v -4.3013167 45.373344 -2.4942575
v -4.210222 45.004536 -1.937824
v -4.197234 45.07553 -1.2679527
v -4.2684402 45.553116 -0.79808074
v -4.390514 46.213825 -0.74806964
v -4.506338 46.7485 -1.1413183
v -4.5617256 46.90697 -1.7938222
v -1.496505 46.374336 -2.7721124
v -1.5265504 46.988327 -2.4963396
v -1.4525523 45.727608 -2.5883887
v -1.4152597 45.35076 -2.0311327
v -1.4020635 45.420124 -1.361093
v -1.419154 45.903233 -0.89178646
v -1.4585274 46.574047 -0.842809
v -1.5017561 47.11868 -1.2370753
v -1.5286248 47.28229 -1.8901064
v 1.4584818 46.370853 -2.8296556
v 1.501717 46.984016 -2.553797
v 1.4191148 45.723835 -2.645902
v 1.4020244 45.34573 -2.0885174
v 1.4152141 45.413437 -1.4183075
v 1.4525132 45.895283 -0.94887316
v 1.4964659 46.56581 -0.8998654
v 1.5265048 47.11127 -1.2942164
v 1.5285791 47.276432 -1.9474056
v 4.390475 45.998913 -2.8495157
v 4.506299 46.60212 -2.57264
v 4.268395 45.362007 -2.6667962
v 4.197195 44.98942 -2.109976
v 4.210176 45.05549 -1.4395995
v 4.3012714 45.5293 -0.9693438
v 4.427859 46.18915 -0.91924345
v 4.530702 46.726295 -1.3127444
v 4.5616803 46.88939 -1.9657212
v 7.253218 45.264294 -2.8322842
v 7.4398117 45.848576 -2.5534742
v 7.0503693 44.64772 -2.6516452
v 6.9261694 44.287365 -2.096076
v 6.9387393 44.351833 -1.4255366
v 7.0821953 44.81097 -0.95377815
v 7.289415 45.44993 -0.9015418
v 7.4634385 45.969738 -1.2932695
v 7.5228376 46.127174 -1.9456687
v 10.001593 44.178482 -2.7791371
v 10.256006 44.73516 -2.4975033
v 9.721157 43.592155 -2.6015909
v 9.545924 43.25054 -2.0479388
v 9.557884 43.313473 -1.3772414
v 9.751444 43.75151 -0.90332586
v 10.036031 44.35969 -0.8479418
v 10.278485 44.853436 -1.2370051
v 10.365363 45.00172 -1.8884668
v 12.592218 42.758514 -2.6918156
v 12.910444 43.27935 -2.4065154
v 12.2386265 42.211872 -2.5183272
v 12.015122 41.895214 -1.9672277
v 12.026279 41.9567 -1.2963836
v 12.266888 42.367565 -0.8196879
v 12.624357 42.93556 -0.7601939
v 12.931419 43.394913 -1.14574
v 13.044403 43.530685 -1.7959217
v 14.984261 41.026684 -2.5725992
v 15.361283 41.504013 -2.282849
v 14.563093 40.528538 -2.4040706
v 14.29484 40.242657 -1.8561187
v 14.305026 40.30281 -1.1851376
v 14.588879 40.68085 -0.705085
v 15.013589 41.199886 -0.64058506
v 15.380422 41.61706 -1.021816
v 15.51774 41.737167 -1.6703973
v 17.139997 39.010223 -2.4242735
v 17.569866 39.437046 -2.1293588
v 16.657885 38.56861 -2.2615266
v 16.349117 38.318848 -1.7172687
v 16.358164 38.377792 -1.0461631
v 16.680798 38.717873 -0.56222874
v 17.166048 39.17996 -0.4919054
v 17.586866 39.547836 -0.8680936
v 17.746344 39.649364 -1.514775
v 19.025417 36.740833 -2.2500794
v 19.501348 37.110962 -1.9493676
v 18.489973 36.362907 -2.0938473
v 18.145557 36.154015 -1.5537691
v 18.153326 36.211906 -0.88255674
v 18.509644 36.509502 -0.39427805
v 19.04779 36.90754 -0.3174017
v 19.515951 37.219772 -0.68790066
v 19.695076 37.300102 -1.3324146
v 20.6108 34.254204 -2.053671
v 21.125292 34.56235 -1.7466183
v 20.03046 33.94612 -1.9045798
v 19.655827 33.78224 -1.3691055
v 19.662195 33.839252 -0.69780266
v 20.046585 34.09048 -0.20478114
v 20.629131 34.418365 -0.12073159
v 21.137259 34.6695 -0.48498178
v 21.333204 34.726368 -1.1270953
v 21.871136 31.58948 -1.8390464
v 22.416079 31.831314 -1.5252128
v 21.25506 31.356264 -1.6976135
v 20.856117 31.2408 -1.1670907
v 20.860983 31.297106 -0.49571475
v 21.267382 31.498846 0.002367705
v 21.885143 31.751617 0.0941003
v 22.425217 31.937134 -0.2634411
v 22.6349 31.968613 -0.9029572
v 22.786552 28.788568 -1.6104953
v 23.353352 28.960821 -1.289545
v 22.144453 28.634108 -1.4771161
v 21.727503 28.569704 -0.951815
v 21.730783 28.625507 -0.28038773
v 22.15278 28.775387 0.22299749
v 22.79602 28.949236 0.32280168
v 23.359526 29.065685 -0.027674496
v 23.579634 29.07027 -0.66444
v 23.342607 25.895563 -1.3725259
v 23.92232 25.99606 -1.0442355
v 22.684614 25.822475 -1.2474679
v 22.25622 25.81098 -0.7275778
v 22.257874 25.866468 -0.056119084
v 22.688807 25.962975 0.45272657
v 23.34738 26.055338 0.56086326
v 23.92543 26.100348 0.21769246
v 24.152493 26.076937 -0.41620982
v 23.530535 22.955996 -1.1297929
v 24.11402 22.983688 -0.7940588
v 22.867027 22.965618 -1.0131937
v 22.433945 23.008036 -0.49881855
v 22.433943 23.063429 0.1726506
v 22.867023 23.105856 0.68702567
v 23.530535 23.115469 0.803625
v 24.11402 23.087776 0.4678909
v 24.344452 23.035728 -0.1630827
v 23.347372 20.016129 -0.8870311
v 23.92543 19.971125 -0.5438613
v 22.68881 20.108492 -0.7788944
v 22.257874 20.205002 -0.27004975
v 22.256216 20.260487 0.40140992
v 22.684608 20.249002 0.9212989
v 23.342604 20.175909 1.0463572
v 23.922316 20.075407 0.71806824
v 24.15249 19.994543 0.0900417
v 22.796011 17.122238 -0.64896965
v 23.359518 17.005781 -0.29849258
v 22.15277 17.296078 -0.5491662
v 21.730778 17.445957 -0.045780182
v 21.72749 17.501757 0.62564635
v 22.144447 17.437357 1.1509473
v 22.786545 17.28289 1.2843275
v 23.353338 17.110645 0.9633772
v 23.579628 17.001196 0.33827287
v 21.88514 14.319861 -0.4202692
v 22.425217 14.134331 -0.06272766
v 21.267376 14.572626 -0.32853654
v 20.860983 14.77436 0.16954681
v 20.856113 14.83067 0.84092015
v 21.255056 14.715196 1.371444
v 21.871128 14.481994 1.5128775
v 22.41607 14.240157 1.199044
v 22.634895 14.102855 0.57678926
v 20.629126 11.653102 -0.20543799
v 21.137257 11.401975 0.15881129
v 20.04658 11.980993 -0.12139015
v 19.662195 12.232226 0.37163126
v 19.655823 12.289235 1.0429349
v 20.030455 12.125355 1.5784092
v 20.610792 11.817266 1.7275003
v 21.125286 11.509117 1.4204495
v 21.333206 11.345114 0.8009248
v 19.047787 9.16394 -0.008769676
v 19.515951 8.851706 0.36173013
v 18.509644 9.561976 0.06810588
v 18.153322 9.859557 0.55638635
v 18.145557 9.917451 1.2275995
v 18.489967 9.708565 1.7676753
v 19.025414 9.3306465 1.9239088
v 19.501345 8.960509 1.6231964
v 19.695076 8.771361 1.0062428
v 17.16604 6.8915095 0.1657325
v 17.586859 6.5236306 0.54192245
v 16.680786 7.3535967 0.23605752
v 16.358154 7.693688 0.71999097
v 16.349106 7.752625 1.3910958
v 16.657875 7.5028567 1.9353536
v 17.13998 7.0612435 2.0981016
v 17.569847 6.634422 1.8031858
v 17.746334 6.422103 1.1886039
v 15.013573 4.8715816 0.3144114
v 15.380405 4.454411 0.69564307
v 14.588866 5.390621 0.37891126
v 14.305006 5.7686634 0.85896313
v 14.294824 5.828812 1.529945
v 14.563073 5.542936 2.077896
v 14.984244 5.044781 2.2464263
v 15.361267 4.5674624 1.9566753
v 15.51772 4.3342986 1.3442229
v 12.624344 3.1359203 0.43401837
v 12.93141 2.676565 0.81956303
v 12.266878 3.703913 0.49351165
v 12.026273 4.1147733 0.97020644
v 12.015112 4.17627 1.6410521
v 12.238617 3.8596087 2.19215
v 12.592208 3.3129635 2.3656402
v 12.910435 2.7921305 2.080339
v 13.044394 2.5407927 1.4697462
v 10.036015 1.7117802 0.521764
v 10.278469 1.2180372 0.9108273
v 9.751428 2.3199644 0.577148
v 9.557868 2.758001 1.0510644
v 9.545908 2.8209379 1.7217617
v 9.721145 2.479321 2.275413
v 10.001579 1.8929988 2.4529593
v 10.255994 1.3363127 2.1713254
v 10.365347 1.0697579 1.5622889
v 7.289415 0.6215501 0.5753615
v 7.463432 0.1017445 0.9670908
v 7.0821953 1.2605133 0.62759775
v 6.9387326 1.7196423 1.0993564
v 6.926156 1.7841164 1.7698975
v 7.0503626 1.4237587 2.325465
v 7.253218 0.8071853 2.5061057
v 7.4398117 0.22291212 2.227293
v 7.5228314 -0.055700082 1.6194892
v 4.427852 -0.117670596 0.59306306
v 4.5306954 -0.6548101 0.9865631
v 4.3012714 0.54218316 0.64316165
v 4.2101693 1.0159818 1.1134202
v 4.1971884 1.0820649 1.7837958
v 4.2683883 0.70946735 2.3406143
v 4.3904614 0.07256997 2.5233335
v 4.5062923 -0.53063947 2.2464595
v 4.5616736 -0.8179154 1.639541
v 1.4964594 -0.49433252 0.57368183
v 1.5264982 -1.0397904 0.9680328
v 1.4525067 0.17619126 0.62269044
v 1.4152075 0.6580478 1.0921247
v 1.4020178 0.7257528 1.7623338
v 1.4191018 0.34763795 2.319719
v 1.4584754 -0.29937574 2.503472
v 1.501704 -0.91253215 2.2276132
v 1.5285726 -1.2049476 1.6212219
v -1.458534 -0.502573 0.5166238
v -1.5017692 -1.0471971 0.91088915
v -1.4191605 0.1682504 0.56560034
v -1.4020765 0.6513576 1.0349078
v -1.4152663 0.7207172 1.7049475
v -1.4525653 0.34387916 2.2622015
v -1.4965246 -0.30285448 2.445926
v -1.5265635 -0.9168512 2.170153
v -1.5286313 -1.210804 1.5639193
v -4.390514 -0.14234649 0.42188108
v -4.506345 -0.6770171 0.8151305
v -4.2684402 0.5183606 0.47189382
v -4.197241 0.9959439 0.9417658
v -4.210215 1.0669451 1.611638
v -4.3013234 0.69813234 2.1680715
v -4.427904 0.06208822 2.3507025
v -4.530741 -0.54359007 2.07408
v -4.5617194 -0.8354844 1.4676335
v -7.2532706 0.5805626 0.2900488
v -7.439864 0.06480874 0.6813607
v -7.050421 1.2209264 0.34214064
v -6.926228 1.6862828 0.81326246
v -6.9388046 1.7588865 1.4829717
v -7.0822544 1.4047498 2.0379035
v -7.2894735 0.78959626 2.2183976
v -7.463497 0.2012453 1.9400026
v -7.52289 -0.084994845 1.3329793
v -10.001637 1.654644 0.12230033
v -10.256045 1.1664901 0.51079
v -9.721196 2.2647629 0.17748554
v -9.545959 2.711385 0.65052336
v -9.55793 2.785513 1.3200765
v -9.751483 2.4524753 1.8728513
v -10.036074 1.8681006 2.0501976
v -10.278524 1.3058124 1.7691368
v -10.365399 1.0287309 1.1611768
v -12.592263 3.0628958 -0.07962379
v -12.910493 2.6105888 0.3052011
v -12.238672 3.6333377 -0.020380057
v -12.015171 4.0549917 0.45521155
v -12.026332 4.1305656 1.1246154
v -12.266936 3.8247044 1.6746109
v -12.624403 3.280515 1.8478482
v -12.931472 2.7526276 1.5632684
v -13.044452 2.4880528 0.9540292
v -14.98432 4.7830076 -0.31344277
v -15.361336 4.3742146 0.066931464
v -14.5631485 5.304959 -0.24923995
v -14.294892 5.6958337 0.22949935
v -14.305081 5.77275 0.89876616
v -14.588934 5.4997067 1.4454054
v -15.01364 5.0044703 1.6136361
v -15.380481 4.518774 1.3247424
v -15.517798 4.2698593 0.7139022
v -17.140043 6.787744 -0.5763699
v -17.569902 6.4294477 -0.20116024
v -16.657934 7.253154 -0.5063847
v -16.349169 7.607928 -0.02395156
v -16.358215 7.6860423 0.6451925
v -16.680843 7.450963 1.1879476
v -17.166096 7.0126853 1.3503547
v -17.586914 6.576268 1.0564187
v -17.746391 6.345931 0.4436785
v -19.025463 9.045415 -0.8651649
v -19.501394 8.743816 -0.49575222
v -18.490013 9.447149 -0.7886665
v -18.145605 9.761028 -0.30205268
v -18.153376 9.840192 0.3669839
v -18.509693 9.64761 0.9053945
v -19.047836 9.273378 1.0612495
v -19.515999 8.892611 0.76162404
v -19.695124 8.683464 0.14671579
v -20.610844 11.520322 -1.1761751
v -21.125341 11.280705 -0.8131032
v -20.03051 11.852213 -1.0925349
v -19.655874 12.121094 -0.60131896
v -19.662249 12.201148 0.06762624
v -20.046635 12.05492 0.60129577
v -20.62918 11.750827 0.7499778
v -21.137312 11.431167 0.44410348
v -21.33326 11.245497 -0.17320536
v -21.87118 14.17333 -1.505402
v -22.416128 14.00002 -1.1491119
v -21.255106 14.430335 -1.4141034
v -20.856165 14.65081 -0.9179361
v -20.861032 14.731569 -0.24906157
v -21.267427 14.634835 0.27954534
v -21.885193 14.405867 0.42054415
v -22.425266 14.15181 0.10796119
v -22.63495 13.991531 -0.51194596
v -22.786594 16.962515 -1.8485545
v -23.353394 16.858799 -1.4993813
v -22.144499 17.140785 -1.7492025
v -21.727541 17.310183 -1.2478132
v -21.73083 17.391455 -0.5789911
v -22.152828 17.346567 -0.05568683
v -22.796066 17.19653 0.07724032
v -23.359571 17.01154 -0.24240701
v -23.57968 16.878155 -0.86506397
v -23.34265 19.843788 -2.2011254
v -23.922358 19.811825 -1.8592907
v -22.684658 19.940683 -2.0934522
v -22.25626 20.057175 -1.5866511
v -22.257923 20.138754 -0.9178595
v -22.688845 20.147255 -0.40001494
v -23.347418 20.078682 -0.27542004
v -23.925476 19.965153 -0.6023755
v -24.152533 19.859762 -1.2278949
v -23.53058 22.77165 -2.558461
v -24.114065 22.812494 -2.2240717
v -22.867064 22.78583 -2.442329
v -22.433987 22.848412 -1.9300131
v -22.433987 22.930088 -1.2612334
v -22.867064 22.992668 -0.7489192
v -23.53058 23.00685 -0.6327863
v -24.114065 22.966011 -0.96717644
v -24.344501 22.889256 -1.5956246
v -23.347418 25.699799 -2.9158244
v -23.92547 25.813341 -2.588871
v -22.688845 25.631237 -2.79123
v -22.25791 25.639725 -2.273384
v -22.256252 25.721312 -1.6045936
v -22.684658 25.837793 -1.0977931
v -23.34265 25.934698 -0.9901202
v -23.922358 25.966661 -1.3319564
v -24.152533 25.91873 -1.9633515
v -22.796045 28.581963 -3.268486
v -23.359564 28.76695 -2.9488385
v -22.15281 28.43192 -3.1355586
v -21.730824 28.387037 -2.6122537
v -21.727535 28.468304 -1.9434314
v -22.144491 28.637709 -1.4420414
v -22.786587 28.815971 -1.3426901
v -23.35338 28.919685 -1.691865
v -23.579674 28.900331 -2.3261821
v -21.885172 31.372631 -3.6117907
v -22.425253 31.626688 -3.299207
v -21.267414 31.14367 -3.470791
v -20.861012 31.04693 -2.9421833
v -20.85616 31.127695 -2.2733097
v -21.255093 31.348156 -1.7771423
v -21.871168 31.605167 -1.6858444
v -22.416115 31.778473 -2.0421352
v -22.63494 31.786966 -2.6793013
v -20.629162 34.02766 -3.9412224
v -21.137285 34.347324 -3.6353488
v -20.046616 33.72357 -3.7925398
v -19.662222 33.57735 -3.2588704
v -19.65586 33.657406 -2.589924
v -20.03049 33.926285 -2.0987082
v -20.610832 34.258183 -2.0150697
v -21.125328 34.497787 -2.3781414
v -21.333233 34.532997 -3.0180402
v -19.047823 36.505108 -4.2524924
v -19.515987 36.885876 -3.952868
v -18.50968 36.130875 -4.096637
v -18.153355 35.938282 -3.5582252
v -18.145586 36.017452 -2.8891885
v -18.490005 36.33134 -2.4025757
v -19.02545 36.73307 -2.326079
v -19.50138 37.034676 -2.6954901
v -19.695105 37.095016 -3.3379595
v -17.166077 38.765804 -4.541596
v -17.586895 39.202217 -4.2476616
v -16.68083 38.327522 -4.379189
v -16.35819 38.092445 -3.8364322
v -16.349142 38.170555 -3.1672883
v -16.657913 38.525322 -2.6848557
v -17.14003 38.99074 -2.6148715
v -17.569897 39.349033 -2.990081
v -17.746372 39.432556 -3.6349206
v -15.013608 40.774025 -4.8048773
v -15.380448 41.25973 -4.515985
v -14.5889015 40.278786 -4.6366467
v -14.305049 40.005745 -4.0900073
v -14.29486 40.08266 -3.4207392
v -14.563116 40.47354 -2.9420016
v -14.984286 40.995495 -2.8777997
v -15.361302 41.40428 -3.258173
v -15.517753 41.50864 -3.9051437
v -12.624383 42.49796 -5.0390863
v -12.931445 43.025845 -4.754506
v -12.266917 41.95377 -4.865848
v -12.026312 41.647903 -4.315851
v -12.015151 41.723488 -3.6464481
v -12.238659 42.145145 -3.1708572
v -12.592251 42.715588 -3.1116142
v -12.910474 43.167896 -3.4964392
v -13.044433 43.290424 -4.145268
v -10.036047 43.910378 -5.2414336
v -10.278504 44.47266 -4.9603724
v -9.751464 43.326 -5.064086
v -9.557903 42.992958 -4.511311
v -9.545947 43.067097 -3.84176
v -9.721177 43.513714 -3.368721
v -10.001618 44.12384 -3.313536
v -10.256026 44.611973 -3.7020261
v -10.365386 44.749744 -4.3524127
v -7.289454 44.988884 -5.4096327
v -7.4634776 45.577232 -5.1312375
v -7.082235 44.373726 -5.2291374
v -6.9387784 44.019592 -4.6742053
v -6.9262085 44.09219 -4.004496
v -7.0504084 44.55755 -3.5333743
v -7.253264 45.19792 -3.4812837
v -7.4398575 45.71367 -3.8725963
v -7.522877 45.86347 -4.524214
v -4.4278846 45.71639 -5.541935
v -4.530728 46.322063 -5.2653112
v -4.301304 45.080338 -5.3593025
v -4.210202 44.71153 -4.8028693
v -4.1972213 44.782528 -4.132997
v -4.2684274 45.260113 -3.663126
v -4.390501 45.920826 -3.613114
v -4.5063252 46.455498 -4.006363
v -4.561706 46.61396 -4.658867
v -1.4964919 46.081326 -5.637157
v -1.5265309 46.695316 -5.3613834
v -1.4525393 45.4346 -5.453432
v -1.4152402 45.057747 -4.8961773
v -1.4020504 45.127117 -4.226137
v -1.4191409 45.61022 -3.7568307
v -1.4585079 46.28104 -3.7078536
v -1.5017431 46.82567 -4.1021194
v -1.5286052 46.989277 -4.75515
v 1.4584949 46.077843 -5.6947002
v 1.5017235 46.691006 -5.418842
v 1.4191214 45.430832 -5.5109463
v 1.4020308 45.052723 -4.953562
v 1.4152206 45.120426 -4.283353
v 1.4525197 45.602276 -3.8139176
v 1.4964724 46.2728 -3.7649107
v 1.5265179 46.818256 -4.1592617
v 1.5285922 46.98342 -4.81245
v 4.390501 45.705894 -5.7145596
v 4.5063314 46.309105 -5.4376836
v 4.2684274 45.068993 -5.5318403
v 4.1972213 44.696404 -4.9750204
v 4.210202 44.762474 -4.304644
v 4.301304 45.236286 -3.8343873
v 4.4278846 45.89614 -3.784288
v 4.5307345 46.433277 -4.1777887
v 4.5617127 46.59637 -4.830765
v 7.2532377 44.97128 -5.6973286
v 7.4398246 45.555553 -5.4185166
v 7.050376 44.35471 -5.51669
v 6.9261756 43.99435 -4.9611206
v 6.938752 44.058823 -4.2905803
v 7.0822086 44.517956 -3.818822
v 7.289428 45.15691 -3.7665863
v 7.4634514 45.676723 -4.158314
v 7.522851 45.834164 -4.810713
v 10.0015955 43.885468 -5.6441813
v 10.256013 44.442142 -5.362546
v 9.721164 43.299145 -5.4666348
v 9.545931 42.95753 -4.9129825
v 9.557891 43.020462 -4.2422857
v 9.751448 43.458504 -3.7683697
v 10.036035 44.06668 -3.7129855
v 10.278492 44.56043 -4.102049
v 10.365366 44.708706 -4.7535105
v 12.592231 42.465492 -5.5568585
v 12.910458 42.986336 -5.271559
v 12.23864 41.918858 -5.383371
v 12.015132 41.602196 -4.8322716
v 12.02629 41.66369 -4.1614265
v 12.266894 42.07455 -3.6847305
v 12.624364 42.642544 -3.6252375
v 12.931433 43.101894 -4.0107827
v 13.044416 43.237667 -4.660965
v 14.984274 40.733665 -5.437643
v 15.361293 41.21099 -5.1478925
v 14.563103 40.23552 -5.2691135
v 14.294847 39.94964 -4.7211623
v 14.305033 40.009796 -4.0501814
v 14.588885 40.387833 -3.5701287
v 15.013598 40.90687 -3.5056286
v 15.380432 41.324036 -3.8868594
v 15.517743 41.44415 -4.53544
v 17.140003 38.717205 -5.2893176
v 17.56987 39.14402 -4.9944015
v 16.657894 38.27559 -5.12657
v 16.349127 38.02582 -4.5823126
v 16.35817 38.08477 -3.9112074
v 16.680803 38.424854 -3.427273
v 17.166058 38.88694 -3.356948
v 17.586876 39.254814 -3.7331371
v 17.746353 39.356342 -4.3798184
v 19.025423 36.447807 -5.1151237
v 19.501358 36.817947 -4.81441
v 18.48998 36.06989 -4.9588904
v 18.145567 35.860996 -4.418813
v 18.153332 35.918896 -3.7475996
v 18.509653 36.216484 -3.25932
v 19.047798 36.614513 -3.1824443
v 19.51596 36.926758 -3.5529442
v 19.695086 37.00709 -4.1974573
v 20.610806 33.961185 -4.918714
v 21.125303 34.269337 -4.6116614
v 20.03047 33.653095 -4.769623
v 19.655836 33.489216 -4.2341485
v 19.662209 33.546227 -3.5628443
v 20.046593 33.797455 -3.0698237
v 20.629139 34.125347 -2.9857752
v 21.137268 34.376476 -3.3500245
v 21.333216 34.433342 -3.9921372
v 21.871141 31.29646 -4.7040896
v 22.416084 31.53829 -4.3902555
v 21.255066 31.063244 -4.5626564
v 20.856127 30.947775 -4.032133
v 20.860992 31.004095 -3.3607583
v 21.267385 31.205822 -2.862676
v 21.885149 31.458586 -2.770943
v 22.425226 31.644117 -3.1284838
v 22.634909 31.675592 -3.768
v 22.786558 28.495543 -4.475538
v 23.353354 28.667795 -4.1545877
v 22.144463 28.341084 -4.342158
v 21.727507 28.276684 -3.8168578
v 21.730793 28.332483 -3.1454303
v 22.152782 28.48237 -2.6420443
v 22.79602 28.656212 -2.542241
v 23.359535 28.77266 -2.8927178
v 23.579641 28.777239 -3.5294833
v 23.342611 25.602545 -4.237569
v 23.92232 25.703033 -3.9092789
v 22.684618 25.52945 -4.1125107
v 22.256224 25.517954 -3.5926204
v 22.25788 25.573444 -2.9211617
v 22.68881 25.669943 -2.4123168
v 23.347382 25.762312 -2.3041801
v 23.925438 25.807323 -2.647349
v 24.152496 25.783905 -3.2812524
v 23.53054 22.662964 -3.9948356
v 24.114023 22.690664 -3.6591012
v 22.867027 22.672585 -3.878237
v 22.433945 22.715017 -3.363862
v 22.433945 22.770397 -2.6923919
v 22.867027 22.812822 -2.178017
v 23.530535 22.822445 -2.0614176
v 24.11402 22.79475 -2.3971517
v 24.34446 22.742704 -3.0281262
v 23.347372 19.723108 -3.752074
v 23.92543 19.6781 -3.4089038
v 22.688807 19.815466 -3.643937
v 22.25787 19.911972 -3.1350923
v 22.256216 19.967457 -2.4636333
v 22.684608 19.95597 -1.9437437
v 23.342604 19.88287 -1.8186853
v 23.922312 19.782383 -2.146975
v 24.15249 19.701504 -2.7749999
v 22.796011 16.829205 -3.514012
v 23.359518 16.71275 -3.163536
v 22.15277 17.003046 -3.414209
v 21.730778 17.15294 -2.9108238
v 21.72749 17.20873 -2.2393963
v 22.144447 17.144333 -1.7140952
v 22.786545 16.989864 -1.5807151
v 23.353338 16.817612 -1.9016653
v 23.579618 16.708176 -2.5267699
v 21.885147 14.02685 -3.2853136
v 22.42522 13.841325 -2.927773
v 21.267376 14.279614 -3.1935809
v 20.860987 14.481354 -2.6954985
v 20.85612 14.537659 -2.0241244
v 21.255056 14.422191 -1.4936006
v 21.871132 14.188988 -1.3521662
v 22.416075 13.947145 -1.6660005
v 22.634903 13.809849 -2.2882562
v 20.62912 11.360076 -3.0704806
v 21.137249 11.10895 -2.7062314
v 20.046574 11.687968 -2.9864328
v 19.662182 11.939195 -2.493411
v 19.655813 11.996203 -1.8221077
v 20.030447 11.832323 -1.2866333
v 20.610786 11.524235 -1.1375413
v 21.125277 11.216092 -1.4445947
v 21.333193 11.052074 -2.0641177
v 19.047771 8.870903 -2.873812
v 19.515938 8.558667 -2.5033123
v 18.509632 9.268937 -2.7969375
v 18.153316 9.5665245 -2.3086576
v 18.14554 9.624427 -1.6374447
v 18.489958 9.41554 -1.0973666
v 19.0254 9.037608 -0.9411328
v 19.501333 8.667478 -1.2418462
v 19.695059 8.47833 -1.8587991
v 17.16604 6.5984974 -2.6993117
v 17.586859 6.2306185 -2.323122
v 16.680786 7.0605845 -2.6289868
v 16.358158 7.400676 -2.1450543
v 16.349106 7.459613 -1.4739478
v 16.657875 7.2098513 -0.92969
v 17.139988 6.768238 -0.76694214
v 17.56985 6.3414164 -1.0618587
v 17.746334 6.129091 -1.6764406
v 15.013576 4.578576 -2.5506332
v 15.380412 4.1613994 -2.1694012
v 14.588869 5.0976157 -2.4861333
v 14.3050165 5.4756513 -2.0060813
v 14.29483 5.5358067 -1.3350995
v 14.56308 5.2499237 -0.7871476
v 14.984251 4.7517757 -0.618619
v 15.36127 4.2744503 -0.9083692
v 15.517727 4.041287 -1.5208209
v 12.624325 2.8428886 -2.431024
v 12.93139 2.3835464 -2.0454805
v 12.266858 3.4108877 -2.3715308
v 12.026257 3.8217542 -1.8948362
v 12.015093 3.883245 -1.2239913
v 12.238597 3.566577 -0.6728917
v 12.592189 3.0199382 -0.499404
v 12.910415 2.499099 -0.7847027
v 13.0443735 2.2477674 -1.3952963
v 10.036015 1.4187682 -2.3432803
v 10.278465 0.9250252 -1.9542171
v 9.751425 2.0269458 -2.2878964
v 9.557868 2.464989 -1.8139801
v 9.545908 2.5279257 -1.1432828
v 9.721138 2.1863024 -0.5896304
v 10.001573 1.5999932 -0.41208518
v 10.255994 1.0433006 -0.693719
v 10.365347 0.7767459 -1.3027548
v 7.2894087 0.328538 -2.2896821
v 7.463432 -0.19126756 -1.8979537
v 7.082189 0.9675013 -2.2374458
v 6.9387264 1.4266303 -1.7656881
v 6.926156 1.4910978 -1.0951469
v 7.0503564 1.1307467 -0.5395786
v 7.253218 0.5141732 -0.35893884
v 7.439805 -0.07009996 -0.6377515
v 7.522825 -0.34871215 -1.2455553
v 4.427826 -0.4106957 -2.2719805
v 4.530669 -0.94782215 -1.8784813
v 4.301245 0.24916457 -2.2218835
v 4.21015 0.7229697 -1.7516251
v 4.1971626 0.7890462 -1.0812485
v 4.2683687 0.4164553 -0.5244294
v 4.390442 -0.22044861 -0.34170994
v 4.5062666 -0.82365155 -0.61858577
v 4.5616474 -1.1109209 -1.2255036
v 1.4964594 -0.78734463 -2.2913628
v 1.5264982 -1.3328025 -1.8970116
v 1.4525067 -0.11682083 -2.2423549
v 1.4152075 0.36503568 -1.7729198
v 1.4020113 0.43274075 -1.1027099
v 1.4191018 0.054632407 -0.54532623
v 1.4584688 -0.5923813 -0.3615731
v 1.501704 -1.2055442 -0.6374321
v 1.5285726 -1.4979596 -1.2438226
v -1.458534 -0.79557854 -2.34842
v -1.5017692 -1.3402027 -1.9541554
v -1.419167 -0.12476167 -2.2994435
v -1.4020765 0.35834557 -1.8301367
v -1.4152663 0.42770514 -1.160097
v -1.4525719 0.05086707 -0.60284203
v -1.4965246 -0.59586656 -0.41911748
v -1.5265635 -1.2098567 -0.69489175
v -1.5286379 -1.503816 -1.3011252
v -4.390527 -0.43535855 -2.4431627
v -4.5063577 -0.9700292 -2.0499141
v -4.2684536 0.22534856 -2.3931499
v -4.197247 0.7029319 -1.9232787
v -4.2102346 0.77393955 -1.2534066
v -4.30133 0.40512675 -0.69697386
v -4.427911 -0.23092383 -0.5143411
v -4.530761 -0.83660215 -0.7909654
v -4.5617323 -1.1284899 -1.3974103
v -7.2532835 0.28755054 -2.5749965
v -7.439877 -0.22820333 -2.1836836
v -7.050421 0.92792076 -2.522904
v -6.9262347 1.3932773 -2.0517814
v -6.9388046 1.4658743 -1.3820728
v -7.0822544 1.1117443 -0.82714033
v -7.2894735 0.49659064 -0.64664614
v -7.463497 -0.09176027 -0.9250427
v -7.52289 -0.37800694 -1.5320652
v -10.001644 1.3616449 -2.742745
v -10.256059 0.87349755 -2.3542547
v -9.721216 1.9717638 -2.6875606
v -9.5459795 2.4183793 -2.214522
v -9.557937 2.492514 -1.544969
v -9.751496 2.159476 -0.9921942
v -10.03608 1.575095 -0.8148468
v -10.278531 1.0128264 -1.0959096
v -10.365412 0.73573846 -1.7038687
v -12.592283 2.7698903 -2.9446683
v -12.910506 2.3175833 -2.5598443
v -12.238685 3.3403323 -2.8854253
v -12.015178 3.7619925 -2.409834
v -12.026339 3.8375664 -1.74043
v -12.266943 3.5317054 -1.1904346
v -12.62441 2.9875095 -1.0171973
v -12.9314785 2.459635 -1.3017771
v -13.044465 2.1950538 -1.9110154
v -14.98432 4.490002 -3.1784873
v -15.361336 4.081209 -2.798113
v -14.5631485 5.011947 -3.1142845
v -14.294899 5.402828 -2.6355453
v -14.305081 5.4797506 -1.9662776
v -14.588934 5.206714 -1.4196393
v -15.01364 4.711471 -1.2514086
v -15.380481 4.225762 -1.540302
v -15.517798 3.9768538 -2.1511433
v -17.140049 6.4947453 -3.4414153
v -17.569916 6.1364555 -3.0662057
v -16.65794 6.960155 -3.3714292
v -16.349174 7.3149223 -2.8889968
v -16.358215 7.393037 -2.2198522
v -16.68085 7.1579638 -1.6770979
v -17.166103 6.71968 -1.5146908
v -17.586922 6.283269 -1.8086269
v -17.746399 6.0529385 -2.421367
v -19.025475 8.752422 -3.73021
v -19.501402 8.450818 -3.3607993
v -18.490019 9.154144 -3.6537118
v -18.145605 9.468023 -3.167098
v -18.153381 9.547199 -2.4980607
v -18.509699 9.354617 -1.959652
v -19.047842 8.980386 -1.8037969
v -19.516006 8.599611 -2.1034214
v -19.695131 8.390478 -2.71833
v -18.898287 8.966411 -2.7772303
v -19.501402 8.450818 -3.3607993
v -19.025475 8.752422 -3.73021
v -18.490019 9.154144 -3.6537118
v -18.145605 9.468023 -3.167098
v -18.153381 9.547199 -2.4980607
v -18.509699 9.354617 -1.959652
v -19.047842 8.980386 -1.8037969
v -19.516006 8.599611 -2.1034214
v -19.695131 8.390478 -2.71833
vt 0.54042125 0.89680421
vt 0.46464336 0.89716661
vt 0.49394488 0.88805807
vt 0.54014134 0.88783711
vt 0.54160166 0.934619665
vt 0.46572864 0.93498254
vt 0.46500075 0.91166282
vt 0.54087365 0.911299944
vt 0.5423019 0.95705408
vt 0.466429 0.95741695
vt 0.54287004 0.975251973
vt 0.46699703 0.975614846
vt 0.5432886 0.988660395
vt 0.4674157 0.989023268
vt 0.5435449 0.9968719482
vt 0.46767187 0.9972348213
vt 0.5436312 0.99963712692
vt 0.4677583 1
vt 0.5435449 0.9968719482
vt 0.46767187 0.9972348213
vt 0.5432886 0.988660395
vt 0.4674157 0.989023209
vt 0.54287004 0.975251973
vt 0.46699715 0.975614786
vt 0.542302 0.95705408
vt 0.466429 0.95741695
vt 0.54160166 0.934619665
vt 0.46572864 0.93498254
vt 0.54079044 0.90863043
vt 0.46491742 0.908993244
vt 0.5398928 0.87987596
vt 0.4640199 0.88023883
vt 0.53893626 0.84922999
vt 0.46306336 0.84959286
vt 0.5379497 0.81762373
vt 0.46207666 0.81798655
vt 0.5369631 0.78601742
vt 0.4610902 0.78638029
vt 0.53600657 0.75537145
vt 0.46013355 0.75573432
vt 0.5351088 0.72661698
vt 0.4592359 0.72697985
vt 0.5342976 0.70062774
vt 0.45842457 0.70099062
vt 0.53359735 0.67819333
vt 0.45772433 0.6785562
vt 0.5330293 0.6599955
vt 0.4571563 0.6603583
vt 0.5326108 0.64658707
vt 0.45673776 0.6469499
vt 0.5323545 0.63837552
vt 0.45648146 0.6387384
vt 0.53226805 0.63561034
vt 0.45639515 0.63597322
vt 0.5323545 0.63837552
vt 0.45648146 0.6387384
vt 0.53261065 0.64658713
vt 0.45673776 0.64694995
vt 0.5330293 0.65999556
vt 0.4571563 0.66035837
vt 0.53359735 0.67819345
vt 0.45772433 0.67855626
vt 0.53429747 0.7006278
vt 0.45842457 0.70099068
vt 0.53500724 0.72336382
vt 0.45913434 0.72372663
vt 0.53629386 0.7689861
vt 0.4605584 0.76934832
vt 0.46018267 0.75731218
vt 0.5360557 0.7569493
vt 0.46202028 0.82894367
vt 0.46093333 0.84854269
vt 0.46307325 0.862674
vt 0.4623512 0.83954608
vt 0.46459818 0.911530256
vt 0.46266174 0.8494941
vt 0.46532822 0.93491757
vt 0.46294236 0.85848546
vt 0.4660281 0.957335353
vt 0.4631847 0.86624694
vt 0.46659553 0.975515485
vt 0.4633813 0.8725428
vt 0.46701348 0.988905728
vt 0.463526 0.87718165
vt 0.4672693 0.9970988035
vt 0.4636147 0.880022526
vt 0.467355 0.99984538555
vt 0.46364462 0.88097918
vt 0.4672681 0.997062087
vt 0.4636147 0.880022526
vt 0.46701133 0.988833845
vt 0.463526 0.87718165
vt 0.4665923 0.975411952
vt 0.4633813 0.8725428
vt 0.46602404 0.957206786
vt 0.4631847 0.86624694
vt 0.4653238 0.93477571
vt 0.46294248 0.85848546
vt 0.46451318 0.90880638
vt 0.46266174 0.8494941
vt 0.46361697 0.88009399
vt 0.4623512 0.83954608
vt 0.46266246 0.84951353
vt 0.4620229 0.82902753
vt 0.46202505 0.82909429
vt 0.4616784 0.81798851
vt 0.46167898 0.8180089
vt 0.4616742 0.81785369
vt 0.46069443 0.78646356
vt 0.4613377 0.80707431
vt 0.4597398 0.7558831
vt 0.46100676 0.79647195
vt 0.45884347 0.7271706
vt 0.46069622 0.78652394
vt 0.45803285 0.7012012
vt 0.4604156 0.77753258
vt 0.4573326 0.67877018
vt 0.46017325 0.76977104
vt 0.45676434 0.66056502
vt 0.45997667 0.76347524
vt 0.45634544 0.64714313
vt 0.45983195 0.75883639
vt 0.45608854 0.63891494
vt 0.45974326 0.75599551
vt 0.45600164 0.63613164
vt 0.45971334 0.75503886
vt 0.45608747 0.63887823
vt 0.45974326 0.75599551
vt 0.45634317 0.6470713
vt 0.45983195 0.75883639
vt 0.45676112 0.6604616
vt 0.45997667 0.76347524
vt 0.45732856 0.6786418
vt 0.46017325 0.7697711
vt 0.45802844 0.70105994
vt 0.4604156 0.77753258
vt 0.45874083 0.7238825
vt 0.46069622 0.78652394
vt 0.46037018 0.77608037
vt 0.46100676 0.79647195
vt 0.45968962 0.83198869
vt 0.4613377 0.80707437
vt 0.45968878 0.83214366
vt 0.53869283 0.82867241
vt 0.5395632 0.8565538
vt 0.53858435 0.825194
vt 0.5383487 0.81764221
vt 0.53902686 0.83937085
vt 0.53974473 0.86236972
vt 0.5393404 0.84941614
vt 0.54126775 0.91116357
vt 0.5396242 0.85850656
vt 0.5419978 0.93455094
vt 0.53986955 0.86636919
vt 0.5426978 0.956968665
vt 0.54006934 0.87276864
vt 0.5432652 0.975148797
vt 0.5402175 0.87751353
vt 0.5436832 0.98853904
vt 0.54030955 0.88046235
vt 0.5439389 0.9967321157
vt 0.5403428 0.881527424
vt 0.5440247 0.9994786978
vt 0.5403162 0.88067639
vt 0.5439378 0.9966953993
vt 0.5402305 0.87793261
vt 0.543681 0.988467157
vt 0.5400882 0.87337208
vt 0.543262 0.975045264
vt 0.53989303 0.8671186
vt 0.54269373 0.956840098
vt 0.5396501 0.85933757
vt 0.5419935 0.93440908
vt 0.5393659 0.85023046
vt 0.5411829 0.908439755
vt 0.5390477 0.84003735
vt 0.54028666 0.879727304
vt 0.5387049 0.82905245
vt 0.53933203 0.84914684
vt 0.5383487 0.81764185
vt 0.53834796 0.81762189
vt 0.5379925 0.80623138
vt 0.537364 0.78609693
vt 0.5376495 0.79524672
vt 0.5364094 0.75551641
vt 0.53733134 0.78505397
vt 0.53551304 0.7268039
vt 0.53704715 0.77594703
vt 0.5347024 0.70083457
vt 0.5368043 0.76816607
vt 0.5340022 0.6784035
vt 0.53660905 0.7619127
vt 0.5334339 0.66019833
vt 0.5364667 0.75735211
vt 0.533015 0.6467765
vt 0.5363811 0.75460833
vt 0.53275824 0.63854825
vt 0.53635454 0.7537573
vt 0.5326712 0.63576496
vt 0.5363878 0.75482225
vt 0.53275704 0.63851154
vt 0.53647983 0.75777113
vt 0.53301275 0.64670467
vt 0.5366279 0.76251602
vt 0.5334308 0.66009498
vt 0.5368277 0.76891541
vt 0.53399825 0.6782751
vt 0.537073 0.77677804
vt 0.534698 0.70069325
vt 0.53735685 0.7858684
vt 0.5354104 0.7235158
vt 0.53704035 0.77572948
vt 0.537035 0.7755593
vt 0.5376704 0.79591364
vt 0.5380044 0.80661213
vt 0.537362 0.78603184
vt 0.53736746 0.78620982
vt 0.45604503 0.81803596
vt 0.45604503 0.81803596
vt 0.45638633 0.82897061
vt 0.45629644 0.82608896
vt 0.45579362 0.80998296
vt 0.45570374 0.80710131
vt 0.45554996 0.80217463
vt 0.4553728 0.7964989
vt 0.4553212 0.7948482
vt 0.45506227 0.78655088
vt 0.4551146 0.78822637
vt 0.45478165 0.77755952
vt 0.45493615 0.78251028
vt 0.4545393 0.76979804
vt 0.45479143 0.77787364
vt 0.45434284 0.76350218
vt 0.45468485 0.77445728
vt 0.454198 0.75886333
vt 0.4546194 0.77236503
vt 0.4541093 0.75602245
vt 0.45459747 0.77166045
vt 0.4540795 0.7550658
vt 0.4546194 0.77236503
vt 0.45410943 0.75602245
vt 0.45468485 0.77445728
vt 0.454198 0.75886333
vt 0.45479143 0.77787364
vt 0.45434284 0.76350218
vt 0.45493615 0.78251028
vt 0.4545393 0.76979798
vt 0.4551146 0.78822637
vt 0.45478165 0.77755952
vt 0.4553213 0.7948482
vt 0.45506227 0.78655088
vt 0.45554996 0.80217457
vt 0.4553728 0.7964989
vt 0.45579362 0.80998296
vt 0.45570374 0.80710125
vt 0.45604503 0.81803596
vt 0.45604503 0.81803596
vt 0.45629644 0.8260889
vt 0.45638633 0.82897061
vt 0.4565401 0.83389735
vt 0.45671725 0.83957303
vt 0.45676887 0.84122372
vt 0.4570279 0.84952104
vt 0.45697558 0.84784555
vt 0.45730853 0.8585124
vt 0.45715404 0.85356164
vt 0.45755076 0.86627388
vt 0.45729876 0.85819829
vt 0.45774734 0.87256974
vt 0.45740533 0.86161464
vt 0.45789206 0.87720859
vt 0.45747066 0.86370689
vt 0.45798075 0.88004947
vt 0.4574927 0.86441147
vt 0.45801067 0.88100612
vt 0.45747066 0.86370689
vt 0.45798075 0.88004947
vt 0.45740533 0.86161464
vt 0.45789206 0.87720859
vt 0.45729876 0.85819829
vt 0.45774734 0.87256974
vt 0.45715404 0.85356164
vt 0.45755076 0.86627388
vt 0.45697558 0.84784555
vt 0.45730853 0.8585124
vt 0.45676887 0.84122372
vt 0.4570278 0.84952104
vt 0.4565401 0.8338973
vt 0.45671725 0.83957303
vt 0.5442339 0.82566845
vt 0.5443189 0.82839096
vt 0.5439825 0.81761539
vt 0.5439825 0.81761539
vt 0.5444776 0.83347678
vt 0.54464495 0.83883917
vt 0.54470634 0.84080315
vt 0.5449511 0.84864247
vt 0.54491305 0.84742498
vt 0.5452275 0.85750306
vt 0.5450914 0.85314107
vt 0.5454664 0.86515164
vt 0.54523623 0.85777771
vt 0.54566 0.87135589
vt 0.5453428 0.86119413
vt 0.5458027 0.87592727
vt 0.5454081 0.86328632
vt 0.5458901 0.87872684
vt 0.5454302 0.8639909
vt 0.54591954 0.87966961
vt 0.5454081 0.86328632
vt 0.5458901 0.87872684
vt 0.5453428 0.86119407
vt 0.5458027 0.87592721
vt 0.54523623 0.85777771
vt 0.54566 0.87135589
vt 0.5450915 0.85314107
vt 0.5454664 0.86515164
vt 0.54491305 0.84742498
vt 0.54522765 0.85750306
vt 0.54470634 0.84080315
vt 0.5449511 0.84864247
vt 0.5444776 0.83347678
vt 0.5446451 0.83883917
vt 0.5442339 0.8256684
vt 0.5443189 0.82839096
vt 0.5439825 0.81761539
vt 0.5439825 0.81761539
vt 0.5437312 0.80956244
vt 0.5436462 0.80683982
vt 0.5434874 0.801754
vt 0.54332006 0.7963916
vt 0.54325867 0.79442763
vt 0.54301405 0.78658831
vt 0.5430521 0.7878058
vt 0.5427375 0.77772772
vt 0.5428736 0.78208971
vt 0.5424987 0.77007914
vt 0.5427289 0.77745306
vt 0.542305 0.76387489
vt 0.5426223 0.7740367
vt 0.5421624 0.75930357
vt 0.5425569 0.77194446
vt 0.5420749 0.75650394
vt 0.54253495 0.77123994
vt 0.5420456 0.75556123
vt 0.5425569 0.77194446
vt 0.5420749 0.75650394
vt 0.5426223 0.7740367
vt 0.5421624 0.75930357
vt 0.5427289 0.77745306
vt 0.542305 0.76387489
vt 0.5428736 0.78208971
vt 0.5424987 0.77007914
vt 0.5430521 0.7878058
vt 0.5427375 0.77772772
vt 0.54325867 0.7944277
vt 0.54301405 0.78658831
vt 0.5434874 0.80175406
vt 0.54332006 0.7963916
vt 0.5437312 0.80956239
vt 0.5436462 0.80683982
vt 0.5376463 0.79514158
vt 0.4609766 0.79550827
vt 0.4607761 0.78908265
vt 0.5374458 0.78871596
vt 0.53786826 0.80225092
vt 0.46119857 0.80261755
vt 0.53810465 0.80982792
vt 0.46143508 0.81019461
vt 0.5383487 0.81764233
vt 0.46167898 0.81800902
vt 0.5385926 0.82545674
vt 0.46192288 0.82582343
vt 0.5388291 0.8330338
vt 0.4621594 0.83340049
vt 0.53905094 0.84014308
vt 0.46238136 0.84050977
vt 0.53925157 0.84656876
vt 0.46258187 0.84693539
vt 0.5394248 0.85211551
vt 0.46275508 0.8524822
vt 0.5395652 0.85661477
vt 0.4628955 0.85698146
vt 0.5396687 0.85992992
vt 0.462999 0.8602966
vt 0.539732 0.86196017
vt 0.4630623 0.86232686
vt 0.5397533 0.86264384
vt 0.46308362 0.86301053
vt 0.539732 0.86196017
vt 0.4630623 0.86232686
vt 0.5396687 0.85992992
vt 0.462999 0.8602966
vt 0.5395652 0.85661477
vt 0.4628955 0.85698146
vt 0.5394248 0.85211551
vt 0.46275508 0.8524822
vt 0.53925157 0.84656876
vt 0.46258187 0.84693539
vt 0.53905094 0.84014308
vt 0.46238124 0.84050977
vt 0.5388291 0.8330338
vt 0.4621594 0.83340043
vt 0.5385926 0.82545674
vt 0.46192288 0.82582343
vt 0.5383487 0.81764233
vt 0.46167898 0.81800902
vt 0.53810465 0.80982792
vt 0.46143496 0.81019461
vt 0.53786826 0.80225098
vt 0.46119857 0.80261761
vt 0.5376463 0.79514158
vt 0.4609766 0.79550827
vt 0.5374458 0.78871596
vt 0.4607761 0.78908265
vt 0.5372726 0.78316921
vt 0.46060288 0.78353584
vt 0.53713214 0.77866995
vt 0.46046245 0.77903658
vt 0.5370287 0.77535474
vt 0.46035898 0.77572143
vt 0.53696525 0.77332455
vt 0.46029568 0.77369118
vt 0.5369439 0.77264082
vt 0.46027434 0.77300751
vt 0.53696525 0.77332449
vt 0.46029568 0.77369118
vt 0.5370287 0.77535474
vt 0.46035898 0.77572143
vt 0.53713214 0.7786699
vt 0.46046245 0.77903658
vt 0.5372726 0.78316921
vt 0.46060288 0.78353584
vt 0.45604503 0.81803596
vt 0.46167898 0.81800902
vt 0.46202028 0.82894367
vt 0.45638633 0.82897061
vt 0.45570374 0.80710131
vt 0.4613377 0.80707437
vt 0.4553728 0.7964989
vt 0.46100676 0.79647195
vt 0.45506227 0.78655088
vt 0.46069622 0.78652394
vt 0.45478165 0.77755952
vt 0.4604156 0.77753258
vt 0.4545393 0.76979804
vt 0.46017325 0.7697711
vt 0.45434284 0.76350218
vt 0.45997667 0.76347524
vt 0.454198 0.75886333
vt 0.45983195 0.75883639
vt 0.4541093 0.75602245
vt 0.45974326 0.75599551
vt 0.4540795 0.7550658
vt 0.45971334 0.75503886
vt 0.45410943 0.75602245
vt 0.45974326 0.75599551
vt 0.454198 0.75886333
vt 0.45983195 0.75883639
vt 0.45434284 0.76350218
vt 0.45997667 0.76347524
vt 0.4545393 0.76979798
vt 0.46017325 0.76977104
vt 0.45478165 0.77755952
vt 0.4604156 0.77753258
vt 0.45506227 0.78655088
vt 0.46069622 0.78652394
vt 0.4553728 0.7964989
vt 0.46100676 0.79647195
vt 0.45570374 0.80710125
vt 0.4613377 0.80707431
vt 0.4612807 0.81801093
vt 0.4616742 0.81785369
vt 0.45604503 0.81803596
vt 0.45638633 0.82897061
vt 0.461622 0.82894558
vt 0.45671725 0.83957303
vt 0.4623512 0.83954608
vt 0.46202505 0.82909429
vt 0.4570279 0.84952104
vt 0.46266174 0.8494941
vt 0.45730853 0.8585124
vt 0.46294248 0.85848546
vt 0.45755076 0.86627388
vt 0.4631847 0.86624694
vt 0.45774734 0.87256974
vt 0.4633813 0.8725428
vt 0.45789206 0.87720859
vt 0.463526 0.87718165
vt 0.45798075 0.88004947
vt 0.4636147 0.880022526
vt 0.45801067 0.88100612
vt 0.46364462 0.88097918
vt 0.45798075 0.88004947
vt 0.4636147 0.880022526
vt 0.45789206 0.87720859
vt 0.463526 0.87718165
vt 0.45774734 0.87256974
vt 0.4633813 0.8725428
vt 0.45755076 0.86627388
vt 0.4631847 0.86624694
vt 0.45730853 0.8585124
vt 0.46294236 0.85848546
vt 0.4570278 0.84952104
vt 0.46266174 0.8494941
vt 0.45671725 0.83957303
vt 0.4623512 0.83954608
vt 0.45978594 0.82583368
vt 0.45954192 0.81801921
vt 0.46002245 0.83341062
vt 0.4602443 0.84051996
vt 0.4604448 0.84694564
vt 0.46061802 0.85249239
vt 0.46075845 0.85699165
vt 0.46086204 0.8603068
vt 0.46092534 0.86233705
vt 0.46094668 0.86302072
vt 0.46092534 0.86233705
vt 0.46086204 0.8603068
vt 0.46075845 0.85699165
vt 0.46061802 0.85249239
vt 0.4604448 0.84694564
vt 0.4602443 0.84052002
vt 0.46002245 0.83341068
vt 0.45978594 0.82583362
vt 0.45954192 0.81801921
vt 0.459298 0.8102048
vt 0.4590615 0.8026278
vt 0.45883965 0.79551846
vt 0.45863903 0.78909278
vt 0.45846593 0.78354609
vt 0.4583254 0.77904677
vt 0.4582219 0.77573168
vt 0.4581586 0.77370143
vt 0.45813727 0.77301776
vt 0.4581586 0.77370143
vt 0.4582219 0.77573168
vt 0.4583254 0.77904677
vt 0.45846593 0.78354609
vt 0.45863903 0.78909284
vt 0.45883965 0.79551852
vt 0.4590615 0.8026278
vt 0.459298 0.8102048
vt 0.54199255 0.82856119
vt 0.5410212 0.82856584
vt 0.5406798 0.81763119
vt 0.54165125 0.81762654
vt 0.5423236 0.83916366
vt 0.54135215 0.83916825
vt 0.5426341 0.84911168
vt 0.5416627 0.84911633
vt 0.54291475 0.85810304
vt 0.5419433 0.85810769
vt 0.543157 0.86586452
vt 0.54218554 0.86586916
vt 0.54335344 0.87216032
vt 0.5423821 0.87216496
vt 0.5434983 0.876799166
vt 0.54252696 0.876803815
vt 0.54358697 0.8796401
vt 0.54261565 0.87964475
vt 0.5436168 0.88059676
vt 0.54264545 0.880601406
vt 0.54358697 0.8796401
vt 0.54261565 0.87964475
vt 0.5434983 0.876799166
vt 0.54252696 0.876803756
vt 0.54335356 0.87216032
vt 0.5423821 0.87216496
vt 0.543157 0.86586452
vt 0.54218566 0.86586916
vt 0.54291475 0.85810304
vt 0.54194343 0.85810769
vt 0.5426341 0.84911162
vt 0.5416627 0.84911627
vt 0.5423236 0.8391636
vt 0.54135215 0.83916825
vt 0.54199266 0.82856119
vt 0.5410212 0.82856584
vt 0.54165125 0.81762654
vt 0.54067993 0.81763119
vt 0.54130995 0.80669188
vt 0.5403385 0.80669653
vt 0.540979 0.79608947
vt 0.5400076 0.79609412
vt 0.5406685 0.78614146
vt 0.5396972 0.7861461
vt 0.54038775 0.7771501
vt 0.53941643 0.77715474
vt 0.5401455 0.76938856
vt 0.5391742 0.7693932
vt 0.53994906 0.76309276
vt 0.5389776 0.7630974
vt 0.5398042 0.75845397
vt 0.5388328 0.75845861
vt 0.5397155 0.75561303
vt 0.5387442 0.75561768
vt 0.5396857 0.75465637
vt 0.5387143 0.75466102
vt 0.5397155 0.75561303
vt 0.5387442 0.75561768
vt 0.5398042 0.75845397
vt 0.5388328 0.75845861
vt 0.53994906 0.76309276
vt 0.5389776 0.7630974
vt 0.5401455 0.76938862
vt 0.5391742 0.76939327
vt 0.54038775 0.7771501
vt 0.53941643 0.77715474
vt 0.5406685 0.78614146
vt 0.5396972 0.7861461
vt 0.540979 0.79608953
vt 0.5400076 0.79609418
vt 0.54130995 0.80669188
vt 0.5403385 0.80669653
vt 0.5404856 0.81763208
vt 0.54072964 0.82544655
vt 0.5402417 0.80981767
vt 0.5400052 0.80224073
vt 0.53978336 0.79513139
vt 0.5395827 0.7887057
vt 0.5394095 0.78315902
vt 0.5392691 0.7786597
vt 0.5391656 0.77534455
vt 0.5391023 0.7733143
vt 0.539081 0.77263063
vt 0.5391023 0.7733143
vt 0.5391656 0.77534455
vt 0.5392691 0.7786597
vt 0.5394095 0.78315896
vt 0.5395827 0.7887057
vt 0.53978336 0.79513133
vt 0.5400052 0.80224073
vt 0.5402417 0.80981773
vt 0.5404856 0.81763208
vt 0.54072964 0.82544649
vt 0.54096603 0.83302355
vt 0.541188 0.84013283
vt 0.5413885 0.84655857
vt 0.5415617 0.85210526
vt 0.54170215 0.85660458
vt 0.5418056 0.85991967
vt 0.5418689 0.86194992
vt 0.54189026 0.86263359
vt 0.5418689 0.86194992
vt 0.5418056 0.85991967
vt 0.54170215 0.85660458
vt 0.5415617 0.85210526
vt 0.5413885 0.84655857
vt 0.541188 0.84013283
vt 0.54096603 0.83302355
vt 0.53910375 0.82862973
vt 0.5387608 0.8176403
vt 0.5396849 0.8176359
vt 0.5400268 0.82858747
vt 0.53943646 0.83928722
vt 0.5403583 0.83920687
vt 0.53974855 0.84929103
vt 0.54066944 0.84917212
vt 0.54003096 0.85833919
vt 0.54095066 0.858181
vt 0.54027486 0.86615872
vt 0.5411935 0.86596036
vt 0.5404731 0.87251413
vt 0.54139054 0.87227452
vt 0.5406196 0.877213955
vt 0.541536 0.876932144
vt 0.54071 0.88011694
vt 0.54162526 0.879792094
vt 0.54074156 0.88113606
vt 0.5416558 0.880768
vt 0.5407133 0.88024044
vt 0.5416266 0.87983006
vt 0.54062605 0.87745571
vt 0.5415385 0.87700635
vt 0.5404824 0.87286216
vt 0.5413941 0.87238145
vt 0.54028654 0.86659086
vt 0.5411979 0.86609316
vt 0.54004407 0.858818
vt 0.5409554 0.8583281
vt 0.53976166 0.84975958
vt 0.5406741 0.84931624
vt 0.5394474 0.83967006
vt 0.5403621 0.83932477
vt 0.5391103 0.8288477
vt 0.5400289 0.82865465
vt 0.5387608 0.81764007
vt 0.539685 0.8176359
vt 0.53841066 0.80643255
vt 0.5393411 0.80661708
vt 0.5380721 0.79561031
vt 0.53900814 0.79594702
vt 0.53775644 0.78552097
vt 0.5386963 0.78595561
vt 0.53747344 0.77646267
vt 0.5384152 0.77694374
vt 0.5372306 0.76868987
vt 0.53817284 0.76917875
vt 0.537035 0.76241863
vt 0.5379765 0.76289046
vt 0.53689194 0.75782514
vt 0.537832 0.75826555
vt 0.5368053 0.75504029
vt 0.5377438 0.75544184
vt 0.5367775 0.75414467
vt 0.5377145 0.7545039
vt 0.5368097 0.75516379
vt 0.537745 0.75547975
vt 0.5369005 0.75806677
vt 0.53783417 0.75833976
vt 0.5370474 0.7627666
vt 0.5379795 0.76299739
vt 0.537246 0.76912194
vt 0.53817654 0.76931155
vt 0.5374901 0.77694154
vt 0.53841937 0.7770909
vt 0.53777266 0.78598964
vt 0.5387006 0.78609979
vt 0.538085 0.79599345
vt 0.5390116 0.79606503
vt 0.5384177 0.80665094
vt 0.5393431 0.80668443
vt 0.54298663 0.82852834
vt 0.54264617 0.81762183
vt 0.5435704 0.81761736
vt 0.54390883 0.82846081
vt 0.5433167 0.83910346
vt 0.54423714 0.83897483
vt 0.5436264 0.84902596
vt 0.54454494 0.84883994
vt 0.54390645 0.8579942
vt 0.5448233 0.85775632
vt 0.5441481 0.86573571
vt 0.5450636 0.86545312
vt 0.54434407 0.87201536
vt 0.5452584 0.87169641
vt 0.54448855 0.87664223
vt 0.54540205 0.87629658
vt 0.5445769 0.87947583
vt 0.54549 0.87911379
vt 0.5446067 0.88043004
vt 0.5455197 0.88006246
vt 0.5445769 0.87947583
vt 0.54549 0.87911379
vt 0.54448855 0.87664223
vt 0.54540205 0.87629658
vt 0.54434407 0.87201536
vt 0.5452584 0.87169641
vt 0.5441481 0.86573571
vt 0.5450636 0.86545312
vt 0.54390645 0.85799414
vt 0.5448234 0.85775632
vt 0.5436264 0.8490259
vt 0.54454505 0.84883988
vt 0.5433167 0.83910346
vt 0.54423714 0.83897483
vt 0.54298663 0.82852829
vt 0.54390883 0.82846081
vt 0.5426463 0.81762177
vt 0.5435705 0.81761736
vt 0.5423058 0.80671525
vt 0.54323196 0.8067739
vt 0.5419756 0.79614007
vt 0.5429038 0.79625988
vt 0.54166603 0.78621769
vt 0.54259586 0.78639483
vt 0.541386 0.7772494
vt 0.5423175 0.7774784
vt 0.5411444 0.76950788
vt 0.5420773 0.76978159
vt 0.5409483 0.76322824
vt 0.5418824 0.7635383
vt 0.5408039 0.75860131
vt 0.54173887 0.7589382
vt 0.54071546 0.7557677
vt 0.5416509 0.75612092
vt 0.54068565 0.75481355
vt 0.5416213 0.75517225
vt 0.54071546 0.7557677
vt 0.5416509 0.75612092
vt 0.5408039 0.75860131
vt 0.54173875 0.7589382
vt 0.5409483 0.76322824
vt 0.5418824 0.76353836
vt 0.5411444 0.76950788
vt 0.5420773 0.76978165
vt 0.541386 0.77724946
vt 0.5423175 0.77747846
vt 0.54166603 0.78621769
vt 0.54259574 0.78639483
vt 0.5419756 0.79614013
vt 0.5429038 0.79625988
vt 0.5423058 0.80671525
vt 0.54323196 0.8067739
vt 0.45812905 0.82588845
vt 0.45788372 0.81802714
vt 0.45673192 0.81803262
vt 0.45697975 0.82597256
vt 0.4583671 0.83351088
vt 0.45722008 0.83367121
vt 0.4585904 0.84066284
vt 0.4574455 0.84089464
vt 0.4587921 0.84712708
vt 0.45764935 0.84742343
vt 0.45896626 0.85270703
vt 0.4578253 0.85305923
vt 0.45910752 0.85723329
vt 0.45796788 0.85763073
vt 0.4592116 0.86056834
vt 0.45807314 0.8609991
vt 0.45927536 0.86261076
vt 0.4581375 0.86306196
vt 0.45929694 0.86329854
vt 0.4581592 0.8637566
vt 0.45927536 0.86261076
vt 0.4581375 0.86306196
vt 0.4592116 0.86056834
vt 0.45807314 0.8609991
vt 0.45910752 0.85723329
vt 0.45796788 0.85763073
vt 0.45896626 0.85270703
vt 0.4578253 0.85305923
vt 0.4587921 0.84712708
vt 0.45764935 0.84742343
vt 0.4585904 0.84066284
vt 0.4574455 0.84089464
vt 0.4583671 0.83351088
vt 0.45722008 0.83367121
vt 0.45812917 0.8258884
vt 0.45697975 0.82597256
vt 0.45788383 0.81802714
vt 0.45673192 0.81803262
vt 0.45763838 0.81016588
vt 0.45648408 0.8100928
vt 0.45740044 0.8025434
vt 0.45624375 0.80239415
vt 0.45717728 0.79539144
vt 0.45601833 0.79517066
vt 0.45697534 0.78892732
vt 0.45581448 0.78864187
vt 0.4568013 0.78334725
vt 0.45563853 0.78300607
vt 0.4566599 0.77882099
vt 0.45549595 0.77843457
vt 0.45655584 0.77548599
vt 0.4553908 0.77506626
vt 0.45649207 0.77344358
vt 0.45532632 0.7730034
vt 0.4564706 0.7727558
vt 0.45530474 0.7723087
vt 0.45649207 0.77344358
vt 0.45532632 0.7730034
vt 0.45655584 0.77548599
vt 0.4553907 0.77506626
vt 0.4566599 0.77882099
vt 0.45549595 0.77843457
vt 0.4568013 0.78334725
vt 0.45563853 0.78300607
vt 0.45697534 0.78892732
vt 0.45581448 0.78864193
vt 0.45717728 0.7953915
vt 0.45601833 0.79517072
vt 0.45740044 0.80254346
vt 0.45624375 0.80239415
vt 0.45763838 0.81016588
vt 0.45648408 0.8100928
vt 0.5421438 0.81762421
vt 0.5423893 0.82548547
vt 0.5435436 0.82555854
vt 0.54329574 0.81761867
vt 0.5418985 0.8097629
vt 0.5430478 0.8096788
vt 0.54166055 0.80214047
vt 0.5428076 0.8019802
vt 0.54143727 0.79498851
vt 0.54258204 0.79475677
vt 0.54123557 0.78852433
vt 0.5423783 0.78822792
vt 0.5410613 0.78294432
vt 0.54220235 0.78259212
vt 0.54092 0.77841806
vt 0.54205966 0.77802062
vt 0.54081595 0.77508307
vt 0.5419545 0.77465224
vt 0.5407522 0.7730406
vt 0.54189014 0.77258939
vt 0.5407307 0.77235281
vt 0.54186845 0.77189475
vt 0.5407522 0.7730406
vt 0.54189014 0.77258939
vt 0.54081595 0.775083
vt 0.5419545 0.77465224
vt 0.54092 0.77841806
vt 0.54205966 0.77802062
vt 0.5410613 0.78294432
vt 0.54220235 0.78259212
vt 0.54123557 0.78852427
vt 0.5423783 0.78822792
vt 0.54143727 0.79498851
vt 0.54258204 0.79475665
vt 0.54166055 0.80214047
vt 0.5428076 0.80198014
vt 0.5418985 0.80976295
vt 0.5430478 0.8096788
vt 0.5421438 0.81762421
vt 0.54329574 0.81761867
vt 0.5423893 0.82548547
vt 0.5435436 0.82555854
vt 0.5426272 0.83310795
vt 0.5437838 0.8332572
vt 0.5428504 0.84025991
vt 0.5440093 0.84048069
vt 0.5430522 0.84672403
vt 0.5442132 0.84700948
vt 0.54322636 0.8523041
vt 0.544389 0.85264528
vt 0.5433676 0.85683036
vt 0.5445317 0.85721678
vt 0.5434718 0.86016536
vt 0.54463685 0.8605851
vt 0.5435355 0.86220777
vt 0.5447012 0.86264801
vt 0.5435569 0.86289555
vt 0.5447229 0.86334264
vt 0.5435355 0.86220777
vt 0.5447012 0.86264801
vt 0.5434718 0.86016536
vt 0.54463685 0.8605851
vt 0.5433676 0.85683036
vt 0.5445317 0.85721678
vt 0.54322636 0.8523041
vt 0.544389 0.85264528
vt 0.5430522 0.8467241
vt 0.54421306 0.84700948
vt 0.5428504 0.84025991
vt 0.5440093 0.84048069
vt 0.5426272 0.83310795
vt 0.5437838 0.8332572
vt 0.46021044 0.84824276
vt 0.4603169 0.85174978
vt 0.46339214 0.8728931
vt 0.4632151 0.8672204
vt 0.46442902 0.90611166
vt 0.4644431 0.9065609
vt 0.4648471 0.90674287
vt 0.46483207 0.90625888
vt 0.54070497 0.90589601
vt 0.5407201 0.90638
vt 0.5410987 0.90574652
vt 0.5400264 0.87139583
vt 0.5399158 0.86784881
vt 0.54111266 0.90619367
vt 0.5394428 0.85269415
vt 0.53859925 0.82567197
vt 0.53859174 0.82543302
vt 0.5394795 0.85387063
vt 0.53770673 0.79707718
vt 0.537606 0.79385161
vt 0.53686404 0.77008367
vt 0.53676414 0.766882
vt 0.5360745 0.74479115
vt 0.53585565 0.73778224
vt 0.5354512 0.7375841
vt 0.53567076 0.74461836
vt 0.45979774 0.74498123
vt 0.45957816 0.73794693
vt 0.45940483 0.74515784
vt 0.46009934 0.7674045
vt 0.4601996 0.77061331
vt 0.45918608 0.73814893
vt 0.45936763 0.82169193
vt 0.45945978 0.82463783
vt 0.47532988 0.88015473
vt 0.480304 0.88335061
vt 0.47342813 0.8839916
vt 0.47167265 0.88135743
vt 0.46434653 0.89337486
vt 0.46423113 0.88967824
vt 0.47380364 0.88668704
vt 0.4838034 0.88729495
vt 0.46551502 0.92813909
vt 0.46552408 0.92843115
vt 0.5413971 0.92806828
vt 0.54138803 0.92777622
vt 0.5409565 0.901188254
vt 0.5405197 0.88719928
vt 0.5404999 0.886564136
vt 0.54109335 0.90557432
vt 0.53935397 0.84985101
vt 0.5386375 0.82689708
vt 0.53862214 0.82640398
vt 0.5393686 0.85032225
vt 0.53802085 0.80714059
vt 0.53788686 0.80284774
vt 0.5367019 0.76489007
vt 0.536306 0.75220382
vt 0.53629625 0.75189114
vt 0.5367297 0.76578021
vt 0.53589296 0.75173795
vt 0.53590286 0.75205022
vt 0.46002984 0.75241303
vt 0.46002007 0.75210083
vt 0.45962656 0.75225782
vt 0.45963633 0.75257045
vt 0.46003723 0.76541382
vt 0.460065 0.76630491
vt 0.45910037 0.81309283
vt 0.45921552 0.8167994
vt 0.46501684 0.912178576
vt 0.54088974 0.9118157
vt 0.46511173 0.92798412
vt 0.46442378 0.90594095
vt 0.4642868 0.90155494
vt 0.4651209 0.92827743
vt 0.5411749 0.92094779
vt 0.5408319 0.90996218
vt 0.46495903 0.91032505
vt 0.46530187 0.92131066
vt 0.5417814 0.92761743
vt 0.5417906 0.927910745
vt 0.46532536 0.92206085
vt 0.54119825 0.921697974
vt 0.5412818 0.92437768
vt 0.46540892 0.92474055
vt 0.46546793 0.926630855
vt 0.54134095 0.92626798
vt 0.5413865 0.92772877
vt 0.46551347 0.928091705
vt 0.46512282 0.91557497
vt 0.54099584 0.915212095
vt 0.54110897 0.91883683
vt 0.46523595 0.919199705
vt 0.54140615 0.9283604
vt 0.46553326 0.928723276
vt 0.54126906 0.923967004
vt 0.46539617 0.92432988
vt 0.46547055 0.92671418
vt 0.54134357 0.92635131
vt 0.46550596 0.92784691
vt 0.54137886 0.927484035
vt 0.46378696 0.88591671
vt 0.4638002 0.885964036
vt 0.46032512 0.8522318
vt 0.46020997 0.84809339
vt 0.46380818 0.886223495
vt 0.46455812 0.91024816
vt 0.54122734 0.909865975
vt 0.54040885 0.8836472
vt 0.5401311 0.87474823
vt 0.5393833 0.85079163
vt 0.53860664 0.82591093
vt 0.53775275 0.79855359
vt 0.5367576 0.76667112
vt 0.5362861 0.75156975
vt 0.5358833 0.75142562
vt 0.4600104 0.7517885
vt 0.45961654 0.75193638
vt 0.4600929 0.767196
vt 0.45933068 0.82050538
vt 0.53870046 0.8517921
vt 0.53917146 0.84400749
vt 0.5389985 0.83846301
vt 0.53917134 0.84399945
vt 0.53864336 0.82708573
vt 0.5384165 0.8198179
vt 0.53831756 0.81664777
vt 0.53848517 0.82201898
vt 0.5364567 0.75703526
vt 0.5363157 0.75251651
vt 0.53667414 0.76400006
vt 0.5368246 0.76881927
vt 0.46018052 0.75724268
vt 0.46003962 0.75272536
vt 0.5359125 0.75236249
vt 0.5360534 0.7568798
vt 0.4601599 0.76934701
vt 0.46000934 0.76452267
vt 0.4596461 0.7528832
vt 0.45978713 0.75740194
vt 0.459625 0.78561914
vt 0.45961857 0.79654849
vt 0.4594221 0.79025197
vt 0.45956898 0.78381962
vt 0.52800643 0.85839576
vt 0.5392103 0.85669959
vt 0.5393864 0.86228597
vt 0.5284908 0.86163324
vt 0.525794 0.85613436
vt 0.5391151 0.8540917
vt 0.5250145 0.85527909
vt 0.53908205 0.85291457
vt 0.52400637 0.85357559
vt 0.5390233 0.85101199
vt 0.5239619 0.85309243
vt 0.52391744 0.8526094
vt 0.538993 0.85006881
vt 0.53900814 0.8505404
vt 0.5240303 0.85716987
vt 0.5383327 0.85469943
vt 0.53897786 0.84959722
vt 0.52387285 0.85212624
vt 0.5259757 0.88295233
vt 0.5401553 0.88632965
vt 0.54015887 0.88697529
vt 0.52544105 0.88409531
vt 0.5248225 0.8725192
vt 0.53976285 0.87456244
vt 0.54007065 0.88341725
vt 0.5261731 0.87963176
vt 0.52588654 0.86577022
vt 0.53954494 0.86765867
vt 0.53965354 0.87120289
vt 0.52482677 0.86931074
vt 0.514531 0.77749264
vt 0.5366726 0.77574271
vt 0.5369922 0.78598261
vt 0.514734 0.78399277
vt 0.5144131 0.77371335
vt 0.5365027 0.77030325
vt 0.5143218 0.7707873
vt 0.5364027 0.76709902
vt 0.5139519 0.77066809
vt 0.5363965 0.76689094
vt 0.51404524 0.76975024
vt 0.5141387 0.76883245
vt 0.5363407 0.76510859
vt 0.5363686 0.76599973
vt 0.5143839 0.77277982
vt 0.5364634 0.76904356
vt 0.5363127 0.76421738
vt 0.51423204 0.7679146
vt 0.51547515 0.80773836
vt 0.5377799 0.81121886
vt 0.537886 0.81491137
vt 0.5156343 0.81283909
vt 0.5152179 0.80340588
vt 0.51496065 0.79907334
vt 0.53751254 0.80263007
vt 0.5376463 0.80692446
vt 0.5150906 0.79341614
vt 0.53733194 0.79685819
vt 0.537379 0.79833567
vt 0.5147033 0.7947408
vt 0.5149342 0.79040796
vt 0.5372305 0.7936194
vt 0.49967182 0.77832305
vt 0.49951804 0.77339137
vt 0.49544787 0.78552955
vt 0.49528825 0.78041887
vt 0.49578822 0.79643655
vt 0.49562383 0.79116726
vt 0.50198495 0.80005503
vt 0.50215447 0.80548954
vt 0.5022758 0.77400196
vt 0.50089693 0.77369666
vt 0.49894822 0.7790299
vt 0.49711823 0.77972436
vt 0.4991665 0.78601885
vt 0.49739516 0.78859305
vt 0.5041387 0.79266548
vt 0.5030618 0.79636025
vt 0.50359356 0.78374404
vt 0.5009378 0.78344464
vt 0.5007783 0.77833539
vt 0.5034864 0.7779789
vt 0.5057939 0.77371359
vt 0.5036547 0.77430725
vt 0.5052155 0.78897071
vt 0.5071355 0.78844309
vt 0.5035424 0.86568272
vt 0.5126933 0.86066413
vt 0.51253843 0.85572541
vt 0.50346446 0.86318457
vt 0.5033909 0.86082768
vt 0.511551 0.85631609
vt 0.50444674 0.85926688
vt 0.50391877 0.86004728
vt 0.51204467 0.85602069
vt 0.506351 0.877244115
vt 0.5073643 0.87608445
vt 0.51414037 0.87900609
vt 0.5134983 0.88042629
vt 0.5000117 0.86526275
vt 0.5006795 0.86428249
vt 0.5013473 0.87066543
vt 0.500705 0.87190568
vt 0.51826656 0.85859305
vt 0.52048314 0.85973418
vt 0.52083874 0.86171925
vt 0.5095068 0.86078793
vt 0.5013473 0.86330223
vt 0.5049745 0.85848641
vt 0.5151993 0.85755181
vt 0.51105726 0.85661137
vt 0.50837743 0.8749249
vt 0.5147824 0.87758589
vt 0.51131666 0.86711991
vt 0.52188396 0.86371827
vt 0.5019895 0.86942524
vt 0.54047966 0.88591337
vt 0.52651036 0.881809294
vt 0.5401546 0.885685086
vt 0.46167898 0.81800902
vt 0.46000934 0.84241349
vt 0.48251975 0.84074867
vt 0.46037543 0.84240508
vt 0.46005678 0.83219731
vt 0.48231757 0.83426893
vt 0.48264158 0.84465086
vt 0.46055079 0.84802157
vt 0.4827417 0.84785652
vt 0.46066034 0.85153186
vt 0.48311985 0.84823954
vt 0.46067512 0.85201442
vt 0.48304963 0.84990329
vt 0.48297954 0.85156703
vt 0.46077752 0.85528892
vt 0.46072626 0.85365164
vt 0.48302853 0.85704696
vt 0.4609393 0.86041236
vt 0.46082878 0.8569262
vt 0.48290944 0.85323077
vt 0.48165655 0.81309438
vt 0.45935166 0.80960667
vt 0.45952058 0.815346
vt 0.48187566 0.82011473
vt 0.48189545 0.81683743
vt 0.48213434 0.82058048
vt 0.4595821 0.8170141
vt 0.45946681 0.81331038
vt 0.4819771 0.82536066
vt 0.45973527 0.82190382
vt 0.45969725 0.82071781
vt 0.48237324 0.82432353
vt 0.48212492 0.828098
vt 0.45982742 0.8248514
vt 0.49775648 0.85201418
vt 0.49762356 0.847754
vt 0.501781 0.83841532
vt 0.50185263 0.8407079
vt 0.5016432 0.83399987
vt 0.5015147 0.82988209
vt 0.49515057 0.820898
vt 0.49535072 0.82730973
vt 0.49481905 0.84565097
vt 0.4962213 0.84670246
vt 0.498147 0.84063578
vt 0.49999988 0.84067184
vt 0.49792886 0.83364338
vt 0.49972177 0.83176273
vt 0.49295652 0.8269943
vt 0.4940536 0.82394612
vt 0.49347174 0.83496201
vt 0.49613583 0.83552402
vt 0.49629426 0.84059966
vt 0.4935782 0.8406992
vt 0.49126983 0.8449378
vt 0.4934169 0.84459943
vt 0.49185944 0.83004248
vt 0.489931 0.83029556
vt 0.46003973 0.84264141
vt 0.5389917 0.83824444
vt 0.53885055 0.83372557
vt 0.5386529 0.8273902
vt 0.53882563 0.83292663
vt 0.5393393 0.8493799
vt 0.538694 0.85448396
vt 0.53826964 0.81511462
vt 0.5381547 0.81143266
vt 0.5381042 0.85468471
vt 0.46142733 0.86040854
vt 0.4837941 0.85697675
vt 0.53830135 0.85183412
vt 0.49829566 0.85191226
vt 0.5387721 0.84408748
vt 0.5021801 0.83841228
vt 0.5385934 0.83824909
vt 0.50204587 0.83399928
vt 0.5384524 0.83373201
vt 0.5382451 0.82709014
vt 0.4957862 0.82731044
vt 0.5380182 0.81982118
vt 0.48246765 0.82011414
vt 0.53762436 0.81496274
vt 0.45969558 0.8152796
vt 0.45943797 0.81303394
vt 0.45916796 0.8151238
vt 0.4589852 0.80938959
vt 0.4591285 0.80311656
vt 0.45955133 0.80552709
vt 0.45927525 0.79668427
vt 0.4598626 0.77095503
vt 0.45992815 0.77305692
vt 0.45971572 0.77738732
vt 0.45975697 0.7787062
vt 0.51376295 0.77278513
vt 0.46032667 0.77305603
vt 0.49922442 0.77833003
vt 0.46015525 0.77870321
vt 0.4950478 0.78553367
vt 0.46002352 0.78561932
vt 0.46001709 0.79655063
vt 0.49538636 0.7964406
vt 0.45994973 0.80553061
vt 0.5017152 0.80549222
vt 0.45983672 0.81303608
vt 0.51489997 0.81284344
vt 0.4604795 0.85714269
vt 0.46059227 0.86058605
vt 0.46084273 0.86051023
vt 0.46084046 0.86043847
vt 0.46129024 0.86618501
vt 0.4612515 0.86494613
vt 0.4612186 0.86388934
vt 0.5233501 0.85720849
vt 0.46138394 0.86048174
vt 0.51215374 0.86072516
vt 0.46168494 0.86614406
vt 0.4639237 0.889920115
vt 0.46403897 0.89361668
vt 0.47052217 0.87698609
vt 0.46899962 0.87962079
vt 0.46350503 0.87796885
vt 0.46303654 0.87465745
vt 0.4627043 0.87440288
vt 0.46316826 0.87771237
vt 0.4603784 0.85386866
vt 0.46043003 0.85550553
vt 0.4819225 0.87953454
vt 0.48863375 0.8833915
vt 0.46385407 0.886068225
vt 0.46384442 0.886054814
vt 0.46411943 0.886098385
vt 0.49375033 0.88789964
vt 0.46446133 0.89705193
vt 0.5408201 0.89682186
vt 0.5405395 0.88783175
vt 0.46003723 0.76541382
vt 0.46499383 0.92420399
vt 0.46490002 0.9211998
vt 0.46510267 0.92769319
vt 0.46506763 0.92657006
vt 0.46506524 0.926493645
vt 0.46511054 0.92794311
vt 0.4651301 0.92856908
vt 0.46492374 0.921961784
vt 0.4650067 0.92462003
vt 0.464723 0.91552937
vt 0.4648353 0.919125915
vt 0.4641509 0.89720029
vt 0.46461797 0.91216302
vt 0.5413927 0.91516268
vt 0.54128754 0.91179633
vt 0.54159343 0.9215951
vt 0.54150486 0.91875923
vt 0.54173493 0.92612696
vt 0.5416764 0.924253345
vt 0.54179966 0.92820239
vt 0.5417801 0.92757642
vt 0.5416634 0.923837304
vt 0.5417373 0.92620337
vt 0.54177237 0.9273265
vt 0.5415697 0.92083311
vt 0.5401648 0.88762152
vt 0.5249065 0.88523829
vt 0.51285636 0.88184649
vt 0.50533783 0.87840366
vt 0.5000627 0.87314588
vt 0.49934387 0.866243
vt 0.49364042 0.8877607
vt 0.4640894 0.88572407
vt 0.46269965 0.87431896
vt 0.4722743 0.87643671
vt 0.46197474 0.87079126
vt 0.46233582 0.87408638
vt 0.46159673 0.86734033
vt 0.49421883 0.88845658
vt 0.54015374 0.88823688
vt 0.54013646 0.88768309
vt 0.49420166 0.88790274
vt 0.46235526 0.87470984
vt 0.4619944 0.87142438
vt 0.5128821 0.88250476
vt 0.50536263 0.87914419
vt 0.4996252 0.8719585
vt 0.5002047 0.877536595
vt 0.50021267 0.877786696
vt 0.49949515 0.87102175
vt 0.49946976 0.8700273
vt 0.49947643 0.8685931
vt 0.505486 0.882834435
vt 0.50548923 0.88293034
vt 0.52492476 0.88582468
vt 0.49364114 0.88832033
vt 0.4873886 0.88413262
vt 0.48047483 0.88037038
vt 0.47139633 0.877244115
vt 0.4627111 0.87494272
vt 0.4617138 0.87109327
vt 0.46165407 0.86917973
vt 0.4616388 0.8690182
vt 0.4616915 0.87024009
vt 0.4617026 0.87073708
vt 0.46209478 0.8746407
vt 0.46206892 0.87418675
vt 0.5030545 0.86574852
vt 0.46210754 0.87104464
vt 0.4990791 0.87105584
vt 0.4624895 0.8746047
vt 0.49980938 0.87779367
vt 0.46288037 0.87818599
vt 0.4669814 0.88172817
vt 0.5050355 0.882918715
vt 0.46199894 0.87156665
vt 0.46236217 0.87493038
vt 0.5401821 0.88817781
vt 0.50009024 0.87399566
vt 0.49937677 0.86728656
vt 0.500074 0.87384593
vt 0.46161783 0.86801767
vt 0.50008154 0.87407911
vt 0.4942379 0.889065266
vt 0.49425793 0.88970494
vt 0.53221774 0.88952327
vt 0.53219783 0.88888389
vt 0.46202826 0.87250847
vt 0.4624071 0.8759799
vt 0.46237922 0.875089884
vt 0.51290023 0.88296729
vt 0.51293147 0.8837682
vt 0.50540495 0.88041085
vt 0.50537515 0.87951964
vt 0.5249418 0.88637072
vt 0.52496386 0.88707739
vt 0.48635697 0.88474661
vt 0.48480868 0.88566816
vt 0.49361658 0.88958442
vt 0.493595 0.88894302
vt 0.47957003 0.88089275
vt 0.47765946 0.8819958
vt 0.47098053 0.87762648
vt 0.46976626 0.87874317
vt 0.53279305 0.88761324
vt 0.5328139 0.8882857
vt 0.500098 0.8742395
vt 0.50013137 0.8752709
vt 0.4994713 0.86843264
vt 0.46164215 0.86896002
vt 0.49428332 0.89052141
vt 0.49430192 0.89111841
vt 0.5310962 0.890942216
vt 0.5310776 0.89034569
vt 0.4620663 0.87372541
vt 0.4624381 0.87697613
vt 0.46241772 0.87632167
vt 0.46203578 0.87274837
vt 0.5129565 0.884408236
vt 0.51298726 0.885192394
vt 0.50545263 0.881834984
vt 0.50542283 0.880945206
vt 0.524987 0.8878181
vt 0.52500796 0.88849306
vt 0.48189807 0.88740051
vt 0.49360442 0.89101833
vt 0.49358463 0.89041984
vt 0.48337746 0.88652003
vt 0.47449267 0.88382411
vt 0.47635937 0.88274634
vt 0.467937 0.88042545
vt 0.46915054 0.879309416
vt 0.5317553 0.88889319
vt 0.53177524 0.88953364
vt 0.5001435 0.875645876
vt 0.5001695 0.87662387
vt 0.46206892 0.8738125
vt 0.46243525 0.877265036
vt 0.50017595 0.876824915
vt 0.49437392 0.891762614
vt 0.49436796 0.89179361
vt 0.5318848 0.89162195
vt 0.5318836 0.891583204
vt 0.46206725 0.87413418
vt 0.46246445 0.87781888
vt 0.5130056 0.885662496
vt 0.5130137 0.88587034
vt 0.50547504 0.88250792
vt 0.5054648 0.88220006
vt 0.52502584 0.889063954
vt 0.5250292 0.8891719
vt 0.48050618 0.88822901
vt 0.4935993 0.891712666
vt 0.49359667 0.891676664
vt 0.48079908 0.88805461
vt 0.47299016 0.884691596
vt 0.47354615 0.884370565
vt 0.46707547 0.88121772
vt 0.46752918 0.880800486
vt 0.53287685 0.89030969
vt 0.5328791 0.89038032
vt 0.5001991 0.87736654
vt 0.5120679 0.88606441
vt 0.47492778 0.88635111
vt 0.46247602 0.878187895
vt 0.46246934 0.87797475
vt 0.51236784 0.885995984
vt 0.46671188 0.88155216
vt 0.4665401 0.881711125
vt 0.4743657 0.886271715
vt 0.5330591 0.890806675
vt 0.53283215 0.89127803
vt 0.5322535 0.89040542
vt 0.5124675 0.88585663
vt 0.5243161 0.889158964
vt 0.48103344 0.88824314
vt 0.47345626 0.88470876
vt 0.5050149 0.882495046
vt 0.46752453 0.88123602
vt 0.49979627 0.87737417
vt 0.4628713 0.87781644
vt 0.46247852 0.87426442
vt 0.4992336 0.8719902
vt 0.4624815 0.87437701
vt 0.4997809 0.87749803
vt 0.4629072 0.87802148
vt 0.50496495 0.882772684
vt 0.46720588 0.88159788
vt 0.5120492 0.886095464
vt 0.4749452 0.88635945
vt 0.53282833 0.89123517
vt 0.5330585 0.8907423
vt 0.53228974 0.89032978
vt 0.4813168 0.88806331
vt 0.524341 0.88904613
vt 0.51246977 0.88564241
vt 0.4740175 0.88438237
vt 0.50500786 0.88218039
vt 0.46798813 0.880814016
vt 0.49978244 0.876908064
vt 0.46285927 0.877414584
vt 0.46285653 0.87722963
vt 0.46285927 0.877414584
vt 0.49978244 0.876908064
vt 0.49977577 0.87670779
vt 0.46840358 0.880446255
vt 0.46285653 0.87722963
vt 0.49977577 0.87670779
vt 0.5049921 0.88182032
vt 0.47496605 0.883844495
vt 0.5124383 0.88517535
vt 0.48240376 0.88741648
vt 0.52429616 0.888477206
vt 0.53144395 0.889600396
vt 0.53210104 0.89006019
vt 0.5318738 0.89053118
vt 0.49409723 0.89102429
vt 0.530897 0.89084828
vt 0.49902213 0.86867124
vt 0.49901712 0.8685134
vt 0.4620477 0.8690325
vt 0.462052 0.86916983
vt 0.49903178 0.86876547
vt 0.46206188 0.86926436
vt 0.46243763 0.87277621
vt 0.49972177 0.87561071
vt 0.46289897 0.87637091
vt 0.5049077 0.88088691
vt 0.4697554 0.87937617
vt 0.51224196 0.884322524
vt 0.47692108 0.88280076
vt 0.5238105 0.88769317
vt 0.48373795 0.88647306
vt 0.4946035 0.89049053
vt 0.5317553 0.88889074
vt 0.5317552 0.88889074
vt 0.53299415 0.88871169
vt 0.53276646 0.889184296
vt 0.5322814 0.88939321
vt 0.53219414 0.88831061
vt 0.5123497 0.88374138
vt 0.524199 0.887052655
vt 0.48529172 0.885688365
vt 0.47816682 0.882024884
vt 0.50493515 0.88039148
vt 0.47030246 0.878771305
vt 0.49973023 0.875281215
vt 0.4628333 0.87597418
vt 0.46242237 0.87246871
vt 0.49902117 0.86855006
vt 0.5322635 0.888741374
vt 0.5327474 0.88852829
vt 0.5329728 0.88804722
vt 0.5321531 0.88763487
vt 0.48683918 0.8847636
vt 0.5241307 0.88633442
vt 0.5122886 0.88292688
vt 0.48011363 0.88092321
vt 0.50489664 0.87949079
vt 0.4716004 0.87765777
vt 0.4997989 0.87435138
vt 0.46322298 0.87517667
vt 0.46277 0.87485671
vt 0.4627769 0.87507701
vt 0.4997003 0.87424421
vt 0.49969256 0.87400901
vt 0.47205412 0.87728369
vt 0.4632734 0.87495095
vt 0.4997933 0.87411273
vt 0.50488067 0.879119694
vt 0.48103094 0.88041043
vt 0.51225436 0.88246572
vt 0.48785722 0.88415694
vt 0.5240822 0.8857888
vt 0.49408948 0.88835168
vt 0.53909576 0.88813645
vt 0.53223777 0.889957845
vt 0.5322567 0.89056492
vt 0.5325072 0.890045404
vt 0.53248775 0.8894223
vt 0.53248775 0.8894223
vt 0.5325072 0.890045404
vt 0.53177524 0.88953364
vt 0.5317553 0.88889319
vt 0.5322567 0.89056492
vt 0.53223777 0.889957845
vt 0.5311359 0.8902185
vt 0.53185284 0.8899225
vt 0.53208244 0.889430106
vt 0.5331284 0.888573825
vt 0.5331485 0.88922036
vt 0.5334009 0.88869643
vt 0.5333804 0.88803601
vt 0.5332124 0.891272664
vt 0.53321385 0.89131504
vt 0.533466 0.89079112
vt 0.5334643 0.89073372
vt 0.5333804 0.88803601
vt 0.5334009 0.88869643
vt 0.5328139 0.8882857
vt 0.53279305 0.88761324
vt 0.5334643 0.89073372
vt 0.533466 0.89079112
vt 0.5328791 0.89038032
vt 0.53287685 0.89030969
vt 0.5331485 0.88922036
vt 0.5331284 0.888573825
vt 0.5325868 0.89148176
vt 0.5325879 0.89151871
vt 0.53321385 0.89131504
vt 0.5332124 0.891272664
vt 0.49457598 0.88903779
vt 0.49460852 0.88968146
vt 0.461622 0.82894558
vt 0.46202505 0.82909429
vt 0.4620229 0.82902753
vt 0.4616742 0.81785369
vt 0.4612807 0.81801093
vt 0.46167898 0.8180089
vt 0.5364634 0.76904356
vt 0.53629386 0.7689861
vt 0.5368246 0.76881927
vt 0.5364567 0.75703526
vt 0.5360557 0.7569493
vt 0.5360534 0.7568798
vt 0.54013646 0.88768309
vt 0.5401648 0.88762152
vt 0.5405395 0.88783175
vt 0.54014134 0.88783711
vt 0.49969256 0.87400901
vt 0.500074 0.87384593
vt 0.50009024 0.87399566
vt 0.4997933 0.87411273
vt 0.4997989 0.87435138
vt 0.500098 0.8742395
vt 0.50008154 0.87407911
vt 0.4997003 0.87424421
vt 0.54126775 0.91116357
vt 0.5419978 0.93455094
vt 0.54160166 0.934619665
vt 0.54087365 0.911299944
vt 0.5426978 0.956968665
vt 0.5423019 0.95705408
vt 0.5432652 0.975148797
vt 0.54287004 0.975251973
vt 0.5436832 0.98853904
vt 0.5432886 0.988660395
vt 0.5439389 0.9967321157
vt 0.5435449 0.9968719482
vt 0.5440247 0.9994786978
vt 0.5436312 0.99963712692
vt 0.5439378 0.9966953993
vt 0.5435449 0.9968719482
vt 0.543681 0.988467157
vt 0.5432886 0.988660395
vt 0.543262 0.975045264
vt 0.54287004 0.975251973
vt 0.54269373 0.956840098
vt 0.542302 0.95705408
vt 0.5419935 0.93440908
vt 0.54160166 0.934619665
vt 0.5411829 0.908439755
vt 0.54079044 0.90863043
vt 0.54028666 0.879727304
vt 0.5398928 0.87987596
vt 0.53933203 0.84914684
vt 0.53893626 0.84922999
vt 0.53834796 0.81762189
vt 0.5379497 0.81762373
vt 0.537364 0.78609693
vt 0.5369631 0.78601742
vt 0.5364094 0.75551641
vt 0.53600657 0.75537145
vt 0.53551304 0.7268039
vt 0.5351088 0.72661698
vt 0.5347024 0.70083457
vt 0.5342976 0.70062774
vt 0.5340022 0.6784035
vt 0.53359735 0.67819333
vt 0.5334339 0.66019833
vt 0.5330293 0.6599955
vt 0.533015 0.6467765
vt 0.5326108 0.64658707
vt 0.53275824 0.63854825
vt 0.5323545 0.63837552
vt 0.5326712 0.63576496
vt 0.53226805 0.63561034
vt 0.53275704 0.63851154
vt 0.5323545 0.63837552
vt 0.53301275 0.64670467
vt 0.53261065 0.64658713
vt 0.5334308 0.66009498
vt 0.5330293 0.65999556
vt 0.53399825 0.6782751
vt 0.53359735 0.67819345
vt 0.534698 0.70069325
vt 0.53429747 0.7006278
vt 0.5354104 0.7235158
vt 0.53500724 0.72336382
vt 0.4620229 0.82902753
vt 0.46167898 0.8180089
vt 0.4612807 0.81801093
vt 0.461622 0.82894558
vt 0.5408201 0.89682186
vt 0.54042125 0.89680421
vt 0.54111266 0.90619367
vt 0.5407201 0.90638
vt 0.5354512 0.7375841
vt 0.53585565 0.73778224
vt 0.53589296 0.75173795
vt 0.5358833 0.75142562
vt 0.5362861 0.75156975
vt 0.53629625 0.75189114
vt 0.5417814 0.92761743
vt 0.54177237 0.9273265
vt 0.54137886 0.927484035
vt 0.54138803 0.92777622
vt 0.54088974 0.9118157
vt 0.54128754 0.91179633
vt 0.5415697 0.92083311
vt 0.54122734 0.909865975
vt 0.5408319 0.90996218
vt 0.5411749 0.92094779
vt 0.54159343 0.9215951
vt 0.5416764 0.924253345
vt 0.5412818 0.92437768
vt 0.54119825 0.921697974
vt 0.5413927 0.91516268
vt 0.54150486 0.91875923
vt 0.54110897 0.91883683
vt 0.54099584 0.915212095
vt 0.54173493 0.92612696
vt 0.5417801 0.92757642
vt 0.5413865 0.92772877
vt 0.54134095 0.92626798
vt 0.54179966 0.92820239
vt 0.54140615 0.9283604
vt 0.5417373 0.92620337
vt 0.5416634 0.923837304
vt 0.54126906 0.923967004
vt 0.54134357 0.92635131
vt 0.5410987 0.90574652
vt 0.54070497 0.90589601
vt 0.53567076 0.74461836
vt 0.5360745 0.74479115
vt 0.5359125 0.75236249
vt 0.5363157 0.75251651
vt 0.51376295 0.77278513
vt 0.53629386 0.7689861
vt 0.5364634 0.76904356
vt 0.5143839 0.77277982
vt 0.49922442 0.77833003
vt 0.51376295 0.77278513
vt 0.5143839 0.77277982
vt 0.49967182 0.77832305
vt 0.53590286 0.75205022
vt 0.536306 0.75220382
vt 0.5417906 0.927910745
vt 0.5413971 0.92806828
vt 0.54014134 0.88783711
vt 0.49394488 0.88805807
vt 0.49420166 0.88790274
vt 0.54013646 0.88768309
vt 0.54015374 0.88823688
vt 0.5401821 0.88817781
vt 0.53909576 0.88813645
vt 0.5240822 0.8857888
vt 0.52492476 0.88582468
vt 0.5401821 0.88817781
vt 0.51225436 0.88246572
vt 0.50488067 0.879119694
vt 0.50536263 0.87914419
vt 0.5128821 0.88250476
vt 0.5241307 0.88633442
vt 0.5321531 0.88763487
vt 0.53279305 0.88761324
vt 0.5249418 0.88637072
vt 0.50489664 0.87949079
vt 0.50537515 0.87951964
vt 0.5122886 0.88292688
vt 0.51290023 0.88296729
vt 0.53144395 0.889600396
vt 0.52429616 0.888477206
vt 0.52500796 0.88849306
vt 0.53177524 0.88953364
vt 0.5049921 0.88182032
vt 0.49977577 0.87670779
vt 0.5001695 0.87662387
vt 0.50545263 0.881834984
vt 0.5124383 0.88517535
vt 0.51298726 0.885192394
vt 0.50017595 0.876824915
vt 0.5001695 0.87662387
vt 0.524341 0.88904613
vt 0.53228974 0.89032978
vt 0.53287685 0.89030969
vt 0.52502584 0.889063954
vt 0.49978244 0.876908064
vt 0.50500786 0.88218039
vt 0.5054648 0.88220006
vt 0.50017595 0.876824915
vt 0.51246977 0.88564241
vt 0.5130056 0.885662496
vt 0.53248775 0.8894223
vt 0.5325072 0.890045404
vt 0.53248775 0.8894223
vt 0.5317553 0.88889319
vt 0.5317553 0.88889074
vt 0.53208244 0.889430106
vt 0.5333804 0.88803601
vt 0.5334009 0.88869643
vt 0.5334643 0.89073372
vt 0.533466 0.89079112
vt 0.45910037 0.81309283
vt 0.97977054 0.8010931
vt 0.9832834 0.80888951
vt 0.9952673 0.80618179
vt 0.9696559 0.80794913
vt 0.96076095 0.8038007
vt 0.96076095 0.79838538
vt 0.9696559 0.79423702
vt 0.9832834 0.79329664
vt 0.9952673 0.7960043
vt 1 0.8010931
vt 0.9795215 0.80935252
vt 0.9913939 0.80664492
vt 0.9952673 0.80618179
vt 0.9832834 0.80888951
vt 0.96599555 0.8084122
vt 0.9696559 0.80794913
vt 0.95714474 0.80426383
vt 0.96076095 0.8038007
vt 0.95711064 0.79884845
vt 0.96076095 0.79838538
vt 0.96590924 0.79470003
vt 0.9696559 0.79423702
vt 0.9794235 0.7937597
vt 0.9832834 0.79329664
vt 0.99133 0.79646736
vt 0.9952673 0.7960043
vt 0.9960574 0.80155611
vt 1 0.8010931
vt 0.9681972 0.80981565
vt 0.9797709 0.80710793
vt 0.9549861 0.8088752
vt 0.946319 0.80472684
vt 0.9462514 0.79931152
vt 0.95481503 0.7951631
vt 0.9680028 0.79422271
vt 0.97964394 0.79693043
vt 0.98429155 0.80201918
vt 0.94948924 0.81027865
vt 0.96058166 0.807571
vt 0.9368013 0.80933833
vt 0.92845476 0.80518991
vt 0.9283546 0.79977453
vt 0.93654835 0.79562616
vt 0.9492016 0.79468578
vt 0.9603939 0.79739344
vt 0.96488833 0.80248225
vt 0.9236926 0.81074172
vt 0.9341289 0.80803406
vt 0.911728 0.80980134
vt 0.90383327 0.80565298
vt 0.9037024 0.8002376
vt 0.91139686 0.79608917
vt 0.9233161 0.79514885
vt 0.9338831 0.79785651
vt 0.9381534 0.80294526
vt 0.89121413 0.81120479
vt 0.90082955 0.80849707
vt 0.8801615 0.81026441
vt 0.87284315 0.80611598
vt 0.87268364 0.80070066
vt 0.8797575 0.79655224
vt 0.8907547 0.79561186
vt 0.9005296 0.79831958
vt 0.9045085 0.80340832
vt 0.85256577 0.8116678
vt 0.8612088 0.80896014
vt 0.8425994 0.81072748
vt 0.83597314 0.80657905
vt 0.8357873 0.80116367
vt 0.8421289 0.79701531
vt 0.85203075 0.79607493
vt 0.86085963 0.79878259
vt 0.8644842 0.8038714
vt 0.80835736 0.81213087
vt 0.8158916 0.80942321
vt 0.79963446 0.81119049
vt 0.7938045 0.80704212
vt 0.79359543 0.80162674
vt 0.7991048 0.79747832
vt 0.8077551 0.796538
vt 0.8154985 0.79924566
vt 0.818712 0.8043344
vt 0.75928605 0.81259394
vt 0.7655927 0.80988622
vt 0.7519442 0.81165355
vt 0.7470025 0.80750513
vt 0.74677336 0.80208981
vt 0.7513639 0.79794139
vt 0.758626 0.797001
vt 0.765162 0.79970872
vt 0.7679132 0.80479747
vt 0.7061256 0.81305695
vt 0.71110535 0.81034929
vt 0.70028067 0.81211662
vt 0.69630516 0.8079682
vt 0.6960596 0.80255282
vt 0.69965863 0.79840446
vt 0.7054182 0.79746407
vt 0.71064365 0.80017173
vt 0.71288955 0.80526054
vt 0.64971435 0.81352001
vt 0.6532886 0.81081235
vt 0.64545846 0.81257963
vt 0.64251196 0.80843127
vt 0.6422539 0.80301589
vt 0.6448046 0.79886746
vt 0.6489711 0.79792714
vt 0.6528032 0.8006348
vt 0.65450835 0.80572355
vt 0.59094214 0.81398308
vt 0.5930543 0.81127536
vt 0.5883422 0.81304264
vt 0.5864713 0.80889428
vt 0.5862045 0.80347896
vt 0.5876671 0.79933053
vt 0.5901742 0.79839015
vt 0.59255314 0.80109787
vt 0.59369063 0.80618662
vt 0.5307355 0.81444609
vt 0.53135264 0.81173843
vt 0.52983284 0.81350577
vt 0.5290668 0.80935735
vt 0.52879584 0.80394197
vt 0.5291468 0.7997936
vt 0.5299555 0.79885322
vt 0.5308434 0.80156088
vt 0.5313952 0.80664968
vt 0.47004437 0.8149091
vt 0.46915638 0.8122015
vt 0.47085297 0.81396878
vt 0.47120404 0.80982041
vt 0.47093308 0.80440503
vt 0.47016704 0.80025661
vt 0.46926427 0.79931629
vt 0.46864724 0.80202395
vt 0.46860468 0.8071127
vt 0.40982556 0.81537217
vt 0.40744662 0.81266451
vt 0.4123329 0.81443179
vt 0.41379523 0.81028342
vt 0.41352868 0.8048681
vt 0.4116577 0.80071968
vt 0.40905774 0.7997793
vt 0.4069456 0.80248702
vt 0.40630925 0.80757576
vt 0.35102892 0.81583524
vt 0.34719658 0.81312752
vt 0.35519516 0.81489486
vt 0.35774612 0.81074643
vt 0.35748792 0.80533111
vt 0.35454154 0.80118275
vt 0.35028553 0.80024236
vt 0.3467114 0.80295002
vt 0.3454914 0.80803883
vt 0.2945814 0.81629825
vt 0.28935623 0.81359065
vt 0.30034125 0.81535792
vt 0.3039403 0.81120956
vt 0.3036946 0.80579418
vt 0.2997192 0.80164576
vt 0.29387414 0.80070543
vt 0.28889453 0.8034131
vt 0.2871101 0.80850184
vt 0.24137378 0.81676131
vt 0.23483789 0.81405365
vt 0.248636 0.81582093
vt 0.25322652 0.81167257
vt 0.25299728 0.80625725
vt 0.24805558 0.80210882
vt 0.24071372 0.80116844
vt 0.23440707 0.80387616
vt 0.23208654 0.80896485
vt 0.19224471 0.81722438
vt 0.18450123 0.81451666
vt 0.20089483 0.816284
vt 0.20640445 0.81213558
vt 0.20619524 0.80672026
vt 0.2003653 0.8025719
vt 0.19164246 0.80163151
vt 0.18410814 0.80433917
vt 0.18128783 0.80942792
vt 0.14796907 0.81768739
vt 0.13914019 0.81497973
vt 0.15787095 0.81674707
vt 0.16421258 0.81259865
vt 0.1640268 0.80718327
vt 0.15740037 0.8030349
vt 0.147434 0.80209458
vt 0.13879097 0.80480218
vt 0.13551563 0.80989099
vt 0.1092453 0.81815046
vt 0.09947032 0.8154428
vt 0.120242536 0.81721008
vt 0.1273163 0.81306171
vt 0.1271568 0.8076464
vt 0.119838476 0.80349797
vt 0.10878581 0.80255759
vt 0.09917045 0.8052653
vt 0.09549153 0.810354
vt 0.07668388 0.81861353
vt 0.06611687 0.81590581
vt 0.0886032 0.81767315
vt 0.09629762 0.81352472
vt 0.09616679 0.8081094
vt 0.088271976 0.80396104
vt 0.07630736 0.80302066
vt 0.06587118 0.80572832
vt 0.061846733 0.81081706
vt 0.050798416 0.81907654
vt 0.039606035 0.81636888
vt 0.06345171 0.81813622
vt 0.07164538 0.81398779
vt 0.07154542 0.80857247
vt 0.063198626 0.80442405
vt 0.050510705 0.80348372
vt 0.03941834 0.80619138
vt 0.035111845 0.81128013
vt 0.031997144 0.8195396
vt 0.02035594 0.81683195
vt 0.04518491 0.81859922
vt 0.05374849 0.81445086
vt 0.053681076 0.80903554
vt 0.045013905 0.80488712
vt 0.031802714 0.80394673
vt 0.020229101 0.80665445
vt 0.015708387 0.81174314
vt 0.020576596 0.82000268
vt 0.008670151 0.81729496
vt 0.034090817 0.81906235
vt 0.042889416 0.81491387
vt 0.042855382 0.80949855
vt 0.03400469 0.80535018
vt 0.020478606 0.8044098
vt 0.008606255 0.80711746
vt 0.003942728 0.81220627
vt 0.016716778 0.82046568
vt 0.004732907 0.81775808
vt 0.030344307 0.81952536
vt 0.03923917 0.815377
vt 0.039239228 0.80996162
vt 0.030344427 0.8058132
vt 0.016716778 0.80487287
vt 0.004732907 0.80758053
vt 0.000000119209 0.81266928
vt 0.020478666 0.82092881
vt 0.008606255 0.81822109
vt 0.03400463 0.81998843
vt 0.042855382 0.81584
vt 0.042889476 0.81042469
vt 0.034090877 0.80627626
vt 0.020576656 0.80533588
vt 0.008670211 0.8080436
vt 0.0039427876 0.81313235
vt 0.031802893 0.82139182
vt 0.02022928 0.81868416
vt 0.045014083 0.8204515
vt 0.053681195 0.81630307
vt 0.053748727 0.8108877
vt 0.04518509 0.80673933
vt 0.031997323 0.80579895
vt 0.020356178 0.80850661
vt 0.015708566 0.81359541
vt 0.050510824 0.82185489
vt 0.03941846 0.81914723
vt 0.063198805 0.8209145
vt 0.07154554 0.81676614
vt 0.07164556 0.81135076
vt 0.06345183 0.80720234
vt 0.050798595 0.80626202
vt 0.039606273 0.80896968
vt 0.035111904 0.81405842
vt 0.076307535 0.82231796
vt 0.06587124 0.81961024
vt 0.088272154 0.82137758
vt 0.09616685 0.81722915
vt 0.09629774 0.81181383
vt 0.08860332 0.80766547
vt 0.07668406 0.80672508
vt 0.06611717 0.80943274
vt 0.061846733 0.81452155
vt 0.10878599 0.82278097
vt 0.099170566 0.82007337
vt 0.119838655 0.82184064
vt 0.12715697 0.81769228
vt 0.12731647 0.8122769
vt 0.120242774 0.80812848
vt 0.10924548 0.80718815
vt 0.099470556 0.80989581
vt 0.09549159 0.81498456
vt 0.14743435 0.8232441
vt 0.13879132 0.82053638
vt 0.15740073 0.82230371
vt 0.1640271 0.81815529
vt 0.16421288 0.81273997
vt 0.15787125 0.80859154
vt 0.14796948 0.80765116
vt 0.13914067 0.81035888
vt 0.13551593 0.81544763
vt 0.19164288 0.8237071
vt 0.18410861 0.82099944
vt 0.20036578 0.82276678
vt 0.20619571 0.81861836
vt 0.20640492 0.81320298
vt 0.20089543 0.80905461
vt 0.19224519 0.80811429
vt 0.18450171 0.81082189
vt 0.18128842 0.8159107
vt 0.24071407 0.82417023
vt 0.23440742 0.82146251
vt 0.24805593 0.82322979
vt 0.25299764 0.81908143
vt 0.25322688 0.8136661
vt 0.24863636 0.80951768
vt 0.24137414 0.8085773
vt 0.23483825 0.81128502
vt 0.2320869 0.81637377
vt 0.29387462 0.82463324
vt 0.2888949 0.82192558
vt 0.29971957 0.82369292
vt 0.30369496 0.8195445
vt 0.30394065 0.81412911
vt 0.3003416 0.80998075
vt 0.2945819 0.80904037
vt 0.2893566 0.81174803
vt 0.2871107 0.81683683
vt 0.3502859 0.82509631
vt 0.34671175 0.82238865
vt 0.35454178 0.82415593
vt 0.35748827 0.82000756
vt 0.35774648 0.81459224
vt 0.35519564 0.81044382
vt 0.35102928 0.80950344
vt 0.34719694 0.8122111
vt 0.34549177 0.81729984
vt 0.4090581 0.82555938
vt 0.40694594 0.82285172
vt 0.41165793 0.82461905
vt 0.41352904 0.82047057
vt 0.4137957 0.81505525
vt 0.41233325 0.81090689
vt 0.40982604 0.8099665
vt 0.4074471 0.81267416
vt 0.40630972 0.81776297
vt 0.46926475 0.82602245
vt 0.46864772 0.82331479
vt 0.4701674 0.82508206
vt 0.47093344 0.8209337
vt 0.4712044 0.81551832
vt 0.47085345 0.8113699
vt 0.47004485 0.81042957
vt 0.46915698 0.81313723
vt 0.46860516 0.81822598
vt 0.52995586 0.82648551
vt 0.53084385 0.8237778
vt 0.52914727 0.82554513
vt 0.5287963 0.82139671
vt 0.5290673 0.81598139
vt 0.5298333 0.81183302
vt 0.5307361 0.81089264
vt 0.5313531 0.8136003
vt 0.5313957 0.81868911
vt 0.59017456 0.82694858
vt 0.5925535 0.82424092
vt 0.5876672 0.8260082
vt 0.5862049 0.82185984
vt 0.58647144 0.81644446
vt 0.58834255 0.81229603
vt 0.5909424 0.81135571
vt 0.59305465 0.81406337
vt 0.59369075 0.81915212
vt 0.6489713 0.82741165
vt 0.65280366 0.82470393
vt 0.6448051 0.82647127
vt 0.6422541 0.82232285
vt 0.64251244 0.81690753
vt 0.64545894 0.81275916
vt 0.6497148 0.81181872
vt 0.6532891 0.81452644
vt 0.65450895 0.81961519
vt 0.7054186 0.82787466
vt 0.710644 0.82516706
vt 0.69965875 0.82693434
vt 0.6960597 0.82278591
vt 0.6963055 0.8173706
vt 0.7002808 0.81322217
vt 0.70612586 0.81228185
vt 0.7111056 0.8149895
vt 0.7128898 0.82007825
vt 0.75862634 0.82833779
vt 0.7651622 0.82563007
vt 0.751364 0.8273974
vt 0.7467736 0.82324898
vt 0.74700284 0.81783366
vt 0.75194454 0.81368524
vt 0.7592864 0.81274486
vt 0.7655932 0.81545258
vt 0.7679136 0.82054132
vt 0.8077556 0.8288008
vt 0.81549895 0.82609314
vt 0.7991054 0.82786047
vt 0.7935958 0.82371205
vt 0.793805 0.81829667
vt 0.79963505 0.8141483
vt 0.80835783 0.81320798
vt 0.8158922 0.81591558
vt 0.8187125 0.82100439
vt 0.8520311 0.82926387
vt 0.86085975 0.8265562
vt 0.84212923 0.82832348
vt 0.83578753 0.82417512
vt 0.8359735 0.8187598
vt 0.84259975 0.81461138
vt 0.8525661 0.813671
vt 0.86120915 0.81637871
vt 0.86448455 0.82146746
vt 0.8907548 0.82972693
vt 0.90052974 0.82701927
vt 0.8797575 0.82878661
vt 0.87268376 0.82463819
vt 0.8728434 0.81922281
vt 0.88016164 0.81507444
vt 0.8912144 0.81413406
vt 0.9008297 0.81684172
vt 0.9045086 0.82193053
vt 0.92331624 0.83019
vt 0.9338833 0.82748234
vt 0.9113971 0.82924962
vt 0.9037025 0.82510126
vt 0.9038334 0.81968588
vt 0.91172814 0.81553745
vt 0.9236928 0.81459713
vt 0.9341291 0.81730479
vt 0.9381535 0.82239354
vt 0.9492016 0.83065307
vt 0.96039414 0.82794535
vt 0.9365485 0.82971269
vt 0.92835474 0.82556427
vt 0.92845476 0.82014894
vt 0.93680155 0.81600058
vt 0.9494895 0.8150602
vt 0.9605818 0.81776786
vt 0.96488845 0.82285666
vt 0.96800303 0.83111608
vt 0.97964406 0.82840848
vt 0.95481527 0.83017576
vt 0.94625163 0.8260274
vt 0.9463191 0.82061201
vt 0.95498633 0.81646359
vt 0.96819746 0.81552327
vt 0.979771 0.81823093
vt 0.9842918 0.82331967
vt 0.9794235 0.83157921
vt 0.9913299 0.82887149
vt 0.96590924 0.83063877
vt 0.95711064 0.8264904
vt 0.95714474 0.82107508
vt 0.9659953 0.81692666
vt 0.9795215 0.81598628
vt 0.9913939 0.818694
vt 0.9960574 0.82378274
vt 0.9832834 0.83204222
vt 0.9952673 0.82933456
vt 0.96965563 0.8311019
vt 0.96076095 0.82695347
vt 0.96076095 0.82153809
vt 0.96965563 0.81738973
vt 0.9832834 0.8164494
vt 0.9952673 0.819157
vt 1 0.82424581
vt 0.9795215 0.83250529
vt 0.9913937 0.82979763
vt 0.9659953 0.8315649
vt 0.9571446 0.82741654
vt 0.9571105 0.82200116
vt 0.96590924 0.81785274
vt 0.9794235 0.81691241
vt 0.9913299 0.81962013
vt 0.9960574 0.82470882
vt 0.9681971 0.83296835
vt 0.9797709 0.83026063
vt 0.954986 0.83202797
vt 0.946319 0.82787955
vt 0.9462514 0.82246423
vt 0.95481503 0.81831586
vt 0.9680028 0.81737542
vt 0.97964394 0.82008314
vt 0.98429155 0.82517195
vt 0.9494891 0.83343136
vt 0.9605814 0.83072376
vt 0.9368012 0.83249104
vt 0.9284544 0.82834262
vt 0.9283546 0.82292724
vt 0.9365481 0.81877887
vt 0.94920146 0.81783855
vt 0.9603938 0.82054621
vt 0.9648881 0.82563496
vt 0.92369246 0.83389443
vt 0.9341285 0.83118677
vt 0.9117278 0.83295405
vt 0.9038329 0.82880569
vt 0.90370226 0.82339036
vt 0.9113965 0.81924194
vt 0.9233159 0.81830156
vt 0.93388295 0.82100928
vt 0.938153 0.82609802
vt 0.891214 0.8343575
vt 0.90082943 0.83164978
vt 0.8801613 0.83341712
vt 0.872843 0.8292687
vt 0.8726835 0.82385337
vt 0.8797573 0.81970501
vt 0.89075446 0.81876463
vt 0.9005294 0.82147229
vt 0.90450835 0.8265611
vt 0.85256565 0.83482051
vt 0.8612087 0.83211291
vt 0.8425993 0.83388019
vt 0.8359729 0.82973176
vt 0.83578706 0.82431644
vt 0.84212875 0.82016802
vt 0.8520305 0.8192277
vt 0.8608595 0.82193536
vt 0.8644841 0.8270241
vt 0.808357 0.83528364
vt 0.8158914 0.83257592
vt 0.7996342 0.8343432
vt 0.7938043 0.83019483
vt 0.79359496 0.82477951
vt 0.7991046 0.82063109
vt 0.80775476 0.8196907
vt 0.81549823 0.82239842
vt 0.8187115 0.82748717
vt 0.7592859 0.83574665
vt 0.76559246 0.83303893
vt 0.75194407 0.83480626
vt 0.74700236 0.83065784
vt 0.7467731 0.82524252
vt 0.75136364 0.82109416
vt 0.75862586 0.82015377
vt 0.76516175 0.82286143
vt 0.7679131 0.82795024
vt 0.70612526 0.83620965
vt 0.711105 0.83350205
vt 0.7002803 0.83526933
vt 0.6963049 0.83112097
vt 0.6960592 0.82570559
vt 0.6996583 0.82155716
vt 0.7054181 0.82061684
vt 0.7106433 0.8233245
vt 0.7128893 0.82841325
vt 0.64971423 0.83667272
vt 0.65328836 0.83396506
vt 0.6454582 0.83573234
vt 0.64251184 0.83158398
vt 0.64225364 0.82616866
vt 0.6448046 0.82202023
vt 0.64897084 0.82107985
vt 0.6528032 0.82378757
vt 0.65450835 0.82887626
vt 0.5909418 0.83713579
vt 0.59305394 0.83442807
vt 0.58834195 0.83619541
vt 0.58647096 0.83204699
vt 0.5862042 0.82663167
vt 0.58766675 0.8224833
vt 0.59017384 0.82154292
vt 0.5925528 0.82425058
vt 0.5936903 0.82933939
vt 0.53073525 0.8375988
vt 0.53135216 0.83489114
vt 0.5298325 0.83665848
vt 0.52906644 0.83251005
vt 0.5287955 0.82709467
vt 0.52914655 0.82294631
vt 0.529955 0.82200599
vt 0.530843 0.82471359
vt 0.5313947 0.8298024
vt 0.47004414 0.83806187
vt 0.46915627 0.83535421
vt 0.47085285 0.83712149
vt 0.4712038 0.83297312
vt 0.47093296 0.8275578
vt 0.4701668 0.82340932
vt 0.46926415 0.822469
vt 0.468647 0.82517672
vt 0.46860445 0.8302654
vt 0.40982497 0.83852494
vt 0.40744603 0.83581722
vt 0.41233218 0.83758456
vt 0.41379464 0.83343613
vt 0.41352808 0.82802081
vt 0.41165698 0.82387245
vt 0.40905714 0.822932
vt 0.40694487 0.82563972
vt 0.40630865 0.83072847
vt 0.35102856 0.83898795
vt 0.34719634 0.83628029
vt 0.35519505 0.83804762
vt 0.3577459 0.8338992
vt 0.35748768 0.82848382
vt 0.35454118 0.82433546
vt 0.3502853 0.82339513
vt 0.34671104 0.82610273
vt 0.34549117 0.83119154
vt 0.2945814 0.83945101
vt 0.289356 0.83674335
vt 0.300341 0.83851063
vt 0.30394006 0.83436227
vt 0.3036945 0.82894689
vt 0.2997191 0.82479846
vt 0.29387414 0.82385814
vt 0.2888943 0.8265658
vt 0.2871101 0.83165455
vt 0.24137354 0.83991408
vt 0.23483765 0.83720636
vt 0.24863577 0.8389737
vt 0.25322628 0.83482528
vt 0.25299716 0.82940996
vt 0.24805546 0.82526153
vt 0.2407136 0.82432115
vt 0.23440683 0.82702887
vt 0.2320863 0.83211762
vt 0.19224447 0.84037709
vt 0.18450105 0.83766943
vt 0.20089471 0.83943677
vt 0.20640421 0.83528835
vt 0.20619512 0.82987297
vt 0.20036519 0.8257246
vt 0.19164222 0.82478422
vt 0.18410796 0.82749188
vt 0.18128777 0.83258069
vt 0.14796889 0.84084016
vt 0.13914013 0.8381325
vt 0.15787077 0.83989978
vt 0.1642124 0.83575141
vt 0.16402662 0.83033603
vt 0.15740019 0.82618761
vt 0.14743382 0.82524729
vt 0.13879085 0.82795495
vt 0.13551539 0.8330437
vt 0.10924512 0.84130323
vt 0.09947014 0.83859551
vt 0.12024236 0.84036285
vt 0.12731618 0.83621442
vt 0.12715662 0.8307991
vt 0.1198383 0.82665068
vt 0.10878563 0.8257103
vt 0.09917027 0.82841802
vt 0.09549129 0.83350676
vt 0.0766837 0.84176624
vt 0.06611675 0.83905858
vt 0.0886029 0.84082592
vt 0.09629744 0.83667749
vt 0.09616655 0.83126211
vt 0.08827186 0.82711375
vt 0.07630718 0.82617337
vt 0.06587094 0.82888103
vt 0.061846435 0.83396983
vt 0.050798237 0.8422293
vt 0.039605975 0.83952165
vt 0.06345153 0.84128892
vt 0.0716452 0.83714056
vt 0.0715453 0.83172518
vt 0.06319857 0.82757676
vt 0.050510585 0.82663643
vt 0.03941816 0.8293441
vt 0.035111606 0.83443284
vt 0.031996965 0.84269238
vt 0.02035588 0.83998466
vt 0.04518473 0.841752
vt 0.05374837 0.83760357
vt 0.053680897 0.83218825
vt 0.045013845 0.82803988
vt 0.031802714 0.82709944
vt 0.020228922 0.82980716
vt 0.015708268 0.83489591
vt 0.020576477 0.84315538
vt 0.008670151 0.84044772
vt 0.034090698 0.84221506
vt 0.042889297 0.83806664
vt 0.042855322 0.83265126
vt 0.03400463 0.8285029
vt 0.020478547 0.82756257
vt 0.008606076 0.83027017
vt 0.003942609 0.83535898
vt 0.016716719 0.84361845
vt 0.0047327876 0.84091079
vt 0.030344307 0.84267807
vt 0.03923917 0.8385297
vt 0.03923917 0.83311439
vt 0.030344307 0.82896596
vt 0.016716778 0.82802558
vt 0.004732907 0.8307333
vt 0.000000059605 0.83582199
vt 0.020478666 0.84408152
vt 0.008606255 0.8413738
vt 0.03400469 0.84314114
vt 0.0428555 0.83899271
vt 0.042889476 0.8335774
vt 0.034090877 0.82942903
vt 0.020576656 0.82848865
vt 0.00867027 0.83119631
vt 0.0039427876 0.83628511
vt 0.031802893 0.84454453
vt 0.02022928 0.84183693
vt 0.045014083 0.8436042
vt 0.053681195 0.83945584
vt 0.053748727 0.83404046
vt 0.04518509 0.82989204
vt 0.031997323 0.82895172
vt 0.020356178 0.83165938
vt 0.015708685 0.83674812
vt 0.050510705 0.84500766
vt 0.03941834 0.84229994
vt 0.063198805 0.84406728
vt 0.07154542 0.83991885
vt 0.07164538 0.83450353
vt 0.06345183 0.83035511
vt 0.050798535 0.82941473
vt 0.039606214 0.83212245
vt 0.035111845 0.83721119
vt 0.076307714 0.84547067
vt 0.06587142 0.842763
vt 0.08827233 0.84453034
vt 0.09616715 0.84038192
vt 0.09629792 0.83496654
vt 0.0886035 0.83081818
vt 0.07668424 0.8298778
vt 0.06611729 0.83258545
vt 0.06184703 0.83767426
vt 0.108786285 0.84593374
vt 0.099170804 0.84322608
vt 0.11983889 0.84499335
vt 0.12715709 0.84084499
vt 0.12731683 0.83542967
vt 0.12024301 0.83128124
vt 0.10924578 0.83034086
vt 0.099470794 0.83304858
vt 0.095491946 0.83813727
vt 0.14743435 0.8463968
vt 0.13879132 0.84368908
vt 0.15740073 0.84545648
vt 0.16402704 0.841308
vt 0.16421288 0.83589268
vt 0.15787125 0.83174431
vt 0.14796942 0.83080393
vt 0.1391406 0.83351159
vt 0.13551593 0.8386004
vt 0.19164276 0.84685987
vt 0.1841085 0.84415221
vt 0.20036566 0.84591949
vt 0.2061956 0.84177113
vt 0.2064048 0.83635575
vt 0.20089531 0.83220732
vt 0.19224507 0.831267
vt 0.18450165 0.83397466
vt 0.18128824 0.8390634
vt 0.24071455 0.84732294
vt 0.23440778 0.84461522
vt 0.24805629 0.84638256
vt 0.252998 0.84223413
vt 0.25322723 0.83681881
vt 0.24863684 0.83267045
vt 0.2413745 0.83173001
vt 0.2348386 0.83443773
vt 0.23208725 0.83952647
vt 0.29387462 0.84778595
vt 0.288895 0.84507835
vt 0.2997197 0.84684563
vt 0.30369496 0.84269726
vt 0.30394065 0.83728188
vt 0.30034173 0.83313346
vt 0.294582 0.83219314
vt 0.2893566 0.8349008
vt 0.2871107 0.83998954
vt 0.3502859 0.84824908
vt 0.34671175 0.84554136
vt 0.3545419 0.8473087
vt 0.35748827 0.84316027
vt 0.35774648 0.83774495
vt 0.35519564 0.83359653
vt 0.35102928 0.83265615
vt 0.34719706 0.83536386
vt 0.3454919 0.84045261
vt 0.40905857 0.84871209
vt 0.40694642 0.84600443
vt 0.41165853 0.84777176
vt 0.4135294 0.84362334
vt 0.4137962 0.83820796
vt 0.41233373 0.8340596
vt 0.40982652 0.83311927
vt 0.40744758 0.83582687
vt 0.4063102 0.84091568
vt 0.46926475 0.84917521
vt 0.46864772 0.8464675
vt 0.4701674 0.84823477
vt 0.47093344 0.84408641
vt 0.47120452 0.83867109
vt 0.47085345 0.83452266
vt 0.47004497 0.83358228
vt 0.46915698 0.83629
vt 0.46860516 0.84137875
vt 0.529956 0.84963822
vt 0.530844 0.84693056
vt 0.52914727 0.8486979
vt 0.52879643 0.84454948
vt 0.5290673 0.8391341
vt 0.52983344 0.83498573
vt 0.5307361 0.83404535
vt 0.5313531 0.83675301
vt 0.5313958 0.84184182
vt 0.5901747 0.85010129
vt 0.59255373 0.84739363
vt 0.5876676 0.84916091
vt 0.586205 0.84501255
vt 0.5864718 0.83959723
vt 0.5883428 0.8354488
vt 0.5909426 0.83450842
vt 0.5930549 0.83721614
vt 0.5936911 0.84230483
vt 0.64897156 0.85056436
vt 0.6528039 0.8478567
vt 0.6448051 0.84962404
vt 0.64225435 0.84547561
vt 0.64251244 0.84006023
vt 0.64545894 0.83591187
vt 0.6497148 0.83497149
vt 0.6532891 0.83767915
vt 0.65450895 0.84276795
vt 0.7054187 0.85102743
vt 0.7106441 0.84831977
vt 0.6996591 0.85008705
vt 0.69606006 0.84593868
vt 0.69630575 0.8405233
vt 0.70028114 0.83637488
vt 0.7061261 0.83543456
vt 0.7111058 0.83814222
vt 0.71289015 0.84323096
vt 0.7586267 0.8514905
vt 0.7651626 0.84878278
vt 0.75136435 0.85055012
vt 0.74677384 0.84640169
vt 0.74700296 0.84098637
vt 0.75194466 0.836838
vt 0.7592865 0.83589762
vt 0.7655933 0.83860528
vt 0.76791394 0.84369409
vt 0.8077556 0.8519535
vt 0.81549895 0.8492459
vt 0.7991054 0.85101318
vt 0.7935959 0.84686482
vt 0.793805 0.84144944
vt 0.79963505 0.83730102
vt 0.80835783 0.8363607
vt 0.8158922 0.83906835
vt 0.8187125 0.8441571
vt 0.85203123 0.85241663
vt 0.86086 0.84970891
vt 0.84212935 0.85147625
vt 0.8357878 0.84732783
vt 0.8359735 0.84191251
vt 0.84259987 0.83776414
vt 0.85256636 0.8368237
vt 0.8612093 0.83953142
vt 0.86448467 0.84462017
vt 0.89075506 0.85287964
vt 0.90052986 0.85017204
vt 0.87975764 0.85193932
vt 0.87268376 0.8477909
vt 0.8728435 0.84237552
vt 0.8801619 0.83822715
vt 0.8912145 0.83728683
vt 0.9008299 0.83999449
vt 0.9045088 0.84508324
vt 0.8881428 0.84508324
vt 0.90052986 0.85017204
vt 0.89075506 0.85287964
vt 0.87975764 0.85193932
vt 0.87268376 0.8477909
vt 0.8728435 0.84237552
vt 0.8801619 0.83822715
vt 0.8912145 0.83728683
vt 0.9008299 0.83999449
vt 0.9045088 0.84508324
vn -0.00017798731 0.9932246 -0.11621005
vn 0.4644498 0.87911034 0.10701145
vn 0.42229712 0.9053781 -0.044223085
vn -0.00019103993 0.9931 -0.117271446
vn -0.008199546 0.66922593 -0.7430137
vn 0.37168595 0.62067956 -0.6903669
vn 0.3291154 0.50606906 -0.7972309
vn -0.009748602 0.51847196 -0.855039
vn -0.009359116 0.56152064 -0.82740986
vn 0.36862755 0.5235724 -0.76810515
vn -0.010580965 0.40930265 -0.91233724
vn 0.3679876 0.38382164 -0.8469156
vn -0.011480735 0.24464777 -0.969544
vn 0.36770785 0.23258318 -0.9003866
vn -0.012031735 0.07255997 -0.9972914
vn 0.3678473 0.07440157 -0.9269049
vn -0.0122172935 -0.10173254 -0.99473673
vn 0.36840215 -0.08596786 -0.92568314
vn -0.012031677 -0.27293417 -0.9619574
vn 0.36933926 -0.24371985 -0.8967659
vn -0.011480528 -0.43584293 -0.8999495
vn 0.37060058 -0.3941463 -0.84101355
vn -0.010580757 -0.5855087 -0.81059706
vn 0.3720536 -0.5327897 -0.7600731
vn -0.009359274 -0.71738404 -0.696615
vn 0.37353402 -0.6555697 -0.65627784
vn -0.007853103 -0.827462 -0.5614668
vn 0.3747307 -0.75891984 -0.53255755
vn -0.0061085294 -0.912398 -0.40925878
vn 0.37536126 -0.8397959 -0.39223307
vn -0.004178432 -0.9696112 -0.2446153
vn 0.3753373 -0.895575 -0.23888771
vn -0.0021213908 -0.9973633 -0.07253956
vn 0.3751812 -0.92378837 -0.07651173
vn 0.000000131241 -0.99481106 0.10174017
vn 0.37617826 -0.9221977 0.08967379
vn 0.0021216457 -0.9620319 0.27292898
vn 0.37915337 -0.8901559 0.2527156
vn 0.0041783405 -0.900022 0.4358246
vn 0.38313696 -0.8296976 0.40596548
vn 0.006108338 -0.81066537 0.5854779
vn 0.38669714 -0.74407023 0.54481626
vn 0.007852853 -0.6966768 0.717342
vn 0.38925886 -0.6364786 0.6658622
vn 0.009358994 -0.5615203 0.82741004
vn 0.39078882 -0.5102254 0.76612926
vn 0.010580552 -0.40930238 0.9123374
vn 0.39155707 -0.36895552 0.8429441
vn 0.011480485 -0.24464792 0.96954393
vn 0.39172918 -0.21677658 0.8941789
vn 0.012031691 -0.07255994 0.9972914
vn 0.39148304 -0.058152188 0.918346
vn 0.012217291 0.101732776 0.99473673
vn 0.39086977 0.10221198 0.9147532
vn 0.012031659 0.2729344 0.96195734
vn 0.38997692 0.2595285 0.8834947
vn 0.01148045 0.43584317 0.8999494
vn 0.3888087 0.4090857 0.8255159
vn 0.010580099 0.5855086 0.8105971
vn 0.38742554 0.54638195 0.74254155
vn 0.009358681 0.717384 0.69661504
vn 0.3858428 0.6672972 0.6370555
vn 0.008404332 0.7920076 0.61045325
vn 0.38839582 0.73273915 0.5587862
vn 0.009122773 0.73764384 0.6751284
vn 0.3697688 0.6945649 0.61713094
vn 0.010446994 0.60275716 0.7978563
vn 0.3918165 0.64448667 0.65659475
vn 0.3706919 0.41088852 0.8329214
vn 0.011519546 0.42729202 0.9040403
vn 0.99990654 -0.0038112318 -0.013121584
vn 0.9978771 -0.02948392 -0.058067728
vn 0.99909437 -0.017500386 -0.03878131
vn 0.99992526 -0.0012428157 -0.012153931
vn 0.9226531 0.18107726 -0.34047323
vn 0.99992526 -0.0012428156 -0.012153945
vn 0.9161121 0.2598058 -0.3053512
vn 0.99992526 -0.001242817 -0.012153947
vn 0.9122132 0.21904068 -0.3462485
vn 0.99992526 -0.0012428275 -0.012153954
vn 0.91146076 0.15662852 -0.3804032
vn 0.99992526 -0.0012428343 -0.012153961
vn 0.91077363 0.08910484 -0.40317687
vn 0.99992526 -0.0012428445 -0.01215398
vn 0.91018397 0.018516358 -0.41378972
vn 0.99992526 -0.0012428534 -0.012153992
vn 0.90970176 -0.052959487 -0.4118711
vn 0.99992526 -0.0012428695 -0.012154003
vn 0.90934163 -0.12308886 -0.3974252
vn 0.99992526 -0.0012428812 -0.012153998
vn 0.9091375 -0.18962118 -0.3708268
vn 0.99992526 -0.0012429053 -0.012153999
vn 0.9091382 -0.25033337 -0.3328676
vn 0.99992526 -0.0012429311 -0.012154004
vn 0.9094491 -0.3030283 -0.28473845
vn 0.99992526 -0.0012429843 -0.012154014
vn 0.9101831 -0.34567422 -0.22820145
vn 0.99992526 -0.0012429978 -0.0121540055
vn 0.91147393 -0.37654668 -0.16561319
vn 0.99992526 -0.0012430339 -0.012153979
vn 0.91330844 -0.39480317 -0.09999032
vn 0.99992526 -0.0012430651 -0.012153956
vn 0.9152849 -0.40133187 -0.03444098
vn 0.99992526 -0.0012430358 -0.01215392
vn 0.99992526 -0.0012428566 -0.01215391
vn 0.91661394 -0.3986851 0.029475536
vn 0.99992526 -0.0012430777 -0.01215374
vn 0.99992526 -0.0012430985 -0.012153771
vn 0.9168623 -0.3883058 0.09263818
vn 0.99992526 -0.0012431241 -0.012153839
vn 0.91649956 -0.36855072 0.1555597
vn 0.99992526 -0.0012430918 -0.012153804
vn 0.9162425 -0.3373096 0.21615231
vn 0.99992526 -0.0012430488 -0.012153789
vn 0.9164208 -0.29434666 0.2711692
vn 0.99992526 -0.0012429768 -0.012153796
vn 0.9169512 -0.24114753 0.31788078
vn 0.99992526 -0.0012429386 -0.012153792
vn 0.9176843 -0.17981823 0.35428914
vn 0.99992526 -0.0012429238 -0.012153783
vn 0.9184392 -0.112729356 0.3791586
vn 0.99992526 -0.001242886 -0.01215381
vn 0.9191192 -0.042237923 0.39170864
vn 0.99992526 -0.0012428665 -0.012153821
vn 0.9196407 0.02931579 0.39166477
vn 0.99992526 -0.0012428514 -0.012153831
vn 0.91998625 0.09965731 0.37906933
vn 0.99992526 -0.0012428398 -0.012153842
vn 0.920128 0.16660719 0.35440987
vn 0.99992526 -0.0012428272 -0.012153851
vn 0.92008257 0.22810282 0.3184604
vn 0.99992526 -0.0012428213 -0.012153852
vn 0.9198462 0.28229845 0.27237892
vn 0.99992526 -0.0012428189 -0.01215387
vn 0.92468464 0.3054038 0.2273468
vn 0.99992526 -0.0012428118 -0.012153882
vn 0.9278389 0.2742975 0.2527361
vn 0.99992526 -0.0012428084 -0.012153884
vn 0.99998647 -0.0047119255 -0.0021630577
vn 0.99993473 -0.0029540777 -0.011028824
vn 0.9626338 0.14319557 -0.22985016
vn 0.9999016 -0.0061586057 -0.0125953695
vn 0.9711026 0.20529965 -0.12170324
vn -0.983229 0.1784704 -0.037534
vn -0.9793576 0.14116774 -0.14467248
vn -0.99992526 0.0012428634 0.012153909
vn -0.9828441 0.18431377 -0.0067591914
vn -0.9836189 0.16741218 -0.066833824
vn -0.9820894 0.17886353 0.05922882
vn -0.98400235 0.1514797 -0.093770385
vn -0.99992526 0.0012428658 0.012153902
vn -0.9843693 0.13116303 -0.117528796
vn -0.99992526 0.001242867 0.012153898
vn -0.9847103 0.1070889 -0.13739486
vn -0.99992526 0.0012428658 0.0121538965
vn -0.9850172 0.07999954 -0.15277763
vn -0.99992526 0.001242864 0.012153894
vn -0.9852831 0.050727878 -0.16322912
vn -0.99992526 0.0012428616 0.012153892
vn -0.9855016 0.020169336 -0.16846244
vn -0.99992526 0.0012428587 0.01215389
vn -0.9856679 -0.0107540935 -0.16835399
vn -0.99992526 0.0012428551 0.012153887
vn -0.9857756 -0.04112921 -0.16295594
vn -0.99992526 0.0012428504 0.012153884
vn -0.98581755 -0.07009515 -0.15248026
vn -0.99992526 0.0012428449 0.0121538825
vn -0.98577917 -0.09689591 -0.13729669
vn -0.99992526 0.0012428379 0.012153881
vn -0.9856391 -0.12092657 -0.11786526
vn -0.99992526 0.0012428291 0.01215388
vn -0.9853625 -0.14176871 -0.09466889
vn -0.99992526 0.0012428189 0.012153881
vn -0.9849085 -0.15913036 -0.06806259
vn -0.99992526 0.0012428074 0.012153885
vn -0.9842578 -0.17257474 -0.038136125
vn -0.99992526 0.0012427958 0.012153892
vn -0.98349696 -0.18085839 -0.0048643337
vn -0.99992526 0.001242787 0.012153903
vn -0.9828974 -0.1815703 0.030734815
vn -0.99992526 0.0012427844 0.012153917
vn -0.98268986 -0.17332885 0.065402664
vn -0.99992526 0.0012427899 0.012153929
vn -0.98271525 -0.15817289 0.09618732
vn -0.99992526 0.0012428007 0.012153938
vn -0.9827117 -0.13875598 0.12257355
vn -0.99992526 0.0012428134 0.012153943
vn -0.9825818 -0.11633881 0.14490719
vn -0.99992526 0.0012428255 0.012153944
vn -0.9823493 -0.09133003 0.16324374
vn -0.99992526 0.0012428358 0.012153943
vn -0.98206943 -0.06402842 0.17731264
vn -0.99992526 0.0012428439 0.01215394
vn -0.9817914 -0.034897022 0.18672869
vn -0.99992526 0.0012428506 0.012153938
vn -0.9815508 -0.004590026 0.19114548
vn -0.99992526 0.0012428556 0.012153935
vn -0.98136973 0.026093822 0.19034812
vn -0.99992526 0.0012428596 0.012153932
vn -0.9812608 0.056277458 0.18428221
vn -0.99992526 0.0012428627 0.012153929
vn -0.981229 0.08505865 0.17307359
vn -0.99992526 0.001242865 0.012153925
vn -0.9812751 0.111556925 0.15701574
vn -0.99992526 0.001242867 0.0121539235
vn -0.9813962 0.13494985 0.13656431
vn -0.99992526 0.0012428683 0.012153921
vn -0.9815855 0.15450971 0.112322345
vn -0.99992526 0.0012428688 0.012153919
vn -0.98183525 0.16962327 0.08501295
vn -0.99992526 0.0012428673 0.012153914
vn -0.9730487 0.2239598 -0.054936055
vn -0.96725404 0.1718885 -0.18674545
vn -0.9821358 0.17981505 0.055458914
vn -0.9824759 0.18476485 0.024555586
vn -0.9705618 0.22599486 0.08328203
vn -0.9576201 0.19435848 0.21257573
vn 0.9828537 -0.18426207 0.0067734187
vn 0.99992526 -0.0012428566 -0.01215391
vn 0.99992526 -0.0012428566 -0.01215391
vn 0.98324406 -0.17823091 0.03827116
vn 0.98246336 -0.18473166 -0.025293186
vn 0.99992526 -0.0012428566 -0.01215391
vn 0.9820848 -0.17962575 -0.056954585
vn 0.99992526 -0.0012428566 -0.01215391
vn 0.98172957 -0.16909884 -0.087248184
vn 0.99992526 -0.0012428566 -0.01215391
vn 0.98140883 -0.15347016 -0.11525319
vn 0.99992526 -0.0012428566 -0.01215391
vn 0.9811317 -0.13321677 -0.14012006
vn 0.99992526 -0.0012428566 -0.01215391
vn 0.9809068 -0.10895271 -0.16109273
vn 0.99992526 -0.0012428566 -0.01215391
vn 0.98074114 -0.081414826 -0.17753333
vn 0.99992526 -0.0012428566 -0.01215391
vn 0.9806399 -0.05144016 -0.188942
vn 0.99992526 -0.0012428566 -0.01215391
vn 0.9806057 -0.019939886 -0.19497311
vn 0.99992526 -0.0012428566 -0.01215391
vn 0.9806399 0.012129057 -0.19544329
vn 0.99992526 -0.0012428566 -0.01215391
vn 0.98074114 0.043792453 -0.19033845
vn 0.99992526 -0.0012428566 -0.01215391
vn 0.9809069 0.07408801 -0.17981215
vn 0.99992526 -0.0012428566 -0.01215391
vn 0.9811317 0.10209518 -0.16418564
vn 0.99992526 -0.0012428566 -0.01215391
vn 0.9814087 0.12696359 -0.143934
vn 0.99992526 -0.0012428566 -0.01215391
vn 0.9817298 0.14793645 -0.11967127
vn 0.99992526 -0.0012428566 -0.01215391
vn 0.9820851 0.16437685 -0.09213522
vn 0.99992526 -0.0012428566 -0.01215391
vn 0.9824628 0.17578964 -0.062164836
vn 0.99992526 -0.0012428566 -0.01215391
vn 0.98285383 0.18181744 -0.030665722
vn 0.99992526 -0.0012428566 -0.01215391
vn 0.9832435 0.18229073 0.0014008051
vn 0.99992526 -0.0012428566 -0.01215391
vn 0.98362267 0.17718083 0.033061232
vn 0.99992526 -0.0012428566 -0.01215391
vn 0.98397774 0.16665477 0.06335498
vn 0.99992526 -0.0012428566 -0.01215391
vn 0.98429865 0.1510275 0.091360785
vn 0.99992526 -0.0012428566 -0.01215391
vn 0.9845756 0.13077393 0.11622761
vn 0.99992526 -0.0012428566 -0.01215391
vn 0.9848004 0.10650914 0.13719952
vn 0.99992526 -0.0012428566 -0.01215391
vn 0.9849659 0.07897163 0.15364055
vn 0.99992526 -0.0012428566 -0.01215391
vn 0.9850674 0.04899695 0.16504914
vn 0.99992526 -0.0012428566 -0.01215391
vn 0.9851016 0.017496677 0.17108034
vn 0.99992526 -0.0012428566 -0.01215391
vn 0.9850674 -0.014572337 0.1715504
vn 0.99992526 -0.0012428566 -0.01215391
vn 0.9849659 -0.046235815 0.16644567
vn 0.99992526 -0.0012428566 -0.01215391
vn 0.98480034 -0.076531455 0.15591969
vn 0.99992526 -0.0012428566 -0.01215391
vn 0.98457575 -0.104538724 0.14029282
vn 0.99992526 -0.0012428566 -0.01215391
vn 0.9842987 -0.12940651 0.120040484
vn 0.99992526 -0.0012428566 -0.01215391
vn 0.9839775 -0.15038046 0.09577893
vn 0.99992526 -0.0012428566 -0.01215391
vn 0.9836225 -0.16682164 0.06824339
vn 0.99992526 -0.0012428566 -0.01215391
vn -0.98246324 -0.17578761 0.06216397
vn -0.9791697 0.19821979 -0.04399356
vn -0.9787351 0.2049332 -0.0089380145
vn -0.9828536 -0.18181878 0.030666206
vn -0.9820847 -0.16437839 0.09213618
vn -0.9795907 0.18552238 -0.07735142
vn -0.9817296 -0.1479372 0.119671695
vn -0.97998595 0.16722395 -0.10799737
vn -0.98140883 -0.12696314 0.14393333
vn -0.98034304 0.14388213 -0.13500091
vn -0.98113155 -0.102095604 0.16418612
vn -0.9806516 0.11620417 -0.15753989
vn -0.9809069 -0.07408811 0.17981222
vn -0.9809016 0.08503343 -0.17493206
vn -0.9807412 -0.043792523 0.19033828
vn -0.981086 0.051315296 -0.18664616
vn -0.9806399 -0.0121289855 0.19544338
vn -0.98119867 0.016075613 -0.19232953
vn -0.9806057 0.019939944 0.19497307
vn -0.9812367 -0.019616298 -0.191806
vn -0.98063976 0.051440366 0.18894252
vn -0.98119867 -0.05467538 -0.18509379
vn -0.98074114 0.08141488 0.17753327
vn -0.981086 -0.08803509 -0.17239456
vn -0.9809069 0.10895249 0.16109245
vn -0.9809016 -0.11868374 -0.15409774
vn -0.98113143 0.13321744 0.14012082
vn -0.98065174 -0.14568813 -0.13075541
vn -0.9814086 0.15347083 0.11525364
vn -0.98034304 -0.16823131 -0.10308084
vn -0.98172975 0.169098 0.08724769
vn -0.9799857 -0.18562461 -0.07191162
vn -0.9820851 0.17962427 0.056953993
vn -0.9795913 -0.1973368 -0.038194813
vn -0.98246306 0.18473323 0.025293833
vn -0.9791702 -0.20301925 -0.0029583212
vn -0.98285395 0.18426079 -0.006773282
vn -0.97873473 -0.2025013 0.03273051
vn -0.98324376 0.1782324 -0.038271755
vn -0.9783013 -0.19578429 0.06778608
vn -0.9836227 0.16682029 -0.068242624
vn -0.9778801 -0.18308613 0.10114252
vn -0.9839777 0.15037972 -0.09577827
vn -0.9774838 -0.16479202 0.13179058
vn -0.9842986 0.1294069 -0.12004115
vn -0.97712666 -0.14144902 0.15879379
vn -0.9845755 0.10453928 -0.14029378
vn -0.97681904 -0.1137698 0.18133084
vn -0.9848004 0.076531366 -0.15591933
vn -0.9765682 -0.08260047 0.19872479
vn -0.9849659 0.04623584 -0.16644551
vn -0.97638404 -0.048882302 0.2104388
vn -0.9850674 0.014572261 -0.17155041
vn -0.97627085 -0.013642516 0.21612233
vn -0.9851016 -0.017496726 -0.17108032
vn -0.976233 0.02204939 0.2155986
vn -0.9850674 -0.048996918 -0.16504918
vn -0.97627085 0.05710831 0.20888656
vn -0.9849659 -0.07897156 -0.15364045
vn -0.97638404 0.090468094 0.1961873
vn -0.9848004 -0.10650924 -0.13719952
vn -0.9765682 0.121117026 0.17789045
vn -0.9845757 -0.13077353 -0.11622724
vn -0.9768183 0.14812267 0.15454938
vn -0.9842987 -0.15102692 -0.09136039
vn -0.9771269 0.17066336 0.12687296
vn -0.98397756 -0.16665544 -0.06335543
vn -0.9774841 0.18805666 0.095704116
vn -0.9836224 -0.17718247 -0.03306175
vn -0.9778794 0.19977282 0.061988454
vn -0.98324394 -0.1822885 -0.0014003757
vn -0.9783008 0.20545503 0.026750766
vn -0.0061087487 0.810666 -0.58547705
vn -0.0061086696 0.8106656 -0.5854776
vn -0.007853255 0.6966768 -0.7173421
vn -0.007853283 0.6966769 -0.71734196
vn -0.0041785333 0.9000223 -0.43582386
vn -0.0041785343 0.9000223 -0.4358239
vn -0.0021215507 0.96203154 -0.27293006
vn -0.0021216169 0.9620317 -0.27292943
vn -0.000000135117 0.99481106 -0.101740345
vn -0.000000220432 0.9948111 -0.101739585
vn 0.002121252 0.9973632 0.072541095
vn 0.002121276 0.9973632 0.072540864
vn 0.0041783745 0.9696114 0.24461462
vn 0.0041784085 0.9696114 0.24461429
vn 0.006108496 0.91239846 0.40925768
vn 0.0061084433 0.9123983 0.40925807
vn 0.007852949 0.8274623 0.5614664
vn 0.0078529585 0.8274624 0.56146634
vn 0.009358841 0.717384 0.69661504
vn 0.009358886 0.7173843 0.69661474
vn 0.010580485 0.5855083 0.81059736
vn 0.0105805015 0.5855084 0.8105973
vn 0.011480571 0.43584314 0.8999494
vn 0.011480537 0.43584287 0.8999495
vn 0.012031764 0.27293444 0.9619573
vn 0.0120317675 0.2729345 0.9619573
vn 0.01221742 0.1017324 0.99473673
vn 0.012217454 0.10173265 0.99473673
vn 0.012031903 -0.07255985 0.9972914
vn 0.012031858 -0.07256018 0.99729145
vn 0.011480671 -0.24464783 0.969544
vn 0.011480668 -0.24464792 0.96954393
vn 0.010580701 -0.4093023 0.9123375
vn 0.010580701 -0.40930226 0.9123375
vn 0.009359167 -0.5615202 0.82741004
vn 0.009359069 -0.561521 0.8274096
vn 0.007853211 -0.6966773 0.71734154
vn 0.007853206 -0.69667745 0.7173415
vn 0.006108766 -0.8106656 0.58547765
vn 0.006108782 -0.81066555 0.5854777
vn 0.0041787317 -0.90002203 0.43582442
vn 0.004178741 -0.90002203 0.43582445
vn 0.0021217014 -0.9620319 0.2729287
vn 0.0021217018 -0.9620319 0.27292868
vn 0.00000019925 -0.994811 0.10174069
vn 0.000000227201 -0.994811 0.101740904
vn -0.0021212825 -0.9973634 -0.07253888
vn -0.0021212802 -0.9973634 -0.07253884
vn -0.0041783624 -0.9696112 -0.2446153
vn -0.0041783866 -0.9696112 -0.24461542
vn -0.006108494 -0.91239786 -0.40925896
vn -0.006108448 -0.912398 -0.4092586
vn -0.0078529315 -0.8274621 -0.5614668
vn -0.0078529045 -0.8274622 -0.5614666
vn -0.009358794 -0.71738416 -0.6966148
vn -0.0093588205 -0.7173841 -0.6966149
vn -0.010580347 -0.5855089 -0.81059694
vn -0.01058038 -0.5855087 -0.81059706
vn -0.011480458 -0.43584275 -0.8999496
vn -0.011480485 -0.43584263 -0.89994967
vn -0.012031716 -0.2729342 -0.9619574
vn -0.012031735 -0.27293408 -0.9619574
vn -0.012217395 -0.101732895 -0.9947367
vn -0.012217462 -0.101732366 -0.99473673
vn -0.012031935 0.07255991 -0.9972914
vn -0.012031959 0.07256009 -0.9972915
vn -0.011480796 0.24464807 -0.96954393
vn -0.011480748 0.24464762 -0.96954405
vn -0.010580742 0.40930238 -0.9123374
vn -0.010580691 0.40930194 -0.91233754
vn -0.009359197 0.5615204 -0.82741
vn -0.009359152 0.5615201 -0.82741016
vn -0.000000138967 0.994811 -0.10174063
vn -0.000000138938 0.994811 -0.10174063
vn -0.0021216422 0.9620319 -0.27292874
vn -0.0021216425 0.9620319 -0.27292874
vn 0.002121371 0.9973634 0.07253905
vn 0.002121371 0.9973634 0.07253903
vn 0.004178432 0.9696112 0.24461533
vn 0.0041784323 0.9696112 0.24461536
vn 0.0061085275 0.912398 0.40925863
vn 0.0061085275 0.912398 0.40925863
vn 0.007853016 0.82746226 0.56146646
vn 0.007853017 0.82746226 0.5614665
vn 0.0093589 0.7173841 0.6966149
vn 0.0093589 0.7173841 0.6966149
vn 0.010580417 0.5855086 0.8105972
vn 0.010580417 0.5855086 0.8105972
vn 0.0114804525 0.43584263 0.89994967
vn 0.0114804525 0.43584263 0.89994967
vn 0.012031659 0.27293426 0.9619574
vn 0.012031659 0.27293426 0.9619574
vn 0.012217291 0.101732515 0.99473673
vn 0.012217291 0.101732515 0.99473673
vn 0.012031706 -0.07256006 0.9972915
vn 0.012031706 -0.07256006 0.9972915
vn 0.011480546 -0.24464765 0.96954405
vn 0.011480546 -0.24464768 0.96954405
vn 0.010580553 -0.40930226 0.9123375
vn 0.010580553 -0.40930223 0.9123375
vn 0.009359077 -0.5615203 0.82741004
vn 0.009359077 -0.5615203 0.82741004
vn 0.00785323 -0.6966766 0.71734226
vn 0.00785323 -0.6966766 0.71734226
vn 0.006108757 -0.8106656 0.58547765
vn 0.006108757 -0.8106656 0.58547765
vn 0.0041786823 -0.9000221 0.43582428
vn 0.004178682 -0.9000221 0.43582425
vn 0.0021216562 -0.96203166 0.27292988
vn 0.0021216318 -0.96203154 0.27293006
vn 0.00021271646 -0.99287903 0.11912695
vn 0.001059117 -0.98215854 0.18805158
vn 0.00000011692 -0.9948112 0.10173884
vn -0.0021205007 -0.99736327 -0.07254047
vn -0.0023313765 -0.9959425 -0.089961894
vn -0.0041783 -0.96961147 -0.2446142
vn -0.0041784183 -0.96961147 -0.24461417
vn -0.0031606972 -0.9872455 -0.15917414
vn -0.00610852 -0.91239834 -0.40925795
vn -0.0061085206 -0.91239834 -0.40925798
vn -0.007853018 -0.8274622 -0.5614666
vn -0.007853018 -0.8274622 -0.5614666
vn -0.009358898 -0.7173842 -0.6966148
vn -0.009358897 -0.7173843 -0.69661474
vn -0.010580416 -0.5855086 -0.8105971
vn -0.010580416 -0.58550864 -0.8105971
vn -0.011480452 -0.4358428 -0.8999496
vn -0.011480452 -0.4358428 -0.8999496
vn -0.012031658 -0.2729345 -0.9619573
vn -0.012031658 -0.2729345 -0.9619573
vn -0.012217291 -0.101732865 -0.99473673
vn -0.012217291 -0.10173287 -0.99473673
vn -0.012031705 0.07256033 -0.99729145
vn -0.012031705 0.07256033 -0.99729145
vn -0.011480544 0.24464798 -0.96954393
vn -0.011480544 0.24464804 -0.969544
vn -0.010580552 0.40930238 -0.9123374
vn -0.010580552 0.40930235 -0.9123374
vn -0.009359069 0.56152105 -0.8274095
vn -0.009359069 0.56152105 -0.8274095
vn -0.007853221 0.6966774 -0.71734154
vn -0.007853221 0.6966774 -0.71734154
vn -0.006108761 0.81066537 -0.5854779
vn -0.006108761 0.81066537 -0.5854779
vn -0.004178685 0.90002203 -0.4358245
vn -0.0041786856 0.90002203 -0.43582454
vn 0.199935 -0.9432568 0.26512754
vn 0.19785602 -0.9753876 0.097324386
vn 0.20195091 -0.882473 0.4248026
vn 0.203843 -0.7948832 0.57149684
vn 0.20555387 -0.6831487 0.7007535
vn 0.20702998 -0.55066454 0.8086452
vn 0.20822704 -0.40145543 0.891894
vn 0.20910838 -0.24005662 0.94796956
vn 0.2096489 -0.07137162 0.97516835
vn 0.2098316 0.099475294 0.972664
vn 0.20964889 0.26729223 0.9405328
vn 0.2091083 0.4269796 0.87975115
vn 0.20822571 0.57368594 0.7921655
vn 0.20702979 0.70295435 0.6804365
vn 0.20555373 0.8108559 0.5479602
vn 0.20384485 0.8941122 0.39876127
vn 0.20195073 0.9501947 0.23737289
vn 0.19992964 0.9773988 0.06870152
vn 0.19785334 0.97489643 -0.10213269
vn 0.1957705 0.94276583 -0.26993835
vn 0.19375867 0.88198155 -0.42961162
vn 0.19186908 0.79439104 -0.57630646
vn 0.19015802 0.68265617 -0.7055639
vn 0.18868195 0.5501719 -0.81345546
vn 0.18748315 0.40096343 -0.89670414
vn 0.18660125 0.23956454 -0.9527795
vn 0.18606122 0.07087958 -0.9799781
vn 0.18588014 -0.099966764 -0.9774738
vn 0.18606135 -0.26778373 -0.9453427
vn 0.18660137 -0.42747113 -0.88456106
vn 0.18748328 -0.57417816 -0.7969751
vn 0.18868202 -0.703446 -0.68524647
vn 0.19015822 -0.8113475 -0.55277026
vn 0.19186725 -0.89460427 -0.40357164
vn 0.19375902 -0.9506863 -0.24218391
vn 0.19577575 -0.9778897 -0.07350959
vn -0.19576673 0.9440526 -0.26540554
vn -0.19996475 0.9430688 -0.26577312
vn -0.19786914 0.97538704 -0.09730337
vn -0.19368517 0.9762109 -0.09745956
vn -0.19778305 0.8832175 -0.42521614
vn -0.20195882 0.8818776 -0.4260335
vn -0.19967845 0.7955528 -0.5720352
vn -0.2037895 0.7936836 -0.5731808
vn -0.20138703 0.68372405 -0.7014019
vn -0.20539542 0.6811821 -0.7027117
vn -0.20286469 0.5511268 -0.80938566
vn -0.20672525 0.54781044 -0.8106592
vn -0.20406392 0.40179136 -0.8927046
vn -0.207726 0.39764872 -0.89371437
vn -0.20494765 0.24025534 -0.94882756
vn -0.20835754 0.23529215 -0.94932854
vn -0.20548452 0.07142656 -0.97605026
vn -0.20860098 0.065713435 -0.9757906
vn -0.20567276 -0.09956517 -0.97354275
vn -0.20843604 -0.10588507 -0.9722873
vn -0.2054845 -0.2675248 -0.94138545
vn -0.2078679 -0.2742289 -0.9389299
vn -0.20494755 -0.42734808 -0.88055104
vn -0.20693755 -0.43413156 -0.8767591
vn -0.20406193 -0.5741786 -0.79289204
vn -0.20570578 -0.58065426 -0.78773457
vn -0.2028669 -0.70355695 -0.68106735
vn -0.20429458 -0.70926696 -0.67468804
vn -0.2013843 -0.811551 -0.5484791
vn -0.2028767 -0.8160036 -0.5412755
vn -0.19968304 -0.89487666 -0.39915216
vn -0.20160301 -0.8976522 -0.3918887
vn -0.19778328 -0.9510073 -0.2376278
vn -0.20056738 -0.9519409 -0.23147641
vn -0.19577019 -0.97823256 -0.06881268
vn -0.19947748 -0.9777317 -0.065187864
vn -0.19367923 -0.9757308 0.10216673
vn -0.19778253 -0.9749002 0.10223435
vn -0.19160743 -0.94356996 0.2701156
vn -0.1951667 -0.94381034 0.2667062
vn -0.18958451 -0.882736 0.42992428
vn -0.19205333 -0.8849658 0.4242066
vn -0.18769719 -0.795071 0.5767425
vn -0.18915318 -0.79942816 0.5702067
vn -0.1859756 -0.6832424 0.7061111
vn -0.18689157 -0.6893133 0.6999419
vn -0.18450345 -0.5506451 0.81409353
vn -0.18530275 -0.5578248 0.80900824
vn -0.18330173 -0.40131006 0.89741325
vn -0.18430565 -0.40899417 0.89373106
vn -0.18242143 -0.23977411 0.9535359
vn -0.18378751 -0.24745521 0.95130855
vn -0.1818768 -0.07094478 0.9807586
vn -0.18367706 -0.07823107 0.9798686
vn -0.18170099 0.10004694 0.97825116
vn -0.18391946 0.093432896 0.9784905
vn -0.18187687 0.2680057 0.9460938
vn -0.18449925 0.26223952 0.9472013
vn -0.18242152 0.42782938 0.8852595
vn -0.1853926 0.42299673 0.8869629
vn -0.18330376 0.57466066 0.7975994
vn -0.18658037 0.5707718 0.79962945
vn -0.18450123 0.7040386 0.6857761
vn -0.18803407 0.7010395 0.68788564
vn -0.1859786 0.8120317 0.5531875
vn -0.18972537 0.8098151 0.555161
vn -0.18769252 0.89535856 0.40386203
vn -0.19160402 0.893777 0.4055252
vn -0.18958423 0.95148873 0.2423368
vn -0.19362666 0.9503617 0.24355981
vn -0.19160387 0.9787149 0.07351935
vn -0.19573496 0.97784394 0.074223176
vn -0.19785546 -0.9748959 0.10213402
vn -0.19577536 -0.94276506 0.26993737
vn -0.19993438 -0.97739786 -0.06869984
vn -0.20195042 -0.95019454 -0.23737392
vn -0.20384252 -0.8941123 -0.39876232
vn -0.20555343 -0.81085575 -0.5479606
vn -0.20702954 -0.70295435 -0.68043655
vn -0.20822662 -0.57368624 -0.7921651
vn -0.20910808 -0.42697954 -0.8797512
vn -0.2096486 -0.267292 -0.9405329
vn -0.20983136 -0.099475585 -0.972664
vn -0.2096487 0.07137126 -0.9751684
vn -0.20910814 0.24005689 -0.94796956
vn -0.20822555 0.4014557 -0.8918942
vn -0.20702948 0.5506641 -0.80864567
vn -0.20555364 0.68314826 -0.7007539
vn -0.2038448 0.7948834 -0.57149607
vn -0.20195068 0.8824734 -0.4248019
vn -0.19992995 0.9432574 -0.26512897
vn -0.19785333 0.97538817 -0.097324096
vn -0.19577076 0.97789055 0.07351175
vn -0.1937586 0.9506866 0.24218298
vn -0.19186908 0.89460444 0.4035705
vn -0.190158 0.81134766 0.55277014
vn -0.18868165 0.703446 0.6852466
vn -0.187483 0.5741777 0.79697543
vn -0.18660113 0.42747182 0.88456076
vn -0.18606085 0.2677841 0.9453427
vn -0.18587987 0.099966936 0.97747386
vn -0.18606104 -0.07087937 0.97997814
vn -0.18660109 -0.2395648 0.9527794
vn -0.187484 -0.40096363 0.89670384
vn -0.18868145 -0.5501721 0.8134556
vn -0.19015779 -0.6826569 0.70556337
vn -0.19186684 -0.7943915 0.57630664
vn -0.19375855 -0.88198125 0.42961228
vn -0.83846176 0.52704835 -0.13857067
vn -0.8373109 0.5448402 -0.04538192
vn -0.5619786 0.8235352 -0.077264264
vn -0.563731 0.79637235 -0.21908535
vn -0.8395873 0.4933981 -0.22726965
vn -0.56538403 0.74498606 -0.35402897
vn -0.8406542 0.44490954 -0.3087974
vn -0.5668875 0.67093927 -0.4779947
vn -0.8416317 0.38305393 -0.38069087
vn -0.56818956 0.5764855 -0.58721805
vn -0.842493 0.30970535 -0.44078112
vn -0.56924856 0.46449354 -0.67838174
vn -0.8432195 0.22708373 -0.48725113
vn -0.57003003 0.3383669 -0.74871445
vn -0.8437903 0.13769515 -0.5187079
vn -0.5704975 0.20193914 -0.796086
vn -0.84419036 0.04424233 -0.53421456
vn -0.57063943 0.059350856 -0.8190531
vn -0.844412 -0.050456643 -0.53331244
vn -0.57044464 -0.08506786 -0.8169187
vn -0.8444517 -0.14355704 -0.51603544
vn -0.56992775 -0.22693513 -0.78973585
vn -0.84429467 -0.23228249 -0.48291937
vn -0.56911117 -0.36194116 -0.73831624
vn -0.84392506 -0.3140217 -0.43494907
vn -0.5680509 -0.48597753 -0.66418666
vn -0.8433145 -0.38640606 -0.37351146
vn -0.56683165 -0.59524524 -0.5695479
vn -0.84242064 -0.44736364 -0.30032173
vn -0.56558067 -0.68633854 -0.45722848
vn -0.84124905 -0.49505222 -0.21730883
vn -0.564481 -0.75632083 -0.3306657
vn -0.83986616 -0.5278019 -0.12668791
vn -0.5636804 -0.80289847 -0.19395438
vn -0.83849394 -0.5440212 -0.03112156
vn -0.56303614 -0.82480794 -0.051790394
vn -0.83729756 -0.5427419 0.06605926
vn -0.5618282 -0.82220376 0.09126921
vn -0.8362986 -0.52399725 0.16134237
vn -0.5594762 -0.79579103 0.23173933
vn -0.8354763 -0.48865494 0.251387
vn -0.55653167 -0.7457499 0.36623722
vn -0.83473635 -0.43833303 0.3332857
vn -0.55387104 -0.6727765 0.49050847
vn -0.8339736 -0.37499598 0.40480354
vn -0.5518796 -0.5788799 0.6002724
vn -0.83320075 -0.3006443 0.4641006
vn -0.55054647 -0.46705872 0.691921
vn -0.83247674 -0.21743383 0.50961256
vn -0.5497509 -0.34089014 0.7626059
vn -0.8318708 -0.12775171 0.540065
vn -0.54938734 -0.20432433 0.8102005
vn -0.83143485 -0.034207683 0.55456793
vn -0.54938406 -0.061572403 0.83329827
vn -0.8312018 0.06043204 0.5526766
vn -0.54969025 0.083 0.831235
vn -0.8311843 0.15333717 0.53443426
vn -0.5502836 0.22499198 0.8040935
vn -0.8313811 0.24171485 0.5003791
vn -0.55113524 0.36009103 0.752718
vn -0.8317861 0.32289293 0.45152187
vn -0.552228 0.48419383 0.67867553
vn -0.8323818 0.39441454 0.38932964
vn -0.5535302 0.59353656 0.58422476
vn -0.83314717 0.4541098 0.3156738
vn -0.5550202 0.68479675 0.47223487
vn -0.8340539 0.5001686 0.23277739
vn -0.5566513 0.75521094 0.34611523
vn -0.8350727 0.5311909 0.14314242
vn -0.55838704 0.80264014 0.20969647
vn -0.8361696 0.5462344 0.049478684
vn -0.56017923 0.8256472 0.06712547
vn -0.55369097 0.80289423 -0.22087821
vn -0.5519216 0.8302278 -0.078129835
vn -0.82732946 0.55974007 -0.047084145
vn -0.82852143 0.5413298 -0.14322767
vn -0.5554058 0.7511864 -0.3567119
vn -0.8296771 0.5065029 -0.23471373
vn -0.55701506 0.6766748 -0.48150304
vn -0.83075964 0.45631975 -0.31876394
vn -0.55846965 0.58162385 -0.59146035
vn -0.8317408 0.39229947 -0.39282078
vn -0.5597259 0.4689202 -0.68324286
vn -0.83258724 0.31639135 -0.45463702
vn -0.56074417 0.34199005 -0.75406134
vn -0.833272 0.23090304 -0.50233585
vn -0.5614956 0.20469004 -0.80176336
vn -0.8337781 0.13842875 -0.5344636
vn -0.56195486 0.061191704 -0.8249013
vn -0.8340891 0.041779358 -0.5500451
vn -0.5621079 -0.0841456 -0.82277215
vn -0.8341884 -0.056107484 -0.5486177
vn -0.5619548 -0.22690588 -0.7954372
vn -0.8340891 -0.15225786 -0.5302006
vn -0.561495 -0.3627496 -0.74373114
vn -0.8337775 -0.24375233 -0.49537826
vn -0.56074435 -0.4875509 -0.6692232
vn -0.83327335 -0.32780665 -0.4451944
vn -0.5597253 -0.5975181 -0.57417744
vn -0.83258575 -0.40187323 -0.38118064
vn -0.5584724 -0.68930817 -0.46147904
vn -0.83174425 -0.46369046 -0.30527452
vn -0.5570125 -0.760136 -0.3345601
vn -0.83075416 -0.5114062 -0.21979776
vn -0.5554082 -0.8078412 -0.19726737
vn -0.8296801 -0.5435249 -0.12732388
vn -0.55369323 -0.8309822 -0.053781137
vn -0.82852197 -0.55911493 -0.030684914
vn -0.55192125 -0.82885605 0.09154587
vn -0.8273323 -0.557679 0.06719528
vn -0.550155 -0.80152017 0.23429647
vn -0.82613885 -0.539272 0.16334043
vn -0.54843974 -0.7498128 0.37012804
vn -0.8249868 -0.5044417 0.25482365
vn -0.54682475 -0.67530453 0.49492076
vn -0.8238926 -0.45427018 0.3388797
vn -0.5453765 -0.5802497 0.6048758
vn -0.8229243 -0.39023727 0.41292894
vn -0.54411715 -0.46754825 0.69665986
vn -0.82207394 -0.31433594 0.47474957
vn -0.5430989 -0.3406185 0.767478
vn -0.8213889 -0.22884528 0.5224461
vn -0.54234844 -0.20331816 0.8151808
vn -0.8208821 -0.13637257 0.5545763
vn -0.54188913 -0.05981943 0.8383183
vn -0.8205745 -0.03972251 0.57015735
vn -0.5417327 0.08551785 0.83618915
vn -0.8204652 0.0581643 0.56872976
vn -0.54188913 0.22827742 0.80885434
vn -0.8205745 0.15431422 0.5503128
vn -0.5423493 0.36412147 0.7571478
vn -0.82088256 0.2458085 0.5154897
vn -0.5430986 0.48892322 0.68264025
vn -0.82138747 0.32986507 0.46530792
vn -0.5441176 0.5988902 0.5875938
vn -0.8220742 0.40392894 0.401292
vn -0.5453733 0.6906806 0.47489795
vn -0.8229205 0.4657507 0.3253889
vn -0.54682755 0.7615063 0.34797665
vn -0.82389814 0.5134553 0.2399069
vn -0.54843706 0.8092147 0.2106856
vn -0.8249835 0.5455861 0.14743795
vn -0.55015266 0.8323561 0.0671966
vn -0.8261384 0.5611729 0.050795756
vn 0.5637091 -0.79643345 0.21891978
vn 0.5619529 -0.8235472 0.07732369
vn 0.8373091 -0.5448383 0.045437783
vn 0.83846986 -0.52691853 0.13901418
vn 0.5654103 -0.7451426 0.35365736
vn 0.83959424 -0.493022 0.22805853
vn 0.567006 -0.67123264 0.47744194
vn 0.84064865 -0.4441776 0.30986434
vn 0.5684485 -0.57694876 0.586512
vn 0.8416021 -0.381868 0.38194576
vn 0.56969446 -0.46515507 0.67755353
vn 0.8424253 -0.30798697 0.44211248
vn 0.5707057 -0.33924878 0.7478001
vn 0.8430934 -0.22477892 0.48853636
vn 0.57145053 -0.20305629 0.7951177
vn 0.8435859 -0.13477327 0.5198066
vn 0.5719062 -0.06071588 0.81806886
vn 0.84388715 -0.040704507 0.5349742
vn 0.57205814 0.08344886 0.81595683
vn 0.84398746 0.054569896 0.53357965
vn 0.5719061 0.2250564 0.78884274
vn 0.8438872 0.14815396 0.51565945
vn 0.5714505 0.3598043 0.7375533
vn 0.8435858 0.23720518 0.48176393
vn 0.57070553 0.48359868 0.663647
vn 0.84309393 0.31901696 0.43292102
vn 0.5696933 0.5926796 0.56936824
vn 0.8424243 0.39110687 0.37061664
vn 0.56844825 0.6837294 0.4575813
vn 0.84160155 0.4512786 0.29673955
vn 0.5670045 0.753984 0.33168355
vn 0.84064734 0.49770832 0.21353763
vn 0.5654112 0.8013052 0.1954996
vn 0.83959603 0.5289775 0.1235362
vn 0.5637098 0.82425976 0.0531709
vn 0.83847153 0.5441474 0.029475465
vn 0.56195605 0.8221482 -0.09098311
vn 0.8373128 0.5427509 -0.06579099
vn 0.56020033 0.7950356 -0.23258111
vn 0.8361522 0.52483416 -0.1593686
vn 0.5584994 0.743745 -0.367317
vn 0.83502775 0.49093813 -0.24841146
vn 0.55689925 0.6698364 -0.4911032
vn 0.833969 0.44209743 -0.3302204
vn 0.5554569 0.5755514 -0.6001735
vn 0.83301604 0.3797867 -0.40230116
vn 0.55421084 0.4637579 -0.6912155
vn 0.8321928 0.3059055 -0.46246818
vn 0.5532024 0.3378514 -0.7614614
vn 0.83152676 0.2226969 -0.5088901
vn 0.5524574 0.20165947 -0.8087795
vn 0.8310339 0.13269167 -0.5401623
vn 0.5520023 0.05931881 -0.83172995
vn 0.8307333 0.038623035 -0.55532897
vn 0.55184734 -0.0848455 -0.82961774
vn 0.83063066 -0.056651156 -0.5539343
vn 0.5520023 -0.226453 -0.8025038
vn 0.83073336 -0.1502352 -0.5360142
vn 0.5524587 -0.361201 -0.7512144
vn 0.8310347 -0.23928642 -0.50211865
vn 0.5532026 -0.48499587 -0.6773078
vn 0.8315266 -0.3210988 -0.45327586
vn 0.55421215 -0.5940758 -0.5830289
vn 0.83219343 -0.3931871 -0.3909704
vn 0.5554571 -0.6851262 -0.47124234
vn 0.8330166 -0.45335937 -0.3170939
vn 0.5569005 -0.7553798 -0.34534487
vn 0.83397037 -0.49978787 -0.2338917
vn 0.55849785 -0.80270255 -0.20916171
vn 0.835026 -0.5310617 -0.14389215
vn 0.56019956 -0.82565737 -0.06683026
vn 0.8361506 -0.5462317 -0.049829468
vn -0.5619529 -0.8221502 0.09098421
vn -0.5601996 -0.7950362 0.23258069
vn -0.83615065 -0.52483666 0.15936887
vn -0.8373092 -0.54275644 0.06579214
vn -0.56370914 -0.8242603 -0.05316927
vn -0.83847 -0.5441498 -0.029474646
vn -0.5654104 -0.80130553 -0.19550052
vn -0.83959436 -0.5289799 -0.123537265
vn -0.56700605 -0.7539826 -0.33168414
vn -0.84064883 -0.49770603 -0.21353705
vn -0.56844854 -0.683729 -0.45758155
vn -0.84160227 -0.45127755 -0.29673907
vn -0.5696945 -0.59267896 -0.5693677
vn -0.84242547 -0.39110535 -0.3706153
vn -0.57070494 -0.48359963 -0.6636468
vn -0.8430932 -0.31901768 -0.43292177
vn -0.5714507 -0.35980418 -0.7375532
vn -0.8435861 -0.23720494 -0.48176348
vn -0.5719063 -0.22505617 -0.7888426
vn -0.8438874 -0.14815384 -0.51565933
vn -0.5720584 -0.08344889 -0.81595665
vn -0.8439877 -0.054569826 -0.5335793
vn -0.5719064 0.060715493 -0.81806874
vn -0.84388745 0.04070419 -0.5349738
vn -0.5714509 0.20305641 -0.7951174
vn -0.8435862 0.13477324 -0.519806
vn -0.5707059 0.33924857 -0.7478001
vn -0.84309435 0.22477835 -0.48853505
vn -0.5696944 0.4651548 -0.6775538
vn -0.84242475 0.30798733 -0.44211337
vn -0.56844866 0.57694834 -0.5865123
vn -0.8416019 0.381868 -0.38194618
vn -0.567005 0.67123383 -0.47744152
vn -0.84064776 0.44417888 -0.30986494
vn -0.56541187 0.7451419 -0.3536563
vn -0.8395965 0.49301904 -0.22805674
vn -0.5637098 0.7964326 -0.21892072
vn -0.83847195 0.5269153 -0.13901407
vn -0.56195635 0.82354486 -0.077322945
vn -0.83731323 0.54483217 -0.04543678
vn -0.56020015 0.8256568 0.06683207
vn -0.8361526 0.5462285 0.04983042
vn -0.5584997 0.80270165 0.20916046
vn -0.83502805 0.53105885 0.14389083
vn -0.5568997 0.7553807 0.3453442
vn -0.8339694 0.49978936 0.23389211
vn -0.55545723 0.6851262 0.47124222
vn -0.83301634 0.45335966 0.317094
vn -0.554212 0.5940758 0.5830291
vn -0.8321929 0.39318743 0.39097106
vn -0.5532027 0.48499557 0.67730796
vn -0.83152705 0.3210982 0.4532753
vn -0.5524589 0.3612014 0.751214
vn -0.83103496 0.23928651 0.5021182
vn -0.55200166 0.22645345 0.8025042
vn -0.83073264 0.15023573 0.53601503
vn -0.5518476 0.08484547 0.8296176
vn -0.8306309 0.056651104 0.55393386
vn -0.55200255 -0.059318516 0.8317298
vn -0.83073366 -0.03862273 0.55532855
vn -0.5524588 -0.20165916 0.80877846
vn -0.83103484 -0.13269168 0.5401608
vn -0.55320185 -0.33785215 0.7614614
vn -0.8315259 -0.22269748 0.50889134
vn -0.5542118 -0.46375772 0.69121486
vn -0.83219314 -0.3059053 0.46246773
vn -0.5554571 -0.5755518 0.6001729
vn -0.8330167 -0.3797862 0.40230018
vn -0.55690056 -0.6698357 0.4911027
vn -0.83397055 -0.44209573 0.33021867
vn -0.55849797 -0.74374557 0.36731818
vn -0.8350261 -0.4909402 0.24841303
vn 0.9756499 0.101317525 0.19452973
vn 0.9739016 0.056081332 0.21993229
vn 0.99913335 -0.02432704 -0.03377377
vn 0.9991499 -0.019475823 -0.0363316
vn 0.9367294 -0.091367535 -0.33791977
vn 0.9399099 0.020808227 -0.34078762
vn 0.3775092 0.14047761 -0.9152883
vn 0.38976482 -0.2097477 -0.8967102
vn -0.012095357 -0.24104136 -0.97043943
vn -0.011911267 0.12217654 -0.9924368
vn -0.99992526 0.001242814 0.012153937
vn -0.9498827 0.18808334 0.24969442
vn -0.9599238 0.16578609 0.22596692
vn -0.99992526 0.0012428352 0.0121539235
vn -0.9591805 0.00980778 -0.28262407
vn -0.99992526 0.0012428198 0.012153912
vn -0.99992526 0.001242816 0.012153914
vn -0.96566767 0.030950692 -0.25792977
vn -0.9574296 0.080131024 0.27732176
vn -0.96273476 0.12424213 0.24021956
vn -0.97040355 0.08149529 -0.22732192
vn -0.96625024 0.009708588 -0.2574218
vn -0.99992526 0.001242814 0.012153908
vn -0.99992526 0.0012428376 0.012153909
vn 0.010583833 0.5850268 0.81094486
vn 0.011446134 0.4430901 0.8964039
vn 0.39807603 0.41392228 0.8186597
vn 0.39486563 0.54990244 0.7359948
vn 0.93510765 0.15555218 0.31839767
vn 0.9999901 -0.0015080598 -0.0041452926
vn 0.99998254 -0.0036320686 -0.0046403306
vn 0.93806547 0.19855617 0.28391603
vn 0.9610891 0.016727844 -0.27573147
vn 0.965945 0.06719153 -0.2498706
vn 0.8519409 0.028144008 -0.522881
vn 0.8975359 0.05645403 -0.4373123
vn 0.98015773 0.08909711 -0.17706595
vn 0.9115335 0.06830917 -0.4055125
vn 0.78237414 0.14120124 0.60659105
vn 0.7825768 0.14155015 0.6062482
vn 0.9099832 0.15949848 0.38274097
vn 0.95451134 0.15554596 0.25438824
vn 0.37137282 -0.1068896 -0.92231053
vn 0.37136897 -0.106889874 -0.922312
vn -0.012216657 -0.11518195 -0.99326926
vn -0.012216655 -0.11518195 -0.99326926
vn -0.99992526 0.0012428444 0.01215406
vn -0.9594553 0.034754608 0.2797095
vn -0.96518815 0.03231889 0.2595518
vn -0.99992526 0.001242844 0.012154088
vn -0.9605459 -0.022513516 -0.27720827
vn -0.99992526 0.0012428375 0.012153912
vn -0.99992526 0.0012428368 0.012153911
vn -0.96072906 -0.02246094 -0.2765772
vn -0.95351744 0.08075252 0.2903161
vn -0.9537128 0.08058688 0.28971955
vn -0.96040535 -0.01991076 -0.27789345
vn -0.99992526 0.0012428431 0.012153914
vn -0.99992526 0.0012428381 0.012153919
vn -0.96044856 -0.019899666 -0.2777451
vn 0.012216437 0.11303086 0.9935163
vn 0.012216321 0.11303099 0.9935163
vn 0.3939435 0.103951275 0.9132374
vn 0.3939369 0.10395156 0.9132402
vn 0.92848366 0.04210772 0.36897805
vn 0.92848635 0.04210658 0.36897132
vn 0.99999326 0.0005723558 -0.0036005704
vn 0.99999565 -0.0008888075 -0.0027679075
vn 0.95766944 0.011924228 -0.28762293
vn 0.9578555 0.012539292 -0.28697643
vn 0.37451717 0.90528256 -0.20050064
vn -0.0013609312 0.9772905 -0.21189949
vn 0.91913736 -0.045225866 -0.39133206
vn 0.99992526 -0.0012428358 -0.012154069
vn 0.99992526 -0.0012428286 -0.012154061
vn 0.91913575 -0.045226414 -0.3913359
vn -0.008831219 -0.7609759 -0.64871997
vn -0.010393478 -0.60945654 -0.7927512
vn 0.3637212 -0.54552704 -0.7550543
vn 0.3727222 -0.70409703 -0.60442156
vn -0.99992526 0.0012428518 0.012154237
vn -0.99992526 0.00124287 0.012154184
vn 0.3682398 0.6435465 -0.6710048
vn -0.007876911 0.6948815 -0.7190811
vn -0.009547696 0.54122794 -0.8408217
vn 0.36667812 0.50114316 -0.7838384
vn 0.36547723 0.3394551 -0.8667159
vn -0.0108515555 0.3667698 -0.93024844
vn -0.011738334 0.17821795 -0.983921
vn 0.36464888 0.16470471 -0.9164624
vn 0.3721019 0.8495829 -0.37383035
vn -0.0037029877 0.91719073 -0.39843145
vn -0.0059034233 0.8218272 -0.5697064
vn 0.37006873 0.76119876 -0.5325652
vn -0.012174003 -0.017220154 -0.99977756
vn 0.3642509 -0.01642597 -0.931156
vn -0.009942298 -0.66096735 -0.7503488
vn 0.36500296 -0.61339843 -0.7003678
vn 0.36369658 -0.42822325 -0.8272542
vn -0.011357324 -0.4612819 -0.88718086
vn 0.3629957 -0.21798553 -0.905934
vn -0.012106818 -0.23456684 -0.9720245
vn 0.9977808 0.014526103 -0.06497911
vn 0.9995416 -0.024122762 -0.018289795
vn 0.96602714 0.03983494 0.25535187
vn 0.97293645 0.15827045 0.16835946
vn 0.999736 0.022178879 -0.0059715672
vn 0.9348912 -0.22468248 -0.27476522
vn -0.99992526 0.0012428585 0.012154
vn -0.97564584 0.13836657 0.17020464
vn -0.95258266 0.22318397 0.20682114
vn -0.9644406 -0.0033654526 -0.26427782
vn -0.99992526 0.0012428566 0.01215391
vn -0.95249856 0.07481234 0.29521075
vn -0.9601931 -0.021143988 -0.27853528
vn -0.99992526 0.0012428566 0.01215391
vn 0.012083544 0.24730992 0.96886104
vn 0.40551686 0.21630883 0.8881252
vn 0.9410613 0.093077615 0.32517678
vn 0.99999404 -0.00060050737 -0.003356494
vn 0.9564874 0.0054510753 -0.2917224
vn -0.9017394 0.21692732 -0.37390968
vn -0.9282037 0.22639056 -0.29527113
vn -0.99992657 0.0013920058 0.01202988
vn -0.9999255 0.0015856966 0.012094512
vn -0.90324926 0.26082698 -0.34074906
vn -0.9091923 0.3725344 -0.18597643
vn -0.99992526 0.0012428566 0.01215391
vn -0.99992526 0.0012428566 0.01215391
vn -0.99992526 0.0012428566 0.01215391
vn -0.99992526 0.0012428566 0.01215391
vn -0.96138555 -0.025582854 -0.27401298
vn -0.87816435 -0.054484934 -0.47524568
vn 0.37169835 0.19187234 0.90830886
vn 0.3939155 0.10421971 0.9132189
vn 0.01221646 0.113320075 0.9934833
vn 0.012127663 0.22125572 0.97514033
vn 0.88629025 0.27241462 0.37453917
vn 0.99999833 -0.00023952381 -0.0017518459
vn 0.9284608 0.042224623 0.36902222
vn 0.90181714 0.14314331 0.40772027
vn 0.9153021 0.26364052 0.30449218
vn 0.9192092 0.2881901 0.2683295
vn 0.99995595 -0.0006134637 0.009348157
vn 0.9999612 0.00017843465 0.008790193
vn -0.578096 0.6012541 -0.5516324
vn -0.70648664 0.4942641 -0.5065368
vn -0.7298789 0.6641136 0.16195634
vn -0.56890935 0.79288715 0.21833938
vn -0.5822825 0.112442255 -0.8051731
vn -0.64598066 0.0987191 -0.7569434
vn -0.47437197 0.05652218 -0.87850803
vn -0.64376366 0.02038069 -0.7649529
vn -0.45793793 -0.014539346 -0.88886523
vn -0.65520805 -0.0072082398 -0.75541395
vn -0.47877672 -0.07360703 -0.8748456
vn -0.49832922 -0.07273534 -0.8639313
vn -0.6449487 -0.06218841 -0.7616913
vn -0.6464598 -0.062080875 -0.760418
vn -0.35092098 0.027429577 -0.9360032
vn -0.5930913 0.024214406 -0.8047709
vn -0.6449934 -0.07427508 -0.7605699
vn -0.5159967 -0.083344445 -0.8525262
vn -0.5772972 0.11830071 0.8079187
vn -0.7207027 0.09064824 0.68729216
vn -0.6754378 0.09600391 0.7311407
vn -0.5249126 0.1230112 0.84222025
vn -0.4952687 0.6052988 0.62315506
vn -0.6383604 0.56687015 0.52072465
vn -0.75092566 0.4301263 0.5011007
vn -0.58046925 0.5197051 0.6268668
vn -0.4646847 0.5437002 0.6988978
vn -0.6492072 0.46401966 0.6026737
vn -0.62501276 0.47585377 0.61880696
vn -0.48363465 0.5341655 0.69337195
vn -0.71363217 0.6195468 -0.32694155
vn -0.7234359 0.60605645 -0.33065993
vn -0.6926111 0.64393294 0.32502326
vn -0.7052698 0.6389819 0.30707726
vn -0.6857797 0.2737273 -0.6743733
vn -0.6654297 0.26126704 -0.69924426
vn -0.5288635 0.027743991 -0.84825313
vn -0.6560981 0.02531363 -0.7542509
vn -0.54004174 -0.06649162 -0.8390075
vn -0.64406794 -0.059832197 -0.76262474
vn -0.544194 -0.061369076 -0.83671165
vn -0.5474136 -0.061164215 -0.8346239
vn -0.6437369 -0.055355296 -0.7632421
vn -0.6440935 -0.055333324 -0.76294273
vn -0.5903289 -0.09180747 -0.8019246
vn -0.4848409 -0.09945406 -0.86892927
vn -0.64529675 -0.07103384 -0.7606222
vn -0.54874676 -0.077966474 -0.8323449
vn -0.62711126 0.15430492 0.7634928
vn -0.63340265 0.14864315 0.75941163
vn -0.55784893 0.36067346 0.74747515
vn -0.3852609 0.39774033 0.8326924
vn -0.63666016 0.20934106 0.7421859
vn -0.63240635 0.2113446 0.74524856
vn -0.6275295 0.21263544 0.74899435
vn -0.6260184 0.2129691 0.75016326
vn -0.6198916 0.22558397 0.75156236
vn -0.6327206 0.22677587 0.7404303
vn -0.6263727 0.19192073 0.75552857
vn -0.63201886 0.19212922 0.7507585
vn -0.6669011 0.3833938 0.638946
vn -0.64098173 0.3890945 0.6616252
vn -0.96928924 0.07284874 -0.23488542
vn -0.8665146 -0.043793045 -0.49722666
vn -0.9305496 0.27927122 0.23682234
vn -0.99376374 -0.0018982078 -0.111489765
vn -0.8638359 0.2991171 0.40535966
vn -0.9901631 0.031164872 0.1364023
vn -0.9094696 0.07563582 0.40883255
vn -0.7174678 0.37803754 0.58508754
vn -0.8578298 -0.03215997 -0.51292634
vn -0.8628826 -0.03162707 -0.5044136
vn -0.99258167 0.009783201 -0.121184595
vn -0.99292827 0.00929789 -0.11835077
vn -0.9883731 0.054559365 0.14192067
vn -0.9901297 0.05082323 0.13061349
vn -0.9057476 0.116923995 0.40736946
vn -0.9127599 0.11126776 0.39305034
vn -0.96994966 0.17940517 0.16435075
vn -0.9848176 0.07746762 0.15534732
vn -0.9917228 0.04599564 -0.119875
vn -0.98350435 0.15551125 -0.09238572
vn -0.86744505 0.10076507 -0.48722205
vn -0.8597629 -0.013090827 -0.51052535
vn -0.8992927 0.115690365 0.421768
vn -0.89412194 0.17782378 0.4110042
vn -0.7434025 0.13098042 -0.6558939
vn -0.57995343 0.034263536 -0.8139286
vn -0.7280272 -0.072597206 -0.6816933
vn -0.90103203 -0.049423784 -0.4309274
vn -0.9016124 -0.049753685 -0.42967364
vn -0.645521 -0.07519831 -0.76003134
vn -0.8659599 -0.0553397 -0.49704206
vn -0.8883742 -0.047569323 -0.45664883
vn -0.69312155 -0.0674478 -0.7176581
vn -0.8397531 0.09038069 0.5353932
vn -0.8354688 0.09135644 0.54189074
vn -0.68750554 0.11394502 0.71718365
vn -0.6744318 0.11558412 0.7292337
vn -0.99273497 -0.0065073506 -0.12014497
vn -0.99256355 -0.00670002 -0.12154193
vn -0.97367483 0.044383883 0.22357835
vn -0.9745817 0.043912835 0.21968587
vn -0.7302881 0.13901477 -0.66884536
vn -0.8712887 0.374642 -0.317016
vn -0.813677 0.5328023 0.23248929
vn -0.9177764 0.2544526 -0.30486074
vn -0.98454875 0.115086876 -0.13197935
vn -0.8238936 0.027301285 -0.5660864
vn -0.6417209 0.17839135 -0.7459026
vn -0.5684504 -0.018325366 -0.8225134
vn -0.79439884 0.30473036 0.5254233
vn -0.6697167 0.3829986 0.6362322
vn -0.8380761 0.42959017 0.33627427
vn -0.45322248 0.6913733 0.56266534
vn -0.9606181 0.19253571 0.20035656
vn -0.97854185 0.07056853 0.1935864
vn -0.61335814 0.22930843 0.7557838
vn -0.7785164 0.19010471 0.5981405
vn 0.9999137 -0.0059868162 -0.011684537
vn 0.97713816 0.21238856 -0.009583958
vn 0.7134388 0.6776699 0.17823681
vn 0.7218304 0.6678554 0.18146613
vn 0.69698155 0.5522256 -0.45745304
vn 0.7050896 0.55313003 -0.44372925
vn 0.68567574 0.4194344 0.5949146
vn 0.6713827 0.40384302 0.6214144
vn 0.5288264 0.21913162 0.81995344
vn 0.664946 0.19450401 0.72112066
vn 0.54003286 0.12525144 0.8322718
vn 0.6492834 0.11416628 0.75192887
vn 0.5441836 0.1297227 0.8288764
vn 0.5474033 0.12945089 0.82679623
vn 0.65034765 0.118116245 0.7503975
vn 0.6504665 0.11810449 0.75029624
vn 0.69037443 0.35959545 0.62775314
vn 0.623857 0.30437997 0.71982986
vn 0.6512502 0.10088961 0.7521266
vn 0.54858327 0.11148722 0.82862943
vn 0.6275917 -0.021475611 -0.77824616
vn 0.63716733 -0.022606585 -0.7703938
vn 0.65976155 0.17235766 -0.7314421
vn 0.51741207 0.25182974 -0.81784254
vn 0.6366229 0.03615156 -0.7703273
vn 0.63236886 0.03740891 -0.7737634
vn 0.63115716 0.037657898 -0.77474016
vn 0.6299413 0.037713245 -0.77572644
vn 0.61984974 0.049846966 -0.78313565
vn 0.63636816 0.051229056 -0.76968235
vn 0.6296399 0.016866941 -0.77670395
vn 0.63198715 0.01744488 -0.77478236
vn 0.6668088 0.22906078 -0.7091523
vn 0.646703 0.22230901 -0.72962576
vn 0.94104314 0.31147003 0.13200042
vn 0.8668036 0.06850585 0.4939213
vn 0.93489087 0.23282576 -0.26790106
vn 0.99370724 0.022732524 0.10967689
vn 0.85467094 0.17723705 -0.48797995
vn 0.9901857 0.000049266964 -0.13975699
vn 0.90929836 -0.01881396 -0.41571885
vn 0.6910818 0.19179398 -0.69686496
vn 0.8578219 0.0849983 0.5068695
vn 0.86287487 0.083592586 0.4984566
vn 0.99257463 0.037246715 0.11579324
vn 0.9929214 0.03613288 0.11314267
vn 0.9883617 0.02132241 -0.1506193
vn 0.990119 0.020242378 -0.13876002
vn 0.90572685 0.021976827 -0.42329153
vn 0.9127404 0.019709565 -0.40806398
vn 0.9699019 0.13784914 -0.20071782
vn 0.9847999 0.040597305 -0.16888124
vn 0.99170506 0.07222309 0.10632327
vn 0.98345506 0.17267506 0.05476538
vn 0.8673987 0.20866156 0.4517518
vn 0.85974956 0.10303017 0.50021523
vn 0.8992726 0.01751498 -0.4370376
vn 0.89408314 0.08047119 -0.4406127
vn 0.9720067 0.19313782 0.1337932
vn -0.92886144 0.22249728 -0.29616073
vn -0.93390024 0.20182598 -0.295121
vn -0.99992526 0.0012428566 0.01215391
vn -0.99992526 0.0012428566 0.01215391
vn -0.9611606 -0.026630184 -0.27470154
vn -0.8661608 0.1745142 -0.46830553
vn -0.8766131 0.45270342 0.16312252
vn -0.95791644 0.054156847 0.28189167
vn -0.29502994 0.32574937 -0.8982454
vn 0.5764551 0.79530966 -0.18756887
vn 0.33831194 0.5190958 -0.7849105
vn -0.36290783 0.5145235 -0.77689344
vn 0.29836008 0.5540088 -0.7772101
vn -0.39596424 0.5565947 -0.7303524
vn 0.3687742 0.53593343 -0.7594609
vn -0.3917068 0.5322467 -0.7505193
vn 0.3023929 0.45611468 -0.83696944
vn -0.3958153 0.48459068 -0.7800655
vn -0.39307755 0.62672067 -0.6728381
vn 0.24038218 0.58584946 -0.7739488
vn -0.37708774 0.83985233 -0.39045206
vn 0.18265188 0.8111225 -0.5556245
vn -0.32310492 0.8962394 0.3039048
vn 0.40941617 0.80390126 -0.43141764
vn 0.9033933 0.4161856 0.10329481
vn 0.90209836 0.36875942 -0.22413152
vn 0.962528 -0.012056543 -0.27091393
vn 0.99995613 -0.0004997689 0.009338734
vn 0.90669745 0.35008043 0.23525149
vn 0.9999561 -0.0005367358 0.009339721
vn 0.9999593 0.0006920597 0.008980084
vn 0.9240004 0.30059794 0.23635532
vn 0.99995935 0.0006491364 0.008979071
vn 0.9370531 0.2563083 0.23714404
vn 0.008201003 0.8043664 0.594077
vn 0.38873023 0.7319069 0.5596438
vn -0.25548342 0.7037623 0.6629078
vn 0.38783848 0.6441099 0.65932053
vn -0.3697475 0.6462143 0.66760296
vn 0.3907473 0.6314984 0.66972107
vn 0.38950104 0.6896687 0.6104474
vn -0.320488 0.678091 0.6614227
vn 0.38968623 0.80347896 0.4500736
vn -0.24674031 0.800611 0.546023
vn 0.36808953 0.9188957 0.14191811
vn -0.14120486 0.9422608 0.30365407
vn 0.9676501 0.033750314 0.250028
vn 0.6904686 0.31033584 -0.65341
vn -0.039795533 0.1158098 -0.99247384
vn 0.99909335 -0.006548071 -0.042064637
vn 0.9274037 0.19966093 -0.31631902
vn 0.99918914 -0.0042994493 -0.040029053
vn 0.99909323 -0.0066190152 -0.04205706
vn -0.08847576 0.29960844 -0.94995093
vn 0.4496893 0.66618043 -0.5949648
vn -0.23684117 0.2650537 -0.934694
vn 0.36784917 0.49580854 -0.78667706
vn 0.97677875 0.04976744 0.20838948
vn 0.97681135 0.049440473 0.20831457
vn 0.7399824 -0.0031197993 -0.6726188
vn 0.73526776 0.062586755 -0.67488086
vn 0.7688164 0.050630115 -0.63746196
vn 0.7723052 -0.025304787 -0.6347473
vn 0.96794534 -0.016268022 -0.25063297
vn 0.96837217 0.012206328 -0.24921101
vn 0.96716356 0.040131733 0.25096577
vn 0.9673331 0.039883655 0.25035146
vn 0.74196726 -0.04825393 -0.6686972
vn 0.87125975 -0.0065338123 -0.4907786
vn -0.0984649 -0.37865186 -0.9202865
vn 0.9779815 0.0015210183 -0.20868574
vn 0.97721446 0.11760228 0.17669608
vn 0.953858 0.29913455 0.02594738
vn 0.7047332 0.46051228 0.539703
vn -0.99992526 0.0012428447 0.012154034
vn -0.9391579 0.04231641 0.3408688
vn -0.0043805316 0.97147125 0.23711707
vn 0.9099624 -0.269206 -0.31543034
vn 0.9185581 -0.295725 -0.26229295
vn 0.9090843 -0.09627038 -0.4053364
vn 0.9093912 -0.18821642 -0.37092033
vn 0.91140217 0.14614533 -0.38469136
vn 0.9110429 0.07043049 -0.40625128
vn 0.9108689 -0.008053924 -0.4126171
vn 0.9125997 0.27790064 -0.29988816
vn 0.91192144 0.21620747 -0.3487885
vn 0.91427225 0.36717942 -0.17112975
vn 0.9133914 0.3288784 -0.23990627
vn 0.92833257 0.3079211 0.20828618
vn 0.91510665 0.39167586 -0.09575882
vn -0.99992526 0.0012428068 0.012154198
vn -0.99992526 0.0012413792 0.0121543845
vn -0.99992526 0.0012428205 0.012154218
vn -0.99992526 0.0012410478 0.012155446
vn -0.99992526 0.0012429428 0.0121540325
vn -0.99992526 0.0012423004 0.0121549945
vn -0.99992526 0.0012428615 0.012154202
vn -0.99992526 0.0012427606 0.012155092
vn -0.99992526 0.0012428806 0.012154323
vn -0.99992526 0.0012433913 0.012155339
vn -0.99992526 0.0012428659 0.012154322
vn -0.99992526 0.0012442664 0.012155437
vn -0.50317365 0.109877944 0.8571715
vn -0.47706547 0.11245689 0.8716432
vn -0.6685272 0.098109834 0.7371876
vn -0.8483188 0.075783834 0.52403414
vn -0.9762405 0.035478268 0.21376544
vn -0.9929422 -0.0092042 -0.11824075
vn 0.8602013 0.08996937 -0.5019553
vn 0.8619197 0.09426665 -0.49820492
vn 0.6965931 -0.07613296 -0.7134156
vn 0.56836367 -0.08288114 -0.81859225
vn 0.9990926 -0.006656354 -0.04206528
vn 0.95702803 -0.0319866 -0.2882258
vn 0.9990926 -0.0066506304 -0.04206597
vn 0.22838715 0.044919223 -0.9725335
vn -0.12113951 0.23487464 -0.96444744
vn -0.01221642 -0.11359614 -0.99345183
vn 0.44956306 0.10959528 -0.8864997
vn 0.91628015 -0.011650603 -0.40036824
vn 0.9990923 -0.0046343342 -0.042343065
vn -0.7052716 0.08044621 0.70435804
vn -0.89132524 0.051380694 0.45044318
vn -0.86916155 -0.072225645 -0.48922533
vn -0.9552419 -0.27102497 -0.118566744
vn -0.94575244 0.27960512 -0.16544831
vn -0.86804396 0.21984994 -0.44515786
vn -0.99310327 -0.013666452 -0.11644309
vn -0.8441121 -0.18371248 -0.5037106
vn -0.935766 -0.2714676 0.22504938
vn -0.9234468 0.35895887 0.13562563
vn -0.5080819 0.09778775 0.8557396
vn 0.6707322 0.065800235 -0.7387749
vn 0.6977489 0.1369791 -0.70312387
vn 0.58405674 0.12228997 -0.8024479
vn 0.478564 0.1058668 -0.87164706
vn 0.6334655 0.043139886 -0.77256733
vn 0.9143207 0.22347991 -0.33774862
vn 0.9215593 -0.2072042 -0.32832095
vn 0.91395056 -0.07161203 -0.399457
vn 0.9991977 -0.004356523 -0.0398089
vn 0.9992077 -0.0043244855 -0.03956132
vn 0.91332006 0.22240753 -0.3411467
vn 0.9395963 -0.0905186 -0.33009833
vn -0.29358557 0.44431424 -0.84639955
vn 0.36785522 0.5496263 -0.7500623
vn -0.33482367 0.5385489 -0.7732128
vn 0.36840034 0.5484335 -0.75066763
vn -0.3772068 0.5736662 -0.72706395
vn 0.36458287 0.5082941 -0.78020275
vn 0.29058754 0.4576247 -0.84032047
vn -0.38413927 0.61893606 -0.6850949
vn 0.99909407 -0.004639937 -0.042300764
vn 0.9228891 -0.1070804 -0.36987713
vn -0.659776 0.70466805 0.2610338
vn -0.99343306 0.012854382 0.11368955
vn -0.99253607 -0.014008047 -0.12114334
vn -0.9991614 0.004501511 0.040694736
vn 0.99908876 -0.004642002 -0.042425957
vn -0.9991614 0.004501953 0.040693797
vn 0.22190276 -0.23411188 -0.94654673
vn 0.22405899 0.01618504 -0.9744412
vn -0.30723172 0.03965348 -0.9508081
vn -0.30658737 -0.26645106 -0.9137876
vn 0.9134851 0.20759897 -0.3499248
vn 0.82829094 0.13883093 -0.54282576
vn 0.812885 -0.19088174 -0.55025625
vn -0.7063049 0.08033315 0.7033348
vn -0.7976441 0.42813897 0.42480677
vn -0.9242375 0.3499533 0.15270074
vn -0.89236444 0.051145766 0.44840786
vn -0.5092387 0.09771074 0.85506046
vn -0.5873036 0.46670374 0.661258
vn 0.6724686 -0.29579967 -0.6784456
vn 0.6505985 0.10284011 -0.7524262
vn 0.5360586 0.094646744 -0.8388582
vn 0.57381904 -0.30335927 -0.76072645
vn 0.59079605 -0.30612493 -0.74649
vn 0.61600375 0.106256284 -0.7805438
vn 0.5001325 -0.30091265 -0.8119846
vn 0.5718779 0.10027741 -0.81418663
vn -0.74324 -0.58183616 0.3302436
vn -0.71845406 0.6426696 0.26608148
vn -0.993433 0.012850842 0.11369064
vn -0.9480212 0.2657898 -0.17496152
vn -0.83285636 0.08562738 -0.54682535
vn 0.8871502 0.09066234 -0.4524871
vn 0.17096238 -0.2192363 -0.9605764
vn 0.14163724 0.0288277 -0.9894987
vn -0.31705824 0.03231256 -0.94785535
vn -0.31030372 -0.23473935 -0.9211996
vn 0.99907523 -0.0046691783 -0.042739037
vn 0.95352954 -0.030393772 -0.2997624
vn 0.84348375 -0.24035773 -0.4803783
vn 0.9118825 -0.25813589 -0.31911734
vn -0.80846655 -0.266671 0.5246601
vn -0.7092898 0.0799841 0.7003645
vn -0.8969593 0.050098088 0.43926525
vn -0.9369384 -0.27040032 0.22142683
vn -0.5644994 -0.1640473 0.80896765
vn -0.51223373 0.09749608 0.8532942
vn 0.60221034 0.08288438 -0.7940231
vn 0.4478414 0.031230705 -0.89356726
vn 0.45776194 -0.2715996 -0.8465739
vn 0.6142128 -0.26030537 -0.7449722
vn 0.65926737 0.09856598 -0.74542004
vn 0.62655836 -0.2674976 -0.73203105
vn 0.69157356 0.107313715 -0.7142895
vn 0.6026127 -0.26580474 -0.7524663
vn -0.36722237 0.1013427 0.92459565
vn -0.80042624 0.48070705 0.35810384
vn -0.95495397 -0.26986277 -0.12343758
vn -0.9948545 0.01135676 0.10067443
vn 0.9991131 -0.0047454596 -0.04183835
vn 0.9203119 -0.085053094 -0.38182673
vn -0.9950788 0.01122792 0.098447494
vn 0.11107819 -0.39460087 -0.9121139
vn 0.10597431 0.21494302 -0.9708598
vn -0.15948533 0.21012314 -0.9645789
vn -0.16027196 -0.39241543 -0.9057168
vn 0.91624326 0.03948344 -0.39867175
vn 0.86965555 0.16675223 -0.4646426
vn -0.71083975 0.07981492 0.6988106
vn -0.7955104 0.43520406 0.42161644
vn -0.92228913 0.35475326 0.15340376
vn -0.89805967 0.05031259 0.4369865
vn -0.51379603 0.09740066 0.8523653
vn -0.5870508 0.47841588 0.65306157
vn 0.582117 0.086843416 -0.80845404
vn 0.40222287 0.01876357 -0.91534936
vn 0.41023237 -0.21700534 -0.8857867
vn 0.5813554 -0.26356393 -0.76977915
vn 0.68147194 0.1096894 -0.7235774
vn 0.6664974 -0.2688722 -0.6953336
vn 0.7335174 0.12478052 -0.6681181
vn 0.7085513 -0.2653097 -0.65388507
vn -0.79233474 -0.54138273 0.2812653
vn -0.7126764 0.6470794 0.27088824
vn -0.94818896 0.26868963 -0.16953848
vn -0.4682149 0.43380508 -0.7697973
vn 0.18283871 0.2640908 -0.9470089
vn 0.87331593 0.17676051 -0.45395455
vn 0.8771558 -0.24383634 -0.41369244
vn -0.9905967 -0.015014872 -0.13598719
vn 0.74169314 -0.25695363 -0.6195692
vn 0.7611384 0.12509322 -0.6364117
vn 0.60383755 -0.06888445 -0.7941254
vn -0.46335602 0.5841288 -0.66640425
vn -0.3375799 0.46322325 -0.819429
vn -0.36846837 0.85258377 -0.3705834
vn -0.38038796 0.7010918 -0.6031378
vn -0.30835095 0.76051533 -0.57143337
vn 0.20447904 0.42240962 -0.88303936
vn 0.24906792 0.4465289 -0.85940504
vn -0.39199305 0.6213749 -0.67840594
vn 0.2728214 0.4572131 -0.8464778
vn -0.37494162 0.55156857 -0.7451113
vn 0.36169517 0.4942201 -0.7905208
vn 0.1954959 0.32193905 -0.92635655
vn -0.105319366 -0.012563735 -0.994359
vn 0.20801021 -0.5087185 -0.8354264
vn -0.37313065 -0.6462423 -0.66569084
vn 0.34671366 -0.6020969 -0.719214
vn -0.38531372 -0.698031 -0.60356104
vn 0.27182668 -0.58401173 -0.76487947
vn -0.42776763 -0.43787318 -0.79074764
vn 0.18219452 -0.37589368 -0.9085752
vn -0.3289037 -0.5944554 -0.73378813
vn -0.5149765 -0.700467 -0.4941103
vn -0.15199378 -0.71649444 -0.68083286
vn 0.20347032 -0.57475334 -0.79262745
vn -0.009624563 -0.6928985 -0.7209708
vn -0.009624735 -0.6928988 -0.7209706
vn 0.23961678 -0.5908405 -0.77038383
vn -0.009623768 -0.69289565 -0.7209737
vn 0.25701752 -0.595068 -0.7614696
vn -0.009623093 -0.6928951 -0.7209741
vn 0.54166454 -0.3566194 -0.76119775
vn -0.03566406 -0.11289699 -0.99296635
vn -0.034722045 -0.1121129 -0.9930886
vn -0.26811102 -0.10909333 -0.95719117
vn -0.26972517 -0.109455295 -0.9566963
vn 0.2483702 0.42328027 -0.8712898
vn 0.7152379 0.103265226 -0.69120973
vn -0.009570818 0.5388422 -0.8423524
vn -0.009571003 0.53884524 -0.8423504
vn 0.23753972 0.41941512 -0.87616533
vn -0.009570132 0.5388441 -0.84235114
vn 0.21315952 0.40317166 -0.8899526
vn -0.00957212 0.5388362 -0.84235615
vn -0.2416008 0.58889645 -0.77125216
vn -0.4687827 0.55318147 -0.6886458
vn -0.3349105 0.43268606 -0.837029
vn 0.13710883 0.3355997 -0.93197316
vn -0.1407929 0.35686037 -0.92348677
vn -0.2640334 -0.22336096 -0.9382942
vn -0.24400699 0.23078716 -0.9419119
vn 0.21934539 0.23646858 -0.946557
vn 0.31328616 -0.26925927 -0.91068715
vn -0.26516744 -0.557992 -0.7863403
vn 0.3522276 -0.49563637 -0.7939019
vn 0.3679694 -0.6187598 -0.6940712
vn -0.37553456 -0.64205956 -0.66838104
vn 0.32113487 -0.58283097 -0.7464452
vn -0.38712004 -0.69280887 -0.6084027
vn 0.21228641 -0.57196563 -0.7923317
vn -0.36844164 -0.753231 -0.5448796
vn 0.22085789 -0.5751853 -0.7876443
vn -0.26448935 -0.79108286 -0.5515734
vn 0.22478263 -0.56692874 -0.7925052
vn 0.073478386 -0.47444087 -0.8772153
vn -0.48271152 -0.8656031 0.13311997
vn -0.009809163 -0.6746911 -0.7380351
vn -0.4638891 0.57575554 -0.6732847
vn -0.33823717 0.46277818 -0.8194095
vn -0.19818972 0.36692846 -0.9088918
vn -0.37385932 0.8475073 -0.37677658
vn -0.37856868 0.69082266 -0.615995
vn -0.30549434 0.7491084 -0.58780086
vn 0.23482421 0.43550113 -0.86902034
vn 0.21925676 0.43994546 -0.87084687
vn -0.39135942 0.6118018 -0.6874128
vn 0.20240724 0.4330646 -0.878343
vn -0.3784905 0.54422563 -0.74870783
vn 0.33672768 0.46531573 -0.8185937
vn 0.36849746 0.5131689 -0.77515626
vn -0.21405104 0.5526651 -0.805446
vn -0.23534442 -0.5725811 -0.78534305
vn -0.33539778 -0.65226656 -0.6797474
vn -0.50813615 -0.7573553 -0.41013488
vn -0.15036383 -0.7844919 -0.60163367
vn 0.24465728 -0.6516088 -0.7180172
vn -0.008850663 -0.75947404 -0.65047735
vn -0.0088517 -0.7594735 -0.65047807
vn 0.2070898 -0.65609634 -0.7257075
vn -0.008851223 -0.75947267 -0.650479
vn 0.17375793 -0.6475471 -0.74195075
vn -0.021478096 -0.6363375 -0.7711116
vn 0.16188522 -0.48895547 -0.8571556
vn 0.36295617 0.035041254 -0.93114704
vn 0.33993337 -0.2604436 -0.9036672
vn -0.04739279 -0.29664776 -0.9538102
vn -0.048729885 0.08080515 -0.99553794
vn 0.16766368 0.47540936 -0.8636404
vn 0.13180119 0.28103846 -0.95060277
vn -0.022051519 0.46251133 -0.88633907
vn -0.008860602 0.611198 -0.79142815
vn 0.20662382 0.48861188 -0.84768206
vn -0.00886012 0.6111991 -0.7914273
vn 0.25399783 0.49376136 -0.8316758
vn -0.008859845 0.6111978 -0.7914283
vn 0.23194702 0.39518404 -0.8888364
vn -0.024747776 0.34829268 -0.93705904
vn -0.98317254 -0.020895245 -0.1814798
vn -0.9831757 -0.020893514 -0.1814631
vn -0.98317564 -0.02089354 -0.18146335
vn -0.98317254 -0.02089525 -0.18147987
vn -0.87578994 0.054709993 0.47958165
vn -0.8757778 0.05471223 0.47960368
vn -0.8757779 0.054712195 0.47960335
vn -0.87579 0.054709982 0.47958153
vn -0.519668 0.19033372 -0.8328974
vn -0.52181816 -0.3513579 -0.7773373
vn -0.22147001 -0.50249594 -0.83573246
vn -0.32786807 -0.5792845 -0.7462787
vn -0.17126206 -0.65182024 -0.7387825
vn -0.983168 -0.020898098 -0.18150397
vn -0.9831702 -0.020896897 -0.1814924
vn -0.98317015 -0.020896912 -0.18149257
vn -0.983168 -0.020898104 -0.18150403
vn -0.98317695 -0.020892093 -0.18145615
vn -0.9831779 -0.020892188 -0.18145098
vn -0.9831778 -0.02089217 -0.18145195
vn -0.98317695 -0.020892091 -0.18145646
vn -0.8758085 0.05470603 0.47954834
vn -0.8757985 0.054707903 0.47956622
vn -0.8757986 0.054707885 0.47956604
vn -0.8758085 0.054706026 0.47954828
vn -0.8757759 0.054714102 0.47960684
vn -0.87576854 0.054714266 0.47962025
vn -0.87576944 0.054714248 0.4796186
vn -0.8757762 0.0547141 0.47960636
vn -0.55187094 0.19453831 -0.81092125
vn -0.54020905 -0.38880354 -0.74632823
vn -0.48398307 -0.21477965 -0.8483101
vn -0.48574635 0.026618214 -0.8736943
vn -0.53719836 0.20166989 -0.8189914
vn -0.5234564 -0.36001232 -0.7722593
vn 0.096178226 -0.5278478 -0.84387565
vn 0.09155139 0.30427152 -0.94817555
vn 0.62746733 -0.32978812 -0.7053541
vn 0.62746733 -0.32978812 -0.7053541
vn 0.62746733 -0.32978815 -0.70535415
vn 0.5680973 -0.49373484 0.65840054
vn 0.5680973 -0.4937348 0.6584006
vn 0.5680973 -0.49373484 0.65840054
vn -0.8742478 0.37478986 0.30858243
vn -0.7980673 0.40051118 0.45019916
vn -0.6046133 0.42075247 0.67632097
vn -0.6746405 0.23944384 0.6982311
vn -0.67772204 0.33715388 0.65346766
vn -0.67669445 0.13509114 0.72376424
vn -0.9852109 0.11642379 -0.12571707
vn -0.91940707 0.23364338 0.31638762
vn -0.7649789 0.6335295 -0.11596439
vn -0.66957533 0.6189731 -0.41053748
vn -0.68616223 0.100457534 -0.7204787
vn -0.71049833 -0.011873446 -0.7035985
vn -0.7692442 0.41139048 -0.48889774
vn -0.79326034 0.38647294 -0.47050667
vn -0.774447 -0.45825315 -0.4361601
vn -0.79078025 -0.48148635 -0.3779384
vn -0.7391528 -0.20752646 -0.6407696
vn -0.7157713 -0.27040485 -0.6438574
vn -0.6346655 0.37845874 -0.6737719
vn -0.7124148 0.47009397 -0.5210343
vn -0.7136413 0.47667474 -0.51331985
vn -0.6168115 0.44576707 -0.64871806
vn -0.7132065 0.389507 -0.58276975
vn -0.7164898 0.4038431 -0.56881714
vn -0.7132195 0.27929756 -0.6428924
vn -0.7180817 0.29877037 -0.6285656
vn -0.71277845 0.1601364 -0.6828638
vn -0.7195634 0.18511596 -0.6692984
vn -0.7119295 0.035652667 -0.7013452
vn -0.7209596 0.06626029 -0.6898017
vn -0.7106684 -0.090295434 -0.69770837
vn -0.7222285 -0.054232568 -0.68952495
vn -0.7090303 -0.21376146 -0.67199844
vn -0.7233067 -0.17280085 -0.66855586
vn -0.707136 -0.33079293 -0.6249275
vn -0.72411674 -0.2860076 -0.6275781
vn -0.7051797 -0.43751955 -0.55794096
vn -0.72449046 -0.3906948 -0.5678653
vn -0.70356685 -0.5301793 -0.4731844
vn -0.7242324 -0.48407078 -0.4910834
vn -0.7027604 -0.60534203 -0.37374938
vn -0.7229392 -0.56388974 -0.39923298
vn -0.7033389 -0.6601348 -0.26369736
vn -0.7202606 -0.62822914 -0.29419833
vn -0.7054506 -0.6930997 -0.14816283
vn -0.71614003 -0.674984 -0.17759472
vn -0.70797276 -0.70549226 -0.03248371
vn -0.7114665 -0.70084697 -0.0512733
vn -0.7083767 -0.70123416 0.08045578
vn -0.7083747 -0.70123315 0.08048121
vn -0.7051236 -0.6826355 0.19185756
vn -0.70838 -0.67404103 0.20944293
vn -0.6997457 -0.6471879 0.30249563
vn -0.7101749 -0.62298954 0.32792604
vn -0.69480455 -0.59165686 0.40888706
vn -0.71163875 -0.5535275 0.43264008
vn -0.69164354 -0.5157856 0.5055634
vn -0.7119643 -0.4692401 0.52241784
vn -0.690164 -0.4220851 0.5878075
vn -0.71118903 -0.37253928 0.59617496
vn -0.689991 -0.31413078 0.6520997
vn -0.7098254 -0.2656054 0.6523815
vn -0.69059086 -0.1959913 0.6961835
vn -0.70820683 -0.15108542 0.68964934
vn -0.69169176 -0.07177093 0.71861774
vn -0.706671 -0.032001067 0.70681816
vn -0.69303775 0.05441869 0.7188444
vn -0.70533293 0.08828959 0.70335644
vn -0.69457936 0.17855784 0.69690496
vn -0.7043438 0.20628491 0.67922467
vn -0.69620496 0.29677886 0.6536214
vn -0.7036977 0.31849435 0.6351148
vn -0.6979362 0.40542227 0.5903539
vn -0.7034556 0.4215302 0.5722433
vn -0.6997185 0.50117177 0.5091372
vn -0.70356524 0.51230055 0.49248743
vn -0.700505 0.5594754 0.44303498
vn -0.70178664 0.5621288 0.4376147
vn -0.6632479 0.53650695 0.5217877
vn -0.65380573 0.5674503 0.50053775
vn 0.7062899 -0.70792055 0.0017665355
vn 0.7063151 -0.7078954 0.0017651459
vn 0.7063148 -0.7078957 0.0017651692
vn 0.7062895 -0.7079209 0.0017665513
vn -0.70715827 0.7032212 -0.0735327
vn -0.70715374 0.70321584 -0.07362767
vn -0.7374262 0.044771828 -0.67394197
vn -0.69830936 0.139831 -0.702005
vn -0.6911229 0.43852502 0.57449526
vn -0.70922124 0.39190063 0.58601964
vn -0.6983783 0.08090035 0.7111418
vn -0.6975537 0.1570988 0.6990985
vn -0.7052549 0.18969378 0.68310446
vn -0.6984401 0.08093671 0.71107703
vn -0.71570075 -0.08056616 -0.69374436
vn -0.7181793 -0.16437055 -0.6761661
vn -0.7181792 -0.1643701 -0.6761663
vn -0.7157008 -0.08056611 -0.69374424
vn -0.70969397 0.69028395 -0.1408635
vn -0.70969427 0.69028354 -0.14086355
vn -0.71335983 -0.5371651 -0.45007923
vn -0.69519615 -0.46021324 -0.55218285
vn -0.6840859 -0.42192328 -0.594985
vn -0.71337074 -0.5371568 -0.45007178
vn -0.71432865 0.4910382 -0.49861404
vn -0.7154871 0.38266578 -0.58450395
vn -0.7154872 0.3826662 -0.5845036
vn -0.71432894 0.49103972 -0.4986122
vn -0.7113755 0.6478606 -0.27243635
vn -0.7129368 0.5805833 -0.39324805
vn -0.7129366 0.58058524 -0.39324576
vn -0.71137476 0.6478609 -0.27243748
vn -0.7164184 0.25959605 -0.6475758
vn -0.7170335 0.12659815 -0.6854456
vn -0.7170335 0.12659582 -0.685446
vn -0.71641827 0.25959805 -0.6475751
vn -0.7173546 -0.011267415 -0.69661695
vn -0.71735436 -0.011265739 -0.69661725
vn -0.7176604 -0.32408774 -0.616385
vn -0.71665484 -0.4647694 -0.5199953
vn -0.716655 -0.46476948 -0.519995
vn -0.7176603 -0.32408717 -0.61638534
vn -0.72093475 -0.18584567 -0.6676183
vn -0.71337265 -0.14946437 -0.6846602
vn -0.6970357 0.32538122 0.6389587
vn -0.70274144 0.30246773 0.643947
vn -0.6984163 0.08100793 0.71109223
vn -0.6984163 0.081008315 0.7110922
vn -0.49035668 0.59523034 -0.6365934
vn -0.49269575 0.5445135 -0.67879
vn -0.49267945 0.5451754 -0.6782704
vn -0.4902633 0.59657204 -0.6354082
vn -0.7690634 0.57655215 -0.27591482
vn -0.5743354 0.8116242 0.106793836
vn -0.58163935 0.80770695 0.09646187
vn -0.77201575 0.56751776 -0.28620845
vn -0.6984211 0.080803186 0.71111083
vn -0.69842106 0.080803216 0.7111109
vn -0.7156949 -0.08056676 -0.69375026
vn -0.71569496 -0.08056675 -0.69375026
vn -0.00875771 0.6207144 -0.78398776
vn -0.008757711 0.6207144 -0.7839878
vn -0.008757711 0.6207144 -0.7839878
vn -0.008757711 0.6207144 -0.7839878
vn -0.98316544 -0.0208997 -0.18151778
vn -0.98316544 -0.020899698 -0.18151776
vn -0.46231723 0.8711875 0.1652122
vn -0.5492423 0.82421976 -0.13782075
vn -0.5247641 0.7596785 0.38407174
vn -0.46184853 0.87182117 0.163168
vn -0.6792208 0.7072887 -0.19596365
vn -0.73622096 0.58087206 -0.3472265
vn -0.77752 0.6156406 -0.12825482
vn -0.69659346 0.71089935 0.096848
vn -0.5554849 -0.8314005 0.014485022
vn -0.49943194 -0.754179 0.4263587
vn -0.50122476 -0.7455286 0.43927318
vn -0.5335657 -0.6507011 0.5402737
vn -0.73784524 -0.6357894 -0.2266187
vn -0.7860812 -0.6179942 0.012619301
vn -0.6831649 -0.727736 -0.060712546
vn -0.70596653 -0.6584091 0.2609761
vn -0.53315663 0.8058649 0.2575378
vn -0.5932525 0.7827766 -0.18791582
vn -0.5673765 0.7643756 0.30629018
vn -0.532812 0.80678153 0.25537184
vn -0.7462379 0.52261496 -0.41231373
vn -0.42942107 0.5711698 -0.69954455
vn -0.4340351 0.57077813 -0.69701207
vn -0.8005313 0.57105523 -0.18178387
vn -0.7143103 0.6558786 -0.24409829
vn -0.7306783 0.6819471 0.03251608
vn -0.47596622 -0.09999756 -0.87376
vn -0.47693703 -0.09994938 -0.87323606
vn -0.6042426 -0.7952835 -0.049142614
vn -0.5533432 -0.72194636 0.41545746
vn -0.55414855 -0.7163138 0.4240448
vn -0.5807972 -0.66394293 0.47101426
vn -0.43655246 -0.68764824 -0.5801394
vn -0.7549744 -0.5859437 -0.29442045
vn -0.81087863 -0.5826509 -0.054714687
vn -0.43209645 -0.6883868 -0.5825944
vn -0.7213538 -0.6811433 -0.125269
vn -0.7449798 -0.6413712 0.18343379
vn -0.6481022 -0.46697807 -0.601577
vn -0.68834734 0.39516747 -0.6082932
vn -0.8339471 -0.46522272 -0.29681647
vn -0.87579364 0.054703396 0.47957557
vn -0.95059055 -0.095112644 0.29551825
vn -0.74741614 -0.51903063 -0.41470012
vn -0.68418497 -0.57794344 -0.4448282
vn -0.6890271 0.41160065 -0.5965119
vn -0.6836515 -0.5215096 -0.51053715
vn -0.6897491 0.41896227 -0.5905223
vn 0.0129196085 -0.92679816 0.37533754
vn -0.000001049753 -0.99262357 0.12123746
vn 0.0000010602 -0.99262357 0.12123783
vn 0.000003173625 -0.9926232 0.12124048
vn -0.000004053822 -0.9926234 0.121238716
vn -0.00000411099 -0.9926233 0.12123855
vn -0.000003213252 -0.99262375 0.121235795
vn -0.000005161287 -0.9926238 0.12123486
vn -0.000000716667 -0.99262357 0.121237814
vn 0.000003401934 -0.9926238 0.121235274
vn 0.000000172417 -0.9926235 0.12123773
vn -0.18779795 -0.095707 -0.97753364
vn -0.7670648 0.019144386 -0.641284
vn -0.7706878 -0.0291961 -0.6365437
vn -0.18683743 -0.10773586 -0.9764654
vn 0.4835921 -0.16667089 -0.8592785
vn 0.48937365 -0.13652301 -0.8613215
vn 0.9297994 -0.1589333 -0.33198383
vn 0.9364114 -0.10068306 -0.3361496
vn 0.9315101 -0.0749858 0.3559018
vn 0.9364035 -0.016777063 0.35052398
vn 0.48789227 0.04457977 0.8717648
vn 0.4893582 0.0748935 0.8688611
vn -0.18295445 0.14230105 0.9727683
vn -0.18683879 0.13055892 0.9736764
vn -0.76392883 0.17326134 0.62160546
vn -0.7706777 0.124938756 0.62485695
vn -0.99211466 0.12468259 -0.012753108
vn -0.99804306 0.062070183 -0.007571659
vn -0.1857871 -0.07232401 -0.9799248
vn -0.75045073 0.114122525 -0.65099907
vn 0.4699536 -0.22635068 -0.8531757
vn 0.9068847 -0.27388787 -0.3202272
vn 0.9102763 -0.19025996 0.3676932
vn 0.47848743 -0.015903812 0.8779504
vn -0.17617479 0.16477796 0.9704694
vn -0.7442254 0.26765448 0.6119557
vn -0.96858317 0.24739972 -0.02530115
vn -0.18084277 -0.04937829 -0.98227173
vn -0.7220008 0.2062787 -0.6604271
vn 0.44890872 -0.28386235 -0.8472917
vn 0.8696681 -0.3850782 -0.30885607
vn 0.8746891 -0.30197757 0.37911546
vn 0.4615352 -0.074737415 0.8839681
vn -0.16661549 0.18623252 0.9682751
vn -0.71278983 0.35884583 0.602628
vn -0.9297769 0.366213 -0.037456546
vn -0.17304757 -0.027229406 -0.984537
vn -0.6821684 0.29416433 -0.66941285
vn 0.42078003 -0.33829397 -0.84172523
vn 0.81873673 -0.49075288 -0.2980465
vn 0.8253057 -0.40837678 0.38999844
vn 0.4373053 -0.13099408 0.88972163
vn -0.15442774 0.20632602 0.9662203
vn -0.6701109 0.44539985 0.5937765
vn -0.8763064 0.4792544 -0.04901283
vn -0.16252506 -0.0062250383 -0.98668486
vn -0.6315775 0.37639222 -0.67781913
vn 0.38601434 -0.3887888 -0.8365622
vn 0.75489306 -0.5892441 -0.28797194
vn 0.7629067 -0.50778025 0.4001659
vn 0.40618062 -0.18378781 0.89511985
vn -0.1398061 0.22474161 0.9643369
vn -0.61686534 0.52594954 0.58553755
vn -0.8090165 0.5847363 -0.05979882
vn -0.14943802 0.013300744 -0.9886817
vn -0.57102394 0.4516595 -0.68551826
vn 0.34516373 -0.43455365 -0.8318806
vn 0.6791439 -0.6789981 -0.2787922
vn 0.688477 -0.59862083 0.4094541
vn 0.36864826 -0.23228373 0.90007937
vn -0.12297883 0.24118915 0.9626548
vn -0.55389184 0.5992249 0.5780425
vn -0.72896856 0.680995 -0.06964714
vn -0.1339932 0.031037968 -0.9904961
vn -0.50146484 0.5187827 -0.69238544
vn 0.29886842 -0.4748619 -0.8277584
vn 0.59268445 -0.7586002 -0.27064934
vn 0.6031896 -0.67946357 0.41772223
vn 0.3253043 -0.27571824 0.90452
vn -0.1042126 0.2554089 0.9612004
vn -0.4821793 0.66407007 0.57141405
vn -0.6374235 0.7665157 -0.07839014
vn -0.1164375 0.04671415 -0.9920989
vn -0.423999 0.5767091 -0.6983062
vn 0.24785955 -0.50907964 -0.8242595
vn 0.4968778 -0.8267925 -0.26367936
vn 0.5083891 -0.7490348 0.4248382
vn 0.27682582 -0.31340167 0.90837604
vn -0.08380225 0.2671761 0.95999706
vn -0.40286767 0.7194647 0.5657457
vn -0.53582644 0.8399471 -0.08590074
vn -0.09704398 0.060074873 -0.9934654
vn -0.3398466 0.62451595 -0.70319563
vn 0.19294202 -0.53666925 -0.82143754
vn 0.39323497 -0.8825036 -0.2579799
vn 0.40557167 -0.8062382 0.4306876
vn 0.22398548 -0.34474805 0.91158074
vn -0.062069975 0.27630508 0.95906353
vn -0.31720057 0.76453245 0.5611364
vn -0.4257797 0.90013176 -0.09205728
vn -0.07612023 0.0709123 -0.9945739
vn -0.2503332 0.6614539 -0.706974
vn 0.1349811 -0.5571921 -0.8193395
vn 0.2833901 -0.9248523 -0.25364974
vn 0.29635614 -0.8501695 0.43518364
vn 0.16760911 -0.36925486 0.9140887
vn -0.03936059 0.2826557 0.9584137
vn -0.22652958 0.7985632 0.5576569
vn -0.30901694 0.94612175 -0.09675893
vn -0.053996243 0.079057835 -0.99540675
vn -0.15687157 0.68693936 -0.70958126
vn 0.07489213 -0.5703272 -0.8179964
vn 0.16907759 -0.95317113 -0.25075424
vn 0.18246938 -0.88013905 0.43824673
vn 0.10859253 -0.38654327 0.9158559
vn -0.016028484 0.28612122 0.9580595
vn -0.13228658 0.8210199 0.55536175
vn -0.18738136 0.9771904 -0.099937245
vn -0.031020615 0.08437882 -0.9959508
vn -0.0609375 0.7005713 -0.7109757
vn 0.013622397 -0.57586783 -0.8174294
vn 0.052097946 -0.96701485 -0.24933524
vn 0.065704234 -0.8956714 0.43983606
vn 0.04786319 -0.39633727 0.9168566
vn 0.0075555113 0.28665152 0.9580052
vn -0.035958696 0.83155006 0.5542845
vn -0.06279082 0.9928479 -0.101538815
vn -0.0075553567 0.08679363 -0.9961978
vn 0.03595858 0.7021345 -0.71113586
vn -0.047863055 -0.5737266 -0.8176473
vn -0.06570399 -0.9661627 -0.24942487
vn -0.052097443 -0.89652413 0.43992105
vn -0.013622406 -0.39847818 0.91707665
vn 0.031020569 0.28423727 0.958252
vn 0.060937326 0.8299872 0.5544439
vn 0.06279093 0.992848 -0.10153964
vn 0.016028138 0.08626138 -0.9961436
vn 0.13228753 0.6916052 -0.7100581
vn -0.10859298 -0.56393325 -0.8186495
vn -0.1824702 -0.9506301 -0.2510122
vn -0.1690778 -0.8826797 0.43850794
vn -0.07489225 -0.39293796 0.91651016
vn 0.053996477 0.2789143 0.95879674
vn 0.15687235 0.8163557 0.55583674
vn 0.18738188 0.97719014 -0.0999383
vn 0.03935928 0.08279469 -0.9957891
vn 0.22653009 0.669148 -0.70776063
vn -0.16761012 -0.5466452 -0.8204181
vn -0.29635715 -0.9206611 -0.2540781
vn -0.2833915 -0.85436034 0.43561208
vn -0.13498154 -0.37980244 0.9151668
vn 0.076120734 0.2707723 0.95962924
vn 0.25033313 0.79086906 0.5584437
vn 0.3090178 0.94612145 -0.096758574
vn 0.062070496 0.07644759 -0.9951397
vn 0.31719968 0.63511634 -0.70428103
vn -0.22398518 -0.52213764 -0.8229235
vn -0.40557045 -0.8767288 -0.25857162
vn -0.3932351 -0.8120136 0.43127742
vn -0.1929418 -0.35927922 0.91306734
vn 0.09704449 0.25993434 0.96073765
vn 0.33984572 0.7539307 0.56222177
vn 0.4257797 0.9001319 -0.09205694
vn 0.083802395 0.06731807 -0.99420595
vn 0.40286744 0.5900492 -0.69967127
vn -0.2768273 -0.4907931 -0.82612884
vn -0.50838935 -0.8195262 -0.26441905
vn -0.49687752 -0.7563024 0.4255813
vn -0.24785909 -0.3316904 0.9102457
vn 0.116437405 0.24657172 0.9621043
vn 0.42399952 0.7061245 0.567109
vn 0.53582627 0.83994687 -0.0859041
vn 0.10421063 0.055548944 -0.9930028
vn 0.4821804 0.53465503 -0.6940073
vn -0.3253031 -0.45310608 -0.8299836
vn -0.6031896 -0.74995404 -0.2715351
vn -0.5926848 -0.68810815 0.41860738
vn -0.29886833 -0.29747242 0.90674585
vn 0.13399398 0.23089723 0.9637074
vn 0.5014656 0.6481987 0.5730361
vn 0.63742435 0.76651496 -0.078390814
vn 0.12297919 0.04133079 -0.99154836
vn 0.5538934 0.4698101 -0.6873722
vn -0.36864898 -0.40967247 -0.83442575
vn -0.68847734 -0.66911024 -0.27980423
vn -0.6791447 -0.60850626 0.4104663
vn -0.34516287 -0.25716227 0.90262413
vn 0.14943871 0.21315877 0.9655213
vn 0.5710254 0.5810752 0.579898
vn 0.7289693 0.6809944 -0.06964471
vn 0.13980456 0.024882555 -0.98986644
vn 0.6168663 0.39653403 -0.67988
vn -0.40618026 -0.36117673 -0.83938605
vn -0.7629069 -0.57827055 -0.28909573
vn -0.7548935 -0.5187522 0.40128785
vn -0.38601422 -0.21139897 0.897944
vn 0.16252592 0.1936334 0.9675183
vn 0.6315786 0.5058064 0.58759534
vn 0.8090172 0.5847349 -0.05980178
vn 0.15442787 0.0064678937 -0.987983
vn 0.67011386 0.31598553 -0.67164034
vn -0.43730587 -0.30838424 -0.8447857
vn -0.8253052 -0.4788676 -0.29926124
vn -0.81873685 -0.42026138 0.3912167
vn -0.4207784 -0.16090365 0.89277965
vn 0.17304894 0.17262955 0.9696665
vn 0.6821707 0.4235812 0.59600526
vn 0.8763066 0.47925425 -0.049012147
vn 0.16661394 -0.013625876 -0.98592806
vn 0.7127924 0.2294318 -0.6627882
vn -0.46153527 -0.25212753 -0.8505393
vn -0.8746873 -0.37246886 -0.3101437
vn -0.86966836 -0.31458715 0.38041002
vn -0.44890568 -0.10647116 0.88721347
vn 0.18084472 0.1504809 0.9719315
vn 0.7220041 0.3356968 0.60499406
vn 0.9297764 0.36621502 -0.03744947
vn 0.176174 -0.035080165 -0.98373383
vn 0.7442264 0.13823867 -0.65346557
vn -0.4784892 -0.19329315 -0.8565546
vn -0.91027623 -0.26075056 -0.32156864
vn -0.9068865 -0.20339672 0.3690347
vn -0.46995455 -0.04896126 0.8813318
vn 0.185788 0.12753397 0.9742783
vn 0.750451 0.24353768 0.61442065
vn 0.9685831 0.2473998 -0.025301132
vn 0.18295553 -0.057557367 -0.98143494
vn 0.76392794 0.043845363 -0.64381033
vn -0.48789257 -0.13280943 -0.8627413
vn -0.93150926 -0.14547606 -0.3333575
vn -0.9298014 -0.08844106 0.357278
vn -0.4835934 0.010718849 0.8752271
vn 0.18780065 0.104151376 0.97666967
vn 0.7670642 0.14855874 0.6241336
vn 0.99211484 0.124681965 -0.012749579
vn 0.18685043 -0.080702946 -0.979068
vn 0.7715804 -0.052258506 -0.6339817
vn -0.48960313 -0.0716295 -0.8689983
vn -0.93805087 -0.028464535 -0.34532666
vn -0.93805254 0.028464228 0.34532177
vn -0.48960292 0.07162964 0.86899835
vn 0.18685064 0.080702655 0.9790679
vn 0.7715805 0.0522582 0.6339815
vn 1 -0.000000573111 0.000000166198
vn 0.18779863 -0.10415122 -0.9766699
vn 0.767065 -0.14855945 -0.6241325
vn -0.48359194 -0.010718461 -0.87522805
vn -0.92979956 0.0884419 -0.35728264
vn -0.93151003 0.14547715 0.3333548
vn -0.4878929 0.13280928 0.8627412
vn 0.18295495 0.057557106 0.981435
vn 0.76392806 -0.043846626 0.64381
vn 0.9921147 -0.124682665 0.012751139
vn 0.18578798 -0.12753387 -0.9742782
vn 0.75045097 -0.24353741 -0.614421
vn -0.46995464 0.04896212 -0.88133156
vn -0.9068853 0.20339721 -0.36903727
vn -0.9102762 0.26075146 0.32156813
vn -0.47848743 0.19329312 0.8565557
vn 0.17617531 0.0350797 0.98373365
vn 0.74422556 -0.1382389 0.65346646
vn 0.9685832 -0.2473993 0.025302531
vn 0.18084432 -0.15048017 -0.9719317
vn 0.7220037 -0.3356962 -0.60499483
vn -0.44890645 0.106471956 -0.88721293
vn -0.86966825 0.31458655 -0.38041106
vn -0.87468797 0.37246835 0.31014237
vn -0.46153462 0.25212705 0.8505397
vn 0.1666141 0.01362554 0.985928
vn 0.71278906 -0.22943059 0.66279215
vn 0.92977643 -0.36621445 0.037454803
vn 0.17304872 -0.17262946 -0.9696666
vn 0.68216944 -0.423581 -0.5960067
vn -0.42077938 0.16090475 -0.892779
vn -0.8187369 0.42026114 -0.3912166
vn -0.82530606 0.4788674 0.29925883
vn -0.4373058 0.308384 0.8447857
vn 0.1544278 -0.0064681703 0.9879829
vn 0.67011106 -0.31598455 0.6716435
vn 0.87630683 -0.47925362 0.049014993
vn 0.16252528 -0.19363266 -0.96751857
vn 0.63157666 -0.5058058 -0.58759797
vn -0.38601452 0.21140039 -0.89794356
vn -0.7548933 0.51875395 -0.40128613
vn -0.7629073 0.5782711 0.28909314
vn -0.4061821 0.36117774 0.8393847
vn 0.13980576 -0.024883937 0.9898662
vn 0.61686414 -0.39653355 0.6798824
vn 0.80901694 -0.5847351 0.05980346
vn 0.14943796 -0.2131577 -0.9655218
vn 0.57102364 -0.58107454 -0.5799004
vn -0.34516066 0.2571616 -0.90262514
vn -0.67914385 0.60850805 -0.41046497
vn -0.68847495 0.6691117 0.27980655
vn -0.36864984 0.4096736 0.83442485
vn 0.12297809 -0.041330893 0.99154836
vn 0.55388945 -0.46980882 0.6873762
vn 0.7289679 -0.68099546 0.06964846
vn 0.13399425 -0.23089705 -0.9637075
vn 0.5014653 -0.64820004 -0.57303524
vn -0.298867 0.29747218 -0.90674627
vn -0.59268355 0.68810827 -0.4186086
vn -0.603189 0.7499547 0.27153453
vn -0.3253031 0.4531065 0.8299835
vn 0.10421251 -0.055551656 0.9930024
vn 0.48218083 -0.5346561 0.6940061
vn 0.637423 -0.7665158 0.07839271
vn 0.11643787 -0.24657129 -0.9621045
vn 0.42399967 -0.7061244 -0.5671089
vn -0.24785872 0.331691 -0.91024566
vn -0.49687698 0.7563016 -0.42558348
vn -0.50838923 0.819526 0.2644192
vn -0.2768265 0.4907916 0.82613003
vn 0.08380138 -0.06731796 0.9942061
vn 0.4028669 -0.5900498 0.69967103
vn 0.53582585 -0.8399472 0.08590398
vn 0.0970454 -0.25993592 -0.960737
vn 0.33984634 -0.7539317 -0.5622201
vn -0.19294193 0.35928124 -0.9130665
vn -0.3932347 0.81201357 -0.4312777
vn -0.4055715 0.876729 0.25856924
vn -0.22398561 0.522137 0.82292366
vn 0.062069252 -0.076447025 0.99513996
vn 0.31719983 -0.63511795 0.7042794
vn 0.42577985 -0.90013194 0.09205446
vn 0.07612076 -0.27076948 -0.95963
vn 0.25033304 -0.7908683 -0.558445
vn -0.13498196 0.3798065 -0.915165
vn -0.28339064 0.8543611 -0.4356108
vn -0.296357 0.92066133 0.2540773
vn -0.16761003 0.546644 0.82041895
vn 0.039360102 -0.082798004 0.9957889
vn 0.2265292 -0.66914713 0.70776176
vn 0.30901664 -0.94612145 0.0967626
vn 0.053996902 -0.2789161 -0.9587963
vn 0.15687214 -0.8163537 -0.5558398
vn -0.0748923 0.39294112 -0.916509
vn -0.16907685 0.8826796 -0.43850863
vn -0.18247005 0.95063037 0.25101134
vn -0.10859263 0.56393063 0.81865144
vn 0.016026413 -0.08625921 0.9961438
vn 0.1322858 -0.6916031 0.7100604
vn 0.18738148 -0.9771904 0.099936426
vn 0.031021368 -0.28423658 -0.9582523
vn 0.060937155 -0.82998705 -0.554444
vn -0.013621852 0.39847696 -0.9170772
vn -0.05209688 0.89652336 -0.4399224
vn -0.065703586 0.9661624 0.24942626
vn -0.047862947 0.5737248 0.8176485
vn -0.0075557013 -0.086794585 0.9961976
vn 0.03595722 -0.7021337 0.7111368
vn 0.062788814 -0.99284774 0.10154249
vn 0.0075557977 -0.28665316 -0.95800483
vn -0.035959333 -0.83155215 -0.5542816
vn 0.04786418 0.39633936 -0.91685563
vn 0.06570498 0.89567214 -0.43983418
vn 0.05209754 0.9670153 0.2493336
vn 0.013621918 0.5758694 0.8174283
vn -0.031021139 -0.084379464 0.99595076
vn -0.06093723 -0.70057565 0.71097136
vn -0.06279081 -0.9928483 0.10153649
vn -0.016028225 -0.28612113 -0.9580595
vn -0.13228714 -0.82102036 -0.55536085
vn 0.10859332 0.38654405 -0.91585547
vn 0.18247098 0.88013864 -0.43824682
vn 0.16907823 0.9531711 0.25075388
vn 0.07489225 0.570327 0.81799644
vn -0.05399683 -0.07905407 0.9954069
vn -0.15687278 -0.6869402 0.7095803
vn -0.18738072 -0.97719073 0.09993392
vn -0.03935834 -0.28265193 -0.9584148
vn -0.22652772 -0.798561 -0.5576609
vn 0.16761023 0.36925465 -0.9140886
vn 0.29635662 0.85016847 -0.43518564
vn 0.28339106 0.9248523 0.25364885
vn 0.13498083 0.5571919 0.8193395
vn -0.0761202 -0.07091097 0.99457395
vn -0.25033298 -0.6614527 0.7069752
vn -0.30901617 -0.9461222 0.09675631
vn -0.062068358 -0.27630383 -0.95906407
vn -0.31719863 -0.76453096 -0.5611395
vn 0.22398435 0.34474552 -0.9115819
vn 0.40557113 0.8062377 -0.43068916
vn 0.3932346 0.8825031 0.25798234
vn 0.19294077 0.536669 0.821438
vn -0.097044155 -0.0600743 0.9934654
vn -0.33984658 -0.62451535 0.70319617
vn -0.4257795 -0.9001322 0.092055015
vn -0.08380225 -0.26717636 -0.95999694
vn -0.40286788 -0.71946424 -0.5657462
vn 0.27682766 0.313403 -0.90837497
vn 0.5083902 0.74903536 -0.42483592
vn 0.49687728 0.8267928 0.26367924
vn 0.24785903 0.5090798 0.82425964
vn -0.116437964 -0.04671303 0.9920989
vn -0.42400077 -0.57670903 0.6983051
vn -0.53582674 -0.83994716 0.08589825
vn -0.10421102 -0.2554075 -0.9612008
vn -0.4821794 -0.6640691 -0.5714152
vn 0.32530332 0.27571648 -0.9045211
vn 0.60319 0.6794637 -0.4177213
vn 0.5926847 0.7585987 0.27065292
vn 0.29886824 0.47486153 0.8277586
vn -0.13399516 -0.031039944 0.99049586
vn -0.5014654 -0.51878035 0.6923869
vn -0.637425 -0.766514 0.078393444
vn -0.12297859 -0.24118906 -0.9626547
vn -0.55389035 -0.5992237 -0.57804525
vn 0.36864895 0.23228244 -0.9000794
vn 0.6884774 0.5986194 -0.40945536
vn 0.6791444 0.67899746 0.27879247
vn 0.34516376 0.43455333 0.8318806
vn -0.14943808 -0.013299388 0.9886817
vn -0.5710245 -0.45165867 0.68551844
vn -0.7289691 -0.68099475 0.069643795
vn -0.1398065 -0.22474214 -0.9643366
vn -0.6168652 -0.5259494 -0.5855379
vn 0.4061837 0.18378896 -0.8951182
vn 0.76290977 0.5077804 -0.40015963
vn 0.754893 0.58924335 0.2879738
vn 0.386015 0.38878918 0.83656174
vn -0.16252568 0.006225216 0.9866848
vn -0.63157797 -0.37639147 0.67781913
vn -0.8090169 -0.58473575 0.059798956
vn -0.15442628 -0.20632532 -0.96622074
vn -0.6701102 -0.44539976 -0.59377736
vn 0.4373045 0.13099414 -0.8897221
vn 0.8253052 0.40837643 -0.3899998
vn 0.818737 0.49075222 0.29804707
vn 0.42077962 0.33829388 0.8417255
vn -0.17304885 0.027228896 0.9845368
vn -0.6821684 -0.29416358 0.6694131
vn -0.87630653 -0.47925407 0.049014315
vn -0.16661076 -0.18623154 -0.96827614
vn -0.7127889 -0.35884586 -0.6026289
vn 0.46153554 0.07473747 -0.8839679
vn 0.87468725 0.30197644 -0.37912065
vn 0.8696682 0.38507864 0.30885547
vn 0.4489051 0.28386095 0.8472941
vn -0.18084472 0.049377434 0.9822715
vn -0.72200143 -0.20627888 0.6604264
vn -0.929777 -0.36621252 0.03745806
vn -0.17617498 -0.16477792 -0.97046936
vn -0.744226 -0.26765344 -0.6119554
vn 0.47848788 0.01590342 -0.8779501
vn 0.9102763 0.19025922 -0.36769342
vn 0.906885 0.27388754 0.3202265
vn 0.46995276 0.22635037 0.8531764
vn -0.18578772 0.07232427 0.9799245
vn -0.75045115 -0.11412196 0.6509987
vn -0.96858346 -0.24739873 0.025301011
vn -0.1829559 -0.14230086 -0.972768
vn -0.76392704 -0.17326163 -0.6216076
vn 0.48789355 -0.04458051 -0.87176394
vn 0.93151015 0.074985296 -0.35590154
vn 0.92980117 0.15893233 0.3319795
vn 0.4835948 0.16667059 0.8592771
vn -0.18779941 0.09570677 0.97753346
vn -0.7670651 -0.019143675 0.64128363
vn -0.9921148 -0.12468257 0.012748956
vn -0.18685117 -0.11915532 -0.97513527
vn -0.7715807 -0.07715666 -0.63143504
vn 0.48960462 -0.10576033 -0.8655069
vn 0.9380523 -0.042028166 -0.34393528
vn 0.93805224 0.042026035 0.3439358
vn 0.48960444 0.1057599 0.86550707
vn -0.18685174 0.11915528 0.97513515
vn -0.7715805 0.077157065 0.6314352
vn -0.99999994 0.000000730963 -0.000000172036
vn -0.18780187 -0.09570558 -0.97753316
vn -0.7670629 0.019144174 -0.6412863
vn 0.4835915 -0.16667053 -0.8592789
vn 0.92979956 -0.15893315 -0.33198336
vn 0.93150854 -0.07498627 0.3559056
vn 0.4878891 0.04458025 0.8717665
vn -0.18295689 0.14230098 0.9727679
vn -0.76392704 0.17326237 0.6216074
vn -0.99211466 0.1246825 -0.012753734
vn -0.185784 -0.072325446 -0.9799251
vn -0.7504492 0.11412217 -0.6510009
vn 0.46995658 -0.2263522 -0.8531738
vn 0.9068863 -0.27388796 -0.3202227
vn 0.9102768 -0.19025901 0.36769274
vn 0.4784871 -0.015903726 0.87795055
vn -0.17617474 0.16477814 0.9704693
vn -0.74422544 0.26765472 0.6119555
vn -0.968583 0.24740036 -0.025300255
vn -0.18084358 -0.049377494 -0.9822716
vn -0.7220008 0.20628008 -0.66042674
vn 0.44890514 -0.2838607 -0.8472941
vn 0.86966985 -0.38507992 -0.3088489
vn 0.8746867 -0.30197757 0.37912095
vn 0.4615382 -0.074739315 0.8839665
vn -0.16661546 0.1862326 0.9682751
vn -0.7127898 0.35884678 0.6026274
vn -0.92977613 0.36621463 -0.03745686
vn -0.17304975 -0.027227798 -0.98453665
vn -0.6821692 0.29416624 -0.6694112
vn 0.42077714 -0.33829275 -0.84172726
vn 0.8187367 -0.49075362 -0.29804564
vn 0.8253046 -0.40837708 0.3900005
vn 0.43730745 -0.13099623 0.88972026
vn -0.15442835 0.20632643 0.9662202
vn -0.67011356 0.44540077 0.5937729
vn -0.8763062 0.47925434 -0.049017362
vn -0.1625261 -0.00622415 -0.98668474
vn -0.6315774 0.37639132 -0.6778198
vn 0.38601398 -0.38878915 -0.8365623
vn 0.7548927 -0.5892444 -0.2879722
vn 0.76290584 -0.5077803 0.4001674
vn 0.40617952 -0.18378764 0.8951203
vn -0.13980588 0.22474173 0.9643369
vn -0.61686504 0.5259499 0.5855375
vn -0.8090165 0.58473605 -0.059800807
vn -0.14943737 0.013299625 -0.98868173
vn -0.5710237 0.45165896 -0.6855189
vn 0.34516373 -0.43455365 -0.8318805
vn 0.6791436 -0.67899835 -0.27879256
vn 0.6884767 -0.5986209 0.4094545
vn 0.36864838 -0.23228359 0.9000792
vn -0.12297786 0.24118839 0.9626551
vn -0.5538911 0.5992251 0.5780433
vn -0.72896826 0.6809953 -0.06964674
vn -0.13399331 0.031038355 -0.9904961
vn -0.50146544 0.5187856 -0.6923828
vn 0.29886702 -0.4748607 -0.82775956
vn 0.59268373 -0.758599 -0.27065414
vn 0.6031893 -0.67946327 0.41772282
vn 0.32530168 -0.27571526 0.9045219
vn -0.10421277 0.25540903 0.9612003
vn -0.48218095 0.66407114 0.5714116
vn -0.6374227 0.7665163 -0.07839034
vn -0.116437666 0.0467154 -0.9920988
vn -0.42399794 0.5767068 -0.6983086
vn 0.24785812 -0.50907904 -0.82426035
vn 0.4968771 -0.82679385 -0.2636762
vn 0.5083875 -0.7490335 0.42484248
vn 0.2768258 -0.3134016 0.90837604
vn -0.08380084 0.26717487 0.95999736
vn -0.4028665 0.7194644 0.56574684
vn -0.53582674 0.83994645 -0.08590563
vn -0.097043455 0.06007329 -0.9934656
vn -0.33984512 0.6245136 -0.70319843
vn 0.19294108 -0.5366679 -0.8214386
vn 0.39323464 -0.88250375 -0.25797963
vn 0.40556997 -0.8062367 0.4306919
vn 0.22398394 -0.3447466 0.9115816
vn -0.062071804 0.27630785 0.95906264
vn -0.31719884 0.76453155 0.5611386
vn -0.4257789 0.9001324 -0.09205516
vn -0.07612007 0.07091258 -0.9945739
vn -0.2503321 0.6614527 -0.7069756
vn 0.134981 -0.5571921 -0.8193395
vn 0.28339094 -0.9248522 -0.25364956
vn 0.29635677 -0.8501687 0.43518507
vn 0.16760926 -0.36925387 0.914089
vn -0.039359737 0.28265464 0.958414
vn -0.22652952 0.798563 0.5576571
vn -0.30901703 0.94612163 -0.096760176
vn -0.05399612 0.07905663 -0.9954067
vn -0.15687111 0.68693876 -0.70958185
vn 0.07489216 -0.57032895 -0.8179952
vn 0.1690771 -0.95317245 -0.25074953
vn 0.18246861 -0.8801378 0.43824932
vn 0.10859235 -0.38654333 0.9158558
vn -0.016028397 0.28612116 0.9580595
vn -0.13228616 0.8210201 0.5553617
vn -0.18738061 0.9771905 -0.099937275
vn -0.03102059 0.08437888 -0.9959509
vn -0.06093692 0.70057154 -0.7109755
vn 0.013622373 -0.575868 -0.81742924
vn 0.05209757 -0.96701497 -0.24933527
vn 0.065703236 -0.8956714 0.43983617
vn 0.047862627 -0.3963376 0.9168565
vn 0.0075557474 0.28665122 0.9580053
vn -0.03595834 0.8315502 0.55428463
vn -0.06279001 0.992848 -0.10153894
vn -0.007555309 0.08679362 -0.9961978
vn 0.03595876 0.7021346 -0.7111357
vn -0.0478632 -0.5737268 -0.8176471
vn -0.06570429 -0.9661627 -0.24942479
vn -0.05209793 -0.89652425 0.43992093
vn -0.013622776 -0.39847797 0.9170768
vn 0.031020729 0.28423733 0.958252
vn 0.060937893 0.82998705 0.55444396
vn 0.06279103 0.9928479 -0.101539716
vn 0.016028492 0.0862618 -0.9961436
vn 0.13228862 0.6916054 -0.7100576
vn -0.10859337 -0.5639327 -0.81864977
vn -0.18247062 -0.95062995 -0.2510126
vn -0.16907819 -0.88268065 0.4385061
vn -0.07489304 -0.39293888 0.9165098
vn 0.05399651 0.27891597 0.9587964
vn 0.15687275 0.8163548 0.5558378
vn 0.18738288 0.97719014 -0.099936485
vn 0.039360374 0.08279677 -0.995789
vn 0.22652969 0.6691457 -0.7077629
vn -0.16760983 -0.546644 -0.820419
vn -0.29635823 -0.9206612 -0.25407645
vn -0.28339183 -0.85436 0.43561253
vn -0.1349822 -0.37980434 0.9151659
vn 0.076120004 0.27076867 0.95963025
vn 0.25033316 0.7908678 0.5584455
vn 0.30901742 0.9461211 -0.096764214
vn 0.062070854 0.076448455 -0.9951396
vn 0.31719962 0.6351157 -0.70428175
vn -0.2239846 -0.52213603 -0.82292455
vn -0.40557164 -0.87672853 -0.25857103
vn -0.393236 -0.8120123 0.43127885
vn -0.19294274 -0.35928032 0.9130667
vn 0.0970435 0.25993216 0.9607383
vn 0.33984593 0.75393 0.5622228
vn 0.42577967 0.9001316 -0.09205942
vn 0.08380137 0.06731674 -0.9942061
vn 0.40286747 0.59004855 -0.69967175
vn -0.27682638 -0.4907913 -0.8261303
vn -0.50838894 -0.81952506 -0.26442245
vn -0.49687827 -0.75630194 0.4255813
vn -0.24785967 -0.33169046 0.91024554
vn 0.11643718 0.24657091 0.9621045
vn 0.42399982 0.7061222 0.56711155
vn 0.53582746 0.83994627 -0.08590184
vn 0.10421163 0.055549476 -0.99300265
vn 0.4821827 0.5346555 -0.69400525
vn -0.3253036 -0.45310575 -0.8299836
vn -0.60319006 -0.7499536 -0.2715353
vn -0.59268486 -0.68810815 0.41860715
vn -0.29886827 -0.29747224 0.906746
vn 0.13399537 0.2308993 0.9637069
vn 0.50146616 0.6481992 0.5730354
vn 0.63742495 0.76651454 -0.07838895
vn 0.122979715 0.041331112 -0.99154824
vn 0.5538907 0.46980834 -0.68737566
vn -0.36864808 -0.40967196 -0.8344264
vn -0.6884777 -0.6691101 -0.27980375
vn -0.6791444 -0.60850567 0.41046786
vn -0.34516346 -0.25716284 0.9026237
vn 0.14943771 0.2131576 0.96552175
vn 0.57102394 0.5810745 0.57990015
vn 0.7289686 0.6809948 -0.069648154
vn 0.13980485 0.0248828 -0.98986644
vn 0.6168654 0.39653328 -0.6798813
vn -0.40618053 -0.36117682 -0.839386
vn -0.7629067 -0.5782708 -0.28909597
vn -0.75489336 -0.51875234 0.40128785
vn -0.38601455 -0.21139897 0.8979439
vn 0.1625251 0.19363277 0.9675185
vn 0.6315771 0.50580555 0.58759785
vn 0.80901736 0.5847346 -0.059801616
vn 0.1544277 0.0064677373 -0.987983
vn 0.67011184 0.31598404 -0.671643
vn -0.43730536 -0.3083837 -0.84478605
vn -0.8253059 -0.47886735 -0.29925972
vn -0.81873703 -0.42026067 0.39121708
vn -0.4207797 -0.16090426 0.89277905
vn 0.17304853 0.17262939 0.96966654
vn 0.6821691 0.42358005 0.59600776
vn 0.876307 0.47925338 -0.0490131
vn 0.16661529 -0.013625493 -0.9859279
vn 0.7127903 0.22943053 -0.66279083
vn -0.46153536 -0.25212705 -0.8505394
vn -0.8746877 -0.37246826 -0.3101436
vn -0.86966926 -0.31458712 0.38040817
vn -0.44890755 -0.106471606 0.8872124
vn 0.18084428 0.15048066 0.9719317
vn 0.7220028 0.33569553 0.6049963
vn 0.9297768 0.36621374 -0.037451323
vn 0.17617533 -0.035079975 -0.9837337
vn 0.7442276 0.13823798 -0.65346426
vn -0.47848737 -0.1932926 -0.8565557
vn -0.91027665 -0.26074988 -0.32156828
vn -0.9068864 -0.20339578 0.36903536
vn -0.4699565 -0.04896179 0.88133067
vn 0.18578444 0.12753263 0.97427905
vn 0.75045145 0.24353747 0.61442024
vn 0.9685834 0.2473983 -0.025303492
vn 0.18295659 -0.057557307 -0.9814347
vn 0.76392716 0.04384529 -0.64381135
vn -0.48789293 -0.13280867 -0.86274123
vn -0.9315096 -0.14547513 -0.3333571
vn -0.9298012 -0.088441186 0.3572784
vn -0.4835939 0.010719179 0.8752268
vn 0.18779932 0.10415113 0.97666985
vn 0.7670649 0.14855838 0.6241329
vn 0.99211484 0.12468174 -0.012754952
vn 0.18685137 -0.08070296 -0.9790678
vn 0.77158034 -0.05225878 -0.6339818
vn -0.48960245 -0.07162891 -0.86899865
vn -0.93805164 -0.028462993 -0.34532428
vn -0.93805164 0.028465457 0.3453245
vn -0.48960325 0.07162992 0.8689983
vn 0.18685044 0.080702335 0.97906804
vn 0.7715788 0.052257076 0.6339838
vn 1 -0.000001479203 0.000002567333
vn 0.18779875 -0.10415124 -0.97666997
vn 0.76706475 -0.14856012 -0.6241327
vn -0.48359138 -0.010718439 -0.87522817
vn -0.92980045 0.08844266 -0.35728002
vn -0.93150896 0.14547789 0.33335748
vn -0.4878928 0.13280958 0.862741
vn 0.18295687 0.05755701 0.9814347
vn 0.763927 -0.043846898 0.6438113
vn 0.99211454 -0.12468412 0.0127553735
vn 0.18578827 -0.12753397 -0.97427815
vn 0.750454 -0.2435389 -0.6144166
vn -0.46995363 0.04896182 -0.8813323
vn -0.9068859 0.20339619 -0.3690364
vn -0.91027564 0.26075152 0.32156935
vn -0.4784874 0.19329348 0.85655564
vn 0.1761753 0.035079587 0.98373365
vn 0.7442292 -0.13823956 0.6534621
vn 0.96858305 -0.2473998 0.025303034
vn 0.1808456 -0.15048113 -0.9719313
vn 0.7220045 -0.3356964 -0.6049939
vn -0.4489073 0.1064732 -0.88721234
vn -0.8696692 0.31458884 -0.38040692
vn -0.8746883 0.3724687 0.31014094
vn -0.4615376 0.2521282 0.8505377
vn 0.16661485 0.0136250695 0.98592794
vn 0.71279013 -0.22943188 0.6627904
vn 0.92977655 -0.36621422 0.037452444
vn 0.17304844 -0.17262948 -0.96966666
vn 0.6821693 -0.42358088 -0.59600693
vn -0.42077821 0.16090387 -0.8927797
vn -0.81873655 0.4202623 -0.39121625
vn -0.82530427 0.478869 0.29926112
vn -0.43730587 0.3083849 0.84478545
vn 0.1544279 -0.0064682746 0.9879829
vn 0.6701109 -0.31598485 0.67164356
vn 0.8763061 -0.47925454 0.049015604
vn 0.1625245 -0.19363227 -0.9675188
vn 0.63157696 -0.50580686 -0.5875967
vn -0.38601378 0.21140029 -0.89794385
vn -0.7548921 0.51875174 -0.4012912
vn -0.76290804 0.5782718 0.2890903
vn -0.40618098 0.36117738 0.83938545
vn 0.13980483 -0.024883524 0.9898664
vn 0.6168647 -0.3965343 0.6798813
vn 0.80901635 -0.5847359 0.059803598
vn 0.14943787 -0.2131577 -0.9655219
vn 0.5710237 -0.5810745 -0.57990056
vn -0.34516156 0.25716278 -0.90262437
vn -0.67914367 0.6085078 -0.4104659
vn -0.68847567 0.66911185 0.27980474
vn -0.36864984 0.4096731 0.8344252
vn 0.12297832 -0.041331198 0.9915483
vn 0.55389017 -0.46980944 0.68737525
vn 0.7289682 -0.68099546 0.06964653
vn 0.13399383 -0.23089655 -0.9637077
vn 0.5014651 -0.64820015 -0.57303536
vn -0.29886726 0.29747292 -0.9067459
vn -0.59268296 0.6881075 -0.41861096
vn -0.6031895 0.7499546 0.27153334
vn -0.32530135 0.4531049 0.82998496
vn 0.10421114 -0.055550147 0.9930026
vn 0.48217908 -0.53465474 0.69400835
vn 0.6374226 -0.7665159 0.078394204
vn 0.11643856 -0.24657355 -0.9621038
vn 0.42399827 -0.7061236 -0.56711096
vn -0.24785724 0.331689 -0.91024673
vn -0.4968765 0.75630224 -0.42558268
vn -0.5083878 0.8195259 0.26442212
vn -0.27682635 0.49079135 0.8261303
vn 0.08380183 -0.06731853 0.994206
vn 0.4028664 -0.5900501 0.6996711
vn 0.53582525 -0.839948 0.08589995
vn 0.09704574 -0.25993544 -0.96073717
vn 0.33984622 -0.7539315 -0.5622206
vn -0.19294065 0.3592795 -0.9130674
vn -0.3932349 0.81201214 -0.43128043
vn -0.40557128 0.87672836 0.25857192
vn -0.22398409 0.52213556 0.82292503
vn 0.062068056 -0.076446 0.9951401
vn 0.31719893 -0.63511795 0.7042798
vn 0.4257793 -0.90013236 0.092053674
vn 0.07612125 -0.27077195 -0.95962924
vn 0.250333 -0.79087013 -0.5584422
vn -0.13498046 0.379803 -0.9151667
vn -0.28339002 0.85436225 -0.43560907
vn -0.29635662 0.9206612 0.25407833
vn -0.16761085 0.546647 0.82041687
vn 0.039360482 -0.082799144 0.9957887
vn 0.22652857 -0.6691477 0.70776147
vn 0.30901548 -0.9461218 0.096763514
vn 0.053997107 -0.27891943 -0.9587952
vn 0.15687184 -0.81635517 -0.55583763
vn -0.074891105 0.3929376 -0.9165106
vn -0.16907628 0.88268006 -0.4385078
vn -0.18246861 0.9506303 0.2510124
vn -0.10859281 0.5639334 0.81864953
vn 0.016027516 -0.08626328 0.9961435
vn 0.13228607 -0.69160455 0.710059
vn 0.18738115 -0.97719043 0.09993669
vn 0.031021563 -0.28423676 -0.9582523
vn 0.060937565 -0.8299872 -0.5544439
vn -0.013621469 0.39847705 -0.91707724
vn -0.05209697 0.89652324 -0.43992287
vn -0.06570304 0.9661623 0.24942689
vn -0.04786283 0.5737248 0.81764835
vn -0.007556053 -0.08679441 0.99619764
vn 0.035957348 -0.70213383 0.7111367
vn 0.062789276 -0.99284774 0.10154266
vn 0.007555725 -0.28665316 -0.9580048
vn -0.03595919 -0.8315521 -0.5542816
vn 0.047864027 0.39633936 -0.9168557
vn 0.06570491 0.8956723 -0.43983394
vn 0.052097563 0.9670156 0.24933289
vn 0.013622539 0.57586914 0.8174284
vn -0.031020982 -0.08437972 0.9959507
vn -0.06093684 -0.7005757 0.7109715
vn -0.062790684 -0.9928483 0.10153689
vn -0.016027749 -0.2861206 -0.9580596
vn -0.1322872 -0.82102036 -0.555361
vn 0.10859367 0.38654345 -0.9158557
vn 0.1824707 0.88013875 -0.43824694
vn 0.16907884 0.95317197 0.25075004
vn 0.07489268 0.5703308 0.81799394
vn -0.053997193 -0.07905465 0.9954068
vn -0.15687352 -0.68693966 0.70958066
vn -0.187381 -0.9771906 0.09993437
vn -0.039359026 -0.282653 -0.9584144
vn -0.22652961 -0.7985615 -0.55765927
vn 0.16761254 0.36925858 -0.9140865
vn 0.29635873 0.8501693 -0.43518227
vn 0.28339186 0.92485255 0.25364697
vn 0.13498116 0.5571921 0.81933945
vn -0.07612153 -0.0709144 0.9945736
vn -0.2503345 -0.66145027 0.7069769
vn -0.30901837 -0.9461209 0.09676285
vn -0.062068988 -0.27630422 -0.95906395
vn -0.31719983 -0.76453215 -0.5611373
vn 0.22398572 0.34474793 -0.9115807
vn 0.40557235 0.806238 -0.43068728
vn 0.3932353 0.88250303 0.25798154
vn 0.19294094 0.5366676 0.8214388
vn -0.09704519 -0.060076132 0.99346536
vn -0.33984628 -0.62451506 0.70319664
vn -0.4257802 -0.90013117 0.09206025
vn -0.08380272 -0.2671766 -0.95999676
vn -0.40286842 -0.7194641 -0.5657459
vn 0.2768258 0.31340125 -0.9083761
vn 0.5083894 0.74903446 -0.42483824
vn 0.49687827 0.8267922 0.26367915
vn 0.24785937 0.50907934 0.82425964
vn -0.11643872 -0.046715245 0.9920987
vn -0.42399937 -0.5767059 0.6983086
vn -0.5358277 -0.83994573 0.08590567
vn -0.10421046 -0.2554069 -0.9612011
vn -0.48217964 -0.6640688 -0.5714154
vn 0.32530564 0.27571842 -0.9045197
vn 0.60318905 0.67946136 -0.41772628
vn 0.59268606 0.7586003 0.27064574
vn 0.2988682 0.47486174 0.8277584
vn -0.13399395 -0.031037908 0.99049604
vn -0.50146586 -0.5187823 0.692385
vn -0.637425 -0.76651436 0.07839064
vn -0.1229791 -0.24118939 -0.9626546
vn -0.5538924 -0.59922487 -0.5780422
vn 0.368651 0.23228344 -0.9000783
vn 0.6884781 0.5986181 -0.4094561
vn 0.679145 0.67899746 0.27879122
vn 0.3451618 0.4345512 0.83188266
vn -0.14943843 -0.013299611 0.9886817
vn -0.57102597 -0.45166048 0.6855159
vn -0.7289696 -0.6809941 0.06964373
vn -0.13304116 -0.23395535 -0.96310174
vn -0.5878019 -0.5640441 -0.579951
vn 0.3877354 0.20861124 -0.89785445
vn 0.7267986 0.55437833 -0.4054978
vn 0.7188029 0.63570297 0.28143233
vn 0.36759025 0.41352275 0.83299243
vn -0.15575823 -0.0030021835 0.98779064
vn -0.60250646 -0.41466516 0.6819375
vn -0.7706872 -0.6337823 0.06603923
vn -0.58767045 0.8026692 -0.10181216
vn -0.5876729 0.802668 -0.10180803
vn -0.58766955 0.8026706 -0.10180673
vn -0.5876666 0.8026723 -0.1018097
vn -0.5876696 0.8026697 -0.10181356
vn -0.58767045 0.8026688 -0.1018154
vn -0.5876704 0.80266887 -0.101814985
vn -0.58767164 0.8026679 -0.10181533
vn -0.58767194 0.80266774 -0.101814024
vn -0.587671 0.80266887 -0.10181169
f 1655/1655/1655 1654/1654/1654 1653/1653/1653
f 3/3/3 2/2/2 1/1/1
f 1/1/1 4/4/4 3/3/3
f 1/1/1 2/2/2 1010/1010/1010
f 1010/1010/1010 1011/1011/1011 1/1/1
f 1031/1031/1031 1011/1011/1011 1010/1010/1010
f 1336/1336/1336 2/2/2 3/3/3
f 1010/1010/1010 1030/1030/1030 1031/1031/1031
f 1032/1032/1032 1031/1031/1031 1030/1030/1030
f 1352/1352/1352 1010/1010/1010 2/2/2
f 1030/1030/1030 1033/1033/1033 1032/1032/1032
f 1023/1023/1023 1032/1032/1032 1033/1033/1033
f 1349/1349/1349 1030/1030/1030 1010/1010/1010
f 1010/1010/1010 1352/1352/1352 1349/1349/1349
f 1350/1350/1350 1033/1033/1033 1030/1030/1030
f 1030/1030/1030 1349/1349/1349 1350/1350/1350
f 2/2/2 1351/1351/1351 1352/1352/1352
f 1349/1349/1349 1352/1352/1352 1351/1351/1351
f 2/2/2 1336/1336/1336 1351/1351/1351
f 1347/1347/1347 1350/1350/1350 1349/1349/1349
f 1033/1033/1033 1350/1350/1350 1347/1347/1347
f 1033/1033/1033 1022/1022/1022 1023/1023/1023
f 1347/1347/1347 1022/1022/1022 1033/1033/1033
f 1024/1024/1024 1023/1023/1023 1022/1022/1022
f 1346/1346/1346 1347/1347/1347 1349/1349/1349
f 1346/1346/1346 1349/1349/1349 1351/1351/1351
f 1022/1022/1022 1025/1025/1025 1024/1024/1024
f 1027/1027/1027 1024/1024/1024 1025/1025/1025
f 1022/1022/1022 1347/1347/1347 1348/1348/1348
f 1348/1348/1348 1025/1025/1025 1022/1022/1022
f 1344/1344/1344 1348/1348/1348 1347/1347/1347
f 1025/1025/1025 1348/1348/1348 1344/1344/1344
f 1346/1346/1346 1344/1344/1344 1347/1347/1347
f 1025/1025/1025 1026/1026/1026 1027/1027/1027
f 1344/1344/1344 1026/1026/1026 1025/1025/1025
f 1028/1028/1028 1027/1027/1027 1026/1026/1026
f 1026/1026/1026 1344/1344/1344 1345/1345/1345
f 1346/1346/1346 1345/1345/1345 1344/1344/1344
f 1026/1026/1026 1029/1029/1029 1028/1028/1028
f 1345/1345/1345 1029/1029/1029 1026/1026/1026
f 1029/1029/1029 1345/1345/1345 1346/1346/1346
f 1034/1034/1034 1028/1028/1028 1029/1029/1029
f 1346/1346/1346 1035/1035/1035 1029/1029/1029
f 1029/1029/1029 1035/1035/1035 1034/1034/1034
f 1035/1035/1035 1346/1346/1346 1015/1015/1015
f 1034/1034/1034 1035/1035/1035 983/983/983
f 1015/1015/1015 983/983/983 1035/1035/1035
f 983/983/983 984/984/984 1034/1034/1034
f 1015/1015/1015 1346/1346/1346 1014/1014/1014
f 1346/1346/1346 1351/1351/1351 1014/1014/1014
f 984/984/984 983/983/983 982/982/982
f 982/982/982 985/985/985 984/984/984
f 983/983/983 1015/1015/1015 1012/1012/1012
f 1012/1012/1012 982/982/982 983/983/983
f 1012/1012/1012 1015/1015/1015 1014/1014/1014
f 985/985/985 982/982/982 1040/1040/1040
f 1040/1040/1040 1041/1041/1041 985/985/985
f 1039/1039/1039 1041/1041/1041 1040/1040/1040
f 982/982/982 1012/1012/1012 1342/1342/1342
f 1342/1342/1342 1040/1040/1040 982/982/982
f 1040/1040/1040 1038/1038/1038 1039/1039/1039
f 1036/1036/1036 1039/1039/1039 1038/1038/1038
f 1040/1040/1040 1342/1342/1342 1343/1343/1343
f 1343/1343/1343 1038/1038/1038 1040/1040/1040
f 1340/1340/1340 1343/1343/1343 1342/1342/1342
f 1038/1038/1038 1343/1343/1343 1340/1340/1340
f 1038/1038/1038 1037/1037/1037 1036/1036/1036
f 1340/1340/1340 1037/1037/1037 1038/1038/1038
f 1016/1016/1016 1036/1036/1036 1037/1037/1037
f 1047/1047/1047 1340/1340/1340 1342/1342/1342
f 1047/1047/1047 1342/1342/1342 1012/1012/1012
f 1037/1037/1037 1340/1340/1340 1341/1341/1341
f 1047/1047/1047 1341/1341/1341 1340/1340/1340
f 1341/1341/1341 1019/1019/1019 1037/1037/1037
f 1037/1037/1037 1019/1019/1019 1016/1016/1016
f 1019/1019/1019 1341/1341/1341 1047/1047/1047
f 1016/1016/1016 1019/1019/1019 1018/1018/1018
f 1047/1047/1047 1018/1018/1018 1019/1019/1019
f 1018/1018/1018 1017/1017/1017 1016/1016/1016
f 1013/1013/1013 1047/1047/1047 1012/1012/1012
f 1014/1014/1014 1013/1013/1013 1012/1012/1012
f 1017/1017/1017 1018/1018/1018 947/947/947
f 947/947/947 948/948/948 1017/1017/1017
f 1018/1018/1018 1047/1047/1047 944/944/944
f 944/944/944 947/947/947 1018/1018/1018
f 948/948/948 947/947/947 946/946/946
f 946/946/946 949/949/949 948/948/948
f 947/947/947 944/944/944 945/945/945
f 945/945/945 946/946/946 947/947/947
f 949/949/949 946/946/946 7/7/7
f 7/7/7 8/8/8 949/949/949
f 5/5/5 8/8/8 7/7/7
f 946/946/946 945/945/945 75/75/75
f 75/75/75 7/7/7 946/946/946
f 7/7/7 6/6/6 5/5/5
f 9/9/9 5/5/5 6/6/6
f 7/7/7 75/75/75 77/77/77
f 77/77/77 6/6/6 7/7/7
f 6/6/6 10/10/10 9/9/9
f 11/11/11 9/9/9 10/10/10
f 6/6/6 77/77/77 79/79/79
f 79/79/79 10/10/10 6/6/6
f 77/77/77 75/75/75 76/76/76
f 76/76/76 78/78/78 77/77/77
f 79/79/79 77/77/77 78/78/78
f 74/74/74 76/76/76 75/75/75
f 78/78/78 80/80/80 79/79/79
f 75/75/75 73/73/73 74/74/74
f 73/73/73 75/75/75 945/945/945
f 71/71/71 74/74/74 73/73/73
f 81/81/81 79/79/79 80/80/80
f 10/10/10 79/79/79 81/81/81
f 80/80/80 82/82/82 81/81/81
f 10/10/10 12/12/12 11/11/11
f 81/81/81 12/12/12 10/10/10
f 13/13/13 11/11/11 12/12/12
f 83/83/83 81/81/81 82/82/82
f 12/12/12 81/81/81 83/83/83
f 82/82/82 84/84/84 83/83/83
f 12/12/12 14/14/14 13/13/13
f 83/83/83 14/14/14 12/12/12
f 15/15/15 13/13/13 14/14/14
f 85/85/85 83/83/83 84/84/84
f 14/14/14 83/83/83 85/85/85
f 84/84/84 86/86/86 85/85/85
f 14/14/14 16/16/16 15/15/15
f 85/85/85 16/16/16 14/14/14
f 17/17/17 15/15/15 16/16/16
f 87/87/87 85/85/85 86/86/86
f 16/16/16 85/85/85 87/87/87
f 86/86/86 88/88/88 87/87/87
f 16/16/16 18/18/18 17/17/17
f 87/87/87 18/18/18 16/16/16
f 19/19/19 17/17/17 18/18/18
f 89/89/89 87/87/87 88/88/88
f 18/18/18 87/87/87 89/89/89
f 88/88/88 90/90/90 89/89/89
f 18/18/18 20/20/20 19/19/19
f 89/89/89 20/20/20 18/18/18
f 21/21/21 19/19/19 20/20/20
f 91/91/91 89/89/89 90/90/90
f 20/20/20 89/89/89 91/91/91
f 90/90/90 92/92/92 91/91/91
f 20/20/20 22/22/22 21/21/21
f 91/91/91 22/22/22 20/20/20
f 23/23/23 21/21/21 22/22/22
f 93/93/93 91/91/91 92/92/92
f 22/22/22 91/91/91 93/93/93
f 92/92/92 94/94/94 93/93/93
f 22/22/22 24/24/24 23/23/23
f 93/93/93 24/24/24 22/22/22
f 25/25/25 23/23/23 24/24/24
f 95/95/95 93/93/93 94/94/94
f 24/24/24 93/93/93 95/95/95
f 94/94/94 96/96/96 95/95/95
f 24/24/24 26/26/26 25/25/25
f 95/95/95 26/26/26 24/24/24
f 27/27/27 25/25/25 26/26/26
f 97/97/97 95/95/95 96/96/96
f 26/26/26 95/95/95 97/97/97
f 96/96/96 98/98/98 97/97/97
f 26/26/26 28/28/28 27/27/27
f 97/97/97 28/28/28 26/26/26
f 29/29/29 27/27/27 28/28/28
f 99/99/99 97/97/97 98/98/98
f 28/28/28 97/97/97 99/99/99
f 98/98/98 100/100/100 99/99/99
f 28/28/28 30/30/30 29/29/29
f 99/99/99 30/30/30 28/28/28
f 31/31/31 29/29/29 30/30/30
f 101/101/101 99/99/99 100/100/100
f 30/30/30 99/99/99 101/101/101
f 100/100/100 102/102/102 101/101/101
f 30/30/30 32/32/32 31/31/31
f 101/101/101 32/32/32 30/30/30
f 33/33/33 31/31/31 32/32/32
f 103/103/103 101/101/101 102/102/102
f 32/32/32 101/101/101 103/103/103
f 102/102/102 105/105/105 104/104/104
f 103/103/103 102/102/102 104/104/104
f 32/32/32 34/34/34 33/33/33
f 103/103/103 34/34/34 32/32/32
f 35/35/35 33/33/33 34/34/34
f 106/106/106 103/103/103 104/104/104
f 34/34/34 103/103/103 106/106/106
f 104/104/104 107/107/107 106/106/106
f 106/106/106 107/107/107 108/108/108
f 34/34/34 36/36/36 35/35/35
f 106/106/106 36/36/36 34/34/34
f 37/37/37 35/35/35 36/36/36
f 109/109/109 106/106/106 108/108/108
f 36/36/36 106/106/106 109/109/109
f 109/109/109 108/108/108 110/110/110
f 36/36/36 38/38/38 37/37/37
f 109/109/109 38/38/38 36/36/36
f 39/39/39 37/37/37 38/38/38
f 111/111/111 109/109/109 110/110/110
f 38/38/38 109/109/109 111/111/111
f 110/110/110 112/112/112 111/111/111
f 38/38/38 40/40/40 39/39/39
f 111/111/111 40/40/40 38/38/38
f 41/41/41 39/39/39 40/40/40
f 113/113/113 111/111/111 112/112/112
f 40/40/40 111/111/111 113/113/113
f 112/112/112 114/114/114 113/113/113
f 40/40/40 42/42/42 41/41/41
f 113/113/113 42/42/42 40/40/40
f 43/43/43 41/41/41 42/42/42
f 115/115/115 113/113/113 114/114/114
f 42/42/42 113/113/113 115/115/115
f 114/114/114 116/116/116 115/115/115
f 42/42/42 44/44/44 43/43/43
f 115/115/115 44/44/44 42/42/42
f 45/45/45 43/43/43 44/44/44
f 117/117/117 115/115/115 116/116/116
f 44/44/44 115/115/115 117/117/117
f 116/116/116 118/118/118 117/117/117
f 44/44/44 46/46/46 45/45/45
f 117/117/117 46/46/46 44/44/44
f 47/47/47 45/45/45 46/46/46
f 119/119/119 117/117/117 118/118/118
f 46/46/46 117/117/117 119/119/119
f 118/118/118 120/120/120 119/119/119
f 46/46/46 48/48/48 47/47/47
f 119/119/119 48/48/48 46/46/46
f 49/49/49 47/47/47 48/48/48
f 121/121/121 119/119/119 120/120/120
f 48/48/48 119/119/119 121/121/121
f 120/120/120 122/122/122 121/121/121
f 48/48/48 50/50/50 49/49/49
f 121/121/121 50/50/50 48/48/48
f 51/51/51 49/49/49 50/50/50
f 123/123/123 121/121/121 122/122/122
f 50/50/50 121/121/121 123/123/123
f 122/122/122 124/124/124 123/123/123
f 50/50/50 52/52/52 51/51/51
f 123/123/123 52/52/52 50/50/50
f 53/53/53 51/51/51 52/52/52
f 125/125/125 123/123/123 124/124/124
f 52/52/52 123/123/123 125/125/125
f 124/124/124 126/126/126 125/125/125
f 52/52/52 54/54/54 53/53/53
f 125/125/125 54/54/54 52/52/52
f 55/55/55 53/53/53 54/54/54
f 127/127/127 125/125/125 126/126/126
f 54/54/54 125/125/125 127/127/127
f 126/126/126 128/128/128 127/127/127
f 54/54/54 56/56/56 55/55/55
f 127/127/127 56/56/56 54/54/54
f 57/57/57 55/55/55 56/56/56
f 129/129/129 127/127/127 128/128/128
f 56/56/56 127/127/127 129/129/129
f 128/128/128 130/130/130 129/129/129
f 56/56/56 58/58/58 57/57/57
f 129/129/129 58/58/58 56/56/56
f 59/59/59 57/57/57 58/58/58
f 131/131/131 129/129/129 130/130/130
f 58/58/58 129/129/129 131/131/131
f 130/130/130 132/132/132 131/131/131
f 58/58/58 60/60/60 59/59/59
f 131/131/131 60/60/60 58/58/58
f 61/61/61 59/59/59 60/60/60
f 133/133/133 131/131/131 132/132/132
f 60/60/60 131/131/131 133/133/133
f 132/132/132 134/134/134 133/133/133
f 60/60/60 62/62/62 61/61/61
f 133/133/133 62/62/62 60/60/60
f 63/63/63 61/61/61 62/62/62
f 135/135/135 133/133/133 134/134/134
f 62/62/62 133/133/133 135/135/135
f 134/134/134 136/136/136 135/135/135
f 62/62/62 64/64/64 63/63/63
f 135/135/135 64/64/64 62/62/62
f 65/65/65 63/63/63 64/64/64
f 137/137/137 135/135/135 136/136/136
f 64/64/64 135/135/135 137/137/137
f 136/136/136 138/138/138 137/137/137
f 64/64/64 66/66/66 65/65/65
f 137/137/137 66/66/66 64/64/64
f 65/65/65 66/66/66 967/967/967
f 967/967/967 964/964/964 65/65/65
f 66/66/66 137/137/137 971/971/971
f 971/971/971 967/967/967 66/66/66
f 139/139/139 137/137/137 138/138/138
f 971/971/971 137/137/137 139/139/139
f 138/138/138 140/140/140 139/139/139
f 964/964/964 967/967/967 966/966/966
f 966/966/966 965/965/965 964/964/964
f 967/967/967 971/971/971 968/968/968
f 968/968/968 966/966/966 967/967/967
f 139/139/139 970/970/970 971/971/971
f 968/968/968 971/971/971 970/970/970
f 141/141/141 139/139/139 140/140/140
f 970/970/970 139/139/139 141/141/141
f 141/141/141 140/140/140 142/142/142
f 965/965/965 966/966/966 1057/1057/1057
f 1057/1057/1057 1056/1056/1056 965/965/965
f 966/966/966 968/968/968 1058/1058/1058
f 1058/1058/1058 1057/1057/1057 966/966/966
f 970/970/970 969/969/969 968/968/968
f 1058/1058/1058 968/968/968 969/969/969
f 1056/1056/1056 1057/1057/1057 1003/1003/1003
f 1003/1003/1003 1000/1000/1000 1056/1056/1056
f 1057/1057/1057 1058/1058/1058 1004/1004/1004
f 1004/1004/1004 1003/1003/1003 1057/1057/1057
f 1000/1000/1000 1003/1003/1003 1002/1002/1002
f 1002/1002/1002 1001/1001/1001 1000/1000/1000
f 1003/1003/1003 1004/1004/1004 1005/1005/1005
f 1005/1005/1005 1002/1002/1002 1003/1003/1003
f 1001/1001/1001 1002/1002/1002 1074/1074/1074
f 1074/1074/1074 1075/1075/1075 1001/1001/1001
f 1002/1002/1002 1005/1005/1005 1079/1079/1079
f 1079/1079/1079 1074/1074/1074 1002/1002/1002
f 1075/1075/1075 1074/1074/1074 1073/1073/1073
f 1073/1073/1073 1076/1076/1076 1075/1075/1075
f 70/70/70 1076/1076/1076 1073/1073/1073
f 1074/1074/1074 1079/1079/1079 1080/1080/1080
f 1080/1080/1080 1073/1073/1073 1074/1074/1074
f 1073/1073/1073 69/69/69 70/70/70
f 1080/1080/1080 69/69/69 1073/1073/1073
f 67/67/67 70/70/70 69/69/69
f 1077/1077/1077 1080/1080/1080 1079/1079/1079
f 69/69/69 1080/1080/1080 1077/1077/1077
f 69/69/69 68/68/68 67/67/67
f 1077/1077/1077 68/68/68 69/69/69
f 1297/1297/1297 67/67/67 68/68/68
f 1079/1079/1079 1078/1078/1078 1077/1077/1077
f 1078/1078/1078 1079/1079/1079 1005/1005/1005
f 68/68/68 1298/1298/1298 1297/1297/1297
f 1299/1299/1299 1297/1297/1297 1298/1298/1298
f 68/68/68 1077/1077/1077 1294/1294/1294
f 1294/1294/1294 1298/1298/1298 68/68/68
f 1077/1077/1077 1078/1078/1078 1293/1293/1293
f 1293/1293/1293 1294/1294/1294 1077/1077/1077
f 1005/1005/1005 1006/1006/1006 1078/1078/1078
f 1293/1293/1293 1078/1078/1078 1006/1006/1006
f 1006/1006/1006 1005/1005/1005 1004/1004/1004
f 1294/1294/1294 1293/1293/1293 1295/1295/1295
f 1004/1004/1004 1007/1007/1007 1006/1006/1006
f 1007/1007/1007 1004/1004/1004 1058/1058/1058
f 1293/1293/1293 1006/1006/1006 1339/1339/1339
f 1339/1339/1339 1295/1295/1295 1293/1293/1293
f 1058/1058/1058 1059/1059/1059 1007/1007/1007
f 969/969/969 1059/1059/1059 1058/1058/1058
f 1084/1084/1084 1295/1295/1295 1339/1339/1339
f 1084/1084/1084 1339/1339/1339 1006/1006/1006
f 1295/1295/1295 1296/1296/1296 1294/1294/1294
f 1298/1298/1298 1294/1294/1294 1296/1296/1296
f 1296/1296/1296 1295/1295/1295 1084/1084/1084
f 1296/1296/1296 1300/1300/1300 1298/1298/1298
f 1298/1298/1298 1300/1300/1300 1299/1299/1299
f 1084/1084/1084 1081/1081/1081 1296/1296/1296
f 1300/1300/1300 1296/1296/1296 1081/1081/1081
f 1084/1084/1084 1006/1006/1006 1008/1008/1008
f 1008/1008/1008 1006/1006/1006 1007/1007/1007
f 1081/1081/1081 1084/1084/1084 1083/1083/1083
f 1083/1083/1083 1084/1084/1084 1008/1008/1008
f 1301/1301/1301 1299/1299/1299 1300/1300/1300
f 1147/1147/1147 1299/1299/1299 1301/1301/1301
f 1081/1081/1081 1302/1302/1302 1300/1300/1300
f 1300/1300/1300 1302/1302/1302 1301/1301/1301
f 1302/1302/1302 1081/1081/1081 1082/1082/1082
f 1083/1083/1083 1082/1082/1082 1081/1081/1081
f 1301/1301/1301 1302/1302/1302 1303/1303/1303
f 1082/1082/1082 1303/1303/1303 1302/1302/1302
f 1082/1082/1082 1083/1083/1083 1292/1292/1292
f 1303/1303/1303 1082/1082/1082 1291/1291/1291
f 1292/1292/1292 1291/1291/1291 1082/1082/1082
f 1853/1853/1853 1292/1292/1292 1083/1083/1083
f 1083/1083/1083 1008/1008/1008 1853/1853/1853
f 1290/1290/1290 1292/1292/1292 1853/1853/1853
f 1291/1291/1291 1292/1292/1292 1290/1290/1290
f 1290/1290/1290 1853/1853/1853 1008/1008/1008
f 1291/1291/1291 1305/1305/1305 1303/1303/1303
f 1290/1290/1290 1287/1287/1287 1291/1291/1291
f 1305/1305/1305 1291/1291/1291 1287/1287/1287
f 1303/1303/1303 1304/1304/1304 1301/1301/1301
f 1304/1304/1304 1303/1303/1303 1305/1305/1305
f 1287/1287/1287 1290/1290/1290 1289/1289/1289
f 1008/1008/1008 1289/1289/1289 1290/1290/1290
f 1287/1287/1287 1307/1307/1307 1305/1305/1305
f 1289/1289/1289 1288/1288/1288 1287/1287/1287
f 1307/1307/1307 1287/1287/1287 1288/1288/1288
f 1305/1305/1305 1306/1306/1306 1304/1304/1304
f 1306/1306/1306 1305/1305/1305 1307/1307/1307
f 1149/1149/1149 1301/1301/1301 1304/1304/1304
f 1301/1301/1301 1149/1149/1149 1147/1147/1147
f 1151/1151/1151 1304/1304/1304 1306/1306/1306
f 1304/1304/1304 1151/1151/1151 1149/1149/1149
f 1307/1307/1307 1308/1308/1308 1306/1306/1306
f 1148/1148/1148 1147/1147/1147 1149/1149/1149
f 1288/1288/1288 1286/1286/1286 1307/1307/1307
f 1308/1308/1308 1307/1307/1307 1286/1286/1286
f 1226/1226/1226 1288/1288/1288 1289/1289/1289
f 1226/1226/1226 1286/1286/1286 1288/1288/1288
f 1289/1289/1289 1225/1225/1225 1226/1226/1226
f 1225/1225/1225 1289/1289/1289 1008/1008/1008
f 1286/1286/1286 1226/1226/1226 1227/1227/1227
f 1008/1008/1008 1231/1231/1231 1225/1225/1225
f 1226/1226/1226 1225/1225/1225 1224/1224/1224
f 1224/1224/1224 1227/1227/1227 1226/1226/1226
f 1224/1224/1224 1225/1225/1225 1231/1231/1231
f 1227/1227/1227 1284/1284/1284 1286/1286/1286
f 1231/1231/1231 1008/1008/1008 1009/1009/1009
f 1007/1007/1007 1009/1009/1009 1008/1008/1008
f 1284/1284/1284 1227/1227/1227 1245/1245/1245
f 1245/1245/1245 1227/1227/1227 1224/1224/1224
f 1060/1060/1060 1009/1009/1009 1007/1007/1007
f 1007/1007/1007 1059/1059/1059 1060/1060/1060
f 1009/1009/1009 1230/1230/1230 1231/1231/1231
f 1230/1230/1230 1009/1009/1009 1060/1060/1060
f 1231/1231/1231 1228/1228/1228 1224/1224/1224
f 1228/1228/1228 1231/1231/1231 1230/1230/1230
f 972/972/972 1060/1060/1060 1059/1059/1059
f 1059/1059/1059 969/969/969 972/972/972
f 1060/1060/1060 1234/1234/1234 1230/1230/1230
f 1234/1234/1234 1060/1060/1060 972/972/972
f 1230/1230/1230 1229/1229/1229 1228/1228/1228
f 1229/1229/1229 1230/1230/1230 1234/1234/1234
f 973/973/973 972/972/972 969/969/969
f 969/969/969 970/970/970 973/973/973
f 141/141/141 973/973/973 970/970/970
f 972/972/972 1233/1233/1233 1234/1234/1234
f 1233/1233/1233 972/972/972 973/973/973
f 1234/1234/1234 1235/1235/1235 1229/1229/1229
f 973/973/973 1237/1237/1237 1233/1233/1233
f 1237/1237/1237 973/973/973 141/141/141
f 1234/1234/1234 1233/1233/1233 1232/1232/1232
f 1232/1232/1232 1235/1235/1235 1234/1234/1234
f 1233/1233/1233 1237/1237/1237 1236/1236/1236
f 1236/1236/1236 1232/1232/1232 1233/1233/1233
f 1252/1252/1252 1229/1229/1229 1235/1235/1235
f 1228/1228/1228 1229/1229/1229 1252/1252/1252
f 1260/1260/1260 1235/1235/1235 1232/1232/1232
f 1235/1235/1235 1260/1260/1260 1252/1252/1252
f 1236/1236/1236 1261/1261/1261 1232/1232/1232
f 1232/1232/1232 1261/1261/1261 1260/1260/1260
f 1252/1252/1252 1253/1253/1253 1228/1228/1228
f 1224/1224/1224 1228/1228/1228 1253/1253/1253
f 1250/1250/1250 1252/1252/1252 1260/1260/1260
f 1253/1253/1253 1252/1252/1252 1250/1250/1250
f 1255/1255/1255 1260/1260/1260 1261/1261/1261
f 1260/1260/1260 1255/1255/1255 1250/1250/1250
f 1254/1254/1254 1261/1261/1261 1236/1236/1236
f 1261/1261/1261 1254/1254/1254 1255/1255/1255
f 1253/1253/1253 1244/1244/1244 1224/1224/1224
f 1224/1224/1224 1244/1244/1244 1245/1245/1245
f 1250/1250/1250 1251/1251/1251 1253/1253/1253
f 1244/1244/1244 1253/1253/1253 1251/1251/1251
f 1248/1248/1248 1250/1250/1250 1255/1255/1255
f 1251/1251/1251 1250/1250/1250 1248/1248/1248
f 1256/1256/1256 1255/1255/1255 1254/1254/1254
f 1255/1255/1255 1256/1256/1256 1248/1248/1248
f 1236/1236/1236 1209/1209/1209 1254/1254/1254
f 1209/1209/1209 1236/1236/1236 1237/1237/1237
f 1254/1254/1254 1257/1257/1257 1256/1256/1256
f 1257/1257/1257 1254/1254/1254 1209/1209/1209
f 1237/1237/1237 1208/1208/1208 1209/1209/1209
f 141/141/141 1208/1208/1208 1237/1237/1237
f 1209/1209/1209 1206/1206/1206 1257/1257/1257
f 1206/1206/1206 1209/1209/1209 1208/1208/1208
f 1208/1208/1208 141/141/141 143/143/143
f 143/143/143 141/141/141 142/142/142
f 143/143/143 142/142/142 1204/1204/1204
f 1204/1204/1204 1205/1205/1205 143/143/143
f 1208/1208/1208 143/143/143 1205/1205/1205
f 1205/1205/1205 1204/1204/1204 71/71/71
f 1208/1208/1208 1207/1207/1207 1206/1206/1206
f 1205/1205/1205 1207/1207/1207 1208/1208/1208
f 72/72/72 1205/1205/1205 71/71/71
f 73/73/73 72/72/72 71/71/71
f 72/72/72 1262/1262/1262 1205/1205/1205
f 1205/1205/1205 1262/1262/1262 1207/1207/1207
f 1045/1045/1045 1262/1262/1262 72/72/72
f 1045/1045/1045 72/72/72 73/73/73
f 1207/1207/1207 1262/1262/1262 1045/1045/1045
f 1210/1210/1210 1206/1206/1206 1207/1207/1207
f 1257/1257/1257 1206/1206/1206 1210/1210/1210
f 1045/1045/1045 1211/1211/1211 1207/1207/1207
f 1207/1207/1207 1211/1211/1211 1210/1210/1210
f 1045/1045/1045 73/73/73 943/943/943
f 945/945/945 943/943/943 73/73/73
f 943/943/943 945/945/945 944/944/944
f 940/940/940 1045/1045/1045 943/943/943
f 1045/1045/1045 940/940/940 1211/1211/1211
f 944/944/944 942/942/942 943/943/943
f 940/940/940 943/943/943 942/942/942
f 944/944/944 1047/1047/1047 942/942/942
f 1211/1211/1211 940/940/940 941/941/941
f 942/942/942 941/941/941 940/940/940
f 1212/1212/1212 1210/1210/1210 1211/1211/1211
f 1047/1047/1047 1043/1043/1043 942/942/942
f 1212/1212/1212 1258/1258/1258 1210/1210/1210
f 1210/1210/1210 1258/1258/1258 1257/1257/1257
f 1211/1211/1211 1213/1213/1213 1212/1212/1212
f 941/941/941 1213/1213/1213 1211/1211/1211
f 1257/1257/1257 1258/1258/1258 1259/1259/1259
f 1259/1259/1259 1256/1256/1256 1257/1257/1257
f 1258/1258/1258 1212/1212/1212 1214/1214/1214
f 1214/1214/1214 1259/1259/1259 1258/1258/1258
f 1214/1214/1214 1212/1212/1212 1213/1213/1213
f 1256/1256/1256 1259/1259/1259 1246/1246/1246
f 1246/1246/1246 1259/1259/1259 1214/1214/1214
f 1246/1246/1246 1248/1248/1248 1256/1256/1256
f 1213/1213/1213 1215/1215/1215 1214/1214/1214
f 1248/1248/1248 1246/1246/1246 1247/1247/1247
f 1044/1044/1044 1215/1215/1215 1213/1213/1213
f 1213/1213/1213 941/941/941 1044/1044/1044
f 1214/1214/1214 1216/1216/1216 1246/1246/1246
f 1247/1247/1247 1246/1246/1246 1216/1216/1216
f 1214/1214/1214 1215/1215/1215 1219/1219/1219
f 1219/1219/1219 1216/1216/1216 1214/1214/1214
f 1215/1215/1215 1044/1044/1044 1328/1328/1328
f 1328/1328/1328 1219/1219/1219 1215/1215/1215
f 1042/1042/1042 1044/1044/1044 941/941/941
f 942/942/942 1042/1042/1042 941/941/941
f 942/942/942 1043/1043/1043 1042/1042/1042
f 1327/1327/1327 1328/1328/1328 1044/1044/1044
f 1044/1044/1044 1042/1042/1042 1327/1327/1327
f 1047/1047/1047 1046/1046/1046 1043/1043/1043
f 1042/1042/1042 1043/1043/1043 1046/1046/1046
f 1046/1046/1046 1047/1047/1047 1013/1013/1013
f 1219/1219/1219 1328/1328/1328 1329/1329/1329
f 1013/1013/1013 1320/1320/1320 1046/1046/1046
f 1320/1320/1320 1013/1013/1013 1014/1014/1014
f 1329/1329/1329 1218/1218/1218 1219/1219/1219
f 1216/1216/1216 1219/1219/1219 1218/1218/1218
f 1014/1014/1014 1321/1321/1321 1320/1320/1320
f 1014/1014/1014 1351/1351/1351 1321/1321/1321
f 1334/1334/1334 1046/1046/1046 1320/1320/1320
f 1042/1042/1042 1046/1046/1046 1334/1334/1334
f 979/979/979 1320/1320/1320 1321/1321/1321
f 1320/1320/1320 979/979/979 1334/1334/1334
f 978/978/978 1321/1321/1321 1351/1351/1351
f 1321/1321/1321 978/978/978 979/979/979
f 1351/1351/1351 1336/1336/1336 978/978/978
f 980/980/980 1334/1334/1334 979/979/979
f 980/980/980 979/979/979 978/978/978
f 981/981/981 978/978/978 1336/1336/1336
f 978/978/978 981/981/981 980/980/980
f 1336/1336/1336 1335/1335/1335 981/981/981
f 3/3/3 1335/1335/1335 1336/1336/1336
f 1371/1371/1371 1335/1335/1335 3/3/3
f 981/981/981 1335/1335/1335 1371/1371/1371
f 3/3/3 1381/1381/1381 1371/1371/1371
f 980/980/980 981/981/981 975/975/975
f 1371/1371/1371 1381/1381/1381 1378/1378/1378
f 1378/1378/1378 1381/1381/1381 1380/1380/1380
f 1380/1380/1380 1379/1379/1379 1378/1378/1378
f 981/981/981 1371/1371/1371 1331/1331/1331
f 981/981/981 1331/1331/1331 975/975/975
f 1378/1378/1378 1395/1395/1395 1371/1371/1371
f 1331/1331/1331 1371/1371/1371 1395/1395/1395
f 1614/1614/1614 1378/1378/1378 1379/1379/1379
f 1378/1378/1378 1614/1614/1614 1395/1395/1395
f 1379/1379/1379 1615/1615/1615 1614/1614/1614
f 1417/1417/1417 1615/1615/1615 1379/1379/1379
f 1614/1614/1614 1615/1615/1615 1613/1613/1613
f 1613/1613/1613 1612/1612/1612 1614/1614/1614
f 1395/1395/1395 1614/1614/1614 1612/1612/1612
f 1612/1612/1612 1613/1613/1613 1611/1611/1611
f 1612/1612/1612 1396/1396/1396 1395/1395/1395
f 1395/1395/1395 1396/1396/1396 1331/1331/1331
f 1611/1611/1611 1610/1610/1610 1612/1612/1612
f 1396/1396/1396 1612/1612/1612 1610/1610/1610
f 1610/1610/1610 1611/1611/1611 1609/1609/1609
f 1330/1330/1330 1331/1331/1331 1396/1396/1396
f 1609/1609/1609 1606/1606/1606 1610/1610/1610
f 1610/1610/1610 1397/1397/1397 1396/1396/1396
f 1397/1397/1397 1610/1610/1610 1606/1606/1606
f 1396/1396/1396 1397/1397/1397 1330/1330/1330
f 1606/1606/1606 1609/1609/1609 1608/1608/1608
f 1331/1331/1331 1330/1330/1330 974/974/974
f 974/974/974 975/975/975 1331/1331/1331
f 1608/1608/1608 1607/1607/1607 1606/1606/1606
f 976/976/976 975/975/975 974/974/974
f 975/975/975 976/976/976 980/980/980
f 1334/1334/1334 980/980/980 976/976/976
f 1606/1606/1606 1398/1398/1398 1397/1397/1397
f 1398/1398/1398 1606/1606/1606 1607/1607/1607
f 976/976/976 1332/1332/1332 1334/1334/1334
f 1042/1042/1042 1334/1334/1334 1332/1332/1332
f 974/974/974 977/977/977 976/976/976
f 1332/1332/1332 976/976/976 977/977/977
f 1322/1322/1322 974/974/974 1330/1330/1330
f 977/977/977 974/974/974 1322/1322/1322
f 1374/1374/1374 1330/1330/1330 1397/1397/1397
f 1330/1330/1330 1374/1374/1374 1322/1322/1322
f 1397/1397/1397 1398/1398/1398 1374/1374/1374
f 977/977/977 1333/1333/1333 1332/1332/1332
f 1042/1042/1042 1332/1332/1332 1333/1333/1333
f 1333/1333/1333 977/977/977 1323/1323/1323
f 1322/1322/1322 1323/1323/1323 977/977/977
f 1042/1042/1042 1333/1333/1333 1372/1372/1372
f 1323/1323/1323 1372/1372/1372 1333/1333/1333
f 1042/1042/1042 1372/1372/1372 1324/1324/1324
f 1324/1324/1324 1372/1372/1372 1323/1323/1323
f 1324/1324/1324 1323/1323/1323 1322/1322/1322
f 1324/1324/1324 1327/1327/1327 1042/1042/1042
f 1322/1322/1322 1325/1325/1325 1324/1324/1324
f 1327/1327/1327 1324/1324/1324 1325/1325/1325
f 1325/1325/1325 1322/1322/1322 1374/1374/1374
f 1373/1373/1373 1374/1374/1374 1398/1398/1398
f 1374/1374/1374 1373/1373/1373 1325/1325/1325
f 1325/1325/1325 1326/1326/1326 1327/1327/1327
f 1326/1326/1326 1325/1325/1325 1373/1373/1373
f 1328/1328/1328 1327/1327/1327 1326/1326/1326
f 1326/1326/1326 1329/1329/1329 1328/1328/1328
f 1398/1398/1398 1399/1399/1399 1373/1373/1373
f 1607/1607/1607 1399/1399/1399 1398/1398/1398
f 1376/1376/1376 1373/1373/1373 1399/1399/1399
f 1373/1373/1373 1376/1376/1376 1326/1326/1326
f 1399/1399/1399 1607/1607/1607 1602/1602/1602
f 1602/1602/1602 1607/1607/1607 1608/1608/1608
f 1608/1608/1608 1605/1605/1605 1602/1602/1602
f 1602/1602/1602 1605/1605/1605 1604/1604/1604
f 1399/1399/1399 1382/1382/1382 1376/1376/1376
f 1602/1602/1602 1382/1382/1382 1399/1399/1399
f 1604/1604/1604 1603/1603/1603 1602/1602/1602
f 1382/1382/1382 1602/1602/1602 1603/1603/1603
f 1601/1601/1601 1603/1603/1603 1604/1604/1604
f 1604/1604/1604 1600/1600/1600 1601/1601/1601
f 1375/1375/1375 1376/1376/1376 1382/1382/1382
f 1326/1326/1326 1376/1376/1376 1375/1375/1375
f 1599/1599/1599 1601/1601/1601 1600/1600/1600
f 1600/1600/1600 1598/1598/1598 1599/1599/1599
f 1603/1603/1603 1601/1601/1601 1429/1429/1429
f 1429/1429/1429 1601/1601/1601 1599/1599/1599
f 1603/1603/1603 1416/1416/1416 1382/1382/1382
f 1429/1429/1429 1416/1416/1416 1603/1603/1603
f 1597/1597/1597 1599/1599/1599 1598/1598/1598
f 1598/1598/1598 1596/1596/1596 1597/1597/1597
f 1382/1382/1382 1416/1416/1416 1415/1415/1415
f 1416/1416/1416 1429/1429/1429 1415/1415/1415
f 1382/1382/1382 1383/1383/1383 1375/1375/1375
f 1415/1415/1415 1383/1383/1383 1382/1382/1382
f 1377/1377/1377 1375/1375/1375 1383/1383/1383
f 1326/1326/1326 1375/1375/1375 1377/1377/1377
f 1421/1421/1421 1383/1383/1383 1415/1415/1415
f 1383/1383/1383 1421/1421/1421 1377/1377/1377
f 1326/1326/1326 1377/1377/1377 1315/1315/1315
f 1315/1315/1315 1377/1377/1377 1421/1421/1421
f 1599/1599/1599 1442/1442/1442 1429/1429/1429
f 1442/1442/1442 1599/1599/1599 1597/1597/1597
f 1429/1429/1429 1428/1428/1428 1415/1415/1415
f 1594/1594/1594 1597/1597/1597 1596/1596/1596
f 1596/1596/1596 1595/1595/1595 1594/1594/1594
f 1421/1421/1421 1415/1415/1415 1427/1427/1427
f 1428/1428/1428 1427/1427/1427 1415/1415/1415
f 1440/1440/1440 1597/1597/1597 1594/1594/1594
f 1597/1597/1597 1440/1440/1440 1442/1442/1442
f 1651/1651/1651 1594/1594/1594 1595/1595/1595
f 1595/1595/1595 1593/1593/1593 1651/1651/1651
f 1594/1594/1594 1436/1436/1436 1440/1440/1440
f 1436/1436/1436 1594/1594/1594 1651/1651/1651
f 1429/1429/1429 1442/1442/1442 1443/1443/1443
f 1443/1443/1443 1428/1428/1428 1429/1429/1429
f 1442/1442/1442 1440/1440/1440 1441/1441/1441
f 1441/1441/1441 1443/1443/1443 1442/1442/1442
f 1440/1440/1440 1436/1436/1436 1437/1437/1437
f 1437/1437/1437 1441/1441/1441 1440/1440/1440
f 1587/1587/1587 1428/1428/1428 1443/1443/1443
f 1585/1585/1585 1443/1443/1443 1441/1441/1441
f 1443/1443/1443 1585/1585/1585 1587/1587/1587
f 1583/1583/1583 1441/1441/1441 1437/1437/1437
f 1441/1441/1441 1583/1583/1583 1585/1585/1585
f 1428/1428/1428 1587/1587/1587 1588/1588/1588
f 1588/1588/1588 1427/1427/1427 1428/1428/1428
f 1586/1586/1586 1587/1587/1587 1585/1585/1585
f 1588/1588/1588 1587/1587/1587 1586/1586/1586
f 1584/1584/1584 1585/1585/1585 1583/1583/1583
f 1585/1585/1585 1584/1584/1584 1586/1586/1586
f 1437/1437/1437 1582/1582/1582 1583/1583/1583
f 1583/1583/1583 1580/1580/1580 1584/1584/1584
f 1580/1580/1580 1583/1583/1583 1582/1582/1582
f 1438/1438/1438 1437/1437/1437 1436/1436/1436
f 1582/1582/1582 1437/1437/1437 1438/1438/1438
f 1436/1436/1436 1439/1439/1439 1438/1438/1438
f 1651/1651/1651 1439/1439/1439 1436/1436/1436
f 1438/1438/1438 1652/1652/1652 1582/1582/1582
f 1424/1424/1424 1438/1438/1438 1439/1439/1439
f 1424/1424/1424 1652/1652/1652 1438/1438/1438
f 1423/1423/1423 1439/1439/1439 1651/1651/1651
f 1439/1439/1439 1423/1423/1423 1424/1424/1424
f 1581/1581/1581 1582/1582/1582 1652/1652/1652
f 1582/1582/1582 1581/1581/1581 1580/1580/1580
f 1652/1652/1652 1424/1424/1424 1425/1425/1425
f 1425/1425/1425 1424/1424/1424 1423/1423/1423
f 1423/1423/1423 1651/1651/1651 1590/1590/1590
f 1593/1593/1593 1590/1590/1590 1651/1651/1651
f 1423/1423/1423 1426/1426/1426 1425/1425/1425
f 1590/1590/1590 1426/1426/1426 1423/1423/1423
f 1425/1425/1425 1578/1578/1578 1652/1652/1652
f 1426/1426/1426 1590/1590/1590 1591/1591/1591
f 1645/1645/1645 1425/1425/1425 1426/1426/1426
f 1578/1578/1578 1425/1425/1425 1645/1645/1645
f 1591/1591/1591 1646/1646/1646 1426/1426/1426
f 1426/1426/1426 1646/1646/1646 1645/1645/1645
f 1592/1592/1592 1591/1591/1591 1590/1590/1590
f 1646/1646/1646 1591/1591/1591 1592/1592/1592
f 1590/1590/1590 1593/1593/1593 1592/1592/1592
f 1592/1592/1592 1849/1849/1849 1646/1646/1646
f 1849/1849/1849 1592/1592/1592 1593/1593/1593
f 1593/1593/1593 1444/1444/1444 1849/1849/1849
f 1645/1645/1645 1577/1577/1577 1578/1578/1578
f 1577/1577/1577 1645/1645/1645 1850/1850/1850
f 1850/1850/1850 1576/1576/1576 1577/1577/1577
f 1578/1578/1578 1577/1577/1577 1576/1576/1576
f 1576/1576/1576 1850/1850/1850 1445/1445/1445
f 1576/1576/1576 1579/1579/1579 1578/1578/1578
f 1445/1445/1445 1579/1579/1579 1576/1576/1576
f 1579/1579/1579 1652/1652/1652 1578/1578/1578
f 1652/1652/1652 1579/1579/1579 1581/1581/1581
f 1435/1435/1435 1445/1445/1445 1444/1444/1444
f 1579/1579/1579 1445/1445/1445 1435/1435/1435
f 1435/1435/1435 1581/1581/1581 1579/1579/1579
f 1444/1444/1444 1434/1434/1434 1435/1435/1435
f 1581/1581/1581 1435/1435/1435 1431/1431/1431
f 1431/1431/1431 1435/1435/1435 1434/1434/1434
f 1431/1431/1431 1580/1580/1580 1581/1581/1581
f 1434/1434/1434 1430/1430/1430 1431/1431/1431
f 1580/1580/1580 1431/1431/1431 1432/1432/1432
f 1432/1432/1432 1431/1431/1431 1430/1430/1430
f 1432/1432/1432 1584/1584/1584 1580/1580/1580
f 1430/1430/1430 1433/1433/1433 1432/1432/1432
f 1432/1432/1432 1433/1433/1433 1446/1446/1446
f 1584/1584/1584 1432/1432/1432 1447/1447/1447
f 1446/1446/1446 1447/1447/1447 1432/1432/1432
f 1447/1447/1447 1586/1586/1586 1584/1584/1584
f 1447/1447/1447 1446/1446/1446 1422/1422/1422
f 1586/1586/1586 1447/1447/1447 1448/1448/1448
f 1447/1447/1447 1422/1422/1422 1419/1419/1419
f 1447/1447/1447 1419/1419/1419 1448/1448/1448
f 1422/1422/1422 1420/1420/1420 1419/1419/1419
f 1420/1420/1420 1418/1418/1418 1419/1419/1419
f 1448/1448/1448 1589/1589/1589 1586/1586/1586
f 1586/1586/1586 1589/1589/1589 1588/1588/1588
f 1448/1448/1448 1559/1559/1559 1589/1589/1589
f 1588/1588/1588 1589/1589/1589 1559/1559/1559
f 1448/1448/1448 1419/1419/1419 1174/1174/1174
f 1559/1559/1559 1560/1560/1560 1588/1588/1588
f 1427/1427/1427 1588/1588/1588 1560/1560/1560
f 1559/1559/1559 1448/1448/1448 1391/1391/1391
f 1391/1391/1391 1448/1448/1448 1174/1174/1174
f 1560/1560/1560 1559/1559/1559 1558/1558/1558
f 1391/1391/1391 1558/1558/1558 1559/1559/1559
f 1560/1560/1560 1449/1449/1449 1427/1427/1427
f 1427/1427/1427 1449/1449/1449 1421/1421/1421
f 1315/1315/1315 1421/1421/1421 1449/1449/1449
f 1558/1558/1558 1561/1561/1561 1560/1560/1560
f 1449/1449/1449 1560/1560/1560 1561/1561/1561
f 1563/1563/1563 1561/1561/1561 1558/1558/1558
f 1561/1561/1561 1402/1402/1402 1449/1449/1449
f 1558/1558/1558 1562/1562/1562 1563/1563/1563
f 1391/1391/1391 1562/1562/1562 1558/1558/1558
f 1561/1561/1561 1563/1563/1563 1401/1401/1401
f 1401/1401/1401 1402/1402/1402 1561/1561/1561
f 1564/1564/1564 1563/1563/1563 1562/1562/1562
f 1401/1401/1401 1563/1563/1563 1564/1564/1564
f 1314/1314/1314 1449/1449/1449 1402/1402/1402
f 1314/1314/1314 1315/1315/1315 1449/1449/1449
f 1314/1314/1314 1402/1402/1402 1401/1401/1401
f 1562/1562/1562 1565/1565/1565 1564/1564/1564
f 1312/1312/1312 1315/1315/1315 1314/1314/1314
f 1326/1326/1326 1315/1315/1315 1312/1312/1312
f 1474/1474/1474 1565/1565/1565 1562/1562/1562
f 1562/1562/1562 1391/1391/1391 1474/1474/1474
f 1326/1326/1326 1312/1312/1312 1309/1309/1309
f 1326/1326/1326 1309/1309/1309 1329/1329/1329
f 1218/1218/1218 1329/1329/1329 1309/1309/1309
f 1474/1474/1474 1391/1391/1391 1390/1390/1390
f 1309/1309/1309 1312/1312/1312 1311/1311/1311
f 1390/1390/1390 1475/1475/1475 1474/1474/1474
f 1313/1313/1313 1311/1311/1311 1312/1312/1312
f 1313/1313/1313 1312/1312/1312 1314/1314/1314
f 1461/1461/1461 1474/1474/1474 1475/1475/1475
f 1565/1565/1565 1474/1474/1474 1461/1461/1461
f 1475/1475/1475 1460/1460/1460 1461/1461/1461
f 1478/1478/1478 1475/1475/1475 1390/1390/1390
f 1458/1458/1458 1461/1461/1461 1460/1460/1460
f 1460/1460/1460 1459/1459/1459 1458/1458/1458
f 1461/1461/1461 1567/1567/1567 1565/1565/1565
f 1567/1567/1567 1461/1461/1461 1458/1458/1458
f 1462/1462/1462 1458/1458/1458 1459/1459/1459
f 1459/1459/1459 1463/1463/1463 1462/1462/1462
f 1458/1458/1458 1569/1569/1569 1567/1567/1567
f 1569/1569/1569 1458/1458/1458 1462/1462/1462
f 1472/1472/1472 1462/1462/1462 1463/1463/1463
f 1463/1463/1463 1473/1473/1473 1472/1472/1472
f 1571/1571/1571 1462/1462/1462 1472/1472/1472
f 1462/1462/1462 1571/1571/1571 1569/1569/1569
f 1472/1472/1472 1574/1574/1574 1571/1571/1571
f 1565/1565/1565 1567/1567/1567 1566/1566/1566
f 1566/1566/1566 1564/1564/1564 1565/1565/1565
f 1567/1567/1567 1569/1569/1569 1568/1568/1568
f 1568/1568/1568 1566/1566/1566 1567/1567/1567
f 1569/1569/1569 1571/1571/1571 1570/1570/1570
f 1570/1570/1570 1568/1568/1568 1569/1569/1569
f 1570/1570/1570 1571/1571/1571 1574/1574/1574
f 1457/1457/1457 1564/1564/1564 1566/1566/1566
f 1564/1564/1564 1457/1457/1457 1401/1401/1401
f 1456/1456/1456 1566/1566/1566 1568/1568/1568
f 1566/1566/1566 1456/1456/1456 1457/1457/1457
f 1401/1401/1401 1457/1457/1457 1454/1454/1454
f 1454/1454/1454 1457/1457/1457 1456/1456/1456
f 1568/1568/1568 1471/1471/1471 1456/1456/1456
f 1471/1471/1471 1568/1568/1568 1570/1570/1570
f 1454/1454/1454 1403/1403/1403 1401/1401/1401
f 1314/1314/1314 1401/1401/1401 1403/1403/1403
f 1456/1456/1456 1455/1455/1455 1454/1454/1454
f 1403/1403/1403 1454/1454/1454 1476/1476/1476
f 1476/1476/1476 1454/1454/1454 1455/1455/1455
f 1456/1456/1456 1471/1471/1471 1470/1470/1470
f 1470/1470/1470 1455/1455/1455 1456/1456/1456
f 1570/1570/1570 1469/1469/1469 1471/1471/1471
f 1470/1470/1470 1471/1471/1471 1469/1469/1469
f 1570/1570/1570 1574/1574/1574 1575/1575/1575
f 1469/1469/1469 1570/1570/1570 1572/1572/1572
f 1574/1574/1574 1626/1626/1626 1575/1575/1575
f 1574/1574/1574 1628/1628/1628 1626/1626/1626
f 1573/1573/1573 1570/1570/1570 1575/1575/1575
f 1573/1573/1573 1572/1572/1572 1570/1570/1570
f 1626/1626/1626 1573/1573/1573 1575/1575/1575
f 1572/1572/1572 1467/1467/1467 1469/1469/1469
f 1467/1467/1467 1572/1572/1572 1573/1573/1573
f 1469/1469/1469 1468/1468/1468 1470/1470/1470
f 1468/1468/1468 1469/1469/1469 1467/1467/1467
f 1628/1628/1628 1843/1843/1843 1625/1625/1625
f 1625/1625/1625 1627/1627/1627 1628/1628/1628
f 1628/1628/1628 1627/1627/1627 1626/1626/1626
f 1627/1627/1627 1625/1625/1625 1453/1453/1453
f 1453/1453/1453 1626/1626/1626 1627/1627/1627
f 1453/1453/1453 1625/1625/1625 1624/1624/1624
f 1450/1450/1450 1573/1573/1573 1626/1626/1626
f 1626/1626/1626 1453/1453/1453 1450/1450/1450
f 1573/1573/1573 1466/1466/1466 1467/1467/1467
f 1450/1450/1450 1466/1466/1466 1573/1573/1573
f 1624/1624/1624 1452/1452/1452 1453/1453/1453
f 1450/1450/1450 1453/1453/1453 1452/1452/1452
f 1464/1464/1464 1467/1467/1467 1466/1466/1466
f 1467/1467/1467 1464/1464/1464 1468/1468/1468
f 1466/1466/1466 1450/1450/1450 1451/1451/1451
f 1452/1452/1452 1451/1451/1451 1450/1450/1450
f 1466/1466/1466 1465/1465/1465 1464/1464/1464
f 1451/1451/1451 1465/1465/1465 1466/1466/1466
f 1557/1557/1557 1452/1452/1452 1624/1624/1624
f 1556/1556/1556 1451/1451/1451 1452/1452/1452
f 1452/1452/1452 1557/1557/1557 1556/1556/1556
f 1451/1451/1451 1556/1556/1556 1465/1465/1465
f 1624/1624/1624 1555/1555/1555 1557/1557/1557
f 1557/1557/1557 1555/1555/1555 1556/1556/1556
f 1555/1555/1555 1624/1624/1624 1844/1844/1844
f 1551/1551/1551 1464/1464/1464 1465/1465/1465
f 1465/1465/1465 1556/1556/1556 1551/1551/1551
f 1844/1844/1844 1554/1554/1554 1555/1555/1555
f 1554/1554/1554 1844/1844/1844 1473/1473/1473
f 1473/1473/1473 1553/1553/1553 1554/1554/1554
f 1555/1555/1555 1554/1554/1554 1553/1553/1553
f 1555/1555/1555 1553/1553/1553 1556/1556/1556
f 1553/1553/1553 1552/1552/1552 1556/1556/1556
f 1552/1552/1552 1551/1551/1551 1556/1556/1556
f 1551/1551/1551 1552/1552/1552 1550/1550/1550
f 1464/1464/1464 1551/1551/1551 1549/1549/1549
f 1550/1550/1550 1549/1549/1549 1551/1551/1551
f 1549/1549/1549 1468/1468/1468 1464/1464/1464
f 1549/1549/1549 1550/1550/1550 1548/1548/1548
f 1468/1468/1468 1549/1549/1549 1545/1545/1545
f 1548/1548/1548 1545/1545/1545 1549/1549/1549
f 1545/1545/1545 1470/1470/1470 1468/1468/1468
f 1545/1545/1545 1548/1548/1548 1547/1547/1547
f 1547/1547/1547 1546/1546/1546 1545/1545/1545
f 1470/1470/1470 1545/1545/1545 1546/1546/1546
f 1546/1546/1546 1455/1455/1455 1470/1470/1470
f 1455/1455/1455 1546/1546/1546 1540/1540/1540
f 1540/1540/1540 1477/1477/1477 1455/1455/1455
f 1455/1455/1455 1477/1477/1477 1476/1476/1476
f 1477/1477/1477 1540/1540/1540 1538/1538/1538
f 1538/1538/1538 1540/1540/1540 1539/1539/1539
f 1539/1539/1539 1537/1537/1537 1538/1538/1538
f 1483/1483/1483 1476/1476/1476 1477/1477/1477
f 1403/1403/1403 1476/1476/1476 1483/1483/1483
f 1536/1536/1536 1538/1538/1538 1537/1537/1537
f 1537/1537/1537 1535/1535/1535 1536/1536/1536
f 1538/1538/1538 1498/1498/1498 1477/1477/1477
f 1498/1498/1498 1538/1538/1538 1536/1536/1536
f 1533/1533/1533 1536/1536/1536 1535/1535/1535
f 1535/1535/1535 1534/1534/1534 1533/1533/1533
f 1536/1536/1536 1496/1496/1496 1498/1498/1498
f 1496/1496/1496 1536/1536/1536 1533/1533/1533
f 1484/1484/1484 1477/1477/1477 1498/1498/1498
f 1477/1477/1477 1484/1484/1484 1483/1483/1483
f 1497/1497/1497 1498/1498/1498 1496/1496/1496
f 1498/1498/1498 1497/1497/1497 1484/1484/1484
f 1479/1479/1479 1533/1533/1533 1534/1534/1534
f 1534/1534/1534 1532/1532/1532 1479/1479/1479
f 1533/1533/1533 1494/1494/1494 1496/1496/1496
f 1494/1494/1494 1533/1533/1533 1479/1479/1479
f 1496/1496/1496 1495/1495/1495 1497/1497/1497
f 1495/1495/1495 1496/1496/1496 1494/1494/1494
f 1520/1520/1520 1484/1484/1484 1497/1497/1497
f 1518/1518/1518 1497/1497/1497 1495/1495/1495
f 1497/1497/1497 1518/1518/1518 1520/1520/1520
f 1484/1484/1484 1520/1520/1520 1521/1521/1521
f 1521/1521/1521 1483/1483/1483 1484/1484/1484
f 1519/1519/1519 1520/1520/1520 1518/1518/1518
f 1521/1521/1521 1520/1520/1520 1519/1519/1519
f 1495/1495/1495 1516/1516/1516 1518/1518/1518
f 1494/1494/1494 1491/1491/1491 1495/1495/1495
f 1516/1516/1516 1495/1495/1495 1491/1491/1491
f 1491/1491/1491 1494/1494/1494 1493/1493/1493
f 1479/1479/1479 1493/1493/1493 1494/1494/1494
f 1517/1517/1517 1518/1518/1518 1516/1516/1516
f 1518/1518/1518 1517/1517/1517 1519/1519/1519
f 1493/1493/1493 1492/1492/1492 1491/1491/1491
f 1491/1491/1491 1515/1515/1515 1516/1516/1516
f 1515/1515/1515 1491/1491/1491 1492/1492/1492
f 1480/1480/1480 1492/1492/1492 1493/1493/1493
f 1492/1492/1492 1480/1480/1480 1515/1515/1515
f 1493/1493/1493 1479/1479/1479 1480/1480/1480
f 1513/1513/1513 1516/1516/1516 1515/1515/1515
f 1516/1516/1516 1513/1513/1513 1517/1517/1517
f 1514/1514/1514 1515/1515/1515 1480/1480/1480
f 1515/1515/1515 1514/1514/1514 1513/1513/1513
f 1481/1481/1481 1480/1480/1480 1479/1479/1479
f 1487/1487/1487 1517/1517/1517 1513/1513/1513
f 1480/1480/1480 1512/1512/1512 1514/1514/1514
f 1512/1512/1512 1480/1480/1480 1481/1481/1481
f 1486/1486/1486 1513/1513/1513 1514/1514/1514
f 1513/1513/1513 1486/1486/1486 1487/1487/1487
f 1490/1490/1490 1514/1514/1514 1512/1512/1512
f 1514/1514/1514 1490/1490/1490 1486/1486/1486
f 1517/1517/1517 1487/1487/1487 1501/1501/1501
f 1501/1501/1501 1519/1519/1519 1517/1517/1517
f 1487/1487/1487 1486/1486/1486 1485/1485/1485
f 1485/1485/1485 1488/1488/1488 1487/1487/1487
f 1501/1501/1501 1487/1487/1487 1488/1488/1488
f 1489/1489/1489 1485/1485/1485 1486/1486/1486
f 1486/1486/1486 1490/1490/1490 1489/1489/1489
f 1488/1488/1488 1478/1478/1478 1501/1501/1501
f 1499/1499/1499 1489/1489/1489 1490/1490/1490
f 1386/1386/1386 1501/1501/1501 1478/1478/1478
f 1519/1519/1519 1501/1501/1501 1386/1386/1386
f 1490/1490/1490 1500/1500/1500 1499/1499/1499
f 1512/1512/1512 1500/1500/1500 1490/1490/1490
f 1478/1478/1478 1390/1390/1390 1386/1386/1386
f 1500/1500/1500 1512/1512/1512 1510/1510/1510
f 1510/1510/1510 1512/1512/1512 1481/1481/1481
f 1510/1510/1510 1852/1852/1852 1500/1500/1500
f 1852/1852/1852 1510/1510/1510 1511/1511/1511
f 1481/1481/1481 1511/1511/1511 1510/1510/1510
f 1511/1511/1511 1649/1649/1649 1852/1852/1852
f 1649/1649/1649 1511/1511/1511 1481/1481/1481
f 1532/1532/1532 1499/1499/1499 1851/1851/1851
f 1481/1481/1481 1648/1648/1648 1649/1649/1649
f 1851/1851/1851 1531/1531/1531 1532/1532/1532
f 1531/1531/1531 1851/1851/1851 1650/1650/1650
f 1649/1649/1649 1648/1648/1648 1647/1647/1647
f 1647/1647/1647 1650/1650/1650 1649/1649/1649
f 1648/1648/1648 1481/1481/1481 1482/1482/1482
f 1482/1482/1482 1647/1647/1647 1648/1648/1648
f 1479/1479/1479 1482/1482/1482 1481/1481/1481
f 1532/1532/1532 1482/1482/1482 1479/1479/1479
f 1482/1482/1482 1532/1532/1532 1531/1531/1531
f 1530/1530/1530 1650/1650/1650 1647/1647/1647
f 1650/1650/1650 1530/1530/1530 1531/1531/1531
f 1647/1647/1647 1482/1482/1482 1530/1530/1530
f 1531/1531/1531 1530/1530/1530 1482/1482/1482
f 1386/1386/1386 1522/1522/1522 1519/1519/1519
f 1519/1519/1519 1522/1522/1522 1521/1521/1521
f 1523/1523/1523 1521/1521/1521 1522/1522/1522
f 1483/1483/1483 1521/1521/1521 1523/1523/1523
f 1522/1522/1522 1386/1386/1386 1387/1387/1387
f 1522/1522/1522 1524/1524/1524 1523/1523/1523
f 1387/1387/1387 1524/1524/1524 1522/1522/1522
f 1523/1523/1523 1406/1406/1406 1483/1483/1483
f 1525/1525/1525 1523/1523/1523 1524/1524/1524
f 1406/1406/1406 1523/1523/1523 1525/1525/1525
f 1524/1524/1524 1387/1387/1387 1392/1392/1392
f 1404/1404/1404 1483/1483/1483 1406/1406/1406
f 1483/1483/1483 1404/1404/1404 1403/1403/1403
f 1314/1314/1314 1403/1403/1403 1404/1404/1404
f 1524/1524/1524 1526/1526/1526 1525/1525/1525
f 1392/1392/1392 1526/1526/1526 1524/1524/1524
f 1400/1400/1400 1314/1314/1314 1404/1404/1404
f 1400/1400/1400 1313/1313/1313 1314/1314/1314
f 1404/1404/1404 1406/1406/1406 1405/1405/1405
f 1405/1405/1405 1400/1400/1400 1404/1404/1404
f 1525/1525/1525 1505/1505/1505 1406/1406/1406
f 1405/1405/1405 1406/1406/1406 1505/1505/1505
f 1527/1527/1527 1525/1525/1525 1526/1526/1526
f 1505/1505/1505 1525/1525/1525 1527/1527/1527
f 1319/1319/1319 1313/1313/1313 1400/1400/1400
f 1527/1527/1527 1507/1507/1507 1505/1505/1505
f 1408/1408/1408 1400/1400/1400 1405/1405/1405
f 1400/1400/1400 1408/1408/1408 1319/1319/1319
f 1505/1505/1505 1504/1504/1504 1405/1405/1405
f 1504/1504/1504 1505/1505/1505 1507/1507/1507
f 1405/1405/1405 1410/1410/1410 1408/1408/1408
f 1410/1410/1410 1405/1405/1405 1504/1504/1504
f 1313/1313/1313 1319/1319/1319 1317/1317/1317
f 1317/1317/1317 1311/1311/1311 1313/1313/1313
f 1319/1319/1319 1408/1408/1408 1407/1407/1407
f 1317/1317/1317 1319/1319/1319 1318/1318/1318
f 1407/1407/1407 1318/1318/1318 1319/1319/1319
f 1408/1408/1408 1410/1410/1410 1409/1409/1409
f 1409/1409/1409 1407/1407/1407 1408/1408/1408
f 1504/1504/1504 1412/1412/1412 1410/1410/1410
f 1172/1172/1172 1318/1318/1318 1407/1407/1407
f 1412/1412/1412 1504/1504/1504 1508/1508/1508
f 1507/1507/1507 1508/1508/1508 1504/1504/1504
f 1410/1410/1410 1412/1412/1412 1411/1411/1411
f 1411/1411/1411 1409/1409/1409 1410/1410/1410
f 1508/1508/1508 1413/1413/1413 1412/1412/1412
f 1411/1411/1411 1412/1412/1412 1413/1413/1413
f 1509/1509/1509 1508/1508/1508 1507/1507/1507
f 1413/1413/1413 1508/1508/1508 1509/1509/1509
f 1529/1529/1529 1509/1509/1509 1507/1507/1507
f 1507/1507/1507 1527/1527/1527 1529/1529/1529
f 1509/1509/1509 1503/1503/1503 1413/1413/1413
f 1503/1503/1503 1509/1509/1509 1529/1529/1529
f 1529/1529/1529 1527/1527/1527 1528/1528/1528
f 1503/1503/1503 1529/1529/1529 1528/1528/1528
f 1526/1526/1526 1528/1528/1528 1527/1527/1527
f 1413/1413/1413 1503/1503/1503 1502/1502/1502
f 1528/1528/1528 1502/1502/1502 1503/1503/1503
f 1506/1506/1506 1528/1528/1528 1526/1526/1526
f 1502/1502/1502 1528/1528/1528 1506/1506/1506
f 1526/1526/1526 1392/1392/1392 1506/1506/1506
f 1502/1502/1502 1414/1414/1414 1413/1413/1413
f 1413/1413/1413 1414/1414/1414 1411/1411/1411
f 1502/1502/1502 1506/1506/1506 1393/1393/1393
f 1393/1393/1393 1414/1414/1414 1502/1502/1502
f 1392/1392/1392 1393/1393/1393 1506/1506/1506
f 1414/1414/1414 1393/1393/1393 1388/1388/1388
f 1388/1388/1388 1393/1393/1393 1392/1392/1392
f 1388/1388/1388 1411/1411/1411 1414/1414/1414
f 1392/1392/1392 1387/1387/1387 1388/1388/1388
f 1388/1388/1388 1387/1387/1387 1386/1386/1386
f 1411/1411/1411 1388/1388/1388 1389/1389/1389
f 1386/1386/1386 1389/1389/1389 1388/1388/1388
f 1389/1389/1389 1409/1409/1409 1411/1411/1411
f 1171/1171/1171 1389/1389/1389 1386/1386/1386
f 1409/1409/1409 1389/1389/1389 1171/1171/1171
f 1171/1171/1171 1407/1407/1407 1409/1409/1409
f 1171/1171/1171 1386/1386/1386 1390/1390/1390
f 1407/1407/1407 1171/1171/1171 1172/1172/1172
f 1171/1171/1171 1390/1390/1390 1391/1391/1391
f 1171/1171/1171 1391/1391/1391 1174/1174/1174
f 1173/1173/1173 1172/1172/1172 1171/1171/1171
f 1173/1173/1173 1171/1171/1171 1174/1174/1174
f 1318/1318/1318 1172/1172/1172 1099/1099/1099
f 1099/1099/1099 1172/1172/1172 1173/1173/1173
f 1099/1099/1099 1316/1316/1316 1318/1318/1318
f 1318/1318/1318 1316/1316/1316 1317/1317/1317
f 1173/1173/1173 1174/1174/1174 1175/1175/1175
f 1419/1419/1419 1175/1175/1175 1174/1174/1174
f 1272/1272/1272 1317/1317/1317 1316/1316/1316
f 1311/1311/1311 1317/1317/1317 1272/1272/1272
f 1419/1419/1419 1370/1370/1370 1175/1175/1175
f 1418/1418/1418 1370/1370/1370 1419/1419/1419
f 1272/1272/1272 1310/1310/1310 1311/1311/1311
f 1311/1311/1311 1310/1310/1310 1309/1309/1309
f 1418/1418/1418 1369/1369/1369 1370/1370/1370
f 1369/1369/1369 1418/1418/1418 1385/1385/1385
f 1222/1222/1222 1309/1309/1309 1310/1310/1310
f 1309/1309/1309 1222/1222/1222 1218/1218/1218
f 1310/1310/1310 1272/1272/1272 1221/1221/1221
f 1310/1310/1310 1221/1221/1221 1222/1222/1222
f 1217/1217/1217 1218/1218/1218 1222/1222/1222
f 1218/1218/1218 1217/1217/1217 1216/1216/1216
f 1216/1216/1216 1217/1217/1217 1247/1247/1247
f 1222/1222/1222 1221/1221/1221 1220/1220/1220
f 1222/1222/1222 1223/1223/1223 1217/1217/1217
f 1220/1220/1220 1223/1223/1223 1222/1222/1222
f 1221/1221/1221 1272/1272/1272 1273/1273/1273
f 1273/1273/1273 1220/1220/1220 1221/1221/1221
f 1217/1217/1217 1223/1223/1223 1239/1239/1239
f 1239/1239/1239 1247/1247/1247 1217/1217/1217
f 1223/1223/1223 1220/1220/1220 1238/1238/1238
f 1238/1238/1238 1239/1239/1239 1223/1223/1223
f 1220/1220/1220 1273/1273/1273 1275/1275/1275
f 1275/1275/1275 1238/1238/1238 1220/1220/1220
f 1273/1273/1273 1272/1272/1272 1271/1271/1271
f 1316/1316/1316 1271/1271/1271 1272/1272/1272
f 1275/1275/1275 1273/1273/1273 1274/1274/1274
f 1271/1271/1271 1274/1274/1274 1273/1273/1273
f 1238/1238/1238 1275/1275/1275 1277/1277/1277
f 1100/1100/1100 1271/1271/1271 1316/1316/1316
f 1316/1316/1316 1099/1099/1099 1100/1100/1100
f 1239/1239/1239 1238/1238/1238 1240/1240/1240
f 1277/1277/1277 1240/1240/1240 1238/1238/1238
f 1247/1247/1247 1239/1239/1239 1241/1241/1241
f 1240/1240/1240 1241/1241/1241 1239/1239/1239
f 1241/1241/1241 1249/1249/1249 1247/1247/1247
f 1247/1247/1247 1249/1249/1249 1248/1248/1248
f 1248/1248/1248 1249/1249/1249 1251/1251/1251
f 1243/1243/1243 1251/1251/1251 1249/1249/1249
f 1249/1249/1249 1241/1241/1241 1243/1243/1243
f 1251/1251/1251 1243/1243/1243 1244/1244/1244
f 1242/1242/1242 1243/1243/1243 1241/1241/1241
f 1244/1244/1244 1243/1243/1243 1242/1242/1242
f 1241/1241/1241 1240/1240/1240 1242/1242/1242
f 1242/1242/1242 1245/1245/1245 1244/1244/1244
f 1279/1279/1279 1242/1242/1242 1240/1240/1240
f 1240/1240/1240 1277/1277/1277 1279/1279/1279
f 1282/1282/1282 1245/1245/1245 1242/1242/1242
f 1242/1242/1242 1279/1279/1279 1282/1282/1282
f 1245/1245/1245 1282/1282/1282 1284/1284/1284
f 1277/1277/1277 1275/1275/1275 1276/1276/1276
f 1274/1274/1274 1276/1276/1276 1275/1275/1275
f 1279/1279/1279 1277/1277/1277 1278/1278/1278
f 1276/1276/1276 1278/1278/1278 1277/1277/1277
f 1281/1281/1281 1282/1282/1282 1279/1279/1279
f 1278/1278/1278 1280/1280/1280 1279/1279/1279
f 1279/1279/1279 1280/1280/1280 1281/1281/1281
f 1283/1283/1283 1284/1284/1284 1282/1282/1282
f 1282/1282/1282 1281/1281/1281 1283/1283/1283
f 1264/1264/1264 1280/1280/1280 1278/1278/1278
f 1065/1065/1065 1281/1281/1281 1280/1280/1280
f 1280/1280/1280 1264/1264/1264 1065/1065/1065
f 1263/1263/1263 1278/1278/1278 1276/1276/1276
f 1278/1278/1278 1263/1263/1263 1264/1264/1264
f 1062/1062/1062 1276/1276/1276 1274/1274/1274
f 1276/1276/1276 1062/1062/1062 1263/1263/1263
f 1281/1281/1281 1065/1065/1065 1066/1066/1066
f 1066/1066/1066 1283/1283/1283 1281/1281/1281
f 1274/1274/1274 1061/1061/1061 1062/1062/1062
f 1061/1061/1061 1274/1274/1274 1271/1271/1271
f 1266/1266/1266 1263/1263/1263 1062/1062/1062
f 1271/1271/1271 1268/1268/1268 1061/1061/1061
f 1268/1268/1268 1271/1271/1271 1100/1100/1100
f 1063/1063/1063 1062/1062/1062 1061/1061/1061
f 1062/1062/1062 1063/1063/1063 1266/1266/1266
f 1064/1064/1064 1061/1061/1061 1268/1268/1268
f 1061/1061/1061 1064/1064/1064 1063/1063/1063
f 1263/1263/1263 1266/1266/1266 1265/1265/1265
f 1265/1265/1265 1264/1264/1264 1263/1263/1263
f 991/991/991 1266/1266/1266 1063/1063/1063
f 991/991/991 1265/1265/1265 1266/1266/1266
f 1264/1264/1264 1265/1265/1265 1068/1068/1068
f 1068/1068/1068 1065/1065/1065 1264/1264/1264
f 1068/1068/1068 1265/1265/1265 991/991/991
f 1065/1065/1065 1068/1068/1068 1067/1067/1067
f 1067/1067/1067 1068/1068/1068 991/991/991
f 1067/1067/1067 1066/1066/1066 1065/1065/1065
f 990/990/990 991/991/991 1063/1063/1063
f 1063/1063/1063 1064/1064/1064 990/990/990
f 1066/1066/1066 1067/1067/1067 1270/1270/1270
f 1268/1268/1268 1267/1267/1267 1064/1064/1064
f 1064/1064/1064 1267/1267/1267 990/990/990
f 1268/1268/1268 1100/1100/1100 1101/1101/1101
f 1101/1101/1101 1267/1267/1267 1268/1268/1268
f 1101/1101/1101 1100/1100/1100 1099/1099/1099
f 1097/1097/1097 990/990/990 1267/1267/1267
f 1267/1267/1267 1101/1101/1101 1097/1097/1097
f 1099/1099/1099 1102/1102/1102 1101/1101/1101
f 1173/1173/1173 1102/1102/1102 1099/1099/1099
f 1101/1101/1101 1102/1102/1102 1096/1096/1096
f 1096/1096/1096 1102/1102/1102 1173/1173/1173
f 1096/1096/1096 1097/1097/1097 1101/1101/1101
f 1173/1173/1173 1179/1179/1179 1096/1096/1096
f 1097/1097/1097 1096/1096/1096 1095/1095/1095
f 1095/1095/1095 1096/1096/1096 1179/1179/1179
f 990/990/990 1097/1097/1097 1098/1098/1098
f 1095/1095/1095 1098/1098/1098 1097/1097/1097
f 1178/1178/1178 1179/1179/1179 1173/1173/1173
f 1173/1173/1173 1175/1175/1175 1178/1178/1178
f 1179/1179/1179 1176/1176/1176 1095/1095/1095
f 1176/1176/1176 1179/1179/1179 1178/1178/1178
f 1098/1098/1098 1095/1095/1095 1093/1093/1093
f 1093/1093/1093 1095/1095/1095 1176/1176/1176
f 1184/1184/1184 1178/1178/1178 1175/1175/1175
f 1175/1175/1175 1370/1370/1370 1184/1184/1184
f 1178/1178/1178 1177/1177/1177 1176/1176/1176
f 1187/1187/1187 1184/1184/1184 1370/1370/1370
f 1370/1370/1370 1369/1369/1369 1187/1187/1187
f 1178/1178/1178 1184/1184/1184 1185/1185/1185
f 1185/1185/1185 1177/1177/1177 1178/1178/1178
f 1184/1184/1184 1187/1187/1187 1186/1186/1186
f 1186/1186/1186 1185/1185/1185 1184/1184/1184
f 1195/1195/1195 1176/1176/1176 1177/1177/1177
f 1176/1176/1176 1195/1195/1195 1093/1093/1093
f 1177/1177/1177 1185/1185/1185 1192/1192/1192
f 1177/1177/1177 1193/1193/1193 1195/1195/1195
f 1192/1192/1192 1193/1193/1193 1177/1177/1177
f 1185/1185/1185 1186/1186/1186 1200/1200/1200
f 1200/1200/1200 1192/1192/1192 1185/1185/1185
f 1194/1194/1194 1195/1195/1195 1193/1193/1193
f 1093/1093/1093 1195/1195/1195 1194/1194/1194
f 1193/1193/1193 1192/1192/1192 1191/1191/1191
f 1191/1191/1191 1194/1194/1194 1193/1193/1193
f 1192/1192/1192 1200/1200/1200 1198/1198/1198
f 1198/1198/1198 1191/1191/1191 1192/1192/1192
f 1196/1196/1196 1200/1200/1200 1186/1186/1186
f 1196/1196/1196 1198/1198/1198 1200/1200/1200
f 1181/1181/1181 1186/1186/1186 1187/1187/1187
f 1186/1186/1186 1181/1181/1181 1196/1196/1196
f 1180/1180/1180 1187/1187/1187 1369/1369/1369
f 1187/1187/1187 1180/1180/1180 1181/1181/1181
f 1369/1369/1369 1368/1368/1368 1180/1180/1180
f 1385/1385/1385 1368/1368/1368 1369/1369/1369
f 1182/1182/1182 1181/1181/1181 1180/1180/1180
f 1367/1367/1367 1368/1368/1368 1385/1385/1385
f 1385/1385/1385 1384/1384/1384 1367/1367/1367
f 1183/1183/1183 1180/1180/1180 1368/1368/1368
f 1368/1368/1368 1367/1367/1367 1183/1183/1183
f 1180/1180/1180 1183/1183/1183 1182/1182/1182
f 1367/1367/1367 1384/1384/1384 1394/1394/1394
f 1181/1181/1181 1182/1182/1182 1197/1197/1197
f 1197/1197/1197 1196/1196/1196 1181/1181/1181
f 1394/1394/1394 1366/1366/1366 1367/1367/1367
f 1366/1366/1366 1394/1394/1394 1417/1417/1417
f 1417/1417/1417 1365/1365/1365 1366/1366/1366
f 1367/1367/1367 1366/1366/1366 1106/1106/1106
f 1106/1106/1106 1366/1366/1366 1365/1365/1365
f 1106/1106/1106 1183/1183/1183 1367/1367/1367
f 1103/1103/1103 1182/1182/1182 1183/1183/1183
f 1183/1183/1183 1106/1106/1106 1103/1103/1103
f 1202/1202/1202 1197/1197/1197 1182/1182/1182
f 1182/1182/1182 1103/1103/1103 1202/1202/1202
f 1365/1365/1365 1105/1105/1105 1106/1106/1106
f 1103/1103/1103 1106/1106/1106 1105/1105/1105
f 1110/1110/1110 1197/1197/1197 1202/1202/1202
f 1196/1196/1196 1197/1197/1197 1110/1110/1110
f 1202/1202/1202 1103/1103/1103 1104/1104/1104
f 1105/1105/1105 1104/1104/1104 1103/1103/1103
f 1110/1110/1110 1202/1202/1202 1203/1203/1203
f 1104/1104/1104 1203/1203/1203 1202/1202/1202
f 987/987/987 1105/1105/1105 1365/1365/1365
f 1365/1365/1365 1338/1338/1338 987/987/987
f 988/988/988 1104/1104/1104 1105/1105/1105
f 1105/1105/1105 987/987/987 988/988/988
f 987/987/987 1338/1338/1338 1337/1337/1337
f 1104/1104/1104 988/988/988 1201/1201/1201
f 1201/1201/1201 1203/1203/1203 1104/1104/1104
f 988/988/988 987/987/987 986/986/986
f 1337/1337/1337 986/986/986 987/987/987
f 1201/1201/1201 988/988/988 989/989/989
f 986/986/986 989/989/989 988/988/988
f 1203/1203/1203 1201/1201/1201 1049/1049/1049
f 1020/1020/1020 989/989/989 986/986/986
f 986/986/986 1021/1021/1021 1020/1020/1020
f 986/986/986 1337/1337/1337 1021/1021/1021
f 1020/1020/1020 1363/1363/1363 989/989/989
f 1337/1337/1337 1359/1359/1359 1021/1021/1021
f 1363/1363/1363 1361/1361/1361 989/989/989
f 1363/1363/1363 1362/1362/1362 1361/1361/1361
f 989/989/989 1048/1048/1048 1201/1201/1201
f 1361/1361/1361 1048/1048/1048 989/989/989
f 1201/1201/1201 1048/1048/1048 1049/1049/1049
f 1361/1361/1361 1364/1364/1364 1048/1048/1048
f 1357/1357/1357 1360/1360/1360 1359/1359/1359
f 1050/1050/1050 1049/1049/1049 1048/1048/1048
f 1355/1355/1355 1357/1357/1357 1359/1359/1359
f 1355/1355/1355 1358/1358/1358 1357/1357/1357
f 1337/1337/1337 1355/1355/1355 1359/1359/1359
f 1048/1048/1048 950/950/950 1050/1050/1050
f 1337/1337/1337 1353/1353/1353 1355/1355/1355
f 1353/1353/1353 1356/1356/1356 1355/1355/1355
f 1337/1337/1337 1354/1354/1354 1353/1353/1353
f 1049/1049/1049 1109/1109/1109 1203/1203/1203
f 1109/1109/1109 1049/1049/1049 1050/1050/1050
f 1203/1203/1203 1109/1109/1109 1110/1110/1110
f 1050/1050/1050 950/950/950 951/951/951
f 1107/1107/1107 1110/1110/1110 1109/1109/1109
f 1110/1110/1110 1107/1107/1107 1196/1196/1196
f 1050/1050/1050 1108/1108/1108 1109/1109/1109
f 1109/1109/1109 1108/1108/1108 1107/1107/1107
f 1108/1108/1108 1050/1050/1050 951/951/951
f 1196/1196/1196 1107/1107/1107 1114/1114/1114
f 1114/1114/1114 1107/1107/1107 1108/1108/1108
f 1114/1114/1114 1198/1198/1198 1196/1196/1196
f 951/951/951 1113/1113/1113 1108/1108/1108
f 1108/1108/1108 1113/1113/1113 1114/1114/1114
f 952/952/952 951/951/951 950/950/950
f 1113/1113/1113 951/951/951 952/952/952
f 950/950/950 953/953/953 952/952/952
f 1111/1111/1111 1114/1114/1114 1113/1113/1113
f 1198/1198/1198 1114/1114/1114 1111/1111/1111
f 952/952/952 1112/1112/1112 1113/1113/1113
f 1113/1113/1113 1112/1112/1112 1111/1111/1111
f 149/149/149 952/952/952 953/953/953
f 1112/1112/1112 952/952/952 149/149/149
f 953/953/953 151/151/151 149/149/149
f 1111/1111/1111 1199/1199/1199 1198/1198/1198
f 1198/1198/1198 1199/1199/1199 1190/1190/1190
f 1190/1190/1190 1199/1199/1199 1111/1111/1111
f 1190/1190/1190 1191/1191/1191 1198/1198/1198
f 1088/1088/1088 1111/1111/1111 1112/1112/1112
f 1111/1111/1111 1088/1088/1088 1190/1190/1190
f 1188/1188/1188 1191/1191/1191 1190/1190/1190
f 1188/1188/1188 1194/1194/1194 1191/1191/1191
f 1189/1189/1189 1190/1190/1190 1088/1088/1088
f 1190/1190/1190 1189/1189/1189 1188/1188/1188
f 1112/1112/1112 1087/1087/1087 1088/1088/1088
f 149/149/149 1087/1087/1087 1112/1112/1112
f 1088/1088/1088 1085/1085/1085 1189/1189/1189
f 1085/1085/1085 1088/1088/1088 1087/1087/1087
f 1089/1089/1089 1188/1188/1188 1189/1189/1189
f 1189/1189/1189 1085/1085/1085 1089/1089/1089
f 1091/1091/1091 1194/1194/1194 1188/1188/1188
f 1188/1188/1188 1089/1089/1089 1091/1091/1091
f 1194/1194/1194 1091/1091/1091 1093/1093/1093
f 1089/1089/1089 1085/1085/1085 1086/1086/1086
f 1087/1087/1087 1086/1086/1086 1085/1085/1085
f 1091/1091/1091 1089/1089/1089 1090/1090/1090
f 1086/1086/1086 1090/1090/1090 1089/1089/1089
f 1093/1093/1093 1091/1091/1091 1092/1092/1092
f 1090/1090/1090 1092/1092/1092 1091/1091/1091
f 145/145/145 1086/1086/1086 1087/1087/1087
f 1087/1087/1087 149/149/149 145/145/145
f 957/957/957 1090/1090/1090 1086/1086/1086
f 1086/1086/1086 145/145/145 957/957/957
f 954/954/954 1092/1092/1092 1090/1090/1090
f 1090/1090/1090 957/957/957 954/954/954
f 1092/1092/1092 1094/1094/1094 1093/1093/1093
f 1093/1093/1093 1094/1094/1094 1098/1098/1098
f 1092/1092/1092 954/954/954 1051/1051/1051
f 1051/1051/1051 1094/1094/1094 1092/1092/1092
f 993/993/993 1098/1098/1098 1094/1094/1094
f 1094/1094/1094 1051/1051/1051 993/993/993
f 1098/1098/1098 993/993/993 990/990/990
f 1051/1051/1051 954/954/954 955/955/955
f 990/990/990 993/993/993 992/992/992
f 992/992/992 991/991/991 990/990/990
f 993/993/993 1051/1051/1051 1052/1052/1052
f 1052/1052/1052 992/992/992 993/993/993
f 955/955/955 1052/1052/1052 1051/1051/1051
f 994/994/994 991/991/991 992/992/992
f 991/991/991 994/994/994 1067/1067/1067
f 995/995/995 992/992/992 1052/1052/1052
f 992/992/992 995/995/995 994/994/994
f 994/994/994 1270/1270/1270 1067/1067/1067
f 1052/1052/1052 1053/1053/1053 995/995/995
f 1053/1053/1053 1052/1052/1052 955/955/955
f 1140/1140/1140 994/994/994 995/995/995
f 956/956/956 955/955/955 954/954/954
f 954/954/954 957/957/957 956/956/956
f 955/955/955 958/958/958 1053/1053/1053
f 958/958/958 955/955/955 956/956/956
f 1139/1139/1139 995/995/995 1053/1053/1053
f 995/995/995 1139/1139/1139 1140/1140/1140
f 146/146/146 956/956/956 957/957/957
f 957/957/957 145/145/145 146/146/146
f 994/994/994 1140/1140/1140 1134/1134/1134
f 1134/1134/1134 1270/1270/1270 994/994/994
f 959/959/959 956/956/956 146/146/146
f 956/956/956 959/959/959 958/958/958
f 1270/1270/1270 1134/1134/1134 1135/1135/1135
f 1143/1143/1143 1053/1053/1053 958/958/958
f 1053/1053/1053 1143/1143/1143 1139/1139/1139
f 1142/1142/1142 958/958/958 959/959/959
f 958/958/958 1142/1142/1142 1143/1143/1143
f 1135/1135/1135 1269/1269/1269 1270/1270/1270
f 1270/1270/1270 1269/1269/1269 1066/1066/1066
f 1283/1283/1283 1066/1066/1066 1269/1269/1269
f 1269/1269/1269 1285/1285/1285 1283/1283/1283
f 1135/1135/1135 1285/1285/1285 1269/1269/1269
f 1284/1284/1284 1283/1283/1283 1285/1285/1285
f 1285/1285/1285 1286/1286/1286 1284/1284/1284
f 1286/1286/1286 1285/1285/1285 1308/1308/1308
f 1285/1285/1285 1135/1135/1135 1136/1136/1136
f 1136/1136/1136 1308/1308/1308 1285/1285/1285
f 1135/1135/1135 1134/1134/1134 1133/1133/1133
f 1133/1133/1133 1136/1136/1136 1135/1135/1135
f 1133/1133/1133 1134/1134/1134 1140/1140/1140
f 1308/1308/1308 1136/1136/1136 1154/1154/1154
f 1154/1154/1154 1136/1136/1136 1133/1133/1133
f 1154/1154/1154 1306/1306/1306 1308/1308/1308
f 1306/1306/1306 1154/1154/1154 1151/1151/1151
f 1140/1140/1140 1137/1137/1137 1133/1133/1133
f 1137/1137/1137 1140/1140/1140 1139/1139/1139
f 1133/1133/1133 1153/1153/1153 1154/1154/1154
f 1151/1151/1151 1154/1154/1154 1153/1153/1153
f 1139/1139/1139 1138/1138/1138 1137/1137/1137
f 1138/1138/1138 1139/1139/1139 1143/1143/1143
f 1133/1133/1133 1137/1137/1137 1162/1162/1162
f 1162/1162/1162 1153/1153/1153 1133/1133/1133
f 1137/1137/1137 1138/1138/1138 1161/1161/1161
f 1161/1161/1161 1162/1162/1162 1137/1137/1137
f 1143/1143/1143 1144/1144/1144 1138/1138/1138
f 1161/1161/1161 1138/1138/1138 1144/1144/1144
f 1141/1141/1141 1144/1144/1144 1143/1143/1143
f 1143/1143/1143 1142/1142/1142 1141/1141/1141
f 1144/1144/1144 1169/1169/1169 1161/1161/1161
f 1169/1169/1169 1144/1144/1144 1141/1141/1141
f 1162/1162/1162 1161/1161/1161 1159/1159/1159
f 1159/1159/1159 1161/1161/1161 1169/1169/1169
f 1153/1153/1153 1162/1162/1162 1160/1160/1160
f 1159/1159/1159 1160/1160/1160 1162/1162/1162
f 1153/1153/1153 1152/1152/1152 1151/1151/1151
f 1160/1160/1160 1152/1152/1152 1153/1153/1153
f 1151/1151/1151 1152/1152/1152 1150/1150/1150
f 1150/1150/1150 1149/1149/1149 1151/1151/1151
f 1152/1152/1152 1160/1160/1160 1158/1158/1158
f 1158/1158/1158 1150/1150/1150 1152/1152/1152
f 1149/1149/1149 1150/1150/1150 1148/1148/1148
f 1157/1157/1157 1158/1158/1158 1160/1160/1160
f 1160/1160/1160 1159/1159/1159 1157/1157/1157
f 1150/1150/1150 1158/1158/1158 1156/1156/1156
f 1156/1156/1156 1148/1148/1148 1150/1150/1150
f 1156/1156/1156 1158/1158/1158 1157/1157/1157
f 1169/1169/1169 1164/1164/1164 1159/1159/1159
f 1157/1157/1157 1159/1159/1159 1164/1164/1164
f 1141/1141/1141 1170/1170/1170 1169/1169/1169
f 1164/1164/1164 1169/1169/1169 1170/1170/1170
f 1145/1145/1145 1170/1170/1170 1141/1141/1141
f 1145/1145/1145 1141/1141/1141 1142/1142/1142
f 1170/1170/1170 1163/1163/1163 1164/1164/1164
f 1163/1163/1163 1170/1170/1170 1145/1145/1145
f 1164/1164/1164 1165/1165/1165 1157/1157/1157
f 1165/1165/1165 1164/1164/1164 1163/1163/1163
f 1142/1142/1142 1146/1146/1146 1145/1145/1145
f 959/959/959 1146/1146/1146 1142/1142/1142
f 1145/1145/1145 1118/1118/1118 1163/1163/1163
f 1118/1118/1118 1145/1145/1145 1146/1146/1146
f 1163/1163/1163 1166/1166/1166 1165/1165/1165
f 1166/1166/1166 1163/1163/1163 1118/1118/1118
f 1155/1155/1155 1157/1157/1157 1165/1165/1165
f 1157/1157/1157 1155/1155/1155 1156/1156/1156
f 1168/1168/1168 1165/1165/1165 1166/1166/1166
f 1165/1165/1165 1168/1168/1168 1155/1155/1155
f 1146/1146/1146 959/959/959 217/217/217
f 146/146/146 217/217/217 959/959/959
f 1146/1146/1146 1117/1117/1117 1118/1118/1118
f 217/217/217 1117/1117/1117 1146/1146/1146
f 1118/1118/1118 1115/1115/1115 1166/1166/1166
f 1115/1115/1115 1118/1118/1118 1117/1117/1117
f 1166/1166/1166 1167/1167/1167 1168/1168/1168
f 1166/1166/1166 1115/1115/1115 1119/1119/1119
f 1119/1119/1119 1167/1167/1167 1166/1166/1166
f 1117/1117/1117 1116/1116/1116 1115/1115/1115
f 1119/1119/1119 1115/1115/1115 1116/1116/1116
f 1123/1123/1123 1168/1168/1168 1167/1167/1167
f 1155/1155/1155 1168/1168/1168 1123/1123/1123
f 1121/1121/1121 1167/1167/1167 1119/1119/1119
f 1167/1167/1167 1121/1121/1121 1123/1123/1123
f 1121/1121/1121 1119/1119/1119 1120/1120/1120
f 1116/1116/1116 1120/1120/1120 1119/1119/1119
f 1123/1123/1123 1121/1121/1121 1122/1122/1122
f 1120/1120/1120 1122/1122/1122 1121/1121/1121
f 1123/1123/1123 1125/1125/1125 1155/1155/1155
f 1156/1156/1156 1155/1155/1155 1125/1125/1125
f 1122/1122/1122 1124/1124/1124 1123/1123/1123
f 1125/1125/1125 1126/1126/1126 1156/1156/1156
f 1148/1148/1148 1156/1156/1156 1126/1126/1126
f 1128/1128/1128 1125/1125/1125 1123/1123/1123
f 1123/1123/1123 1124/1124/1124 1128/1128/1128
f 1126/1126/1126 1132/1132/1132 1148/1148/1148
f 1147/1147/1147 1148/1148/1148 1132/1132/1132
f 1132/1132/1132 1129/1129/1129 1147/1147/1147
f 1127/1127/1127 1126/1126/1126 1125/1125/1125
f 1125/1125/1125 1128/1128/1128 1127/1127/1127
f 1131/1131/1131 1132/1132/1132 1126/1126/1126
f 1129/1129/1129 1132/1132/1132 1131/1131/1131
f 1126/1126/1126 1127/1127/1127 1131/1131/1131
f 1131/1131/1131 1130/1130/1130 1129/1129/1129
f 1072/1072/1072 1130/1130/1130 1131/1131/1131
f 1131/1131/1131 1071/1071/1071 1072/1072/1072
f 1071/1071/1071 1131/1131/1131 1127/1127/1127
f 1069/1069/1069 1072/1072/1072 1071/1071/1071
f 1071/1071/1071 1070/1070/1070 1069/1069/1069
f 997/997/997 1070/1070/1070 1071/1071/1071
f 1127/1127/1127 996/996/996 1071/1071/1071
f 1071/1071/1071 996/996/996 997/997/997
f 996/996/996 1127/1127/1127 1128/1128/1128
f 998/998/998 997/997/997 996/996/996
f 1128/1128/1128 999/999/999 996/996/996
f 996/996/996 999/999/999 998/998/998
f 999/999/999 1128/1128/1128 1124/1124/1124
f 1055/1055/1055 998/998/998 999/999/999
f 1124/1124/1124 1054/1054/1054 999/999/999
f 999/999/999 1054/1054/1054 1055/1055/1055
f 1054/1054/1054 1124/1124/1124 1122/1122/1122
f 1055/1055/1055 1054/1054/1054 961/961/961
f 1122/1122/1122 961/961/961 1054/1054/1054
f 961/961/961 1122/1122/1122 1120/1120/1120
f 961/961/961 962/962/962 1055/1055/1055
f 1120/1120/1120 960/960/960 961/961/961
f 962/962/962 961/961/961 960/960/960
f 960/960/960 1120/1120/1120 1116/1116/1116
f 960/960/960 963/963/963 962/962/962
f 963/963/963 960/960/960 213/213/213
f 1116/1116/1116 213/213/213 960/960/960
f 213/213/213 211/211/211 963/963/963
f 213/213/213 1116/1116/1116 212/212/212
f 211/211/211 213/213/213 212/212/212
f 212/212/212 1116/1116/1116 1117/1117/1117
f 1117/1117/1117 216/216/216 212/212/212
f 217/217/217 216/216/216 1117/1117/1117
f 212/212/212 216/216/216 215/215/215
f 216/216/216 217/217/217 215/215/215
f 211/211/211 212/212/212 214/214/214
f 215/215/215 214/214/214 212/212/212
f 211/211/211 214/214/214 210/210/210
f 209/209/209 211/211/211 210/210/210
f 217/217/217 147/147/147 215/215/215
f 217/217/217 146/146/146 147/147/147
f 210/210/210 208/208/208 209/209/209
f 207/207/207 209/209/209 208/208/208
f 144/144/144 147/147/147 146/146/146
f 146/146/146 145/145/145 144/144/144
f 208/208/208 206/206/206 207/207/207
f 205/205/205 207/207/207 206/206/206
f 148/148/148 144/144/144 145/145/145
f 145/145/145 149/149/149 148/148/148
f 206/206/206 204/204/204 205/205/205
f 203/203/203 205/205/205 204/204/204
f 150/150/150 148/148/148 149/149/149
f 149/149/149 151/151/151 150/150/150
f 204/204/204 202/202/202 203/203/203
f 201/201/201 203/203/203 202/202/202
f 152/152/152 150/150/150 151/151/151
f 151/151/151 153/153/153 152/152/152
f 202/202/202 200/200/200 201/201/201
f 199/199/199 201/201/201 200/200/200
f 154/154/154 152/152/152 153/153/153
f 153/153/153 155/155/155 154/154/154
f 200/200/200 198/198/198 199/199/199
f 197/197/197 199/199/199 198/198/198
f 156/156/156 154/154/154 155/155/155
f 155/155/155 157/157/157 156/156/156
f 198/198/198 196/196/196 197/197/197
f 195/195/195 197/197/197 196/196/196
f 158/158/158 156/156/156 157/157/157
f 157/157/157 159/159/159 158/158/158
f 196/196/196 194/194/194 195/195/195
f 193/193/193 195/195/195 194/194/194
f 160/160/160 158/158/158 159/159/159
f 159/159/159 161/161/161 160/160/160
f 194/194/194 192/192/192 193/193/193
f 191/191/191 193/193/193 192/192/192
f 162/162/162 160/160/160 161/161/161
f 161/161/161 163/163/163 162/162/162
f 192/192/192 190/190/190 191/191/191
f 189/189/189 191/191/191 190/190/190
f 164/164/164 162/162/162 163/163/163
f 163/163/163 165/165/165 164/164/164
f 190/190/190 188/188/188 189/189/189
f 187/187/187 189/189/189 188/188/188
f 166/166/166 164/164/164 165/165/165
f 165/165/165 167/167/167 166/166/166
f 188/188/188 186/186/186 187/187/187
f 185/185/185 187/187/187 186/186/186
f 168/168/168 166/166/166 167/167/167
f 167/167/167 169/169/169 168/168/168
f 186/186/186 184/184/184 185/185/185
f 183/183/183 185/185/185 184/184/184
f 170/170/170 168/168/168 169/169/169
f 169/169/169 171/171/171 170/170/170
f 184/184/184 182/182/182 183/183/183
f 181/181/181 183/183/183 182/182/182
f 172/172/172 170/170/170 171/171/171
f 171/171/171 173/173/173 172/172/172
f 182/182/182 180/180/180 181/181/181
f 179/179/179 181/181/181 180/180/180
f 174/174/174 172/172/172 173/173/173
f 173/173/173 175/175/175 174/174/174
f 180/180/180 178/178/178 179/179/179
f 177/177/177 179/179/179 178/178/178
f 175/175/175 177/177/177 176/176/176
f 178/178/178 176/176/176 177/177/177
f 176/176/176 174/174/174 175/175/175
f 686/686/686 178/178/178 180/180/180
f 684/684/684 176/176/176 178/178/178
f 178/178/178 686/686/686 684/684/684
f 682/682/682 174/174/174 176/176/176
f 176/176/176 684/684/684 682/682/682
f 680/680/680 172/172/172 174/174/174
f 174/174/174 682/682/682 680/680/680
f 678/678/678 170/170/170 172/172/172
f 172/172/172 680/680/680 678/678/678
f 683/683/683 682/682/682 684/684/684
f 170/170/170 678/678/678 676/676/676
f 676/676/676 168/168/168 170/170/170
f 681/681/681 680/680/680 682/682/682
f 682/682/682 683/683/683 681/681/681
f 679/679/679 678/678/678 680/680/680
f 680/680/680 681/681/681 679/679/679
f 677/677/677 676/676/676 678/678/678
f 678/678/678 679/679/679 677/677/677
f 168/168/168 676/676/676 674/674/674
f 674/674/674 166/166/166 168/168/168
f 676/676/676 677/677/677 675/675/675
f 675/675/675 674/674/674 676/676/676
f 166/166/166 674/674/674 672/672/672
f 672/672/672 164/164/164 166/166/166
f 674/674/674 675/675/675 673/673/673
f 673/673/673 672/672/672 674/674/674
f 164/164/164 672/672/672 670/670/670
f 670/670/670 162/162/162 164/164/164
f 672/672/672 673/673/673 671/671/671
f 671/671/671 670/670/670 672/672/672
f 162/162/162 670/670/670 668/668/668
f 668/668/668 160/160/160 162/162/162
f 670/670/670 671/671/671 669/669/669
f 669/669/669 668/668/668 670/670/670
f 160/160/160 668/668/668 666/666/666
f 666/666/666 158/158/158 160/160/160
f 668/668/668 669/669/669 667/667/667
f 667/667/667 666/666/666 668/668/668
f 158/158/158 666/666/666 664/664/664
f 664/664/664 156/156/156 158/158/158
f 666/666/666 667/667/667 665/665/665
f 665/665/665 664/664/664 666/666/666
f 156/156/156 664/664/664 662/662/662
f 662/662/662 154/154/154 156/156/156
f 664/664/664 665/665/665 663/663/663
f 663/663/663 662/662/662 664/664/664
f 154/154/154 662/662/662 660/660/660
f 660/660/660 152/152/152 154/154/154
f 662/662/662 663/663/663 661/661/661
f 661/661/661 660/660/660 662/662/662
f 152/152/152 660/660/660 658/658/658
f 658/658/658 150/150/150 152/152/152
f 660/660/660 661/661/661 659/659/659
f 659/659/659 658/658/658 660/660/660
f 150/150/150 658/658/658 656/656/656
f 656/656/656 148/148/148 150/150/150
f 658/658/658 659/659/659 657/657/657
f 657/657/657 656/656/656 658/658/658
f 148/148/148 656/656/656 652/652/652
f 652/652/652 144/144/144 148/148/148
f 656/656/656 657/657/657 655/655/655
f 655/655/655 652/652/652 656/656/656
f 144/144/144 652/652/652 653/653/653
f 653/653/653 147/147/147 144/144/144
f 652/652/652 655/655/655 654/654/654
f 654/654/654 653/653/653 652/652/652
f 147/147/147 653/653/653 722/722/722
f 722/722/722 215/215/215 147/147/147
f 653/653/653 654/654/654 723/723/723
f 723/723/723 722/722/722 653/653/653
f 215/215/215 722/722/722 720/720/720
f 720/720/720 214/214/214 215/215/215
f 722/722/722 723/723/723 721/721/721
f 721/721/721 720/720/720 722/722/722
f 214/214/214 720/720/720 718/718/718
f 718/718/718 210/210/210 214/214/214
f 720/720/720 721/721/721 719/719/719
f 719/719/719 718/718/718 720/720/720
f 210/210/210 718/718/718 716/716/716
f 716/716/716 208/208/208 210/210/210
f 718/718/718 719/719/719 717/717/717
f 717/717/717 716/716/716 718/718/718
f 208/208/208 716/716/716 714/714/714
f 714/714/714 206/206/206 208/208/208
f 716/716/716 717/717/717 715/715/715
f 715/715/715 714/714/714 716/716/716
f 206/206/206 714/714/714 712/712/712
f 712/712/712 204/204/204 206/206/206
f 714/714/714 715/715/715 713/713/713
f 713/713/713 712/712/712 714/714/714
f 204/204/204 712/712/712 710/710/710
f 710/710/710 202/202/202 204/204/204
f 712/712/712 713/713/713 711/711/711
f 711/711/711 710/710/710 712/712/712
f 202/202/202 710/710/710 708/708/708
f 708/708/708 200/200/200 202/202/202
f 710/710/710 711/711/711 709/709/709
f 709/709/709 708/708/708 710/710/710
f 200/200/200 708/708/708 706/706/706
f 706/706/706 198/198/198 200/200/200
f 708/708/708 709/709/709 707/707/707
f 707/707/707 706/706/706 708/708/708
f 198/198/198 706/706/706 704/704/704
f 704/704/704 196/196/196 198/198/198
f 706/706/706 707/707/707 705/705/705
f 705/705/705 704/704/704 706/706/706
f 196/196/196 704/704/704 702/702/702
f 702/702/702 194/194/194 196/196/196
f 704/704/704 705/705/705 703/703/703
f 703/703/703 702/702/702 704/704/704
f 194/194/194 702/702/702 700/700/700
f 700/700/700 192/192/192 194/194/194
f 702/702/702 703/703/703 701/701/701
f 701/701/701 700/700/700 702/702/702
f 192/192/192 700/700/700 698/698/698
f 698/698/698 190/190/190 192/192/192
f 700/700/700 701/701/701 699/699/699
f 699/699/699 698/698/698 700/700/700
f 190/190/190 698/698/698 696/696/696
f 696/696/696 188/188/188 190/190/190
f 698/698/698 699/699/699 697/697/697
f 697/697/697 696/696/696 698/698/698
f 188/188/188 696/696/696 694/694/694
f 694/694/694 186/186/186 188/188/188
f 696/696/696 697/697/697 695/695/695
f 695/695/695 694/694/694 696/696/696
f 186/186/186 694/694/694 692/692/692
f 692/692/692 184/184/184 186/186/186
f 694/694/694 695/695/695 693/693/693
f 693/693/693 692/692/692 694/694/694
f 184/184/184 692/692/692 690/690/690
f 690/690/690 182/182/182 184/184/184
f 692/692/692 693/693/693 691/691/691
f 691/691/691 690/690/690 692/692/692
f 182/182/182 690/690/690 688/688/688
f 688/688/688 180/180/180 182/182/182
f 180/180/180 688/688/688 686/686/686
f 690/690/690 691/691/691 689/689/689
f 689/689/689 688/688/688 690/690/690
f 687/687/687 686/686/686 688/688/688
f 688/688/688 689/689/689 687/687/687
f 686/686/686 687/687/687 685/685/685
f 685/685/685 684/684/684 686/686/686
f 684/684/684 685/685/685 683/683/683
f 579/579/579 687/687/687 689/689/689
f 577/577/577 685/685/685 687/687/687
f 687/687/687 579/579/579 577/577/577
f 575/575/575 683/683/683 685/685/685
f 685/685/685 577/577/577 575/575/575
f 689/689/689 581/581/581 579/579/579
f 581/581/581 689/689/689 691/691/691
f 683/683/683 575/575/575 573/573/573
f 573/573/573 681/681/681 683/683/683
f 691/691/691 583/583/583 581/581/581
f 583/583/583 691/691/691 693/693/693
f 681/681/681 573/573/573 571/571/571
f 571/571/571 679/679/679 681/681/681
f 693/693/693 585/585/585 583/583/583
f 585/585/585 693/693/693 695/695/695
f 679/679/679 571/571/571 569/569/569
f 569/569/569 677/677/677 679/679/679
f 695/695/695 587/587/587 585/585/585
f 587/587/587 695/695/695 697/697/697
f 677/677/677 569/569/569 567/567/567
f 567/567/567 675/675/675 677/677/677
f 697/697/697 589/589/589 587/587/587
f 589/589/589 697/697/697 699/699/699
f 675/675/675 567/567/567 565/565/565
f 565/565/565 673/673/673 675/675/675
f 699/699/699 591/591/591 589/589/589
f 591/591/591 699/699/699 701/701/701
f 673/673/673 565/565/565 563/563/563
f 563/563/563 671/671/671 673/673/673
f 701/701/701 593/593/593 591/591/591
f 593/593/593 701/701/701 703/703/703
f 671/671/671 563/563/563 561/561/561
f 561/561/561 669/669/669 671/671/671
f 703/703/703 595/595/595 593/593/593
f 595/595/595 703/703/703 705/705/705
f 669/669/669 561/561/561 559/559/559
f 559/559/559 667/667/667 669/669/669
f 705/705/705 597/597/597 595/595/595
f 597/597/597 705/705/705 707/707/707
f 667/667/667 559/559/559 557/557/557
f 557/557/557 665/665/665 667/667/667
f 707/707/707 599/599/599 597/597/597
f 599/599/599 707/707/707 709/709/709
f 665/665/665 557/557/557 555/555/555
f 555/555/555 663/663/663 665/665/665
f 709/709/709 601/601/601 599/599/599
f 601/601/601 709/709/709 711/711/711
f 663/663/663 555/555/555 553/553/553
f 553/553/553 661/661/661 663/663/663
f 711/711/711 603/603/603 601/601/601
f 603/603/603 711/711/711 713/713/713
f 661/661/661 553/553/553 551/551/551
f 551/551/551 659/659/659 661/661/661
f 713/713/713 605/605/605 603/603/603
f 605/605/605 713/713/713 715/715/715
f 659/659/659 551/551/551 549/549/549
f 549/549/549 657/657/657 659/659/659
f 715/715/715 607/607/607 605/605/605
f 607/607/607 715/715/715 717/717/717
f 657/657/657 549/549/549 545/545/545
f 545/545/545 655/655/655 657/657/657
f 717/717/717 609/609/609 607/607/607
f 609/609/609 717/717/717 719/719/719
f 655/655/655 545/545/545 546/546/546
f 546/546/546 654/654/654 655/655/655
f 719/719/719 611/611/611 609/609/609
f 611/611/611 719/719/719 721/721/721
f 654/654/654 546/546/546 615/615/615
f 615/615/615 723/723/723 654/654/654
f 613/613/613 721/721/721 723/723/723
f 723/723/723 615/615/615 613/613/613
f 721/721/721 613/613/613 611/611/611
f 615/615/615 546/546/546 547/547/547
f 613/613/613 615/615/615 614/614/614
f 547/547/547 614/614/614 615/615/615
f 611/611/611 613/613/613 612/612/612
f 614/614/614 612/612/612 613/613/613
f 609/609/609 611/611/611 610/610/610
f 612/612/612 610/610/610 611/611/611
f 607/607/607 609/609/609 608/608/608
f 610/610/610 608/608/608 609/609/609
f 608/608/608 606/606/606 607/607/607
f 605/605/605 607/607/607 606/606/606
f 788/788/788 608/608/608 610/610/610
f 606/606/606 604/604/604 605/605/605
f 603/603/603 605/605/605 604/604/604
f 786/786/786 606/606/606 608/608/608
f 608/608/608 788/788/788 786/786/786
f 784/784/784 604/604/604 606/606/606
f 606/606/606 786/786/786 784/784/784
f 604/604/604 602/602/602 603/603/603
f 601/601/601 603/603/603 602/602/602
f 604/604/604 784/784/784 782/782/782
f 782/782/782 602/602/602 604/604/604
f 602/602/602 600/600/600 601/601/601
f 599/599/599 601/601/601 600/600/600
f 602/602/602 782/782/782 780/780/780
f 780/780/780 600/600/600 602/602/602
f 600/600/600 598/598/598 599/599/599
f 597/597/597 599/599/599 598/598/598
f 600/600/600 780/780/780 778/778/778
f 778/778/778 598/598/598 600/600/600
f 598/598/598 596/596/596 597/597/597
f 595/595/595 597/597/597 596/596/596
f 598/598/598 778/778/778 776/776/776
f 776/776/776 596/596/596 598/598/598
f 596/596/596 594/594/594 595/595/595
f 593/593/593 595/595/595 594/594/594
f 596/596/596 776/776/776 774/774/774
f 774/774/774 594/594/594 596/596/596
f 594/594/594 592/592/592 593/593/593
f 591/591/591 593/593/593 592/592/592
f 594/594/594 774/774/774 772/772/772
f 772/772/772 592/592/592 594/594/594
f 592/592/592 590/590/590 591/591/591
f 589/589/589 591/591/591 590/590/590
f 592/592/592 772/772/772 770/770/770
f 770/770/770 590/590/590 592/592/592
f 590/590/590 588/588/588 589/589/589
f 587/587/587 589/589/589 588/588/588
f 590/590/590 770/770/770 768/768/768
f 768/768/768 588/588/588 590/590/590
f 588/588/588 586/586/586 587/587/587
f 585/585/585 587/587/587 586/586/586
f 588/588/588 768/768/768 766/766/766
f 766/766/766 586/586/586 588/588/588
f 586/586/586 584/584/584 585/585/585
f 583/583/583 585/585/585 584/584/584
f 586/586/586 766/766/766 764/764/764
f 764/764/764 584/584/584 586/586/586
f 584/584/584 582/582/582 583/583/583
f 581/581/581 583/583/583 582/582/582
f 584/584/584 764/764/764 762/762/762
f 762/762/762 582/582/582 584/584/584
f 582/582/582 580/580/580 581/581/581
f 579/579/579 581/581/581 580/580/580
f 582/582/582 762/762/762 760/760/760
f 760/760/760 580/580/580 582/582/582
f 580/580/580 578/578/578 579/579/579
f 577/577/577 579/579/579 578/578/578
f 580/580/580 760/760/760 758/758/758
f 758/758/758 578/578/578 580/580/580
f 578/578/578 576/576/576 577/577/577
f 575/575/575 577/577/577 576/576/576
f 578/578/578 758/758/758 756/756/756
f 756/756/756 576/576/576 578/578/578
f 576/576/576 574/574/574 575/575/575
f 573/573/573 575/575/575 574/574/574
f 576/576/576 756/756/756 754/754/754
f 754/754/754 574/574/574 576/576/576
f 574/574/574 572/572/572 573/573/573
f 571/571/571 573/573/573 572/572/572
f 574/574/574 754/754/754 752/752/752
f 752/752/752 572/572/572 574/574/574
f 572/572/572 570/570/570 571/571/571
f 569/569/569 571/571/571 570/570/570
f 572/572/572 752/752/752 750/750/750
f 750/750/750 570/570/570 572/572/572
f 570/570/570 568/568/568 569/569/569
f 567/567/567 569/569/569 568/568/568
f 570/570/570 750/750/750 748/748/748
f 748/748/748 568/568/568 570/570/570
f 568/568/568 566/566/566 567/567/567
f 565/565/565 567/567/567 566/566/566
f 568/568/568 748/748/748 746/746/746
f 746/746/746 566/566/566 568/568/568
f 566/566/566 564/564/564 565/565/565
f 563/563/563 565/565/565 564/564/564
f 566/566/566 746/746/746 744/744/744
f 744/744/744 564/564/564 566/566/566
f 564/564/564 562/562/562 563/563/563
f 561/561/561 563/563/563 562/562/562
f 564/564/564 744/744/744 742/742/742
f 742/742/742 562/562/562 564/564/564
f 562/562/562 560/560/560 561/561/561
f 559/559/559 561/561/561 560/560/560
f 562/562/562 742/742/742 740/740/740
f 740/740/740 560/560/560 562/562/562
f 560/560/560 558/558/558 559/559/559
f 557/557/557 559/559/559 558/558/558
f 560/560/560 740/740/740 738/738/738
f 738/738/738 558/558/558 560/560/560
f 558/558/558 556/556/556 557/557/557
f 555/555/555 557/557/557 556/556/556
f 558/558/558 738/738/738 736/736/736
f 736/736/736 556/556/556 558/558/558
f 556/556/556 554/554/554 555/555/555
f 553/553/553 555/555/555 554/554/554
f 556/556/556 736/736/736 734/734/734
f 734/734/734 554/554/554 556/556/556
f 554/554/554 552/552/552 553/553/553
f 551/551/551 553/553/553 552/552/552
f 554/554/554 734/734/734 732/732/732
f 732/732/732 552/552/552 554/554/554
f 552/552/552 550/550/550 551/551/551
f 549/549/549 551/551/551 550/550/550
f 552/552/552 732/732/732 730/730/730
f 730/730/730 550/550/550 552/552/552
f 550/550/550 548/548/548 549/549/549
f 545/545/545 549/549/549 548/548/548
f 550/550/550 730/730/730 728/728/728
f 728/728/728 548/548/548 550/550/550
f 548/548/548 544/544/544 545/545/545
f 546/546/546 545/545/545 544/544/544
f 544/544/544 547/547/547 546/546/546
f 548/548/548 728/728/728 724/724/724
f 724/724/724 544/544/544 548/548/548
f 725/725/725 547/547/547 544/544/544
f 544/544/544 724/724/724 725/725/725
f 547/547/547 725/725/725 794/794/794
f 794/794/794 614/614/614 547/547/547
f 726/726/726 725/725/725 724/724/724
f 614/614/614 794/794/794 792/792/792
f 792/792/792 612/612/612 614/614/614
f 795/795/795 794/794/794 725/725/725
f 725/725/725 726/726/726 795/795/795
f 793/793/793 792/792/792 794/794/794
f 794/794/794 795/795/795 793/793/793
f 612/612/612 792/792/792 790/790/790
f 790/790/790 610/610/610 612/612/612
f 610/610/610 790/790/790 788/788/788
f 792/792/792 793/793/793 791/791/791
f 791/791/791 790/790/790 792/792/792
f 789/789/789 788/788/788 790/790/790
f 790/790/790 791/791/791 789/789/789
f 788/788/788 789/789/789 787/787/787
f 787/787/787 786/786/786 788/788/788
f 355/355/355 789/789/789 791/791/791
f 786/786/786 787/787/787 785/785/785
f 785/785/785 784/784/784 786/786/786
f 353/353/353 787/787/787 789/789/789
f 789/789/789 355/355/355 353/353/353
f 351/351/351 785/785/785 787/787/787
f 787/787/787 353/353/353 351/351/351
f 784/784/784 785/785/785 783/783/783
f 783/783/783 782/782/782 784/784/784
f 785/785/785 351/351/351 349/349/349
f 349/349/349 783/783/783 785/785/785
f 782/782/782 783/783/783 781/781/781
f 781/781/781 780/780/780 782/782/782
f 783/783/783 349/349/349 347/347/347
f 347/347/347 781/781/781 783/783/783
f 780/780/780 781/781/781 779/779/779
f 779/779/779 778/778/778 780/780/780
f 781/781/781 347/347/347 345/345/345
f 345/345/345 779/779/779 781/781/781
f 778/778/778 779/779/779 777/777/777
f 777/777/777 776/776/776 778/778/778
f 779/779/779 345/345/345 343/343/343
f 343/343/343 777/777/777 779/779/779
f 776/776/776 777/777/777 775/775/775
f 775/775/775 774/774/774 776/776/776
f 777/777/777 343/343/343 341/341/341
f 341/341/341 775/775/775 777/777/777
f 774/774/774 775/775/775 773/773/773
f 773/773/773 772/772/772 774/774/774
f 775/775/775 341/341/341 339/339/339
f 339/339/339 773/773/773 775/775/775
f 772/772/772 773/773/773 771/771/771
f 771/771/771 770/770/770 772/772/772
f 773/773/773 339/339/339 337/337/337
f 337/337/337 771/771/771 773/773/773
f 770/770/770 771/771/771 769/769/769
f 769/769/769 768/768/768 770/770/770
f 771/771/771 337/337/337 335/335/335
f 335/335/335 769/769/769 771/771/771
f 768/768/768 769/769/769 767/767/767
f 767/767/767 766/766/766 768/768/768
f 769/769/769 335/335/335 333/333/333
f 333/333/333 767/767/767 769/769/769
f 766/766/766 767/767/767 765/765/765
f 765/765/765 764/764/764 766/766/766
f 767/767/767 333/333/333 331/331/331
f 331/331/331 765/765/765 767/767/767
f 764/764/764 765/765/765 763/763/763
f 763/763/763 762/762/762 764/764/764
f 765/765/765 331/331/331 329/329/329
f 329/329/329 763/763/763 765/765/765
f 762/762/762 763/763/763 761/761/761
f 761/761/761 760/760/760 762/762/762
f 763/763/763 329/329/329 327/327/327
f 327/327/327 761/761/761 763/763/763
f 760/760/760 761/761/761 759/759/759
f 759/759/759 758/758/758 760/760/760
f 761/761/761 327/327/327 325/325/325
f 325/325/325 759/759/759 761/761/761
f 758/758/758 759/759/759 757/757/757
f 757/757/757 756/756/756 758/758/758
f 759/759/759 325/325/325 323/323/323
f 323/323/323 757/757/757 759/759/759
f 756/756/756 757/757/757 755/755/755
f 755/755/755 754/754/754 756/756/756
f 757/757/757 323/323/323 321/321/321
f 321/321/321 755/755/755 757/757/757
f 754/754/754 755/755/755 753/753/753
f 753/753/753 752/752/752 754/754/754
f 755/755/755 321/321/321 319/319/319
f 319/319/319 753/753/753 755/755/755
f 752/752/752 753/753/753 751/751/751
f 751/751/751 750/750/750 752/752/752
f 753/753/753 319/319/319 317/317/317
f 317/317/317 751/751/751 753/753/753
f 750/750/750 751/751/751 749/749/749
f 749/749/749 748/748/748 750/750/750
f 751/751/751 317/317/317 315/315/315
f 315/315/315 749/749/749 751/751/751
f 748/748/748 749/749/749 747/747/747
f 747/747/747 746/746/746 748/748/748
f 749/749/749 315/315/315 313/313/313
f 313/313/313 747/747/747 749/749/749
f 746/746/746 747/747/747 745/745/745
f 745/745/745 744/744/744 746/746/746
f 747/747/747 313/313/313 311/311/311
f 311/311/311 745/745/745 747/747/747
f 744/744/744 745/745/745 743/743/743
f 743/743/743 742/742/742 744/744/744
f 745/745/745 311/311/311 309/309/309
f 309/309/309 743/743/743 745/745/745
f 742/742/742 743/743/743 741/741/741
f 741/741/741 740/740/740 742/742/742
f 743/743/743 309/309/309 307/307/307
f 307/307/307 741/741/741 743/743/743
f 740/740/740 741/741/741 739/739/739
f 739/739/739 738/738/738 740/740/740
f 741/741/741 307/307/307 305/305/305
f 305/305/305 739/739/739 741/741/741
f 738/738/738 739/739/739 737/737/737
f 737/737/737 736/736/736 738/738/738
f 739/739/739 305/305/305 303/303/303
f 303/303/303 737/737/737 739/739/739
f 736/736/736 737/737/737 735/735/735
f 735/735/735 734/734/734 736/736/736
f 737/737/737 303/303/303 301/301/301
f 301/301/301 735/735/735 737/737/737
f 734/734/734 735/735/735 733/733/733
f 733/733/733 732/732/732 734/734/734
f 735/735/735 301/301/301 299/299/299
f 299/299/299 733/733/733 735/735/735
f 732/732/732 733/733/733 731/731/731
f 731/731/731 730/730/730 732/732/732
f 733/733/733 299/299/299 297/297/297
f 297/297/297 731/731/731 733/733/733
f 730/730/730 731/731/731 729/729/729
f 729/729/729 728/728/728 730/730/730
f 731/731/731 297/297/297 295/295/295
f 295/295/295 729/729/729 731/731/731
f 728/728/728 729/729/729 727/727/727
f 727/727/727 724/724/724 728/728/728
f 724/724/724 727/727/727 726/726/726
f 729/729/729 295/295/295 291/291/291
f 291/291/291 727/727/727 729/729/729
f 292/292/292 726/726/726 727/727/727
f 727/727/727 291/291/291 292/292/292
f 726/726/726 292/292/292 361/361/361
f 361/361/361 795/795/795 726/726/726
f 292/292/292 291/291/291 290/290/290
f 795/795/795 361/361/361 359/359/359
f 359/359/359 793/793/793 795/795/795
f 361/361/361 292/292/292 293/293/293
f 290/290/290 293/293/293 292/292/292
f 359/359/359 361/361/361 360/360/360
f 293/293/293 360/360/360 361/361/361
f 793/793/793 359/359/359 357/357/357
f 357/357/357 791/791/791 793/793/793
f 791/791/791 357/357/357 355/355/355
f 360/360/360 358/358/358 359/359/359
f 357/357/357 359/359/359 358/358/358
f 355/355/355 357/357/357 356/356/356
f 358/358/358 356/356/356 357/357/357
f 356/356/356 354/354/354 355/355/355
f 353/353/353 355/355/355 354/354/354
f 877/877/877 356/356/356 358/358/358
f 354/354/354 352/352/352 353/353/353
f 351/351/351 353/353/353 352/352/352
f 879/879/879 354/354/354 356/356/356
f 356/356/356 877/877/877 879/879/879
f 881/881/881 352/352/352 354/354/354
f 354/354/354 879/879/879 881/881/881
f 352/352/352 350/350/350 351/351/351
f 349/349/349 351/351/351 350/350/350
f 352/352/352 881/881/881 883/883/883
f 883/883/883 350/350/350 352/352/352
f 350/350/350 348/348/348 349/349/349
f 347/347/347 349/349/349 348/348/348
f 350/350/350 883/883/883 885/885/885
f 885/885/885 348/348/348 350/350/350
f 348/348/348 346/346/346 347/347/347
f 345/345/345 347/347/347 346/346/346
f 348/348/348 885/885/885 887/887/887
f 887/887/887 346/346/346 348/348/348
f 346/346/346 344/344/344 345/345/345
f 343/343/343 345/345/345 344/344/344
f 346/346/346 887/887/887 889/889/889
f 889/889/889 344/344/344 346/346/346
f 344/344/344 342/342/342 343/343/343
f 341/341/341 343/343/343 342/342/342
f 344/344/344 889/889/889 891/891/891
f 891/891/891 342/342/342 344/344/344
f 342/342/342 340/340/340 341/341/341
f 339/339/339 341/341/341 340/340/340
f 342/342/342 891/891/891 893/893/893
f 893/893/893 340/340/340 342/342/342
f 340/340/340 338/338/338 339/339/339
f 337/337/337 339/339/339 338/338/338
f 340/340/340 893/893/893 895/895/895
f 895/895/895 338/338/338 340/340/340
f 338/338/338 336/336/336 337/337/337
f 335/335/335 337/337/337 336/336/336
f 338/338/338 895/895/895 897/897/897
f 897/897/897 336/336/336 338/338/338
f 336/336/336 334/334/334 335/335/335
f 333/333/333 335/335/335 334/334/334
f 336/336/336 897/897/897 899/899/899
f 899/899/899 334/334/334 336/336/336
f 334/334/334 332/332/332 333/333/333
f 331/331/331 333/333/333 332/332/332
f 334/334/334 899/899/899 901/901/901
f 901/901/901 332/332/332 334/334/334
f 332/332/332 330/330/330 331/331/331
f 329/329/329 331/331/331 330/330/330
f 332/332/332 901/901/901 903/903/903
f 903/903/903 330/330/330 332/332/332
f 330/330/330 328/328/328 329/329/329
f 327/327/327 329/329/329 328/328/328
f 330/330/330 903/903/903 905/905/905
f 905/905/905 328/328/328 330/330/330
f 328/328/328 326/326/326 327/327/327
f 325/325/325 327/327/327 326/326/326
f 328/328/328 905/905/905 907/907/907
f 907/907/907 326/326/326 328/328/328
f 326/326/326 324/324/324 325/325/325
f 323/323/323 325/325/325 324/324/324
f 326/326/326 907/907/907 909/909/909
f 909/909/909 324/324/324 326/326/326
f 324/324/324 322/322/322 323/323/323
f 321/321/321 323/323/323 322/322/322
f 324/324/324 909/909/909 911/911/911
f 911/911/911 322/322/322 324/324/324
f 322/322/322 320/320/320 321/321/321
f 319/319/319 321/321/321 320/320/320
f 322/322/322 911/911/911 913/913/913
f 913/913/913 320/320/320 322/322/322
f 320/320/320 318/318/318 319/319/319
f 317/317/317 319/319/319 318/318/318
f 320/320/320 913/913/913 915/915/915
f 915/915/915 318/318/318 320/320/320
f 318/318/318 316/316/316 317/317/317
f 315/315/315 317/317/317 316/316/316
f 318/318/318 915/915/915 917/917/917
f 917/917/917 316/316/316 318/318/318
f 316/316/316 314/314/314 315/315/315
f 313/313/313 315/315/315 314/314/314
f 316/316/316 917/917/917 919/919/919
f 919/919/919 314/314/314 316/316/316
f 314/314/314 312/312/312 313/313/313
f 311/311/311 313/313/313 312/312/312
f 314/314/314 919/919/919 921/921/921
f 921/921/921 312/312/312 314/314/314
f 312/312/312 310/310/310 311/311/311
f 309/309/309 311/311/311 310/310/310
f 312/312/312 921/921/921 923/923/923
f 923/923/923 310/310/310 312/312/312
f 310/310/310 308/308/308 309/309/309
f 307/307/307 309/309/309 308/308/308
f 310/310/310 923/923/923 925/925/925
f 925/925/925 308/308/308 310/310/310
f 308/308/308 306/306/306 307/307/307
f 305/305/305 307/307/307 306/306/306
f 308/308/308 925/925/925 927/927/927
f 927/927/927 306/306/306 308/308/308
f 306/306/306 304/304/304 305/305/305
f 303/303/303 305/305/305 304/304/304
f 306/306/306 927/927/927 929/929/929
f 929/929/929 304/304/304 306/306/306
f 304/304/304 302/302/302 303/303/303
f 301/301/301 303/303/303 302/302/302
f 304/304/304 929/929/929 931/931/931
f 931/931/931 302/302/302 304/304/304
f 302/302/302 300/300/300 301/301/301
f 299/299/299 301/301/301 300/300/300
f 302/302/302 931/931/931 933/933/933
f 933/933/933 300/300/300 302/302/302
f 300/300/300 298/298/298 299/299/299
f 297/297/297 299/299/299 298/298/298
f 300/300/300 933/933/933 935/935/935
f 935/935/935 298/298/298 300/300/300
f 298/298/298 296/296/296 297/297/297
f 295/295/295 297/297/297 296/296/296
f 298/298/298 935/935/935 937/937/937
f 937/937/937 296/296/296 298/298/298
f 296/296/296 294/294/294 295/295/295
f 291/291/291 295/295/295 294/294/294
f 294/294/294 290/290/290 291/291/291
f 296/296/296 937/937/937 939/939/939
f 939/939/939 294/294/294 296/296/296
f 870/870/870 290/290/290 294/294/294
f 294/294/294 939/939/939 870/870/870
f 290/290/290 870/870/870 871/871/871
f 871/871/871 293/293/293 290/290/290
f 869/869/869 870/870/870 939/939/939
f 293/293/293 871/871/871 873/873/873
f 873/873/873 360/360/360 293/293/293
f 868/868/868 871/871/871 870/870/870
f 870/870/870 869/869/869 868/868/868
f 872/872/872 873/873/873 871/871/871
f 871/871/871 868/868/868 872/872/872
f 360/360/360 873/873/873 875/875/875
f 875/875/875 358/358/358 360/360/360
f 358/358/358 875/875/875 877/877/877
f 873/873/873 872/872/872 874/874/874
f 874/874/874 875/875/875 873/873/873
f 876/876/876 877/877/877 875/875/875
f 875/875/875 874/874/874 876/876/876
f 877/877/877 876/876/876 878/878/878
f 878/878/878 879/879/879 877/877/877
f 620/620/620 876/876/876 874/874/874
f 879/879/879 878/878/878 880/880/880
f 880/880/880 881/881/881 879/879/879
f 621/621/621 878/878/878 876/876/876
f 876/876/876 620/620/620 621/621/621
f 622/622/622 880/880/880 878/878/878
f 878/878/878 621/621/621 622/622/622
f 881/881/881 880/880/880 882/882/882
f 882/882/882 883/883/883 881/881/881
f 880/880/880 622/622/622 623/623/623
f 623/623/623 882/882/882 880/880/880
f 883/883/883 882/882/882 884/884/884
f 884/884/884 885/885/885 883/883/883
f 882/882/882 623/623/623 624/624/624
f 624/624/624 884/884/884 882/882/882
f 885/885/885 884/884/884 886/886/886
f 886/886/886 887/887/887 885/885/885
f 884/884/884 624/624/624 625/625/625
f 625/625/625 886/886/886 884/884/884
f 887/887/887 886/886/886 888/888/888
f 888/888/888 889/889/889 887/887/887
f 886/886/886 625/625/625 626/626/626
f 626/626/626 888/888/888 886/886/886
f 889/889/889 888/888/888 890/890/890
f 890/890/890 891/891/891 889/889/889
f 888/888/888 626/626/626 627/627/627
f 627/627/627 890/890/890 888/888/888
f 891/891/891 890/890/890 892/892/892
f 892/892/892 893/893/893 891/891/891
f 890/890/890 627/627/627 628/628/628
f 628/628/628 892/892/892 890/890/890
f 893/893/893 892/892/892 894/894/894
f 894/894/894 895/895/895 893/893/893
f 892/892/892 628/628/628 629/629/629
f 629/629/629 894/894/894 892/892/892
f 895/895/895 894/894/894 896/896/896
f 896/896/896 897/897/897 895/895/895
f 894/894/894 629/629/629 630/630/630
f 630/630/630 896/896/896 894/894/894
f 897/897/897 896/896/896 898/898/898
f 898/898/898 899/899/899 897/897/897
f 896/896/896 630/630/630 631/631/631
f 631/631/631 898/898/898 896/896/896
f 899/899/899 898/898/898 900/900/900
f 900/900/900 901/901/901 899/899/899
f 898/898/898 631/631/631 632/632/632
f 632/632/632 900/900/900 898/898/898
f 901/901/901 900/900/900 902/902/902
f 902/902/902 903/903/903 901/901/901
f 900/900/900 632/632/632 633/633/633
f 633/633/633 902/902/902 900/900/900
f 903/903/903 902/902/902 904/904/904
f 904/904/904 905/905/905 903/903/903
f 902/902/902 633/633/633 634/634/634
f 634/634/634 904/904/904 902/902/902
f 905/905/905 904/904/904 906/906/906
f 906/906/906 907/907/907 905/905/905
f 904/904/904 634/634/634 635/635/635
f 635/635/635 906/906/906 904/904/904
f 907/907/907 906/906/906 908/908/908
f 908/908/908 909/909/909 907/907/907
f 906/906/906 635/635/635 636/636/636
f 636/636/636 908/908/908 906/906/906
f 909/909/909 908/908/908 910/910/910
f 910/910/910 911/911/911 909/909/909
f 908/908/908 636/636/636 637/637/637
f 637/637/637 910/910/910 908/908/908
f 911/911/911 910/910/910 912/912/912
f 912/912/912 913/913/913 911/911/911
f 910/910/910 637/637/637 638/638/638
f 638/638/638 912/912/912 910/910/910
f 913/913/913 912/912/912 914/914/914
f 914/914/914 915/915/915 913/913/913
f 912/912/912 638/638/638 639/639/639
f 639/639/639 914/914/914 912/912/912
f 915/915/915 914/914/914 916/916/916
f 916/916/916 917/917/917 915/915/915
f 914/914/914 639/639/639 640/640/640
f 640/640/640 916/916/916 914/914/914
f 917/917/917 916/916/916 918/918/918
f 918/918/918 919/919/919 917/917/917
f 916/916/916 640/640/640 641/641/641
f 641/641/641 918/918/918 916/916/916
f 919/919/919 918/918/918 920/920/920
f 920/920/920 921/921/921 919/919/919
f 918/918/918 641/641/641 642/642/642
f 642/642/642 920/920/920 918/918/918
f 921/921/921 920/920/920 922/922/922
f 922/922/922 923/923/923 921/921/921
f 920/920/920 642/642/642 643/643/643
f 643/643/643 922/922/922 920/920/920
f 923/923/923 922/922/922 924/924/924
f 924/924/924 925/925/925 923/923/923
f 922/922/922 643/643/643 644/644/644
f 644/644/644 924/924/924 922/922/922
f 925/925/925 924/924/924 926/926/926
f 926/926/926 927/927/927 925/925/925
f 924/924/924 644/644/644 645/645/645
f 645/645/645 926/926/926 924/924/924
f 927/927/927 926/926/926 928/928/928
f 928/928/928 929/929/929 927/927/927
f 926/926/926 645/645/645 646/646/646
f 646/646/646 928/928/928 926/926/926
f 929/929/929 928/928/928 930/930/930
f 930/930/930 931/931/931 929/929/929
f 928/928/928 646/646/646 647/647/647
f 647/647/647 930/930/930 928/928/928
f 931/931/931 930/930/930 932/932/932
f 932/932/932 933/933/933 931/931/931
f 930/930/930 647/647/647 648/648/648
f 648/648/648 932/932/932 930/930/930
f 933/933/933 932/932/932 934/934/934
f 934/934/934 935/935/935 933/933/933
f 932/932/932 648/648/648 649/649/649
f 649/649/649 934/934/934 932/932/932
f 935/935/935 934/934/934 936/936/936
f 936/936/936 937/937/937 935/935/935
f 934/934/934 649/649/649 650/650/650
f 650/650/650 936/936/936 934/934/934
f 937/937/937 936/936/936 938/938/938
f 938/938/938 939/939/939 937/937/937
f 939/939/939 938/938/938 869/869/869
f 936/936/936 650/650/650 651/651/651
f 651/651/651 938/938/938 936/936/936
f 617/617/617 869/869/869 938/938/938
f 938/938/938 651/651/651 617/617/617
f 869/869/869 617/617/617 616/616/616
f 616/616/616 868/868/868 869/869/869
f 617/617/617 651/651/651 402/402/402
f 868/868/868 616/616/616 618/618/618
f 618/618/618 872/872/872 868/868/868
f 616/616/616 617/617/617 404/404/404
f 402/402/402 404/404/404 617/617/617
f 618/618/618 616/616/616 406/406/406
f 404/404/404 406/406/406 616/616/616
f 872/872/872 618/618/618 619/619/619
f 619/619/619 874/874/874 872/872/872
f 874/874/874 619/619/619 620/620/620
f 406/406/406 408/408/408 618/618/618
f 619/619/619 618/618/618 408/408/408
f 620/620/620 619/619/619 410/410/410
f 408/408/408 410/410/410 619/619/619
f 410/410/410 412/412/412 620/620/620
f 621/621/621 620/620/620 412/412/412
f 410/410/410 408/408/408 409/409/409
f 412/412/412 414/414/414 621/621/621
f 622/622/622 621/621/621 414/414/414
f 412/412/412 410/410/410 411/411/411
f 409/409/409 411/411/411 410/410/410
f 414/414/414 412/412/412 413/413/413
f 411/411/411 413/413/413 412/412/412
f 414/414/414 416/416/416 622/622/622
f 623/623/623 622/622/622 416/416/416
f 413/413/413 415/415/415 414/414/414
f 416/416/416 414/414/414 415/415/415
f 416/416/416 418/418/418 623/623/623
f 624/624/624 623/623/623 418/418/418
f 415/415/415 417/417/417 416/416/416
f 418/418/418 416/416/416 417/417/417
f 418/418/418 420/420/420 624/624/624
f 625/625/625 624/624/624 420/420/420
f 417/417/417 419/419/419 418/418/418
f 420/420/420 418/418/418 419/419/419
f 420/420/420 422/422/422 625/625/625
f 626/626/626 625/625/625 422/422/422
f 419/419/419 421/421/421 420/420/420
f 422/422/422 420/420/420 421/421/421
f 422/422/422 424/424/424 626/626/626
f 627/627/627 626/626/626 424/424/424
f 421/421/421 423/423/423 422/422/422
f 424/424/424 422/422/422 423/423/423
f 424/424/424 426/426/426 627/627/627
f 628/628/628 627/627/627 426/426/426
f 423/423/423 425/425/425 424/424/424
f 426/426/426 424/424/424 425/425/425
f 426/426/426 428/428/428 628/628/628
f 629/629/629 628/628/628 428/428/428
f 425/425/425 427/427/427 426/426/426
f 428/428/428 426/426/426 427/427/427
f 428/428/428 430/430/430 629/629/629
f 630/630/630 629/629/629 430/430/430
f 427/427/427 429/429/429 428/428/428
f 430/430/430 428/428/428 429/429/429
f 430/430/430 432/432/432 630/630/630
f 631/631/631 630/630/630 432/432/432
f 429/429/429 431/431/431 430/430/430
f 432/432/432 430/430/430 431/431/431
f 432/432/432 365/365/365 631/631/631
f 632/632/632 631/631/631 365/365/365
f 431/431/431 433/433/433 432/432/432
f 365/365/365 432/432/432 433/433/433
f 365/365/365 362/362/362 632/632/632
f 633/633/633 632/632/632 362/362/362
f 433/433/433 364/364/364 365/365/365
f 362/362/362 365/365/365 364/364/364
f 362/362/362 366/366/366 633/633/633
f 634/634/634 633/633/633 366/366/366
f 364/364/364 363/363/363 362/362/362
f 366/366/366 362/362/362 363/363/363
f 366/366/366 368/368/368 634/634/634
f 635/635/635 634/634/634 368/368/368
f 363/363/363 367/367/367 366/366/366
f 368/368/368 366/366/366 367/367/367
f 368/368/368 370/370/370 635/635/635
f 636/636/636 635/635/635 370/370/370
f 367/367/367 369/369/369 368/368/368
f 370/370/370 368/368/368 369/369/369
f 370/370/370 372/372/372 636/636/636
f 637/637/637 636/636/636 372/372/372
f 369/369/369 371/371/371 370/370/370
f 372/372/372 370/370/370 371/371/371
f 372/372/372 374/374/374 637/637/637
f 638/638/638 637/637/637 374/374/374
f 371/371/371 373/373/373 372/372/372
f 374/374/374 372/372/372 373/373/373
f 374/374/374 376/376/376 638/638/638
f 639/639/639 638/638/638 376/376/376
f 373/373/373 375/375/375 374/374/374
f 376/376/376 374/374/374 375/375/375
f 376/376/376 378/378/378 639/639/639
f 640/640/640 639/639/639 378/378/378
f 375/375/375 377/377/377 376/376/376
f 378/378/378 376/376/376 377/377/377
f 378/378/378 380/380/380 640/640/640
f 641/641/641 640/640/640 380/380/380
f 377/377/377 379/379/379 378/378/378
f 380/380/380 378/378/378 379/379/379
f 380/380/380 382/382/382 641/641/641
f 642/642/642 641/641/641 382/382/382
f 379/379/379 381/381/381 380/380/380
f 382/382/382 380/380/380 381/381/381
f 382/382/382 384/384/384 642/642/642
f 643/643/643 642/642/642 384/384/384
f 381/381/381 383/383/383 382/382/382
f 384/384/384 382/382/382 383/383/383
f 384/384/384 386/386/386 643/643/643
f 644/644/644 643/643/643 386/386/386
f 383/383/383 385/385/385 384/384/384
f 386/386/386 384/384/384 385/385/385
f 386/386/386 388/388/388 644/644/644
f 645/645/645 644/644/644 388/388/388
f 385/385/385 387/387/387 386/386/386
f 388/388/388 386/386/386 387/387/387
f 388/388/388 390/390/390 645/645/645
f 646/646/646 645/645/645 390/390/390
f 387/387/387 389/389/389 388/388/388
f 390/390/390 388/388/388 389/389/389
f 390/390/390 392/392/392 646/646/646
f 647/647/647 646/646/646 392/392/392
f 389/389/389 391/391/391 390/390/390
f 392/392/392 390/390/390 391/391/391
f 392/392/392 394/394/394 647/647/647
f 648/648/648 647/647/647 394/394/394
f 391/391/391 393/393/393 392/392/392
f 394/394/394 392/392/392 393/393/393
f 394/394/394 396/396/396 648/648/648
f 649/649/649 648/648/648 396/396/396
f 393/393/393 395/395/395 394/394/394
f 396/396/396 394/394/394 395/395/395
f 396/396/396 398/398/398 649/649/649
f 650/650/650 649/649/649 398/398/398
f 395/395/395 397/397/397 396/396/396
f 398/398/398 396/396/396 397/397/397
f 398/398/398 400/400/400 650/650/650
f 651/651/651 650/650/650 400/400/400
f 400/400/400 402/402/402 651/651/651
f 397/397/397 399/399/399 398/398/398
f 400/400/400 398/398/398 399/399/399
f 402/402/402 400/400/400 401/401/401
f 399/399/399 401/401/401 400/400/400
f 401/401/401 403/403/403 402/402/402
f 404/404/404 402/402/402 403/403/403
f 401/401/401 399/399/399 512/512/512
f 403/403/403 405/405/405 404/404/404
f 406/406/406 404/404/404 405/405/405
f 403/403/403 401/401/401 511/511/511
f 512/512/512 511/511/511 401/401/401
f 405/405/405 403/403/403 510/510/510
f 511/511/511 510/510/510 403/403/403
f 405/405/405 407/407/407 406/406/406
f 408/408/408 406/406/406 407/407/407
f 407/407/407 409/409/409 408/408/408
f 510/510/510 508/508/508 405/405/405
f 407/407/407 405/405/405 508/508/508
f 409/409/409 407/407/407 509/509/509
f 508/508/508 509/509/509 407/407/407
f 509/509/509 543/543/543 409/409/409
f 411/411/411 409/409/409 543/543/543
f 797/797/797 509/509/509 508/508/508
f 543/543/543 542/542/542 411/411/411
f 413/413/413 411/411/411 542/542/542
f 866/866/866 543/543/543 509/509/509
f 509/509/509 797/797/797 866/866/866
f 864/864/864 542/542/542 543/543/543
f 543/543/543 866/866/866 864/864/864
f 542/542/542 541/541/541 413/413/413
f 415/415/415 413/413/413 541/541/541
f 542/542/542 864/864/864 862/862/862
f 862/862/862 541/541/541 542/542/542
f 541/541/541 540/540/540 415/415/415
f 417/417/417 415/415/415 540/540/540
f 541/541/541 862/862/862 860/860/860
f 860/860/860 540/540/540 541/541/541
f 540/540/540 539/539/539 417/417/417
f 419/419/419 417/417/417 539/539/539
f 540/540/540 860/860/860 858/858/858
f 858/858/858 539/539/539 540/540/540
f 539/539/539 538/538/538 419/419/419
f 421/421/421 419/419/419 538/538/538
f 539/539/539 858/858/858 856/856/856
f 856/856/856 538/538/538 539/539/539
f 538/538/538 537/537/537 421/421/421
f 423/423/423 421/421/421 537/537/537
f 538/538/538 856/856/856 854/854/854
f 854/854/854 537/537/537 538/538/538
f 537/537/537 536/536/536 423/423/423
f 425/425/425 423/423/423 536/536/536
f 537/537/537 854/854/854 852/852/852
f 852/852/852 536/536/536 537/537/537
f 536/536/536 535/535/535 425/425/425
f 427/427/427 425/425/425 535/535/535
f 536/536/536 852/852/852 850/850/850
f 850/850/850 535/535/535 536/536/536
f 535/535/535 534/534/534 427/427/427
f 429/429/429 427/427/427 534/534/534
f 535/535/535 850/850/850 848/848/848
f 848/848/848 534/534/534 535/535/535
f 534/534/534 533/533/533 429/429/429
f 431/431/431 429/429/429 533/533/533
f 534/534/534 848/848/848 846/846/846
f 846/846/846 533/533/533 534/534/534
f 533/533/533 532/532/532 431/431/431
f 433/433/433 431/431/431 532/532/532
f 533/533/533 846/846/846 844/844/844
f 844/844/844 532/532/532 533/533/533
f 532/532/532 531/531/531 433/433/433
f 364/364/364 433/433/433 531/531/531
f 532/532/532 844/844/844 842/842/842
f 842/842/842 531/531/531 532/532/532
f 531/531/531 530/530/530 364/364/364
f 363/363/363 364/364/364 530/530/530
f 531/531/531 842/842/842 840/840/840
f 840/840/840 530/530/530 531/531/531
f 530/530/530 529/529/529 363/363/363
f 367/367/367 363/363/363 529/529/529
f 530/530/530 840/840/840 838/838/838
f 838/838/838 529/529/529 530/530/530
f 529/529/529 528/528/528 367/367/367
f 369/369/369 367/367/367 528/528/528
f 529/529/529 838/838/838 836/836/836
f 836/836/836 528/528/528 529/529/529
f 528/528/528 527/527/527 369/369/369
f 371/371/371 369/369/369 527/527/527
f 528/528/528 836/836/836 834/834/834
f 834/834/834 527/527/527 528/528/528
f 527/527/527 526/526/526 371/371/371
f 373/373/373 371/371/371 526/526/526
f 527/527/527 834/834/834 832/832/832
f 832/832/832 526/526/526 527/527/527
f 526/526/526 525/525/525 373/373/373
f 375/375/375 373/373/373 525/525/525
f 526/526/526 832/832/832 830/830/830
f 830/830/830 525/525/525 526/526/526
f 525/525/525 524/524/524 375/375/375
f 377/377/377 375/375/375 524/524/524
f 525/525/525 830/830/830 828/828/828
f 828/828/828 524/524/524 525/525/525
f 524/524/524 523/523/523 377/377/377
f 379/379/379 377/377/377 523/523/523
f 524/524/524 828/828/828 826/826/826
f 826/826/826 523/523/523 524/524/524
f 523/523/523 522/522/522 379/379/379
f 381/381/381 379/379/379 522/522/522
f 523/523/523 826/826/826 824/824/824
f 824/824/824 522/522/522 523/523/523
f 522/522/522 521/521/521 381/381/381
f 383/383/383 381/381/381 521/521/521
f 522/522/522 824/824/824 822/822/822
f 822/822/822 521/521/521 522/522/522
f 521/521/521 520/520/520 383/383/383
f 385/385/385 383/383/383 520/520/520
f 521/521/521 822/822/822 820/820/820
f 820/820/820 520/520/520 521/521/521
f 520/520/520 519/519/519 385/385/385
f 387/387/387 385/385/385 519/519/519
f 520/520/520 820/820/820 818/818/818
f 818/818/818 519/519/519 520/520/520
f 519/519/519 518/518/518 387/387/387
f 389/389/389 387/387/387 518/518/518
f 519/519/519 818/818/818 816/816/816
f 816/816/816 518/518/518 519/519/519
f 518/518/518 517/517/517 389/389/389
f 391/391/391 389/389/389 517/517/517
f 518/518/518 816/816/816 814/814/814
f 814/814/814 517/517/517 518/518/518
f 517/517/517 516/516/516 391/391/391
f 393/393/393 391/391/391 516/516/516
f 517/517/517 814/814/814 812/812/812
f 812/812/812 516/516/516 517/517/517
f 516/516/516 515/515/515 393/393/393
f 395/395/395 393/393/393 515/515/515
f 516/516/516 812/812/812 810/810/810
f 810/810/810 515/515/515 516/516/516
f 515/515/515 514/514/514 395/395/395
f 397/397/397 395/395/395 514/514/514
f 515/515/515 810/810/810 808/808/808
f 808/808/808 514/514/514 515/515/515
f 514/514/514 513/513/513 397/397/397
f 399/399/399 397/397/397 513/513/513
f 513/513/513 512/512/512 399/399/399
f 514/514/514 808/808/808 806/806/806
f 806/806/806 513/513/513 514/514/514
f 804/804/804 512/512/512 513/513/513
f 513/513/513 806/806/806 804/804/804
f 512/512/512 804/804/804 802/802/802
f 802/802/802 511/511/511 512/512/512
f 805/805/805 804/804/804 806/806/806
f 511/511/511 802/802/802 800/800/800
f 800/800/800 510/510/510 511/511/511
f 803/803/803 802/802/802 804/804/804
f 804/804/804 805/805/805 803/803/803
f 801/801/801 800/800/800 802/802/802
f 802/802/802 803/803/803 801/801/801
f 510/510/510 800/800/800 796/796/796
f 796/796/796 508/508/508 510/510/510
f 508/508/508 796/796/796 797/797/797
f 800/800/800 801/801/801 799/799/799
f 799/799/799 796/796/796 800/800/800
f 798/798/798 797/797/797 796/796/796
f 796/796/796 799/799/799 798/798/798
f 797/797/797 798/798/798 867/867/867
f 867/867/867 866/866/866 797/797/797
f 218/218/218 798/798/798 799/799/799
f 866/866/866 867/867/867 865/865/865
f 865/865/865 864/864/864 866/866/866
f 222/222/222 867/867/867 798/798/798
f 798/798/798 218/218/218 222/222/222
f 224/224/224 865/865/865 867/867/867
f 867/867/867 222/222/222 224/224/224
f 864/864/864 865/865/865 863/863/863
f 863/863/863 862/862/862 864/864/864
f 224/224/224 222/222/222 223/223/223
f 219/219/219 223/223/223 222/222/222
f 222/222/222 218/218/218 219/219/219
f 223/223/223 225/225/225 224/224/224
f 220/220/220 219/219/219 218/218/218
f 226/226/226 224/224/224 225/225/225
f 865/865/865 224/224/224 226/226/226
f 226/226/226 863/863/863 865/865/865
f 225/225/225 227/227/227 226/226/226
f 218/218/218 221/221/221 220/220/220
f 799/799/799 221/221/221 218/218/218
f 221/221/221 799/799/799 801/801/801
f 289/289/289 220/220/220 221/221/221
f 228/228/228 226/226/226 227/227/227
f 863/863/863 226/226/226 228/228/228
f 227/227/227 229/229/229 228/228/228
f 221/221/221 288/288/288 289/289/289
f 801/801/801 288/288/288 221/221/221
f 288/288/288 801/801/801 803/803/803
f 287/287/287 289/289/289 288/288/288
f 803/803/803 286/286/286 288/288/288
f 288/288/288 286/286/286 287/287/287
f 286/286/286 803/803/803 805/805/805
f 285/285/285 287/287/287 286/286/286
f 286/286/286 284/284/284 285/285/285
f 805/805/805 284/284/284 286/286/286
f 283/283/283 285/285/285 284/284/284
f 284/284/284 805/805/805 807/807/807
f 806/806/806 807/807/807 805/805/805
f 807/807/807 806/806/806 808/808/808
f 284/284/284 282/282/282 283/283/283
f 807/807/807 282/282/282 284/284/284
f 281/281/281 283/283/283 282/282/282
f 808/808/808 809/809/809 807/807/807
f 282/282/282 807/807/807 809/809/809
f 809/809/809 808/808/808 810/810/810
f 282/282/282 280/280/280 281/281/281
f 809/809/809 280/280/280 282/282/282
f 279/279/279 281/281/281 280/280/280
f 810/810/810 811/811/811 809/809/809
f 280/280/280 809/809/809 811/811/811
f 811/811/811 810/810/810 812/812/812
f 280/280/280 278/278/278 279/279/279
f 811/811/811 278/278/278 280/280/280
f 277/277/277 279/279/279 278/278/278
f 812/812/812 813/813/813 811/811/811
f 278/278/278 811/811/811 813/813/813
f 813/813/813 812/812/812 814/814/814
f 278/278/278 276/276/276 277/277/277
f 813/813/813 276/276/276 278/278/278
f 275/275/275 277/277/277 276/276/276
f 814/814/814 815/815/815 813/813/813
f 276/276/276 813/813/813 815/815/815
f 815/815/815 814/814/814 816/816/816
f 276/276/276 274/274/274 275/275/275
f 815/815/815 274/274/274 276/276/276
f 273/273/273 275/275/275 274/274/274
f 816/816/816 817/817/817 815/815/815
f 274/274/274 815/815/815 817/817/817
f 817/817/817 816/816/816 818/818/818
f 274/274/274 272/272/272 273/273/273
f 817/817/817 272/272/272 274/274/274
f 271/271/271 273/273/273 272/272/272
f 818/818/818 819/819/819 817/817/817
f 272/272/272 817/817/817 819/819/819
f 819/819/819 818/818/818 820/820/820
f 272/272/272 270/270/270 271/271/271
f 819/819/819 270/270/270 272/272/272
f 269/269/269 271/271/271 270/270/270
f 820/820/820 821/821/821 819/819/819
f 270/270/270 819/819/819 821/821/821
f 821/821/821 820/820/820 822/822/822
f 270/270/270 268/268/268 269/269/269
f 821/821/821 268/268/268 270/270/270
f 267/267/267 269/269/269 268/268/268
f 822/822/822 823/823/823 821/821/821
f 268/268/268 821/821/821 823/823/823
f 823/823/823 822/822/822 824/824/824
f 268/268/268 266/266/266 267/267/267
f 823/823/823 266/266/266 268/268/268
f 265/265/265 267/267/267 266/266/266
f 824/824/824 825/825/825 823/823/823
f 266/266/266 823/823/823 825/825/825
f 825/825/825 824/824/824 826/826/826
f 266/266/266 264/264/264 265/265/265
f 825/825/825 264/264/264 266/266/266
f 263/263/263 265/265/265 264/264/264
f 826/826/826 827/827/827 825/825/825
f 264/264/264 825/825/825 827/827/827
f 827/827/827 826/826/826 828/828/828
f 264/264/264 262/262/262 263/263/263
f 827/827/827 262/262/262 264/264/264
f 261/261/261 263/263/263 262/262/262
f 828/828/828 829/829/829 827/827/827
f 262/262/262 827/827/827 829/829/829
f 829/829/829 828/828/828 830/830/830
f 262/262/262 260/260/260 261/261/261
f 829/829/829 260/260/260 262/262/262
f 259/259/259 261/261/261 260/260/260
f 830/830/830 831/831/831 829/829/829
f 260/260/260 829/829/829 831/831/831
f 831/831/831 830/830/830 832/832/832
f 260/260/260 258/258/258 259/259/259
f 831/831/831 258/258/258 260/260/260
f 257/257/257 259/259/259 258/258/258
f 832/832/832 833/833/833 831/831/831
f 258/258/258 831/831/831 833/833/833
f 833/833/833 832/832/832 834/834/834
f 258/258/258 256/256/256 257/257/257
f 833/833/833 256/256/256 258/258/258
f 255/255/255 257/257/257 256/256/256
f 834/834/834 835/835/835 833/833/833
f 256/256/256 833/833/833 835/835/835
f 835/835/835 834/834/834 836/836/836
f 256/256/256 254/254/254 255/255/255
f 835/835/835 254/254/254 256/256/256
f 253/253/253 255/255/255 254/254/254
f 836/836/836 837/837/837 835/835/835
f 254/254/254 835/835/835 837/837/837
f 837/837/837 836/836/836 838/838/838
f 254/254/254 252/252/252 253/253/253
f 837/837/837 252/252/252 254/254/254
f 251/251/251 253/253/253 252/252/252
f 838/838/838 839/839/839 837/837/837
f 252/252/252 837/837/837 839/839/839
f 839/839/839 838/838/838 840/840/840
f 252/252/252 250/250/250 251/251/251
f 839/839/839 250/250/250 252/252/252
f 249/249/249 251/251/251 250/250/250
f 840/840/840 841/841/841 839/839/839
f 250/250/250 839/839/839 841/841/841
f 841/841/841 840/840/840 842/842/842
f 250/250/250 248/248/248 249/249/249
f 841/841/841 248/248/248 250/250/250
f 247/247/247 249/249/249 248/248/248
f 842/842/842 843/843/843 841/841/841
f 248/248/248 841/841/841 843/843/843
f 843/843/843 842/842/842 844/844/844
f 248/248/248 246/246/246 247/247/247
f 843/843/843 246/246/246 248/248/248
f 245/245/245 247/247/247 246/246/246
f 844/844/844 845/845/845 843/843/843
f 246/246/246 843/843/843 845/845/845
f 845/845/845 844/844/844 846/846/846
f 246/246/246 244/244/244 245/245/245
f 845/845/845 244/244/244 246/246/246
f 243/243/243 245/245/245 244/244/244
f 846/846/846 847/847/847 845/845/845
f 244/244/244 845/845/845 847/847/847
f 847/847/847 846/846/846 848/848/848
f 244/244/244 242/242/242 243/243/243
f 847/847/847 242/242/242 244/244/244
f 241/241/241 243/243/243 242/242/242
f 848/848/848 849/849/849 847/847/847
f 242/242/242 847/847/847 849/849/849
f 849/849/849 848/848/848 850/850/850
f 242/242/242 240/240/240 241/241/241
f 849/849/849 240/240/240 242/242/242
f 239/239/239 241/241/241 240/240/240
f 850/850/850 851/851/851 849/849/849
f 240/240/240 849/849/849 851/851/851
f 851/851/851 850/850/850 852/852/852
f 240/240/240 238/238/238 239/239/239
f 851/851/851 238/238/238 240/240/240
f 237/237/237 239/239/239 238/238/238
f 852/852/852 853/853/853 851/851/851
f 238/238/238 851/851/851 853/853/853
f 853/853/853 852/852/852 854/854/854
f 238/238/238 236/236/236 237/237/237
f 853/853/853 236/236/236 238/238/238
f 235/235/235 237/237/237 236/236/236
f 854/854/854 855/855/855 853/853/853
f 236/236/236 853/853/853 855/855/855
f 855/855/855 854/854/854 856/856/856
f 236/236/236 234/234/234 235/235/235
f 855/855/855 234/234/234 236/236/236
f 233/233/233 235/235/235 234/234/234
f 856/856/856 857/857/857 855/855/855
f 234/234/234 855/855/855 857/857/857
f 857/857/857 856/856/856 858/858/858
f 234/234/234 232/232/232 233/233/233
f 857/857/857 232/232/232 234/234/234
f 231/231/231 233/233/233 232/232/232
f 858/858/858 859/859/859 857/857/857
f 232/232/232 857/857/857 859/859/859
f 859/859/859 858/858/858 860/860/860
f 232/232/232 230/230/230 231/231/231
f 859/859/859 230/230/230 232/232/232
f 229/229/229 231/231/231 230/230/230
f 230/230/230 228/228/228 229/229/229
f 860/860/860 861/861/861 859/859/859
f 230/230/230 859/859/859 861/861/861
f 861/861/861 228/228/228 230/230/230
f 861/861/861 860/860/860 862/862/862
f 228/228/228 861/861/861 863/863/863
f 862/862/862 863/863/863 861/861/861
f 436/436/436 435/435/435 434/434/434
f 434/434/434 437/437/437 436/436/436
f 438/438/438 434/434/434 435/435/435
f 507/507/507 436/436/436 437/437/437
f 435/435/435 439/439/439 438/438/438
f 437/437/437 506/506/506 507/507/507
f 440/440/440 438/438/438 439/439/439
f 505/505/505 507/507/507 506/506/506
f 439/439/439 441/441/441 440/440/440
f 506/506/506 504/504/504 505/505/505
f 442/442/442 440/440/440 441/441/441
f 503/503/503 505/505/505 504/504/504
f 441/441/441 443/443/443 442/442/442
f 504/504/504 502/502/502 503/503/503
f 444/444/444 442/442/442 443/443/443
f 501/501/501 503/503/503 502/502/502
f 443/443/443 445/445/445 444/444/444
f 502/502/502 500/500/500 501/501/501
f 446/446/446 444/444/444 445/445/445
f 499/499/499 501/501/501 500/500/500
f 445/445/445 447/447/447 446/446/446
f 500/500/500 498/498/498 499/499/499
f 448/448/448 446/446/446 447/447/447
f 497/497/497 499/499/499 498/498/498
f 447/447/447 449/449/449 448/448/448
f 498/498/498 496/496/496 497/497/497
f 450/450/450 448/448/448 449/449/449
f 495/495/495 497/497/497 496/496/496
f 449/449/449 451/451/451 450/450/450
f 496/496/496 494/494/494 495/495/495
f 452/452/452 450/450/450 451/451/451
f 493/493/493 495/495/495 494/494/494
f 451/451/451 453/453/453 452/452/452
f 494/494/494 492/492/492 493/493/493
f 454/454/454 452/452/452 453/453/453
f 491/491/491 493/493/493 492/492/492
f 453/453/453 455/455/455 454/454/454
f 492/492/492 490/490/490 491/491/491
f 456/456/456 454/454/454 455/455/455
f 489/489/489 491/491/491 490/490/490
f 455/455/455 457/457/457 456/456/456
f 490/490/490 488/488/488 489/489/489
f 458/458/458 456/456/456 457/457/457
f 487/487/487 489/489/489 488/488/488
f 457/457/457 459/459/459 458/458/458
f 488/488/488 486/486/486 487/487/487
f 460/460/460 458/458/458 459/459/459
f 485/485/485 487/487/487 486/486/486
f 459/459/459 461/461/461 460/460/460
f 486/486/486 484/484/484 485/485/485
f 462/462/462 460/460/460 461/461/461
f 483/483/483 485/485/485 484/484/484
f 461/461/461 463/463/463 462/462/462
f 484/484/484 482/482/482 483/483/483
f 464/464/464 462/462/462 463/463/463
f 481/481/481 483/483/483 482/482/482
f 463/463/463 465/465/465 464/464/464
f 482/482/482 480/480/480 481/481/481
f 466/466/466 464/464/464 465/465/465
f 478/478/478 481/481/481 480/480/480
f 465/465/465 467/467/467 466/466/466
f 480/480/480 477/477/477 478/478/478
f 468/468/468 466/466/466 467/467/467
f 479/479/479 478/478/478 477/477/477
f 467/467/467 469/469/469 468/468/468
f 479/479/479 477/477/477 475/475/475
f 470/470/470 468/468/468 469/469/469
f 476/476/476 479/479/479 475/475/475
f 469/469/469 471/471/471 470/470/470
f 472/472/472 476/476/476 475/475/475
f 471/471/471 474/474/474 470/470/470
f 475/475/475 474/474/474 472/472/472
f 471/471/471 472/472/472 474/474/474
f 471/471/471 473/473/473 472/472/472
f 1543/1543/1543 1542/1542/1542 1541/1541/1541
f 1541/1541/1541 1544/1544/1544 1543/1543/1543
f 1831/1831/1831 1543/1543/1543 1544/1544/1544
f 1544/1544/1544 1832/1832/1832 1831/1831/1831
f 1618/1618/1618 1617/1617/1617 1616/1616/1616
f 1616/1616/1616 1619/1619/1619 1618/1618/1618
f 1622/1622/1622 1621/1621/1621 1620/1620/1620
f 1620/1620/1620 1623/1623/1623 1622/1622/1622
f 1631/1631/1631 1630/1630/1630 1629/1629/1629
f 1629/1629/1629 1632/1632/1632 1631/1631/1631
f 1635/1635/1635 1634/1634/1634 1633/1633/1633
f 1633/1633/1633 1636/1636/1636 1635/1635/1635
f 1639/1639/1639 1638/1638/1638 1637/1637/1637
f 1637/1637/1637 1640/1640/1640 1639/1639/1639
f 1643/1643/1643 1642/1642/1642 1641/1641/1641
f 1641/1641/1641 1644/1644/1644 1643/1643/1643
f 1658/1658/1658 1657/1657/1657 1656/1656/1656
f 1661/1661/1661 1660/1660/1660 1659/1659/1659
f 1660/1660/1660 1661/1661/1661 1662/1662/1662
f 1662/1662/1662 1663/1663/1663 1660/1660/1660
f 1664/1664/1664 1663/1663/1663 1662/1662/1662
f 1664/1664/1664 1662/1662/1662 1786/1786/1786
f 1786/1786/1786 1785/1785/1785 1664/1664/1664
f 1785/1785/1785 1786/1786/1786 1796/1796/1796
f 1796/1796/1796 1795/1795/1795 1785/1785/1785
f 1795/1795/1795 1796/1796/1796 1752/1752/1752
f 1752/1752/1752 1749/1749/1749 1795/1795/1795
f 1749/1749/1749 1752/1752/1752 1751/1751/1751
f 1751/1751/1751 1750/1750/1750 1749/1749/1749
f 1750/1750/1750 1751/1751/1751 1784/1784/1784
f 1784/1784/1784 1783/1783/1783 1750/1750/1750
f 1783/1783/1783 1784/1784/1784 1748/1748/1748
f 1748/1748/1748 1747/1747/1747 1783/1783/1783
f 1747/1747/1747 1748/1748/1748 1737/1737/1737
f 1737/1737/1737 1738/1738/1738 1747/1747/1747
f 1738/1738/1738 1737/1737/1737 1735/1735/1735
f 1735/1735/1735 1736/1736/1736 1738/1738/1738
f 1736/1736/1736 1735/1735/1735 1733/1733/1733
f 1733/1733/1733 1734/1734/1734 1736/1736/1736
f 1734/1734/1734 1733/1733/1733 1731/1731/1731
f 1731/1731/1731 1732/1732/1732 1734/1734/1734
f 1732/1732/1732 1731/1731/1731 1729/1729/1729
f 1729/1729/1729 1730/1730/1730 1732/1732/1732
f 1730/1730/1730 1729/1729/1729 1727/1727/1727
f 1727/1727/1727 1728/1728/1728 1730/1730/1730
f 1728/1728/1728 1727/1727/1727 1725/1725/1725
f 1725/1725/1725 1726/1726/1726 1728/1728/1728
f 1726/1726/1726 1725/1725/1725 1723/1723/1723
f 1723/1723/1723 1724/1724/1724 1726/1726/1726
f 1724/1724/1724 1723/1723/1723 1721/1721/1721
f 1721/1721/1721 1722/1722/1722 1724/1724/1724
f 1722/1722/1722 1721/1721/1721 1719/1719/1719
f 1719/1719/1719 1720/1720/1720 1722/1722/1722
f 1720/1720/1720 1719/1719/1719 1717/1717/1717
f 1717/1717/1717 1718/1718/1718 1720/1720/1720
f 1718/1718/1718 1717/1717/1717 1715/1715/1715
f 1715/1715/1715 1716/1716/1716 1718/1718/1718
f 1716/1716/1716 1715/1715/1715 1713/1713/1713
f 1713/1713/1713 1714/1714/1714 1716/1716/1716
f 1714/1714/1714 1713/1713/1713 1711/1711/1711
f 1711/1711/1711 1712/1712/1712 1714/1714/1714
f 1712/1712/1712 1711/1711/1711 1709/1709/1709
f 1709/1709/1709 1710/1710/1710 1712/1712/1712
f 1710/1710/1710 1709/1709/1709 1707/1707/1707
f 1707/1707/1707 1708/1708/1708 1710/1710/1710
f 1708/1708/1708 1707/1707/1707 1705/1705/1705
f 1705/1705/1705 1706/1706/1706 1708/1708/1708
f 1706/1706/1706 1705/1705/1705 1703/1703/1703
f 1703/1703/1703 1704/1704/1704 1706/1706/1706
f 1704/1704/1704 1703/1703/1703 1701/1701/1701
f 1701/1701/1701 1702/1702/1702 1704/1704/1704
f 1702/1702/1702 1701/1701/1701 1699/1699/1699
f 1699/1699/1699 1700/1700/1700 1702/1702/1702
f 1700/1700/1700 1699/1699/1699 1697/1697/1697
f 1697/1697/1697 1698/1698/1698 1700/1700/1700
f 1698/1698/1698 1697/1697/1697 1695/1695/1695
f 1695/1695/1695 1696/1696/1696 1698/1698/1698
f 1696/1696/1696 1695/1695/1695 1693/1693/1693
f 1693/1693/1693 1694/1694/1694 1696/1696/1696
f 1694/1694/1694 1693/1693/1693 1691/1691/1691
f 1691/1691/1691 1692/1692/1692 1694/1694/1694
f 1692/1692/1692 1691/1691/1691 1689/1689/1689
f 1689/1689/1689 1690/1690/1690 1692/1692/1692
f 1690/1690/1690 1689/1689/1689 1687/1687/1687
f 1687/1687/1687 1688/1688/1688 1690/1690/1690
f 1688/1688/1688 1687/1687/1687 1685/1685/1685
f 1685/1685/1685 1686/1686/1686 1688/1688/1688
f 1686/1686/1686 1685/1685/1685 1683/1683/1683
f 1683/1683/1683 1684/1684/1684 1686/1686/1686
f 1684/1684/1684 1683/1683/1683 1681/1681/1681
f 1681/1681/1681 1682/1682/1682 1684/1684/1684
f 1682/1682/1682 1681/1681/1681 1678/1678/1678
f 1678/1678/1678 1679/1679/1679 1682/1682/1682
f 1679/1679/1679 1678/1678/1678 1677/1677/1677
f 1677/1677/1677 1680/1680/1680 1679/1679/1679
f 1680/1680/1680 1677/1677/1677 1745/1745/1745
f 1745/1745/1745 1746/1746/1746 1680/1680/1680
f 1746/1746/1746 1745/1745/1745 1781/1781/1781
f 1781/1781/1781 1782/1782/1782 1746/1746/1746
f 1782/1782/1782 1781/1781/1781 1760/1760/1760
f 1760/1760/1760 1761/1761/1761 1782/1782/1782
f 1761/1761/1761 1760/1760/1760 1759/1759/1759
f 1759/1759/1759 1762/1762/1762 1761/1761/1761
f 1762/1762/1762 1759/1759/1759 1778/1778/1778
f 1778/1778/1778 1779/1779/1779 1762/1762/1762
f 1779/1779/1779 1778/1778/1778 1777/1777/1777
f 1777/1777/1777 1780/1780/1780 1779/1779/1779
f 1780/1780/1780 1777/1777/1777 1754/1754/1754
f 1754/1754/1754 1755/1755/1755 1780/1780/1780
f 1755/1755/1755 1754/1754/1754 1753/1753/1753
f 1753/1753/1753 1756/1756/1756 1755/1755/1755
f 1756/1756/1756 1753/1753/1753 1797/1797/1797
f 1797/1797/1797 1798/1798/1798 1756/1756/1756
f 1798/1798/1798 1797/1797/1797 1775/1775/1775
f 1775/1775/1775 1776/1776/1776 1798/1798/1798
f 1776/1776/1776 1775/1775/1775 1772/1772/1772
f 1772/1772/1772 1773/1773/1773 1776/1776/1776
f 1773/1773/1773 1772/1772/1772 1771/1771/1771
f 1771/1771/1771 1774/1774/1774 1773/1773/1773
f 1774/1774/1774 1771/1771/1771 1764/1764/1764
f 1764/1764/1764 1765/1765/1765 1774/1774/1774
f 1765/1765/1765 1764/1764/1764 1763/1763/1763
f 1763/1763/1763 1766/1766/1766 1765/1765/1765
f 1766/1766/1766 1763/1763/1763 1768/1768/1768
f 1768/1768/1768 1769/1769/1769 1766/1766/1766
f 1769/1769/1769 1768/1768/1768 1767/1767/1767
f 1767/1767/1767 1770/1770/1770 1769/1769/1769
f 1770/1770/1770 1767/1767/1767 1758/1758/1758
f 1758/1758/1758 1757/1757/1757 1770/1770/1770
f 1757/1757/1757 1758/1758/1758 1743/1743/1743
f 1743/1743/1743 1744/1744/1744 1757/1757/1757
f 1744/1744/1744 1743/1743/1743 1667/1667/1667
f 1667/1667/1667 1668/1668/1668 1744/1744/1744
f 1665/1665/1665 1668/1668/1668 1667/1667/1667
f 1667/1667/1667 1666/1666/1666 1665/1665/1665
f 1665/1665/1665 1666/1666/1666 1804/1804/1804
f 1804/1804/1804 1803/1803/1803 1665/1665/1665
f 1671/1671/1671 1670/1670/1670 1669/1669/1669
f 1669/1669/1669 1670/1670/1670 1675/1675/1675
f 1669/1669/1669 1672/1672/1672 1671/1671/1671
f 1675/1675/1675 1676/1676/1676 1669/1669/1669
f 1671/1671/1671 1672/1672/1672 1810/1810/1810
f 1673/1673/1673 1676/1676/1676 1675/1675/1675
f 1810/1810/1810 1811/1811/1811 1671/1671/1671
f 1675/1675/1675 1674/1674/1674 1673/1673/1673
f 1811/1811/1811 1810/1810/1810 1809/1809/1809
f 1673/1673/1673 1674/1674/1674 1818/1818/1818
f 1809/1809/1809 1812/1812/1812 1811/1811/1811
f 1818/1818/1818 1817/1817/1817 1673/1673/1673
f 1812/1812/1812 1809/1809/1809 1806/1806/1806
f 1817/1817/1817 1818/1818/1818 1820/1820/1820
f 1806/1806/1806 1807/1807/1807 1812/1812/1812
f 1820/1820/1820 1819/1819/1819 1817/1817/1817
f 1807/1807/1807 1806/1806/1806 1805/1805/1805
f 1805/1805/1805 1808/1808/1808 1807/1807/1807
f 1819/1819/1819 1820/1820/1820 1816/1816/1816
f 1816/1816/1816 1813/1813/1813 1819/1819/1819
f 1813/1813/1813 1816/1816/1816 1815/1815/1815
f 1815/1815/1815 1814/1814/1814 1813/1813/1813
f 1741/1741/1741 1740/1740/1740 1739/1739/1739
f 1739/1739/1739 1742/1742/1742 1741/1741/1741
f 1789/1789/1789 1788/1788/1788 1787/1787/1787
f 1787/1787/1787 1790/1790/1790 1789/1789/1789
f 1793/1793/1793 1792/1792/1792 1791/1791/1791
f 1791/1791/1791 1794/1794/1794 1793/1793/1793
f 1801/1801/1801 1800/1800/1800 1799/1799/1799
f 1799/1799/1799 1802/1802/1802 1801/1801/1801
f 1823/1823/1823 1822/1822/1822 1821/1821/1821
f 1821/1821/1821 1824/1824/1824 1823/1823/1823
f 1822/1822/1822 1823/1823/1823 1830/1830/1830
f 1830/1830/1830 1829/1829/1829 1822/1822/1822
f 1829/1829/1829 1830/1830/1830 1828/1828/1828
f 1828/1828/1828 1825/1825/1825 1829/1829/1829
f 1825/1825/1825 1828/1828/1828 1827/1827/1827
f 1827/1827/1827 1826/1826/1826 1825/1825/1825
f 1835/1835/1835 1834/1834/1834 1833/1833/1833
f 1833/1833/1833 1836/1836/1836 1835/1835/1835
f 1836/1836/1836 1833/1833/1833 1841/1841/1841
f 1841/1841/1841 1842/1842/1842 1836/1836/1836
f 1842/1842/1842 1841/1841/1841 1838/1838/1838
f 1838/1838/1838 1839/1839/1839 1842/1842/1842
f 1839/1839/1839 1838/1838/1838 1837/1837/1837
f 1837/1837/1837 1840/1840/1840 1839/1839/1839
f 1847/1847/1847 1846/1846/1846 1845/1845/1845
f 1845/1845/1845 1848/1848/1848 1847/1847/1847
f 1856/1856/1856 1855/1855/1855 1854/1854/1854
f 1863/1863/1863 1856/1856/1856 1854/1854/1854
f 1855/1855/1855 1857/1857/1857 1854/1854/1854
f 1862/1862/1862 1863/1863/1863 1854/1854/1854
f 1857/1857/1857 1858/1858/1858 1854/1854/1854
f 1861/1861/1861 1862/1862/1862 1854/1854/1854
f 1858/1858/1858 1859/1859/1859 1854/1854/1854
f 1860/1860/1860 1861/1861/1861 1854/1854/1854
f 1859/1859/1859 1860/1860/1860 1854/1854/1854
f 1866/1866/1866 1865/1865/1865 1864/1864/1864
f 1864/1864/1864 1867/1867/1867 1866/1866/1866
f 1865/1865/1865 1866/1866/1866 1881/1881/1881
f 1867/1867/1867 1864/1864/1864 1868/1868/1868
f 1868/1868/1868 1869/1869/1869 1867/1867/1867
f 1881/1881/1881 1880/1880/1880 1865/1865/1865
f 1880/1880/1880 1881/1881/1881 1879/1879/1879
f 1869/1869/1869 1868/1868/1868 1870/1870/1870
f 1870/1870/1870 1871/1871/1871 1869/1869/1869
f 1879/1879/1879 1878/1878/1878 1880/1880/1880
f 1878/1878/1878 1879/1879/1879 1877/1877/1877
f 1871/1871/1871 1870/1870/1870 1872/1872/1872
f 1872/1872/1872 1873/1873/1873 1871/1871/1871
f 1877/1877/1877 1876/1876/1876 1878/1878/1878
f 1876/1876/1876 1877/1877/1877 1875/1875/1875
f 1874/1874/1874 1875/1875/1875 1873/1873/1873
f 1875/1875/1875 1874/1874/1874 1876/1876/1876
f 1873/1873/1873 1872/1872/1872 1874/1874/1874
f 1889/1889/1889 1878/1878/1878 1876/1876/1876
f 1888/1888/1888 1876/1876/1876 1874/1874/1874
f 1876/1876/1876 1888/1888/1888 1889/1889/1889
f 1887/1887/1887 1874/1874/1874 1872/1872/1872
f 1874/1874/1874 1887/1887/1887 1888/1888/1888
f 1886/1886/1886 1872/1872/1872 1870/1870/1870
f 1872/1872/1872 1886/1886/1886 1887/1887/1887
f 1885/1885/1885 1870/1870/1870 1868/1868/1868
f 1870/1870/1870 1885/1885/1885 1886/1886/1886
f 1897/1897/1897 1888/1888/1888 1887/1887/1887
f 1896/1896/1896 1887/1887/1887 1886/1886/1886
f 1887/1887/1887 1896/1896/1896 1897/1897/1897
f 1895/1895/1895 1886/1886/1886 1885/1885/1885
f 1886/1886/1886 1895/1895/1895 1896/1896/1896
f 1868/1868/1868 1884/1884/1884 1885/1885/1885
f 1884/1884/1884 1868/1868/1868 1864/1864/1864
f 1885/1885/1885 1894/1894/1894 1895/1895/1895
f 1894/1894/1894 1885/1885/1885 1884/1884/1884
f 1864/1864/1864 1882/1882/1882 1884/1884/1884
f 1882/1882/1882 1864/1864/1864 1865/1865/1865
f 1884/1884/1884 1893/1893/1893 1894/1894/1894
f 1893/1893/1893 1884/1884/1884 1882/1882/1882
f 1865/1865/1865 1883/1883/1883 1882/1882/1882
f 1883/1883/1883 1865/1865/1865 1880/1880/1880
f 1882/1882/1882 1891/1891/1891 1893/1893/1893
f 1891/1891/1891 1882/1882/1882 1883/1883/1883
f 1890/1890/1890 1880/1880/1880 1878/1878/1878
f 1880/1880/1880 1890/1890/1890 1883/1883/1883
f 1878/1878/1878 1889/1889/1889 1890/1890/1890
f 1883/1883/1883 1892/1892/1892 1891/1891/1891
f 1892/1892/1892 1883/1883/1883 1890/1890/1890
f 1899/1899/1899 1890/1890/1890 1889/1889/1889
f 1890/1890/1890 1899/1899/1899 1892/1892/1892
f 1898/1898/1898 1889/1889/1889 1888/1888/1888
f 1889/1889/1889 1898/1898/1898 1899/1899/1899
f 1888/1888/1888 1897/1897/1897 1898/1898/1898
f 1901/1901/1901 1892/1892/1892 1899/1899/1899
f 1908/1908/1908 1899/1899/1899 1898/1898/1898
f 1899/1899/1899 1908/1908/1908 1901/1901/1901
f 1907/1907/1907 1898/1898/1898 1897/1897/1897
f 1898/1898/1898 1907/1907/1907 1908/1908/1908
f 1892/1892/1892 1901/1901/1901 1900/1900/1900
f 1900/1900/1900 1891/1891/1891 1892/1892/1892
f 1910/1910/1910 1901/1901/1901 1908/1908/1908
f 1891/1891/1891 1900/1900/1900 1902/1902/1902
f 1902/1902/1902 1893/1893/1893 1891/1891/1891
f 1909/1909/1909 1900/1900/1900 1901/1901/1901
f 1901/1901/1901 1910/1910/1910 1909/1909/1909
f 1911/1911/1911 1902/1902/1902 1900/1900/1900
f 1900/1900/1900 1909/1909/1909 1911/1911/1911
f 1893/1893/1893 1902/1902/1902 1903/1903/1903
f 1903/1903/1903 1894/1894/1894 1893/1893/1893
f 1902/1902/1902 1911/1911/1911 1912/1912/1912
f 1912/1912/1912 1903/1903/1903 1902/1902/1902
f 1894/1894/1894 1903/1903/1903 1904/1904/1904
f 1904/1904/1904 1895/1895/1895 1894/1894/1894
f 1903/1903/1903 1912/1912/1912 1913/1913/1913
f 1913/1913/1913 1904/1904/1904 1903/1903/1903
f 1895/1895/1895 1904/1904/1904 1905/1905/1905
f 1905/1905/1905 1896/1896/1896 1895/1895/1895
f 1904/1904/1904 1913/1913/1913 1914/1914/1914
f 1914/1914/1914 1905/1905/1905 1904/1904/1904
f 1906/1906/1906 1897/1897/1897 1896/1896/1896
f 1896/1896/1896 1905/1905/1905 1906/1906/1906
f 1897/1897/1897 1906/1906/1906 1907/1907/1907
f 1905/1905/1905 1914/1914/1914 1915/1915/1915
f 1915/1915/1915 1906/1906/1906 1905/1905/1905
f 1916/1916/1916 1907/1907/1907 1906/1906/1906
f 1906/1906/1906 1915/1915/1915 1916/1916/1916
f 1917/1917/1917 1908/1908/1908 1907/1907/1907
f 1907/1907/1907 1916/1916/1916 1917/1917/1917
f 1908/1908/1908 1917/1917/1917 1910/1910/1910
f 1925/1925/1925 1916/1916/1916 1915/1915/1915
f 1926/1926/1926 1917/1917/1917 1916/1916/1916
f 1916/1916/1916 1925/1925/1925 1926/1926/1926
f 1919/1919/1919 1910/1910/1910 1917/1917/1917
f 1917/1917/1917 1926/1926/1926 1919/1919/1919
f 1915/1915/1915 1924/1924/1924 1925/1925/1925
f 1924/1924/1924 1915/1915/1915 1914/1914/1914
f 1910/1910/1910 1919/1919/1919 1918/1918/1918
f 1918/1918/1918 1909/1909/1909 1910/1910/1910
f 1914/1914/1914 1923/1923/1923 1924/1924/1924
f 1923/1923/1923 1914/1914/1914 1913/1913/1913
f 1909/1909/1909 1918/1918/1918 1920/1920/1920
f 1920/1920/1920 1911/1911/1911 1909/1909/1909
f 1913/1913/1913 1922/1922/1922 1923/1923/1923
f 1922/1922/1922 1913/1913/1913 1912/1912/1912
f 1921/1921/1921 1912/1912/1912 1911/1911/1911
f 1912/1912/1912 1921/1921/1921 1922/1922/1922
f 1911/1911/1911 1920/1920/1920 1921/1921/1921
f 1932/1932/1932 1923/1923/1923 1922/1922/1922
f 1931/1931/1931 1922/1922/1922 1921/1921/1921
f 1922/1922/1922 1931/1931/1931 1932/1932/1932
f 1930/1930/1930 1921/1921/1921 1920/1920/1920
f 1921/1921/1921 1930/1930/1930 1931/1931/1931
f 1929/1929/1929 1920/1920/1920 1918/1918/1918
f 1920/1920/1920 1929/1929/1929 1930/1930/1930
f 1927/1927/1927 1918/1918/1918 1919/1919/1919
f 1918/1918/1918 1927/1927/1927 1929/1929/1929
f 1940/1940/1940 1931/1931/1931 1930/1930/1930
f 1939/1939/1939 1930/1930/1930 1929/1929/1929
f 1930/1930/1930 1939/1939/1939 1940/1940/1940
f 1938/1938/1938 1929/1929/1929 1927/1927/1927
f 1929/1929/1929 1938/1938/1938 1939/1939/1939
f 1919/1919/1919 1928/1928/1928 1927/1927/1927
f 1928/1928/1928 1919/1919/1919 1926/1926/1926
f 1927/1927/1927 1936/1936/1936 1938/1938/1938
f 1936/1936/1936 1927/1927/1927 1928/1928/1928
f 1926/1926/1926 1935/1935/1935 1928/1928/1928
f 1935/1935/1935 1926/1926/1926 1925/1925/1925
f 1928/1928/1928 1937/1937/1937 1936/1936/1936
f 1937/1937/1937 1928/1928/1928 1935/1935/1935
f 1925/1925/1925 1934/1934/1934 1935/1935/1935
f 1934/1934/1934 1925/1925/1925 1924/1924/1924
f 1935/1935/1935 1944/1944/1944 1937/1937/1937
f 1944/1944/1944 1935/1935/1935 1934/1934/1934
f 1933/1933/1933 1924/1924/1924 1923/1923/1923
f 1924/1924/1924 1933/1933/1933 1934/1934/1934
f 1923/1923/1923 1932/1932/1932 1933/1933/1933
f 1934/1934/1934 1943/1943/1943 1944/1944/1944
f 1943/1943/1943 1934/1934/1934 1933/1933/1933
f 1942/1942/1942 1933/1933/1933 1932/1932/1932
f 1933/1933/1933 1942/1942/1942 1943/1943/1943
f 1941/1941/1941 1932/1932/1932 1931/1931/1931
f 1932/1932/1932 1941/1941/1941 1942/1942/1942
f 1931/1931/1931 1940/1940/1940 1941/1941/1941
f 1952/1952/1952 1943/1943/1943 1942/1942/1942
f 1951/1951/1951 1942/1942/1942 1941/1941/1941
f 1942/1942/1942 1951/1951/1951 1952/1952/1952
f 1950/1950/1950 1941/1941/1941 1940/1940/1940
f 1941/1941/1941 1950/1950/1950 1951/1951/1951
f 1943/1943/1943 1952/1952/1952 1953/1953/1953
f 1953/1953/1953 1944/1944/1944 1943/1943/1943
f 1961/1961/1961 1952/1952/1952 1951/1951/1951
f 1944/1944/1944 1953/1953/1953 1946/1946/1946
f 1946/1946/1946 1937/1937/1937 1944/1944/1944
f 1962/1962/1962 1953/1953/1953 1952/1952/1952
f 1952/1952/1952 1961/1961/1961 1962/1962/1962
f 1955/1955/1955 1946/1946/1946 1953/1953/1953
f 1953/1953/1953 1962/1962/1962 1955/1955/1955
f 1937/1937/1937 1946/1946/1946 1945/1945/1945
f 1945/1945/1945 1936/1936/1936 1937/1937/1937
f 1946/1946/1946 1955/1955/1955 1954/1954/1954
f 1954/1954/1954 1945/1945/1945 1946/1946/1946
f 1936/1936/1936 1945/1945/1945 1947/1947/1947
f 1947/1947/1947 1938/1938/1938 1936/1936/1936
f 1945/1945/1945 1954/1954/1954 1956/1956/1956
f 1956/1956/1956 1947/1947/1947 1945/1945/1945
f 1938/1938/1938 1947/1947/1947 1948/1948/1948
f 1948/1948/1948 1939/1939/1939 1938/1938/1938
f 1947/1947/1947 1956/1956/1956 1957/1957/1957
f 1957/1957/1957 1948/1948/1948 1947/1947/1947
f 1949/1949/1949 1940/1940/1940 1939/1939/1939
f 1939/1939/1939 1948/1948/1948 1949/1949/1949
f 1940/1940/1940 1949/1949/1949 1950/1950/1950
f 1948/1948/1948 1957/1957/1957 1958/1958/1958
f 1958/1958/1958 1949/1949/1949 1948/1948/1948
f 1959/1959/1959 1950/1950/1950 1949/1949/1949
f 1949/1949/1949 1958/1958/1958 1959/1959/1959
f 1960/1960/1960 1951/1951/1951 1950/1950/1950
f 1950/1950/1950 1959/1959/1959 1960/1960/1960
f 1951/1951/1951 1960/1960/1960 1961/1961/1961
f 1968/1968/1968 1959/1959/1959 1958/1958/1958
f 1969/1969/1969 1960/1960/1960 1959/1959/1959
f 1959/1959/1959 1968/1968/1968 1969/1969/1969
f 1970/1970/1970 1961/1961/1961 1960/1960/1960
f 1960/1960/1960 1969/1969/1969 1970/1970/1970
f 1958/1958/1958 1967/1967/1967 1968/1968/1968
f 1967/1967/1967 1958/1958/1958 1957/1957/1957
f 1961/1961/1961 1970/1970/1970 1971/1971/1971
f 1971/1971/1971 1962/1962/1962 1961/1961/1961
f 1957/1957/1957 1966/1966/1966 1967/1967/1967
f 1966/1966/1966 1957/1957/1957 1956/1956/1956
f 1962/1962/1962 1971/1971/1971 1964/1964/1964
f 1964/1964/1964 1955/1955/1955 1962/1962/1962
f 1956/1956/1956 1965/1965/1965 1966/1966/1966
f 1965/1965/1965 1956/1956/1956 1954/1954/1954
f 1963/1963/1963 1954/1954/1954 1955/1955/1955
f 1954/1954/1954 1963/1963/1963 1965/1965/1965
f 1955/1955/1955 1964/1964/1964 1963/1963/1963
f 1975/1975/1975 1966/1966/1966 1965/1965/1965
f 1974/1974/1974 1965/1965/1965 1963/1963/1963
f 1965/1965/1965 1974/1974/1974 1975/1975/1975
f 1972/1972/1972 1963/1963/1963 1964/1964/1964
f 1963/1963/1963 1972/1972/1972 1974/1974/1974
f 1973/1973/1973 1964/1964/1964 1971/1971/1971
f 1964/1964/1964 1973/1973/1973 1972/1972/1972
f 1980/1980/1980 1971/1971/1971 1970/1970/1970
f 1971/1971/1971 1980/1980/1980 1973/1973/1973
f 1983/1983/1983 1974/1974/1974 1972/1972/1972
f 1981/1981/1981 1972/1972/1972 1973/1973/1973
f 1972/1972/1972 1981/1981/1981 1983/1983/1983
f 1982/1982/1982 1973/1973/1973 1980/1980/1980
f 1973/1973/1973 1982/1982/1982 1981/1981/1981
f 1970/1970/1970 1979/1979/1979 1980/1980/1980
f 1979/1979/1979 1970/1970/1970 1969/1969/1969
f 1980/1980/1980 1989/1989/1989 1982/1982/1982
f 1989/1989/1989 1980/1980/1980 1979/1979/1979
f 1969/1969/1969 1978/1978/1978 1979/1979/1979
f 1978/1978/1978 1969/1969/1969 1968/1968/1968
f 1979/1979/1979 1988/1988/1988 1989/1989/1989
f 1988/1988/1988 1979/1979/1979 1978/1978/1978
f 1968/1968/1968 1977/1977/1977 1978/1978/1978
f 1977/1977/1977 1968/1968/1968 1967/1967/1967
f 1978/1978/1978 1987/1987/1987 1988/1988/1988
f 1987/1987/1987 1978/1978/1978 1977/1977/1977
f 1976/1976/1976 1967/1967/1967 1966/1966/1966
f 1967/1967/1967 1976/1976/1976 1977/1977/1977
f 1966/1966/1966 1975/1975/1975 1976/1976/1976
f 1977/1977/1977 1986/1986/1986 1987/1987/1987
f 1986/1986/1986 1977/1977/1977 1976/1976/1976
f 1985/1985/1985 1976/1976/1976 1975/1975/1975
f 1976/1976/1976 1985/1985/1985 1986/1986/1986
f 1984/1984/1984 1975/1975/1975 1974/1974/1974
f 1975/1975/1975 1984/1984/1984 1985/1985/1985
f 1974/1974/1974 1983/1983/1983 1984/1984/1984
f 1995/1995/1995 1986/1986/1986 1985/1985/1985
f 1994/1994/1994 1985/1985/1985 1984/1984/1984
f 1985/1985/1985 1994/1994/1994 1995/1995/1995
f 1993/1993/1993 1984/1984/1984 1983/1983/1983
f 1984/1984/1984 1993/1993/1993 1994/1994/1994
f 1986/1986/1986 1995/1995/1995 1996/1996/1996
f 1996/1996/1996 1987/1987/1987 1986/1986/1986
f 2004/2004/2004 1995/1995/1995 1994/1994/1994
f 1987/1987/1987 1996/1996/1996 1997/1997/1997
f 1997/1997/1997 1988/1988/1988 1987/1987/1987
f 2005/2005/2005 1996/1996/1996 1995/1995/1995
f 1995/1995/1995 2004/2004/2004 2005/2005/2005
f 2006/2006/2006 1997/1997/1997 1996/1996/1996
f 1996/1996/1996 2005/2005/2005 2006/2006/2006
f 1988/1988/1988 1997/1997/1997 1998/1998/1998
f 1998/1998/1998 1989/1989/1989 1988/1988/1988
f 1997/1997/1997 2006/2006/2006 2007/2007/2007
f 2007/2007/2007 1998/1998/1998 1997/1997/1997
f 1989/1989/1989 1998/1998/1998 1991/1991/1991
f 1991/1991/1991 1982/1982/1982 1989/1989/1989
f 1998/1998/1998 2007/2007/2007 2000/2000/2000
f 2000/2000/2000 1991/1991/1991 1998/1998/1998
f 1982/1982/1982 1991/1991/1991 1990/1990/1990
f 1990/1990/1990 1981/1981/1981 1982/1982/1982
f 1991/1991/1991 2000/2000/2000 1999/1999/1999
f 1999/1999/1999 1990/1990/1990 1991/1991/1991
f 1992/1992/1992 1983/1983/1983 1981/1981/1981
f 1981/1981/1981 1990/1990/1990 1992/1992/1992
f 1983/1983/1983 1992/1992/1992 1993/1993/1993
f 1990/1990/1990 1999/1999/1999 2001/2001/2001
f 2001/2001/2001 1992/1992/1992 1990/1990/1990
f 2002/2002/2002 1993/1993/1993 1992/1992/1992
f 1992/1992/1992 2001/2001/2001 2002/2002/2002
f 2003/2003/2003 1994/1994/1994 1993/1993/1993
f 1993/1993/1993 2002/2002/2002 2003/2003/2003
f 1994/1994/1994 2003/2003/2003 2004/2004/2004
f 2011/2011/2011 2002/2002/2002 2001/2001/2001
f 2012/2012/2012 2003/2003/2003 2002/2002/2002
f 2002/2002/2002 2011/2011/2011 2012/2012/2012
f 2013/2013/2013 2004/2004/2004 2003/2003/2003
f 2003/2003/2003 2012/2012/2012 2013/2013/2013
f 2001/2001/2001 2010/2010/2010 2011/2011/2011
f 2010/2010/2010 2001/2001/2001 1999/1999/1999
f 2004/2004/2004 2013/2013/2013 2014/2014/2014
f 2014/2014/2014 2005/2005/2005 2004/2004/2004
f 1999/1999/1999 2008/2008/2008 2010/2010/2010
f 2008/2008/2008 1999/1999/1999 2000/2000/2000
f 2005/2005/2005 2014/2014/2014 2015/2015/2015
f 2015/2015/2015 2006/2006/2006 2005/2005/2005
f 2000/2000/2000 2009/2009/2009 2008/2008/2008
f 2009/2009/2009 2000/2000/2000 2007/2007/2007
f 2016/2016/2016 2007/2007/2007 2006/2006/2006
f 2007/2007/2007 2016/2016/2016 2009/2009/2009
f 2006/2006/2006 2015/2015/2015 2016/2016/2016
f 2017/2017/2017 2008/2008/2008 2009/2009/2009
f 2018/2018/2018 2009/2009/2009 2016/2016/2016
f 2009/2009/2009 2018/2018/2018 2017/2017/2017
f 2025/2025/2025 2016/2016/2016 2015/2015/2015
f 2016/2016/2016 2025/2025/2025 2018/2018/2018
f 2024/2024/2024 2015/2015/2015 2014/2014/2014
f 2015/2015/2015 2024/2024/2024 2025/2025/2025
f 2023/2023/2023 2014/2014/2014 2013/2013/2013
f 2014/2014/2014 2023/2023/2023 2024/2024/2024
f 2027/2027/2027 2018/2018/2018 2025/2025/2025
f 2034/2034/2034 2025/2025/2025 2024/2024/2024
f 2025/2025/2025 2034/2034/2034 2027/2027/2027
f 2033/2033/2033 2024/2024/2024 2023/2023/2023
f 2024/2024/2024 2033/2033/2033 2034/2034/2034
f 2013/2013/2013 2022/2022/2022 2023/2023/2023
f 2022/2022/2022 2013/2013/2013 2012/2012/2012
f 2023/2023/2023 2032/2032/2032 2033/2033/2033
f 2032/2032/2032 2023/2023/2023 2022/2022/2022
f 2012/2012/2012 2021/2021/2021 2022/2022/2022
f 2021/2021/2021 2012/2012/2012 2011/2011/2011
f 2022/2022/2022 2031/2031/2031 2032/2032/2032
f 2031/2031/2031 2022/2022/2022 2021/2021/2021
f 2011/2011/2011 2020/2020/2020 2021/2021/2021
f 2020/2020/2020 2011/2011/2011 2010/2010/2010
f 2021/2021/2021 2030/2030/2030 2031/2031/2031
f 2030/2030/2030 2021/2021/2021 2020/2020/2020
f 2019/2019/2019 2010/2010/2010 2008/2008/2008
f 2010/2010/2010 2019/2019/2019 2020/2020/2020
f 2008/2008/2008 2017/2017/2017 2019/2019/2019
f 2020/2020/2020 2029/2029/2029 2030/2030/2030
f 2029/2029/2029 2020/2020/2020 2019/2019/2019
f 2028/2028/2028 2019/2019/2019 2017/2017/2017
f 2019/2019/2019 2028/2028/2028 2029/2029/2029
f 2026/2026/2026 2017/2017/2017 2018/2018/2018
f 2017/2017/2017 2026/2026/2026 2028/2028/2028
f 2018/2018/2018 2027/2027/2027 2026/2026/2026
f 2038/2038/2038 2029/2029/2029 2028/2028/2028
f 2037/2037/2037 2028/2028/2028 2026/2026/2026
f 2028/2028/2028 2037/2037/2037 2038/2038/2038
f 2035/2035/2035 2026/2026/2026 2027/2027/2027
f 2026/2026/2026 2035/2035/2035 2037/2037/2037
f 2029/2029/2029 2038/2038/2038 2039/2039/2039
f 2039/2039/2039 2030/2030/2030 2029/2029/2029
f 2047/2047/2047 2038/2038/2038 2037/2037/2037
f 2030/2030/2030 2039/2039/2039 2040/2040/2040
f 2040/2040/2040 2031/2031/2031 2030/2030/2030
f 2048/2048/2048 2039/2039/2039 2038/2038/2038
f 2038/2038/2038 2047/2047/2047 2048/2048/2048
f 2049/2049/2049 2040/2040/2040 2039/2039/2039
f 2039/2039/2039 2048/2048/2048 2049/2049/2049
f 2031/2031/2031 2040/2040/2040 2041/2041/2041
f 2041/2041/2041 2032/2032/2032 2031/2031/2031
f 2040/2040/2040 2049/2049/2049 2050/2050/2050
f 2050/2050/2050 2041/2041/2041 2040/2040/2040
f 2032/2032/2032 2041/2041/2041 2042/2042/2042
f 2042/2042/2042 2033/2033/2033 2032/2032/2032
f 2041/2041/2041 2050/2050/2050 2051/2051/2051
f 2051/2051/2051 2042/2042/2042 2041/2041/2041
f 2033/2033/2033 2042/2042/2042 2043/2043/2043
f 2043/2043/2043 2034/2034/2034 2033/2033/2033
f 2042/2042/2042 2051/2051/2051 2052/2052/2052
f 2052/2052/2052 2043/2043/2043 2042/2042/2042
f 2036/2036/2036 2027/2027/2027 2034/2034/2034
f 2034/2034/2034 2043/2043/2043 2036/2036/2036
f 2027/2027/2027 2036/2036/2036 2035/2035/2035
f 2043/2043/2043 2052/2052/2052 2045/2045/2045
f 2045/2045/2045 2036/2036/2036 2043/2043/2043
f 2044/2044/2044 2035/2035/2035 2036/2036/2036
f 2036/2036/2036 2045/2045/2045 2044/2044/2044
f 2046/2046/2046 2037/2037/2037 2035/2035/2035
f 2035/2035/2035 2044/2044/2044 2046/2046/2046
f 2037/2037/2037 2046/2046/2046 2047/2047/2047
f 2053/2053/2053 2044/2044/2044 2045/2045/2045
f 2055/2055/2055 2046/2046/2046 2044/2044/2044
f 2044/2044/2044 2053/2053/2053 2055/2055/2055
f 2056/2056/2056 2047/2047/2047 2046/2046/2046
f 2046/2046/2046 2055/2055/2055 2056/2056/2056
f 2045/2045/2045 2054/2054/2054 2053/2053/2053
f 2054/2054/2054 2045/2045/2045 2052/2052/2052
f 2047/2047/2047 2056/2056/2056 2057/2057/2057
f 2057/2057/2057 2048/2048/2048 2047/2047/2047
f 2052/2052/2052 2061/2061/2061 2054/2054/2054
f 2061/2061/2061 2052/2052/2052 2051/2051/2051
f 2048/2048/2048 2057/2057/2057 2058/2058/2058
f 2058/2058/2058 2049/2049/2049 2048/2048/2048
f 2051/2051/2051 2060/2060/2060 2061/2061/2061
f 2060/2060/2060 2051/2051/2051 2050/2050/2050
f 2059/2059/2059 2050/2050/2050 2049/2049/2049
f 2050/2050/2050 2059/2059/2059 2060/2060/2060
f 2049/2049/2049 2058/2058/2058 2059/2059/2059
f 2070/2070/2070 2061/2061/2061 2060/2060/2060
f 2069/2069/2069 2060/2060/2060 2059/2059/2059
f 2060/2060/2060 2069/2069/2069 2070/2070/2070
f 2068/2068/2068 2059/2059/2059 2058/2058/2058
f 2059/2059/2059 2068/2068/2068 2069/2069/2069
f 2067/2067/2067 2058/2058/2058 2057/2057/2057
f 2058/2058/2058 2067/2067/2067 2068/2068/2068
f 2066/2066/2066 2057/2057/2057 2056/2056/2056
f 2057/2057/2057 2066/2066/2066 2067/2067/2067
f 2078/2078/2078 2069/2069/2069 2068/2068/2068
f 2077/2077/2077 2068/2068/2068 2067/2067/2067
f 2068/2068/2068 2077/2077/2077 2078/2078/2078
f 2076/2076/2076 2067/2067/2067 2066/2066/2066
f 2067/2067/2067 2076/2076/2076 2077/2077/2077
f 2056/2056/2056 2065/2065/2065 2066/2066/2066
f 2065/2065/2065 2056/2056/2056 2055/2055/2055
f 2066/2066/2066 2075/2075/2075 2076/2076/2076
f 2075/2075/2075 2066/2066/2066 2065/2065/2065
f 2055/2055/2055 2064/2064/2064 2065/2065/2065
f 2064/2064/2064 2055/2055/2055 2053/2053/2053
f 2065/2065/2065 2074/2074/2074 2075/2075/2075
f 2074/2074/2074 2065/2065/2065 2064/2064/2064
f 2053/2053/2053 2062/2062/2062 2064/2064/2064
f 2062/2062/2062 2053/2053/2053 2054/2054/2054
f 2064/2064/2064 2073/2073/2073 2074/2074/2074
f 2073/2073/2073 2064/2064/2064 2062/2062/2062
f 2063/2063/2063 2054/2054/2054 2061/2061/2061
f 2054/2054/2054 2063/2063/2063 2062/2062/2062
f 2061/2061/2061 2070/2070/2070 2063/2063/2063
f 2062/2062/2062 2071/2071/2071 2073/2073/2073
f 2071/2071/2071 2062/2062/2062 2063/2063/2063
f 2072/2072/2072 2063/2063/2063 2070/2070/2070
f 2063/2063/2063 2072/2072/2072 2071/2071/2071
f 2079/2079/2079 2070/2070/2070 2069/2069/2069
f 2070/2070/2070 2079/2079/2079 2072/2072/2072
f 2069/2069/2069 2078/2078/2078 2079/2079/2079
f 2080/2080/2080 2071/2071/2071 2072/2072/2072
f 2081/2081/2081 2072/2072/2072 2079/2079/2079
f 2072/2072/2072 2081/2081/2081 2080/2080/2080
f 2088/2088/2088 2079/2079/2079 2078/2078/2078
f 2079/2079/2079 2088/2088/2088 2081/2081/2081
f 2071/2071/2071 2080/2080/2080 2082/2082/2082
f 2082/2082/2082 2073/2073/2073 2071/2071/2071
f 2089/2089/2089 2080/2080/2080 2081/2081/2081
f 2073/2073/2073 2082/2082/2082 2083/2083/2083
f 2083/2083/2083 2074/2074/2074 2073/2073/2073
f 2091/2091/2091 2082/2082/2082 2080/2080/2080
f 2080/2080/2080 2089/2089/2089 2091/2091/2091
f 2092/2092/2092 2083/2083/2083 2082/2082/2082
f 2082/2082/2082 2091/2091/2091 2092/2092/2092
f 2074/2074/2074 2083/2083/2083 2084/2084/2084
f 2084/2084/2084 2075/2075/2075 2074/2074/2074
f 2083/2083/2083 2092/2092/2092 2093/2093/2093
f 2093/2093/2093 2084/2084/2084 2083/2083/2083
f 2075/2075/2075 2084/2084/2084 2085/2085/2085
f 2085/2085/2085 2076/2076/2076 2075/2075/2075
f 2084/2084/2084 2093/2093/2093 2094/2094/2094
f 2094/2094/2094 2085/2085/2085 2084/2084/2084
f 2076/2076/2076 2085/2085/2085 2086/2086/2086
f 2086/2086/2086 2077/2077/2077 2076/2076/2076
f 2085/2085/2085 2094/2094/2094 2095/2095/2095
f 2095/2095/2095 2086/2086/2086 2085/2085/2085
f 2087/2087/2087 2078/2078/2078 2077/2077/2077
f 2077/2077/2077 2086/2086/2086 2087/2087/2087
f 2078/2078/2078 2087/2087/2087 2088/2088/2088
f 2086/2086/2086 2095/2095/2095 2096/2096/2096
f 2096/2096/2096 2087/2087/2087 2086/2086/2086
f 2097/2097/2097 2088/2088/2088 2087/2087/2087
f 2087/2087/2087 2096/2096/2096 2097/2097/2097
f 2090/2090/2090 2081/2081/2081 2088/2088/2088
f 2088/2088/2088 2097/2097/2097 2090/2090/2090
f 2081/2081/2081 2090/2090/2090 2089/2089/2089
f 2106/2106/2106 2097/2097/2097 2096/2096/2096
f 2099/2099/2099 2090/2090/2090 2097/2097/2097
f 2097/2097/2097 2106/2106/2106 2099/2099/2099
f 2098/2098/2098 2089/2089/2089 2090/2090/2090
f 2090/2090/2090 2099/2099/2099 2098/2098/2098
f 2096/2096/2096 2105/2105/2105 2106/2106/2106
f 2105/2105/2105 2096/2096/2096 2095/2095/2095
f 2089/2089/2089 2098/2098/2098 2100/2100/2100
f 2100/2100/2100 2091/2091/2091 2089/2089/2089
f 2095/2095/2095 2104/2104/2104 2105/2105/2105
f 2104/2104/2104 2095/2095/2095 2094/2094/2094
f 2091/2091/2091 2100/2100/2100 2101/2101/2101
f 2101/2101/2101 2092/2092/2092 2091/2091/2091
f 2094/2094/2094 2103/2103/2103 2104/2104/2104
f 2103/2103/2103 2094/2094/2094 2093/2093/2093
f 2102/2102/2102 2093/2093/2093 2092/2092/2092
f 2093/2093/2093 2102/2102/2102 2103/2103/2103
f 2092/2092/2092 2101/2101/2101 2102/2102/2102
f 2113/2113/2113 2104/2104/2104 2103/2103/2103
f 2112/2112/2112 2103/2103/2103 2102/2102/2102
f 2103/2103/2103 2112/2112/2112 2113/2113/2113
f 2111/2111/2111 2102/2102/2102 2101/2101/2101
f 2102/2102/2102 2111/2111/2111 2112/2112/2112
f 2110/2110/2110 2101/2101/2101 2100/2100/2100
f 2101/2101/2101 2110/2110/2110 2111/2111/2111
f 2109/2109/2109 2100/2100/2100 2098/2098/2098
f 2100/2100/2100 2109/2109/2109 2110/2110/2110
f 2121/2121/2121 2112/2112/2112 2111/2111/2111
f 2120/2120/2120 2111/2111/2111 2110/2110/2110
f 2111/2111/2111 2120/2120/2120 2121/2121/2121
f 2119/2119/2119 2110/2110/2110 2109/2109/2109
f 2110/2110/2110 2119/2119/2119 2120/2120/2120
f 2098/2098/2098 2107/2107/2107 2109/2109/2109
f 2107/2107/2107 2098/2098/2098 2099/2099/2099
f 2109/2109/2109 2118/2118/2118 2119/2119/2119
f 2118/2118/2118 2109/2109/2109 2107/2107/2107
f 2099/2099/2099 2108/2108/2108 2107/2107/2107
f 2108/2108/2108 2099/2099/2099 2106/2106/2106
f 2107/2107/2107 2116/2116/2116 2118/2118/2118
f 2116/2116/2116 2107/2107/2107 2108/2108/2108
f 2106/2106/2106 2115/2115/2115 2108/2108/2108
f 2115/2115/2115 2106/2106/2106 2105/2105/2105
f 2108/2108/2108 2117/2117/2117 2116/2116/2116
f 2117/2117/2117 2108/2108/2108 2115/2115/2115
f 2114/2114/2114 2105/2105/2105 2104/2104/2104
f 2105/2105/2105 2114/2114/2114 2115/2115/2115
f 2104/2104/2104 2113/2113/2113 2114/2114/2114
f 2115/2115/2115 2124/2124/2124 2117/2117/2117
f 2124/2124/2124 2115/2115/2115 2114/2114/2114
f 2123/2123/2123 2114/2114/2114 2113/2113/2113
f 2114/2114/2114 2123/2123/2123 2124/2124/2124
f 2122/2122/2122 2113/2113/2113 2112/2112/2112
f 2113/2113/2113 2122/2122/2122 2123/2123/2123
f 2112/2112/2112 2121/2121/2121 2122/2122/2122
f 2133/2133/2133 2124/2124/2124 2123/2123/2123
f 2132/2132/2132 2123/2123/2123 2122/2122/2122
f 2123/2123/2123 2132/2132/2132 2133/2133/2133
f 2131/2131/2131 2122/2122/2122 2121/2121/2121
f 2122/2122/2122 2131/2131/2131 2132/2132/2132
f 2124/2124/2124 2133/2133/2133 2126/2126/2126
f 2126/2126/2126 2117/2117/2117 2124/2124/2124
f 2142/2142/2142 2133/2133/2133 2132/2132/2132
f 2117/2117/2117 2126/2126/2126 2125/2125/2125
f 2125/2125/2125 2116/2116/2116 2117/2117/2117
f 2135/2135/2135 2126/2126/2126 2133/2133/2133
f 2133/2133/2133 2142/2142/2142 2135/2135/2135
f 2134/2134/2134 2125/2125/2125 2126/2126/2126
f 2126/2126/2126 2135/2135/2135 2134/2134/2134
f 2116/2116/2116 2125/2125/2125 2127/2127/2127
f 2127/2127/2127 2118/2118/2118 2116/2116/2116
f 2125/2125/2125 2134/2134/2134 2136/2136/2136
f 2136/2136/2136 2127/2127/2127 2125/2125/2125
f 2118/2118/2118 2127/2127/2127 2128/2128/2128
f 2128/2128/2128 2119/2119/2119 2118/2118/2118
f 2127/2127/2127 2136/2136/2136 2137/2137/2137
f 2137/2137/2137 2128/2128/2128 2127/2127/2127
f 2119/2119/2119 2128/2128/2128 2129/2129/2129
f 2129/2129/2129 2120/2120/2120 2119/2119/2119
f 2128/2128/2128 2137/2137/2137 2138/2138/2138
f 2138/2138/2138 2129/2129/2129 2128/2128/2128
f 2130/2130/2130 2121/2121/2121 2120/2120/2120
f 2120/2120/2120 2129/2129/2129 2130/2130/2130
f 2121/2121/2121 2130/2130/2130 2131/2131/2131
f 2129/2129/2129 2138/2138/2138 2139/2139/2139
f 2139/2139/2139 2130/2130/2130 2129/2129/2129
f 2140/2140/2140 2131/2131/2131 2130/2130/2130
f 2130/2130/2130 2139/2139/2139 2140/2140/2140
f 2141/2141/2141 2132/2132/2132 2131/2131/2131
f 2131/2131/2131 2140/2140/2140 2141/2141/2141
f 2132/2132/2132 2141/2141/2141 2142/2142/2142
f 2149/2149/2149 2140/2140/2140 2139/2139/2139
f 2150/2150/2150 2141/2141/2141 2140/2140/2140
f 2140/2140/2140 2149/2149/2149 2150/2150/2150
f 2151/2151/2151 2142/2142/2142 2141/2141/2141
f 2141/2141/2141 2150/2150/2150 2151/2151/2151
f 2139/2139/2139 2148/2148/2148 2149/2149/2149
f 2148/2148/2148 2139/2139/2139 2138/2138/2138
f 2142/2142/2142 2151/2151/2151 2144/2144/2144
f 2144/2144/2144 2135/2135/2135 2142/2142/2142
f 2138/2138/2138 2147/2147/2147 2148/2148/2148
f 2147/2147/2147 2138/2138/2138 2137/2137/2137
f 2135/2135/2135 2144/2144/2144 2143/2143/2143
f 2143/2143/2143 2134/2134/2134 2135/2135/2135
f 2137/2137/2137 2146/2146/2146 2147/2147/2147
f 2146/2146/2146 2137/2137/2137 2136/2136/2136
f 2145/2145/2145 2136/2136/2136 2134/2134/2134
f 2136/2136/2136 2145/2145/2145 2146/2146/2146
f 2134/2134/2134 2143/2143/2143 2145/2145/2145
f 2156/2156/2156 2147/2147/2147 2146/2146/2146
f 2155/2155/2155 2146/2146/2146 2145/2145/2145
f 2146/2146/2146 2155/2155/2155 2156/2156/2156
f 2154/2154/2154 2145/2145/2145 2143/2143/2143
f 2145/2145/2145 2154/2154/2154 2155/2155/2155
f 2152/2152/2152 2143/2143/2143 2144/2144/2144
f 2143/2143/2143 2152/2152/2152 2154/2154/2154
f 2153/2153/2153 2144/2144/2144 2151/2151/2151
f 2144/2144/2144 2153/2153/2153 2152/2152/2152
f 2164/2164/2164 2155/2155/2155 2154/2154/2154
f 2163/2163/2163 2154/2154/2154 2152/2152/2152
f 2154/2154/2154 2163/2163/2163 2164/2164/2164
f 2161/2161/2161 2152/2152/2152 2153/2153/2153
f 2152/2152/2152 2161/2161/2161 2163/2163/2163
f 2151/2151/2151 2160/2160/2160 2153/2153/2153
f 2160/2160/2160 2151/2151/2151 2150/2150/2150
f 2153/2153/2153 2162/2162/2162 2161/2161/2161
f 2162/2162/2162 2153/2153/2153 2160/2160/2160
f 2150/2150/2150 2159/2159/2159 2160/2160/2160
f 2159/2159/2159 2150/2150/2150 2149/2149/2149
f 2160/2160/2160 2169/2169/2169 2162/2162/2162
f 2169/2169/2169 2160/2160/2160 2159/2159/2159
f 2149/2149/2149 2158/2158/2158 2159/2159/2159
f 2158/2158/2158 2149/2149/2149 2148/2148/2148
f 2159/2159/2159 2168/2168/2168 2169/2169/2169
f 2168/2168/2168 2159/2159/2159 2158/2158/2158
f 2157/2157/2157 2148/2148/2148 2147/2147/2147
f 2148/2148/2148 2157/2157/2157 2158/2158/2158
f 2147/2147/2147 2156/2156/2156 2157/2157/2157
f 2158/2158/2158 2167/2167/2167 2168/2168/2168
f 2167/2167/2167 2158/2158/2158 2157/2157/2157
f 2166/2166/2166 2157/2157/2157 2156/2156/2156
f 2157/2157/2157 2166/2166/2166 2167/2167/2167
f 2165/2165/2165 2156/2156/2156 2155/2155/2155
f 2156/2156/2156 2165/2165/2165 2166/2166/2166
f 2155/2155/2155 2164/2164/2164 2165/2165/2165
f 2176/2176/2176 2167/2167/2167 2166/2166/2166
f 2175/2175/2175 2166/2166/2166 2165/2165/2165
f 2166/2166/2166 2175/2175/2175 2176/2176/2176
f 2174/2174/2174 2165/2165/2165 2164/2164/2164
f 2165/2165/2165 2174/2174/2174 2175/2175/2175
f 2167/2167/2167 2176/2176/2176 2177/2177/2177
f 2177/2177/2177 2168/2168/2168 2167/2167/2167
f 2185/2185/2185 2176/2176/2176 2175/2175/2175
f 2168/2168/2168 2177/2177/2177 2178/2178/2178
f 2178/2178/2178 2169/2169/2169 2168/2168/2168
f 2186/2186/2186 2177/2177/2177 2176/2176/2176
f 2176/2176/2176 2185/2185/2185 2186/2186/2186
f 2187/2187/2187 2178/2178/2178 2177/2177/2177
f 2177/2177/2177 2186/2186/2186 2187/2187/2187
f 2169/2169/2169 2178/2178/2178 2171/2171/2171
f 2171/2171/2171 2162/2162/2162 2169/2169/2169
f 2178/2178/2178 2187/2187/2187 2180/2180/2180
f 2180/2180/2180 2171/2171/2171 2178/2178/2178
f 2162/2162/2162 2171/2171/2171 2170/2170/2170
f 2170/2170/2170 2161/2161/2161 2162/2162/2162
f 2171/2171/2171 2180/2180/2180 2179/2179/2179
f 2179/2179/2179 2170/2170/2170 2171/2171/2171
f 2161/2161/2161 2170/2170/2170 2172/2172/2172
f 2172/2172/2172 2163/2163/2163 2161/2161/2161
f 2170/2170/2170 2179/2179/2179 2181/2181/2181
f 2181/2181/2181 2172/2172/2172 2170/2170/2170
f 2173/2173/2173 2164/2164/2164 2163/2163/2163
f 2163/2163/2163 2172/2172/2172 2173/2173/2173
f 2164/2164/2164 2173/2173/2173 2174/2174/2174
f 2172/2172/2172 2181/2181/2181 2182/2182/2182
f 2182/2182/2182 2173/2173/2173 2172/2172/2172
f 2183/2183/2183 2174/2174/2174 2173/2173/2173
f 2173/2173/2173 2182/2182/2182 2183/2183/2183
f 2184/2184/2184 2175/2175/2175 2174/2174/2174
f 2174/2174/2174 2183/2183/2183 2184/2184/2184
f 2175/2175/2175 2184/2184/2184 2185/2185/2185
f 2192/2192/2192 2183/2183/2183 2182/2182/2182
f 2193/2193/2193 2184/2184/2184 2183/2183/2183
f 2183/2183/2183 2192/2192/2192 2193/2193/2193
f 2194/2194/2194 2185/2185/2185 2184/2184/2184
f 2184/2184/2184 2193/2193/2193 2194/2194/2194
f 2182/2182/2182 2191/2191/2191 2192/2192/2192
f 2191/2191/2191 2182/2182/2182 2181/2181/2181
f 2185/2185/2185 2194/2194/2194 2195/2195/2195
f 2195/2195/2195 2186/2186/2186 2185/2185/2185
f 2181/2181/2181 2190/2190/2190 2191/2191/2191
f 2190/2190/2190 2181/2181/2181 2179/2179/2179
f 2186/2186/2186 2195/2195/2195 2196/2196/2196
f 2196/2196/2196 2187/2187/2187 2186/2186/2186
f 2179/2179/2179 2188/2188/2188 2190/2190/2190
f 2188/2188/2188 2179/2179/2179 2180/2180/2180
f 2189/2189/2189 2180/2180/2180 2187/2187/2187
f 2180/2180/2180 2189/2189/2189 2188/2188/2188
f 2187/2187/2187 2196/2196/2196 2189/2189/2189
f 2199/2199/2199 2190/2190/2190 2188/2188/2188
f 2197/2197/2197 2188/2188/2188 2189/2189/2189
f 2188/2188/2188 2197/2197/2197 2199/2199/2199
f 2198/2198/2198 2189/2189/2189 2196/2196/2196
f 2189/2189/2189 2198/2198/2198 2197/2197/2197
f 2205/2205/2205 2196/2196/2196 2195/2195/2195
f 2196/2196/2196 2205/2205/2205 2198/2198/2198
f 2204/2204/2204 2195/2195/2195 2194/2194/2194
f 2195/2195/2195 2204/2204/2204 2205/2205/2205
f 2206/2206/2206 2197/2197/2197 2198/2198/2198
f 2207/2207/2207 2198/2198/2198 2205/2205/2205
f 2198/2198/2198 2207/2207/2207 2206/2206/2206
f 2214/2214/2214 2205/2205/2205 2204/2204/2204
f 2205/2205/2205 2214/2214/2214 2207/2207/2207
f 2194/2194/2194 2203/2203/2203 2204/2204/2204
f 2203/2203/2203 2194/2194/2194 2193/2193/2193
f 2204/2204/2204 2213/2213/2213 2214/2214/2214
f 2213/2213/2213 2204/2204/2204 2203/2203/2203
f 2193/2193/2193 2202/2202/2202 2203/2203/2203
f 2202/2202/2202 2193/2193/2193 2192/2192/2192
f 2203/2203/2203 2212/2212/2212 2213/2213/2213
f 2212/2212/2212 2203/2203/2203 2202/2202/2202
f 2192/2192/2192 2201/2201/2201 2202/2202/2202
f 2201/2201/2201 2192/2192/2192 2191/2191/2191
f 2202/2202/2202 2211/2211/2211 2212/2212/2212
f 2211/2211/2211 2202/2202/2202 2201/2201/2201
f 2200/2200/2200 2191/2191/2191 2190/2190/2190
f 2191/2191/2191 2200/2200/2200 2201/2201/2201
f 2190/2190/2190 2199/2199/2199 2200/2200/2200
f 2201/2201/2201 2210/2210/2210 2211/2211/2211
f 2210/2210/2210 2201/2201/2201 2200/2200/2200
f 2209/2209/2209 2200/2200/2200 2199/2199/2199
f 2200/2200/2200 2209/2209/2209 2210/2210/2210
f 2208/2208/2208 2199/2199/2199 2197/2197/2197
f 2199/2199/2199 2208/2208/2208 2209/2209/2209
f 2197/2197/2197 2206/2206/2206 2208/2208/2208
f 2219/2219/2219 2210/2210/2210 2209/2209/2209
f 2218/2218/2218 2209/2209/2209 2208/2208/2208
f 2209/2209/2209 2218/2218/2218 2219/2219/2219
f 2217/2217/2217 2208/2208/2208 2206/2206/2206
f 2208/2208/2208 2217/2217/2217 2218/2218/2218
f 2210/2210/2210 2219/2219/2219 2220/2220/2220
f 2220/2220/2220 2211/2211/2211 2210/2210/2210
f 2228/2228/2228 2219/2219/2219 2218/2218/2218
f 2211/2211/2211 2220/2220/2220 2221/2221/2221
f 2221/2221/2221 2212/2212/2212 2211/2211/2211
f 2229/2229/2229 2220/2220/2220 2219/2219/2219
f 2219/2219/2219 2228/2228/2228 2229/2229/2229
f 2230/2230/2230 2221/2221/2221 2220/2220/2220
f 2220/2220/2220 2229/2229/2229 2230/2230/2230
f 2212/2212/2212 2221/2221/2221 2222/2222/2222
f 2222/2222/2222 2213/2213/2213 2212/2212/2212
f 2221/2221/2221 2230/2230/2230 2231/2231/2231
f 2231/2231/2231 2222/2222/2222 2221/2221/2221
f 2213/2213/2213 2222/2222/2222 2223/2223/2223
f 2223/2223/2223 2214/2214/2214 2213/2213/2213
f 2222/2222/2222 2231/2231/2231 2232/2232/2232
f 2232/2232/2232 2223/2223/2223 2222/2222/2222
f 2214/2214/2214 2223/2223/2223 2216/2216/2216
f 2216/2216/2216 2207/2207/2207 2214/2214/2214
f 2223/2223/2223 2232/2232/2232 2225/2225/2225
f 2225/2225/2225 2216/2216/2216 2223/2223/2223
f 2215/2215/2215 2206/2206/2206 2207/2207/2207
f 2207/2207/2207 2216/2216/2216 2215/2215/2215
f 2206/2206/2206 2215/2215/2215 2217/2217/2217
f 2216/2216/2216 2225/2225/2225 2224/2224/2224
f 2224/2224/2224 2215/2215/2215 2216/2216/2216
f 2226/2226/2226 2217/2217/2217 2215/2215/2215
f 2215/2215/2215 2224/2224/2224 2226/2226/2226
f 2227/2227/2227 2218/2218/2218 2217/2217/2217
f 2217/2217/2217 2226/2226/2226 2227/2227/2227
f 2218/2218/2218 2227/2227/2227 2228/2228/2228
f 2235/2235/2235 2226/2226/2226 2224/2224/2224
f 2236/2236/2236 2227/2227/2227 2226/2226/2226
f 2226/2226/2226 2235/2235/2235 2236/2236/2236
f 2237/2237/2237 2228/2228/2228 2227/2227/2227
f 2227/2227/2227 2236/2236/2236 2237/2237/2237
f 2224/2224/2224 2233/2233/2233 2235/2235/2235
f 2233/2233/2233 2224/2224/2224 2225/2225/2225
f 2228/2228/2228 2237/2237/2237 2238/2238/2238
f 2238/2238/2238 2229/2229/2229 2228/2228/2228
f 2225/2225/2225 2234/2234/2234 2233/2233/2233
f 2234/2234/2234 2225/2225/2225 2232/2232/2232
f 2229/2229/2229 2238/2238/2238 2239/2239/2239
f 2239/2239/2239 2230/2230/2230 2229/2229/2229
f 2232/2232/2232 2241/2241/2241 2234/2234/2234
f 2241/2241/2241 2232/2232/2232 2231/2231/2231
f 2240/2240/2240 2231/2231/2231 2230/2230/2230
f 2231/2231/2231 2240/2240/2240 2241/2241/2241
f 2230/2230/2230 2239/2239/2239 2240/2240/2240
f 2243/2243/2243 2234/2234/2234 2241/2241/2241
f 2250/2250/2250 2241/2241/2241 2240/2240/2240
f 2241/2241/2241 2250/2250/2250 2243/2243/2243
f 2249/2249/2249 2240/2240/2240 2239/2239/2239
f 2240/2240/2240 2249/2249/2249 2250/2250/2250
f 2248/2248/2248 2239/2239/2239 2238/2238/2238
f 2239/2239/2239 2248/2248/2248 2249/2249/2249
f 2247/2247/2247 2238/2238/2238 2237/2237/2237
f 2238/2238/2238 2247/2247/2247 2248/2248/2248
f 2259/2259/2259 2250/2250/2250 2249/2249/2249
f 2258/2258/2258 2249/2249/2249 2248/2248/2248
f 2249/2249/2249 2258/2258/2258 2259/2259/2259
f 2257/2257/2257 2248/2248/2248 2247/2247/2247
f 2248/2248/2248 2257/2257/2257 2258/2258/2258
f 2237/2237/2237 2246/2246/2246 2247/2247/2247
f 2246/2246/2246 2237/2237/2237 2236/2236/2236
f 2247/2247/2247 2256/2256/2256 2257/2257/2257
f 2256/2256/2256 2247/2247/2247 2246/2246/2246
f 2236/2236/2236 2245/2245/2245 2246/2246/2246
f 2245/2245/2245 2236/2236/2236 2235/2235/2235
f 2246/2246/2246 2255/2255/2255 2256/2256/2256
f 2255/2255/2255 2246/2246/2246 2245/2245/2245
f 2235/2235/2235 2244/2244/2244 2245/2245/2245
f 2244/2244/2244 2235/2235/2235 2233/2233/2233
f 2245/2245/2245 2254/2254/2254 2255/2255/2255
f 2254/2254/2254 2245/2245/2245 2244/2244/2244
f 2242/2242/2242 2233/2233/2233 2234/2234/2234
f 2233/2233/2233 2242/2242/2242 2244/2244/2244
f 2234/2234/2234 2243/2243/2243 2242/2242/2242
f 2244/2244/2244 2253/2253/2253 2254/2254/2254
f 2253/2253/2253 2244/2244/2244 2242/2242/2242
f 2251/2251/2251 2242/2242/2242 2243/2243/2243
f 2242/2242/2242 2251/2251/2251 2253/2253/2253
f 2252/2252/2252 2243/2243/2243 2250/2250/2250
f 2243/2243/2243 2252/2252/2252 2251/2251/2251
f 2250/2250/2250 2259/2259/2259 2252/2252/2252
f 2262/2262/2262 2253/2253/2253 2251/2251/2251
f 2260/2260/2260 2251/2251/2251 2252/2252/2252
f 2251/2251/2251 2260/2260/2260 2262/2262/2262
f 2261/2261/2261 2252/2252/2252 2259/2259/2259
f 2252/2252/2252 2261/2261/2261 2260/2260/2260
f 2253/2253/2253 2262/2262/2262 2263/2263/2263
f 2263/2263/2263 2254/2254/2254 2253/2253/2253
f 2271/2271/2271 2262/2262/2262 2260/2260/2260
f 2254/2254/2254 2263/2263/2263 2264/2264/2264
f 2264/2264/2264 2255/2255/2255 2254/2254/2254
f 2272/2272/2272 2263/2263/2263 2262/2262/2262
f 2262/2262/2262 2271/2271/2271 2272/2272/2272
f 2273/2273/2273 2264/2264/2264 2263/2263/2263
f 2263/2263/2263 2272/2272/2272 2273/2273/2273
f 2255/2255/2255 2264/2264/2264 2265/2265/2265
f 2265/2265/2265 2256/2256/2256 2255/2255/2255
f 2264/2264/2264 2273/2273/2273 2274/2274/2274
f 2274/2274/2274 2265/2265/2265 2264/2264/2264
f 2256/2256/2256 2265/2265/2265 2266/2266/2266
f 2266/2266/2266 2257/2257/2257 2256/2256/2256
f 2265/2265/2265 2274/2274/2274 2275/2275/2275
f 2275/2275/2275 2266/2266/2266 2265/2265/2265
f 2257/2257/2257 2266/2266/2266 2267/2267/2267
f 2267/2267/2267 2258/2258/2258 2257/2257/2257
f 2266/2266/2266 2275/2275/2275 2276/2276/2276
f 2276/2276/2276 2267/2267/2267 2266/2266/2266
f 2268/2268/2268 2259/2259/2259 2258/2258/2258
f 2258/2258/2258 2267/2267/2267 2268/2268/2268
f 2259/2259/2259 2268/2268/2268 2261/2261/2261
f 2267/2267/2267 2276/2276/2276 2277/2277/2277
f 2277/2277/2277 2268/2268/2268 2267/2267/2267
f 2270/2270/2270 2261/2261/2261 2268/2268/2268
f 2268/2268/2268 2277/2277/2277 2270/2270/2270
f 2269/2269/2269 2260/2260/2260 2261/2261/2261
f 2261/2261/2261 2270/2270/2270 2269/2269/2269
f 2260/2260/2260 2269/2269/2269 2271/2271/2271
f 2279/2279/2279 2270/2270/2270 2277/2277/2277
f 2278/2278/2278 2269/2269/2269 2270/2270/2270
f 2270/2270/2270 2279/2279/2279 2278/2278/2278
f 2280/2280/2280 2271/2271/2271 2269/2269/2269
f 2269/2269/2269 2278/2278/2278 2280/2280/2280
f 2277/2277/2277 2286/2286/2286 2279/2279/2279
f 2286/2286/2286 2277/2277/2277 2276/2276/2276
f 2271/2271/2271 2280/2280/2280 2281/2281/2281
f 2281/2281/2281 2272/2272/2272 2271/2271/2271
f 2276/2276/2276 2285/2285/2285 2286/2286/2286
f 2285/2285/2285 2276/2276/2276 2275/2275/2275
f 2272/2272/2272 2281/2281/2281 2282/2282/2282
f 2282/2282/2282 2273/2273/2273 2272/2272/2272
f 2275/2275/2275 2284/2284/2284 2285/2285/2285
f 2284/2284/2284 2275/2275/2275 2274/2274/2274
f 2283/2283/2283 2274/2274/2274 2273/2273/2273
f 2274/2274/2274 2283/2283/2283 2284/2284/2284
f 2273/2273/2273 2282/2282/2282 2283/2283/2283
f 2294/2294/2294 2285/2285/2285 2284/2284/2284
f 2293/2293/2293 2284/2284/2284 2283/2283/2283
f 2284/2284/2284 2293/2293/2293 2294/2294/2294
f 2292/2292/2292 2283/2283/2283 2282/2282/2282
f 2283/2283/2283 2292/2292/2292 2293/2293/2293
f 2291/2291/2291 2282/2282/2282 2281/2281/2281
f 2282/2282/2282 2291/2291/2291 2292/2292/2292
f 2290/2290/2290 2281/2281/2281 2280/2280/2280
f 2281/2281/2281 2290/2290/2290 2291/2291/2291
f 2302/2302/2302 2293/2293/2293 2292/2292/2292
f 2301/2301/2301 2292/2292/2292 2291/2291/2291
f 2292/2292/2292 2301/2301/2301 2302/2302/2302
f 2300/2300/2300 2291/2291/2291 2290/2290/2290
f 2291/2291/2291 2300/2300/2300 2301/2301/2301
f 2280/2280/2280 2289/2289/2289 2290/2290/2290
f 2289/2289/2289 2280/2280/2280 2278/2278/2278
f 2290/2290/2290 2299/2299/2299 2300/2300/2300
f 2299/2299/2299 2290/2290/2290 2289/2289/2289
f 2278/2278/2278 2287/2287/2287 2289/2289/2289
f 2287/2287/2287 2278/2278/2278 2279/2279/2279
f 2289/2289/2289 2298/2298/2298 2299/2299/2299
f 2298/2298/2298 2289/2289/2289 2287/2287/2287
f 2279/2279/2279 2288/2288/2288 2287/2287/2287
f 2288/2288/2288 2279/2279/2279 2286/2286/2286
f 2287/2287/2287 2296/2296/2296 2298/2298/2298
f 2296/2296/2296 2287/2287/2287 2288/2288/2288
f 2295/2295/2295 2286/2286/2286 2285/2285/2285
f 2286/2286/2286 2295/2295/2295 2288/2288/2288
f 2285/2285/2285 2294/2294/2294 2295/2295/2295
f 2288/2288/2288 2297/2297/2297 2296/2296/2296
f 2297/2297/2297 2288/2288/2288 2295/2295/2295
f 2304/2304/2304 2295/2295/2295 2294/2294/2294
f 2295/2295/2295 2304/2304/2304 2297/2297/2297
f 2303/2303/2303 2294/2294/2294 2293/2293/2293
f 2294/2294/2294 2303/2303/2303 2304/2304/2304
f 2293/2293/2293 2302/2302/2302 2303/2303/2303
f 2306/2306/2306 2297/2297/2297 2304/2304/2304
f 2313/2313/2313 2304/2304/2304 2303/2303/2303
f 2304/2304/2304 2313/2313/2313 2306/2306/2306
f 2312/2312/2312 2303/2303/2303 2302/2302/2302
f 2303/2303/2303 2312/2312/2312 2313/2313/2313
f 2297/2297/2297 2306/2306/2306 2305/2305/2305
f 2305/2305/2305 2296/2296/2296 2297/2297/2297
f 2315/2315/2315 2306/2306/2306 2313/2313/2313
f 2296/2296/2296 2305/2305/2305 2307/2307/2307
f 2307/2307/2307 2298/2298/2298 2296/2296/2296
f 2314/2314/2314 2305/2305/2305 2306/2306/2306
f 2306/2306/2306 2315/2315/2315 2314/2314/2314
f 2316/2316/2316 2307/2307/2307 2305/2305/2305
f 2305/2305/2305 2314/2314/2314 2316/2316/2316
f 2298/2298/2298 2307/2307/2307 2308/2308/2308
f 2308/2308/2308 2299/2299/2299 2298/2298/2298
f 2307/2307/2307 2316/2316/2316 2317/2317/2317
f 2317/2317/2317 2308/2308/2308 2307/2307/2307
f 2299/2299/2299 2308/2308/2308 2309/2309/2309
f 2309/2309/2309 2300/2300/2300 2299/2299/2299
f 2308/2308/2308 2317/2317/2317 2318/2318/2318
f 2318/2318/2318 2309/2309/2309 2308/2308/2308
f 2300/2300/2300 2309/2309/2309 2310/2310/2310
f 2310/2310/2310 2301/2301/2301 2300/2300/2300
f 2309/2309/2309 2318/2318/2318 2319/2319/2319
f 2319/2319/2319 2310/2310/2310 2309/2309/2309
f 2311/2311/2311 2302/2302/2302 2301/2301/2301
f 2301/2301/2301 2310/2310/2310 2311/2311/2311
f 2302/2302/2302 2311/2311/2311 2312/2312/2312
f 2310/2310/2310 2319/2319/2319 2320/2320/2320
f 2320/2320/2320 2311/2311/2311 2310/2310/2310
f 2321/2321/2321 2312/2312/2312 2311/2311/2311
f 2311/2311/2311 2320/2320/2320 2321/2321/2321
f 2322/2322/2322 2313/2313/2313 2312/2312/2312
f 2312/2312/2312 2321/2321/2321 2322/2322/2322
f 2313/2313/2313 2322/2322/2322 2315/2315/2315
f 2330/2330/2330 2321/2321/2321 2320/2320/2320
f 2331/2331/2331 2322/2322/2322 2321/2321/2321
f 2321/2321/2321 2330/2330/2330 2331/2331/2331
f 2324/2324/2324 2315/2315/2315 2322/2322/2322
f 2322/2322/2322 2331/2331/2331 2324/2324/2324
f 2320/2320/2320 2329/2329/2329 2330/2330/2330
f 2329/2329/2329 2320/2320/2320 2319/2319/2319
f 2315/2315/2315 2324/2324/2324 2323/2323/2323
f 2323/2323/2323 2314/2314/2314 2315/2315/2315
f 2319/2319/2319 2328/2328/2328 2329/2329/2329
f 2328/2328/2328 2319/2319/2319 2318/2318/2318
f 2314/2314/2314 2323/2323/2323 2325/2325/2325
f 2325/2325/2325 2316/2316/2316 2314/2314/2314
f 2318/2318/2318 2327/2327/2327 2328/2328/2328
f 2327/2327/2327 2318/2318/2318 2317/2317/2317
f 2326/2326/2326 2317/2317/2317 2316/2316/2316
f 2317/2317/2317 2326/2326/2326 2327/2327/2327
f 2316/2316/2316 2325/2325/2325 2326/2326/2326
f 2337/2337/2337 2328/2328/2328 2327/2327/2327
f 2336/2336/2336 2327/2327/2327 2326/2326/2326
f 2327/2327/2327 2336/2336/2336 2337/2337/2337
f 2335/2335/2335 2326/2326/2326 2325/2325/2325
f 2326/2326/2326 2335/2335/2335 2336/2336/2336
f 2334/2334/2334 2325/2325/2325 2323/2323/2323
f 2325/2325/2325 2334/2334/2334 2335/2335/2335
f 2332/2332/2332 2323/2323/2323 2324/2324/2324
f 2323/2323/2323 2332/2332/2332 2334/2334/2334
f 2345/2345/2345 2336/2336/2336 2335/2335/2335
f 2344/2344/2344 2335/2335/2335 2334/2334/2334
f 2335/2335/2335 2344/2344/2344 2345/2345/2345
f 2343/2343/2343 2334/2334/2334 2332/2332/2332
f 2334/2334/2334 2343/2343/2343 2344/2344/2344
f 2324/2324/2324 2333/2333/2333 2332/2332/2332
f 2333/2333/2333 2324/2324/2324 2331/2331/2331
f 2332/2332/2332 2341/2341/2341 2343/2343/2343
f 2341/2341/2341 2332/2332/2332 2333/2333/2333
f 2331/2331/2331 2340/2340/2340 2333/2333/2333
f 2340/2340/2340 2331/2331/2331 2330/2330/2330
f 2333/2333/2333 2342/2342/2342 2341/2341/2341
f 2342/2342/2342 2333/2333/2333 2340/2340/2340
f 2330/2330/2330 2339/2339/2339 2340/2340/2340
f 2339/2339/2339 2330/2330/2330 2329/2329/2329
f 2340/2340/2340 2349/2349/2349 2342/2342/2342
f 2349/2349/2349 2340/2340/2340 2339/2339/2339
f 2338/2338/2338 2329/2329/2329 2328/2328/2328
f 2329/2329/2329 2338/2338/2338 2339/2339/2339
f 2328/2328/2328 2337/2337/2337 2338/2338/2338
f 2339/2339/2339 2348/2348/2348 2349/2349/2349
f 2348/2348/2348 2339/2339/2339 2338/2338/2338
f 2347/2347/2347 2338/2338/2338 2337/2337/2337
f 2338/2338/2338 2347/2347/2347 2348/2348/2348
f 2346/2346/2346 2337/2337/2337 2336/2336/2336
f 2337/2337/2337 2346/2346/2346 2347/2347/2347
f 2336/2336/2336 2345/2345/2345 2346/2346/2346
f 2357/2357/2357 2348/2348/2348 2347/2347/2347
f 2356/2356/2356 2347/2347/2347 2346/2346/2346
f 2347/2347/2347 2356/2356/2356 2357/2357/2357
f 2355/2355/2355 2346/2346/2346 2345/2345/2345
f 2346/2346/2346 2355/2355/2355 2356/2356/2356
f 2348/2348/2348 2357/2357/2357 2358/2358/2358
f 2358/2358/2358 2349/2349/2349 2348/2348/2348
f 2366/2366/2366 2357/2357/2357 2356/2356/2356
f 2349/2349/2349 2358/2358/2358 2351/2351/2351
f 2351/2351/2351 2342/2342/2342 2349/2349/2349
f 2367/2367/2367 2358/2358/2358 2357/2357/2357
f 2357/2357/2357 2366/2366/2366 2367/2367/2367
f 2360/2360/2360 2351/2351/2351 2358/2358/2358
f 2358/2358/2358 2367/2367/2367 2360/2360/2360
f 2342/2342/2342 2351/2351/2351 2350/2350/2350
f 2350/2350/2350 2341/2341/2341 2342/2342/2342
f 2351/2351/2351 2360/2360/2360 2359/2359/2359
f 2359/2359/2359 2350/2350/2350 2351/2351/2351
f 2341/2341/2341 2350/2350/2350 2352/2352/2352
f 2352/2352/2352 2343/2343/2343 2341/2341/2341
f 2350/2350/2350 2359/2359/2359 2361/2361/2361
f 2361/2361/2361 2352/2352/2352 2350/2350/2350
f 2343/2343/2343 2352/2352/2352 2353/2353/2353
f 2353/2353/2353 2344/2344/2344 2343/2343/2343
f 2352/2352/2352 2361/2361/2361 2362/2362/2362
f 2362/2362/2362 2353/2353/2353 2352/2352/2352
f 2354/2354/2354 2345/2345/2345 2344/2344/2344
f 2344/2344/2344 2353/2353/2353 2354/2354/2354
f 2345/2345/2345 2354/2354/2354 2355/2355/2355
f 2353/2353/2353 2362/2362/2362 2363/2363/2363
f 2363/2363/2363 2354/2354/2354 2353/2353/2353
f 2364/2364/2364 2355/2355/2355 2354/2354/2354
f 2354/2354/2354 2363/2363/2363 2364/2364/2364
f 2365/2365/2365 2356/2356/2356 2355/2355/2355
f 2355/2355/2355 2364/2364/2364 2365/2365/2365
f 2356/2356/2356 2365/2365/2365 2366/2366/2366
f 2373/2373/2373 2364/2364/2364 2363/2363/2363
f 2374/2374/2374 2365/2365/2365 2364/2364/2364
f 2364/2364/2364 2373/2373/2373 2374/2374/2374
f 2375/2375/2375 2366/2366/2366 2365/2365/2365
f 2365/2365/2365 2374/2374/2374 2375/2375/2375
f 2363/2363/2363 2372/2372/2372 2373/2373/2373
f 2372/2372/2372 2363/2363/2363 2362/2362/2362
f 2366/2366/2366 2375/2375/2375 2376/2376/2376
f 2376/2376/2376 2367/2367/2367 2366/2366/2366
f 2362/2362/2362 2371/2371/2371 2372/2372/2372
f 2371/2371/2371 2362/2362/2362 2361/2361/2361
f 2367/2367/2367 2376/2376/2376 2369/2369/2369
f 2369/2369/2369 2360/2360/2360 2367/2367/2367
f 2361/2361/2361 2370/2370/2370 2371/2371/2371
f 2370/2370/2370 2361/2361/2361 2359/2359/2359
f 2368/2368/2368 2359/2359/2359 2360/2360/2360
f 2359/2359/2359 2368/2368/2368 2370/2370/2370
f 2360/2360/2360 2369/2369/2369 2368/2368/2368
f 2380/2380/2380 2371/2371/2371 2370/2370/2370
f 2379/2379/2379 2370/2370/2370 2368/2368/2368
f 2370/2370/2370 2379/2379/2379 2380/2380/2380
f 2377/2377/2377 2368/2368/2368 2369/2369/2369
f 2368/2368/2368 2377/2377/2377 2379/2379/2379
f 2378/2378/2378 2369/2369/2369 2376/2376/2376
f 2369/2369/2369 2378/2378/2378 2377/2377/2377
f 2385/2385/2385 2376/2376/2376 2375/2375/2375
f 2376/2376/2376 2385/2385/2385 2378/2378/2378
f 2388/2388/2388 2379/2379/2379 2377/2377/2377
f 2386/2386/2386 2377/2377/2377 2378/2378/2378
f 2377/2377/2377 2386/2386/2386 2388/2388/2388
f 2387/2387/2387 2378/2378/2378 2385/2385/2385
f 2378/2378/2378 2387/2387/2387 2386/2386/2386
f 2375/2375/2375 2384/2384/2384 2385/2385/2385
f 2384/2384/2384 2375/2375/2375 2374/2374/2374
f 2385/2385/2385 2394/2394/2394 2387/2387/2387
f 2394/2394/2394 2385/2385/2385 2384/2384/2384
f 2374/2374/2374 2383/2383/2383 2384/2384/2384
f 2383/2383/2383 2374/2374/2374 2373/2373/2373
f 2384/2384/2384 2393/2393/2393 2394/2394/2394
f 2393/2393/2393 2384/2384/2384 2383/2383/2383
f 2373/2373/2373 2382/2382/2382 2383/2383/2383
f 2382/2382/2382 2373/2373/2373 2372/2372/2372
f 2383/2383/2383 2392/2392/2392 2393/2393/2393
f 2392/2392/2392 2383/2383/2383 2382/2382/2382
f 2381/2381/2381 2372/2372/2372 2371/2371/2371
f 2372/2372/2372 2381/2381/2381 2382/2382/2382
f 2371/2371/2371 2380/2380/2380 2381/2381/2381
f 2382/2382/2382 2391/2391/2391 2392/2392/2392
f 2391/2391/2391 2382/2382/2382 2381/2381/2381
f 2390/2390/2390 2381/2381/2381 2380/2380/2380
f 2381/2381/2381 2390/2390/2390 2391/2391/2391
f 2389/2389/2389 2380/2380/2380 2379/2379/2379
f 2380/2380/2380 2389/2389/2389 2390/2390/2390
f 2379/2379/2379 2388/2388/2388 2389/2389/2389
f 2400/2400/2400 2391/2391/2391 2390/2390/2390
f 2399/2399/2399 2390/2390/2390 2389/2389/2389
f 2390/2390/2390 2399/2399/2399 2400/2400/2400
f 2398/2398/2398 2389/2389/2389 2388/2388/2388
f 2389/2389/2389 2398/2398/2398 2399/2399/2399
f 2391/2391/2391 2400/2400/2400 2401/2401/2401
f 2401/2401/2401 2392/2392/2392 2391/2391/2391
f 2409/2409/2409 2400/2400/2400 2399/2399/2399
f 2392/2392/2392 2401/2401/2401 2402/2402/2402
f 2402/2402/2402 2393/2393/2393 2392/2392/2392
f 2410/2410/2410 2401/2401/2401 2400/2400/2400
f 2400/2400/2400 2409/2409/2409 2410/2410/2410
f 2411/2411/2411 2402/2402/2402 2401/2401/2401
f 2401/2401/2401 2410/2410/2410 2411/2411/2411
f 2393/2393/2393 2402/2402/2402 2403/2403/2403
f 2403/2403/2403 2394/2394/2394 2393/2393/2393
f 2402/2402/2402 2411/2411/2411 2412/2412/2412
f 2412/2412/2412 2403/2403/2403 2402/2402/2402
f 2394/2394/2394 2403/2403/2403 2396/2396/2396
f 2396/2396/2396 2387/2387/2387 2394/2394/2394
f 2403/2403/2403 2412/2412/2412 2405/2405/2405
f 2405/2405/2405 2396/2396/2396 2403/2403/2403
f 2387/2387/2387 2396/2396/2396 2395/2395/2395
f 2395/2395/2395 2386/2386/2386 2387/2387/2387
f 2396/2396/2396 2405/2405/2405 2404/2404/2404
f 2404/2404/2404 2395/2395/2395 2396/2396/2396
f 2397/2397/2397 2388/2388/2388 2386/2386/2386
f 2386/2386/2386 2395/2395/2395 2397/2397/2397
f 2388/2388/2388 2397/2397/2397 2398/2398/2398
f 2395/2395/2395 2404/2404/2404 2406/2406/2406
f 2406/2406/2406 2397/2397/2397 2395/2395/2395
f 2407/2407/2407 2398/2398/2398 2397/2397/2397
f 2397/2397/2397 2406/2406/2406 2407/2407/2407
f 2408/2408/2408 2399/2399/2399 2398/2398/2398
f 2398/2398/2398 2407/2407/2407 2408/2408/2408
f 2399/2399/2399 2408/2408/2408 2409/2409/2409
f 2416/2416/2416 2407/2407/2407 2406/2406/2406
f 2417/2417/2417 2408/2408/2408 2407/2407/2407
f 2407/2407/2407 2416/2416/2416 2417/2417/2417
f 2418/2418/2418 2409/2409/2409 2408/2408/2408
f 2408/2408/2408 2417/2417/2417 2418/2418/2418
f 2406/2406/2406 2415/2415/2415 2416/2416/2416
f 2415/2415/2415 2406/2406/2406 2404/2404/2404
f 2409/2409/2409 2418/2418/2418 2419/2419/2419
f 2419/2419/2419 2410/2410/2410 2409/2409/2409
f 2404/2404/2404 2413/2413/2413 2415/2415/2415
f 2413/2413/2413 2404/2404/2404 2405/2405/2405
f 2410/2410/2410 2419/2419/2419 2420/2420/2420
f 2420/2420/2420 2411/2411/2411 2410/2410/2410
f 2405/2405/2405 2414/2414/2414 2413/2413/2413
f 2414/2414/2414 2405/2405/2405 2412/2412/2412
f 2421/2421/2421 2412/2412/2412 2411/2411/2411
f 2412/2412/2412 2421/2421/2421 2414/2414/2414
f 2411/2411/2411 2420/2420/2420 2421/2421/2421
f 2422/2422/2422 2413/2413/2413 2414/2414/2414
f 2423/2423/2423 2414/2414/2414 2421/2421/2421
f 2414/2414/2414 2423/2423/2423 2422/2422/2422
f 2430/2430/2430 2421/2421/2421 2420/2420/2420
f 2421/2421/2421 2430/2430/2430 2423/2423/2423
f 2429/2429/2429 2420/2420/2420 2419/2419/2419
f 2420/2420/2420 2429/2429/2429 2430/2430/2430
f 2428/2428/2428 2419/2419/2419 2418/2418/2418
f 2419/2419/2419 2428/2428/2428 2429/2429/2429
f 2432/2432/2432 2423/2423/2423 2430/2430/2430
f 2439/2439/2439 2430/2430/2430 2429/2429/2429
f 2430/2430/2430 2439/2439/2439 2432/2432/2432
f 2438/2438/2438 2429/2429/2429 2428/2428/2428
f 2429/2429/2429 2438/2438/2438 2439/2439/2439
f 2418/2418/2418 2427/2427/2427 2428/2428/2428
f 2427/2427/2427 2418/2418/2418 2417/2417/2417
f 2428/2428/2428 2437/2437/2437 2438/2438/2438
f 2437/2437/2437 2428/2428/2428 2427/2427/2427
f 2417/2417/2417 2426/2426/2426 2427/2427/2427
f 2426/2426/2426 2417/2417/2417 2416/2416/2416
f 2427/2427/2427 2436/2436/2436 2437/2437/2437
f 2436/2436/2436 2427/2427/2427 2426/2426/2426
f 2416/2416/2416 2425/2425/2425 2426/2426/2426
f 2425/2425/2425 2416/2416/2416 2415/2415/2415
f 2426/2426/2426 2435/2435/2435 2436/2436/2436
f 2435/2435/2435 2426/2426/2426 2425/2425/2425
f 2424/2424/2424 2415/2415/2415 2413/2413/2413
f 2415/2415/2415 2424/2424/2424 2425/2425/2425
f 2413/2413/2413 2422/2422/2422 2424/2424/2424
f 2425/2425/2425 2434/2434/2434 2435/2435/2435
f 2434/2434/2434 2425/2425/2425 2424/2424/2424
f 2433/2433/2433 2424/2424/2424 2422/2422/2422
f 2424/2424/2424 2433/2433/2433 2434/2434/2434
f 2431/2431/2431 2422/2422/2422 2423/2423/2423
f 2422/2422/2422 2431/2431/2431 2433/2433/2433
f 2423/2423/2423 2432/2432/2432 2431/2431/2431
f 2443/2443/2443 2434/2434/2434 2433/2433/2433
f 2442/2442/2442 2433/2433/2433 2431/2431/2431
f 2433/2433/2433 2442/2442/2442 2443/2443/2443
f 2440/2440/2440 2431/2431/2431 2432/2432/2432
f 2431/2431/2431 2440/2440/2440 2442/2442/2442
f 2434/2434/2434 2443/2443/2443 2444/2444/2444
f 2444/2444/2444 2435/2435/2435 2434/2434/2434
f 2452/2452/2452 2443/2443/2443 2442/2442/2442
f 2435/2435/2435 2444/2444/2444 2445/2445/2445
f 2445/2445/2445 2436/2436/2436 2435/2435/2435
f 2453/2453/2453 2444/2444/2444 2443/2443/2443
f 2443/2443/2443 2452/2452/2452 2453/2453/2453
f 2454/2454/2454 2445/2445/2445 2444/2444/2444
f 2444/2444/2444 2453/2453/2453 2454/2454/2454
f 2436/2436/2436 2445/2445/2445 2446/2446/2446
f 2446/2446/2446 2437/2437/2437 2436/2436/2436
f 2445/2445/2445 2454/2454/2454 2455/2455/2455
f 2455/2455/2455 2446/2446/2446 2445/2445/2445
f 2437/2437/2437 2446/2446/2446 2447/2447/2447
f 2447/2447/2447 2438/2438/2438 2437/2437/2437
f 2446/2446/2446 2455/2455/2455 2456/2456/2456
f 2456/2456/2456 2447/2447/2447 2446/2446/2446
f 2438/2438/2438 2447/2447/2447 2448/2448/2448
f 2448/2448/2448 2439/2439/2439 2438/2438/2438
f 2447/2447/2447 2456/2456/2456 2457/2457/2457
f 2457/2457/2457 2448/2448/2448 2447/2447/2447
f 2441/2441/2441 2432/2432/2432 2439/2439/2439
f 2439/2439/2439 2448/2448/2448 2441/2441/2441
f 2432/2432/2432 2441/2441/2441 2440/2440/2440
f 2448/2448/2448 2457/2457/2457 2450/2450/2450
f 2450/2450/2450 2441/2441/2441 2448/2448/2448
f 2449/2449/2449 2440/2440/2440 2441/2441/2441
f 2441/2441/2441 2450/2450/2450 2449/2449/2449
f 2451/2451/2451 2442/2442/2442 2440/2440/2440
f 2440/2440/2440 2449/2449/2449 2451/2451/2451
f 2442/2442/2442 2451/2451/2451 2452/2452/2452
f 2458/2458/2458 2449/2449/2449 2450/2450/2450
f 2460/2460/2460 2451/2451/2451 2449/2449/2449
f 2449/2449/2449 2458/2458/2458 2460/2460/2460
f 2461/2461/2461 2452/2452/2452 2451/2451/2451
f 2451/2451/2451 2460/2460/2460 2461/2461/2461
f 2450/2450/2450 2459/2459/2459 2458/2458/2458
f 2459/2459/2459 2450/2450/2450 2457/2457/2457
f 2452/2452/2452 2461/2461/2461 2462/2462/2462
f 2462/2462/2462 2453/2453/2453 2452/2452/2452
f 2457/2457/2457 2466/2466/2466 2459/2459/2459
f 2466/2466/2466 2457/2457/2457 2456/2456/2456
f 2453/2453/2453 2462/2462/2462 2463/2463/2463
f 2463/2463/2463 2454/2454/2454 2453/2453/2453
f 2456/2456/2456 2465/2465/2465 2466/2466/2466
f 2465/2465/2465 2456/2456/2456 2455/2455/2455
f 2464/2464/2464 2455/2455/2455 2454/2454/2454
f 2455/2455/2455 2464/2464/2464 2465/2465/2465
f 2454/2454/2454 2463/2463/2463 2464/2464/2464
f 2475/2475/2475 2466/2466/2466 2465/2465/2465
f 2474/2474/2474 2465/2465/2465 2464/2464/2464
f 2465/2465/2465 2474/2474/2474 2475/2475/2475
f 2473/2473/2473 2464/2464/2464 2463/2463/2463
f 2464/2464/2464 2473/2473/2473 2474/2474/2474
f 2472/2472/2472 2463/2463/2463 2462/2462/2462
f 2463/2463/2463 2472/2472/2472 2473/2473/2473
f 2471/2471/2471 2462/2462/2462 2461/2461/2461
f 2462/2462/2462 2471/2471/2471 2472/2472/2472
f 2483/2483/2483 2474/2474/2474 2473/2473/2473
f 2482/2482/2482 2473/2473/2473 2472/2472/2472
f 2473/2473/2473 2482/2482/2482 2483/2483/2483
f 2481/2481/2481 2472/2472/2472 2471/2471/2471
f 2472/2472/2472 2481/2481/2481 2482/2482/2482
f 2461/2461/2461 2470/2470/2470 2471/2471/2471
f 2470/2470/2470 2461/2461/2461 2460/2460/2460
f 2471/2471/2471 2480/2480/2480 2481/2481/2481
f 2480/2480/2480 2471/2471/2471 2470/2470/2470
f 2460/2460/2460 2469/2469/2469 2470/2470/2470
f 2469/2469/2469 2460/2460/2460 2458/2458/2458
f 2470/2470/2470 2479/2479/2479 2480/2480/2480
f 2479/2479/2479 2470/2470/2470 2469/2469/2469
f 2458/2458/2458 2467/2467/2467 2469/2469/2469
f 2467/2467/2467 2458/2458/2458 2459/2459/2459
f 2469/2469/2469 2478/2478/2478 2479/2479/2479
f 2478/2478/2478 2469/2469/2469 2467/2467/2467
f 2468/2468/2468 2459/2459/2459 2466/2466/2466
f 2459/2459/2459 2468/2468/2468 2467/2467/2467
f 2466/2466/2466 2475/2475/2475 2468/2468/2468
f 2467/2467/2467 2476/2476/2476 2478/2478/2478
f 2476/2476/2476 2467/2467/2467 2468/2468/2468
f 2477/2477/2477 2468/2468/2468 2475/2475/2475
f 2468/2468/2468 2477/2477/2477 2476/2476/2476
f 2484/2484/2484 2475/2475/2475 2474/2474/2474
f 2475/2475/2475 2484/2484/2484 2477/2477/2477
f 2474/2474/2474 2483/2483/2483 2484/2484/2484
f 2485/2485/2485 2476/2476/2476 2477/2477/2477
f 2486/2486/2486 2477/2477/2477 2484/2484/2484
f 2477/2477/2477 2486/2486/2486 2485/2485/2485
f 2493/2493/2493 2484/2484/2484 2483/2483/2483
f 2484/2484/2484 2493/2493/2493 2486/2486/2486
f 2476/2476/2476 2485/2485/2485 2487/2487/2487
f 2487/2487/2487 2478/2478/2478 2476/2476/2476
f 2494/2494/2494 2485/2485/2485 2486/2486/2486
f 2478/2478/2478 2487/2487/2487 2488/2488/2488
f 2488/2488/2488 2479/2479/2479 2478/2478/2478
f 2496/2496/2496 2487/2487/2487 2485/2485/2485
f 2485/2485/2485 2494/2494/2494 2496/2496/2496
f 2497/2497/2497 2488/2488/2488 2487/2487/2487
f 2487/2487/2487 2496/2496/2496 2497/2497/2497
f 2479/2479/2479 2488/2488/2488 2489/2489/2489
f 2489/2489/2489 2480/2480/2480 2479/2479/2479
f 2488/2488/2488 2497/2497/2497 2498/2498/2498
f 2498/2498/2498 2489/2489/2489 2488/2488/2488
f 2480/2480/2480 2489/2489/2489 2490/2490/2490
f 2490/2490/2490 2481/2481/2481 2480/2480/2480
f 2489/2489/2489 2498/2498/2498 2499/2499/2499
f 2499/2499/2499 2490/2490/2490 2489/2489/2489
f 2481/2481/2481 2490/2490/2490 2491/2491/2491
f 2491/2491/2491 2482/2482/2482 2481/2481/2481
f 2490/2490/2490 2499/2499/2499 2500/2500/2500
f 2500/2500/2500 2491/2491/2491 2490/2490/2490
f 2492/2492/2492 2483/2483/2483 2482/2482/2482
f 2482/2482/2482 2491/2491/2491 2492/2492/2492
f 2483/2483/2483 2492/2492/2492 2493/2493/2493
f 2491/2491/2491 2500/2500/2500 2501/2501/2501
f 2501/2501/2501 2492/2492/2492 2491/2491/2491
f 2502/2502/2502 2493/2493/2493 2492/2492/2492
f 2492/2492/2492 2501/2501/2501 2502/2502/2502
f 2495/2495/2495 2486/2486/2486 2493/2493/2493
f 2493/2493/2493 2502/2502/2502 2495/2495/2495
f 2486/2486/2486 2495/2495/2495 2494/2494/2494
f 2511/2511/2511 2502/2502/2502 2501/2501/2501
f 2504/2504/2504 2495/2495/2495 2502/2502/2502
f 2502/2502/2502 2511/2511/2511 2504/2504/2504
f 2503/2503/2503 2494/2494/2494 2495/2495/2495
f 2495/2495/2495 2504/2504/2504 2503/2503/2503
f 2501/2501/2501 2510/2510/2510 2511/2511/2511
f 2510/2510/2510 2501/2501/2501 2500/2500/2500
f 2494/2494/2494 2503/2503/2503 2505/2505/2505
f 2505/2505/2505 2496/2496/2496 2494/2494/2494
f 2500/2500/2500 2509/2509/2509 2510/2510/2510
f 2509/2509/2509 2500/2500/2500 2499/2499/2499
f 2496/2496/2496 2505/2505/2505 2506/2506/2506
f 2506/2506/2506 2497/2497/2497 2496/2496/2496
f 2499/2499/2499 2508/2508/2508 2509/2509/2509
f 2508/2508/2508 2499/2499/2499 2498/2498/2498
f 2507/2507/2507 2498/2498/2498 2497/2497/2497
f 2498/2498/2498 2507/2507/2507 2508/2508/2508
f 2497/2497/2497 2506/2506/2506 2507/2507/2507
f 2518/2518/2518 2509/2509/2509 2508/2508/2508
f 2517/2517/2517 2508/2508/2508 2507/2507/2507
f 2508/2508/2508 2517/2517/2517 2518/2518/2518
f 2516/2516/2516 2507/2507/2507 2506/2506/2506
f 2507/2507/2507 2516/2516/2516 2517/2517/2517
f 2515/2515/2515 2506/2506/2506 2505/2505/2505
f 2506/2506/2506 2515/2515/2515 2516/2516/2516
f 2514/2514/2514 2505/2505/2505 2503/2503/2503
f 2505/2505/2505 2514/2514/2514 2515/2515/2515
f 2526/2526/2526 2517/2517/2517 2516/2516/2516
f 2525/2525/2525 2516/2516/2516 2515/2515/2515
f 2516/2516/2516 2525/2525/2525 2526/2526/2526
f 2524/2524/2524 2515/2515/2515 2514/2514/2514
f 2515/2515/2515 2524/2524/2524 2525/2525/2525
f 2503/2503/2503 2512/2512/2512 2514/2514/2514
f 2512/2512/2512 2503/2503/2503 2504/2504/2504
f 2514/2514/2514 2523/2523/2523 2524/2524/2524
f 2523/2523/2523 2514/2514/2514 2512/2512/2512
f 2504/2504/2504 2513/2513/2513 2512/2512/2512
f 2513/2513/2513 2504/2504/2504 2511/2511/2511
f 2512/2512/2512 2521/2521/2521 2523/2523/2523
f 2521/2521/2521 2512/2512/2512 2513/2513/2513
f 2511/2511/2511 2520/2520/2520 2513/2513/2513
f 2520/2520/2520 2511/2511/2511 2510/2510/2510
f 2513/2513/2513 2522/2522/2522 2521/2521/2521
f 2522/2522/2522 2513/2513/2513 2520/2520/2520
f 2519/2519/2519 2510/2510/2510 2509/2509/2509
f 2510/2510/2510 2519/2519/2519 2520/2520/2520
f 2509/2509/2509 2518/2518/2518 2519/2519/2519
f 2520/2520/2520 2529/2529/2529 2522/2522/2522
f 2529/2529/2529 2520/2520/2520 2519/2519/2519
f 2528/2528/2528 2519/2519/2519 2518/2518/2518
f 2519/2519/2519 2528/2528/2528 2529/2529/2529
f 2527/2527/2527 2518/2518/2518 2517/2517/2517
f 2518/2518/2518 2527/2527/2527 2528/2528/2528
f 2517/2517/2517 2526/2526/2526 2527/2527/2527
f 2538/2538/2538 2529/2529/2529 2528/2528/2528
f 2537/2537/2537 2528/2528/2528 2527/2527/2527
f 2528/2528/2528 2537/2537/2537 2538/2538/2538
f 2536/2536/2536 2527/2527/2527 2526/2526/2526
f 2527/2527/2527 2536/2536/2536 2537/2537/2537
f 2529/2529/2529 2538/2538/2538 2531/2531/2531
f 2531/2531/2531 2522/2522/2522 2529/2529/2529
f 2547/2547/2547 2538/2538/2538 2537/2537/2537
f 2522/2522/2522 2531/2531/2531 2530/2530/2530
f 2530/2530/2530 2521/2521/2521 2522/2522/2522
f 2540/2540/2540 2531/2531/2531 2538/2538/2538
f 2538/2538/2538 2547/2547/2547 2540/2540/2540
f 2539/2539/2539 2530/2530/2530 2531/2531/2531
f 2531/2531/2531 2540/2540/2540 2539/2539/2539
f 2521/2521/2521 2530/2530/2530 2532/2532/2532
f 2532/2532/2532 2523/2523/2523 2521/2521/2521
f 2530/2530/2530 2539/2539/2539 2541/2541/2541
f 2541/2541/2541 2532/2532/2532 2530/2530/2530
f 2523/2523/2523 2532/2532/2532 2533/2533/2533
f 2533/2533/2533 2524/2524/2524 2523/2523/2523
f 2532/2532/2532 2541/2541/2541 2542/2542/2542
f 2542/2542/2542 2533/2533/2533 2532/2532/2532
f 2524/2524/2524 2533/2533/2533 2534/2534/2534
f 2534/2534/2534 2525/2525/2525 2524/2524/2524
f 2533/2533/2533 2542/2542/2542 2543/2543/2543
f 2543/2543/2543 2534/2534/2534 2533/2533/2533
f 2535/2535/2535 2526/2526/2526 2525/2525/2525
f 2525/2525/2525 2534/2534/2534 2535/2535/2535
f 2526/2526/2526 2535/2535/2535 2536/2536/2536
f 2534/2534/2534 2543/2543/2543 2544/2544/2544
f 2544/2544/2544 2535/2535/2535 2534/2534/2534
f 2545/2545/2545 2536/2536/2536 2535/2535/2535
f 2535/2535/2535 2544/2544/2544 2545/2545/2545
f 2546/2546/2546 2537/2537/2537 2536/2536/2536
f 2536/2536/2536 2545/2545/2545 2546/2546/2546
f 2537/2537/2537 2546/2546/2546 2547/2547/2547
f 2554/2554/2554 2545/2545/2545 2544/2544/2544
f 2555/2555/2555 2546/2546/2546 2545/2545/2545
f 2545/2545/2545 2554/2554/2554 2555/2555/2555
f 2556/2556/2556 2547/2547/2547 2546/2546/2546
f 2546/2546/2546 2555/2555/2555 2556/2556/2556
f 2544/2544/2544 2553/2553/2553 2554/2554/2554
f 2553/2553/2553 2544/2544/2544 2543/2543/2543
f 2547/2547/2547 2556/2556/2556 2549/2549/2549
f 2549/2549/2549 2540/2540/2540 2547/2547/2547
f 2543/2543/2543 2552/2552/2552 2553/2553/2553
f 2552/2552/2552 2543/2543/2543 2542/2542/2542
f 2540/2540/2540 2549/2549/2549 2548/2548/2548
f 2548/2548/2548 2539/2539/2539 2540/2540/2540
f 2542/2542/2542 2551/2551/2551 2552/2552/2552
f 2551/2551/2551 2542/2542/2542 2541/2541/2541
f 2550/2550/2550 2541/2541/2541 2539/2539/2539
f 2541/2541/2541 2550/2550/2550 2551/2551/2551
f 2539/2539/2539 2548/2548/2548 2550/2550/2550
f 2561/2561/2561 2552/2552/2552 2551/2551/2551
f 2560/2560/2560 2551/2551/2551 2550/2550/2550
f 2551/2551/2551 2560/2560/2560 2561/2561/2561
f 2559/2559/2559 2550/2550/2550 2548/2548/2548
f 2550/2550/2550 2559/2559/2559 2560/2560/2560
f 2557/2557/2557 2548/2548/2548 2549/2549/2549
f 2548/2548/2548 2557/2557/2557 2559/2559/2559
f 2558/2558/2558 2549/2549/2549 2556/2556/2556
f 2549/2549/2549 2558/2558/2558 2557/2557/2557
f 2569/2569/2569 2560/2560/2560 2559/2559/2559
f 2568/2568/2568 2559/2559/2559 2557/2557/2557
f 2559/2559/2559 2568/2568/2568 2569/2569/2569
f 2566/2566/2566 2557/2557/2557 2558/2558/2558
f 2557/2557/2557 2566/2566/2566 2568/2568/2568
f 2556/2556/2556 2565/2565/2565 2558/2558/2558
f 2565/2565/2565 2556/2556/2556 2555/2555/2555
f 2558/2558/2558 2567/2567/2567 2566/2566/2566
f 2567/2567/2567 2558/2558/2558 2565/2565/2565
f 2555/2555/2555 2564/2564/2564 2565/2565/2565
f 2564/2564/2564 2555/2555/2555 2554/2554/2554
f 2565/2565/2565 2574/2574/2574 2567/2567/2567
f 2574/2574/2574 2565/2565/2565 2564/2564/2564
f 2554/2554/2554 2563/2563/2563 2564/2564/2564
f 2563/2563/2563 2554/2554/2554 2553/2553/2553
f 2564/2564/2564 2573/2573/2573 2574/2574/2574
f 2573/2573/2573 2564/2564/2564 2563/2563/2563
f 2562/2562/2562 2553/2553/2553 2552/2552/2552
f 2553/2553/2553 2562/2562/2562 2563/2563/2563
f 2552/2552/2552 2561/2561/2561 2562/2562/2562
f 2563/2563/2563 2572/2572/2572 2573/2573/2573
f 2572/2572/2572 2563/2563/2563 2562/2562/2562
f 2571/2571/2571 2562/2562/2562 2561/2561/2561
f 2562/2562/2562 2571/2571/2571 2572/2572/2572
f 2570/2570/2570 2561/2561/2561 2560/2560/2560
f 2561/2561/2561 2570/2570/2570 2571/2571/2571
f 2560/2560/2560 2569/2569/2569 2570/2570/2570
f 2581/2581/2581 2572/2572/2572 2571/2571/2571
f 2580/2580/2580 2571/2571/2571 2570/2570/2570
f 2571/2571/2571 2580/2580/2580 2581/2581/2581
f 2579/2579/2579 2570/2570/2570 2569/2569/2569
f 2570/2570/2570 2579/2579/2579 2580/2580/2580
f 2572/2572/2572 2581/2581/2581 2582/2582/2582
f 2582/2582/2582 2573/2573/2573 2572/2572/2572
f 2590/2590/2590 2581/2581/2581 2580/2580/2580
f 2573/2573/2573 2582/2582/2582 2583/2583/2583
f 2583/2583/2583 2574/2574/2574 2573/2573/2573
f 2591/2591/2591 2582/2582/2582 2581/2581/2581
f 2581/2581/2581 2590/2590/2590 2591/2591/2591
f 2592/2592/2592 2583/2583/2583 2582/2582/2582
f 2582/2582/2582 2591/2591/2591 2592/2592/2592
f 2574/2574/2574 2583/2583/2583 2576/2576/2576
f 2576/2576/2576 2567/2567/2567 2574/2574/2574
f 2583/2583/2583 2592/2592/2592 2585/2585/2585
f 2585/2585/2585 2576/2576/2576 2583/2583/2583
f 2567/2567/2567 2576/2576/2576 2575/2575/2575
f 2575/2575/2575 2566/2566/2566 2567/2567/2567
f 2576/2576/2576 2585/2585/2585 2584/2584/2584
f 2584/2584/2584 2575/2575/2575 2576/2576/2576
f 2566/2566/2566 2575/2575/2575 2577/2577/2577
f 2577/2577/2577 2568/2568/2568 2566/2566/2566
f 2575/2575/2575 2584/2584/2584 2586/2586/2586
f 2586/2586/2586 2577/2577/2577 2575/2575/2575
f 2578/2578/2578 2569/2569/2569 2568/2568/2568
f 2568/2568/2568 2577/2577/2577 2578/2578/2578
f 2569/2569/2569 2578/2578/2578 2579/2579/2579
f 2577/2577/2577 2586/2586/2586 2587/2587/2587
f 2587/2587/2587 2578/2578/2578 2577/2577/2577
f 2588/2588/2588 2579/2579/2579 2578/2578/2578
f 2578/2578/2578 2587/2587/2587 2588/2588/2588
f 2589/2589/2589 2580/2580/2580 2579/2579/2579
f 2579/2579/2579 2588/2588/2588 2589/2589/2589
f 2580/2580/2580 2589/2589/2589 2590/2590/2590
f 2597/2597/2597 2588/2588/2588 2587/2587/2587
f 2598/2598/2598 2589/2589/2589 2588/2588/2588
f 2588/2588/2588 2597/2597/2597 2598/2598/2598
f 2599/2599/2599 2590/2590/2590 2589/2589/2589
f 2589/2589/2589 2598/2598/2598 2599/2599/2599
f 2587/2587/2587 2596/2596/2596 2597/2597/2597
f 2596/2596/2596 2587/2587/2587 2586/2586/2586
f 2590/2590/2590 2599/2599/2599 2600/2600/2600
f 2600/2600/2600 2591/2591/2591 2590/2590/2590
f 2586/2586/2586 2595/2595/2595 2596/2596/2596
f 2595/2595/2595 2586/2586/2586 2584/2584/2584
f 2591/2591/2591 2600/2600/2600 2601/2601/2601
f 2601/2601/2601 2592/2592/2592 2591/2591/2591
f 2584/2584/2584 2593/2593/2593 2595/2595/2595
f 2593/2593/2593 2584/2584/2584 2585/2585/2585
f 2594/2594/2594 2585/2585/2585 2592/2592/2592
f 2585/2585/2585 2594/2594/2594 2593/2593/2593
f 2592/2592/2592 2601/2601/2601 2594/2594/2594
f 2604/2604/2604 2595/2595/2595 2593/2593/2593
f 2602/2602/2602 2593/2593/2593 2594/2594/2594
f 2593/2593/2593 2602/2602/2602 2604/2604/2604
f 2603/2603/2603 2594/2594/2594 2601/2601/2601
f 2594/2594/2594 2603/2603/2603 2602/2602/2602
f 2610/2610/2610 2601/2601/2601 2600/2600/2600
f 2601/2601/2601 2610/2610/2610 2603/2603/2603
f 2609/2609/2609 2600/2600/2600 2599/2599/2599
f 2600/2600/2600 2609/2609/2609 2610/2610/2610
f 2611/2611/2611 2602/2602/2602 2603/2603/2603
f 2612/2612/2612 2603/2603/2603 2610/2610/2610
f 2603/2603/2603 2612/2612/2612 2611/2611/2611
f 2619/2619/2619 2610/2610/2610 2609/2609/2609
f 2610/2610/2610 2619/2619/2619 2612/2612/2612
f 2599/2599/2599 2608/2608/2608 2609/2609/2609
f 2608/2608/2608 2599/2599/2599 2598/2598/2598
f 2609/2609/2609 2618/2618/2618 2619/2619/2619
f 2618/2618/2618 2609/2609/2609 2608/2608/2608
f 2598/2598/2598 2607/2607/2607 2608/2608/2608
f 2607/2607/2607 2598/2598/2598 2597/2597/2597
f 2608/2608/2608 2617/2617/2617 2618/2618/2618
f 2617/2617/2617 2608/2608/2608 2607/2607/2607
f 2597/2597/2597 2606/2606/2606 2607/2607/2607
f 2606/2606/2606 2597/2597/2597 2596/2596/2596
f 2607/2607/2607 2616/2616/2616 2617/2617/2617
f 2616/2616/2616 2607/2607/2607 2606/2606/2606
f 2605/2605/2605 2596/2596/2596 2595/2595/2595
f 2596/2596/2596 2605/2605/2605 2606/2606/2606
f 2595/2595/2595 2604/2604/2604 2605/2605/2605
f 2606/2606/2606 2615/2615/2615 2616/2616/2616
f 2615/2615/2615 2606/2606/2606 2605/2605/2605
f 2614/2614/2614 2605/2605/2605 2604/2604/2604
f 2605/2605/2605 2614/2614/2614 2615/2615/2615
f 2613/2613/2613 2604/2604/2604 2602/2602/2602
f 2604/2604/2604 2613/2613/2613 2614/2614/2614
f 2602/2602/2602 2611/2611/2611 2613/2613/2613
f 2624/2624/2624 2615/2615/2615 2614/2614/2614
f 2623/2623/2623 2614/2614/2614 2613/2613/2613
f 2614/2614/2614 2623/2623/2623 2624/2624/2624
f 2622/2622/2622 2613/2613/2613 2611/2611/2611
f 2613/2613/2613 2622/2622/2622 2623/2623/2623
f 2615/2615/2615 2624/2624/2624 2625/2625/2625
f 2625/2625/2625 2616/2616/2616 2615/2615/2615
f 2633/2633/2633 2624/2624/2624 2623/2623/2623
f 2616/2616/2616 2625/2625/2625 2626/2626/2626
f 2626/2626/2626 2617/2617/2617 2616/2616/2616
f 2634/2634/2634 2625/2625/2625 2624/2624/2624
f 2624/2624/2624 2633/2633/2633 2634/2634/2634
f 2635/2635/2635 2626/2626/2626 2625/2625/2625
f 2625/2625/2625 2634/2634/2634 2635/2635/2635
f 2617/2617/2617 2626/2626/2626 2627/2627/2627
f 2627/2627/2627 2618/2618/2618 2617/2617/2617
f 2626/2626/2626 2635/2635/2635 2636/2636/2636
f 2636/2636/2636 2627/2627/2627 2626/2626/2626
f 2618/2618/2618 2627/2627/2627 2628/2628/2628
f 2628/2628/2628 2619/2619/2619 2618/2618/2618
f 2627/2627/2627 2636/2636/2636 2637/2637/2637
f 2637/2637/2637 2628/2628/2628 2627/2627/2627
f 2619/2619/2619 2628/2628/2628 2621/2621/2621
f 2621/2621/2621 2612/2612/2612 2619/2619/2619
f 2628/2628/2628 2637/2637/2637 2630/2630/2630
f 2630/2630/2630 2621/2621/2621 2628/2628/2628
f 2620/2620/2620 2611/2611/2611 2612/2612/2612
f 2612/2612/2612 2621/2621/2621 2620/2620/2620
f 2611/2611/2611 2620/2620/2620 2622/2622/2622
f 2621/2621/2621 2630/2630/2630 2629/2629/2629
f 2629/2629/2629 2620/2620/2620 2621/2621/2621
f 2631/2631/2631 2622/2622/2622 2620/2620/2620
f 2620/2620/2620 2629/2629/2629 2631/2631/2631
f 2632/2632/2632 2623/2623/2623 2622/2622/2622
f 2622/2622/2622 2631/2631/2631 2632/2632/2632
f 2623/2623/2623 2632/2632/2632 2633/2633/2633
f 2640/2640/2640 2631/2631/2631 2629/2629/2629
f 2641/2641/2641 2632/2632/2632 2631/2631/2631
f 2631/2631/2631 2640/2640/2640 2641/2641/2641
f 2642/2642/2642 2633/2633/2633 2632/2632/2632
f 2632/2632/2632 2641/2641/2641 2642/2642/2642
f 2629/2629/2629 2638/2638/2638 2640/2640/2640
f 2638/2638/2638 2629/2629/2629 2630/2630/2630
f 2633/2633/2633 2642/2642/2642 2643/2643/2643
f 2643/2643/2643 2634/2634/2634 2633/2633/2633
f 2630/2630/2630 2639/2639/2639 2638/2638/2638
f 2639/2639/2639 2630/2630/2630 2637/2637/2637
f 2634/2634/2634 2643/2643/2643 2644/2644/2644
f 2644/2644/2644 2635/2635/2635 2634/2634/2634
f 2637/2637/2637 2646/2646/2646 2639/2639/2639
f 2646/2646/2646 2637/2637/2637 2636/2636/2636
f 2645/2645/2645 2636/2636/2636 2635/2635/2635
f 2636/2636/2636 2645/2645/2645 2646/2646/2646
f 2635/2635/2635 2644/2644/2644 2645/2645/2645
f 2648/2648/2648 2639/2639/2639 2646/2646/2646
f 2655/2655/2655 2646/2646/2646 2645/2645/2645
f 2646/2646/2646 2655/2655/2655 2648/2648/2648
f 2654/2654/2654 2645/2645/2645 2644/2644/2644
f 2645/2645/2645 2654/2654/2654 2655/2655/2655
f 2653/2653/2653 2644/2644/2644 2643/2643/2643
f 2644/2644/2644 2653/2653/2653 2654/2654/2654
f 2652/2652/2652 2643/2643/2643 2642/2642/2642
f 2643/2643/2643 2652/2652/2652 2653/2653/2653
f 2664/2664/2664 2655/2655/2655 2654/2654/2654
f 2663/2663/2663 2654/2654/2654 2653/2653/2653
f 2654/2654/2654 2663/2663/2663 2664/2664/2664
f 2662/2662/2662 2653/2653/2653 2652/2652/2652
f 2653/2653/2653 2662/2662/2662 2663/2663/2663
f 2642/2642/2642 2651/2651/2651 2652/2652/2652
f 2651/2651/2651 2642/2642/2642 2641/2641/2641
f 2652/2652/2652 2661/2661/2661 2662/2662/2662
f 2661/2661/2661 2652/2652/2652 2651/2651/2651
f 2641/2641/2641 2650/2650/2650 2651/2651/2651
f 2650/2650/2650 2641/2641/2641 2640/2640/2640
f 2651/2651/2651 2660/2660/2660 2661/2661/2661
f 2660/2660/2660 2651/2651/2651 2650/2650/2650
f 2640/2640/2640 2649/2649/2649 2650/2650/2650
f 2649/2649/2649 2640/2640/2640 2638/2638/2638
f 2650/2650/2650 2659/2659/2659 2660/2660/2660
f 2659/2659/2659 2650/2650/2650 2649/2649/2649
f 2647/2647/2647 2638/2638/2638 2639/2639/2639
f 2638/2638/2638 2647/2647/2647 2649/2649/2649
f 2639/2639/2639 2648/2648/2648 2647/2647/2647
f 2649/2649/2649 2658/2658/2658 2659/2659/2659
f 2658/2658/2658 2649/2649/2649 2647/2647/2647
f 2656/2656/2656 2647/2647/2647 2648/2648/2648
f 2647/2647/2647 2656/2656/2656 2658/2658/2658
f 2657/2657/2657 2648/2648/2648 2655/2655/2655
f 2648/2648/2648 2657/2657/2657 2656/2656/2656
f 2655/2655/2655 2664/2664/2664 2657/2657/2657
f 2667/2667/2667 2658/2658/2658 2656/2656/2656
f 2665/2665/2665 2656/2656/2656 2657/2657/2657
f 2656/2656/2656 2665/2665/2665 2667/2667/2667
f 2666/2666/2666 2657/2657/2657 2664/2664/2664
f 2657/2657/2657 2666/2666/2666 2665/2665/2665
f 2658/2658/2658 2667/2667/2667 2668/2668/2668
f 2668/2668/2668 2659/2659/2659 2658/2658/2658
f 2676/2676/2676 2667/2667/2667 2665/2665/2665
f 2659/2659/2659 2668/2668/2668 2669/2669/2669
f 2669/2669/2669 2660/2660/2660 2659/2659/2659
f 2677/2677/2677 2668/2668/2668 2667/2667/2667
f 2667/2667/2667 2676/2676/2676 2677/2677/2677
f 2678/2678/2678 2669/2669/2669 2668/2668/2668
f 2668/2668/2668 2677/2677/2677 2678/2678/2678
f 2660/2660/2660 2669/2669/2669 2670/2670/2670
f 2670/2670/2670 2661/2661/2661 2660/2660/2660
f 2669/2669/2669 2678/2678/2678 2679/2679/2679
f 2679/2679/2679 2670/2670/2670 2669/2669/2669
f 2661/2661/2661 2670/2670/2670 2671/2671/2671
f 2671/2671/2671 2662/2662/2662 2661/2661/2661
f 2670/2670/2670 2679/2679/2679 2680/2680/2680
f 2680/2680/2680 2671/2671/2671 2670/2670/2670
f 2662/2662/2662 2671/2671/2671 2672/2672/2672
f 2672/2672/2672 2663/2663/2663 2662/2662/2662
f 2671/2671/2671 2680/2680/2680 2681/2681/2681
f 2681/2681/2681 2672/2672/2672 2671/2671/2671
f 2673/2673/2673 2664/2664/2664 2663/2663/2663
f 2663/2663/2663 2672/2672/2672 2673/2673/2673
f 2664/2664/2664 2673/2673/2673 2666/2666/2666
f 2672/2672/2672 2681/2681/2681 2682/2682/2682
f 2682/2682/2682 2673/2673/2673 2672/2672/2672
f 2675/2675/2675 2666/2666/2666 2673/2673/2673
f 2673/2673/2673 2682/2682/2682 2675/2675/2675
f 2674/2674/2674 2665/2665/2665 2666/2666/2666
f 2666/2666/2666 2675/2675/2675 2674/2674/2674
f 2665/2665/2665 2674/2674/2674 2676/2676/2676
f 2684/2684/2684 2675/2675/2675 2682/2682/2682
f 2683/2683/2683 2674/2674/2674 2675/2675/2675
f 2675/2675/2675 2684/2684/2684 2683/2683/2683
f 2685/2685/2685 2676/2676/2676 2674/2674/2674
f 2674/2674/2674 2683/2683/2683 2685/2685/2685
f 2682/2682/2682 2691/2691/2691 2684/2684/2684
f 2691/2691/2691 2682/2682/2682 2681/2681/2681
f 2676/2676/2676 2685/2685/2685 2686/2686/2686
f 2686/2686/2686 2677/2677/2677 2676/2676/2676
f 2681/2681/2681 2690/2690/2690 2691/2691/2691
f 2690/2690/2690 2681/2681/2681 2680/2680/2680
f 2677/2677/2677 2686/2686/2686 2687/2687/2687
f 2687/2687/2687 2678/2678/2678 2677/2677/2677
f 2680/2680/2680 2689/2689/2689 2690/2690/2690
f 2689/2689/2689 2680/2680/2680 2679/2679/2679
f 2688/2688/2688 2679/2679/2679 2678/2678/2678
f 2679/2679/2679 2688/2688/2688 2689/2689/2689
f 2678/2678/2678 2687/2687/2687 2688/2688/2688
f 2699/2699/2699 2690/2690/2690 2689/2689/2689
f 2698/2698/2698 2689/2689/2689 2688/2688/2688
f 2689/2689/2689 2698/2698/2698 2699/2699/2699
f 2697/2697/2697 2688/2688/2688 2687/2687/2687
f 2688/2688/2688 2697/2697/2697 2698/2698/2698
f 2696/2696/2696 2687/2687/2687 2686/2686/2686
f 2687/2687/2687 2696/2696/2696 2697/2697/2697
f 2695/2695/2695 2686/2686/2686 2685/2685/2685
f 2686/2686/2686 2695/2695/2695 2696/2696/2696
f 2707/2707/2707 2698/2698/2698 2697/2697/2697
f 2706/2706/2706 2697/2697/2697 2696/2696/2696
f 2697/2697/2697 2706/2706/2706 2707/2707/2707
f 2705/2705/2705 2696/2696/2696 2695/2695/2695
f 2696/2696/2696 2705/2705/2705 2706/2706/2706
f 2685/2685/2685 2694/2694/2694 2695/2695/2695
f 2694/2694/2694 2685/2685/2685 2683/2683/2683
f 2695/2695/2695 2704/2704/2704 2705/2705/2705
f 2704/2704/2704 2695/2695/2695 2694/2694/2694
f 2683/2683/2683 2692/2692/2692 2694/2694/2694
f 2692/2692/2692 2683/2683/2683 2684/2684/2684
f 2694/2694/2694 2703/2703/2703 2704/2704/2704
f 2703/2703/2703 2694/2694/2694 2692/2692/2692
f 2684/2684/2684 2693/2693/2693 2692/2692/2692
f 2693/2693/2693 2684/2684/2684 2691/2691/2691
f 2692/2692/2692 2701/2701/2701 2703/2703/2703
f 2701/2701/2701 2692/2692/2692 2693/2693/2693
f 2700/2700/2700 2691/2691/2691 2690/2690/2690
f 2691/2691/2691 2700/2700/2700 2693/2693/2693
f 2690/2690/2690 2699/2699/2699 2700/2700/2700
f 2693/2693/2693 2702/2702/2702 2701/2701/2701
f 2702/2702/2702 2693/2693/2693 2700/2700/2700
f 2709/2709/2709 2700/2700/2700 2699/2699/2699
f 2700/2700/2700 2709/2709/2709 2702/2702/2702
f 2708/2708/2708 2699/2699/2699 2698/2698/2698
f 2699/2699/2699 2708/2708/2708 2709/2709/2709
f 2698/2698/2698 2707/2707/2707 2708/2708/2708
f 2711/2711/2711 2702/2702/2702 2709/2709/2709
f 2718/2718/2718 2709/2709/2709 2708/2708/2708
f 2709/2709/2709 2718/2718/2718 2711/2711/2711
f 2717/2717/2717 2708/2708/2708 2707/2707/2707
f 2708/2708/2708 2717/2717/2717 2718/2718/2718
f 2702/2702/2702 2711/2711/2711 2710/2710/2710
f 2710/2710/2710 2701/2701/2701 2702/2702/2702
f 2720/2720/2720 2711/2711/2711 2718/2718/2718
f 2718/2718/2718 2727/2727/2727 2720/2720/2720
f 2727/2727/2727 2718/2718/2718 2717/2717/2717
f 2711/2711/2711 2720/2720/2720 2719/2719/2719
f 2719/2719/2719 2710/2710/2710 2711/2711/2711
f 2717/2717/2717 2726/2726/2726 2727/2727/2727
f 2710/2710/2710 2719/2719/2719 2721/2721/2721
f 2726/2726/2726 2717/2717/2717 2716/2716/2716
f 2707/2707/2707 2716/2716/2716 2717/2717/2717
f 2716/2716/2716 2707/2707/2707 2706/2706/2706
f 2716/2716/2716 2725/2725/2725 2726/2726/2726
f 2721/2721/2721 2712/2712/2712 2710/2710/2710
f 2701/2701/2701 2710/2710/2710 2712/2712/2712
f 2712/2712/2712 2703/2703/2703 2701/2701/2701
f 2712/2712/2712 2721/2721/2721 2722/2722/2722
f 2725/2725/2725 2716/2716/2716 2715/2715/2715
f 2706/2706/2706 2715/2715/2715 2716/2716/2716
f 2715/2715/2715 2706/2706/2706 2705/2705/2705
f 2715/2715/2715 2724/2724/2724 2725/2725/2725
f 2722/2722/2722 2713/2713/2713 2712/2712/2712
f 2703/2703/2703 2712/2712/2712 2713/2713/2713
f 2713/2713/2713 2704/2704/2704 2703/2703/2703
f 2713/2713/2713 2722/2722/2722 2723/2723/2723
f 2714/2714/2714 2705/2705/2705 2704/2704/2704
f 2704/2704/2704 2713/2713/2713 2714/2714/2714
f 2705/2705/2705 2714/2714/2714 2715/2715/2715
f 2723/2723/2723 2714/2714/2714 2713/2713/2713
f 2724/2724/2724 2715/2715/2715 2714/2714/2714
f 2714/2714/2714 2723/2723/2723 2724/2724/2724
f 2730/2730/2730 2729/2729/2729 2728/2728/2728
f 2729/2729/2729 2737/2737/2737 2728/2728/2728
f 2731/2731/2731 2730/2730/2730 2728/2728/2728
f 2737/2737/2737 2736/2736/2736 2728/2728/2728
f 2732/2732/2732 2731/2731/2731 2728/2728/2728
f 2736/2736/2736 2735/2735/2735 2728/2728/2728
f 2733/2733/2733 2732/2732/2732 2728/2728/2728
f 2735/2735/2735 2734/2734/2734 2728/2728/2728
f 2734/2734/2734 2733/2733/2733 2728/2728/2728
