# VPXTOOL table OBJ file
# VPXTOOL OBJ file
# numVerts: 2338 numFaces: 3862
o PinCab_Key
v 513.3741 232.65788 8.829102
v 513.3741 232.53145 -2.1074219
v 513.3803 213.58168 -1.8879395
v 513.38043 213.70805 9.048584
v 517.488 213.4648 -2.2563477
v 513.69507 213.4185 -2.2558594
v 515.1617 214.58336 -2.2590332
v 517.474 214.61162 -2.2597656
v 513.68604 213.43279 -2.2753906
v 517.4939 214.61198 -2.2797852
v 515.152 214.60332 -2.2790527
v 515.17456 214.60362 -2.2392578
v 515.1465 214.62144 -2.2575684
v 514.6541 214.61226 -6.0117188
v 517.4737 214.6317 -2.239746
v 515.1755 214.64146 3.6958008
v 515.14655 214.65907 3.7070313
v 517.47455 214.66954 3.6953125
v 514.8959 215.18117 -2.208252
v 515.16895 214.65547 3.7302246
v 514.83356 215.20491 4.265869
v 517.476 214.67723 3.7016602
v 514.857 215.20226 4.2888184
v 517.42163 214.68303 3.7294922
v 516.67017 214.98915 4.0495605
v 517.47516 214.6392 -2.2600098
v 516.7123 214.98405 4.0217285
v 516.7114 214.94402 -2.2600098
v 516.0781 215.42235 4.4970703
v 516.1096 215.4168 4.466797
v 516.1083 215.37236 -2.5561523
v 516.73816 215.02449 -5.8466797
v 515.7332 215.85478 4.9140625
v 514.5153 215.69057 4.7890625
v 515.70905 215.85844 4.94458
v 515.732 215.80455 -3.0012207
v 514.4875 215.6953 4.769287
v 516.14044 215.48839 -6.1394043
v 514.55994 215.6754 -2.1564941
v 514.06604 216.09813 5.20874
v 514.077 216.07256 -2.104004
v 514.0331 216.10283 5.1901855
v 515.45447 216.51103 5.6103516
v 513.6265 216.40227 5.522949
v 515.4693 216.52577 5.5976563
v 515.46796 216.46812 -3.4853516
v 515.78265 215.89006 -6.4296875
v 513.6014 216.4149 5.555664
v 513.5983 216.40288 5.5
v 513.59784 216.34435 -2.0529785
v 515.4494 216.52489 5.644287
v 513.5796 216.37416 -2.0488281
v 515.4685 216.54607 5.661865
v 513.58057 216.43364 5.55542
v 515.4689 216.56194 8.153809
v 515.44977 216.54082 8.156494
v 515.4336 217.41362 7.2250977
v 513.6017 216.43596 8.246582
v 515.43195 217.34288 -3.925537
v 513.62396 216.42381 8.280273
v 515.50006 216.56718 -6.7387695
v 515.4547 216.52776 8.190674
v 513.5818 216.43517 8.29126
v 515.4697 216.54231 8.203613
v 513.58093 216.45473 8.246094
v 514.0433 216.11284 8.624512
v 513.56274 216.87648 7.786133
v 515.4714 216.61229 19.22705
v 515.7338 215.88023 8.927734
v 515.7099 215.88338 8.8967285
v 515.7353 215.94072 18.45337
v 516.1105 215.44798 9.401123
v 514.4694 215.70348 9.07666
v 516.0799 215.45262 9.371094
v 514.01227 216.11717 8.643799
v 516.7132 215.02132 9.87207
v 514.4422 215.70775 9.097412
v 516.11206 215.502 17.94629
v 514.806 215.22197 9.605713
v 516.6726 215.02544 9.844482
v 516.7143 215.06953 17.442871
v 517.1062 214.86565 10.048584
v 515.1933 214.68614 10.195068
v 517.07416 214.86247 10.027344
v 514.7819 215.2246 9.62915
v 517.13556 214.81273 10.110596
v 517.1072 214.91158 17.253906
v 516.67596 215.07323 17.470459
v 517.0762 214.9088 17.275635
v 516.08295 215.506 17.976318
v 515.7118 215.94374 18.485107
v 514.7286 215.252 17.703613
v 514.372 215.7307 18.259277
v 515.19495 214.73021 17.097168
v 517.1162 214.85637 17.214844
v 517.08057 214.76732 17.113281
v 517.1366 214.85783 17.187012
v 517.10486 214.79466 17.143799
v 517.12396 214.78941 17.110596
v 517.0774 214.74995 17.071045
v 517.1229 214.74522 10.182129
v 517.1151 214.81078 10.0842285
v 517.07635 214.70625 10.219727
v 517.1039 214.75047 10.149902
v 517.07965 214.72371 10.178711
v 515.17633 214.68303 10.218262
v 515.1442 214.69847 10.207031
v 515.17737 214.72676 17.07373
v 515.1453 214.74236 17.084717
v 514.7044 215.25414 17.679443
v 514.3466 215.73402 18.236084
v 513.9784 216.15587 18.753662
v 513.9515 216.1591 18.731445
v 515.4513 216.61143 19.256348
v 513.6045 216.52141 19.1792
v 513.5832 216.52019 19.149902
v 513.5839 216.97935 19.706055
v 515.4383 217.50597 20.269287
v 515.4158 217.49089 20.267334
v 513.5642 216.97368 19.66919
v 515.4156 217.49565 20.27295
v 513.5652 217.42833 20.222168
v 513.54364 217.31563 6.979004
v 515.41583 217.50633 21.959717
v 513.5625 216.86183 5.9902344
v 513.54486 217.43755 20.220215
v 513.5615 216.7965 -1.9992676
v 513.5426 217.23885 -1.9470215
v 513.5237 217.68114 -1.8950195
v 513.598 216.26366 -5.8742676
v 513.5654 217.44365 22.016113
v 513.5447 217.46263 21.99585
v 513.5253 217.96425 20.948242
v 513.5455 217.44334 22.0708
v 513.5659 217.43217 22.052246
v 515.4386 217.51677 21.983398
v 515.4163 217.49495 21.995605
v 513.58466 216.99434 22.667969
v 515.6382 218.1916 21.0625
v 515.472 216.63768 23.234375
v 515.6345 218.03203 -4.118164
v 515.45087 216.64146 23.195313
v 515.46533 217.41173 -7.0134277
v 513.6078 216.54607 23.29834
v 515.53217 216.66621 -9.991699
v 513.5646 216.9984 22.696533
v 515.8334 215.9756 -9.858154
v 513.5661 217.09917 35.02539
v 516.17255 215.60442 -9.723633
v 513.5473 217.55461 35.55493
v 516.76495 215.10503 -9.43335
v 516.2047 215.72044 -13.307129
v 517.47485 214.65538 -5.8898926
v 516.7917 215.18547 -13.02002
v 517.4747 214.6715 -9.52002
v 517.4929 214.62654 -5.899658
v 517.4919 214.64122 -9.535156
v 517.4746 214.68745 -13.1501465
v 517.50793 213.4622 -2.2766113
v 516.7748 215.45222 -13.6640625
v 515.8841 216.06114 -13.286865
v 517.4909 214.65794 -13.167236
v 517.47046 214.96605 -13.777588
v 517.5148 212.8224 -6.720703
v 517.48737 214.93633 -13.789795
v 517.5216 212.17973 -11.18457
v 517.5283 211.54936 -15.632568
v 517.47345 216.0551 -14.849609
v 516.7072 216.34422 -14.628906
v 517.455 216.07915 -14.834473
v 516.7074 216.7437 -15.222656
v 517.4682 216.4734 -15.42041
v 517.4495 216.4983 -15.408203
v 517.5219 212.04747 -17.20337
v 517.46265 216.91054 -16.323242
v 516.7605 217.17955 -16.148926
v 517.4441 216.9351 -16.310303
v 516.0312 217.03203 -14.777344
v 515.5644 216.76524 -13.245117
v 515.4988 217.4806 -10.101074
v 515.53217 217.54942 -13.188477
v 516.5601 217.43834 -16.347168
v 515.66095 218.0767 -7.126709
v 516.5078 217.69041 -16.546143
v 515.9406 217.84398 -14.662842
v 515.6873 218.12144 -10.134766
v 515.7138 218.16618 -13.143066
v 516.89087 217.69426 -16.935059
v 516.01825 218.40648 -13.1171875
v 516.2255 218.25829 -14.641357
v 516.379 218.11464 -15.213379
v 516.04297 218.49913 -10.118652
v 516.6664 218.79485 -13.112061
v 516.7168 218.54924 -14.625244
v 516.49 217.94426 -16.547363
v 516.7558 218.41264 -16.10913
v 516.8666 218.10979 -16.853027
v 517.43616 217.60503 -17.250977
v 517.42737 218.3224 -17.092285
v 517.4226 218.67253 -16.186035
v 517.4541 217.59386 -17.275635
v 517.445 218.34071 -17.110352
v 517.4408 218.70079 -16.186768
v 517.4209 218.85081 -14.671387
v 517.439 218.87898 -14.671143
v 517.39606 222.34581 -17.422852
v 517.3964 222.34245 -15.936035
v 517.436 219.15007 -13.15625
v 517.3968 222.3391 -14.449219
v 517.41797 219.1219 -13.156494
v 517.41724 219.23726 -10.14917
v 517.4353 219.26518 -10.148926
v 517.39716 222.33574 -12.962402
v 516.6641 218.91145 -10.1171875
v 517.4346 219.38048 -7.1416016
v 516.0676 218.59178 -7.120117
v 517.41644 219.35265 -7.1418457
v 516.6619 219.02809 -7.1220703
v 516.09235 218.6845 -4.1220703
v 517.4157 219.468 -4.1342773
v 516.65967 219.1447 -4.1271973
v 515.6421 218.36082 47.75049
v 516.66754 219.48567 49.722046
v 516.10016 219.01875 48.627197
v 517.4338 219.4958 -4.1342773
v 517.3834 219.81206 50.291748
v 517.40155 219.8402 50.32422
v 517.4254 220.1841 -4.1271973
v 516.63354 219.48106 49.73999
v 517.40186 220.1938 50.829468
v 517.372 219.81447 50.318604
v 517.41675 220.89226 -4.119385
v 516.0731 219.0114 48.65039
v 517.3979 222.32677 -10.01001
v 515.61774 218.3528 47.771484
v 513.5319 219.04436 48.751465
v 513.547 218.30211 47.765137
v 513.5341 219.05382 48.75537
v 513.5273 218.29619 47.726807
v 513.5049 219.04008 48.71753
v 513.5682 217.66301 47.093018
v 513.54846 217.65611 47.05786
v 515.4187 217.66109 47.06372
v 513.5873 217.19884 46.607666
v 513.50476 218.12346 -1.8435059
v 513.5479 217.61742 42.454834
v 513.56757 217.19359 46.573486
v 513.48663 218.54582 -1.793457
v 513.4924 219.03065 48.731445
v 513.5097 219.05278 48.72876
v 513.50415 218.5736 -1.7915039
v 514.6536 219.51213 49.81775
v 514.6153 219.50237 49.77539
v 517.3819 220.18877 50.85315
v 515.3795 220.17894 50.85791
v 517.4254 221.2076 51.821533
v 517.4054 221.19768 51.84082
v 515.3525 220.16508 50.816406
v 517.4081 221.60051 -4.1120605
v 514.6094 219.04637 -1.7849121
v 515.5739 221.93834 52.65027
v 515.3458 219.74669 -1.7890625
v 517.41644 221.95934 52.625366
v 514.61285 219.1876 -5.689453
v 517.3965 221.95934 52.65503
v 513.5016 218.7115 -5.6970215
v 515.5539 221.93742 52.619995
v 513.4842 218.68376 -5.6984863
v 515.5672 222.5153 53.33716
v 513.499 218.84932 -9.602539
v 514.6164 219.3289 -9.594727
v 515.27563 219.80968 -5.6953125
v 515.5575 220.64598 -1.8918457
v 513.4816 218.82158 -9.603516
v 515.54706 222.51466 53.30542
v 513.49646 218.98723 -13.508057
v 515.5406 222.023 -2.305664
v 514.6199 219.4702 -13.499512
v 515.4648 220.58061 -5.715088
v 515.2055 219.8726 -9.601318
v 515.3721 220.51521 -9.538574
v 515.45087 221.71605 -5.933838
v 515.22205 223.16267 -2.8171387
v 515.2793 220.44981 -13.362061
v 515.1671 222.71092 -6.1984863
v 515.13525 219.9356 -13.507568
v 515.36115 221.4091 -9.562012
v 515.27136 221.1021 -13.189941
v 515.1434 220.41246 -14.706543
v 515.138 221.14882 -14.564697
v 515.02783 219.86784 -14.843506
v 515.0573 221.80739 -12.961426
v 514.60095 219.49388 -14.880615
v 514.9608 221.7487 -14.397705
v 513.4957 219.02263 -14.944824
v 514.59595 219.87703 -16.345947
v 513.47894 218.95943 -13.508301
v 513.49023 219.44218 -16.54956
v 513.4786 218.99474 -14.9470215
v 513.6213 215.76985 -9.724365
v 513.6522 214.65111 -13.516602
v 513.6147 216.231 -5.876953
v 513.6381 215.73705 -9.724365
v 513.9893 215.9326 -5.9101563
v 513.66736 214.67961 -13.307861
v 514.23 215.52672 -5.944336
v 513.91315 215.52596 -9.715088
v 514.47894 215.11732 -5.9780273
v 513.6551 214.6338 -13.49707
v 514.04694 215.30351 -9.731934
v 513.6556 214.63213 -13.49707
v 514.1348 214.96635 -9.748047
v 513.6688 214.63005 -13.3984375
v 514.15356 214.62129 -9.76416
v 513.68024 213.8347 -6.0092773
v 513.6745 214.23872 -9.763184
v 513.6705 213.41362 -2.2875977
v 513.6648 213.80354 -6.022217
v 513.65906 214.20757 -9.775879
v 513.65326 214.61162 -13.529297
v 513.67725 212.7755 -6.7194824
v 513.6841 212.1328 -11.183594
v 513.65283 214.64479 -13.530518
v 513.69086 211.50053 -15.628906
v 513.63245 216.28807 -15.08667
v 513.7185 209.3369 -9.9123535
v 513.4732 219.41393 -16.551025
v 513.6236 216.99107 -16.314453
v 513.4732 219.43242 -16.582764
v 513.6843 212.00078 -17.202148
v 513.48145 220.14351 -17.480713
v 513.61646 217.55516 -17.260254
v 514.58984 220.36424 -16.992676
v 513.46466 220.1132 -17.486572
v 514.5798 221.19487 -16.891113
v 513.5094 219.35966 -17.419922
v 513.46313 220.14192 -17.508545
v 513.4655 221.45195 -17.320313
v 513.5638 221.3972 -43.036865
v 514.5701 222.00743 -15.6171875
v 513.45404 222.41924 -15.803955
v 514.5627 222.38344 -14.202148
v 513.4494 222.82408 -14.281982
v 514.5825 222.54362 -12.698242
v 513.43567 222.44646 -15.811035
v 515.11224 222.25914 -9.57959
v 513.4475 223.00371 -12.75708
v 514.57056 223.07878 -9.616211
v 514.5586 223.61394 -6.5339355
v 513.431 222.85112 -14.286621
v 513.4418 223.53395 -9.668945
v 513.42914 223.0308 -12.761719
v 514.54663 224.1491 -3.4519043
v 513.43604 224.06416 -6.5805664
v 513.4234 223.56136 -9.671143
v 513.46735 229.82497 -14.06665
v 513.46594 230.01039 -10.162842
v 513.41766 224.09203 -6.580078
v 513.46765 229.77199 -15.503906
v 513.4435 231.79753 -12.922607
v 513.43024 224.5944 -3.4921875
v 515.2321 223.39183 54.47888
v 513.4387 224.93315 55.092407
v 515.2539 223.3922 54.505005
v 514.5577 224.32185 55.017822
v 514.5873 224.32231 55.039063
v 513.41187 224.62224 -3.4887695
v 513.44745 224.942 55.113647
v 513.421 224.96153 55.092407
v 517.3677 224.35982 55.04004
v 513.4346 225.2285 55.072266
v 517.3791 223.42015 54.492676
v 513.41907 225.42747 -3.3303223
v 517.3894 222.54924 53.322998
v 513.4545 225.22859 55.093506
v 517.40936 222.54945 53.29077
v 517.399 223.42021 54.465088
v 517.3995 222.30876 -4.104492
v 517.39105 222.99648 -4.064453
v 517.38763 224.35985 55.018433
v 517.3987 222.31773 -7.057129
v 517.3827 223.68413 -4.02417
v 517.3678 224.84416 -7.078369
v 517.3745 224.35182 -3.9851074
v 517.3803 224.96294 55.101685
v 517.3611 225.33656 -10.172607
v 517.348 224.98277 55.12439
v 517.3611 224.98894 55.104248
v 517.3557 224.3792 -3.9836426
v 516.21063 225.2531 55.088257
v 516.2474 225.25334 55.06726
v 516.2394 224.82506 -3.9487305
v 517.34906 224.87175 -7.078125
v 515.57263 226.1851 54.62085
v 515.55066 226.18517 54.64453
v 517.35443 225.82909 -13.266602
v 517.3424 225.36433 -10.172607
v 517.3521 225.98994 -14.793457
v 517.3357 225.85692 -13.267578
v 516.2265 225.32256 -7.036865
v 517.34705 226.3745 -16.322021
v 516.2136 225.82014 -10.125244
v 517.3333 226.01796 -14.794189
v 515.67194 226.64012 -10.098877
v 516.20074 226.3177 -13.213867
v 516.2201 226.45955 -14.719482
v 515.61804 226.22963 -6.712158
v 515.7258 227.0507 -13.485596
v 515.4231 227.4904 -10.091553
v 515.5641 225.81914 -3.3254395
v 515.3344 227.22765 -6.4594727
v 515.5117 227.7531 -13.723145
v 515.25397 227.32054 53.396973
v 515.2457 226.96489 -2.828125
v 515.4121 228.38448 -10.079102
v 515.32056 228.36565 -6.254883
v 515.22894 228.34685 -2.4311523
v 515.82196 227.09184 -14.922852
v 515.50964 229.13676 -6.2441406
v 516.2123 226.81828 -16.13916
v 515.64465 227.68965 -15.096924
v 515.5038 228.40324 -13.902344
v 517.32825 226.40422 -16.321045
v 516.2022 227.61528 -17.422852
v 515.6393 228.42424 -15.247559
v 515.57874 229.02623 -10.149414
v 515.6477 228.9157 -14.054443
v 517.33514 227.32384 -17.85376
v 517.3163 227.35295 -17.848877
v 516.1921 228.44456 -17.534424
v 515.75476 228.96712 -15.391113
v 516.1862 228.93962 -16.893799
v 517.30035 228.65935 -18.025146
v 516.16315 229.38115 -14.052734
v 516.18164 229.34062 -15.433105
v 517.2919 229.37193 -17.102783
v 517.28687 229.81108 -15.503662
v 516.1678 229.56999 -10.149414
v 517.28656 229.864 -14.067627
v 517.28516 230.04942 -10.163574
v 516.1725 229.7589 -6.246582
v 517.30457 229.89229 -14.055664
v 517.28375 230.23488 -6.260254
v 517.3032 230.07765 -10.155273
v 517.3018 230.26292 -6.2558594
v 517.30493 229.83873 -15.50708
v 517.281 231.8444 -12.923584
v 517.2815 231.86772 -9.406494
v 517.30994 229.39989 -17.110107
v 517.2704 232.65688 -15.900391
v 517.3185 228.68254 -18.040527
v 517.25946 233.51707 -17.878174
v 517.26086 231.86305 -12.912598
v 517.3187 228.66057 -18.053467
v 517.25024 232.67894 -15.903564
v 517.33484 227.3462 -17.87622
v 517.26135 231.8875 -9.3984375
v 517.367 224.2545 -42.972412
v 517.3842 222.84648 -42.823975
v 517.2372 235.2939 -20.48706
v 517.4014 221.434 -42.92041
v 517.3503 225.61565 -43.361816
v 517.4182 220.0595 -43.26001
v 517.40485 222.84584 -42.874023
v 517.38763 224.24864 -43.022217
v 517.422 221.43855 -42.97046
v 517.37103 225.6045 -43.410645
v 517.434 224.24345 -43.06836
v 517.4174 225.59453 -43.4563
v 517.4511 222.84557 -42.92041
v 517.43866 220.06929 -43.30957
v 517.46826 221.4431 -43.01709
v 517.4838 224.24156 -43.088867
v 517.43384 218.76433 -43.831543
v 517.5009 222.84578 -42.941162
v 517.4848 220.07872 -43.35547
v 517.4673 225.59044 -43.476807
v 517.51794 221.44548 -43.037598
v 517.5495 222.84639 -42.941162
v 517.4543 218.7794 -43.880127
v 517.56665 221.44606 -43.037598
v 517.53455 220.0833 -43.37622
v 517.5325 224.24217 -43.088867
v 517.5832 220.08388 -43.37622
v 517.5993 222.84657 -42.96167
v 517.50037 218.79375 -43.92578
v 517.61633 221.44987 -43.058105
v 517.5987 218.80113 -43.94629
v 517.5823 224.23882 -43.109375
v 517.6329 220.09123 -43.395996
v 517.64557 222.8463 -43.0083
v 517.5501 218.80052 -43.946045
v 517.66254 221.45769 -43.104248
v 517.6484 218.81175 -43.963867
v 517.62866 224.23045 -43.15503
v 517.67896 220.10686 -43.439697
v 517.6662 222.84563 -43.05835
v 517.61273 217.63683 -44.72998
v 517.68304 221.46574 -43.153564
v 517.69434 218.83482 -44.004883
v 517.6494 224.22112 -43.203857
v 517.6994 220.12334 -43.486816
v 517.6788 221.77766 -45.134033
v 517.6624 217.65044 -44.746338
v 517.691 220.77446 -45.3833
v 517.71466 218.85924 -44.048584
v 517.6662 222.80894 -45.06299
v 517.70245 219.82976 -45.803223
v 517.6442 221.79024 -45.216553
v 517.7083 217.68022 -44.781982
v 517.65625 220.8011 -45.462402
v 517.7128 218.97234 -46.38037
v 517.63184 222.80702 -45.14624
v 517.66754 219.86967 -45.875977
v 517.5865 221.79851 -45.273438
v 517.7285 217.7119 -44.821045
v 517.5984 220.8192 -45.51709
v 517.67773 219.02425 -46.445313
v 517.5742 222.80522 -45.2041
v 517.60956 219.89696 -45.92627
v 517.50336 221.80287 -45.307617
v 517.72174 218.22807 -47.0979
v 517.51526 220.82933 -45.549316
v 517.6196 219.05992 -46.490234
v 517.4912 222.80357 -45.23828
v 517.52637 219.9127 -45.95703
v 517.40826 220.82808 -45.54956
v 517.6865 218.29048 -47.152588
v 517.4194 219.91136 -45.956543
v 517.5364 219.08055 -46.516846
v 517.3964 221.80156 -45.307617
v 517.4294 219.07927 -46.51709
v 513.5819 219.86446 -45.95581
v 517.62836 218.33342 -47.190674
v 513.5919 219.03242 -46.516357
v 517.4381 218.35713 -47.21338
v 513.5708 220.78123 -45.548584
v 513.6005 218.31029 -47.212646
v 513.4849 219.03111 -46.516357
v 517.54504 218.35844 -47.21338
v 513.4936 218.30894 -47.212402
v 513.6076 217.71996 -48.023438
v 513.4749 219.86317 -45.95581
v 513.5006 217.71867 -48.023438
v 513.4022 219.0084 -46.489258
v 517.4451 217.7668 -48.02417
v 513.4109 218.2819 -47.189453
v 513.5058 217.27815 -48.924805
v 513.39215 219.84544 -45.92578
v 513.41797 217.6881 -48.005615
v 513.34503 218.97133 -46.44458
v 513.6128 217.27946 -48.924805
v 513.3538 218.2376 -47.151855
v 513.4232 217.24492 -48.91211
v 513.33484 219.81673 -45.875
v 513.36096 217.6378 -47.976074
v 513.3113 218.9185 -46.379395
v 513.509 217.00084 -49.88867
v 513.3202 218.17436 -47.096924
v 513.3662 217.19023 -48.891357
v 513.30096 219.77599 -45.802246
v 513.32745 217.566 -47.933105
v 513.3401 216.57396 -45.70337
v 513.4264 216.96596 -49.88208
v 513.3499 215.74797 -46.83789
v 513.3328 217.11205 -48.861572
v 513.32794 217.58446 -44.729004
v 513.3572 215.1316 -48.099365
v 513.63196 215.75145 -46.83838
v 513.36945 216.9085 -49.871094
v 513.63916 215.13506 -48.099365
v 513.36163 214.74352 -49.448242
v 513.6221 216.57741 -45.703125
v 513.64355 214.747 -49.448486
v 513.81366 201.1342 -32.357178
v 513.33606 216.82622 -49.85498
v 513.82654 200.015 -36.255127
v 513.6451 214.59908 -50.84424
v 513.79285 202.91353 -28.71289
v 513.8308 199.58983 -40.28833
v 513.83386 201.11949 -32.340332
v 513.3631 214.59563 -50.843994
v 513.8467 199.99791 -36.239502
v 513.8265 199.87175 -44.333984
v 513.81287 202.90114 -28.695068
v 513.85095 199.57033 -40.27417
v 517.6443 200.04427 -36.240234
v 513.64355 214.69582 -52.244873
v 517.6486 199.61674 -40.275146
v 513.8467 199.8499 -44.322266
v 517.6315 201.16591 -32.341064
v 517.6443 199.89622 -44.322754
v 517.664 200.0619 -36.256348
v 513.8136 200.8521 -48.269043
v 517.6683 199.63673 -40.289063
v 517.6315 200.87437 -48.260254
v 517.65125 201.1811 -32.35791
v 517.664 199.91862 -44.33496
v 517.484 214.53047 -50.76367
v 513.83386 200.82799 -48.259766
v 517.48267 214.61345 -52.176514
v 517.6511 200.89894 -48.269775
v 517.48236 214.69237 -49.358154
v 517.47845 214.93907 -53.5542
v 517.50397 214.57988 -50.798584
v 517.61053 202.52135 -51.968506
v 517.50256 214.66866 -52.20581
v 517.4713 215.49852 -54.85669
v 517.50244 214.73586 -49.397217
v 517.4982 214.99968 -53.577393
v 517.54974 214.62633 -50.83081
v 517.6301 202.54768 -51.974365
v 517.5483 214.72063 -52.233643
v 517.491 215.56349 -54.871338
v 517.5482 214.77675 -49.433105
v 517.5439 215.05678 -53.59839
v 517.5993 214.64738 -50.844727
v 517.46155 216.27654 -56.04492
v 517.5978 214.7441 -52.245605
v 517.5366 215.62474 -54.884766
v 517.5978 214.79533 -49.44922
v 517.5933 215.0825 -53.60791
v 517.6464 214.74467 -52.24536
v 517.4812 216.34398 -56.049316
v 517.64197 215.08308 -53.607666
v 517.5861 215.65227 -54.890625
v 517.6479 214.64793 -50.84497
v 517.6347 215.65288 -54.890625
v 517.696 214.76573 -52.24243
v 517.5268 216.40758 -56.053223
v 517.6915 215.10326 -53.601074
v 517.6249 216.43678 -56.05493
v 517.69745 214.6693 -50.84546
v 517.68427 215.67162 -54.880615
v 517.7417 214.81218 -52.234863
v 517.5763 216.43617 -56.05493
v 517.7373 215.14781 -53.58618
v 517.6745 216.45348 -56.041992
v 517.7431 214.7163 -50.84619
v 517.7301 215.71281 -54.858154
v 517.76166 214.8618 -52.227295
v 517.61273 217.4109 -57.06543
v 517.7573 215.1953 -53.56958
v 517.72034 216.49016 -56.012695
v 517.7631 214.76653 -50.847168
v 517.7501 215.75682 -54.833984
v 517.73425 217.09154 -52.9187
v 517.6624 217.42516 -57.05005
v 517.72894 217.51115 -53.863525
v 517.7405 216.52934 -55.98169
v 517.73755 216.84233 -51.915527
v 517.72174 218.08849 -54.720947
v 517.699 217.1699 -52.891357
v 517.7083 217.45622 -57.015137
v 517.6937 217.58372 -53.823242
v 517.71277 218.80595 -55.465332
v 517.7022 216.92421 -51.902588
v 517.6865 218.15285 -54.668457
v 517.6407 217.22392 -52.87256
v 517.7285 217.48927 -56.977295
v 517.63544 217.63359 -53.795166
v 517.67773 218.86024 -55.402344
v 517.6438 216.98067 -51.89331
v 517.62836 218.19713 -54.63208
v 517.55725 217.25554 -52.861572
v 517.7024 219.64171 -56.073486
v 517.55206 217.66277 -53.77832
v 517.6196 218.8975 -55.358643
v 517.5604 217.01372 -51.88794
v 517.54504 218.22298 -54.61035
v 517.4451 217.66148 -53.778564
v 517.66754 219.68425 -56.002197
v 517.4381 218.22163 -54.610107
v 517.5364 218.91917 -55.332764
v 517.45026 217.25426 -52.861572
v 517.4294 218.91783 -55.33252
v 513.6005 218.17479 -54.60962
v 517.60956 219.7134 -55.952637
v 513.5919 218.87096 -55.331787
v 517.4194 219.72884 -55.92285
v 513.6076 217.61461 -53.777344
v 513.5819 219.68199 -55.92212
v 513.4849 218.86967 -55.331787
v 517.52637 219.73015 -55.923096
v 513.4749 219.68071 -55.92212
v 513.5708 220.5832 -56.362793
v 513.4936 218.17351 -54.609863
v 513.4638 220.5819 -56.362793
v 513.4022 218.846 -55.35791
v 517.40826 220.63005 -56.363525
v 513.39215 219.66185 -55.951416
v 513.45197 221.54582 -56.63965
v 513.4109 218.14561 -54.631104
v 513.3809 220.56847 -56.394775
v 513.34503 218.8073 -55.40161
v 513.5589 221.54716 -56.640137
v 513.3348 219.63133 -56.001465
v 513.369 221.53822 -56.67383
v 513.3538 218.09996 -54.66748
v 513.32355 220.54701 -56.448975
v 513.3113 218.75218 -55.464355
v 513.43976 222.54338 -56.74585
v 513.30096 219.58794 -56.072754
v 513.3115 221.52641 -56.730713
v 513.3202 218.03474 -54.720215
v 513.2895 220.51665 -56.526367
v 513.3139 218.49345 -57.89087
v 513.35675 222.54167 -56.780273
v 513.29834 219.75444 -58.50757
v 513.2773 221.51006 -56.812256
v 513.32794 217.35857 -57.064697
v 513.2818 221.10338 -58.895508
v 513.5804 219.75792 -58.50708
v 513.29913 222.53996 -56.838135
v 513.564 221.08763 -58.889893
v 513.5959 218.49687 -57.89087
v 513.5438 221.10655 -58.895508
v 513.6099 217.36205 -57.064697
v 513.5639 221.09575 -58.914063
v 513.5268 222.50237 -59.043213
v 513.2647 222.49913 -59.04297
v 513.2647 222.53798 -56.921143
v 513.5296 223.90282 -58.946533
v 513.2476 223.89943 -58.946533
v 513.2867 223.55669 -56.76758
v 513.25214 223.56926 -56.850098
v 513.3444 223.54842 -56.71045
v 513.42755 223.54405 -56.676758
v 513.3325 224.5277 -56.467285
v 513.5467 222.5447 -56.745605
v 513.4157 224.51756 -56.43457
v 513.5345 223.54536 -56.676514
v 517.3964 221.59404 -56.64087
v 517.3842 222.59154 -56.746582
v 517.51526 220.6314 -56.363525
v 517.50336 221.59532 -56.64087
v 517.5984 220.61998 -56.395508
v 517.5865 221.58977 -56.674805
v 517.65625 220.5999 -56.449707
v 517.6442 221.57939 -56.73169
v 517.691 220.57042 -56.527588
v 517.6788 221.56383 -56.813232
v 517.71466 218.60765 -57.791504
v 517.6994 219.8503 -58.398926
v 517.69434 218.58162 -57.834473
v 517.67896 219.8321 -58.445557
v 517.6484 218.55708 -57.874023
v 517.6329 219.81483 -58.489014
v 517.5987 218.54576 -57.891846
v 517.5832 219.80681 -58.508057
v 517.56415 217.41032 -57.06543
v 517.5501 218.54521 -57.891846
v 517.5147 217.38213 -57.06909
v 517.5006 218.51949 -57.901123
v 517.4691 217.31929 -57.07666
v 517.45496 218.46233 -57.9209
v 517.44934 217.25273 -57.084717
v 517.4351 218.40175 -57.94287
v 517.6017 204.8145 -55.335938
v 517.56665 207.62996 -58.251953
v 517.5821 204.78719 -55.33423
v 517.54706 207.60298 -58.25537
v 513.81287 202.47499 -51.967773
v 513.7844 204.7408 -55.333496
v 513.7926 202.50081 -51.97339
v 513.76416 204.76768 -55.335205
v 513.63916 215.03416 -53.606934
v 513.63196 215.60399 -54.88965
v 513.36163 214.69237 -52.24463
v 513.3572 215.03075 -53.606934
v 513.33716 216.71733 -50.882813
v 513.33606 216.78856 -51.914307
v 513.3705 216.80107 -50.88452
v 513.36945 216.87123 -51.901123
v 513.4275 216.8596 -50.885742
v 513.4264 216.92912 -51.89258
v 513.5101 216.89513 -50.88623
v 513.509 216.96422 -51.886963
v 513.61597 217.00212 -49.888428
v 513.617 216.89641 -50.88623
v 517.45026 217.32634 -48.92578
v 517.4535 217.04903 -49.88965
v 517.55206 217.76814 -48.02417
v 517.55725 217.32762 -48.925537
v 517.63544 217.73961 -48.006104
v 517.6407 217.29646 -48.91333
v 517.6937 217.69075 -47.976807
v 517.699 217.24315 -48.89258
v 517.72894 217.61974 -47.933838
v 517.73425 217.16585 -48.86255
v 517.7405 216.71608 -45.781006
v 517.7501 215.90208 -46.89966
v 517.72034 216.67815 -45.748535
v 517.7301 215.85902 -46.87378
v 517.6745 216.64253 -45.717773
v 517.6843 215.81868 -46.850098
v 517.6249 216.6263 -45.704346
v 517.6347 215.80031 -46.83911
v 517.56415 217.63628 -44.72998
v 517.5763 216.62572 -45.704346
v 517.51447 217.62721 -44.710205
v 517.5266 216.61443 -45.684814
v 517.4684 217.60783 -44.665527
v 517.48065 216.58983 -45.64209
v 517.44806 217.58727 -44.617676
v 517.4603 216.56377 -45.59546
v 517.53033 211.29948 -20.216553
v 517.5669 208.26433 -22.618652
v 517.47034 215.72441 -46.73462
v 517.5226 211.96172 -18.761963
v 517.49054 215.75621 -46.779297
v 517.5365 215.78606 -46.820557
v 517.60187 205.34563 -25.434326
v 517.5861 215.79973 -46.83911
v 517.4979 215.13194 -48.0437
v 517.64197 215.184 -48.10034
v 517.54376 215.16722 -48.083008
v 517.5933 215.18333 -48.100098
v 517.6915 215.20387 -48.107666
v 517.6464 214.79591 -49.449463
v 517.4777 215.0944 -48.00171
v 517.696 214.81688 -49.45337
v 517.6303 202.96043 -28.713623
v 517.7417 214.86296 -49.462402
v 517.61053 202.9475 -28.695557
v 517.7373 215.24776 -48.124268
v 517.76166 214.91228 -49.471436
v 517.7573 215.29466 -48.142334
v 517.73755 216.88005 -49.8562
v 517.73865 216.7711 -50.884033
v 517.7022 216.96135 -49.871582
v 517.70325 216.85396 -50.885498
v 517.6438 217.0175 -49.8833
v 517.6449 216.91112 -50.88672
v 517.5604 217.05034 -49.88965
v 517.56146 216.94463 -50.88745
v 517.4545 216.94334 -50.887207
v 517.4535 217.01244 -51.88794
v 513.61597 216.96556 -51.886963
v 513.6128 217.20738 -52.86084
v 513.5058 217.2061 -52.860596
v 513.5006 217.61327 -53.777344
v 513.4232 217.17241 -52.871826
v 513.41797 217.58208 -53.79419
v 513.3662 217.11699 -52.890625
v 513.36096 217.53075 -53.82202
v 513.3328 217.03777 -52.91748
v 513.32745 217.45741 -53.86255
v 513.3499 215.60057 -54.88965
v 513.3401 216.38438 -56.053955
v 513.6221 216.38792 -56.0542
v 513.7291 207.58308 -58.25122
v 513.6886 210.86082 -60.633545
v 513.7494 207.55663 -58.25464
v 513.6437 214.50053 -62.409668
v 513.7088 210.8368 -60.64209
v 517.5064 210.8832 -60.643066
v 513.59595 218.39122 -63.527344
v 513.6639 214.48174 -62.424072
v 517.46155 214.52815 -62.42505
v 517.52606 210.9077 -60.634277
v 517.41364 218.42708 -63.546143
v 517.4192 219.69353 -58.590576
v 517.4812 214.54741 -62.410645
v 517.4392 219.74113 -58.555664
v 517.40204 221.0909 -59.003174
v 517.4334 218.43806 -63.528076
v 517.485 219.7859 -58.522705
v 517.42236 221.1179 -58.95752
v 517.3842 222.54741 -59.161377
v 517.53455 219.8062 -58.508057
v 517.4683 221.14342 -58.91504
v 517.40485 222.54854 -59.11133
v 517.56665 221.15575 -58.89624
v 517.51794 221.15514 -58.896484
v 517.4511 222.54991 -59.06494
v 517.61633 221.16026 -58.875732
v 517.5495 222.5515 -59.043945
v 517.5009 222.55089 -59.043945
v 517.66254 221.16975 -58.830322
v 517.59937 222.55247 -59.023438
v 517.5325 223.95177 -58.94751
v 517.68304 221.17955 -58.781006
v 517.64557 222.55388 -58.97705
v 517.5823 223.94914 -58.926758
v 517.6662 222.59175 -56.92212
v 517.6662 222.55504 -58.927002
v 517.62866 223.94249 -58.881104
v 517.63184 222.59285 -56.838867
v 517.6536 223.62303 -56.851074
v 517.6494 223.93498 -58.831787
v 517.5742 222.59325 -56.781006
v 517.6194 223.60963 -56.76831
v 517.6414 224.62627 -56.601807
v 517.4912 222.59285 -56.746338
v 517.5619 223.5999 -56.711426
v 517.6074 224.59877 -56.52295
v 517.372 223.59221 -56.67749
v 517.47894 223.59355 -56.677246
v 517.55 224.57927 -56.46826
v 513.52264 224.51884 -56.43457
v 517.36017 224.56572 -56.435547
v 517.4671 224.56706 -56.43579
v 513.4046 225.43428 -56.027344
v 513.51154 225.4356 -56.027588
v 517.34906 225.48247 -56.02832
v 513.32135 225.45 -56.05786
v 513.39453 226.26637 -55.467285
v 513.5015 226.26765 -55.467285
v 513.27466 224.54582 -56.522217
v 513.3113 226.28703 -55.493896
v 513.26337 225.47728 -56.1084
v 513.2399 224.57246 -56.601074
v 513.3859 226.98851 -54.77124
v 513.2532 226.32274 -55.539307
v 513.2311 225.26164 -58.60791
v 513.2285 225.51714 -56.181152
v 513.2155 226.54436 -58.038086
v 513.51306 225.26509 -58.608154
v 513.4975 226.5478 -58.03833
v 513.2015 227.70866 -57.25415
v 513.48346 227.71214 -57.254395
v 513.4048 234.08354 -61.058594
v 513.21814 226.37462 -55.60376
v 513.36426 237.44633 -58.798096
v 513.4713 228.72264 -56.28003
v 513.44965 230.38127 -62.70044
v 513.32916 240.36668 -55.98706
v 513.42444 234.10777 -61.068115
v 513.18933 228.7192 -56.28003
v 513.3838 237.47319 -58.802246
v 513.3007 242.75505 -52.71045
v 513.46936 230.40004 -62.715332
v 513.3488 240.39406 -55.98633
v 517.18146 237.51958 -58.803223
v 513.4615 229.54863 -55.14502
v 517.1464 240.44044 -55.987305
v 513.3204 242.78157 -52.70581
v 517.22205 234.15416 -61.06909
v 517.118 242.82793 -52.7063
v 517.2017 237.49324 -58.79883
v 513.2797 244.53831 -49.068848
v 517.1667 240.41353 -55.987793
v 517.097 244.60954 -49.06128
v 517.2423 234.13042 -61.059326
v 517.1382 242.80193 -52.71167
v 517.30695 228.92796 -56.2771
v 513.2994 244.56319 -49.060547
v 517.2972 229.74901 -55.11792
v 517.11725 244.58516 -49.069336
v 517.31903 227.91447 -57.279785
v 517.29004 230.3557 -53.83667
v 517.32825 228.86095 -56.27881
v 517.08417 245.73122 -45.16211
v 517.3185 229.68407 -55.12964
v 517.2857 230.73164 -52.47168
v 517.3404 227.84868 -57.269287
v 517.31134 230.29485 -53.856934
v 517.3754 228.79839 -56.280273
v 517.10443 245.70891 -45.17285
v 517.3656 229.62346 -55.141113
v 517.307 230.67589 -52.499023
v 517.3876 227.78734 -57.25952
v 517.3584 230.23814 -53.87622
v 517.42554 228.77092 -56.281006
v 517.28436 230.86626 -51.06299
v 517.4157 229.59697 -55.14624
v 517.35394 230.62407 -52.52466
v 517.4377 227.76042 -57.255127
v 517.40845 230.21327 -53.884766
v 517.4643 229.59755 -55.145996
v 517.3056 230.81615 -51.095947
v 517.4571 230.21388 -53.884766
v 517.40405 230.60136 -52.535645
v 517.4741 228.77153 -56.281006
v 517.45264 230.60194 -52.535645
v 517.51434 229.58037 -55.135254
v 517.3525 230.76958 -51.126465
v 517.50714 230.19518 -53.877197
v 517.4511 230.74986 -51.139893
v 517.5241 228.75652 -56.267334
v 517.5027 230.5822 -52.531982
v 517.5611 229.54118 -55.11133
v 517.4025 230.74925 -51.13965
v 517.5539 230.15239 -53.86084
v 517.50116 230.72975 -51.13965
v 517.57086 228.72209 -56.236816
v 517.5495 230.53722 -52.52295
v 517.5822 229.49858 -55.08545
v 517.45264 230.65312 -49.739502
v 517.5751 230.106 -53.842773
v 517.54803 230.68391 -51.13867
v 517.5919 228.68465 -56.2041
v 517.57074 230.48839 -52.513428
v 517.59814 228.23491 -53.122803
v 517.5027 230.63329 -49.74292
v 517.59485 228.5207 -52.12964
v 517.5693 230.6342 -51.13794
v 517.60345 227.78093 -54.05127
v 517.59375 228.6296 -51.101074
v 517.5647 228.15672 -53.092773
v 517.5495 230.58803 -49.750244
v 517.56146 228.43852 -52.11328
v 517.59485 228.5584 -50.07007
v 517.56995 227.70909 -54.008545
v 517.5604 228.54588 -51.099854
v 517.50775 228.102 -53.07202
v 517.57074 230.53886 -49.757813
v 517.5045 228.38094 -52.101807
v 517.56146 228.4757 -50.082764
v 517.51294 227.65886 -53.97876
v 517.5034 228.48732 -51.098633
v 517.4251 228.06877 -53.05957
v 517.59814 228.30916 -49.06665
v 517.42194 228.34612 -52.09546
v 517.5045 228.41777 -50.091797
v 517.4303 227.62828 -53.960693
v 517.4209 228.45177 -51.0979
v 517.31494 228.3448 -52.09546
v 517.5647 228.22997 -49.09375
v 517.3139 228.45049 -51.0979
v 517.42194 228.38268 -50.096924
v 517.3181 228.06749 -53.05957
v 517.31494 228.3814 -50.097168
v 513.47644 228.40361 -51.097168
v 517.50775 228.17448 -49.112305
v 513.4775 228.33446 -50.09619
v 517.3181 228.13951 -49.12378
v 513.4775 228.2979 -52.094482
v 513.48065 228.09264 -49.12256
v 513.3705 228.33318 -50.095947
v 517.4251 228.14085 -49.123535
v 513.37366 228.09132 -49.12256
v 513.4858 227.68547 -48.206055
v 513.36945 228.40233 -51.097168
v 513.37885 227.68413 -48.20581
v 513.2871 228.36626 -50.09082
v 517.32336 227.73235 -48.20703
v 513.2903 228.12297 -49.11133
v 513.38586 227.12395 -47.37378
v 513.286 228.43578 -51.0979
v 513.2955 227.71336 -48.18921
v 513.2287 228.42274 -50.08203
v 513.4928 227.12526 -47.37378
v 513.23193 228.17702 -49.09253
v 513.30255 227.14977 -47.35205
v 513.22766 228.49294 -51.098633
v 513.2372 227.76329 -48.16089
v 513.19336 228.50462 -50.068848
v 513.39453 226.42778 -46.65161
v 513.19666 228.25542 -49.065918
v 513.2444 227.19408 -47.315674
v 513.19226 228.57585 -51.10034
v 513.20197 227.83574 -48.120605
v 513.1723 230.26244 -48.37622
v 513.3113 226.44945 -46.62549
v 513.1795 229.69261 -47.093506
v 513.2092 227.25847 -47.263184
v 513.16785 230.60081 -49.73877
v 513.18933 228.90874 -45.9292
v 513.4615 229.69609 -47.093506
v 513.2532 226.48674 -46.58203
v 513.4714 228.91219 -45.928955
v 513.2015 227.93456 -44.9187
v 513.4543 230.26585 -48.376465
v 513.4835 227.938 -44.918213
v 513.3289 240.93062 -26.085693
v 513.21814 226.541 -46.5188
v 513.364 238.1169 -23.165527
v 513.4975 226.8032 -44.09253
v 513.30054 243.1942 -29.450684
v 513.2155 226.79973 -44.09253
v 513.26337 225.6627 -45.982178
v 513.39966 235.24702 -20.486084
v 513.2285 225.70525 -45.9104
v 513.51306 225.54216 -43.476074
v 513.32135 225.63356 -46.03174
v 513.2311 225.53871 -43.476074
v 513.4046 225.61674 -46.061523
v 513.4812 228.61604 -18.03247
v 513.5015 226.42903 -46.65161
v 513.4157 224.71556 -45.620605
v 517.3304 227.1721 -47.374268
v 513.51154 225.61809 -46.06128
v 517.339 226.47594 -46.6521
v 517.4303 227.73366 -48.206787
v 517.4373 227.17345 -47.37451
v 517.51294 227.76485 -48.190186
v 517.52 227.20128 -47.353027
v 517.56995 227.81621 -48.161865
v 517.5771 227.247 -47.31665
v 517.60345 227.88951 -48.121582
v 517.6107 227.31218 -47.26416
v 517.5751 230.20543 -48.415527
v 517.5822 229.6439 -47.15088
v 517.5539 230.25243 -48.39917
v 517.5611 229.6874 -47.127197
v 517.50714 230.29576 -48.384033
v 517.51434 229.72746 -47.104492
v 517.4571 230.31474 -48.377197
v 517.4643 229.74492 -47.094482
v 517.40405 230.65254 -49.739502
v 517.40845 230.3142 -48.377197
v 517.354 230.67046 -49.72412
v 517.35846 230.32964 -48.360596
v 517.3072 230.71153 -49.689697
v 517.31177 230.36528 -48.32251
v 517.2861 230.7559 -49.652588
v 517.29065 230.4038 -48.281982
v 517.10004 246.13872 -41.14038
v 517.1044 245.86156 -37.09497
v 517.0799 246.15874 -41.12744
v 517.08417 245.8792 -37.07959
v 513.28656 245.6848 -45.161377
v 513.2823 246.11235 -41.12671
v 513.2669 245.66203 -45.172363
v 513.2625 246.09184 -41.13965
v 513.4543 230.16502 -53.884033
v 513.4498 230.55309 -52.535156
v 513.1795 229.54521 -55.14502
v 513.1723 230.16154 -53.884033
v 513.2092 227.11888 -54.886475
v 513.20197 227.72716 -54.050537
v 513.2444 227.05644 -54.831543
v 513.2372 227.65623 -54.00757
v 513.30255 227.01353 -54.793457
v 513.2955 227.60735 -53.977783
v 513.37885 227.57881 -53.959717
v 513.4928 226.98979 -54.770996
v 513.37366 228.01927 -53.058594
v 517.339 226.31456 -55.468018
v 513.4858 227.58012 -53.95996
v 517.3304 227.03667 -54.771973
v 517.456 225.48375 -56.02832
v 517.446 226.31584 -55.46826
v 517.53876 225.50145 -56.058594
v 517.5287 226.33855 -55.494873
v 517.5961 225.5302 -56.10913
v 517.5859 226.37563 -55.54004
v 517.63 225.57097 -56.182373
v 517.6196 226.42845 -55.60498
v 517.63306 225.27733 -58.498047
v 517.61774 226.54146 -57.936768
v 517.61224 225.29335 -58.54541
v 517.5968 226.56538 -57.98047
v 517.5658 225.30785 -58.589355
v 517.5503 226.58733 -58.020996
v 517.51587 225.31395 -58.608887
v 517.5003 226.5967 -58.039063
v 517.4838 223.95116 -58.94751
v 517.4673 225.3134 -58.608887
v 517.4339 223.96098 -58.966797
v 517.41724 225.3319 -58.624268
v 517.3873 223.98378 -59.01001
v 517.37036 225.37431 -58.65869
v 517.3664 224.00865 -59.05664
v 517.34924 225.42018 -58.695557
v 517.38416 222.46217 -63.953857
v 517.3349 226.49919 -63.67578
v 517.3642 222.4616 -63.97412
v 517.3149 226.50902 -63.694336
v 513.616 218.38072 -63.54541
v 513.5666 222.4152 -63.973145
v 513.5467 222.41533 -63.953125
v 513.5172 226.46263 -63.693604
v 513.5467 222.50224 -59.063477
v 513.49744 226.45232 -63.67456
v 513.54645 222.5225 -59.041748
v 517.267 230.44646 -62.71631
v 517.2872 230.4282 -62.701416
v 517.3333 226.73476 -58.09497
v 517.35455 226.67546 -58.071533
v 517.4016 226.62029 -58.049072
v 517.4517 226.59612 -58.03882
v 517.48627 227.76103 -57.255127
v 517.53625 227.74858 -57.23877
v 517.5829 227.71999 -57.20288
v 517.6039 227.68883 -57.164063
v 517.6107 227.17265 -54.88745
v 517.5771 227.10942 -54.832764
v 517.52 227.06505 -54.794434
v 517.4373 227.03801 -54.771973
v 517.32336 227.62697 -53.96045
v 513.48065 228.02058 -53.05835
v 513.3705 228.29662 -52.094482
v 513.2903 228.05049 -53.071045
v 513.2871 228.32945 -52.101074
v 513.23193 228.10374 -53.091553
v 513.2287 228.38554 -52.112305
v 513.19666 228.18114 -53.121826
v 513.19336 228.4669 -52.128418
v 513.16785 230.5496 -52.535156
v 513.1663 230.69756 -51.13916
v 513.4483 230.701 -51.13916
v 513.4498 230.60426 -49.73877
v 513.2668 245.81468 -37.09375
v 513.27966 244.83885 -33.157227
v 513.28656 245.83281 -37.0791
v 513.2994 244.85466 -33.141113
v 517.09705 244.90108 -33.1416
v 513.3204 243.20775 -29.433105
v 517.118 243.25407 -29.434082
v 517.1171 244.88576 -33.158203
v 513.3488 240.94191 -26.067383
v 517.2981 229.8206 -46.992676
v 517.1381 243.24104 -29.451416
v 517.1464 240.98827 -26.068115
v 517.3191 229.7877 -47.036377
v 517.3081 229.02357 -45.82373
v 517.1665 240.97752 -26.086426
v 517.18146 238.17247 -23.147217
v 513.3838 238.12608 -23.146484
v 517.20154 238.1638 -23.166504
v 513.4194 235.26707 -20.482178
v 517.21704 235.31346 -20.48291
v 513.42194 233.4702 -17.877686
v 513.4416 233.49593 -17.882324
v 517.3204 228.03648 -44.809082
v 517.32904 228.99632 -45.86914
v 517.3657 229.75749 -47.07666
v 517.34125 228.01476 -44.8562
v 517.4157 229.74437 -47.094482
v 517.3756 228.97127 -45.911377
v 517.4741 228.9611 -45.930176
v 517.42554 228.9605 -45.930176
v 517.38776 227.99486 -44.90039
v 517.5241 228.94557 -45.943115
v 517.4863 227.98692 -44.919434
v 517.4377 227.98631 -44.919434
v 517.57086 228.91005 -45.972656
v 517.53625 227.97392 -44.93506
v 517.5003 226.8521 -44.093506
v 517.5919 228.87141 -46.003662
v 517.5829 227.94398 -44.970215
v 517.5503 226.84203 -44.111084
v 517.6196 226.59471 -46.519775
v 517.6039 227.91142 -45.008057
v 517.5968 226.81859 -44.15088
v 517.58594 226.53966 -46.582764
v 517.63 225.75902 -45.91162
v 517.61774 226.79308 -44.193604
v 517.5287 226.50096 -46.62671
v 517.5961 225.71562 -45.98291
v 517.6414 224.8303 -45.45752
v 517.446 226.47722 -46.652344
v 517.5388 225.6851 -46.03247
v 517.6074 224.79997 -45.5354
v 517.34906 225.66493 -46.06201
v 517.45605 225.66624 -46.06201
v 517.55 224.77843 -45.58911
v 513.52264 224.71687 -45.62085
v 517.36017 224.76378 -45.621582
v 517.4671 224.76506 -45.621826
v 513.42755 223.75157 -45.34326
v 513.5345 223.75291 -45.34326
v 517.372 223.79976 -45.343994
v 513.3325 224.72694 -45.58838
v 513.43976 222.75414 -45.23755
v 513.27466 224.74702 -45.53418
v 513.3445 223.75716 -45.309326
v 513.2399 224.77654 -45.4563
v 513.2867 223.76756 -45.252686
v 513.35675 222.75371 -45.203125
v 513.5467 222.75542 -45.237305
v 513.45197 221.7534 -45.306885
v 513.29913 222.75404 -45.14502
v 517.3842 222.80226 -45.23828
v 513.25214 223.78313 -45.1709
v 513.2476 224.18977 -43.08789
v 513.369 221.747 -45.27246
v 513.5296 224.19325 -43.088135
v 513.5589 221.75468 -45.30664
v 513.4638 220.77989 -45.548584
v 517.47894 223.80107 -45.34424
v 513.3809 220.76768 -45.516113
v 517.5619 223.80867 -45.310303
v 517.6194 223.82048 -45.253418
v 517.6536 223.83687 -45.171875
v 517.63306 225.5504 -43.586426
v 517.61224 225.56816 -43.539795
v 517.5658 225.58421 -43.496338
v 517.51587 225.59108 -43.47705
v 517.4517 226.85149 -44.093506
v 517.4018 226.85777 -44.073486
v 517.3554 226.87267 -44.028564
v 517.3346 226.88908 -43.980225
v 517.2392 233.54228 -17.883057
v 513.4525 232.63249 -15.902588
v 513.4329 232.60997 -15.899658
v 513.4632 231.8167 -12.911621
v 513.47266 229.3322 -17.105469
v 513.44403 231.82082 -9.405762
v 513.44714 221.4785 -17.329834
v 513.44714 221.4583 -17.347168
v 513.5467 222.79744 -42.93994
v 513.2647 222.79399 -42.93994
v 513.2647 222.75514 -45.061768
v 513.2818 221.39372 -43.036377
v 513.3115 221.73729 -45.215332
v 513.2773 221.72389 -45.132813
v 513.32355 220.74818 -45.46118
v 513.2895 220.72069 -45.38257
v 513.29834 220.03154 -43.375244
v 513.5804 220.03499 -43.375244
v 513.3139 218.7488 -43.94507
v 513.5959 218.75218 -43.94507
v 513.6099 217.58794 -44.729004
v 513.6928 211.25258 -20.216064
v 513.7294 208.21739 -22.617676
v 513.7644 205.29875 -25.432861
v 513.68506 211.91475 -18.761475
v 513.7844 205.28868 -25.41455
v 513.7494 208.20946 -22.598633
v 517.5821 205.33507 -25.415527
v 513.713 211.23564 -20.211914
v 517.54706 208.25584 -22.59961
v 517.5106 211.28206 -20.21289
v 513.70526 211.89128 -18.77295
v 517.5029 211.93767 -18.773438
v 513.7045 211.98177 -17.211914
v 517.5022 212.02818 -17.212646
v 513.7109 211.4904 -15.647461
v 517.50854 211.53673 -15.647949
v 517.5454 210.1729 -14.201172
v 517.5257 210.158 -14.2146
v 517.5502 209.7965 -13.774902
v 513.7281 210.11159 -14.213623
v 517.5304 209.77968 -13.785889
v 513.7328 209.73332 -13.785156
v 513.70795 210.12602 -14.200195
v 513.71265 209.74962 -13.773926
v 517.55383 209.50414 -13.214111
v 513.7365 209.4387 -13.219971
v 517.5556 209.37059 -12.663086
v 517.5341 209.48509 -13.221191
v 517.556 209.38374 -9.91333
v 517.5359 209.35039 -12.665039
v 513.7383 209.304 -12.664551
v 513.7163 209.45726 -13.213135
v 513.7181 209.32372 -12.6623535
v 517.5364 209.3636 -9.904297
v 513.7388 209.31718 -9.903076
v 517.55646 209.39702 -7.140381
v 517.5368 209.37682 -7.1428223
v 513.7392 209.3304 -7.1418457
v 513.719 209.35011 -7.1394043
v 517.55695 209.41017 -4.383789
v 517.5373 209.39 -4.3813477
v 513.7396 209.34361 -4.3808594
v 513.7194 209.36327 -4.3828125
v 513.73865 209.43236 -3.9458008
v 517.556 209.4981 -3.9523926
v 517.53625 209.47871 -3.9465332
v 517.5537 209.69194 -3.4904785
v 513.71844 209.45125 -3.951416
v 513.7364 209.62773 -3.480713
v 517.534 209.67412 -3.4812012
v 517.54663 210.2845 -2.7832031
v 517.5508 209.93828 -3.1262207
v 513.7162 209.64507 -3.489746
v 513.73346 209.8762 -3.1123047
v 517.53107 209.92262 -3.1132813
v 513.71326 209.8914 -3.1252441
v 513.72925 210.22523 -2.7666016
v 513.7091 210.23766 -2.7824707
v 517.52686 210.27165 -2.7675781
v 513.72473 210.59566 -2.5217285
v 513.6991 211.06822 -2.3500977
v 513.70465 210.60481 -2.5395508
v 513.69385 211.50029 -2.2663574
v 513.7191 211.06276 -2.3312988
v 513.7138 211.49864 -2.246338
v 517.52234 210.64207 -2.522461
v 517.5114 211.54509 -2.2473145
v 517.5167 211.10915 -2.331543
v 517.5313 211.54723 -2.2670898
v 517.53656 211.11513 -2.3510742
v 517.54224 210.65169 -2.5402832
v 517.2814 230.75536 49.248535
v 513.4906 230.70909 49.249756
v 513.47186 232.1894 46.026367
v 517.2695 232.23582 46.02539
v 513.47064 230.70863 49.215576
v 513.47174 232.19762 45.98828
v 513.452 232.17754 46.00415
v 517.26935 232.244 45.98755
v 513.46466 231.88988 -2.3691406
v 517.28955 232.22444 46.003174
v 517.26227 231.93626 -2.369873
v 517.2825 231.91661 -2.369873
v 513.44495 231.8697 -2.3686523
v 517.2618 231.91185 -5.884033
v 517.282 231.89217 -5.888672
v 517.3004 230.44814 -2.3564453
v 513.4642 231.8655 -5.883301
v 513.4637 231.84105 -9.397461
v 513.4445 231.84529 -5.887451
v 513.46454 230.19585 -6.2595215
v 513.46313 230.38133 -2.3554688
v 513.4558 229.55565 -2.5180664
v 513.4411 227.9044 -2.8430176
v 513.4591 230.24211 49.64978
v 513.4485 228.73003 -2.68042
v 513.46454 230.19585 -6.2595215
v 513.4505 229.53252 50.356934
v 513.47906 230.24266 49.67737
v 513.4338 227.07875 -3.005371
v 513.444 228.6729 51.69751
v 513.4264 226.2531 -3.1679688
v 513.4436 227.30595 53.383667
v 513.44025 226.17943 54.57361
v 513.47046 229.5335 50.388306
v 513.46387 228.67351 51.73108
v 513.46356 227.30626 53.41394
v 513.46014 226.17949 54.599487
v 515.2169 228.68459 51.737915
v 515.2339 227.32054 53.426758
v 515.23694 228.68452 51.704468
v 515.42596 229.58104 50.379883
v 515.4484 229.5814 50.35132
v 515.4407 229.2473 -2.3391113
v 516.1771 229.94774 -2.34375
v 516.18475 230.27757 49.65161
v 516.1536 230.27733 49.674194
v 517.28235 230.4204 -2.3562012
v 517.28986 230.74776 49.234863
v 517.3079 230.77507 49.158936
v 515.44604 217.46114 42.44995
v 515.47504 216.76591 43.442627
v 515.47546 216.78288 46.115967
v 515.7394 216.10506 44.358643
v 515.42645 217.45702 42.44507
v 515.4538 216.77013 43.40332
v 515.73956 216.11162 45.384033
v 513.58685 217.15886 42.83423
v 516.08386 215.7108 44.90796
v 515.7133 216.11223 44.317627
v 513.6082 216.70427 43.46338
v 516.06885 215.70235 44.924316
v 516.06793 215.69786 44.896484
v 513.82336 216.25816 44.084473
v 515.71686 216.1136 45.41382
v 514.20984 215.666 44.94336
v 513.81213 216.26875 45.570557
v 515.45526 216.78252 46.14453
v 514.2107 215.66441 44.91211
v 514.1817 215.67583 44.926514
v 513.79865 216.26445 44.106445
v 513.79004 216.27043 45.544434
v 513.6069 216.7318 46.118164
v 513.5866 216.73103 46.08838
v 513.5863 216.71068 43.48755
v 513.5663 217.18279 42.81201
v 515.4396 217.66496 47.039063
v 513.56616 217.17735 42.148438
v 515.43823 217.58186 35.55371
v 513.5663 217.10814 36.124023
v 513.5868 217.16048 42.13745
v 513.58453 216.6776 36.724854
v 515.45465 216.75392 41.65454
v 513.58606 216.69585 41.58618
v 513.6064 216.69664 41.61621
v 513.5847 216.67305 34.45703
v 513.81683 216.2519 41.08545
v 513.83954 216.23628 37.316406
v 513.83936 216.25005 41.111084
v 515.4748 216.75432 41.62549
v 515.7158 216.08513 40.89917
v 514.11285 215.79823 40.57202
v 515.47363 216.73286 36.668945
v 514.1362 215.79652 40.59668
v 515.73883 216.08296 40.868896
v 514.1407 215.79057 37.912354
v 515.7383 216.06206 37.578125
v 516.0888 215.6461 40.400635
v 516.1158 215.62978 38.15503
v 516.1162 215.64384 40.372803
v 514.5155 215.33488 40.072754
v 516.6819 215.2147 39.90747
v 514.4891 215.33629 40.049316
v 514.5037 215.33067 38.52661
v 515.1444 214.88121 39.530273
v 515.1443 214.87852 39.135742
v 515.1829 214.87105 39.541992
v 515.18317 214.86742 39.125977
v 514.52966 215.32912 38.502197
v 517.07916 215.05186 39.71875
v 514.1643 215.78856 37.885986
v 516.7176 215.21257 39.88208
v 513.8625 216.23405 37.289795
v 516.7174 215.20525 38.72583
v 513.60583 216.65843 36.721924
v 515.71545 216.06398 37.545166
v 515.4539 216.72218 36.666748
v 516.0889 215.63182 38.125
v 516.6831 215.20702 38.698975
v 517.11035 215.04979 38.94043
v 517.081 215.04686 38.918213
v 517.1105 215.05467 39.697266
v 517.1398 214.99702 39.016846
v 517.0606 214.89034 39.125732
v 517.1195 214.9994 39.659668
v 517.1195 214.99535 38.986816
v 517.1399 215.00087 39.63208
v 517.12714 214.92961 39.10376
v 517.108 214.93376 39.068848
v 517.1081 214.93785 39.59082
v 517.0958 214.90343 39.13501
v 517.1272 214.93251 39.557373
v 517.0959 214.90602 39.53003
v 517.06067 214.89296 39.540283
v 513.60565 216.6408 34.46875
v 515.45355 216.70854 34.52295
v 513.8599 216.22221 33.928223
v 515.47327 216.71922 34.520264
v 513.8833 216.21999 33.953857
v 515.71466 216.03975 33.707764
v 515.7362 215.97691 24.164795
v 515.73773 216.03731 33.675537
v 515.7104 215.98363 24.12378
v 516.1133 215.54518 24.774414
v 516.0874 215.60081 33.16919
v 513.951 216.1715 23.830078
v 514.2118 215.77538 33.409424
v 516.0775 215.55537 24.73169
v 516.11487 215.59807 33.140137
v 516.71545 215.12016 25.378174
v 514.1881 215.77757 33.384277
v 514.58405 215.30803 32.83667
v 516.68085 215.16875 32.635986
v 514.5587 215.30968 32.812744
v 516.7165 215.16624 32.609375
v 515.1693 214.83604 32.255127
v 516.65656 215.13527 25.331787
v 515.14465 214.83635 32.22998
v 517.05426 214.98622 25.574219
v 514.30963 215.74458 24.436035
v 517.03864 215.02171 32.452393
v 517.05524 215.02995 32.437256
v 517.05426 214.98607 25.54834
v 517.0909 214.9204 25.674072
v 517.07153 214.9616 32.378906
v 517.09186 214.96297 32.349854
v 517.0602 214.89995 32.304443
v 517.07837 214.85356 25.764648
v 517.0113 214.8585 32.25464
v 517.0793 214.89507 32.270508
v 517.02124 214.84581 32.217285
v 517.0706 214.91887 25.642822
v 517.02026 214.80504 25.824951
v 517.0591 214.8574 25.729004
v 517.02325 214.82048 25.780273
v 515.17865 214.78252 25.82251
v 515.17957 214.82335 32.219727
v 517.0542 214.98607 25.54834
v 515.1437 214.79527 25.81128
v 515.19464 214.786 25.797852
v 514.63275 215.28148 25.121094
v 514.6508 215.28679 25.084717
v 514.28156 215.75188 24.454834
v 513.9207 216.18031 23.84668
v 513.5837 216.55278 23.320068
v 494.03278 219.62816 7.9416504
v 493.73663 223.20256 7.9001465
v 493.73663 223.21452 8.938721
v 494.03278 219.64018 8.979736
v 494.03278 226.78886 8.896973
v 494.91333 216.15135 7.9819336
v 494.03278 226.77681 7.859131
v 494.91333 216.16331 9.02002
v 494.91333 230.26564 8.856934
v 496.35406 212.86684 8.019775
v 494.91333 230.25374 7.8186035
v 496.35413 212.87895 9.057861
v 496.35406 233.55028 8.819092
v 498.31598 209.8643 8.054443
v 496.35406 233.5382 7.7807617
v 498.31598 209.87627 9.092529
v 498.31598 236.55266 8.784424
v 500.74524 207.22557 8.084717
v 498.31598 236.54076 7.7460938
v 500.7453 207.23766 9.123047
v 500.74524 239.17943 7.7158203
v 503.57568 205.02263 8.110352
v 500.74524 239.19148 8.75415
v 503.57568 205.03459 9.148926
v 503.57568 241.3944 8.72876
v 506.73022 203.3156 8.130127
v 503.57568 241.38243 7.6901855
v 506.73022 203.32765 9.167969
v 506.73022 243.10143 8.708984
v 510.12268 202.16307 9.181641
v 506.73022 243.08946 7.6706543
v 510.12268 202.15105 8.143799
v 510.12262 244.26598 8.694824
v 513.6606 201.56075 8.150391
v 510.12268 244.25395 7.656494
v 513.6606 201.57274 9.189209
v 513.6606 244.85625 8.688477
v 517.2475 201.56071 8.150391
v 513.6606 244.84428 7.6501465
v 517.2474 201.57265 9.188721
v 517.2474 244.85637 8.688477
v 520.78534 202.15105 8.143555
v 517.2475 244.84435 7.6501465
v 520.78534 202.16307 9.181641
v 520.7853 244.25392 7.6569824
v 524.17786 203.31554 8.130127
v 520.7853 244.26598 8.695068
v 524.17786 203.32768 9.168213
v 524.17786 243.10143 8.708496
v 527.3323 205.02263 8.110352
v 524.17786 243.08946 7.67041
v 527.3323 205.03465 9.148926
v 527.3323 241.39442 8.7282715
v 530.1627 207.22557 8.084717
v 527.3323 241.38243 7.6901855
v 530.1627 207.23766 9.122803
v 530.1627 239.17946 7.715576
v 532.59204 209.8643 8.054443
v 530.1627 239.19145 8.754639
v 532.59204 209.87627 9.093018
v 532.59204 236.54076 7.7460938
v 534.5539 212.87883 9.057861
v 532.59204 236.55278 8.78418
v 534.5539 212.8669 8.02002
v 534.5539 233.55022 8.818848
v 535.99475 216.15141 7.9819336
v 534.5539 233.53825 7.7807617
v 535.99475 216.16331 9.02002
v 535.99475 230.2657 8.857178
v 536.8752 219.62822 7.9418945
v 535.99475 230.25371 7.819092
v 536.8752 219.64024 8.979736
v 536.8752 226.7889 8.896973
v 537.17145 223.20256 7.9001465
v 536.87506 226.77687 7.859131
v 537.17145 223.21446 8.938721
v 495.89685 219.82787 -1.6975098
v 495.62646 223.09105 -1.7355957
v 493.73663 223.20256 7.9001465
v 494.03278 219.62816 7.9416504
v 494.03278 226.77681 7.859131
v 496.7008 216.65367 -1.661377
v 495.89697 226.35442 -1.7729492
v 494.91333 216.15135 7.9819336
v 494.91333 230.25374 7.8186035
v 498.0163 213.65492 -1.6262207
v 496.7008 229.52861 -1.8100586
v 496.35406 212.86684 8.019775
v 496.35406 233.5382 7.7807617
v 499.80737 210.91368 -1.5944824
v 498.01624 232.5273 -1.8444824
v 498.31598 209.8643 8.054443
v 498.31598 236.54076 7.7460938
v 502.0252 208.50456 -1.5666504
v 499.80737 235.2686 -1.8762207
v 500.74524 207.22557 8.084717
v 500.74524 239.17943 7.7158203
v 504.60938 206.49336 -1.543457
v 502.0252 237.67772 -1.9038086
v 503.57568 205.02263 8.110352
v 503.57568 241.38243 7.6901855
v 507.48932 204.93486 -1.5251465
v 504.60938 239.68895 -1.9274902
v 506.73022 203.3156 8.130127
v 506.73022 243.08946 7.6706543
v 510.58655 203.87163 -1.5131836
v 507.48932 241.24736 -1.9453125
v 510.12268 202.15105 8.143799
v 510.12268 244.25395 7.656494
v 513.8167 203.33269 -1.5068359
v 510.58667 242.3106 -1.9570313
v 513.6606 201.56075 8.150391
v 513.6606 244.84428 7.6501465
v 517.0914 203.33269 -1.5073242
v 513.8166 242.8496 -1.9638672
v 517.2475 201.56071 8.150391
v 517.2475 244.84435 7.6501465
v 520.3213 203.87169 -1.5131836
v 517.0914 242.84966 -1.9641113
v 520.78534 202.15105 8.143555
v 520.7853 244.25392 7.6569824
v 523.41864 204.93486 -1.5251465
v 520.3213 242.31062 -1.9575195
v 524.17786 203.31554 8.130127
v 524.17786 243.08946 7.67041
v 526.29846 206.4933 -1.5432129
v 523.41864 241.24742 -1.9453125
v 527.3323 205.02263 8.110352
v 527.3323 241.38243 7.6901855
v 528.88275 208.5046 -1.5668945
v 526.2986 239.68895 -1.9274902
v 530.1627 207.22557 8.084717
v 528.8829 237.67766 -1.9040527
v 531.1007 210.91362 -1.5944824
v 530.1627 239.17946 7.715576
v 532.59204 209.8643 8.054443
v 532.59204 236.54076 7.7460938
v 532.8917 213.65498 -1.6264648
v 531.1007 235.2686 -1.8757324
v 534.5539 212.8669 8.02002
v 534.5539 233.53825 7.7807617
v 534.20715 216.65361 -1.6611328
v 532.8917 232.5273 -1.8444824
v 535.99475 216.15141 7.9819336
v 535.99475 230.25371 7.819092
v 536.8752 219.62822 7.9418945
v 534.20715 229.52867 -1.8095703
v 535.0111 219.8279 -1.6977539
v 536.87506 226.77687 7.859131
v 535.2814 223.09117 -1.7351074
v 535.011 226.35448 -1.7729492
v 537.17145 223.20256 7.9001465
v 495.89685 219.82787 -1.6975098
v 496.19226 219.87419 -1.9438477
v 495.92584 223.0883 -1.980957
v 496.98395 216.74791 -1.9074707
v 495.62646 223.09105 -1.7355957
v 496.7008 216.65367 -1.661377
v 495.89697 226.35442 -1.7729492
v 498.0163 213.65492 -1.6262207
v 496.19226 226.30232 -2.0183105
v 498.27954 213.79454 -1.8740234
v 496.7008 229.52861 -1.8100586
v 500.04364 211.09471 -1.8422852
v 496.98395 229.42867 -2.0546875
v 499.80737 210.91368 -1.5944824
v 498.01624 232.5273 -1.8444824
v 502.22803 208.72197 -1.8149414
v 498.27954 232.38206 -2.088379
v 502.0252 208.50456 -1.5666504
v 500.04364 235.08195 -2.1193848
v 504.60938 206.49336 -1.543457
v 499.80737 235.2686 -1.8762207
v 504.77307 206.74113 -1.7919922
v 502.22803 237.45464 -2.1469727
v 507.48932 204.93486 -1.5251465
v 502.0252 237.67772 -1.9038086
v 507.60968 205.20616 -1.7741699
v 504.60938 239.68895 -1.9274902
v 510.58655 203.87163 -1.5131836
v 504.77307 239.43553 -2.1699219
v 510.66022 204.15904 -1.762207
v 507.48932 241.24736 -1.9453125
v 513.8414 203.62816 -1.7565918
v 507.60968 240.97044 -2.1875
v 513.8167 203.33269 -1.5068359
v 510.66016 242.01768 -2.1999512
v 517.0667 203.62816 -1.7563477
v 510.58667 242.3106 -1.9570313
v 517.0914 203.33269 -1.5073242
v 513.8166 242.8496 -1.9638672
v 520.3213 203.87169 -1.5131836
v 513.8414 242.54845 -2.2060547
v 520.2478 204.15898 -1.762207
v 517.0666 242.54845 -2.206543
v 523.41864 204.93486 -1.5251465
v 517.0914 242.84966 -1.9641113
v 523.29834 205.20616 -1.7741699
v 520.2478 242.01762 -2.1999512
v 526.1349 206.74104 -1.7919922
v 520.3213 242.31062 -1.9575195
v 526.29846 206.4933 -1.5432129
v 523.41864 241.24742 -1.9453125
v 528.68005 208.72194 -1.8146973
v 523.29834 240.97038 -2.1875
v 528.88275 208.5046 -1.5668945
v 526.1349 239.43553 -2.1699219
v 531.1007 210.91362 -1.5944824
v 526.2986 239.68895 -1.9274902
v 530.86444 211.09471 -1.8422852
v 528.8829 237.67766 -1.9040527
v 532.6284 213.79454 -1.8735352
v 528.68005 237.45464 -2.1469727
v 532.8917 213.65498 -1.6264648
v 530.86444 235.0819 -2.119629
v 534.20715 216.65361 -1.6611328
v 531.1007 235.2686 -1.8757324
v 533.924 216.74791 -1.9077148
v 532.6284 232.382 -2.088379
v 535.0111 219.8279 -1.6977539
v 532.8917 232.5273 -1.8444824
v 534.7157 219.87419 -1.9438477
v 533.924 229.42867 -2.0544434
v 535.2814 223.09117 -1.7351074
v 534.20715 229.52867 -1.8095703
v 534.9821 223.0883 -1.980957
v 535.011 226.35448 -1.7729492
v 534.7157 226.30232 -2.0183105
v 497.29242 220.05785 -1.9428711
v 497.04126 223.0883 -1.9782715
v 495.92584 223.0883 -1.980957
v 497.29242 226.1187 -2.0131836
v 496.19226 219.87419 -1.9438477
v 496.19226 226.30232 -2.0183105
v 498.03894 217.11015 -1.9089355
v 496.98395 229.42867 -2.0546875
v 496.98395 216.74791 -1.9074707
v 498.03894 229.06654 -2.0473633
v 499.26062 214.32545 -1.8769531
v 499.2605 231.85124 -2.0793457
v 498.27954 213.79454 -1.8740234
v 498.27954 232.38206 -2.088379
v 500.92383 211.77983 -1.8474121
v 500.04364 235.08195 -2.1193848
v 500.04364 211.09471 -1.8422852
v 500.92377 234.3969 -2.1088867
v 502.98346 209.54262 -1.8220215
v 502.98346 236.63414 -2.1347656
v 502.22803 208.72197 -1.8149414
v 502.22803 237.45464 -2.1469727
v 505.38318 207.67491 -1.7995605
v 504.77307 239.43553 -2.1699219
v 504.77307 206.74113 -1.7919922
v 505.38318 238.50175 -2.15625
v 507.60968 205.20616 -1.7741699
v 508.05762 239.94902 -2.1733398
v 508.05774 206.22755 -1.7832031
v 507.60968 240.97044 -2.1875
v 510.93396 205.24031 -1.7717285
v 510.66016 242.01768 -2.1999512
v 510.66022 204.15904 -1.762207
v 510.93396 240.93645 -2.1845703
v 513.8414 203.62816 -1.7565918
v 513.93353 241.43694 -2.1904297
v 513.93353 204.73973 -1.7663574
v 513.8414 242.54845 -2.2060547
v 517.0667 203.62816 -1.7563477
v 516.97455 241.4369 -2.1899414
v 516.97455 204.73973 -1.7663574
v 517.0666 242.54845 -2.206543
v 519.974 205.24031 -1.7717285
v 520.2478 242.01762 -2.1999512
v 520.2478 204.15898 -1.762207
v 519.9741 240.93645 -2.1845703
v 522.85034 206.22765 -1.7834473
v 523.29834 240.97038 -2.1875
v 523.29834 205.20616 -1.7741699
v 522.85034 239.94914 -2.1733398
v 526.1349 206.74104 -1.7919922
v 525.5248 238.50175 -2.1564941
v 525.5248 207.67485 -1.7995605
v 526.1349 239.43553 -2.1699219
v 527.9246 209.54262 -1.8220215
v 527.9246 236.63411 -2.1347656
v 528.68005 208.72194 -1.8146973
v 528.68005 237.45464 -2.1469727
v 529.9842 211.77971 -1.8474121
v 530.86444 235.0819 -2.119629
v 530.86444 211.09471 -1.8422852
v 529.98413 234.39696 -2.1088867
v 532.6284 213.79454 -1.8735352
v 532.6284 232.382 -2.088379
v 531.64746 214.32536 -1.876709
v 531.6476 231.85118 -2.0793457
v 532.869 217.11015 -1.9089355
v 532.8691 229.06657 -2.0476074
v 533.924 216.74791 -1.9077148
v 533.924 229.42867 -2.0544434
v 534.7157 219.87419 -1.9438477
v 533.61554 226.11876 -2.0131836
v 533.61554 220.05785 -1.9428711
v 534.7157 226.30232 -2.0183105
v 534.9821 223.0883 -1.980957
v 533.8666 223.0883 -1.9782715
v 497.5373 220.10167 -1.6918945
v 497.28955 223.09123 -1.7265625
v 497.04126 223.0883 -1.9782715
v 497.53717 226.0808 -1.7609863
v 497.29242 220.05785 -1.9428711
v 497.29242 226.1187 -2.0131836
v 498.27362 217.19359 -1.6586914
v 498.03894 229.06654 -2.0473633
v 498.03894 217.11015 -1.9089355
v 498.27362 228.98888 -1.7949219
v 499.26062 214.32545 -1.8769531
v 499.47882 231.73604 -1.826416
v 499.4787 214.44643 -1.6269531
v 499.2605 231.85124 -2.0793457
v 500.92383 211.77983 -1.8474121
v 501.1197 234.24739 -1.8554688
v 501.1197 211.9351 -1.5976563
v 500.92377 234.3969 -2.1088867
v 503.15155 209.72813 -1.5720215
v 502.98346 236.63414 -2.1347656
v 502.98346 209.54262 -1.8220215
v 503.1515 236.45439 -1.8808594
v 505.38318 207.67491 -1.7995605
v 505.51886 238.29692 -1.9020996
v 505.51886 207.88548 -1.5507813
v 505.38318 238.50175 -2.15625
v 508.1574 206.45769 -1.5341797
v 508.05762 239.94902 -2.1733398
v 508.05774 206.22755 -1.7832031
v 508.1574 239.72478 -1.9189453
v 510.93396 205.24031 -1.7717285
v 510.9948 240.69875 -1.9304199
v 510.9948 205.48375 -1.5231934
v 510.93396 240.93645 -2.1845703
v 513.95404 204.98997 -1.5170898
v 513.93353 241.43694 -2.1904297
v 513.93353 204.73973 -1.7663574
v 513.95404 241.19261 -1.9360352
v 516.95404 204.98997 -1.517334
v 516.95404 241.19258 -1.935791
v 516.97455 204.73973 -1.7663574
v 516.97455 241.4369 -2.1899414
v 519.974 205.24031 -1.7717285
v 519.9131 240.69875 -1.9304199
v 519.91315 205.48369 -1.5231934
v 519.9741 240.93645 -2.1845703
v 522.85034 206.22765 -1.7834473
v 522.7506 239.72472 -1.9189453
v 522.7506 206.45778 -1.5344238
v 522.85034 239.94914 -2.1733398
v 525.3891 207.88557 -1.5505371
v 525.5248 238.50175 -2.1564941
v 525.5248 207.67485 -1.7995605
v 525.389 238.29704 -1.9023438
v 527.9246 209.54262 -1.8220215
v 527.7565 236.45451 -1.8813477
v 527.7564 209.72807 -1.5720215
v 527.9246 236.63411 -2.1347656
v 529.7884 211.93504 -1.5976563
v 529.98413 234.39696 -2.1088867
v 529.9842 211.77971 -1.8474121
v 529.7884 234.24739 -1.8554688
v 531.4292 214.44649 -1.626709
v 531.4292 231.7361 -1.826416
v 531.64746 214.32536 -1.876709
v 531.6476 231.85118 -2.0793457
v 532.869 217.11015 -1.9089355
v 532.8691 229.06657 -2.0476074
v 532.63434 217.19359 -1.657959
v 532.63434 228.98888 -1.7949219
v 533.37067 220.10173 -1.6918945
v 533.61554 226.11876 -2.0131836
v 533.61554 220.05785 -1.9428711
v 533.37067 226.08086 -1.7609863
v 533.6185 223.09123 -1.7265625
v 533.8666 223.0883 -1.9782715
v 497.5373 220.10167 -1.6918945
v 497.4718 220.15807 4.128174
v 497.22308 223.15855 4.0930176
v 497.28955 223.09123 -1.7265625
v 498.27362 217.19359 -1.6586914
v 497.4718 226.15907 4.0585938
v 498.21094 217.23933 4.161865
v 497.53717 226.0808 -1.7609863
v 499.4787 214.44643 -1.6269531
v 498.21094 229.07768 4.0249023
v 499.42035 214.48216 4.1933594
v 498.27362 228.98888 -1.7949219
v 501.1197 211.9351 -1.5976563
v 499.42035 231.83492 3.9924316
v 501.06732 211.96156 4.2226563
v 499.47882 231.73604 -1.826416
v 503.15155 209.72813 -1.5720215
v 501.06732 234.3554 3.9638672
v 503.1065 209.74644 4.248535
v 501.1197 234.24739 -1.8554688
v 505.51886 207.88548 -1.5507813
v 503.10663 236.57051 3.9379883
v 505.4826 207.89717 4.2700195
v 503.1515 236.45439 -1.8808594
v 508.13074 206.46422 4.286377
v 505.4826 238.41985 3.916748
v 508.1574 206.45769 -1.5341797
v 505.51886 238.29692 -1.9020996
v 510.9948 205.48375 -1.5231934
v 508.13074 239.8528 3.9003906
v 510.97858 205.48668 4.2973633
v 508.1574 239.72478 -1.9189453
v 513.95404 204.98997 -1.5170898
v 510.97858 240.8303 3.888916
v 513.94855 204.99107 4.3032227
v 510.9948 240.69875 -1.9304199
v 516.95404 204.98997 -1.517334
v 513.94855 241.32594 3.8830566
v 516.9594 204.99113 4.3029785
v 513.95404 241.19261 -1.9360352
v 519.91315 205.48369 -1.5231934
v 516.9594 241.32597 3.8833008
v 519.9295 205.48662 4.2973633
v 516.95404 241.19258 -1.935791
v 522.7506 206.45778 -1.5344238
v 519.9131 240.69875 -1.9304199
v 522.7772 206.46428 4.286133
v 519.9295 240.83037 3.8891602
v 525.3891 207.88557 -1.5505371
v 522.7772 239.85274 3.9003906
v 525.42523 207.89726 4.2700195
v 522.7506 239.72472 -1.9189453
v 527.7564 209.72807 -1.5720215
v 525.42523 238.41985 3.916748
v 527.80145 209.7465 4.248291
v 525.389 238.29704 -1.9023438
v 529.7884 211.93504 -1.5976563
v 527.80145 236.57051 3.9382324
v 529.84064 211.96156 4.2226563
v 527.7565 236.45451 -1.8813477
v 531.4292 214.44649 -1.626709
v 529.84076 234.35533 3.9638672
v 531.4876 214.48204 4.1938477
v 529.7884 234.24739 -1.8554688
v 532.63434 217.19359 -1.657959
v 531.4876 231.83492 3.9924316
v 532.697 217.2394 4.161865
v 531.4292 231.7361 -1.826416
v 533.37067 220.10173 -1.6918945
v 532.697 229.07768 4.0249023
v 533.4362 220.158 4.128174
v 532.63434 228.98888 -1.7949219
v 533.6185 223.09123 -1.7265625
v 533.4362 226.15904 4.058838
v 533.6848 223.15855 4.0930176
v 533.37067 226.08086 -1.7609863
v 498.12665 220.19984 -1.7155762
v 497.88702 223.09099 -1.7485352
v 497.22308 223.15855 4.0930176
v 497.4718 220.15807 4.128174
v 497.4718 226.15907 4.0585938
v 498.8388 217.38731 -1.6826172
v 498.12665 225.98225 -1.7822266
v 498.21094 217.23933 4.161865
v 498.21094 229.07768 4.0249023
v 500.00433 214.73058 -1.6518555
v 498.8388 228.79457 -1.8146973
v 499.42035 214.48216 4.1933594
v 499.42035 231.83492 3.9924316
v 501.5912 212.30183 -1.6237793
v 500.00433 231.45134 -1.8452148
v 501.06732 211.96156 4.2226563
v 501.06732 234.3554 3.9638672
v 503.55615 210.1674 -1.5991211
v 501.59113 233.88011 -1.873291
v 503.1065 209.74644 4.248535
v 503.10663 236.57051 3.9379883
v 505.84583 208.38539 -1.5783691
v 503.55615 236.01463 -1.8979492
v 505.4826 207.89717 4.2700195
v 505.4826 238.41985 3.916748
v 508.39746 207.00462 -1.5625
v 505.84583 237.7965 -1.9187012
v 508.13074 206.46422 4.286377
v 508.13074 239.8528 3.9003906
v 511.14154 206.0627 -1.5515137
v 508.39752 239.17735 -1.9345703
v 510.97858 205.48668 4.2973633
v 510.97858 240.8303 3.888916
v 514.0033 205.58513 -1.5458984
v 511.14154 240.11931 -1.9450684
v 513.94855 204.99107 4.3032227
v 513.94855 241.32594 3.8830566
v 516.9046 205.58519 -1.5458984
v 514.0033 240.59691 -1.9509277
v 516.9594 204.99113 4.3029785
v 516.9594 241.32597 3.8833008
v 519.7665 206.06273 -1.5517578
v 516.90466 240.59679 -1.9509277
v 519.9295 205.48662 4.2973633
v 519.9295 240.83037 3.8891602
v 522.5105 207.00462 -1.5625
v 519.7665 240.11931 -1.9450684
v 522.7772 206.46428 4.286133
v 522.7772 239.85274 3.9003906
v 525.06226 208.38554 -1.5786133
v 522.5105 239.17735 -1.9345703
v 525.42523 207.89726 4.2700195
v 525.42523 238.41985 3.916748
v 527.3518 210.16743 -1.5991211
v 525.06226 237.79655 -1.9187012
v 527.80145 209.7465 4.248291
v 527.80145 236.57051 3.9382324
v 529.3167 212.30183 -1.6237793
v 527.3518 236.01463 -1.8984375
v 529.84064 211.96156 4.2226563
v 529.84076 234.35533 3.9638672
v 530.9037 214.73058 -1.6523438
v 529.3167 233.88011 -1.873291
v 531.4876 214.48204 4.1938477
v 531.4876 231.83492 3.9924316
v 532.06915 217.38734 -1.682373
v 530.9037 231.4514 -1.8452148
v 532.697 217.2394 4.161865
v 532.06915 228.79454 -1.8144531
v 532.78143 220.19975 -1.715332
v 532.697 229.07768 4.0249023
v 533.4362 220.158 4.128174
v 533.4362 226.15904 4.058838
v 533.021 223.09099 -1.7485352
v 532.78143 225.98228 -1.7822266
v 533.6848 223.15855 4.0930176
v 498.40216 220.2429 -1.9658203
v 498.16632 223.08809 -1.9980469
v 497.88702 223.09099 -1.7485352
v 498.40216 225.9334 -2.0310059
v 498.12665 220.19984 -1.7155762
v 498.12665 225.98225 -1.7822266
v 498.8388 217.38731 -1.6826172
v 498.8388 228.79457 -1.8146973
v 499.10297 217.47514 -1.9331055
v 499.1031 228.70103 -2.0629883
v 500.25006 214.86064 -1.9030762
v 500.25006 231.3155 -2.0935059
v 500.00433 214.73058 -1.6518555
v 500.00433 231.45134 -1.8452148
v 501.81158 212.47057 -1.8754883
v 501.59113 233.88011 -1.873291
v 501.5912 212.30183 -1.6237793
v 501.81158 233.70564 -2.1206055
v 503.55615 210.1674 -1.5991211
v 503.55615 236.01463 -1.8979492
v 503.74536 210.36998 -1.8508301
v 503.74536 235.8062 -2.1450195
v 505.84583 208.38539 -1.5783691
v 505.99847 237.5598 -2.1655273
v 505.99847 208.61644 -1.8305664
v 505.84583 237.7965 -1.9187012
v 508.50964 207.25768 -1.8154297
v 508.39752 239.17735 -1.9345703
v 508.39746 207.00462 -1.5625
v 508.50964 238.91856 -2.1811523
v 511.14154 206.0627 -1.5515137
v 511.21014 239.8456 -2.1916504
v 511.21014 206.33064 -1.8044434
v 511.14154 240.11931 -1.9450684
v 514.0033 205.58513 -1.5458984
v 514.0033 240.59691 -1.9509277
v 514.02637 205.8607 -1.7988281
v 514.0264 240.31554 -2.1972656
v 516.9046 205.58519 -1.5458984
v 516.8816 240.3156 -2.1970215
v 516.88153 205.86064 -1.7988281
v 516.90466 240.59679 -1.9509277
v 519.7665 206.06273 -1.5517578
v 519.6978 239.8456 -2.1916504
v 519.6978 206.33064 -1.8044434
v 519.7665 240.11931 -1.9450684
v 522.5105 207.00462 -1.5625
v 522.5105 239.17735 -1.9345703
v 522.3984 207.25752 -1.8149414
v 522.3984 238.91862 -2.1813965
v 524.90936 208.61647 -1.8308105
v 525.06226 237.79655 -1.9187012
v 525.06226 208.38554 -1.5786133
v 524.90936 237.55974 -2.165039
v 527.3518 210.16743 -1.5991211
v 527.16254 235.8062 -2.1450195
v 527.16254 210.37004 -1.8508301
v 527.3518 236.01463 -1.8984375
v 529.3167 212.30183 -1.6237793
v 529.3167 233.88011 -1.873291
v 529.0964 212.47054 -1.8757324
v 529.0965 233.7057 -2.1206055
v 530.658 214.86064 -1.902832
v 530.658 231.31566 -2.0930176
v 530.9037 214.73058 -1.6523438
v 530.9037 231.4514 -1.8452148
v 531.8049 217.4752 -1.9333496
v 532.06915 228.79454 -1.8144531
v 532.06915 217.38734 -1.682373
v 531.8049 228.70103 -2.0632324
v 532.78143 220.19975 -1.715332
v 532.5058 225.93336 -2.0310059
v 532.5058 220.24294 -1.965332
v 532.78143 225.98228 -1.7822266
v 532.7415 223.08809 -1.9980469
v 533.021 223.09099 -1.7485352
v 514.65173 233.93599 8.814209
v 514.65173 233.8095 -2.1220703
v 513.3741 232.53145 -2.1074219
v 513.3741 232.65788 8.829102
v 516.18585 233.93593 8.814209
v 516.18585 233.80956 -2.1220703
v 514.65173 233.8095 -2.1220703
v 514.65173 233.93599 8.814209
v 517.464 232.53145 -2.1074219
v 516.18585 233.80956 -2.1220703
v 516.18585 233.93593 8.814209
v 517.464 232.65788 8.829346
v 517.464 228.2335 -2.0576172
v 517.464 232.53145 -2.1074219
v 517.464 232.65788 8.829346
v 517.46387 228.35997 8.87915
v 515.6559 227.2118 -2.0456543
v 517.464 228.2335 -2.0576172
v 517.46387 228.35997 8.87915
v 515.6559 227.3383 8.891113
v 515.6563 224.8543 -2.0183105
v 515.6559 227.2118 -2.0456543
v 515.6559 227.3383 8.891113
v 515.6563 224.98079 8.918457
v 517.45917 224.14702 -2.010254
v 515.6563 224.8543 -2.0183105
v 515.6563 224.98079 8.918457
v 517.45917 224.27348 8.926514
v 517.45917 219.9861 -1.9619141
v 517.45917 224.14702 -2.010254
v 517.45917 224.27348 8.926514
v 517.45917 220.11253 8.974365
v 516.12787 219.11754 -1.9519043
v 517.45917 219.9861 -1.9619141
v 517.45917 220.11253 8.974365
v 516.12775 219.244 8.984375
v 516.12604 217.35619 -1.9316406
v 516.12787 219.11754 -1.9519043
v 516.12775 219.244 8.984375
v 516.12604 217.48268 9.004639
v 517.4652 216.76006 -1.9250488
v 516.12604 217.35619 -1.9316406
v 516.12604 217.48268 9.004639
v 517.4653 216.88637 9.011475
v 517.4643 213.58278 -1.8881836
v 517.4652 216.76006 -1.9250488
v 517.4653 216.88637 9.011475
v 517.46423 213.70918 9.048096
v 516.2413 212.35994 -1.8740234
v 517.4643 213.58278 -1.8881836
v 517.46423 213.70918 9.048096
v 516.2413 212.48637 9.0625
v 514.60333 212.35948 -1.8740234
v 516.2413 212.35994 -1.8740234
v 516.2413 212.48637 9.0625
v 514.60333 212.48592 9.062256
v 514.60333 212.35948 -1.8740234
v 514.60333 212.48592 9.062256
v 513.38043 213.70805 9.048584
v 513.3803 213.58168 -1.8879395
v 517.45917 224.27348 8.926514
v 515.6563 224.98079 8.918457
v 515.6559 227.3383 8.891113
v 517.46387 228.35997 8.87915
v 517.4653 216.88637 9.011475
v 517.45917 220.11253 8.974365
v 516.12775 219.244 8.984375
v 516.12604 217.48268 9.004639
v 517.464 232.65788 8.829346
v 524.17786 243.10143 8.708496
v 527.3323 241.39442 8.7282715
v 530.1627 239.19145 8.754639
v 516.18585 233.93593 8.814209
v 520.7853 244.26598 8.695068
v 517.2474 244.85637 8.688477
v 532.59204 236.55278 8.78418
v 514.65173 233.93599 8.814209
v 513.6606 244.85625 8.688477
v 510.12262 244.26598 8.694824
v 534.5539 233.55022 8.818848
v 513.3741 232.65788 8.829102
v 535.99475 230.2657 8.857178
v 506.73022 243.10143 8.708984
v 536.8752 226.7889 8.896973
v 503.57568 241.3944 8.72876
v 537.17145 223.21446 8.938721
v 500.74524 239.19148 8.75415
v 536.8752 219.64024 8.979736
v 498.31598 236.55266 8.784424
v 535.99475 216.16331 9.02002
v 534.5539 212.87883 9.057861
v 532.59204 209.87627 9.093018
v 496.35406 233.55028 8.819092
v 517.46423 213.70918 9.048096
v 494.91333 230.26564 8.856934
v 530.1627 207.23766 9.122803
v 494.03278 226.78886 8.896973
v 527.3323 205.03465 9.148926
v 493.73663 223.21452 8.938721
v 524.17786 203.32768 9.168213
v 494.03278 219.64018 8.979736
v 516.2413 212.48637 9.0625
v 494.91333 216.16331 9.02002
v 520.78534 202.16307 9.181641
v 496.35413 212.87895 9.057861
v 517.2474 201.57265 9.188721
v 498.31598 209.87627 9.092529
v 514.60333 212.48592 9.062256
v 513.38043 213.70805 9.048584
v 513.6606 201.57274 9.189209
v 500.7453 207.23766 9.123047
v 510.12268 202.16307 9.181641
v 503.57568 205.03459 9.148926
v 506.73022 203.32765 9.167969
v 517.45917 219.9861 -1.9619141
v 516.12787 219.11754 -1.9519043
v 516.12604 217.35619 -1.9316406
v 527.16254 235.8062 -2.1450195
v 517.45917 224.14702 -2.010254
v 515.6559 227.2118 -2.0456543
v 515.6563 224.8543 -2.0183105
v 517.464 228.2335 -2.0576172
v 517.464 232.53145 -2.1074219
v 529.0965 233.7057 -2.1206055
v 524.90936 237.55974 -2.165039
v 522.3984 238.91862 -2.1813965
v 517.4652 216.76006 -1.9250488
v 516.18585 233.80956 -2.1220703
v 519.6978 239.8456 -2.1916504
v 516.8816 240.3156 -2.1970215
v 514.65173 233.8095 -2.1220703
v 514.0264 240.31554 -2.1972656
v 511.21014 239.8456 -2.1916504
v 530.658 231.31566 -2.0930176
v 513.3741 232.53145 -2.1074219
v 531.8049 228.70103 -2.0632324
v 508.50964 238.91856 -2.1811523
v 532.5058 225.93336 -2.0310059
v 505.99847 237.5598 -2.1655273
v 532.7415 223.08809 -1.9980469
v 503.74536 235.8062 -2.1450195
v 532.5058 220.24294 -1.965332
v 501.81158 233.70564 -2.1206055
v 531.8049 217.4752 -1.9333496
v 500.25006 231.3155 -2.0935059
v 530.658 214.86064 -1.902832
v 529.0964 212.47054 -1.8757324
v 527.16254 210.37004 -1.8508301
v 499.1031 228.70103 -2.0629883
v 517.4643 213.58278 -1.8881836
v 498.40216 225.9334 -2.0310059
v 524.90936 208.61647 -1.8308105
v 498.16632 223.08809 -1.9980469
v 522.3984 207.25752 -1.8149414
v 498.40216 220.2429 -1.9658203
v 516.2413 212.35994 -1.8740234
v 499.10297 217.47514 -1.9331055
v 519.6978 206.33064 -1.8044434
v 500.25006 214.86064 -1.9030762
v 516.88153 205.86064 -1.7988281
v 501.81158 212.47057 -1.8754883
v 514.60333 212.35948 -1.8740234
v 503.74536 210.36998 -1.8508301
v 514.02637 205.8607 -1.7988281
v 513.3803 213.58168 -1.8879395
v 511.21014 206.33064 -1.8044434
v 505.99847 208.61644 -1.8305664
v 508.50964 207.25768 -1.8154297
vt 0.021095 0.42216396
vt 0.016796 0.42212403
vt 0.0167 0.42752004
vt 0.020999 0.42755997
vt 0.05987 0.483378
vt 0.884976 0.483378
vt 0.565927 0.48322797
vt 0.062917 0.48322797
vt 0.886959 0.48354304
vt 0.058581 0.48339498
vt 0.568046 0.483392
vt 0.563131 0.48305798
vt 0.569242 0.483209
vt 0.676353 0.514719
vt 0.06297 0.48305798
vt 0.562944 0.43323696
vt 0.569235 0.43314302
vt 0.062782 0.43323696
vt 0.623757 0.48270702
vt 0.564354 0.432949
vt 0.637316 0.428369
vt 0.062473 0.433183
vt 0.632214 0.428173
vt 0.074303 0.432949
vt 0.237778 0.43021297
vt 0.062661 0.48322403
vt 0.228603 0.430448
vt 0.228802 0.48317897
vt 0.366566 0.42639303
vt 0.35973 0.426647
vt 0.36001 0.4856
vt 0.22298 0.51327097
vt 0.441607 0.42282498
vt 0.706541 0.4239
vt 0.446855 0.42257
vt 0.441875 0.48926902
vt 0.712597 0.42406702
vt 0.353019 0.51566
vt 0.696833 0.482198
vt 0.804285 0.420317
vt 0.801887 0.48169804
vt 0.811448 0.420471
vt 0.502248 0.41688204
vt 0.899895 0.41763198
vt 0.499015 0.416987
vt 0.499313 0.493231
vt 0.430842 0.518032
vt 0.905375 0.417354
vt 0.906017 0.41782296
vt 0.90614 0.48122597
vt 0.503344 0.41659498
vt 0.910103 0.481187
vt 0.49919 0.41644704
vt 0.909891 0.417355
vt 0.499108 0.395527
vt 0.503261 0.395508
vt 0.506783 0.40319204
vt 0.905301 0.394768
vt 0.507141 0.49679196
vt 0.900444 0.39448702
vt 0.49232 0.520521
vt 0.502187 0.395221
vt 0.909631 0.394392
vt 0.498929 0.39511096
vt 0.909816 0.39477003
vt 0.809225 0.391644
vt 0.913772 0.398566
vt 0.498567 0.302579
vt 0.441469 0.38913703
vt 0.446679 0.389396
vt 0.441144 0.30917597
vt 0.359532 0.38522696
vt 0.71653 0.387914
vt 0.366193 0.385481
vt 0.815975 0.39148104
vt 0.228417 0.38134098
vt 0.722449 0.387739
vt 0.359192 0.3135
vt 0.643299 0.383546
vt 0.237249 0.38157296
vt 0.228177 0.317791
vt 0.142929 0.379883
vt 0.559056 0.37868297
vt 0.149897 0.380063
vt 0.648549 0.383348
vt 0.136535 0.37936997
vt 0.142702 0.31940198
vt 0.236506 0.317559
vt 0.14945 0.319219
vt 0.365526 0.313246
vt 0.44626 0.30891
vt 0.660149 0.315574
vt 0.737727 0.31083798
vt 0.558702 0.32074404
vt 0.140739 0.31973803
vt 0.1485 0.320606
vt 0.136311 0.31997097
vt 0.143219 0.320341
vt 0.139059 0.32062197
vt 0.149194 0.32096
vt 0.139278 0.37878
vt 0.140973 0.379593
vt 0.149411 0.37847304
vt 0.143427 0.37905204
vt 0.148696 0.37881398
vt 0.562737 0.37848902
vt 0.569737 0.37857997
vt 0.56252 0.32094204
vt 0.569503 0.320848
vt 0.665407 0.315776
vt 0.743252 0.311028
vt 0.823358 0.30662298
vt 0.829197 0.30680704
vt 0.502934 0.302334
vt 0.904687 0.30299497
vt 0.909328 0.30323803
vt 0.909161 0.298504
vt 0.505754 0.293693
vt 0.510655 0.29370904
vt 0.913452 0.298813
vt 0.510698 0.293662
vt 0.91324 0.294101
vt 0.917922 0.40526998
vt 0.510645 0.279509
vt 0.91382 0.413639
vt 0.917657 0.294118
vt 0.914034 0.48070502
vt 0.91815 0.480201
vt 0.922267 0.479697
vt 0.90609 0.513313
vt 0.913194 0.279041
vt 0.917692 0.27920902
vt 0.921909 0.28792596
vt 0.917526 0.278583
vt 0.913086 0.27873898
vt 0.505697 0.27930796
vt 0.510539 0.279207
vt 0.908995 0.27364004
vt 0.462274 0.28693104
vt 0.498433 0.26893902
vt 0.463074 0.49829996
vt 0.503026 0.26926804
vt 0.499868 0.52269602
vt 0.903971 0.268421
vt 0.485328 0.54781097
vt 0.91337 0.27340198
vt 0.419811 0.546794
vt 0.913038 0.16990697
vt 0.346029 0.54571903
vt 0.917119 0.16539401
vt 0.21716 0.54336298
vt 0.339038 0.57577902
vt 0.062726 0.51369
vt 0.211339 0.57345402
vt 0.062765 0.54415601
vt 0.058796 0.51377898
vt 0.059013 0.54429
vt 0.062774 0.57462198
vt 0.055526 0.48354602
vt 0.215011 0.578817
vt 0.408779 0.575557
vt 0.059234 0.574771
vt 0.063687 0.57984298
vt 0.054041 0.520943
vt 0.060004 0.579953
vt 0.052551 0.55850798
vt 0.051092 0.59593898
vt 0.063028 0.58867598
vt 0.229716 0.58678198
vt 0.067038 0.588544
vt 0.229669 0.59170097
vt 0.064167 0.59340203
vt 0.068229 0.593296
vt 0.052492 0.609048
vt 0.065373 0.600914
vt 0.21813 0.59941
vt 0.06941 0.60079998
vt 0.376774 0.58792102
vt 0.478334 0.57510102
vt 0.492599 0.54860002
vt 0.485327 0.57450402
vt 0.261713 0.601036
vt 0.457326 0.523542
vt 0.273093 0.60266298
vt 0.396482 0.586834
vt 0.451579 0.54878497
vt 0.445831 0.57402802
vt 0.189774 0.605927
vt 0.379601 0.573772
vt 0.334497 0.58658803
vt 0.3011 0.591411
vt 0.374224 0.54859298
vt 0.238603 0.57367003
vt 0.227626 0.58640897
vt 0.276966 0.60263598
vt 0.219138 0.59888297
vt 0.195047 0.60517597
vt 0.071136 0.608593
vt 0.073053 0.607148
vt 0.074092 0.59948897
vt 0.067236 0.608801
vt 0.069212 0.60729897
vt 0.070124 0.59949
vt 0.07445 0.58674997
vt 0.070523 0.586744
vt 0.07987 0.60930502
vt 0.079789 0.59682697
vt 0.071172 0.57398802
vt 0.079708 0.58434898
vt 0.075091 0.57399398
vt 0.075257 0.54873502
vt 0.071331 0.54873002
vt 0.079628 0.57187098
vt 0.239087 0.54851598
vt 0.071489 0.523471
vt 0.368847 0.523413
vt 0.075421 0.523476
vt 0.239571 0.52336103
vt 0.36347 0.49823296
vt 0.075585 0.498217
vt 0.240056 0.49820697
vt 0.461426 0.062907994
vt 0.238343 0.04618901
vt 0.361785 0.055447996
vt 0.071651 0.498213
vt 0.082611 0.041356027
vt 0.078676 0.041078985
vt 0.073479 0.49804497
vt 0.245749 0.046036005
vt 0.078607 0.03678298
vt 0.085099 0.04113102
vt 0.075361 0.497873
vt 0.367661 0.05525601
vt 0.07946 0.54709
vt 0.466739 0.06273401
vt 0.920467 0.05440098
vt 0.917192 0.06279302
vt 0.919995 0.054365993
vt 0.921489 0.063115
vt 0.926361 0.05469203
vt 0.91259 0.068533
vt 0.916878 0.06883299
vt 0.510025 0.068780005
vt 0.908431 0.07268
vt 0.926384 0.47919297
vt 0.916998 0.10747099
vt 0.912728 0.07296598
vt 0.930316 0.47871196
vt 0.929088 0.054571986
vt 0.925309 0.054588974
vt 0.926513 0.478687
vt 0.676455 0.04538101
vt 0.684791 0.04573798
vt 0.082952 0.036588013
vt 0.518554 0.036547005
vt 0.073478 0.028298974
vt 0.077826 0.028141022
vt 0.524426 0.036900997
vt 0.077242 0.497701
vt 0.686087 0.47855997
vt 0.476258 0.021233976
vt 0.525871 0.47848904
vt 0.075436 0.02144003
vt 0.685323 0.51131302
vt 0.079773 0.021189988
vt 0.92707 0.511447
vt 0.480604 0.021489978
vt 0.930854 0.511464
vt 0.47772 0.015380025
vt 0.927629 0.54420698
vt 0.684561 0.54406703
vt 0.541141 0.51126403
vt 0.479824 0.47921503
vt 0.931417 0.54421902
vt 0.482104 0.01564598
vt 0.928186 0.576967
vt 0.483503 0.482476
vt 0.683797 0.57682002
vt 0.499998 0.511315
vt 0.55641 0.544039
vt 0.520173 0.543414
vt 0.503026 0.51297498
vt 0.552799 0.48659098
vt 0.540347 0.57551402
vt 0.564744 0.515041
vt 0.571677 0.576814
vt 0.522549 0.543473
vt 0.542072 0.573972
vt 0.569921 0.586805
vt 0.571079 0.58550203
vt 0.595055 0.588037
vt 0.588635 0.57194299
vt 0.687913 0.58840698
vt 0.609632 0.584009
vt 0.928347 0.58902
vt 0.689003 0.600649
vt 0.931996 0.576972
vt 0.92954 0.60242498
vt 0.932086 0.589042
vt 0.901039 0.54570198
vt 0.894302 0.577704
vt 0.902472 0.51334202
vt 0.897372 0.54571003
vt 0.820965 0.51366597
vt 0.891009 0.57594597
vt 0.768617 0.514014
vt 0.837544 0.545662
vt 0.714457 0.51436198
vt 0.893678 0.57754302
vt 0.808439 0.545838
vt 0.893572 0.577542
vt 0.789325 0.54602498
vt 0.890683 0.57671398
vt 0.785236 0.54621398
vt 0.888208 0.51481998
vt 0.889466 0.54626298
vt 0.89034 0.483647
vt 0.891558 0.51493102
vt 0.892815 0.54637402
vt 0.894071 0.57781702
vt 0.88886 0.520943
vt 0.887369 0.55850798
vt 0.894158 0.57782102
vt 0.885904 0.595917
vt 0.898602 0.590631
vt 0.879877 0.54826897
vt 0.933244 0.60244
vt 0.900528 0.60082603
vt 0.93325 0.60270298
vt 0.887311 0.60904598
vt 0.931448 0.610129
vt 0.902074 0.60868
vt 0.69033 0.60600102
vt 0.935103 0.610182
vt 0.692532 0.60502
vt 0.925373 0.609739
vt 0.935433 0.610363
vt 0.934917 0.60858297
vt 0.913537 0.824435
vt 0.694629 0.594204
vt 0.937415 0.595707
vt 0.696239 0.582269
vt 0.938418 0.58287102
vt 0.691926 0.569623
vt 0.941418 0.595761
vt 0.576691 0.54349202
vt 0.938833 0.570045
vt 0.694527 0.543671
vt 0.697127 0.51771998
vt 0.942422 0.58290702
vt 0.940087 0.544043
vt 0.942825 0.570081
vt 0.699728 0.49176896
vt 0.941341 0.51804
vt 0.944079 0.54405898
vt 0.934525 0.579988
vt 0.934829 0.54719502
vt 0.945332 0.51803398
vt 0.934454 0.592058
vt 0.939712 0.570082
vt 0.942595 0.492038
vt 0.550621 0.0056610107
vt 0.940757 0.0002760291
vt 0.545878 0.005442977
vt 0.697343 0.0009970069
vt 0.690897 0.0008209944
vt 0.946586 0.492006
vt 0.938851 0.00009697676
vt 0.944596 0.00027400255
vt 0.086036 0.00080502033
vt 0.941656 0.00040000677
vt 0.083565 0.0055410266
vt 0.945025 0.490552
vt 0.081307 0.015495002
vt 0.937314 0.00022298098
vt 0.076972 0.015763998
vt 0.079228 0.0057719946
vt 0.079123 0.49752903
vt 0.08095 0.497087
vt 0.081698 0.00098598
vt 0.079291 0.52231002
vt 0.082775 0.49664402
vt 0.086006 0.522103
vt 0.084548 0.496215
vt 0.083298 0.00019401312
vt 0.087466 0.547993
vt 0.090323 0
vt 0.087475 0.00017100573
vt 0.08863 0.49619603
vt 0.337759 0.0002629757
vt 0.329762 0.00043600798
vt 0.331494 0.49583304
vt 0.090084 0.522094
vt 0.476538 0.0040439963
vt 0.481321 0.0038430095
vt 0.088925 0.57388598
vt 0.091541 0.547992
vt 0.089426 0.58667803
vt 0.092996 0.57388902
vt 0.334296 0.52167797
vt 0.090523 0.599447
vt 0.337098 0.54752398
vt 0.093508 0.58668
vt 0.454933 0.547175
vt 0.3399 0.57336903
vt 0.335682 0.585984
vt 0.466658 0.518813
vt 0.443207 0.57553798
vt 0.509072 0.54698098
vt 0.478383 0.49045002
vt 0.528359 0.516541
vt 0.489786 0.577421
vt 0.545856 0.014141023
vt 0.547646 0.48609996
vt 0.511449 0.54673898
vt 0.531374 0.51464802
vt 0.551299 0.482557
vt 0.422301 0.58759302
vt 0.49023 0.514439
vt 0.337385 0.597844
vt 0.460867 0.58896297
vt 0.491521 0.57883
vt 0.094611 0.59943497
vt 0.339565 0.608495
vt 0.462034 0.59011602
vt 0.475217 0.54723197
vt 0.460201 0.58002502
vt 0.093121 0.61216003
vt 0.097207 0.612114
vt 0.341774 0.60930598
vt 0.43691 0.591236
vt 0.343059 0.603853
vt 0.100686 0.613392
vt 0.348081 0.57993698
vt 0.344053 0.59153098
vt 0.102535 0.60554302
vt 0.103624 0.59205002
vt 0.347065 0.54715002
vt 0.103692 0.579988
vt 0.103997 0.54719502
vt 0.346046 0.514363
vt 0.099761 0.57988602
vt 0.1043 0.51440197
vt 0.100065 0.547121
vt 0.100367 0.51436102
vt 0.099689 0.59207797
vt 0.104894 0.570082
vt 0.104785 0.54056197
vt 0.098601 0.6056
vt 0.107197 0.594943
vt 0.09674 0.613517
vt 0.109579 0.61141098
vt 0.109281 0.569988
vt 0.096683 0.613626
vt 0.111593 0.594966
vt 0.093181 0.61233997
vt 0.109175 0.540488
vt 0.086185 0.82345402
vt 0.082436 0.822424
vt 0.114428 0.633035
vt 0.078688 0.82345402
vt 0.089821 0.82651299
vt 0.075051 0.82651299
vt 0.077949 0.82284403
vt 0.081684 0.82387298
vt 0.074214 0.82387298
vt 0.085307 0.82692802
vt 0.071608 0.82426101
vt 0.075216 0.827313
vt 0.067885 0.82323402
vt 0.070592 0.82692802
vt 0.064163 0.82426101
vt 0.060768 0.824435
vt 0.071637 0.83150798
vt 0.057053 0.82340801
vt 0.060554 0.827313
vt 0.064372 0.82748401
vt 0.053335 0.824435
vt 0.046475 0.82340801
vt 0.067193 0.83191597
vt 0.042759 0.824435
vt 0.049732 0.82748401
vt 0.050192 0.824435
vt 0.039155 0.82748401
vt 0.035642 0.823582
vt 0.057166 0.832295
vt 0.031935 0.824606
vt 0.035774 0.83246398
vt 0.039349 0.824606
vt 0.02834 0.82764798
vt 0.025578 0.82397097
vt 0.04635 0.83246398
vt 0.021893 0.82498997
vt 0.024968 0.83261502
vt 0.029263 0.82498997
vt 0.018319 0.82801402
vt 0.021091 0.824391
vt 0.032719 0.83922303
vt 0.017428 0.82540298
vt 0.014968 0.83295298
vt 0.024754 0.82540298
vt 0.013878 0.82840902
vt 0.018355 0.84197903
vt 0.021921 0.839356
vt 0.015701 0.84422499
vt 0.010546 0.83331603
vt 0.021091 0.841223
vt 0.013211 0.847893
vt 0.025872 0.842668
vt 0.011937 0.83965498
vt 0.023255 0.84488201
vt 0.010961 0.85286999
vt 0.028571 0.84192199
vt 0.020801 0.84849799
vt 0.038441 0.84314603
vt 0.007535 0.83997601
vt 0.035851 0.845339
vt 0.018582 0.85340601
vt 0.041113 0.842408
vt 0.03342 0.84891897
vt 0.056512 0.84343201
vt 0.009018 0.859007
vt 0.053937 0.84561098
vt 0.031222 0.853778
vt 0.059168 0.84269798
vt 0.051521 0.84917003
vt 0.077206 0.84561098
vt 0.016666 0.859456
vt 0.074789 0.84917003
vt 0.049336 0.85399997
vt 0.079781 0.84343201
vt 0.072606 0.85399997
vt 0.909608 0.84917003
vt 0.029325 0.85976899
vt 0.907423 0.85399997
vt 0.07072 0.85995501
vt 0.912024 0.84561098
vt 0.905538 0.85995501
vt 0.930693 0.85399997
vt 0.047452 0.85995501
vt 0.928806 0.85995501
vt 0.904009 0.866853
vt 0.932876 0.84917003
vt 0.927278 0.866853
vt 0.948689 0.853778
vt 0.069191 0.866853
vt 0.946793 0.85976899
vt 0.92615 0.87448502
vt 0.950885 0.84891897
vt 0.945253 0.86670798
vt 0.961131 0.85340601
vt 0.902883 0.87448502
vt 0.959216 0.859456
vt 0.94412 0.87438601
vt 0.96335 0.84849799
vt 0.957663 0.86646497
vt 0.968468 0.85286999
vt 0.92546 0.88261902
vt 0.966525 0.859007
vt 0.956517 0.87422001
vt 0.970718 0.847893
vt 0.964949 0.86611497
vt 0.962204 0.847556
vt 0.943426 0.882569015
vt 0.960065 0.85720801
vt 0.963788 0.873981
vt 0.964842 0.83922303
vt 0.958488 0.86788797
vt 0.89872 0.85720801
vt 0.955816 0.88248497
vt 0.897142 0.86788797
vt 0.957522 0.87927002
vt 0.90086 0.847556
vt 0.896177 0.87927002
vt 0.859172 0.737912
vt 0.963078 0.88236302
vt 0.856387 0.7708
vt 0.895852 0.89100802
vt 0.863723 0.707052
vt 0.855453 0.80471599
vt 0.854793 0.737773
vt 0.957197 0.89100802
vt 0.852003 0.77067202
vt 0.8564 0.838629
vt 0.859351 0.706904
vt 0.851063 0.80460298
vt 0.025859 0.77067202
vt 0.896177 0.902746975
vt 0.02492 0.80460298
vt 0.852003 0.83853298
vt 0.02865 0.737773
vt 0.02586 0.83853298
vt 0.021569 0.7708
vt 0.859196 0.87150502
vt 0.020636 0.80471599
vt 0.02865 0.871432
vt 0.024353 0.737912
vt 0.021581 0.838629
vt 0.060723 0.89034402
vt 0.854794 0.87143302
vt 0.061013 0.902188
vt 0.024378 0.87150502
vt 0.061086 0.87852198
vt 0.061946 0.91370201
vt 0.056382 0.89062703
vt 0.033208 0.90230101
vt 0.056689 0.902426004
vt 0.063496 0.92454702
vt 0.056726 0.87884098
vt 0.057638 0.913883984
vt 0.046427 0.890891016
vt 0.02894 0.902346015
vt 0.046745 0.90264797
vt 0.059202 0.924658
vt 0.046759 0.87913698
vt 0.047705 0.91405398
vt 0.03565 0.89100802
vt 0.06562 0.934403
vt 0.035975 0.902746975
vt 0.049275 0.92476201
vt 0.035975 0.87927002
vt 0.036941 0.91412902
vt 0.025398 0.902746975
vt 0.061336 0.93442798
vt 0.026365 0.91412902
vt 0.038518 0.92480898
vt 0.025074 0.89100802
vt 0.027941 0.92480898
vt 0.01462 0.902716994
vt 0.051413 0.934450984
vt 0.015583 0.91407001
vt 0.030081 0.934461
vt 0.014296 0.89100802
vt 0.017156 0.924722016
vt 0.004678 0.902648985
vt 0.040657 0.934461
vt 0.005635 0.91393602
vt 0.01929 0.934349
vt 0.004355 0.89100802
vt 0.007199 0.92452699
vt 0.000321 0.90257603
vt 0.032719 0.94279301
vt 0.001272 0.91379303
vt 0.009321 0.93409902
vt 0.000001 0.89100802
vt 0.002827 0.924317
vt 0.006281 0.90803599
vt 0.02192 0.942659974
vt 0.007442 0.915901005
vt 0.004935 0.93382901
vt 0.005569 0.89965302
vt 0.009017 0.92300999
vt 0.013968 0.90779698
vt 0.011935 0.942360997
vt 0.015112 0.91555101
vt 0.010961 0.92914599
vt 0.013267 0.89953202
vt 0.016666 0.92255998
vt 0.026653 0.90763098
vt 0.007533 0.942040026
vt 0.027787 0.915308
vt 0.018581 0.92861003
vt 0.02596 0.89944798
vt 0.029325 0.922248006
vt 0.044796 0.90753102
vt 0.013211 0.93412399
vt 0.045922 0.915163994
vt 0.031222 0.928237975
vt 0.044106 0.899397016
vt 0.047452 0.92206198
vt 0.069191 0.915163994
vt 0.020801 0.93351799
vt 0.07072 0.92206198
vt 0.049336 0.92801601
vt 0.068064 0.90753102
vt 0.072606 0.92801601
vt 0.905538 0.92206198
vt 0.03342 0.933097005
vt 0.907423 0.92801601
vt 0.074789 0.93284601
vt 0.904009 0.915163994
vt 0.909607 0.93284601
vt 0.930693 0.92801601
vt 0.05152 0.93284601
vt 0.932876 0.93284601
vt 0.912024 0.936405
vt 0.928806 0.92206198
vt 0.935292 0.936405
vt 0.948689 0.928237975
vt 0.077206 0.936405
vt 0.950885 0.933097005
vt 0.937867 0.938584983
vt 0.946792 0.922248006
vt 0.953316 0.93667799
vt 0.961131 0.92861003
vt 0.914598 0.938584983
vt 0.96335 0.93351799
vt 0.955907 0.938870013
vt 0.959216 0.92255998
vt 0.965806 0.93713403
vt 0.968468 0.92914599
vt 0.940522 0.939319015
vt 0.970718 0.93412399
vt 0.968421 0.939348996
vt 0.966525 0.92300999
vt 0.973208 0.93779099
vt 0.967897 0.949552
vt 0.958578 0.93960899
vt 0.971279 0.954532027
vt 0.975862 0.940037012
vt 0.964841 0.94279301
vt 0.974882 0.957581997
vt 0.909934 0.954532027
vt 0.971119 0.940093994
vt 0.913486 0.95753801
vt 0.906552 0.949552
vt 0.917874 0.957581997
vt 0.903496 0.94279301
vt 0.913508 0.957741976
vt 0.921591 0.958608985
vt 0.978599 0.958608985
vt 0.978599 0.94079399
vt 0.920971 0.957581997
vt 0.982315 0.957581997
vt 0.973818 0.939348996
vt 0.981336 0.940037012
vt 0.96125 0.938870013
vt 0.943179 0.938584983
vt 0.963841 0.93667799
vt 0.917253 0.939319015
vt 0.945754 0.936405
vt 0.91991 0.938584983
vt 0.079781 0.938584983
vt 0.082436 0.939319015
vt 0.053937 0.936405
vt 0.056512 0.938584983
vt 0.035851 0.93667799
vt 0.038441 0.938870013
vt 0.023255 0.93713403
vt 0.025871 0.939348996
vt 0.015701 0.93779099
vt 0.018354 0.940037012
vt 0.010546 0.94870001
vt 0.013877 0.953607976
vt 0.014966 0.949064016
vt 0.018319 0.954002023
vt 0.024968 0.94940102
vt 0.02834 0.95436901
vt 0.035774 0.949552
vt 0.039155 0.954532027
vt 0.043294 0.94279301
vt 0.04635 0.949552
vt 0.054051 0.942825973
vt 0.057115 0.94963199
vt 0.063975 0.94289899
vt 0.06705 0.94981098
vt 0.068265 0.942975998
vt 0.07136 0.950002015
vt 0.035128 0.93021202
vt 0.042749 0.95425397
vt 0.039392 0.93020201
vt 0.047016 0.95428598
vt 0.85935 0.90230101
vt 0.865536 0.93020201
vt 0.863757 0.902346015
vt 0.869945 0.93021202
vt 0.897142 0.91412902
vt 0.89872 0.92480898
vt 0.957522 0.902746975
vt 0.958488 0.91412902
vt 0.962837 0.89100802
vt 0.963078 0.89965302
vt 0.955581 0.89100802
vt 0.955816 0.89953202
vt 0.943192 0.89100802
vt 0.943426 0.89944798
vt 0.925228 0.89100802
vt 0.92546 0.899397016
vt 0.902192 0.88261902
vt 0.901959 0.89100802
vt 0.068064 0.87448502
vt 0.067373 0.88261902
vt 0.045922 0.866853
vt 0.044796 0.87448502
vt 0.027787 0.86670798
vt 0.026653 0.87438601
vt 0.015112 0.86646497
vt 0.013968 0.87422001
vt 0.007442 0.86611497
vt 0.006281 0.873981
vt 0.004935 0.84818798
vt 0.002827 0.85769999
vt 0.009321 0.84791797
vt 0.007199 0.85749
vt 0.01929 0.84766698
vt 0.017156 0.85729498
vt 0.030081 0.84755498
vt 0.027942 0.85720801
vt 0.043296 0.83922303
vt 0.040658 0.84755498
vt 0.054105 0.83905798
vt 0.051461 0.84739602
vt 0.064119 0.83868802
vt 0.061463 0.84703702
vt 0.068548 0.83828902
vt 0.065876 0.84665197
vt 0.050652 0.634452
vt 0.042703 0.65508097
vt 0.063701 0.85634398
vt 0.052341 0.62214202
vt 0.059305 0.85671198
vt 0.049315 0.85705501
vt 0.035085 0.67915797
vt 0.038518 0.85720801
vt 0.05771 0.86742097
vt 0.026365 0.86788702
vt 0.047731 0.86774403
vt 0.036941 0.86788702
vt 0.015583 0.86794698
vt 0.025398 0.87927002
vt 0.062088 0.86707503
vt 0.01462 0.8793
vt 0.028905 0.707052
vt 0.004678 0.879366994
vt 0.033208 0.706904
vt 0.005635 0.86808002
vt 0.000321 0.87944001
vt 0.001272 0.86822402
vt 0.005569 0.88236302
vt 0.005329 0.89100802
vt 0.013267 0.88248497
vt 0.01303 0.89100802
vt 0.02596 0.882569015
vt 0.025725 0.89100802
vt 0.044106 0.88261902
vt 0.043873 0.89100802
vt 0.067142 0.89100802
vt 0.067373 0.899397016
vt 0.902192 0.899397016
vt 0.902883 0.90753102
vt 0.92615 0.90753102
vt 0.927278 0.915163994
vt 0.94412 0.90763098
vt 0.945253 0.915308
vt 0.956517 0.90779698
vt 0.957663 0.91555101
vt 0.963788 0.90803599
vt 0.964949 0.915901005
vt 0.960065 0.92480898
vt 0.962204 0.934461
vt 0.900859 0.934461
vt 0.877566 0.95425397
vt 0.886393 0.973744988
vt 0.873158 0.95428598
vt 0.896153 0.9880949855
vt 0.881992 0.973821998
vt 0.055848 0.973821998
vt 0.906547 0.9968760014
vt 0.891766 0.988215983
vt 0.065623 0.988215983
vt 0.051576 0.973744988
vt 0.076038 0.9970309734
vt 0.074824 0.95524198
vt 0.061336 0.9880949855
vt 0.070472 0.95494002
vt 0.078557 0.958490014
vt 0.071729 0.9968760014
vt 0.060513 0.95465797
vt 0.074142 0.958103
vt 0.082436 0.959591985
vt 0.049732 0.954532027
vt 0.064139 0.957741976
vt 0.077948 0.95917201
vt 0.042758 0.957581997
vt 0.053335 0.957581997
vt 0.067884 0.95878297
vt 0.031935 0.95741099
vt 0.046475 0.958608985
vt 0.057052 0.958608985
vt 0.021894 0.957027018
vt 0.035642 0.958435
vt 0.050192 0.957581997
vt 0.017428 0.956613004
vt 0.025578 0.958045006
vt 0.039349 0.95741099
vt 0.021091 0.94079399
vt 0.021091 0.957625985
vt 0.029263 0.957027018
vt 0.02857 0.940093994
vt 0.023829 0.940037012
vt 0.024754 0.956613004
vt 0.041112 0.93960899
vt 0.031269 0.939348996
vt 0.026483 0.93779099
vt 0.059167 0.939319015
vt 0.043784 0.938870013
vt 0.033886 0.93713403
vt 0.085093 0.938584983
vt 0.061824 0.938584983
vt 0.046375 0.93667799
vt 0.922485 0.936405
vt 0.087668 0.936405
vt 0.064399 0.936405
vt 0.948171 0.93284601
vt 0.924902 0.93284601
vt 0.090084 0.93284601
vt 0.966272 0.933097005
vt 0.950355 0.92801601
vt 0.927086 0.92801601
vt 0.976436 0.93713403
vt 0.96847 0.928237975
vt 0.97889 0.93351799
vt 0.98399 0.93779099
vt 0.95224 0.92206198
vt 0.98111 0.92861003
vt 0.985919 0.954532027
vt 0.98648 0.93412399
vt 0.9893 0.949552
vt 0.924574 0.954532027
vt 0.927955 0.949552
vt 0.992355 0.94279301
vt 0.93101 0.94279301
vt 0.948126 0.973744988
vt 0.98873 0.92914599
vt 0.956953 0.95425397
vt 0.933649 0.934461
vt 0.938369 0.9880949855
vt 0.964578 0.93021101
vt 0.943853 0.973821998
vt 0.994994 0.934461
vt 0.952687 0.95428598
vt 0.970765 0.902346015
vt 0.934081 0.988215983
vt 0.960312 0.93020201
vt 0.126543 0.95428598
vt 0.93579 0.92480898
vt 0.13417 0.93020201
vt 0.966497 0.90230101
vt 0.11771 0.973821998
vt 0.140354 0.90230101
vt 0.122135 0.95425397
vt 0.975327 0.87150502
vt 0.129761 0.93021101
vt 0.144912 0.871432
vt 0.113309 0.973744988
vt 0.135948 0.902346015
vt 0.099253 0.934403
vt 0.971055 0.871432
vt 0.101378 0.92454702
vt 0.14051 0.87150502
vt 0.096607 0.942975998
vt 0.102928 0.91370201
vt 0.09461 0.93442798
vt 0.147702 0.83853298
vt 0.09674 0.924658
vt 0.10386 0.902188
vt 0.091966 0.94289899
vt 0.098299 0.913883984
vt 0.084352 0.934450984
vt 0.143306 0.838629
vt 0.08649 0.92476201
vt 0.09924 0.902426004
vt 0.081712 0.942825973
vt 0.088061 0.91405398
vt 0.073447 0.934461
vt 0.104149 0.89034402
vt 0.075588 0.92480898
vt 0.089022 0.90264797
vt 0.070808 0.94279301
vt 0.077165 0.91412902
vt 0.065011 0.92480898
vt 0.099543 0.89062703
vt 0.066587 0.91412902
vt 0.078129 0.902746975
vt 0.062871 0.934461
vt 0.067553 0.902746975
vt 0.054131 0.924722016
vt 0.08934 0.890891016
vt 0.055702 0.91407001
vt 0.067878 0.89100802
vt 0.051995 0.934349
vt 0.056664 0.902716994
vt 0.04396 0.92452699
vt 0.078454 0.89100802
vt 0.045523 0.91393602
vt 0.056989 0.89100802
vt 0.041838 0.93409902
vt 0.04648 0.902648985
vt 0.039357 0.924317
vt 0.067553 0.87927002
vt 0.040911 0.91379303
vt 0.046802 0.89100802
vt 0.037249 0.93382901
vt 0.041862 0.90257603
vt 0.035903 0.90803599
vt 0.056664 0.8793
vt 0.036614 0.89965302
vt 0.042182 0.89100802
vt 0.034742 0.915901005
vt 0.036854 0.89100802
vt 0.043174 0.90779698
vt 0.04648 0.879366994
vt 0.043875 0.89953202
vt 0.036614 0.88236302
vt 0.042029 0.91555101
vt 0.044111 0.89100802
vt 0.055572 0.90763098
vt 0.041862 0.87944001
vt 0.056265 0.89944798
vt 0.043875 0.88248402
vt 0.054438 0.915308
vt 0.056499 0.89100802
vt 0.073541 0.90753102
vt 0.035903 0.873981
vt 0.074231 0.899397016
vt 0.056265 0.882569015
vt 0.072413 0.915163994
vt 0.074463 0.89100802
vt 0.097499 0.899397016
vt 0.043174 0.87422001
vt 0.097733 0.89100802
vt 0.074231 0.88261902
vt 0.096809 0.90753102
vt 0.097499 0.88261902
vt 0.932549 0.89100802
vt 0.055572 0.87438601
vt 0.932318 0.88261902
vt 0.096809 0.87448502
vt 0.932318 0.899397016
vt 0.931627 0.87448502
vt 0.955585 0.88261902
vt 0.073541 0.87448502
vt 0.954896 0.87448502
vt 0.9305 0.866853
vt 0.955819 0.89100802
vt 0.95377 0.866853
vt 0.973732 0.882569015
vt 0.095683 0.866853
vt 0.973038 0.87438601
vt 0.952241 0.85995501
vt 0.973967 0.89100802
vt 0.971905 0.86670798
vt 0.986425 0.88248402
vt 0.928971 0.85995501
vt 0.985724 0.87422001
vt 0.970366 0.85976899
vt 0.986661 0.89100802
vt 0.984579 0.86646497
vt 0.994123 0.88236302
vt 0.950355 0.85399997
vt 0.993411 0.873981
vt 0.983026 0.859456
vt 0.994362 0.89100802
vt 0.992249 0.86611497
vt 0.998711 0.86788702
vt 0.96847 0.853778
vt 0.997134 0.85720801
vt 0.990674 0.859007
vt 0.999676 0.879269004
vt 0.994994 0.84755498
vt 0.93579 0.85720801
vt 0.98111 0.85340601
vt 0.933649 0.84755498
vt 0.992356 0.83922303
vt 0.937366 0.86788702
vt 0.931011 0.83922303
vt 0.964622 0.67915797
vt 0.98873 0.85286999
vt 0.957002 0.655082
vt 0.927955 0.83246398
vt 0.9708 0.707052
vt 0.9893 0.83246398
vt 0.97889 0.84849799
vt 0.949244 0.633035
vt 0.986481 0.847893
vt 0.924574 0.82748401
vt 0.966272 0.84891897
vt 0.985919 0.82748401
vt 0.948171 0.84917003
vt 0.931505 0.61346
vt 0.927086 0.85399997
vt 0.945754 0.84561098
vt 0.094154 0.85995501
vt 0.924902 0.84917003
vt 0.092268 0.85399997
vt 0.072413 0.866853
vt 0.070885 0.85995501
vt 0.054438 0.86670798
vt 0.052899 0.85976899
vt 0.042029 0.86646497
vt 0.040475 0.859456
vt 0.034742 0.86611497
vt 0.033166 0.859007
vt 0.040911 0.86822402
vt 0.039357 0.85769999
vt 0.045524 0.86808002
vt 0.04396 0.85749
vt 0.055702 0.86794698
vt 0.054131 0.85729498
vt 0.066587 0.86788702
vt 0.065011 0.85720801
vt 0.078129 0.87927002
vt 0.077165 0.86788702
vt 0.089009 0.87913698
vt 0.088038 0.86774403
vt 0.099194 0.87884098
vt 0.098205 0.86742097
vt 0.103787 0.87852299
vt 0.102786 0.86707503
vt 0.144253 0.80471599
vt 0.143318 0.7708
vt 0.148643 0.80460298
vt 0.147702 0.77067202
vt 0.973846 0.83853298
vt 0.974786 0.80460298
vt 0.978124 0.838629
vt 0.97907 0.80471599
vt 0.937366 0.91412902
vt 0.938331 0.902746975
vt 0.997134 0.92480898
vt 0.998711 0.91412902
vt 0.990674 0.92300999
vt 0.992249 0.915901005
vt 0.983026 0.92255998
vt 0.984579 0.91555101
vt 0.970366 0.922248006
vt 0.971905 0.915308
vt 0.95377 0.915163994
vt 0.928971 0.92206198
vt 0.954896 0.90753102
vt 0.092268 0.92801601
vt 0.9305 0.915163994
vt 0.094153 0.92206198
vt 0.066815 0.93284601
vt 0.068999 0.92801601
vt 0.048806 0.933097005
vt 0.051003 0.928237975
vt 0.036342 0.93351799
vt 0.03856 0.92861003
vt 0.028974 0.93412399
vt 0.031223 0.92914599
vt 0.028305 0.953607976
vt 0.031636 0.94870001
vt 0.032838 0.954002023
vt 0.03619 0.949064016
vt 0.042943 0.95436901
vt 0.046315 0.94940102
vt 0.053795 0.954532027
vt 0.057176 0.949552
vt 0.060768 0.957581997
vt 0.064372 0.954532027
vt 0.07163 0.957741976
vt 0.075255 0.95465797
vt 0.081761 0.958103
vt 0.085446 0.95494002
vt 0.086314 0.958490014
vt 0.090048 0.95524198
vt 0.082444 0.9998319745
vt 0.093158 0.9968760014
vt 0.086781 1
vt 0.097524 0.9970309734
vt 0.902182 0.9970309734
vt 0.912924 1
vt 0.917261 0.9998319745
vt 0.923666 0.9970309734
vt 0.917253 0.95877701
vt 0.927976 0.9968760014
vt 0.917306 0.958594024
vt 0.107938 0.988215983
vt 0.103551 0.9880949855
vt 0.093513 0.950002015
vt 0.088883 0.94981098
vt 0.07865 0.94963199
vt 0.067753 0.949552
vt 0.060232 0.94279301
vt 0.049363 0.942659974
vt 0.03922 0.942360997
vt 0.034648 0.942040026
vt 0.033166 0.92300999
vt 0.040475 0.92255998
vt 0.052899 0.922248006
vt 0.070885 0.92206198
vt 0.095682 0.915163994
vt 0.931627 0.90753102
vt 0.955585 0.899397016
vt 0.973038 0.90763098
vt 0.973732 0.89944798
vt 0.985723 0.90779698
vt 0.986425 0.89953202
vt 0.993411 0.90803599
vt 0.994123 0.89965302
vt 0.999675 0.902746975
vt 1.000001 0.89100802
vt 0.938656 0.89100802
vt 0.938331 0.879269004
vt 0.978136 0.7708
vt 0.975352 0.737912
vt 0.973846 0.77067202
vt 0.971055 0.737773
vt 0.144913 0.737773
vt 0.966497 0.706904
vt 0.140354 0.706904
vt 0.140534 0.737912
vt 0.960314 0.679004
vt 0.101173 0.85634398
vt 0.135983 0.707052
vt 0.134171 0.679004
vt 0.096605 0.85671198
vt 0.098998 0.84665197
vt 0.129806 0.67915797
vt 0.126545 0.65491998
vt 0.952687 0.65491998
vt 0.122185 0.655082
vt 0.944961 0.63299602
vt 0.118816 0.63299602
vt 0.944396 0.61141098
vt 0.940127 0.61144698
vt 0.096326 0.83828902
vt 0.094443 0.84703702
vt 0.086456 0.85705501
vt 0.091784 0.83868802
vt 0.075588 0.85720801
vt 0.084311 0.84739602
vt 0.062871 0.84755498
vt 0.073447 0.84755498
vt 0.081666 0.83905798
vt 0.051996 0.84766698
vt 0.060233 0.83922303
vt 0.070809 0.83922303
vt 0.041838 0.84791797
vt 0.049364 0.839356
vt 0.057176 0.83246398
vt 0.037249 0.84818798
vt 0.039221 0.83965498
vt 0.046315 0.83261502
vt 0.031223 0.85286999
vt 0.034649 0.83997601
vt 0.036192 0.83295298
vt 0.03856 0.85340601
vt 0.028974 0.847893
vt 0.031637 0.83331603
vt 0.051003 0.853778
vt 0.036342 0.84849799
vt 0.026484 0.84422499
vt 0.068999 0.85399997
vt 0.048806 0.84891897
vt 0.033886 0.84488201
vt 0.090084 0.84917003
vt 0.066815 0.84917003
vt 0.046375 0.845339
vt 0.922486 0.84561098
vt 0.087668 0.84561098
vt 0.0644 0.84561098
vt 0.943179 0.84343201
vt 0.919911 0.84343201
vt 0.085093 0.84343201
vt 0.963841 0.845339
vt 0.940523 0.84269798
vt 0.976436 0.84488201
vt 0.96125 0.84314603
vt 0.983991 0.84422499
vt 0.973819 0.842668
vt 0.958579 0.842408
vt 0.917254 0.84269798
vt 0.937867 0.84343201
vt 0.971121 0.84192199
vt 0.082437 0.84269798
vt 0.981337 0.84197903
vt 0.982315 0.824435
vt 0.955908 0.84314603
vt 0.92097 0.824435
vt 0.914598 0.84343201
vt 0.935292 0.84561098
vt 0.061825 0.84343201
vt 0.953316 0.845339
vt 0.043784 0.84314603
vt 0.03127 0.842668
vt 0.023829 0.84197903
vt 0.028304 0.82840902
vt 0.032837 0.82801402
vt 0.042943 0.82764798
vt 0.053795 0.82748401
vt 0.067753 0.83246398
vt 0.078603 0.832295
vt 0.088708 0.83191597
vt 0.093235 0.83150798
vt 0.113984 0.61144698
vt 0.937737 0.594966
vt 0.942014 0.594943
vt 0.935423 0.569988
vt 0.933363 0.60557097
vt 0.939602 0.54056197
vt 0.938915 0.608657
vt 0.938924 0.60880798
vt 0.917253 0.82340801
vt 0.978599 0.82340801
vt 0.9786 0.841223
vt 0.974882 0.824435
vt 0.968422 0.842668
vt 0.975863 0.84197903
vt 0.965806 0.84488201
vt 0.973208 0.84422499
vt 0.971279 0.82748502
vt 0.909934 0.82748502
vt 0.967897 0.832465
vt 0.906552 0.832465
vt 0.903498 0.83922303
vt 0.885468 0.634452
vt 0.87752 0.65508097
vt 0.869903 0.67915797
vt 0.887157 0.622145
vt 0.865537 0.679004
vt 0.87316 0.65491998
vt 0.039394 0.679004
vt 0.881085 0.63442397
vt 0.047017 0.65491998
vt 0.054943 0.63442397
vt 0.882758 0.622244
vt 0.056615 0.622244
vt 0.882922 0.609129
vt 0.05678 0.609129
vt 0.88154 0.59607202
vt 0.055397 0.59607202
vt 0.047364 0.58413702
vt 0.051663 0.584253
vt 0.046344 0.580616
vt 0.877807 0.584253
vt 0.050637 0.580714
vt 0.876781 0.580714
vt 0.882182 0.58413702
vt 0.881161 0.580616
vt 0.045541 0.57595402
vt 0.875971 0.576016
vt 0.045158 0.571351
vt 0.049828 0.576016
vt 0.04506 0.54826897
vt 0.049443 0.571374
vt 0.875586 0.571374
vt 0.880358 0.57595402
vt 0.879976 0.571351
vt 0.049343 0.54819602
vt 0.875487 0.54819602
vt 0.044959 0.52499402
vt 0.049244 0.52501798
vt 0.875387 0.52501798
vt 0.879778 0.52499402
vt 0.04486 0.501854
vt 0.049145 0.50184
vt 0.875287 0.50184
vt 0.879678 0.501854
vt 0.875503 0.49817502
vt 0.045073 0.49822104
vt 0.049358 0.49817502
vt 0.045566 0.494317
vt 0.879889 0.49822104
vt 0.875998 0.49424
vt 0.049855 0.49424
vt 0.047106 0.48828602
vt 0.046202 0.49121797
vt 0.880383 0.494317
vt 0.87664 0.491113
vt 0.050498 0.491113
vt 0.881021 0.49121797
vt 0.877551 0.488158
vt 0.881924 0.48828602
vt 0.051409 0.488158
vt 0.878524 0.486045
vt 0.884109 0.484532
vt 0.882887 0.486192
vt 0.885254 0.48376298
vt 0.879756 0.48437202
vt 0.880911 0.48359597
vt 0.052382 0.486045
vt 0.054768 0.48359597
vt 0.053613 0.48437202
vt 0.050436 0.48376298
vt 0.049292 0.484532
vt 0.04807 0.486192
vt 0.104811 0.048428
vt 0.929456 0.048428
vt 0.933549 0.07525402
vt 0.107406 0.07525402
vt 0.933795 0.048714995
vt 0.933572 0.07557297
vt 0.937856 0.07544398
vt 0.10743 0.07557297
vt 0.935104 0.48149002
vt 0.103038 0.07544398
vt 0.108961 0.48149002
vt 0.104571 0.48149097
vt 0.939388 0.48149097
vt 0.109067 0.510989
vt 0.104677 0.51103002
vt 0.100669 0.48160696
vt 0.93521 0.510989
vt 0.935317 0.540488
vt 0.939495 0.51103002
vt 0.935131 0.51440197
vt 0.935433 0.481609
vt 0.937032 0.4831
vt 0.940229 0.486081
vt 0.936319 0.04514098
vt 0.938631 0.48459
vt 0.935131 0.51440197
vt 0.938184 0.039314985
vt 0.93198 0.04491198
vt 0.941829 0.487571
vt 0.93962 0.028195024
vt 0.943427 0.489061
vt 0.93969 0.014253974
vt 0.940423 0.004437983
vt 0.933846 0.03905201
vt 0.935281 0.027912974
vt 0.935351 0.014001012
vt 0.936085 0.004221976
vt 0.553918 0.027855992
vt 0.550232 0.013890982
vt 0.549563 0.028133988
vt 0.508441 0.03911501
vt 0.50357 0.039355993
vt 0.505244 0.481646
vt 0.34503 0.481575
vt 0.343377 0.04512
vt 0.350139 0.04492998
vt 0.104605 0.481609
vt 0.102964 0.048547983
vt 0.099032 0.04918003
vt 0.504078 0.10753602
vt 0.497768 0.09930897
vt 0.497682 0.07687098
vt 0.440263 0.091723025
vt 0.508342 0.107575
vt 0.502382 0.09964001
vt 0.440228 0.083115995
vt 0.908517 0.10435498
vt 0.365331 0.08717102
vt 0.445937 0.09206599
vt 0.903881 0.09914398
vt 0.368596 0.08704001
vt 0.3688 0.08726901
vt 0.857077 0.09400302
vt 0.445168 0.08286703
vt 0.772997 0.086884975
vt 0.859521 0.081526995
vt 0.502073 0.07663101
vt 0.772806 0.087145984
vt 0.779117 0.08702397
vt 0.862455 0.09381598
vt 0.864326 0.08174598
vt 0.904175 0.076861024
vt 0.908578 0.07710999
vt 0.908649 0.098942995
vt 0.91301 0.10453898
vt 0.505494 0.068984985
vt 0.913028 0.110109985
vt 0.50577 0.16539699
vt 0.913009 0.16068602
vt 0.908549 0.110202014
vt 0.90902 0.155707
vt 0.502214 0.11431897
vt 0.908703 0.114901006
vt 0.904272 0.114651024
vt 0.90899 0.17474198
vt 0.858496 0.119174
vt 0.853556 0.15081102
vt 0.853606 0.11896002
vt 0.497828 0.114564
vt 0.445392 0.12076098
vt 0.794093 0.123552024
vt 0.49808 0.15616703
vt 0.789019 0.12334299
vt 0.440381 0.121016026
vt 0.788039 0.145877
vt 0.440494 0.14864099
vt 0.364244 0.125014
vt 0.358385 0.14386404
vt 0.358296 0.12524903
vt 0.706513 0.127814
vt 0.23523 0.129219
vt 0.712255 0.12800902
vt 0.709065 0.140791
vt 0.569691 0.13243699
vt 0.569719 0.13574898
vt 0.561321 0.132339
vt 0.561255 0.13583201
vt 0.703428 0.14099598
vt 0.148805 0.13082802
vt 0.782907 0.146097
vt 0.227466 0.12943399
vt 0.848557 0.15103501
vt 0.227503 0.13914001
vt 0.904404 0.15573597
vt 0.445468 0.14891702
vt 0.502365 0.15618896
vt 0.36422 0.14411497
vt 0.23496 0.139364
vt 0.142016 0.13736099
vt 0.14841 0.13755
vt 0.141993 0.13100898
vt 0.13562 0.13672799
vt 0.152832 0.13583201
vt 0.140033 0.13133502
vt 0.140038 0.13697898
vt 0.135602 0.13156497
vt 0.138363 0.136011
vt 0.142545 0.13630301
vt 0.142504 0.13192302
vt 0.145176 0.13575202
vt 0.138348 0.13220203
vt 0.145163 0.132433
vt 0.152819 0.132348
vt 0.904433 0.17465103
vt 0.502439 0.17418396
vt 0.849115 0.17924798
vt 0.498151 0.174205
vt 0.844035 0.17903602
vt 0.445641 0.18112999
vt 0.440949 0.261234
vt 0.440626 0.18139803
vt 0.446558 0.261576
vt 0.35892 0.25618398
vt 0.364562 0.18571502
vt 0.829315 0.26401198
vt 0.772579 0.18367302
vt 0.3667 0.256539
vt 0.358585 0.18596202
vt 0.227925 0.25117898
vt 0.777733 0.183882
vt 0.691593 0.18855101
vt 0.235448 0.190256
vt 0.697099 0.18875301
vt 0.227697 0.19048
vt 0.564269 0.19350499
vt 0.240735 0.251567
vt 0.569634 0.19371599
vt 0.154229 0.24955398
vt 0.751291 0.25899303
vt 0.157619 0.19182098
vt 0.154012 0.191948
vt 0.154229 0.24977398
vt 0.146254 0.24872899
vt 0.150465 0.192447
vt 0.146042 0.19268799
vt 0.152938 0.19308197
vt 0.148975 0.24797702
vt 0.163575 0.19350499
vt 0.148769 0.19336802
vt 0.161406 0.19382298
vt 0.150666 0.24898899
vt 0.161609 0.24748003
vt 0.153168 0.248276
vt 0.160974 0.24785197
vt 0.562243 0.24750298
vt 0.56204 0.19380301
vt 0.154229 0.24977398
vt 0.56985 0.247599
vt 0.558757 0.247711
vt 0.680991 0.25331402
vt 0.677066 0.25361598
vt 0.757407 0.258833
vt 0.8359 0.263875
vt 0.909212 0.268237
vt 0.020631 0.42576098
vt 0.020649 0.42474103
vt 0.021057 0.42474496
vt 0.021039 0.42576504
vt 0.021075 0.423729
vt 0.020613 0.42675602
vt 0.020667 0.423725
vt 0.021021 0.426759
vt 0.021092 0.42274404
vt 0.020595 0.42769897
vt 0.020684 0.42273998
vt 0.021003 0.42770302
vt 0.021108 0.421817
vt 0.020579 0.42856503
vt 0.0207 0.421813
vt 0.020987 0.428568
vt 0.021122 0.420972
vt 0.020565 0.42932904
vt 0.020714 0.420968
vt 0.020973 0.42933297
vt 0.020726 0.42023003
vt 0.020552 0.429972
vt 0.021135 0.42023396
vt 0.02096 0.429976
vt 0.021144 0.41962302
vt 0.020542 0.430475
vt 0.020736 0.41961896
vt 0.02095 0.430479
vt 0.021151 0.419154
vt 0.020943 0.430829
vt 0.020743 0.41915
vt 0.020534 0.430826
vt 0.021156 0.418841
vt 0.02053 0.431013
vt 0.020748 0.418837
vt 0.020938 0.43101704
vt 0.021157 0.418692
vt 0.020528 0.43103302
vt 0.020749 0.418688
vt 0.020936 0.431037
vt 0.021155 0.41871202
vt 0.020529 0.430884
vt 0.020747 0.41870797
vt 0.020937 0.430888
vt 0.020742 0.418895
vt 0.020534 0.43057096
vt 0.021151 0.418899
vt 0.020942 0.430575
vt 0.021143 0.419249
vt 0.020541 0.430102
vt 0.020735 0.41924596
vt 0.020949 0.43010604
vt 0.021133 0.41975296
vt 0.020551 0.42949104
vt 0.020725 0.41974902
vt 0.020959 0.42949498
vt 0.020712 0.42039204
vt 0.020563 0.42875302
vt 0.02112 0.42039597
vt 0.020971 0.428756
vt 0.020698 0.421157
vt 0.020985 0.427912
vt 0.021106 0.42115998
vt 0.020577 0.427908
vt 0.02109 0.42202604
vt 0.020593 0.42698097
vt 0.020682 0.42202199
vt 0.021001 0.42698503
vt 0.021072 0.42296898
vt 0.02061 0.425996
vt 0.020664 0.422965
vt 0.021018 0.426
vt 0.021054 0.42396402
vt 0.020628 0.42498004
vt 0.020646 0.42395997
vt 0.021036 0.42498398
vt 0.016843 0.42564702
vt 0.01686 0.424716
vt 0.020649 0.42474103
vt 0.020631 0.42576098
vt 0.020667 0.423725
vt 0.016827 0.42655504
vt 0.016877 0.42378902
vt 0.020613 0.42675602
vt 0.020684 0.42273998
vt 0.016811 0.42741597
vt 0.016892 0.422889
vt 0.020595 0.42769897
vt 0.0207 0.421813
vt 0.016796 0.42820704
vt 0.016907 0.42204297
vt 0.020579 0.42856503
vt 0.020714 0.420968
vt 0.016783 0.428905
vt 0.01692 0.42127204
vt 0.020565 0.42932904
vt 0.020726 0.42023003
vt 0.016772 0.429492
vt 0.016931 0.42059803
vt 0.020552 0.429972
vt 0.020736 0.41961896
vt 0.016763 0.429951
vt 0.01694 0.420039
vt 0.020542 0.430475
vt 0.020743 0.41915
vt 0.016756 0.43027103
vt 0.016946 0.419612
vt 0.020534 0.430826
vt 0.020748 0.418837
vt 0.016751 0.43044198
vt 0.01695 0.419326
vt 0.02053 0.431013
vt 0.020749 0.418688
vt 0.01675 0.43045998
vt 0.016951 0.41919
vt 0.020528 0.43103302
vt 0.020747 0.41870797
vt 0.016751 0.43032503
vt 0.01695 0.419208
vt 0.020529 0.430884
vt 0.020742 0.418895
vt 0.016755 0.430039
vt 0.016946 0.419379
vt 0.020534 0.43057096
vt 0.020735 0.41924596
vt 0.016762 0.42961097
vt 0.016939 0.419699
vt 0.020541 0.430102
vt 0.020725 0.41974902
vt 0.01677 0.429052
vt 0.01693 0.42015803
vt 0.020551 0.42949104
vt 0.016918 0.42074502
vt 0.016782 0.428379
vt 0.020712 0.42039204
vt 0.020563 0.42875302
vt 0.020698 0.421157
vt 0.016795 0.427608
vt 0.016905 0.421443
vt 0.020577 0.427908
vt 0.020682 0.42202199
vt 0.016809 0.42676103
vt 0.01689 0.422234
vt 0.020593 0.42698097
vt 0.020664 0.422965
vt 0.02061 0.425996
vt 0.016874 0.423095
vt 0.016825 0.425862
vt 0.020646 0.42395997
vt 0.016841 0.42493403
vt 0.016858 0.424003
vt 0.020628 0.42498004
vt 0.016843 0.42564702
vt 0.016747 0.42563403
vt 0.016763 0.424717
vt 0.016731 0.42652798
vt 0.01686 0.424716
vt 0.016827 0.42655504
vt 0.016877 0.42378902
vt 0.016811 0.42741597
vt 0.01678 0.42380297
vt 0.016715 0.42737603
vt 0.016892 0.422889
vt 0.016701 0.428155
vt 0.016795 0.422917
vt 0.016796 0.42820704
vt 0.016907 0.42204297
vt 0.016688 0.428842
vt 0.016809 0.42208397
vt 0.016783 0.428905
vt 0.016822 0.42132497
vt 0.016772 0.429492
vt 0.01692 0.42127204
vt 0.016676 0.429421
vt 0.016833 0.42066097
vt 0.016763 0.429951
vt 0.016931 0.42059803
vt 0.016667 0.429873
vt 0.01694 0.420039
vt 0.016756 0.43027103
vt 0.016842 0.420111
vt 0.016661 0.430188
vt 0.016946 0.419612
vt 0.016656 0.43035698
vt 0.016848 0.419689
vt 0.016751 0.43044198
vt 0.016852 0.41940796
vt 0.016655 0.43037403
vt 0.01695 0.419326
vt 0.01675 0.43045998
vt 0.016951 0.41919
vt 0.016751 0.43032503
vt 0.016853 0.41927397
vt 0.016656 0.430241
vt 0.016852 0.41929197
vt 0.016755 0.430039
vt 0.01695 0.419208
vt 0.01666 0.429959
vt 0.016848 0.41946
vt 0.016666 0.429538
vt 0.016946 0.419379
vt 0.016762 0.42961097
vt 0.016939 0.419699
vt 0.016675 0.42898798
vt 0.016841 0.419775
vt 0.01677 0.429052
vt 0.016832 0.420228
vt 0.016782 0.428379
vt 0.01693 0.42015803
vt 0.016686 0.42832398
vt 0.016918 0.42074502
vt 0.016699 0.42756498
vt 0.016821 0.420806
vt 0.016795 0.427608
vt 0.016807 0.421494
vt 0.016809 0.42676103
vt 0.016905 0.421443
vt 0.016713 0.426731
vt 0.016793 0.42227197
vt 0.016825 0.425862
vt 0.01689 0.422234
vt 0.016729 0.42584503
vt 0.016777 0.42312002
vt 0.016841 0.42493403
vt 0.016874 0.423095
vt 0.016745 0.424931
vt 0.016858 0.424003
vt 0.016761 0.424015
vt 0.016749 0.425588
vt 0.016764 0.42472303
vt 0.016763 0.424717
vt 0.016779 0.42386198
vt 0.016747 0.42563403
vt 0.01678 0.42380297
vt 0.016733 0.426431
vt 0.016795 0.422917
vt 0.016731 0.42652798
vt 0.016794 0.42302597
vt 0.016719 0.427231
vt 0.016807 0.42224002
vt 0.016715 0.42737603
vt 0.016809 0.42208397
vt 0.016705 0.427965
vt 0.016822 0.42132497
vt 0.016701 0.428155
vt 0.016819 0.421524
vt 0.016693 0.428613
vt 0.01683 0.42089903
vt 0.016688 0.428842
vt 0.016833 0.42066097
vt 0.016682 0.42915797
vt 0.016842 0.420111
vt 0.016676 0.429421
vt 0.016838 0.42038
vt 0.016667 0.429873
vt 0.016844 0.41998303
vt 0.016673 0.42958498
vt 0.016848 0.419689
vt 0.016667 0.429882
vt 0.016852 0.41940796
vt 0.016661 0.430188
vt 0.016848 0.419717
vt 0.016656 0.43035698
vt 0.016849 0.419591
vt 0.016663 0.43004096
vt 0.016853 0.41927397
vt 0.016655 0.43037403
vt 0.016847 0.419608
vt 0.016662 0.430057
vt 0.016852 0.41929197
vt 0.016663 0.42993104
vt 0.016848 0.41946
vt 0.016656 0.430241
vt 0.016843 0.41976702
vt 0.016666 0.42966604
vt 0.016841 0.419775
vt 0.01666 0.429959
vt 0.016837 0.42006397
vt 0.016666 0.429538
vt 0.016828 0.42049098
vt 0.016672 0.429268
vt 0.016832 0.420228
vt 0.016681 0.42875004
vt 0.016818 0.421036
vt 0.016675 0.42898798
vt 0.016821 0.420806
vt 0.016691 0.428124
vt 0.016807 0.421494
vt 0.016686 0.42832398
vt 0.016806 0.42168403
vt 0.016699 0.42756498
vt 0.016793 0.42227197
vt 0.016703 0.42740798
vt 0.016792 0.422418
vt 0.016717 0.42662203
vt 0.016777 0.423218
vt 0.016713 0.426731
vt 0.016777 0.42312002
vt 0.016729 0.42584503
vt 0.016762 0.424061
vt 0.016731 0.42578697
vt 0.016761 0.424015
vt 0.016745 0.424931
vt 0.016746 0.42492497
vt 0.016848 0.425578
vt 0.016863 0.424726
vt 0.016764 0.42472303
vt 0.016878 0.423876
vt 0.016749 0.425588
vt 0.016779 0.42386198
vt 0.016832 0.42640996
vt 0.016794 0.42302597
vt 0.016733 0.426431
vt 0.016892 0.423052
vt 0.016719 0.427231
vt 0.016906 0.42227602
vt 0.016818 0.427199
vt 0.016807 0.42224002
vt 0.016705 0.427965
vt 0.016917 0.42157
vt 0.016804 0.42792296
vt 0.016819 0.421524
vt 0.016792 0.428563
vt 0.01683 0.42089903
vt 0.016693 0.428613
vt 0.016928 0.42095304
vt 0.016682 0.42915797
vt 0.016936 0.42044103
vt 0.016782 0.42910004
vt 0.016838 0.42038
vt 0.016773 0.42952204
vt 0.016844 0.41998303
vt 0.016673 0.42958498
vt 0.016942 0.420049
vt 0.016667 0.429882
vt 0.016945 0.419787
vt 0.016767 0.42981398
vt 0.016848 0.419717
vt 0.016763 0.42997098
vt 0.016849 0.419591
vt 0.016663 0.43004096
vt 0.016946 0.419663
vt 0.016762 0.42998803
vt 0.016945 0.419679
vt 0.016662 0.430057
vt 0.016847 0.419608
vt 0.016663 0.42993104
vt 0.016941 0.41983604
vt 0.016763 0.42986298
vt 0.016843 0.41976702
vt 0.016666 0.42966604
vt 0.016935 0.420129
vt 0.016766 0.42960203
vt 0.016837 0.42006397
vt 0.016772 0.42921
vt 0.016828 0.42049098
vt 0.016672 0.429268
vt 0.016926 0.42055
vt 0.016681 0.42875004
vt 0.016916 0.42108798
vt 0.016781 0.428698
vt 0.016818 0.421036
vt 0.016791 0.42808104
vt 0.016806 0.42168403
vt 0.016691 0.428124
vt 0.016904 0.421727
vt 0.016803 0.427374
vt 0.01689 0.42245102
vt 0.016703 0.42740798
vt 0.016792 0.422418
vt 0.016717 0.42662203
vt 0.016777 0.423218
vt 0.016816 0.42659903
vt 0.016876 0.42324
vt 0.01683 0.425775
vt 0.016762 0.424061
vt 0.016731 0.42578697
vt 0.016861 0.42407203
vt 0.016845 0.42492497
vt 0.016746 0.42492497
vt 0.016848 0.425578
vt 0.019135 0.42560196
vt 0.019151 0.424747
vt 0.016863 0.424726
vt 0.016832 0.42640996
vt 0.019166 0.423894
vt 0.01912 0.42643702
vt 0.016878 0.423876
vt 0.016818 0.427199
vt 0.01918 0.42306602
vt 0.019106 0.427229
vt 0.016892 0.423052
vt 0.016804 0.42792296
vt 0.019193 0.422288
vt 0.019092 0.42795599
vt 0.016906 0.42227602
vt 0.016792 0.428563
vt 0.019205 0.421579
vt 0.01908 0.428598
vt 0.016917 0.42157
vt 0.016782 0.42910004
vt 0.019216 0.42096
vt 0.019069 0.429137
vt 0.016928 0.42095304
vt 0.019061 0.42956
vt 0.019224 0.42044604
vt 0.016773 0.42952204
vt 0.016936 0.42044103
vt 0.016767 0.42981398
vt 0.01923 0.420053
vt 0.019055 0.42985404
vt 0.016942 0.420049
vt 0.016763 0.42997098
vt 0.019233 0.41979003
vt 0.019051 0.43001103
vt 0.016945 0.419787
vt 0.016762 0.42998803
vt 0.019235 0.41966498
vt 0.019049 0.43002796
vt 0.016946 0.419663
vt 0.016763 0.42986298
vt 0.019233 0.41968203
vt 0.01905 0.42990303
vt 0.016945 0.419679
vt 0.016766 0.42960203
vt 0.016941 0.41983604
vt 0.019054 0.42964
vt 0.019229 0.41983902
vt 0.016772 0.42921
vt 0.019223 0.420133
vt 0.01906 0.42924702
vt 0.016935 0.420129
vt 0.016781 0.428698
vt 0.019214 0.420556
vt 0.019068 0.428733
vt 0.016926 0.42055
vt 0.016791 0.42808104
vt 0.019204 0.421095
vt 0.019078 0.428114
vt 0.016916 0.42108798
vt 0.016803 0.427374
vt 0.019192 0.42173696
vt 0.01909 0.427405
vt 0.016904 0.421727
vt 0.016816 0.42659903
vt 0.019178 0.422464
vt 0.019104 0.42662704
vt 0.01689 0.42245102
vt 0.01683 0.425775
vt 0.019164 0.42325604
vt 0.019118 0.42579997
vt 0.016876 0.42324
vt 0.016845 0.42492497
vt 0.019149 0.42409098
vt 0.019133 0.42494702
vt 0.016861 0.42407203
vt 0.016839 0.42555296
vt 0.016854 0.424729
vt 0.019151 0.424747
vt 0.019135 0.42560196
vt 0.019166 0.423894
vt 0.016825 0.42635798
vt 0.016868 0.42390704
vt 0.01912 0.42643702
vt 0.01918 0.42306602
vt 0.016811 0.42712104
vt 0.016882 0.42311
vt 0.019106 0.427229
vt 0.019193 0.422288
vt 0.016797 0.42782104
vt 0.016895 0.42236
vt 0.019092 0.42795599
vt 0.019205 0.421579
vt 0.016786 0.42843997
vt 0.016907 0.421677
vt 0.01908 0.428598
vt 0.019216 0.42096
vt 0.016776 0.42895997
vt 0.016917 0.42108
vt 0.019069 0.429137
vt 0.019224 0.42044604
vt 0.016767 0.429367
vt 0.016924 0.42058504
vt 0.019061 0.42956
vt 0.01923 0.420053
vt 0.016761 0.42965
vt 0.01693 0.420206
vt 0.019055 0.42985404
vt 0.019233 0.41979003
vt 0.016758 0.429802
vt 0.016934 0.419953
vt 0.019051 0.43001103
vt 0.019235 0.41966498
vt 0.016756 0.42981803
vt 0.016935 0.419832
vt 0.019049 0.43002796
vt 0.019233 0.41968203
vt 0.016757 0.429698
vt 0.016933 0.41984797
vt 0.01905 0.42990303
vt 0.019229 0.41983902
vt 0.016761 0.42944396
vt 0.01693 0.41999996
vt 0.019054 0.42964
vt 0.019223 0.420133
vt 0.016766 0.429065
vt 0.016924 0.42028296
vt 0.01906 0.42924702
vt 0.019214 0.420556
vt 0.016774 0.42857003
vt 0.016915 0.42069
vt 0.019068 0.428733
vt 0.019204 0.421095
vt 0.016784 0.42797303
vt 0.016905 0.42121
vt 0.019078 0.428114
vt 0.019192 0.42173696
vt 0.016796 0.42728996
vt 0.016893 0.421829
vt 0.01909 0.427405
vt 0.019178 0.422464
vt 0.016809 0.42654002
vt 0.01688 0.42252898
vt 0.019104 0.42662704
vt 0.016866 0.42329204
vt 0.016823 0.42574298
vt 0.019164 0.42325604
vt 0.019118 0.42579997
vt 0.019149 0.42409098
vt 0.016837 0.424922
vt 0.016852 0.424097
vt 0.019133 0.42494702
vt 0.016741 0.42554104
vt 0.016756 0.424729
vt 0.016854 0.424729
vt 0.01677 0.42392004
vt 0.016839 0.42555296
vt 0.016868 0.42390704
vt 0.016825 0.42635798
vt 0.016882 0.42311
vt 0.016727 0.426333
vt 0.016784 0.423136
vt 0.016713 0.42708397
vt 0.016796 0.42239797
vt 0.016811 0.42712104
vt 0.016895 0.42236
vt 0.0167 0.427773
vt 0.016907 0.421677
vt 0.016797 0.42782104
vt 0.016808 0.421726
vt 0.016786 0.42843997
vt 0.016917 0.42108
vt 0.016689 0.42838097
vt 0.016817 0.421138
vt 0.016776 0.42895997
vt 0.016825 0.42065203
vt 0.016679 0.42889297
vt 0.016924 0.42058504
vt 0.016671 0.429294
vt 0.01693 0.420206
vt 0.016767 0.429367
vt 0.016831 0.420278
vt 0.016761 0.42965
vt 0.016834 0.42002904
vt 0.016665 0.429573
vt 0.016934 0.419953
vt 0.016758 0.429802
vt 0.016935 0.419832
vt 0.016661 0.429722
vt 0.016835 0.41991103
vt 0.016756 0.42981803
vt 0.016834 0.419927
vt 0.01666 0.429738
vt 0.016933 0.41984797
vt 0.016757 0.429698
vt 0.01683 0.420076
vt 0.016661 0.429619
vt 0.01693 0.41999996
vt 0.016761 0.42944396
vt 0.016924 0.42028296
vt 0.016664 0.42937
vt 0.016824 0.42035496
vt 0.01667 0.42899704
vt 0.016915 0.42069
vt 0.016766 0.429065
vt 0.016816 0.42075503
vt 0.016774 0.42857003
vt 0.016806 0.42126703
vt 0.016677 0.42851
vt 0.016905 0.42121
vt 0.016784 0.42797303
vt 0.016893 0.421829
vt 0.016687 0.427922
vt 0.016795 0.421876
vt 0.016699 0.42725003
vt 0.016782 0.42256498
vt 0.016796 0.42728996
vt 0.01688 0.42252898
vt 0.016711 0.426512
vt 0.016866 0.42329204
vt 0.016809 0.42654002
vt 0.016768 0.423316
vt 0.016823 0.42574298
vt 0.016754 0.42410803
vt 0.016725 0.42572796
vt 0.016852 0.424097
vt 0.016739 0.424919
vt 0.016837 0.424922
vt 0.021101 0.421807
vt 0.016802 0.421767
vt 0.016796 0.42212403
vt 0.021095 0.42216396
vt 0.021101 0.42181504
vt 0.016801 0.42177498
vt 0.016802 0.421767
vt 0.021101 0.421807
vt 0.016794 0.42214596
vt 0.016801 0.42177498
vt 0.021101 0.42181504
vt 0.021093 0.42218602
vt 0.016773 0.42337
vt 0.016794 0.42214596
vt 0.021093 0.42218602
vt 0.021072 0.42341
vt 0.016768 0.42365098
vt 0.016773 0.42337
vt 0.021072 0.42341
vt 0.021067 0.42369103
vt 0.016756 0.424322
vt 0.016768 0.42365098
vt 0.021067 0.42369103
vt 0.021055 0.42436302
vt 0.016752 0.42453396
vt 0.016756 0.424322
vt 0.021055 0.42436302
vt 0.021051 0.42457402
vt 0.016731 0.425718
vt 0.016752 0.42453396
vt 0.021051 0.42457402
vt 0.02103 0.42575896
vt 0.016727 0.425959
vt 0.016731 0.425718
vt 0.02103 0.42575896
vt 0.021026 0.425999
vt 0.016718 0.42646003
vt 0.016727 0.425959
vt 0.021026 0.425999
vt 0.021017 0.42649996
vt 0.016714 0.426637
vt 0.016718 0.42646003
vt 0.021017 0.42649996
vt 0.021014 0.426677
vt 0.016698 0.42754197
vt 0.016714 0.426637
vt 0.021014 0.426677
vt 0.020997 0.42758203
vt 0.016693 0.42788303
vt 0.016698 0.42754197
vt 0.020997 0.42758203
vt 0.020992 0.42792404
vt 0.016694 0.42787504
vt 0.016693 0.42788303
vt 0.020992 0.42792404
vt 0.020993 0.42791498
vt 0.016694 0.42787504
vt 0.020993 0.42791498
vt 0.020999 0.42755997
vt 0.0167 0.42752004
vt 0.021051 0.42457402
vt 0.021055 0.42436302
vt 0.021067 0.42369103
vt 0.021072 0.42341
vt 0.021014 0.426677
vt 0.02103 0.42575896
vt 0.021026 0.425999
vt 0.021017 0.42649996
vt 0.021093 0.42218602
vt 0.021143 0.419249
vt 0.021133 0.41975296
vt 0.02112 0.42039597
vt 0.021101 0.42181504
vt 0.021151 0.418899
vt 0.021155 0.41871202
vt 0.021106 0.42115998
vt 0.021101 0.421807
vt 0.021157 0.418692
vt 0.021156 0.418841
vt 0.02109 0.42202604
vt 0.021095 0.42216396
vt 0.021072 0.42296898
vt 0.021151 0.419154
vt 0.021054 0.42396402
vt 0.021144 0.41962302
vt 0.021036 0.42498398
vt 0.021135 0.42023396
vt 0.021018 0.426
vt 0.021122 0.420972
vt 0.021001 0.42698503
vt 0.020985 0.427912
vt 0.020971 0.428756
vt 0.021108 0.421817
vt 0.020997 0.42758203
vt 0.021092 0.42274404
vt 0.020959 0.42949498
vt 0.021075 0.423729
vt 0.020949 0.43010604
vt 0.021057 0.42474496
vt 0.020942 0.430575
vt 0.021039 0.42576504
vt 0.020992 0.42792404
vt 0.021021 0.426759
vt 0.020937 0.430888
vt 0.021003 0.42770302
vt 0.020936 0.431037
vt 0.020987 0.428568
vt 0.020993 0.42791498
vt 0.020999 0.42755997
vt 0.020938 0.43101704
vt 0.020973 0.42933297
vt 0.020943 0.430829
vt 0.02096 0.429976
vt 0.02095 0.430479
vt 0.016731 0.425718
vt 0.016727 0.425959
vt 0.016718 0.42646003
vt 0.016806 0.42126703
vt 0.016752 0.42453396
vt 0.016768 0.42365098
vt 0.016756 0.424322
vt 0.016773 0.42337
vt 0.016794 0.42214596
vt 0.016795 0.421876
vt 0.016816 0.42075503
vt 0.016824 0.42035496
vt 0.016714 0.426637
vt 0.016801 0.42177498
vt 0.01683 0.420076
vt 0.016834 0.419927
vt 0.016802 0.421767
vt 0.016835 0.41991103
vt 0.016834 0.42002904
vt 0.016782 0.42256498
vt 0.016796 0.42212403
vt 0.016768 0.423316
vt 0.016831 0.420278
vt 0.016754 0.42410803
vt 0.016825 0.42065203
vt 0.016739 0.424919
vt 0.016817 0.421138
vt 0.016725 0.42572796
vt 0.016808 0.421726
vt 0.016711 0.426512
vt 0.016796 0.42239797
vt 0.016699 0.42725003
vt 0.016687 0.427922
vt 0.016677 0.42851
vt 0.016784 0.423136
vt 0.016698 0.42754197
vt 0.01677 0.42392004
vt 0.01667 0.42899704
vt 0.016756 0.424729
vt 0.016664 0.42937
vt 0.016741 0.42554104
vt 0.016693 0.42788303
vt 0.016727 0.426333
vt 0.016661 0.429619
vt 0.016713 0.42708397
vt 0.01666 0.429738
vt 0.0167 0.427773
vt 0.016694 0.42787504
vt 0.016689 0.42838097
vt 0.016661 0.429722
vt 0.0167 0.42752004
vt 0.016665 0.429573
vt 0.016679 0.42889297
vt 0.016671 0.429294
vn 1 -0.00033578422 0.00003139964
vn 1 -0.00033578422 0.00003139964
vn 1 -0.00033578422 0.00003139964
vn 1 -0.00033578422 0.00003139964
vn 0.382896 0.095163874 0.9188766
vn -0.464437 0.29178494 0.83615786
vn -0.366307 0.0064984416 0.93047136
vn 0.393995 -0.29839915 0.8693249
vn -0.704748 0.6253773 0.33501387
vn 0.938346 0.23096149 0.25722158
vn -0.953855 0.089066826 0.28675202
vn -0.319633 -0.81995547 0.47487688
vn -0.860186 -0.47129107 0.19484487
vn -0.95451 0.28168482 0.09779414
vn 0.736963 -0.5662253 0.36915252
vn -0.228389 -0.94066614 0.25096852
vn -0.670755 -0.70780194 0.22159317
vn 0.597978 -0.73432183 0.32123822
vn -0.871261 -0.4809071 0.0981481
vn -0.23199 -0.7843036 0.57536775
vn -0.697743 -0.6578167 0.2836057
vn 0.814454 0.25435713 0.5215052
vn -0.253987 -0.707422 0.6595797
vn 0.304922 -0.3638737 0.8801249
vn 0.288339 -0.36210167 0.8864215
vn 0.68585 0.72770983 0.00703143
vn 0.565054 0.76603377 0.3064403
vn 0.477062 0.875597 -0.07577719
vn 0.363415 -0.40257922 0.8401545
vn 0.779634 0.53016466 0.333311
vn 0.668528 0.74116904 -0.061156463
vn 0.52491 0.8490967 -0.05919745
vn 0.913526 0.24838573 0.32214177
vn -0.206642 -0.7241652 0.65793926
vn 0.3833 -0.49102086 0.7822918
vn 0.84832 0.52814907 -0.03757005
vn -0.584069 -0.7579859 0.29038143
vn 0.674434 0.737117 -0.04238904
vn -0.74197 -0.6636283 0.09528038
vn -0.167633 -0.7425522 0.6484723
vn -0.568362 -0.8174628 0.09337433
vn -0.478536 -0.8291006 0.28912848
vn 0.461711 -0.63339275 0.6209968
vn -0.131751 -0.86891377 0.4771067
vn 0.964983 -0.11762501 0.2344613
vn 0.976241 0.2164169 -0.010866357
vn 0.839755 0.5423561 -0.025727242
vn -0.36291 -0.90232736 0.23259716
vn -0.633439 -0.745661 0.20674826
vn -0.696597 -0.713258 0.077565484
vn 0.39522 -0.8719161 0.28907433
vn -0.95703 -0.28842008 0.030136239
vn 0.944691 -0.321116 0.06665476
vn -0.916268 -0.39368808 0.07390539
vn 0.953705 -0.29875904 -0.03449455
vn 0.413989 -0.9029772 -0.11509108
vn 0.992536 -0.12134854 0.012116222
vn -0.339965 -0.93839186 -0.061997727
vn 0.992942 -0.11748932 0.016191754
vn -0.161893 -0.9416326 -0.29515752
vn 0.974582 0.22399695 -0.0038863309
vn 0.444504 -0.7762219 -0.4470981
vn -0.812888 -0.5782809 -0.06931054
vn 0.966481 -0.1641594 -0.19739929
vn -0.922889 -0.38419574 -0.025888972
vn -0.173748 -0.86284703 -0.47466394
vn -0.999094 -0.042320102 0.0044764485
vn 0.948034 -0.11430667 0.2969272
vn 0.916512 0.17812186 -0.35815865
vn 0.384456 -0.6544807 -0.651036
vn 0.924234 0.22365357 0.30947015
vn 0.782368 0.4555838 -0.42466754
vn -0.207095 -0.84880096 -0.4864646
vn 0.364984 -0.5845357 -0.72464156
vn -0.500124 -0.8574478 -0.121071495
vn 0.570301 0.68638676 -0.45125407
vn -0.590799 -0.79456216 -0.14009823
vn 0.797648 0.50623506 0.32784584
vn -0.24461 -0.8403254 -0.48375508
vn 0.290888 -0.5572891 -0.77769756
vn 0.587285 0.74554086 0.31506592
vn 0.776799 0.2786596 -0.5647402
vn -0.09615 -0.9369423 -0.33599806
vn 0.365604 -0.3559351 -0.86002517
vn -0.672437 -0.7259022 -0.14454985
vn 0.953718 -0.10708113 -0.2809912
vn 0.772675 0.42613223 0.47051573
vn 0.305557 -0.4146933 0.8571254
vn 0.373947 -0.18744183 0.90831125
vn 0.37858 -0.45470932 0.80617404
vn 0.391315 -0.5413514 0.7441854
vn -0.234845 -0.7563222 0.61059374
vn -0.219233 -0.75715727 0.6153449
vn -0.091541 -0.86163265 0.49920824
vn 0.46386 -0.5351942 0.7059754
vn 0.198175 -0.8099178 0.5520511
vn 0.958999 -0.06935867 0.2747905
vn 0.338186 -0.7020377 0.6267164
vn 0.788413 -0.56530255 0.2425667
vn 0.307198 -0.92056924 0.24120969
vn 0.780955 -0.6095197 -0.13636309
vn 0.508192 -0.5619816 -0.6526239
vn 0.306586 -0.9495717 -0.06571195
vn 0.335416 -0.80308783 -0.49249032
vn 0.235371 -0.8892724 -0.39216805
vn -0.221853 -0.9747036 -0.027116423
vn -0.573776 -0.8079117 -0.13438672
vn -0.224054 -0.94863856 0.22334975
vn -0.536048 -0.79945636 0.27114823
vn -0.650613 -0.71324956 0.2607261
vn -0.615986 -0.74000937 0.27008748
vn -0.20247 -0.7659635 0.61016864
vn -0.571929 -0.7741294 0.27133226
vn 0.378534 -0.6155958 0.69119745
vn -0.336767 -0.7007005 0.6289729
vn -0.82831 -0.50078297 0.251236
vn -0.368546 -0.64805424 0.66648275
vn 0.832854 -0.5160536 0.2001088
vn 0.214024 -0.66931725 0.7114838
vn -0.913505 -0.29764634 0.27733546
vn 0.244032 -0.8711585 0.42606443
vn -0.219326 -0.8744835 0.43263635
vn -0.999089 -0.042435933 0.004500277
vn 0.264124 -0.9643138 -0.018366423
vn -0.999092 -0.042358004 0.00449072
vn -0.887141 -0.42280632 0.18497624
vn -0.999093 -0.04251654 0.0024558003
vn -0.999093 -0.0425155 0.0024617931
vn -0.999093 -0.042503286 0.0024917065
vn -0.967943 -0.2483565 0.03749021
vn -0.313282 -0.9471429 -0.06910839
vn -0.913962 -0.40551937 0.015117411
vn -0.999189 -0.040023122 0.004325035
vn -0.921554 -0.36493105 -0.13252632
vn -0.352206 -0.88126594 -0.3151513
vn 0.844131 -0.5312563 -0.07218556
vn 0.265173 -0.88715374 -0.3776788
vn -0.367891 -0.8099627 -0.45674628
vn 0.901032 -0.43156528 0.043494206
vn 0.954949 -0.17809945 -0.23738872
vn 0.901611 -0.43041444 0.04290497
vn 0.375516 -0.78980476 -0.48497102
vn 0.992735 -0.11877365 0.019231008
vn -0.321112 -0.85345733 -0.4104854
vn 0.973675 0.22790143 -0.0042552333
vn -0.911848 -0.36684087 -0.184283
vn 0.835471 0.54891217 -0.026158089
vn -0.999075 -0.042753648 0.0045415475
vn 0.687507 0.7249956 -0.04142442
vn -0.999198 -0.039814856 0.0042215446
vn 0.577295 0.81457925 -0.056493785
vn 0.669715 0.7032093 0.23870438
vn 0.675468 0.7347843 -0.061923873
vn 0.613357 0.78728366 0.063071266
vn 0.72073 0.6908006 -0.057816546
vn 0.959468 0.28065318 -0.025615636
vn 0.965199 0.2604413 -0.023702195
vn 0.778521 0.6249008 0.058345206
vn 0.923966 0.04872738 0.37935856
vn 0.580468 0.72317624 0.37426418
vn 0.794399 0.5782723 0.18582757
vn 0.978543 0.20417123 0.02771611
vn 0.750962 0.5811795 0.31350604
vn 0.999925 0.012140488 -0.0013747667
vn 0.975655 0.19573368 0.09892121
vn 0.999925 0.012139488 -0.0013747595
vn 0.9423 -0.29496065 -0.15833384
vn 0.952574 0.24963363 0.17402807
vn 0.495269 0.7377797 0.458683
vn 0.638342 0.62952656 0.44296196
vn 0.483633 0.79123664 0.37422395
vn 0.949887 0.2840121 0.13057935
vn 0.625024 0.7059529 0.3331322
vn 0.944263 -0.3285888 -0.019933075
vn 0.959933 0.2560648 0.11383658
vn 0.464685 0.798665 0.3823651
vn 0.649234 0.68765634 0.3249997
vn 0.838075 0.42006063 0.34810996
vn 0.960618 0.23676708 0.14544325
vn 0.992564 -0.1201799 0.019341057
vn 0.984549 -0.10443653 0.1405567
vn 0.453235 0.6970104 0.55565673
vn 0.888375 -0.45630082 0.050784104
vn 0.813676 0.34063992 0.4710595
vn 0.917776 -0.24366924 0.31354776
vn 0.86596 -0.49742368 0.05179591
vn 0.823897 -0.547276 0.1472475
vn 0.568908 0.38220793 0.7281901
vn 0.568455 -0.80753994 0.15728608
vn 0.641721 -0.6907914 0.3331685
vn 0.730289 -0.62388885 0.27828318
vn 0.645522 -0.7586078 0.08840674
vn 0.457938 -0.8715662 0.17511694
vn 0.474372 -0.8463103 0.2423422
vn 0.87129 -0.22994447 0.43356678
vn 0.582282 -0.7627485 0.28135723
vn 0.578095 -0.41091636 0.7049496
vn 0.729888 0.2996827 0.6143717
vn 0.706479 -0.38963312 0.5908246
vn 0.64596 -0.71856546 0.257681
vn 0.982091 0.095963754 0.16213757
vn 0.979357 -0.11129135 0.16874236
vn 0.965662 -0.2454407 0.0851846
vn 0.643754 -0.7430667 0.18284513
vn 0.959177 -0.27406046 0.06978466
vn 0.999925 0.012139488 -0.0013747595
vn 0.999925 0.012139488 -0.0013747595
vn 0.964437 -0.25894296 0.05300424
vn 0.999925 0.012139502 -0.0013727595
vn 0.655197 -0.73962474 0.1538588
vn 0.646468 -0.7561856 0.10130477
vn 0.960732 -0.27500397 0.03696057
vn 0.999925 0.012139495 -0.0013737595
vn 0.478776 -0.87044984 0.114416406
vn 0.960535 -0.27568135 0.03705141
vn 0.693121 -0.71555805 0.08695416
vn 0.644918 -0.75748533 0.10147605
vn 0.498328 -0.8596011 0.11294286
vn 0.728028 -0.68151385 0.07426362
vn 0.645018 -0.7589175 0.08942198
vn 0.515997 -0.8507153 0.100150056
vn 0.743464 -0.61290187 0.26760542
vn 0.350914 -0.90868545 0.22616541
vn 0.579971 -0.7879476 0.20681536
vn 0.96117 -0.2740389 0.032486558
vn 0.593126 -0.78111416 0.19509225
vn 0.866201 -0.4203313 0.27021775
vn 0.999926 0.012155974 -0.0010268684
vn 0.08847 -0.86433727 0.49507046
vn 0.90173 -0.31914094 0.29160136
vn 0.295072 -0.80823207 0.509602
vn 0.999927 0.012051719 -0.001202128
vn 0.236873 -0.85678965 0.45804158
vn 0.999925 0.012139488 -0.0013747595
vn 0.293671 -0.7323448 0.6143525
vn -0.449642 -0.439483 0.7776095
vn -0.367836 -0.66302603 0.6519923
vn -0.576344 -0.014251135 0.81708264
vn -0.927398 -0.26654476 0.2624639
vn 0.039675 -0.9450335 0.32455757
vn -0.367849 -0.61578697 0.696774
vn -0.914318 -0.28240332 0.2902959
vn 0.334815 -0.6407667 0.6908812
vn -0.368392 -0.6166334 0.69573796
vn -0.999093 -0.042494785 0.0025616477
vn -0.999207 -0.039588995 0.00420193
vn -0.913317 -0.28595275 0.28997025
vn -0.967661 0.2514366 -0.020274779
vn -0.690494 -0.57223374 0.44245535
vn -0.623871 0.7681107 0.14419131
vn -0.651284 0.75632805 -0.06161977
vn -0.338373 -0.65629405 0.6743757
vn -0.690299 0.6900594 0.21749678
vn 0.362887 -0.64948404 0.668194
vn -0.298331 -0.6413857 0.70684105
vn 0.928164 -0.24033907 0.28416422
vn 0.395866 -0.5950685 0.699417
vn -0.941042 0.1951998 0.27629155
vn 0.999925 0.012137488 -0.0013747453
vn -0.548582 0.8333626 -0.06756225
vn -0.368784 -0.62788355 0.6853911
vn -0.866803 0.49717933 -0.038266815
vn 0.928863 -0.24197252 0.2804678
vn -0.547402 0.8353968 -0.04962033
vn 0.391709 -0.61993676 0.6798842
vn -0.650397 0.758294 -0.04442038
vn -0.934899 -0.21214771 0.28453183
vn -0.96735 0.2530389 -0.014351074
vn -0.302505 -0.72060144 0.6238779
vn -0.650421 0.75827503 -0.04441524
vn -0.544186 0.8374856 -0.049798258
vn -0.862875 0.50482494 -0.024492089
vn -0.993707 0.11200164 -0.0011491678
vn -0.967148 0.25381672 -0.0142456265
vn -0.854748 -0.4389382 0.27701688
vn -0.649278 0.7589961 -0.048608497
vn -0.990186 -0.13654049 0.029815204
vn -0.540034 0.83985126 -0.054890286
vn -0.992921 0.11824307 0.011205559
vn -0.857822 0.51334316 -0.024910953
vn -0.992575 0.12107089 0.011729371
vn -0.990119 -0.13126293 0.049333
vn -0.909298 -0.41018823 0.07016218
vn -0.991705 0.11926637 0.047918186
vn -0.91274 -0.39450356 0.10617203
vn -0.85975 0.51068205 -0.0058774566
vn -0.988362 -0.14262062 0.052914232
vn -0.9848 -0.15635864 0.07563496
vn -0.983455 0.090287246 0.157047
vn -0.969902 -0.16675165 0.1774368
vn -0.8674 0.4858285 0.107653
vn -0.899273 -0.42327857 0.11019771
vn -0.528829 0.8478105 0.039458256
vn -0.894083 -0.4133634 0.17247246
vn -0.664926 0.7460194 0.036446378
vn -0.685677 0.6705986 0.2830995
vn -0.966025 0.2579851 -0.015467438
vn -0.671358 0.69319403 0.26222152
vn -0.973897 0.2268536 0.007951564
vn -0.968376 -0.24087878 0.06500249
vn -0.99778 -0.06043865 0.027980488
vn -0.772297 -0.62558174 0.11047296
vn -0.768824 -0.6120422 0.18524013
vn -0.739982 -0.6578501 0.14021425
vn -0.862164 -0.46629167 0.19810325
vn -0.851943 -0.5048858 0.13886744
vn -0.735257 -0.64607674 0.2048938
vn -0.897537 -0.41525012 0.14830232
vn -0.977837 -0.20434454 0.045589
vn -0.911535 -0.3816539 0.15311244
vn 0.099178 -0.97984964 -0.1733754
vn -0.980158 -0.15402661 0.12476655
vn -0.977195 0.19779196 0.07725695
vn -0.909981 0.40793434 0.07431862
vn -0.782353 0.6227745 0.008763131
vn -0.782615 0.6224385 0.009174542
vn -0.92834 0.26905435 0.25650543
vn -0.976804 0.2140976 0.0039375895
vn -0.976793 0.21414174 0.004239282
vn -0.999737 -0.001100406 0.022903446
vn -0.999925 -0.012139488 0.0013747595
vn -0.999925 -0.012139495 0.0013737595
vn -0.999538 -0.023052074 -0.019804822
vn -0.934875 -0.31635445 -0.16102608
vn -0.999133 -0.038180396 -0.016576663
vn -0.919129 -0.3920062 0.039164484
vn -0.97564 0.21168771 0.057575174
vn -0.99915 -0.03964668 -0.011292053
vn -0.972933 0.19821867 0.11878696
vn -0.93673 -0.34962547 -0.017293721
vn -0.721815 0.31953788 0.6139049
vn -0.999094 -0.041619204 -0.0088388985
vn -0.713438 0.3184861 0.62415767
vn -0.972 0.17185028 0.16026041
vn -0.705091 -0.31573403 0.6349478
vn -0.997877 -0.06301605 -0.016439235
vn -0.97713 0.03586928 0.20959811
vn -0.696959 -0.3293677 0.6369972
vn -0.726537 -0.05236178 0.6851295
vn -0.66681 -0.64409155 0.37484795
vn -0.646717 -0.6655231 0.37260798
vn -0.61985 -0.75454867 0.21550497
vn -0.636407 -0.7410782 0.21398172
vn -0.631987 -0.75328857 0.18206714
vn -0.965949 -0.2298137 0.11886382
vn -0.905727 -0.40889794 0.11163101
vn -0.629625 -0.7553007 0.18191351
vn -0.63237 -0.74804056 0.20135613
vn -0.636623 -0.7449516 0.19939601
vn -0.961102 -0.26579955 0.07505979
vn -0.631152 -0.7489464 0.20180863
vn -0.956481 -0.2838873 0.06746381
vn -0.627593 -0.76496226 0.14477658
vn -0.629951 -0.7498865 0.20206933
vn -0.957853 -0.27772787 0.07337796
vn -0.999994 -0.0034071703 0.00012834405
vn -0.999996 -0.0028920693 -0.00027934625
vn -0.95794 -0.27733946 0.07371519
vn -0.99999 -0.004370332 -0.0005907935
vn -0.941065 0.3375305 0.02167924
vn -0.637114 -0.7575748 0.14200972
vn -0.691155 -0.63998884 0.33573565
vn -0.65979 -0.6778817 0.32427406
vn -0.240455 -0.6314215 0.73721665
vn -0.517457 -0.74547064 0.42013237
vn -0.182713 -0.37015757 0.9108236
vn -0.962511 -0.26732472 0.04593094
vn -0.409404 -0.25021145 0.8773719
vn -0.902116 -0.14038973 0.40801537
vn 0.376992 -0.20261656 0.90378255
vn -0.903408 0.18955845 0.3846046
vn 0.393042 -0.5239229 0.7556612
vn -0.999956 0.009017538 -0.0024764845
vn 0.395844 -0.6589435 0.63961077
vn -0.368119 0.33438146 0.86757034
vn 0.933909 -0.24534857 0.2600354
vn 0.903232 -0.27739578 0.32744905
vn 0.999925 0.012139488 -0.0013747595
vn 0.999925 0.0121414885 -0.0013747738
vn 0.909137 -0.1023995 0.40371284
vn 0.999925 0.012139488 -0.0013747595
vn 0.999925 0.012139488 -0.0013747595
vn 0.953492 0.30093363 0.01706957
vn 0.957911 0.2869774 -0.0071273446
vn 0.876621 0.25575832 0.40758327
vn 0.953709 0.3002473 0.017030472
vn 0.323104 0.4878009 0.81095886
vn 0.557885 0.80710906 0.19323395
vn 0.633385 0.7736608 -0.016514445
vn 0.141216 0.4973916 0.8559555
vn 0.385273 0.8982932 0.21126698
vn 0.627113 0.7788382 -0.011853313
vn 0.625955 0.778362 0.048307624
vn 0.717513 0.6521527 0.24468827
vn 0.24679 0.7040213 0.6659195
vn 0.952477 0.30443975 0.010221347
vn 0.62752 0.77710545 0.048226602
vn 0.957427 0.28803372 0.01922678
vn 0.62632 0.77911294 0.026597708
vn 0.636662 0.76974154 0.046458162
vn 0.962729 0.26119038 0.07022985
vn 0.632406 0.77316296 0.04776275
vn 0.632712 0.771748 0.063870266
vn 0.905749 0.42292407 0.027474336
vn 0.632022 0.7744515 0.02781504
vn 0.619891 0.78236496 0.060333334
vn 0.91276 0.40772998 0.02499782
vn 0.899293 0.43673092 0.02320359
vn 0.988373 0.1502857 0.023078948
vn 0.90947 0.41556045 -0.013178094
vn 0.99013 0.13844253 0.021837525
vn 0.984818 0.16828065 0.04260389
vn 0.863837 0.45976478 0.2059147
vn 0.990163 0.13991055 0.0013965163
vn 0.992582 -0.116318285 0.035369877
vn 0.992928 -0.113655925 0.034291834
vn 0.993764 -0.1093374 0.021891665
vn 0.894122 0.43944904 0.086203784
vn 0.862881 -0.499578 0.07653393
vn 0.666902 0.70594394 0.23850483
vn 0.96995 0.19879025 0.14028342
vn 0.991723 -0.10733028 0.07047357
vn 0.640961 0.7293339 0.23925175
vn 0.70527 0.436129 0.55891454
vn 0.983504 -0.057143405 0.1716206
vn 0.857829 -0.50800794 0.07782719
vn 0.859765 -0.5015954 0.09594785
vn 0.957612 0.24911268 0.14464404
vn 0.69259 0.45473284 0.5599437
vn 0.713632 -0.18748285 0.6749666
vn 0.867445 -0.45457992 0.20222567
vn 0.685779 -0.6005986 0.41108215
vn 0.723476 -0.19397378 0.6625377
vn 0.540042 -0.83391774 0.113736406
vn 0.528863 -0.8228806 0.20777895
vn 0.665472 -0.6275216 0.40418333
vn 0.656127 -0.7315283 0.18537676
vn 0.544193 -0.8305844 0.118251696
vn 0.644083 -0.7578566 0.10397177
vn 0.644079 -0.7572337 0.10843944
vn 0.547414 -0.8285001 0.1180068
vn 0.960199 -0.27662787 0.038664214
vn 0.643726 -0.7575283 0.108480535
vn 0.960443 -0.27563033 0.039717115
vn 0.960401 -0.27577418 0.03973714
vn 0.966259 -0.24941596 0.06430547
vn 0.932683 0.3601915 0.019079283
vn 0.919153 0.39187387 -0.039910562
vn 0.970414 -0.20471063 0.12802272
vn 0.926695 0.3668842 0.081443064
vn 0.96727 -0.14585836 0.2076393
vn 0.9303 0.34251243 0.13125445
vn 0.383268 0.92339784 0.021038797
vn 0.973062 -0.0059997016 0.23046675
vn 0.377248 0.89743173 0.2286936
vn 0.970562 0.12947915 0.2030862
vn 0.371334 0.92373437 -0.09394954
vn 0.982478 0.06334286 0.17528595
vn 0.982846 0.03265158 0.18151636
vn 0.920705 0.32792294 0.21158472
vn 0.983227 0.0013399553 0.18238008
vn 0.982142 0.092472896 0.16384856
vn 0.983615 -0.029646361 0.17782733
vn 0.837319 0.071703814 0.5419926
vn 0.836168 0.16468966 0.52316284
vn 0.838453 -0.023133818 0.5444822
vn 0.835078 0.25299236 0.4885081
vn 0.560177 0.2414391 0.7924074
vn 0.558378 0.37584504 0.7395638
vn 0.561993 0.09991138 0.82108516
vn 0.839574 -0.116971076 0.5305032
vn 0.563731 -0.04443904 0.8247625
vn 0.195747 0.2807936 0.93959504
vn 0.984003 -0.059354506 0.16797432
vn 0.19788 0.11268018 0.9737289
vn 0.56539 -0.18722707 0.8032931
vn 0.193648 0.4403892 0.87667423
vn 0.199967 -0.058804423 0.97803605
vn 0.193662 0.11270421 0.9745728
vn 0.840648 -0.20695385 0.50048125
vn 0.195743 -0.058239073 0.97892404
vn 0.201965 -0.22842401 0.95238215
vn 0.191616 0.28028676 0.94059664
vn 0.197789 -0.22733988 0.9535175
vn 0.551906 0.10049157 0.82782924
vn 0.566876 -0.3241267 0.7573589
vn 0.553682 -0.04479976 0.8315222
vn 0.199663 -0.38946447 0.89914024
vn 0.550154 0.24294084 0.7989438
vn 0.555413 -0.18853074 0.80992156
vn 0.827318 0.07321866 0.5569421
vn 0.203789 -0.39097986 0.89755505
vn 0.828521 -0.024643166 0.55941635
vn 0.557011 -0.3263294 0.7637068
vn 0.826133 0.1691571 0.5374842
vn 0.829682 -0.12144457 0.5448665
vn 0.978729 0.034920156 0.20216468
vn 0.201383 -0.53968114 0.81742835
vn 0.979167 -0.00076638523 0.20305665
vn 0.830754 -0.21426123 0.5137508
vn 0.978301 0.06989616 0.19504164
vn 0.979593 -0.036061335 0.19773066
vn 0.982465 0.02329507 -0.18498415
vn 0.558487 -0.45400193 0.6942441
vn 0.982087 0.055007905 -0.18022157
vn 0.979982 -0.06991008 0.18640919
vn 0.982853 -0.0087650325 -0.18418409
vn 0.981731 0.08541451 -0.17002654
vn 0.836155 0.043927275 -0.54673177
vn 0.831751 -0.30024177 0.46695286
vn 0.835028 0.13814677 -0.53258145
vn 0.981406 0.11359556 -0.15472248
vn 0.837302 -0.05132297 -0.54432625
vn 0.833976 0.22847557 -0.5022781
vn 0.560196 0.057907164 -0.8263338
vn 0.980342 -0.101259835 0.16933772
vn 0.558493 0.20047778 -0.80491877
vn 0.833012 0.31218085 -0.4567639
vn 0.561962 -0.08621226 -0.8226581
vn 0.556905 0.33716288 -0.7590641
vn 0.195781 0.06294232 -0.97862566
vn 0.981132 0.1386731 -0.13472012
vn 0.193753 0.23190092 -0.953248
vn 0.555479 0.46380532 -0.690165
vn 0.197876 -0.10785197 -0.9742754
vn 0.191859 0.3938832 -0.8989138
vn -0.004184 0.23412862 -0.97219646
vn 0.832197 0.38669798 -0.39738268
vn -0.006117 0.39937982 -0.9167656
vn 0.190162 0.5439723 -0.817272
vn -0.002117 0.061758246 -0.9980887
vn -0.007863 0.55249476 -0.8334793
vn -0.006117 0.39937782 -0.9167656
vn 0.554213 0.57657784 -0.6003384
vn -0.007863 0.55249476 -0.8334793
vn -0.009371 0.68882614 -0.7248665
vn -0.004184 0.2341256 -0.9721974
vn -0.00937 0.6888241 -0.7248684
vn -0.205579 0.53916615 -0.81672263
vn 0.188668 0.67760926 -0.71080995
vn -0.207029 0.6728061 -0.71026164
vn -0.010562 0.8042243 -0.59423256
vn -0.203855 0.38908 -0.89836556
vn -0.208224 0.7859197 -0.5822144
vn -0.568443 0.4501719 -0.68863463
vn -0.010595 0.80422634 -0.5942296
vn -0.56969 0.56293553 -0.59879684
vn -0.209107 0.87508833 -0.43645677
vn -0.566992 0.32352346 -0.7575306
vn -0.570698 0.658387 -0.49074402
vn -0.841593 0.29185474 -0.45446864
vn -0.011496 0.89518994 -0.4455376
vn -0.842437 0.36635596 -0.3950743
vn -0.571428 0.73363745 -0.36775747
vn -0.840641 0.20815338 -0.4999938
vn -0.843094 0.42944962 -0.32367525
vn -0.984299 0.08972237 -0.15200387
vn -0.209654 0.93758994 -0.27743518
vn -0.984578 0.11479784 -0.13201149
vn -0.84358 0.47918153 -0.24240045
vn -0.983979 0.0615492 -0.16732498
vn -0.984804 0.13602611 -0.10797353
vn -0.681163 -0.5082342 0.5269863
vn -0.571911 0.7863615 -0.23356673
vn -0.680277 -0.5919826 0.43218115
vn -0.984966 0.1527809 -0.08062552
vn -0.682256 -0.40929958 0.6058065
vn -0.679625 -0.65799415 0.324275
vn -0.719946 -0.5608175 0.4088549
vn -0.843883 0.514036 -0.15371819
vn -0.719326 -0.62325215 0.30680034
vn -0.679224 -0.70426744 0.20654655
vn -0.720783 -0.48161086 0.49852034
vn -0.718949 -0.6670157 0.19545415
vn -0.910763 -0.37496805 0.17294519
vn -0.985064 0.16453041 -0.0507817
vn -0.910197 -0.4003244 0.10621963
vn -0.718822 -0.69078195 0.078196935
vn -0.911458 -0.3383195 0.23405892
vn -0.909656 -0.4138015 0.035986114
vn -0.367684 -0.8301966 0.4190256
vn -0.679089 -0.7293968 0.08256791
vn -0.367872 -0.88978 0.27011344
vn -0.90937 -0.41446197 -0.03561
vn -0.367984 -0.74573123 0.5554027
vn -0.368312 -0.9227881 0.113174275
vn 0.389999 -0.8806303 0.26905605
vn -0.718949 -0.6938285 -0.041406356
vn 0.39083 -0.9136126 0.1120927
vn -0.369394 -0.92807734 -0.04712303
vn 0.388875 -0.82102394 0.41796604
vn 0.391414 -0.91895 -0.048225265
vn 0.919995 -0.37795356 0.10373674
vn -0.909119 -0.40274563 -0.106295496
vn 0.91962 -0.39137435 0.03354583
vn 0.391667 -0.89649546 -0.20710672
vn 0.920159 -0.35252368 0.17039478
vn 0.919084 -0.39222357 -0.038013928
vn 0.985665 -0.16679613 0.025353236
vn -0.370558 -0.90568167 -0.20597807
vn 0.985775 -0.16798341 -0.005477068
vn 0.918407 -0.38042593 -0.108650014
vn 0.985502 -0.16030098 0.055586606
vn 0.985817 -0.16391544 -0.036009908
vn 0.8444 -0.5318423 0.06429212
vn 0.39155 -0.84688425 -0.35982707
vn 0.844445 -0.53478247 -0.030351296
vn 0.985783 -0.15476334 -0.06542304
vn 0.844175 -0.5125564 0.1570187
vn 0.844293 -0.5213159 -0.124094896
vn 0.570471 -0.8162746 0.090879776
vn 0.917679 -0.35622135 -0.17598864
vn 0.569922 -0.8199543 -0.05352062
vn 0.84394 -0.49183252 -0.21416582
vn 0.570638 -0.7876196 0.23243868
vn 0.569097 -0.7984754 -0.19638371
vn 0.208463 -0.97252446 0.10363135
vn 0.985643 -0.14089724 -0.093034804
vn 0.207863 -0.9757944 -0.067951664
vn 0.568006 -0.75248384 -0.3333718
vn 0.208629 -0.9393976 0.27203897
vn 0.20699 -0.94909835 -0.23742071
vn 0.205464 -0.97676986 -0.060879525
vn 0.843331 -0.4472211 -0.2979687
vn 0.205012 -0.95135534 -0.22998741
vn 0.205645 -0.89334524 -0.39955518
vn 0.205625 -0.9724204 0.11007777
vn 0.204082 -0.8969902 -0.39212292
vn 0.561934 -0.82552856 -0.05228177
vn 0.566815 -0.68327075 -0.46028548
vn 0.561456 -0.8039549 -0.19602156
vn 0.20289 -0.8152864 -0.5423504
vn 0.562079 -0.8218344 0.093031555
vn 0.560777 -0.75769114 -0.3338166
vn 0.834093 -0.5504591 -0.035834443
vn 0.20427 -0.8102798 -0.5492914
vn 0.833754 -0.53596336 -0.13265547
vn 0.559742 -0.6882585 -0.46150786
vn 0.834199 -0.5479649 0.062028237
vn 0.833277 -0.50479364 -0.22546153
vn 0.981203 -0.19247092 -0.013997347
vn 0.201383 -0.70874816 -0.6761069
vn 0.981086 -0.18718794 -0.049295988
vn 0.832566 -0.45805588 -0.31147662
vn 0.981239 -0.19157398 0.021686155
vn 0.9809 -0.17584948 -0.08314386
vn 0.98074 0.19080904 0.04173693
vn 0.558447 -0.59772056 -0.5752106
vn 0.980907 0.18060401 0.07214261
vn 0.980647 -0.1588071 -0.11450641
vn 0.980638 0.19557254 0.010016087
vn 0.981128 0.16529694 0.100325674
vn 0.831036 0.5415621 0.12684833
vn 0.831722 -0.39705935 -0.38805032
vn 0.831514 0.5112837 0.21719395
vn 0.981411 0.14528853 0.12539326
vn 0.830735 0.55571216 0.03261983
vn 0.832183 0.46575853 0.30090132
vn 0.552456 0.81091183 0.19290978
vn 0.980343 -0.1365499 -0.14241713
vn 0.553202 0.76506627 0.32960677
vn 0.83301 0.4063864 0.37542638
vn 0.552012 0.8323158 0.050330233
vn 0.554213 0.6961833 0.45626312
vn 0.186606 0.9553112 0.22925612
vn 0.981731 0.12126063 0.14663145
vn 0.187492 0.9009812 0.3912554
vn 0.555432 0.60636973 0.56904465
vn 0.186043 0.98068976 0.060291506
vn 0.188668 0.8193543 0.54135334
vn -0.010593 0.9167059 0.39942226
vn 0.833968 0.33497924 0.4385041
vn -0.009371 0.8334287 0.5525471
vn 0.190147 0.71289736 0.6749973
vn -0.011461 0.97213066 0.23416008
vn -0.007863 0.7248259 0.6888874
vn -0.009371 0.8334267 0.5525511
vn 0.5569 0.49830887 0.664493
vn -0.007863 0.7248249 0.68888843
vn -0.006116 0.5942 0.8042946
vn -0.010562 0.91670686 0.39942226
vn -0.006116 0.59419805 0.8042956
vn -0.205537 0.70809513 0.67554164
vn 0.191869 0.58485126 0.788121
vn -0.203853 0.580049 0.7886613
vn -0.004184 0.4455221 0.895261
vn -0.207049 0.8145441 0.54189277
vn -0.201954 0.4343133 0.8778307
vn -0.568428 0.5927184 0.57059216
vn -0.004184 0.4455221 0.895261
vn -0.567004 0.4846655 0.66603655
vn -0.199922 0.2753068 0.94033927
vn -0.569691 0.68254095 0.45780963
vn -0.565412 0.3616849 0.7412781
vn -0.841604 0.3860463 0.37771872
vn -0.002124 0.2833075 0.9590266
vn -0.840649 0.3146441 0.44080445
vn -0.563713 0.22751327 0.7940189
vn -0.842425 0.44541338 0.30319372
vn -0.8396 0.23337021 0.49052134
vn -0.984299 0.12142926 0.12810178
vn -0.197854 0.10785501 0.97428036
vn -0.983979 0.09739331 0.14933303
vn -0.838474 0.144699 0.5253797
vn -0.984577 0.14140753 0.10301242
vn -0.983623 0.070040196 0.16607088
vn -0.683521 -0.43956825 -0.5827346
vn -0.561947 0.08621533 0.8226681
vn -0.684923 -0.33166915 -0.6487501
vn -0.983242 0.040199332 0.17781535
vn -0.682256 -0.53436035 -0.4989843
vn -0.686415 -0.21395071 -0.69502527
vn -0.724338 -0.31461665 -0.613474
vn -0.837302 0.05132097 0.54432625
vn -0.697171 -0.4266159 -0.57615197
vn -0.723014 -0.41666523 -0.5510354
vn -0.319656 -0.3630389 -0.8752268
vn -0.721817 -0.50632066 -0.4718259
vn -0.969304 -0.17357045 -0.17413548
vn -0.297344 -0.004133912 -0.9547618
vn -0.687954 -0.089979075 -0.7201546
vn -0.982853 0.0087650325 0.18418409
vn -0.728661 0.033563003 -0.6840512
vn -0.689494 0.03647017 -0.723372
vn -0.836154 -0.04392726 0.54673374
vn -0.982463 -0.023298971 0.18499817
vn -0.560227 -0.057907313 0.82631284
vn -0.195795 -0.06294334 0.9786226
vn -0.558493 -0.20047778 0.80491877
vn 0 0.112477526 0.9936548
vn -0.193766 -0.23190194 0.95324504
vn 0.002124 -0.061765242 0.9980887
vn -0.002124 0.2833085 0.9590266
vn 0 0.11248152 0.9936538
vn 0.193754 0.43911555 0.87728935
vn 0.195775 0.28010803 0.9397939
vn 0.558507 0.3753252 0.73973054
vn 0.560182 0.24115969 0.7924894
vn 0.835038 0.25369325 0.4882131
vn 0.836148 0.16502914 0.52308846
vn 0.982087 0.09390148 0.16336633
vn 0.982466 0.0640535 0.17509288
vn 0.979986 -0.109798044 -0.16604784
vn 0.979587 -0.079356454 -0.18469079
vn 0.830741 -0.3236906 -0.4528731
vn 0.82968 -0.24016923 -0.5039351
vn 0.557003 -0.48879123 -0.67143923
vn 0.555401 -0.36480793 -0.74729186
vn 0.199731 -0.5805857 -0.7893214
vn 0.197758 -0.43473563 -0.8785767
vn 0.202905 -0.70265204 -0.68198967
vn 0.201595 -0.574096 -0.7935829
vn 0.565592 -0.59291506 -0.57319987
vn 0.56444 -0.48418555 -0.668559
vn 0.84241 -0.38872868 -0.37314343
vn 0.841256 -0.3177589 -0.4373981
vn 0.985362 -0.12269464 -0.118352495
vn 0.984911 -0.10038668 -0.14097343
vn 0.916966 -0.32044014 -0.23767984
vn 0.916427 -0.27432567 -0.29138765
vn 0.390818 -0.77158535 -0.50191367
vn 0.389266 -0.6726955 -0.6292483
vn -0.372033 -0.8561203 -0.35867706
vn -0.373555 -0.7808422 -0.5007414
vn -0.909127 -0.3785696 -0.17370194
vn -0.90946 -0.34272754 -0.23541357
vn -0.719327 -0.6760603 -0.1597193
vn -0.719937 -0.63802767 -0.27315187
vn -0.679224 -0.7326173 -0.043890312
vn -0.679624 -0.7138315 -0.16898671
vn -0.985103 0.17087217 -0.019343203
vn -0.985064 0.17171726 0.012722579
vn -0.843985 0.53296256 -0.06033102
vn -0.843884 0.5353882 0.034924086
vn -0.572051 0.8150127 -0.0922578
vn -0.571909 0.8186755 0.051876716
vn -0.209854 0.9715282 -0.10997739
vn -0.209651 0.9758816 0.060837872
vn -0.012047 0.95895255 -0.28330997
vn -0.012233 0.99357986 -0.11247299
vn -0.01146 0.8951879 -0.44554257
vn -0.012046 0.95895356 -0.28330797
vn 0.187493 0.790725 -0.5827518
vn 0.186612 0.8798885 -0.43700406
vn 0.553202 0.67202824 -0.49228653
vn 0.552462 0.7472659 -0.36929587
vn 0.831513 0.4497956 -0.32598966
vn 0.831033 0.49950564 -0.2446987
vn 0.980906 0.15990832 -0.11068821
vn 0.980739 0.17665316 -0.08333513
vn 0.980647 -0.12919034 0.14710969
vn 0.980901 -0.15280817 0.12034173
vn 0.832586 -0.3768164 0.40596735
vn 0.833275 -0.4416252 0.33259746
vn 0.559705 -0.5676997 0.60369503
vn 0.560757 -0.66391146 0.4947456
vn 0.202818 -0.6734347 0.7108812
vn 0.204067 -0.78664225 0.58270967
vn 0.205382 -0.54150486 0.81522435
vn 0.206734 -0.67537904 0.70790195
vn 0.568181 -0.45095906 0.6883362
vn 0.569262 -0.563874 0.5983196
vn 0.841625 -0.29037434 0.45535704
vn 0.842487 -0.3647108 0.3964876
vn 0.984368 -0.086900815 0.15319273
vn 0.984708 -0.111441225 0.13390554
vn 0.930292 -0.27128705 0.24690238
vn 0.922718 -0.220737 0.31601802
vn 0.985022 -0.1322136 0.11068836
vn 0.948168 -0.30496994 0.08928098
vn 0.843221 -0.42770046 0.3256538
vn 0.570012 -0.6594757 0.49007982
vn 0.919816 -0.2693709 0.28526965
vn 0.207729 -0.78850967 0.5788799
vn 0.843772 -0.47750473 0.24502754
vn 0.204935 -0.8758866 0.43683547
vn 0.570506 -0.7348019 0.36686277
vn 0.208365 -0.87742954 0.43209037
vn 0.561494 -0.7397701 0.37076238
vn 0.20547 -0.93844324 0.2776793
vn 0.985279 -0.14870225 0.08434348
vn 0.561936 -0.7929529 0.23548687
vn 0.920076 -0.31599298 0.23153535
vn 0.834092 -0.52852094 0.15797478
vn 0.387416 -0.73659635 0.5543774
vn 0.833779 -0.49271512 0.24908732
vn 0.981203 -0.18446991 0.056664295
vn 0.981086 -0.17143518 0.08989402
vn 0.980638 0.18838675 -0.0534812
vn 0.980604 0.19475445 -0.022046886
vn 0.830734 0.53435904 -0.15601644
vn 0.830618 0.55330867 -0.06263543
vn 0.552014 0.8000038 -0.23510821
vn 0.551843 0.828655 -0.09380429
vn 0.186047 0.9423982 -0.2779786
vn 0.18591 0.9763314 -0.11052171
vn -0.012196 0.9935798 -0.112473994
vn -0.012046 0.99801683 0.06178276
vn -0.012046 0.9980169 0.061783757
vn -0.011459 0.97213167 0.23415709
vn -0.209111 0.9505069 0.22980046
vn -0.208213 0.89618194 0.39179868
vn -0.57146 0.79725856 0.19445334
vn -0.57069 0.7514319 0.33115423
vn -0.843578 0.521243 0.12915455
vn -0.843093 0.49093655 0.21948837
vn -0.984966 0.16693671 0.044435546
vn -0.984804 0.15672062 0.0748343
vn -0.680268 -0.67361826 -0.28891906
vn -0.681156 -0.6131796 -0.40004566
vn -0.720775 -0.58086705 -0.37825495
vn -0.910205 -0.29655793 -0.28910276
vn -0.911486 -0.24199936 -0.33261067
vn -0.374771 -0.68196833 -0.62806505
vn -0.91329 -0.18180053 -0.36448652
vn -0.375387 -0.5620973 -0.73697424
vn 0.386699 -0.5528184 -0.7381435
vn -0.91528 -0.11913105 -0.38479978
vn -0.375302 -0.4241656 -0.8241558
vn 0.383035 -0.41491756 -0.8253049
vn 0.916248 -0.21978045 -0.33494344
vn 0.379142 -0.26230413 -0.88738275
vn 0.984257 -0.07402146 -0.16049528
vn 0.916459 -0.1595834 -0.3669293
vn 0.839867 -0.23619635 -0.48870707
vn 0.983496 -0.043276127 -0.17567533
vn 0.916863 -0.09684417 -0.38727602
vn 0.563693 -0.3605113 -0.7431565
vn 0.8385 -0.14627461 -0.52490145
vn 0.982897 -0.008644385 -0.18395394
vn 0.200567 -0.42891935 -0.8807963
vn 0.56303 -0.2262812 -0.7948547
vn 0.837298 -0.05105319 -0.5443582
vn 0.195789 -0.27558744 -0.9411262
vn 0.19945 -0.2719444 -0.9414173
vn 0.561816 -0.08595316 -0.822785
vn 0.553711 -0.22953925 -0.8004476
vn 0.193647 -0.108002916 -0.97510827
vn 0.197764 -0.1077552 -0.9743091
vn 0.82851 -0.1490709 -0.5397689
vn 0.551911 -0.08709404 -0.829343
vn 0.191579 0.06295138 -0.9794567
vn 0.979165 -0.04614092 -0.19775242
vn 0.827349 -0.053127065 -0.5591707
vn 0.550134 0.058201216 -0.83304507
vn 0.982853 0.032629333 0.18148154
vn 0.978736 -0.01114952 -0.20482057
vn 0.82614 0.044731453 -0.56168693
vn 0.837302 0.071654044 0.54202396
vn 0.983244 0.0005703319 0.18229558
vn 0.978304 0.02452999 -0.20571649
vn 0.561947 0.09985964 0.8211236
vn 0.83846 -0.02359504 0.5444524
vn 0.983621 -0.031145457 0.17753904
vn 0.197857 0.11265823 0.973736
vn 0.5637 -0.044262826 0.82479227
vn 0.839594 -0.11781366 0.5302851
vn 0.002125 -0.06176224 0.9980887
vn 0.199943 -0.05814208 0.97808135
vn 0.565419 -0.18683253 0.80336523
vn 0.004172 -0.2341246 0.9721974
vn 0.004184 -0.2341256 0.9721974
vn 0.201955 -0.2270967 0.9527027
vn -0.191869 -0.39388022 0.8989128
vn 0.006116 -0.39937782 0.9167666
vn 0.006098 -0.39937782 0.9167656
vn -0.556898 -0.33716384 0.7590681
vn -0.190161 -0.5439753 0.81727004
vn 0.007839 -0.55249673 0.8334783
vn -0.835028 -0.13814777 0.53258145
vn -0.555439 -0.4638222 0.6901852
vn -0.833968 -0.2284825 0.5022881
vn -0.982087 -0.055008903 0.18022157
vn -0.188695 -0.6776083 0.710803
vn -0.833018 -0.3121759 0.45675686
vn -0.690988 0.16155261 -0.70458215
vn -0.981731 -0.08541451 0.17002654
vn -0.692387 0.28148 -0.6643569
vn -0.730073 0.15186597 -0.6662809
vn -0.731399 0.2652897 -0.62823325
vn -0.693653 0.39259666 -0.60391515
vn -0.732595 0.37038374 -0.57106864
vn -0.916267 0.1393286 -0.37555593
vn -0.981411 -0.11358275 0.15469539
vn -0.916448 0.2022214 -0.3452955
vn -0.733628 0.4639537 -0.49652416
vn -0.916484 0.073499426 -0.39326113
vn -0.916945 0.25923464 -0.30333072
vn -0.386746 0.37382302 -0.8430201
vn -0.694746 0.49153128 -0.5250959
vn -0.389312 0.5150034 -0.7636807
vn -0.917679 0.30786857 -0.2511618
vn -0.383106 0.21993646 -0.89713913
vn -0.390772 0.6398801 -0.66170317
vn 0.37474 0.52432686 -0.7646253
vn -0.734467 0.5431613 -0.4068587
vn 0.373554 0.64915085 -0.66261643
vn -0.39155 0.74502105 -0.54003024
vn 0.37535 0.38314235 -0.8439877
vn 0.372079 0.75426567 -0.5409633
vn 0.910187 0.22444981 -0.34811234
vn -0.918436 0.346453 -0.19090393
vn 0.909461 0.28143266 -0.30606735
vn 0.370618 0.8366989 -0.40320867
vn 0.911465 0.16153932 -0.3783337
vn 0.909149 0.33012354 -0.2539019
vn 0.982352 0.14003678 -0.123992585
vn -0.391726 0.82749146 -0.40225387
vn 0.982065 0.15962428 -0.10033691
vn 0.909149 0.36873633 -0.19360119
vn 0.982576 0.116821244 -0.14455926
vn 0.981788 0.17502668 -0.07387727
vn 0.833214 0.38940534 -0.3925789
vn 0.369311 0.8940906 -0.25339785
vn 0.832462 0.4516253 -0.3210026
vn 0.981551 0.18578283 -0.045200385
vn 0.833958 0.31565547 -0.4526316
vn 0.831871 0.5004612 -0.23985241
vn 0.550565 0.5765579 -0.6037043
vn 0.90933 0.39609808 -0.12738098
vn 0.549755 0.67249835 -0.495495
vn 0.831437 0.53455406 -0.15154171
vn 0.551888 0.46319884 -0.69344586
vn 0.549394 0.7480861 -0.37220082
vn 0.185258 0.6716374 -0.71734446
vn 0.981373 0.19152339 -0.0150466245
vn 0.184318 0.7861084 -0.58996606
vn 0.549362 0.80107665 -0.23764995
vn 0.186896 0.53706324 -0.8225768
vn 0.183778 0.87677556 -0.44440004
vn 0.183304 0.7913445 -0.5832453
vn 0.831217 0.552843 -0.058666997
vn 0.182395 0.88058996 -0.43737108
vn 0.183653 0.940726 -0.28514382
vn 0.184496 0.6781371 -0.7114008
vn 0.181905 0.9431385 -0.2782079
vn 0.543072 0.6773309 -0.4962815
vn 0.549715 0.8298238 -0.0959477
vn 0.542325 0.75318265 -0.37229022
vn 0.18171 0.97711176 -0.1106063
vn 0.544164 0.5810704 -0.6051806
vn 0.541924 0.8063205 -0.23699339
vn 0.821384 0.46172246 -0.33487606
vn 0.183948 0.97593427 -0.11711805
vn 0.820902 0.5127795 -0.2513517
vn 0.541719 0.83522487 -0.09454725
vn 0.82207 0.39690965 -0.40824595
vn 0.820603 0.5485743 -0.16023909
vn 0.976573 0.17655367 -0.123019435
vn 0.181834 0.9814761 0.060342886
vn 0.97639 0.19517367 -0.09256969
vn 0.820456 0.5680821 -0.064309016
vn 0.976817 0.15294582 -0.14978646
vn 0.976278 0.2082253 -0.059354078
vn 0.984966 -0.1527789 0.08062652
vn 0.541862 0.83893305 0.050761968
vn 0.98507 -0.1644955 0.050771445
vn 0.976233 0.21534634 -0.024378054
vn 0.984801 -0.13604105 0.107983634
vn 0.9851 -0.17089115 0.01934434
vn 0.843571 -0.47919446 0.24240655
vn 0.820605 0.5705103 0.033559136
vn 0.843886 -0.514031 0.15371415
vn 0.985067 -0.17170025 -0.0127197
vn 0.843095 -0.42944863 0.32367426
vn 0.843982 -0.53296757 0.060331054
vn 0.571451 -0.7336235 0.3677494
vn 0.976278 0.21622731 0.011307564
vn 0.571913 -0.7863615 0.23356073
vn 0.843877 -0.53539914 -0.034925006
vn 0.570712 -0.65838206 0.490735
vn 0.572065 -0.8150027 0.09225772
vn 0.20912 -0.8750853 0.43645674
vn 0.984963 -0.16695073 -0.044438444
vn 0.209654 -0.93758994 0.2774362
vn 0.571916 -0.8186705 -0.051875755
vn 0.208245 -0.78591776 0.5822084
vn 0.209817 -0.97153616 0.10997845
vn 0.01201 -0.95895356 0.28330997
vn 0.843578 -0.52124494 -0.12915254
vn 0.012195 -0.99357986 0.11247299
vn 0.209659 -0.97588056 -0.060835876
vn 0.011461 -0.8951889 0.44553956
vn 0.012009 -0.9980169 -0.061784755
vn 0.012232 -0.9935798 0.112473994
vn 0.571448 -0.79726654 -0.1944553
vn 0.012011 -0.9980179 -0.06178375
vn 0.011493 -0.97213066 -0.23416008
vn 0.012011 -0.95895356 0.28330797
vn 0.011495 -0.97213066 -0.23415808
vn -0.186073 -0.98068476 -0.060289543
vn 0.209116 -0.9505069 -0.22979845
vn -0.186581 -0.95531523 -0.2292601
vn 0.010592 -0.9167059 -0.39942226
vn -0.185875 -0.9763373 0.11052376
vn -0.187482 -0.9009841 -0.39125136
vn -0.551978 -0.8323378 -0.050333075
vn 0.010594 -0.91670686 -0.39942026
vn -0.552452 -0.8109149 -0.19290976
vn -0.188673 -0.8193514 -0.54135543
vn -0.551857 -0.828646 0.093804225
vn -0.553209 -0.7650632 -0.3296018
vn -0.830726 -0.5557252 -0.032623738
vn 0.009342 -0.8334257 -0.5525521
vn -0.83105 -0.541542 -0.12684146
vn -0.554202 -0.6961874 -0.45627108
vn -0.830637 -0.55328065 0.06263223
vn -0.831524 -0.5112707 -0.21718903
vn -0.980641 -0.19555655 -0.010016201
vn -0.190138 -0.7128994 -0.6749983
vn -0.980746 -0.19077796 -0.04172615
vn -0.8322 -0.4657374 -0.30088547
vn -0.980608 -0.19473748 0.022044765
vn -0.980907 -0.18060401 -0.07214261
vn -0.696286 0.6971275 0.17087609
vn -0.555472 -0.6063506 -0.56902575
vn -0.69564 0.6568983 0.29080755
vn -0.981132 -0.16528088 -0.100315794
vn -0.696684 0.7159153 0.04578168
vn -0.694746 0.59647167 0.40193304
vn -0.734476 0.6203544 0.27514622
vn -0.833038 -0.40635815 -0.37539455
vn -0.733629 0.5632039 0.3802492
vn -0.693652 0.5176595 0.50087464
vn -0.735083 0.6584081 0.16171648
vn -0.732596 0.4886645 0.47382507
vn -0.919868 0.32621214 0.2177791
vn -0.981411 -0.14528851 -0.12539126
vn -0.924702 0.28714597 0.249947
vn -0.731398 0.39900908 0.5530366
vn -0.920107 0.35968363 0.15501738
vn -0.692387 0.42286333 0.58462495
vn -0.833957 -0.33498433 -0.43852207
vn -0.927844 0.3053498 0.21416506
vn -0.981727 -0.12126873 -0.14664538
vn -0.730585 0.29770064 0.6145079
vn -0.556897 -0.49831384 -0.664491
vn -0.690986 0.31496522 0.6506426
vn -0.191887 -0.58485425 -0.7881149
vn -0.999987 -0.0031166761 -0.00414284
vn 0.007863 -0.72482693 -0.6888864
vn -0.193746 -0.43911454 -0.8772914
vn 0.009343 -0.8334287 -0.5525491
vn 0.006098 -0.594201 -0.8042936
vn 0.007838 -0.72482693 -0.6888874
vn 0.208244 -0.89617586 -0.39179474
vn 0.207008 -0.8145501 -0.54190075
vn 0.570705 -0.7514219 -0.3311513
vn 0.569681 -0.682546 -0.45781457
vn 0.843083 -0.4909516 -0.21949524
vn 0.842424 -0.44541442 -0.30319571
vn 0.984798 -0.15674973 -0.07484809
vn 0.984577 -0.14140655 -0.103014424
vn 0.976382 0.21096234 0.046607077
vn 0.976567 0.19961081 0.080450036
vn 0.820896 0.5559985 0.13036929
vn 0.821386 0.5248909 0.22319087
vn 0.542354 0.81732637 0.1945
vn 0.543096 0.77111566 0.33230767
vn 0.182406 0.9560737 0.22946067
vn 0.183304 0.90169555 0.39159328
vn 0.184512 0.9813192 0.05447486
vn 0.185373 0.9567093 0.22437401
vn 0.550301 0.8335522 0.048564352
vn 0.551118 0.81215286 0.19150889
vn 0.831197 0.55481225 0.035988346
vn 0.831371 0.5403956 0.12959573
vn 0.981262 0.19203232 0.015735526
vn 0.981225 0.18723619 0.046250567
vn 0.909703 0.4112724 -0.05740359
vn 0.910194 0.41394392 0.014048148
vn 0.368401 0.92470104 -0.0959645
vn 0.367863 0.9276486 0.064380534
vn -0.391551 0.8848594 -0.25241187
vn -0.390829 0.91555095 -0.09496911
vn -0.919151 0.37365285 -0.124676555
vn -0.919621 0.38896757 -0.054785177
vn -0.735084 0.60559696 -0.30480117
vn -0.735465 0.6493595 -0.19345297
vn -0.695632 0.57527965 -0.43028978
vn -0.696286 0.6412913 -0.32238263
vn -0.981132 -0.1386701 0.1347201
vn -0.980906 -0.1599113 0.11069123
vn -0.832189 -0.38670594 0.39739275
vn -0.831525 -0.4497807 0.32598057
vn -0.554198 -0.5765858 0.6003455
vn -0.553217 -0.6720213 0.4922785
vn -0.187483 -0.790726 0.5827548
vn 0.009343 -0.68882513 0.7248675
vn -0.186626 -0.8798855 0.43700403
vn 0.007863 -0.55249476 0.8334793
vn 0.010594 -0.8042243 0.59423155
vn 0.009372 -0.68882614 0.7248665
vn 0.203836 -0.38907897 0.89836955
vn 0.205528 -0.53917205 0.8167327
vn 0.56702 -0.32351556 0.75751257
vn 0.568421 -0.45017576 0.68864965
vn 0.840659 -0.20814355 0.49996975
vn 0.841605 -0.29184583 0.45445356
vn 0.983978 -0.06155119 0.16732599
vn 0.984299 -0.08972337 0.15200387
vn 0.97788 0.059825685 -0.20042652
vn 0.97749 0.09365577 -0.18905689
vn 0.825001 0.14152898 -0.547123
vn 0.823903 0.23434061 -0.5160113
vn 0.548451 0.20192726 -0.8114352
vn 0.546814 0.3397349 -0.7652286
vn 0.189578 0.23204419 -0.95405203
vn 0.187692 0.3941628 -0.89967084
vn 0.195174 0.059558854 -0.9789585
vn 0.192017 0.22598413 -0.9550188
vn 0.559494 0.056924257 -0.82687676
vn 0.556514 0.19899434 -0.80665517
vn 0.836297 0.046034124 -0.54634076
vn 0.835489 0.1415354 -0.53096664
vn 0.982689 0.026985286 -0.18328747
vn 0.982716 0.06028915 -0.17502718
vn 0.916641 -0.03379318 -0.39828175
vn 0.915265 0.03009384 -0.40172625
vn 0.376234 -0.09961126 -0.92115486
vn 0.375147 0.06653756 -0.9245739
vn -0.375173 -0.27151963 -0.88629687
vn -0.376185 -0.108803205 -0.9201342
vn -0.916618 -0.05611707 -0.3958062
vn -0.379148 0.05732257 -0.92355907
vn -0.958529 0.046183094 -0.2812271
vn -0.91686 0.0078057917 -0.39913395
vn -0.70198 0.108695455 -0.7038535
vn 0.375342 0.22920685 -0.89809936
vn 0.913304 0.09571033 -0.39587384
vn 0.982711 0.09020924 -0.16168357
vn 0.834725 0.23228109 -0.49927914
vn 0.553871 0.33595622 -0.76181453
vn 0.189167 0.38685018 -0.9025317
vn 0.185968 0.54438245 -0.81796294
vn 0.545363 0.46741533 -0.695774
vn 0.822929 0.32033303 -0.46922842
vn 0.977129 0.12501831 -0.17201452
vn 0.984578 -0.114798844 0.13201149
vn 0.842428 -0.36636588 0.3950834
vn 0.569681 -0.5629395 0.5988009
vn 0.207038 -0.67280406 0.7102606
vn 0.010594 -0.80422336 0.59423256
vn 0.011494 -0.8951889 0.44553956
vn -0.186074 -0.94239426 0.27797455
vn -0.552471 -0.74726087 0.36929286
vn -0.551978 -0.8000278 0.23511139
vn -0.831025 -0.4995176 0.24470279
vn -0.830727 -0.53437006 0.15601851
vn -0.980742 -0.17663923 0.083326034
vn -0.980642 -0.18836778 0.05347606
vn -0.696684 0.68756646 -0.20465519
vn -0.696819 0.71269584 -0.08067755
vn -0.735591 0.67312783 -0.076197766
vn -0.735464 0.6761724 0.04340554
vn -0.919992 0.3915848 0.016629947
vn -0.920113 0.38179848 0.087305665
vn -0.38999 0.9184946 0.06539596
vn -0.388777 0.8937181 0.223875
vn 0.367712 0.90284497 0.22284077
vn -0.387478 0.8418583 0.37567937
vn 0.36804 0.8509951 0.37463808
vn 0.910778 0.40410674 0.084745236
vn -0.385889 0.7645518 0.51628625
vn 0.981272 0.17718732 0.07555911
vn 0.911488 0.38201514 0.15249076
vn 0.368628 0.7737166 0.51524276
vn 0.831781 0.50994176 0.21931659
vn 0.981397 0.16217029 0.10276408
vn 0.912214 0.34859392 0.21528815
vn 0.372984 0.7111376 0.5959579
vn -0.388436 0.7020191 0.596898
vn 0.918067 0.3095908 0.2476036
vn -0.369782 0.7509022 0.5471816
vn 0.353131 0.7597508 0.5459653
vn -0.938077 0.319664 0.13351573
vn -0.394897 0.8362187 0.3805188
vn 0.981585 0.14265524 0.12704311
vn 0.832387 0.46439743 0.30243507
vn 0.552229 0.7662316 0.32853243
vn 0.833141 0.40516073 0.37645912
vn 0.18658 0.90285236 0.38735792
vn 0.553523 0.69724274 0.45548254
vn 0.184522 0.8199907 0.5418188
vn 0.188026 0.8214186 0.5384405
vn 0.555052 0.6072398 0.5684864
vn 0.544123 0.7016671 0.45999306
vn 0.185943 0.7134566 0.6755783
vn 0.189778 0.714898 0.67298293
vn 0.822061 0.47813514 0.30919808
vn 0.545318 0.61113715 0.57370776
vn 0.187726 0.58529603 0.7887888
vn 0.976815 0.18256545 0.111812614
vn 0.822922 0.41712347 0.3857559
vn 0.546861 0.5021726 0.66989964
vn 0.984297 -0.1214383 -0.12810771
vn 0.977134 0.16028914 0.13970447
vn 0.82389 0.34376973 0.4505856
vn 0.841598 -0.3860563 -0.37772265
vn 0.983977 -0.09740036 -0.14933899
vn 0.977479 0.13357957 0.16337688
vn 0.568442 -0.5927143 -0.57058126
vn 0.840654 -0.3146411 -0.44079745
vn 0.983623 -0.07004122 -0.16607386
vn 0.20553 -0.70809513 -0.67554367
vn 0.567019 -0.48465845 -0.66602856
vn 0.839607 -0.23336217 -0.4905124
vn 0.006097 -0.59420204 -0.80429256
vn 0.203835 -0.58005005 -0.78866625
vn 0.565405 -0.36168793 -0.74128205
vn 0.004183 -0.4455231 -0.895261
vn 0.004183 -0.4455201 -0.89526206
vn 0.201926 -0.43431637 -0.87783563
vn -0.195775 -0.280104 -0.9397949
vn 0.002124 -0.2833045 -0.9590276
vn 0.002124 -0.2833025 -0.95902854
vn -0.558502 -0.3753272 -0.7397325
vn -0.197847 -0.11265825 -0.973738
vn -0.835021 -0.2537054 -0.488234
vn -0.560197 -0.24115363 -0.79248047
vn -0.982082 -0.09391364 -0.16338825
vn -0.83614 -0.16503125 -0.5231014
vn -0.56194 -0.09985968 -0.82112855
vn -0.000001 -0.112477526 -0.9936548
vn -0.199935 0.05813507 -0.9780833
vn -0.837314 -0.071648926 -0.542007
vn 0 -0.11248252 -0.9936537
vn -0.982461 -0.064062655 -0.1751158
vn -0.689493 0.19724281 0.6969177
vn -0.563714 0.04426289 -0.82478327
vn -0.730446 0.18500043 0.65743715
vn -0.002118 0.061763246 -0.9980887
vn -0.201955 0.22709672 -0.9527017
vn 0.199934 -0.27530178 -0.94033825
vn -0.565403 0.18683447 -0.8033753
vn 0.563706 -0.2275103 -0.79402393
vn 0.83847 -0.14469804 -0.5253857
vn 0.983244 -0.04019429 -0.17780939
vn 0.97788 0.1031147 0.181982
vn 0.824989 0.26025647 0.50165755
vn 0.548415 0.37821755 0.7457831
vn 0.189557 0.43943697 0.8780451
vn 0.191564 0.5865956 0.7868984
vn 0.556627 0.4990336 0.66417783
vn 0.834066 0.33395743 0.4390974
vn 0.981837 0.11918562 0.1476163
vn 0.375556 0.84551704 0.37955132
vn -0.398114 0.8880212 0.23005284
vn -0.935121 0.34418803 0.08415827
vn -0.405531 0.9138118 0.022185305
vn -0.999983 -0.005306425 -0.0025601562
vn -0.928481 0.36948588 -0.03744856
vn -0.962617 -0.19413753 0.18888974
vn -0.971102 -0.0752258 0.2265012
vn -0.728934 0.068133116 0.6811846
vn -0.687954 0.07327516 0.72204494
vn -0.982857 -0.0326272 -0.18146256
vn -0.686415 -0.053172078 0.7252644
vn -0.838469 0.023596149 -0.54443747
vn -0.983244 -0.0005683248 -0.18229459
vn -0.839592 0.117815636 -0.5302882
vn -0.983623 0.031145543 -0.17752704
vn -0.684922 -0.1782605 0.7064735
vn -0.724338 -0.16952516 0.66827816
vn -0.683523 -0.29818296 0.66624624
vn -0.723013 -0.28294685 0.63023245
vn -0.721816 -0.3880389 0.57306874
vn -0.922638 -0.29412034 0.24946655
vn -0.916119 -0.2429982 0.31887013
vn -0.912199 -0.2916715 0.287786
vn -0.939925 -0.32849467 0.09290413
vn -0.368596 -0.63897187 0.67516804
vn -0.371701 -0.54232204 0.75347555
vn 0.385772 -0.62983286 0.6741587
vn -0.32907 -0.6711626 0.66426975
vn 0.386629 -0.5334351 0.75230706
vn 0.346776 -0.6626889 0.6637702
vn -0.37756 -0.86434686 0.33219534
vn 0.398647 -0.8551679 0.3313148
vn -0.38977 -0.9208071 -0.01394712
vn 0.408656 -0.91256464 -0.015029033
vn -0.363664 -0.85394275 -0.37219593
vn 0.391922 -0.8387214 -0.37807783
vn 0.925395 -0.29689255 -0.23558202
vn 0.389004 -0.73130506 -0.56024086
vn 0.918034 -0.34332377 -0.19834937
vn -0.372754 -0.74050975 -0.55919605
vn 0.383458 -0.80585474 -0.4511745
vn -0.365049 -0.81492966 -0.45014364
vn -0.918566 -0.31924614 -0.23306227
vn -0.909984 -0.3654903 -0.19582194
vn 0.918596 -0.38032103 -0.10740873
vn -0.363695 -0.89948124 -0.24219729
vn 0.918914 -0.3943252 -0.010237207
vn 0.38476 -0.8903934 -0.24322926
vn 0.928513 -0.36948988 0.036615565
vn 0.385469 -0.92248 -0.021059351
vn -0.362935 -0.93159986 -0.020024173
vn -0.909396 -0.40248662 -0.10489332
vn -0.909054 -0.41660687 -0.0077309636
vn 0.394009 -0.91459554 0.09095218
vn -0.371352 -0.9239223 0.09200884
vn 0.928498 -0.36952782 0.036619835
vn 0.393971 -0.9146116 0.0909543
vn -0.371318 -0.92393625 0.09200994
vn -0.919114 -0.3920402 0.039167732
vn 0.920637 -0.38264906 0.07750262
vn 0.386795 -0.9041782 0.18124707
vn -0.364261 -0.9132862 0.18227115
vn -0.910874 -0.40485373 0.080011316
vn -0.364756 -0.86031497 0.35610515
vn 0.920458 -0.35971928 0.15283974
vn 0.386366 -0.8512489 0.35510138
vn 0.920093 -0.32255057 0.22223896
vn -0.911089 -0.3818322 0.15530977
vn -0.365541 -0.7745056 0.5162572
vn 0.38554 -0.7654236 0.51525337
vn 0.918912 -0.2115951 0.33290812
vn 0.919571 -0.27253085 0.28304917
vn -0.91143 -0.3446846 0.22469316
vn -0.36663 -0.65912807 0.65660757
vn 0.384325 -0.65000814 0.6555794
vn -0.911903 -0.29476747 0.2855611
vn -0.368199 -0.51854515 0.77171314
vn -0.912581 -0.23383564 0.33543506
vn 0.382813 -0.5094263 0.770675
vn -0.370022 -0.35822242 0.857182
vn -0.914267 -0.089001864 0.39521492
vn -0.913365 -0.16437417 0.3724858
vn -0.91511 -0.01013769 0.4030757
vn -0.372089 -0.1842987 0.90971583
vn -0.374535 -0.003082118 0.92720765
vn 0.381029 -0.3491028 0.85612184
vn 0.376797 0.0055864663 0.92627877
vn 0.378978 -0.17518793 0.90867275
vn 0.916304 0.011571145 0.40031555
vn 0.917252 -0.06675646 0.3926729
vn 0.918129 -0.1421149 0.3699227
vn 0.536806 0.36601207 0.76018065
vn -0.391766 0.77881247 0.4898677
vn -0.370741 0.901329 0.22395565
vn 0.350208 0.9095488 0.22377291
vn -0.88624 0.42405763 0.1864233
vn -0.371692 0.92833614 -0.0060951775
vn -0.901825 0.42884135 0.052972715
vn 0.349082 0.9370659 -0.007002566
vn -0.394008 0.9144232 -0.09267599
vn 0.891279 0.45057604 0.051027395
vn 0.371365 0.92374396 -0.093730606
vn 0.91912 0.3919551 -0.039880138
vn -0.928498 0.36945674 -0.037333343
vn 0.371426 0.92369306 -0.09399625
vn 0.919161 0.39184836 -0.03998138
vn 0.96139 -0.2731606 0.03336431
vn -0.393896 0.9144433 -0.092948146
vn -0.393933 0.9144273 -0.09294703
vn -0.928466 0.36952284 -0.037451826
vn -0.999996 -0.0029278253 -0.000105086336
vn -0.999998 -0.0017620478 0.00013959162
vn -0.999959 0.008922399 -0.001235773
vn -0.999961 0.008626092 -0.001697668
vn -0.923991 0.29497418 0.24337392
vn -0.999959 0.0089111 -0.0012776934
vn -0.999959 0.008940535 -0.0016369128
vn -0.937072 0.28625327 0.19988711
vn -0.388709 0.7026991 0.5959192
vn -0.999956 0.009005717 -0.0025914027
vn -0.915301 0.35366094 0.19273838
vn -0.999956 0.009011268 -0.0025144408
vn -0.919213 0.3235465 0.22442031
vn -0.906671 0.30445072 0.29198843
vn -0.387894 0.78136355 0.48888642
vn -0.390744 0.788859 0.47436452
vn -0.389511 0.743332 0.54381955
vn -0.389627 0.61089826 0.6891983
vn 0.369615 0.78996915 0.48921695
vn 0.320486 0.79067487 0.5216537
vn 0.930486 0.2910209 0.22249264
vn 0.321541 0.74537694 0.58397394
vn 0.921726 -0.19853787 0.33317384
vn 0.866515 -0.49514472 0.06311692
vn 0.548748 -0.8298519 0.10110603
vn 0.614106 -0.6492823 0.44867292
vn 0.282161 0.5408386 0.7923874
vn 0.64531 -0.75828785 0.09260156
vn 0.845191 -0.38367262 0.37208545
vn 0.967823 0.152836 0.19990124
vn 0.869154 -0.4933952 0.033645667
vn 0.955257 -0.17352363 -0.23952946
vn 0.945782 -0.10203468 0.30836082
vn 0.935764 0.1619805 -0.3132212
vn 0.105312 -0.9742216 0.1995019
vn 0.373168 -0.78804594 -0.4896217
vn 0.923448 0.20897348 0.3218303
vn -0.207987 -0.92461526 -0.3191037
vn 0.990583 -0.13616836 0.0142951505
vn 0.385219 -0.7384378 -0.55345774
vn -0.346693 -0.8309566 -0.43510377
vn 0.468194 -0.65972733 0.58783805
vn 0.427729 -0.8658804 -0.25942278
vn -0.271761 -0.87172407 -0.40772882
vn 0.384143 -0.5375441 0.7506533
vn -0.182894 -0.8690239 0.45972604
vn -0.290621 -0.7235687 0.6260901
vn 0.377292 -0.5881646 0.71534115
vn -0.182235 -0.96778387 -0.1737366
vn -0.603896 -0.79053277 0.10181516
vn -0.741653 -0.66011995 -0.11913515
vn -0.761156 -0.59515285 0.25774935
vn -0.364595 -0.65403765 0.6628013
vn -0.873323 -0.4058809 0.2693825
vn -0.877144 -0.45615423 -0.15014006
vn -0.939586 -0.34183133 -0.018137423
vn 0.86804 -0.38811892 0.30962762
vn -0.916241 -0.38111952 0.12349087
vn 0.993103 -0.116681196 0.011447861
vn -0.999113 -0.041890524 0.0042753746
vn -0.19547 -0.83652955 0.5118692
vn -0.920329 -0.39114055 -0.0017607415
vn 0.374994 -0.61051595 0.69760334
vn -0.869674 -0.41844594 0.26186106
vn -0.361741 -0.66710854 0.6512374
vn -0.95353 -0.2993557 0.034149464
vn -0.733523 -0.6262075 0.26421037
vn -0.708513 -0.695422 -0.119990975
vn -0.272834 -0.7296743 0.6270068
vn 0.948209 -0.10836965 0.2985898
vn 0.392052 -0.5304621 0.7516018
vn -0.681535 -0.6835784 0.26121214
vn 0.920908 -0.36431625 -0.13856986
vn -0.249163 -0.74458885 0.61927813
vn 0.922294 0.22552003 0.3138689
vn -0.666474 -0.7366647 -0.114623204
vn 0.933599 0.14146672 -0.32921204
vn 0.38042 -0.43994784 0.8134658
vn 0.812001 0.417106 -0.4082612
vn 0.795504 0.50467974 0.33536914
vn -0.204428 -0.77279437 0.60083115
vn 0.308309 -0.3963842 0.8647688
vn -0.582088 -0.77141505 0.25708354
vn -0.581337 -0.80826414 -0.093580164
vn -0.402247 -0.89034206 0.21328305
vn -0.410169 -0.91170937 -0.023390356
vn -0.10599 -0.90280247 0.41679025
vn -0.111036 -0.9752315 -0.19129685
vn -0.203441 -0.89685774 -0.39275688
vn 0.368408 -0.1805135 0.91197085
vn -0.239583 -0.8785524 -0.41321418
vn 0.587063 0.739934 0.3284113
vn -0.256959 -0.8707444 -0.41925713
vn 0.604327 0.6551477 -0.45339993
vn -0.417681 -0.9005659 -0.120513454
vn 0.397534 -0.71648556 -0.57325006
vn 0.256456 -0.9357687 -0.24200605
vn 0.39032 -0.64983094 -0.6522043
vn 0.320124 -0.62411076 -0.71274555
vn 0.810718 0.24156143 -0.5332774
vn 0.411682 -0.40577888 -0.81600296
vn 0.768684 0.4313024 0.47233784
vn 0.960235 -0.12811445 -0.24806508
vn 0.160291 -0.9685088 -0.19051984
vn 0.46329 -0.5266928 0.7127109
vn 0.515012 -0.6319991 -0.5790848
vn 0.958415 -0.06625265 0.27758142
vn 0.779827 -0.6158813 -0.11207001
vn 0.328954 -0.8435453 -0.42452356
vn 0.337502 -0.7019766 0.6271529
vn 0.484027 -0.8745676 -0.029150844
vn 0.781461 -0.5719561 0.24936941
vn 0.485724 -0.84798527 0.2121154
vn 0.159447 -0.89769655 0.41075262
vn -0.56439 -0.7938108 0.22655676
vn 0.256826 -0.8602097 0.44054458
vn -0.691583 -0.6750374 0.256976
vn 0.924134 -0.31581995 0.21501972
vn -0.248384 -0.76114416 0.59913594
vn 0.390706 -0.5676646 0.7246419
vn 0.936938 0.15871356 -0.31137878
vn 0.929548 0.20939234 0.30347085
vn 0.387074 -0.74203104 -0.5473239
vn 0.808454 0.4558671 -0.3722732
vn 0.386606 -0.4750951 0.79045624
vn -0.212321 -0.8959755 -0.39006212
vn -0.237565 -0.766732 0.59639376
vn 0.368416 -0.69282615 -0.6198883
vn 0.806016 0.49346364 0.32685304
vn 0.564521 0.75542086 -0.33264923
vn -0.659286 -0.7073119 0.25505152
vn -0.213163 -0.7836607 0.5834704
vn 0.315158 -0.43430677 0.84383225
vn -0.602214 -0.75814766 0.25010058
vn 0.59794 0.7342927 0.3213764
vn -0.137102 -0.8390845 0.5264419
vn 0.264495 -0.7074284 -0.6554299
vn -0.447854 -0.8663983 0.22086617
vn 0.660488 0.7467899 -0.07785705
vn -0.220951 -0.89207876 -0.39417705
vn 0.432826 -0.21919273 0.8744232
vn 0.792758 0.46707672 0.3916312
vn 0.68056 0.040355634 -0.73157996
vn 0.966105 -0.13754913 -0.21845192
vn 0.468744 -0.55501986 0.6871916
vn 0.960255 -0.07610243 0.26854953
vn 0.334876 -0.7256969 0.6010177
vn 0.780876 -0.6157547 -0.10525975
vn 0.140757 -0.8262445 0.5454426
vn 0.776306 -0.5815453 0.24321476
vn 0.317064 -0.9192062 0.23351775
vn 0.421885 -0.76757187 -0.4825418
vn 0.310298 -0.9500594 -0.033203635
vn 0.327804 -0.8525479 -0.4070718
vn 0.22132 -0.92357826 -0.31308296
vn -0.170921 -0.9852384 -0.009553714
vn -0.141672 -0.9606394 0.2389589
vn 0.003 -0.86985034 -0.49330637
vn -0.457742 -0.8850091 -0.08503767
vn -0.073471 -0.9581579 -0.27664897
vn -0.614243 -0.7833012 -0.095628545
vn -0.224836 -0.89507097 -0.38509345
vn -0.626632 -0.77215856 -0.105374396
vn -0.602638 -0.7917993 -0.09940893
vn -0.843472 -0.5205672 -0.13253546
vn -0.98636 0.1640029 -0.0140369935
vn -1 -0.00000277846 0.00003102064
vn -1 -0.000002785604 0.000030020665
vn -0.986361 0.16399992 -0.014035972
vn -0.986362 -0.16399103 0.014018907
vn -0.945818 0.3235198 -0.027643926
vn -0.986362 -0.16399103 0.014017907
vn -0.945818 0.3235178 -0.027643913
vn -0.945819 -0.32351348 0.027685883
vn -0.879474 0.4742143 -0.040569816
vn -0.945817 -0.32351944 0.027690925
vn -0.879474 0.47421527 -0.040572822
vn -0.879474 -0.4742121 0.0405908
vn -0.789141 0.6119766 -0.052356288
vn -0.879473 -0.47421414 0.040589813
vn -0.789142 0.6119756 -0.05235628
vn -0.789143 -0.61197466 0.052346274
vn -0.677285 0.73304373 -0.06271046
vn -0.78914 -0.61197865 0.0523443
vn -0.677283 0.73304474 -0.062710464
vn -0.677287 -0.7330428 0.06269645
vn -0.546953 0.83411753 -0.07135475
vn -0.677285 -0.73304486 0.06269346
vn -0.546952 0.83411855 -0.071354754
vn -0.546949 -0.8341195 0.07136376
vn -0.401696 0.91244066 -0.07805246
vn -0.546947 -0.83412045 0.07136377
vn -0.401697 0.91243964 -0.07805245
vn -0.401696 -0.91244173 0.07804447
vn -0.245486 0.9658734 -0.0826203
vn -0.401697 -0.9124418 0.07804347
vn -0.245488 0.9658724 -0.08262029
vn -0.245485 -0.96587336 0.0826233
vn -0.082581 0.99295855 -0.08493585
vn -0.24548 -0.9658744 0.08262431
vn -0.08258 0.99295956 -0.08493586
vn -0.082581 -0.9929586 0.084933855
vn 0.082585 0.99295855 -0.08493685
vn -0.082584 -0.9929586 0.084933855
vn 0.08258 0.99295855 -0.08493585
vn 0.082573 -0.99296063 0.08492787
vn 0.245488 0.9658734 -0.0826153
vn 0.082576 -0.9929596 0.08493086
vn 0.245491 0.9658724 -0.08261529
vn 0.245488 -0.96587664 0.082582325
vn 0.401698 0.91243863 -0.07805944
vn 0.245489 -0.9658767 0.08257532
vn 0.401695 0.91244066 -0.07805846
vn 0.401704 -0.9124387 0.078048445
vn 0.546948 0.83412164 -0.071342774
vn 0.401701 -0.9124397 0.07804645
vn 0.546947 0.8341216 -0.07134378
vn 0.54695 -0.83412397 0.07129879
vn 0.677286 0.7330416 -0.062722445
vn 0.54695 -0.83412504 0.0712898
vn 0.677285 0.7330426 -0.062721446
vn 0.677287 -0.733045 0.06267446
vn 0.789138 0.6119827 -0.052340336
vn 0.677282 -0.7330479 0.06268149
vn 0.78914 0.61198074 -0.05233732
vn 0.789138 -0.6119806 0.052353315
vn 0.879475 0.47421443 -0.04055182
vn 0.789138 -0.6119806 0.052356314
vn 0.879475 0.47421542 -0.040551826
vn 0.879474 -0.4742143 0.040572815
vn 0.945818 0.32351565 -0.027659899
vn 0.879474 -0.47421527 0.040572822
vn 0.945819 0.32351467 -0.027659891
vn 0.945818 -0.32351348 0.027683884
vn 0.986362 0.16399507 -0.014014936
vn 0.945819 -0.32351348 0.027683884
vn 0.986362 0.16399306 -0.014014922
vn 0.986361 -0.16399589 0.014038944
vn 1 0.000001085702 0.00001199255
vn 0.986361 -0.16399589 0.014038944
vn 1 0.000001085702 0.00001199255
vn -0.967922 0.17732713 0.17799473
vn -0.981305 0.016400348 0.19175974
vn -0.981305 0.01640234 0.19175872
vn -0.967922 0.17732513 0.17799574
vn -0.967922 -0.14452542 0.20552473
vn -0.928136 0.33386847 0.16460605
vn -0.967922 -0.14452443 0.20552373
vn -0.928135 0.33387342 0.16460402
vn -0.928135 -0.30107078 0.21891244
vn -0.863031 0.4817549 0.15195523
vn -0.928137 -0.3010648 0.2189104
vn -0.863033 0.48175088 0.15195726
vn -0.863035 -0.44894516 0.23156017
vn -0.774392 0.6169327 0.14039722
vn -0.863034 -0.44894516 0.23156017
vn -0.774392 0.6169317 0.14039724
vn -0.774389 -0.58413404 0.24312325
vn -0.664624 0.7357412 0.1302342
vn -0.774389 -0.58413404 0.24312325
vn -0.664619 0.7357462 0.13023116
vn -0.664619 -0.7029425 0.2532853
vn -0.53672 0.83493006 0.12174937
vn -0.664621 -0.7029415 0.25328428
vn -0.536726 0.83492607 0.1217514
vn -0.536725 -0.8021244 0.26176706
vn -0.394188 0.9117841 0.11517916
vn -0.536724 -0.8021254 0.26176706
vn -0.39419 0.9117831 0.11518017
vn -0.394187 -0.8789824 0.2683403
vn -0.240894 0.96421844 0.11069546
vn -0.394183 -0.8789834 0.2683423
vn -0.240894 0.96421844 0.11069546
vn -0.240895 -0.9314147 0.27282798
vn -0.081037 0.99079686 0.10842253
vn -0.240898 -0.9314147 0.27282596
vn -0.081037 0.99079686 0.10842253
vn -0.081038 -0.9579952 0.27509892
vn 0.081037 0.99079686 0.108421534
vn -0.081039 -0.9579952 0.27509892
vn 0.081035 0.99079686 0.108421534
vn 0.081033 -0.9579952 0.27510092
vn 0.240899 0.9642165 0.11069647
vn 0.081039 -0.9579931 0.27510288
vn 0.240903 0.96421546 0.11069548
vn 0.240896 -0.9314137 0.27282998
vn 0.394186 0.91178507 0.11517915
vn 0.240894 -0.9314147 0.27282798
vn 0.394185 0.91178507 0.11517815
vn 0.394187 -0.8789814 0.2683433
vn 0.536726 0.83492607 0.12175341
vn 0.394183 -0.8789834 0.2683413
vn 0.536719 0.8349301 0.121756375
vn 0.536725 -0.8021234 0.26176903
vn 0.664617 0.73574626 0.13023916
vn 0.536729 -0.8021224 0.26176703
vn 0.664622 0.7357422 0.13023819
vn 0.664626 -0.7029365 0.25328523
vn 0.774389 0.6169367 0.1403982
vn 0.664624 -0.7029374 0.25328824
vn 0.774392 0.6169327 0.14039624
vn 0.774389 -0.58413404 0.24312526
vn 0.863032 0.4817519 0.15195826
vn 0.774386 -0.58413905 0.24312429
vn 0.863034 0.4817479 0.15195727
vn 0.863033 -0.44894817 0.2315612
vn 0.928135 0.33387342 0.16460402
vn 0.863032 -0.44894817 0.2315612
vn 0.928137 0.33386645 0.16460307
vn 0.928136 -0.3010648 0.2189124
vn 0.967922 0.1773301 0.17799269
vn 0.928137 -0.30106178 0.21891338
vn 0.967923 0.17732409 0.17799073
vn 0.967921 -0.14452842 0.20552476
vn 0.981305 0.016395334 0.19175778
vn 0.967921 -0.14452942 0.20552376
vn 0.981305 0.016403347 0.19175972
vn -0.625678 0.16990842 0.76135266
vn -0.625665 0.16990949 0.7613636
vn -0.634559 0.06585501 0.7700642
vn -0.600032 0.27110577 0.75263745
vn -0.634574 0.06586092 0.7700511
vn -0.600035 0.27110377 0.75263643
vn -0.625784 -0.038175367 0.7790617
vn -0.557988 0.36673945 0.74441403
vn -0.625776 -0.038177326 0.77906764
vn -0.557982 0.3667305 0.7444231
vn -0.60003 -0.13936493 0.78774375
vn -0.500856 0.45431265 0.7367112
vn -0.600027 -0.13937192 0.7877458
vn -0.500849 0.45430872 0.7367182
vn -0.557961 -0.23499109 0.7959011
vn -0.429588 0.53082645 0.7305324
vn -0.557965 -0.23500112 0.7958962
vn -0.429576 0.5308106 0.73055154
vn -0.500529 -0.32225397 0.8035067
vn -0.346956 0.5950014 0.7249788
vn -0.500531 -0.32225496 0.80350566
vn -0.346963 0.5950014 0.7249758
vn -0.429715 -0.39921814 0.8099197
vn -0.254816 0.6446903 0.72072375
vn -0.429729 -0.39922923 0.8099068
vn -0.254815 0.6446913 0.7207228
vn -0.346907 -0.46317354 0.8155517
vn -0.155747 0.67860925 0.7177963
vn -0.346908 -0.46317253 0.8155527
vn -0.155742 0.67859936 0.7178074
vn -0.254864 -0.5130385 0.8196561
vn -0.052403 0.6960683 0.7160605
vn -0.254864 -0.5130425 0.8196541
vn -0.052401 0.69607025 0.71605855
vn -0.155784 -0.54705316 0.82247514
vn 0.052395 0.69587564 0.7162489
vn -0.155782 -0.54706424 0.82246727
vn 0.052391 0.6958687 0.71625596
vn -0.052394 -0.56410545 0.824039
vn 0.155754 0.6786828 0.7177268
vn -0.052388 -0.5640954 0.8240469
vn 0.155756 0.6786828 0.7177258
vn 0.052421 -0.564211 0.8239657
vn 0.25487 0.64479053 0.720615
vn 0.052419 -0.564213 0.82396376
vn 0.254866 0.6447965 0.720611
vn 0.155751 -0.5469919 0.82252175
vn 0.346987 0.59503317 0.7249386
vn 0.155752 -0.5469969 0.82251775
vn 0.346987 0.5950342 0.7249376
vn 0.254813 -0.5129228 0.8197442
vn 0.429716 0.53097916 0.73034734
vn 0.254813 -0.51291883 0.81974524
vn 0.42972 0.5309831 0.7303413
vn 0.346909 -0.46315044 0.8155655
vn 0.500615 0.4541077 0.73700064
vn 0.3469 -0.4631444 0.8155725
vn 0.500615 0.45410872 0.73700064
vn 0.429656 -0.39915767 0.8099803
vn 0.557837 0.3666695 0.7445615
vn 0.429652 -0.39916068 0.8099813
vn 0.557827 0.3666616 0.7445736
vn 0.50075 -0.32245356 0.8032891
vn 0.600128 0.27116004 0.752542
vn 0.50075 -0.32245854 0.8032871
vn 0.600125 0.27116308 0.75254303
vn 0.558001 -0.23501734 0.7958653
vn 0.62557 0.16987212 0.7614509
vn 0.558003 -0.23501736 0.7958643
vn 0.625568 0.16987413 0.7614509
vn 0.600178 -0.1394338 0.7876202
vn 0.634474 0.0658725 0.770132
vn 0.600187 -0.13943687 0.7876122
vn 0.634489 0.06588041 0.77011997
vn 0.625761 -0.038165234 0.7790805
vn 0.625758 -0.038161222 0.77908254
vn 0.002513 0.084793404 0.99639565
vn 0.0026 0.08524315 0.9963574
vn 0.002578 0.085238144 0.99635744
vn 0.002445 0.08561891 0.9963247
vn 0.002504 0.084798396 0.99639463
vn 0.002418 0.08561392 0.9963258
vn 0.002374 0.08438764 0.9964306
vn 0.002407 0.08603067 0.99628884
vn 0.002375 0.08438564 0.9964306
vn 0.002423 0.08603167 0.99628884
vn 0.002249 0.08400487 0.9964633
vn 0.002219 0.08639846 0.9962582
vn 0.002255 0.08399987 0.99646336
vn 0.002222 0.08639746 0.9962582
vn 0.002033 0.08363908 0.99649394
vn 0.001942 0.08673426 0.9962288
vn 0.002027 0.08365207 0.9964928
vn 0.001933 0.08672827 0.9962308
vn 0.001688 0.0834452 0.9965113
vn 0.001692 0.08706008 0.99620247
vn 0.001685 0.0834462 0.9965113
vn 0.001684 0.087057084 0.99620247
vn 0.001385 0.083113395 0.99653965
vn 0.001414 0.08738189 0.99617416
vn 0.001387 0.083104394 0.9965397
vn 0.001426 0.087391876 0.9961721
vn 0.001027 0.08288852 0.9965583
vn 0.001032 0.08757178 0.99615777
vn 0.001029 0.08288452 0.9965583
vn 0.001033 0.08756977 0.99615777
vn 0.000611 0.08273861 0.99657136
vn 0.000622 0.08768871 0.99614793
vn 0.000603 0.0827536 0.9965702
vn 0.00062 0.08769071 0.99614793
vn 0.000227 0.082563706 0.9965856
vn 0.0002 0.087739676 0.9961436
vn 0.000228 0.082568705 0.99658555
vn 0.000202 0.08773468 0.99614364
vn -0.00021 0.082724616 0.9965725
vn -0.000191 0.0877107 0.9961468
vn -0.000219 0.08274661 0.9965713
vn -0.00019 0.0877117 0.99614674
vn -0.000581 0.08282556 0.9965637
vn -0.000606 0.08761874 0.9961535
vn -0.000591 0.08281256 0.9965648
vn -0.000606 0.08761375 0.9961545
vn -0.001042 0.082860544 0.99656147
vn -0.000992 0.08747384 0.99616647
vn -0.001056 0.08282556 0.9965637
vn -0.00099 0.08746984 0.99616647
vn -0.001339 0.083168365 0.99653524
vn -0.001346 0.08730493 0.9961807
vn -0.001323 0.08320034 0.996532
vn -0.001358 0.08731392 0.99617964
vn -0.001705 0.08337423 0.9965168
vn -0.001751 0.087107055 0.9961981
vn -0.001719 0.083366245 0.9965179
vn -0.001758 0.08711005 0.9961981
vn -0.002024 0.08365607 0.9964928
vn -0.002067 0.086816214 0.9962222
vn -0.002032 0.08364907 0.99649286
vn -0.00207 0.08682121 0.99622214
vn -0.002227 0.08402186 0.99646115
vn -0.002313 0.08644443 0.99625385
vn -0.002206 0.08402985 0.9964611
vn -0.00233 0.08644743 0.99625385
vn -0.002479 0.08436666 0.9964317
vn -0.002392 0.08603167 0.99628884
vn -0.002499 0.08436166 0.9964317
vn -0.002375 0.08603067 0.99628884
vn -0.002548 0.08479639 0.99639463
vn -0.002464 0.08563291 0.99632466
vn -0.002543 0.084799394 0.99639463
vn -0.002448 0.085626915 0.99632466
vn -0.002584 0.085238144 0.99635744
vn -0.002599 0.08524315 0.9963574
vn 0.702052 -0.05684827 0.70985323
vn 0.711995 0.059822693 0.69963247
vn 0.711992 0.059826717 0.69963545
vn 0.702448 0.17662108 0.6894708
vn 0.702058 -0.056848314 0.7098472
vn 0.702458 0.17661503 0.6894638
vn 0.673532 -0.17057736 0.719206
vn 0.67351 0.29022104 0.679821
vn 0.67355 -0.17058448 0.719187
vn 0.673518 0.29021996 0.67981297
vn 0.626193 -0.27781075 0.7284942
vn 0.626056 0.3974111 0.67090905
vn 0.626193 -0.27781075 0.7284942
vn 0.62605 0.39741015 0.67091507
vn 0.561976 -0.37597716 0.7367668
vn 0.561819 0.4955489 0.6624127
vn 0.561986 -0.37598124 0.7367568
vn 0.561817 0.49554297 0.6624188
vn 0.482244 -0.46210092 0.74424726
vn 0.482356 0.58187175 0.6547959
vn 0.482251 -0.4620999 0.7442442
vn 0.482368 0.5818796 0.6547798
vn 0.389341 -0.53388745 0.75058526
vn 0.38945 0.6537596 0.64878905
vn 0.389335 -0.5338734 0.75059813
vn 0.389445 0.6537567 0.6487951
vn 0.286003 -0.58980286 0.7552058
vn 0.286016 0.70953596 0.64401346
vn 0.286007 -0.5898099 0.7551979
vn 0.286015 0.7095409 0.6440085
vn 0.174775 -0.6278114 0.75848943
vn 0.174777 0.7475033 0.64085215
vn 0.174777 -0.6278074 0.7584924
vn 0.174771 0.7475014 0.64085615
vn 0.058795 -0.6471414 0.7600996
vn 0.0588 0.76680094 0.6391853
vn 0.058797 -0.6471535 0.76008964
vn 0.058805 0.76679295 0.6391954
vn -0.058827 -0.64736986 0.75990224
vn -0.058822 0.7670052 0.6389398
vn -0.058827 -0.6473849 0.7598893
vn -0.058825 0.7670081 0.6389358
vn -0.174793 -0.6279231 0.7583932
vn -0.174803 0.7475846 0.6407516
vn -0.174794 -0.62791 0.7584041
vn -0.174799 0.74757665 0.6407616
vn -0.285972 -0.5897464 0.7552625
vn -0.285995 0.7094695 0.64409596
vn -0.285971 -0.58972836 0.75527537
vn -0.285989 0.7094606 0.644109
vn -0.389518 -0.5342017 0.7502695
vn -0.389506 0.65386164 0.6486533
vn -0.389522 -0.5342158 0.7502576
vn -0.389522 0.65387446 0.6486312
vn -0.482261 -0.46213716 0.7442135
vn -0.482135 0.5817009 0.6551111
vn -0.482264 -0.4621311 0.7442154
vn -0.482127 0.581696 0.6551211
vn -0.561863 -0.3758812 0.73690116
vn -0.561744 0.4954907 0.6625201
vn -0.561863 -0.37587717 0.7369031
vn -0.56174 0.49548772 0.6625252
vn -0.626183 -0.27779666 0.7285082
vn -0.626153 0.3974463 0.67079777
vn -0.626188 -0.27779365 0.72850513
vn -0.626154 0.39743733 0.67080283
vn -0.673359 -0.170468 0.7193942
vn -0.673562 0.29021472 0.6797721
vn -0.673364 -0.17046805 0.7193892
vn -0.673567 0.29022065 0.679765
vn -0.702039 -0.056879196 0.7098634
vn -0.702391 0.17661452 0.6895329
vn -0.70204 -0.056884203 0.70986253
vn -0.702395 0.1766095 0.6895289
vn -0.711957 0.05985994 0.6996672
vn -0.711959 0.059858922 0.69966424
vn 0.986297 -0.1649592 0.0026625344
vn 0.986297 -0.16496019 0.0026635416
vn 0.999935 -0.0009672117 -0.011364381
vn 0.999935 -0.0009731829 -0.011360338
vn 0.945756 -0.3244688 0.016307417
vn 0.986297 0.16301483 -0.025383223
vn 0.945756 -0.32446876 0.016308418
vn 0.986298 0.16301185 -0.025380202
vn 0.87942 -0.4751506 0.029194217
vn 0.945757 0.32252344 -0.039024103
vn 0.879419 -0.47515154 0.029195223
vn 0.945755 0.32252744 -0.039027132
vn 0.789088 -0.6129119 0.040978678
vn 0.879417 0.4732142 -0.051916964
vn 0.789089 -0.61291194 0.04097768
vn 0.879416 0.47321522 -0.05191697
vn 0.677236 -0.733973 0.051329803
vn 0.78909 0.61096656 -0.06369737
vn 0.67724 -0.7339701 0.05132678
vn 0.789093 0.6109625 -0.06369634
vn 0.546918 -0.83503485 0.05997201
vn 0.677241 0.7320257 -0.07404947
vn 0.546916 -0.8350368 0.059972025
vn 0.677239 0.7320276 -0.074051484
vn 0.401671 -0.913354 0.06667569
vn 0.546917 0.83309245 -0.08269771
vn 0.401677 -0.913351 0.066673666
vn 0.546912 0.83309543 -0.08270074
vn 0.245466 -0.96678364 0.071249515
vn 0.401671 0.9114096 -0.08939938
vn 0.245461 -0.96678466 0.07125252
vn 0.401672 0.9114096 -0.08939838
vn 0.082573 -0.9938668 0.07356705
vn 0.245471 0.96483934 -0.0939682
vn 0.082576 -0.9938658 0.073564045
vn 0.245472 0.96483934 -0.0939672
vn -0.082571 -0.9938668 0.07356205
vn 0.082574 0.9919225 -0.09628274
vn -0.082566 -0.99386686 0.07356005
vn 0.082574 0.99192244 -0.09628374
vn -0.24547 -0.9667827 0.07124451
vn -0.082572 0.99192244 -0.09628374
vn -0.245471 -0.96678174 0.0712465
vn -0.082571 0.99192244 -0.096285746
vn -0.401676 -0.913352 0.066677675
vn -0.245471 0.96483934 -0.0939672
vn -0.401676 -0.913351 0.06667767
vn -0.245473 0.96483934 -0.0939672
vn -0.546914 -0.83503675 0.059979025
vn -0.401671 0.9114096 -0.08939538
vn -0.546915 -0.83503675 0.059978023
vn -0.401668 0.91141266 -0.0893934
vn -0.677237 -0.733972 0.051333796
vn -0.546915 0.8330945 -0.08269473
vn -0.677236 -0.733972 0.051333796
vn -0.546911 0.83309746 -0.08269274
vn -0.789092 -0.61290693 0.040977646
vn -0.677238 0.73202866 -0.07404749
vn -0.78909 -0.61291 0.040975668
vn -0.677239 0.73202765 -0.07404748
vn -0.879417 -0.47515658 0.029192258
vn -0.789092 0.6109635 -0.06369434
vn -0.879418 -0.47515357 0.029193237
vn -0.789092 0.6109635 -0.06369434
vn -0.945757 -0.32446578 0.016307395
vn -0.879418 0.47321123 -0.051911943
vn -0.945758 -0.32446277 0.016310375
vn -0.879417 0.47321323 -0.051911958
vn -0.986298 -0.16495417 0.0026664985
vn -0.945756 0.32252747 -0.03902513
vn -0.986297 -0.16495517 0.0026665058
vn -0.945757 0.32252342 -0.039027102
vn -0.999935 -0.00096917595 -0.011359367
vn -0.986298 0.1630108 -0.025386194
vn -0.999935 -0.00096918305 -0.011360366
vn -0.986298 0.16300781 -0.025386173
vn -0.980053 0.17257254 0.09856266
vn -0.993605 0.009620931 0.11249814
vn -0.993605 0.009620931 0.11249814
vn -0.980053 0.17257454 0.09856264
vn -0.980053 -0.15332966 0.1264366
vn -0.939769 0.33107072 0.085005
vn -0.980052 -0.15333264 0.12643863
vn -0.93977 0.3310697 0.08500501
vn -0.93977 -0.31182382 0.13999423
vn -0.87385 0.48080406 0.07219898
vn -0.93977 -0.31182483 0.13999525
vn -0.873852 0.4808001 0.07220201
vn -0.873849 -0.46156117 0.15280229
vn -0.784095 0.6176859 0.060492802
vn -0.873853 -0.46155518 0.15279925
vn -0.784094 0.6176869 0.060492795
vn -0.784095 -0.59844303 0.16450348
vn -0.672954 0.73797846 0.05020317
vn -0.784097 -0.598441 0.16450247
vn -0.672951 0.7379805 0.050202157
vn -0.672953 -0.71873665 0.17479311
vn -0.543453 0.83840764 0.041612487
vn -0.67295 -0.7187396 0.17479514
vn -0.543455 0.8384066 0.041613497
vn -0.543457 -0.8191608 0.18338375
vn -0.399129 0.9162282 0.03495937
vn -0.543458 -0.8191598 0.18338375
vn -0.39913 0.91622716 0.034959376
vn -0.399129 -0.8969853 0.1900399
vn -0.24391 0.969321 0.030414956
vn -0.399126 -0.8969853 0.19004191
vn -0.243906 0.96932197 0.030412953
vn -0.243917 -0.95007414 0.1945833
vn -0.082051 0.99623126 0.028111653
vn -0.243915 -0.95007515 0.1945833
vn -0.082052 0.99623126 0.028112656
vn -0.082051 -0.9769874 0.1968826
vn 0.082047 0.99623233 0.028114649
vn -0.082051 -0.9769874 0.1968826
vn 0.082043 0.99623233 0.028116645
vn 0.082052 -0.97698736 0.1968836
vn 0.243914 0.96932006 0.030418964
vn 0.082051 -0.97698736 0.1968846
vn 0.243914 0.96932006 0.030417966
vn 0.243917 -0.95007414 0.1945833
vn 0.39913 0.9162271 0.034956377
vn 0.243914 -0.95007515 0.19458231
vn 0.399133 0.9162261 0.034954384
vn 0.399129 -0.8969843 0.1900399
vn 0.54345 0.83840966 0.041610472
vn 0.39913 -0.8969843 0.1900399
vn 0.543454 0.83840764 0.041608486
vn 0.543455 -0.81916183 0.18338577
vn 0.672952 0.73798144 0.05019615
vn 0.543454 -0.8191628 0.18338376
vn 0.672951 0.73798144 0.05019615
vn 0.672949 -0.71874064 0.17479314
vn 0.784097 0.61768395 0.060488824
vn 0.672949 -0.71874064 0.17479314
vn 0.784093 0.61768794 0.06049079
vn 0.784097 -0.59844005 0.16450445
vn 0.873852 0.48080108 0.0722
vn 0.784097 -0.59843904 0.16450545
vn 0.873853 0.48080006 0.07220001
vn 0.873852 -0.4615582 0.15279727
vn 0.93977 0.3310697 0.08500601
vn 0.87385 -0.4615632 0.15279731
vn 0.939771 0.33106673 0.08500503
vn 0.939768 -0.3118319 0.1399883
vn 0.980054 0.17256851 0.098559685
vn 0.93977 -0.31182688 0.13998826
vn 0.980054 0.17256851 0.098559685
vn 0.980054 -0.1533267 0.12643059
vn 0.993606 0.009623916 0.11249612
vn 0.980054 -0.15332468 0.12643157
vn 0.993606 0.00962091 0.11249515
vn -0.65696 0.17279607 0.7338572
vn -0.665998 0.06355033 0.743241
vn -0.666002 0.06354731 0.743239
vn -0.656949 -0.045666948 0.7525515
vn -0.656971 0.172798 0.73384625
vn -0.656962 -0.045666024 0.75254047
vn -0.629752 0.2789943 0.72496533
vn -0.629714 -0.15181024 0.7618489
vn -0.629734 0.2789844 0.72498447
vn -0.629699 -0.15180816 0.7618619
vn -0.585763 0.37942013 0.7161857
vn -0.585586 -0.25217277 0.7703882
vn -0.58577 0.37942207 0.71617866
vn -0.585582 -0.25217175 0.77039117
vn -0.525567 0.47115266 0.70837414
vn -0.525548 -0.3439839 0.7781223
vn -0.525561 0.47114968 0.70838016
vn -0.525554 -0.34398994 0.77811533
vn -0.451142 0.5518547 0.7013754
vn -0.451107 -0.42466208 0.7849608
vn -0.451149 0.55185467 0.7013705
vn -0.451107 -0.42466208 0.7849608
vn -0.364328 0.61919713 0.6956002
vn -0.364329 -0.492037 0.79067224
vn -0.364335 0.6192011 0.69559413
vn -0.364336 -0.49204102 0.7906683
vn -0.267533 0.6712615 0.69125617
vn -0.267524 -0.544142 0.7951986
vn -0.267528 0.67125255 0.69126624
vn -0.267527 -0.544131 0.7952046
vn -0.163528 0.70693594 0.6881132
vn -0.16353 -0.5798026 0.79817647
vn -0.163538 0.70693696 0.68811125
vn -0.163529 -0.57982373 0.79816264
vn -0.054997 0.7249337 0.6866196
vn -0.054975 -0.5975053 0.799979
vn -0.055001 0.7249357 0.6866176
vn -0.054973 -0.5974831 0.7999958
vn 0.055009 0.72502506 0.68652195
vn 0.055 -0.5976078 0.7999007
vn 0.055009 0.72502697 0.6865199
vn 0.055001 -0.5976188 0.79989177
vn 0.163514 0.706931 0.6881222
vn 0.163514 -0.57972014 0.7982409
vn 0.16351 0.7069201 0.6881343
vn 0.163515 -0.57972014 0.7982399
vn 0.267468 0.67114943 0.69139
vn 0.267577 -0.5442487 0.7951084
vn 0.267459 0.6711335 0.6914091
vn 0.267574 -0.5442517 0.7951074
vn 0.364295 0.6191446 0.6956636
vn 0.364295 -0.49199873 0.790713
vn 0.364304 0.6191585 0.6956475
vn 0.364306 -0.49199975 0.790708
vn 0.451004 0.55170023 0.7015856
vn 0.45095 -0.42450985 0.78513473
vn 0.450997 0.5516943 0.7015946
vn 0.450938 -0.4245008 0.7851446
vn 0.525444 0.47106668 0.7085228
vn 0.525499 -0.3439365 0.77817595
vn 0.525435 0.4710588 0.70853484
vn 0.5255 -0.34394553 0.778172
vn 0.585784 0.37941203 0.7161727
vn 0.585621 -0.25219002 0.7703563
vn 0.585795 0.37941498 0.71616274
vn 0.585612 -0.25218293 0.7703653
vn 0.630026 0.27905342 0.7247049
vn 0.62999 -0.15194507 0.76159394
vn 0.630029 0.2790484 0.724704
vn 0.63 -0.15194814 0.761585
vn 0.657053 0.17280547 0.73377216
vn 0.657 -0.045676265 0.75250655
vn 0.657054 0.17280346 0.7337712
vn 0.657001 -0.045677282 0.7525045
vn 0.66614 0.06356542 0.7431139
vn 0.666142 0.0635654 0.7431119
vn 0.70722 0.7044215 -0.060247917
vn 0.707219 0.70442253 -0.060247924
vn 0.707219 0.70442253 -0.060247924
vn 0.70722 0.7044215 -0.060247917
vn 0.000015 0.9963616 -0.085219175
vn 0.000017 0.9963616 -0.085219175
vn 0.000017 0.9963616 -0.085219175
vn 0.000015 0.9963616 -0.085219175
vn -0.707106 0.7045355 -0.06025873
vn -0.707104 0.70453745 -0.060258746
vn -0.707115 0.70452654 -0.060254667
vn -0.707117 0.7045245 -0.06025365
vn -1 -0.000002985636 0.000002021381
vn -1 -0.000002985636 0.000002021381
vn -1 -0.00000398561 0.000002028525
vn -1 -0.00000398561 0.000002028525
vn -0.49197 -0.8674451 0.07419391
vn -0.491967 -0.86744714 0.074193925
vn -0.49199 -0.86743414 0.07418883
vn -0.491993 -0.8674332 0.07418782
vn -1 0.00017288842 -0.000016235526
vn -1 0.00017488122 -0.00001724979
vn -1 0.00015691742 -0.000012121325
vn -1 0.00015492461 -0.000011107063
vn -0.365252 0.92752296 -0.079331234
vn -0.365252 0.92752296 -0.079331234
vn -0.365252 0.92752296 -0.079330236
vn -0.365253 0.92752296 -0.079330236
vn -1 0.000012006838 0.000000914247
vn -1 0.000012006838 0.000000914247
vn -1 0.000012006838 0.000000914247
vn -1 0.000012006838 0.000000914247
vn -0.546446 -0.83444744 0.0713721
vn -0.546446 -0.83444744 0.0713721
vn -0.546446 -0.83444744 0.0713721
vn -0.546446 -0.83444744 0.0713721
vn -1 -0.0009924102 0.00008609196
vn -1 -0.0009924102 0.00008609196
vn -1 -0.0009924102 0.00008609196
vn -1 -0.0009924102 0.00008609196
vn -0.406755 0.91021407 -0.07785055
vn -0.406754 0.9102151 -0.07785056
vn -0.406768 0.91020906 -0.07784852
vn -0.406769 0.91020906 -0.07784852
vn -1 -0.00029784237 0.000023128372
vn -1 -0.0002948496 0.000022106966
vn -1 -0.00030781352 0.000027199709
vn -1 -0.00030980635 0.000028213972
vn -0.707085 -0.70455545 0.060262874
vn -0.707085 -0.70455545 0.060262874
vn -0.707085 -0.70455647 0.06026288
vn -0.707085 -0.70455647 0.06026288
vn -0.000266 -0.9963616 0.085219175
vn -0.000263 -0.9963616 0.085219175
vn -0.00029 -0.9963626 0.08521517
vn -0.000293 -0.9963626 0.08521517
vn 0.706897 -0.70474434 0.060276225
vn 0.706897 -0.70474434 0.060276225
vn 0.706897 -0.70474434 0.060276225
vn 0.706897 -0.70474434 0.060276225
vn 0.002043 -0.085225165 -0.9963596
vn 0.000062 -0.085224174 -0.9963616
vn 0.000068 -0.08522718 -0.99636155
vn -0.214578 -0.08321533 -0.9731554
vn -0.000032 -0.085218176 -0.9963616
vn 0.004571 -0.085225105 -0.9963516
vn -0.000054 -0.08522618 -0.9963616
vn -0.000002 -0.08525515 -0.99635935
vn 0.000002 -0.085223176 -0.9963616
vn -0.000008 -0.08523418 -0.99636155
vn 0.000003 -0.08521718 -0.9963617
vn 0.000009 -0.08521218 -0.9963626
vn 0.000019 -0.08522218 -0.9963616
vn 0.000015 -0.085218176 -0.9963616
vn 0.000002 -0.08522118 -0.9963616
vn -0.000006 -0.08522618 -0.9963616
vn -0.000036 -0.08520219 -0.9963637
vn -0.000012 -0.08523118 -0.99636155
vn 0.000005 -0.085223176 -0.9963616
vn -0.000007 -0.085224174 -0.9963616
vn -0.000024 -0.085209176 -0.9963627
vn 0.000001 -0.085218176 -0.9963616
vn 0.000007 -0.08521318 -0.9963626
vn -0.000003 -0.085223176 -0.9963616
vn 0.000002 -0.08521118 -0.9963626
vn -0.000003 -0.085224174 -0.9963616
vn -0.000003 -0.08520019 -0.9963648
vn -0.000002 -0.08520719 -0.9963637
vn 0.000004 -0.08523418 -0.99636155
vn 0.000005 -0.08520518 -0.9963637
vn 0.000002 -0.085238166 -0.9963605
vn -0.000008 -0.08520019 -0.9963648
vn 0.000008 -0.08522218 -0.9963616
vn 0.000021 -0.08523018 -0.99636155
vn 0.000005 -0.08521618 -0.9963626
vn -0.000006 -0.085203186 -0.9963637
vn 0.000003 -0.08522918 -0.99636155
vn 0.000015 -0.085233174 -0.99636155
vn 0.000006 -0.085223176 -0.9963616
vn 0.000011 -0.08523118 -0.99636155
vn 0.000025 -0.08519419 -0.9963648
vn 0.000014 -0.08523418 -0.99636155
vn -0.000008 -0.085228175 -0.99636155
vn -0.000014 -0.08519919 -0.9963648
vn 0.000008 -0.08522018 -0.9963616
vn 0.000014 -0.08521318 -0.9963626
vn 0.00001 -0.08521218 -0.9963626
vn -0.000015 -0.08521517 -0.9963626
vn -0.000006 -0.085223176 -0.9963616
vn -0.000001 -0.08522118 -0.9963616
vn -0.000009 -0.085228175 -0.99636155
vn -0.000011 -0.08521517 -0.9963626
vn -0.000002 -0.08522718 -0.99636155
vn 0.000012 -0.08520619 -0.9963637
vn -0.000071 0.0851722 0.99636596
vn 0.000095 0.08525515 0.99635935
vn 0.000028 0.08523118 0.99636155
vn 0.000009 0.08521718 0.9963626
vn 0.000022 0.085228175 0.99636155
vn 0.000039 0.085228175 0.99636155
vn 0.000045 0.085224174 0.9963616
vn 0.000022 0.08523018 0.99636155
vn -0.000011 0.08520219 0.9963637
vn 0.000005 0.08522018 0.9963616
vn 0.000014 0.085210174 0.9963626
vn 0.000001 0.08521318 0.9963626
vn 0.000004 0.08521618 0.9963626
vn 0.000008 0.08519919 0.9963648
vn -0.000011 0.08521517 0.9963626
vn 0.000003 0.08521318 0.9963626
vn 0.000019 0.085218176 0.9963616
vn 0.000009 0.08519919 0.9963648
vn 0.000014 0.08520619 0.9963637
vn -0.000011 0.08520719 0.9963637
vn -0.000005 0.085219175 0.9963616
vn -0.000026 0.08519519 0.9963648
vn 0.000013 0.08521118 0.9963626
vn -0.000013 0.08521318 0.9963626
vn -0.00001 0.08524417 0.9963604
vn -0.000007 0.08522218 0.9963616
vn -0.000008 0.08522018 0.9963616
vn -0.000008 0.08522018 0.9963616
vn -0.000005 0.08523418 0.99636155
vn -0.000009 0.08521517 0.9963626
vn -0.000009 0.085224174 0.9963616
vn -0.00001 0.08522518 0.9963616
vn -0.000007 0.085228175 0.99636155
vn 0.000004 0.08519919 0.9963648
vn -0.000009 0.085214175 0.9963626
vn 0.000009 0.08520719 0.9963637
vn -0.000028 0.0851722 0.99636596
vn -0.000009 0.08521618 0.9963626
vn -0.000008 0.08519919 0.9963648
vn -0.000015 0.08524217 0.9963605
vn 0.000029 0.08524916 0.9963604
vn -0.000024 0.085219175 0.9963616
vn -0.000011 0.085214175 0.9963626
vn 0.000019 0.08522018 0.9963616
vn -0.000011 0.085209176 0.9963627
vn 0.000004 0.085210174 0.9963626
vn 0.000005 0.08522018 0.9963616
vn -0.000024 0.08521517 0.9963626
vn 0.000008 0.08521718 0.9963626
vn -0.000001 0.08519919 0.9963648
vn 0.000013 0.08522118 0.9963616
vn -0.000006 0.08519419 0.9963648
vn 0.000011 0.08521318 0.9963626
vn 0.000008 0.08521318 0.9963626
f 3/3/3 2/2/2 1/1/1
f 1/1/1 4/4/4 3/3/3
f 7/7/7 6/6/6 5/5/5
f 5/5/5 8/8/8 7/7/7
f 9/9/9 6/6/6 7/7/7
f 10/10/10 8/8/8 5/5/5
f 7/7/7 11/11/11 9/9/9
f 12/12/12 7/7/7 8/8/8
f 13/13/13 11/11/11 7/7/7
f 7/7/7 12/12/12 13/13/13
f 9/9/9 11/11/11 14/14/14
f 14/14/14 11/11/11 13/13/13
f 8/8/8 15/15/15 12/12/12
f 15/15/15 8/8/8 10/10/10
f 13/13/13 12/12/12 16/16/16
f 16/16/16 12/12/12 15/15/15
f 16/16/16 17/17/17 13/13/13
f 15/15/15 18/18/18 16/16/16
f 19/19/19 13/13/13 17/17/17
f 14/14/14 13/13/13 19/19/19
f 16/16/16 20/20/20 17/17/17
f 20/20/20 16/16/16 18/18/18
f 17/17/17 21/21/21 19/19/19
f 22/22/22 18/18/18 15/15/15
f 17/17/17 20/20/20 23/23/23
f 23/23/23 21/21/21 17/17/17
f 18/18/18 24/24/24 20/20/20
f 22/22/22 24/24/24 18/18/18
f 25/25/25 23/23/23 20/20/20
f 20/20/20 24/24/24 25/25/25
f 15/15/15 26/26/26 22/22/22
f 10/10/10 26/26/26 15/15/15
f 24/24/24 22/22/22 27/27/27
f 27/27/27 25/25/25 24/24/24
f 22/22/22 26/26/26 28/28/28
f 28/28/28 27/27/27 22/22/22
f 23/23/23 25/25/25 29/29/29
f 25/25/25 27/27/27 30/30/30
f 30/30/30 29/29/29 25/25/25
f 27/27/27 28/28/28 31/31/31
f 31/31/31 30/30/30 27/27/27
f 32/32/32 28/28/28 26/26/26
f 31/31/31 28/28/28 32/32/32
f 29/29/29 30/30/30 33/33/33
f 33/33/33 30/30/30 31/31/31
f 29/29/29 34/34/34 23/23/23
f 21/21/21 23/23/23 34/34/34
f 33/33/33 35/35/35 29/29/29
f 34/34/34 29/29/29 35/35/35
f 31/31/31 36/36/36 33/33/33
f 34/34/34 37/37/37 21/21/21
f 36/36/36 31/31/31 38/38/38
f 32/32/32 38/38/38 31/31/31
f 21/21/21 37/37/37 39/39/39
f 39/39/39 19/19/19 21/21/21
f 37/37/37 34/34/34 40/40/40
f 35/35/35 40/40/40 34/34/34
f 41/41/41 39/39/39 37/37/37
f 40/40/40 42/42/42 37/37/37
f 37/37/37 42/42/42 41/41/41
f 40/40/40 35/35/35 43/43/43
f 42/42/42 40/40/40 44/44/44
f 43/43/43 44/44/44 40/40/40
f 35/35/35 33/33/33 45/45/45
f 45/45/45 43/43/43 35/35/35
f 33/33/33 36/36/36 46/46/46
f 46/46/46 45/45/45 33/33/33
f 46/46/46 36/36/36 47/47/47
f 38/38/38 47/47/47 36/36/36
f 48/48/48 44/44/44 43/43/43
f 44/44/44 49/49/49 42/42/42
f 49/49/49 44/44/44 48/48/48
f 50/50/50 41/41/41 42/42/42
f 42/42/42 49/49/49 50/50/50
f 43/43/43 51/51/51 48/48/48
f 51/51/51 43/43/43 45/45/45
f 52/52/52 50/50/50 49/49/49
f 45/45/45 53/53/53 51/51/51
f 49/49/49 54/54/54 52/52/52
f 48/48/48 54/54/54 49/49/49
f 51/51/51 53/53/53 55/55/55
f 48/48/48 51/51/51 56/56/56
f 55/55/55 56/56/56 51/51/51
f 53/53/53 45/45/45 57/57/57
f 55/55/55 53/53/53 57/57/57
f 56/56/56 58/58/58 48/48/48
f 54/54/54 48/48/48 58/58/58
f 45/45/45 59/59/59 57/57/57
f 45/45/45 46/46/46 59/59/59
f 60/60/60 58/58/58 56/56/56
f 59/59/59 46/46/46 61/61/61
f 47/47/47 61/61/61 46/46/46
f 56/56/56 62/62/62 60/60/60
f 62/62/62 56/56/56 55/55/55
f 58/58/58 60/60/60 63/63/63
f 55/55/55 64/64/64 62/62/62
f 63/63/63 65/65/65 58/58/58
f 58/58/58 65/65/65 54/54/54
f 66/66/66 60/60/60 62/62/62
f 63/63/63 60/60/60 66/66/66
f 54/54/54 65/65/65 67/67/67
f 65/65/65 63/63/63 67/67/67
f 68/68/68 64/64/64 55/55/55
f 68/68/68 55/55/55 57/57/57
f 62/62/62 64/64/64 69/69/69
f 62/62/62 70/70/70 66/66/66
f 69/69/69 70/70/70 62/62/62
f 71/71/71 69/69/69 64/64/64
f 64/64/64 68/68/68 71/71/71
f 70/70/70 69/69/69 72/72/72
f 72/72/72 69/69/69 71/71/71
f 73/73/73 66/66/66 70/70/70
f 72/72/72 74/74/74 70/70/70
f 70/70/70 74/74/74 73/73/73
f 66/66/66 75/75/75 63/63/63
f 75/75/75 66/66/66 73/73/73
f 74/74/74 72/72/72 76/76/76
f 73/73/73 77/77/77 75/75/75
f 76/76/76 72/72/72 78/78/78
f 71/71/71 78/78/78 72/72/72
f 79/79/79 73/73/73 74/74/74
f 77/77/77 73/73/73 79/79/79
f 76/76/76 80/80/80 74/74/74
f 74/74/74 80/80/80 79/79/79
f 78/78/78 81/81/81 76/76/76
f 80/80/80 76/76/76 82/82/82
f 82/82/82 76/76/76 81/81/81
f 83/83/83 79/79/79 80/80/80
f 82/82/82 84/84/84 80/80/80
f 80/80/80 84/84/84 83/83/83
f 79/79/79 85/85/85 77/77/77
f 85/85/85 79/79/79 83/83/83
f 84/84/84 82/82/82 86/86/86
f 81/81/81 87/87/87 82/82/82
f 86/86/86 82/82/82 87/87/87
f 88/88/88 81/81/81 78/78/78
f 89/89/89 87/87/87 81/81/81
f 81/81/81 88/88/88 89/89/89
f 90/90/90 78/78/78 71/71/71
f 78/78/78 90/90/90 88/88/88
f 71/71/71 91/91/91 90/90/90
f 91/91/91 71/71/71 68/68/68
f 92/92/92 88/88/88 90/90/90
f 93/93/93 90/90/90 91/91/91
f 90/90/90 93/93/93 92/92/92
f 94/94/94 89/89/89 88/88/88
f 88/88/88 92/92/92 94/94/94
f 87/87/87 89/89/89 95/95/95
f 89/89/89 94/94/94 96/96/96
f 95/95/95 89/89/89 96/96/96
f 95/95/95 97/97/97 87/87/87
f 87/87/87 97/97/97 86/86/86
f 96/96/96 98/98/98 95/95/95
f 97/97/97 95/95/95 98/98/98
f 99/99/99 98/98/98 96/96/96
f 98/98/98 99/99/99 97/97/97
f 100/100/100 96/96/96 94/94/94
f 96/96/96 100/100/100 99/99/99
f 101/101/101 86/86/86 97/97/97
f 97/97/97 99/99/99 101/101/101
f 102/102/102 86/86/86 101/101/101
f 86/86/86 102/102/102 84/84/84
f 103/103/103 101/101/101 99/99/99
f 99/99/99 100/100/100 103/103/103
f 101/101/101 104/104/104 102/102/102
f 104/104/104 101/101/101 103/103/103
f 105/105/105 84/84/84 102/102/102
f 102/102/102 104/104/104 105/105/105
f 103/103/103 105/105/105 104/104/104
f 84/84/84 105/105/105 83/83/83
f 105/105/105 103/103/103 106/106/106
f 106/106/106 83/83/83 105/105/105
f 106/106/106 103/103/103 100/100/100
f 106/106/106 107/107/107 83/83/83
f 83/83/83 107/107/107 85/85/85
f 100/100/100 108/108/108 106/106/106
f 107/107/107 106/106/106 108/108/108
f 94/94/94 108/108/108 100/100/100
f 108/108/108 109/109/109 107/107/107
f 108/108/108 94/94/94 109/109/109
f 85/85/85 107/107/107 109/109/109
f 109/109/109 94/94/94 92/92/92
f 109/109/109 110/110/110 85/85/85
f 92/92/92 110/110/110 109/109/109
f 77/77/77 85/85/85 110/110/110
f 110/110/110 92/92/92 93/93/93
f 110/110/110 111/111/111 77/77/77
f 93/93/93 111/111/111 110/110/110
f 75/75/75 77/77/77 111/111/111
f 111/111/111 93/93/93 112/112/112
f 91/91/91 112/112/112 93/93/93
f 111/111/111 113/113/113 75/75/75
f 112/112/112 113/113/113 111/111/111
f 63/63/63 75/75/75 113/113/113
f 112/112/112 91/91/91 114/114/114
f 68/68/68 114/114/114 91/91/91
f 113/113/113 112/112/112 115/115/115
f 114/114/114 115/115/115 112/112/112
f 113/113/113 116/116/116 63/63/63
f 115/115/115 116/116/116 113/113/113
f 63/63/63 116/116/116 67/67/67
f 117/117/117 115/115/115 114/114/114
f 116/116/116 115/115/115 117/117/117
f 114/114/114 68/68/68 118/118/118
f 68/68/68 57/57/57 118/118/118
f 114/114/114 119/119/119 117/117/117
f 118/118/118 119/119/119 114/114/114
f 117/117/117 120/120/120 116/116/116
f 116/116/116 120/120/120 67/67/67
f 117/117/117 119/119/119 121/121/121
f 118/118/118 121/121/121 119/119/119
f 120/120/120 117/117/117 122/122/122
f 121/121/121 122/122/122 117/117/117
f 123/123/123 67/67/67 120/120/120
f 122/122/122 121/121/121 124/124/124
f 123/123/123 125/125/125 67/67/67
f 67/67/67 125/125/125 54/54/54
f 122/122/122 126/126/126 120/120/120
f 120/120/120 126/126/126 123/123/123
f 54/54/54 125/125/125 127/127/127
f 127/127/127 52/52/52 54/54/54
f 125/125/125 123/123/123 128/128/128
f 128/128/128 127/127/127 125/125/125
f 129/129/129 128/128/128 123/123/123
f 129/129/129 123/123/123 126/126/126
f 130/130/130 127/127/127 128/128/128
f 130/130/130 52/52/52 127/127/127
f 130/130/130 128/128/128 129/129/129
f 50/50/50 52/52/52 130/130/130
f 126/126/126 122/122/122 131/131/131
f 124/124/124 131/131/131 122/122/122
f 131/131/131 132/132/132 126/126/126
f 133/133/133 129/129/129 126/126/126
f 133/133/133 126/126/126 132/132/132
f 134/134/134 132/132/132 131/131/131
f 133/133/133 132/132/132 134/134/134
f 135/135/135 131/131/131 124/124/124
f 131/131/131 135/135/135 134/134/134
f 136/136/136 124/124/124 121/121/121
f 121/121/121 118/118/118 136/136/136
f 124/124/124 137/137/137 135/135/135
f 136/136/136 137/137/137 124/124/124
f 134/134/134 135/135/135 138/138/138
f 138/138/138 135/135/135 137/137/137
f 136/136/136 118/118/118 139/139/139
f 118/118/118 57/57/57 139/139/139
f 137/137/137 136/136/136 140/140/140
f 57/57/57 141/141/141 139/139/139
f 57/57/57 59/59/59 141/141/141
f 140/140/140 142/142/142 137/137/137
f 137/137/137 142/142/142 138/138/138
f 141/141/141 59/59/59 143/143/143
f 61/61/61 143/143/143 59/59/59
f 144/144/144 138/138/138 142/142/142
f 143/143/143 61/61/61 145/145/145
f 146/146/146 138/138/138 144/144/144
f 138/138/138 146/146/146 134/134/134
f 147/147/147 145/145/145 61/61/61
f 61/61/61 47/47/47 147/147/147
f 134/134/134 146/146/146 148/148/148
f 149/149/149 147/147/147 47/47/47
f 47/47/47 38/38/38 149/149/149
f 148/148/148 150/150/150 134/134/134
f 133/133/133 134/134/134 150/150/150
f 151/151/151 149/149/149 38/38/38
f 38/38/38 32/32/32 151/151/151
f 147/147/147 149/149/149 152/152/152
f 151/151/151 32/32/32 153/153/153
f 26/26/26 153/153/153 32/32/32
f 149/149/149 151/151/151 154/154/154
f 154/154/154 152/152/152 149/149/149
f 153/153/153 155/155/155 151/151/151
f 154/154/154 151/151/151 155/155/155
f 156/156/156 153/153/153 26/26/26
f 26/26/26 10/10/10 156/156/156
f 157/157/157 155/155/155 153/153/153
f 153/153/153 156/156/156 157/157/157
f 155/155/155 158/158/158 154/154/154
f 156/156/156 10/10/10 159/159/159
f 160/160/160 152/152/152 154/154/154
f 160/160/160 154/154/154 158/158/158
f 5/5/5 159/159/159 10/10/10
f 152/152/152 161/161/161 147/147/147
f 161/161/161 152/152/152 160/160/160
f 145/145/145 147/147/147 161/161/161
f 162/162/162 158/158/158 155/155/155
f 155/155/155 157/157/157 162/162/162
f 158/158/158 163/163/163 160/160/160
f 157/157/157 156/156/156 164/164/164
f 159/159/159 164/164/164 156/156/156
f 158/158/158 162/162/162 165/165/165
f 165/165/165 163/163/163 158/158/158
f 162/162/162 157/157/157 166/166/166
f 164/164/164 166/166/166 157/157/157
f 162/162/162 167/167/167 165/165/165
f 166/166/166 167/167/167 162/162/162
f 163/163/163 165/165/165 168/168/168
f 168/168/168 165/165/165 167/167/167
f 169/169/169 160/160/160 163/163/163
f 160/160/160 169/169/169 161/161/161
f 168/168/168 170/170/170 163/163/163
f 163/163/163 170/170/170 169/169/169
f 161/161/161 169/169/169 171/171/171
f 171/171/171 169/169/169 170/170/170
f 170/170/170 168/168/168 172/172/172
f 170/170/170 173/173/173 171/171/171
f 172/172/172 173/173/173 170/170/170
f 168/168/168 174/174/174 172/172/172
f 167/167/167 174/174/174 168/168/168
f 173/173/173 172/172/172 175/175/175
f 175/175/175 172/172/172 174/174/174
f 176/176/176 171/171/171 173/173/173
f 175/175/175 177/177/177 173/173/173
f 173/173/173 177/177/177 176/176/176
f 171/171/171 178/178/178 161/161/161
f 178/178/178 171/171/171 176/176/176
f 161/161/161 179/179/179 145/145/145
f 161/161/161 178/178/178 179/179/179
f 180/180/180 145/145/145 179/179/179
f 145/145/145 180/180/180 143/143/143
f 181/181/181 179/179/179 178/178/178
f 179/179/179 181/181/181 180/180/180
f 176/176/176 182/182/182 178/178/178
f 183/183/183 143/143/143 180/180/180
f 143/143/143 183/183/183 141/141/141
f 178/178/178 182/182/182 184/184/184
f 184/184/184 182/182/182 176/176/176
f 178/178/178 185/185/185 181/181/181
f 184/184/184 185/185/185 178/178/178
f 186/186/186 180/180/180 181/181/181
f 180/180/180 186/186/186 183/183/183
f 187/187/187 181/181/181 185/185/185
f 181/181/181 187/187/187 186/186/186
f 176/176/176 188/188/188 184/184/184
f 188/188/188 176/176/176 177/177/177
f 186/186/186 187/187/187 189/189/189
f 185/185/185 190/190/190 187/187/187
f 190/190/190 189/189/189 187/187/187
f 191/191/191 185/185/185 184/184/184
f 191/191/191 190/190/190 185/185/185
f 189/189/189 192/192/192 186/186/186
f 183/183/183 186/186/186 192/192/192
f 193/193/193 189/189/189 190/190/190
f 192/192/192 189/189/189 193/193/193
f 194/194/194 190/190/190 191/191/191
f 190/190/190 194/194/194 193/193/193
f 184/184/184 195/195/195 191/191/191
f 195/195/195 184/184/184 188/188/188
f 191/191/191 196/196/196 194/194/194
f 196/196/196 191/191/191 195/195/195
f 188/188/188 197/197/197 195/195/195
f 195/195/195 197/197/197 196/196/196
f 197/197/197 188/188/188 198/198/198
f 177/177/177 198/198/198 188/188/188
f 196/196/196 197/197/197 199/199/199
f 198/198/198 199/199/199 197/197/197
f 194/194/194 196/196/196 200/200/200
f 199/199/199 200/200/200 196/196/196
f 201/201/201 198/198/198 177/177/177
f 177/177/177 175/175/175 201/201/201
f 202/202/202 199/199/199 198/198/198
f 198/198/198 201/201/201 202/202/202
f 203/203/203 200/200/200 199/199/199
f 199/199/199 202/202/202 203/203/203
f 200/200/200 204/204/204 194/194/194
f 193/193/193 194/194/194 204/204/204
f 200/200/200 203/203/203 205/205/205
f 205/205/205 204/204/204 200/200/200
f 203/203/203 202/202/202 206/206/206
f 205/205/205 203/203/203 207/207/207
f 206/206/206 207/207/207 203/203/203
f 204/204/204 205/205/205 208/208/208
f 207/207/207 209/209/209 205/205/205
f 208/208/208 205/205/205 209/209/209
f 204/204/204 210/210/210 193/193/193
f 208/208/208 210/210/210 204/204/204
f 193/193/193 210/210/210 211/211/211
f 210/210/210 208/208/208 212/212/212
f 212/212/212 211/211/211 210/210/210
f 209/209/209 213/213/213 208/208/208
f 212/212/212 208/208/208 213/213/213
f 211/211/211 214/214/214 193/193/193
f 193/193/193 214/214/214 192/192/192
f 211/211/211 212/212/212 215/215/215
f 216/216/216 192/192/192 214/214/214
f 192/192/192 216/216/216 183/183/183
f 214/214/214 211/211/211 217/217/217
f 215/215/215 217/217/217 211/211/211
f 214/214/214 218/218/218 216/216/216
f 217/217/217 218/218/218 214/214/214
f 183/183/183 216/216/216 219/219/219
f 219/219/219 216/216/216 218/218/218
f 219/219/219 141/141/141 183/183/183
f 219/219/219 139/139/139 141/141/141
f 218/218/218 217/217/217 220/220/220
f 218/218/218 221/221/221 219/219/219
f 220/220/220 221/221/221 218/218/218
f 219/219/219 222/222/222 139/139/139
f 222/222/222 136/136/136 139/139/139
f 219/219/219 221/221/221 223/223/223
f 223/223/223 221/221/221 220/220/220
f 219/219/219 224/224/224 222/222/222
f 223/223/223 224/224/224 219/219/219
f 225/225/225 220/220/220 217/217/217
f 217/217/217 215/215/215 225/225/225
f 220/220/220 226/226/226 223/223/223
f 220/220/220 225/225/225 227/227/227
f 227/227/227 226/226/226 220/220/220
f 228/228/228 225/225/225 215/215/215
f 227/227/227 225/225/225 228/228/228
f 229/229/229 223/223/223 226/226/226
f 228/228/228 230/230/230 227/227/227
f 227/227/227 231/231/231 226/226/226
f 231/231/231 227/227/227 230/230/230
f 226/226/226 231/231/231 229/229/229
f 230/230/230 228/228/228 232/232/232
f 232/232/232 228/228/228 215/215/215
f 223/223/223 229/229/229 233/233/233
f 233/233/233 224/224/224 223/223/223
f 215/215/215 212/212/212 234/234/234
f 213/213/213 234/234/234 212/212/212
f 224/224/224 233/233/233 235/235/235
f 235/235/235 222/222/222 224/224/224
f 233/233/233 229/229/229 236/236/236
f 235/235/235 233/233/233 237/237/237
f 236/236/236 237/237/237 233/233/233
f 238/238/238 236/236/236 229/229/229
f 229/229/229 231/231/231 238/238/238
f 239/239/239 237/237/237 236/236/236
f 240/240/240 236/236/236 238/238/238
f 236/236/236 240/240/240 239/239/239
f 237/237/237 241/241/241 235/235/235
f 237/237/237 239/239/239 242/242/242
f 242/242/242 241/241/241 237/237/237
f 243/243/243 235/235/235 241/241/241
f 222/222/222 235/235/235 243/243/243
f 242/242/242 239/239/239 133/133/133
f 241/241/241 244/244/244 243/243/243
f 239/239/239 245/245/245 133/133/133
f 239/239/239 240/240/240 245/245/245
f 245/245/245 129/129/129 133/133/133
f 130/130/130 129/129/129 245/245/245
f 242/242/242 133/133/133 246/246/246
f 133/133/133 150/150/150 246/246/246
f 241/241/241 242/242/242 247/247/247
f 247/247/247 242/242/242 246/246/246
f 247/247/247 244/244/244 241/241/241
f 248/248/248 245/245/245 240/240/240
f 130/130/130 245/245/245 248/248/248
f 238/238/238 249/249/249 240/240/240
f 240/240/240 249/249/249 248/248/248
f 249/249/249 238/238/238 250/250/250
f 251/251/251 248/248/248 249/249/249
f 249/249/249 250/250/250 251/251/251
f 250/250/250 238/238/238 252/252/252
f 252/252/252 238/238/238 231/231/231
f 251/251/251 250/250/250 253/253/253
f 252/252/252 253/253/253 250/250/250
f 231/231/231 254/254/254 252/252/252
f 230/230/230 254/254/254 231/231/231
f 253/253/253 252/252/252 255/255/255
f 255/255/255 252/252/252 254/254/254
f 254/254/254 230/230/230 256/256/256
f 232/232/232 256/256/256 230/230/230
f 254/254/254 257/257/257 255/255/255
f 256/256/256 257/257/257 254/254/254
f 255/255/255 258/258/258 253/253/253
f 256/256/256 232/232/232 259/259/259
f 260/260/260 253/253/253 258/258/258
f 253/253/253 260/260/260 251/251/251
f 258/258/258 255/255/255 261/261/261
f 261/261/261 255/255/255 257/257/257
f 258/258/258 262/262/262 260/260/260
f 257/257/257 256/256/256 263/263/263
f 259/259/259 263/263/263 256/256/256
f 251/251/251 260/260/260 264/264/264
f 264/264/264 260/260/260 262/262/262
f 263/263/263 265/265/265 257/257/257
f 257/257/257 265/265/265 261/261/261
f 264/264/264 266/266/266 251/251/251
f 248/248/248 251/251/251 266/266/266
f 261/261/261 267/267/267 258/258/258
f 262/262/262 258/258/258 267/267/267
f 266/266/266 268/268/268 248/248/248
f 130/130/130 248/248/248 268/268/268
f 267/267/267 261/261/261 269/269/269
f 269/269/269 261/261/261 265/265/265
f 268/268/268 266/266/266 270/270/270
f 266/266/266 264/264/264 271/271/271
f 271/271/271 270/270/270 266/266/266
f 262/262/262 272/272/272 264/264/264
f 271/271/271 264/264/264 272/272/272
f 267/267/267 273/273/273 262/262/262
f 272/272/272 262/262/262 273/273/273
f 270/270/270 274/274/274 268/268/268
f 130/130/130 268/268/268 274/274/274
f 273/273/273 267/267/267 275/275/275
f 269/269/269 275/275/275 267/267/267
f 274/274/274 270/270/270 276/276/276
f 275/275/275 277/277/277 273/273/273
f 278/278/278 276/276/276 270/270/270
f 270/270/270 271/271/271 278/278/278
f 279/279/279 273/273/273 277/277/277
f 273/273/273 279/279/279 272/272/272
f 272/272/272 280/280/280 271/271/271
f 278/278/278 271/271/271 280/280/280
f 272/272/272 279/279/279 281/281/281
f 281/281/281 280/280/280 272/272/272
f 277/277/277 282/282/282 279/279/279
f 281/281/281 279/279/279 282/282/282
f 283/283/283 277/277/277 275/275/275
f 282/282/282 277/277/277 283/283/283
f 280/280/280 281/281/281 284/284/284
f 283/283/283 285/285/285 282/282/282
f 284/284/284 286/286/286 280/280/280
f 280/280/280 286/286/286 278/278/278
f 282/282/282 287/287/287 281/281/281
f 287/287/287 282/282/282 285/285/285
f 288/288/288 284/284/284 281/281/281
f 281/281/281 287/287/287 288/288/288
f 286/286/286 284/284/284 289/289/289
f 284/284/284 288/288/288 290/290/290
f 290/290/290 289/289/289 284/284/284
f 278/278/278 286/286/286 291/291/291
f 289/289/289 291/291/291 286/286/286
f 292/292/292 288/288/288 287/287/287
f 291/291/291 293/293/293 278/278/278
f 294/294/294 290/290/290 288/288/288
f 288/288/288 292/292/292 294/294/294
f 278/278/278 293/293/293 295/295/295
f 295/295/295 276/276/276 278/278/278
f 293/293/293 291/291/291 296/296/296
f 296/296/296 291/291/291 289/289/289
f 297/297/297 276/276/276 295/295/295
f 276/276/276 297/297/297 274/274/274
f 298/298/298 295/295/295 293/293/293
f 293/293/293 296/296/296 298/298/298
f 295/295/295 299/299/299 297/297/297
f 299/299/299 295/295/295 298/298/298
f 300/300/300 274/274/274 297/297/297
f 274/274/274 300/300/300 130/130/130
f 301/301/301 297/297/297 299/299/299
f 297/297/297 301/301/301 300/300/300
f 302/302/302 130/130/130 300/300/300
f 130/130/130 302/302/302 50/50/50
f 41/41/41 50/50/50 302/302/302
f 300/300/300 303/303/303 302/302/302
f 303/303/303 300/300/300 301/301/301
f 302/302/302 304/304/304 41/41/41
f 304/304/304 302/302/302 303/303/303
f 39/39/39 41/41/41 304/304/304
f 301/301/301 305/305/305 303/303/303
f 304/304/304 306/306/306 39/39/39
f 19/19/19 39/39/39 306/306/306
f 303/303/303 307/307/307 304/304/304
f 303/303/303 305/305/305 307/307/307
f 306/306/306 308/308/308 19/19/19
f 14/14/14 19/19/19 308/308/308
f 307/307/307 305/305/305 309/309/309
f 301/301/301 309/309/309 305/305/305
f 304/304/304 307/307/307 310/310/310
f 309/309/309 310/310/310 307/307/307
f 310/310/310 306/306/306 304/304/304
f 310/310/310 309/309/309 311/311/311
f 301/301/301 311/311/311 309/309/309
f 306/306/306 310/310/310 312/312/312
f 311/311/311 312/312/312 310/310/310
f 312/312/312 308/308/308 306/306/306
f 312/312/312 311/311/311 313/313/313
f 301/301/301 313/313/313 311/311/311
f 308/308/308 312/312/312 314/314/314
f 314/314/314 14/14/14 308/308/308
f 313/313/313 314/314/314 312/312/312
f 315/315/315 14/14/14 314/314/314
f 14/14/14 315/315/315 9/9/9
f 314/314/314 313/313/313 316/316/316
f 314/314/314 316/316/316 315/315/315
f 317/317/317 9/9/9 315/315/315
f 6/6/6 9/9/9 317/317/317
f 318/318/318 315/315/315 316/316/316
f 315/315/315 318/318/318 317/317/317
f 319/319/319 316/316/316 313/313/313
f 316/316/316 319/319/319 318/318/318
f 301/301/301 320/320/320 313/313/313
f 313/313/313 320/320/320 319/319/319
f 321/321/321 318/318/318 319/319/319
f 321/321/321 317/317/317 318/318/318
f 322/322/322 319/319/319 320/320/320
f 319/319/319 322/322/322 321/321/321
f 301/301/301 323/323/323 320/320/320
f 320/320/320 324/324/324 322/322/322
f 324/324/324 320/320/320 323/323/323
f 325/325/325 323/323/323 301/301/301
f 324/324/324 323/323/323 325/325/325
f 325/325/325 301/301/301 299/299/299
f 321/321/321 322/322/322 326/326/326
f 322/322/322 324/324/324 326/326/326
f 325/325/325 299/299/299 327/327/327
f 298/298/298 327/327/327 299/299/299
f 327/327/327 328/328/328 325/325/325
f 329/329/329 327/327/327 298/298/298
f 327/327/327 329/329/329 328/328/328
f 330/330/330 325/325/325 328/328/328
f 330/330/330 324/324/324 325/325/325
f 329/329/329 298/298/298 331/331/331
f 331/331/331 298/298/298 296/296/296
f 329/329/329 332/332/332 328/328/328
f 296/296/296 333/333/333 331/331/331
f 289/289/289 333/333/333 296/296/296
f 331/331/331 334/334/334 329/329/329
f 335/335/335 333/333/333 289/289/289
f 289/289/289 290/290/290 335/335/335
f 329/329/329 334/334/334 336/336/336
f 329/329/329 336/336/336 332/332/332
f 337/337/337 334/334/334 331/331/331
f 336/336/336 334/334/334 337/337/337
f 338/338/338 331/331/331 333/333/333
f 337/337/337 331/331/331 338/338/338
f 333/333/333 335/335/335 338/338/338
f 336/336/336 337/337/337 339/339/339
f 332/332/332 336/336/336 339/339/339
f 340/340/340 335/335/335 290/290/290
f 290/290/290 294/294/294 340/340/340
f 341/341/341 338/338/338 335/335/335
f 335/335/335 340/340/340 341/341/341
f 340/340/340 294/294/294 342/342/342
f 342/342/342 294/294/294 292/292/292
f 343/343/343 341/341/341 340/340/340
f 340/340/340 342/342/342 343/343/343
f 292/292/292 344/344/344 342/342/342
f 345/345/345 341/341/341 343/343/343
f 344/344/344 292/292/292 346/346/346
f 287/287/287 346/346/346 292/292/292
f 285/285/285 346/346/346 287/287/287
f 342/342/342 344/344/344 347/347/347
f 347/347/347 343/343/343 342/342/342
f 346/346/346 348/348/348 344/344/344
f 347/347/347 344/344/344 348/348/348
f 346/346/346 285/285/285 349/349/349
f 349/349/349 348/348/348 346/346/346
f 350/350/350 343/343/343 347/347/347
f 343/343/343 350/350/350 345/345/345
f 348/348/348 351/351/351 347/347/347
f 351/351/351 348/348/348 349/349/349
f 347/347/347 352/352/352 350/350/350
f 352/352/352 347/347/347 351/351/351
f 353/353/353 349/349/349 285/285/285
f 285/285/285 283/283/283 353/353/353
f 349/349/349 354/354/354 351/351/351
f 354/354/354 349/349/349 353/353/353
f 351/351/351 355/355/355 352/352/352
f 355/355/355 351/351/351 354/354/354
f 350/350/350 352/352/352 356/356/356
f 352/352/352 355/355/355 357/357/357
f 357/357/357 356/356/356 352/352/352
f 354/354/354 358/358/358 355/355/355
f 357/357/357 355/355/355 358/358/358
f 356/356/356 359/359/359 350/350/350
f 345/345/345 350/350/350 359/359/359
f 360/360/360 356/356/356 357/357/357
f 359/359/359 356/356/356 360/360/360
f 353/353/353 361/361/361 354/354/354
f 358/358/358 354/354/354 361/361/361
f 353/353/353 283/283/283 362/362/362
f 275/275/275 362/362/362 283/283/283
f 363/363/363 361/361/361 353/353/353
f 364/364/364 362/362/362 275/275/275
f 275/275/275 269/269/269 364/364/364
f 362/362/362 365/365/365 353/353/353
f 353/353/353 365/365/365 363/363/363
f 362/362/362 364/364/364 366/366/366
f 366/366/366 365/365/365 362/362/362
f 367/367/367 361/361/361 363/363/363
f 361/361/361 367/367/367 358/358/358
f 368/368/368 363/363/363 365/365/365
f 365/365/365 366/366/366 368/368/368
f 363/363/363 369/369/369 367/367/367
f 363/363/363 368/368/368 369/369/369
f 370/370/370 366/366/366 364/364/364
f 367/367/367 369/369/369 371/371/371
f 372/372/372 364/364/364 269/269/269
f 364/364/364 372/372/372 370/370/370
f 371/371/371 373/373/373 367/367/367
f 358/358/358 367/367/367 373/373/373
f 269/269/269 374/374/374 372/372/372
f 265/265/265 374/374/374 269/269/269
f 375/375/375 371/371/371 369/369/369
f 369/369/369 368/368/368 375/375/375
f 376/376/376 374/374/374 265/265/265
f 265/265/265 263/263/263 376/376/376
f 377/377/377 372/372/372 374/374/374
f 374/374/374 376/376/376 377/377/377
f 378/378/378 376/376/376 263/263/263
f 263/263/263 259/259/259 378/378/378
f 379/379/379 377/377/377 376/376/376
f 376/376/376 378/378/378 379/379/379
f 372/372/372 377/377/377 380/380/380
f 380/380/380 370/370/370 372/372/372
f 381/381/381 378/378/378 259/259/259
f 379/379/379 378/378/378 381/381/381
f 381/381/381 259/259/259 232/232/232
f 215/215/215 381/381/381 232/232/232
f 234/234/234 381/381/381 215/215/215
f 377/377/377 379/379/379 382/382/382
f 382/382/382 379/379/379 381/381/381
f 382/382/382 380/380/380 377/377/377
f 383/383/383 381/381/381 234/234/234
f 381/381/381 383/383/383 382/382/382
f 380/380/380 382/382/382 384/384/384
f 383/383/383 384/384/384 382/382/382
f 370/370/370 380/380/380 385/385/385
f 384/384/384 385/385/385 380/380/380
f 234/234/234 386/386/386 383/383/383
f 386/386/386 234/234/234 213/213/213
f 385/385/385 387/387/387 370/370/370
f 366/366/366 370/370/370 387/387/387
f 387/387/387 368/368/368 366/366/366
f 388/388/388 385/385/385 384/384/384
f 388/388/388 387/387/387 385/385/385
f 389/389/389 384/384/384 383/383/383
f 384/384/384 389/389/389 388/388/388
f 368/368/368 387/387/387 390/390/390
f 390/390/390 375/375/375 368/368/368
f 387/387/387 388/388/388 391/391/391
f 391/391/391 390/390/390 387/387/387
f 388/388/388 389/389/389 392/392/392
f 392/392/392 391/391/391 388/388/388
f 383/383/383 393/393/393 389/389/389
f 392/392/392 389/389/389 393/393/393
f 393/393/393 383/383/383 386/386/386
f 390/390/390 391/391/391 394/394/394
f 394/394/394 391/391/391 392/392/392
f 375/375/375 390/390/390 395/395/395
f 394/394/394 395/395/395 390/390/390
f 213/213/213 396/396/396 386/386/386
f 396/396/396 213/213/213 209/209/209
f 386/386/386 397/397/397 393/393/393
f 397/397/397 386/386/386 396/396/396
f 209/209/209 398/398/398 396/396/396
f 398/398/398 209/209/209 207/207/207
f 396/396/396 399/399/399 397/397/397
f 399/399/399 396/396/396 398/398/398
f 400/400/400 393/393/393 397/397/397
f 393/393/393 400/400/400 392/392/392
f 207/207/207 401/401/401 398/398/398
f 401/401/401 207/207/207 206/206/206
f 397/397/397 402/402/402 400/400/400
f 402/402/402 397/397/397 399/399/399
f 403/403/403 398/398/398 401/401/401
f 398/398/398 403/403/403 399/399/399
f 400/400/400 402/402/402 404/404/404
f 399/399/399 405/405/405 402/402/402
f 404/404/404 402/402/402 405/405/405
f 399/399/399 403/403/403 406/406/406
f 406/406/406 405/405/405 399/399/399
f 404/404/404 407/407/407 400/400/400
f 392/392/392 400/400/400 407/407/407
f 405/405/405 408/408/408 404/404/404
f 408/408/408 405/405/405 406/406/406
f 407/407/407 404/404/404 409/409/409
f 409/409/409 404/404/404 408/408/408
f 407/407/407 410/410/410 392/392/392
f 392/392/392 410/410/410 394/394/394
f 409/409/409 411/411/411 407/407/407
f 410/410/410 407/407/407 411/411/411
f 408/408/408 412/412/412 409/409/409
f 413/413/413 394/394/394 410/410/410
f 395/395/395 394/394/394 413/413/413
f 411/411/411 414/414/414 410/410/410
f 410/410/410 414/414/414 413/413/413
f 411/411/411 409/409/409 415/415/415
f 415/415/415 409/409/409 412/412/412
f 414/414/414 411/411/411 416/416/416
f 415/415/415 416/416/416 411/411/411
f 413/413/413 414/414/414 417/417/417
f 416/416/416 417/417/417 414/414/414
f 412/412/412 408/408/408 418/418/418
f 406/406/406 418/418/418 408/408/408
f 417/417/417 416/416/416 419/419/419
f 419/419/419 416/416/416 415/415/415
f 420/420/420 418/418/418 406/406/406
f 420/420/420 406/406/406 403/403/403
f 418/418/418 421/421/421 412/412/412
f 421/421/421 418/418/418 420/420/420
f 412/412/412 422/422/422 415/415/415
f 422/422/422 412/412/412 421/421/421
f 403/403/403 423/423/423 420/420/420
f 401/401/401 423/423/423 403/403/403
f 420/420/420 424/424/424 421/421/421
f 424/424/424 420/420/420 423/423/423
f 421/421/421 425/425/425 422/422/422
f 425/425/425 421/421/421 424/424/424
f 426/426/426 415/415/415 422/422/422
f 415/415/415 426/426/426 419/419/419
f 427/427/427 422/422/422 425/425/425
f 422/422/422 427/427/427 426/426/426
f 423/423/423 401/401/401 428/428/428
f 206/206/206 428/428/428 401/401/401
f 423/423/423 429/429/429 424/424/424
f 428/428/428 429/429/429 423/423/423
f 424/424/424 430/430/430 425/425/425
f 430/430/430 424/424/424 429/429/429
f 425/425/425 431/431/431 427/427/427
f 425/425/425 430/430/430 432/432/432
f 432/432/432 431/431/431 425/425/425
f 429/429/429 433/433/433 430/430/430
f 432/432/432 430/430/430 433/433/433
f 434/434/434 427/427/427 431/431/431
f 426/426/426 427/427/427 434/434/434
f 435/435/435 431/431/431 432/432/432
f 431/431/431 435/435/435 434/434/434
f 435/435/435 432/432/432 436/436/436
f 433/433/433 436/436/436 432/432/432
f 434/434/434 435/435/435 437/437/437
f 436/436/436 437/437/437 435/435/435
f 434/434/434 438/438/438 426/426/426
f 419/419/419 426/426/426 438/438/438
f 437/437/437 439/439/439 434/434/434
f 440/440/440 438/438/438 434/434/434
f 434/434/434 439/439/439 440/440/440
f 438/438/438 441/441/441 419/419/419
f 442/442/442 439/439/439 437/437/437
f 438/438/438 440/440/440 443/443/443
f 443/443/443 441/441/441 438/438/438
f 444/444/444 440/440/440 439/439/439
f 439/439/439 442/442/442 444/444/444
f 445/445/445 443/443/443 440/440/440
f 440/440/440 444/444/444 445/445/445
f 437/437/437 446/446/446 442/442/442
f 446/446/446 437/437/437 436/436/436
f 444/444/444 442/442/442 447/447/447
f 447/447/447 442/442/442 446/446/446
f 445/445/445 444/444/444 448/448/448
f 447/447/447 448/448/448 444/444/444
f 436/436/436 449/449/449 446/446/446
f 449/449/449 436/436/436 433/433/433
f 446/446/446 450/450/450 447/447/447
f 450/450/450 446/446/446 449/449/449
f 433/433/433 451/451/451 449/449/449
f 449/449/449 452/452/452 450/450/450
f 452/452/452 449/449/449 451/451/451
f 453/453/453 447/447/447 450/450/450
f 451/451/451 433/433/433 454/454/454
f 454/454/454 433/433/433 429/429/429
f 455/455/455 450/450/450 452/452/452
f 450/450/450 455/455/455 453/453/453
f 429/429/429 456/456/456 454/454/454
f 428/428/428 456/456/456 429/429/429
f 447/447/447 453/453/453 457/457/457
f 457/457/457 448/448/448 447/447/447
f 456/456/456 428/428/428 458/458/458
f 454/454/454 456/456/456 458/458/458
f 428/428/428 459/459/459 458/458/458
f 428/428/428 206/206/206 459/459/459
f 460/460/460 451/451/451 454/454/454
f 451/451/451 460/460/460 452/452/452
f 461/461/461 459/459/459 206/206/206
f 206/206/206 202/202/202 461/461/461
f 458/458/458 462/462/462 454/454/454
f 460/460/460 454/454/454 462/462/462
f 463/463/463 461/461/461 202/202/202
f 202/202/202 201/201/201 463/463/463
f 464/464/464 459/459/459 461/461/461
f 465/465/465 458/458/458 459/459/459
f 459/459/459 464/464/464 465/465/465
f 466/466/466 461/461/461 463/463/463
f 461/461/461 466/466/466 464/464/464
f 458/458/458 465/465/465 467/467/467
f 467/467/467 462/462/462 458/458/458
f 468/468/468 465/465/465 464/464/464
f 469/469/469 467/467/467 465/465/465
f 465/465/465 468/468/468 469/469/469
f 470/470/470 464/464/464 466/466/466
f 464/464/464 470/470/470 468/468/468
f 463/463/463 471/471/471 466/466/466
f 466/466/466 472/472/472 470/470/470
f 472/472/472 466/466/466 471/471/471
f 473/473/473 468/468/468 470/470/470
f 471/471/471 463/463/463 474/474/474
f 474/474/474 463/463/463 201/201/201
f 475/475/475 470/470/470 472/472/472
f 470/470/470 475/475/475 473/473/473
f 471/471/471 476/476/476 472/472/472
f 468/468/468 473/473/473 477/477/477
f 477/477/477 469/469/469 468/468/468
f 472/472/472 478/478/478 475/475/475
f 478/478/478 472/472/472 476/476/476
f 473/473/473 475/475/475 479/479/479
f 476/476/476 471/471/471 480/480/480
f 474/474/474 480/480/480 471/471/471
f 475/475/475 478/478/478 481/481/481
f 481/481/481 479/479/479 475/475/475
f 476/476/476 482/482/482 478/478/478
f 479/479/479 483/483/483 473/473/473
f 477/477/477 473/473/473 483/483/483
f 484/484/484 481/481/481 478/478/478
f 478/478/478 482/482/482 484/484/484
f 485/485/485 479/479/479 481/481/481
f 482/482/482 476/476/476 486/486/486
f 480/480/480 486/486/486 476/476/476
f 487/487/487 481/481/481 484/484/484
f 481/481/481 487/487/487 485/485/485
f 488/488/488 484/484/484 482/482/482
f 479/479/479 485/485/485 489/489/489
f 489/489/489 483/483/483 479/479/479
f 484/484/484 490/490/490 487/487/487
f 490/490/490 484/484/484 488/488/488
f 491/491/491 485/485/485 487/487/487
f 482/482/482 492/492/492 488/488/488
f 486/486/486 492/492/492 482/482/482
f 493/493/493 487/487/487 490/490/490
f 487/487/487 493/493/493 491/491/491
f 488/488/488 494/494/494 490/490/490
f 485/485/485 491/491/491 495/495/495
f 495/495/495 489/489/489 485/485/485
f 490/490/490 496/496/496 493/493/493
f 496/496/496 490/490/490 494/494/494
f 497/497/497 491/491/491 493/493/493
f 494/494/494 488/488/488 498/498/498
f 498/498/498 488/488/488 492/492/492
f 499/499/499 493/493/493 496/496/496
f 493/493/493 499/499/499 497/497/497
f 494/494/494 500/500/500 496/496/496
f 491/491/491 497/497/497 501/501/501
f 501/501/501 495/495/495 491/491/491
f 496/496/496 502/502/502 499/499/499
f 502/502/502 496/496/496 500/500/500
f 497/497/497 499/499/499 503/503/503
f 500/500/500 494/494/494 504/504/504
f 498/498/498 504/504/504 494/494/494
f 499/499/499 502/502/502 505/505/505
f 505/505/505 503/503/503 499/499/499
f 500/500/500 506/506/506 502/502/502
f 503/503/503 507/507/507 497/497/497
f 501/501/501 497/497/497 507/507/507
f 508/508/508 505/505/505 502/502/502
f 502/502/502 506/506/506 508/508/508
f 509/509/509 503/503/503 505/505/505
f 506/506/506 500/500/500 510/510/510
f 504/504/504 510/510/510 500/500/500
f 511/511/511 505/505/505 508/508/508
f 505/505/505 511/511/511 509/509/509
f 512/512/512 508/508/508 506/506/506
f 503/503/503 509/509/509 513/513/513
f 513/513/513 507/507/507 503/503/503
f 508/508/508 514/514/514 511/511/511
f 514/514/514 508/508/508 512/512/512
f 515/515/515 509/509/509 511/511/511
f 506/506/506 516/516/516 512/512/512
f 510/510/510 516/516/516 506/506/506
f 517/517/517 511/511/511 514/514/514
f 511/511/511 517/517/517 515/515/515
f 512/512/512 518/518/518 514/514/514
f 509/509/509 515/515/515 519/519/519
f 519/519/519 513/513/513 509/509/509
f 514/514/514 520/520/520 517/517/517
f 520/520/520 514/514/514 518/518/518
f 521/521/521 515/515/515 517/517/517
f 518/518/518 512/512/512 522/522/522
f 522/522/522 512/512/512 516/516/516
f 523/523/523 517/517/517 520/520/520
f 517/517/517 523/523/523 521/521/521
f 518/518/518 524/524/524 520/520/520
f 515/515/515 521/521/521 525/525/525
f 525/525/525 519/519/519 515/515/515
f 520/520/520 526/526/526 523/523/523
f 526/526/526 520/520/520 524/524/524
f 521/521/521 523/523/523 527/527/527
f 524/524/524 518/518/518 528/528/528
f 522/522/522 528/528/528 518/518/518
f 523/523/523 526/526/526 529/529/529
f 529/529/529 527/527/527 523/523/523
f 524/524/524 530/530/530 526/526/526
f 527/527/527 531/531/531 521/521/521
f 525/525/525 521/521/521 531/531/531
f 532/532/532 529/529/529 526/526/526
f 526/526/526 530/530/530 532/532/532
f 527/527/527 529/529/529 533/533/533
f 530/530/530 524/524/524 534/534/534
f 528/528/528 534/534/534 524/524/524
f 529/529/529 532/532/532 535/535/535
f 535/535/535 533/533/533 529/529/529
f 536/536/536 532/532/532 530/530/530
f 533/533/533 537/537/537 527/527/527
f 531/531/531 527/527/527 537/537/537
f 538/538/538 535/535/535 532/532/532
f 532/532/532 536/536/536 538/538/538
f 533/533/533 535/535/535 539/539/539
f 530/530/530 540/540/540 536/536/536
f 534/534/534 540/540/540 530/530/530
f 535/535/535 538/538/538 541/541/541
f 541/541/541 539/539/539 535/535/535
f 542/542/542 538/538/538 536/536/536
f 539/539/539 543/543/543 533/533/533
f 537/537/537 533/533/533 543/543/543
f 544/544/544 541/541/541 538/538/538
f 538/538/538 542/542/542 544/544/544
f 545/545/545 539/539/539 541/541/541
f 536/536/536 546/546/546 542/542/542
f 546/546/546 536/536/536 540/540/540
f 547/547/547 541/541/541 544/544/544
f 541/541/541 547/547/547 545/545/545
f 548/548/548 544/544/544 542/542/542
f 539/539/539 545/545/545 549/549/549
f 549/549/549 543/543/543 539/539/539
f 544/544/544 550/550/550 547/547/547
f 550/550/550 544/544/544 548/548/548
f 551/551/551 545/545/545 547/547/547
f 542/542/542 552/552/552 548/548/548
f 552/552/552 542/542/542 546/546/546
f 553/553/553 547/547/547 550/550/550
f 547/547/547 553/553/553 551/551/551
f 548/548/548 554/554/554 550/550/550
f 545/545/545 551/551/551 555/555/555
f 555/555/555 549/549/549 545/545/545
f 550/550/550 556/556/556 553/553/553
f 556/556/556 550/550/550 554/554/554
f 557/557/557 551/551/551 553/553/553
f 554/554/554 548/548/548 558/558/558
f 558/558/558 548/548/548 552/552/552
f 559/559/559 553/553/553 556/556/556
f 553/553/553 559/559/559 557/557/557
f 554/554/554 560/560/560 556/556/556
f 551/551/551 557/557/557 561/561/561
f 561/561/561 555/555/555 551/551/551
f 556/556/556 562/562/562 559/559/559
f 562/562/562 556/556/556 560/560/560
f 557/557/557 559/559/559 563/563/563
f 560/560/560 554/554/554 564/564/564
f 558/558/558 564/564/564 554/554/554
f 559/559/559 562/562/562 565/565/565
f 565/565/565 563/563/563 559/559/559
f 560/560/560 566/566/566 562/562/562
f 563/563/563 567/567/567 557/557/557
f 561/561/561 557/557/557 567/567/567
f 568/568/568 565/565/565 562/562/562
f 562/562/562 566/566/566 568/568/568
f 563/563/563 565/565/565 569/569/569
f 566/566/566 560/560/560 570/570/570
f 564/564/564 570/570/570 560/560/560
f 565/565/565 568/568/568 571/571/571
f 571/571/571 569/569/569 565/565/565
f 572/572/572 568/568/568 566/566/566
f 569/569/569 573/573/573 563/563/563
f 567/567/567 563/563/563 573/573/573
f 574/574/574 571/571/571 568/568/568
f 568/568/568 572/572/572 574/574/574
f 569/569/569 571/571/571 575/575/575
f 566/566/566 576/576/576 572/572/572
f 570/570/570 576/576/576 566/566/566
f 571/571/571 574/574/574 577/577/577
f 577/577/577 575/575/575 571/571/571
f 578/578/578 574/574/574 572/572/572
f 575/575/575 579/579/579 569/569/569
f 573/573/573 569/569/569 579/579/579
f 580/580/580 577/577/577 574/574/574
f 574/574/574 578/578/578 580/580/580
f 581/581/581 575/575/575 577/577/577
f 572/572/572 582/582/582 578/578/578
f 582/582/582 572/572/572 576/576/576
f 583/583/583 577/577/577 580/580/580
f 577/577/577 583/583/583 581/581/581
f 584/584/584 580/580/580 578/578/578
f 575/575/575 581/581/581 585/585/585
f 585/585/585 579/579/579 575/575/575
f 580/580/580 586/586/586 583/583/583
f 586/586/586 580/580/580 584/584/584
f 581/581/581 583/583/583 587/587/587
f 578/578/578 588/588/588 584/584/584
f 588/588/588 578/578/578 582/582/582
f 583/583/583 586/586/586 589/589/589
f 589/589/589 587/587/587 583/583/583
f 584/584/584 590/590/590 586/586/586
f 587/587/587 591/591/591 581/581/581
f 585/585/585 581/581/581 591/591/591
f 592/592/592 589/589/589 586/586/586
f 586/586/586 590/590/590 592/592/592
f 593/593/593 587/587/587 589/589/589
f 590/590/590 584/584/584 594/594/594
f 594/594/594 584/584/584 588/588/588
f 595/595/595 589/589/589 592/592/592
f 589/589/589 595/595/595 593/593/593
f 596/596/596 592/592/592 590/590/590
f 587/587/587 593/593/593 597/597/597
f 597/597/597 591/591/591 587/587/587
f 592/592/592 598/598/598 595/595/595
f 598/598/598 592/592/592 596/596/596
f 593/593/593 595/595/595 599/599/599
f 590/590/590 600/600/600 596/596/596
f 594/594/594 600/600/600 590/590/590
f 595/595/595 598/598/598 601/601/601
f 601/601/601 599/599/599 595/595/595
f 596/596/596 602/602/602 598/598/598
f 599/599/599 603/603/603 593/593/593
f 597/597/597 593/593/593 603/603/603
f 604/604/604 601/601/601 598/598/598
f 598/598/598 602/602/602 604/604/604
f 605/605/605 599/599/599 601/601/601
f 602/602/602 596/596/596 606/606/606
f 606/606/606 596/596/596 600/600/600
f 607/607/607 601/601/601 604/604/604
f 601/601/601 607/607/607 605/605/605
f 608/608/608 604/604/604 602/602/602
f 599/599/599 605/605/605 609/609/609
f 609/609/609 603/603/603 599/599/599
f 604/604/604 610/610/610 607/607/607
f 610/610/610 604/604/604 608/608/608
f 611/611/611 605/605/605 607/607/607
f 602/602/602 612/612/612 608/608/608
f 606/606/606 612/612/612 602/602/602
f 613/613/613 607/607/607 610/610/610
f 607/607/607 613/613/613 611/611/611
f 608/608/608 614/614/614 610/610/610
f 605/605/605 611/611/611 615/615/615
f 615/615/615 609/609/609 605/605/605
f 610/610/610 616/616/616 613/613/613
f 616/616/616 610/610/610 614/614/614
f 617/617/617 611/611/611 613/613/613
f 614/614/614 608/608/608 618/618/618
f 618/618/618 608/608/608 612/612/612
f 619/619/619 613/613/613 616/616/616
f 613/613/613 619/619/619 617/617/617
f 614/614/614 620/620/620 616/616/616
f 611/611/611 617/617/617 621/621/621
f 621/621/621 615/615/615 611/611/611
f 616/616/616 622/622/622 619/619/619
f 622/622/622 616/616/616 620/620/620
f 617/617/617 619/619/619 623/623/623
f 620/620/620 614/614/614 624/624/624
f 618/618/618 624/624/624 614/614/614
f 619/619/619 622/622/622 625/625/625
f 625/625/625 623/623/623 619/619/619
f 620/620/620 626/626/626 622/622/622
f 623/623/623 627/627/627 617/617/617
f 621/621/621 617/617/617 627/627/627
f 628/628/628 625/625/625 622/622/622
f 622/622/622 626/626/626 628/628/628
f 629/629/629 623/623/623 625/625/625
f 626/626/626 620/620/620 630/630/630
f 624/624/624 630/630/630 620/620/620
f 631/631/631 625/625/625 628/628/628
f 625/625/625 631/631/631 629/629/629
f 632/632/632 628/628/628 626/626/626
f 623/623/623 629/629/629 633/633/633
f 633/633/633 627/627/627 623/623/623
f 628/628/628 634/634/634 631/631/631
f 634/634/634 628/628/628 632/632/632
f 635/635/635 629/629/629 631/631/631
f 626/626/626 636/636/636 632/632/632
f 630/630/630 636/636/636 626/626/626
f 637/637/637 631/631/631 634/634/634
f 631/631/631 637/637/637 635/635/635
f 632/632/632 638/638/638 634/634/634
f 629/629/629 635/635/635 639/639/639
f 639/639/639 633/633/633 629/629/629
f 634/634/634 640/640/640 637/637/637
f 640/640/640 634/634/634 638/638/638
f 641/641/641 635/635/635 637/637/637
f 638/638/638 632/632/632 642/642/642
f 642/642/642 632/632/632 636/636/636
f 643/643/643 637/637/637 640/640/640
f 637/637/637 643/643/643 641/641/641
f 638/638/638 644/644/644 640/640/640
f 635/635/635 641/641/641 645/645/645
f 645/645/645 639/639/639 635/635/635
f 640/640/640 646/646/646 643/643/643
f 646/646/646 640/640/640 644/644/644
f 641/641/641 643/643/643 647/647/647
f 644/644/644 638/638/638 648/648/648
f 642/642/642 648/648/648 638/638/638
f 643/643/643 646/646/646 649/649/649
f 649/649/649 647/647/647 643/643/643
f 644/644/644 650/650/650 646/646/646
f 647/647/647 651/651/651 641/641/641
f 645/645/645 641/641/641 651/651/651
f 652/652/652 649/649/649 646/646/646
f 646/646/646 650/650/650 652/652/652
f 653/653/653 647/647/647 649/649/649
f 650/650/650 644/644/644 654/654/654
f 648/648/648 654/654/654 644/644/644
f 655/655/655 649/649/649 652/652/652
f 649/649/649 655/655/655 653/653/653
f 656/656/656 652/652/652 650/650/650
f 647/647/647 653/653/653 657/657/657
f 657/657/657 651/651/651 647/647/647
f 652/652/652 658/658/658 655/655/655
f 658/658/658 652/652/652 656/656/656
f 659/659/659 653/653/653 655/655/655
f 650/650/650 660/660/660 656/656/656
f 654/654/654 660/660/660 650/650/650
f 661/661/661 655/655/655 658/658/658
f 655/655/655 661/661/661 659/659/659
f 656/656/656 662/662/662 658/658/658
f 653/653/653 659/659/659 663/663/663
f 663/663/663 657/657/657 653/653/653
f 658/658/658 664/664/664 661/661/661
f 664/664/664 658/658/658 662/662/662
f 665/665/665 659/659/659 661/661/661
f 662/662/662 656/656/656 666/666/666
f 666/666/666 656/656/656 660/660/660
f 667/667/667 661/661/661 664/664/664
f 661/661/661 667/667/667 665/665/665
f 662/662/662 668/668/668 664/664/664
f 659/659/659 665/665/665 669/669/669
f 669/669/669 663/663/663 659/659/659
f 664/664/664 670/670/670 667/667/667
f 670/670/670 664/664/664 668/668/668
f 665/665/665 667/667/667 671/671/671
f 668/668/668 662/662/662 672/672/672
f 666/666/666 672/672/672 662/662/662
f 667/667/667 670/670/670 673/673/673
f 673/673/673 671/671/671 667/667/667
f 668/668/668 674/674/674 670/670/670
f 671/671/671 675/675/675 665/665/665
f 669/669/669 665/665/665 675/675/675
f 676/676/676 673/673/673 670/670/670
f 670/670/670 674/674/674 676/676/676
f 671/671/671 673/673/673 677/677/677
f 674/674/674 668/668/668 678/678/678
f 672/672/672 678/678/678 668/668/668
f 673/673/673 676/676/676 679/679/679
f 679/679/679 677/677/677 673/673/673
f 680/680/680 676/676/676 674/674/674
f 677/677/677 681/681/681 671/671/671
f 675/675/675 671/671/671 681/681/681
f 682/682/682 679/679/679 676/676/676
f 676/676/676 680/680/680 682/682/682
f 677/677/677 679/679/679 683/683/683
f 674/674/674 684/684/684 680/680/680
f 678/678/678 684/684/684 674/674/674
f 679/679/679 682/682/682 685/685/685
f 685/685/685 683/683/683 679/679/679
f 686/686/686 682/682/682 680/680/680
f 683/683/683 687/687/687 677/677/677
f 681/681/681 677/677/677 687/687/687
f 688/688/688 685/685/685 682/682/682
f 682/682/682 686/686/686 688/688/688
f 689/689/689 683/683/683 685/685/685
f 680/680/680 690/690/690 686/686/686
f 690/690/690 680/680/680 684/684/684
f 691/691/691 685/685/685 688/688/688
f 685/685/685 691/691/691 689/689/689
f 692/692/692 688/688/688 686/686/686
f 683/683/683 689/689/689 693/693/693
f 693/693/693 687/687/687 683/683/683
f 688/688/688 694/694/694 691/691/691
f 694/694/694 688/688/688 692/692/692
f 695/695/695 689/689/689 691/691/691
f 686/686/686 696/696/696 692/692/692
f 696/696/696 686/686/686 690/690/690
f 697/697/697 691/691/691 694/694/694
f 691/691/691 697/697/697 695/695/695
f 692/692/692 698/698/698 694/694/694
f 689/689/689 695/695/695 699/699/699
f 699/699/699 693/693/693 689/689/689
f 694/694/694 700/700/700 697/697/697
f 700/700/700 694/694/694 698/698/698
f 701/701/701 695/695/695 697/697/697
f 698/698/698 692/692/692 702/702/702
f 702/702/702 692/692/692 696/696/696
f 703/703/703 697/697/697 700/700/700
f 697/697/697 703/703/703 701/701/701
f 698/698/698 704/704/704 700/700/700
f 695/695/695 701/701/701 705/705/705
f 705/705/705 699/699/699 695/695/695
f 700/700/700 706/706/706 703/703/703
f 706/706/706 700/700/700 704/704/704
f 701/701/701 703/703/703 707/707/707
f 704/704/704 698/698/698 708/708/708
f 702/702/702 708/708/708 698/698/698
f 703/703/703 706/706/706 709/709/709
f 709/709/709 707/707/707 703/703/703
f 704/704/704 710/710/710 706/706/706
f 707/707/707 711/711/711 701/701/701
f 705/705/705 701/701/701 711/711/711
f 712/712/712 709/709/709 706/706/706
f 706/706/706 710/710/710 712/712/712
f 707/707/707 709/709/709 713/713/713
f 710/710/710 704/704/704 714/714/714
f 708/708/708 714/714/714 704/704/704
f 715/715/715 709/709/709 712/712/712
f 715/715/715 713/713/713 709/709/709
f 711/711/711 707/707/707 716/716/716
f 713/713/713 716/716/716 707/707/707
f 717/717/717 715/715/715 712/712/712
f 716/716/716 718/718/718 711/711/711
f 719/719/719 715/715/715 717/717/717
f 713/713/713 715/715/715 719/719/719
f 720/720/720 717/717/717 712/712/712
f 719/719/719 717/717/717 720/720/720
f 721/721/721 712/712/712 710/710/710
f 712/712/712 721/721/721 720/720/720
f 710/710/710 722/722/722 721/721/721
f 714/714/714 722/722/722 710/710/710
f 723/723/723 720/720/720 721/721/721
f 724/724/724 721/721/721 722/722/722
f 723/723/723 721/721/721 724/724/724
f 722/722/722 714/714/714 725/725/725
f 722/722/722 726/726/726 724/724/724
f 725/725/725 726/726/726 722/722/722
f 714/714/714 708/708/708 727/727/727
f 727/727/727 725/725/725 714/714/714
f 728/728/728 727/727/727 708/708/708
f 708/708/708 702/702/702 728/728/728
f 725/725/725 727/727/727 729/729/729
f 728/728/728 702/702/702 730/730/730
f 696/696/696 730/730/730 702/702/702
f 727/727/727 728/728/728 731/731/731
f 731/731/731 729/729/729 727/727/727
f 730/730/730 732/732/732 728/728/728
f 731/731/731 728/728/728 732/732/732
f 730/730/730 696/696/696 733/733/733
f 690/690/690 733/733/733 696/696/696
f 732/732/732 730/730/730 734/734/734
f 733/733/733 734/734/734 730/730/730
f 733/733/733 690/690/690 735/735/735
f 684/684/684 735/735/735 690/690/690
f 734/734/734 733/733/733 736/736/736
f 735/735/735 736/736/736 733/733/733
f 737/737/737 735/735/735 684/684/684
f 684/684/684 678/678/678 737/737/737
f 738/738/738 736/736/736 735/735/735
f 735/735/735 737/737/737 738/738/738
f 739/739/739 737/737/737 678/678/678
f 678/678/678 672/672/672 739/739/739
f 740/740/740 738/738/738 737/737/737
f 737/737/737 739/739/739 740/740/740
f 741/741/741 739/739/739 672/672/672
f 672/672/672 666/666/666 741/741/741
f 742/742/742 740/740/740 739/739/739
f 739/739/739 741/741/741 742/742/742
f 741/741/741 666/666/666 743/743/743
f 660/660/660 743/743/743 666/666/666
f 742/742/742 741/741/741 744/744/744
f 743/743/743 744/744/744 741/741/741
f 745/745/745 743/743/743 660/660/660
f 660/660/660 654/654/654 745/745/745
f 746/746/746 744/744/744 743/743/743
f 743/743/743 745/745/745 746/746/746
f 747/747/747 745/745/745 654/654/654
f 654/654/654 648/648/648 747/747/747
f 748/748/748 746/746/746 745/745/745
f 745/745/745 747/747/747 748/748/748
f 749/749/749 747/747/747 648/648/648
f 648/648/648 642/642/642 749/749/749
f 750/750/750 748/748/748 747/747/747
f 747/747/747 749/749/749 750/750/750
f 749/749/749 642/642/642 751/751/751
f 636/636/636 751/751/751 642/642/642
f 750/750/750 749/749/749 752/752/752
f 751/751/751 752/752/752 749/749/749
f 753/753/753 751/751/751 636/636/636
f 636/636/636 630/630/630 753/753/753
f 754/754/754 752/752/752 751/751/751
f 751/751/751 753/753/753 754/754/754
f 755/755/755 753/753/753 630/630/630
f 630/630/630 624/624/624 755/755/755
f 756/756/756 754/754/754 753/753/753
f 753/753/753 755/755/755 756/756/756
f 757/757/757 755/755/755 624/624/624
f 624/624/624 618/618/618 757/757/757
f 758/758/758 756/756/756 755/755/755
f 755/755/755 757/757/757 758/758/758
f 757/757/757 618/618/618 759/759/759
f 612/612/612 759/759/759 618/618/618
f 758/758/758 757/757/757 760/760/760
f 759/759/759 760/760/760 757/757/757
f 761/761/761 759/759/759 612/612/612
f 612/612/612 606/606/606 761/761/761
f 762/762/762 760/760/760 759/759/759
f 759/759/759 761/761/761 762/762/762
f 761/761/761 606/606/606 763/763/763
f 600/600/600 763/763/763 606/606/606
f 762/762/762 761/761/761 764/764/764
f 763/763/763 764/764/764 761/761/761
f 765/765/765 763/763/763 600/600/600
f 600/600/600 594/594/594 765/765/765
f 766/766/766 764/764/764 763/763/763
f 763/763/763 765/765/765 766/766/766
f 765/765/765 594/594/594 767/767/767
f 588/588/588 767/767/767 594/594/594
f 766/766/766 765/765/765 768/768/768
f 767/767/767 768/768/768 765/765/765
f 767/767/767 588/588/588 769/769/769
f 582/582/582 769/769/769 588/588/588
f 768/768/768 767/767/767 770/770/770
f 769/769/769 770/770/770 767/767/767
f 769/769/769 582/582/582 771/771/771
f 576/576/576 771/771/771 582/582/582
f 770/770/770 769/769/769 772/772/772
f 771/771/771 772/772/772 769/769/769
f 773/773/773 771/771/771 576/576/576
f 576/576/576 570/570/570 773/773/773
f 774/774/774 772/772/772 771/771/771
f 771/771/771 773/773/773 774/774/774
f 775/775/775 773/773/773 570/570/570
f 570/570/570 564/564/564 775/775/775
f 776/776/776 774/774/774 773/773/773
f 773/773/773 775/775/775 776/776/776
f 777/777/777 775/775/775 564/564/564
f 564/564/564 558/558/558 777/777/777
f 778/778/778 776/776/776 775/775/775
f 775/775/775 777/777/777 778/778/778
f 777/777/777 558/558/558 779/779/779
f 552/552/552 779/779/779 558/558/558
f 778/778/778 777/777/777 780/780/780
f 779/779/779 780/780/780 777/777/777
f 779/779/779 552/552/552 781/781/781
f 546/546/546 781/781/781 552/552/552
f 780/780/780 779/779/779 782/782/782
f 781/781/781 782/782/782 779/779/779
f 781/781/781 546/546/546 783/783/783
f 540/540/540 783/783/783 546/546/546
f 782/782/782 781/781/781 784/784/784
f 783/783/783 784/784/784 781/781/781
f 785/785/785 783/783/783 540/540/540
f 540/540/540 534/534/534 785/785/785
f 786/786/786 784/784/784 783/783/783
f 783/783/783 785/785/785 786/786/786
f 787/787/787 785/785/785 534/534/534
f 534/534/534 528/528/528 787/787/787
f 788/788/788 786/786/786 785/785/785
f 785/785/785 787/787/787 788/788/788
f 789/789/789 787/787/787 528/528/528
f 528/528/528 522/522/522 789/789/789
f 790/790/790 788/788/788 787/787/787
f 787/787/787 789/789/789 790/790/790
f 789/789/789 522/522/522 791/791/791
f 516/516/516 791/791/791 522/522/522
f 790/790/790 789/789/789 792/792/792
f 791/791/791 792/792/792 789/789/789
f 793/793/793 791/791/791 516/516/516
f 516/516/516 510/510/510 793/793/793
f 794/794/794 792/792/792 791/791/791
f 791/791/791 793/793/793 794/794/794
f 795/795/795 793/793/793 510/510/510
f 510/510/510 504/504/504 795/795/795
f 796/796/796 794/794/794 793/793/793
f 793/793/793 795/795/795 796/796/796
f 797/797/797 795/795/795 504/504/504
f 504/504/504 498/498/498 797/797/797
f 798/798/798 796/796/796 795/795/795
f 795/795/795 797/797/797 798/798/798
f 797/797/797 498/498/498 799/799/799
f 492/492/492 799/799/799 498/498/498
f 798/798/798 797/797/797 800/800/800
f 799/799/799 800/800/800 797/797/797
f 801/801/801 799/799/799 492/492/492
f 492/492/492 486/486/486 801/801/801
f 802/802/802 800/800/800 799/799/799
f 799/799/799 801/801/801 802/802/802
f 803/803/803 801/801/801 486/486/486
f 486/486/486 480/480/480 803/803/803
f 804/804/804 802/802/802 801/801/801
f 801/801/801 803/803/803 804/804/804
f 805/805/805 803/803/803 480/480/480
f 480/480/480 474/474/474 805/805/805
f 806/806/806 804/804/804 803/803/803
f 803/803/803 805/805/805 806/806/806
f 805/805/805 474/474/474 807/807/807
f 201/201/201 807/807/807 474/474/474
f 806/806/806 805/805/805 808/808/808
f 807/807/807 808/808/808 805/805/805
f 804/804/804 806/806/806 809/809/809
f 810/810/810 807/807/807 201/201/201
f 201/201/201 175/175/175 810/810/810
f 174/174/174 810/810/810 175/175/175
f 802/802/802 804/804/804 811/811/811
f 809/809/809 811/811/811 804/804/804
f 800/800/800 802/802/802 812/812/812
f 811/811/811 812/812/812 802/802/802
f 809/809/809 806/806/806 813/813/813
f 808/808/808 813/813/813 806/806/806
f 812/812/812 814/814/814 800/800/800
f 800/800/800 814/814/814 798/798/798
f 812/812/812 811/811/811 815/815/815
f 816/816/816 798/798/798 814/814/814
f 796/796/796 798/798/798 816/816/816
f 814/814/814 812/812/812 817/817/817
f 815/815/815 817/817/817 812/812/812
f 814/814/814 818/818/818 816/816/816
f 817/817/817 818/818/818 814/814/814
f 816/816/816 819/819/819 796/796/796
f 794/794/794 796/796/796 819/819/819
f 818/818/818 817/817/817 615/615/615
f 609/609/609 615/615/615 817/817/817
f 817/817/817 815/815/815 609/609/609
f 615/615/615 621/621/621 818/818/818
f 603/603/603 609/609/609 815/815/815
f 818/818/818 621/621/621 820/820/820
f 820/820/820 816/816/816 818/818/818
f 819/819/819 816/816/816 820/820/820
f 627/627/627 820/820/820 621/621/621
f 815/815/815 821/821/821 603/603/603
f 821/821/821 815/815/815 811/811/811
f 811/811/811 809/809/809 821/821/821
f 603/603/603 821/821/821 597/597/597
f 822/822/822 820/820/820 627/627/627
f 820/820/820 822/822/822 819/819/819
f 627/627/627 633/633/633 822/822/822
f 823/823/823 597/597/597 821/821/821
f 821/821/821 809/809/809 823/823/823
f 813/813/813 823/823/823 809/809/809
f 591/591/591 597/597/597 823/823/823
f 824/824/824 822/822/822 633/633/633
f 823/823/823 825/825/825 591/591/591
f 825/825/825 823/823/823 813/813/813
f 633/633/633 639/639/639 824/824/824
f 591/591/591 825/825/825 585/585/585
f 826/826/826 819/819/819 822/822/822
f 822/822/822 824/824/824 826/826/826
f 819/819/819 826/826/826 794/794/794
f 792/792/792 794/794/794 826/826/826
f 827/827/827 824/824/824 639/639/639
f 826/826/826 828/828/828 792/792/792
f 828/828/828 826/826/826 824/824/824
f 824/824/824 827/827/827 828/828/828
f 792/792/792 828/828/828 790/790/790
f 639/639/639 645/645/645 827/827/827
f 829/829/829 790/790/790 828/828/828
f 828/828/828 827/827/827 829/829/829
f 788/788/788 790/790/790 829/829/829
f 827/827/827 645/645/645 830/830/830
f 830/830/830 829/829/829 827/827/827
f 651/651/651 830/830/830 645/645/645
f 829/829/829 831/831/831 788/788/788
f 831/831/831 829/829/829 830/830/830
f 786/786/786 788/788/788 831/831/831
f 832/832/832 830/830/830 651/651/651
f 830/830/830 832/832/832 831/831/831
f 651/651/651 657/657/657 832/832/832
f 831/831/831 833/833/833 786/786/786
f 833/833/833 831/831/831 832/832/832
f 784/784/784 786/786/786 833/833/833
f 834/834/834 832/832/832 657/657/657
f 832/832/832 834/834/834 833/833/833
f 657/657/657 663/663/663 834/834/834
f 833/833/833 835/835/835 784/784/784
f 835/835/835 833/833/833 834/834/834
f 784/784/784 835/835/835 782/782/782
f 836/836/836 834/834/834 663/663/663
f 834/834/834 836/836/836 835/835/835
f 663/663/663 669/669/669 836/836/836
f 837/837/837 782/782/782 835/835/835
f 835/835/835 836/836/836 837/837/837
f 782/782/782 837/837/837 780/780/780
f 836/836/836 669/669/669 838/838/838
f 838/838/838 837/837/837 836/836/836
f 675/675/675 838/838/838 669/669/669
f 839/839/839 780/780/780 837/837/837
f 837/837/837 838/838/838 839/839/839
f 780/780/780 839/839/839 778/778/778
f 838/838/838 675/675/675 840/840/840
f 840/840/840 839/839/839 838/838/838
f 681/681/681 840/840/840 675/675/675
f 841/841/841 778/778/778 839/839/839
f 839/839/839 840/840/840 841/841/841
f 776/776/776 778/778/778 841/841/841
f 840/840/840 681/681/681 842/842/842
f 842/842/842 841/841/841 840/840/840
f 687/687/687 842/842/842 681/681/681
f 841/841/841 843/843/843 776/776/776
f 843/843/843 841/841/841 842/842/842
f 774/774/774 776/776/776 843/843/843
f 844/844/844 842/842/842 687/687/687
f 842/842/842 844/844/844 843/843/843
f 687/687/687 693/693/693 844/844/844
f 843/843/843 845/845/845 774/774/774
f 845/845/845 843/843/843 844/844/844
f 772/772/772 774/774/774 845/845/845
f 846/846/846 844/844/844 693/693/693
f 844/844/844 846/846/846 845/845/845
f 693/693/693 699/699/699 846/846/846
f 845/845/845 847/847/847 772/772/772
f 847/847/847 845/845/845 846/846/846
f 772/772/772 847/847/847 770/770/770
f 848/848/848 846/846/846 699/699/699
f 846/846/846 848/848/848 847/847/847
f 699/699/699 705/705/705 848/848/848
f 849/849/849 770/770/770 847/847/847
f 847/847/847 848/848/848 849/849/849
f 770/770/770 849/849/849 768/768/768
f 848/848/848 705/705/705 850/850/850
f 850/850/850 849/849/849 848/848/848
f 711/711/711 850/850/850 705/705/705
f 851/851/851 768/768/768 849/849/849
f 849/849/849 850/850/850 851/851/851
f 850/850/850 711/711/711 718/718/718
f 718/718/718 851/851/851 850/850/850
f 768/768/768 851/851/851 766/766/766
f 852/852/852 766/766/766 851/851/851
f 851/851/851 718/718/718 852/852/852
f 764/764/764 766/766/766 852/852/852
f 853/853/853 852/852/852 718/718/718
f 718/718/718 716/716/716 853/853/853
f 852/852/852 854/854/854 764/764/764
f 854/854/854 852/852/852 853/853/853
f 764/764/764 854/854/854 762/762/762
f 855/855/855 853/853/853 716/716/716
f 716/716/716 713/713/713 855/855/855
f 853/853/853 856/856/856 854/854/854
f 856/856/856 853/853/853 855/855/855
f 857/857/857 762/762/762 854/854/854
f 854/854/854 856/856/856 857/857/857
f 760/760/760 762/762/762 857/857/857
f 858/858/858 855/855/855 713/713/713
f 858/858/858 713/713/713 719/719/719
f 855/855/855 859/859/859 856/856/856
f 859/859/859 855/855/855 858/858/858
f 860/860/860 857/857/857 856/856/856
f 856/856/856 859/859/859 860/860/860
f 857/857/857 861/861/861 760/760/760
f 861/861/861 857/857/857 860/860/860
f 760/760/760 861/861/861 758/758/758
f 862/862/862 860/860/860 859/859/859
f 863/863/863 758/758/758 861/861/861
f 756/756/756 758/758/758 863/863/863
f 860/860/860 864/864/864 861/861/861
f 861/861/861 864/864/864 863/863/863
f 864/864/864 860/860/860 862/862/862
f 863/863/863 865/865/865 756/756/756
f 754/754/754 756/756/756 865/865/865
f 866/866/866 863/863/863 864/864/864
f 865/865/865 863/863/863 866/866/866
f 862/862/862 867/867/867 864/864/864
f 864/864/864 867/867/867 866/866/866
f 865/865/865 868/868/868 754/754/754
f 752/752/752 754/754/754 868/868/868
f 866/866/866 869/869/869 865/865/865
f 868/868/868 865/865/865 869/869/869
f 870/870/870 866/866/866 867/867/867
f 869/869/869 866/866/866 870/870/870
f 868/868/868 871/871/871 752/752/752
f 752/752/752 871/871/871 750/750/750
f 869/869/869 872/872/872 868/868/868
f 871/871/871 868/868/868 872/872/872
f 870/870/870 873/873/873 869/869/869
f 872/872/872 869/869/869 873/873/873
f 874/874/874 750/750/750 871/871/871
f 748/748/748 750/750/750 874/874/874
f 872/872/872 875/875/875 871/871/871
f 871/871/871 875/875/875 874/874/874
f 873/873/873 876/876/876 872/872/872
f 875/875/875 872/872/872 876/876/876
f 874/874/874 877/877/877 748/748/748
f 746/746/746 748/748/748 877/877/877
f 878/878/878 874/874/874 875/875/875
f 877/877/877 874/874/874 878/878/878
f 876/876/876 879/879/879 875/875/875
f 875/875/875 879/879/879 878/878/878
f 877/877/877 880/880/880 746/746/746
f 744/744/744 746/746/746 880/880/880
f 878/878/878 881/881/881 877/877/877
f 880/880/880 877/877/877 881/881/881
f 882/882/882 878/878/878 879/879/879
f 881/881/881 878/878/878 882/882/882
f 880/880/880 883/883/883 744/744/744
f 744/744/744 883/883/883 742/742/742
f 881/881/881 884/884/884 880/880/880
f 883/883/883 880/880/880 884/884/884
f 882/882/882 885/885/885 881/881/881
f 884/884/884 881/881/881 885/885/885
f 886/886/886 742/742/742 883/883/883
f 740/740/740 742/742/742 886/886/886
f 884/884/884 887/887/887 883/883/883
f 883/883/883 887/887/887 886/886/886
f 885/885/885 888/888/888 884/884/884
f 887/887/887 884/884/884 888/888/888
f 886/886/886 889/889/889 740/740/740
f 738/738/738 740/740/740 889/889/889
f 890/890/890 886/886/886 887/887/887
f 889/889/889 886/886/886 890/890/890
f 888/888/888 891/891/891 887/887/887
f 887/887/887 891/891/891 890/890/890
f 889/889/889 892/892/892 738/738/738
f 736/736/736 738/738/738 892/892/892
f 890/890/890 893/893/893 889/889/889
f 892/892/892 889/889/889 893/893/893
f 894/894/894 890/890/890 891/891/891
f 893/893/893 890/890/890 894/894/894
f 892/892/892 895/895/895 736/736/736
f 736/736/736 895/895/895 734/734/734
f 893/893/893 896/896/896 892/892/892
f 895/895/895 892/892/892 896/896/896
f 894/894/894 897/897/897 893/893/893
f 896/896/896 893/893/893 897/897/897
f 898/898/898 734/734/734 895/895/895
f 734/734/734 898/898/898 732/732/732
f 896/896/896 899/899/899 895/895/895
f 895/895/895 899/899/899 898/898/898
f 897/897/897 900/900/900 896/896/896
f 899/899/899 896/896/896 900/900/900
f 901/901/901 732/732/732 898/898/898
f 732/732/732 901/901/901 731/731/731
f 902/902/902 898/898/898 899/899/899
f 898/898/898 902/902/902 901/901/901
f 900/900/900 903/903/903 899/899/899
f 899/899/899 903/903/903 902/902/902
f 904/904/904 731/731/731 901/901/901
f 729/729/729 731/731/731 904/904/904
f 905/905/905 901/901/901 902/902/902
f 901/901/901 905/905/905 904/904/904
f 906/906/906 902/902/902 903/903/903
f 902/902/902 906/906/906 905/905/905
f 904/904/904 907/907/907 729/729/729
f 908/908/908 904/904/904 905/905/905
f 907/907/907 904/904/904 908/908/908
f 909/909/909 905/905/905 906/906/906
f 905/905/905 909/909/909 908/908/908
f 910/910/910 729/729/729 907/907/907
f 729/729/729 910/910/910 725/725/725
f 726/726/726 725/725/725 910/910/910
f 908/908/908 911/911/911 907/907/907
f 907/907/907 912/912/912 910/910/910
f 912/912/912 907/907/907 911/911/911
f 910/910/910 913/913/913 726/726/726
f 913/913/913 910/910/910 912/912/912
f 911/911/911 908/908/908 914/914/914
f 914/914/914 908/908/908 909/909/909
f 911/911/911 915/915/915 912/912/912
f 726/726/726 913/913/913 916/916/916
f 916/916/916 724/724/724 726/726/726
f 912/912/912 917/917/917 913/913/913
f 917/917/917 912/912/912 915/915/915
f 918/918/918 916/916/916 913/913/913
f 913/913/913 917/917/917 918/918/918
f 724/724/724 916/916/916 919/919/919
f 919/919/919 723/723/723 724/724/724
f 916/916/916 918/918/918 920/920/920
f 920/920/920 919/919/919 916/916/916
f 921/921/921 918/918/918 917/917/917
f 922/922/922 920/920/920 918/918/918
f 918/918/918 921/921/921 922/922/922
f 919/919/919 920/920/920 923/923/923
f 917/917/917 924/924/924 921/921/921
f 915/915/915 924/924/924 917/917/917
f 920/920/920 922/922/922 925/925/925
f 925/925/925 923/923/923 920/920/920
f 926/926/926 922/922/922 921/921/921
f 923/923/923 927/927/927 919/919/919
f 723/723/723 919/919/919 927/927/927
f 928/928/928 925/925/925 922/922/922
f 922/922/922 926/926/926 928/928/928
f 929/929/929 923/923/923 925/925/925
f 921/921/921 930/930/930 926/926/926
f 930/930/930 921/921/921 924/924/924
f 931/931/931 925/925/925 928/928/928
f 925/925/925 931/931/931 929/929/929
f 932/932/932 928/928/928 926/926/926
f 923/923/923 929/929/929 933/933/933
f 933/933/933 927/927/927 923/923/923
f 928/928/928 934/934/934 931/931/931
f 934/934/934 928/928/928 932/932/932
f 929/929/929 931/931/931 935/935/935
f 926/926/926 936/936/936 932/932/932
f 936/936/936 926/926/926 930/930/930
f 931/931/931 934/934/934 937/937/937
f 937/937/937 935/935/935 931/931/931
f 932/932/932 938/938/938 934/934/934
f 935/935/935 939/939/939 929/929/929
f 933/933/933 929/929/929 939/939/939
f 940/940/940 937/937/937 934/934/934
f 934/934/934 938/938/938 940/940/940
f 941/941/941 935/935/935 937/937/937
f 938/938/938 932/932/932 942/942/942
f 942/942/942 932/932/932 936/936/936
f 943/943/943 937/937/937 940/940/940
f 937/937/937 943/943/943 941/941/941
f 944/944/944 940/940/940 938/938/938
f 935/935/935 941/941/941 945/945/945
f 945/945/945 939/939/939 935/935/935
f 940/940/940 946/946/946 943/943/943
f 946/946/946 940/940/940 944/944/944
f 941/941/941 943/943/943 947/947/947
f 938/938/938 948/948/948 944/944/944
f 942/942/942 948/948/948 938/938/938
f 943/943/943 946/946/946 949/949/949
f 949/949/949 947/947/947 943/943/943
f 944/944/944 950/950/950 946/946/946
f 947/947/947 951/951/951 941/941/941
f 945/945/945 941/941/941 951/951/951
f 952/952/952 949/949/949 946/946/946
f 946/946/946 950/950/950 952/952/952
f 953/953/953 947/947/947 949/949/949
f 950/950/950 944/944/944 954/954/954
f 954/954/954 944/944/944 948/948/948
f 955/955/955 949/949/949 952/952/952
f 949/949/949 955/955/955 953/953/953
f 956/956/956 952/952/952 950/950/950
f 947/947/947 953/953/953 957/957/957
f 957/957/957 951/951/951 947/947/947
f 952/952/952 958/958/958 955/955/955
f 958/958/958 952/952/952 956/956/956
f 959/959/959 953/953/953 955/955/955
f 950/950/950 960/960/960 956/956/956
f 954/954/954 960/960/960 950/950/950
f 961/961/961 955/955/955 958/958/958
f 955/955/955 961/961/961 959/959/959
f 956/956/956 962/962/962 958/958/958
f 953/953/953 959/959/959 963/963/963
f 963/963/963 957/957/957 953/953/953
f 958/958/958 964/964/964 961/961/961
f 964/964/964 958/958/958 962/962/962
f 965/965/965 959/959/959 961/961/961
f 962/962/962 956/956/956 966/966/966
f 966/966/966 956/956/956 960/960/960
f 967/967/967 961/961/961 964/964/964
f 961/961/961 967/967/967 965/965/965
f 962/962/962 968/968/968 964/964/964
f 959/959/959 965/965/965 969/969/969
f 969/969/969 963/963/963 959/959/959
f 964/964/964 970/970/970 967/967/967
f 970/970/970 964/964/964 968/968/968
f 965/965/965 967/967/967 971/971/971
f 968/968/968 962/962/962 972/972/972
f 966/966/966 972/972/972 962/962/962
f 967/967/967 970/970/970 973/973/973
f 973/973/973 971/971/971 967/967/967
f 968/968/968 974/974/974 970/970/970
f 971/971/971 975/975/975 965/965/965
f 969/969/969 965/965/965 975/975/975
f 976/976/976 973/973/973 970/970/970
f 970/970/970 974/974/974 976/976/976
f 977/977/977 971/971/971 973/973/973
f 974/974/974 968/968/968 978/978/978
f 972/972/972 978/978/978 968/968/968
f 979/979/979 973/973/973 976/976/976
f 973/973/973 979/979/979 977/977/977
f 980/980/980 976/976/976 974/974/974
f 971/971/971 977/977/977 981/981/981
f 981/981/981 975/975/975 971/971/971
f 976/976/976 982/982/982 979/979/979
f 982/982/982 976/976/976 980/980/980
f 983/983/983 977/977/977 979/979/979
f 974/974/974 984/984/984 980/980/980
f 978/978/978 984/984/984 974/974/974
f 985/985/985 979/979/979 982/982/982
f 979/979/979 985/985/985 983/983/983
f 980/980/980 986/986/986 982/982/982
f 977/977/977 983/983/983 987/987/987
f 987/987/987 981/981/981 977/977/977
f 982/982/982 988/988/988 985/985/985
f 988/988/988 982/982/982 986/986/986
f 989/989/989 983/983/983 985/985/985
f 986/986/986 980/980/980 990/990/990
f 990/990/990 980/980/980 984/984/984
f 991/991/991 985/985/985 988/988/988
f 985/985/985 991/991/991 989/989/989
f 986/986/986 992/992/992 988/988/988
f 983/983/983 989/989/989 993/993/993
f 993/993/993 987/987/987 983/983/983
f 988/988/988 994/994/994 991/991/991
f 994/994/994 988/988/988 992/992/992
f 989/989/989 991/991/991 995/995/995
f 992/992/992 986/986/986 996/996/996
f 990/990/990 996/996/996 986/986/986
f 991/991/991 994/994/994 997/997/997
f 997/997/997 995/995/995 991/991/991
f 992/992/992 998/998/998 994/994/994
f 995/995/995 999/999/999 989/989/989
f 993/993/993 989/989/989 999/999/999
f 1000/1000/1000 997/997/997 994/994/994
f 994/994/994 998/998/998 1000/1000/1000
f 1001/1001/1001 995/995/995 997/997/997
f 998/998/998 992/992/992 1002/1002/1002
f 996/996/996 1002/1002/1002 992/992/992
f 1003/1003/1003 997/997/997 1000/1000/1000
f 997/997/997 1003/1003/1003 1001/1001/1001
f 1004/1004/1004 1000/1000/1000 998/998/998
f 995/995/995 1001/1001/1001 1005/1005/1005
f 1005/1005/1005 999/999/999 995/995/995
f 1000/1000/1000 1006/1006/1006 1003/1003/1003
f 1006/1006/1006 1000/1000/1000 1004/1004/1004
f 1007/1007/1007 1001/1001/1001 1003/1003/1003
f 998/998/998 1008/1008/1008 1004/1004/1004
f 1002/1002/1002 1008/1008/1008 998/998/998
f 1009/1009/1009 1003/1003/1003 1006/1006/1006
f 1003/1003/1003 1009/1009/1009 1007/1007/1007
f 1004/1004/1004 1010/1010/1010 1006/1006/1006
f 1001/1001/1001 1007/1007/1007 1011/1011/1011
f 1011/1011/1011 1005/1005/1005 1001/1001/1001
f 1006/1006/1006 1012/1012/1012 1009/1009/1009
f 1012/1012/1012 1006/1006/1006 1010/1010/1010
f 1013/1013/1013 1007/1007/1007 1009/1009/1009
f 1010/1010/1010 1004/1004/1004 1014/1014/1014
f 1014/1014/1014 1004/1004/1004 1008/1008/1008
f 1015/1015/1015 1009/1009/1009 1012/1012/1012
f 1009/1009/1009 1015/1015/1015 1013/1013/1013
f 1010/1010/1010 1016/1016/1016 1012/1012/1012
f 1007/1007/1007 1013/1013/1013 1017/1017/1017
f 1017/1017/1017 1011/1011/1011 1007/1007/1007
f 1012/1012/1012 1018/1018/1018 1015/1015/1015
f 1018/1018/1018 1012/1012/1012 1016/1016/1016
f 1013/1013/1013 1015/1015/1015 1019/1019/1019
f 1016/1016/1016 1010/1010/1010 1020/1020/1020
f 1014/1014/1014 1020/1020/1020 1010/1010/1010
f 1015/1015/1015 1018/1018/1018 1021/1021/1021
f 1021/1021/1021 1019/1019/1019 1015/1015/1015
f 1016/1016/1016 1022/1022/1022 1018/1018/1018
f 1019/1019/1019 1023/1023/1023 1013/1013/1013
f 1017/1017/1017 1013/1013/1013 1023/1023/1023
f 1024/1024/1024 1021/1021/1021 1018/1018/1018
f 1018/1018/1018 1022/1022/1022 1024/1024/1024
f 1019/1019/1019 1021/1021/1021 1025/1025/1025
f 1022/1022/1022 1016/1016/1016 1026/1026/1026
f 1020/1020/1020 1026/1026/1026 1016/1016/1016
f 1021/1021/1021 1024/1024/1024 1027/1027/1027
f 1027/1027/1027 1025/1025/1025 1021/1021/1021
f 1028/1028/1028 1024/1024/1024 1022/1022/1022
f 1025/1025/1025 1029/1029/1029 1019/1019/1019
f 1023/1023/1023 1019/1019/1019 1029/1029/1029
f 1030/1030/1030 1027/1027/1027 1024/1024/1024
f 1024/1024/1024 1028/1028/1028 1030/1030/1030
f 1025/1025/1025 1027/1027/1027 1031/1031/1031
f 1022/1022/1022 1032/1032/1032 1028/1028/1028
f 1026/1026/1026 1032/1032/1032 1022/1022/1022
f 1027/1027/1027 1030/1030/1030 1033/1033/1033
f 1033/1033/1033 1031/1031/1031 1027/1027/1027
f 1034/1034/1034 1030/1030/1030 1028/1028/1028
f 1031/1031/1031 1035/1035/1035 1025/1025/1025
f 1029/1029/1029 1025/1025/1025 1035/1035/1035
f 1036/1036/1036 1033/1033/1033 1030/1030/1030
f 1030/1030/1030 1034/1034/1034 1036/1036/1036
f 1037/1037/1037 1031/1031/1031 1033/1033/1033
f 1028/1028/1028 1038/1038/1038 1034/1034/1034
f 1038/1038/1038 1028/1028/1028 1032/1032/1032
f 1039/1039/1039 1033/1033/1033 1036/1036/1036
f 1033/1033/1033 1039/1039/1039 1037/1037/1037
f 1040/1040/1040 1036/1036/1036 1034/1034/1034
f 1031/1031/1031 1037/1037/1037 1041/1041/1041
f 1041/1041/1041 1035/1035/1035 1031/1031/1031
f 1036/1036/1036 1042/1042/1042 1039/1039/1039
f 1042/1042/1042 1036/1036/1036 1040/1040/1040
f 1043/1043/1043 1037/1037/1037 1039/1039/1039
f 1034/1034/1034 1044/1044/1044 1040/1040/1040
f 1044/1044/1044 1034/1034/1034 1038/1038/1038
f 1045/1045/1045 1039/1039/1039 1042/1042/1042
f 1039/1039/1039 1045/1045/1045 1043/1043/1043
f 1040/1040/1040 1046/1046/1046 1042/1042/1042
f 1037/1037/1037 1043/1043/1043 1047/1047/1047
f 1047/1047/1047 1041/1041/1041 1037/1037/1037
f 1042/1042/1042 1048/1048/1048 1045/1045/1045
f 1048/1048/1048 1042/1042/1042 1046/1046/1046
f 1049/1049/1049 1043/1043/1043 1045/1045/1045
f 1046/1046/1046 1040/1040/1040 1050/1050/1050
f 1050/1050/1050 1040/1040/1040 1044/1044/1044
f 1051/1051/1051 1045/1045/1045 1048/1048/1048
f 1045/1045/1045 1051/1051/1051 1049/1049/1049
f 1046/1046/1046 1052/1052/1052 1048/1048/1048
f 1043/1043/1043 1049/1049/1049 1053/1053/1053
f 1053/1053/1053 1047/1047/1047 1043/1043/1043
f 1048/1048/1048 1054/1054/1054 1051/1051/1051
f 1054/1054/1054 1048/1048/1048 1052/1052/1052
f 1049/1049/1049 1051/1051/1051 1055/1055/1055
f 1052/1052/1052 1046/1046/1046 1056/1056/1056
f 1050/1050/1050 1056/1056/1056 1046/1046/1046
f 1051/1051/1051 1054/1054/1054 1057/1057/1057
f 1057/1057/1057 1055/1055/1055 1051/1051/1051
f 1052/1052/1052 1058/1058/1058 1054/1054/1054
f 1055/1055/1055 1059/1059/1059 1049/1049/1049
f 1053/1053/1053 1049/1049/1049 1059/1059/1059
f 1060/1060/1060 1057/1057/1057 1054/1054/1054
f 1054/1054/1054 1058/1058/1058 1060/1060/1060
f 1055/1055/1055 1057/1057/1057 1061/1061/1061
f 1058/1058/1058 1052/1052/1052 1062/1062/1062
f 1056/1056/1056 1062/1062/1062 1052/1052/1052
f 1057/1057/1057 1060/1060/1060 1063/1063/1063
f 1063/1063/1063 1061/1061/1061 1057/1057/1057
f 1064/1064/1064 1060/1060/1060 1058/1058/1058
f 1061/1061/1061 1065/1065/1065 1055/1055/1055
f 1059/1059/1059 1055/1055/1055 1065/1065/1065
f 1066/1066/1066 1063/1063/1063 1060/1060/1060
f 1060/1060/1060 1064/1064/1064 1066/1066/1066
f 1061/1061/1061 1063/1063/1063 1067/1067/1067
f 1058/1058/1058 1068/1068/1068 1064/1064/1064
f 1062/1062/1062 1068/1068/1068 1058/1058/1058
f 1063/1063/1063 1066/1066/1066 1069/1069/1069
f 1069/1069/1069 1067/1067/1067 1063/1063/1063
f 1070/1070/1070 1066/1066/1066 1064/1064/1064
f 1067/1067/1067 1071/1071/1071 1061/1061/1061
f 1065/1065/1065 1061/1061/1061 1071/1071/1071
f 1072/1072/1072 1064/1064/1064 1068/1068/1068
f 1064/1064/1064 1072/1072/1072 1070/1070/1070
f 1068/1068/1068 1062/1062/1062 1073/1073/1073
f 1066/1066/1066 1070/1070/1070 1074/1074/1074
f 1074/1074/1074 1069/1069/1069 1066/1066/1066
f 1068/1068/1068 1075/1075/1075 1072/1072/1072
f 1073/1073/1073 1075/1075/1075 1068/1068/1068
f 1076/1076/1076 1070/1070/1070 1072/1072/1072
f 1077/1077/1077 1073/1073/1073 1062/1062/1062
f 1062/1062/1062 1056/1056/1056 1077/1077/1077
f 1078/1078/1078 1072/1072/1072 1075/1075/1075
f 1072/1072/1072 1078/1078/1078 1076/1076/1076
f 1079/1079/1079 1077/1077/1077 1056/1056/1056
f 1056/1056/1056 1050/1050/1050 1079/1079/1079
f 1070/1070/1070 1076/1076/1076 1080/1080/1080
f 1080/1080/1080 1074/1074/1074 1070/1070/1070
f 1079/1079/1079 1050/1050/1050 1081/1081/1081
f 1044/1044/1044 1081/1081/1081 1050/1050/1050
f 1077/1077/1077 1079/1079/1079 1082/1082/1082
f 1081/1081/1081 1044/1044/1044 1083/1083/1083
f 1038/1038/1038 1083/1083/1083 1044/1044/1044
f 1081/1081/1081 1084/1084/1084 1079/1079/1079
f 1082/1082/1082 1079/1079/1079 1084/1084/1084
f 1083/1083/1083 1085/1085/1085 1081/1081/1081
f 1084/1084/1084 1081/1081/1081 1085/1085/1085
f 1083/1083/1083 1038/1038/1038 1086/1086/1086
f 1032/1032/1032 1086/1086/1086 1038/1038/1038
f 1085/1085/1085 1083/1083/1083 1087/1087/1087
f 1086/1086/1086 1087/1087/1087 1083/1083/1083
f 1088/1088/1088 1086/1086/1086 1032/1032/1032
f 1032/1032/1032 1026/1026/1026 1088/1088/1088
f 1089/1089/1089 1087/1087/1087 1086/1086/1086
f 1086/1086/1086 1088/1088/1088 1089/1089/1089
f 1090/1090/1090 1088/1088/1088 1026/1026/1026
f 1026/1026/1026 1020/1020/1020 1090/1090/1090
f 1091/1091/1091 1089/1089/1089 1088/1088/1088
f 1088/1088/1088 1090/1090/1090 1091/1091/1091
f 1092/1092/1092 1090/1090/1090 1020/1020/1020
f 1020/1020/1020 1014/1014/1014 1092/1092/1092
f 1093/1093/1093 1091/1091/1091 1090/1090/1090
f 1090/1090/1090 1092/1092/1092 1093/1093/1093
f 1092/1092/1092 1014/1014/1014 1094/1094/1094
f 1008/1008/1008 1094/1094/1094 1014/1014/1014
f 1093/1093/1093 1092/1092/1092 1095/1095/1095
f 1094/1094/1094 1095/1095/1095 1092/1092/1092
f 1096/1096/1096 1094/1094/1094 1008/1008/1008
f 1008/1008/1008 1002/1002/1002 1096/1096/1096
f 1097/1097/1097 1095/1095/1095 1094/1094/1094
f 1094/1094/1094 1096/1096/1096 1097/1097/1097
f 1098/1098/1098 1096/1096/1096 1002/1002/1002
f 1002/1002/1002 996/996/996 1098/1098/1098
f 1099/1099/1099 1097/1097/1097 1096/1096/1096
f 1096/1096/1096 1098/1098/1098 1099/1099/1099
f 1100/1100/1100 1098/1098/1098 996/996/996
f 996/996/996 990/990/990 1100/1100/1100
f 1101/1101/1101 1099/1099/1099 1098/1098/1098
f 1098/1098/1098 1100/1100/1100 1101/1101/1101
f 1100/1100/1100 990/990/990 1102/1102/1102
f 984/984/984 1102/1102/1102 990/990/990
f 1101/1101/1101 1100/1100/1100 1103/1103/1103
f 1102/1102/1102 1103/1103/1103 1100/1100/1100
f 1104/1104/1104 1102/1102/1102 984/984/984
f 984/984/984 978/978/978 1104/1104/1104
f 1105/1105/1105 1103/1103/1103 1102/1102/1102
f 1102/1102/1102 1104/1104/1104 1105/1105/1105
f 1106/1106/1106 1104/1104/1104 978/978/978
f 978/978/978 972/972/972 1106/1106/1106
f 1107/1107/1107 1105/1105/1105 1104/1104/1104
f 1104/1104/1104 1106/1106/1106 1107/1107/1107
f 1108/1108/1108 1106/1106/1106 972/972/972
f 972/972/972 966/966/966 1108/1108/1108
f 1109/1109/1109 1107/1107/1107 1106/1106/1106
f 1106/1106/1106 1108/1108/1108 1109/1109/1109
f 1108/1108/1108 966/966/966 1110/1110/1110
f 960/960/960 1110/1110/1110 966/966/966
f 1109/1109/1109 1108/1108/1108 1111/1111/1111
f 1110/1110/1110 1111/1111/1111 1108/1108/1108
f 1112/1112/1112 1110/1110/1110 960/960/960
f 960/960/960 954/954/954 1112/1112/1112
f 1113/1113/1113 1111/1111/1111 1110/1110/1110
f 1110/1110/1110 1112/1112/1112 1113/1113/1113
f 1112/1112/1112 954/954/954 1114/1114/1114
f 948/948/948 1114/1114/1114 954/954/954
f 1113/1113/1113 1112/1112/1112 1115/1115/1115
f 1114/1114/1114 1115/1115/1115 1112/1112/1112
f 1116/1116/1116 1114/1114/1114 948/948/948
f 948/948/948 942/942/942 1116/1116/1116
f 1117/1117/1117 1115/1115/1115 1114/1114/1114
f 1114/1114/1114 1116/1116/1116 1117/1117/1117
f 1116/1116/1116 942/942/942 1118/1118/1118
f 936/936/936 1118/1118/1118 942/942/942
f 1117/1117/1117 1116/1116/1116 1119/1119/1119
f 1118/1118/1118 1119/1119/1119 1116/1116/1116
f 1118/1118/1118 936/936/936 1120/1120/1120
f 930/930/930 1120/1120/1120 936/936/936
f 1119/1119/1119 1118/1118/1118 1121/1121/1121
f 1120/1120/1120 1121/1121/1121 1118/1118/1118
f 1120/1120/1120 930/930/930 1122/1122/1122
f 924/924/924 1122/1122/1122 930/930/930
f 1121/1121/1121 1120/1120/1120 1123/1123/1123
f 1122/1122/1122 1123/1123/1123 1120/1120/1120
f 1124/1124/1124 1122/1122/1122 924/924/924
f 924/924/924 915/915/915 1124/1124/1124
f 1125/1125/1125 1123/1123/1123 1122/1122/1122
f 1122/1122/1122 1124/1124/1124 1125/1125/1125
f 1126/1126/1126 1124/1124/1124 915/915/915
f 915/915/915 911/911/911 1126/1126/1126
f 914/914/914 1126/1126/1126 911/911/911
f 1127/1127/1127 1125/1125/1125 1124/1124/1124
f 1124/1124/1124 1126/1126/1126 1127/1127/1127
f 1126/1126/1126 914/914/914 1128/1128/1128
f 1128/1128/1128 1127/1127/1127 1126/1126/1126
f 1128/1128/1128 914/914/914 1129/1129/1129
f 909/909/909 1129/1129/1129 914/914/914
f 1127/1127/1127 1128/1128/1128 1130/1130/1130
f 1129/1129/1129 909/909/909 1131/1131/1131
f 906/906/906 1131/1131/1131 909/909/909
f 1129/1129/1129 1132/1132/1132 1128/1128/1128
f 1130/1130/1130 1128/1128/1128 1132/1132/1132
f 1131/1131/1131 1133/1133/1133 1129/1129/1129
f 1132/1132/1132 1129/1129/1129 1133/1133/1133
f 1131/1131/1131 906/906/906 1134/1134/1134
f 903/903/903 1134/1134/1134 906/906/906
f 1133/1133/1133 1131/1131/1131 1135/1135/1135
f 1134/1134/1134 1135/1135/1135 1131/1131/1131
f 1136/1136/1136 1134/1134/1134 903/903/903
f 903/903/903 900/900/900 1136/1136/1136
f 1137/1137/1137 1135/1135/1135 1134/1134/1134
f 1134/1134/1134 1136/1136/1136 1137/1137/1137
f 1138/1138/1138 1136/1136/1136 900/900/900
f 900/900/900 897/897/897 1138/1138/1138
f 1139/1139/1139 1137/1137/1137 1136/1136/1136
f 1136/1136/1136 1138/1138/1138 1139/1139/1139
f 1140/1140/1140 1138/1138/1138 897/897/897
f 897/897/897 894/894/894 1140/1140/1140
f 1141/1141/1141 1139/1139/1139 1138/1138/1138
f 1138/1138/1138 1140/1140/1140 1141/1141/1141
f 1140/1140/1140 894/894/894 1142/1142/1142
f 891/891/891 1142/1142/1142 894/894/894
f 1141/1141/1141 1140/1140/1140 1143/1143/1143
f 1142/1142/1142 1143/1143/1143 1140/1140/1140
f 1144/1144/1144 1142/1142/1142 891/891/891
f 891/891/891 888/888/888 1144/1144/1144
f 1145/1145/1145 1143/1143/1143 1142/1142/1142
f 1142/1142/1142 1144/1144/1144 1145/1145/1145
f 1146/1146/1146 1144/1144/1144 888/888/888
f 888/888/888 885/885/885 1146/1146/1146
f 1147/1147/1147 1145/1145/1145 1144/1144/1144
f 1144/1144/1144 1146/1146/1146 1147/1147/1147
f 1148/1148/1148 1146/1146/1146 885/885/885
f 885/885/885 882/882/882 1148/1148/1148
f 1149/1149/1149 1147/1147/1147 1146/1146/1146
f 1146/1146/1146 1148/1148/1148 1149/1149/1149
f 1148/1148/1148 882/882/882 1150/1150/1150
f 879/879/879 1150/1150/1150 882/882/882
f 1149/1149/1149 1148/1148/1148 1151/1151/1151
f 1150/1150/1150 1151/1151/1151 1148/1148/1148
f 1152/1152/1152 1150/1150/1150 879/879/879
f 879/879/879 876/876/876 1152/1152/1152
f 1153/1153/1153 1151/1151/1151 1150/1150/1150
f 1150/1150/1150 1152/1152/1152 1153/1153/1153
f 1154/1154/1154 1152/1152/1152 876/876/876
f 876/876/876 873/873/873 1154/1154/1154
f 1155/1155/1155 1153/1153/1153 1152/1152/1152
f 1152/1152/1152 1154/1154/1154 1155/1155/1155
f 1156/1156/1156 1154/1154/1154 873/873/873
f 873/873/873 870/870/870 1156/1156/1156
f 1157/1157/1157 1155/1155/1155 1154/1154/1154
f 1154/1154/1154 1156/1156/1156 1157/1157/1157
f 1156/1156/1156 870/870/870 1158/1158/1158
f 867/867/867 1158/1158/1158 870/870/870
f 1157/1157/1157 1156/1156/1156 1159/1159/1159
f 1158/1158/1158 1159/1159/1159 1156/1156/1156
f 1160/1160/1160 1158/1158/1158 867/867/867
f 867/867/867 862/862/862 1160/1160/1160
f 1161/1161/1161 1159/1159/1159 1158/1158/1158
f 1158/1158/1158 1160/1160/1160 1161/1161/1161
f 1160/1160/1160 862/862/862 1162/1162/1162
f 859/859/859 1162/1162/1162 862/862/862
f 858/858/858 1162/1162/1162 859/859/859
f 1161/1161/1161 1160/1160/1160 1163/1163/1163
f 1162/1162/1162 1163/1163/1163 1160/1160/1160
f 1162/1162/1162 858/858/858 1164/1164/1164
f 1164/1164/1164 1163/1163/1163 1162/1162/1162
f 1164/1164/1164 858/858/858 719/719/719
f 1163/1163/1163 1165/1165/1165 1161/1161/1161
f 719/719/719 1166/1166/1166 1164/1164/1164
f 720/720/720 1166/1166/1166 719/719/719
f 1163/1163/1163 1164/1164/1164 1167/1167/1167
f 1167/1167/1167 1165/1165/1165 1163/1163/1163
f 1164/1164/1164 1166/1166/1166 1168/1168/1168
f 1166/1166/1166 720/720/720 1168/1168/1168
f 1167/1167/1167 1164/1164/1164 1168/1168/1168
f 723/723/723 1168/1168/1168 720/720/720
f 1167/1167/1167 1168/1168/1168 723/723/723
f 927/927/927 1167/1167/1167 723/723/723
f 1165/1165/1165 1167/1167/1167 927/927/927
f 927/927/927 933/933/933 1165/1165/1165
f 1169/1169/1169 1161/1161/1161 1165/1165/1165
f 1165/1165/1165 933/933/933 1169/1169/1169
f 1159/1159/1159 1161/1161/1161 1169/1169/1169
f 939/939/939 1169/1169/1169 933/933/933
f 1169/1169/1169 1170/1170/1170 1159/1159/1159
f 1170/1170/1170 1169/1169/1169 939/939/939
f 1159/1159/1159 1170/1170/1170 1157/1157/1157
f 939/939/939 945/945/945 1170/1170/1170
f 1171/1171/1171 1157/1157/1157 1170/1170/1170
f 1170/1170/1170 945/945/945 1171/1171/1171
f 1155/1155/1155 1157/1157/1157 1171/1171/1171
f 951/951/951 1171/1171/1171 945/945/945
f 1171/1171/1171 1172/1172/1172 1155/1155/1155
f 1172/1172/1172 1171/1171/1171 951/951/951
f 1153/1153/1153 1155/1155/1155 1172/1172/1172
f 951/951/951 957/957/957 1172/1172/1172
f 1172/1172/1172 1173/1173/1173 1153/1153/1153
f 1173/1173/1173 1172/1172/1172 957/957/957
f 1151/1151/1151 1153/1153/1153 1173/1173/1173
f 957/957/957 963/963/963 1173/1173/1173
f 1173/1173/1173 1174/1174/1174 1151/1151/1151
f 1174/1174/1174 1173/1173/1173 963/963/963
f 1151/1151/1151 1174/1174/1174 1149/1149/1149
f 963/963/963 969/969/969 1174/1174/1174
f 1175/1175/1175 1149/1149/1149 1174/1174/1174
f 1174/1174/1174 969/969/969 1175/1175/1175
f 1147/1147/1147 1149/1149/1149 1175/1175/1175
f 975/975/975 1175/1175/1175 969/969/969
f 1175/1175/1175 1176/1176/1176 1147/1147/1147
f 1176/1176/1176 1175/1175/1175 975/975/975
f 1145/1145/1145 1147/1147/1147 1176/1176/1176
f 975/975/975 981/981/981 1176/1176/1176
f 1176/1176/1176 1177/1177/1177 1145/1145/1145
f 1177/1177/1177 1176/1176/1176 981/981/981
f 1143/1143/1143 1145/1145/1145 1177/1177/1177
f 981/981/981 987/987/987 1177/1177/1177
f 1177/1177/1177 1178/1178/1178 1143/1143/1143
f 1178/1178/1178 1177/1177/1177 987/987/987
f 1143/1143/1143 1178/1178/1178 1141/1141/1141
f 987/987/987 993/993/993 1178/1178/1178
f 1179/1179/1179 1141/1141/1141 1178/1178/1178
f 1178/1178/1178 993/993/993 1179/1179/1179
f 1139/1139/1139 1141/1141/1141 1179/1179/1179
f 999/999/999 1179/1179/1179 993/993/993
f 1179/1179/1179 1180/1180/1180 1139/1139/1139
f 1180/1180/1180 1179/1179/1179 999/999/999
f 1137/1137/1137 1139/1139/1139 1180/1180/1180
f 999/999/999 1005/1005/1005 1180/1180/1180
f 1180/1180/1180 1181/1181/1181 1137/1137/1137
f 1181/1181/1181 1180/1180/1180 1005/1005/1005
f 1135/1135/1135 1137/1137/1137 1181/1181/1181
f 1005/1005/1005 1011/1011/1011 1181/1181/1181
f 1181/1181/1181 1182/1182/1182 1135/1135/1135
f 1182/1182/1182 1181/1181/1181 1011/1011/1011
f 1135/1135/1135 1182/1182/1182 1133/1133/1133
f 1011/1011/1011 1017/1017/1017 1182/1182/1182
f 1183/1183/1183 1133/1133/1133 1182/1182/1182
f 1182/1182/1182 1017/1017/1017 1183/1183/1183
f 1133/1133/1133 1183/1183/1183 1132/1132/1132
f 1023/1023/1023 1183/1183/1183 1017/1017/1017
f 1184/1184/1184 1132/1132/1132 1183/1183/1183
f 1183/1183/1183 1023/1023/1023 1184/1184/1184
f 1132/1132/1132 1184/1184/1184 1130/1130/1130
f 1029/1029/1029 1184/1184/1184 1023/1023/1023
f 1184/1184/1184 1029/1029/1029 1185/1185/1185
f 1185/1185/1185 1130/1130/1130 1184/1184/1184
f 1035/1035/1035 1185/1185/1185 1029/1029/1029
f 1186/1186/1186 1130/1130/1130 1185/1185/1185
f 1130/1130/1130 1186/1186/1186 1127/1127/1127
f 1125/1125/1125 1127/1127/1127 1186/1186/1186
f 1187/1187/1187 1185/1185/1185 1035/1035/1035
f 1185/1185/1185 1187/1187/1187 1186/1186/1186
f 1035/1035/1035 1041/1041/1041 1187/1187/1187
f 1186/1186/1186 1188/1188/1188 1125/1125/1125
f 1188/1188/1188 1186/1186/1186 1187/1187/1187
f 1123/1123/1123 1125/1125/1125 1188/1188/1188
f 1189/1189/1189 1187/1187/1187 1041/1041/1041
f 1187/1187/1187 1189/1189/1189 1188/1188/1188
f 1041/1041/1041 1047/1047/1047 1189/1189/1189
f 1188/1188/1188 1190/1190/1190 1123/1123/1123
f 1190/1190/1190 1188/1188/1188 1189/1189/1189
f 1123/1123/1123 1190/1190/1190 1121/1121/1121
f 1191/1191/1191 1189/1189/1189 1047/1047/1047
f 1189/1189/1189 1191/1191/1191 1190/1190/1190
f 1047/1047/1047 1053/1053/1053 1191/1191/1191
f 1192/1192/1192 1121/1121/1121 1190/1190/1190
f 1190/1190/1190 1191/1191/1191 1192/1192/1192
f 1121/1121/1121 1192/1192/1192 1119/1119/1119
f 1191/1191/1191 1053/1053/1053 1193/1193/1193
f 1193/1193/1193 1192/1192/1192 1191/1191/1191
f 1059/1059/1059 1193/1193/1193 1053/1053/1053
f 1194/1194/1194 1119/1119/1119 1192/1192/1192
f 1192/1192/1192 1193/1193/1193 1194/1194/1194
f 1119/1119/1119 1194/1194/1194 1117/1117/1117
f 1193/1193/1193 1059/1059/1059 1195/1195/1195
f 1195/1195/1195 1194/1194/1194 1193/1193/1193
f 1065/1065/1065 1195/1195/1195 1059/1059/1059
f 1196/1196/1196 1117/1117/1117 1194/1194/1194
f 1194/1194/1194 1195/1195/1195 1196/1196/1196
f 1115/1115/1115 1117/1117/1117 1196/1196/1196
f 1195/1195/1195 1065/1065/1065 1197/1197/1197
f 1197/1197/1197 1196/1196/1196 1195/1195/1195
f 1071/1071/1071 1197/1197/1197 1065/1065/1065
f 1196/1196/1196 1198/1198/1198 1115/1115/1115
f 1198/1198/1198 1196/1196/1196 1197/1197/1197
f 1115/1115/1115 1198/1198/1198 1113/1113/1113
f 1199/1199/1199 1197/1197/1197 1071/1071/1071
f 1197/1197/1197 1199/1199/1199 1198/1198/1198
f 1200/1200/1200 1113/1113/1113 1198/1198/1198
f 1198/1198/1198 1199/1199/1199 1200/1200/1200
f 1111/1111/1111 1113/1113/1113 1200/1200/1200
f 1071/1071/1071 1201/1201/1201 1199/1199/1199
f 1201/1201/1201 1071/1071/1071 1067/1067/1067
f 1202/1202/1202 1200/1200/1200 1199/1199/1199
f 1199/1199/1199 1201/1201/1201 1202/1202/1202
f 1200/1200/1200 1203/1203/1203 1111/1111/1111
f 1203/1203/1203 1200/1200/1200 1202/1202/1202
f 1111/1111/1111 1203/1203/1203 1109/1109/1109
f 1067/1067/1067 1204/1204/1204 1201/1201/1201
f 1204/1204/1204 1067/1067/1067 1069/1069/1069
f 1205/1205/1205 1109/1109/1109 1203/1203/1203
f 1107/1107/1107 1109/1109/1109 1205/1205/1205
f 1202/1202/1202 1206/1206/1206 1203/1203/1203
f 1203/1203/1203 1206/1206/1206 1205/1205/1205
f 1207/1207/1207 1202/1202/1202 1201/1201/1201
f 1206/1206/1206 1202/1202/1202 1207/1207/1207
f 1201/1201/1201 1204/1204/1204 1207/1207/1207
f 1205/1205/1205 1208/1208/1208 1107/1107/1107
f 1105/1105/1105 1107/1107/1107 1208/1208/1208
f 1209/1209/1209 1205/1205/1205 1206/1206/1206
f 1208/1208/1208 1205/1205/1205 1209/1209/1209
f 1207/1207/1207 1210/1210/1210 1206/1206/1206
f 1206/1206/1206 1210/1210/1210 1209/1209/1209
f 1211/1211/1211 1207/1207/1207 1204/1204/1204
f 1210/1210/1210 1207/1207/1207 1211/1211/1211
f 1069/1069/1069 1212/1212/1212 1204/1204/1204
f 1204/1204/1204 1212/1212/1212 1211/1211/1211
f 1212/1212/1212 1069/1069/1069 1074/1074/1074
f 1211/1211/1211 1213/1213/1213 1210/1210/1210
f 1074/1074/1074 1214/1214/1214 1212/1212/1212
f 1215/1215/1215 1211/1211/1211 1212/1212/1212
f 1212/1212/1212 1214/1214/1214 1215/1215/1215
f 1213/1213/1213 1211/1211/1211 1215/1215/1215
f 1214/1214/1214 1074/1074/1074 1216/1216/1216
f 1216/1216/1216 1074/1074/1074 1080/1080/1080
f 1215/1215/1215 1214/1214/1214 1217/1217/1217
f 1216/1216/1216 1217/1217/1217 1214/1214/1214
f 1218/1218/1218 1209/1209/1209 1210/1210/1210
f 1210/1210/1210 1213/1213/1213 1218/1218/1218
f 1209/1209/1209 1219/1219/1219 1208/1208/1208
f 1219/1219/1219 1209/1209/1209 1218/1218/1218
f 1208/1208/1208 1220/1220/1220 1105/1105/1105
f 1220/1220/1220 1208/1208/1208 1219/1219/1219
f 1103/1103/1103 1105/1105/1105 1220/1220/1220
f 1218/1218/1218 1221/1221/1221 1219/1219/1219
f 1220/1220/1220 1222/1222/1222 1103/1103/1103
f 1103/1103/1103 1222/1222/1222 1101/1101/1101
f 1219/1219/1219 1223/1223/1223 1220/1220/1220
f 1222/1222/1222 1220/1220/1220 1223/1223/1223
f 1223/1223/1223 1219/1219/1219 1221/1221/1221
f 1224/1224/1224 1101/1101/1101 1222/1222/1222
f 1099/1099/1099 1101/1101/1101 1224/1224/1224
f 1223/1223/1223 1225/1225/1225 1222/1222/1222
f 1222/1222/1222 1225/1225/1225 1224/1224/1224
f 1221/1221/1221 1226/1226/1226 1223/1223/1223
f 1225/1225/1225 1223/1223/1223 1226/1226/1226
f 1224/1224/1224 1227/1227/1227 1099/1099/1099
f 1097/1097/1097 1099/1099/1099 1227/1227/1227
f 1228/1228/1228 1224/1224/1224 1225/1225/1225
f 1227/1227/1227 1224/1224/1224 1228/1228/1228
f 1226/1226/1226 1229/1229/1229 1225/1225/1225
f 1225/1225/1225 1229/1229/1229 1228/1228/1228
f 1227/1227/1227 1230/1230/1230 1097/1097/1097
f 1095/1095/1095 1097/1097/1097 1230/1230/1230
f 1228/1228/1228 1231/1231/1231 1227/1227/1227
f 1230/1230/1230 1227/1227/1227 1231/1231/1231
f 1232/1232/1232 1228/1228/1228 1229/1229/1229
f 1231/1231/1231 1228/1228/1228 1232/1232/1232
f 1230/1230/1230 1233/1233/1233 1095/1095/1095
f 1095/1095/1095 1233/1233/1233 1093/1093/1093
f 1231/1231/1231 1234/1234/1234 1230/1230/1230
f 1233/1233/1233 1230/1230/1230 1234/1234/1234
f 1232/1232/1232 1235/1235/1235 1231/1231/1231
f 1234/1234/1234 1231/1231/1231 1235/1235/1235
f 1236/1236/1236 1093/1093/1093 1233/1233/1233
f 1091/1091/1091 1093/1093/1093 1236/1236/1236
f 1234/1234/1234 1237/1237/1237 1233/1233/1233
f 1233/1233/1233 1237/1237/1237 1236/1236/1236
f 1235/1235/1235 1238/1238/1238 1234/1234/1234
f 1237/1237/1237 1234/1234/1234 1238/1238/1238
f 1236/1236/1236 1239/1239/1239 1091/1091/1091
f 1089/1089/1089 1091/1091/1091 1239/1239/1239
f 1240/1240/1240 1236/1236/1236 1237/1237/1237
f 1239/1239/1239 1236/1236/1236 1240/1240/1240
f 1238/1238/1238 1241/1241/1241 1237/1237/1237
f 1237/1237/1237 1241/1241/1241 1240/1240/1240
f 1239/1239/1239 1242/1242/1242 1089/1089/1089
f 1087/1087/1087 1089/1089/1089 1242/1242/1242
f 1240/1240/1240 1243/1243/1243 1239/1239/1239
f 1242/1242/1242 1239/1239/1239 1243/1243/1243
f 1244/1244/1244 1240/1240/1240 1241/1241/1241
f 1243/1243/1243 1240/1240/1240 1244/1244/1244
f 1242/1242/1242 1245/1245/1245 1087/1087/1087
f 1087/1087/1087 1245/1245/1245 1085/1085/1085
f 1243/1243/1243 1246/1246/1246 1242/1242/1242
f 1245/1245/1245 1242/1242/1242 1246/1246/1246
f 1244/1244/1244 1247/1247/1247 1243/1243/1243
f 1246/1246/1246 1243/1243/1243 1247/1247/1247
f 1248/1248/1248 1085/1085/1085 1245/1245/1245
f 1085/1085/1085 1248/1248/1248 1084/1084/1084
f 1246/1246/1246 1249/1249/1249 1245/1245/1245
f 1245/1245/1245 1249/1249/1249 1248/1248/1248
f 1247/1247/1247 1250/1250/1250 1246/1246/1246
f 1249/1249/1249 1246/1246/1246 1250/1250/1250
f 1251/1251/1251 1084/1084/1084 1248/1248/1248
f 1084/1084/1084 1251/1251/1251 1082/1082/1082
f 1252/1252/1252 1248/1248/1248 1249/1249/1249
f 1248/1248/1248 1252/1252/1252 1251/1251/1251
f 1250/1250/1250 1253/1253/1253 1249/1249/1249
f 1249/1249/1249 1253/1253/1253 1252/1252/1252
f 1254/1254/1254 1082/1082/1082 1251/1251/1251
f 1255/1255/1255 1251/1251/1251 1252/1252/1252
f 1251/1251/1251 1255/1255/1255 1254/1254/1254
f 1256/1256/1256 1252/1252/1252 1253/1253/1253
f 1252/1252/1252 1256/1256/1256 1255/1255/1255
f 1257/1257/1257 1082/1082/1082 1254/1254/1254
f 1082/1082/1082 1257/1257/1257 1077/1077/1077
f 1073/1073/1073 1077/1077/1077 1257/1257/1257
f 1258/1258/1258 1254/1254/1254 1255/1255/1255
f 1257/1257/1257 1259/1259/1259 1073/1073/1073
f 1075/1075/1075 1073/1073/1073 1259/1259/1259
f 1254/1254/1254 1260/1260/1260 1257/1257/1257
f 1259/1259/1259 1257/1257/1257 1260/1260/1260
f 1260/1260/1260 1254/1254/1254 1258/1258/1258
f 1259/1259/1259 1261/1261/1261 1075/1075/1075
f 1075/1075/1075 1261/1261/1261 1078/1078/1078
f 1260/1260/1260 1262/1262/1262 1259/1259/1259
f 1261/1261/1261 1259/1259/1259 1262/1262/1262
f 1258/1258/1258 1263/1263/1263 1260/1260/1260
f 1262/1262/1262 1260/1260/1260 1263/1263/1263
f 1255/1255/1255 1264/1264/1264 1258/1258/1258
f 1264/1264/1264 1255/1255/1255 1256/1256/1256
f 1263/1263/1263 1258/1258/1258 1265/1265/1265
f 1265/1265/1265 1258/1258/1258 1264/1264/1264
f 1263/1263/1263 1266/1266/1266 1262/1262/1262
f 1256/1256/1256 1267/1267/1267 1264/1264/1264
f 1262/1262/1262 1268/1268/1268 1261/1261/1261
f 1268/1268/1268 1262/1262/1262 1266/1266/1266
f 1269/1269/1269 1078/1078/1078 1261/1261/1261
f 1261/1261/1261 1268/1268/1268 1269/1269/1269
f 1266/1266/1266 1263/1263/1263 1270/1270/1270
f 1265/1265/1265 1270/1270/1270 1263/1263/1263
f 1078/1078/1078 1269/1269/1269 1271/1271/1271
f 1271/1271/1271 1076/1076/1076 1078/1078/1078
f 1264/1264/1264 1272/1272/1272 1265/1265/1265
f 1272/1272/1272 1264/1264/1264 1267/1267/1267
f 1270/1270/1270 1265/1265/1265 1273/1273/1273
f 1273/1273/1273 1265/1265/1265 1272/1272/1272
f 1267/1267/1267 531/531/531 1272/1272/1272
f 537/537/537 1272/1272/1272 531/531/531
f 1272/1272/1272 537/537/537 1273/1273/1273
f 531/531/531 1267/1267/1267 525/525/525
f 543/543/543 1273/1273/1273 537/537/537
f 1274/1274/1274 525/525/525 1267/1267/1267
f 1267/1267/1267 1256/1256/1256 1274/1274/1274
f 1253/1253/1253 1274/1274/1274 1256/1256/1256
f 519/519/519 525/525/525 1274/1274/1274
f 1275/1275/1275 1273/1273/1273 543/543/543
f 1273/1273/1273 1275/1275/1275 1270/1270/1270
f 543/543/543 549/549/549 1275/1275/1275
f 1274/1274/1274 1276/1276/1276 519/519/519
f 1276/1276/1276 1274/1274/1274 1253/1253/1253
f 1253/1253/1253 1250/1250/1250 1276/1276/1276
f 513/513/513 519/519/519 1276/1276/1276
f 1277/1277/1277 1276/1276/1276 1250/1250/1250
f 1276/1276/1276 1277/1277/1277 513/513/513
f 1250/1250/1250 1247/1247/1247 1277/1277/1277
f 507/507/507 513/513/513 1277/1277/1277
f 1278/1278/1278 1277/1277/1277 1247/1247/1247
f 1277/1277/1277 1278/1278/1278 507/507/507
f 1247/1247/1247 1244/1244/1244 1278/1278/1278
f 507/507/507 1278/1278/1278 501/501/501
f 1278/1278/1278 1244/1244/1244 1279/1279/1279
f 1279/1279/1279 501/501/501 1278/1278/1278
f 1241/1241/1241 1279/1279/1279 1244/1244/1244
f 495/495/495 501/501/501 1279/1279/1279
f 1280/1280/1280 1279/1279/1279 1241/1241/1241
f 1279/1279/1279 1280/1280/1280 495/495/495
f 1241/1241/1241 1238/1238/1238 1280/1280/1280
f 489/489/489 495/495/495 1280/1280/1280
f 1281/1281/1281 1280/1280/1280 1238/1238/1238
f 1280/1280/1280 1281/1281/1281 489/489/489
f 1238/1238/1238 1235/1235/1235 1281/1281/1281
f 483/483/483 489/489/489 1281/1281/1281
f 1282/1282/1282 1281/1281/1281 1235/1235/1235
f 1281/1281/1281 1282/1282/1282 483/483/483
f 1235/1235/1235 1232/1232/1232 1282/1282/1282
f 483/483/483 1282/1282/1282 477/477/477
f 1282/1282/1282 1232/1232/1232 1283/1283/1283
f 1283/1283/1283 477/477/477 1282/1282/1282
f 1229/1229/1229 1283/1283/1283 1232/1232/1232
f 469/469/469 477/477/477 1283/1283/1283
f 1284/1284/1284 1283/1283/1283 1229/1229/1229
f 1283/1283/1283 1284/1284/1284 469/469/469
f 1229/1229/1229 1226/1226/1226 1284/1284/1284
f 467/467/467 469/469/469 1284/1284/1284
f 1285/1285/1285 1284/1284/1284 1226/1226/1226
f 1284/1284/1284 1285/1285/1285 467/467/467
f 1226/1226/1226 1221/1221/1221 1285/1285/1285
f 462/462/462 467/467/467 1285/1285/1285
f 1286/1286/1286 1285/1285/1285 1221/1221/1221
f 1285/1285/1285 1286/1286/1286 462/462/462
f 1221/1221/1221 1218/1218/1218 1286/1286/1286
f 1286/1286/1286 1218/1218/1218 1213/1213/1213
f 460/460/460 462/462/462 1286/1286/1286
f 1213/1213/1213 460/460/460 1286/1286/1286
f 1215/1215/1215 460/460/460 1213/1213/1213
f 460/460/460 1215/1215/1215 1287/1287/1287
f 1287/1287/1287 452/452/452 460/460/460
f 1217/1217/1217 1287/1287/1287 1215/1215/1215
f 452/452/452 1287/1287/1287 455/455/455
f 1287/1287/1287 1217/1217/1217 1288/1288/1288
f 1288/1288/1288 455/455/455 1287/1287/1287
f 1289/1289/1289 1288/1288/1288 1217/1217/1217
f 1217/1217/1217 1216/1216/1216 1289/1289/1289
f 455/455/455 1288/1288/1288 1290/1290/1290
f 1290/1290/1290 453/453/453 455/455/455
f 1288/1288/1288 1289/1289/1289 360/360/360
f 360/360/360 1290/1290/1290 1288/1288/1288
f 1289/1289/1289 1216/1216/1216 1291/1291/1291
f 1080/1080/1080 1291/1291/1291 1216/1216/1216
f 360/360/360 1289/1289/1289 359/359/359
f 1291/1291/1291 359/359/359 1289/1289/1289
f 359/359/359 1291/1291/1291 345/345/345
f 1290/1290/1290 360/360/360 1292/1292/1292
f 357/357/357 1292/1292/1292 360/360/360
f 1293/1293/1293 345/345/345 1291/1291/1291
f 1291/1291/1291 1080/1080/1080 1293/1293/1293
f 341/341/341 345/345/345 1293/1293/1293
f 1293/1293/1293 1080/1080/1080 1076/1076/1076
f 1293/1293/1293 338/338/338 341/341/341
f 1293/1293/1293 1076/1076/1076 1271/1271/1271
f 338/338/338 1293/1293/1293 1294/1294/1294
f 1294/1294/1294 1293/1293/1293 1271/1271/1271
f 338/338/338 1294/1294/1294 337/337/337
f 1294/1294/1294 1271/1271/1271 1295/1295/1295
f 1295/1295/1295 337/337/337 1294/1294/1294
f 1295/1295/1295 1271/1271/1271 1269/1269/1269
f 337/337/337 1295/1295/1295 339/339/339
f 1269/1269/1269 1296/1296/1296 1295/1295/1295
f 339/339/339 1295/1295/1295 1296/1296/1296
f 1296/1296/1296 1269/1269/1269 1268/1268/1268
f 1268/1268/1268 1297/1297/1297 1296/1296/1296
f 1266/1266/1266 1297/1297/1297 1268/1268/1268
f 1296/1296/1296 1298/1298/1298 339/339/339
f 1298/1298/1298 1296/1296/1296 1297/1297/1297
f 1297/1297/1297 1266/1266/1266 1299/1299/1299
f 1270/1270/1270 1299/1299/1299 1266/1266/1266
f 1299/1299/1299 1270/1270/1270 1275/1275/1275
f 1297/1297/1297 1300/1300/1300 1298/1298/1298
f 1299/1299/1299 1300/1300/1300 1297/1297/1297
f 1275/1275/1275 1301/1301/1301 1299/1299/1299
f 1300/1300/1300 1299/1299/1299 1301/1301/1301
f 1301/1301/1301 1275/1275/1275 549/549/549
f 549/549/549 555/555/555 1301/1301/1301
f 1302/1302/1302 1301/1301/1301 555/555/555
f 1301/1301/1301 1302/1302/1302 1300/1300/1300
f 555/555/555 561/561/561 1302/1302/1302
f 1303/1303/1303 1298/1298/1298 1300/1300/1300
f 1300/1300/1300 1302/1302/1302 1303/1303/1303
f 1304/1304/1304 339/339/339 1298/1298/1298
f 1298/1298/1298 1303/1303/1303 1304/1304/1304
f 339/339/339 1304/1304/1304 332/332/332
f 1302/1302/1302 561/561/561 1305/1305/1305
f 1305/1305/1305 1303/1303/1303 1302/1302/1302
f 567/567/567 1305/1305/1305 561/561/561
f 1306/1306/1306 1304/1304/1304 1303/1303/1303
f 1303/1303/1303 1305/1305/1305 1306/1306/1306
f 1305/1305/1305 567/567/567 1307/1307/1307
f 1307/1307/1307 1306/1306/1306 1305/1305/1305
f 573/573/573 1307/1307/1307 567/567/567
f 1304/1304/1304 1306/1306/1306 1308/1308/1308
f 1308/1308/1308 332/332/332 1304/1304/1304
f 1306/1306/1306 1307/1307/1307 1309/1309/1309
f 1309/1309/1309 1308/1308/1308 1306/1306/1306
f 1307/1307/1307 573/573/573 1310/1310/1310
f 1310/1310/1310 1309/1309/1309 1307/1307/1307
f 579/579/579 1310/1310/1310 573/573/573
f 332/332/332 1308/1308/1308 1311/1311/1311
f 1311/1311/1311 328/328/328 332/332/332
f 328/328/328 1311/1311/1311 330/330/330
f 1312/1312/1312 1310/1310/1310 579/579/579
f 579/579/579 585/585/585 1312/1312/1312
f 1312/1312/1312 585/585/585 825/825/825
f 1313/1313/1313 1309/1309/1309 1310/1310/1310
f 1310/1310/1310 1312/1312/1312 1313/1313/1313
f 825/825/825 1314/1314/1314 1312/1312/1312
f 1313/1313/1313 1312/1312/1312 1314/1314/1314
f 813/813/813 1314/1314/1314 825/825/825
f 1314/1314/1314 813/813/813 808/808/808
f 1309/1309/1309 1313/1313/1313 1315/1315/1315
f 1315/1315/1315 1308/1308/1308 1309/1309/1309
f 1314/1314/1314 1316/1316/1316 1313/1313/1313
f 808/808/808 1316/1316/1316 1314/1314/1314
f 1315/1315/1315 1313/1313/1313 1316/1316/1316
f 1316/1316/1316 808/808/808 807/807/807
f 807/807/807 1317/1317/1317 1316/1316/1316
f 1316/1316/1316 1317/1317/1317 1315/1315/1315
f 1317/1317/1317 807/807/807 810/810/810
f 1308/1308/1308 1315/1315/1315 1318/1318/1318
f 1318/1318/1318 1311/1311/1311 1308/1308/1308
f 1315/1315/1315 1317/1317/1317 1319/1319/1319
f 810/810/810 1319/1319/1319 1317/1317/1317
f 1319/1319/1319 1318/1318/1318 1315/1315/1315
f 1319/1319/1319 810/810/810 174/174/174
f 1311/1311/1311 1318/1318/1318 1320/1320/1320
f 1320/1320/1320 330/330/330 1311/1311/1311
f 1318/1318/1318 1319/1319/1319 1321/1321/1321
f 174/174/174 1321/1321/1321 1319/1319/1319
f 1321/1321/1321 1320/1320/1320 1318/1318/1318
f 1321/1321/1321 174/174/174 167/167/167
f 330/330/330 1320/1320/1320 1322/1322/1322
f 1320/1320/1320 1321/1321/1321 1323/1323/1323
f 167/167/167 1323/1323/1323 1321/1321/1321
f 1323/1323/1323 1322/1322/1322 1320/1320/1320
f 1322/1322/1322 324/324/324 330/330/330
f 1323/1323/1323 167/167/167 1324/1324/1324
f 1322/1322/1322 1323/1323/1323 1325/1325/1325
f 1324/1324/1324 1325/1325/1325 1323/1323/1323
f 1326/1326/1326 1324/1324/1324 167/167/167
f 1325/1325/1325 1324/1324/1324 1326/1326/1326
f 1326/1326/1326 167/167/167 166/166/166
f 1325/1325/1325 1327/1327/1327 1322/1322/1322
f 324/324/324 1322/1322/1322 1327/1327/1327
f 1326/1326/1326 1328/1328/1328 1325/1325/1325
f 1329/1329/1329 1327/1327/1327 1325/1325/1325
f 1325/1325/1325 1328/1328/1328 1329/1329/1329
f 1327/1327/1327 1330/1330/1330 324/324/324
f 1330/1330/1330 1327/1327/1327 1329/1329/1329
f 324/324/324 1330/1330/1330 1331/1331/1331
f 1329/1329/1329 1331/1331/1331 1330/1330/1330
f 1328/1328/1328 1326/1326/1326 1332/1332/1332
f 1331/1331/1331 1329/1329/1329 1333/1333/1333
f 1333/1333/1333 1329/1329/1329 1328/1328/1328
f 1334/1334/1334 1332/1332/1332 1326/1326/1326
f 1334/1334/1334 1326/1326/1326 166/166/166
f 1332/1332/1332 1335/1335/1335 1328/1328/1328
f 1335/1335/1335 1332/1332/1332 1334/1334/1334
f 1328/1328/1328 1335/1335/1335 1333/1333/1333
f 1336/1336/1336 1334/1334/1334 166/166/166
f 1336/1336/1336 166/166/166 164/164/164
f 1334/1334/1334 1337/1337/1337 1335/1335/1335
f 1337/1337/1337 1334/1334/1334 1336/1336/1336
f 1338/1338/1338 1333/1333/1333 1335/1335/1335
f 1335/1335/1335 1337/1337/1337 1338/1338/1338
f 1333/1333/1333 1339/1339/1339 1331/1331/1331
f 1339/1339/1339 1333/1333/1333 1338/1338/1338
f 1331/1331/1331 1339/1339/1339 1340/1340/1340
f 324/324/324 1331/1331/1331 1340/1340/1340
f 1338/1338/1338 1340/1340/1340 1339/1339/1339
f 324/324/324 1340/1340/1340 326/326/326
f 1338/1338/1338 1337/1337/1337 1341/1341/1341
f 1336/1336/1336 1341/1341/1341 1337/1337/1337
f 1340/1340/1340 1338/1338/1338 1342/1342/1342
f 1341/1341/1341 1342/1342/1342 1338/1338/1338
f 1342/1342/1342 326/326/326 1340/1340/1340
f 164/164/164 1343/1343/1343 1336/1336/1336
f 1341/1341/1341 1336/1336/1336 1343/1343/1343
f 164/164/164 159/159/159 1343/1343/1343
f 1342/1342/1342 1341/1341/1341 1344/1344/1344
f 1343/1343/1343 1344/1344/1344 1341/1341/1341
f 326/326/326 1342/1342/1342 1345/1345/1345
f 1344/1344/1344 1345/1345/1345 1342/1342/1342
f 1345/1345/1345 1346/1346/1346 326/326/326
f 326/326/326 1346/1346/1346 321/321/321
f 1344/1344/1344 1343/1343/1343 1347/1347/1347
f 159/159/159 1347/1347/1347 1343/1343/1343
f 1345/1345/1345 1344/1344/1344 1348/1348/1348
f 1347/1347/1347 1348/1348/1348 1344/1344/1344
f 1346/1346/1346 1345/1345/1345 1349/1349/1349
f 1348/1348/1348 1349/1349/1349 1345/1345/1345
f 1346/1346/1346 1350/1350/1350 321/321/321
f 1349/1349/1349 1350/1350/1350 1346/1346/1346
f 1350/1350/1350 317/317/317 321/321/321
f 1351/1351/1351 1349/1349/1349 1348/1348/1348
f 1350/1350/1350 1349/1349/1349 1351/1351/1351
f 1348/1348/1348 1347/1347/1347 1352/1352/1352
f 1348/1348/1348 1353/1353/1353 1351/1351/1351
f 1352/1352/1352 1353/1353/1353 1348/1348/1348
f 1354/1354/1354 1352/1352/1352 1347/1347/1347
f 1353/1353/1353 1352/1352/1352 1354/1354/1354
f 1351/1351/1351 1355/1355/1355 1350/1350/1350
f 1356/1356/1356 1351/1351/1351 1353/1353/1353
f 1355/1355/1355 1351/1351/1351 1356/1356/1356
f 1354/1354/1354 1357/1357/1357 1353/1353/1353
f 1353/1353/1353 1357/1357/1357 1356/1356/1356
f 1358/1358/1358 1354/1354/1354 1347/1347/1347
f 159/159/159 1358/1358/1358 1347/1347/1347
f 1357/1357/1357 1354/1354/1354 1359/1359/1359
f 1358/1358/1358 1359/1359/1359 1354/1354/1354
f 1356/1356/1356 1360/1360/1360 1355/1355/1355
f 1350/1350/1350 1355/1355/1355 1360/1360/1360
f 1361/1361/1361 1356/1356/1356 1357/1357/1357
f 1360/1360/1360 1356/1356/1356 1361/1361/1361
f 1359/1359/1359 1362/1362/1362 1357/1357/1357
f 1357/1357/1357 1362/1362/1362 1361/1361/1361
f 1362/1362/1362 1359/1359/1359 1358/1358/1358
f 1361/1361/1361 1363/1363/1363 1360/1360/1360
f 1364/1364/1364 1361/1361/1361 1362/1362/1362
f 1363/1363/1363 1361/1361/1361 1364/1364/1364
f 1360/1360/1360 1363/1363/1363 1365/1365/1365
f 1364/1364/1364 1365/1365/1365 1363/1363/1363
f 1350/1350/1350 1360/1360/1360 1365/1365/1365
f 1362/1362/1362 1366/1366/1366 1364/1364/1364
f 1358/1358/1358 1366/1366/1366 1362/1362/1362
f 1365/1365/1365 1364/1364/1364 1367/1367/1367
f 1367/1367/1367 1364/1364/1364 1366/1366/1366
f 1350/1350/1350 1365/1365/1365 1368/1368/1368
f 1350/1350/1350 1368/1368/1368 317/317/317
f 1367/1367/1367 1369/1369/1369 1365/1365/1365
f 1365/1365/1365 1369/1369/1369 1368/1368/1368
f 1368/1368/1368 1370/1370/1370 317/317/317
f 6/6/6 317/317/317 1370/1370/1370
f 1371/1371/1371 1368/1368/1368 1369/1369/1369
f 1369/1369/1369 1367/1367/1367 1371/1371/1371
f 1372/1372/1372 1370/1370/1370 1368/1368/1368
f 1370/1370/1370 1372/1372/1372 6/6/6
f 1368/1368/1368 1371/1371/1371 1372/1372/1372
f 5/5/5 6/6/6 1372/1372/1372
f 1371/1371/1371 1367/1367/1367 1373/1373/1373
f 1366/1366/1366 1373/1373/1373 1367/1367/1367
f 1372/1372/1372 1374/1374/1374 5/5/5
f 159/159/159 5/5/5 1374/1374/1374
f 1372/1372/1372 1371/1371/1371 1375/1375/1375
f 1375/1375/1375 1374/1374/1374 1372/1372/1372
f 1373/1373/1373 1375/1375/1375 1371/1371/1371
f 1374/1374/1374 1376/1376/1376 159/159/159
f 1376/1376/1376 1374/1374/1374 1375/1375/1375
f 159/159/159 1376/1376/1376 1377/1377/1377
f 1375/1375/1375 1377/1377/1377 1376/1376/1376
f 1377/1377/1377 1375/1375/1375 1373/1373/1373
f 159/159/159 1377/1377/1377 1358/1358/1358
f 1378/1378/1378 1373/1373/1373 1366/1366/1366
f 1366/1366/1366 1358/1358/1358 1378/1378/1378
f 1373/1373/1373 1378/1378/1378 1377/1377/1377
f 1377/1377/1377 1378/1378/1378 1358/1358/1358
f 1381/1381/1381 1380/1380/1380 1379/1379/1379
f 1379/1379/1379 1382/1382/1382 1381/1381/1381
f 1383/1383/1383 1380/1380/1380 1381/1381/1381
f 1384/1384/1384 1381/1381/1381 1382/1382/1382
f 1381/1381/1381 1385/1385/1385 1383/1383/1383
f 1385/1385/1385 1381/1381/1381 1384/1384/1384
f 1382/1382/1382 1386/1386/1386 1384/1384/1384
f 1385/1385/1385 1384/1384/1384 1387/1387/1387
f 1386/1386/1386 1382/1382/1382 1388/1388/1388
f 1388/1388/1388 1382/1382/1382 1379/1379/1379
f 1384/1384/1384 1386/1386/1386 1389/1389/1389
f 1389/1389/1389 1387/1387/1387 1384/1384/1384
f 1386/1386/1386 1388/1388/1388 1390/1390/1390
f 1390/1390/1390 1389/1389/1389 1386/1386/1386
f 1387/1387/1387 1391/1391/1391 1385/1385/1385
f 1383/1383/1383 1385/1385/1385 1391/1391/1391
f 1387/1387/1387 1389/1389/1389 1392/1392/1392
f 1389/1389/1389 1390/1390/1390 1393/1393/1393
f 1393/1393/1393 1392/1392/1392 1389/1389/1389
f 1394/1394/1394 1390/1390/1390 1388/1388/1388
f 1393/1393/1393 1390/1390/1390 1394/1394/1394
f 1392/1392/1392 1395/1395/1395 1387/1387/1387
f 1391/1391/1391 1387/1387/1387 1395/1395/1395
f 1392/1392/1392 1393/1393/1393 448/448/448
f 448/448/448 1393/1393/1393 445/445/445
f 1394/1394/1394 445/445/445 1393/1393/1393
f 448/448/448 457/457/457 1392/1392/1392
f 1395/1395/1395 1392/1392/1392 457/457/457
f 443/443/443 445/445/445 1394/1394/1394
f 457/457/457 1396/1396/1396 1395/1395/1395
f 1396/1396/1396 457/457/457 453/453/453
f 453/453/453 1290/1290/1290 1396/1396/1396
f 1292/1292/1292 1396/1396/1396 1290/1290/1290
f 1397/1397/1397 1395/1395/1395 1396/1396/1396
f 1396/1396/1396 1292/1292/1292 1397/1397/1397
f 1395/1395/1395 1397/1397/1397 1391/1391/1391
f 1398/1398/1398 1397/1397/1397 1292/1292/1292
f 1292/1292/1292 357/357/357 1398/1398/1398
f 1399/1399/1399 1391/1391/1391 1397/1397/1397
f 1397/1397/1397 1398/1398/1398 1399/1399/1399
f 1391/1391/1391 1399/1399/1399 1383/1383/1383
f 358/358/358 1398/1398/1398 357/357/357
f 1400/1400/1400 1399/1399/1399 1398/1398/1398
f 1383/1383/1383 1399/1399/1399 1400/1400/1400
f 1401/1401/1401 1398/1398/1398 358/358/358
f 1400/1400/1400 1402/1402/1402 1383/1383/1383
f 1380/1380/1380 1383/1383/1383 1402/1402/1402
f 1402/1402/1402 1400/1400/1400 1403/1403/1403
f 1404/1404/1404 1403/1403/1403 1400/1400/1400
f 1401/1401/1401 1403/1403/1403 1404/1404/1404
f 1403/1403/1403 1405/1405/1405 1402/1402/1402
f 1405/1405/1405 1403/1403/1403 1401/1401/1401
f 1402/1402/1402 1406/1406/1406 1380/1380/1380
f 1406/1406/1406 1402/1402/1402 1405/1405/1405
f 1407/1407/1407 1401/1401/1401 358/358/358
f 1401/1401/1401 1408/1408/1408 1405/1405/1405
f 1408/1408/1408 1401/1401/1401 1407/1407/1407
f 358/358/358 1409/1409/1409 1407/1407/1407
f 373/373/373 1409/1409/1409 358/358/358
f 1407/1407/1407 1410/1410/1410 1408/1408/1408
f 1410/1410/1410 1407/1407/1407 1409/1409/1409
f 1411/1411/1411 1409/1409/1409 373/373/373
f 1409/1409/1409 1411/1411/1411 1410/1410/1410
f 373/373/373 371/371/371 1411/1411/1411
f 1412/1412/1412 1405/1405/1405 1408/1408/1408
f 1405/1405/1405 1412/1412/1412 1406/1406/1406
f 1413/1413/1413 1408/1408/1408 1410/1410/1410
f 1408/1408/1408 1413/1413/1413 1412/1412/1412
f 1414/1414/1414 1410/1410/1410 1411/1411/1411
f 1410/1410/1410 1414/1414/1414 1413/1413/1413
f 1415/1415/1415 1411/1411/1411 371/371/371
f 1411/1411/1411 1415/1415/1415 1414/1414/1414
f 371/371/371 375/375/375 1415/1415/1415
f 395/395/395 1415/1415/1415 375/375/375
f 1416/1416/1416 1413/1413/1413 1414/1414/1414
f 1412/1412/1412 1413/1413/1413 1416/1416/1416
f 1417/1417/1417 1414/1414/1414 1415/1415/1415
f 1415/1415/1415 395/395/395 1417/1417/1417
f 1414/1414/1414 1417/1417/1417 1416/1416/1416
f 413/413/413 1417/1417/1417 395/395/395
f 1417/1417/1417 413/413/413 1418/1418/1418
f 1418/1418/1418 1416/1416/1416 1417/1417/1417
f 417/417/417 1418/1418/1418 413/413/413
f 1416/1416/1416 1419/1419/1419 1412/1412/1412
f 1406/1406/1406 1412/1412/1412 1419/1419/1419
f 1416/1416/1416 1418/1418/1418 1420/1420/1420
f 1420/1420/1420 1419/1419/1419 1416/1416/1416
f 1418/1418/1418 417/417/417 1421/1421/1421
f 1421/1421/1421 1420/1420/1420 1418/1418/1418
f 419/419/419 1421/1421/1421 417/417/417
f 1421/1421/1421 419/419/419 441/441/441
f 1420/1420/1420 1421/1421/1421 1422/1422/1422
f 441/441/441 1422/1422/1422 1421/1421/1421
f 1419/1419/1419 1420/1420/1420 1423/1423/1423
f 1422/1422/1422 1423/1423/1423 1420/1420/1420
f 1419/1419/1419 1424/1424/1424 1406/1406/1406
f 1423/1423/1423 1424/1424/1424 1419/1419/1419
f 1380/1380/1380 1406/1406/1406 1424/1424/1424
f 1424/1424/1424 1379/1379/1379 1380/1380/1380
f 1425/1425/1425 1422/1422/1422 441/441/441
f 1423/1423/1423 1422/1422/1422 1425/1425/1425
f 441/441/441 443/443/443 1425/1425/1425
f 1394/1394/1394 1425/1425/1425 443/443/443
f 1424/1424/1424 1423/1423/1423 1426/1426/1426
f 1425/1425/1425 1426/1426/1426 1423/1423/1423
f 1426/1426/1426 1379/1379/1379 1424/1424/1424
f 1425/1425/1425 1394/1394/1394 1427/1427/1427
f 1427/1427/1427 1426/1426/1426 1425/1425/1425
f 1427/1427/1427 1379/1379/1379 1426/1426/1426
f 1388/1388/1388 1427/1427/1427 1394/1394/1394
f 1379/1379/1379 1427/1427/1427 1388/1388/1388
f 1430/1430/1430 1429/1429/1429 1428/1428/1428
f 1431/1431/1431 1429/1429/1429 1430/1430/1430
f 1432/1432/1432 1428/1428/1428 1429/1429/1429
f 1433/1433/1433 1429/1429/1429 1431/1431/1431
f 1429/1429/1429 1433/1433/1433 1432/1432/1432
f 1430/1430/1430 1434/1434/1434 1431/1431/1431
f 1432/1432/1432 1433/1433/1433 1435/1435/1435
f 1431/1431/1431 1434/1434/1434 1436/1436/1436
f 1431/1431/1431 1437/1437/1437 1433/1433/1433
f 1437/1437/1437 1431/1431/1431 1436/1436/1436
f 1438/1438/1438 1435/1435/1435 1433/1433/1433
f 1433/1433/1433 1437/1437/1437 1438/1438/1438
f 1439/1439/1439 1436/1436/1436 1434/1434/1434
f 1436/1436/1436 1440/1440/1440 1437/1437/1437
f 1439/1439/1439 1440/1440/1440 1436/1436/1436
f 1441/1441/1441 1438/1438/1438 1437/1437/1437
f 1437/1437/1437 1440/1440/1440 1441/1441/1441
f 1434/1434/1434 1442/1442/1442 1439/1439/1439
f 1442/1442/1442 1434/1434/1434 1430/1430/1430
f 1440/1440/1440 1439/1439/1439 1443/1443/1443
f 1439/1439/1439 1442/1442/1442 1444/1444/1444
f 1444/1444/1444 1443/1443/1443 1439/1439/1439
f 1430/1430/1430 1445/1445/1445 1442/1442/1442
f 1444/1444/1444 1442/1442/1442 1445/1445/1445
f 1443/1443/1443 1446/1446/1446 1440/1440/1440
f 1446/1446/1446 1441/1441/1441 1440/1440/1440
f 1447/1447/1447 1443/1443/1443 1444/1444/1444
f 1443/1443/1443 1447/1447/1447 1446/1446/1446
f 1448/1448/1448 1441/1441/1441 1446/1446/1446
f 1446/1446/1446 1447/1447/1447 1448/1448/1448
f 1444/1444/1444 1449/1449/1449 1447/1447/1447
f 1447/1447/1447 1449/1449/1449 1448/1448/1448
f 1449/1449/1449 1444/1444/1444 1450/1450/1450
f 1445/1445/1445 1450/1450/1450 1444/1444/1444
f 1448/1448/1448 1449/1449/1449 1451/1451/1451
f 1450/1450/1450 1451/1451/1451 1449/1449/1449
f 1441/1441/1441 1448/1448/1448 1452/1452/1452
f 1451/1451/1451 1452/1452/1452 1448/1448/1448
f 1452/1452/1452 1438/1438/1438 1441/1441/1441
f 1451/1451/1451 1450/1450/1450 244/244/244
f 244/244/244 1450/1450/1450 1445/1445/1445
f 244/244/244 247/247/247 1451/1451/1451
f 1452/1452/1452 1451/1451/1451 247/247/247
f 1445/1445/1445 243/243/243 244/244/244
f 247/247/247 1453/1453/1453 1452/1452/1452
f 1438/1438/1438 1452/1452/1452 1453/1453/1453
f 1453/1453/1453 1435/1435/1435 1438/1438/1438
f 246/246/246 1453/1453/1453 247/247/247
f 1454/1454/1454 243/243/243 1445/1445/1445
f 1445/1445/1445 1430/1430/1430 1454/1454/1454
f 243/243/243 1454/1454/1454 222/222/222
f 1428/1428/1428 1454/1454/1454 1430/1430/1430
f 222/222/222 1454/1454/1454 1428/1428/1428
f 246/246/246 1455/1455/1455 1453/1453/1453
f 1435/1435/1435 1453/1453/1453 1455/1455/1455
f 1455/1455/1455 246/246/246 150/150/150
f 222/222/222 1428/1428/1428 1456/1456/1456
f 222/222/222 1456/1456/1456 136/136/136
f 140/140/140 136/136/136 1456/1456/1456
f 150/150/150 1457/1457/1457 1455/1455/1455
f 150/150/150 148/148/148 1457/1457/1457
f 1455/1455/1455 1458/1458/1458 1435/1435/1435
f 1435/1435/1435 1458/1458/1458 1432/1432/1432
f 1455/1455/1455 1457/1457/1457 1459/1459/1459
f 1460/1460/1460 1432/1432/1432 1458/1458/1458
f 1428/1428/1428 1432/1432/1432 1460/1460/1460
f 1458/1458/1458 1455/1455/1455 1461/1461/1461
f 1459/1459/1459 1461/1461/1461 1455/1455/1455
f 1458/1458/1458 1462/1462/1462 1460/1460/1460
f 1461/1461/1461 1462/1462/1462 1458/1458/1458
f 1457/1457/1457 148/148/148 1463/1463/1463
f 1463/1463/1463 1459/1459/1459 1457/1457/1457
f 1462/1462/1462 1461/1461/1461 1464/1464/1464
f 1461/1461/1461 1459/1459/1459 1465/1465/1465
f 1465/1465/1465 1464/1464/1464 1461/1461/1461
f 1460/1460/1460 1462/1462/1462 1466/1466/1466
f 1464/1464/1464 1466/1466/1466 1462/1462/1462
f 1460/1460/1460 1467/1467/1467 1428/1428/1428
f 1466/1466/1466 1468/1468/1468 1460/1460/1460
f 1467/1467/1467 1460/1460/1460 1468/1468/1468
f 1466/1466/1466 1464/1464/1464 1469/1469/1469
f 1428/1428/1428 1467/1467/1467 1470/1470/1470
f 1470/1470/1470 1456/1456/1456 1428/1428/1428
f 1468/1468/1468 1466/1466/1466 1471/1471/1471
f 1469/1469/1469 1471/1471/1471 1466/1466/1466
f 1468/1468/1468 1472/1472/1472 1467/1467/1467
f 1473/1473/1473 1469/1469/1469 1464/1464/1464
f 1464/1464/1464 1465/1465/1465 1473/1473/1473
f 1467/1467/1467 1472/1472/1472 1474/1474/1474
f 1474/1474/1474 1470/1470/1470 1467/1467/1467
f 1472/1472/1472 1468/1468/1468 1475/1475/1475
f 1471/1471/1471 1475/1475/1475 1468/1468/1468
f 1476/1476/1476 1474/1474/1474 1472/1472/1472
f 1475/1475/1475 1477/1477/1477 1472/1472/1472
f 1472/1472/1472 1477/1477/1477 1476/1476/1476
f 1475/1475/1475 1471/1471/1471 1478/1478/1478
f 1477/1477/1477 1475/1475/1475 1479/1479/1479
f 1478/1478/1478 1479/1479/1479 1475/1475/1475
f 1471/1471/1471 1469/1469/1469 1480/1480/1480
f 1480/1480/1480 1478/1478/1478 1471/1471/1471
f 1469/1469/1469 1473/1473/1473 1481/1481/1481
f 1481/1481/1481 1480/1480/1480 1469/1469/1469
f 1478/1478/1478 1480/1480/1480 1482/1482/1482
f 1480/1480/1480 1481/1481/1481 1483/1483/1483
f 1483/1483/1483 1482/1482/1482 1480/1480/1480
f 1482/1482/1482 1484/1484/1484 1478/1478/1478
f 1484/1484/1484 1482/1482/1482 1483/1483/1483
f 1479/1479/1479 1478/1478/1478 1484/1484/1484
f 1485/1485/1485 1483/1483/1483 1481/1481/1481
f 1483/1483/1483 1485/1485/1485 1484/1484/1484
f 1486/1486/1486 1481/1481/1481 1473/1473/1473
f 1481/1481/1481 1486/1486/1486 1485/1485/1485
f 1484/1484/1484 1487/1487/1487 1479/1479/1479
f 1473/1473/1473 1488/1488/1488 1486/1486/1486
f 1488/1488/1488 1473/1473/1473 1465/1465/1465
f 1479/1479/1479 1489/1489/1489 1477/1477/1477
f 1489/1489/1489 1479/1479/1479 1487/1487/1487
f 1465/1465/1465 1490/1490/1490 1488/1488/1488
f 1490/1490/1490 1465/1465/1465 1459/1459/1459
f 1477/1477/1477 1489/1489/1489 1491/1491/1491
f 1491/1491/1491 1476/1476/1476 1477/1477/1477
f 1459/1459/1459 1492/1492/1492 1490/1490/1490
f 1492/1492/1492 1459/1459/1459 1463/1463/1463
f 1488/1488/1488 1490/1490/1490 1493/1493/1493
f 1493/1493/1493 1474/1474/1474 1476/1476/1476
f 1490/1490/1490 1492/1492/1492 1494/1494/1494
f 1494/1494/1494 1493/1493/1493 1490/1490/1490
f 1474/1474/1474 1493/1493/1493 1494/1494/1494
f 1494/1494/1494 1470/1470/1470 1474/1474/1474
f 1476/1476/1476 1495/1495/1495 1493/1493/1493
f 1493/1493/1493 1495/1495/1495 1488/1488/1488
f 1495/1495/1495 1476/1476/1476 1491/1491/1491
f 1486/1486/1486 1488/1488/1488 1495/1495/1495
f 1495/1495/1495 1496/1496/1496 1486/1486/1486
f 1491/1491/1491 1496/1496/1496 1495/1495/1495
f 1485/1485/1485 1486/1486/1486 1496/1496/1496
f 1496/1496/1496 1491/1491/1491 1497/1497/1497
f 1497/1497/1497 1491/1491/1491 1489/1489/1489
f 1496/1496/1496 1498/1498/1498 1485/1485/1485
f 1497/1497/1497 1498/1498/1498 1496/1496/1496
f 1489/1489/1489 1499/1499/1499 1497/1497/1497
f 1487/1487/1487 1499/1499/1499 1489/1489/1489
f 1498/1498/1498 1497/1497/1497 1500/1500/1500
f 1500/1500/1500 1497/1497/1497 1499/1499/1499
f 1498/1498/1498 1501/1501/1501 1485/1485/1485
f 1499/1499/1499 1487/1487/1487 1502/1502/1502
f 1500/1500/1500 1503/1503/1503 1498/1498/1498
f 1501/1501/1501 1498/1498/1498 1503/1503/1503
f 1499/1499/1499 1504/1504/1504 1500/1500/1500
f 1502/1502/1502 1504/1504/1504 1499/1499/1499
f 1503/1503/1503 1500/1500/1500 1505/1505/1505
f 1505/1505/1505 1500/1500/1500 1504/1504/1504
f 1503/1503/1503 1506/1506/1506 1501/1501/1501
f 1505/1505/1505 1506/1506/1506 1503/1503/1503
f 1504/1504/1504 1502/1502/1502 1507/1507/1507
f 1506/1506/1506 1505/1505/1505 1508/1508/1508
f 1508/1508/1508 1501/1501/1501 1506/1506/1506
f 1504/1504/1504 1509/1509/1509 1505/1505/1505
f 1508/1508/1508 1505/1505/1505 1509/1509/1509
f 1507/1507/1507 1509/1509/1509 1504/1504/1504
f 1501/1501/1501 1508/1508/1508 1510/1510/1510
f 1509/1509/1509 1510/1510/1510 1508/1508/1508
f 1511/1511/1511 1507/1507/1507 1502/1502/1502
f 1509/1509/1509 1507/1507/1507 1511/1511/1511
f 1502/1502/1502 1487/1487/1487 1511/1511/1511
f 1511/1511/1511 1510/1510/1510 1509/1509/1509
f 1510/1510/1510 1511/1511/1511 1501/1501/1501
f 1485/1485/1485 1501/1501/1501 1511/1511/1511
f 1487/1487/1487 1484/1484/1484 1511/1511/1511
f 1511/1511/1511 1484/1484/1484 1485/1485/1485
f 1494/1494/1494 1492/1492/1492 1512/1512/1512
f 1463/1463/1463 1512/1512/1512 1492/1492/1492
f 1512/1512/1512 1513/1513/1513 1494/1494/1494
f 1470/1470/1470 1494/1494/1494 1513/1513/1513
f 1512/1512/1512 1463/1463/1463 1514/1514/1514
f 1513/1513/1513 1515/1515/1515 1470/1470/1470
f 1470/1470/1470 1515/1515/1515 1456/1456/1456
f 1456/1456/1456 1515/1515/1515 140/140/140
f 1513/1513/1513 1512/1512/1512 1516/1516/1516
f 1514/1514/1514 1516/1516/1516 1512/1512/1512
f 1515/1515/1515 1513/1513/1513 1517/1517/1517
f 1516/1516/1516 1517/1517/1517 1513/1513/1513
f 1518/1518/1518 140/140/140 1515/1515/1515
f 142/142/142 140/140/140 1518/1518/1518
f 1517/1517/1517 1519/1519/1519 1515/1515/1515
f 1515/1515/1515 1519/1519/1519 1518/1518/1518
f 1518/1518/1518 1520/1520/1520 142/142/142
f 142/142/142 1520/1520/1520 144/144/144
f 1521/1521/1521 1518/1518/1518 1519/1519/1519
f 1520/1520/1520 1518/1518/1518 1521/1521/1521
f 1519/1519/1519 1517/1517/1517 1522/1522/1522
f 1523/1523/1523 144/144/144 1520/1520/1520
f 1517/1517/1517 1516/1516/1516 1524/1524/1524
f 1524/1524/1524 1522/1522/1522 1517/1517/1517
f 1521/1521/1521 1525/1525/1525 1520/1520/1520
f 1520/1520/1520 1525/1525/1525 1523/1523/1523
f 1519/1519/1519 1526/1526/1526 1521/1521/1521
f 1522/1522/1522 1526/1526/1526 1519/1519/1519
f 1525/1525/1525 1521/1521/1521 1527/1527/1527
f 1527/1527/1527 1521/1521/1521 1526/1526/1526
f 1528/1528/1528 1524/1524/1524 1516/1516/1516
f 1516/1516/1516 1514/1514/1514 1528/1528/1528
f 1522/1522/1522 1524/1524/1524 1529/1529/1529
f 1526/1526/1526 1522/1522/1522 1530/1530/1530
f 1529/1529/1529 1530/1530/1530 1522/1522/1522
f 1524/1524/1524 1528/1528/1528 1531/1531/1531
f 1531/1531/1531 1529/1529/1529 1524/1524/1524
f 1530/1530/1530 1532/1532/1532 1526/1526/1526
f 1526/1526/1526 1532/1532/1532 1527/1527/1527
f 1530/1530/1530 1529/1529/1529 1533/1533/1533
f 1527/1527/1527 1534/1534/1534 1525/1525/1525
f 1529/1529/1529 1531/1531/1531 1535/1535/1535
f 1535/1535/1535 1533/1533/1533 1529/1529/1529
f 1534/1534/1534 1527/1527/1527 1536/1536/1536
f 1536/1536/1536 1527/1527/1527 1532/1532/1532
f 1525/1525/1525 1534/1534/1534 1537/1537/1537
f 1537/1537/1537 1523/1523/1523 1525/1525/1525
f 1532/1532/1532 1530/1530/1530 1538/1538/1538
f 1538/1538/1538 1530/1530/1530 1533/1533/1533
f 1532/1532/1532 1539/1539/1539 1536/1536/1536
f 1538/1538/1538 1539/1539/1539 1532/1532/1532
f 1536/1536/1536 1540/1540/1540 1534/1534/1534
f 1537/1537/1537 1534/1534/1534 1540/1540/1540
f 1541/1541/1541 1536/1536/1536 1539/1539/1539
f 1540/1540/1540 1536/1536/1536 1541/1541/1541
f 1539/1539/1539 1538/1538/1538 1542/1542/1542
f 1539/1539/1539 1543/1543/1543 1541/1541/1541
f 1542/1542/1542 1543/1543/1543 1539/1539/1539
f 1544/1544/1544 1542/1542/1542 1538/1538/1538
f 1543/1543/1543 1542/1542/1542 1544/1544/1544
f 1544/1544/1544 1538/1538/1538 1533/1533/1533
f 1545/1545/1545 1541/1541/1541 1543/1543/1543
f 1546/1546/1546 1544/1544/1544 1533/1533/1533
f 1544/1544/1544 1547/1547/1547 1543/1543/1543
f 1547/1547/1547 1544/1544/1544 1546/1546/1546
f 1543/1543/1543 1547/1547/1547 1545/1545/1545
f 1548/1548/1548 1546/1546/1546 1533/1533/1533
f 1546/1546/1546 1548/1548/1548 1547/1547/1547
f 1549/1549/1549 1541/1541/1541 1545/1545/1545
f 1541/1541/1541 1549/1549/1549 1540/1540/1540
f 1550/1550/1550 1545/1545/1545 1547/1547/1547
f 1547/1547/1547 1548/1548/1548 1550/1550/1550
f 1545/1545/1545 1551/1551/1551 1549/1549/1549
f 1551/1551/1551 1545/1545/1545 1550/1550/1550
f 1549/1549/1549 1551/1551/1551 1552/1552/1552
f 1550/1550/1550 1552/1552/1552 1551/1551/1551
f 1540/1540/1540 1549/1549/1549 1552/1552/1552
f 1553/1553/1553 1550/1550/1550 1548/1548/1548
f 1552/1552/1552 1550/1550/1550 1553/1553/1553
f 1533/1533/1533 1554/1554/1554 1548/1548/1548
f 1548/1548/1548 1554/1554/1554 1553/1553/1553
f 1554/1554/1554 1533/1533/1533 1535/1535/1535
f 1540/1540/1540 1552/1552/1552 1555/1555/1555
f 1537/1537/1537 1540/1540/1540 1555/1555/1555
f 1554/1554/1554 1535/1535/1535 1556/1556/1556
f 1556/1556/1556 1553/1553/1553 1554/1554/1554
f 1556/1556/1556 1535/1535/1535 1531/1531/1531
f 1553/1553/1553 1557/1557/1557 1552/1552/1552
f 1552/1552/1552 1557/1557/1557 1555/1555/1555
f 1553/1553/1553 1556/1556/1556 1557/1557/1557
f 1557/1557/1557 1537/1537/1537 1555/1555/1555
f 1531/1531/1531 1558/1558/1558 1556/1556/1556
f 1557/1557/1557 1556/1556/1556 1558/1558/1558
f 1558/1558/1558 1531/1531/1531 1528/1528/1528
f 1557/1557/1557 1559/1559/1559 1537/1537/1537
f 1558/1558/1558 1559/1559/1559 1557/1557/1557
f 1528/1528/1528 1560/1560/1560 1558/1558/1558
f 1559/1559/1559 1558/1558/1558 1560/1560/1560
f 1560/1560/1560 1537/1537/1537 1559/1559/1559
f 1560/1560/1560 1528/1528/1528 1514/1514/1514
f 1537/1537/1537 1560/1560/1560 1561/1561/1561
f 1514/1514/1514 1561/1561/1561 1560/1560/1560
f 1561/1561/1561 1523/1523/1523 1537/1537/1537
f 1562/1562/1562 1561/1561/1561 1514/1514/1514
f 1523/1523/1523 1561/1561/1561 1562/1562/1562
f 1514/1514/1514 1463/1463/1463 1562/1562/1562
f 1562/1562/1562 144/144/144 1523/1523/1523
f 1562/1562/1562 1463/1463/1463 148/148/148
f 144/144/144 1562/1562/1562 146/146/146
f 148/148/148 146/146/146 1562/1562/1562
f 1565/1565/1565 1564/1564/1564 1563/1563/1563
f 1563/1563/1563 1566/1566/1566 1565/1565/1565
f 1564/1564/1564 1565/1565/1565 1567/1567/1567
f 1566/1566/1566 1563/1563/1563 1568/1568/1568
f 1567/1567/1567 1569/1569/1569 1564/1564/1564
f 1568/1568/1568 1570/1570/1570 1566/1566/1566
f 1569/1569/1569 1567/1567/1567 1571/1571/1571
f 1570/1570/1570 1568/1568/1568 1572/1572/1572
f 1571/1571/1571 1573/1573/1573 1569/1569/1569
f 1572/1572/1572 1574/1574/1574 1570/1570/1570
f 1573/1573/1573 1571/1571/1571 1575/1575/1575
f 1574/1574/1574 1572/1572/1572 1576/1576/1576
f 1575/1575/1575 1577/1577/1577 1573/1573/1573
f 1576/1576/1576 1578/1578/1578 1574/1574/1574
f 1577/1577/1577 1575/1575/1575 1579/1579/1579
f 1578/1578/1578 1576/1576/1576 1580/1580/1580
f 1579/1579/1579 1581/1581/1581 1577/1577/1577
f 1580/1580/1580 1582/1582/1582 1578/1578/1578
f 1583/1583/1583 1581/1581/1581 1579/1579/1579
f 1582/1582/1582 1580/1580/1580 1584/1584/1584
f 1579/1579/1579 1585/1585/1585 1583/1583/1583
f 1584/1584/1584 1586/1586/1586 1582/1582/1582
f 1583/1583/1583 1585/1585/1585 1587/1587/1587
f 1586/1586/1586 1584/1584/1584 1588/1588/1588
f 1587/1587/1587 1589/1589/1589 1583/1583/1583
f 1588/1588/1588 1590/1590/1590 1586/1586/1586
f 1589/1589/1589 1587/1587/1587 1591/1591/1591
f 1592/1592/1592 1590/1590/1590 1588/1588/1588
f 1591/1591/1591 1593/1593/1593 1589/1589/1589
f 1588/1588/1588 1594/1594/1594 1592/1592/1592
f 1593/1593/1593 1591/1591/1591 1595/1595/1595
f 1592/1592/1592 1594/1594/1594 1596/1596/1596
f 1595/1595/1595 1597/1597/1597 1593/1593/1593
f 1596/1596/1596 1598/1598/1598 1592/1592/1592
f 1597/1597/1597 1595/1595/1595 1599/1599/1599
f 1598/1598/1598 1596/1596/1596 1600/1600/1600
f 1599/1599/1599 1601/1601/1601 1597/1597/1597
f 1600/1600/1600 1602/1602/1602 1598/1598/1598
f 1601/1601/1601 1599/1599/1599 1603/1603/1603
f 1602/1602/1602 1600/1600/1600 1604/1604/1604
f 1603/1603/1603 1605/1605/1605 1601/1601/1601
f 1604/1604/1604 1606/1606/1606 1602/1602/1602
f 1607/1607/1607 1605/1605/1605 1603/1603/1603
f 1606/1606/1606 1604/1604/1604 1608/1608/1608
f 1603/1603/1603 1609/1609/1609 1607/1607/1607
f 1608/1608/1608 1610/1610/1610 1606/1606/1606
f 1607/1607/1607 1609/1609/1609 1611/1611/1611
f 1610/1610/1610 1608/1608/1608 1612/1612/1612
f 1611/1611/1611 1613/1613/1613 1607/1607/1607
f 1612/1612/1612 1614/1614/1614 1610/1610/1610
f 1613/1613/1613 1611/1611/1611 1615/1615/1615
f 1614/1614/1614 1612/1612/1612 1616/1616/1616
f 1615/1615/1615 1617/1617/1617 1613/1613/1613
f 1616/1616/1616 1618/1618/1618 1614/1614/1614
f 1619/1619/1619 1617/1617/1617 1615/1615/1615
f 1618/1618/1618 1616/1616/1616 1620/1620/1620
f 1615/1615/1615 1621/1621/1621 1619/1619/1619
f 1620/1620/1620 1622/1622/1622 1618/1618/1618
f 1623/1623/1623 1619/1619/1619 1621/1621/1621
f 1624/1624/1624 1622/1622/1622 1620/1620/1620
f 1621/1621/1621 1625/1625/1625 1623/1623/1623
f 1620/1620/1620 1626/1626/1626 1624/1624/1624
f 1623/1623/1623 1625/1625/1625 1627/1627/1627
f 1624/1624/1624 1626/1626/1626 1628/1628/1628
f 1627/1627/1627 1629/1629/1629 1623/1623/1623
f 1628/1628/1628 1630/1630/1630 1624/1624/1624
f 1629/1629/1629 1627/1627/1627 1631/1631/1631
f 1630/1630/1630 1628/1628/1628 1632/1632/1632
f 1631/1631/1631 1633/1633/1633 1629/1629/1629
f 1632/1632/1632 1634/1634/1634 1630/1630/1630
f 1633/1633/1633 1631/1631/1631 1635/1635/1635
f 1634/1634/1634 1632/1632/1632 1636/1636/1636
f 1635/1635/1635 1637/1637/1637 1633/1633/1633
f 1636/1636/1636 1638/1638/1638 1634/1634/1634
f 1637/1637/1637 1635/1635/1635 1638/1638/1638
f 1638/1638/1638 1636/1636/1636 1637/1637/1637
f 1641/1641/1641 1640/1640/1640 1639/1639/1639
f 1639/1639/1639 1642/1642/1642 1641/1641/1641
f 1640/1640/1640 1641/1641/1641 1643/1643/1643
f 1642/1642/1642 1639/1639/1639 1644/1644/1644
f 1643/1643/1643 1645/1645/1645 1640/1640/1640
f 1644/1644/1644 1646/1646/1646 1642/1642/1642
f 1645/1645/1645 1643/1643/1643 1647/1647/1647
f 1646/1646/1646 1644/1644/1644 1648/1648/1648
f 1647/1647/1647 1649/1649/1649 1645/1645/1645
f 1648/1648/1648 1650/1650/1650 1646/1646/1646
f 1649/1649/1649 1647/1647/1647 1651/1651/1651
f 1650/1650/1650 1648/1648/1648 1652/1652/1652
f 1651/1651/1651 1653/1653/1653 1649/1649/1649
f 1652/1652/1652 1654/1654/1654 1650/1650/1650
f 1653/1653/1653 1651/1651/1651 1655/1655/1655
f 1654/1654/1654 1652/1652/1652 1656/1656/1656
f 1655/1655/1655 1657/1657/1657 1653/1653/1653
f 1656/1656/1656 1658/1658/1658 1654/1654/1654
f 1657/1657/1657 1655/1655/1655 1659/1659/1659
f 1658/1658/1658 1656/1656/1656 1660/1660/1660
f 1659/1659/1659 1661/1661/1661 1657/1657/1657
f 1660/1660/1660 1662/1662/1662 1658/1658/1658
f 1661/1661/1661 1659/1659/1659 1663/1663/1663
f 1662/1662/1662 1660/1660/1660 1664/1664/1664
f 1663/1663/1663 1665/1665/1665 1661/1661/1661
f 1664/1664/1664 1666/1666/1666 1662/1662/1662
f 1665/1665/1665 1663/1663/1663 1667/1667/1667
f 1666/1666/1666 1664/1664/1664 1668/1668/1668
f 1667/1667/1667 1669/1669/1669 1665/1665/1665
f 1668/1668/1668 1670/1670/1670 1666/1666/1666
f 1669/1669/1669 1667/1667/1667 1671/1671/1671
f 1670/1670/1670 1668/1668/1668 1672/1672/1672
f 1671/1671/1671 1673/1673/1673 1669/1669/1669
f 1672/1672/1672 1674/1674/1674 1670/1670/1670
f 1673/1673/1673 1671/1671/1671 1675/1675/1675
f 1674/1674/1674 1672/1672/1672 1676/1676/1676
f 1675/1675/1675 1677/1677/1677 1673/1673/1673
f 1676/1676/1676 1678/1678/1678 1674/1674/1674
f 1677/1677/1677 1675/1675/1675 1679/1679/1679
f 1678/1678/1678 1676/1676/1676 1680/1680/1680
f 1679/1679/1679 1681/1681/1681 1677/1677/1677
f 1680/1680/1680 1682/1682/1682 1678/1678/1678
f 1681/1681/1681 1679/1679/1679 1683/1683/1683
f 1682/1682/1682 1680/1680/1680 1684/1684/1684
f 1683/1683/1683 1685/1685/1685 1681/1681/1681
f 1684/1684/1684 1686/1686/1686 1682/1682/1682
f 1685/1685/1685 1683/1683/1683 1687/1687/1687
f 1686/1686/1686 1684/1684/1684 1688/1688/1688
f 1687/1687/1687 1689/1689/1689 1685/1685/1685
f 1688/1688/1688 1690/1690/1690 1686/1686/1686
f 1689/1689/1689 1687/1687/1687 1691/1691/1691
f 1690/1690/1690 1688/1688/1688 1692/1692/1692
f 1691/1691/1691 1693/1693/1693 1689/1689/1689
f 1692/1692/1692 1694/1694/1694 1690/1690/1690
f 1695/1695/1695 1693/1693/1693 1691/1691/1691
f 1694/1694/1694 1692/1692/1692 1696/1696/1696
f 1691/1691/1691 1697/1697/1697 1695/1695/1695
f 1696/1696/1696 1698/1698/1698 1694/1694/1694
f 1695/1695/1695 1697/1697/1697 1699/1699/1699
f 1698/1698/1698 1696/1696/1696 1700/1700/1700
f 1699/1699/1699 1701/1701/1701 1695/1695/1695
f 1700/1700/1700 1702/1702/1702 1698/1698/1698
f 1701/1701/1701 1699/1699/1699 1703/1703/1703
f 1702/1702/1702 1700/1700/1700 1704/1704/1704
f 1703/1703/1703 1705/1705/1705 1701/1701/1701
f 1704/1704/1704 1706/1706/1706 1702/1702/1702
f 1705/1705/1705 1703/1703/1703 1707/1707/1707
f 1708/1708/1708 1706/1706/1706 1704/1704/1704
f 1707/1707/1707 1709/1709/1709 1705/1705/1705
f 1704/1704/1704 1710/1710/1710 1708/1708/1708
f 1709/1709/1709 1707/1707/1707 1711/1711/1711
f 1708/1708/1708 1710/1710/1710 1712/1712/1712
f 1711/1711/1711 1713/1713/1713 1709/1709/1709
f 1712/1712/1712 1714/1714/1714 1708/1708/1708
f 1713/1713/1713 1711/1711/1711 1714/1714/1714
f 1714/1714/1714 1712/1712/1712 1713/1713/1713
f 1717/1717/1717 1716/1716/1716 1715/1715/1715
f 1715/1715/1715 1716/1716/1716 1718/1718/1718
f 1715/1715/1715 1719/1719/1719 1717/1717/1717
f 1718/1718/1718 1720/1720/1720 1715/1715/1715
f 1717/1717/1717 1719/1719/1719 1721/1721/1721
f 1722/1722/1722 1720/1720/1720 1718/1718/1718
f 1721/1721/1721 1723/1723/1723 1717/1717/1717
f 1718/1718/1718 1724/1724/1724 1722/1722/1722
f 1723/1723/1723 1721/1721/1721 1725/1725/1725
f 1722/1722/1722 1724/1724/1724 1726/1726/1726
f 1725/1725/1725 1727/1727/1727 1723/1723/1723
f 1726/1726/1726 1728/1728/1728 1722/1722/1722
f 1727/1727/1727 1725/1725/1725 1729/1729/1729
f 1728/1728/1728 1726/1726/1726 1730/1730/1730
f 1729/1729/1729 1731/1731/1731 1727/1727/1727
f 1730/1730/1730 1732/1732/1732 1728/1728/1728
f 1733/1733/1733 1731/1731/1731 1729/1729/1729
f 1734/1734/1734 1732/1732/1732 1730/1730/1730
f 1729/1729/1729 1735/1735/1735 1733/1733/1733
f 1730/1730/1730 1736/1736/1736 1734/1734/1734
f 1737/1737/1737 1733/1733/1733 1735/1735/1735
f 1738/1738/1738 1734/1734/1734 1736/1736/1736
f 1735/1735/1735 1739/1739/1739 1737/1737/1737
f 1736/1736/1736 1740/1740/1740 1738/1738/1738
f 1737/1737/1737 1739/1739/1739 1741/1741/1741
f 1742/1742/1742 1738/1738/1738 1740/1740/1740
f 1741/1741/1741 1743/1743/1743 1737/1737/1737
f 1740/1740/1740 1744/1744/1744 1742/1742/1742
f 1743/1743/1743 1741/1741/1741 1745/1745/1745
f 1742/1742/1742 1744/1744/1744 1746/1746/1746
f 1745/1745/1745 1747/1747/1747 1743/1743/1743
f 1746/1746/1746 1748/1748/1748 1742/1742/1742
f 1749/1749/1749 1747/1747/1747 1745/1745/1745
f 1748/1748/1748 1746/1746/1746 1750/1750/1750
f 1745/1745/1745 1751/1751/1751 1749/1749/1749
f 1750/1750/1750 1752/1752/1752 1748/1748/1748
f 1749/1749/1749 1751/1751/1751 1753/1753/1753
f 1754/1754/1754 1752/1752/1752 1750/1750/1750
f 1753/1753/1753 1755/1755/1755 1749/1749/1749
f 1750/1750/1750 1756/1756/1756 1754/1754/1754
f 1757/1757/1757 1755/1755/1755 1753/1753/1753
f 1758/1758/1758 1754/1754/1754 1756/1756/1756
f 1753/1753/1753 1759/1759/1759 1757/1757/1757
f 1756/1756/1756 1760/1760/1760 1758/1758/1758
f 1761/1761/1761 1757/1757/1757 1759/1759/1759
f 1758/1758/1758 1760/1760/1760 1762/1762/1762
f 1759/1759/1759 1763/1763/1763 1761/1761/1761
f 1762/1762/1762 1764/1764/1764 1758/1758/1758
f 1761/1761/1761 1763/1763/1763 1765/1765/1765
f 1764/1764/1764 1762/1762/1762 1766/1766/1766
f 1765/1765/1765 1767/1767/1767 1761/1761/1761
f 1766/1766/1766 1768/1768/1768 1764/1764/1764
f 1769/1769/1769 1767/1767/1767 1765/1765/1765
f 1770/1770/1770 1768/1768/1768 1766/1766/1766
f 1765/1765/1765 1771/1771/1771 1769/1769/1769
f 1766/1766/1766 1772/1772/1772 1770/1770/1770
f 1769/1769/1769 1771/1771/1771 1773/1773/1773
f 1770/1770/1770 1772/1772/1772 1774/1774/1774
f 1773/1773/1773 1775/1775/1775 1769/1769/1769
f 1774/1774/1774 1776/1776/1776 1770/1770/1770
f 1777/1777/1777 1775/1775/1775 1773/1773/1773
f 1778/1778/1778 1776/1776/1776 1774/1774/1774
f 1773/1773/1773 1779/1779/1779 1777/1777/1777
f 1774/1774/1774 1780/1780/1780 1778/1778/1778
f 1781/1781/1781 1777/1777/1777 1779/1779/1779
f 1782/1782/1782 1778/1778/1778 1780/1780/1780
f 1779/1779/1779 1783/1783/1783 1781/1781/1781
f 1780/1780/1780 1784/1784/1784 1782/1782/1782
f 1785/1785/1785 1781/1781/1781 1783/1783/1783
f 1786/1786/1786 1782/1782/1782 1784/1784/1784
f 1783/1783/1783 1787/1787/1787 1785/1785/1785
f 1784/1784/1784 1788/1788/1788 1786/1786/1786
f 1785/1785/1785 1787/1787/1787 1789/1789/1789
f 1786/1786/1786 1788/1788/1788 1790/1790/1790
f 1789/1789/1789 1790/1790/1790 1785/1785/1785
f 1790/1790/1790 1789/1789/1789 1786/1786/1786
f 1793/1793/1793 1792/1792/1792 1791/1791/1791
f 1794/1794/1794 1792/1792/1792 1793/1793/1793
f 1791/1791/1791 1795/1795/1795 1793/1793/1793
f 1793/1793/1793 1796/1796/1796 1794/1794/1794
f 1795/1795/1795 1791/1791/1791 1797/1797/1797
f 1794/1794/1794 1796/1796/1796 1798/1798/1798
f 1797/1797/1797 1799/1799/1799 1795/1795/1795
f 1798/1798/1798 1800/1800/1800 1794/1794/1794
f 1799/1799/1799 1797/1797/1797 1801/1801/1801
f 1802/1802/1802 1800/1800/1800 1798/1798/1798
f 1801/1801/1801 1803/1803/1803 1799/1799/1799
f 1798/1798/1798 1804/1804/1804 1802/1802/1802
f 1803/1803/1803 1801/1801/1801 1805/1805/1805
f 1802/1802/1802 1804/1804/1804 1806/1806/1806
f 1805/1805/1805 1807/1807/1807 1803/1803/1803
f 1806/1806/1806 1808/1808/1808 1802/1802/1802
f 1807/1807/1807 1805/1805/1805 1809/1809/1809
f 1810/1810/1810 1808/1808/1808 1806/1806/1806
f 1809/1809/1809 1811/1811/1811 1807/1807/1807
f 1806/1806/1806 1812/1812/1812 1810/1810/1810
f 1811/1811/1811 1809/1809/1809 1813/1813/1813
f 1810/1810/1810 1812/1812/1812 1814/1814/1814
f 1813/1813/1813 1815/1815/1815 1811/1811/1811
f 1814/1814/1814 1816/1816/1816 1810/1810/1810
f 1817/1817/1817 1815/1815/1815 1813/1813/1813
f 1818/1818/1818 1816/1816/1816 1814/1814/1814
f 1813/1813/1813 1819/1819/1819 1817/1817/1817
f 1814/1814/1814 1820/1820/1820 1818/1818/1818
f 1817/1817/1817 1819/1819/1819 1821/1821/1821
f 1818/1818/1818 1820/1820/1820 1822/1822/1822
f 1821/1821/1821 1823/1823/1823 1817/1817/1817
f 1822/1822/1822 1824/1824/1824 1818/1818/1818
f 1825/1825/1825 1823/1823/1823 1821/1821/1821
f 1826/1826/1826 1824/1824/1824 1822/1822/1822
f 1821/1821/1821 1827/1827/1827 1825/1825/1825
f 1822/1822/1822 1828/1828/1828 1826/1826/1826
f 1829/1829/1829 1825/1825/1825 1827/1827/1827
f 1830/1830/1830 1826/1826/1826 1828/1828/1828
f 1827/1827/1827 1831/1831/1831 1829/1829/1829
f 1828/1828/1828 1832/1832/1832 1830/1830/1830
f 1829/1829/1829 1831/1831/1831 1833/1833/1833
f 1830/1830/1830 1832/1832/1832 1834/1834/1834
f 1833/1833/1833 1835/1835/1835 1829/1829/1829
f 1834/1834/1834 1836/1836/1836 1830/1830/1830
f 1835/1835/1835 1833/1833/1833 1837/1837/1837
f 1836/1836/1836 1834/1834/1834 1838/1838/1838
f 1837/1837/1837 1839/1839/1839 1835/1835/1835
f 1838/1838/1838 1840/1840/1840 1836/1836/1836
f 1841/1841/1841 1839/1839/1839 1837/1837/1837
f 1842/1842/1842 1840/1840/1840 1838/1838/1838
f 1837/1837/1837 1843/1843/1843 1841/1841/1841
f 1838/1838/1838 1844/1844/1844 1842/1842/1842
f 1841/1841/1841 1843/1843/1843 1845/1845/1845
f 1846/1846/1846 1842/1842/1842 1844/1844/1844
f 1845/1845/1845 1847/1847/1847 1841/1841/1841
f 1844/1844/1844 1848/1848/1848 1846/1846/1846
f 1847/1847/1847 1845/1845/1845 1849/1849/1849
f 1846/1846/1846 1848/1848/1848 1850/1850/1850
f 1849/1849/1849 1851/1851/1851 1847/1847/1847
f 1850/1850/1850 1852/1852/1852 1846/1846/1846
f 1853/1853/1853 1851/1851/1851 1849/1849/1849
f 1852/1852/1852 1850/1850/1850 1854/1854/1854
f 1849/1849/1849 1855/1855/1855 1853/1853/1853
f 1854/1854/1854 1856/1856/1856 1852/1852/1852
f 1853/1853/1853 1855/1855/1855 1857/1857/1857
f 1858/1858/1858 1856/1856/1856 1854/1854/1854
f 1857/1857/1857 1859/1859/1859 1853/1853/1853
f 1854/1854/1854 1860/1860/1860 1858/1858/1858
f 1861/1861/1861 1859/1859/1859 1857/1857/1857
f 1862/1862/1862 1858/1858/1858 1860/1860/1860
f 1857/1857/1857 1863/1863/1863 1861/1861/1861
f 1860/1860/1860 1864/1864/1864 1862/1862/1862
f 1865/1865/1865 1861/1861/1861 1863/1863/1863
f 1862/1862/1862 1864/1864/1864 1865/1865/1865
f 1863/1863/1863 1866/1866/1866 1865/1865/1865
f 1865/1865/1865 1866/1866/1866 1862/1862/1862
f 1869/1869/1869 1868/1868/1868 1867/1867/1867
f 1870/1870/1870 1868/1868/1868 1869/1869/1869
f 1867/1867/1867 1871/1871/1871 1869/1869/1869
f 1869/1869/1869 1872/1872/1872 1870/1870/1870
f 1871/1871/1871 1867/1867/1867 1873/1873/1873
f 1870/1870/1870 1872/1872/1872 1874/1874/1874
f 1873/1873/1873 1875/1875/1875 1871/1871/1871
f 1874/1874/1874 1876/1876/1876 1870/1870/1870
f 1877/1877/1877 1875/1875/1875 1873/1873/1873
f 1878/1878/1878 1876/1876/1876 1874/1874/1874
f 1873/1873/1873 1879/1879/1879 1877/1877/1877
f 1874/1874/1874 1880/1880/1880 1878/1878/1878
f 1881/1881/1881 1877/1877/1877 1879/1879/1879
f 1882/1882/1882 1878/1878/1878 1880/1880/1880
f 1879/1879/1879 1883/1883/1883 1881/1881/1881
f 1880/1880/1880 1884/1884/1884 1882/1882/1882
f 1881/1881/1881 1883/1883/1883 1885/1885/1885
f 1882/1882/1882 1884/1884/1884 1886/1886/1886
f 1885/1885/1885 1887/1887/1887 1881/1881/1881
f 1886/1886/1886 1888/1888/1888 1882/1882/1882
f 1889/1889/1889 1887/1887/1887 1885/1885/1885
f 1890/1890/1890 1888/1888/1888 1886/1886/1886
f 1885/1885/1885 1891/1891/1891 1889/1889/1889
f 1886/1886/1886 1892/1892/1892 1890/1890/1890
f 1889/1889/1889 1891/1891/1891 1893/1893/1893
f 1890/1890/1890 1892/1892/1892 1894/1894/1894
f 1893/1893/1893 1895/1895/1895 1889/1889/1889
f 1894/1894/1894 1896/1896/1896 1890/1890/1890
f 1897/1897/1897 1895/1895/1895 1893/1893/1893
f 1898/1898/1898 1896/1896/1896 1894/1894/1894
f 1893/1893/1893 1899/1899/1899 1897/1897/1897
f 1894/1894/1894 1900/1900/1900 1898/1898/1898
f 1897/1897/1897 1899/1899/1899 1901/1901/1901
f 1898/1898/1898 1900/1900/1900 1902/1902/1902
f 1901/1901/1901 1903/1903/1903 1897/1897/1897
f 1902/1902/1902 1904/1904/1904 1898/1898/1898
f 1903/1903/1903 1901/1901/1901 1905/1905/1905
f 1906/1906/1906 1904/1904/1904 1902/1902/1902
f 1905/1905/1905 1907/1907/1907 1903/1903/1903
f 1902/1902/1902 1908/1908/1908 1906/1906/1906
f 1909/1909/1909 1907/1907/1907 1905/1905/1905
f 1910/1910/1910 1906/1906/1906 1908/1908/1908
f 1905/1905/1905 1911/1911/1911 1909/1909/1909
f 1908/1908/1908 1912/1912/1912 1910/1910/1910
f 1913/1913/1913 1909/1909/1909 1911/1911/1911
f 1914/1914/1914 1910/1910/1910 1912/1912/1912
f 1911/1911/1911 1915/1915/1915 1913/1913/1913
f 1912/1912/1912 1916/1916/1916 1914/1914/1914
f 1913/1913/1913 1915/1915/1915 1917/1917/1917
f 1914/1914/1914 1916/1916/1916 1918/1918/1918
f 1917/1917/1917 1919/1919/1919 1913/1913/1913
f 1918/1918/1918 1920/1920/1920 1914/1914/1914
f 1921/1921/1921 1919/1919/1919 1917/1917/1917
f 1922/1922/1922 1920/1920/1920 1918/1918/1918
f 1917/1917/1917 1923/1923/1923 1921/1921/1921
f 1918/1918/1918 1924/1924/1924 1922/1922/1922
f 1921/1921/1921 1923/1923/1923 1925/1925/1925
f 1922/1922/1922 1924/1924/1924 1926/1926/1926
f 1925/1925/1925 1927/1927/1927 1921/1921/1921
f 1926/1926/1926 1928/1928/1928 1922/1922/1922
f 1927/1927/1927 1925/1925/1925 1929/1929/1929
f 1930/1930/1930 1928/1928/1928 1926/1926/1926
f 1929/1929/1929 1931/1931/1931 1927/1927/1927
f 1926/1926/1926 1932/1932/1932 1930/1930/1930
f 1933/1933/1933 1931/1931/1931 1929/1929/1929
f 1930/1930/1930 1932/1932/1932 1934/1934/1934
f 1929/1929/1929 1935/1935/1935 1933/1933/1933
f 1934/1934/1934 1936/1936/1936 1930/1930/1930
f 1933/1933/1933 1935/1935/1935 1937/1937/1937
f 1936/1936/1936 1934/1934/1934 1938/1938/1938
f 1937/1937/1937 1939/1939/1939 1933/1933/1933
f 1938/1938/1938 1940/1940/1940 1936/1936/1936
f 1939/1939/1939 1937/1937/1937 1941/1941/1941
f 1941/1941/1941 1940/1940/1940 1938/1938/1938
f 1941/1941/1941 1942/1942/1942 1939/1939/1939
f 1938/1938/1938 1942/1942/1942 1941/1941/1941
f 1945/1945/1945 1944/1944/1944 1943/1943/1943
f 1947/1947/1947 1943/1943/1943 1944/1944/1944
f 1943/1943/1943 1946/1946/1946 1945/1945/1945
f 1944/1944/1944 1949/1949/1949 1947/1947/1947
f 1948/1948/1948 1945/1945/1945 1946/1946/1946
f 1951/1951/1951 1947/1947/1947 1949/1949/1949
f 1946/1946/1946 1950/1950/1950 1948/1948/1948
f 1949/1949/1949 1953/1953/1953 1951/1951/1951
f 1952/1952/1952 1948/1948/1948 1950/1950/1950
f 1955/1955/1955 1951/1951/1951 1953/1953/1953
f 1950/1950/1950 1954/1954/1954 1952/1952/1952
f 1953/1953/1953 1957/1957/1957 1955/1955/1955
f 1956/1956/1956 1952/1952/1952 1954/1954/1954
f 1959/1959/1959 1955/1955/1955 1957/1957/1957
f 1954/1954/1954 1958/1958/1958 1956/1956/1956
f 1957/1957/1957 1961/1961/1961 1959/1959/1959
f 1960/1960/1960 1956/1956/1956 1958/1958/1958
f 1963/1963/1963 1959/1959/1959 1961/1961/1961
f 1958/1958/1958 1962/1962/1962 1960/1960/1960
f 1961/1961/1961 1965/1965/1965 1963/1963/1963
f 1964/1964/1964 1960/1960/1960 1962/1962/1962
f 1963/1963/1963 1965/1965/1965 1967/1967/1967
f 1962/1962/1962 1966/1966/1966 1964/1964/1964
f 1967/1967/1967 1969/1969/1969 1963/1963/1963
f 1968/1968/1968 1964/1964/1964 1966/1966/1966
f 1971/1971/1971 1969/1969/1969 1967/1967/1967
f 1966/1966/1966 1970/1970/1970 1968/1968/1968
f 1967/1967/1967 1973/1973/1973 1971/1971/1971
f 1972/1972/1972 1968/1968/1968 1970/1970/1970
f 1975/1975/1975 1971/1971/1971 1973/1973/1973
f 1970/1970/1970 1974/1974/1974 1972/1972/1972
f 1973/1973/1973 1977/1977/1977 1975/1975/1975
f 1976/1976/1976 1972/1972/1972 1974/1974/1974
f 1979/1979/1979 1975/1975/1975 1977/1977/1977
f 1974/1974/1974 1978/1978/1978 1976/1976/1976
f 1977/1977/1977 1981/1981/1981 1979/1979/1979
f 1980/1980/1980 1976/1976/1976 1978/1978/1978
f 1983/1983/1983 1979/1979/1979 1981/1981/1981
f 1978/1978/1978 1982/1982/1982 1980/1980/1980
f 1981/1981/1981 1985/1985/1985 1983/1983/1983
f 1984/1984/1984 1980/1980/1980 1982/1982/1982
f 1987/1987/1987 1983/1983/1983 1985/1985/1985
f 1982/1982/1982 1986/1986/1986 1984/1984/1984
f 1985/1985/1985 1989/1989/1989 1987/1987/1987
f 1984/1984/1984 1986/1986/1986 1988/1988/1988
f 1991/1991/1991 1987/1987/1987 1989/1989/1989
f 1988/1988/1988 1990/1990/1990 1984/1984/1984
f 1989/1989/1989 1993/1993/1993 1991/1991/1991
f 1992/1992/1992 1990/1990/1990 1988/1988/1988
f 1995/1995/1995 1991/1991/1991 1993/1993/1993
f 1988/1988/1988 1994/1994/1994 1992/1992/1992
f 1993/1993/1993 1997/1997/1997 1995/1995/1995
f 1996/1996/1996 1992/1992/1992 1994/1994/1994
f 1999/1999/1999 1995/1995/1995 1997/1997/1997
f 1994/1994/1994 1998/1998/1998 1996/1996/1996
f 1997/1997/1997 2001/2001/2001 1999/1999/1999
f 2000/2000/2000 1996/1996/1996 1998/1998/1998
f 2003/2003/2003 1999/1999/1999 2001/2001/2001
f 1998/1998/1998 2002/2002/2002 2000/2000/2000
f 2001/2001/2001 2005/2005/2005 2003/2003/2003
f 2004/2004/2004 2000/2000/2000 2002/2002/2002
f 2007/2007/2007 2003/2003/2003 2005/2005/2005
f 2002/2002/2002 2006/2006/2006 2004/2004/2004
f 2005/2005/2005 2009/2009/2009 2007/2007/2007
f 2008/2008/2008 2004/2004/2004 2006/2006/2006
f 2011/2011/2011 2007/2007/2007 2009/2009/2009
f 2006/2006/2006 2010/2010/2010 2008/2008/2008
f 2009/2009/2009 2013/2013/2013 2011/2011/2011
f 2012/2012/2012 2008/2008/2008 2010/2010/2010
f 2015/2015/2015 2011/2011/2011 2013/2013/2013
f 2010/2010/2010 2014/2014/2014 2012/2012/2012
f 2013/2013/2013 2017/2017/2017 2015/2015/2015
f 2016/2016/2016 2012/2012/2012 2014/2014/2014
f 2018/2018/2018 2015/2015/2015 2017/2017/2017
f 2014/2014/2014 2018/2018/2018 2016/2016/2016
f 2017/2017/2017 2016/2016/2016 2018/2018/2018
f 2021/2021/2021 2020/2020/2020 2019/2019/2019
f 2019/2019/2019 2022/2022/2022 2021/2021/2021
f 2020/2020/2020 2021/2021/2021 2023/2023/2023
f 2022/2022/2022 2019/2019/2019 2024/2024/2024
f 2023/2023/2023 2025/2025/2025 2020/2020/2020
f 2024/2024/2024 2026/2026/2026 2022/2022/2022
f 2025/2025/2025 2023/2023/2023 2027/2027/2027
f 2026/2026/2026 2024/2024/2024 2028/2028/2028
f 2027/2027/2027 2029/2029/2029 2025/2025/2025
f 2028/2028/2028 2030/2030/2030 2026/2026/2026
f 2029/2029/2029 2027/2027/2027 2031/2031/2031
f 2030/2030/2030 2028/2028/2028 2032/2032/2032
f 2031/2031/2031 2033/2033/2033 2029/2029/2029
f 2032/2032/2032 2034/2034/2034 2030/2030/2030
f 2033/2033/2033 2031/2031/2031 2035/2035/2035
f 2034/2034/2034 2032/2032/2032 2036/2036/2036
f 2035/2035/2035 2037/2037/2037 2033/2033/2033
f 2036/2036/2036 2038/2038/2038 2034/2034/2034
f 2037/2037/2037 2035/2035/2035 2039/2039/2039
f 2038/2038/2038 2036/2036/2036 2040/2040/2040
f 2039/2039/2039 2041/2041/2041 2037/2037/2037
f 2040/2040/2040 2042/2042/2042 2038/2038/2038
f 2041/2041/2041 2039/2039/2039 2043/2043/2043
f 2042/2042/2042 2040/2040/2040 2044/2044/2044
f 2043/2043/2043 2045/2045/2045 2041/2041/2041
f 2044/2044/2044 2046/2046/2046 2042/2042/2042
f 2045/2045/2045 2043/2043/2043 2047/2047/2047
f 2046/2046/2046 2044/2044/2044 2048/2048/2048
f 2047/2047/2047 2049/2049/2049 2045/2045/2045
f 2048/2048/2048 2050/2050/2050 2046/2046/2046
f 2049/2049/2049 2047/2047/2047 2051/2051/2051
f 2050/2050/2050 2048/2048/2048 2052/2052/2052
f 2051/2051/2051 2053/2053/2053 2049/2049/2049
f 2052/2052/2052 2054/2054/2054 2050/2050/2050
f 2053/2053/2053 2051/2051/2051 2055/2055/2055
f 2054/2054/2054 2052/2052/2052 2056/2056/2056
f 2055/2055/2055 2057/2057/2057 2053/2053/2053
f 2056/2056/2056 2058/2058/2058 2054/2054/2054
f 2057/2057/2057 2055/2055/2055 2059/2059/2059
f 2058/2058/2058 2056/2056/2056 2060/2060/2060
f 2059/2059/2059 2061/2061/2061 2057/2057/2057
f 2060/2060/2060 2062/2062/2062 2058/2058/2058
f 2061/2061/2061 2059/2059/2059 2063/2063/2063
f 2062/2062/2062 2060/2060/2060 2064/2064/2064
f 2063/2063/2063 2065/2065/2065 2061/2061/2061
f 2064/2064/2064 2066/2066/2066 2062/2062/2062
f 2065/2065/2065 2063/2063/2063 2067/2067/2067
f 2066/2066/2066 2064/2064/2064 2068/2068/2068
f 2067/2067/2067 2069/2069/2069 2065/2065/2065
f 2068/2068/2068 2070/2070/2070 2066/2066/2066
f 2069/2069/2069 2067/2067/2067 2071/2071/2071
f 2070/2070/2070 2068/2068/2068 2072/2072/2072
f 2071/2071/2071 2073/2073/2073 2069/2069/2069
f 2072/2072/2072 2074/2074/2074 2070/2070/2070
f 2073/2073/2073 2071/2071/2071 2075/2075/2075
f 2074/2074/2074 2072/2072/2072 2076/2076/2076
f 2075/2075/2075 2077/2077/2077 2073/2073/2073
f 2076/2076/2076 2078/2078/2078 2074/2074/2074
f 2077/2077/2077 2075/2075/2075 2079/2079/2079
f 2078/2078/2078 2076/2076/2076 2080/2080/2080
f 2079/2079/2079 2081/2081/2081 2077/2077/2077
f 2080/2080/2080 2082/2082/2082 2078/2078/2078
f 2081/2081/2081 2079/2079/2079 2083/2083/2083
f 2082/2082/2082 2080/2080/2080 2084/2084/2084
f 2083/2083/2083 2085/2085/2085 2081/2081/2081
f 2084/2084/2084 2086/2086/2086 2082/2082/2082
f 2087/2087/2087 2085/2085/2085 2083/2083/2083
f 2086/2086/2086 2084/2084/2084 2088/2088/2088
f 2083/2083/2083 2089/2089/2089 2087/2087/2087
f 2088/2088/2088 2090/2090/2090 2086/2086/2086
f 2087/2087/2087 2089/2089/2089 2091/2091/2091
f 2090/2090/2090 2088/2088/2088 2092/2092/2092
f 2091/2091/2091 2093/2093/2093 2087/2087/2087
f 2092/2092/2092 2094/2094/2094 2090/2090/2090
f 2093/2093/2093 2091/2091/2091 2094/2094/2094
f 2094/2094/2094 2092/2092/2092 2093/2093/2093
f 2097/2097/2097 2096/2096/2096 2095/2095/2095
f 2098/2098/2098 2096/2096/2096 2097/2097/2097
f 2095/2095/2095 2099/2099/2099 2097/2097/2097
f 2097/2097/2097 2100/2100/2100 2098/2098/2098
f 2101/2101/2101 2099/2099/2099 2095/2095/2095
f 2098/2098/2098 2100/2100/2100 2102/2102/2102
f 2095/2095/2095 2103/2103/2103 2101/2101/2101
f 2102/2102/2102 2104/2104/2104 2098/2098/2098
f 2101/2101/2101 2103/2103/2103 2105/2105/2105
f 2106/2106/2106 2104/2104/2104 2102/2102/2102
f 2105/2105/2105 2107/2107/2107 2101/2101/2101
f 2102/2102/2102 2108/2108/2108 2106/2106/2106
f 2107/2107/2107 2105/2105/2105 2109/2109/2109
f 2106/2106/2106 2108/2108/2108 2110/2110/2110
f 2109/2109/2109 2111/2111/2111 2107/2107/2107
f 2110/2110/2110 2112/2112/2112 2106/2106/2106
f 2113/2113/2113 2111/2111/2111 2109/2109/2109
f 2112/2112/2112 2110/2110/2110 2114/2114/2114
f 2109/2109/2109 2115/2115/2115 2113/2113/2113
f 2114/2114/2114 2116/2116/2116 2112/2112/2112
f 2117/2117/2117 2113/2113/2113 2115/2115/2115
f 2118/2118/2118 2116/2116/2116 2114/2114/2114
f 2115/2115/2115 2119/2119/2119 2117/2117/2117
f 2114/2114/2114 2120/2120/2120 2118/2118/2118
f 2117/2117/2117 2119/2119/2119 2121/2121/2121
f 2118/2118/2118 2120/2120/2120 2122/2122/2122
f 2121/2121/2121 2123/2123/2123 2117/2117/2117
f 2122/2122/2122 2124/2124/2124 2118/2118/2118
f 2125/2125/2125 2123/2123/2123 2121/2121/2121
f 2126/2126/2126 2124/2124/2124 2122/2122/2122
f 2121/2121/2121 2127/2127/2127 2125/2125/2125
f 2122/2122/2122 2128/2128/2128 2126/2126/2126
f 2129/2129/2129 2125/2125/2125 2127/2127/2127
f 2126/2126/2126 2128/2128/2128 2130/2130/2130
f 2127/2127/2127 2131/2131/2131 2129/2129/2129
f 2130/2130/2130 2132/2132/2132 2126/2126/2126
f 2133/2133/2133 2129/2129/2129 2131/2131/2131
f 2134/2134/2134 2132/2132/2132 2130/2130/2130
f 2131/2131/2131 2135/2135/2135 2133/2133/2133
f 2130/2130/2130 2136/2136/2136 2134/2134/2134
f 2137/2137/2137 2133/2133/2133 2135/2135/2135
f 2138/2138/2138 2134/2134/2134 2136/2136/2136
f 2135/2135/2135 2139/2139/2139 2137/2137/2137
f 2136/2136/2136 2140/2140/2140 2138/2138/2138
f 2141/2141/2141 2137/2137/2137 2139/2139/2139
f 2138/2138/2138 2140/2140/2140 2142/2142/2142
f 2139/2139/2139 2143/2143/2143 2141/2141/2141
f 2142/2142/2142 2144/2144/2144 2138/2138/2138
f 2141/2141/2141 2143/2143/2143 2145/2145/2145
f 2144/2144/2144 2142/2142/2142 2146/2146/2146
f 2145/2145/2145 2147/2147/2147 2141/2141/2141
f 2146/2146/2146 2148/2148/2148 2144/2144/2144
f 2149/2149/2149 2147/2147/2147 2145/2145/2145
f 2150/2150/2150 2148/2148/2148 2146/2146/2146
f 2145/2145/2145 2151/2151/2151 2149/2149/2149
f 2146/2146/2146 2152/2152/2152 2150/2150/2150
f 2153/2153/2153 2149/2149/2149 2151/2151/2151
f 2150/2150/2150 2152/2152/2152 2154/2154/2154
f 2151/2151/2151 2155/2155/2155 2153/2153/2153
f 2154/2154/2154 2156/2156/2156 2150/2150/2150
f 2153/2153/2153 2155/2155/2155 2157/2157/2157
f 2158/2158/2158 2156/2156/2156 2154/2154/2154
f 2157/2157/2157 2159/2159/2159 2153/2153/2153
f 2154/2154/2154 2160/2160/2160 2158/2158/2158
f 2159/2159/2159 2157/2157/2157 2161/2161/2161
f 2158/2158/2158 2160/2160/2160 2162/2162/2162
f 2161/2161/2161 2163/2163/2163 2159/2159/2159
f 2162/2162/2162 2164/2164/2164 2158/2158/2158
f 2165/2165/2165 2163/2163/2163 2161/2161/2161
f 2166/2166/2166 2164/2164/2164 2162/2162/2162
f 2161/2161/2161 2167/2167/2167 2165/2165/2165
f 2162/2162/2162 2168/2168/2168 2166/2166/2166
f 2165/2165/2165 2167/2167/2167 2169/2169/2169
f 2169/2169/2169 2166/2166/2166 2168/2168/2168
f 2169/2169/2169 2170/2170/2170 2165/2165/2165
f 2168/2168/2168 2170/2170/2170 2169/2169/2169
f 2173/2173/2173 2172/2172/2172 2171/2171/2171
f 2171/2171/2171 2174/2174/2174 2173/2173/2173
f 2177/2177/2177 2176/2176/2176 2175/2175/2175
f 2175/2175/2175 2178/2178/2178 2177/2177/2177
f 2181/2181/2181 2180/2180/2180 2179/2179/2179
f 2179/2179/2179 2182/2182/2182 2181/2181/2181
f 2185/2185/2185 2184/2184/2184 2183/2183/2183
f 2183/2183/2183 2186/2186/2186 2185/2185/2185
f 2189/2189/2189 2188/2188/2188 2187/2187/2187
f 2187/2187/2187 2190/2190/2190 2189/2189/2189
f 2193/2193/2193 2192/2192/2192 2191/2191/2191
f 2191/2191/2191 2194/2194/2194 2193/2193/2193
f 2197/2197/2197 2196/2196/2196 2195/2195/2195
f 2195/2195/2195 2198/2198/2198 2197/2197/2197
f 2201/2201/2201 2200/2200/2200 2199/2199/2199
f 2199/2199/2199 2202/2202/2202 2201/2201/2201
f 2205/2205/2205 2204/2204/2204 2203/2203/2203
f 2203/2203/2203 2206/2206/2206 2205/2205/2205
f 2209/2209/2209 2208/2208/2208 2207/2207/2207
f 2207/2207/2207 2210/2210/2210 2209/2209/2209
f 2213/2213/2213 2212/2212/2212 2211/2211/2211
f 2211/2211/2211 2214/2214/2214 2213/2213/2213
f 2217/2217/2217 2216/2216/2216 2215/2215/2215
f 2215/2215/2215 2218/2218/2218 2217/2217/2217
f 2221/2221/2221 2220/2220/2220 2219/2219/2219
f 2219/2219/2219 2222/2222/2222 2221/2221/2221
f 2225/2225/2225 2224/2224/2224 2223/2223/2223
f 2223/2223/2223 2226/2226/2226 2225/2225/2225
f 2229/2229/2229 2228/2228/2228 2227/2227/2227
f 2227/2227/2227 2230/2230/2230 2229/2229/2229
f 2233/2233/2233 2232/2232/2232 2231/2231/2231
f 2234/2234/2234 2233/2233/2233 2231/2231/2231
f 2235/2235/2235 2234/2234/2234 2231/2231/2231
f 2236/2236/2236 2235/2235/2235 2231/2231/2231
f 2236/2236/2236 2237/2237/2237 2235/2235/2235
f 2237/2237/2237 2238/2238/2238 2235/2235/2235
f 2235/2235/2235 2239/2239/2239 2234/2234/2234
f 2241/2241/2241 2240/2240/2240 2239/2239/2239
f 2242/2242/2242 2241/2241/2241 2239/2239/2239
f 2235/2235/2235 2242/2242/2242 2239/2239/2239
f 2240/2240/2240 2243/2243/2243 2239/2239/2239
f 2240/2240/2240 2244/2244/2244 2243/2243/2243
f 2244/2244/2244 2245/2245/2245 2243/2243/2243
f 2246/2246/2246 2242/2242/2242 2235/2235/2235
f 2245/2245/2245 2247/2247/2247 2243/2243/2243
f 2245/2245/2245 2248/2248/2248 2247/2247/2247
f 2248/2248/2248 2249/2249/2249 2247/2247/2247
f 2250/2250/2250 2246/2246/2246 2235/2235/2235
f 2249/2249/2249 2251/2251/2251 2247/2247/2247
f 2252/2252/2252 2250/2250/2250 2235/2235/2235
f 2249/2249/2249 2253/2253/2253 2251/2251/2251
f 2254/2254/2254 2252/2252/2252 2235/2235/2235
f 2253/2253/2253 2255/2255/2255 2251/2251/2251
f 2256/2256/2256 2254/2254/2254 2235/2235/2235
f 2255/2255/2255 2257/2257/2257 2251/2251/2251
f 2258/2258/2258 2256/2256/2256 2235/2235/2235
f 2257/2257/2257 2259/2259/2259 2251/2251/2251
f 2260/2260/2260 2258/2258/2258 2235/2235/2235
f 2261/2261/2261 2260/2260/2260 2235/2235/2235
f 2262/2262/2262 2261/2261/2261 2235/2235/2235
f 2259/2259/2259 2263/2263/2263 2251/2251/2251
f 2262/2262/2262 2235/2235/2235 2264/2264/2264
f 2263/2263/2263 2265/2265/2265 2251/2251/2251
f 2266/2266/2266 2262/2262/2262 2264/2264/2264
f 2265/2265/2265 2267/2267/2267 2251/2251/2251
f 2268/2268/2268 2266/2266/2266 2264/2264/2264
f 2267/2267/2267 2269/2269/2269 2251/2251/2251
f 2270/2270/2270 2268/2268/2268 2264/2264/2264
f 2269/2269/2269 2271/2271/2271 2251/2251/2251
f 2270/2270/2270 2264/2264/2264 2272/2272/2272
f 2271/2271/2271 2273/2273/2273 2251/2251/2251
f 2274/2274/2274 2270/2270/2270 2272/2272/2272
f 2273/2273/2273 2275/2275/2275 2251/2251/2251
f 2276/2276/2276 2274/2274/2274 2272/2272/2272
f 2275/2275/2275 2277/2277/2277 2251/2251/2251
f 2276/2276/2276 2272/2272/2272 2278/2278/2278
f 2277/2277/2277 2279/2279/2279 2251/2251/2251
f 2280/2280/2280 2276/2276/2276 2278/2278/2278
f 2277/2277/2277 2281/2281/2281 2279/2279/2279
f 2282/2282/2282 2280/2280/2280 2278/2278/2278
f 2281/2281/2281 2283/2283/2283 2279/2279/2279
f 2284/2284/2284 2282/2282/2282 2278/2278/2278
f 2283/2283/2283 2284/2284/2284 2279/2279/2279
f 2284/2284/2284 2278/2278/2278 2279/2279/2279
f 2287/2287/2287 2286/2286/2286 2285/2285/2285
f 2288/2288/2288 2287/2287/2287 2285/2285/2285
f 2288/2288/2288 2285/2285/2285 2289/2289/2289
f 2289/2289/2289 2291/2291/2291 2290/2290/2290
f 2289/2289/2289 2290/2290/2290 2292/2292/2292
f 2288/2288/2288 2289/2289/2289 2292/2292/2292
f 2288/2288/2288 2292/2292/2292 2293/2293/2293
f 2288/2288/2288 2294/2294/2294 2287/2287/2287
f 2295/2295/2295 2288/2288/2288 2293/2293/2293
f 2296/2296/2296 2295/2295/2295 2293/2293/2293
f 2294/2294/2294 2297/2297/2297 2287/2287/2287
f 2296/2296/2296 2293/2293/2293 2298/2298/2298
f 2299/2299/2299 2296/2296/2296 2298/2298/2298
f 2300/2300/2300 2299/2299/2299 2298/2298/2298
f 2300/2300/2300 2298/2298/2298 2301/2301/2301
f 2302/2302/2302 2300/2300/2300 2301/2301/2301
f 2303/2303/2303 2302/2302/2302 2301/2301/2301
f 2294/2294/2294 2304/2304/2304 2297/2297/2297
f 2303/2303/2303 2301/2301/2301 2305/2305/2305
f 2304/2304/2304 2306/2306/2306 2297/2297/2297
f 2307/2307/2307 2303/2303/2303 2305/2305/2305
f 2306/2306/2306 2308/2308/2308 2297/2297/2297
f 2309/2309/2309 2307/2307/2307 2305/2305/2305
f 2308/2308/2308 2310/2310/2310 2297/2297/2297
f 2311/2311/2311 2309/2309/2309 2305/2305/2305
f 2310/2310/2310 2312/2312/2312 2297/2297/2297
f 2313/2313/2313 2311/2311/2311 2305/2305/2305
f 2312/2312/2312 2314/2314/2314 2297/2297/2297
f 2315/2315/2315 2313/2313/2313 2305/2305/2305
f 2314/2314/2314 2316/2316/2316 2297/2297/2297
f 2316/2316/2316 2317/2317/2317 2297/2297/2297
f 2317/2317/2317 2318/2318/2318 2297/2297/2297
f 2319/2319/2319 2315/2315/2315 2305/2305/2305
f 2318/2318/2318 2320/2320/2320 2297/2297/2297
f 2321/2321/2321 2319/2319/2319 2305/2305/2305
f 2318/2318/2318 2322/2322/2322 2320/2320/2320
f 2323/2323/2323 2321/2321/2321 2305/2305/2305
f 2322/2322/2322 2324/2324/2324 2320/2320/2320
f 2325/2325/2325 2323/2323/2323 2305/2305/2305
f 2324/2324/2324 2326/2326/2326 2320/2320/2320
f 2327/2327/2327 2325/2325/2325 2305/2305/2305
f 2324/2324/2324 2328/2328/2328 2326/2326/2326
f 2329/2329/2329 2327/2327/2327 2305/2305/2305
f 2328/2328/2328 2330/2330/2330 2326/2326/2326
f 2331/2331/2331 2329/2329/2329 2305/2305/2305
f 2330/2330/2330 2332/2332/2332 2326/2326/2326
f 2333/2333/2333 2331/2331/2331 2305/2305/2305
f 2330/2330/2330 2334/2334/2334 2332/2332/2332
f 2333/2333/2333 2305/2305/2305 2335/2335/2335
f 2334/2334/2334 2336/2336/2336 2332/2332/2332
f 2337/2337/2337 2333/2333/2333 2335/2335/2335
f 2336/2336/2336 2338/2338/2338 2332/2332/2332
f 2338/2338/2338 2337/2337/2337 2335/2335/2335
f 2338/2338/2338 2335/2335/2335 2332/2332/2332
